日期,股票名称,代码,开盘,最高,最低,收盘,前收盘,成交量,成交额,换手率,涨跌幅
2026-05-14,中信证券,600030,27.2,27.23,27.0,27.02,27.15,227360,616254430.0,0.19,-0.48
2026-05-13,中信证券,600030,27.15,27.46,26.96,27.15,27.22,1222137,3311273599.0,1.0,-0.26
2026-05-12,中信证券,600030,27.35,27.44,27.13,27.22,27.33,1281736,3496454846.0,1.05,-0.4
2026-05-11,中信证券,600030,26.83,27.48,26.75,27.33,26.95,1961411,5325456058.0,1.61,1.41
2026-05-08,中信证券,600030,27.1,27.2,26.83,26.95,27.23,1300625,3507949844.0,1.07,-1.03
2026-05-07,中信证券,600030,27.63,27.69,27.07,27.23,27.49,1593632,4335427172.0,1.31,-0.95
2026-05-06,中信证券,600030,27.29,27.84,27.29,27.49,27.22,1787384,4921934073.0,1.47,0.99
2026-04-30,中信证券,600030,27.23,27.78,27.07,27.22,27.32,1730018,4730728021.0,1.42,-0.37
2026-04-29,中信证券,600030,27.15,27.38,27.02,27.32,27.3,1485660,4043461098.0,1.22,0.07
2026-04-28,中信证券,600030,26.85,27.65,26.85,27.3,26.77,2607905,7136087373.0,2.14,1.98
2026-04-27,中信证券,600030,26.4,27.07,26.4,26.77,26.23,1545964,4142580850.0,1.27,2.06
2026-04-24,中信证券,600030,26.37,26.38,26.05,26.23,26.48,1042356,2725660518.0,0.86,-0.94
2026-04-23,中信证券,600030,26.58,26.77,26.35,26.48,26.71,1205818,3199251615.0,0.99,-0.86
2026-04-22,中信证券,600030,26.16,27.01,26.15,26.71,26.3,1913517,5104261296.0,1.57,1.56
2026-04-21,中信证券,600030,26.25,26.41,26.15,26.3,26.3,813881,2136782191.0,0.67,0.0
2026-04-20,中信证券,600030,26.23,26.41,26.15,26.3,26.26,966521,2539846660.0,0.79,0.15
2026-04-17,中信证券,600030,26.2,26.34,26.08,26.26,26.31,1060355,2777157579.0,0.87,-0.19
2026-04-16,中信证券,600030,26.12,26.48,26.04,26.31,26.01,1430036,3758618753.0,1.17,1.15
2026-04-15,中信证券,600030,26.33,26.39,25.97,26.01,26.19,1107538,2892097782.0,0.91,-0.69
2026-04-14,中信证券,600030,26.3,26.37,25.88,26.19,26.09,1453464,3792758895.0,1.19,0.38
2026-04-13,中信证券,600030,25.62,26.28,25.49,26.09,25.9,2151639,5591240528.0,1.77,0.73
2026-04-10,中信证券,600030,25.01,26.5,25.01,25.9,24.15,4259329,11036902941.0,3.5,7.25
2026-04-09,中信证券,600030,24.48,24.48,24.1,24.15,24.7,987408,2393489061.0,0.81,-2.23
2026-04-08,中信证券,600030,24.45,24.77,24.33,24.7,23.92,1527460,3749420200.0,1.25,3.26
2026-04-07,中信证券,600030,23.99,24.08,23.77,23.92,23.98,714436,1708575461.0,0.59,-0.25
2026-04-03,中信证券,600030,24.22,24.26,23.95,23.98,24.13,710234,1710796826.0,0.58,-0.62
2026-04-02,中信证券,600030,24.47,24.47,24.08,24.13,24.51,788736,1911165159.0,0.65,-1.55
2026-04-01,中信证券,600030,24.43,24.6,24.25,24.51,24.04,1171459,2865740077.0,0.96,1.96
2026-03-31,中信证券,600030,24.1,24.44,24.03,24.04,24.1,1022486,2478632393.0,0.84,-0.25
2026-03-30,中信证券,600030,23.99,24.17,23.88,24.1,24.26,909493,2185349332.0,0.75,-0.66
2026-03-27,中信证券,600030,24.05,24.37,24.01,24.26,24.13,947720,2297623177.0,0.78,0.54
2026-03-26,中信证券,600030,24.58,24.62,24.05,24.13,24.66,1138389,2763937440.0,0.93,-2.15
2026-03-25,中信证券,600030,24.4,24.85,24.36,24.66,24.36,1134772,2792003965.0,0.93,1.23
2026-03-24,中信证券,600030,24.5,24.61,24.08,24.36,24.29,1279101,3112452255.0,1.05,0.29
2026-03-23,中信证券,600030,25.0,25.0,24.09,24.29,25.3,1992656,4887377310.0,1.64,-3.99
2026-03-20,中信证券,600030,25.62,25.71,25.3,25.3,25.61,1008963,2571973337.0,0.83,-1.21
2026-03-19,中信证券,600030,25.75,25.84,25.5,25.61,25.97,1071594,2749163310.0,0.88,-1.39
2026-03-18,中信证券,600030,25.9,26.02,25.75,25.97,25.91,859659,2224720654.0,0.71,0.23
2026-03-17,中信证券,600030,25.5,26.55,25.5,25.91,25.5,2211718,5770156338.0,1.82,1.61
2026-03-16,中信证券,600030,25.66,25.69,25.36,25.5,25.75,1156698,2943468144.0,0.95,-0.97
2026-03-13,中信证券,600030,25.73,25.95,25.66,25.75,25.93,806477,2080610907.0,0.66,-0.69
2026-03-12,中信证券,600030,26.0,26.08,25.8,25.93,26.1,918618,2381053286.0,0.75,-0.65
2026-03-11,中信证券,600030,26.14,26.2,25.94,26.1,26.13,884026,2304795581.0,0.73,-0.11
2026-03-10,中信证券,600030,26.1,26.27,26.0,26.13,25.88,908378,2371463279.0,0.75,0.97
2026-03-09,中信证券,600030,26.01,26.01,25.63,25.88,26.43,1269465,3279905456.0,1.04,-2.08
2026-03-06,中信证券,600030,26.18,26.58,26.11,26.43,26.21,776733,2046673145.0,0.64,0.84
2026-03-05,中信证券,600030,26.33,26.44,26.1,26.21,26.14,818991,2150433698.0,0.67,0.27
2026-03-04,中信证券,600030,26.6,26.65,26.05,26.14,26.8,1500801,3949873435.0,1.23,-2.46
2026-03-03,中信证券,600030,27.06,27.38,26.75,26.8,27.07,1607211,4345572179.0,1.32,-1.0
2026-03-02,中信证券,600030,27.11,27.2,26.86,27.07,27.37,1309694,3544085955.0,1.08,-1.1
2026-02-27,中信证券,600030,27.36,27.49,27.18,27.37,27.38,877588,2400314701.0,0.72,-0.04
2026-02-26,中信证券,600030,27.75,27.78,27.33,27.38,27.74,1326289,3647542589.0,1.09,-1.3
2026-02-25,中信证券,600030,27.64,27.89,27.61,27.74,27.63,1016230,2823641661.0,0.83,0.4
2026-02-24,中信证券,600030,27.76,27.8,27.61,27.63,27.62,847928,2346720145.0,0.7,0.04
2026-02-13,中信证券,600030,27.87,28.0,27.62,27.62,27.87,1090465,3032551539.0,0.9,-0.9
2026-02-12,中信证券,600030,28.03,28.03,27.77,27.87,28.04,957854,2671181327.0,0.79,-0.61
2026-02-11,中信证券,600030,28.11,28.15,27.95,28.04,28.09,836660,2346138810.0,0.69,-0.18
2026-02-10,中信证券,600030,28.06,28.18,27.98,28.09,28.06,756298,2124582776.0,0.62,0.11
2026-02-09,中信证券,600030,28.01,28.1,27.88,28.06,27.87,970534,2718596599.0,0.8,0.68
2026-02-06,中信证券,600030,27.91,28.07,27.81,27.87,28.0,1074027,3027616780.0,0.88,-0.46
2026-02-05,中信证券,600030,28.0,28.2,27.84,28.0,28.09,1156842,3276268367.0,0.95,-0.32
2026-02-04,中信证券,600030,27.56,28.1,27.55,28.09,27.68,1572193,4440800888.0,1.29,1.48
2026-02-03,中信证券,600030,27.78,27.81,27.42,27.68,27.57,1322917,3686657439.0,1.09,0.4
2026-02-02,中信证券,600030,27.8,28.31,27.54,27.57,27.79,1818336,5128515409.0,1.49,-0.79
2026-01-30,中信证券,600030,28.21,28.23,27.79,27.79,28.27,1907095,5390994670.0,1.57,-1.7
2026-01-29,中信证券,600030,27.61,28.29,27.41,28.27,27.65,2977812,8387338386.0,2.45,2.24
2026-01-28,中信证券,600030,27.6,27.89,27.48,27.65,27.57,1718794,4805814919.0,1.41,0.29
2026-01-27,中信证券,600030,27.8,27.85,27.51,27.57,27.78,1415238,3957139689.0,1.16,-0.76
2026-01-26,中信证券,600030,27.48,28.15,27.42,27.78,27.48,2637512,7423210356.0,2.17,1.09
2026-01-23,中信证券,600030,27.71,27.77,27.41,27.48,27.63,1881061,5240083934.0,1.54,-0.54
2026-01-22,中信证券,600030,27.61,27.93,27.53,27.63,27.65,1725925,4825498273.0,1.42,-0.07
2026-01-21,中信证券,600030,27.74,27.82,27.5,27.65,27.76,1410501,3943890400.0,1.16,-0.4
2026-01-20,中信证券,600030,27.64,27.86,27.62,27.76,27.62,1385133,3884362839.0,1.14,0.51
2026-01-19,中信证券,600030,27.45,27.68,27.41,27.62,27.79,1594338,4437182144.0,1.31,-0.61
2026-01-16,中信证券,600030,28.21,28.28,27.7,27.79,27.99,2095813,5914162078.0,1.72,-0.71
2026-01-15,中信证券,600030,28.09,28.51,27.94,27.99,27.94,2078141,5904891817.0,1.71,0.18
2026-01-14,中信证券,600030,28.2,28.84,27.86,27.94,28.26,3218823,9209655922.0,2.64,-1.13
2026-01-13,中信证券,600030,28.56,28.86,28.19,28.26,28.49,2159691,6226326714.0,1.77,-0.81
2026-01-12,中信证券,600030,28.28,28.56,28.12,28.49,28.28,2173083,6227140485.0,1.78,0.74
2026-01-09,中信证券,600030,28.25,28.38,28.06,28.28,28.25,2326772,6628564036.0,1.91,0.11
2026-01-08,中信证券,600030,29.0,29.0,28.16,28.25,29.21,3150272,9039903881.0,2.59,-3.29
2026-01-07,中信证券,600030,29.92,29.92,29.11,29.21,29.9,2295021,6829635012.0,1.88,-2.31
2026-01-06,中信证券,600030,29.07,29.96,29.04,29.9,29.04,3349358,10055094452.0,2.75,2.96
2026-01-05,中信证券,600030,28.54,29.07,28.51,29.04,28.42,1851770,5402908222.0,1.52,2.18
2025-12-31,中信证券,600030,28.51,28.78,28.39,28.42,28.54,856348,2470416840.0,0.7,-0.42
2025-12-30,中信证券,600030,28.57,28.73,28.46,28.54,28.65,854348,2463949229.0,0.7,-0.38
2025-12-29,中信证券,600030,28.74,28.85,28.57,28.65,28.81,906711,2628004106.0,0.74,-0.56
2025-12-26,中信证券,600030,28.67,29.11,28.61,28.81,28.67,1413526,4122805470.0,1.16,0.49
2025-12-25,中信证券,600030,28.46,28.73,28.41,28.67,28.45,1044948,3020073434.0,0.86,0.77
2025-12-24,中信证券,600030,28.32,28.54,28.26,28.45,28.34,789519,2266348143.0,0.65,0.39
2025-12-23,中信证券,600030,28.39,28.59,28.3,28.34,28.36,940647,2702038440.0,0.77,-0.07
2025-12-22,中信证券,600030,28.33,28.5,28.31,28.36,28.39,753313,2160286841.0,0.62,-0.11
2025-12-19,中信证券,600030,28.29,28.65,28.18,28.39,28.24,983482,2821714142.0,0.81,0.53
2025-12-18,中信证券,600030,28.61,28.61,28.18,28.24,28.68,1135938,3248014078.0,0.93,-1.53
2025-12-17,中信证券,600030,28.19,28.86,28.11,28.68,28.19,1617038,4662507508.0,1.33,1.74
2025-12-16,中信证券,600030,28.15,28.5,27.99,28.19,28.26,1001616,2851192434.0,0.82,-0.25
2025-12-15,中信证券,600030,27.97,28.65,27.89,28.26,28.12,1193241,3418024767.0,0.98,0.5
2025-12-12,中信证券,600030,27.97,28.27,27.79,28.12,28.0,1067570,3023765536.0,0.88,0.43
2025-12-11,中信证券,600030,28.26,28.29,27.86,28.0,28.23,742250,2103229398.0,0.61,-0.81
2025-12-10,中信证券,600030,28.13,28.28,27.87,28.23,28.24,992897,2815735192.0,0.82,-0.04
2025-12-09,中信证券,600030,28.23,28.54,28.09,28.24,28.41,1301285,3717964325.0,1.07,-0.6
2025-12-08,中信证券,600030,28.09,28.77,28.09,28.41,27.57,3146217,9057705852.0,2.58,3.05
2025-12-05,中信证券,600030,26.91,27.8,26.87,27.57,26.91,1637905,4536315644.0,1.35,2.45
2025-12-04,中信证券,600030,26.85,27.09,26.73,26.91,26.86,692376,1882466793.0,0.57,0.19
2025-12-03,中信证券,600030,27.16,27.28,26.74,26.86,27.08,781105,2129256756.0,0.64,-0.81
2025-12-02,中信证券,600030,27.37,27.4,27.06,27.08,27.38,652922,1793505908.0,0.54,-1.1
2025-12-01,中信证券,600030,27.21,27.44,27.19,27.38,27.3,707987,1956001679.0,0.58,0.29
2025-11-28,中信证券,600030,27.32,27.35,27.12,27.3,27.29,746598,2055903546.0,0.61,0.04
2025-11-27,中信证券,600030,27.24,27.52,27.23,27.29,27.31,648647,1794367924.0,0.53,-0.07
2025-11-26,中信证券,600030,27.23,27.43,27.15,27.31,27.18,681695,1881110589.0,0.56,0.48
2025-11-25,中信证券,600030,27.18,27.36,27.11,27.18,27.1,802259,2207852490.0,0.66,0.3
2025-11-24,中信证券,600030,27.11,27.21,26.97,27.1,27.01,891389,2441061829.0,0.73,0.33
2025-11-21,中信证券,600030,27.72,27.96,27.01,27.01,28.01,1695039,4693752816.0,1.39,-3.57
2025-11-20,中信证券,600030,28.56,28.65,27.99,28.01,28.01,1528643,4380360233.0,1.26,0.0
2025-11-19,中信证券,600030,27.93,28.13,27.91,28.01,27.93,844813,2392792474.0,0.69,0.29
2025-11-18,中信证券,600030,27.98,28.14,27.88,27.93,28.0,915154,2589358392.0,0.75,-0.25
2025-11-17,中信证券,600030,28.32,28.32,27.97,28.0,28.35,1077709,3058387828.0,0.89,-1.23
2025-11-14,中信证券,600030,28.66,28.67,28.33,28.35,28.79,1201707,3463551862.0,0.99,-1.53
2025-11-13,中信证券,600030,28.59,28.83,28.57,28.79,28.61,1178749,3418473434.0,0.97,0.63
2025-11-12,中信证券,600030,28.78,28.82,28.52,28.61,28.77,1086308,3144600711.0,0.89,-0.56
2025-11-11,中信证券,600030,29.05,29.11,28.71,28.77,29.01,1042995,3038989818.0,0.86,-0.83
2025-11-10,中信证券,600030,28.71,29.17,28.67,29.01,28.71,1621940,4737134777.0,1.33,1.04
2025-11-07,中信证券,600030,28.8,28.83,28.66,28.71,28.9,960721,2787864865.0,0.79,-0.66
2025-11-06,中信证券,600030,28.83,29.14,28.81,28.9,28.77,1625618,4753244677.0,1.34,0.45
2025-11-05,中信证券,600030,28.64,28.88,28.63,28.77,28.79,940559,2735028199.0,0.77,-0.07
2025-11-04,中信证券,600030,28.89,28.96,28.67,28.79,28.93,1197589,3482779128.0,0.98,-0.48
2025-11-03,中信证券,600030,29.06,29.09,28.64,28.93,29.09,1393517,4059197676.0,1.14,-0.55
2025-10-31,中信证券,600030,29.43,29.58,29.08,29.09,29.39,1671532,4938189521.0,1.37,-1.02
2025-10-30,中信证券,600030,29.9,29.94,29.33,29.39,30.01,2452208,7339678554.0,2.01,-2.07
2025-10-29,中信证券,600030,29.66,30.17,29.56,30.01,29.71,3136702,9477951609.0,2.58,1.01
2025-10-28,中信证券,600030,29.69,30.05,29.51,29.71,29.7,2263316,6798411079.0,1.86,0.03
2025-10-27,中信证券,600030,29.96,30.34,29.54,29.7,29.58,4612142,13902244215.0,3.79,0.41
2025-10-24,中信证券,600030,29.26,29.77,29.21,29.58,29.23,2990943,8892004443.0,2.46,1.2
2025-10-23,中信证券,600030,28.91,29.29,28.56,29.23,28.9,1403605,4096658104.0,1.15,1.14
2025-10-22,中信证券,600030,28.93,28.94,28.73,28.9,29.07,1226948,3574148771.0,1.01,-0.58
2025-10-21,中信证券,600030,29.02,29.82,28.92,29.07,28.94,3068678,9070647644.0,2.52,0.45
2025-10-20,中信证券,600030,29.11,29.25,28.83,28.94,28.8,1227307,3594768008.0,1.01,0.49
2025-10-17,中信证券,600030,29.37,29.64,28.76,28.8,29.36,1739899,5124858639.0,1.43,-1.91
2025-10-16,中信证券,600030,29.31,29.69,29.21,29.36,29.4,1597315,4745901327.0,1.31,-0.14
2025-10-15,中信证券,600030,28.85,29.44,28.77,29.4,28.74,1964852,5779800802.0,1.61,2.3
2025-10-14,中信证券,600030,28.91,29.42,28.64,28.74,28.91,1955125,5727412730.0,1.61,-0.59
2025-10-13,中信证券,600030,28.61,29.2,28.52,28.91,29.39,2110493,6135452947.0,1.73,-1.63
2025-10-10,中信证券,600030,29.35,29.98,29.25,29.39,29.36,2675856,7995783962.0,2.2,0.1
2025-10-09,中信证券,600030,29.31,29.96,29.06,29.36,29.61,3807985,11325172371.0,3.13,-0.84
2025-09-30,中信证券,600030,29.99,30.31,29.45,29.61,30.12,2950388,8855514217.0,2.42,-1.69
2025-09-29,中信证券,600030,28.43,31.2,28.33,30.12,28.43,5937714,17972866572.0,4.88,5.94
2025-09-26,中信证券,600030,28.38,28.7,28.22,28.43,28.42,1266431,3641096137.0,1.04,0.04
2025-09-25,中信证券,600030,28.34,28.55,28.26,28.42,28.4,1328063,3815540272.0,1.09,0.07
2025-09-24,中信证券,600030,28.06,28.58,28.05,28.4,28.21,1558198,4449992755.0,1.28,0.67
2025-09-23,中信证券,600030,28.34,28.52,27.96,28.21,28.49,1497357,4261899074.0,1.23,-0.98
2025-09-22,中信证券,600030,28.16,28.59,28.07,28.49,28.02,1559234,4470772780.0,1.28,1.68
2025-09-19,中信证券,600030,27.96,28.31,27.85,28.02,28.06,1662300,4717340586.0,1.37,-0.14
2025-09-18,中信证券,600030,28.72,28.9,27.86,28.06,28.7,3729979,10712761661.0,3.06,-2.23
2025-09-17,中信证券,600030,29.0,29.22,28.67,28.7,28.99,3024153,8823722234.0,2.48,-1.0
2025-09-16,中信证券,600030,29.31,29.57,28.92,28.99,29.3,2083444,6137333282.0,1.71,-1.06
2025-09-15,中信证券,600030,29.57,29.86,29.13,29.3,29.49,1724541,5134931803.0,1.42,-0.64
2025-09-12,中信证券,600030,30.07,30.14,29.41,29.49,30.04,1479843,4443482473.0,1.22,-1.83
2025-09-11,中信证券,600030,29.1,30.04,29.01,30.04,29.19,1863991,5582043266.0,1.53,2.91
2025-09-10,中信证券,600030,29.28,29.4,29.05,29.19,29.23,884048,2609280738.0,0.73,-0.14
2025-09-09,中信证券,600030,29.16,29.45,29.09,29.23,29.16,1179284,3481157225.0,0.97,0.24
2025-09-08,中信证券,600030,29.51,29.51,29.06,29.16,29.54,1551198,4576095541.0,1.27,-1.29
2025-09-05,中信证券,600030,29.28,29.56,29.04,29.54,29.27,1333731,3946998043.0,1.1,0.92
2025-09-04,中信证券,600030,29.47,29.62,28.91,29.27,29.5,1815807,5367895398.0,1.49,-0.78
2025-09-03,中信证券,600030,30.68,30.78,29.23,29.5,30.49,1884761,5681134739.0,1.55,-3.25
2025-09-02,中信证券,600030,30.91,31.04,30.37,30.49,30.88,1700846,5255366923.0,1.4,-1.26
2025-09-01,中信证券,600030,31.2,31.26,30.61,30.88,31.19,1708743,5328087689.0,1.4,-0.99
2025-08-29,中信证券,600030,31.41,31.79,31.06,31.19,31.21,2486871,7870324453.0,2.04,-0.06
2025-08-28,中信证券,600030,30.61,31.21,30.4,31.21,30.6,1639484,5092858422.0,1.35,1.99
2025-08-27,中信证券,600030,31.38,31.79,30.58,30.6,31.39,2094917,6604013663.0,1.72,-2.52
2025-08-26,中信证券,600030,31.65,31.8,31.34,31.39,31.85,1399983,4459689621.0,1.15,-1.44
2025-08-25,中信证券,600030,32.21,32.24,31.34,31.85,31.63,2514492,8054612646.0,2.07,0.7
2025-08-22,中信证券,600030,30.3,31.65,30.29,31.63,30.31,2704920,8561038378.0,2.22,4.35
2025-08-21,中信证券,600030,30.78,30.85,30.15,30.31,30.58,1379013,4284970507.0,1.13,-0.88
2025-08-20,中信证券,600030,30.33,30.59,29.78,30.58,30.45,1858230,5718792645.0,1.53,0.43
2025-08-19,中信证券,600030,30.93,31.26,30.37,30.45,31.13,1968583,6158371746.0,1.62,-2.18
2025-08-18,中信证券,600030,30.62,31.73,30.33,31.13,30.53,3566482,11284010952.0,2.93,1.97
2025-08-15,中信证券,600030,29.08,30.94,28.94,30.53,29.08,4008066,12313562406.0,3.29,4.99
2025-08-14,中信证券,600030,29.14,29.63,29.0,29.08,29.05,1861877,5562185689.0,1.53,0.1
2025-08-13,中信证券,600030,29.08,29.49,28.75,29.05,28.91,2000479,5945238503.0,1.64,0.48
2025-08-12,中信证券,600030,28.87,29.0,28.74,28.91,28.81,820513,2415805698.0,0.67,0.35
2025-08-11,中信证券,600030,28.32,29.08,28.32,28.81,28.31,1267735,3724263635.0,1.04,1.77
2025-08-08,中信证券,600030,28.53,28.54,28.25,28.31,28.54,654561,1894690752.0,0.54,-0.81
2025-08-07,中信证券,600030,28.64,28.88,28.37,28.54,28.59,880056,2566335297.0,0.72,-0.17
2025-08-06,中信证券,600030,28.53,28.69,28.39,28.59,28.61,739240,2153758084.0,0.61,-0.07
2025-08-05,中信证券,600030,28.39,28.71,28.31,28.61,28.34,913589,2654420805.0,0.75,0.95
2025-08-04,中信证券,600030,28.08,28.42,28.03,28.34,28.18,713718,2055044707.0,0.59,0.57
2025-08-01,中信证券,600030,28.43,28.63,28.13,28.18,28.45,963891,2786733536.0,0.79,-0.95
2025-07-31,中信证券,600030,29.02,29.33,28.28,28.45,29.21,1413395,4146844446.0,1.16,-2.6
2025-07-30,中信证券,600030,29.33,29.76,28.88,29.21,29.38,1268809,3797224729.0,1.04,-0.58
2025-07-29,中信证券,600030,29.23,29.42,28.88,29.38,29.39,1229931,3656078962.0,1.01,-0.03
2025-07-28,中信证券,600030,29.16,29.86,29.07,29.39,29.13,1257925,3779720808.0,1.03,0.89
2025-07-25,中信证券,600030,29.52,29.65,29.04,29.13,29.47,1213935,3625225120.0,1.0,-1.15
2025-07-24,中信证券,600030,28.99,29.71,28.91,29.47,29.21,2097841,6293474532.0,1.72,0.89
2025-07-23,中信证券,600030,28.44,29.49,28.43,29.21,28.36,2887813,8542345798.0,2.37,3.0
2025-07-22,中信证券,600030,28.33,28.51,27.97,28.36,28.33,1121874,3231521991.0,0.92,0.11
2025-07-21,中信证券,600030,27.88,28.44,27.77,28.33,27.77,1329005,3827828697.0,1.09,2.02
2025-07-18,中信证券,600030,27.73,27.89,27.59,27.77,27.68,666698,1886801282.0,0.55,0.33
2025-07-17,中信证券,600030,27.5,27.81,27.44,27.68,27.51,639997,1801602017.0,0.53,0.62
2025-07-16,中信证券,600030,27.67,27.76,27.33,27.51,27.67,761524,2140328874.0,0.63,-0.58
2025-07-15,中信证券,600030,27.88,28.05,27.51,27.67,27.84,943268,2669330265.0,0.77,-0.61
2025-07-14,中信证券,600030,28.2,28.25,27.81,27.84,28.09,1009297,2880998854.0,0.83,-0.89
2025-07-11,中信证券,600030,27.76,28.72,27.59,28.09,27.66,2465015,7099768618.0,2.02,1.55
2025-07-10,中信证券,600030,27.21,27.85,27.15,27.66,27.24,1421972,4006903003.0,1.17,1.54
2025-07-09,中信证券,600030,27.45,27.69,27.19,27.24,27.45,807702,2261446228.0,0.66,-0.77
2025-07-08,中信证券,600030,27.15,27.51,27.14,27.45,27.22,845803,2365303710.0,0.69,0.84
2025-07-07,中信证券,600030,26.96,27.34,26.92,27.22,27.09,572224,1588782683.0,0.47,0.48
2025-07-04,中信证券,600030,27.03,27.48,26.78,27.09,27.1,1021394,2830151537.0,0.84,-0.04
2025-07-03,中信证券,600030,26.82,27.18,26.79,27.1,26.71,725989,2000459020.0,0.6,1.46
2025-07-02,中信证券,600030,26.83,26.95,26.66,26.71,26.82,575251,1573744149.0,0.47,-0.41
2025-07-01,中信证券,600030,27.06,27.21,26.74,26.82,27.05,707623,1940654049.0,0.58,-0.85
2025-06-30,中信证券,600030,27.04,27.28,26.78,27.05,27.01,968626,2670400296.0,0.8,0.15
2025-06-27,中信证券,600030,27.08,27.89,26.93,27.01,27.0,1776585,4968291923.0,1.46,0.04
2025-06-26,中信证券,600030,27.41,27.49,26.98,27.0,27.46,1669402,4633306781.0,1.37,-1.68
2025-06-25,中信证券,600030,26.37,27.63,26.28,27.46,26.34,2856361,7881370307.0,2.35,4.25
2025-06-24,中信证券,600030,25.71,26.5,25.69,26.34,25.66,1364250,3659696310.0,1.12,2.65
2025-06-23,中信证券,600030,25.21,25.73,25.18,25.66,25.31,552358,1439115622.0,0.45,1.38
2025-06-20,中信证券,600030,25.34,25.48,25.31,25.31,25.34,419924,1089208101.0,0.34,-0.12
2025-06-19,中信证券,600030,25.78,25.85,25.29,25.34,25.81,652147,1698490899.0,0.54,-1.82
2025-06-18,中信证券,600030,26.13,26.14,25.68,25.81,26.13,523048,1381128495.0,0.43,-1.22
2025-06-17,中信证券,600030,26.1,26.15,25.95,26.13,26.11,514968,1371101918.0,0.42,0.08
2025-06-16,中信证券,600030,25.63,26.18,25.6,26.11,25.73,780961,2072284895.0,0.64,1.48
2025-06-13,中信证券,600030,25.78,25.87,25.61,25.73,25.87,737265,1937850752.0,0.61,-0.54
2025-06-12,中信证券,600030,25.6,26.11,25.49,25.87,25.81,748015,1978379473.0,0.61,0.23
2025-06-11,中信证券,600030,25.48,26.13,25.43,25.81,25.38,1032666,2730197606.0,0.85,1.69
2025-06-10,中信证券,600030,25.86,25.92,25.25,25.38,25.86,735344,1920532860.0,0.6,-1.86
2025-06-09,中信证券,600030,25.51,25.96,25.51,25.86,25.41,908770,2399507281.0,0.75,1.77
2025-06-06,中信证券,600030,25.61,25.71,25.38,25.41,25.61,504054,1313321249.0,0.41,-0.78
2025-06-05,中信证券,600030,25.35,25.66,25.29,25.61,25.32,852046,2221904942.0,0.7,1.15
2025-06-04,中信证券,600030,25.01,25.48,24.99,25.32,25.02,639143,1653640823.0,0.52,1.2
2025-06-03,中信证券,600030,24.83,25.21,24.79,25.02,24.95,549946,1407063923.0,0.45,0.28
2025-05-30,中信证券,600030,25.01,25.08,24.8,24.95,25.13,549771,1402145833.0,0.45,-0.72
2025-05-29,中信证券,600030,24.84,25.22,24.84,25.13,24.85,542716,1392291072.0,0.45,1.13
2025-05-28,中信证券,600030,24.97,25.01,24.79,24.85,24.94,354733,902758248.0,0.29,-0.36
2025-05-27,中信证券,600030,25.02,25.06,24.85,24.94,25.05,435105,1110726854.0,0.36,-0.44
2025-05-26,中信证券,600030,25.08,25.2,24.96,25.05,25.1,450699,1154448356.0,0.37,-0.2
2025-05-23,中信证券,600030,25.36,25.58,25.09,25.1,25.42,664482,1720713753.0,0.55,-1.26
2025-05-22,中信证券,600030,25.43,25.5,25.29,25.42,25.47,443995,1153132884.0,0.36,-0.2
2025-05-21,中信证券,600030,25.52,25.63,25.46,25.47,25.52,536492,1400914012.0,0.44,-0.2
2025-05-20,中信证券,600030,25.59,25.71,25.49,25.52,25.54,505241,1320882683.0,0.41,-0.08
2025-05-19,中信证券,600030,25.61,25.67,25.45,25.54,25.64,492746,1285903214.0,0.4,-0.39
2025-05-16,中信证券,600030,25.9,26.11,25.56,25.64,26.01,714800,1878231801.0,0.59,-1.42
2025-05-15,中信证券,600030,26.23,26.44,25.95,26.01,26.5,994565,2657150207.0,0.82,-1.85
2025-05-14,中信证券,600030,25.48,27.17,25.44,26.5,25.52,2739056,7367935399.0,2.25,3.84
2025-05-13,中信证券,600030,25.93,25.98,25.49,25.52,25.73,796426,2088033654.0,0.65,-0.82
2025-05-12,中信证券,600030,25.21,25.81,25.08,25.73,24.98,1314582,3436067273.0,1.08,3.0
2025-05-09,中信证券,600030,25.23,25.31,24.97,24.98,25.29,476958,1223488810.0,0.39,-1.23
2025-05-08,中信证券,600030,25.07,25.63,24.98,25.29,25.1,836747,2170080322.0,0.69,0.76
2025-05-07,中信证券,600030,25.71,25.85,25.04,25.1,24.94,1173234,3040010228.0,0.96,0.64
2025-05-06,中信证券,600030,24.71,25.11,24.63,24.94,24.51,819030,2086441329.0,0.67,1.75
2025-04-30,中信证券,600030,24.51,24.71,24.45,24.51,24.44,514514,1293711645.0,0.42,0.29
2025-04-29,中信证券,600030,24.57,24.63,24.39,24.44,24.56,462586,1158492283.0,0.38,-0.49
2025-04-28,中信证券,600030,24.63,24.64,24.43,24.56,24.63,440656,1106437411.0,0.36,-0.28
2025-04-25,中信证券,600030,24.53,24.76,24.51,24.63,24.43,670113,1690527144.0,0.55,0.82
2025-04-24,中信证券,600030,24.55,24.68,24.38,24.43,24.56,519161,1302315279.0,0.43,-0.53
2025-04-23,中信证券,600030,24.66,24.71,24.47,24.56,24.51,483724,1216639786.0,0.4,0.2
2025-04-22,中信证券,600030,24.63,24.73,24.51,24.51,24.66,459491,1157699163.0,0.38,-0.61
2025-04-21,中信证券,600030,24.5,24.71,24.42,24.66,24.58,441371,1112592222.0,0.36,0.33
2025-04-18,中信证券,600030,24.49,24.68,24.43,24.58,24.6,476294,1196730534.0,0.39,-0.08
2025-04-17,中信证券,600030,24.48,24.68,24.4,24.6,24.58,481695,1210732279.0,0.4,0.08
2025-04-16,中信证券,600030,24.52,24.68,24.2,24.58,24.54,662043,1651630526.0,0.54,0.16
2025-04-15,中信证券,600030,24.62,24.64,24.37,24.54,24.66,562516,1409537552.0,0.46,-0.49
2025-04-14,中信证券,600030,24.87,24.92,24.64,24.66,24.79,635100,1608059450.0,0.52,-0.52
2025-04-11,中信证券,600030,24.56,25.02,24.46,24.79,24.57,932290,2355030858.0,0.77,0.9
2025-04-10,中信证券,600030,24.68,24.83,24.13,24.57,24.32,1227315,3093831094.0,1.01,1.03
2025-04-09,中信证券,600030,23.87,24.55,23.58,24.32,23.93,1423352,3510522520.0,1.17,1.63
2025-04-08,中信证券,600030,23.54,24.02,23.31,23.93,23.45,1718956,4187725099.0,1.41,2.05
2025-04-07,中信证券,600030,24.43,24.6,23.23,23.45,25.87,2277300,5537982335.0,1.87,-9.35
2025-04-03,中信证券,600030,25.73,26.15,25.73,25.87,25.97,558678,1479533337.0,0.46,-0.39
2025-04-02,中信证券,600030,25.83,26.04,25.78,25.97,25.87,456719,1211260842.0,0.38,0.39
2025-04-01,中信证券,600030,25.95,26.09,25.82,25.87,25.95,596398,1580113214.0,0.49,-0.31
2025-03-31,中信证券,600030,26.15,26.27,25.73,25.95,26.23,797839,2115699502.0,0.66,-1.07
2025-03-28,中信证券,600030,26.41,26.46,26.16,26.23,26.33,658976,1769583853.0,0.54,-0.38
2025-03-27,中信证券,600030,26.37,26.59,26.14,26.33,26.41,725472,1953678394.0,0.6,-0.3
2025-03-26,中信证券,600030,26.45,26.54,26.37,26.41,26.45,564081,1523533196.0,0.46,-0.15
2025-03-25,中信证券,600030,26.63,26.65,26.43,26.45,26.62,539051,1459856180.0,0.44,-0.64
2025-03-24,中信证券,600030,26.52,26.63,26.43,26.62,26.52,668790,1812137629.0,0.55,0.38
2025-03-21,中信证券,600030,27.03,27.14,26.48,26.52,27.11,977013,2668760589.0,0.8,-2.18
2025-03-20,中信证券,600030,27.36,27.38,27.04,27.11,27.36,641191,1777878916.0,0.53,-0.91
2025-03-19,中信证券,600030,27.36,27.52,27.26,27.36,27.38,677623,1893145480.0,0.56,-0.07
2025-03-18,中信证券,600030,27.39,27.54,27.27,27.38,27.29,684072,1912300538.0,0.56,0.33
2025-03-17,中信证券,600030,27.61,27.61,27.26,27.29,27.5,1040020,2908938808.0,0.85,-0.76
2025-03-14,中信证券,600030,26.66,27.89,26.57,27.5,26.53,2612084,7293137589.0,2.15,3.66
2025-03-13,中信证券,600030,26.68,26.88,26.41,26.53,26.73,860429,2338986157.0,0.71,-0.75
2025-03-12,中信证券,600030,26.73,27.15,26.62,26.73,26.73,975786,2674523652.0,0.8,0.0
2025-03-11,中信证券,600030,26.43,26.74,26.34,26.73,26.67,779486,2112824030.0,0.64,0.22
2025-03-10,中信证券,600030,26.93,26.93,26.57,26.67,27.01,904438,2465622786.0,0.74,-1.26
2025-03-07,中信证券,600030,27.23,27.32,26.95,27.01,27.43,957912,2653091475.0,0.79,-1.53
2025-03-06,中信证券,600030,26.94,27.53,26.93,27.43,26.77,1562844,4359222945.0,1.28,2.47
2025-03-05,中信证券,600030,26.79,26.91,26.55,26.77,26.79,781856,2134914467.0,0.64,-0.07
2025-03-04,中信证券,600030,26.65,26.92,26.59,26.79,26.79,641731,1755293975.0,0.53,0.0
2025-03-03,中信证券,600030,26.86,27.23,26.64,26.79,26.76,1065090,2931519667.0,0.87,0.11
2025-02-28,中信证券,600030,27.59,28.01,26.73,26.76,27.67,1594991,4442533958.0,1.31,-3.29
2025-02-27,中信证券,600030,27.66,27.93,27.26,27.67,27.88,1444800,4062952243.0,1.19,-0.75
2025-02-26,中信证券,600030,27.31,27.88,27.19,27.88,27.26,1393827,3916115612.0,1.14,2.27
2025-02-25,中信证券,600030,27.53,27.65,27.15,27.26,27.78,1038604,2906055926.0,0.85,-1.87
2025-02-24,中信证券,600030,27.89,28.11,27.54,27.78,27.89,1197933,3405197278.0,0.98,-0.39
2025-02-21,中信证券,600030,27.32,28.04,27.14,27.89,27.32,1847404,5232423977.0,1.52,2.09
2025-02-20,中信证券,600030,27.36,27.49,27.15,27.32,27.42,712570,1988990232.0,0.59,-0.36
2025-02-19,中信证券,600030,26.98,27.59,26.93,27.42,26.97,1000718,2792111250.0,0.82,1.67
2025-02-18,中信证券,600030,27.62,27.66,26.89,26.97,27.72,1114981,3107292513.0,0.92,-2.71
2025-02-17,中信证券,600030,27.93,28.06,27.53,27.72,27.67,1208649,3429274427.0,0.99,0.18
2025-02-14,中信证券,600030,27.43,27.8,27.39,27.67,27.55,986332,2779540098.0,0.81,0.44
2025-02-13,中信证券,600030,27.7,28.0,27.43,27.55,27.7,1476617,4172564748.0,1.21,-0.54
2025-02-12,中信证券,600030,27.4,27.78,27.14,27.7,27.4,1159838,3249412218.0,0.95,1.09
2025-02-11,中信证券,600030,27.54,27.56,27.26,27.4,27.58,890392,2488585227.0,0.73,-0.65
2025-02-10,中信证券,600030,27.59,27.73,27.39,27.58,27.57,1089053,3061349664.0,0.89,0.04
2025-02-07,中信证券,600030,26.78,28.1,26.66,27.57,26.8,2157366,6040036146.0,1.77,2.87
2025-02-06,中信证券,600030,26.33,26.89,26.27,26.8,26.38,1044842,2841760897.0,0.86,1.59
2025-02-05,中信证券,600030,26.7,26.7,26.27,26.38,26.36,786529,2123929188.0,0.65,0.08
2025-01-27,中信证券,600030,27.06,27.08,26.35,26.36,26.97,886260,2413270221.0,0.73,-2.26
2025-01-24,中信证券,600030,26.86,27.17,26.77,26.97,26.88,969037,2672866999.0,0.8,0.33
2025-01-23,中信证券,600030,27.25,27.93,26.86,26.88,26.66,1624528,4530428409.0,1.33,0.83
2025-01-22,中信证券,600030,26.78,26.86,26.53,26.66,26.85,700671,1906375662.0,0.58,-0.71
2025-01-21,中信证券,600030,27.03,27.07,26.68,26.85,26.83,729070,2001896776.0,0.6,0.07
2025-01-20,中信证券,600030,26.98,27.28,26.75,26.83,26.74,909528,2509191200.0,0.75,0.34
2025-01-17,中信证券,600030,26.54,27.02,26.54,26.74,26.68,670563,1835393759.0,0.55,0.22
2025-01-16,中信证券,600030,26.98,27.22,26.45,26.68,26.8,884584,2422135499.0,0.73,-0.45
2025-01-15,中信证券,600030,26.92,27.09,26.71,26.8,27.13,888640,2439628711.0,0.73,-1.22
2025-01-14,中信证券,600030,26.05,27.19,25.98,27.13,25.94,1666249,4556431362.0,1.37,4.59
2025-01-13,中信证券,600030,25.59,26.02,25.59,25.94,25.89,660664,1745282889.0,0.54,0.19
2025-01-10,中信证券,600030,26.36,26.51,25.89,25.89,26.32,800250,2145973115.0,0.66,-1.63
2025-01-09,中信证券,600030,26.36,26.55,26.23,26.32,26.41,630008,1699066076.0,0.52,-0.34
2025-01-08,中信证券,600030,26.55,26.71,25.93,26.41,26.59,1192336,3199334778.0,0.98,-0.68
2025-01-07,中信证券,600030,26.53,26.75,26.24,26.59,26.49,979724,2650426338.0,0.8,0.38
2025-01-06,中信证券,600030,26.23,26.54,25.95,26.49,26.4,1236877,3329164147.0,1.02,0.34
2025-01-03,中信证券,600030,26.77,27.0,26.27,26.4,26.88,1839546,4998126763.0,1.51,-1.79
2025-01-02,中信证券,600030,28.41,28.43,26.6,26.88,28.6,2828487,7898902462.0,2.32,-6.01
2024-12-31,中信证券,600030,29.96,30.0,28.58,28.6,29.94,1980813,5903231591.0,1.63,-4.48
2024-12-30,中信证券,600030,29.53,29.97,29.43,29.94,29.65,1206691,3662919134.0,0.99,0.98
2024-12-27,中信证券,600030,29.59,30.19,29.35,29.65,29.58,1792644,5429064622.0,1.47,0.24
2024-12-26,中信证券,600030,29.52,29.76,29.38,29.58,29.52,811412,2447344066.0,0.67,0.2
2024-12-25,中信证券,600030,29.77,29.82,29.33,29.52,29.75,940862,2833858815.0,0.77,-0.77
2024-12-24,中信证券,600030,29.35,29.81,29.33,29.75,29.35,1082009,3264728040.0,0.89,1.36
2024-12-23,中信证券,600030,29.53,29.96,29.31,29.35,29.77,1045889,3149338369.0,0.86,-1.41
2024-12-20,中信证券,600030,29.52,29.99,29.46,29.77,29.52,977712,2964895280.0,0.8,0.85
2024-12-19,中信证券,600030,29.19,29.58,29.07,29.52,29.48,921468,2782391123.0,0.76,0.14
2024-12-18,中信证券,600030,29.59,29.69,29.37,29.48,29.42,698694,2116480629.0,0.57,0.2
2024-12-17,中信证券,600030,29.2,29.84,29.1,29.42,29.22,1197166,3621328203.0,0.98,0.68
2024-12-16,中信证券,600030,29.49,29.54,29.14,29.22,29.61,1263453,3801767876.0,1.04,-1.32
2024-12-13,中信证券,600030,30.53,30.54,29.56,29.61,30.85,2013226,6204088515.0,1.65,-4.02
2024-12-12,中信证券,600030,30.47,31.17,30.23,30.85,30.53,1694641,5331870964.0,1.39,1.05
2024-12-11,中信证券,600030,30.62,30.91,30.35,30.53,30.67,1311480,4119760433.0,1.08,-0.46
2024-12-10,中信证券,600030,32.19,32.19,30.58,30.67,30.31,3066784,9869463926.0,2.52,1.19
2024-12-09,中信证券,600030,30.34,30.57,29.94,30.31,30.43,1258572,3912475318.0,1.03,-0.39
2024-12-06,中信证券,600030,30.09,30.83,29.84,30.43,30.09,2054177,6420319586.0,1.69,1.13
2024-12-05,中信证券,600030,29.89,30.44,29.84,30.09,29.99,1158933,3584769689.0,0.95,0.33
2024-12-04,中信证券,600030,30.19,30.39,29.81,29.99,30.27,1178786,3643248466.0,0.97,-0.93
2024-12-03,中信证券,600030,30.46,30.65,29.89,30.27,30.46,1542309,4787944453.0,1.27,-0.62
2024-12-02,中信证券,600030,29.79,30.65,29.68,30.46,29.94,1932380,6024240988.0,1.59,1.74
2024-11-29,中信证券,600030,29.07,31.07,28.94,29.94,29.06,2932909,9039101215.0,2.41,3.03
2024-11-28,中信证券,600030,29.55,29.6,29.0,29.06,29.47,1281967,3858994298.0,1.05,-1.39
2024-11-27,中信证券,600030,28.88,29.48,28.68,29.47,28.91,1783034,5342614122.0,1.46,1.94
2024-11-26,中信证券,600030,28.87,29.44,28.78,28.91,28.85,1365193,4077617099.0,1.12,0.21
2024-11-25,中信证券,600030,29.52,29.69,28.33,28.85,29.52,2318101,6880269269.0,1.9,-2.27
2024-11-22,中信证券,600030,31.08,31.17,29.43,29.52,31.08,2305779,7164401757.0,1.89,-5.02
2024-11-21,中信证券,600030,30.71,31.31,30.57,31.08,30.93,1904306,6042276754.0,1.56,0.48
2024-11-20,中信证券,600030,30.53,31.35,30.2,30.93,30.49,2172904,6873427378.0,1.78,1.44
2024-11-19,中信证券,600030,29.89,30.71,29.67,30.49,29.86,2194106,6795769179.0,1.8,2.11
2024-11-18,中信证券,600030,30.24,30.6,29.57,29.86,30.32,2450264,7563239700.0,2.01,-1.52
2024-11-15,中信证券,600030,31.86,32.19,30.3,30.32,31.86,3022570,9658174454.0,2.48,-4.83
2024-11-14,中信证券,600030,32.12,32.82,31.78,31.86,32.11,2554451,8452182996.0,2.1,-0.78
2024-11-13,中信证券,600030,32.19,32.68,31.66,32.11,33.12,3647055,12011916259.0,3.0,-3.05
2024-11-12,中信证券,600030,34.08,34.29,32.37,33.12,34.07,4145650,14166082324.0,3.4,-2.79
2024-11-11,中信证券,600030,32.74,34.79,32.29,34.07,34.07,5133058,17642461682.0,4.22,0.0
2024-11-08,中信证券,600030,35.68,35.68,33.74,34.07,33.38,7454303,26491205205.0,6.12,2.07
2024-11-07,中信证券,600030,29.69,33.38,29.69,33.38,30.27,4804505,15537735137.0,3.95,10.27
2024-11-06,中信证券,600030,30.2,32.19,29.78,30.27,29.66,5450964,17240261829.0,4.48,2.06
2024-11-05,中信证券,600030,28.42,30.18,27.88,29.66,28.25,4274424,12816061523.0,3.51,4.99
2024-11-04,中信证券,600030,27.2,28.26,27.2,28.25,27.14,2742897,7846310564.0,2.25,4.09
2024-11-01,中信证券,600030,27.31,27.81,27.03,27.14,27.31,2721582,7672169096.0,2.24,-0.62
2024-10-31,中信证券,600030,26.59,27.99,26.39,27.31,26.65,4095204,11535642433.0,3.36,2.48
2024-10-30,中信证券,600030,26.44,26.97,26.36,26.65,26.42,1944753,5331028926.0,1.6,0.87
2024-10-29,中信证券,600030,26.71,27.15,26.39,26.42,26.68,1868916,5145710569.0,1.53,-0.97
2024-10-28,中信证券,600030,26.7,26.8,26.53,26.68,26.69,1345732,3691356706.0,1.11,-0.04
2024-10-25,中信证券,600030,26.47,27.08,26.39,26.69,26.47,1665721,4581169511.0,1.37,0.83
2024-10-24,中信证券,600030,26.59,26.9,26.3,26.47,26.76,1629023,4461535778.0,1.34,-1.08
2024-10-23,中信证券,600030,26.87,27.38,26.66,26.76,26.86,2793650,7763427776.0,2.29,-0.37
2024-10-22,中信证券,600030,26.67,27.1,26.51,26.86,26.65,2238021,6179374320.0,1.84,0.79
2024-10-21,中信证券,600030,26.63,27.09,26.39,26.65,27.1,3633977,10009390464.0,2.98,-1.66
2024-10-18,中信证券,600030,25.31,27.97,25.29,27.1,25.35,5711829,15746269660.0,4.69,6.9
2024-10-17,中信证券,600030,25.69,26.18,25.33,25.35,25.6,2065194,5484875177.0,1.7,-0.98
2024-10-16,中信证券,600030,25.3,26.33,25.26,25.6,25.91,2594892,6871284447.0,2.13,-1.2
2024-10-15,中信证券,600030,26.19,26.98,25.85,25.91,26.65,2781009,7580601663.0,2.28,-2.78
2024-10-14,中信证券,600030,27.16,27.17,25.26,26.65,27.36,4504191,12170846100.0,3.7,-2.6
2024-10-11,中信证券,600030,26.39,28.03,25.87,27.36,26.94,4859990,13374058536.0,3.99,1.56
2024-10-10,中信证券,600030,28.29,28.93,26.67,26.94,29.54,7746704,22003292806.0,6.36,-8.8
2024-10-09,中信证券,600030,30.19,32.08,27.96,29.54,29.11,13514551,42197359701.0,11.1,1.48
2024-10-08,中信证券,600030,29.11,29.11,29.11,29.11,26.39,1475213,4413838493.0,1.21,10.31
2024-09-30,中信证券,600030,26.39,26.39,25.63,26.39,23.92,3949175,10719669520.0,3.24,10.33
2024-09-27,中信证券,600030,22.59,23.92,21.89,23.92,21.67,2799347,6591736856.0,2.3,10.38
2024-09-26,中信证券,600030,20.2,21.68,20.2,21.67,20.35,3093203,6741430788.0,2.54,6.49
2024-09-25,中信证券,600030,20.48,20.97,20.24,20.35,20.01,3007318,6440028901.0,2.47,1.7
2024-09-24,中信证券,600030,18.9,20.02,18.59,20.01,18.5,2869163,5812378580.0,2.36,8.16
2024-09-23,中信证券,600030,18.51,18.66,18.36,18.5,18.48,536511,1037305241.0,0.44,0.11
2024-09-20,中信证券,600030,18.49,18.55,18.32,18.48,18.53,629197,1211200793.0,0.52,-0.27
2024-09-19,中信证券,600030,18.26,18.69,18.14,18.53,18.13,989389,1906649056.0,0.81,2.21
2024-09-18,中信证券,600030,17.99,18.2,17.96,18.13,18.11,379326,716767636.0,0.31,0.11
2024-09-13,中信证券,600030,18.1,18.27,18.03,18.11,18.07,461500,876310760.0,0.38,0.22
2024-09-12,中信证券,600030,18.21,18.23,18.03,18.07,18.19,341256,645613092.0,0.28,-0.66
2024-09-11,中信证券,600030,18.04,18.27,18.01,18.19,18.07,460408,874378090.0,0.38,0.66
2024-09-10,中信证券,600030,18.23,18.25,17.94,18.07,18.17,530734,1001496950.0,0.47,-0.55
2024-09-09,中信证券,600030,17.98,18.39,17.94,18.17,18.25,729015,1386724718.0,0.65,-0.44
2024-09-06,中信证券,600030,18.63,18.77,18.23,18.25,18.3,1176128,2270723933.0,1.05,-0.27
2024-09-05,中信证券,600030,18.24,18.37,18.16,18.3,18.31,523895,999567984.0,0.47,-0.05
2024-09-04,中信证券,600030,18.24,18.48,18.24,18.31,18.31,467109,894498620.0,0.41,0.0
2024-09-03,中信证券,600030,18.1,18.44,18.1,18.31,18.11,508719,971650931.0,0.45,1.1
2024-09-02,中信证券,600030,18.38,18.39,18.1,18.11,18.48,653954,1243771468.0,0.58,-2.0
2024-08-30,中信证券,600030,17.94,18.67,17.91,18.48,17.98,1421581,2735400700.0,1.25,2.78
2024-08-29,中信证券,600030,17.69,18.14,17.65,17.98,17.62,866324,1629341686.0,0.76,2.04
2024-08-28,中信证券,600030,17.6,17.72,17.52,17.62,17.65,333701,614642147.0,0.29,-0.17
2024-08-27,中信证券,600030,17.59,17.7,17.45,17.65,17.65,402103,739365132.0,0.35,0.0
2024-08-26,中信证券,600030,17.82,17.91,17.56,17.65,17.82,588413,1089938097.0,0.52,-0.95
2024-08-23,中信证券,600030,17.43,17.92,17.41,17.82,17.45,686559,1305618025.0,0.6,2.12
2024-08-22,中信证券,600030,17.72,17.81,17.36,17.45,17.64,502415,944929814.0,0.44,-1.08
2024-08-21,中信证券,600030,17.62,17.7,17.51,17.64,17.65,379242,716968058.0,0.33,-0.06
2024-08-20,中信证券,600030,17.78,17.8,17.59,17.65,17.76,416586,788835154.0,0.37,-0.62
2024-08-19,中信证券,600030,17.79,17.94,17.73,17.76,17.82,433058,826900172.0,0.38,-0.34
2024-08-16,中信证券,600030,17.82,17.93,17.72,17.82,17.87,453321,865184296.0,0.4,-0.28
2024-08-15,中信证券,600030,17.56,18.02,17.53,17.87,17.57,835145,1597152698.0,0.73,1.71
2024-08-14,中信证券,600030,17.71,17.79,17.55,17.57,17.78,465023,879791557.0,0.41,-1.18
2024-08-13,中信证券,600030,17.57,17.8,17.52,17.78,17.59,474724,898005759.0,0.42,1.08
2024-08-12,中信证券,600030,17.54,17.64,17.44,17.59,17.61,450726,848463355.0,0.4,-0.11
2024-08-09,中信证券,600030,17.86,17.92,17.6,17.61,17.79,539984,1027402387.0,0.48,-1.01
2024-08-08,中信证券,600030,17.65,17.94,17.57,17.79,17.69,647325,1233211162.0,0.57,0.57
2024-08-07,中信证券,600030,17.84,17.94,17.65,17.69,17.83,572451,1088904006.0,0.5,-0.79
2024-08-06,中信证券,600030,18.04,18.09,17.65,17.83,17.84,750600,1433376713.0,0.66,-0.06
2024-08-05,中信证券,600030,17.84,18.14,17.81,17.84,17.93,966170,1859377630.0,0.85,-0.5
2024-08-02,中信证券,600030,18.2,18.37,17.87,17.93,18.3,977032,1890702077.0,0.86,-2.02
2024-08-01,中信证券,600030,18.27,18.54,18.23,18.3,18.52,1264389,2483167598.0,1.11,-1.19
2024-07-31,中信证券,600030,17.64,18.84,17.6,18.52,17.64,2253176,4428709175.0,1.98,4.99
2024-07-30,中信证券,600030,17.54,17.69,17.46,17.64,17.6,700063,1320638610.0,0.62,0.23
2024-07-29,中信证券,600030,17.77,17.91,17.58,17.6,17.98,959431,1821926953.0,0.84,-2.11
2024-07-26,中信证券,600030,17.64,18.26,17.59,17.98,17.74,1134245,2186433087.0,1.0,1.35
2024-07-25,中信证券,600030,17.56,18.06,17.51,17.74,17.6,1306207,2490783477.0,1.15,0.8
2024-07-24,中信证券,600030,17.79,18.02,17.48,17.6,17.92,1687897,3198694067.0,1.48,-1.79
2024-07-23,中信证券,600030,18.57,18.59,17.9,17.92,18.91,2571229,5022003950.0,2.26,-5.24
2024-07-22,中信证券,600030,18.71,18.96,18.29,18.91,18.11,3704495,7364394033.0,3.26,4.42
2024-07-19,中信证券,600030,17.68,18.16,17.64,18.11,17.69,1591096,3066945339.0,1.4,2.37
2024-07-18,中信证券,600030,17.58,17.72,17.36,17.69,17.57,884104,1668453861.0,0.78,0.68
2024-07-17,中信证券,600030,17.42,17.63,17.38,17.57,17.45,837772,1578637964.0,0.74,0.69
2024-07-16,中信证券,600030,17.21,17.57,17.12,17.45,17.18,849412,1588630417.0,0.75,1.57
2024-07-15,中信证券,600030,17.08,17.27,17.04,17.18,17.08,534401,986784181.0,0.47,0.59
2024-07-12,中信证券,600030,17.05,17.13,16.95,17.08,17.04,362182,664064595.0,0.32,0.23
2024-07-11,中信证券,600030,16.98,17.17,16.9,17.04,16.89,558238,1023550001.0,0.49,0.89
2024-07-10,中信证券,600030,16.53,17.17,16.48,16.89,16.58,917488,1669558470.0,0.81,1.87
2024-07-09,中信证券,600030,16.19,16.63,16.07,16.58,16.22,641412,1131167617.0,0.56,2.22
2024-07-08,中信证券,600030,16.42,16.5,16.17,16.22,16.53,602173,1058986203.0,0.53,-1.88
2024-07-05,中信证券,600030,16.82,16.82,16.42,16.53,16.76,786784,1401453947.0,0.69,-1.37
2024-07-04,中信证券,600030,17.07,17.17,16.75,16.76,17.1,520144,946439321.0,0.46,-1.99
2024-07-03,中信证券,600030,16.91,17.15,16.79,17.1,16.91,434344,794590716.0,0.38,1.12
2024-07-02,中信证券,600030,16.87,17.11,16.85,16.91,16.92,400207,730763530.0,0.35,-0.06
2024-07-01,中信证券,600030,16.91,17.0,16.72,16.92,16.95,466210,845784492.0,0.41,-0.18
2024-06-28,中信证券,600030,17.08,17.32,16.85,16.95,17.12,707386,1300681101.0,0.62,-0.99
2024-06-27,中信证券,600030,17.08,17.18,16.97,17.12,17.12,541513,996013882.0,0.48,0.0
2024-06-26,中信证券,600030,16.81,17.17,16.74,17.12,16.84,510173,933106619.0,0.45,1.66
2024-06-25,中信证券,600030,17.15,17.18,16.72,16.84,17.14,749159,1362945574.0,0.66,-1.75
2024-06-24,中信证券,600030,17.13,17.29,17.12,17.14,17.16,519767,960506542.0,0.46,-0.12
2024-06-21,中信证券,600030,17.12,17.31,16.97,17.16,17.1,604170,1111691879.0,0.53,0.35
2024-06-20,中信证券,600030,17.25,17.32,17.08,17.1,17.25,423174,780553079.0,0.37,-0.87
2024-06-19,中信证券,600030,17.46,17.46,17.24,17.25,17.43,463449,861542371.0,0.41,-1.03
2024-06-18,中信证券,600030,17.37,17.61,17.32,17.43,17.38,574730,1077622166.0,0.51,0.29
2024-06-17,中信证券,600030,17.23,17.39,17.18,17.38,17.35,596441,1108331617.0,0.52,0.17
2024-06-14,中信证券,600030,16.96,17.49,16.92,17.35,16.98,1211654,2242525169.0,1.07,2.18
2024-06-13,中信证券,600030,17.02,17.08,16.92,16.98,17.0,461596,842708376.0,0.41,-0.12
2024-06-12,中信证券,600030,17.03,17.1,16.99,17.0,17.06,415911,761921767.0,0.37,-0.35
2024-06-11,中信证券,600030,17.0,17.2,17.0,17.06,17.1,452710,832296170.0,0.4,-0.23
2024-06-07,中信证券,600030,17.27,17.32,16.92,17.1,17.21,571643,1052028679.0,0.5,-0.64
2024-06-06,中信证券,600030,17.3,17.4,17.15,17.21,17.26,592333,1098537259.0,0.52,-0.29
2024-06-05,中信证券,600030,17.24,17.39,17.24,17.26,17.28,451342,838900165.0,0.4,-0.12
2024-06-04,中信证券,600030,17.15,17.33,17.15,17.28,17.15,486497,901981204.0,0.43,0.76
2024-06-03,中信证券,600030,17.27,17.28,17.07,17.15,17.34,585957,1079851030.0,0.52,-1.1
2024-05-31,中信证券,600030,17.36,17.56,17.3,17.34,17.28,519552,971574137.0,0.46,0.35
2024-05-30,中信证券,600030,17.31,17.4,17.17,17.28,17.37,475489,882503726.0,0.42,-0.52
2024-05-29,中信证券,600030,17.28,17.52,17.28,17.37,17.34,379778,709786485.0,0.33,0.17
2024-05-28,中信证券,600030,17.4,17.63,17.32,17.34,17.45,470922,881360400.0,0.41,-0.63
2024-05-27,中信证券,600030,17.32,17.48,17.26,17.45,17.31,583703,1087384826.0,0.51,0.81
2024-05-24,中信证券,600030,17.52,17.64,17.24,17.31,17.59,726459,1360105854.0,0.64,-1.59
2024-05-23,中信证券,600030,17.93,17.99,17.56,17.59,18.03,863178,1640457685.0,0.76,-2.44
2024-05-22,中信证券,600030,17.92,18.08,17.87,18.03,17.96,644842,1243525648.0,0.57,0.39
2024-05-21,中信证券,600030,17.95,18.08,17.87,17.96,18.01,565401,1088790431.0,0.5,-0.28
2024-05-20,中信证券,600030,17.91,18.23,17.87,18.01,17.91,1325606,2568987458.0,1.17,0.56
2024-05-17,中信证券,600030,17.5,17.94,17.45,17.91,17.5,1010141,1918998124.0,0.89,2.34
2024-05-16,中信证券,600030,17.52,17.7,17.46,17.5,17.47,605089,1139557602.0,0.53,0.17
2024-05-15,中信证券,600030,17.78,17.81,17.46,17.47,17.73,774121,1459083366.0,0.68,-1.47
2024-05-14,中信证券,600030,17.73,17.75,17.55,17.73,17.7,669019,1266821447.0,0.59,0.17
2024-05-13,中信证券,600030,17.75,17.85,17.48,17.7,17.78,814225,1542516577.0,0.72,-0.45
2024-05-10,中信证券,600030,17.66,17.86,17.57,17.78,17.63,905794,1720456371.0,0.8,0.85
2024-05-09,中信证券,600030,17.55,17.74,17.54,17.63,17.5,742667,1404596262.0,0.65,0.74
2024-05-08,中信证券,600030,17.75,17.82,17.47,17.5,17.84,783103,1478924663.0,0.69,-1.91
2024-05-07,中信证券,600030,17.92,17.97,17.79,17.84,17.93,659792,1262187135.0,0.58,-0.5
2024-05-06,中信证券,600030,17.97,18.17,17.84,17.93,17.73,1078318,2079020102.0,0.95,1.13
2024-04-30,中信证券,600030,17.97,18.08,17.67,17.73,18.1,1022410,1955881347.0,0.9,-2.04
2024-04-29,中信证券,600030,17.89,18.24,17.77,18.1,17.88,1886652,3638439646.0,1.66,1.23
2024-04-26,中信证券,600030,17.27,17.99,17.09,17.88,16.9,2255741,4248412847.0,1.98,5.8
2024-04-25,中信证券,600030,16.97,17.04,16.83,16.9,16.99,516679,940710872.0,0.45,-0.53
2024-04-24,中信证券,600030,16.97,17.05,16.77,16.99,16.99,548570,998853309.0,0.48,0.0
2024-04-23,中信证券,600030,17.04,17.15,16.92,16.99,17.0,665688,1217707087.0,0.59,-0.06
2024-04-22,中信证券,600030,16.85,17.27,16.85,17.0,16.85,779616,1429239753.0,0.69,0.89
2024-04-19,中信证券,600030,16.82,17.02,16.78,16.85,16.93,782310,1420736104.0,0.69,-0.47
2024-04-18,中信证券,600030,16.73,17.25,16.7,16.93,16.82,1349376,2464131258.0,1.19,0.65
2024-04-17,中信证券,600030,16.3,16.83,16.17,16.82,16.35,1205475,2145695272.0,1.06,2.87
2024-04-16,中信证券,600030,16.23,16.72,16.2,16.35,16.46,1249252,2217573728.0,1.1,-0.67
2024-04-15,中信证券,600030,16.22,16.64,15.98,16.46,16.66,1799117,3165646153.0,1.58,-1.2
2024-04-12,中信证券,600030,17.07,17.14,16.62,16.66,17.06,1057567,1909255553.0,0.93,-2.34
2024-04-11,中信证券,600030,17.06,17.24,17.01,17.06,17.13,612759,1126874595.0,0.54,-0.41
2024-04-10,中信证券,600030,17.61,17.63,17.07,17.13,17.65,975998,1813346733.0,0.86,-2.95
2024-04-09,中信证券,600030,17.62,17.77,17.6,17.65,17.64,448793,850475059.0,0.39,0.06
2024-04-08,中信证券,600030,17.72,17.79,17.5,17.64,17.88,724600,1371551741.0,0.64,-1.34
2024-04-03,中信证券,600030,18.0,18.01,17.85,17.88,18.03,530948,1018810156.0,0.47,-0.83
2024-04-02,中信证券,600030,18.14,18.19,18.0,18.03,18.13,688563,1331754403.0,0.61,-0.55
2024-04-01,中信证券,600030,18.02,18.16,18.02,18.13,17.92,907087,1757060951.0,0.8,1.17
2024-03-29,中信证券,600030,18.0,18.0,17.82,17.92,18.03,867231,1661488228.0,0.76,-0.61
2024-03-28,中信证券,600030,18.02,18.25,17.95,18.03,18.07,1037015,2007001601.0,0.91,-0.22
2024-03-27,中信证券,600030,18.24,18.26,18.04,18.07,18.32,687822,1335178798.0,0.61,-1.36
2024-03-26,中信证券,600030,18.13,18.34,18.13,18.32,18.22,763998,1490546285.0,0.67,0.55
2024-03-25,中信证券,600030,18.52,18.64,18.22,18.22,19.22,1799742,3533742867.0,1.58,-5.2
2024-03-22,中信证券,600030,19.55,19.59,19.16,19.22,19.55,766249,1576797500.0,0.67,-1.69
2024-03-21,中信证券,600030,19.59,19.89,19.52,19.55,19.56,680561,1423455162.0,0.6,-0.05
2024-03-20,中信证券,600030,19.49,19.69,19.46,19.56,19.55,479502,999311219.0,0.42,0.05
2024-03-19,中信证券,600030,19.94,19.94,19.53,19.55,19.98,724657,1522354516.0,0.64,-2.15
2024-03-18,中信证券,600030,19.61,20.15,19.59,19.98,19.59,1026790,2177023126.0,0.9,1.99
2024-03-15,中信证券,600030,19.43,19.61,19.31,19.59,19.52,608804,1262584774.0,0.54,0.36
2024-03-14,中信证券,600030,19.73,19.88,19.43,19.52,19.79,675060,1410848005.0,0.59,-1.36
2024-03-13,中信证券,600030,20.12,20.15,19.77,19.79,20.12,635468,1345066748.0,0.56,-1.64
2024-03-12,中信证券,600030,20.02,20.17,19.88,20.12,19.91,820888,1749861586.0,0.72,1.05
2024-03-11,中信证券,600030,19.61,19.92,19.59,19.91,19.52,758369,1598127873.0,0.67,2.0
2024-03-08,中信证券,600030,19.52,19.62,19.43,19.52,19.53,465433,967921209.0,0.41,-0.05
2024-03-07,中信证券,600030,19.79,19.92,19.43,19.53,19.82,892486,1868871438.0,0.79,-1.46
2024-03-06,中信证券,600030,19.89,20.12,19.75,19.82,19.9,654451,1385700082.0,0.58,-0.4
2024-03-05,中信证券,600030,19.75,19.96,19.74,19.9,19.88,790445,1672330722.0,0.7,0.1
2024-03-04,中信证券,600030,20.05,20.08,19.78,19.88,20.04,590709,1250669911.0,0.52,-0.8
2024-03-01,中信证券,600030,20.02,20.16,19.82,20.04,20.02,723936,1537955150.0,0.64,0.1
2024-02-29,中信证券,600030,19.72,20.07,19.67,20.02,19.72,963923,2037055653.0,0.85,1.52
2024-02-28,中信证券,600030,20.24,20.46,19.72,19.72,20.18,1172925,2512179783.0,1.03,-2.28
2024-02-27,中信证券,600030,20.04,20.19,19.95,20.18,20.06,810284,1728538412.0,0.71,0.6
2024-02-26,中信证券,600030,20.26,20.35,20.03,20.06,20.24,646414,1386960298.0,0.57,-0.89
2024-02-23,中信证券,600030,20.46,20.5,20.18,20.24,20.45,777536,1679100350.0,0.68,-1.03
2024-02-22,中信证券,600030,19.99,20.52,19.95,20.45,20.1,1094041,2365138039.0,0.96,1.74
2024-02-21,中信证券,600030,19.62,20.43,19.53,20.1,19.71,1287130,2749494326.0,1.13,1.98
2024-02-20,中信证券,600030,19.45,19.89,19.4,19.71,19.57,888629,1858586985.0,0.78,0.72
2024-02-19,中信证券,600030,19.84,19.84,19.27,19.57,19.97,952239,1979888090.0,0.84,-2.0
2024-02-08,中信证券,600030,20.02,20.25,19.8,19.97,19.9,1009396,2149633923.0,0.89,0.35
2024-02-07,中信证券,600030,19.74,20.0,19.62,19.9,19.86,1121726,2367112733.0,0.99,0.2
2024-02-06,中信证券,600030,18.88,19.94,18.72,19.86,18.9,1210246,2509414266.0,1.06,5.08
2024-02-05,中信证券,600030,18.8,19.24,18.48,18.9,18.9,996991,2008152346.0,0.88,0.0
2024-02-02,中信证券,600030,19.16,19.24,18.39,18.9,19.16,1022182,2061606711.0,0.9,-1.36
2024-02-01,中信证券,600030,19.02,19.5,19.0,19.16,19.22,765051,1572022998.0,0.67,-0.31
2024-01-31,中信证券,600030,19.07,19.44,18.97,19.22,19.16,793198,1627214289.0,0.7,0.31
2024-01-30,中信证券,600030,19.17,19.52,19.0,19.16,19.3,900567,1848202280.0,0.79,-0.73
2024-01-29,中信证券,600030,19.44,19.61,19.25,19.3,19.55,893544,1849438738.0,0.79,-1.28
2024-01-26,中信证券,600030,19.12,19.8,19.03,19.55,19.28,1482557,3064826716.0,1.3,1.4
2024-01-25,中信证券,600030,19.06,19.42,18.85,19.28,19.24,1542794,3154344626.0,1.36,0.21
2024-01-24,中信证券,600030,18.6,19.34,18.33,19.24,18.5,1453993,2920645095.0,1.28,4.0
2024-01-23,中信证券,600030,17.77,18.67,17.66,18.5,17.85,1152870,2254756633.0,1.01,3.64
2024-01-22,中信证券,600030,18.12,18.29,17.64,17.85,18.19,984471,1907709426.0,0.87,-1.87
2024-01-19,中信证券,600030,18.02,18.3,17.97,18.19,18.21,691141,1343840467.0,0.61,-0.11
2024-01-18,中信证券,600030,17.79,18.26,17.5,18.21,17.94,1121366,2140221938.0,0.99,1.51
2024-01-17,中信证券,600030,18.22,18.25,17.94,17.94,18.3,561491,1088333238.0,0.49,-1.97
2024-01-16,中信证券,600030,18.17,18.34,17.94,18.3,18.2,580084,1127694935.0,0.51,0.55
2024-01-15,中信证券,600030,18.08,18.41,18.05,18.2,18.24,338558,659832780.0,0.3,-0.22
2024-01-12,中信证券,600030,18.22,18.45,18.17,18.24,18.32,397471,778895688.0,0.35,-0.44
2024-01-11,中信证券,600030,18.2,18.38,18.06,18.32,18.18,447933,874928732.0,0.39,0.77
2024-01-10,中信证券,600030,18.17,18.35,17.98,18.18,18.18,525961,1024533120.0,0.46,0.0
2024-01-09,中信证券,600030,18.14,18.28,18.05,18.18,18.14,458458,892306220.0,0.4,0.22
2024-01-08,中信证券,600030,18.44,18.58,18.12,18.14,18.51,625671,1222235532.0,0.55,-2.0
2024-01-05,中信证券,600030,18.67,18.9,18.38,18.51,18.72,696148,1387740195.0,0.61,-1.12
2024-01-04,中信证券,600030,18.84,18.88,18.56,18.72,18.9,503918,1006917540.0,0.44,-0.95
2024-01-03,中信证券,600030,18.72,18.97,18.7,18.9,18.79,547514,1101533870.0,0.48,0.59
2024-01-02,中信证券,600030,19.1,19.12,18.78,18.79,19.09,587765,1183083968.0,0.52,-1.57
2023-12-29,中信证券,600030,19.05,19.26,19.0,19.09,19.09,644382,1314516775.0,0.57,0.0
2023-12-28,中信证券,600030,18.55,19.17,18.53,19.09,18.62,872080,1761385734.0,0.77,2.52
2023-12-27,中信证券,600030,18.55,18.8,18.34,18.62,18.57,631842,1253913602.0,0.56,0.27
2023-12-26,中信证券,600030,18.72,18.77,18.45,18.57,18.73,402623,799476197.0,0.35,-0.85
2023-12-25,中信证券,600030,18.9,19.02,18.71,18.73,19.0,497957,1000339778.0,0.44,-1.42
2023-12-22,中信证券,600030,18.92,19.11,18.74,19.0,18.99,530620,1073349240.0,0.47,0.05
2023-12-21,中信证券,600030,18.83,19.07,18.75,18.99,18.88,532444,1076501136.0,0.47,0.58
2023-12-20,中信证券,600030,19.33,19.34,18.86,18.88,19.36,614281,1248872128.0,0.54,-2.48
2023-12-19,中信证券,600030,19.15,19.36,19.08,19.36,19.16,485472,996618096.0,0.43,1.04
2023-12-18,中信证券,600030,19.12,19.31,19.04,19.16,19.18,422359,863807557.0,0.37,-0.1
2023-12-15,中信证券,600030,19.29,19.53,19.16,19.18,19.22,589352,1212153705.0,0.52,-0.21
2023-12-14,中信证券,600030,19.52,19.59,19.2,19.22,19.43,547770,1131395763.0,0.48,-1.08
2023-12-13,中信证券,600030,19.84,19.84,19.42,19.43,19.85,667977,1391965532.0,0.59,-2.12
2023-12-12,中信证券,600030,19.79,19.92,19.75,19.85,19.93,418151,882611587.0,0.37,-0.4
2023-12-11,中信证券,600030,19.52,19.97,19.31,19.93,19.67,717469,1499788017.0,0.63,1.32
2023-12-08,中信证券,600030,19.74,19.88,19.67,19.67,19.75,468350,985080412.0,0.41,-0.41
2023-12-07,中信证券,600030,19.62,19.85,19.54,19.75,19.67,431004,904550113.0,0.38,0.41
2023-12-06,中信证券,600030,19.81,19.9,19.67,19.67,19.85,463647,976104843.0,0.41,-0.91
2023-12-05,中信证券,600030,20.06,20.2,19.82,19.85,20.13,477292,1015731747.0,0.42,-1.39
2023-12-04,中信证券,600030,20.23,20.34,20.12,20.13,20.28,374544,805841197.0,0.33,-0.74
2023-12-01,中信证券,600030,20.13,20.34,20.03,20.28,20.17,494455,1061627029.0,0.44,0.55
2023-11-30,中信证券,600030,20.12,20.22,20.0,20.17,20.12,477454,1021759159.0,0.42,0.25
2023-11-29,中信证券,600030,20.38,20.38,20.02,20.12,20.33,498813,1068905926.0,0.44,-1.03
2023-11-28,中信证券,600030,20.4,20.5,20.24,20.33,20.41,463398,1002729416.0,0.41,-0.39
2023-11-27,中信证券,600030,20.72,20.73,20.23,20.41,20.77,820899,1776390368.0,0.72,-1.73
2023-11-24,中信证券,600030,20.91,20.96,20.75,20.77,20.96,465400,1030017515.0,0.41,-0.91
2023-11-23,中信证券,600030,20.93,21.01,20.64,20.96,20.93,498746,1103374760.0,0.44,0.14
2023-11-22,中信证券,600030,21.03,21.2,20.92,20.93,21.16,364603,814714390.0,0.32,-1.09
2023-11-21,中信证券,600030,21.19,21.56,21.08,21.16,21.07,744222,1681355682.0,0.65,0.43
2023-11-20,中信证券,600030,21.23,21.24,20.79,21.07,21.24,588282,1309022862.0,0.52,-0.8
2023-11-17,中信证券,600030,21.05,21.24,20.96,21.24,21.15,484639,1084784401.0,0.43,0.43
2023-11-16,中信证券,600030,21.32,21.42,21.14,21.15,21.32,462101,1041928836.0,0.41,-0.8
2023-11-15,中信证券,600030,21.61,21.64,21.24,21.32,21.34,728543,1653764168.0,0.64,-0.09
2023-11-14,中信证券,600030,21.03,21.67,21.02,21.34,21.01,1105527,2503959004.0,0.97,1.57
2023-11-13,中信证券,600030,21.18,21.2,20.93,21.01,21.18,532958,1187792909.0,0.47,-0.8
2023-11-10,中信证券,600030,21.07,21.27,21.02,21.18,21.18,567732,1273422338.0,0.5,0.0
2023-11-09,中信证券,600030,21.19,21.33,21.02,21.18,21.3,610136,1370665767.0,0.54,-0.56
2023-11-08,中信证券,600030,21.5,21.54,21.13,21.3,21.51,918894,2074489489.0,0.81,-0.98
2023-11-07,中信证券,600030,21.33,21.64,21.3,21.51,21.55,966080,2201868370.0,0.85,-0.19
2023-11-06,中信证券,600030,21.27,21.76,20.98,21.55,20.58,1935126,4386204004.0,1.7,4.71
2023-11-03,中信证券,600030,20.25,20.62,20.14,20.58,20.25,895103,1944098923.0,0.79,1.63
2023-11-02,中信证券,600030,20.45,20.59,20.2,20.25,20.45,482603,1044968156.0,0.42,-0.98
2023-11-01,中信证券,600030,20.65,20.76,20.22,20.45,20.43,581701,1262852979.0,0.51,0.1
2023-10-31,中信证券,600030,20.3,20.58,20.22,20.43,20.32,672834,1459095668.0,0.59,0.54
2023-10-30,中信证券,600030,20.58,20.6,20.05,20.32,20.75,1028837,2219521625.0,0.91,-2.07
2023-10-27,中信证券,600030,20.38,20.9,20.12,20.75,20.52,929863,2036093789.0,0.82,1.12
2023-10-26,中信证券,600030,20.43,20.62,20.23,20.52,20.56,530432,1151839754.0,0.47,-0.19
2023-10-25,中信证券,600030,20.64,20.82,20.45,20.56,20.34,784531,1716120460.0,0.69,1.08
2023-10-24,中信证券,600030,20.02,20.5,19.97,20.34,19.9,765613,1645720767.0,0.67,2.21
2023-10-23,中信证券,600030,20.08,20.19,19.77,19.9,20.25,546026,1157653821.0,0.48,-1.73
2023-10-20,中信证券,600030,20.15,20.47,20.12,20.25,20.28,654234,1408421601.0,0.58,-0.15
2023-10-19,中信证券,600030,20.42,20.65,20.24,20.28,20.58,790917,1716268486.0,0.7,-1.46
2023-10-18,中信证券,600030,20.53,20.76,20.48,20.58,20.67,469291,1026300485.0,0.41,-0.44
2023-10-17,中信证券,600030,20.31,20.91,20.23,20.67,20.23,857709,1878763551.0,0.75,2.17
2023-10-16,中信证券,600030,20.19,20.43,20.04,20.23,20.24,424367,913187508.0,0.37,-0.05
2023-10-13,中信证券,600030,20.3,20.36,20.18,20.24,20.48,375228,808262917.0,0.33,-1.17
2023-10-12,中信证券,600030,20.6,20.7,20.37,20.48,20.23,577071,1259034623.0,0.51,1.24
2023-10-11,中信证券,600030,20.3,20.39,20.17,20.23,20.15,393846,848855684.0,0.35,0.4
2023-10-10,中信证券,600030,20.53,20.58,20.13,20.15,20.4,405554,875088891.0,0.36,-1.23
2023-10-09,中信证券,600030,20.14,20.46,19.81,20.4,20.38,707714,1518711509.0,0.62,0.1
2023-09-28,中信证券,600030,20.79,20.88,20.37,20.38,20.75,854426,1857947584.0,0.75,-1.78
2023-09-27,中信证券,600030,20.63,20.9,20.63,20.75,20.7,583678,1287934747.0,0.51,0.24
2023-09-26,中信证券,600030,20.59,20.86,20.55,20.7,20.62,571626,1256759752.0,0.5,0.39
2023-09-25,中信证券,600030,21.2,21.2,20.57,20.62,21.33,1036854,2283798077.0,0.91,-3.33
2023-09-22,中信证券,600030,20.41,21.37,20.39,21.33,20.45,1278377,2845536840.0,1.12,4.3
2023-09-21,中信证券,600030,20.54,20.75,20.44,20.45,20.62,493029,1075917809.0,0.43,-0.82
2023-09-20,中信证券,600030,20.71,20.77,20.45,20.62,20.74,393267,863974539.0,0.35,-0.58
2023-09-19,中信证券,600030,20.86,20.87,20.68,20.74,20.86,479372,1056327476.0,0.42,-0.58
2023-09-18,中信证券,600030,20.67,20.87,20.54,20.86,20.77,597284,1316765339.0,0.53,0.43
2023-09-15,中信证券,600030,21.06,21.1,20.67,20.77,21.01,749102,1655739492.0,0.66,-1.14
2023-09-14,中信证券,600030,20.99,21.1,20.88,21.01,21.0,559797,1245730184.0,0.49,0.05
2023-09-13,中信证券,600030,21.16,21.18,20.9,21.0,21.11,558953,1245310858.0,0.49,-0.52
2023-09-12,中信证券,600030,21.23,21.34,21.08,21.11,21.32,655934,1472288763.0,0.58,-0.98
2023-09-11,中信证券,600030,21.02,21.5,20.83,21.32,20.97,1127082,2535351116.0,0.99,1.67
2023-09-08,中信证券,600030,20.75,21.04,20.5,20.97,20.84,735701,1624646995.0,0.65,0.62
2023-09-07,中信证券,600030,20.85,21.14,20.73,20.84,20.85,857824,1902128417.0,0.75,-0.05
2023-09-06,中信证券,600030,20.96,21.04,20.68,20.85,21.1,977957,2165464958.0,0.86,-1.18
2023-09-05,中信证券,600030,21.19,21.19,20.96,21.1,21.29,646908,1444051083.0,0.57,-0.89
2023-09-04,中信证券,600030,21.23,21.48,21.02,21.29,21.1,992210,2237230617.0,0.87,0.9
2023-09-01,中信证券,600030,21.04,21.37,20.93,21.1,20.92,998386,2237552330.0,0.88,0.86
2023-08-31,中信证券,600030,21.28,21.44,20.9,20.92,21.28,1216414,2724111212.0,1.07,-1.69
2023-08-30,中信证券,600030,22.1,22.1,21.25,21.28,22.1,2316335,5279777694.0,2.04,-3.71
2023-08-29,中信证券,600030,22.09,22.47,21.62,22.1,22.51,2511461,5863110757.0,2.21,-1.82
2023-08-28,中信证券,600030,24.49,24.49,22.38,22.51,22.15,5056354,12580601070.0,4.45,1.63
2023-08-25,中信证券,600030,21.71,22.36,21.55,22.15,21.79,1343605,3140901213.0,1.18,1.65
2023-08-24,中信证券,600030,21.24,22.15,21.18,21.79,21.03,1556384,3652547198.0,1.37,3.61
2023-08-23,中信证券,600030,21.34,21.47,21.02,21.03,21.45,752343,1729103031.0,0.66,-1.96
2023-08-22,中信证券,600030,21.46,21.7,21.13,21.45,21.17,1277267,2960309535.0,1.12,1.32
2023-08-21,中信证券,600030,21.9,21.99,21.12,21.17,22.2,2116638,4904903314.0,1.86,-4.64
2023-08-18,中信证券,600030,22.49,23.06,22.2,22.2,22.18,1600767,3906812258.0,1.41,0.09
2023-08-17,中信证券,600030,22.03,22.46,21.73,22.18,22.24,1330955,3171207800.0,1.17,-0.27
2023-08-16,中信证券,600030,21.99,22.87,21.67,22.24,22.34,1453083,3500021811.0,1.28,-0.45
2023-08-15,中信证券,600030,21.96,22.37,21.86,22.34,21.98,1491247,3567792836.0,1.31,1.64
2023-08-14,中信证券,600030,21.73,22.46,21.73,21.98,22.33,1938486,4625763875.0,1.71,-1.57
2023-08-11,中信证券,600030,23.21,23.21,22.21,22.33,23.43,2801688,6841019604.0,2.46,-4.69
2023-08-10,中信证券,600030,23.13,23.43,22.98,23.43,23.14,1872111,4681327784.0,1.65,1.25
2023-08-09,中信证券,600030,22.87,23.43,22.76,23.14,23.13,1639236,4073148150.0,1.44,0.04
2023-08-08,中信证券,600030,22.65,23.63,22.11,23.13,23.0,2488180,6180883719.0,2.19,0.57
2023-08-07,中信证券,600030,22.51,23.11,22.14,23.0,22.93,1919689,4694751561.0,1.69,0.31
2023-08-04,中信证券,600030,23.23,24.33,22.72,22.93,22.66,4677813,11765352796.0,4.12,1.19
2023-08-03,中信证券,600030,22.69,23.07,22.02,22.66,22.08,2633857,6391229794.0,2.32,2.63
2023-08-02,中信证券,600030,21.91,22.82,21.88,22.08,21.9,2239608,5398448771.0,1.97,0.82
2023-08-01,中信证券,600030,22.13,22.5,21.61,21.9,22.33,2738399,6526470476.0,2.41,-1.93
2023-07-31,中信证券,600030,22.53,23.1,22.13,22.33,21.9,4465017,10869042988.0,3.93,1.96
2023-07-28,中信证券,600030,19.7,21.9,19.69,21.9,19.75,4413377,10176122551.0,3.88,10.89
2023-07-27,中信证券,600030,20.0,20.2,19.7,19.75,20.01,916243,1988769914.0,0.81,-1.3
2023-07-26,中信证券,600030,19.78,20.03,19.67,20.01,19.81,1284302,2778443919.0,1.13,1.01
2023-07-25,中信证券,600030,19.53,19.98,19.22,19.81,18.62,2590025,5533914221.0,2.28,6.39
2023-07-24,中信证券,600030,18.39,18.83,18.38,18.62,18.59,396661,809092394.0,0.35,0.16
2023-07-21,中信证券,600030,18.53,18.8,18.5,18.59,18.53,445415,909156710.0,0.39,0.32
2023-07-20,中信证券,600030,18.73,18.78,18.52,18.53,18.64,441118,902068661.0,0.39,-0.59
2023-07-19,中信证券,600030,18.37,18.66,18.37,18.64,18.52,387182,787116076.0,0.34,0.65
2023-07-18,中信证券,600030,18.61,18.62,18.43,18.52,18.51,274262,556363980.0,0.24,0.05
2023-07-17,中信证券,600030,18.67,18.67,18.43,18.51,18.73,349439,708736502.0,0.31,-1.17
2023-07-14,中信证券,600030,18.76,18.81,18.62,18.73,18.7,445111,911724353.0,0.39,0.16
2023-07-13,中信证券,600030,18.42,18.77,18.41,18.7,18.31,803793,1643443226.0,0.71,2.13
2023-07-12,中信证券,600030,18.5,18.54,18.29,18.31,18.47,315572,637090767.0,0.28,-0.87
2023-07-11,中信证券,600030,18.43,18.53,18.38,18.47,18.35,353911,716118203.0,0.31,0.65
2023-07-10,中信证券,600030,18.39,18.52,18.25,18.35,18.36,339428,684436063.0,0.3,-0.05
2023-07-07,中信证券,600030,18.2,18.47,18.15,18.36,18.28,415074,834597709.0,0.37,0.44
2023-07-06,中信证券,600030,18.23,18.46,18.2,18.28,18.38,421413,845509328.0,0.37,-0.54
2023-07-05,中信证券,600030,18.49,18.57,18.38,18.38,18.51,343733,695068835.0,0.3,-0.7
2023-07-04,中信证券,600030,18.41,18.64,18.39,18.51,18.47,462444,938334579.0,0.41,0.22
2023-07-03,中信证券,600030,18.03,18.62,18.01,18.47,18.01,871629,1757998859.0,0.77,2.55
2023-06-30,中信证券,600030,17.65,18.14,17.65,18.01,17.67,518329,1022917693.0,0.46,1.92
2023-06-29,中信证券,600030,17.72,17.8,17.6,17.67,17.73,295886,575913727.0,0.26,-0.34
2023-06-28,中信证券,600030,17.7,17.77,17.59,17.73,17.72,384117,747052105.0,0.34,0.06
2023-06-27,中信证券,600030,17.53,17.79,17.53,17.72,17.52,376666,731925831.0,0.33,1.14
2023-06-26,中信证券,600030,17.89,17.89,17.51,17.52,18.08,833980,1618562464.0,0.73,-3.1
2023-06-21,中信证券,600030,18.25,18.32,18.05,18.08,18.29,512318,1022579949.0,0.45,-1.15
2023-06-20,中信证券,600030,18.38,18.44,18.23,18.29,18.38,601379,1207409414.0,0.53,-0.49
2023-06-19,中信证券,600030,18.61,18.61,18.32,18.38,18.62,679583,1371655372.0,0.6,-1.29
2023-06-16,中信证券,600030,18.56,18.66,18.45,18.62,18.53,702426,1428084238.0,0.62,0.49
2023-06-15,中信证券,600030,18.36,18.59,18.26,18.53,18.23,830879,1679572453.0,0.73,1.65
2023-06-14,中信证券,600030,18.23,18.49,18.21,18.23,18.21,756191,1521827733.0,0.67,0.11
2023-06-13,中信证券,600030,18.04,18.23,18.04,18.21,18.08,509990,1016642731.0,0.45,0.72
2023-06-12,中信证券,600030,18.38,18.4,18.06,18.08,18.41,897547,1788103755.0,0.79,-1.79
2023-06-09,中信证券,600030,18.41,18.53,18.31,18.41,18.43,510678,1030974935.0,0.45,-0.11
2023-06-08,中信证券,600030,18.11,18.52,17.97,18.43,18.1,771346,1548094659.0,0.68,1.82
2023-06-07,中信证券,600030,18.08,18.27,18.04,18.1,18.06,476803,949185852.0,0.42,0.22
2023-06-06,中信证券,600030,18.23,18.44,18.03,18.06,18.23,740980,1482148342.0,0.65,-0.93
2023-06-05,中信证券,600030,18.43,18.45,18.21,18.23,18.42,613004,1231346310.0,0.54,-1.03
2023-06-02,中信证券,600030,18.38,18.5,18.34,18.42,18.33,882620,1782217067.0,0.78,0.49
2023-06-01,中信证券,600030,18.28,18.54,18.19,18.33,18.28,750125,1508997266.0,0.66,0.27
2023-05-31,中信证券,600030,18.53,18.53,18.18,18.28,18.59,982478,1970325164.0,0.86,-1.67
2023-05-30,中信证券,600030,18.62,18.69,18.33,18.59,18.58,655883,1330113854.0,0.58,0.05
2023-05-29,中信证券,600030,18.59,18.67,18.45,18.58,18.6,500163,1017562180.0,0.44,-0.11
2023-05-26,中信证券,600030,18.55,18.72,18.39,18.6,18.55,457693,930327420.0,0.4,0.27
2023-05-25,中信证券,600030,18.44,18.59,18.33,18.55,18.51,660117,1336241724.0,0.58,0.22
2023-05-24,中信证券,600030,19.07,19.07,18.49,18.51,19.08,1090077,2233926547.0,0.96,-2.99
2023-05-23,中信证券,600030,19.51,19.55,19.08,19.08,19.53,773846,1625452016.0,0.68,-2.3
2023-05-22,中信证券,600030,19.5,19.69,19.44,19.53,19.52,484949,1032995598.0,0.43,0.05
2023-05-19,中信证券,600030,19.83,19.83,19.44,19.52,19.9,766753,1634752012.0,0.67,-1.91
2023-05-18,中信证券,600030,19.9,20.25,19.83,19.9,19.89,604724,1316619074.0,0.53,0.05
2023-05-17,中信证券,600030,19.93,20.13,19.78,19.89,20.03,483320,1048547411.0,0.43,-0.7
2023-05-16,中信证券,600030,20.03,20.38,19.91,20.03,20.05,804855,1760859552.0,0.71,-0.1
2023-05-15,中信证券,600030,19.7,20.13,19.31,20.05,19.73,1122918,2414280250.0,0.99,1.62
2023-05-12,中信证券,600030,19.99,20.11,19.66,19.73,20.03,851291,1838150021.0,0.75,-1.5
2023-05-11,中信证券,600030,20.15,20.34,19.95,20.03,20.12,830927,1820599631.0,0.73,-0.45
2023-05-10,中信证券,600030,20.73,20.89,20.0,20.12,20.97,2103400,4656419690.0,1.85,-4.05
2023-05-09,中信证券,600030,21.11,22.14,20.93,20.97,20.92,4023736,9384941676.0,3.54,0.24
2023-05-08,中信证券,600030,20.03,21.21,19.88,20.92,20.16,2838762,6358561217.0,2.5,3.77
2023-05-05,中信证券,600030,19.6,20.46,19.58,20.16,19.5,2183066,4787990388.0,1.92,3.38
2023-05-04,中信证券,600030,19.06,19.69,18.75,19.5,19.25,1070272,2253852597.0,0.94,1.3
2023-04-28,中信证券,600030,19.01,19.46,18.76,19.25,19.26,1268279,2658143470.0,1.12,-0.05
2023-04-27,中信证券,600030,18.83,19.33,18.76,19.26,18.86,886401,1848054657.0,0.78,2.12
2023-04-26,中信证券,600030,18.83,18.99,18.71,18.86,18.95,651940,1343921020.0,0.57,-0.47
2023-04-25,中信证券,600030,18.83,19.13,18.72,18.95,18.85,745541,1540111176.0,0.66,0.53
2023-04-24,中信证券,600030,19.02,19.13,18.72,18.85,19.04,712967,1474860985.0,0.63,-1.0
2023-04-21,中信证券,600030,19.75,19.77,19.03,19.04,19.78,952917,2011565963.0,0.84,-3.74
2023-04-20,中信证券,600030,19.64,19.82,19.56,19.78,19.71,568484,1220398232.0,0.5,0.36
2023-04-19,中信证券,600030,19.94,19.96,19.65,19.71,19.96,658684,1420881184.0,0.58,-1.25
2023-04-18,中信证券,600030,20.0,20.15,19.83,19.96,20.01,990579,2156498959.0,0.87,-0.25
2023-04-17,中信证券,600030,19.18,20.01,19.14,20.01,19.18,1624228,3496576628.0,1.43,4.33
2023-04-14,中信证券,600030,19.24,19.36,19.05,19.18,19.17,481025,1008174941.0,0.42,0.05
2023-04-13,中信证券,600030,19.45,19.46,19.16,19.17,19.57,647184,1362170050.0,0.57,-2.04
2023-04-12,中信证券,600030,19.57,19.71,19.46,19.57,19.57,612833,1306727741.0,0.54,0.0
2023-04-11,中信证券,600030,19.48,19.94,19.47,19.57,19.35,1161390,2496887124.0,1.02,1.14
2023-04-10,中信证券,600030,19.55,19.69,19.28,19.35,19.4,849665,1807635650.0,0.75,-0.26
2023-04-07,中信证券,600030,19.13,19.58,19.06,19.4,19.12,789999,1667342293.0,0.7,1.46
2023-04-06,中信证券,600030,19.28,19.31,19.04,19.12,19.3,566802,1186593277.0,0.5,-0.93
2023-04-04,中信证券,600030,19.23,19.38,19.13,19.3,19.23,992536,2088420959.0,0.87,0.36
2023-04-03,中信证券,600030,18.71,19.28,18.7,19.23,18.71,1285585,2680201165.0,1.13,2.78
2023-03-31,中信证券,600030,18.64,18.82,18.6,18.71,18.71,390271,799826390.0,0.34,0.0
2023-03-30,中信证券,600030,18.4,18.85,18.29,18.71,18.44,576891,1173840730.0,0.51,1.46
2023-03-29,中信证券,600030,18.71,18.72,18.33,18.44,18.62,481011,973412021.0,0.42,-0.97
2023-03-28,中信证券,600030,18.67,18.72,18.53,18.62,18.63,380341,775246859.0,0.33,-0.05
2023-03-27,中信证券,600030,18.75,18.82,18.5,18.63,18.75,513917,1049583840.0,0.45,-0.64
2023-03-24,中信证券,600030,18.69,18.82,18.6,18.75,18.72,428716,878613153.0,0.38,0.16
2023-03-23,中信证券,600030,18.39,18.73,18.36,18.72,18.53,509007,1037667741.0,0.45,1.03
2023-03-22,中信证券,600030,18.53,18.61,18.4,18.53,18.44,539983,1094844207.0,0.48,0.49
2023-03-21,中信证券,600030,18.36,18.58,18.28,18.44,18.28,438535,885654386.0,0.39,0.88
2023-03-20,中信证券,600030,18.39,18.65,18.24,18.28,18.39,651845,1316058836.0,0.57,-0.6
2023-03-17,中信证券,600030,18.28,18.73,18.28,18.39,18.14,881548,1785662524.0,0.78,1.38
2023-03-16,中信证券,600030,18.08,18.32,18.06,18.14,18.28,472923,944159544.0,0.42,-0.77
2023-03-15,中信证券,600030,18.27,18.33,18.17,18.28,18.09,495211,992407890.0,0.44,1.05
2023-03-14,中信证券,600030,18.26,18.28,17.92,18.09,18.36,568961,1129415983.0,0.5,-1.47
2023-03-13,中信证券,600030,18.23,18.41,18.18,18.36,18.22,446131,895084584.0,0.39,0.77
2023-03-10,中信证券,600030,18.35,18.39,18.14,18.22,18.51,587130,1176959572.0,0.52,-1.57
2023-03-09,中信证券,600030,18.67,18.74,18.49,18.51,18.59,442349,900495809.0,0.39,-0.43
2023-03-08,中信证券,600030,18.62,18.68,18.48,18.59,18.74,676840,1376618833.0,0.6,-0.8
2023-03-07,中信证券,600030,18.88,19.39,18.7,18.74,18.92,1201098,2501219156.0,1.06,-0.95
2023-03-06,中信证券,600030,19.41,19.42,18.86,18.92,19.4,877479,1829806799.0,0.77,-2.47
2023-03-03,中信证券,600030,19.15,19.46,19.08,19.4,19.11,710361,1496285928.0,0.62,1.52
2023-03-02,中信证券,600030,19.07,19.22,19.01,19.11,19.13,395712,826551674.0,0.35,-0.1
2023-03-01,中信证券,600030,18.84,19.23,18.76,19.13,18.88,570920,1189825667.0,0.5,1.32
2023-02-28,中信证券,600030,18.73,18.9,18.58,18.88,18.67,418406,858376722.0,0.37,1.12
2023-02-27,中信证券,600030,18.61,18.77,18.53,18.67,18.82,374362,765068167.0,0.33,-0.8
2023-02-24,中信证券,600030,19.28,19.32,18.82,18.82,19.26,760295,1576456261.0,0.67,-2.28
2023-02-23,中信证券,600030,19.04,19.41,19.04,19.26,19.03,694633,1461387798.0,0.61,1.21
2023-02-22,中信证券,600030,19.23,19.33,18.96,19.03,19.32,690167,1442714213.0,0.61,-1.5
2023-02-21,中信证券,600030,19.16,19.4,19.12,19.32,19.27,717272,1509584143.0,0.63,0.26
2023-02-20,中信证券,600030,18.7,19.33,18.64,19.27,18.47,965455,2006356648.0,0.85,4.33
2023-02-17,中信证券,600030,18.78,18.88,18.46,18.47,18.8,534649,1094081583.0,0.47,-1.76
2023-02-16,中信证券,600030,19.0,19.28,18.63,18.8,18.98,754672,1570985449.0,0.66,-0.95
2023-02-15,中信证券,600030,19.12,19.19,18.94,18.98,19.15,441502,917073306.0,0.39,-0.89
2023-02-14,中信证券,600030,19.23,19.25,18.99,19.15,19.16,378261,789200109.0,0.33,-0.05
2023-02-13,中信证券,600030,19.05,19.26,18.98,19.16,19.19,470592,982251453.0,0.41,-0.16
2023-02-10,中信证券,600030,19.33,19.33,19.11,19.19,19.4,389886,818068365.0,0.34,-1.08
2023-02-09,中信证券,600030,19.07,19.4,19.03,19.4,19.1,505692,1064504321.0,0.44,1.57
2023-02-08,中信证券,600030,19.14,19.21,19.04,19.1,19.13,307495,642319285.0,0.27,-0.16
2023-02-07,中信证券,600030,19.18,19.26,19.06,19.13,19.08,416286,870715019.0,0.37,0.26
2023-02-06,中信证券,600030,19.39,19.39,19.03,19.08,19.59,788730,1652494588.0,0.69,-2.6
2023-02-03,中信证券,600030,19.53,19.61,19.29,19.59,19.66,819820,1739508783.0,0.72,-0.36
2023-02-02,中信证券,600030,20.7,20.72,19.63,19.66,20.32,1943692,4207608079.0,1.71,-3.25
2023-02-01,中信证券,600030,19.72,20.41,19.64,20.32,19.64,1005566,2188098234.0,0.88,3.46
2023-01-31,中信证券,600030,19.96,20.06,19.52,19.64,19.84,829063,1786535983.0,0.73,-1.01
2023-01-30,中信证券,600030,20.48,20.52,19.69,19.84,19.9,1278232,2779462653.0,1.12,-0.3
2023-01-20,中信证券,600030,19.87,19.93,19.58,19.9,19.85,710780,1534298760.0,0.63,0.25
2023-01-19,中信证券,600030,19.56,19.86,19.49,19.85,19.61,678180,1454364179.0,0.6,1.22
2023-01-18,中信证券,600030,19.74,19.93,19.61,19.61,19.86,593369,1274724374.0,0.52,-1.26
2023-01-17,中信证券,600030,19.6,19.9,19.53,19.86,19.77,807047,1732795031.0,0.71,0.46
2023-01-16,中信证券,600030,19.01,20.22,18.89,19.77,18.98,2366243,5085505441.0,2.08,4.16
2023-01-13,中信证券,600030,18.69,18.98,18.5,18.98,18.69,828639,1704679743.0,0.73,1.55
2023-01-12,中信证券,600030,18.62,18.7,18.45,18.69,18.57,387843,789388196.0,0.34,0.65
2023-01-11,中信证券,600030,18.73,18.81,18.42,18.57,18.67,552668,1125438269.0,0.49,-0.54
2023-01-10,中信证券,600030,18.83,18.99,18.64,18.67,18.88,479810,986290681.0,0.42,-1.11
2023-01-09,中信证券,600030,18.78,19.13,18.73,18.88,18.64,786134,1626914351.0,0.69,1.29
2023-01-06,中信证券,600030,18.57,18.74,18.48,18.64,18.67,503337,1026057457.0,0.44,-0.16
2023-01-05,中信证券,600030,18.53,18.78,18.44,18.67,18.38,780586,1591291319.0,0.69,1.58
2023-01-04,中信证券,600030,18.17,18.43,18.13,18.38,18.13,492645,989875833.0,0.43,1.38
2023-01-03,中信证券,600030,18.01,18.2,17.59,18.13,18.14,692944,1365455659.0,0.61,-0.06
2022-12-30,中信证券,600030,18.08,18.38,18.08,18.14,18.01,448713,897017212.0,0.39,0.72
2022-12-29,中信证券,600030,18.13,18.21,17.86,18.01,18.28,483679,954677744.0,0.43,-1.48
2022-12-28,中信证券,600030,18.29,18.38,18.19,18.28,18.37,313698,628623837.0,0.28,-0.49
2022-12-27,中信证券,600030,18.03,18.4,17.93,18.37,17.9,596653,1194599236.0,0.52,2.63
2022-12-26,中信证券,600030,17.98,18.14,17.85,17.9,18.02,342238,674190443.0,0.3,-0.67
2022-12-23,中信证券,600030,17.96,18.2,17.91,18.02,18.1,354937,703233961.0,0.31,-0.44
2022-12-22,中信证券,600030,18.23,18.29,18.0,18.1,17.97,468564,933124631.0,0.41,0.72
2022-12-21,中信证券,600030,18.07,18.08,17.9,17.97,17.94,295335,583451980.0,0.26,0.17
2022-12-20,中信证券,600030,18.13,18.33,17.79,17.94,18.19,488120,967149200.0,0.43,-1.37
2022-12-19,中信证券,600030,18.69,18.83,18.09,18.19,18.64,682772,1376290870.0,0.6,-2.41
2022-12-16,中信证券,600030,18.45,18.81,18.42,18.64,18.5,594499,1209081446.0,0.52,0.76
2022-12-15,中信证券,600030,18.68,18.83,18.48,18.5,18.77,433059,881017355.0,0.38,-1.44
2022-12-14,中信证券,600030,18.58,18.93,18.39,18.77,18.53,590594,1209323882.0,0.52,1.3
2022-12-13,中信证券,600030,18.53,18.73,18.44,18.53,18.47,597671,1216271655.0,0.53,0.32
2022-12-12,中信证券,600030,18.67,18.78,18.39,18.47,18.87,694337,1410994404.0,0.61,-2.12
2022-12-09,中信证券,600030,18.78,18.99,18.49,18.87,18.74,844050,1730139478.0,0.74,0.69
2022-12-08,中信证券,600030,18.78,18.95,18.63,18.74,18.82,632475,1296641378.0,0.56,-0.43
2022-12-07,中信证券,600030,19.07,19.21,18.73,18.82,19.13,760814,1572242846.0,0.67,-1.62
2022-12-06,中信证券,600030,18.86,19.49,18.86,19.13,19.06,1251618,2623225949.0,1.1,0.37
2022-12-05,中信证券,600030,18.37,19.11,18.37,19.06,18.06,1680806,3464055945.0,1.48,5.54
2022-12-02,中信证券,600030,18.23,18.36,17.97,18.06,18.2,585850,1164943796.0,0.52,-0.77
2022-12-01,中信证券,600030,18.41,19.19,18.16,18.2,18.05,1979497,4043440760.0,1.74,0.83
2022-11-30,中信证券,600030,17.88,18.32,17.85,18.05,17.97,1055676,2100630625.0,0.93,0.45
2022-11-29,中信证券,600030,17.28,18.14,17.28,17.97,17.24,1212733,2376980932.0,1.07,4.23
2022-11-28,中信证券,600030,17.23,17.28,16.98,17.24,17.58,536798,1013846304.0,0.47,-1.93
2022-11-25,中信证券,600030,17.33,17.68,17.29,17.58,17.33,542375,1048979348.0,0.48,1.44
2022-11-24,中信证券,600030,17.61,17.72,17.3,17.33,17.45,406165,781955002.0,0.36,-0.69
2022-11-23,中信证券,600030,17.36,17.65,17.31,17.45,17.39,487637,939238707.0,0.43,0.35
2022-11-22,中信证券,600030,17.17,17.56,17.05,17.39,17.08,535088,1021392562.0,0.47,1.81
2022-11-21,中信证券,600030,17.23,17.23,16.93,17.08,17.38,460381,866142945.0,0.41,-1.73
2022-11-18,中信证券,600030,17.68,17.73,17.35,17.38,17.69,565865,1089377396.0,0.5,-1.75
2022-11-17,中信证券,600030,17.59,17.72,17.47,17.69,17.66,513618,994845908.0,0.45,0.17
2022-11-16,中信证券,600030,17.94,18.1,17.63,17.66,18.03,730208,1428915772.0,0.64,-2.05
2022-11-15,中信证券,600030,17.34,18.32,17.34,18.03,17.43,1424833,2808436508.0,1.25,3.44
2022-11-14,中信证券,600030,17.37,17.75,17.23,17.43,17.19,1340592,2584313144.0,1.18,1.4
2022-11-11,中信证券,600030,17.23,17.43,16.94,17.19,16.66,1247938,2365374902.0,1.1,3.18
2022-11-10,中信证券,600030,16.39,16.78,16.35,16.66,16.48,617652,1135083188.0,0.54,1.09
2022-11-09,中信证券,600030,16.5,16.64,16.43,16.48,16.51,333565,610214925.0,0.29,-0.18
2022-11-08,中信证券,600030,16.53,16.62,16.35,16.51,16.5,372081,678142380.0,0.33,0.06
2022-11-07,中信证券,600030,16.38,16.63,16.34,16.5,16.48,598130,1093059799.0,0.53,0.12
2022-11-04,中信证券,600030,15.94,16.62,15.94,16.48,15.96,862706,1566133757.0,0.76,3.26
2022-11-03,中信证券,600030,16.08,16.11,15.88,15.96,16.14,377555,670310454.0,0.33,-1.12
2022-11-02,中信证券,600030,15.93,16.25,15.9,16.14,16.13,651511,1161990071.0,0.57,0.06
2022-11-01,中信证券,600030,15.51,16.13,15.49,16.13,15.44,834094,1472122077.0,0.73,4.47
2022-10-31,中信证券,600030,15.42,15.67,15.27,15.44,15.45,618304,1064433273.0,0.54,-0.06
2022-10-28,中信证券,600030,15.75,15.87,15.38,15.45,15.83,594711,1033364039.0,0.52,-2.4
2022-10-27,中信证券,600030,15.81,16.04,15.78,15.83,15.76,512715,905111219.0,0.45,0.44
2022-10-26,中信证券,600030,15.73,16.07,15.68,15.76,15.76,695153,1222304306.0,0.61,0.0
2022-10-25,中信证券,600030,16.03,16.2,15.69,15.76,15.99,736668,1298643943.0,0.65,-1.44
2022-10-24,中信证券,600030,16.55,16.78,15.89,15.99,16.43,852518,1538595727.0,0.75,-2.68
2022-10-21,中信证券,600030,16.62,16.73,16.37,16.43,16.33,702020,1286407733.0,0.62,0.61
2022-10-20,中信证券,600030,16.28,16.59,16.25,16.33,16.33,462291,839249616.0,0.41,0.0
2022-10-19,中信证券,600030,16.39,16.5,16.29,16.33,16.4,435640,789800042.0,0.38,-0.43
2022-10-18,中信证券,600030,16.45,16.53,16.33,16.4,16.41,375948,683828853.0,0.33,-0.06
2022-10-17,中信证券,600030,16.23,16.48,16.19,16.41,16.3,395460,718127458.0,0.35,0.67
2022-10-14,中信证券,600030,16.1,16.43,16.05,16.3,15.94,621606,1122144653.0,0.55,2.26
2022-10-13,中信证券,600030,15.95,16.0,15.82,15.94,16.02,414404,732435144.0,0.36,-0.5
2022-10-12,中信证券,600030,15.62,16.05,15.53,16.02,15.62,562548,988898508.0,0.49,2.56
2022-10-11,中信证券,600030,15.64,15.88,15.5,15.62,15.56,393165,685117715.0,0.35,0.39
2022-10-10,中信证券,600030,15.51,15.84,15.48,15.56,15.65,444611,775291356.0,0.39,-0.58
2022-09-30,中信证券,600030,15.62,15.8,15.59,15.65,15.63,412399,720565494.0,0.36,0.13
2022-09-29,中信证券,600030,16.08,16.1,15.55,15.63,15.95,568276,998002671.0,0.5,-2.01
2022-09-28,中信证券,600030,16.19,16.23,15.88,15.95,16.3,544254,970287343.0,0.48,-2.15
2022-09-27,中信证券,600030,16.33,16.41,16.06,16.3,16.25,596610,1072756775.0,0.52,0.31
2022-09-26,中信证券,600030,16.47,16.54,16.23,16.25,16.59,477755,867140318.0,0.42,-2.05
2022-09-23,中信证券,600030,16.6,16.73,16.48,16.59,16.62,376786,693021349.0,0.33,-0.18
2022-09-22,中信证券,600030,16.51,16.71,16.49,16.62,16.66,327023,600874336.0,0.29,-0.24
2022-09-21,中信证券,600030,16.54,16.78,16.47,16.66,16.65,481071,883134038.0,0.42,0.06
2022-09-20,中信证券,600030,16.69,16.8,16.55,16.65,16.65,447836,826409453.0,0.39,0.0
2022-09-19,中信证券,600030,16.58,16.79,16.54,16.65,16.65,658783,1214639439.0,0.58,0.0
2022-09-16,中信证券,600030,17.62,17.7,16.59,16.65,17.76,1918654,3568153682.0,1.69,-6.25
2022-09-15,中信证券,600030,17.83,18.03,17.64,17.76,17.81,615972,1208139228.0,0.54,-0.28
2022-09-14,中信证券,600030,17.83,17.97,17.77,17.81,18.06,523532,1027554616.0,0.46,-1.38
2022-09-13,中信证券,600030,18.09,18.23,17.95,18.06,18.01,622301,1237405554.0,0.55,0.28
2022-09-09,中信证券,600030,17.58,18.15,17.55,18.01,17.54,1007421,1984218133.0,0.89,2.68
2022-09-08,中信证券,600030,17.63,17.77,17.54,17.54,17.6,374768,727404073.0,0.33,-0.34
2022-09-07,中信证券,600030,17.63,17.68,17.53,17.6,17.71,319087,617375997.0,0.28,-0.62
2022-09-06,中信证券,600030,17.53,17.73,17.51,17.71,17.5,599818,1163733943.0,0.53,1.2
2022-09-05,中信证券,600030,17.39,17.57,17.31,17.5,17.47,430613,825521886.0,0.38,0.17
2022-09-02,中信证券,600030,17.53,17.71,17.33,17.47,17.53,446179,859353525.0,0.39,-0.34
2022-09-01,中信证券,600030,17.61,17.73,17.4,17.53,17.75,530111,1025710175.0,0.47,-1.24
2022-08-31,中信证券,600030,17.38,17.99,17.35,17.75,17.48,889231,1730202291.0,0.78,1.54
2022-08-30,中信证券,600030,17.59,17.73,17.23,17.48,17.6,609104,1169277160.0,0.54,-0.68
2022-08-29,中信证券,600030,17.51,17.73,17.44,17.6,17.63,399914,773930982.0,0.35,-0.17
2022-08-26,中信证券,600030,17.93,17.95,17.57,17.63,17.81,648589,1264575447.0,0.57,-1.01
2022-08-25,中信证券,600030,17.25,17.97,17.2,17.81,17.23,961571,1913109809.0,0.85,3.37
2022-08-24,中信证券,600030,17.58,17.84,17.19,17.23,17.59,768150,1523222370.0,0.68,-2.05
2022-08-23,中信证券,600030,17.64,17.87,17.5,17.59,17.64,515282,1028794272.0,0.45,-0.28
2022-08-22,中信证券,600030,17.61,17.81,17.59,17.64,17.67,362703,725333782.0,0.32,-0.17
2022-08-19,中信证券,600030,17.73,17.87,17.65,17.67,17.71,373062,748570008.0,0.33,-0.23
2022-08-18,中信证券,600030,17.79,17.89,17.66,17.71,17.89,371902,746336598.0,0.33,-1.01
2022-08-17,中信证券,600030,17.68,17.97,17.5,17.89,17.63,776178,1562602114.0,0.68,1.47
2022-08-16,中信证券,600030,17.69,17.8,17.6,17.63,17.64,371111,742068576.0,0.33,-0.06
2022-08-15,中信证券,600030,17.65,17.88,17.58,17.64,17.75,502255,1005543300.0,0.44,-0.62
2022-08-12,中信证券,600030,17.69,17.85,17.63,17.75,17.86,741750,1486937917.0,0.65,-0.62
2022-08-11,中信证券,600030,17.3,17.94,17.2,17.86,17.17,1397311,2794285676.0,1.23,4.02
2022-08-10,中信证券,600030,17.1,17.38,16.97,17.17,17.07,487223,950413303.0,0.43,0.59
2022-08-09,中信证券,600030,17.09,17.33,17.03,17.07,17.12,505544,984708370.0,0.44,-0.29
2022-08-08,中信证券,600030,16.91,17.17,16.88,17.12,16.99,470863,911638245.0,0.41,0.77
2022-08-05,中信证券,600030,16.56,17.02,16.52,16.99,16.53,702522,1340690461.0,0.62,2.78
2022-08-04,中信证券,600030,16.5,16.72,16.48,16.53,16.44,619833,1170035869.0,0.55,0.55
2022-08-03,中信证券,600030,16.49,16.68,16.39,16.44,16.49,561538,1057628963.0,0.49,-0.3
2022-08-02,中信证券,600030,16.79,16.79,16.29,16.49,17.03,956124,1800256410.0,0.84,-3.17
2022-08-01,中信证券,600030,17.24,17.25,16.93,17.03,17.29,561560,1086370171.0,0.49,-1.5
2022-07-29,中信证券,600030,17.57,17.77,17.28,17.29,17.56,582422,1152065653.0,0.51,-1.54
2022-07-28,中信证券,600030,17.6,17.81,17.54,17.56,17.5,595376,1189440910.0,0.52,0.34
2022-07-27,中信证券,600030,17.44,17.57,17.42,17.5,17.52,326735,647004596.0,0.29,-0.11
2022-07-26,中信证券,600030,17.39,17.6,17.37,17.52,17.35,343846,680693832.0,0.3,0.98
2022-07-25,中信证券,600030,17.56,17.57,17.3,17.35,17.57,463479,912775390.0,0.41,-1.25
2022-07-22,中信证券,600030,17.53,17.74,17.42,17.57,17.46,471389,937888911.0,0.41,0.63
2022-07-21,中信证券,600030,17.63,17.68,17.45,17.46,17.67,426832,848576662.0,0.38,-1.19
2022-07-20,中信证券,600030,17.71,17.78,17.62,17.67,17.65,471607,943903049.0,0.41,0.11
2022-07-19,中信证券,600030,17.56,17.77,17.39,17.65,17.56,567338,1127763566.0,0.5,0.51
2022-07-18,中信证券,600030,17.34,17.66,17.34,17.56,17.26,622302,1234444120.0,0.55,1.74
2022-07-15,中信证券,600030,17.69,17.85,17.26,17.26,17.71,844822,1680384788.0,0.74,-2.54
2022-07-14,中信证券,600030,17.87,17.91,17.69,17.71,17.91,565378,1136079835.0,0.5,-1.12
2022-07-13,中信证券,600030,17.91,18.08,17.84,17.91,17.91,544024,1102259333.0,0.48,0.0
2022-07-12,中信证券,600030,17.94,18.12,17.81,17.91,17.89,728404,1475160291.0,0.64,0.11
2022-07-11,中信证券,600030,18.21,18.27,17.84,17.89,18.36,1019754,2072625936.0,0.9,-2.56
2022-07-08,中信证券,600030,18.65,18.71,18.32,18.36,18.58,709285,1476542960.0,0.62,-1.18
2022-07-07,中信证券,600030,18.62,18.76,18.53,18.58,18.61,565501,1183417280.0,0.5,-0.16
2022-07-06,中信证券,600030,18.74,18.91,18.54,18.61,18.85,782232,1640435216.0,0.69,-1.27
2022-07-05,中信证券,600030,19.14,19.34,18.6,18.85,19.13,978338,2072638880.0,0.86,-1.46
2022-07-04,中信证券,600030,19.03,19.16,18.59,19.13,19.03,974439,2063687968.0,0.86,0.53
2022-07-01,中信证券,600030,19.39,19.43,18.94,19.03,19.35,762405,1637094320.0,0.67,-1.65
2022-06-30,中信证券,600030,19.13,19.64,19.13,19.35,19.1,1050794,2282859792.0,0.92,1.31
2022-06-29,中信证券,600030,19.27,19.54,19.06,19.1,19.44,1024874,2212563600.0,0.9,-1.75
2022-06-28,中信证券,600030,19.44,19.68,18.99,19.44,19.49,1307242,2817082080.0,1.15,-0.26
2022-06-27,中信证券,600030,19.44,19.72,19.29,19.49,19.32,1147774,2504562256.0,1.01,0.88
2022-06-24,中信证券,600030,19.53,19.67,19.18,19.32,19.46,1353485,2930563840.0,1.19,-0.72
2022-06-23,中信证券,600030,18.42,19.99,18.41,19.46,18.45,2189825,4717812224.0,1.93,5.47
2022-06-22,中信证券,600030,18.74,18.93,18.37,18.45,18.7,1087038,2273574976.0,0.96,-1.34
2022-06-21,中信证券,600030,18.36,18.88,18.34,18.7,18.41,1303470,2721466192.0,1.15,1.58
2022-06-20,中信证券,600030,18.48,18.76,18.26,18.41,18.51,1123384,2328711840.0,0.99,-0.54
2022-06-17,中信证券,600030,18.29,18.94,18.14,18.51,18.51,1477400,3071579904.0,1.3,0.0
2022-06-16,中信证券,600030,19.48,19.48,18.49,18.51,19.56,2456362,5205614848.0,2.16,-5.37
2022-06-15,中信证券,600030,18.89,20.44,18.88,19.56,18.8,3870782,8513421312.0,3.41,4.04
2022-06-14,中信证券,600030,17.69,18.84,17.3,18.8,17.96,2041708,4153409392.0,1.8,4.68
2022-06-13,中信证券,600030,18.17,18.27,17.8,17.96,18.48,1199708,2439449280.0,1.06,-2.81
2022-06-10,中信证券,600030,17.79,18.62,17.73,18.48,17.92,1378416,2821335824.0,1.21,3.13
2022-06-09,中信证券,600030,18.06,18.45,17.84,17.92,18.05,1126433,2302461296.0,0.99,-0.72
2022-06-08,中信证券,600030,17.87,18.15,17.74,18.05,17.8,1123419,2274137712.0,0.99,1.4
2022-06-07,中信证券,600030,17.62,18.11,17.57,17.8,17.65,1218894,2462366352.0,1.07,0.85
2022-06-06,中信证券,600030,17.29,17.76,17.17,17.65,17.37,1065213,2114788176.0,0.94,1.61
2022-06-02,中信证券,600030,17.17,17.46,17.03,17.37,17.3,730835,1431501520.0,0.64,0.4
2022-06-01,中信证券,600030,17.49,17.59,17.19,17.3,17.48,585778,1151985184.0,0.52,-1.03
2022-05-31,中信证券,600030,17.17,17.51,17.12,17.48,17.19,740463,1456466208.0,0.65,1.69
2022-05-30,中信证券,600030,17.37,17.45,17.14,17.19,17.3,514139,1006754832.0,0.45,-0.64
2022-05-27,中信证券,600030,17.37,17.49,17.19,17.3,17.31,551474,1084452032.0,0.49,-0.06
2022-05-26,中信证券,600030,17.02,17.44,16.9,17.31,17.0,660404,1289281152.0,0.58,1.82
2022-05-25,中信证券,600030,16.94,17.13,16.9,17.0,16.93,433263,835603952.0,0.38,0.41
2022-05-24,中信证券,600030,17.37,17.43,16.92,16.93,17.39,628092,1224046512.0,0.55,-2.65
2022-05-23,中信证券,600030,17.35,17.49,17.19,17.39,17.44,577127,1133136160.0,0.51,-0.29
2022-05-20,中信证券,600030,17.25,17.55,17.21,17.44,17.06,921753,1816395792.0,0.81,2.23
2022-05-19,中信证券,600030,16.94,17.13,16.89,17.06,17.21,488009,940895888.0,0.43,-0.87
2022-05-18,中信证券,600030,17.07,17.28,16.99,17.21,17.01,772862,1504432624.0,0.68,1.18
2022-05-17,中信证券,600030,16.83,17.14,16.69,17.01,16.76,600074,1154783360.0,0.53,1.49
2022-05-16,中信证券,600030,17.12,17.16,16.68,16.76,16.98,591296,1134387152.0,0.52,-1.3
2022-05-13,中信证券,600030,16.89,17.03,16.77,16.98,16.78,561558,1078771328.0,0.49,1.19
2022-05-12,中信证券,600030,16.7,17.06,16.67,16.78,16.82,532809,1018389168.0,0.47,-0.24
2022-05-11,中信证券,600030,16.74,17.21,16.65,16.82,16.7,976802,1883547824.0,0.86,0.72
2022-05-10,中信证券,600030,16.2,16.87,16.17,16.7,16.42,695687,1315714496.0,0.61,1.71
2022-05-09,中信证券,600030,16.44,16.58,16.34,16.42,16.49,422021,791761664.0,0.37,-0.42
2022-05-06,中信证券,600030,16.69,16.85,16.49,16.49,17.07,669163,1265980640.0,0.59,-3.4
2022-05-05,中信证券,600030,17.16,17.36,17.06,17.07,17.38,818892,1595800944.0,0.72,-1.78
2022-04-29,中信证券,600030,16.97,17.57,16.62,17.38,16.46,1571358,3059354432.0,1.38,5.59
2022-04-28,中信证券,600030,16.34,16.53,16.14,16.46,16.5,783359,1462246032.0,0.69,-0.24
2022-04-27,中信证券,600030,15.79,16.68,15.7,16.5,16.02,1036628,1930097264.0,0.91,3.0
2022-04-26,中信证券,600030,16.92,17.0,15.9,16.02,16.92,1458886,2740075632.0,1.28,-5.32
2022-04-25,中信证券,600030,17.18,17.64,16.9,16.92,17.57,1051415,2057375936.0,0.92,-3.7
2022-04-22,中信证券,600030,17.37,17.71,17.32,17.57,17.53,739041,1470291952.0,0.65,0.23
2022-04-21,中信证券,600030,17.54,17.93,17.4,17.53,17.6,836545,1670154352.0,0.74,-0.4
2022-04-20,中信证券,600030,17.85,17.96,17.56,17.6,17.91,712133,1426214528.0,0.63,-1.73
2022-04-19,中信证券,600030,18.0,18.11,17.8,17.91,17.98,573874,1163116384.0,0.5,-0.39
2022-04-18,中信证券,600030,18.35,18.35,17.79,17.98,18.57,925843,1882755872.0,0.81,-3.18
2022-04-15,中信证券,600030,18.59,18.79,18.43,18.57,18.66,770651,1611278736.0,0.68,-0.48
2022-04-14,中信证券,600030,18.59,18.89,18.51,18.66,18.39,992873,2088214896.0,0.87,1.47
2022-04-13,中信证券,600030,18.49,18.75,18.33,18.39,18.79,928591,1931557536.0,0.82,-2.13
2022-04-12,中信证券,600030,18.16,19.09,18.13,18.79,18.16,1156969,2423728064.0,1.02,3.47
2022-04-11,中信证券,600030,18.67,18.69,18.08,18.16,18.77,889097,1832635648.0,0.78,-3.25
2022-04-08,中信证券,600030,18.46,18.8,18.26,18.77,18.37,950965,1987247840.0,0.84,2.18
2022-04-07,中信证券,600030,18.69,18.87,18.37,18.37,18.81,724825,1516140864.0,0.64,-2.34
2022-04-06,中信证券,600030,18.6,18.83,18.52,18.81,18.81,667070,1401218928.0,0.59,0.0
2022-04-01,中信证券,600030,18.4,19.0,18.37,18.81,18.59,1000268,2105149936.0,0.88,1.18
2022-03-31,中信证券,600030,18.58,18.71,18.49,18.59,18.76,688175,1437739408.0,0.61,-0.91
2022-03-30,中信证券,600030,18.12,18.85,18.12,18.76,17.94,1340413,2799762304.0,1.18,4.57
2022-03-29,中信证券,600030,18.26,18.31,17.87,17.94,18.15,532347,1085804752.0,0.47,-1.16
2022-03-28,中信证券,600030,17.87,18.29,17.75,18.15,18.06,650026,1323383424.0,0.57,0.5
2022-03-25,中信证券,600030,18.31,18.52,18.02,18.06,18.37,616371,1266244928.0,0.54,-1.69
2022-03-24,中信证券,600030,18.37,18.58,18.31,18.37,18.53,540819,1121941216.0,0.48,-0.86
2022-03-23,中信证券,600030,18.62,18.64,18.43,18.53,18.54,549515,1146055824.0,0.48,-0.05
2022-03-22,中信证券,600030,18.39,18.75,18.38,18.54,18.5,664790,1386652928.0,0.58,0.22
2022-03-21,中信证券,600030,18.77,18.8,18.35,18.5,19.14,1182435,2467372304.0,1.04,-3.34
2022-03-18,中信证券,600030,18.49,19.14,18.3,19.14,18.41,1450580,3054310032.0,1.28,3.97
2022-03-17,中信证券,600030,18.74,19.02,18.35,18.41,18.52,1628894,3407112848.0,1.43,-0.59
2022-03-16,中信证券,600030,17.54,18.86,17.07,18.52,17.3,2310606,4703705344.0,2.03,7.05
2022-03-15,中信证券,600030,18.04,18.34,17.18,17.3,18.21,1566994,3151440336.0,1.38,-5.0
2022-03-14,中信证券,600030,18.19,18.61,18.13,18.21,18.59,812738,1681293872.0,0.72,-2.04
2022-03-11,中信证券,600030,18.06,18.78,17.64,18.59,18.35,1546968,3162146912.0,1.36,1.31
2022-03-10,中信证券,600030,18.89,18.97,18.27,18.35,18.45,1234675,2583539696.0,1.09,-0.54
2022-03-09,中信证券,600030,18.89,18.97,17.69,18.45,18.79,1382086,2869523136.0,1.22,-1.81
2022-03-08,中信证券,600030,19.46,19.57,18.73,18.79,19.43,1183291,2541319584.0,1.04,-3.29
2022-03-07,中信证券,600030,20.27,20.27,19.27,19.43,20.42,1419645,3128219488.0,1.25,-4.85
2022-03-04,中信证券,600030,20.69,20.72,20.35,20.42,20.89,790291,1802673008.0,0.7,-2.25
2022-03-03,中信证券,600030,20.81,20.92,20.7,20.89,20.75,578139,1337785440.0,0.51,0.67
2022-03-02,中信证券,600030,20.9,20.98,20.66,20.75,21.06,688578,1590911536.0,0.61,-1.47
2022-03-01,中信证券,600030,21.07,21.15,20.81,21.06,21.02,768058,1787849856.0,0.68,0.19
2022-02-28,中信证券,600030,20.94,21.07,20.7,21.02,21.01,614454,1425287536.0,0.54,0.05
2022-02-25,中信证券,600030,21.29,21.45,20.96,21.01,21.15,727586,1707564912.0,0.64,-0.66
2022-02-24,中信证券,600030,21.69,21.72,20.92,21.15,21.94,1338456,3157525872.0,1.18,-3.6
2022-02-23,中信证券,600030,21.72,21.95,21.6,21.94,21.72,763228,1839487952.0,0.67,1.01
2022-02-22,中信证券,600030,21.99,22.04,21.42,21.72,22.21,1065787,2555568160.0,0.94,-2.21
2022-02-21,中信证券,600030,22.49,22.54,21.99,22.21,22.33,629342,1540352864.0,0.55,-0.54
2022-02-18,中信证券,600030,21.92,22.39,21.92,22.33,22.0,511149,1253203056.0,0.45,1.5
2022-02-17,中信证券,600030,22.32,22.39,21.91,22.0,22.23,628127,1535516976.0,0.55,-1.03
2022-02-16,中信证券,600030,22.45,22.61,22.21,22.23,22.38,684182,1688144912.0,0.6,-0.67
2022-02-15,中信证券,600030,22.3,22.45,22.0,22.38,22.49,805112,1975261952.0,0.71,-0.49
2022-02-14,中信证券,600030,23.09,23.27,22.41,22.49,23.38,996277,2492266416.0,0.88,-3.81
2022-02-11,中信证券,600030,22.99,23.86,22.94,23.38,23.02,1159875,2996549408.0,1.02,1.56
2022-02-10,中信证券,600030,22.91,23.1,22.79,23.02,23.0,629345,1589715088.0,0.55,0.09
2022-02-09,中信证券,600030,23.02,23.11,22.72,23.0,23.06,799554,2020199328.0,0.7,-0.26
2022-02-08,中信证券,600030,22.89,23.12,22.66,23.06,22.97,846228,2135107600.0,0.74,0.39
2022-02-07,中信证券,600030,22.65,23.09,22.48,22.97,22.29,1178472,2962016432.0,1.04,3.05
2022-01-28,中信证券,600030,21.89,23.05,21.87,22.29,21.84,1798787,4456353024.0,1.58,2.06
2022-01-27,中信证券,600030,22.5,22.59,21.57,21.84,21.92,2249220,5455226624.0,1.98,-0.36
2022-01-18,中信证券,600030,21.85,22.2,21.78,21.92,21.89,1310253,3369833616.0,1.33,0.14
2022-01-17,中信证券,600030,21.2,22.26,21.12,21.89,21.33,1619643,4151338080.0,1.65,2.63
2022-01-14,中信证券,600030,21.75,22.0,21.32,21.33,22.49,1850995,4704172288.0,1.89,-5.16
2022-01-13,中信证券,600030,22.75,22.91,22.47,22.49,22.32,1144382,3040495248.0,1.17,0.76
2022-01-12,中信证券,600030,22.09,22.38,21.92,22.32,22.14,605877,1573836752.0,0.62,0.81
2022-01-11,中信证券,600030,22.03,22.56,21.93,22.14,22.03,658879,1719747120.0,0.67,0.5
2022-01-10,中信证券,600030,22.13,22.25,21.95,22.03,21.93,458671,1188399856.0,0.47,0.46
2022-01-07,中信证券,600030,21.78,22.16,21.74,21.93,21.67,572167,1472192688.0,0.58,1.2
2022-01-06,中信证券,600030,22.02,22.19,21.64,21.67,22.12,898959,2296422304.0,0.92,-2.03
2022-01-05,中信证券,600030,22.45,22.56,21.92,22.12,22.56,982363,2556421424.0,1.0,-1.95
2022-01-04,中信证券,600030,22.53,22.69,22.24,22.56,22.53,606262,1595586736.0,0.62,0.13
2021-12-31,中信证券,600030,22.58,22.78,22.52,22.53,22.5,670511,1778955648.0,0.68,0.13
2021-12-30,中信证券,600030,22.05,22.72,22.05,22.5,22.07,781346,2057978144.0,0.8,1.95
2021-12-29,中信证券,600030,22.29,22.29,22.03,22.07,22.22,485993,1262206544.0,0.5,-0.68
2021-12-28,中信证券,600030,22.26,22.42,22.04,22.22,22.18,549142,1430073408.0,0.56,0.18
2021-12-27,中信证券,600030,22.01,22.22,21.86,22.18,21.91,451896,1171037664.0,0.46,1.23
2021-12-24,中信证券,600030,22.11,22.35,21.9,21.91,22.12,499961,1293655216.0,0.51,-0.95
2021-12-23,中信证券,600030,22.1,22.23,21.93,22.12,22.07,448029,1158008784.0,0.46,0.23
2021-12-22,中信证券,600030,22.28,22.38,22.06,22.07,22.27,398667,1035741776.0,0.41,-0.9
2021-12-21,中信证券,600030,22.03,22.42,22.03,22.27,22.07,530788,1385647968.0,0.54,0.91
2021-12-20,中信证券,600030,22.44,22.61,22.01,22.07,22.43,749119,1952963392.0,0.76,-1.6
2021-12-17,中信证券,600030,22.83,22.89,22.41,22.43,22.74,665803,1764408208.0,0.68,-1.36
2021-12-16,中信证券,600030,22.57,22.85,22.52,22.74,22.52,590211,1569049264.0,0.6,0.98
2021-12-15,中信证券,600030,22.58,22.84,22.45,22.52,22.45,678403,1798785312.0,0.69,0.31
2021-12-14,中信证券,600030,22.61,22.73,22.36,22.45,22.76,910137,2401177776.0,0.93,-1.36
2021-12-13,中信证券,600030,23.05,23.28,22.75,22.76,22.56,1548179,4166017712.0,1.58,0.89
2021-12-10,中信证券,600030,22.67,22.72,22.39,22.56,22.94,1213976,3207991792.0,1.24,-1.66
2021-12-09,中信证券,600030,22.52,23.25,22.48,22.94,22.6,1895882,5090108160.0,1.93,1.5
2021-12-08,中信证券,600030,22.48,22.72,22.23,22.6,22.31,1418087,3737147808.0,1.44,1.3
2021-12-07,中信证券,600030,22.35,22.61,22.18,22.31,22.1,1836994,4821063424.0,1.87,0.95
2021-12-06,中信证券,600030,21.32,22.61,21.32,22.1,21.12,3164170,8215428608.0,3.22,4.64
2021-12-03,中信证券,600030,20.87,21.22,20.83,21.12,20.78,1045719,2584044240.0,1.07,1.64
2021-12-02,中信证券,600030,20.6,20.92,20.52,20.78,20.64,739732,1803837008.0,0.75,0.68
2021-12-01,中信证券,600030,20.18,20.69,20.13,20.64,20.24,842459,2034164816.0,0.86,1.98
2021-11-30,中信证券,600030,20.39,20.43,20.19,20.24,20.26,618799,1476947408.0,0.63,-0.1
2021-11-29,中信证券,600030,20.18,20.27,20.11,20.26,20.37,632218,1499468704.0,0.64,-0.54
2021-11-26,中信证券,600030,20.46,20.51,20.36,20.37,20.52,470738,1128056848.0,0.48,-0.73
2021-11-25,中信证券,600030,20.57,20.65,20.45,20.52,20.6,451105,1086929616.0,0.46,-0.39
2021-11-24,中信证券,600030,20.61,20.72,20.48,20.6,20.62,516818,1248099648.0,0.53,-0.1
2021-11-23,中信证券,600030,20.68,20.87,20.61,20.62,20.69,646040,1572556784.0,0.66,-0.34
2021-11-22,中信证券,600030,20.68,20.89,20.65,20.69,20.7,696913,1699313808.0,0.71,-0.05
2021-11-19,中信证券,600030,20.45,20.82,20.38,20.7,20.51,796637,1928681040.0,0.81,0.93
2021-11-18,中信证券,600030,20.44,20.58,20.18,20.51,20.47,785012,1878985472.0,0.8,0.2
2021-11-17,中信证券,600030,20.36,20.56,20.32,20.47,20.45,678137,1628413104.0,0.69,0.1
2021-11-16,中信证券,600030,21.36,21.44,20.39,20.45,21.5,2281491,5565688320.0,2.32,-4.88
2021-11-15,中信证券,600030,21.64,21.74,21.35,21.5,21.6,642137,1619936944.0,0.65,-0.46
2021-11-12,中信证券,600030,21.91,21.91,21.38,21.6,21.96,1088599,2756837664.0,1.11,-1.64
2021-11-11,中信证券,600030,21.22,22.12,21.22,21.96,21.32,1455579,3719322576.0,1.48,3.0
2021-11-10,中信证券,600030,21.73,21.8,21.11,21.32,21.81,1057430,2649688784.0,1.08,-2.25
2021-11-09,中信证券,600030,21.77,21.85,21.52,21.81,21.71,563575,1435080528.0,0.57,0.46
2021-11-08,中信证券,600030,21.54,21.9,21.32,21.71,21.62,568212,1441756432.0,0.58,0.42
2021-11-05,中信证券,600030,21.57,21.89,21.51,21.62,21.69,545238,1386543792.0,0.56,-0.32
2021-11-04,中信证券,600030,21.83,21.97,21.57,21.69,21.65,630367,1605802624.0,0.64,0.18
2021-11-03,中信证券,600030,21.74,21.88,21.52,21.65,21.77,570295,1449182240.0,0.58,-0.55
2021-11-02,中信证券,600030,22.09,22.25,21.52,21.77,22.16,898837,2300876816.0,0.92,-1.76
2021-11-01,中信证券,600030,22.0,22.26,21.94,22.16,22.07,979594,2540040720.0,1.0,0.41
2021-10-29,中信证券,600030,21.31,22.3,21.14,22.07,21.09,1641830,4208839248.0,1.67,4.65
2021-10-28,中信证券,600030,20.97,21.36,20.94,21.09,21.02,648388,1610473936.0,0.66,0.33
2021-10-27,中信证券,600030,21.38,21.53,20.92,21.02,21.53,802148,1994918672.0,0.82,-2.37
2021-10-26,中信证券,600030,21.87,21.92,21.52,21.53,21.87,609003,1550328528.0,0.62,-1.55
2021-10-25,中信证券,600030,21.71,21.94,21.46,21.87,21.71,808745,2058553024.0,0.82,0.74
2021-10-22,中信证券,600030,21.48,21.8,21.41,21.71,21.45,692221,1754717792.0,0.71,1.21
2021-10-21,中信证券,600030,21.31,21.65,21.2,21.45,21.31,632570,1591270032.0,0.64,0.66
2021-10-20,中信证券,600030,21.46,21.51,21.29,21.31,21.35,503287,1261270368.0,0.51,-0.19
2021-10-19,中信证券,600030,21.22,21.5,21.18,21.35,21.29,511627,1281873536.0,0.52,0.28
2021-10-18,中信证券,600030,21.27,21.49,21.13,21.29,21.27,486798,1214138624.0,0.5,0.09
2021-10-15,中信证券,600030,21.05,21.41,20.96,21.27,21.1,620779,1547360032.0,0.63,0.81
2021-10-14,中信证券,600030,21.13,21.18,20.79,21.1,21.05,493164,1215383760.0,0.5,0.24
2021-10-13,中信证券,600030,21.17,21.36,21.03,21.05,21.18,600363,1491566048.0,0.61,-0.61
2021-10-12,中信证券,600030,21.73,21.87,20.92,21.18,21.88,1125690,2814644336.0,1.15,-3.2
2021-10-11,中信证券,600030,22.05,22.3,21.87,21.88,21.96,589345,1525344368.0,0.6,-0.36
2021-10-08,中信证券,600030,21.65,22.05,21.65,21.96,21.55,751306,1928003136.0,0.77,1.9
2021-09-30,中信证券,600030,21.87,21.98,21.37,21.55,21.84,834290,2112289888.0,0.85,-1.33
2021-09-29,中信证券,600030,21.84,22.0,21.45,21.84,22.05,944263,2408742000.0,0.96,-0.95
2021-09-28,中信证券,600030,21.83,22.23,21.75,22.05,21.87,711047,1836158848.0,0.72,0.82
2021-09-27,中信证券,600030,22.19,22.39,21.64,21.87,22.21,952229,2458101856.0,0.97,-1.53
2021-09-24,中信证券,600030,22.4,22.57,22.18,22.21,22.35,816947,2140439504.0,0.83,-0.63
2021-09-23,中信证券,600030,22.02,22.43,21.97,22.35,21.91,1040007,2711282464.0,1.06,2.01
2021-09-22,中信证券,600030,21.75,22.15,21.57,21.91,22.13,895727,2290076448.0,0.91,-0.99
2021-09-17,中信证券,600030,21.74,22.26,21.74,22.13,21.72,1077623,2781670928.0,1.1,1.89
2021-09-16,中信证券,600030,22.42,22.46,21.58,21.72,22.38,1347735,3487369504.0,1.37,-2.95
2021-09-15,中信证券,600030,22.54,22.73,22.18,22.38,22.59,1089052,2857648544.0,1.11,-0.93
2021-09-14,中信证券,600030,23.26,23.4,22.45,22.59,23.21,1602296,4290873200.0,1.63,-2.67
2021-09-13,中信证券,600030,23.26,23.56,23.1,23.21,23.28,1215742,3316633776.0,1.24,-0.3
2021-09-10,中信证券,600030,22.88,23.9,22.88,23.28,22.81,2152492,5887666176.0,2.19,2.06
2021-09-09,中信证券,600030,22.71,22.93,22.49,22.81,22.96,1199153,3193017872.0,1.22,-0.65
2021-09-08,中信证券,600030,23.05,23.59,22.92,22.96,23.18,1566587,4251631328.0,1.6,-0.95
2021-09-07,中信证券,600030,22.89,23.38,22.44,23.18,22.89,2096082,5642029312.0,2.14,1.27
2021-09-06,中信证券,600030,22.72,23.38,22.72,22.89,22.69,1800826,4861495808.0,1.83,0.88
2021-09-03,中信证券,600030,24.0,24.12,22.59,22.69,23.12,2825812,7711825408.0,2.88,-1.86
2021-09-02,中信证券,600030,22.87,23.22,22.65,23.12,22.95,2604357,7004441088.0,2.65,0.74
2021-09-01,中信证券,600030,21.92,23.57,21.79,22.95,21.9,4375223,11646798336.0,4.46,4.79
2021-08-31,中信证券,600030,20.65,22.29,20.6,21.9,20.73,3062855,7787736064.0,3.12,5.64
2021-08-30,中信证券,600030,21.44,21.55,20.68,20.73,21.07,1386131,3418390272.0,1.41,-1.61
2021-08-27,中信证券,600030,21.0,21.46,20.96,21.07,20.94,1038330,2578768896.0,1.06,0.62
2021-08-26,中信证券,600030,21.14,21.31,20.92,20.94,21.24,1044624,2584003712.0,1.06,-1.41
2021-08-25,中信证券,600030,21.36,21.72,21.2,21.24,21.43,1353686,3396550352.0,1.38,-0.89
2021-08-24,中信证券,600030,20.92,21.61,20.78,21.43,20.81,2208822,5515599104.0,2.25,2.98
2021-08-23,中信证券,600030,20.78,21.07,20.65,20.81,20.65,1164596,2848711696.0,1.19,0.77
2021-08-20,中信证券,600030,20.73,20.86,20.35,20.65,20.65,1363300,3302682016.0,1.39,0.0
2021-08-19,中信证券,600030,21.02,21.25,20.52,20.65,21.18,1981783,4914386688.0,2.02,-2.5
2021-08-18,中信证券,600030,20.05,21.31,20.0,21.18,20.01,3162188,7855653120.0,3.22,5.85
2021-08-17,中信证券,600030,19.98,20.65,19.93,20.01,20.1,1839349,4468568832.0,1.87,-0.45
2021-08-16,中信证券,600030,20.19,20.52,20.01,20.1,20.18,1213354,2939197472.0,1.24,-0.4
2021-08-13,中信证券,600030,19.81,20.22,19.75,20.18,19.86,1102724,2641504160.0,1.12,1.61
2021-08-12,中信证券,600030,19.88,20.13,19.77,19.86,19.83,726114,1727545056.0,0.74,0.15
2021-08-11,中信证券,600030,19.85,20.16,19.74,19.83,19.89,1018741,2428059536.0,1.04,-0.3
2021-08-10,中信证券,600030,19.58,19.95,19.44,19.89,19.67,1081770,2549716976.0,1.1,1.12
2021-08-09,中信证券,600030,19.22,19.92,19.18,19.67,19.29,1128293,2655103104.0,1.15,1.97
2021-08-06,中信证券,600030,19.22,19.42,19.13,19.29,19.11,601334,1386423872.0,0.61,0.94
2021-08-05,中信证券,600030,19.34,19.56,19.05,19.11,19.45,778635,1794024576.0,0.79,-1.75
2021-08-04,中信证券,600030,19.5,19.57,19.32,19.45,19.51,693896,1612431664.0,0.71,-0.31
2021-08-03,中信证券,600030,19.32,19.92,19.22,19.51,19.45,1123130,2620644800.0,1.14,0.31
2021-08-02,中信证券,600030,18.85,19.83,18.41,19.45,18.86,1477518,3392800768.0,1.51,3.13
2021-07-30,中信证券,600030,19.16,19.19,18.76,18.86,19.24,896861,2032185296.0,0.91,-1.98
2021-07-29,中信证券,600030,19.46,19.5,19.11,19.24,19.11,858003,1979421200.0,0.87,0.68
2021-07-28,中信证券,600030,19.13,19.41,19.1,19.11,19.14,822132,1889236208.0,0.84,-0.16
2021-07-27,中信证券,600030,19.65,19.79,19.07,19.14,19.65,1018926,2368717728.0,1.04,-2.6
2021-07-26,中信证券,600030,20.27,20.42,19.6,19.65,20.3,1236813,2949757792.0,1.26,-3.2
2021-07-23,中信证券,600030,20.17,20.82,19.96,20.3,20.2,1404223,3413292960.0,1.43,0.5
2021-07-22,中信证券,600030,19.89,20.3,19.82,20.2,19.93,1014719,2441415808.0,1.03,1.35
2021-07-21,中信证券,600030,19.81,20.12,19.78,19.93,19.75,844507,2013428704.0,0.86,0.91
2021-07-20,中信证券,600030,19.72,19.95,19.67,19.75,19.92,459677,1085840752.0,0.47,-0.85
2021-07-19,中信证券,600030,19.81,19.94,19.57,19.92,19.94,651806,1536306768.0,0.66,-0.1
2021-07-16,中信证券,600030,19.95,20.16,19.79,19.94,19.8,910803,2172917760.0,0.93,0.71
2021-07-15,中信证券,600030,19.49,19.85,19.4,19.8,19.5,727887,1711742528.0,0.74,1.54
2021-07-14,中信证券,600030,19.81,19.81,19.46,19.5,19.85,802892,1878814832.0,0.82,-1.76
2021-07-13,中信证券,600030,19.92,20.05,19.72,19.85,19.99,616321,1464278736.0,0.63,-0.7
2021-07-12,中信证券,600030,19.93,20.16,19.76,19.99,19.66,1047903,2502105936.0,1.07,1.68
2021-07-09,中信证券,600030,19.65,19.81,19.52,19.66,19.74,629464,1478749904.0,0.64,-0.41
2021-07-08,中信证券,600030,19.91,19.97,19.65,19.74,19.78,661946,1567128512.0,0.67,-0.2
2021-07-07,中信证券,600030,19.72,19.93,19.69,19.78,19.81,603387,1428018736.0,0.61,-0.15
2021-07-06,中信证券,600030,19.73,19.85,19.57,19.81,19.68,600574,1414267904.0,0.61,0.66
2021-07-05,中信证券,600030,19.78,19.91,19.46,19.68,19.78,678159,1594505056.0,0.69,-0.51
2021-07-02,中信证券,600030,20.51,20.51,19.75,19.78,20.67,1229454,2936774816.0,1.25,-4.31
2021-07-01,中信证券,600030,21.18,21.26,20.53,20.67,20.91,1055002,2624412768.0,1.07,-1.15
2021-06-30,中信证券,600030,20.79,20.98,20.64,20.91,20.78,746818,1853722672.0,0.76,0.63
2021-06-29,中信证券,600030,21.08,21.18,20.76,20.78,21.07,784549,1957833728.0,0.8,-1.38
2021-06-28,中信证券,600030,21.47,21.47,21.01,21.07,21.4,940776,2371759536.0,0.96,-1.54
2021-06-25,中信证券,600030,21.03,21.71,20.87,21.4,20.96,1658267,4221097984.0,1.69,2.1
2021-06-24,中信证券,600030,20.78,21.17,20.74,20.96,20.75,867813,2169644848.0,0.88,1.01
2021-06-23,中信证券,600030,20.68,20.92,20.54,20.75,20.66,724185,1790898064.0,0.74,0.44
2021-06-22,中信证券,600030,20.6,20.78,20.49,20.66,20.52,609209,1500322608.0,0.62,0.68
2021-06-21,中信证券,600030,20.7,20.92,20.52,20.52,20.65,761881,1879519792.0,0.78,-0.63
2021-06-18,中信证券,600030,20.51,20.78,20.4,20.65,20.56,756795,1862777568.0,0.77,0.44
2021-06-17,中信证券,600030,20.59,20.72,20.43,20.56,20.65,599392,1472184416.0,0.61,-0.44
2021-06-16,中信证券,600030,20.54,20.78,20.52,20.65,20.59,640220,1576132960.0,0.65,0.29
2021-06-15,中信证券,600030,20.87,20.94,20.52,20.59,20.91,792464,1950889200.0,0.81,-1.53
2021-06-11,中信证券,600030,21.5,21.61,20.79,20.91,21.53,1290164,3247154544.0,1.31,-2.88
2021-06-10,中信证券,600030,21.48,21.88,21.48,21.53,21.59,819877,2115225808.0,0.84,-0.28
2021-06-09,中信证券,600030,21.8,21.96,21.45,21.59,21.76,724102,1869766960.0,0.74,-0.78
2021-06-08,中信证券,600030,21.76,22.21,21.65,21.76,21.88,1092864,2852858224.0,1.11,-0.55
2021-06-07,中信证券,600030,21.63,22.35,21.45,21.88,21.43,1366124,3569513968.0,1.39,2.1
2021-06-04,中信证券,600030,21.01,22.22,20.96,21.43,21.12,1367719,3497660080.0,1.39,1.47
2021-06-03,中信证券,600030,21.24,21.52,21.09,21.12,21.13,782289,1985269584.0,0.8,-0.05
2021-06-02,中信证券,600030,21.63,21.75,21.08,21.13,21.63,976466,2484072256.0,0.99,-2.31
2021-06-01,中信证券,600030,21.82,21.82,21.33,21.63,21.92,1046952,2688762192.0,1.07,-1.32
2021-05-31,中信证券,600030,21.98,21.98,21.68,21.92,21.98,924054,2401854960.0,0.94,-0.27
2021-05-28,中信证券,600030,21.76,22.26,21.58,21.98,21.76,1392900,3632519024.0,1.42,1.01
2021-05-27,中信证券,600030,21.72,22.01,21.59,21.76,21.72,1119097,2898121520.0,1.14,0.18
2021-05-26,中信证券,600030,22.07,22.32,21.68,21.72,22.03,1940857,5075432960.0,1.98,-1.41
2021-05-25,中信证券,600030,21.16,22.31,21.08,22.03,21.16,2911827,7609293056.0,2.97,4.11
2021-05-24,中信证券,600030,20.78,21.37,20.76,21.16,20.62,1400131,3529483792.0,1.43,2.62
2021-05-21,中信证券,600030,21.03,21.09,20.61,20.62,21.01,827481,2049817664.0,0.84,-1.86
2021-05-20,中信证券,600030,20.76,21.19,20.7,21.01,20.77,1109115,2771628432.0,1.13,1.16
2021-05-19,中信证券,600030,20.71,21.03,20.67,20.77,20.76,806584,2003739440.0,0.82,0.05
2021-05-18,中信证券,600030,20.72,21.13,20.62,20.76,20.86,925575,2301327776.0,0.94,-0.48
2021-05-17,中信证券,600030,20.96,21.0,20.59,20.86,21.34,2128584,5282182400.0,2.17,-2.25
2021-05-14,中信证券,600030,19.94,21.55,19.92,21.34,19.77,3326164,8260003584.0,3.39,7.94
2021-05-13,中信证券,600030,19.86,20.05,19.7,19.77,20.04,556860,1321510272.0,0.57,-1.35
2021-05-12,中信证券,600030,19.87,20.08,19.78,20.04,19.98,570219,1360121552.0,0.58,0.3
2021-05-11,中信证券,600030,19.68,20.16,19.45,19.98,19.89,680556,1610726656.0,0.69,0.45
2021-05-10,中信证券,600030,19.68,20.03,19.6,19.89,19.6,662676,1567994304.0,0.68,1.48
2021-05-07,中信证券,600030,20.01,20.14,19.5,19.6,20.09,837558,1982046016.0,0.85,-2.44
2021-05-06,中信证券,600030,20.19,20.43,19.94,20.09,19.96,981386,2364329456.0,1.0,0.65
2021-04-30,中信证券,600030,19.74,20.16,19.68,19.96,19.91,1069396,2550243520.0,1.09,0.25
2021-04-29,中信证券,600030,19.22,20.05,19.15,19.91,19.12,1592565,3762356960.0,1.62,4.13
2021-04-28,中信证券,600030,19.01,19.12,18.86,19.12,19.0,485170,1102788256.0,0.49,0.63
2021-04-27,中信证券,600030,19.27,19.3,18.95,19.0,19.26,706185,1611466432.0,0.72,-1.35
2021-04-26,中信证券,600030,19.56,19.74,19.24,19.26,19.57,714998,1667558784.0,0.73,-1.58
2021-04-23,中信证券,600030,19.58,19.7,19.51,19.57,19.64,493760,1155874944.0,0.5,-0.36
2021-04-22,中信证券,600030,19.85,19.88,19.59,19.64,19.74,545439,1286346768.0,0.56,-0.51
2021-04-21,中信证券,600030,19.77,19.89,19.71,19.74,19.89,407653,963694032.0,0.42,-0.75
2021-04-20,中信证券,600030,19.99,20.22,19.86,19.89,20.11,628183,1500891632.0,0.64,-1.09
2021-04-19,中信证券,600030,19.74,20.15,19.66,20.11,19.8,847988,2026806624.0,0.86,1.57
2021-04-16,中信证券,600030,19.58,19.88,19.55,19.8,19.55,519720,1226250912.0,0.53,1.28
2021-04-15,中信证券,600030,19.67,19.71,19.43,19.55,19.72,481014,1123290224.0,0.49,-0.86
2021-04-14,中信证券,600030,19.54,19.87,19.52,19.72,19.54,504175,1190093280.0,0.51,0.92
2021-04-13,中信证券,600030,19.48,19.59,19.39,19.54,19.48,462451,1078853328.0,0.47,0.31
2021-04-12,中信证券,600030,19.74,19.81,19.44,19.48,19.74,590010,1386702576.0,0.6,-1.32
2021-04-09,中信证券,600030,20.01,20.03,19.74,19.74,20.08,686485,1628840400.0,0.7,-1.69
2021-04-08,中信证券,600030,20.0,20.31,19.99,20.08,20.13,609198,1467351776.0,0.62,-0.25
2021-04-07,中信证券,600030,20.19,20.29,20.03,20.13,20.22,594220,1428625216.0,0.61,-0.45
2021-04-06,中信证券,600030,20.52,20.59,20.2,20.22,20.2,726292,1766795728.0,0.74,0.1
2021-04-02,中信证券,600030,20.25,20.39,20.13,20.2,20.23,614623,1486654624.0,0.63,-0.15
2021-04-01,中信证券,600030,19.99,20.24,19.88,20.23,19.99,584316,1400948480.0,0.6,1.2
2021-03-31,中信证券,600030,20.31,20.31,19.99,19.99,20.32,547368,1313456128.0,0.56,-1.62
2021-03-30,中信证券,600030,20.23,20.48,20.19,20.32,20.32,536528,1302583248.0,0.55,0.0
2021-03-29,中信证券,600030,20.05,20.57,19.96,20.32,20.07,796389,1933718384.0,0.81,1.25
2021-03-26,中信证券,600030,19.98,20.16,19.95,20.07,20.0,538542,1291467344.0,0.55,0.35
2021-03-25,中信证券,600030,20.0,20.22,19.98,20.0,20.12,475952,1141050224.0,0.48,-0.6
2021-03-24,中信证券,600030,20.04,20.53,20.0,20.12,20.14,931331,2256002320.0,0.95,-0.1
2021-03-23,中信证券,600030,20.18,20.35,19.83,20.14,20.22,760632,1827226032.0,0.77,-0.4
2021-03-22,中信证券,600030,19.98,20.41,19.93,20.22,20.07,1053069,2536783200.0,1.07,0.75
2021-03-19,中信证券,600030,19.58,20.08,19.42,20.07,19.7,1210142,2858344896.0,1.23,1.88
2021-03-18,中信证券,600030,19.78,19.93,19.65,19.7,19.78,686558,1623037552.0,0.7,-0.4
2021-03-17,中信证券,600030,19.58,19.87,19.5,19.78,19.57,753688,1774038240.0,0.77,1.07
2021-03-16,中信证券,600030,19.56,19.62,19.37,19.57,19.45,602116,1405967216.0,0.61,0.62
2021-03-15,中信证券,600030,19.7,19.74,19.35,19.45,19.9,897627,2095722688.0,0.91,-2.26
2021-03-12,中信证券,600030,20.14,20.14,19.56,19.9,20.12,1156455,2740710976.0,1.18,-1.09
2021-03-11,中信证券,600030,19.88,20.18,19.88,20.12,19.82,793470,1899214320.0,0.81,1.51
2021-03-10,中信证券,600030,20.07,20.13,19.78,19.82,19.87,876286,2089672288.0,0.89,-0.25
2021-03-09,中信证券,600030,20.53,20.74,19.83,19.87,20.56,1305342,3147410016.0,1.33,-3.36
2021-03-08,中信证券,600030,21.1,21.24,20.56,20.56,21.0,1203736,3001137168.0,1.23,-2.1
2021-03-05,中信证券,600030,20.79,21.12,20.56,21.0,20.79,1149817,2875252560.0,1.17,1.01
2021-03-04,中信证券,600030,21.12,21.22,20.77,20.79,21.28,1288013,3213067360.0,1.31,-2.3
2021-03-03,中信证券,600030,21.0,21.35,20.97,21.28,21.1,970337,2456529408.0,0.99,0.85
2021-03-02,中信证券,600030,21.5,21.54,21.0,21.1,21.5,1490009,3772426528.0,1.52,-1.86
2021-03-01,中信证券,600030,22.09,22.09,20.97,21.5,22.92,2803138,7174752256.0,2.86,-6.2
2021-02-26,中信证券,600030,22.86,23.18,22.81,22.92,23.33,1097798,2998556048.0,1.12,-1.76
2021-02-25,中信证券,600030,23.2,23.8,22.97,23.33,23.06,1379275,3838408240.0,1.41,1.17
2021-02-24,中信证券,600030,23.26,23.46,22.85,23.06,23.22,958634,2643981232.0,0.98,-0.69
2021-02-23,中信证券,600030,23.39,23.61,23.14,23.22,23.37,986555,2740894352.0,1.01,-0.64
2021-02-22,中信证券,600030,24.22,24.22,23.33,23.37,24.11,1676243,4751289856.0,1.71,-3.07
2021-02-19,中信证券,600030,23.43,24.15,23.24,24.11,23.52,1392744,3911897776.0,1.42,2.51
2021-02-18,中信证券,600030,23.74,23.87,23.41,23.52,23.45,1310783,3677901072.0,1.34,0.3
2021-02-10,中信证券,600030,23.49,23.65,23.18,23.45,23.56,1157933,3223799520.0,1.18,-0.47
2021-02-09,中信证券,600030,22.98,23.61,22.75,23.56,22.98,1395326,3854607120.0,1.42,2.52
2021-02-08,中信证券,600030,22.72,23.12,22.67,22.98,22.72,926303,2523128960.0,0.94,1.14
2021-02-05,中信证券,600030,22.78,23.09,22.63,22.72,22.78,924972,2513992576.0,0.94,-0.26
2021-02-04,中信证券,600030,23.36,23.53,22.32,22.78,23.54,1798666,4893990144.0,1.83,-3.23
2021-02-03,中信证券,600030,23.7,23.9,23.45,23.54,23.71,958176,2690715488.0,0.98,-0.72
2021-02-02,中信证券,600030,23.96,23.99,23.46,23.71,23.83,1435196,4034528320.0,1.46,-0.5
2021-02-01,中信证券,600030,23.99,24.03,23.72,23.83,23.87,886477,2513717504.0,0.9,-0.17
2021-01-29,中信证券,600030,24.15,24.25,23.57,23.87,24.0,1229645,3483745648.0,1.25,-0.54
2021-01-28,中信证券,600030,24.0,24.33,23.77,24.0,24.18,1300527,3710540064.0,1.33,-0.74
2021-01-27,中信证券,600030,24.24,24.41,24.06,24.18,24.25,1006889,2896690368.0,1.03,-0.29
2021-01-26,中信证券,600030,25.06,25.27,24.18,24.25,25.28,1897350,5533012480.0,1.93,-4.07
2021-01-25,中信证券,600030,25.45,25.54,24.97,25.28,25.59,1901745,5692128768.0,1.94,-1.21
2021-01-22,中信证券,600030,26.0,26.25,25.38,25.59,26.32,1988934,6066479104.0,2.03,-2.77
2021-01-21,中信证券,600030,26.37,26.86,25.88,26.32,26.26,2398598,7486003712.0,2.44,0.23
2021-01-20,中信证券,600030,25.81,26.78,25.71,26.26,25.7,2166237,6739778560.0,2.21,2.18
2021-01-19,中信证券,600030,25.59,26.55,25.34,25.7,25.61,2143915,6580406016.0,2.18,0.35
2021-01-18,中信证券,600030,25.32,26.18,25.18,25.61,25.46,1695534,5167176704.0,1.73,0.59
2021-01-15,中信证券,600030,25.32,26.09,25.31,25.46,25.48,1679398,5107971584.0,1.71,-0.08
2021-01-14,中信证券,600030,26.02,26.31,25.48,25.48,26.13,2103358,6434610688.0,2.14,-2.49
2021-01-13,中信证券,600030,26.95,27.02,26.0,26.13,27.07,3559776,11164422400.0,3.63,-3.47
2021-01-12,中信证券,600030,24.44,27.23,24.26,27.07,24.68,5161568,15965170688.0,5.26,9.68
2021-01-11,中信证券,600030,25.56,25.68,24.65,24.68,25.36,1725419,5148428800.0,1.76,-2.68
2021-01-08,中信证券,600030,25.13,25.77,24.97,25.36,25.09,2207415,6643557632.0,2.25,1.08
2021-01-07,中信证券,600030,25.05,25.19,24.44,25.09,24.98,1729687,5094446848.0,1.76,0.44
2021-01-06,中信证券,600030,24.77,25.28,24.67,24.98,24.56,2057443,6100120064.0,2.1,1.71
2021-01-05,中信证券,600030,24.4,24.77,24.12,24.56,24.59,1655522,4797399296.0,1.69,-0.12
2021-01-04,中信证券,600030,24.82,24.86,24.18,24.59,24.78,1945462,5663123712.0,1.98,-0.77
2020-12-31,中信证券,600030,24.26,25.1,24.24,24.78,24.0,2165913,6349142528.0,2.21,3.25
2020-12-30,中信证券,600030,23.65,24.0,23.53,24.0,23.7,1050136,2966992160.0,1.07,1.27
2020-12-29,中信证券,600030,23.65,24.02,23.57,23.7,23.55,818141,2308756896.0,0.83,0.64
2020-12-28,中信证券,600030,23.48,23.79,23.37,23.55,23.58,740363,2070095200.0,0.75,-0.13
2020-12-25,中信证券,600030,23.48,23.78,23.31,23.58,23.62,759597,2127687344.0,0.77,-0.17
2020-12-24,中信证券,600030,23.73,23.92,23.48,23.62,23.74,611890,1717372544.0,0.62,-0.51
2020-12-23,中信证券,600030,23.58,23.88,23.48,23.74,23.58,777820,2185111680.0,0.79,0.68
2020-12-22,中信证券,600030,24.4,24.4,23.57,23.58,24.46,1225665,3487570032.0,1.25,-3.6
2020-12-21,中信证券,600030,24.18,24.53,24.02,24.46,24.27,665784,1924521520.0,0.68,0.78
2020-12-18,中信证券,600030,24.48,24.65,24.22,24.27,24.63,663845,1920950656.0,0.68,-1.46
2020-12-17,中信证券,600030,24.02,24.67,23.92,24.63,24.1,981782,2839885024.0,1.0,2.2
2020-12-16,中信证券,600030,24.32,24.4,24.05,24.1,24.27,599368,1721769488.0,0.61,-0.7
2020-12-15,中信证券,600030,24.26,24.34,23.95,24.27,24.3,727955,2085014880.0,0.74,-0.12
2020-12-14,中信证券,600030,24.26,24.38,24.11,24.3,24.22,544772,1569747360.0,0.56,0.33
2020-12-11,中信证券,600030,24.55,24.65,24.03,24.22,24.58,1011390,2921226960.0,1.03,-1.46
2020-12-10,中信证券,600030,24.61,24.85,24.31,24.58,24.69,1054445,3067176192.0,1.07,-0.45
2020-12-09,中信证券,600030,25.39,25.55,24.69,24.69,25.32,1099338,3279290976.0,1.12,-2.49
2020-12-08,中信证券,600030,25.3,25.51,25.15,25.32,25.32,743256,2234187120.0,0.76,0.0
2020-12-07,中信证券,600030,25.58,25.73,25.29,25.32,25.57,898570,2706322160.0,0.92,-0.98
2020-12-04,中信证券,600030,26.13,26.15,25.46,25.57,26.09,1228227,3728786976.0,1.25,-1.99
2020-12-03,中信证券,600030,26.2,26.38,26.02,26.09,26.25,957615,2969043280.0,0.98,-0.61
2020-12-02,中信证券,600030,26.44,26.7,26.0,26.25,26.44,1567736,4885400064.0,1.6,-0.72
2020-12-01,中信证券,600030,25.49,26.74,25.35,26.44,25.57,2277564,7047064576.0,2.32,3.4
2020-11-30,中信证券,600030,25.57,26.61,25.46,25.57,25.29,2997909,9263538944.0,3.05,1.11
2020-11-27,中信证券,600030,24.77,25.29,24.65,25.29,24.7,1114402,3309352464.0,1.14,2.39
2020-11-26,中信证券,600030,24.62,24.78,24.44,24.7,24.63,620010,1809506496.0,0.63,0.28
2020-11-25,中信证券,600030,25.09,25.28,24.63,24.63,24.9,842565,2492452864.0,0.86,-1.08
2020-11-24,中信证券,600030,25.21,25.21,24.85,24.9,25.22,885610,2626342752.0,0.9,-1.27
2020-11-23,中信证券,600030,24.79,25.52,24.64,25.22,24.8,1515453,4522019072.0,1.54,1.69
2020-11-20,中信证券,600030,24.72,24.8,24.61,24.8,24.72,553474,1623246576.0,0.56,0.32
2020-11-19,中信证券,600030,24.44,24.84,24.24,24.72,24.57,723571,2105621872.0,0.74,0.61
2020-11-18,中信证券,600030,24.55,24.9,24.5,24.57,24.55,859665,2517936928.0,0.88,0.08
2020-11-17,中信证券,600030,24.38,24.55,24.14,24.55,24.41,659904,1903318832.0,0.67,0.57
2020-11-16,中信证券,600030,24.37,24.48,24.11,24.41,24.18,618229,1785043680.0,0.63,0.95
2020-11-13,中信证券,600030,24.48,24.48,24.0,24.18,24.54,820615,2352430896.0,0.84,-1.47
2020-11-12,中信证券,600030,24.66,24.86,24.47,24.54,24.66,543462,1585677696.0,0.55,-0.49
2020-11-11,中信证券,600030,25.03,25.09,24.64,24.66,25.09,709716,2086889440.0,0.72,-1.71
2020-11-10,中信证券,600030,25.65,25.7,24.92,25.09,25.54,1161262,3482326416.0,1.18,-1.76
2020-11-09,中信证券,600030,24.89,25.87,24.73,25.54,24.65,1767394,5315490048.0,1.8,3.61
2020-11-06,中信证券,600030,24.65,24.92,24.46,24.65,24.6,880021,2579181808.0,0.9,0.2
2020-11-05,中信证券,600030,24.76,24.83,24.35,24.6,24.2,929447,2712128064.0,0.95,1.65
2020-11-04,中信证券,600030,24.2,24.45,23.96,24.2,24.2,694130,1996026384.0,0.71,0.0
2020-11-03,中信证券,600030,23.8,24.47,23.71,24.2,23.64,978566,2806860208.0,1.0,2.37
2020-11-02,中信证券,600030,23.96,24.44,23.24,23.64,24.12,1372847,3883515040.0,1.4,-1.99
2020-10-30,中信证券,600030,24.75,24.95,24.11,24.12,24.98,1033854,3004371216.0,1.05,-3.44
2020-10-29,中信证券,600030,24.4,25.31,24.27,24.98,24.66,1038319,3059199840.0,1.06,1.3
2020-10-28,中信证券,600030,24.34,24.82,24.25,24.66,24.41,776850,2264163696.0,0.79,1.02
2020-10-27,中信证券,600030,24.44,24.51,24.05,24.41,24.45,877712,2532515456.0,0.89,-0.16
2020-10-26,中信证券,600030,25.25,25.25,24.35,24.45,25.39,1384351,4045035952.0,1.41,-3.7
2020-10-23,中信证券,600030,25.65,25.91,25.39,25.39,25.69,788318,2398658480.0,0.8,-1.17
2020-10-22,中信证券,600030,25.64,25.89,25.39,25.69,25.68,767017,2328222112.0,0.78,0.04
2020-10-21,中信证券,600030,25.8,25.92,25.55,25.68,25.87,674989,2052696400.0,0.69,-0.73
2020-10-20,中信证券,600030,26.01,26.08,25.5,25.87,26.07,858821,2620081760.0,0.88,-0.77
2020-10-19,中信证券,600030,26.52,26.74,26.07,26.07,26.25,968854,3030673552.0,0.99,-0.69
2020-10-16,中信证券,600030,26.15,26.39,26.09,26.25,26.15,659199,2048140768.0,0.67,0.38
2020-10-15,中信证券,600030,26.18,26.52,26.12,26.15,26.13,631535,1966195280.0,0.64,0.08
2020-10-14,中信证券,600030,26.48,26.57,26.07,26.13,26.48,736731,2288273120.0,0.75,-1.32
2020-10-13,中信证券,600030,26.59,26.59,26.34,26.48,26.8,927552,2905979216.0,0.95,-1.19
2020-10-12,中信证券,600030,26.09,26.92,25.99,26.8,25.83,1633773,5143534848.0,1.66,3.76
2020-10-09,中信证券,600030,25.74,25.85,25.59,25.83,25.33,817139,2494231712.0,0.83,1.97
2020-09-30,中信证券,600030,25.76,25.78,25.21,25.33,25.53,743265,2247656528.0,0.76,-0.78
2020-09-29,中信证券,600030,25.52,25.88,25.52,25.53,25.5,708144,2153124208.0,0.72,0.12
2020-09-28,中信证券,600030,25.37,25.65,25.36,25.5,25.48,608467,1839636640.0,0.62,0.08
2020-09-25,中信证券,600030,25.32,25.71,25.26,25.48,25.26,803642,2427031312.0,0.82,0.87
2020-09-24,中信证券,600030,25.48,25.65,25.25,25.26,25.58,806377,2427836016.0,0.82,-1.25
2020-09-23,中信证券,600030,25.93,25.97,25.52,25.58,25.85,692185,2107561664.0,0.71,-1.04
2020-09-22,中信证券,600030,25.89,26.61,25.74,25.85,26.12,1261485,3901884784.0,1.29,-1.03
2020-09-21,中信证券,600030,26.83,26.96,26.07,26.12,26.09,1647351,5153658112.0,1.68,0.11
2020-09-18,中信证券,600030,24.96,26.26,24.92,26.09,24.97,1977619,6019621376.0,2.01,4.49
2020-09-17,中信证券,600030,25.32,25.39,24.68,24.97,25.51,1181713,3514088048.0,1.2,-2.12
2020-09-16,中信证券,600030,25.5,25.85,25.38,25.51,25.5,807880,2451250432.0,0.82,0.04
2020-09-15,中信证券,600030,25.36,25.7,25.24,25.5,25.35,773379,2337364768.0,0.79,0.59
2020-09-14,中信证券,600030,25.38,25.46,25.17,25.35,25.38,655177,1966843840.0,0.67,-0.12
2020-09-11,中信证券,600030,25.19,25.45,25.13,25.38,25.31,818506,2454892448.0,0.83,0.28
2020-09-10,中信证券,600030,25.61,25.87,25.25,25.31,25.38,1062566,3217266976.0,1.08,-0.28
2020-09-09,中信证券,600030,25.4,25.74,25.09,25.38,25.87,1135097,3426218000.0,1.16,-1.89
2020-09-08,中信证券,600030,25.26,26.15,25.2,25.87,25.23,1402829,4260530688.0,1.43,2.54
2020-09-07,中信证券,600030,26.2,26.31,25.13,25.23,26.21,1535627,4681671168.0,1.56,-3.74
2020-09-04,中信证券,600030,25.99,26.43,25.92,26.21,26.63,1127797,3498957936.0,1.15,-1.58
2020-09-03,中信证券,600030,26.95,27.28,26.46,26.63,26.96,1264748,4018950736.0,1.29,-1.22
2020-09-02,中信证券,600030,27.22,27.32,26.53,26.96,27.14,1450182,4631792384.0,1.48,-0.66
2020-09-01,中信证券,600030,26.71,27.14,26.7,27.14,26.87,1115895,3552311728.0,1.14,1.0
2020-08-31,中信证券,600030,27.31,27.84,26.87,26.87,27.04,2189042,7094881536.0,2.23,-0.63
2020-08-28,中信证券,600030,26.09,27.13,25.93,27.04,26.15,1921991,6062000896.0,1.96,3.4
2020-08-27,中信证券,600030,25.94,26.44,25.74,26.15,25.94,1182994,3650663120.0,1.21,0.81
2020-08-26,中信证券,600030,26.7,26.91,25.92,25.94,26.77,1906944,5940087808.0,1.94,-3.1
2020-08-25,中信证券,600030,27.04,27.44,26.7,26.77,26.87,1254941,4012664288.0,1.28,-0.37
2020-08-24,中信证券,600030,27.09,27.25,26.79,26.87,26.98,1063784,3397786864.0,1.08,-0.41
2020-08-21,中信证券,600030,26.78,27.26,26.61,26.98,26.59,1221736,3889780800.0,1.24,1.47
2020-08-20,中信证券,600030,26.64,27.01,26.37,26.59,27.21,1566521,5018497280.0,1.6,-2.28
2020-08-19,中信证券,600030,27.57,27.89,27.07,27.21,27.6,2238901,7411330560.0,2.28,-1.41
2020-08-18,中信证券,600030,27.48,28.18,27.17,27.6,27.45,2393498,7928442112.0,2.44,0.55
2020-08-17,中信证券,600030,26.62,28.44,26.61,27.45,26.06,3835406,12647809536.0,3.91,5.33
2020-08-14,中信证券,600030,25.4,26.16,25.32,26.06,25.65,1444043,4489543936.0,1.47,1.6
2020-08-13,中信证券,600030,25.9,26.2,25.49,25.65,25.82,1630067,5060877568.0,1.66,-0.66
2020-08-12,中信证券,600030,25.76,26.3,25.25,25.82,26.01,2716803,8433158144.0,2.77,-0.73
2020-08-11,中信证券,600030,27.42,27.77,25.87,26.01,27.66,3777991,12249285888.0,3.85,-5.97
2020-08-10,中信证券,600030,26.02,28.65,25.85,27.66,26.58,5373052,17749846272.0,5.47,4.06
2020-08-07,中信证券,600030,25.65,28.3,25.14,26.58,26.68,4866216,15412905216.0,4.96,-0.37
2020-08-06,中信证券,600030,24.87,27.39,24.43,26.68,24.79,3725791,11538310912.0,3.8,7.62
2020-08-05,中信证券,600030,24.94,25.06,24.58,24.79,25.06,1608572,4810607872.0,1.64,-1.08
2020-08-04,中信证券,600030,25.23,25.48,24.89,25.06,25.23,1792644,5430284288.0,1.83,-0.67
2020-08-03,中信证券,600030,25.14,25.33,24.66,25.23,24.84,2291448,6917767168.0,2.33,1.57
2020-07-31,中信证券,600030,24.42,25.4,24.38,24.84,24.49,2256131,6786976000.0,2.3,1.43
2020-07-30,中信证券,600030,24.87,24.93,24.37,24.49,24.67,1943339,5781616896.0,1.98,-0.73
2020-07-29,中信证券,600030,23.47,24.79,23.37,24.67,23.48,2776370,8139619072.0,2.83,5.07
2020-07-28,中信证券,600030,23.86,23.92,23.26,23.48,23.57,1455424,4147471328.0,1.48,-0.38
2020-07-27,中信证券,600030,23.69,23.74,23.05,23.57,23.57,1849951,5239755520.0,1.88,0.0
2020-07-24,中信证券,600030,25.07,25.33,23.4,23.57,25.34,3442431,10057112576.0,3.51,-6.99
2020-07-23,中信证券,600030,24.92,25.52,24.45,25.34,25.31,2812984,8482938368.0,2.87,0.12
2020-07-22,中信证券,600030,25.26,26.4,25.01,25.31,25.16,3460704,10720772864.0,3.53,0.6
2020-07-21,中信证券,600030,25.16,25.6,24.78,25.16,25.44,2223715,6735068160.0,2.27,-1.1
2020-07-20,中信证券,600030,24.24,25.85,24.04,25.44,23.67,3791036,11368161792.0,3.86,7.48
2020-07-17,中信证券,600030,24.61,24.78,23.13,23.67,24.28,3691223,10679761152.0,3.76,-2.51
2020-07-16,中信证券,600030,26.18,26.78,24.18,24.28,26.61,5305665,16312519680.0,5.41,-8.76
2020-07-15,中信证券,600030,27.05,27.65,26.48,26.61,26.64,4571230,14878729216.0,4.66,-0.11
2020-07-14,中信证券,600030,26.61,26.98,26.09,26.64,27.03,3247301,10367153920.0,3.31,-1.44
2020-07-13,中信证券,600030,26.39,27.92,26.03,27.03,26.41,4736262,15315923712.0,4.83,2.35
2020-07-10,中信证券,600030,27.0,27.38,26.23,26.41,27.55,4327866,13922598912.0,4.41,-4.14
2020-07-09,中信证券,600030,27.05,28.52,26.74,27.55,27.92,5585358,18479306496.0,5.69,-1.33
2020-07-08,中信证券,600030,25.93,28.56,25.93,27.92,25.85,6904764,22486166528.0,7.04,8.01
2020-07-07,中信证券,600030,27.11,27.18,25.39,25.85,26.21,7474489,23655556352.0,7.62,-1.37
2020-07-06,中信证券,600030,24.7,26.21,24.32,26.21,23.72,8073328,24907326720.0,8.23,10.5
2020-07-03,中信证券,600030,22.35,23.72,21.71,23.72,21.45,7250830,19916388864.0,7.39,10.58
2020-07-02,中信证券,600030,20.14,21.65,20.12,21.45,20.28,4641174,11876896000.0,4.73,5.77
2020-07-01,中信证券,600030,19.74,20.3,19.59,20.28,19.75,1842300,4478412288.0,1.88,2.68
2020-06-30,中信证券,600030,19.33,20.05,19.22,19.75,19.22,1599808,3825097120.0,1.63,2.76
2020-06-29,中信证券,600030,19.48,19.57,19.14,19.22,19.87,1516309,3577555136.0,1.54,-3.27
2020-06-24,中信证券,600030,19.88,20.38,19.74,19.87,19.69,1286923,3133588048.0,1.31,0.91
2020-06-23,中信证券,600030,19.65,19.85,19.42,19.69,19.75,1416648,3396704480.0,1.44,-0.3
2020-06-22,中信证券,600030,19.53,20.52,19.43,19.75,19.52,2856177,6954609408.0,2.91,1.18
2020-06-19,中信证券,600030,18.92,19.65,18.86,19.52,18.85,2770131,6544732928.0,2.82,3.55
2020-06-18,中信证券,600030,18.6,18.97,18.56,18.85,18.58,1021775,2353803072.0,1.04,1.45
2020-06-17,中信证券,600030,18.64,18.68,18.45,18.58,18.66,600807,1366425456.0,0.61,-0.43
2020-06-16,中信证券,600030,18.63,18.78,18.57,18.66,18.43,638051,1457966976.0,0.65,1.25
2020-06-15,中信证券,600030,18.45,18.85,18.41,18.43,18.45,1004579,2292521984.0,1.02,-0.11
2020-06-12,中信证券,600030,18.31,18.61,18.26,18.45,18.6,842159,1903335056.0,0.86,-0.81
2020-06-11,中信证券,600030,18.82,18.98,18.59,18.6,18.84,850796,1954229072.0,0.87,-1.27
2020-06-10,中信证券,600030,18.96,18.99,18.78,18.84,19.04,581494,1342545168.0,0.59,-1.05
2020-06-09,中信证券,600030,18.7,19.2,18.69,19.04,18.76,1131305,2631203072.0,1.15,1.49
2020-06-08,中信证券,600030,18.77,18.91,18.65,18.76,18.65,839778,1932327536.0,0.86,0.59
2020-06-05,中信证券,600030,18.6,18.69,18.43,18.65,18.58,748216,1700335120.0,0.76,0.38
2020-06-04,中信证券,600030,18.85,18.85,18.54,18.58,18.7,592800,1354317200.0,0.6,-0.64
2020-06-03,中信证券,600030,18.91,19.06,18.66,18.7,18.8,807511,1865844992.0,0.82,-0.53
2020-06-02,中信证券,600030,18.83,18.93,18.7,18.8,18.91,828478,1907351312.0,0.84,-0.58
2020-06-01,中信证券,600030,18.62,19.07,18.46,18.91,18.15,1618561,3720139328.0,1.65,4.19
2020-05-29,中信证券,600030,18.19,18.29,18.13,18.15,18.33,465583,1038654880.0,0.47,-0.98
2020-05-28,中信证券,600030,18.18,18.57,18.11,18.33,18.17,699515,1572007120.0,0.71,0.88
2020-05-27,中信证券,600030,18.34,18.34,18.1,18.17,18.32,455597,1016818448.0,0.46,-0.82
2020-05-26,中信证券,600030,18.21,18.33,18.18,18.32,18.1,546873,1224514704.0,0.56,1.22
2020-05-25,中信证券,600030,18.18,18.27,17.98,18.1,18.18,589972,1310653616.0,0.6,-0.44
2020-05-22,中信证券,600030,18.81,18.81,18.18,18.18,18.8,981940,2219689920.0,1.0,-3.3
2020-05-21,中信证券,600030,18.91,19.03,18.78,18.8,18.86,548373,1268712384.0,0.56,-0.32
2020-05-20,中信证券,600030,18.92,19.01,18.79,18.86,18.97,666620,1541298608.0,0.68,-0.58
2020-05-19,中信证券,600030,19.06,19.12,18.92,18.97,18.85,565102,1313883776.0,0.58,0.64
2020-05-18,中信证券,600030,19.13,19.16,18.83,18.85,19.17,889196,2063763088.0,0.91,-1.67
2020-05-15,中信证券,600030,19.27,19.31,19.13,19.17,19.17,548576,1287375408.0,0.56,0.0
2020-05-14,中信证券,600030,19.31,19.34,19.15,19.17,19.43,654371,1538767072.0,0.67,-1.34
2020-05-13,中信证券,600030,19.24,19.5,19.2,19.43,19.33,640345,1513294384.0,0.65,0.52
2020-05-12,中信证券,600030,19.4,19.46,19.18,19.33,19.28,650971,1538307312.0,0.66,0.26
2020-05-11,中信证券,600030,19.53,19.64,19.21,19.28,19.5,958306,2271423488.0,0.98,-1.13
2020-05-08,中信证券,600030,19.35,19.68,19.17,19.5,19.14,1527749,3637115040.0,1.56,1.88
2020-05-07,中信证券,600030,19.32,19.44,19.13,19.14,19.32,846296,1993833216.0,0.86,-0.93
2020-05-06,中信证券,600030,18.94,19.38,18.88,19.32,19.39,1118487,2612450912.0,1.14,-0.36
2020-04-30,中信证券,600030,19.31,19.55,19.24,19.39,19.12,1339571,3177410352.0,1.36,1.41
2020-04-29,中信证券,600030,18.84,19.22,18.81,19.12,19.04,799917,1865959024.0,0.82,0.42
2020-04-28,中信证券,600030,18.84,19.18,18.58,19.04,18.64,1343710,3117771792.0,1.37,2.15
2020-04-27,中信证券,600030,18.57,18.83,18.53,18.64,18.52,615237,1409982016.0,0.63,0.65
2020-04-24,中信证券,600030,18.67,18.82,18.39,18.52,18.72,723366,1647881616.0,0.74,-1.07
2020-04-23,中信证券,600030,18.94,18.99,18.72,18.72,18.95,623666,1438234896.0,0.64,-1.21
2020-04-22,中信证券,600030,18.78,18.99,18.7,18.95,18.93,582120,1344829424.0,0.59,0.11
2020-04-21,中信证券,600030,19.07,19.09,18.75,18.93,19.21,907942,2099822720.0,0.93,-1.46
2020-04-20,中信证券,600030,19.2,19.25,19.02,19.21,19.12,803576,1881766144.0,0.82,0.47
2020-04-17,中信证券,600030,19.38,19.5,19.08,19.12,19.37,1504200,3546707312.0,1.53,-1.29
2020-04-16,中信证券,600030,18.69,19.65,18.65,19.37,18.8,2278962,5385383936.0,2.32,3.03
2020-04-15,中信证券,600030,18.7,19.26,18.64,18.8,18.97,1518856,3517827328.0,1.55,-0.9
2020-04-14,中信证券,600030,18.25,19.49,18.17,18.97,18.15,1956854,4510932224.0,1.99,4.52
2020-04-13,中信证券,600030,18.26,18.33,18.09,18.15,18.34,584928,1305441520.0,0.6,-1.04
2020-04-10,中信证券,600030,18.55,18.67,18.31,18.34,18.48,858502,1942599968.0,0.87,-0.76
2020-04-09,中信证券,600030,18.59,18.77,18.48,18.48,18.39,1146930,2615070144.0,1.17,0.49
2020-04-08,中信证券,600030,18.31,18.45,18.26,18.39,18.42,757620,1704870032.0,0.77,-0.16
2020-04-07,中信证券,600030,18.39,18.48,18.26,18.42,18.03,1241184,2797518608.0,1.26,2.16
2020-04-03,中信证券,600030,18.15,18.25,17.98,18.03,18.29,581837,1291311200.0,0.59,-1.42
2020-04-02,中信证券,600030,17.93,18.29,17.92,18.29,18.0,775172,1720306240.0,0.79,1.61
2020-04-01,中信证券,600030,17.99,18.31,17.96,18.0,18.05,666733,1483010928.0,0.68,-0.28
2020-03-31,中信证券,600030,18.37,18.42,18.05,18.05,18.15,638332,1425249184.0,0.65,-0.55
2020-03-30,中信证券,600030,18.18,18.24,17.96,18.15,18.41,804115,1784456096.0,0.82,-1.41
2020-03-27,中信证券,600030,18.54,18.78,18.37,18.41,18.33,905747,2058061968.0,0.92,0.44
2020-03-26,中信证券,600030,18.35,18.58,18.32,18.33,18.58,697849,1576598832.0,0.71,-1.35
2020-03-25,中信证券,600030,18.62,18.72,18.47,18.58,18.18,1293512,2948427984.0,1.32,2.2
2020-03-24,中信证券,600030,18.23,18.3,17.83,18.18,17.82,1188219,2641221616.0,1.21,2.02
2020-03-23,中信证券,600030,17.74,18.22,17.7,17.82,18.49,1105082,2430578768.0,1.13,-3.62
2020-03-20,中信证券,600030,18.39,18.53,18.09,18.49,18.23,1213209,2731567136.0,1.24,1.43
2020-03-19,中信证券,600030,18.18,18.46,17.4,18.23,18.12,2007876,4433633536.0,2.05,0.61
2020-03-18,中信证券,600030,18.81,18.96,18.09,18.12,18.72,1521894,3470413216.0,1.55,-3.21
2020-03-17,中信证券,600030,18.8,19.03,18.12,18.72,18.5,1727481,3951195248.0,1.76,1.19
2020-03-16,中信证券,600030,19.56,19.57,18.48,18.5,19.6,2057914,4797882624.0,2.1,-5.61
2020-03-13,中信证券,600030,18.63,19.81,18.49,19.6,19.64,2273578,5324452096.0,2.32,-0.2
2020-03-12,中信证券,600030,19.65,19.95,19.53,19.64,19.95,1696419,4077325248.0,1.73,-1.55
2020-03-11,中信证券,600030,20.51,20.52,19.92,19.95,20.58,1790690,4421697024.0,1.82,-3.06
2020-03-10,中信证券,600030,19.97,20.69,19.79,20.58,19.92,2644569,6541104128.0,2.69,3.31
2020-03-09,中信证券,600030,19.91,20.32,19.74,19.92,20.62,2734639,6680581376.0,2.79,-3.39
2020-03-06,中信证券,600030,21.12,21.27,20.61,20.62,21.38,2630401,6677400576.0,2.68,-3.55
2020-03-05,中信证券,600030,21.05,21.68,20.58,21.38,20.81,4454361,11474858496.0,4.54,2.74
2020-03-04,中信证券,600030,20.23,20.85,20.05,20.81,20.29,2760751,6888921600.0,2.81,2.56
2020-03-03,中信证券,600030,20.52,20.92,20.03,20.29,20.07,2593144,6463974144.0,2.64,1.1
2020-03-02,中信证券,600030,19.48,20.34,19.32,20.07,19.13,2543747,6171344896.0,2.59,4.91
2020-02-28,中信证券,600030,19.65,19.84,19.03,19.13,20.32,2914357,6928624384.0,2.97,-5.86
2020-02-27,中信证券,600030,20.38,20.78,20.24,20.32,20.27,2063952,5149811968.0,2.1,0.25
2020-02-26,中信证券,600030,20.26,20.95,20.12,20.27,20.71,2881556,7210136576.0,2.94,-2.12
2020-02-25,中信证券,600030,20.1,20.74,19.68,20.71,20.56,3280998,8103705088.0,3.34,0.73
2020-02-24,中信证券,600030,20.52,20.81,20.35,20.56,20.68,2442126,6120537856.0,2.49,-0.58
2020-02-21,中信证券,600030,20.78,21.38,20.52,20.68,20.89,3535269,8966404352.0,3.6,-1.01
2020-02-20,中信证券,600030,19.72,20.99,19.72,20.89,19.65,3898596,9687303424.0,3.97,6.31
2020-02-19,中信证券,600030,19.53,20.05,19.51,19.65,19.64,2083406,5045241856.0,2.12,0.05
2020-02-18,中信证券,600030,19.81,19.87,19.41,19.64,19.81,1916035,4594404608.0,1.95,-0.86
2020-02-17,中信证券,600030,19.44,19.91,19.13,19.81,18.77,3209866,7637323008.0,3.27,5.54
2020-02-14,中信证券,600030,18.35,19.0,18.32,18.77,18.39,2027590,4649873152.0,2.07,2.07
2020-02-13,中信证券,600030,18.63,18.79,18.35,18.39,18.7,1493056,3388496608.0,1.52,-1.66
2020-02-12,中信证券,600030,18.36,18.85,18.35,18.7,18.52,1701737,3880469520.0,1.73,0.97
2020-02-11,中信证券,600030,18.64,18.9,18.47,18.52,18.5,1763409,4024903008.0,1.8,0.11
2020-02-10,中信证券,600030,18.09,18.63,18.09,18.5,18.38,1580403,3568549360.0,1.61,0.65
2020-02-07,中信证券,600030,18.33,18.46,18.09,18.38,18.46,1836396,4119235888.0,1.87,-0.43
2020-02-06,中信证券,600030,18.0,18.6,17.76,18.46,17.98,2478402,5544992000.0,2.53,2.67
2020-02-05,中信证券,600030,17.71,18.51,17.5,17.98,17.68,2427651,5359496448.0,2.47,1.7
2020-02-04,中信证券,600030,16.87,17.86,16.85,17.68,17.49,3485572,7477240064.0,3.55,1.09
2020-02-03,中信证券,600030,17.49,17.49,17.49,17.49,19.57,753370,1620498864.0,0.77,-10.63
2020-01-23,中信证券,600030,20.25,20.4,19.32,19.57,20.7,2452484,5960881920.0,2.5,-5.46
2020-01-22,中信证券,600030,20.51,20.9,20.02,20.7,20.67,2036271,5070795776.0,2.07,0.15
2020-01-21,中信证券,600030,20.93,21.09,20.62,20.67,21.18,1691809,4287213232.0,1.72,-2.41
2020-01-20,中信证券,600030,20.82,21.2,20.7,21.18,20.84,1408183,3600438304.0,1.43,1.63
2020-01-17,中信证券,600030,20.76,21.18,20.72,20.84,20.62,1297342,3300089504.0,1.32,1.07
2020-01-16,中信证券,600030,20.84,20.84,20.58,20.62,20.8,1038356,2617122448.0,1.06,-0.87
2020-01-15,中信证券,600030,20.87,21.04,20.7,20.8,21.01,1140792,2890493040.0,1.16,-1.0
2020-01-14,中信证券,600030,21.38,21.52,20.97,21.01,21.37,1759241,4551674880.0,1.79,-1.68
2020-01-13,中信证券,600030,20.92,21.38,20.55,21.37,21.0,1895103,4832118272.0,1.93,1.76
2020-01-10,中信证券,600030,21.36,21.47,20.71,21.0,20.91,1969462,5049383168.0,2.01,0.43
2020-01-09,中信证券,600030,20.81,21.01,20.71,20.91,20.47,1635603,4151017888.0,1.67,2.15
2020-01-08,中信证券,600030,20.9,20.94,20.39,20.47,21.13,2066121,5204057600.0,2.11,-3.12
2020-01-07,中信证券,600030,20.87,21.18,20.61,21.13,20.8,2003054,5097647104.0,2.04,1.59
2020-01-06,中信证券,600030,20.58,21.26,20.52,20.8,20.85,2304035,5854929664.0,2.35,-0.24
2020-01-03,中信证券,600030,20.82,21.07,20.61,20.85,20.95,1837992,4662046464.0,1.87,-0.48
2020-01-02,中信证券,600030,21.17,21.3,20.75,20.95,20.78,3577366,9157399296.0,3.64,0.82
2019-12-31,中信证券,600030,21.04,21.15,20.52,20.78,21.1,3369730,8558280192.0,3.43,-1.52
2019-12-30,中信证券,600030,19.05,21.1,19.0,21.1,19.07,6152021,15383115008.0,6.27,10.64
2019-12-27,中信证券,600030,19.39,19.72,19.06,19.07,19.44,1702762,4044176352.0,1.73,-1.9
2019-12-26,中信证券,600030,19.0,19.45,18.93,19.44,18.9,1182015,2765566096.0,1.2,2.86
2019-12-25,中信证券,600030,18.91,19.09,18.79,18.9,18.94,774070,1792232528.0,0.79,-0.21
2019-12-24,中信证券,600030,18.79,18.95,18.74,18.94,18.83,814924,1880364416.0,0.83,0.58
2019-12-23,中信证券,600030,19.3,19.45,18.83,18.83,19.29,1415741,3314418304.0,1.44,-2.38
2019-12-20,中信证券,600030,19.49,19.74,19.29,19.29,19.44,1388118,3313876704.0,1.41,-0.77
2019-12-19,中信证券,600030,19.52,19.55,19.25,19.44,19.48,1061765,2517792368.0,1.08,-0.21
2019-12-18,中信证券,600030,19.52,19.9,19.44,19.48,19.54,1715992,4117883712.0,1.75,-0.31
2019-12-17,中信证券,600030,19.06,20.13,18.99,19.54,19.06,2741830,6557255936.0,2.79,2.52
2019-12-16,中信证券,600030,18.87,19.21,18.64,19.06,18.78,1803461,4183019872.0,1.84,1.49
2019-12-13,中信证券,600030,18.44,18.94,18.37,18.78,18.09,2556898,5841581056.0,2.61,3.81
2019-12-12,中信证券,600030,18.18,18.19,18.01,18.09,18.12,549902,1221227872.0,0.56,-0.17
2019-12-11,中信证券,600030,18.16,18.31,18.05,18.12,18.1,688658,1534515424.0,0.7,0.11
2019-12-10,中信证券,600030,18.11,18.17,17.96,18.1,18.13,544804,1207426320.0,0.56,-0.17
2019-12-09,中信证券,600030,18.26,18.29,18.07,18.13,18.25,696281,1552294976.0,0.71,-0.66
2019-12-06,中信证券,600030,18.18,18.32,18.06,18.25,18.18,1059059,2362884432.0,1.08,0.39
2019-12-05,中信证券,600030,17.78,18.2,17.78,18.18,17.72,1301520,2879095376.0,1.33,2.6
2019-12-04,中信证券,600030,17.62,17.76,17.59,17.72,17.78,445274,966956672.0,0.45,-0.34
2019-12-03,中信证券,600030,17.49,17.82,17.46,17.78,17.64,620648,1347986112.0,0.63,0.79
2019-12-02,中信证券,600030,17.83,17.9,17.61,17.64,17.4,865548,1887317648.0,0.88,1.38
2019-11-29,中信证券,600030,17.45,17.61,17.37,17.4,17.49,493310,1059598208.0,0.5,-0.51
2019-11-28,中信证券,600030,17.39,17.53,17.39,17.49,17.42,320646,688046928.0,0.33,0.4
2019-11-27,中信证券,600030,17.46,17.5,17.25,17.42,17.5,475672,1017629968.0,0.48,-0.46
2019-11-26,中信证券,600030,17.63,17.67,17.48,17.5,17.58,449905,970291168.0,0.46,-0.46
2019-11-25,中信证券,600030,17.55,17.62,17.4,17.58,17.47,469124,1011017088.0,0.48,0.63
2019-11-22,中信证券,600030,17.64,17.75,17.41,17.47,17.6,651101,1405852096.0,0.66,-0.74
2019-11-21,中信证券,600030,17.5,17.74,17.49,17.6,17.67,491854,1064330032.0,0.5,-0.4
2019-11-20,中信证券,600030,18.0,18.05,17.64,17.67,18.05,704670,1542070864.0,0.72,-2.11
2019-11-19,中信证券,600030,17.82,18.05,17.72,18.05,17.82,654224,1437310160.0,0.67,1.29
2019-11-18,中信证券,600030,17.65,17.93,17.58,17.82,17.66,508904,1113552544.0,0.52,0.91
2019-11-15,中信证券,600030,17.87,17.98,17.65,17.66,17.83,567539,1238999568.0,0.58,-0.95
2019-11-14,中信证券,600030,17.78,17.97,17.74,17.83,17.78,436553,956819504.0,0.44,0.28
2019-11-13,中信证券,600030,17.83,17.94,17.72,17.78,17.94,481866,1054579248.0,0.49,-0.89
2019-11-12,中信证券,600030,17.88,17.98,17.71,17.94,17.92,591917,1298066144.0,0.6,0.11
2019-11-11,中信证券,600030,18.17,18.18,17.89,17.92,18.28,730693,1614625776.0,0.74,-1.97
2019-11-08,中信证券,600030,18.75,18.87,18.2,18.28,18.53,979718,2222444368.0,1.0,-1.35
2019-11-07,中信证券,600030,18.32,18.65,18.25,18.53,18.29,846840,1918046880.0,0.86,1.31
2019-11-06,中信证券,600030,18.45,18.5,18.22,18.29,18.45,647451,1455877328.0,0.66,-0.87
2019-11-05,中信证券,600030,18.18,18.68,18.13,18.45,18.14,1422974,3216870112.0,1.45,1.71
2019-11-04,中信证券,600030,18.08,18.24,17.99,18.14,18.07,749150,1665914032.0,0.76,0.39
2019-11-01,中信证券,600030,17.62,18.16,17.52,18.07,17.65,797095,1752280384.0,0.81,2.38
2019-10-31,中信证券,600030,17.87,17.96,17.49,17.65,17.8,743342,1617433168.0,0.76,-0.84
2019-10-29,中信证券,600030,18.22,18.23,17.8,17.8,18.22,692722,1527818880.0,0.71,-2.31
2019-10-28,中信证券,600030,17.97,18.27,17.88,18.22,17.97,750802,1667771968.0,0.76,1.39
2019-10-25,中信证券,600030,17.78,18.03,17.62,17.97,17.78,657781,1441298080.0,0.67,1.07
2019-10-24,中信证券,600030,17.78,17.96,17.64,17.78,17.73,553384,1207721808.0,0.56,0.28
2019-10-23,中信证券,600030,17.93,18.07,17.61,17.73,18.0,614210,1343641280.0,0.63,-1.5
2019-10-22,中信证券,600030,17.86,18.02,17.77,18.0,17.78,461915,1015489712.0,0.47,1.24
2019-10-21,中信证券,600030,17.88,17.88,17.5,17.78,17.92,736386,1600814992.0,0.75,-0.78
2019-10-18,中信证券,600030,18.47,18.5,17.92,17.92,18.37,783602,1744469632.0,0.8,-2.45
2019-10-17,中信证券,600030,18.38,18.5,18.31,18.37,18.4,410303,924724528.0,0.42,-0.16
2019-10-16,中信证券,600030,18.58,18.77,18.38,18.4,18.52,630231,1433875984.0,0.64,-0.65
2019-10-15,中信证券,600030,18.84,18.84,18.52,18.52,18.86,745834,1700398720.0,0.76,-1.8
2019-10-14,中信证券,600030,19.02,19.18,18.85,18.86,18.73,1442097,3352970016.0,1.47,0.69
2019-10-11,中信证券,600030,18.35,18.83,18.13,18.73,18.25,1174967,2671942208.0,1.2,2.63
2019-10-10,中信证券,600030,18.11,18.32,18.05,18.25,18.12,645315,1441449344.0,0.66,0.72
2019-10-09,中信证券,600030,17.98,18.15,17.83,18.12,18.2,750381,1656886848.0,0.76,-0.44
2019-10-08,中信证券,600030,18.33,18.42,18.03,18.2,18.33,781870,1746832048.0,0.8,-0.71
2019-09-30,中信证券,600030,18.83,18.83,18.33,18.33,18.83,718608,1635540880.0,0.73,-2.66
2019-09-27,中信证券,600030,18.52,18.83,18.52,18.83,18.54,655974,1502332816.0,0.67,1.56
2019-09-26,中信证券,600030,18.72,18.85,18.46,18.54,18.66,900378,2058136288.0,0.92,-0.64
2019-09-25,中信证券,600030,18.6,18.86,18.56,18.66,18.75,664623,1520551152.0,0.68,-0.48
2019-09-24,中信证券,600030,18.89,19.08,18.71,18.75,18.76,1016008,2347692304.0,1.04,-0.05
2019-09-23,中信证券,600030,18.97,18.98,18.58,18.76,19.08,1150832,2638911312.0,1.17,-1.68
2019-09-20,中信证券,600030,19.32,19.32,18.86,19.08,19.3,1144044,2668476352.0,1.17,-1.14
2019-09-19,中信证券,600030,19.28,19.33,19.12,19.3,19.16,779031,1830356896.0,0.79,0.73
2019-09-18,中信证券,600030,19.28,19.37,19.12,19.16,19.25,784039,1843461888.0,0.8,-0.47
2019-09-17,中信证券,600030,19.78,19.78,19.18,19.25,19.9,1666265,3953656368.0,1.7,-3.27
2019-09-16,中信证券,600030,20.38,20.44,19.73,19.9,20.27,1260028,3078488704.0,1.28,-1.83
2019-09-12,中信证券,600030,20.09,20.36,19.85,20.27,19.99,1512289,3709488752.0,1.54,1.4
2019-09-11,中信证券,600030,20.07,20.35,19.83,19.99,19.83,2016022,4936660992.0,2.05,0.81
2019-09-10,中信证券,600030,20.0,20.04,19.43,19.83,19.93,1675992,4033702400.0,1.71,-0.5
2019-09-09,中信证券,600030,20.13,20.39,19.91,19.93,19.78,1780365,4366186752.0,1.81,0.76
2019-09-06,中信证券,600030,19.92,19.99,19.55,19.78,19.51,1556021,3755546528.0,1.59,1.38
2019-09-05,中信证券,600030,19.57,20.31,19.48,19.51,19.07,3091450,7502351360.0,3.15,2.31
2019-09-04,中信证券,600030,18.61,19.17,18.55,19.07,18.65,1609647,3733029168.0,1.64,2.25
2019-09-03,中信证券,600030,18.59,18.85,18.52,18.65,18.58,957270,2189450496.0,0.98,0.38
2019-09-02,中信证券,600030,18.2,18.75,18.14,18.58,18.19,1211444,2751413056.0,1.23,2.14
2019-08-30,中信证券,600030,18.39,18.6,18.0,18.19,18.13,841397,1891216992.0,0.86,0.33
2019-08-29,中信证券,600030,18.31,18.36,18.1,18.13,18.28,636306,1420785632.0,0.65,-0.82
2019-08-28,中信证券,600030,18.45,18.57,18.26,18.28,18.58,723060,1628838896.0,0.74,-1.61
2019-08-27,中信证券,600030,18.27,18.82,18.22,18.58,18.11,1355031,3082742128.0,1.38,2.6
2019-08-26,中信证券,600030,18.04,18.3,17.97,18.11,18.47,993652,2211292784.0,1.01,-1.95
2019-08-23,中信证券,600030,18.58,18.71,18.4,18.47,18.53,882491,2006969072.0,0.9,-0.32
2019-08-22,中信证券,600030,18.55,18.64,18.35,18.53,18.47,651203,1475841408.0,0.66,0.32
2019-08-21,中信证券,600030,18.52,18.67,18.41,18.47,18.58,771302,1750861952.0,0.79,-0.59
2019-08-20,中信证券,600030,18.78,18.9,18.53,18.58,18.9,1313823,3007939728.0,1.34,-1.69
2019-08-19,中信证券,600030,17.81,18.93,17.63,18.9,17.33,2473638,5555474176.0,2.52,9.06
2019-08-16,中信证券,600030,17.15,17.61,17.15,17.33,17.22,947656,2031079520.0,0.97,0.64
2019-08-15,中信证券,600030,16.61,17.31,16.57,17.22,17.18,719689,1505909792.0,0.73,0.23
2019-08-14,中信证券,600030,17.44,17.55,17.18,17.18,17.11,795424,1702026480.0,0.81,0.41
2019-08-13,中信证券,600030,17.13,17.19,17.05,17.11,17.34,506349,1067441888.0,0.52,-1.33
2019-08-12,中信证券,600030,17.18,17.35,17.12,17.34,16.86,1078209,2288657408.0,1.1,2.85
2019-08-09,中信证券,600030,17.13,17.21,16.81,16.86,16.97,850866,1783744208.0,0.87,-0.65
2019-08-08,中信证券,600030,17.18,17.25,16.86,16.97,16.61,1301573,2732868512.0,1.33,2.17
2019-08-07,中信证券,600030,16.97,17.02,16.59,16.61,16.92,992023,2052798272.0,1.01,-1.83
2019-08-06,中信证券,600030,16.52,17.12,16.32,16.92,16.99,1641234,3366485552.0,1.67,-0.41
2019-08-05,中信证券,600030,17.46,17.46,16.98,16.99,17.66,1405690,2974561632.0,1.43,-3.79
2019-08-02,中信证券,600030,17.83,17.89,17.64,17.66,18.41,1114827,2429534320.0,1.14,-4.07
2019-08-01,中信证券,600030,18.56,18.65,18.32,18.41,18.68,809711,1857721632.0,0.83,-1.45
2019-07-31,中信证券,600030,18.77,18.82,18.59,18.68,18.84,633683,1470984032.0,0.65,-0.85
2019-07-30,中信证券,600030,18.65,19.04,18.62,18.84,18.63,1001973,2350144944.0,1.02,1.13
2019-07-29,中信证券,600030,18.77,18.78,18.53,18.63,18.82,626721,1451691776.0,0.64,-1.01
2019-07-26,中信证券,600030,18.72,18.82,18.65,18.82,18.82,536303,1249082288.0,0.55,0.0
2019-07-25,中信证券,600030,18.73,18.82,18.62,18.82,18.71,643832,1499048320.0,0.66,0.59
2019-07-24,中信证券,600030,18.49,18.85,18.49,18.71,18.37,1086123,2529016576.0,1.11,1.85
2019-07-23,中信证券,600030,18.33,18.53,18.27,18.37,18.31,501549,1147807072.0,0.51,0.33
2019-07-22,中信证券,600030,18.73,18.78,18.29,18.31,18.64,923065,2121518672.0,0.94,-1.77
2019-07-19,中信证券,600030,18.34,18.78,18.33,18.64,18.24,1080637,2499957088.0,1.1,2.19
2019-07-18,中信证券,600030,18.39,18.44,18.23,18.24,18.56,867816,1980426528.0,0.88,-1.72
2019-07-17,中信证券,600030,18.71,18.83,18.49,18.56,18.85,1206503,2800564768.0,1.23,-1.54
2019-07-16,中信证券,600030,19.01,19.14,18.85,18.85,19.08,780117,1837695040.0,0.79,-1.21
2019-07-15,中信证券,600030,18.57,19.4,18.42,19.08,18.8,1502423,3538354496.0,1.53,1.49
2019-07-12,中信证券,600030,18.6,18.84,18.39,18.8,18.64,966705,2250020432.0,0.98,0.86
2019-07-11,中信证券,600030,18.83,19.04,18.47,18.64,18.65,1237520,2885829472.0,1.26,-0.05
2019-07-10,中信证券,600030,18.78,18.83,18.52,18.65,18.68,786532,1825237648.0,0.8,-0.16
2019-07-09,中信证券,600030,18.78,18.86,18.41,18.68,18.63,957242,2220341824.0,0.98,0.27
2019-07-08,中信证券,600030,18.9,19.05,18.39,18.63,18.95,1289454,3000007856.0,1.31,-1.69
2019-07-05,中信证券,600030,19.02,19.13,18.74,18.95,19.0,827340,1947899040.0,0.84,-0.26
2019-07-04,中信证券,600030,18.93,19.28,18.83,19.0,18.85,1032663,2439988080.0,1.05,0.8
2019-07-03,中信证券,600030,19.42,19.44,18.69,18.85,19.48,1680634,3958484768.0,1.71,-3.23
2019-07-02,中信证券,600030,19.57,19.59,19.41,19.48,19.68,1185460,2867623568.0,1.21,-1.02
2019-07-01,中信证券,600030,19.92,20.03,19.52,19.68,19.18,2510106,6146950912.0,2.56,2.61
2019-06-28,中信证券,600030,19.22,19.38,19.0,19.18,19.28,1282378,3052242128.0,1.31,-0.52
2019-06-27,中信证券,600030,18.92,19.58,18.88,19.28,18.73,2193589,5251717376.0,2.24,2.94
2019-06-26,中信证券,600030,18.7,18.94,18.5,18.73,18.9,1217175,2838217280.0,1.24,-0.9
2019-06-25,中信证券,600030,19.0,19.14,18.33,18.9,19.0,2248023,5240050176.0,2.29,-0.53
2019-06-24,中信证券,600030,19.31,19.44,18.94,19.0,19.06,1955480,4647988736.0,1.99,-0.31
2019-06-21,中信证券,600030,18.62,19.38,18.53,19.06,18.52,3178615,7503320832.0,3.24,2.92
2019-06-20,中信证券,600030,17.25,19.0,17.21,18.52,17.22,3594229,8162288384.0,3.66,7.55
2019-06-19,中信证券,600030,18.05,18.31,17.18,17.22,16.61,2567731,5646249984.0,2.62,3.67
2019-06-18,中信证券,600030,16.55,16.69,16.39,16.61,16.51,598733,1245165824.0,0.61,0.61
2019-06-17,中信证券,600030,16.45,16.65,16.41,16.51,16.45,652912,1354518464.0,0.67,0.36
2019-06-14,中信证券,600030,16.78,16.94,16.43,16.45,16.75,965825,2016854624.0,0.98,-1.79
2019-06-13,中信证券,600030,16.52,16.92,16.49,16.75,16.58,1291287,2709978480.0,1.32,1.03
2019-06-12,中信证券,600030,16.64,16.79,16.46,16.58,16.82,1253616,2614049856.0,1.28,-1.43
2019-06-11,中信证券,600030,15.94,16.88,15.91,16.82,15.94,2217440,4597038848.0,2.26,5.52
2019-06-10,中信证券,600030,16.04,16.13,15.62,15.94,15.93,1055966,2112416432.0,1.08,0.06
2019-06-06,中信证券,600030,16.22,16.34,15.89,15.93,16.16,895867,1817779792.0,0.91,-1.42
2019-06-05,中信证券,600030,16.24,16.35,16.07,16.16,15.98,1144200,2334168688.0,1.17,1.13
2019-06-04,中信证券,600030,16.0,16.08,15.85,15.98,16.04,663409,1333835840.0,0.68,-0.37
2019-06-03,中信证券,600030,16.12,16.45,15.94,16.04,15.98,1083302,2201419040.0,1.1,0.38
2019-05-31,中信证券,600030,16.01,16.18,15.98,15.98,16.05,573655,1159997872.0,0.58,-0.44
2019-05-30,中信证券,600030,16.22,16.26,15.92,16.05,16.35,951650,1924094128.0,0.97,-1.83
2019-05-29,中信证券,600030,16.23,16.57,16.22,16.35,16.38,899947,1852473232.0,0.92,-0.18
2019-05-28,中信证券,600030,16.29,16.64,16.27,16.38,16.42,1223126,2519027472.0,1.25,-0.24
2019-05-27,中信证券,600030,15.92,16.52,15.8,16.42,15.93,1666911,3407092464.0,1.7,3.08
2019-05-24,中信证券,600030,15.96,16.09,15.85,15.93,15.92,681299,1369509840.0,0.69,0.06
2019-05-23,中信证券,600030,15.85,16.2,15.76,15.92,15.99,1012301,2036113040.0,1.03,-0.44
2019-05-22,中信证券,600030,16.08,16.21,15.87,15.99,16.07,808034,1630846384.0,0.82,-0.5
2019-05-21,中信证券,600030,15.72,16.25,15.72,16.07,15.76,1270625,2567114864.0,1.29,1.97
2019-05-20,中信证券,600030,15.51,15.94,15.44,15.76,15.56,1135267,2248164272.0,1.16,1.29
2019-05-17,中信证券,600030,16.13,16.18,15.39,15.56,16.07,1414069,2815594272.0,1.44,-3.17
2019-05-16,中信证券,600030,16.11,16.17,15.95,16.07,16.13,913705,1847535328.0,0.93,-0.37
2019-05-15,中信证券,600030,15.93,16.19,15.87,16.13,15.77,1359899,2746669552.0,1.39,2.28
2019-05-14,中信证券,600030,15.71,16.04,15.69,15.77,15.91,1144872,2288159632.0,1.17,-0.88
2019-05-13,中信证券,600030,16.05,16.2,15.78,15.91,16.43,1351194,2722359664.0,1.38,-3.16
2019-05-10,中信证券,600030,15.96,16.65,15.65,16.43,15.68,2696132,5516304384.0,2.75,4.78
2019-05-09,中信证券,600030,15.85,16.05,15.66,15.68,16.11,1653381,3295156688.0,1.68,-2.67
2019-05-08,中信证券,600030,15.96,16.52,15.87,16.11,16.52,1462803,2971070096.0,1.49,-2.48
2019-05-07,中信证券,600030,16.69,16.72,15.98,16.52,16.52,2134661,4403546112.0,2.17,0.0
2019-05-06,中信证券,600030,17.26,17.58,16.52,16.52,18.52,2795891,5942960896.0,2.85,-10.8
2019-04-30,中信证券,600030,18.52,18.73,18.4,18.52,18.5,1066745,2460178688.0,1.09,0.11
2019-04-29,中信证券,600030,18.99,19.07,18.24,18.5,18.99,1772592,4104934672.0,1.81,-2.58
2019-04-26,中信证券,600030,18.81,19.31,18.8,18.99,18.92,1449303,3426439680.0,1.48,0.37
2019-04-25,中信证券,600030,19.35,19.68,18.9,18.92,19.51,1666072,3992360528.0,1.7,-3.02
2019-04-24,中信证券,600030,19.3,19.59,19.16,19.51,19.31,1232362,2965446192.0,1.26,1.04
2019-04-23,中信证券,600030,19.09,19.76,18.98,19.31,19.17,1625661,3902809456.0,1.66,0.73
2019-04-22,中信证券,600030,19.99,20.06,19.1,19.17,19.78,1896333,4582843904.0,1.93,-3.08
2019-04-19,中信证券,600030,19.64,19.9,19.45,19.78,19.59,1408862,3436655952.0,1.44,0.97
2019-04-18,中信证券,600030,19.66,19.91,19.54,19.59,19.66,1063509,2595891488.0,1.08,-0.36
2019-04-17,中信证券,600030,19.69,19.88,19.53,19.66,19.78,1378484,3362537536.0,1.4,-0.61
2019-04-16,中信证券,600030,19.09,19.78,18.71,19.78,19.18,2355309,5632907264.0,2.4,3.13
2019-04-15,中信证券,600030,20.05,20.13,19.13,19.18,19.58,2102530,5132742144.0,2.14,-2.04
2019-04-12,中信证券,600030,19.72,19.89,19.38,19.58,19.72,1593524,3874146080.0,1.62,-0.71
2019-04-11,中信证券,600030,20.0,20.26,19.65,19.72,20.18,1816187,4467917056.0,1.85,-2.28
2019-04-10,中信证券,600030,20.52,20.55,19.85,20.18,20.58,2675712,6659172096.0,2.73,-1.94
2019-04-09,中信证券,600030,20.46,20.78,20.22,20.58,20.49,1989046,5032670976.0,2.03,0.44
2019-04-08,中信证券,600030,21.31,21.38,20.22,20.49,21.09,2903872,7440720896.0,2.96,-2.84
2019-04-04,中信证券,600030,21.27,21.34,20.83,21.09,21.23,2750094,7138467584.0,2.8,-0.66
2019-04-03,中信证券,600030,20.14,21.45,20.12,21.23,20.39,3906932,10047928320.0,3.98,4.12
2019-04-02,中信证券,600030,20.67,20.92,20.26,20.39,20.46,2857664,7277402880.0,2.91,-0.34
2019-04-01,中信证券,600030,20.02,20.88,19.85,20.46,20.03,4904513,12300817408.0,5.0,2.15
2019-03-29,中信证券,600030,18.42,20.09,18.42,20.03,18.33,4233646,10184645120.0,4.31,9.27
2019-03-28,中信证券,600030,18.26,18.68,18.0,18.33,18.45,1676061,3825926032.0,1.71,-0.65
2019-03-27,中信证券,600030,18.58,18.72,18.16,18.45,18.4,1870655,4299513600.0,1.91,0.27
2019-03-26,中信证券,600030,19.26,19.26,18.27,18.4,19.09,2572075,5991016192.0,2.62,-3.61
2019-03-25,中信证券,600030,19.61,19.82,19.01,19.09,20.05,2525337,6083612928.0,2.57,-4.79
2019-03-22,中信证券,600030,20.02,20.24,19.61,20.05,20.13,2043175,5038974976.0,2.08,-0.4
2019-03-21,中信证券,600030,19.92,20.6,19.72,20.13,19.84,3563240,8909914112.0,3.63,1.46
2019-03-20,中信证券,600030,19.48,20.18,19.43,19.84,19.55,2588968,6342445312.0,2.64,1.48
2019-03-19,中信证券,600030,19.92,20.0,19.43,19.55,19.9,2152355,5253751808.0,2.19,-1.76
2019-03-18,中信证券,600030,19.13,19.95,18.74,19.9,19.18,2994300,7210529536.0,3.05,3.75
2019-03-15,中信证券,600030,19.01,19.44,18.85,19.18,18.8,2464579,5863635456.0,2.51,2.02
2019-03-14,中信证券,600030,19.13,19.57,18.58,18.8,19.28,2833473,6681719808.0,2.89,-2.49
2019-03-13,中信证券,600030,19.98,20.02,19.23,19.28,19.94,2999075,7254913024.0,3.06,-3.31
2019-03-12,中信证券,600030,19.5,20.52,19.5,19.94,19.43,4310350,10666379520.0,4.39,2.62
2019-03-11,中信证券,600030,19.35,19.77,18.65,19.43,19.42,3791527,9024725248.0,3.86,0.05
2019-03-08,中信证券,600030,20.22,20.67,19.42,19.42,21.75,6328067,15713740288.0,6.45,-10.71
2019-03-07,中信证券,600030,21.42,22.72,21.05,21.75,21.7,6217520,16685729536.0,6.33,0.23
2019-03-06,中信证券,600030,20.05,22.2,19.87,21.7,20.05,5565952,14220323328.0,5.67,8.23
2019-03-05,中信证券,600030,19.92,20.2,19.51,20.05,19.78,3148280,7731748864.0,3.21,1.37
2019-03-04,中信证券,600030,19.96,21.18,19.18,19.78,19.75,5083364,12597825024.0,5.18,0.15
2019-03-01,中信证券,600030,19.13,19.92,18.65,19.75,18.92,3943659,9466440960.0,4.02,4.39
2019-02-28,中信证券,600030,19.12,19.27,18.48,18.92,19.39,2984919,7010397184.0,3.04,-2.42
2019-02-27,中信证券,600030,19.61,20.22,18.84,19.39,19.78,4567925,11044914688.0,4.65,-1.97
2019-02-26,中信证券,600030,20.58,21.42,19.56,19.78,19.93,5873955,14778467584.0,5.98,-0.75
2019-02-25,中信证券,600030,18.96,19.93,18.57,19.93,17.98,4913447,11795454208.0,5.01,10.85
2019-02-22,中信证券,600030,16.38,17.98,16.05,17.98,16.21,3930822,8411974400.0,4.01,10.92
2019-02-21,中信证券,600030,15.83,16.83,15.7,16.21,15.94,2326752,4752764928.0,2.37,1.69
2019-02-20,中信证券,600030,15.77,16.12,15.65,15.94,15.68,1351409,2703705040.0,1.38,1.66
2019-02-19,中信证券,600030,15.72,16.21,15.53,15.68,15.72,2120707,4233728192.0,2.16,-0.25
2019-02-18,中信证券,600030,14.86,15.73,14.86,15.72,14.69,2229679,4316359168.0,2.27,7.01
2019-02-15,中信证券,600030,15.24,15.24,14.65,14.69,15.26,1607907,3038429968.0,1.64,-3.74
2019-02-14,中信证券,600030,15.42,15.43,15.18,15.26,15.43,916356,1772749088.0,0.93,-1.1
2019-02-13,中信证券,600030,14.98,15.44,14.83,15.43,14.98,1431069,2754969184.0,1.46,3.0
2019-02-12,中信证券,600030,14.9,15.13,14.81,14.98,14.88,880374,1669274960.0,0.9,0.67
2019-02-11,中信证券,600030,14.58,14.95,14.58,14.88,14.64,837104,1568828688.0,0.85,1.64
2019-02-01,中信证券,600030,14.65,14.8,14.5,14.64,14.36,1048306,1950239408.0,1.07,1.95
2019-01-31,中信证券,600030,14.19,14.48,14.12,14.36,14.08,925071,1686835248.0,0.94,1.99
2019-01-30,中信证券,600030,14.11,14.26,14.05,14.08,14.22,487550,879523088.0,0.5,-0.98
2019-01-29,中信证券,600030,14.06,14.32,13.98,14.22,14.13,769070,1386058448.0,0.78,0.64
2019-01-28,中信证券,600030,14.38,14.5,13.98,14.13,14.17,1007457,1831738256.0,1.03,-0.28
2019-01-25,中信证券,600030,14.09,14.35,14.04,14.17,14.04,1131969,2051498544.0,1.15,0.93
2019-01-24,中信证券,600030,13.78,14.2,13.72,14.04,13.72,1157570,2065794368.0,1.18,2.33
2019-01-23,中信证券,600030,13.74,13.81,13.58,13.72,13.67,519431,909072400.0,0.53,0.37
2019-01-22,中信证券,600030,13.92,13.98,13.58,13.67,13.99,921813,1620587936.0,0.94,-2.29
2019-01-21,中信证券,600030,14.03,14.25,13.86,13.99,14.03,1132135,2027762944.0,1.15,-0.29
2019-01-18,中信证券,600030,13.85,14.08,13.71,14.03,13.75,1110556,1973470384.0,1.13,2.04
2019-01-17,中信证券,600030,13.92,14.02,13.71,13.75,13.82,883326,1561153008.0,0.9,-0.51
2019-01-16,中信证券,600030,13.81,13.92,13.68,13.82,13.78,1104444,1945845696.0,1.13,0.29
2019-01-15,中信证券,600030,13.3,13.89,13.27,13.78,13.26,1805470,3152949472.0,1.84,3.92
2019-01-14,中信证券,600030,13.36,13.49,13.24,13.26,13.24,861109,1471577136.0,0.88,0.15
2019-01-11,中信证券,600030,13.09,13.29,13.04,13.24,13.09,1127696,1908024320.0,1.15,1.15
2019-01-10,中信证券,600030,13.39,13.39,13.05,13.09,12.4,2186844,3703434320.0,2.23,5.56
2018-12-24,中信证券,600030,12.39,12.48,12.29,12.4,12.48,505265,807316768.0,0.51,-0.64
2018-12-21,中信证券,600030,12.74,12.78,12.3,12.48,12.83,885359,1425458112.0,0.9,-2.73
2018-12-20,中信证券,600030,12.75,12.96,12.57,12.83,12.76,755764,1243444064.0,0.77,0.55
2018-12-19,中信证券,600030,12.96,13.01,12.74,12.76,12.96,539404,892209728.0,0.55,-1.54
2018-12-18,中信证券,600030,13.12,13.24,12.84,12.96,13.25,748086,1250800448.0,0.76,-2.19
2018-12-17,中信证券,600030,13.07,13.28,13.05,13.25,13.13,541827,916794976.0,0.55,0.91
2018-12-14,中信证券,600030,13.34,13.37,13.13,13.13,13.42,656051,1112358976.0,0.67,-2.16
2018-12-13,中信证券,600030,13.26,13.54,13.15,13.42,13.24,1229788,2112095952.0,1.25,1.36
2018-12-12,中信证券,600030,13.26,13.36,13.19,13.24,13.16,551859,939083328.0,0.56,0.61
2018-12-11,中信证券,600030,13.1,13.18,13.06,13.16,13.06,358675,603850208.0,0.37,0.77
2018-12-10,中信证券,600030,13.11,13.24,12.97,13.06,13.31,695505,1167336656.0,0.71,-1.88
2018-12-07,中信证券,600030,13.43,13.47,13.28,13.31,13.27,512283,876858000.0,0.52,0.3
2018-12-06,中信证券,600030,13.48,13.5,13.22,13.27,13.65,918608,1568942016.0,0.94,-2.78
2018-12-05,中信证券,600030,13.51,13.78,13.48,13.65,13.78,813033,1417852704.0,0.83,-0.94
2018-12-04,中信证券,600030,13.65,13.8,13.57,13.78,13.65,972455,1703808000.0,0.99,0.95
2018-12-03,中信证券,600030,13.96,13.98,13.56,13.65,13.15,1866667,3276775824.0,1.9,3.8
2018-11-30,中信证券,600030,12.9,13.22,12.83,13.15,12.94,750196,1252359024.0,0.76,1.62
2018-11-29,中信证券,600030,13.32,13.53,12.92,12.94,13.27,966426,1642187968.0,0.98,-2.49
2018-11-28,中信证券,600030,12.95,13.37,12.92,13.27,13.01,1053954,1784838912.0,1.07,2.0
2018-11-27,中信证券,600030,12.95,13.12,12.86,13.01,12.89,664617,1109092912.0,0.68,0.93
2018-11-26,中信证券,600030,12.92,13.11,12.79,12.89,12.92,672354,1116417104.0,0.69,-0.23
2018-11-23,中信证券,600030,13.23,13.41,12.81,12.92,13.3,1090118,1824669616.0,1.11,-2.86
2018-11-22,中信证券,600030,13.42,13.44,13.13,13.3,13.38,953348,1620533552.0,0.97,-0.6
2018-11-21,中信证券,600030,13.39,13.57,13.22,13.38,13.58,1498952,2565467920.0,1.53,-1.47
2018-11-20,中信证券,600030,14.04,14.18,13.5,13.58,14.19,1777408,3136821760.0,1.81,-4.3
2018-11-19,中信证券,600030,13.78,14.19,13.72,14.19,13.77,2553649,4564839936.0,2.6,3.05
2018-11-16,中信证券,600030,13.6,14.1,13.45,13.77,13.61,2533627,4471193600.0,2.58,1.18
2018-11-15,中信证券,600030,13.28,13.65,13.21,13.61,13.31,1617502,2793640384.0,1.65,2.25
2018-11-14,中信证券,600030,13.5,13.63,13.25,13.31,13.6,1162759,2000065536.0,1.18,-2.13
2018-11-13,中信证券,600030,13.19,13.93,13.17,13.6,13.38,1833411,3164751520.0,1.87,1.64
2018-11-12,中信证券,600030,13.25,13.4,13.18,13.38,13.19,933867,1594210848.0,0.95,1.44
2018-11-09,中信证券,600030,13.18,13.37,13.1,13.19,13.24,788310,1337680320.0,0.8,-0.38
2018-11-08,中信证券,600030,13.68,13.7,13.18,13.24,13.52,1115537,1916021248.0,1.14,-2.07
2018-11-07,中信证券,600030,13.81,13.85,13.45,13.52,13.88,1068929,1863436736.0,1.09,-2.59
2018-11-06,中信证券,600030,13.96,14.19,13.74,13.88,13.88,1125850,2001672608.0,1.15,0.0
2018-11-05,中信证券,600030,13.8,14.01,13.62,13.88,13.95,1089394,1925281600.0,1.11,-0.5
2018-11-02,中信证券,600030,14.04,14.1,13.7,13.95,13.58,1742363,3093753712.0,1.78,2.72
2018-11-01,中信证券,600030,13.73,14.38,13.52,13.58,13.4,2531448,4494492928.0,2.58,1.34
2018-10-31,中信证券,600030,13.38,13.65,13.14,13.4,13.52,1452445,2488222720.0,1.48,-0.89
2018-10-30,中信证券,600030,13.08,13.95,12.84,13.52,12.96,2252639,3878198256.0,2.3,4.32
2018-10-29,中信证券,600030,13.12,13.39,12.86,12.96,13.16,1109778,1861378384.0,1.13,-1.52
2018-10-26,中信证券,600030,13.47,13.51,13.0,13.16,13.57,1467625,2490203744.0,1.5,-3.02
2018-10-25,中信证券,600030,12.86,13.59,12.65,13.57,13.2,2128963,3578875728.0,2.17,2.8
2018-10-24,中信证券,600030,12.88,13.63,12.85,13.2,13.01,2519260,4297194752.0,2.57,1.46
2018-10-23,中信证券,600030,13.7,13.83,12.85,13.01,13.19,3136252,5385696512.0,3.2,-1.36
2018-10-22,中信证券,600030,12.08,13.19,12.08,13.19,11.85,2522346,4175488736.0,2.57,11.31
2018-10-19,中信证券,600030,11.32,11.96,11.28,11.85,11.38,1165880,1775554240.0,1.19,4.13
2018-10-18,中信证券,600030,11.57,11.7,11.38,11.38,11.6,524394,787208784.0,0.53,-1.9
2018-10-17,中信证券,600030,11.72,11.75,11.35,11.6,11.44,560514,845704720.0,0.57,1.4
2018-10-16,中信证券,600030,11.58,11.78,11.35,11.44,11.54,491321,739089536.0,0.5,-0.87
2018-10-15,中信证券,600030,11.74,11.81,11.52,11.54,11.71,512232,777140272.0,0.52,-1.45
2018-10-12,中信证券,600030,11.55,11.81,11.31,11.71,11.67,800360,1207398400.0,0.82,0.34
2018-10-11,中信证券,600030,12.09,12.22,11.52,11.67,12.52,1154500,1777823264.0,1.18,-6.79
2018-10-10,中信证券,600030,12.43,12.54,12.38,12.52,12.43,504243,810706352.0,0.51,0.72
2018-10-09,中信证券,600030,12.38,12.48,12.32,12.43,12.36,500918,800417760.0,0.51,0.57
2018-10-08,中信证券,600030,12.69,12.74,12.32,12.36,12.99,866982,1401272768.0,0.88,-4.85
2018-09-28,中信证券,600030,12.9,13.12,12.86,12.99,12.85,728661,1217501280.0,0.74,1.09
2018-09-27,中信证券,600030,12.85,12.91,12.65,12.85,12.88,618868,1019637344.0,0.63,-0.23
2018-09-26,中信证券,600030,12.8,13.15,12.75,12.88,12.75,973114,1620899472.0,0.99,1.02
2018-09-25,中信证券,600030,12.78,12.89,12.71,12.75,12.98,562906,926078416.0,0.57,-1.77
2018-09-21,中信证券,600030,12.5,12.99,12.45,12.98,12.52,1203043,1978097360.0,1.23,3.67
2018-09-20,中信证券,600030,12.58,12.7,12.45,12.52,12.51,589209,953856752.0,0.6,0.08
2018-09-19,中信证券,600030,12.27,12.61,12.23,12.51,12.31,923816,1487963248.0,0.94,1.62
2018-09-18,中信证券,600030,11.98,12.34,11.98,12.31,12.04,482102,759527920.0,0.49,2.24
2018-09-17,中信证券,600030,12.07,12.12,11.95,12.04,12.12,276496,431098608.0,0.28,-0.66
2018-09-14,中信证券,600030,12.18,12.23,12.07,12.12,12.14,329635,517933488.0,0.34,-0.16
2018-09-13,中信证券,600030,12.12,12.18,12.0,12.14,11.98,430520,674413408.0,0.44,1.34
2018-09-12,中信证券,600030,11.89,12.12,11.89,11.98,11.98,313536,487889504.0,0.32,0.0
2018-09-11,中信证券,600030,11.9,12.05,11.85,11.98,11.89,351567,544302896.0,0.36,0.76
2018-09-10,中信证券,600030,12.22,12.29,11.85,11.89,12.3,621210,967007856.0,0.63,-3.33
2018-09-07,中信证券,600030,12.28,12.53,12.25,12.3,12.27,458488,732317072.0,0.47,0.24
2018-09-06,中信证券,600030,12.32,12.42,12.25,12.27,12.32,345835,550817312.0,0.35,-0.41
2018-09-05,中信证券,600030,12.55,12.59,12.32,12.32,12.63,519919,834842448.0,0.53,-2.45
2018-09-04,中信证券,600030,12.45,12.69,12.36,12.63,12.47,619720,1002356544.0,0.63,1.28
2018-09-03,中信证券,600030,12.35,12.49,12.32,12.47,12.38,387549,620394624.0,0.39,0.73
2018-08-31,中信证券,600030,12.35,12.48,12.31,12.38,12.34,448781,718027584.0,0.46,0.32
2018-08-30,中信证券,600030,12.45,12.52,12.34,12.34,12.45,345356,553297744.0,0.35,-0.88
2018-08-29,中信证券,600030,12.56,12.61,12.41,12.45,12.58,484894,779809216.0,0.49,-1.03
2018-08-28,中信证券,600030,12.67,12.74,12.52,12.58,12.68,505719,821171904.0,0.52,-0.79
2018-08-27,中信证券,600030,12.46,12.7,12.39,12.68,12.39,873600,1417013984.0,0.89,2.34
2018-08-24,中信证券,600030,12.29,12.61,12.18,12.39,12.29,661037,1055689456.0,0.67,0.81
2018-08-23,中信证券,600030,12.22,12.35,12.08,12.29,12.19,643886,1044689616.0,0.66,0.82
2018-08-22,中信证券,600030,12.18,12.23,12.11,12.19,12.18,325251,525298752.0,0.33,0.08
2018-08-21,中信证券,600030,12.11,12.31,12.05,12.18,12.11,630982,1021299104.0,0.64,0.58
2018-08-20,中信证券,600030,11.88,12.12,11.88,12.11,11.83,500832,799456112.0,0.51,2.37
2018-08-17,中信证券,600030,12.12,12.17,11.8,11.83,12.0,531964,848570768.0,0.54,-1.42
2018-08-16,中信证券,600030,11.78,12.21,11.69,12.0,11.93,711336,1133005072.0,0.72,0.59
2018-08-15,中信证券,600030,12.2,12.23,11.92,11.93,12.21,587403,939839280.0,0.6,-2.29
2018-08-14,中信证券,600030,12.2,12.25,12.1,12.21,12.23,332969,537424272.0,0.34,-0.16
2018-08-13,中信证券,600030,12.2,12.32,12.04,12.23,12.37,617407,994151792.0,0.63,-1.13
2018-08-10,中信证券,600030,12.35,12.45,12.23,12.37,12.38,429301,701528128.0,0.44,-0.08
2018-08-09,中信证券,600030,12.03,12.45,12.01,12.38,12.07,746080,1216680080.0,0.76,2.57
2018-08-08,中信证券,600030,12.32,12.34,12.03,12.07,12.38,574060,926596032.0,0.58,-2.5
2018-08-07,中信证券,600030,12.0,12.39,11.97,12.38,11.97,768527,1240825504.0,0.78,3.43
2018-08-06,中信证券,600030,12.11,12.26,11.87,11.97,12.06,653254,1046751648.0,0.67,-0.75
2018-08-03,中信证券,600030,12.15,12.25,12.05,12.06,12.15,470725,757758240.0,0.48,-0.74
2018-08-02,中信证券,600030,12.46,12.53,11.99,12.15,12.53,805586,1306446608.0,0.82,-3.03
2018-08-01,中信证券,600030,12.87,13.0,12.51,12.53,12.79,736069,1241025696.0,0.75,-2.03
2018-07-31,中信证券,600030,12.81,12.88,12.71,12.79,12.89,536333,903213600.0,0.55,-0.78
2018-07-30,中信证券,600030,12.81,13.03,12.72,12.89,12.78,573972,970418800.0,0.58,0.86
2018-07-27,中信证券,600030,12.78,12.95,12.73,12.78,12.85,567719,958566416.0,0.58,-0.54
2018-07-26,中信证券,600030,13.18,13.2,12.76,12.85,13.15,890149,1514668720.0,0.91,-2.28
2018-07-25,中信证券,600030,13.21,13.25,13.06,13.15,13.19,595181,1027488256.0,0.61,-0.3
2018-07-24,中信证券,600030,13.11,13.52,13.05,13.19,13.04,1505444,2624671664.0,1.53,1.15
2018-07-23,中信证券,600030,12.67,13.07,12.6,13.04,12.77,1234323,2091091168.0,1.26,2.11
2018-07-20,中信证券,600030,12.28,12.9,12.19,12.77,12.26,1483474,2468664784.0,1.51,4.16
2018-07-19,中信证券,600030,12.24,12.43,12.18,12.26,12.21,581910,946803728.0,0.59,0.41
2018-07-18,中信证券,600030,12.41,12.49,12.18,12.21,12.33,598069,976955136.0,0.61,-0.97
2018-07-17,中信证券,600030,12.51,12.53,12.22,12.33,12.5,580868,947061952.0,0.59,-1.36
2018-07-16,中信证券,600030,12.64,12.68,12.41,12.5,12.57,471784,779346448.0,0.48,-0.56
2018-07-13,中信证券,600030,12.65,12.7,12.49,12.57,12.55,502171,833821616.0,0.51,0.16
2018-07-12,中信证券,600030,12.13,12.72,12.12,12.55,12.12,931594,1537211488.0,0.95,3.55
2018-07-11,中信证券,600030,12.09,12.2,11.97,12.12,12.5,672538,1079853696.0,0.69,-3.04
2018-07-10,中信证券,600030,12.51,12.61,12.38,12.5,12.49,546063,900945264.0,0.56,0.08
2018-07-09,中信证券,600030,12.25,12.51,12.25,12.49,12.19,737706,1213400512.0,0.75,2.46
2018-07-06,中信证券,600030,12.12,12.38,11.77,12.19,12.06,1018940,1639146656.0,1.04,1.08
2018-07-05,中信证券,600030,12.14,12.38,12.05,12.06,12.12,543174,877923424.0,0.55,-0.5
2018-07-04,中信证券,600030,12.25,12.32,12.07,12.12,12.32,509036,820823008.0,0.52,-1.62
2018-07-03,中信证券,600030,12.16,12.39,11.98,12.32,12.08,759098,1231320992.0,0.77,1.99
2018-07-02,中信证券,600030,12.48,12.51,11.95,12.08,12.54,882923,1430084640.0,0.9,-3.67
2018-06-29,中信证券,600030,12.2,12.59,12.18,12.54,12.18,764343,1257862352.0,0.78,2.96
2018-06-28,中信证券,600030,12.01,12.58,12.01,12.18,12.08,867622,1413492208.0,0.88,0.83
2018-06-27,中信证券,600030,12.27,12.37,11.96,12.08,12.36,611453,986422816.0,0.62,-2.27
2018-06-26,中信证券,600030,12.03,12.42,11.96,12.36,12.18,689422,1117594080.0,0.7,1.48
2018-06-25,中信证券,600030,12.6,12.61,12.18,12.18,12.52,640913,1054346464.0,0.65,-2.72
2018-06-22,中信证券,600030,12.31,12.54,12.17,12.52,12.29,649668,1065205744.0,0.66,1.87
2018-06-21,中信证券,600030,12.92,13.04,12.13,12.29,12.98,1214617,2031942032.0,1.24,-5.32
2018-06-20,中信证券,600030,13.0,13.22,12.75,12.98,13.13,949965,1625760432.0,0.97,-1.14
2018-06-19,中信证券,600030,13.94,14.04,12.81,13.13,14.16,1604514,2819751152.0,1.63,-7.27
2018-06-15,中信证券,600030,14.3,14.43,14.13,14.16,14.37,660438,1224610912.0,0.67,-1.46
2018-06-14,中信证券,600030,14.2,14.48,14.18,14.37,14.26,479131,894590160.0,0.49,0.77
2018-06-13,中信证券,600030,14.42,14.47,14.23,14.26,14.5,456100,848855840.0,0.46,-1.66
2018-06-12,中信证券,600030,14.39,14.53,14.2,14.5,14.39,527010,987927024.0,0.54,0.76
2018-06-11,中信证券,600030,14.21,14.52,14.16,14.39,14.3,537648,1004631632.0,0.55,0.63
2018-06-08,中信证券,600030,14.65,14.71,14.12,14.3,14.65,873116,1630315440.0,0.89,-2.39
2018-06-07,中信证券,600030,14.54,14.91,14.49,14.65,14.39,1255738,2398609376.0,1.28,1.81
2018-06-06,中信证券,600030,14.39,14.51,14.23,14.39,14.45,524775,979898592.0,0.53,-0.42
2018-06-05,中信证券,600030,14.39,14.49,14.2,14.45,14.38,560937,1047369392.0,0.57,0.49
2018-06-04,中信证券,600030,14.35,14.52,14.23,14.38,14.28,539592,1011034144.0,0.55,0.7
2018-06-01,中信证券,600030,14.22,14.55,14.1,14.28,14.34,779368,1450717552.0,0.79,-0.42
2018-05-31,中信证券,600030,14.05,14.36,13.98,14.34,13.89,872127,1607870720.0,0.89,3.24
2018-05-30,中信证券,600030,14.23,14.38,13.81,13.89,14.54,1044487,1919403872.0,1.06,-4.47
2018-05-29,中信证券,600030,14.81,14.89,14.45,14.54,14.87,821832,1561650848.0,0.84,-2.22
2018-05-28,中信证券,600030,14.74,14.95,14.67,14.87,14.71,632413,1214634400.0,0.64,1.09
2018-05-25,中信证券,600030,14.97,15.08,14.7,14.71,14.98,665682,1283684560.0,0.68,-1.8
2018-05-24,中信证券,600030,15.05,15.14,14.9,14.98,15.1,630305,1223135520.0,0.64,-0.79
2018-05-23,中信证券,600030,15.17,15.36,15.02,15.1,15.26,750812,1472134480.0,0.76,-1.05
2018-05-22,中信证券,600030,15.35,15.35,15.08,15.26,15.36,772916,1515942560.0,0.79,-0.65
2018-05-21,中信证券,600030,15.48,15.56,15.32,15.36,15.29,1142835,2273820160.0,1.16,0.46
2018-05-18,中信证券,600030,14.89,15.32,14.87,15.29,14.87,957075,1866473168.0,0.98,2.82
2018-05-17,中信证券,600030,15.12,15.18,14.85,14.87,15.11,675203,1309562544.0,0.69,-1.59
2018-05-16,中信证券,600030,15.26,15.37,15.09,15.11,15.37,725966,1424844080.0,0.74,-1.69
2018-05-15,中信证券,600030,15.43,15.46,15.16,15.37,15.41,784603,1547264432.0,0.8,-0.26
2018-05-14,中信证券,600030,15.1,15.48,15.1,15.41,15.08,1152168,2284055680.0,1.17,2.19
2018-05-11,中信证券,600030,15.38,15.38,15.06,15.08,15.38,816377,1601761056.0,0.83,-1.95
2018-05-10,中信证券,600030,15.35,15.44,15.13,15.38,15.31,919648,1813186800.0,0.94,0.46
2018-05-09,中信证券,600030,15.43,15.46,15.23,15.31,15.47,817700,1615657088.0,0.83,-1.03
2018-05-08,中信证券,600030,15.31,15.52,15.18,15.47,15.2,1303963,2583526800.0,1.33,1.78
2018-05-07,中信证券,600030,15.12,15.28,15.05,15.2,14.98,1018067,1995939232.0,1.04,1.47
2018-05-04,中信证券,600030,15.06,15.22,14.93,14.98,15.17,914994,1780944320.0,0.93,-1.25
2018-05-03,中信证券,600030,14.71,15.23,14.69,15.17,14.78,1529332,2968318096.0,1.56,2.64
2018-05-02,中信证券,600030,14.98,15.06,14.71,14.78,14.65,935466,1796658960.0,0.95,0.89
2018-04-27,中信证券,600030,14.6,14.79,14.44,14.65,14.43,904610,1714807648.0,0.92,1.52
2018-04-26,中信证券,600030,14.84,14.88,14.38,14.43,14.78,896618,1695980256.0,0.91,-2.37
2018-04-25,中信证券,600030,14.75,14.83,14.62,14.78,14.86,823931,1572699488.0,0.84,-0.54
2018-04-24,中信证券,600030,14.27,14.88,14.27,14.86,14.25,1535187,2922545200.0,1.56,4.28
2018-04-23,中信证券,600030,14.01,14.32,14.01,14.25,14.03,756211,1396013536.0,0.77,1.57
2018-04-20,中信证券,600030,14.6,14.6,14.0,14.03,14.66,1047306,1945866512.0,1.07,-4.3
2018-04-19,中信证券,600030,14.44,14.79,14.4,14.66,14.47,1059825,2010687456.0,1.08,1.31
2018-04-18,中信证券,600030,14.39,14.56,14.18,14.47,14.14,1196789,2234897232.0,1.22,2.33
2018-04-17,中信证券,600030,14.13,14.52,14.12,14.14,14.12,1145176,2128934720.0,1.17,0.14
2018-04-16,中信证券,600030,14.48,14.62,14.1,14.12,14.58,1232827,2295783008.0,1.26,-3.16
2018-04-13,中信证券,600030,14.87,14.95,14.57,14.58,14.75,930451,1777349344.0,0.95,-1.15
2018-04-12,中信证券,600030,15.05,15.2,14.7,14.75,15.05,1181394,2286483776.0,1.2,-1.99
2018-04-11,中信证券,600030,14.99,15.21,14.96,15.05,15.3,1493055,2907985632.0,1.52,-1.63
2018-04-10,中信证券,600030,14.99,15.37,14.89,15.3,14.95,1885856,3687172912.0,1.92,2.34
2018-04-09,中信证券,600030,14.65,14.96,14.57,14.95,14.66,1364115,2615005760.0,1.39,1.98
2018-04-04,中信证券,600030,14.87,14.98,14.65,14.66,14.84,1498179,2872776448.0,1.53,-1.21
2018-04-03,中信证券,600030,14.37,14.89,14.33,14.84,14.59,1777342,3382455888.0,1.81,1.71
2018-04-02,中信证券,600030,14.45,14.96,14.32,14.59,14.29,1967082,3746513856.0,2.0,2.1
2018-03-30,中信证券,600030,14.13,14.36,14.05,14.29,14.05,1302674,2407822624.0,1.33,1.71
2018-03-29,中信证券,600030,13.8,14.11,13.62,14.05,13.66,1444535,2628208080.0,1.47,2.86
2018-03-28,中信证券,600030,13.87,14.05,13.63,13.66,14.06,1027640,1853548480.0,1.05,-2.84
2018-03-27,中信证券,600030,14.05,14.16,13.88,14.06,13.8,1185304,2164280864.0,1.21,1.88
2018-03-26,中信证券,600030,13.31,13.84,13.31,13.8,13.52,1105872,1967960928.0,1.13,2.07
2018-03-23,中信证券,600030,13.85,14.14,13.34,13.52,14.45,2104342,3795690896.0,2.14,-6.44
2018-03-22,中信证券,600030,14.39,14.77,14.28,14.45,14.22,1509103,2844230256.0,1.54,1.62
2018-03-21,中信证券,600030,14.39,14.76,14.18,14.22,14.38,1503519,2832969264.0,1.53,-1.11
2018-03-20,中信证券,600030,14.07,14.45,13.99,14.38,14.25,916880,1694105328.0,0.93,0.91
2018-03-19,中信证券,600030,14.12,14.4,13.96,14.25,14.08,939978,1738967808.0,0.96,1.21
2018-03-16,中信证券,600030,14.45,14.6,14.05,14.08,14.48,1039979,1940783104.0,1.06,-2.76
2018-03-15,中信证券,600030,14.31,14.56,14.27,14.48,14.39,777289,1456333904.0,0.79,0.63
2018-03-14,中信证券,600030,14.47,14.66,14.34,14.39,14.61,885780,1665238016.0,0.9,-1.51
2018-03-13,中信证券,600030,14.83,14.85,14.56,14.61,14.92,1096966,2090717888.0,1.12,-2.08
2018-03-12,中信证券,600030,14.7,15.03,14.57,14.92,14.53,1913709,3664393632.0,1.95,2.68
2018-03-09,中信证券,600030,14.18,14.61,14.08,14.53,14.12,1673600,3118490144.0,1.71,2.9
2018-03-08,中信证券,600030,14.05,14.14,13.92,14.12,14.02,797844,1461994752.0,0.81,0.71
2018-03-07,中信证券,600030,14.05,14.36,13.96,14.02,14.15,1275174,2345101792.0,1.3,-0.92
2018-03-06,中信证券,600030,13.81,14.19,13.68,14.15,13.67,1772032,3232052304.0,1.81,3.51
2018-03-05,中信证券,600030,13.64,13.85,13.62,13.67,13.64,694798,1243930192.0,0.71,0.22
2018-03-02,中信证券,600030,13.7,13.9,13.62,13.64,13.9,899891,1616352592.0,0.92,-1.87
2018-03-01,中信证券,600030,13.69,14.0,13.61,13.9,13.88,1115791,2017393504.0,1.14,0.14
2018-02-28,中信证券,600030,13.83,14.1,13.6,13.88,14.0,1585728,2865959712.0,1.62,-0.86
2018-02-27,中信证券,600030,14.31,14.32,13.91,14.0,14.35,1550422,2844319952.0,1.58,-2.44
2018-02-26,中信证券,600030,14.13,14.55,13.79,14.35,13.95,2119920,3906585984.0,2.16,2.87
2018-02-23,中信证券,600030,13.87,14.18,13.72,13.95,13.79,1585053,2886887456.0,1.61,1.16
2018-02-22,中信证券,600030,13.78,13.89,13.57,13.79,13.46,1560165,2802806400.0,1.59,2.45
2018-02-14,中信证券,600030,13.44,13.5,13.2,13.46,13.45,1036877,1816023856.0,1.06,0.07
2018-02-13,中信证券,600030,13.36,13.82,13.32,13.45,13.2,2035419,3613495104.0,2.07,1.89
2018-02-12,中信证券,600030,13.28,13.39,13.02,13.2,13.22,1619696,2814024896.0,1.65,-0.15
2018-02-09,中信证券,600030,14.29,14.43,13.19,13.22,14.86,3478271,6192957696.0,3.54,-11.04
2018-02-08,中信证券,600030,15.07,15.31,14.71,14.86,15.13,1847441,3580692864.0,1.88,-1.78
2018-02-07,中信证券,600030,16.37,16.41,15.1,15.13,16.0,2679637,5437201664.0,2.73,-5.44
2018-02-06,中信证券,600030,16.6,16.93,15.85,16.0,17.08,3364728,7065096448.0,3.43,-6.32
2018-02-05,中信证券,600030,16.4,17.14,16.36,17.08,16.85,2208920,4737104640.0,2.25,1.36
2018-02-02,中信证券,600030,16.55,16.94,16.23,16.85,16.83,2010010,4271688464.0,2.05,0.12
2018-02-01,中信证券,600030,16.74,16.88,16.4,16.83,16.65,2786751,5949369600.0,2.84,1.08
2018-01-31,中信证券,600030,16.78,17.0,16.34,16.65,16.94,2472534,5273746176.0,2.52,-1.71
2018-01-30,中信证券,600030,17.18,17.56,16.85,16.94,17.36,2451540,5378020352.0,2.5,-2.42
2018-01-29,中信证券,600030,17.67,17.9,17.27,17.36,17.56,2644808,5925035776.0,2.69,-1.14
2018-01-26,中信证券,600030,17.55,17.91,17.45,17.56,17.55,2519975,5666868736.0,2.57,0.06
2018-01-25,中信证券,600030,17.7,18.0,17.47,17.55,18.06,3173317,7162054400.0,3.23,-2.82
2018-01-24,中信证券,600030,16.74,18.09,16.52,18.06,16.58,5070886,11200494592.0,5.17,8.93
2018-01-23,中信证券,600030,16.72,17.14,16.31,16.58,16.57,3356645,7140624384.0,3.42,0.06
2018-01-22,中信证券,600030,16.48,16.78,16.34,16.57,16.65,1809997,3833395648.0,1.84,-0.48
2018-01-19,中信证券,600030,16.71,17.13,16.32,16.65,16.75,3630177,7792347648.0,3.7,-0.6
2018-01-18,中信证券,600030,16.52,16.95,16.31,16.75,16.34,2956692,6301946368.0,3.01,2.51
2018-01-17,中信证券,600030,15.96,17.17,15.96,16.34,15.74,4978877,10510093056.0,5.07,3.81
2018-01-16,中信证券,600030,14.88,15.85,14.82,15.74,15.05,2330733,4587774208.0,2.37,4.58
2018-01-15,中信证券,600030,14.87,15.25,14.64,15.05,14.94,2241354,4355325696.0,2.28,0.74
2018-01-12,中信证券,600030,14.87,15.16,14.76,14.94,14.9,1046038,2023121392.0,1.07,0.27
2018-01-11,中信证券,600030,15.05,15.13,14.76,14.9,15.18,1133795,2185830000.0,1.16,-1.84
2018-01-10,中信证券,600030,15.06,15.3,14.85,15.18,15.04,1502585,2923745600.0,1.53,0.93
2018-01-09,中信证券,600030,15.13,15.41,14.9,15.04,15.12,1439194,2805148224.0,1.47,-0.53
2018-01-08,中信证券,600030,14.65,15.35,14.58,15.12,14.55,2489706,4827830272.0,2.54,3.92
2018-01-05,中信证券,600030,14.38,14.73,14.3,14.55,14.37,1728849,3271662160.0,1.76,1.25
2018-01-04,中信证券,600030,14.34,14.52,14.19,14.37,14.32,1147915,2141314576.0,1.17,0.35
2018-01-03,中信证券,600030,14.1,14.52,14.09,14.32,14.17,1519669,2831080000.0,1.55,1.06
2018-01-02,中信证券,600030,13.9,14.24,13.9,14.17,13.87,1393285,2562809984.0,1.42,2.16
2017-12-29,中信证券,600030,13.89,14.01,13.78,13.87,13.89,643522,1165503536.0,0.66,-0.14
2017-12-28,中信证券,600030,13.84,14.18,13.77,13.89,13.87,1021014,1864400896.0,1.04,0.14
2017-12-27,中信证券,600030,14.09,14.13,13.83,13.87,14.14,785465,1431445328.0,0.8,-1.91
2017-12-26,中信证券,600030,13.79,14.16,13.74,14.14,13.84,993358,1817544304.0,1.01,2.17
2017-12-25,中信证券,600030,13.98,14.09,13.78,13.84,13.95,662013,1204269696.0,0.67,-0.79
2017-12-22,中信证券,600030,13.92,14.07,13.9,13.95,13.95,528477,962968576.0,0.54,0.0
2017-12-21,中信证券,600030,13.65,14.07,13.59,13.95,13.67,1136958,2063077984.0,1.16,2.05
2017-12-20,中信证券,600030,14.01,14.01,13.66,13.67,14.02,873157,1571652256.0,0.89,-2.5
2017-12-19,中信证券,600030,13.81,14.04,13.77,14.02,13.81,799287,1452202960.0,0.81,1.52
2017-12-18,中信证券,600030,13.74,13.98,13.72,13.81,13.74,585314,1055855568.0,0.6,0.51
2017-12-15,中信证券,600030,13.93,13.98,13.72,13.74,13.91,777366,1403545456.0,0.79,-1.22
2017-12-14,中信证券,600030,14.14,14.18,13.84,13.91,14.15,764693,1391582752.0,0.78,-1.7
2017-12-13,中信证券,600030,14.05,14.22,13.98,14.15,14.04,712209,1307745408.0,0.73,0.78
2017-12-12,中信证券,600030,14.37,14.45,14.0,14.04,14.45,842754,1558832896.0,0.86,-2.84
2017-12-11,中信证券,600030,14.18,14.46,14.16,14.45,14.23,987734,1838308288.0,1.01,1.55
2017-12-08,中信证券,600030,14.26,14.44,14.13,14.23,14.32,967020,1795102176.0,0.99,-0.63
2017-12-07,中信证券,600030,14.76,14.84,14.3,14.32,14.88,1285133,2423905520.0,1.31,-3.76
2017-12-06,中信证券,600030,14.82,14.94,14.61,14.88,14.89,1397686,2668344320.0,1.42,-0.07
2017-12-05,中信证券,600030,14.56,15.05,14.53,14.89,14.6,2303493,4427692544.0,2.35,1.99
2017-12-04,中信证券,600030,14.48,14.71,14.37,14.6,14.6,1251035,2355696880.0,1.27,0.0
2017-12-01,中信证券,600030,14.76,15.13,14.58,14.6,14.82,1582708,3040549520.0,1.61,-1.48
2017-11-30,中信证券,600030,14.65,15.44,14.59,14.82,14.8,2636584,5136995072.0,2.69,0.14
2017-11-29,中信证券,600030,14.54,14.82,14.25,14.8,14.53,1602590,3020728960.0,1.63,1.86
2017-11-28,中信证券,600030,14.49,14.59,14.22,14.53,14.67,1528954,2861570752.0,1.56,-0.95
2017-11-27,中信证券,600030,14.56,14.83,14.43,14.67,14.66,1789939,3397133184.0,1.82,0.07
2017-11-24,中信证券,600030,14.84,14.97,14.41,14.66,14.78,2174595,4132605008.0,2.22,-0.81
2017-11-23,中信证券,600030,15.14,15.44,14.58,14.78,15.25,2722357,5299357440.0,2.77,-3.08
2017-11-22,中信证券,600030,14.86,15.48,14.78,15.25,14.85,3804766,7448476416.0,3.88,2.69
2017-11-21,中信证券,600030,13.57,15.08,13.5,14.85,13.55,4284279,8143033856.0,4.37,9.59
2017-11-20,中信证券,600030,13.92,13.98,13.26,13.55,14.05,1729905,3072531664.0,1.76,-3.56
2017-11-17,中信证券,600030,13.67,14.07,13.63,14.05,13.63,2303845,4185436016.0,2.35,3.08
2017-11-16,中信证券,600030,13.82,13.94,13.58,13.63,13.85,851784,1529086656.0,0.87,-1.59
2017-11-15,中信证券,600030,13.89,14.02,13.74,13.85,13.91,1082979,1962377920.0,1.1,-0.43
2017-11-14,中信证券,600030,14.02,14.06,13.77,13.91,13.99,1101520,1993072048.0,1.12,-0.57
2017-11-13,中信证券,600030,14.11,14.32,13.94,13.99,14.12,1188864,2183134576.0,1.21,-0.92
2017-11-10,中信证券,600030,14.06,14.2,13.85,14.12,14.03,1682759,3080507728.0,1.71,0.64
2017-11-09,中信证券,600030,13.8,14.07,13.78,14.03,13.88,1346969,2450003680.0,1.37,1.08
2017-11-08,中信证券,600030,13.37,14.24,13.33,13.88,13.37,2538142,4597996544.0,2.59,3.81
2017-11-07,中信证券,600030,13.1,13.42,13.05,13.37,13.03,1069099,1861354240.0,1.09,2.61
2017-11-06,中信证券,600030,13.01,13.08,12.91,13.03,13.15,444169,758853088.0,0.45,-0.91
2017-11-03,中信证券,600030,13.09,13.17,12.86,13.15,13.12,751625,1285738832.0,0.77,0.23
2017-11-02,中信证券,600030,13.12,13.18,12.89,13.12,13.11,956760,1642182832.0,0.97,0.08
2017-11-01,中信证券,600030,13.23,13.38,13.06,13.11,13.19,591241,1026253632.0,0.6,-0.61
2017-10-31,中信证券,600030,13.26,13.33,13.13,13.19,13.32,519187,900851216.0,0.53,-0.98
2017-10-30,中信证券,600030,13.61,13.64,13.07,13.32,13.66,1058999,1848029728.0,1.08,-2.49
2017-10-27,中信证券,600030,13.72,13.73,13.59,13.66,13.72,486055,868323344.0,0.5,-0.44
2017-10-26,中信证券,600030,13.64,13.83,13.52,13.72,13.65,735646,1316154576.0,0.75,0.51
2017-10-25,中信证券,600030,13.61,13.71,13.55,13.65,13.6,447019,797672144.0,0.46,0.37
2017-10-24,中信证券,600030,13.42,13.65,13.38,13.6,13.42,579727,1029164880.0,0.59,1.34
2017-10-23,中信证券,600030,13.6,13.61,13.39,13.42,13.59,498039,878600544.0,0.51,-1.25
2017-10-20,中信证券,600030,13.57,13.7,13.51,13.59,13.6,397541,707101232.0,0.41,-0.07
2017-10-19,中信证券,600030,13.78,13.79,13.57,13.6,13.83,649518,1159352608.0,0.66,-1.66
2017-10-18,中信证券,600030,13.72,13.85,13.59,13.83,13.7,911895,1636897792.0,0.93,0.95
2017-10-17,中信证券,600030,13.74,13.82,13.68,13.7,13.76,428073,768389664.0,0.44,-0.44
2017-10-16,中信证券,600030,13.78,13.98,13.74,13.76,13.78,811835,1467755520.0,0.83,-0.15
2017-10-13,中信证券,600030,13.79,13.87,13.72,13.78,13.78,483467,870387456.0,0.49,0.0
2017-10-12,中信证券,600030,13.82,13.87,13.72,13.78,13.83,485658,874951296.0,0.49,-0.36
2017-10-11,中信证券,600030,13.98,13.98,13.79,13.83,13.98,645380,1168418000.0,0.66,-1.07
2017-10-10,中信证券,600030,13.89,14.0,13.77,13.98,13.88,694254,1258461952.0,0.71,0.72
2017-10-09,中信证券,600030,14.34,14.45,13.85,13.88,13.95,1394761,2556601152.0,1.42,-0.5
2017-09-29,中信证券,600030,13.82,14.09,13.81,13.95,13.81,848759,1547340768.0,0.86,1.01
2017-09-28,中信证券,600030,13.79,13.85,13.74,13.81,13.81,369125,665069360.0,0.38,0.0
2017-09-27,中信证券,600030,13.78,13.91,13.69,13.81,13.78,550603,991814016.0,0.56,0.22
2017-09-26,中信证券,600030,13.79,13.88,13.75,13.78,13.85,505264,910943008.0,0.51,-0.51
2017-09-25,中信证券,600030,13.87,13.93,13.71,13.85,13.91,860455,1554839152.0,0.88,-0.43
2017-09-22,中信证券,600030,13.85,13.98,13.62,13.91,13.88,1012085,1823231072.0,1.03,0.22
2017-09-21,中信证券,600030,13.89,14.09,13.86,13.88,13.89,814199,1483310912.0,0.83,-0.07
2017-09-20,中信证券,600030,13.92,14.01,13.85,13.89,13.92,707197,1284702384.0,0.72,-0.22
2017-09-19,中信证券,600030,14.2,14.2,13.85,13.92,14.12,997249,1821538496.0,1.02,-1.42
2017-09-18,中信证券,600030,13.85,14.17,13.85,14.12,13.81,1515102,2777460528.0,1.54,2.24
2017-09-15,中信证券,600030,13.72,13.91,13.59,13.81,13.76,786892,1415539376.0,0.8,0.36
2017-09-14,中信证券,600030,13.7,13.96,13.68,13.76,13.69,837308,1509768960.0,0.85,0.51
2017-09-13,中信证券,600030,13.72,13.78,13.62,13.69,13.71,542186,969699008.0,0.55,-0.15
2017-09-12,中信证券,600030,13.65,13.98,13.62,13.71,13.59,1268277,2284825952.0,1.29,0.88
2017-09-11,中信证券,600030,13.52,13.76,13.49,13.59,13.58,754616,1344837856.0,0.77,0.07
2017-09-08,中信证券,600030,13.81,13.81,13.54,13.58,13.74,796526,1420985424.0,0.81,-1.16
2017-09-07,中信证券,600030,13.88,14.03,13.72,13.74,13.88,842596,1525133168.0,0.86,-1.01
2017-09-06,中信证券,600030,13.86,13.94,13.69,13.88,13.95,1048119,1888849744.0,1.07,-0.5
2017-09-05,中信证券,600030,13.96,14.09,13.91,13.95,13.94,820432,1497390048.0,0.84,0.07
2017-09-04,中信证券,600030,14.02,14.09,13.87,13.94,14.05,956414,1740616432.0,0.97,-0.78
2017-09-01,中信证券,600030,14.01,14.22,13.92,14.05,13.98,1381675,2525832368.0,1.41,0.5
2017-08-31,中信证券,600030,13.78,14.09,13.77,13.98,13.8,1219641,2217701008.0,1.24,1.3
2017-08-30,中信证券,600030,13.77,14.24,13.77,13.8,13.78,1864625,3403807632.0,1.9,0.15
2017-08-29,中信证券,600030,13.94,14.04,13.69,13.78,13.96,1807043,3269776624.0,1.84,-1.29
2017-08-28,中信证券,600030,13.18,14.22,13.15,13.96,13.04,3988507,7194500352.0,4.06,7.06
2017-08-25,中信证券,600030,12.6,13.05,12.57,13.04,12.61,1564744,2661102176.0,1.59,3.41
2017-08-24,中信证券,600030,12.82,12.85,12.6,12.61,12.84,530892,890348704.0,0.54,-1.79
2017-08-23,中信证券,600030,12.71,12.98,12.68,12.84,12.72,655328,1106975296.0,0.67,0.94
2017-08-22,中信证券,600030,12.73,12.8,12.65,12.72,12.75,474771,797566992.0,0.48,-0.24
2017-08-21,中信证券,600030,12.65,12.76,12.59,12.75,12.65,586059,979685232.0,0.6,0.79
2017-08-18,中信证券,600030,12.78,12.78,12.64,12.65,12.75,484759,812936448.0,0.49,-0.78
2017-08-17,中信证券,600030,12.68,12.77,12.64,12.75,12.68,644644,1102487888.0,0.66,0.55
2017-08-16,中信证券,600030,12.61,12.73,12.52,12.68,12.63,460207,784472208.0,0.47,0.4
2017-08-15,中信证券,600030,12.65,12.74,12.57,12.63,12.65,489602,834435120.0,0.5,-0.16
2017-08-14,中信证券,600030,12.54,12.7,12.4,12.65,12.5,721370,1221504384.0,0.73,1.2
2017-08-11,中信证券,600030,12.7,12.72,12.48,12.5,12.8,899628,1529623792.0,0.92,-2.34
2017-08-10,中信证券,600030,12.7,12.83,12.58,12.8,12.72,1024983,1755218128.0,1.04,0.63
2017-08-09,中信证券,600030,12.87,12.87,12.67,12.72,12.91,833735,1431158704.0,0.85,-1.47
2017-08-08,中信证券,600030,12.89,13.06,12.72,12.91,12.88,1046491,1812291840.0,1.07,0.23
2017-08-07,中信证券,600030,13.01,13.05,12.85,12.88,13.1,976430,1696743072.0,0.99,-1.68
2017-08-04,中信证券,600030,13.03,13.36,12.94,13.1,13.05,1431013,2531650096.0,1.46,0.38
2017-08-03,中信证券,600030,13.13,13.28,13.02,13.05,13.18,1034979,1823308272.0,1.05,-0.99
2017-08-02,中信证券,600030,13.12,13.35,13.03,13.18,13.1,1766617,3124761328.0,1.8,0.61
2017-08-01,中信证券,600030,12.94,13.18,12.92,13.1,12.92,1237581,2169120752.0,1.26,1.39
2017-07-31,中信证券,600030,12.85,13.03,12.79,12.92,12.85,859923,1492375504.0,0.88,0.54
2017-07-28,中信证券,600030,12.95,12.96,12.83,12.85,12.98,534610,925949872.0,0.54,-1.0
2017-07-27,中信证券,600030,13.04,13.1,12.79,12.98,13.05,1139058,1978525056.0,1.16,-0.54
2017-07-26,中信证券,600030,13.0,13.11,12.92,13.05,12.98,958558,1672209216.0,0.98,0.54
2017-07-25,中信证券,600030,13.09,13.14,12.91,12.98,13.05,844130,1475204064.0,0.86,-0.54
2017-07-24,中信证券,600030,13.04,13.21,13.01,13.05,13.06,967757,1700540992.0,0.99,-0.08
2017-07-21,中信证券,600030,13.06,13.21,12.99,13.06,13.14,934402,1639405840.0,0.95,-0.61
2017-07-20,中信证券,600030,13.22,13.33,13.01,13.14,13.29,1571243,2770626464.0,1.6,-1.13
2017-07-19,中信证券,600030,12.43,13.31,12.38,13.29,12.45,2725822,4729307904.0,2.78,6.75
2017-07-18,中信证券,600030,12.57,12.62,12.3,12.45,12.61,1051045,1768229904.0,1.07,-1.27
2017-07-17,中信证券,600030,12.89,13.0,12.58,12.61,12.94,1526177,2620341664.0,1.55,-2.55
2017-07-14,中信证券,600030,13.02,13.06,12.87,12.94,13.04,938321,1631205008.0,0.96,-0.77
2017-07-13,中信证券,600030,12.85,13.07,12.76,13.04,12.81,1617188,2811271952.0,1.65,1.8
2017-07-12,中信证券,600030,12.79,12.96,12.71,12.81,12.75,1271456,2193330144.0,1.3,0.47
2017-07-11,中信证券,600030,12.63,12.98,12.63,12.75,12.62,1773393,3060196896.0,1.81,1.03
2017-07-10,中信证券,600030,12.55,12.81,12.53,12.62,12.57,1101506,1880022320.0,1.12,0.4
2017-07-07,中信证券,600030,12.33,12.65,12.26,12.57,12.38,894635,1504217920.0,0.91,1.53
2017-07-06,中信证券,600030,12.52,12.55,12.31,12.38,12.5,863949,1449162816.0,0.88,-0.96
2017-07-05,中信证券,600030,12.39,12.52,12.35,12.5,12.38,595098,1000375296.0,0.61,0.97
2017-07-04,中信证券,600030,12.52,12.52,12.33,12.38,12.53,727896,1220244576.0,0.74,-1.2
2017-07-03,中信证券,600030,12.61,12.65,12.42,12.53,12.63,680857,1148370464.0,0.69,-0.79
2017-06-30,中信证券,600030,12.63,12.71,12.45,12.63,12.69,751092,1274740928.0,0.77,-0.47
2017-06-29,中信证券,600030,12.68,12.78,12.59,12.69,12.69,668341,1140795920.0,0.68,0.0
2017-06-28,中信证券,600030,12.68,12.85,12.62,12.69,12.71,871050,1494472576.0,0.89,-0.16
2017-06-27,中信证券,600030,12.83,12.85,12.66,12.71,12.84,924024,1585189968.0,0.94,-1.01
2017-06-26,中信证券,600030,12.56,12.97,12.52,12.84,12.56,2113195,3640807968.0,2.15,2.23
2017-06-23,中信证券,600030,12.5,12.57,12.36,12.56,12.52,926704,1561999696.0,0.94,0.32
2017-06-22,中信证券,600030,12.36,12.77,12.32,12.52,12.41,1673132,2843630656.0,1.7,0.89
2017-06-21,中信证券,600030,12.52,12.75,12.33,12.41,12.33,1135682,1918364224.0,1.16,0.65
2017-06-20,中信证券,600030,12.35,12.41,12.25,12.33,12.36,630270,1050731536.0,0.64,-0.24
2017-06-19,中信证券,600030,11.97,12.37,11.96,12.36,12.01,1092750,1813958144.0,1.11,2.91
2017-06-16,中信证券,600030,12.13,12.23,11.99,12.01,12.14,387158,635844336.0,0.39,-1.07
2017-06-15,中信证券,600030,12.06,12.21,12.02,12.14,12.05,480970,790471584.0,0.49,0.75
2017-06-14,中信证券,600030,12.13,12.13,11.99,12.05,12.11,419495,685582896.0,0.43,-0.5
2017-06-13,中信证券,600030,12.09,12.18,12.01,12.11,12.12,419213,688583120.0,0.43,-0.08
2017-06-12,中信证券,600030,12.18,12.38,12.0,12.12,12.24,874594,1444360704.0,0.89,-0.98
2017-06-09,中信证券,600030,12.15,12.39,12.12,12.24,12.12,1160575,1924941088.0,1.18,0.99
2017-06-08,中信证券,600030,12.09,12.16,12.02,12.12,12.06,564540,926703040.0,0.58,0.5
2017-06-07,中信证券,600030,11.97,12.16,11.94,12.06,11.96,795322,1302537792.0,0.81,0.84
2017-06-06,中信证券,600030,11.93,12.02,11.85,11.96,11.92,339213,550065968.0,0.35,0.34
2017-06-05,中信证券,600030,12.05,12.11,11.88,11.92,12.07,477573,774994976.0,0.49,-1.24
2017-06-02,中信证券,600030,12.07,12.22,12.03,12.07,12.06,547821,899225776.0,0.56,0.08
2017-06-01,中信证券,600030,12.11,12.24,12.05,12.06,12.12,583407,958375872.0,0.59,-0.5
2017-05-31,中信证券,600030,12.19,12.4,11.98,12.12,12.08,799279,1320371952.0,0.81,0.33
2017-05-26,中信证券,600030,12.0,12.33,11.99,12.08,12.1,1209196,1998363136.0,1.23,-0.17
2017-05-25,中信证券,600030,11.44,12.13,11.44,12.1,11.56,1659360,2691135104.0,1.69,4.67
2017-05-24,中信证券,600030,11.47,11.58,11.42,11.56,11.51,364325,573622368.0,0.37,0.43
2017-05-23,中信证券,600030,11.32,11.6,11.29,11.51,11.35,565194,886879328.0,0.58,1.41
2017-05-22,中信证券,600030,11.49,11.51,11.3,11.35,11.49,344288,536568144.0,0.35,-1.22
2017-05-19,中信证券,600030,11.45,11.55,11.45,11.49,11.46,251833,396274896.0,0.26,0.26
2017-05-18,中信证券,600030,11.55,11.62,11.46,11.46,11.6,405490,638944848.0,0.41,-1.21
2017-05-17,中信证券,600030,11.6,11.78,11.58,11.6,11.6,459714,731628960.0,0.47,0.0
2017-05-16,中信证券,600030,11.59,11.64,11.48,11.6,11.58,353469,558407472.0,0.36,0.17
2017-05-15,中信证券,600030,11.45,11.72,11.45,11.58,11.44,645520,1023995008.0,0.66,1.22
2017-05-12,中信证券,600030,11.31,11.52,11.29,11.44,11.32,473263,740996672.0,0.48,1.06
2017-05-11,中信证券,600030,11.26,11.4,11.09,11.32,11.29,571574,880951408.0,0.58,0.27
2017-05-10,中信证券,600030,11.4,11.44,11.28,11.29,11.39,312898,487129712.0,0.32,-0.88
2017-05-09,中信证券,600030,11.45,11.49,11.38,11.39,11.45,270016,422103968.0,0.28,-0.52
2017-05-08,中信证券,600030,11.41,11.58,11.29,11.45,11.55,596890,933446096.0,0.61,-0.87
2017-05-05,中信证券,600030,11.79,11.82,11.34,11.55,11.79,1389849,2188258768.0,1.42,-2.04
2017-05-04,中信证券,600030,11.75,11.88,11.75,11.79,11.78,347974,559891856.0,0.35,0.08
2017-05-03,中信证券,600030,11.85,11.9,11.73,11.78,11.84,355879,571208736.0,0.36,-0.51
2017-05-02,中信证券,600030,11.96,11.97,11.82,11.84,11.94,322068,520471408.0,0.33,-0.84
2017-04-28,中信证券,600030,11.94,11.99,11.87,11.94,11.94,378799,614555792.0,0.39,0.0
2017-04-27,中信证券,600030,11.91,11.96,11.83,11.94,11.92,427925,692090032.0,0.44,0.17
2017-04-26,中信证券,600030,11.85,12.04,11.78,11.92,11.85,531655,862191856.0,0.54,0.59
2017-04-25,中信证券,600030,11.92,11.96,11.84,11.85,12.0,367911,595355552.0,0.37,-1.25
2017-04-24,中信证券,600030,11.92,12.04,11.78,12.0,11.96,835362,1353693184.0,0.85,0.33
2017-04-21,中信证券,600030,11.81,11.97,11.78,11.96,11.83,466518,754076880.0,0.48,1.1
2017-04-20,中信证券,600030,11.79,11.84,11.7,11.83,11.78,384388,616781712.0,0.39,0.42
2017-04-19,中信证券,600030,11.75,11.79,11.62,11.78,11.77,599296,956459536.0,0.61,0.08
2017-04-18,中信证券,600030,11.85,11.92,11.76,11.77,11.9,343239,553041248.0,0.35,-1.09
2017-04-17,中信证券,600030,11.84,11.94,11.76,11.9,11.9,407870,657361968.0,0.42,0.0
2017-04-14,中信证券,600030,11.98,12.01,11.82,11.9,11.99,592560,958928352.0,0.6,-0.75
2017-04-13,中信证券,600030,12.0,12.05,11.95,11.99,12.06,377208,614649744.0,0.38,-0.58
2017-04-12,中信证券,600030,12.0,12.17,11.95,12.06,11.98,947872,1552713920.0,0.97,0.67
2017-04-11,中信证券,600030,11.97,11.99,11.79,11.98,11.95,559002,903644960.0,0.57,0.25
2017-04-10,中信证券,600030,11.98,12.07,11.93,11.95,11.98,463884,755752576.0,0.47,-0.25
2017-04-07,中信证券,600030,11.96,12.02,11.89,11.98,11.95,486258,790358624.0,0.5,0.25
2017-04-06,中信证券,600030,11.99,12.02,11.93,11.95,11.99,450857,733385312.0,0.46,-0.33
2017-04-05,中信证券,600030,11.85,12.03,11.85,11.99,11.84,578095,938804736.0,0.59,1.27
2017-03-31,中信证券,600030,11.8,11.86,11.74,11.84,11.8,386504,620769680.0,0.39,0.34
2017-03-30,中信证券,600030,11.85,11.91,11.73,11.8,11.86,705226,1132955264.0,0.72,-0.51
2017-03-29,中信证券,600030,11.94,11.96,11.85,11.86,11.91,365541,590997168.0,0.37,-0.42
2017-03-28,中信证券,600030,12.0,12.03,11.89,11.91,11.97,309034,501754400.0,0.31,-0.5
2017-03-27,中信证券,600030,11.97,12.08,11.94,11.97,11.99,422867,689104976.0,0.43,-0.17
2017-03-24,中信证券,600030,11.85,12.06,11.79,11.99,11.87,745466,1208092448.0,0.76,1.01
2017-03-23,中信证券,600030,11.8,11.92,11.78,11.87,11.8,455390,734449984.0,0.46,0.59
2017-03-22,中信证券,600030,11.87,11.92,11.77,11.8,11.93,586828,945320224.0,0.6,-1.09
2017-03-21,中信证券,600030,12.0,12.04,11.9,11.93,12.0,506972,822822624.0,0.52,-0.58
2017-03-20,中信证券,600030,12.05,12.05,11.93,12.0,12.01,470662,766333888.0,0.48,-0.08
2017-03-17,中信证券,600030,12.25,12.3,12.0,12.01,12.25,626314,1029942000.0,0.64,-1.96
2017-03-16,中信证券,600030,12.05,12.26,12.05,12.25,12.0,961283,1588258976.0,0.98,2.08
2017-03-15,中信证券,600030,12.05,12.06,11.97,12.0,12.06,371118,605252880.0,0.38,-0.5
2017-03-14,中信证券,600030,12.04,12.1,12.01,12.06,12.04,344606,563861312.0,0.35,0.17
2017-03-13,中信证券,600030,11.95,12.05,11.85,12.04,11.95,472686,768771040.0,0.48,0.75
2017-03-10,中信证券,600030,12.01,12.05,11.94,11.95,12.03,249078,405594912.0,0.25,-0.67
2017-03-09,中信证券,600030,12.05,12.07,11.93,12.03,12.06,489456,797450864.0,0.5,-0.25
2017-03-08,中信证券,600030,12.12,12.12,12.03,12.06,12.13,332806,545008656.0,0.34,-0.58
2017-03-07,中信证券,600030,12.1,12.15,12.05,12.13,12.12,420308,689571648.0,0.43,0.08
2017-03-06,中信证券,600030,12.04,12.12,12.01,12.12,12.06,384293,630126464.0,0.39,0.5
2017-03-03,中信证券,600030,12.12,12.13,11.99,12.06,12.14,566909,926687952.0,0.58,-0.66
2017-03-02,中信证券,600030,12.27,12.41,12.13,12.14,12.21,636448,1057107312.0,0.65,-0.57
2017-03-01,中信证券,600030,12.22,12.32,12.19,12.21,12.22,403243,668369712.0,0.41,-0.08
2017-02-28,中信证券,600030,12.19,12.26,12.17,12.22,12.21,333247,551095552.0,0.34,0.08
2017-02-27,中信证券,600030,12.31,12.37,12.18,12.21,12.36,604971,1003574880.0,0.62,-1.21
2017-02-24,中信证券,600030,12.32,12.38,12.25,12.36,12.32,514810,857433296.0,0.52,0.32
2017-02-23,中信证券,600030,12.44,12.45,12.28,12.32,12.44,540824,902652560.0,0.55,-0.96
2017-02-22,中信证券,600030,12.51,12.55,12.36,12.44,12.53,617253,1036997632.0,0.63,-0.72
2017-02-21,中信证券,600030,12.51,12.7,12.46,12.53,12.51,895354,1519152032.0,0.91,0.16
2017-02-20,中信证券,600030,12.32,12.54,12.25,12.51,12.32,942619,1575748480.0,0.96,1.54
2017-02-17,中信证券,600030,12.41,12.68,12.28,12.32,12.37,1210731,2043050928.0,1.23,-0.4
2017-02-16,中信证券,600030,12.23,12.38,12.18,12.37,12.23,668389,1112893760.0,0.68,1.14
2017-02-15,中信证券,600030,12.29,12.41,12.2,12.23,12.3,601404,1001180448.0,0.61,-0.57
2017-02-14,中信证券,600030,12.39,12.45,12.24,12.3,12.34,605299,1009170384.0,0.62,-0.32
2017-02-13,中信证券,600030,12.34,12.46,12.31,12.34,12.32,749568,1255339232.0,0.76,0.16
2017-02-10,中信证券,600030,12.18,12.4,12.18,12.32,12.18,802784,1335785776.0,0.82,1.15
2017-02-09,中信证券,600030,12.15,12.32,12.13,12.18,12.19,647667,1071782096.0,0.66,-0.08
2017-02-08,中信证券,600030,11.99,12.26,11.91,12.19,12.0,800078,1312889872.0,0.82,1.58
2017-02-07,中信证券,600030,12.03,12.05,11.95,12.0,12.04,317909,517756864.0,0.32,-0.33
2017-02-06,中信证券,600030,12.1,12.12,11.97,12.04,12.06,447958,731107104.0,0.46,-0.17
2017-02-03,中信证券,600030,12.22,12.22,12.05,12.06,12.16,272823,448302080.0,0.28,-0.82
2017-01-26,中信证券,600030,12.12,12.23,12.12,12.16,12.08,468234,772904800.0,0.48,0.66
2017-01-25,中信证券,600030,12.07,12.08,12.02,12.08,12.07,322192,527012736.0,0.33,0.08
2017-01-24,中信证券,600030,12.14,12.14,12.05,12.07,12.12,402380,659456240.0,0.41,-0.41
2017-01-23,中信证券,600030,12.09,12.25,12.09,12.12,12.1,474987,783002800.0,0.48,0.17
2017-01-20,中信证券,600030,11.98,12.12,11.96,12.1,11.98,631597,1034923920.0,0.64,1.0
2017-01-19,中信证券,600030,11.94,12.08,11.94,11.98,11.98,398388,650136880.0,0.41,0.0
2017-01-18,中信证券,600030,11.92,12.12,11.9,11.98,11.97,480467,783819440.0,0.49,0.08
2017-01-17,中信证券,600030,11.97,12.02,11.85,11.97,12.05,455598,739153888.0,0.46,-0.66
2017-01-16,中信证券,600030,11.9,12.12,11.76,12.05,11.92,1720907,2795618928.0,1.75,1.09
2017-01-13,中信证券,600030,11.86,12.05,11.76,11.92,11.87,825208,1337353952.0,0.84,0.42
2017-01-12,中信证券,600030,11.84,11.98,11.82,11.87,11.83,559595,906327632.0,0.57,0.34
2017-01-11,中信证券,600030,11.86,11.95,11.83,11.83,11.84,398776,644507920.0,0.41,-0.08
2017-01-10,中信证券,600030,11.77,11.92,11.76,11.84,11.8,454019,732620896.0,0.46,0.34
2017-01-09,中信证券,600030,11.75,11.85,11.72,11.8,11.75,398407,639524640.0,0.41,0.43
2017-01-06,中信证券,600030,11.89,11.89,11.73,11.75,11.87,516640,829398336.0,0.53,-1.01
2017-01-05,中信证券,600030,11.95,11.97,11.85,11.87,11.93,478623,774027872.0,0.49,-0.5
2017-01-04,中信证券,600030,11.9,11.98,11.85,11.93,11.91,516718,837514080.0,0.53,0.17
2017-01-03,中信证券,600030,11.81,11.94,11.78,11.91,11.79,623069,1007139760.0,0.63,1.02
2016-12-30,中信证券,600030,11.67,11.82,11.67,11.79,11.67,451734,723683488.0,0.46,1.03
2016-12-29,中信证券,600030,11.73,11.78,11.66,11.67,11.76,364415,581726864.0,0.37,-0.77
2016-12-28,中信证券,600030,11.74,11.81,11.69,11.76,11.76,347627,556542224.0,0.35,0.0
2016-12-27,中信证券,600030,11.79,11.88,11.75,11.76,11.82,284096,456987696.0,0.29,-0.51
2016-12-26,中信证券,600030,11.66,11.85,11.55,11.82,11.73,565053,903573952.0,0.58,0.77
2016-12-23,中信证券,600030,11.87,11.87,11.68,11.73,11.88,514374,823408416.0,0.52,-1.26
2016-12-22,中信证券,600030,11.88,11.9,11.79,11.88,11.89,461831,744656368.0,0.47,-0.08
2016-12-21,中信证券,600030,11.79,11.94,11.79,11.89,11.78,711908,1149758576.0,0.73,0.93
2016-12-20,中信证券,600030,11.82,11.84,11.65,11.78,11.82,618335,989611472.0,0.63,-0.34
2016-12-19,中信证券,600030,11.74,11.86,11.72,11.82,11.83,561104,900993968.0,0.57,-0.08
2016-12-16,中信证券,600030,11.83,11.88,11.76,11.83,11.85,695775,1119926224.0,0.71,-0.17
2016-12-15,中信证券,600030,11.92,12.06,11.74,11.85,11.95,993859,1605259968.0,1.01,-0.84
2016-12-14,中信证券,600030,12.09,12.12,11.93,11.95,12.09,620959,1013786624.0,0.63,-1.16
2016-12-13,中信证券,600030,12.05,12.17,12.0,12.09,12.13,710061,1164368592.0,0.72,-0.33
2016-12-12,中信证券,600030,12.38,12.44,12.0,12.13,12.42,1686492,2777149168.0,1.72,-2.33
2016-12-09,中信证券,600030,12.33,12.52,12.32,12.42,12.35,896012,1505026848.0,0.91,0.57
2016-12-08,中信证券,600030,12.53,12.55,12.34,12.35,12.52,746223,1253656576.0,0.76,-1.36
2016-12-07,中信证券,600030,12.45,12.53,12.38,12.52,12.42,724255,1218500960.0,0.74,0.81
2016-12-06,中信证券,600030,12.48,12.58,12.38,12.42,12.48,1019635,1716880928.0,1.04,-0.48
2016-12-05,中信证券,600030,12.7,12.78,12.35,12.48,12.92,2210773,3739170160.0,2.25,-3.41
2016-12-02,中信证券,600030,13.32,13.34,12.89,12.92,13.33,2223701,3895903984.0,2.27,-3.08
2016-12-01,中信证券,600030,13.21,13.42,13.13,13.33,13.26,1714148,3040506160.0,1.75,0.53
2016-11-30,中信证券,600030,13.38,13.73,13.18,13.26,13.45,2568355,4615208960.0,2.62,-1.41
2016-11-29,中信证券,600030,13.07,13.65,12.96,13.45,13.14,2758589,4907917568.0,2.81,2.36
2016-11-28,中信证券,600030,13.27,13.35,13.08,13.14,13.19,1516201,2677339072.0,1.54,-0.38
2016-11-25,中信证券,600030,13.17,13.22,12.89,13.19,13.13,1322646,2315200464.0,1.35,0.46
2016-11-24,中信证券,600030,13.03,13.32,12.98,13.13,13.03,1450541,2554420880.0,1.48,0.77
2016-11-23,中信证券,600030,13.18,13.32,13.0,13.03,13.17,1600555,2820873392.0,1.63,-1.06
2016-11-22,中信证券,600030,12.98,13.18,12.94,13.17,12.95,1678083,2943142928.0,1.71,1.7
2016-11-21,中信证券,600030,12.76,13.14,12.72,12.95,12.79,1448556,2523821744.0,1.48,1.25
2016-11-18,中信证券,600030,12.96,12.98,12.77,12.79,13.0,923932,1598495008.0,0.94,-1.62
2016-11-17,中信证券,600030,12.98,13.03,12.83,13.0,13.01,984941,1710873280.0,1.0,-0.08
2016-11-16,中信证券,600030,13.1,13.12,12.92,13.01,13.0,1250383,2182618384.0,1.27,0.08
2016-11-15,中信证券,600030,13.17,13.25,12.95,13.0,13.18,1459241,2553636720.0,1.49,-1.37
2016-11-14,中信证券,600030,12.96,13.46,12.93,13.18,13.09,3108646,5506196992.0,3.17,0.69
2016-11-11,中信证券,600030,12.68,13.2,12.56,13.09,12.62,3304597,5739812352.0,3.37,3.72
2016-11-10,中信证券,600030,12.49,12.78,12.47,12.62,12.32,1724192,2933781872.0,1.76,2.44
2016-11-09,中信证券,600030,12.57,12.58,12.18,12.32,12.56,1342072,2243407296.0,1.37,-1.91
2016-11-08,中信证券,600030,12.73,12.77,12.51,12.56,12.55,926533,1573774128.0,0.94,0.08
2016-11-07,中信证券,600030,12.49,12.65,12.47,12.55,12.47,824711,1396326960.0,0.84,0.64
2016-11-04,中信证券,600030,12.45,12.71,12.41,12.47,12.49,1057833,1787032432.0,1.08,-0.16
2016-11-03,中信证券,600030,12.27,12.78,12.24,12.49,12.29,2126004,3606349296.0,2.17,1.63
2016-11-02,中信证券,600030,12.39,12.52,12.28,12.29,12.45,744140,1246488800.0,0.76,-1.29
2016-11-01,中信证券,600030,12.29,12.52,12.25,12.45,12.27,671897,1125480992.0,0.68,1.47
2016-10-31,中信证券,600030,12.35,12.38,12.15,12.27,12.45,624326,1037504176.0,0.64,-1.45
2016-10-28,中信证券,600030,12.5,12.83,12.42,12.45,12.4,1423800,2422948496.0,1.45,0.4
2016-10-27,中信证券,600030,12.45,12.48,12.32,12.4,12.45,485255,811957536.0,0.49,-0.4
2016-10-26,中信证券,600030,12.46,12.61,12.4,12.45,12.49,668886,1127504000.0,0.68,-0.32
2016-10-25,中信证券,600030,12.53,12.6,12.4,12.49,12.58,785863,1323263088.0,0.8,-0.72
2016-10-24,中信证券,600030,12.3,12.85,12.26,12.58,12.29,1972407,3354235152.0,2.01,2.36
2016-10-21,中信证券,600030,12.15,12.49,12.14,12.29,12.17,836976,1392316944.0,0.85,0.99
2016-10-20,中信证券,600030,12.21,12.25,12.14,12.17,12.19,340828,562645488.0,0.35,-0.16
2016-10-19,中信证券,600030,12.26,12.34,12.15,12.19,12.29,496696,822858928.0,0.51,-0.81
2016-10-18,中信证券,600030,11.95,12.32,11.92,12.29,11.93,929798,1532830000.0,0.95,3.02
2016-10-17,中信证券,600030,12.14,12.16,11.92,11.93,12.14,466754,762930032.0,0.48,-1.73
2016-10-14,中信证券,600030,12.09,12.16,12.01,12.14,12.08,430726,706858944.0,0.44,0.5
2016-10-13,中信证券,600030,12.1,12.16,12.05,12.08,12.12,386023,633451232.0,0.39,-0.33
2016-10-12,中信证券,600030,12.16,12.18,12.07,12.12,12.19,337591,554726048.0,0.34,-0.57
2016-10-11,中信证券,600030,12.1,12.25,12.05,12.19,12.1,781540,1285860000.0,0.8,0.74
2016-10-10,中信证券,600030,11.99,12.13,11.92,12.1,11.85,717307,1171015584.0,0.73,2.11
2016-09-30,中信证券,600030,11.84,11.89,11.81,11.85,11.87,568222,915742208.0,0.58,-0.17
2016-09-29,中信证券,600030,11.85,12.04,11.82,11.87,11.79,674923,1094469648.0,0.69,0.68
2016-09-28,中信证券,600030,11.85,11.85,11.76,11.79,11.85,290222,466495520.0,0.3,-0.51
2016-09-27,中信证券,600030,11.65,11.87,11.62,11.85,11.67,465564,745644160.0,0.47,1.54
2016-09-26,中信证券,600030,11.86,11.86,11.65,11.67,11.87,578113,927254944.0,0.59,-1.68
2016-09-23,中信证券,600030,12.01,12.04,11.86,11.87,11.99,386440,626874448.0,0.39,-1.0
2016-09-22,中信证券,600030,12.05,12.11,11.98,11.99,11.93,588695,961732640.0,0.6,0.5
2016-09-21,中信证券,600030,11.93,12.0,11.86,11.93,11.92,588145,954393072.0,0.6,0.08
2016-09-20,中信证券,600030,11.94,11.95,11.83,11.92,11.94,401156,647811072.0,0.41,-0.17
2016-09-19,中信证券,600030,11.92,11.98,11.89,11.94,11.91,441390,716322752.0,0.45,0.25
2016-09-14,中信证券,600030,11.96,12.0,11.84,11.91,12.03,635913,1030858624.0,0.65,-1.0
2016-09-13,中信证券,600030,12.09,12.12,11.91,12.03,12.14,588219,958839424.0,0.6,-0.91
2016-09-12,中信证券,600030,12.08,12.17,11.89,12.14,12.37,1366764,2229795792.0,1.39,-1.86
2016-09-09,中信证券,600030,12.37,12.49,12.35,12.37,12.38,677130,1136955392.0,0.69,-0.08
2016-09-08,中信证券,600030,12.41,12.41,12.33,12.38,12.44,375093,627001184.0,0.38,-0.48
2016-09-07,中信证券,600030,12.45,12.51,12.39,12.44,12.47,564631,949324480.0,0.58,-0.24
2016-09-06,中信证券,600030,12.42,12.51,12.25,12.47,12.45,699614,1169401312.0,0.71,0.16
2016-09-05,中信证券,600030,12.47,12.59,12.4,12.45,12.44,569094,959747600.0,0.58,0.08
2016-09-02,中信证券,600030,12.32,12.56,12.27,12.44,12.32,757490,1270149072.0,0.77,0.97
2016-09-01,中信证券,600030,12.49,12.52,12.31,12.32,12.52,633315,1060332048.0,0.65,-1.6
2016-08-31,中信证券,600030,12.44,12.6,12.38,12.52,12.46,612779,1033007088.0,0.62,0.48
2016-08-30,中信证券,600030,12.38,12.53,12.34,12.46,12.36,794531,1334307968.0,0.81,0.81
2016-08-29,中信证券,600030,12.39,12.4,12.28,12.36,12.38,466832,779201328.0,0.48,-0.16
2016-08-26,中信证券,600030,12.4,12.49,12.35,12.38,12.44,574742,964774976.0,0.59,-0.48
2016-08-25,中信证券,600030,12.36,12.47,12.25,12.44,12.36,781530,1306701088.0,0.8,0.65
2016-08-24,中信证券,600030,12.45,12.5,12.33,12.36,12.45,559313,936638592.0,0.57,-0.72
2016-08-23,中信证券,600030,12.42,12.57,12.35,12.45,12.41,675726,1136819312.0,0.69,0.32
2016-08-22,中信证券,600030,12.52,12.65,12.38,12.41,12.56,756986,1275344624.0,0.77,-1.19
2016-08-19,中信证券,600030,12.61,12.64,12.4,12.56,12.58,886629,1496806288.0,0.9,-0.16
2016-08-18,中信证券,600030,12.65,12.82,12.44,12.58,12.71,1334417,2336697376.0,1.36,-1.02
2016-08-17,中信证券,600030,12.78,12.99,12.57,12.71,12.76,1487526,2627197024.0,1.52,-0.39
2016-08-16,中信证券,600030,12.96,13.12,12.67,12.76,13.05,2508890,4462137344.0,2.56,-2.22
2016-08-15,中信证券,600030,12.34,13.67,12.25,13.05,12.31,4202281,7507200000.0,4.28,6.01
2016-08-12,中信证券,600030,11.78,12.32,11.75,12.31,11.77,2191407,3704624800.0,2.23,4.59
2016-08-11,中信证券,600030,11.6,11.98,11.58,11.77,11.6,1150794,1907810800.0,1.17,1.47
2016-08-10,中信证券,600030,11.65,11.72,11.58,11.6,11.68,461476,756034112.0,0.47,-0.68
2016-08-09,中信证券,600030,11.59,11.71,11.56,11.68,11.6,408338,668854112.0,0.42,0.69
2016-08-08,中信证券,600030,11.52,11.61,11.39,11.6,11.52,377944,613977536.0,0.39,0.69
2016-08-05,中信证券,600030,11.47,11.65,11.41,11.52,11.49,421529,685149600.0,0.43,0.26
2016-08-04,中信证券,600030,11.44,11.52,11.33,11.49,11.44,387292,625192672.0,0.39,0.44
2016-08-03,中信证券,600030,11.44,11.5,11.4,11.44,11.49,301732,487484576.0,0.31,-0.44
2016-08-02,中信证券,600030,11.44,11.51,11.39,11.49,11.44,253759,410501200.0,0.26,0.44
2016-08-01,中信证券,600030,11.53,11.55,11.31,11.44,11.5,439427,708452480.0,0.45,-0.52
2016-07-29,中信证券,600030,11.59,11.65,11.47,11.5,11.58,416730,678560800.0,0.42,-0.69
2016-07-28,中信证券,600030,11.73,11.74,11.46,11.58,11.87,785886,1284512688.0,0.8,-2.44
2016-07-27,中信证券,600030,12.02,12.05,11.4,11.87,12.02,1492432,2452716720.0,1.52,-1.25
2016-07-26,中信证券,600030,11.78,12.05,11.77,12.02,11.8,641537,1073538560.0,0.65,1.86
2016-07-25,中信证券,600030,11.84,11.93,11.73,11.8,11.85,551612,915465472.0,0.56,-0.42
2016-07-22,中信证券,600030,11.92,11.97,11.82,11.85,11.92,553757,923395216.0,0.56,-0.59
2016-07-21,中信证券,600030,11.8,12.06,11.79,11.92,11.79,718825,1203585328.0,0.73,1.1
2016-07-20,中信证券,600030,11.83,11.89,11.78,11.79,11.83,356852,592891952.0,0.36,-0.34
2016-07-19,中信证券,600030,11.78,11.86,11.66,11.83,11.76,539127,892210336.0,0.55,0.6
2016-07-18,中信证券,600030,11.92,11.92,11.71,11.76,12.02,784746,1299515328.0,0.8,-2.16
2016-07-15,中信证券,600030,12.19,12.22,11.93,12.02,12.14,724156,1220240896.0,0.74,-0.99
2016-07-14,中信证券,600030,12.09,12.21,12.05,12.14,12.12,717485,1215166864.0,0.73,0.17
2016-07-13,中信证券,600030,12.2,12.44,12.02,12.12,12.12,1870287,3191111584.0,1.91,0.0
2016-07-12,中信证券,600030,11.78,12.13,11.73,12.12,11.78,1971565,3300007808.0,2.01,2.89
2016-07-11,中信证券,600030,11.85,12.05,11.77,11.78,11.82,1248223,2087217600.0,1.27,-0.34
2016-07-08,中信证券,600030,11.81,11.98,11.78,11.82,11.83,812041,1350300944.0,0.83,-0.08
2016-07-07,中信证券,600030,11.79,11.93,11.64,11.83,11.78,887794,1471507248.0,0.9,0.42
2016-07-06,中信证券,600030,11.78,11.87,11.6,11.78,11.81,707461,1166813904.0,0.72,-0.25
2016-07-05,中信证券,600030,11.78,11.94,11.74,11.81,11.83,817223,1355710720.0,0.83,-0.17
2016-07-04,中信证券,600030,11.33,12.07,11.32,11.83,11.42,1460344,2412525776.0,1.49,3.59
2016-07-01,中信证券,600030,11.57,11.62,11.4,11.42,11.51,682754,1107731712.0,0.7,-0.78
2016-06-30,中信证券,600030,11.54,11.65,11.45,11.51,11.45,969784,1579929328.0,0.99,0.52
2016-06-29,中信证券,600030,11.53,11.63,11.39,11.45,11.47,990906,1606919792.0,1.01,-0.17
2016-06-28,中信证券,600030,11.13,11.61,11.12,11.47,11.25,1048526,1684908128.0,1.07,1.96
2016-06-27,中信证券,600030,11.01,11.27,10.97,11.25,11.04,658669,1043122672.0,0.67,1.9
2016-06-24,中信证券,600030,11.23,11.44,10.79,11.04,11.27,900769,1422752896.0,0.92,-2.04
2016-06-23,中信证券,600030,11.38,11.38,11.07,11.27,11.36,574272,914596720.0,0.59,-0.79
2016-06-22,中信证券,600030,11.09,11.41,11.05,11.36,11.17,673901,1075771712.0,0.69,1.7
2016-06-21,中信证券,600030,11.09,11.74,11.09,11.17,11.01,1174039,1887742800.0,1.2,1.45
2016-06-20,中信证券,600030,11.05,11.09,10.87,11.01,11.02,467089,730260464.0,0.48,-0.09
2016-06-17,中信证券,600030,11.02,11.31,10.98,11.02,10.99,706809,1115936704.0,0.72,0.27
2016-06-16,中信证券,600030,11.13,11.18,10.92,10.99,11.24,626377,982640960.0,0.64,-2.22
2016-06-15,中信证券,600030,10.78,11.43,10.76,11.24,11.05,832330,1317170528.0,0.85,1.72
2016-06-14,中信证券,600030,10.94,11.12,10.85,11.05,10.97,542214,847627632.0,0.55,0.73
2016-06-13,中信证券,600030,11.48,11.52,10.92,10.97,11.65,931679,1487800320.0,0.95,-5.84
2016-06-08,中信证券,600030,11.72,11.77,11.58,11.65,11.73,548049,899801232.0,0.56,-0.68
2016-06-07,中信证券,600030,11.75,11.86,11.68,11.73,11.71,594368,981719696.0,0.61,0.17
2016-06-06,中信证券,600030,11.87,11.92,11.67,11.71,11.85,551762,911940848.0,0.56,-1.18
2016-06-03,中信证券,600030,11.86,12.07,11.72,11.85,11.83,1154138,1920684592.0,1.18,0.17
2016-06-02,中信证券,600030,11.8,11.92,11.67,11.83,11.8,771421,1278390672.0,0.79,0.25
2016-06-01,中信证券,600030,11.99,12.12,11.79,11.8,11.99,1166959,1949829984.0,1.19,-1.58
2016-05-31,中信证券,600030,11.03,12.03,11.03,11.99,11.02,2194126,3639685728.0,2.24,8.8
2016-05-30,中信证券,600030,10.83,11.05,10.7,11.02,10.89,575433,896062288.0,0.59,1.19
2016-05-27,中信证券,600030,10.93,11.0,10.8,10.89,10.93,375257,582950176.0,0.38,-0.37
2016-05-26,中信证券,600030,10.91,11.01,10.73,10.93,10.92,502160,776271920.0,0.51,0.09
2016-05-25,中信证券,600030,11.0,11.15,10.91,10.92,10.89,466524,730763904.0,0.48,0.28
2016-05-24,中信证券,600030,11.04,11.05,10.88,10.89,11.07,369453,575195216.0,0.38,-1.63
2016-05-23,中信证券,600030,11.04,11.25,10.96,11.07,11.04,793433,1250793120.0,0.81,0.27
2016-05-20,中信证券,600030,10.81,11.06,10.74,11.04,10.9,634520,988923264.0,0.65,1.28
2016-05-19,中信证券,600030,10.87,11.03,10.84,10.9,10.95,502141,780700096.0,0.51,-0.46
2016-05-18,中信证券,600030,10.81,11.0,10.66,10.95,10.93,836031,1294061088.0,0.85,0.18
2016-05-17,中信证券,600030,10.94,11.09,10.75,10.93,10.93,593109,921435888.0,0.6,0.0
2016-05-16,中信证券,600030,10.71,10.96,10.63,10.93,10.79,460202,710148384.0,0.47,1.3
2016-05-13,中信证券,600030,10.92,11.05,10.73,10.79,10.96,477475,740491680.0,0.49,-1.55
2016-05-12,中信证券,600030,10.83,11.02,10.58,10.96,10.93,638506,985512912.0,0.65,0.27
2016-05-11,中信证券,600030,11.01,11.06,10.88,10.93,10.96,606058,946565216.0,0.62,-0.27
2016-05-10,中信证券,600030,10.93,11.09,10.86,10.96,11.0,607391,948899504.0,0.62,-0.36
2016-05-09,中信证券,600030,11.31,11.31,10.86,11.0,11.39,971443,1523663440.0,0.99,-3.42
2016-05-06,中信证券,600030,11.93,11.98,11.38,11.39,11.94,1321707,2160592240.0,1.35,-4.61
2016-05-05,中信证券,600030,11.89,11.97,11.8,11.94,11.92,614296,1025316880.0,0.63,0.17
2016-05-04,中信证券,600030,11.93,12.05,11.85,11.92,12.02,706520,1182867904.0,0.72,-0.83
2016-05-03,中信证券,600030,11.62,12.16,11.61,12.02,11.69,1208201,2023766864.0,1.23,2.82
2016-04-29,中信证券,600030,11.68,11.83,11.65,11.69,11.75,651028,1073309680.0,0.66,-0.51
2016-04-28,中信证券,600030,11.87,11.97,11.57,11.75,11.84,927930,1531447632.0,0.95,-0.76
2016-04-27,中信证券,600030,11.96,12.07,11.78,11.84,12.06,692887,1160107984.0,0.71,-1.82
2016-04-26,中信证券,600030,11.94,12.16,11.81,12.06,11.97,913681,1532373008.0,0.93,0.75
2016-04-25,中信证券,600030,12.22,12.23,11.88,11.97,12.21,633219,1062890064.0,0.65,-1.97
2016-04-22,中信证券,600030,12.0,12.23,11.94,12.21,12.08,663816,1123792880.0,0.68,1.08
2016-04-21,中信证券,600030,12.11,12.38,12.05,12.08,12.37,883638,1502706208.0,0.9,-2.34
2016-04-20,中信证券,600030,12.52,12.59,11.57,12.37,12.56,2034110,3450852352.0,2.07,-1.51
2016-04-19,中信证券,600030,12.62,12.69,12.38,12.56,12.49,830277,1443187920.0,0.85,0.56
2016-04-18,中信证券,600030,12.74,12.81,12.44,12.49,12.96,1220180,2127496832.0,1.24,-3.63
2016-04-15,中信证券,600030,12.98,13.05,12.74,12.96,13.05,1013829,1805152992.0,1.03,-0.69
2016-04-14,中信证券,600030,12.99,13.12,12.85,13.05,12.92,1282329,2298021616.0,1.31,1.01
2016-04-13,中信证券,600030,12.74,13.29,12.74,12.92,12.47,2557468,4612400640.0,2.61,3.61
2016-04-12,中信证券,600030,12.44,12.6,12.35,12.47,12.52,836353,1446172048.0,0.85,-0.4
2016-04-11,中信证券,600030,12.78,12.96,12.5,12.52,12.12,1947342,3429997520.0,1.98,3.3
2016-04-08,中信证券,600030,12.24,12.31,12.0,12.12,12.46,1239750,2106879312.0,1.26,-2.73
2016-04-07,中信证券,600030,12.96,13.01,12.44,12.46,12.87,1303458,2283740128.0,1.33,-3.19
2016-04-06,中信证券,600030,12.85,13.07,12.7,12.87,12.98,980470,1747928416.0,1.0,-0.85
2016-04-05,中信证券,600030,12.68,13.29,12.62,12.98,12.78,1647726,2947731632.0,1.68,1.56
2016-04-01,中信证券,600030,12.78,12.94,12.4,12.78,12.87,1262045,2222651408.0,1.29,-0.7
2016-03-31,中信证券,600030,12.86,13.23,12.7,12.87,12.77,1864683,3330753168.0,1.9,0.78
2016-03-30,中信证券,600030,12.48,12.9,12.48,12.77,12.29,1946698,3433495968.0,1.98,3.91
2016-03-29,中信证券,600030,12.25,12.48,12.09,12.29,12.24,1522831,2608250912.0,1.55,0.41
2016-03-28,中信证券,600030,12.58,12.78,12.23,12.24,12.6,1351951,2348819216.0,1.38,-2.86
2016-03-25,中信证券,600030,12.53,12.75,12.36,12.6,12.53,1707821,2976681712.0,1.74,0.56
2016-03-24,中信证券,600030,13.05,13.05,12.52,12.53,13.35,2251809,3998800128.0,2.29,-6.14
2016-03-23,中信证券,600030,12.96,13.46,12.8,13.35,13.04,2536332,4584082944.0,2.58,2.38
2016-03-22,中信证券,600030,13.18,13.48,12.85,13.04,13.61,3734033,6774289152.0,3.8,-4.19
2016-03-21,中信证券,600030,12.61,13.61,12.53,13.61,12.13,6772507,12475892992.0,6.9,12.2
2016-03-18,中信证券,600030,11.92,12.5,11.85,12.13,11.85,2822383,4799301632.0,2.88,2.36
2016-03-17,中信证券,600030,11.46,12.06,11.38,11.85,11.38,1941077,3202337552.0,1.98,4.13
2016-03-16,中信证券,600030,11.26,11.53,11.26,11.38,11.32,1925794,3106941008.0,1.96,0.53
2016-03-15,中信证券,600030,11.35,11.44,11.14,11.32,11.45,1143306,1825608560.0,1.16,-1.14
2016-03-14,中信证券,600030,11.31,11.87,11.23,11.45,11.26,2371347,3867532976.0,2.42,1.69
2016-03-11,中信证券,600030,10.7,11.45,10.68,11.26,10.9,1868192,2961936032.0,1.9,3.3
2016-03-10,中信证券,600030,11.19,11.3,10.87,10.9,11.31,892820,1408964976.0,0.91,-3.63
2016-03-09,中信证券,600030,11.13,11.34,11.01,11.31,11.45,1567418,2484300560.0,1.6,-1.22
2016-03-08,中信证券,600030,11.29,11.46,10.78,11.45,11.29,1892086,2990745824.0,1.93,1.42
2016-03-07,中信证券,600030,11.46,11.58,11.22,11.29,11.31,1749145,2815094224.0,1.78,-0.18
2016-03-04,中信证券,600030,11.12,11.45,10.92,11.31,11.24,3194060,5072368640.0,3.25,0.62
2016-03-03,中信证券,600030,11.22,11.39,11.03,11.24,11.41,2518420,3996301040.0,2.57,-1.49
2016-03-02,中信证券,600030,10.77,11.52,10.68,11.41,10.72,3474340,5491185664.0,3.54,6.44
2016-03-01,中信证券,600030,9.92,11.05,9.83,10.72,9.81,2711486,4078835568.0,2.76,9.28
2016-02-29,中信证券,600030,9.82,9.87,9.22,9.81,9.91,2261670,3159150864.0,2.3,-1.01
2016-02-26,中信证券,600030,9.85,10.08,9.6,9.91,9.71,1298794,1866882400.0,1.32,2.06
2016-02-25,中信证券,600030,10.78,10.78,9.57,9.71,10.8,1793212,2627516528.0,1.83,-10.09
2016-02-24,中信证券,600030,10.6,10.84,10.38,10.8,10.65,1038401,1576653680.0,1.06,1.41
2016-02-23,中信证券,600030,10.92,10.92,10.48,10.65,10.94,1052736,1606782048.0,1.07,-2.65
2016-02-22,中信证券,600030,10.78,11.18,10.53,10.94,10.52,1605465,2484874384.0,1.64,3.99
2016-02-19,中信证券,600030,10.33,10.62,10.31,10.52,10.39,886334,1332252016.0,0.9,1.25
2016-02-18,中信证券,600030,10.58,10.89,10.37,10.39,10.45,1552804,2364322272.0,1.58,-0.57
2016-02-17,中信证券,600030,10.18,10.49,10.14,10.45,10.29,1339902,1993268032.0,1.37,1.55
2016-02-16,中信证券,600030,9.71,10.39,9.71,10.29,9.55,1664294,2437181664.0,1.7,7.75
2016-02-15,中信证券,600030,9.38,9.64,9.32,9.55,9.72,773992,1074729552.0,0.79,-1.75
2016-02-05,中信证券,600030,9.84,10.0,9.69,9.72,10.12,1168071,1667396608.0,1.19,-3.95
2016-02-04,中信证券,600030,10.09,10.33,9.99,10.12,9.98,1177843,1728773648.0,1.2,1.4
2016-02-03,中信证券,600030,9.93,10.05,9.72,9.98,10.09,855917,1228141840.0,0.87,-1.09
2016-02-02,中信证券,600030,9.75,10.23,9.65,10.09,9.77,1241809,1807184576.0,1.27,3.28
2016-02-01,中信证券,600030,9.87,10.0,9.58,9.77,10.0,1167889,1661278512.0,1.19,-2.3
2016-01-29,中信证券,600030,9.38,10.16,9.24,10.0,9.31,2117493,3031444640.0,2.16,7.41
2016-01-28,中信证券,600030,9.39,9.81,9.22,9.31,9.52,1361380,1897576272.0,1.39,-2.21
2016-01-27,中信证券,600030,9.62,9.7,9.09,9.52,9.51,2032384,2821227024.0,2.07,0.11
2016-01-26,中信证券,600030,10.52,10.65,9.41,9.51,10.74,2062435,2988330224.0,2.1,-11.45
2016-01-25,中信证券,600030,10.73,10.92,10.58,10.74,10.68,909665,1396119216.0,0.93,0.56
2016-01-22,中信证券,600030,10.73,10.85,10.29,10.68,10.52,1225058,1862098240.0,1.25,1.52
2016-01-21,中信证券,600030,11.09,11.4,10.45,10.52,11.15,1545046,2424457712.0,1.57,-5.65
2016-01-20,中信证券,600030,11.39,11.52,11.05,11.15,11.41,1630363,2608427600.0,1.66,-2.28
2016-01-19,中信证券,600030,11.02,11.56,10.88,11.41,11.0,2090180,3340469952.0,2.13,3.73
2016-01-18,中信证券,600030,10.57,11.26,10.57,11.0,10.92,1430002,2234447136.0,1.46,0.73
2016-01-15,中信证券,600030,11.38,11.48,10.69,10.92,11.56,2162249,3402623312.0,2.2,-5.54
2016-01-14,中信证券,600030,10.87,11.63,10.68,11.56,11.21,2060977,3292342160.0,2.1,3.12
2016-01-13,中信证券,600030,11.36,11.57,11.09,11.21,11.21,2391723,3840838000.0,2.44,0.0
2016-01-12,中信证券,600030,11.24,11.6,11.05,11.21,11.03,1888320,3028557872.0,1.92,1.63
2016-01-11,中信证券,600030,11.57,11.72,10.88,11.03,12.03,2434620,3924222656.0,2.48,-8.31
2016-01-08,中信证券,600030,12.04,12.56,11.31,12.03,11.6,2979253,5033516800.0,3.04,3.71
2016-01-07,中信证券,600030,12.59,12.7,11.48,11.6,12.98,679037,1145357904.0,0.69,-10.63
2016-01-06,中信证券,600030,12.65,13.18,12.35,12.98,12.74,1972783,3489306224.0,2.01,1.88
2016-01-05,中信证券,600030,12.0,13.03,11.85,12.74,12.57,2333292,4072751952.0,2.38,1.35
2016-01-04,中信证券,600030,14.17,14.17,12.54,12.57,14.22,1960584,3592571280.0,2.0,-11.6
2015-12-31,中信证券,600030,14.44,14.64,14.18,14.22,14.52,1228058,2407355488.0,1.25,-2.07
2015-12-30,中信证券,600030,14.53,14.65,14.18,14.52,14.62,1819513,3556376384.0,1.85,-0.68
2015-12-29,中信证券,600030,14.3,14.65,14.25,14.62,14.4,1843807,3617254432.0,1.88,1.53
2015-12-28,中信证券,600030,15.64,15.7,14.35,14.4,15.47,4050444,8159038976.0,4.13,-6.92
2015-12-25,中信证券,600030,15.39,15.7,15.14,15.47,15.33,2748118,5682051072.0,2.8,0.91
2015-12-24,中信证券,600030,15.64,16.03,14.98,15.33,15.78,4814929,10013184768.0,4.91,-2.85
2015-12-23,中信证券,600030,14.78,16.45,14.74,15.78,14.72,7066380,15021910784.0,7.2,7.2
2015-12-22,中信证券,600030,14.44,14.98,14.3,14.72,14.46,2647286,5265257472.0,2.7,1.8
2015-12-21,中信证券,600030,13.74,14.99,13.68,14.46,13.79,3338211,6562453248.0,3.4,4.86
2015-12-18,中信证券,600030,13.92,14.07,13.72,13.79,13.97,1406048,2660594432.0,1.43,-1.29
2015-12-17,中信证券,600030,13.8,14.18,13.61,13.97,13.58,2271456,4313997312.0,2.31,2.87
2015-12-16,中信证券,600030,13.76,14.0,13.56,13.58,13.67,1458476,2740662944.0,1.49,-0.66
2015-12-15,中信证券,600030,14.06,14.15,13.5,13.67,14.31,2339804,4408500992.0,2.38,-4.47
2015-12-14,中信证券,600030,12.68,14.38,12.62,14.31,12.92,3201005,5974162944.0,3.26,10.76
2015-12-11,中信证券,600030,12.7,13.23,12.52,12.92,12.89,1398236,2480638720.0,1.42,0.23
2015-12-10,中信证券,600030,13.0,13.6,12.83,12.89,12.86,1699607,3096319936.0,1.73,0.23
2015-12-09,中信证券,600030,12.68,13.09,12.63,12.86,12.73,1003566,1785399680.0,1.02,1.02
2015-12-08,中信证券,600030,12.88,13.14,12.72,12.73,12.96,1151591,2051860928.0,1.17,-1.77
2015-12-07,中信证券,600030,13.05,13.14,12.83,12.96,13.25,1327525,2374961920.0,1.35,-2.19
2015-12-04,中信证券,600030,13.5,13.58,13.18,13.25,13.69,1508958,2770569472.0,1.54,-3.21
2015-12-03,中信证券,600030,13.65,14.04,13.45,13.69,13.76,2217109,4165653552.0,2.26,-0.51
2015-12-02,中信证券,600030,12.82,14.05,12.74,13.76,12.85,2914175,5355322624.0,2.97,7.08
2015-12-01,中信证券,600030,12.72,13.13,12.52,12.85,12.72,1603173,2846525008.0,1.63,1.02
2015-11-30,中信证券,600030,12.86,13.04,12.18,12.72,12.96,2731712,4793467648.0,2.78,-1.85
2015-11-27,中信证券,600030,14.01,14.16,12.96,12.96,14.69,4839751,8947270912.0,4.93,-11.78
2015-11-26,中信证券,600030,15.05,15.31,14.65,14.69,14.86,2047845,4130101936.0,2.09,-1.14
2015-11-25,中信证券,600030,14.6,15.05,14.52,14.86,15.04,2051871,4094024432.0,2.09,-1.2
2015-11-24,中信证券,600030,14.7,15.34,14.52,15.04,14.87,1982495,3989681536.0,2.02,1.14
2015-11-23,中信证券,600030,15.25,15.74,14.77,14.87,15.25,2254710,4616712192.0,2.3,-2.49
2015-11-20,中信证券,600030,15.65,15.65,15.03,15.25,15.72,2572673,5297143296.0,2.62,-2.99
2015-11-19,中信证券,600030,15.22,15.81,14.77,15.72,15.46,3345630,6856697856.0,3.41,1.68
2015-11-18,中信证券,600030,15.22,16.65,15.02,15.46,14.96,7079878,14964502784.0,7.21,3.34
2015-11-17,中信证券,600030,14.92,15.91,14.85,14.96,14.7,5409088,11184204544.0,5.51,1.77
2015-11-16,中信证券,600030,14.54,14.79,14.28,14.7,15.01,2927258,5766523904.0,2.98,-2.07
2015-11-13,中信证券,600030,14.61,15.32,14.53,15.01,14.92,3844870,7804344320.0,3.92,0.6
2015-11-12,中信证券,600030,15.48,15.58,14.85,14.92,15.53,3733724,7617444096.0,3.8,-3.93
2015-11-11,中信证券,600030,15.13,15.94,14.82,15.53,15.38,4962131,10183623680.0,5.06,0.98
2015-11-10,中信证券,600030,14.83,16.34,14.82,15.38,15.12,6749084,14061805312.0,6.88,1.72
2015-11-09,中信证券,600030,15.65,16.16,14.96,15.12,15.22,8451933,17665970688.0,8.61,-0.66
2015-11-06,中信证券,600030,13.46,15.22,13.28,15.22,13.6,8642425,16958693632.0,8.81,11.91
2015-11-05,中信证券,600030,12.78,13.99,12.57,13.6,12.48,9924816,18436326656.0,10.11,8.97
2015-11-04,中信证券,600030,11.18,12.48,11.1,12.48,11.11,5218763,8713982720.0,5.32,12.33
2015-11-03,中信证券,600030,11.05,11.24,10.9,11.11,10.91,1669546,2628258000.0,1.7,1.83
2015-11-02,中信证券,600030,10.92,11.27,10.85,10.91,11.19,2007746,3148506576.0,2.05,-2.5
2015-10-30,中信证券,600030,10.74,11.55,10.55,11.19,10.69,3683078,5843530496.0,3.75,4.68
2015-10-29,中信证券,600030,10.78,10.85,10.6,10.69,10.65,1241384,1904824224.0,1.26,0.38
2015-10-28,中信证券,600030,10.98,11.04,10.6,10.65,11.08,1547335,2391913792.0,1.58,-3.88
2015-10-27,中信证券,600030,11.05,11.17,10.54,11.08,11.18,1910737,2951896336.0,1.95,-0.89
2015-10-26,中信证券,600030,11.29,11.69,11.07,11.18,11.05,3458300,5559018496.0,3.52,1.18
2015-10-23,中信证券,600030,10.87,11.15,10.62,11.05,10.74,2093496,3253861392.0,2.13,2.89
2015-10-22,中信证券,600030,10.43,10.78,10.27,10.74,10.39,1924559,2910367040.0,1.96,3.37
2015-10-21,中信证券,600030,11.31,11.36,10.25,10.39,11.32,3007739,4674699264.0,3.06,-8.22
2015-10-20,中信证券,600030,11.32,11.42,10.96,11.32,11.42,2505141,3975343616.0,2.55,-0.88
2015-10-19,中信证券,600030,11.22,11.9,11.1,11.42,11.21,3366573,5460329984.0,3.43,1.87
2015-10-16,中信证券,600030,11.19,11.57,10.9,11.21,11.06,3266511,5191986944.0,3.33,1.36
2015-10-15,中信证券,600030,10.64,11.09,10.6,11.06,10.66,2468342,3825626752.0,2.51,3.75
2015-10-14,中信证券,600030,10.61,11.16,10.56,10.66,10.66,2729643,4213010336.0,2.78,0.0
2015-10-13,中信证券,600030,10.52,10.72,10.49,10.66,10.74,1653993,2514093488.0,1.69,-0.74
2015-10-12,中信证券,600030,10.05,11.01,9.89,10.74,9.99,3421129,5183017216.0,3.49,7.51
2015-10-09,中信证券,600030,9.79,10.12,9.72,9.99,9.79,2040149,2950626880.0,2.08,2.04
2015-10-08,中信证券,600030,10.13,10.17,9.74,9.79,9.2,2524177,3647069776.0,2.57,6.41
2015-09-30,中信证券,600030,8.98,9.56,8.95,9.2,8.99,1744839,2390948320.0,1.78,2.34
2015-09-29,中信证券,600030,8.88,9.3,8.71,8.99,9.1,1281346,1704096064.0,1.31,-1.21
2015-09-28,中信证券,600030,8.93,9.12,8.81,9.1,8.96,763693,1018343488.0,0.78,1.56
2015-09-25,中信证券,600030,9.31,9.43,8.92,8.96,9.37,1181164,1593240464.0,1.2,-4.38
2015-09-24,中信证券,600030,9.32,9.44,9.27,9.37,9.25,1060412,1458910800.0,1.08,1.3
2015-09-23,中信证券,600030,9.52,9.61,9.22,9.25,9.76,1751119,2414937920.0,1.78,-5.23
2015-09-22,中信证券,600030,9.46,10.16,9.43,9.76,9.52,2717496,3903346672.0,2.77,2.52
2015-09-21,中信证券,600030,9.13,9.58,8.94,9.52,9.38,1777944,2429756336.0,1.81,1.49
2015-09-18,中信证券,600030,9.48,9.59,9.24,9.38,9.42,1500420,2074433504.0,1.53,-0.42
2015-09-17,中信证券,600030,9.58,9.98,9.4,9.42,9.94,2550290,3605442080.0,2.6,-5.23
2015-09-16,中信证券,600030,9.01,10.32,8.56,9.94,9.15,3339574,4553831680.0,3.4,8.63
2015-09-15,中信证券,600030,9.35,9.73,9.07,9.15,9.49,1708859,2354542784.0,1.74,-3.58
2015-09-14,中信证券,600030,10.51,10.55,9.2,9.49,10.45,2622237,3739513712.0,2.67,-9.19
2015-09-11,中信证券,600030,10.58,10.78,10.37,10.45,10.57,1413709,2142975376.0,1.44,-1.14
2015-09-10,中信证券,600030,10.78,10.88,10.5,10.57,11.03,1925526,2949927712.0,1.96,-4.17
2015-09-09,中信证券,600030,10.73,11.12,10.6,11.03,10.65,3280617,5101933824.0,3.34,3.57
2015-09-08,中信证券,600030,10.09,10.69,9.81,10.65,10.23,2150042,3183032720.0,2.19,4.11
2015-09-07,中信证券,600030,10.31,10.82,10.18,10.23,10.32,2008881,3032953888.0,2.05,-0.87
2015-09-02,中信证券,600030,10.11,10.57,10.01,10.32,10.6,3622960,5389001216.0,3.69,-2.64
2015-09-01,中信证券,600030,10.09,10.71,9.74,10.6,10.5,4987599,7443513088.0,5.08,0.95
2015-08-31,中信证券,600030,10.58,10.69,9.8,10.5,11.18,5699422,8398848512.0,5.81,-6.08
2015-08-28,中信证券,600030,10.74,11.27,10.33,11.18,10.77,5306117,8104006400.0,5.41,3.81
2015-08-27,中信证券,600030,10.43,10.78,9.75,10.77,9.89,4012437,5979380224.0,4.09,8.9
2015-08-26,中信证券,600030,10.21,10.85,9.64,9.89,10.21,4252035,6294308352.0,4.33,-3.13
2015-08-25,中信证券,600030,10.61,11.51,10.21,10.21,11.64,5015538,7624133632.0,5.11,-12.29
2015-08-24,中信证券,600030,12.52,12.68,11.64,11.64,13.22,3125088,5192191744.0,3.18,-11.95
2015-08-21,中信证券,600030,14.35,14.65,13.07,13.22,14.57,2350926,4461435392.0,2.4,-9.27
2015-08-20,中信证券,600030,15.05,15.2,14.52,14.57,15.32,1553351,3118493136.0,1.58,-4.9
2015-08-19,中信证券,600030,14.7,15.38,14.26,15.32,15.06,2439663,4916935424.0,2.49,1.73
2015-08-18,中信证券,600030,16.61,17.36,14.92,15.06,16.51,3635953,7991213568.0,3.7,-8.78
2015-08-17,中信证券,600030,16.53,16.72,16.18,16.51,16.9,1956404,4286567792.0,1.99,-2.31
2015-08-14,中信证券,600030,16.52,17.2,16.31,16.9,16.42,3101030,6897320960.0,3.16,2.92
2015-08-13,中信证券,600030,16.15,16.57,15.62,16.42,16.26,2147394,4687605248.0,2.19,0.98
2015-08-12,中信证券,600030,16.08,16.79,15.93,16.26,16.37,2684534,5951291136.0,2.74,-0.67
2015-08-11,中信证券,600030,16.28,16.7,16.18,16.37,16.55,3015068,6693367296.0,3.07,-1.09
2015-08-10,中信证券,600030,14.92,16.55,14.78,16.55,14.78,3891088,8394579968.0,3.96,11.98
2015-08-07,中信证券,600030,14.64,15.11,14.5,14.78,14.41,1676439,3406717456.0,1.71,2.57
2015-08-06,中信证券,600030,14.46,14.8,14.3,14.41,14.8,1356034,2713150048.0,1.38,-2.64
2015-08-05,中信证券,600030,15.4,15.4,14.78,14.8,15.43,1509435,3116123008.0,1.54,-4.08
2015-08-04,中信证券,600030,14.97,15.47,14.85,15.43,14.93,1696277,3522834448.0,1.73,3.35
2015-08-03,中信证券,600030,14.8,15.25,14.63,14.93,15.23,1627062,3310017296.0,1.66,-1.97
2015-07-31,中信证券,600030,15.24,15.5,15.1,15.23,15.3,1899922,3957970448.0,1.94,-0.46
2015-07-30,中信证券,600030,16.25,16.52,15.09,15.3,16.25,1943404,4230993280.0,1.98,-5.85
2015-07-29,中信证券,600030,16.28,16.41,15.76,16.25,16.44,2435144,5283075072.0,2.48,-1.16
2015-07-28,中信证券,600030,15.41,16.83,14.5,16.44,15.85,4830587,10399712512.0,4.92,3.72
2015-07-27,中信证券,600030,17.65,17.71,15.85,15.85,17.93,3445470,7777371904.0,3.51,-11.6
2015-07-24,中信证券,600030,18.5,18.58,17.9,17.93,18.49,2352728,5720621568.0,2.4,-3.03
2015-07-23,中信证券,600030,18.04,18.7,18.02,18.49,18.03,2468205,6053865984.0,2.51,2.55
2015-07-22,中信证券,600030,18.2,18.52,17.9,18.03,18.41,1927791,4663668480.0,1.96,-2.06
2015-07-21,中信证券,600030,18.28,19.0,17.93,18.41,18.5,2816297,6887598336.0,2.87,-0.49
2015-07-20,中信证券,600030,19.06,19.18,18.33,18.5,19.22,2766923,6857130752.0,2.82,-3.75
2015-07-17,中信证券,600030,18.5,19.58,18.11,19.22,18.44,2990548,7469277440.0,3.05,4.23
2015-07-16,中信证券,600030,18.61,19.05,17.76,18.44,18.64,2380330,5830866688.0,2.43,-1.07
2015-07-15,中信证券,600030,19.06,19.83,17.99,18.64,19.44,3694570,9154279936.0,3.76,-4.12
2015-07-14,中信证券,600030,20.57,20.97,19.15,19.44,20.98,4166017,10987813888.0,4.24,-7.34
2015-07-13,中信证券,600030,20.71,21.98,20.2,20.98,21.25,6131866,16871032576.0,6.25,-1.27
2015-07-10,中信证券,600030,19.32,21.76,18.9,21.25,19.56,7239974,19867755008.0,7.38,8.64
2015-07-09,中信证券,600030,17.52,19.56,15.58,19.56,17.52,6722630,16331911424.0,6.85,11.64
2015-07-08,中信证券,600030,17.58,19.3,17.52,17.52,19.78,6309055,15121081344.0,6.43,-11.43
2015-07-07,中信证券,600030,19.76,20.6,18.45,19.78,20.34,5465865,14179111680.0,5.57,-2.75
2015-07-06,中信证券,600030,21.04,21.04,19.15,20.34,18.86,5760622,15223538432.0,5.87,7.85
2015-07-03,中信证券,600030,19.08,20.23,17.48,18.86,19.32,3854871,9769607680.0,3.93,-2.38
2015-07-02,中信证券,600030,19.95,20.32,18.39,19.32,19.23,4117882,10672789248.0,4.2,0.47
2015-07-01,中信证券,600030,20.28,20.87,18.93,19.23,20.55,3355313,8884330240.0,3.42,-6.42
2015-06-30,中信证券,600030,18.89,20.58,18.04,20.55,18.54,4729283,12154295296.0,4.82,10.84
2015-06-29,中信证券,600030,20.54,20.57,17.52,18.54,19.78,5148405,13072967424.0,5.25,-6.27
2015-06-26,中信证券,600030,21.58,22.63,19.57,19.78,22.06,4547534,12445942272.0,4.63,-10.34
2015-06-25,中信证券,600030,22.54,23.22,21.84,22.06,22.4,3052368,8949841152.0,3.11,-1.52
2015-06-24,中信证券,600030,22.8,22.85,22.04,22.4,22.62,2756504,8004304384.0,2.81,-0.97
2015-06-23,中信证券,600030,21.83,22.73,21.06,22.62,21.79,2748155,7859387904.0,2.8,3.81
2015-06-19,中信证券,600030,22.77,23.56,21.66,21.79,23.15,2611755,7705557760.0,2.66,-5.87
2015-06-18,中信证券,600030,24.11,24.21,23.1,23.15,24.38,2365961,7214496768.0,2.41,-5.05
2015-06-17,中信证券,600030,24.34,24.49,23.64,24.38,24.31,2344468,7252592128.0,2.39,0.29
2015-06-16,中信证券,600030,24.32,25.03,23.82,24.31,24.24,2732534,8585330176.0,2.78,0.29
2015-06-15,中信证券,600030,25.37,25.57,24.16,24.24,24.97,3031549,9632653312.0,3.09,-2.92
2015-06-12,中信证券,600030,25.15,25.4,24.72,24.97,25.04,2775221,8904457984.0,2.83,-0.28
2015-06-11,中信证券,600030,25.56,25.57,24.83,25.04,25.57,2796841,8979098880.0,2.85,-2.07
2015-06-10,中信证券,600030,25.67,25.96,25.4,25.57,26.02,2940254,9655675904.0,3.0,-1.73
2015-06-09,中信证券,600030,26.75,26.97,25.64,26.02,26.26,4806977,16120193024.0,4.9,-0.91
2015-06-08,中信证券,600030,24.91,26.41,24.7,26.26,24.88,6138303,20081047040.0,6.25,5.55
2015-06-05,中信证券,600030,25.44,25.68,24.44,24.88,25.16,4081010,13078433536.0,4.16,-1.11
2015-06-04,中信证券,600030,24.71,25.46,23.24,25.16,24.7,3745612,11857669632.0,3.82,1.86
2015-06-03,中信证券,600030,24.97,25.45,24.5,24.7,24.99,2955206,9408046080.0,3.01,-1.16
2015-06-02,中信证券,600030,25.28,25.39,24.54,24.99,25.42,3061103,9793028864.0,3.12,-1.69
2015-06-01,中信证券,600030,23.57,26.09,23.24,25.42,23.56,4417798,13952581120.0,4.5,7.89
2015-05-29,中信证券,600030,23.89,24.44,23.05,23.56,23.87,3960784,12138194176.0,4.04,-1.3
2015-05-28,中信证券,600030,26.58,26.59,23.84,23.87,26.65,5079918,16582667776.0,5.18,-10.43
2015-05-27,中信证券,600030,27.06,27.28,26.61,26.65,27.05,3458825,11818707456.0,3.52,-1.48
2015-05-26,中信证券,600030,27.28,27.39,26.44,27.05,26.92,4541933,15529617920.0,4.63,0.48
2015-05-25,中信证券,600030,26.06,27.3,26.06,26.92,25.95,4633712,15838125056.0,4.72,3.74
2015-05-22,中信证券,600030,25.5,26.53,25.5,25.95,25.24,4030642,13394765568.0,4.11,2.81
2015-05-21,中信证券,600030,25.31,25.58,24.97,25.24,25.33,2303641,7422018304.0,2.35,-0.36
2015-05-20,中信证券,600030,25.84,25.91,25.17,25.33,25.85,3465598,11288195584.0,3.53,-2.01
2015-05-19,中信证券,600030,23.97,26.32,23.91,25.85,24.09,4628122,15049428736.0,4.72,7.31
2015-05-18,中信证券,600030,24.65,24.7,24.04,24.09,24.96,2717352,8493783296.0,2.77,-3.49
2015-05-15,中信证券,600030,25.84,25.84,24.83,24.96,25.92,3028979,9800427776.0,3.09,-3.7
2015-05-14,中信证券,600030,26.17,26.48,25.75,25.92,26.17,2294497,7630347264.0,2.34,-0.96
2015-05-13,中信证券,600030,27.06,27.06,25.98,26.17,27.06,3162023,10653186048.0,3.22,-3.29
2015-05-12,中信证券,600030,26.7,27.84,26.24,27.06,26.68,4613785,15869445632.0,4.7,1.42
2015-05-11,中信证券,600030,26.37,26.71,25.96,26.68,26.12,3537322,11891319040.0,3.6,2.14
2015-05-08,中信证券,600030,26.76,26.89,25.38,26.12,25.98,2920045,9706047744.0,2.98,0.54
2015-05-07,中信证券,600030,25.97,26.58,25.88,25.98,26.09,2641097,8825749760.0,2.69,-0.42
2015-05-06,中信证券,600030,26.27,27.03,25.68,26.09,25.9,3524494,11819842816.0,3.59,0.73
2015-05-05,中信证券,600030,26.57,27.54,25.68,25.9,26.5,3653459,12422668800.0,3.72,-2.26
2015-05-04,中信证券,600030,26.9,26.9,26.15,26.5,27.03,2765914,9324506880.0,2.82,-1.96
2015-04-30,中信证券,600030,27.58,27.89,26.97,27.03,28.09,4496075,15632139008.0,4.58,-3.77
2015-04-29,中信证券,600030,27.84,28.33,27.67,28.09,28.03,2955112,10503118080.0,3.01,0.21
2015-04-28,中信证券,600030,28.24,28.89,27.8,28.03,28.24,4612229,16503974912.0,4.7,-0.74
2015-04-27,中信证券,600030,28.25,28.9,27.92,28.24,27.93,4163909,14911843072.0,4.24,1.11
2015-04-24,中信证券,600030,28.46,28.7,27.41,27.93,29.18,5370441,19070401792.0,5.47,-4.28
2015-04-23,中信证券,600030,30.07,30.5,28.9,29.18,30.04,6982245,26128665088.0,7.11,-2.86
2015-04-22,中信证券,600030,27.92,30.19,27.61,30.04,27.65,8083414,29312281344.0,8.24,8.64
2015-04-21,中信证券,600030,26.15,28.09,26.15,27.65,26.39,5071412,17615872512.0,5.17,4.77
2015-04-20,中信证券,600030,27.76,27.89,26.37,26.39,27.7,5373192,18552391168.0,5.47,-4.73
2015-04-17,中信证券,600030,28.02,28.42,27.37,27.7,27.59,4976608,17607998208.0,5.07,0.4
2015-04-16,中信证券,600030,26.44,27.71,26.29,27.59,26.8,3639872,12546978304.0,3.71,2.95
2015-04-15,中信证券,600030,27.66,27.85,26.76,26.8,27.75,3407865,11810163456.0,3.47,-3.42
2015-04-14,中信证券,600030,27.91,28.17,26.9,27.75,27.91,4985005,17379744768.0,5.08,-0.57
2015-04-13,中信证券,600030,28.38,28.62,27.6,27.91,28.31,4404897,15595270400.0,4.49,-1.41
2015-04-10,中信证券,600030,28.17,28.44,27.5,28.31,28.25,5134936,18205967872.0,5.23,0.21
2015-04-09,中信证券,600030,28.89,30.54,28.19,28.25,28.52,8572540,31644827392.0,8.73,-0.95
2015-04-08,中信证券,600030,27.37,29.06,26.92,28.52,27.26,7575453,26972907008.0,7.72,4.62
2015-04-07,中信证券,600030,27.47,27.54,26.74,27.26,26.9,5459528,18774609408.0,5.56,1.34
2015-04-03,中信证券,600030,25.98,27.01,25.95,26.9,26.23,5754745,19509446656.0,5.86,2.55
2015-04-02,中信证券,600030,27.02,27.15,25.74,26.23,26.66,4648738,15584227328.0,4.74,-1.61
2015-04-01,中信证券,600030,25.8,26.77,25.72,26.66,25.69,5164895,17314623744.0,5.26,3.78
2015-03-31,中信证券,600030,26.21,27.55,25.58,25.69,25.77,6770228,22901842688.0,6.9,-0.31
2015-03-30,中信证券,600030,25.11,25.97,24.82,25.77,25.08,5200928,16950887168.0,5.3,2.75
2015-03-27,中信证券,600030,24.99,25.63,24.76,25.08,24.99,3107482,10043422976.0,3.17,0.36
2015-03-26,中信证券,600030,24.97,25.84,24.63,24.99,25.3,3929182,12658644224.0,4.0,-1.23
2015-03-25,中信证券,600030,25.36,26.3,25.07,25.3,25.37,4819506,15796196608.0,4.91,-0.28
2015-03-24,中信证券,600030,26.1,26.11,24.95,25.37,26.12,5931958,19343553024.0,6.04,-2.87
2015-03-23,中信证券,600030,25.57,26.18,24.97,26.12,25.28,7691939,25133275392.0,7.84,3.32
2015-03-20,中信证券,600030,23.06,25.55,22.77,25.28,22.97,9566651,30097819904.0,9.75,10.06
2015-03-19,中信证券,600030,23.3,23.31,22.87,22.97,23.22,3488274,10391902208.0,3.55,-1.08
2015-03-18,中信证券,600030,23.24,23.41,22.96,23.22,22.89,4932672,14777348864.0,5.03,1.44
2015-03-17,中信证券,600030,22.58,23.06,22.26,22.89,22.17,5313017,15588876800.0,5.41,3.25
2015-03-16,中信证券,600030,21.84,22.3,21.46,22.17,21.7,3310645,9445821952.0,3.37,2.17
2015-03-13,中信证券,600030,21.77,22.25,21.54,21.7,21.67,2637976,7507250688.0,2.69,0.14
2015-03-12,中信证券,600030,21.33,21.79,20.98,21.67,21.04,2920382,8169473536.0,2.98,2.99
2015-03-11,中信证券,600030,21.09,21.56,20.97,21.04,21.09,2089043,5787379200.0,2.13,-0.24
2015-03-10,中信证券,600030,21.2,21.57,20.78,21.09,21.2,2512944,6921397760.0,2.56,-0.52
2015-03-09,中信证券,600030,20.63,21.59,20.45,21.2,21.59,3656965,9949610240.0,3.73,-1.81
2015-03-06,中信证券,600030,21.76,22.1,21.56,21.59,21.74,2042677,5781353728.0,2.08,-0.69
2015-03-05,中信证券,600030,21.58,22.17,21.5,21.74,21.82,2655264,7510665216.0,2.71,-0.37
2015-03-04,中信证券,600030,22.01,22.23,21.67,21.82,22.04,2423923,6889449216.0,2.47,-1.0
2015-03-03,中信证券,600030,22.9,22.9,22.01,22.04,23.12,3721023,10786614528.0,3.79,-4.67
2015-03-02,中信证券,600030,23.34,23.65,22.9,23.12,22.83,3876787,11639701504.0,3.95,1.27
2015-02-27,中信证券,600030,23.13,23.32,22.78,22.83,23.17,3118775,9287683072.0,3.18,-1.47
2015-02-26,中信证券,600030,21.91,23.39,21.53,23.17,22.14,4856365,14237902848.0,4.95,4.65
2015-02-25,中信证券,600030,22.58,22.63,21.95,22.14,22.52,2008830,5793630464.0,2.05,-1.69
2015-02-17,中信证券,600030,22.46,23.0,22.37,22.52,22.34,2626912,7709917696.0,2.68,0.81
2015-02-16,中信证券,600030,22.45,22.6,22.12,22.34,22.48,2395099,6936727808.0,2.44,-0.62
2015-02-13,中信证券,600030,22.58,22.97,22.37,22.48,22.37,3360854,9854166016.0,3.42,0.49
2015-02-12,中信证券,600030,22.64,22.64,22.04,22.37,22.64,2502673,7254124032.0,2.55,-1.19
2015-02-11,中信证券,600030,22.97,23.05,22.41,22.64,22.84,2703934,7925359616.0,2.75,-0.88
2015-02-10,中信证券,600030,22.64,23.13,22.44,22.84,22.72,4160010,12252572928.0,4.24,0.53
2015-02-09,中信证券,600030,21.54,23.14,21.49,22.72,21.77,5783691,16809358080.0,5.89,4.36
2015-02-06,中信证券,600030,21.46,22.06,21.24,21.77,21.57,3490856,9871918080.0,3.56,0.93
2015-02-05,中信证券,600030,22.51,22.54,21.54,21.57,21.52,5541536,15893338624.0,5.65,0.23
2015-02-04,中信证券,600030,22.04,22.76,21.5,21.52,21.84,5279664,15200429312.0,5.38,-1.47
2015-02-03,中信证券,600030,20.92,21.97,20.6,21.84,20.56,4554530,12597196800.0,4.64,6.23
2015-02-02,中信证券,600030,20.63,21.12,20.36,20.56,21.37,3213996,8701630720.0,3.27,-3.79
2015-01-30,中信证券,600030,21.93,22.12,21.3,21.37,21.65,3042182,8558898688.0,3.1,-1.29
2015-01-29,中信证券,600030,21.58,22.0,21.33,21.65,22.25,3863110,10875838976.0,3.94,-2.7
2015-01-28,中信证券,600030,21.54,23.03,21.42,22.25,21.54,6048275,17496098560.0,6.16,3.3
2015-01-27,中信证券,600030,22.05,22.18,21.06,21.54,22.04,4363279,12277370368.0,4.45,-2.27
2015-01-26,中信证券,600030,22.54,22.54,21.84,22.04,22.55,3838737,11007166720.0,3.91,-2.26
2015-01-23,中信证券,600030,22.11,23.61,22.1,22.55,21.87,6172941,18244498176.0,6.29,3.11
2015-01-22,中信证券,600030,22.15,22.15,21.51,21.87,22.15,5325448,15096108288.0,5.43,-1.26
2015-01-21,中信证券,600030,20.71,22.54,20.47,22.15,20.36,10171616,28203004160.0,10.36,8.79
2015-01-20,中信证券,600030,20.33,21.3,20.33,20.36,22.9,13108547,35201772288.0,13.36,-11.09
2015-01-19,中信证券,600030,22.9,22.9,22.9,22.9,25.77,496775,1471447552.0,0.51,-11.14
2015-01-16,中信证券,600030,26.36,26.37,25.14,25.77,26.17,5856671,19350255872.0,5.97,-1.53
2015-01-15,中信证券,600030,25.42,26.36,24.7,26.17,25.55,7344479,23956482816.0,7.48,2.43
2015-01-14,中信证券,600030,25.1,25.79,24.85,25.55,25.12,4835025,15653332224.0,4.93,1.71
2015-01-13,中信证券,600030,26.03,26.4,24.77,25.12,26.3,6243921,20346445056.0,6.36,-4.49
2015-01-12,中信证券,600030,27.32,27.91,26.04,26.3,27.55,6602672,22582319872.0,6.73,-4.54
2015-01-09,中信证券,600030,27.59,29.24,27.07,27.55,27.8,7636403,27142298112.0,7.78,-0.9
2015-01-08,中信证券,600030,28.8,29.06,27.3,27.8,28.58,6376269,22618463488.0,6.5,-2.73
2015-01-07,中信证券,600030,27.07,29.54,26.97,28.58,27.33,7315085,26387179520.0,7.45,4.57
2015-01-06,中信证券,600030,26.54,28.09,26.33,27.33,27.29,6681194,23149379328.0,6.81,0.15
2015-01-05,中信证券,600030,26.63,27.8,25.85,27.29,26.63,6986272,23874098176.0,7.12,2.48
2014-12-31,中信证券,600030,25.97,27.9,25.58,26.63,26.24,7028976,23999491072.0,7.16,1.49
2014-12-30,中信证券,600030,25.31,27.22,24.0,26.24,25.14,8584937,28251894784.0,8.75,4.38
2014-12-29,中信证券,600030,26.75,26.76,24.54,25.14,25.08,9288996,30440805632.0,9.46,0.24
2014-12-26,中信证券,600030,22.44,25.08,22.19,25.08,22.54,8691433,27002586880.0,8.86,11.27
2014-12-25,中信证券,600030,21.76,22.93,20.8,22.54,21.67,7161383,20450157568.0,7.3,4.01
2014-12-24,中信证券,600030,24.61,24.8,21.43,21.67,24.11,8458087,24758625024.0,8.62,-10.12
2014-12-23,中信证券,600030,23.67,24.79,23.24,24.11,23.88,5416393,16883884032.0,5.52,0.96
2014-12-22,中信证券,600030,24.37,25.31,23.24,23.88,25.17,7067523,22144230656.0,7.2,-5.13
2014-12-19,中信证券,600030,24.97,26.1,23.04,25.17,24.75,9965670,31534624256.0,10.15,1.7
2014-12-18,中信证券,600030,25.26,26.1,24.54,24.75,25.63,10116446,32816298240.0,10.31,-3.43
2014-12-17,中信证券,600030,24.54,25.63,23.31,25.63,23.04,12294740,39050850048.0,12.53,11.24
2014-12-16,中信证券,600030,21.15,23.04,20.89,23.04,20.68,11243363,32867995392.0,11.46,11.41
2014-12-15,中信证券,600030,19.03,20.78,18.72,20.68,19.3,6879470,17816078592.0,7.01,7.15
2014-12-12,中信证券,600030,18.02,20.49,17.93,19.3,18.64,8595966,21920329984.0,8.76,3.54
2014-12-11,中信证券,600030,19.76,20.86,18.54,18.64,20.86,8429899,22023163392.0,8.59,-10.64
2014-12-10,中信证券,600030,20.28,21.41,18.19,20.86,20.23,12733538,33260275968.0,12.97,3.11
2014-12-09,中信证券,600030,20.06,21.54,18.06,20.23,19.32,13844997,37927036672.0,14.11,4.71
2014-12-08,中信证券,600030,17.3,19.32,16.98,19.32,17.3,8967312,22144611840.0,9.14,11.68
2014-12-05,中信证券,600030,16.69,17.3,16.03,17.3,15.47,12191009,27823228160.0,12.42,11.83
2014-12-04,中信证券,600030,13.79,15.47,13.69,15.47,13.8,7309667,14857753856.0,7.45,12.1
2014-12-03,中信证券,600030,13.58,14.67,13.13,13.8,13.5,8403896,16266474496.0,8.56,2.22
2014-12-02,中信证券,600030,12.1,13.86,12.02,13.5,12.38,7366192,13402108928.0,7.51,9.05
2014-12-01,中信证券,600030,12.31,12.97,11.94,12.38,12.16,6107746,10789097472.0,6.22,1.81
2014-11-28,中信证券,600030,12.21,12.38,11.76,12.16,12.37,5132786,8802830592.0,5.23,-1.7
2014-11-27,中信证券,600030,12.04,12.5,11.7,12.37,11.95,5694357,9794381312.0,5.8,3.51
2014-11-26,中信证券,600030,11.58,12.34,11.57,11.95,11.46,4580138,7779567872.0,4.67,4.28
2014-11-25,中信证券,600030,11.41,11.66,11.31,11.46,11.53,3462747,5711582208.0,3.53,-0.61
2014-11-24,中信证券,600030,11.05,11.83,10.96,11.53,10.69,7210249,11834149632.0,7.35,7.86
2014-11-21,中信证券,600030,9.88,10.78,9.73,10.69,9.84,5031656,7623298560.0,5.13,8.64
2014-11-20,中信证券,600030,9.7,9.98,9.65,9.84,9.67,2291382,3346698048.0,2.33,1.76
2014-11-19,中信证券,600030,9.76,9.89,9.62,9.67,9.8,2283332,3312030576.0,2.33,-1.33
2014-11-18,中信证券,600030,10.02,10.14,9.72,9.8,10.16,3231309,4734747136.0,3.29,-3.54
2014-11-17,中信证券,600030,10.63,10.7,10.12,10.16,10.52,4082788,6226351872.0,4.16,-3.42
2014-11-14,中信证券,600030,10.16,10.67,10.02,10.52,10.24,4423714,6740925440.0,4.51,2.73
2014-11-13,中信证券,600030,10.44,10.7,10.14,10.24,10.52,5124009,7850271744.0,5.22,-2.66
2014-11-12,中信证券,600030,9.51,10.57,9.37,10.52,9.55,5374511,7935957760.0,5.48,10.16
2014-11-11,中信证券,600030,9.76,10.09,9.37,9.55,9.43,6322146,9191442176.0,6.44,1.27
2014-11-10,中信证券,600030,9.37,9.5,9.07,9.43,9.0,5520756,7710405120.0,5.63,4.78
2014-11-07,中信证券,600030,8.67,9.44,8.64,9.0,8.61,6009049,8220935168.0,6.12,4.53
2014-11-06,中信证券,600030,8.66,8.71,8.5,8.61,8.68,1316118,1735214832.0,1.34,-0.81
2014-11-05,中信证券,600030,8.63,8.84,8.5,8.68,8.57,2352758,3125696336.0,2.4,1.28
2014-11-04,中信证券,600030,8.57,8.69,8.48,8.57,8.64,1410348,1853533904.0,1.44,-0.81
2014-11-03,中信证券,600030,8.76,8.85,8.58,8.64,8.69,2257093,3003175936.0,2.3,-0.58
2014-10-31,中信证券,600030,8.5,8.91,8.46,8.69,8.44,2983926,3958877488.0,3.04,2.96
2014-10-30,中信证券,600030,8.4,8.49,8.34,8.44,8.4,1203046,1558050720.0,1.23,0.48
2014-10-29,中信证券,600030,8.23,8.57,8.14,8.4,8.21,2065658,2665573264.0,2.1,2.31
2014-10-28,中信证券,600030,7.9,8.23,7.9,8.21,7.87,1416130,1774452944.0,1.44,4.32
2014-10-27,中信证券,600030,7.97,8.0,7.8,7.87,8.17,1335752,1650857280.0,1.36,-3.67
2014-10-24,中信证券,600030,8.3,8.33,8.13,8.17,8.29,1006127,1283376480.0,1.03,-1.45
2014-10-23,中信证券,600030,8.44,8.54,8.26,8.29,8.48,1357130,1754545824.0,1.38,-2.24
2014-10-22,中信证券,600030,8.61,8.72,8.46,8.48,8.61,1389407,1823836112.0,1.42,-1.51
2014-10-21,中信证券,600030,8.67,8.83,8.59,8.61,8.67,1465343,1949112944.0,1.49,-0.69
2014-10-20,中信证券,600030,8.73,8.76,8.61,8.67,8.71,1190124,1578668656.0,1.21,-0.46
2014-10-17,中信证券,600030,8.61,8.79,8.45,8.71,8.57,1622706,2144102128.0,1.65,1.63
2014-10-16,中信证券,600030,8.59,8.84,8.54,8.57,8.75,1572521,2089206464.0,1.6,-2.06
2014-10-15,中信证券,600030,8.44,8.81,8.42,8.75,8.44,1913557,2532755760.0,1.95,3.67
2014-10-14,中信证券,600030,8.45,8.61,8.4,8.44,8.53,1043181,1361659760.0,1.06,-1.06
2014-10-13,中信证券,600030,8.57,8.58,8.4,8.53,8.66,1160576,1510914272.0,1.18,-1.5
2014-10-10,中信证券,600030,8.72,8.84,8.63,8.66,8.79,1277500,1697474560.0,1.3,-1.48
2014-10-09,中信证券,600030,8.77,8.88,8.69,8.79,8.77,1205380,1613316048.0,1.23,0.23
2014-10-08,中信证券,600030,8.78,8.81,8.65,8.77,8.73,1244749,1657250784.0,1.27,0.46
2014-09-30,中信证券,600030,8.81,8.84,8.7,8.73,8.79,1051293,1402742992.0,1.07,-0.68
2014-09-29,中信证券,600030,8.75,8.89,8.65,8.79,8.7,1728034,2308688816.0,1.76,1.03
2014-09-26,中信证券,600030,8.67,8.75,8.61,8.7,8.72,1255030,1663233040.0,1.28,-0.23
2014-09-25,中信证券,600030,8.98,9.02,8.65,8.72,8.88,1719145,2313782000.0,1.75,-1.8
2014-09-24,中信证券,600030,8.44,9.03,8.41,8.88,8.5,2516776,3366014768.0,2.56,4.47
2014-09-23,中信证券,600030,8.31,8.57,8.3,8.5,8.31,924800,1201043936.0,0.94,2.29
2014-09-22,中信证券,600030,8.5,8.5,8.27,8.31,8.55,1001341,1291425520.0,1.02,-2.81
2014-09-19,中信证券,600030,8.48,8.58,8.41,8.55,8.44,711187,929564096.0,0.72,1.3
2014-09-18,中信证券,600030,8.36,8.62,8.28,8.44,8.39,932539,1211354576.0,0.95,0.6
2014-09-17,中信证券,600030,8.4,8.48,8.32,8.39,8.33,727429,940259920.0,0.74,0.72
2014-09-16,中信证券,600030,8.72,8.78,8.29,8.33,8.7,1588513,2084788800.0,1.62,-4.25
2014-09-15,中信证券,600030,8.78,8.78,8.57,8.7,8.78,1042881,1381063840.0,1.06,-0.91
2014-09-12,中信证券,600030,8.7,8.8,8.64,8.78,8.78,1000236,1330645696.0,1.02,0.0
2014-09-11,中信证券,600030,8.7,9.11,8.67,8.78,8.71,1685681,2271719744.0,1.72,0.8
2014-09-10,中信证券,600030,8.73,8.82,8.64,8.71,8.83,1065958,1418004048.0,1.09,-1.36
2014-09-09,中信证券,600030,9.01,9.01,8.77,8.83,9.0,1073653,1445851056.0,1.09,-1.89
2014-09-05,中信证券,600030,9.03,9.23,8.94,9.0,8.93,1979706,2714893120.0,2.02,0.78
2014-09-04,中信证券,600030,8.7,8.96,8.66,8.93,8.68,1737020,2328496224.0,1.77,2.88
2014-09-03,中信证券,600030,8.65,8.77,8.61,8.68,8.63,1430751,1898952368.0,1.46,0.58
2014-09-02,中信证券,600030,8.4,8.67,8.3,8.63,8.39,1646308,2145763776.0,1.68,2.86
2014-09-01,中信证券,600030,8.37,8.4,8.27,8.39,8.36,738579,950189888.0,0.75,0.36
2014-08-29,中信证券,600030,8.24,8.37,8.16,8.36,8.14,678038,866985984.0,0.69,2.7
2014-08-28,中信证券,600030,8.13,8.27,8.1,8.14,8.12,653876,829699936.0,0.67,0.25
2014-08-27,中信证券,600030,8.13,8.24,8.1,8.12,8.13,541799,685558192.0,0.55,-0.12
2014-08-26,中信证券,600030,8.26,8.33,8.06,8.13,8.27,955400,1212605168.0,0.97,-1.69
2014-08-25,中信证券,600030,8.45,8.45,8.22,8.27,8.44,928354,1190853184.0,0.95,-2.01
2014-08-22,中信证券,600030,8.3,8.5,8.27,8.44,8.32,1140403,1473032112.0,1.16,1.44
2014-08-21,中信证券,600030,8.54,8.57,8.24,8.32,8.54,1351696,1742303424.0,1.38,-2.58
2014-08-20,中信证券,600030,8.59,8.63,8.5,8.54,8.62,783121,1027630064.0,0.8,-0.93
2014-08-19,中信证券,600030,8.76,8.77,8.52,8.62,8.72,1023739,1352294864.0,1.04,-1.15
2014-08-18,中信证券,600030,8.8,8.87,8.62,8.72,8.73,1143598,1522296992.0,1.17,-0.11
2014-08-15,中信证券,600030,8.55,8.8,8.48,8.73,8.47,1350782,1791722464.0,1.38,3.07
2014-08-14,中信证券,600030,8.61,8.7,8.44,8.47,8.65,1196551,1592971584.0,1.22,-2.08
2014-08-13,中信证券,600030,8.52,8.77,8.44,8.65,8.52,1435192,1907932784.0,1.46,1.53
2014-08-12,中信证券,600030,8.58,8.61,8.46,8.52,8.64,997644,1321004112.0,1.02,-1.39
2014-08-11,中信证券,600030,8.41,8.74,8.39,8.64,8.37,1465560,1952722768.0,1.49,3.23
2014-08-08,中信证券,600030,8.41,8.49,8.27,8.37,8.39,1209606,1581303168.0,1.23,-0.24
2014-08-07,中信证券,600030,8.72,8.73,8.37,8.39,8.73,1534280,2028456624.0,1.56,-3.89
2014-08-06,中信证券,600030,8.7,8.84,8.57,8.73,8.7,1567576,2104685872.0,1.6,0.34
2014-08-05,中信证券,600030,8.84,8.84,8.59,8.7,8.85,1720335,2310809152.0,1.75,-1.69
2014-08-04,中信证券,600030,8.26,8.9,8.25,8.85,8.17,2724075,3638302224.0,2.78,8.32
2014-08-01,中信证券,600030,8.43,8.53,8.16,8.17,8.46,1297578,1691299856.0,1.32,-3.43
2014-07-31,中信证券,600030,8.34,8.47,8.28,8.46,8.34,1094938,1429344880.0,1.12,1.44
2014-07-30,中信证券,600030,8.5,8.63,8.28,8.34,8.44,1378278,1807332416.0,1.4,-1.18
2014-07-29,中信证券,600030,8.5,8.53,8.36,8.44,8.51,1341621,1760280576.0,1.37,-0.82
2014-07-28,中信证券,600030,8.07,8.76,8.07,8.51,8.03,3019636,3949592640.0,3.08,5.98
2014-07-25,中信证券,600030,7.91,8.04,7.78,8.03,7.9,1299558,1629315648.0,1.32,1.65
2014-07-24,中信证券,600030,7.57,7.97,7.57,7.9,7.56,2174368,2706946400.0,2.22,4.5
2014-07-23,中信证券,600030,7.45,7.66,7.41,7.56,7.45,1450407,1757207472.0,1.48,1.48
2014-07-22,中信证券,600030,7.34,7.5,7.25,7.45,7.24,1365050,1630900960.0,1.39,2.9
2014-07-21,中信证券,600030,7.3,7.34,7.16,7.24,7.32,639359,750850928.0,0.65,-1.09
2014-07-18,中信证券,600030,7.14,7.37,7.1,7.32,7.18,1084804,1280489744.0,1.11,1.95
2014-07-17,中信证券,600030,7.13,7.21,7.07,7.18,7.17,597915,694758272.0,0.61,0.14
2014-07-16,中信证券,600030,7.19,7.38,7.12,7.17,7.18,678016,796797984.0,0.69,-0.14
2014-07-15,中信证券,600030,7.17,7.24,7.11,7.18,7.2,601714,702864416.0,0.61,-0.28
2014-07-14,中信证券,600030,7.03,7.21,7.01,7.2,7.03,1132346,1316451648.0,1.15,2.42
2014-07-11,中信证券,600030,6.93,7.09,6.9,7.03,6.93,445137,511940832.0,0.45,1.44
2014-07-10,中信证券,600030,6.92,6.97,6.89,6.93,6.93,461613,525972000.0,0.47,0.0
2014-07-09,中信证券,600030,7.05,7.08,6.93,6.93,7.02,680492,780852976.0,0.69,-1.28
2014-07-08,中信证券,600030,7.02,7.06,6.93,7.02,7.01,455200,521870816.0,0.46,0.14
2014-07-07,中信证券,600030,7.06,7.1,6.99,7.01,7.06,385747,444511824.0,0.39,-0.71
2014-07-04,中信证券,600030,7.04,7.15,7.03,7.06,7.05,523209,605725568.0,0.53,0.14
2014-07-03,中信证券,600030,6.99,7.11,6.97,7.05,7.02,768784,887190960.0,0.78,0.43
2014-07-02,中信证券,600030,6.96,7.03,6.9,7.02,6.94,676554,774527440.0,0.69,1.15
2014-07-01,中信证券,600030,7.02,7.04,6.91,6.94,6.98,433305,494716256.0,0.44,-0.57
2014-06-30,中信证券,600030,6.97,7.05,6.94,6.98,6.95,583540,669372816.0,0.59,0.43
2014-06-27,中信证券,600030,6.93,6.97,6.85,6.95,6.93,444977,506808320.0,0.45,0.29
2014-06-26,中信证券,600030,6.83,6.98,6.83,6.93,6.82,572776,653931040.0,0.58,1.61
2014-06-25,中信证券,600030,6.9,6.9,6.78,6.82,6.91,312743,352774752.0,0.32,-1.3
2014-06-24,中信证券,600030,6.81,6.94,6.8,6.91,6.8,374488,424244016.0,0.38,1.62
2014-06-23,中信证券,600030,6.84,6.89,6.78,6.8,6.84,421417,475810416.0,0.43,-0.58
2014-06-20,中信证券,600030,6.78,6.85,6.73,6.84,6.78,472106,531339584.0,0.48,0.88
2014-06-19,中信证券,600030,6.98,7.05,6.74,6.78,6.98,643611,730118832.0,0.66,-2.87
2014-06-18,中信证券,600030,7.04,7.12,6.98,6.98,7.05,488895,563963728.0,0.5,-0.99
2014-06-17,中信证券,600030,7.1,7.15,7.01,7.05,7.15,570873,659204880.0,0.58,-1.4
2014-06-16,中信证券,600030,7.01,7.19,6.97,7.15,6.98,1074136,1245258320.0,1.09,2.44
2014-06-13,中信证券,600030,6.86,7.09,6.84,6.98,6.87,949416,1089887264.0,0.97,1.6
2014-06-12,中信证券,600030,6.9,6.95,6.84,6.87,6.9,440530,500410928.0,0.45,-0.43
2014-06-11,中信证券,600030,6.93,6.99,6.86,6.9,7.02,652214,743204736.0,0.66,-1.71
2014-06-10,中信证券,600030,6.79,7.04,6.73,7.02,6.74,1209674,1378379008.0,1.23,4.15
2014-06-09,中信证券,600030,6.77,6.91,6.7,6.74,6.84,565837,636375536.0,0.58,-1.46
2014-06-06,中信证券,600030,6.94,6.95,6.76,6.84,6.94,592651,669358320.0,0.6,-1.44
2014-06-05,中信证券,600030,6.79,6.96,6.76,6.94,6.81,521452,590286592.0,0.53,1.91
2014-06-04,中信证券,600030,6.85,6.85,6.73,6.81,6.85,461481,517820432.0,0.47,-0.58
2014-06-03,中信证券,600030,6.86,7.04,6.84,6.85,6.86,588470,671066704.0,0.6,-0.15
2014-05-30,中信证券,600030,6.84,7.01,6.78,6.86,6.84,600149,681375456.0,0.61,0.29
2014-05-29,中信证券,600030,6.97,7.04,6.83,6.84,7.0,620734,707492144.0,0.63,-2.29
2014-05-28,中信证券,600030,6.76,7.06,6.69,7.0,6.74,951972,1083479344.0,0.97,3.86
2014-05-27,中信证券,600030,6.9,6.92,6.73,6.74,6.91,547936,618027600.0,0.56,-2.46
2014-05-26,中信证券,600030,6.97,7.01,6.84,6.91,6.95,558651,634499504.0,0.57,-0.58
2014-05-23,中信证券,600030,6.79,6.96,6.77,6.95,6.79,533327,604410400.0,0.54,2.36
2014-05-22,中信证券,600030,6.82,7.02,6.76,6.79,6.82,736259,836577760.0,0.75,-0.44
2014-05-21,中信证券,600030,6.63,6.84,6.6,6.82,6.73,574315,641969168.0,0.59,1.34
2014-05-20,中信证券,600030,6.72,6.78,6.63,6.73,6.64,488143,543666912.0,0.5,1.36
2014-05-19,中信证券,600030,6.77,6.78,6.58,6.64,6.88,927526,1027255568.0,0.95,-3.49
2014-05-16,中信证券,600030,7.14,7.18,6.84,6.88,7.13,899427,1029966368.0,0.92,-3.51
2014-05-15,中信证券,600030,7.38,7.42,7.05,7.13,7.38,854824,1002787776.0,0.87,-3.39
2014-05-14,中信证券,600030,7.37,7.47,7.29,7.38,7.32,785588,935994352.0,0.8,0.82
2014-05-13,中信证券,600030,7.39,7.45,7.28,7.32,7.44,803944,955871360.0,0.82,-1.61
2014-05-12,中信证券,600030,7.28,7.54,7.15,7.44,7.04,1697772,2020857360.0,1.73,5.68
2014-05-09,中信证券,600030,6.97,7.16,6.94,7.04,6.98,795982,917780144.0,0.81,0.86
2014-05-08,中信证券,600030,6.91,7.24,6.81,6.98,6.94,912762,1052842704.0,0.93,0.58
2014-05-07,中信证券,600030,6.93,7.06,6.9,6.94,6.97,630201,721281392.0,0.64,-0.43
2014-05-06,中信证券,600030,6.96,7.09,6.93,6.97,7.04,558674,640850192.0,0.57,-0.99
2014-05-05,中信证券,600030,6.89,7.07,6.77,7.04,6.92,619173,703265520.0,0.63,1.73
2014-04-30,中信证券,600030,6.95,6.97,6.82,6.92,6.96,631741,719100896.0,0.64,-0.57
2014-04-29,中信证券,600030,6.7,6.97,6.57,6.96,6.73,908124,1019528800.0,0.93,3.42
2014-04-28,中信证券,600030,6.77,6.86,6.63,6.73,6.77,808898,903050336.0,0.82,-0.59
2014-04-25,中信证券,600030,6.99,7.05,6.75,6.77,6.97,727501,827968544.0,0.74,-2.87
2014-04-24,中信证券,600030,6.9,7.05,6.89,6.97,6.96,647864,740662192.0,0.66,0.14
2014-04-23,中信证券,600030,6.93,7.05,6.85,6.96,7.01,825191,942314112.0,0.84,-0.71
2014-04-22,中信证券,600030,6.88,7.02,6.69,7.01,6.93,1234357,1400617888.0,1.26,1.15
2014-04-21,中信证券,600030,7.29,7.4,6.9,6.93,7.33,1187890,1386236288.0,1.21,-5.46
2014-04-18,中信证券,600030,7.17,7.39,7.1,7.33,7.25,1024666,1207549408.0,1.04,1.1
2014-04-17,中信证券,600030,7.36,7.41,7.19,7.25,7.25,1083474,1282167184.0,1.1,0.0
2014-04-16,中信证券,600030,7.16,7.43,7.15,7.25,7.2,1267725,1496462736.0,1.29,0.69
2014-04-15,中信证券,600030,7.48,7.5,7.19,7.2,7.58,1726238,2043416560.0,1.76,-5.01
2014-04-14,中信证券,600030,7.57,7.71,7.43,7.58,7.65,1615249,1952076672.0,1.65,-0.92
2014-04-11,中信证券,600030,7.71,8.05,7.6,7.65,7.7,4232957,5240655872.0,4.31,-0.65
2014-04-10,中信证券,600030,6.76,7.72,6.68,7.7,6.75,4596215,5497219840.0,4.68,14.07
2014-04-09,中信证券,600030,6.84,6.87,6.68,6.75,6.82,728937,816319888.0,0.74,-1.03
2014-04-08,中信证券,600030,6.5,6.86,6.46,6.82,6.5,1651243,1843100688.0,1.68,4.92
2014-04-04,中信证券,600030,6.34,6.52,6.32,6.5,6.39,490885,531249280.0,0.5,1.72
2014-04-03,中信证券,600030,6.45,6.64,6.38,6.39,6.39,952050,1040594688.0,0.97,0.0
2014-04-02,中信证券,600030,6.35,6.41,6.27,6.39,6.33,503833,541176768.0,0.51,0.95
2014-04-01,中信证券,600030,6.19,6.36,6.16,6.33,6.17,455021,484969856.0,0.46,2.59
2014-03-31,中信证券,600030,6.3,6.34,6.12,6.17,6.29,520480,550290960.0,0.53,-1.91
2014-03-28,中信证券,600030,6.23,6.39,6.17,6.29,6.18,813172,868628832.0,0.83,1.78
2014-03-27,中信证券,600030,6.32,6.44,6.1,6.18,6.25,900950,957780704.0,0.92,-1.12
2014-03-26,中信证券,600030,6.5,6.54,6.24,6.25,6.37,692721,742565440.0,0.71,-1.88
2014-03-25,中信证券,600030,6.32,6.5,6.28,6.37,6.37,962041,1038585200.0,0.98,0.0
2014-03-24,中信证券,600030,6.24,6.53,6.17,6.37,6.2,1456539,1560062208.0,1.48,2.74
2014-03-21,中信证券,600030,5.72,6.24,5.69,6.2,5.76,1235998,1278943728.0,1.26,7.64
2014-03-20,中信证券,600030,5.79,5.92,5.75,5.76,5.81,466014,472723216.0,0.47,-0.86
2014-03-19,中信证券,600030,5.88,5.9,5.76,5.81,5.9,489178,493638080.0,0.5,-1.53
2014-03-18,中信证券,600030,5.97,6.01,5.9,5.9,5.96,398729,409036160.0,0.41,-1.01
2014-03-17,中信证券,600030,5.97,6.03,5.85,5.96,5.91,451834,462270000.0,0.46,0.85
2014-03-14,中信证券,600030,5.89,6.04,5.84,5.91,5.97,572837,585793040.0,0.58,-1.01
2014-03-13,中信证券,600030,5.85,6.09,5.84,5.97,5.81,759037,781733744.0,0.77,2.75
2014-03-12,中信证券,600030,5.82,5.89,5.71,5.81,5.87,737089,744094544.0,0.75,-1.02
2014-03-11,中信证券,600030,5.82,5.9,5.71,5.87,5.82,745189,752441328.0,0.76,0.86
2014-03-10,中信证券,600030,6.04,6.07,5.79,5.82,6.17,872513,894258592.0,0.89,-5.67
2014-03-07,中信证券,600030,6.22,6.37,6.15,6.17,6.28,742645,788821504.0,0.76,-1.75
2014-03-06,中信证券,600030,6.25,6.34,6.1,6.28,6.26,849700,900621536.0,0.87,0.32
2014-03-05,中信证券,600030,6.3,6.37,6.16,6.26,6.28,698808,743654400.0,0.71,-0.32
2014-03-04,中信证券,600030,6.24,6.37,6.23,6.28,6.28,863908,920644512.0,0.88,0.0
2014-03-03,中信证券,600030,6.35,6.37,6.2,6.28,6.44,908897,967576480.0,0.93,-2.48
2014-02-28,中信证券,600030,6.11,6.48,6.04,6.44,6.1,1271052,1354110528.0,1.3,5.57
2014-02-27,中信证券,600030,6.14,6.22,6.0,6.1,6.06,788984,823706464.0,0.8,0.66
2014-02-26,中信证券,600030,6.15,6.17,5.9,6.06,6.17,991142,1028362176.0,1.01,-1.78
2014-02-25,中信证券,600030,6.35,6.41,6.14,6.17,6.31,959880,1018527616.0,0.98,-2.22
2014-02-24,中信证券,600030,6.5,6.5,6.24,6.31,6.57,1077290,1152963200.0,1.1,-3.96
2014-02-21,中信证券,600030,6.67,6.7,6.49,6.57,6.71,1112036,1224215344.0,1.13,-2.09
2014-02-20,中信证券,600030,6.99,7.12,6.69,6.71,7.01,1294634,1469235712.0,1.32,-4.28
2014-02-19,中信证券,600030,7.01,7.12,6.84,7.01,7.02,1297533,1483239632.0,1.32,-0.14
2014-02-18,中信证券,600030,7.37,7.37,6.97,7.02,7.37,1275370,1477416464.0,1.3,-4.75
2014-02-17,中信证券,600030,7.44,7.49,7.3,7.37,7.34,787782,936319808.0,0.8,0.41
2014-02-14,中信证券,600030,7.32,7.41,7.28,7.34,7.34,520423,616708896.0,0.53,0.0
2014-02-13,中信证券,600030,7.37,7.5,7.24,7.34,7.38,804669,956610928.0,0.82,-0.54
2014-02-12,中信证券,600030,7.41,7.58,7.33,7.38,7.4,792142,946880064.0,0.81,-0.27
2014-02-11,中信证券,600030,7.28,7.58,7.21,7.4,7.3,1219995,1458463152.0,1.24,1.37
2014-02-10,中信证券,600030,7.04,7.33,7.04,7.3,7.0,808083,949119056.0,0.82,4.29
2014-02-07,中信证券,600030,6.93,7.03,6.88,7.0,7.09,713618,815642336.0,0.73,-1.27
2014-01-30,中信证券,600030,7.12,7.16,7.05,7.09,7.17,413488,479837296.0,0.42,-1.12
2014-01-29,中信证券,600030,7.16,7.18,7.06,7.17,7.1,511523,595515488.0,0.52,0.99
2014-01-28,中信证券,600030,7.15,7.22,7.03,7.1,7.07,497851,577282624.0,0.51,0.42
2014-01-27,中信证券,600030,7.32,7.37,7.04,7.07,7.42,958085,1116084816.0,0.98,-4.72
2014-01-24,中信证券,600030,7.31,7.55,7.3,7.42,7.37,721828,866175872.0,0.74,0.68
2014-01-23,中信证券,600030,7.5,7.53,7.3,7.37,7.52,724091,864779136.0,0.74,-1.99
2014-01-22,中信证券,600030,7.28,7.56,7.22,7.52,7.2,964499,1155764608.0,0.98,4.44
2014-01-21,中信证券,600030,7.06,7.35,7.06,7.2,7.03,616707,723617184.0,0.63,2.42
2014-01-20,中信证券,600030,7.06,7.16,6.98,7.03,7.15,382185,441567392.0,0.39,-1.68
2014-01-17,中信证券,600030,7.04,7.17,6.89,7.15,7.07,798347,916384032.0,0.81,1.13
2014-01-16,中信证券,600030,7.0,7.21,6.92,7.07,6.98,621323,720186416.0,0.63,1.29
2014-01-15,中信证券,600030,7.08,7.09,6.88,6.98,7.09,470188,538306832.0,0.48,-1.55
2014-01-14,中信证券,600030,6.96,7.14,6.9,7.09,6.95,445779,513250304.0,0.45,2.01
2014-01-13,中信证券,600030,7.02,7.14,6.9,6.95,7.04,551523,632531520.0,0.56,-1.28
2014-01-10,中信证券,600030,7.26,7.3,7.02,7.04,7.3,759610,882822752.0,0.77,-3.56
2014-01-09,中信证券,600030,7.45,7.55,7.29,7.3,7.52,694232,831226448.0,0.71,-2.93
2014-01-08,中信证券,600030,7.55,7.67,7.42,7.52,7.49,755164,912001968.0,0.77,0.4
2014-01-07,中信证券,600030,7.5,7.58,7.43,7.49,7.65,451628,543938752.0,0.46,-2.09
2014-01-06,中信证券,600030,7.63,7.67,7.33,7.65,7.65,1048667,1259462640.0,1.07,0.0
2014-01-03,中信证券,600030,7.89,7.89,7.63,7.65,7.97,840376,1032334576.0,0.86,-4.02
2014-01-02,中信证券,600030,7.98,8.05,7.87,7.97,8.1,678216,852322080.0,0.69,-1.6
2013-12-31,中信证券,600030,7.71,8.15,7.66,8.1,7.75,1460807,1835939248.0,1.49,4.52
2013-12-30,中信证券,600030,7.92,7.94,7.73,7.75,7.81,894530,1112600576.0,0.91,-0.77
2013-12-27,中信证券,600030,7.64,7.85,7.61,7.81,7.66,1063412,1315903360.0,1.08,1.96
2013-12-26,中信证券,600030,7.8,7.81,7.54,7.66,7.85,761345,930677840.0,0.78,-2.42
2013-12-25,中信证券,600030,7.75,7.9,7.7,7.85,7.73,686430,851201584.0,0.7,1.55
2013-12-24,中信证券,600030,7.76,7.86,7.59,7.73,7.7,511125,630710480.0,0.52,0.39
2013-12-23,中信证券,600030,7.71,7.85,7.57,7.7,7.67,640909,788047456.0,0.65,0.39
2013-12-20,中信证券,600030,7.97,8.03,7.57,7.67,7.97,1005523,1239015616.0,1.02,-3.76
2013-12-19,中信证券,600030,8.03,8.14,7.9,7.97,7.97,585071,741545296.0,0.6,0.0
2013-12-18,中信证券,600030,7.84,8.04,7.83,7.97,7.89,474191,597002896.0,0.48,1.01
2013-12-17,中信证券,600030,7.87,7.97,7.78,7.89,7.84,534732,668365952.0,0.54,0.64
2013-12-16,中信证券,600030,8.1,8.15,7.79,7.84,8.07,865792,1084796208.0,0.88,-2.85
2013-12-13,中信证券,600030,7.84,8.12,7.81,8.07,7.98,674645,853081312.0,0.69,1.13
2013-12-12,中信证券,600030,7.99,8.09,7.87,7.98,8.04,737579,929903264.0,0.75,-0.75
2013-12-11,中信证券,600030,8.32,8.35,7.89,8.04,8.44,1364159,1732272928.0,1.39,-4.74
2013-12-10,中信证券,600030,8.37,8.54,8.37,8.44,8.37,744398,979661504.0,0.76,0.84
2013-12-09,中信证券,600030,8.42,8.6,8.32,8.37,8.41,894642,1176954528.0,0.91,-0.48
2013-12-06,中信证券,600030,8.63,8.67,8.28,8.41,8.71,2108873,2756362928.0,2.15,-3.44
2013-12-05,中信证券,600030,8.66,8.83,8.57,8.71,8.65,1037601,1396520400.0,1.06,0.69
2013-12-04,中信证券,600030,8.67,8.91,8.61,8.65,8.67,1395371,1883749280.0,1.42,-0.23
2013-12-03,中信证券,600030,8.67,8.76,8.5,8.67,8.81,1337739,1785323568.0,1.36,-1.59
2013-12-02,中信证券,600030,8.63,9.05,8.37,8.81,8.24,4017281,5404420352.0,4.09,6.92
2013-11-29,中信证券,600030,8.21,8.27,8.11,8.24,8.18,869590,1117006064.0,0.89,0.73
2013-11-28,中信证券,600030,8.21,8.44,8.14,8.18,8.24,1678836,2173811408.0,1.71,-0.73
2013-11-27,中信证券,600030,7.89,8.31,7.86,8.24,7.9,2015663,2577532960.0,2.05,4.3
2013-11-26,中信证券,600030,7.9,8.17,7.84,7.9,7.93,1114300,1403133024.0,1.14,-0.38
2013-11-25,中信证券,600030,7.89,8.37,7.82,7.93,8.04,1639714,2096004224.0,1.67,-1.37
2013-11-22,中信证券,600030,8.05,8.26,7.91,8.04,7.94,2124268,2708012784.0,2.16,1.26
2013-11-21,中信证券,600030,8.06,8.06,7.72,7.94,8.17,1985403,2486152384.0,2.02,-2.82
2013-11-20,中信证券,600030,8.22,8.28,7.95,8.17,8.1,1913982,2438066112.0,1.95,0.86
2013-11-19,中信证券,600030,8.17,8.19,7.95,8.1,8.07,2589445,3288400224.0,2.64,0.37
2013-11-18,中信证券,600030,7.34,8.07,7.21,8.07,7.06,4049204,4984694272.0,4.13,14.31
2013-11-15,中信证券,600030,6.57,7.32,6.52,7.06,6.5,1619913,1873428928.0,1.65,8.62
2013-11-14,中信证券,600030,6.43,6.53,6.37,6.5,6.41,385088,418346448.0,0.39,1.4
2013-11-13,中信证券,600030,6.65,6.7,6.41,6.41,6.77,656055,717597232.0,0.67,-5.32
2013-11-12,中信证券,600030,6.65,6.81,6.63,6.77,6.61,524162,585923744.0,0.53,2.42
2013-11-11,中信证券,600030,6.64,6.7,6.48,6.61,6.64,497690,547703920.0,0.51,-0.45
2013-11-08,中信证券,600030,6.98,7.09,6.5,6.64,7.01,849635,953648048.0,0.87,-5.28
2013-11-07,中信证券,600030,7.09,7.17,6.97,7.01,7.08,454357,525090528.0,0.46,-0.99
2013-11-06,中信证券,600030,7.28,7.35,7.07,7.08,7.31,565921,662846256.0,0.58,-3.15
2013-11-05,中信证券,600030,7.3,7.37,7.14,7.31,7.37,547049,643618704.0,0.56,-0.81
2013-11-04,中信证券,600030,7.5,7.54,7.3,7.37,7.44,408063,486716496.0,0.42,-0.94
2013-11-01,中信证券,600030,7.35,7.5,7.29,7.44,7.32,669856,801778224.0,0.68,1.64
2013-10-31,中信证券,600030,7.54,7.55,7.3,7.32,7.54,661621,789795616.0,0.67,-2.92
2013-10-30,中信证券,600030,7.43,7.56,7.31,7.54,7.48,904690,1082581232.0,0.92,0.8
2013-10-29,中信证券,600030,7.24,7.51,7.06,7.48,7.2,1095402,1296250352.0,1.12,3.89
2013-10-28,中信证券,600030,7.16,7.25,7.1,7.2,7.14,521975,610793440.0,0.53,0.84
2013-10-25,中信证券,600030,7.3,7.41,7.06,7.14,7.3,901829,1060449456.0,0.92,-2.19
2013-10-24,中信证券,600030,7.44,7.45,7.26,7.3,7.5,615426,730878576.0,0.63,-2.67
2013-10-23,中信证券,600030,7.58,7.78,7.5,7.5,7.51,929363,1133725040.0,0.95,-0.13
2013-10-22,中信证券,600030,7.71,7.71,7.48,7.51,7.64,823798,1002431760.0,0.84,-1.7
2013-10-21,中信证券,600030,7.52,7.68,7.33,7.64,7.45,1300499,1572646512.0,1.33,2.55
2013-10-18,中信证券,600030,7.28,7.66,7.27,7.45,7.29,1093925,1318933632.0,1.11,2.19
2013-10-17,中信证券,600030,7.48,7.51,7.24,7.29,7.37,920340,1094869904.0,0.94,-1.09
2013-10-16,中信证券,600030,7.63,7.64,7.25,7.37,7.67,852051,1021854752.0,0.87,-3.91
2013-10-15,中信证券,600030,7.63,7.68,7.53,7.67,7.57,802113,976751392.0,0.82,1.32
2013-10-14,中信证券,600030,7.71,7.71,7.5,7.57,7.71,815066,990600480.0,0.83,-1.82
2013-10-11,中信证券,600030,7.61,7.78,7.5,7.71,7.5,1093503,1337247824.0,1.11,2.8
2013-10-10,中信证券,600030,7.93,7.94,7.46,7.5,7.9,1154048,1406760240.0,1.18,-5.06
2013-10-09,中信证券,600030,7.78,8.01,7.7,7.9,7.82,876084,1092675216.0,0.89,1.02
2013-10-08,中信证券,600030,7.64,7.91,7.49,7.82,7.7,1035069,1273428400.0,1.05,1.56
2013-09-30,中信证券,600030,7.79,7.85,7.64,7.7,7.77,612937,753353232.0,0.62,-0.9
2013-09-27,中信证券,600030,7.57,7.79,7.49,7.77,7.47,947216,1157439408.0,0.97,4.02
2013-09-26,中信证券,600030,7.69,7.7,7.45,7.47,7.68,836610,1010341312.0,0.85,-2.73
2013-09-25,中信证券,600030,7.66,7.92,7.59,7.68,7.67,974568,1200813152.0,0.99,0.13
2013-09-24,中信证券,600030,8.08,8.09,7.56,7.67,8.12,1650804,2033974896.0,1.68,-5.54
2013-09-23,中信证券,600030,8.13,8.17,7.96,8.12,8.14,1031592,1311020768.0,1.05,-0.25
2013-09-18,中信证券,600030,7.89,8.16,7.72,8.14,7.94,1343672,1690392512.0,1.37,2.52
2013-09-17,中信证券,600030,8.12,8.19,7.89,7.94,8.19,1394238,1763393840.0,1.42,-3.05
2013-09-16,中信证券,600030,8.57,8.57,7.98,8.19,8.51,2284893,2931728416.0,2.33,-3.76
2013-09-13,中信证券,600030,8.7,8.75,8.36,8.51,8.81,2176261,2881589168.0,2.22,-3.41
2013-09-12,中信证券,600030,8.67,9.06,8.45,8.81,8.47,3574645,4824712448.0,3.64,4.01
2013-09-11,中信证券,600030,8.92,8.93,8.38,8.47,8.36,4232911,5671850240.0,4.31,1.32
2013-09-10,中信证券,600030,7.42,8.36,7.39,8.36,7.32,3682603,4561573632.0,3.75,14.21
2013-09-09,中信证券,600030,6.74,7.45,6.69,7.32,6.64,2648730,3076779104.0,2.7,10.24
2013-09-06,中信证券,600030,6.58,6.76,6.58,6.64,6.63,726292,803818944.0,0.74,0.15
2013-09-05,中信证券,600030,6.67,6.74,6.61,6.63,6.66,449187,498745360.0,0.46,-0.45
2013-09-04,中信证券,600030,6.72,6.77,6.64,6.66,6.74,586899,652772784.0,0.6,-1.19
2013-09-03,中信证券,600030,6.7,6.76,6.6,6.74,6.64,887542,988114880.0,0.9,1.51
2013-09-02,中信证券,600030,6.61,6.71,6.5,6.64,6.61,598313,660853328.0,0.61,0.45
2013-08-30,中信证券,600030,6.57,6.76,6.45,6.61,6.58,1006744,1113393696.0,1.03,0.46
2013-08-29,中信证券,600030,6.74,6.79,6.53,6.58,6.55,724297,802355568.0,0.74,0.46
2013-08-28,中信证券,600030,6.59,6.67,6.51,6.55,6.71,696403,766287440.0,0.71,-2.38
2013-08-27,中信证券,600030,6.58,6.79,6.56,6.71,6.64,862356,955635520.0,0.88,1.05
2013-08-26,中信证券,600030,6.34,6.7,6.29,6.64,6.16,1412131,1538931328.0,1.44,7.79
2013-08-23,中信证券,600030,6.32,6.35,5.97,6.16,6.26,730415,769341200.0,0.74,-1.6
2013-08-22,中信证券,600030,6.3,6.42,6.24,6.26,6.34,690113,737884912.0,0.7,-1.26
2013-08-21,中信证券,600030,6.3,6.39,6.21,6.34,6.27,624570,666998448.0,0.64,1.12
2013-08-20,中信证券,600030,6.41,6.57,6.24,6.27,6.48,1244619,1341464848.0,1.27,-3.24
2013-08-19,中信证券,600030,6.37,6.56,6.15,6.48,6.59,1446178,1551642624.0,1.47,-1.67
2013-08-16,中信证券,600030,6.64,7.69,6.57,6.59,6.71,2784981,3197063120.0,2.84,-1.79
2013-08-15,中信证券,600030,6.78,7.02,6.7,6.71,6.78,695127,785835616.0,0.71,-1.03
2013-08-14,中信证券,600030,6.89,7.03,6.73,6.78,6.87,767137,871300016.0,0.78,-1.31
2013-08-13,中信证券,600030,6.88,6.97,6.79,6.87,6.84,925384,1049208768.0,0.94,0.44
2013-08-12,中信证券,600030,6.5,6.84,6.5,6.84,6.47,1304903,1456180720.0,1.33,5.72
2013-08-09,中信证券,600030,6.41,6.54,6.28,6.47,6.33,675196,730592720.0,0.69,2.21
2013-08-08,中信证券,600030,6.43,6.5,6.24,6.33,6.43,566976,608268592.0,0.58,-1.56
2013-08-07,中信证券,600030,6.47,6.7,6.35,6.43,6.47,1016121,1141878128.0,1.04,-0.62
2013-08-06,中信证券,600030,6.36,6.54,6.25,6.47,6.39,776258,858895328.0,0.79,1.25
2013-08-05,中信证券,600030,6.23,6.39,6.19,6.39,6.27,564222,620474016.0,0.57,1.91
2013-08-02,中信证券,600030,6.37,6.44,6.17,6.27,6.3,820464,900155120.0,0.84,-0.48
2013-08-01,中信证券,600030,6.13,6.37,6.01,6.3,6.02,916795,998128944.0,0.93,4.65
2013-07-31,中信证券,600030,6.19,6.29,5.98,6.02,5.95,604441,653000944.0,0.62,1.18
2013-07-30,中信证券,600030,5.87,6.17,5.75,5.95,5.77,623607,661289488.0,0.64,3.12
2013-07-29,中信证券,600030,5.87,5.95,5.75,5.77,6.03,535032,558583680.0,0.55,-4.31
2013-07-26,中信证券,600030,6.04,6.18,5.96,6.03,6.11,476406,510460064.0,0.49,-1.31
2013-07-25,中信证券,600030,6.21,6.3,6.06,6.11,6.14,735299,796746048.0,0.75,-0.49
2013-07-24,中信证券,600030,6.1,6.23,5.9,6.14,6.2,805012,861059264.0,0.82,-0.97
2013-07-23,中信证券,600030,5.78,6.28,5.74,6.2,5.73,1070191,1148607504.0,1.09,8.2
2013-07-22,中信证券,600030,5.51,5.79,5.46,5.73,5.56,578703,594092656.0,0.59,3.06
2013-07-19,中信证券,600030,5.79,5.93,5.55,5.56,5.76,715256,739505264.0,0.73,-3.47
2013-07-18,中信证券,600030,5.93,6.08,5.73,5.76,6.01,809814,847196144.0,0.83,-4.16
2013-07-17,中信证券,600030,6.25,6.4,5.97,6.01,6.3,927698,1004182960.0,0.95,-4.6
2013-07-16,中信证券,600030,6.24,6.3,6.1,6.3,6.29,801963,871656528.0,0.82,0.16
2013-07-15,中信证券,600030,6.15,6.57,6.02,6.29,5.92,1518316,1668553136.0,1.55,6.25
2013-07-12,中信证券,600030,6.2,6.37,5.89,5.92,6.33,1161150,1256550928.0,1.18,-6.48
2013-07-11,中信证券,600030,5.67,6.49,5.6,6.33,5.63,2051918,2206178816.0,2.09,12.43
2013-07-10,中信证券,600030,5.37,5.65,5.29,5.63,5.34,985457,992672592.0,1.0,5.43
2013-07-09,中信证券,600030,5.33,5.48,5.31,5.34,5.31,424399,420634560.0,0.43,0.56
2013-07-08,中信证券,600030,5.4,5.52,5.28,5.31,5.53,578769,573523776.0,0.59,-3.98
2013-07-05,中信证券,600030,5.54,5.68,5.5,5.53,5.5,645966,655699648.0,0.66,0.55
2013-07-04,中信证券,600030,5.35,5.68,5.25,5.5,5.43,895532,898804464.0,0.91,1.29
2013-07-03,中信证券,600030,5.56,5.56,5.35,5.43,5.62,699971,698010256.0,0.71,-3.38
2013-07-02,中信证券,600030,5.62,5.74,5.44,5.62,5.61,669520,678883648.0,0.68,0.18
2013-07-01,中信证券,600030,5.7,5.7,5.43,5.61,5.57,659290,668145616.0,0.67,0.72
2013-06-28,中信证券,600030,5.3,5.84,5.24,5.57,5.31,1180578,1196763712.0,1.2,4.9
2013-06-27,中信证券,600030,5.5,5.64,5.24,5.31,5.44,891609,891176624.0,0.91,-2.39
2013-06-26,中信证券,600030,5.47,5.55,5.3,5.44,5.45,881361,878545488.0,0.9,-0.18
2013-06-25,中信证券,600030,5.5,5.65,4.84,5.45,5.53,1554332,1531345392.0,1.58,-1.45
2013-06-24,中信证券,600030,6.28,6.3,5.51,5.53,6.37,1334536,1394820672.0,1.36,-13.19
2013-06-21,中信证券,600030,5.97,6.39,5.92,6.37,6.17,948995,1029984304.0,0.97,3.24
2013-06-20,中信证券,600030,6.36,6.36,6.13,6.17,6.45,709131,773270240.0,0.72,-4.34
2013-06-19,中信证券,600030,6.45,6.49,6.13,6.45,6.51,877491,965029136.0,0.89,-0.92
2013-06-18,中信证券,600030,6.5,6.58,6.39,6.51,6.43,519807,582885488.0,0.53,1.24
2013-06-17,中信证券,600030,6.64,6.67,6.34,6.43,6.62,748510,836007200.0,0.76,-2.87
2013-06-14,中信证券,600030,6.68,6.73,6.53,6.62,6.63,903340,1022386000.0,0.92,-0.15
2013-06-13,中信证券,600030,7.09,7.09,6.42,6.63,7.3,1402090,1608492144.0,1.43,-9.18
2013-06-07,中信证券,600030,7.72,7.84,7.2,7.3,7.82,1603079,1978007824.0,1.63,-6.65
2013-06-06,中信证券,600030,7.89,7.97,7.78,7.82,7.96,609240,779768192.0,0.62,-1.76
2013-06-05,中信证券,600030,7.89,7.96,7.86,7.96,7.84,647033,829914752.0,0.66,1.53
2013-06-04,中信证券,600030,8.04,8.04,7.8,7.84,8.05,801066,1024981104.0,0.82,-2.61
2013-06-03,中信证券,600030,8.05,8.26,7.99,8.05,8.05,789118,1029561328.0,0.8,0.0
2013-05-31,中信证券,600030,8.29,8.37,8.04,8.05,8.24,802066,1055910528.0,0.82,-2.31
2013-05-30,中信证券,600030,8.16,8.44,8.12,8.24,8.19,1133280,1506396848.0,1.15,0.61
2013-05-29,中信证券,600030,8.32,8.36,8.18,8.19,8.28,1294557,1713390624.0,1.32,-1.09
2013-05-28,中信证券,600030,7.96,8.3,7.92,8.28,7.94,1723544,2251353216.0,1.76,4.28
2013-05-27,中信证券,600030,7.76,8.04,7.72,7.94,7.78,878150,1129120608.0,0.89,2.06
2013-05-24,中信证券,600030,7.78,7.86,7.63,7.78,7.68,653418,826812896.0,0.67,1.3
2013-05-23,中信证券,600030,7.87,7.95,7.66,7.68,7.93,909665,1155306384.0,0.93,-3.15
2013-05-22,中信证券,600030,7.97,8.12,7.86,7.93,7.89,870567,1124775312.0,0.89,0.51
2013-05-21,中信证券,600030,7.97,8.01,7.79,7.89,8.01,910425,1164935200.0,0.93,-1.5
2013-05-20,中信证券,600030,7.9,8.14,7.82,8.01,7.88,1362297,1761510656.0,1.39,1.65
2013-05-17,中信证券,600030,7.69,7.94,7.61,7.88,7.71,1117599,1417313488.0,1.14,2.2
2013-05-16,中信证券,600030,7.39,7.78,7.3,7.71,7.43,993513,1238255792.0,1.01,3.77
2013-05-15,中信证券,600030,7.38,7.47,7.32,7.43,7.37,556146,680208752.0,0.57,0.81
2013-05-14,中信证券,600030,7.54,7.55,7.3,7.37,7.57,755685,923286464.0,0.77,-2.64
2013-05-13,中信证券,600030,7.79,7.8,7.45,7.57,7.75,782074,973457616.0,0.8,-2.32
2013-05-10,中信证券,600030,7.64,7.85,7.64,7.75,7.75,530338,670673872.0,0.54,0.0
2013-05-09,中信证券,600030,7.78,7.82,7.59,7.75,7.82,712074,896177200.0,0.73,-0.9
2013-05-08,中信证券,600030,7.9,7.98,7.67,7.82,7.9,983182,1247206144.0,1.0,-1.01
2013-05-07,中信证券,600030,8.01,8.01,7.74,7.9,8.03,871596,1111958768.0,0.89,-1.62
2013-05-06,中信证券,600030,8.04,8.14,7.91,8.03,7.94,917628,1189906000.0,0.93,1.13
2013-05-03,中信证券,600030,7.73,8.17,7.72,7.94,7.61,1217908,1572104912.0,1.24,4.34
2013-05-02,中信证券,600030,7.47,7.68,7.37,7.61,7.56,673785,838046528.0,0.69,0.66
2013-04-26,中信证券,600030,7.67,7.79,7.5,7.56,7.64,661987,827319344.0,0.67,-1.05
2013-04-25,中信证券,600030,7.64,7.95,7.5,7.64,7.72,955566,1205188736.0,0.97,-1.04
2013-04-24,中信证券,600030,7.38,7.87,7.26,7.72,7.33,1084689,1349010080.0,1.11,5.32
2013-04-23,中信证券,600030,7.8,7.84,7.26,7.33,7.88,1089032,1344060624.0,1.11,-6.98
2013-04-22,中信证券,600030,7.84,7.93,7.77,7.88,7.9,821111,1047222112.0,0.84,-0.25
2013-04-19,中信证券,600030,7.35,8.02,7.35,7.9,7.32,2006175,2536150544.0,2.04,7.92
2013-04-18,中信证券,600030,7.18,7.48,7.08,7.32,7.25,673147,817293616.0,0.69,0.97
2013-04-17,中信证券,600030,7.28,7.4,7.11,7.25,7.33,716244,865692560.0,0.73,-1.09
2013-04-16,中信证券,600030,6.83,7.48,6.76,7.33,6.91,1136462,1357500224.0,1.16,6.08
2013-04-15,中信证券,600030,6.89,7.03,6.76,6.91,6.95,611244,713149840.0,0.62,-0.58
2013-04-12,中信证券,600030,7.16,7.24,6.91,6.95,7.15,662690,783796400.0,0.68,-2.8
2013-04-11,中信证券,600030,7.37,7.43,7.1,7.15,7.2,598893,720944640.0,0.61,-0.69
2013-04-10,中信证券,600030,7.3,7.34,7.08,7.2,7.3,482421,579997712.0,0.49,-1.37
2013-04-09,中信证券,600030,7.16,7.45,7.14,7.3,7.1,944488,1144638848.0,0.96,2.82
2013-04-08,中信证券,600030,7.02,7.16,6.94,7.1,7.3,1013302,1198141136.0,1.03,-2.74
2013-04-03,中信证券,600030,7.45,7.52,7.29,7.3,7.44,642136,785668512.0,0.65,-1.88
2013-04-02,中信证券,600030,7.42,7.54,7.19,7.44,7.36,1088447,1331574304.0,1.11,1.09
2013-04-01,中信证券,600030,7.33,7.48,7.28,7.36,7.34,718532,878008816.0,0.73,0.27
2013-03-29,中信证券,600030,7.45,7.49,7.27,7.34,7.43,645550,787357424.0,0.66,-1.21
2013-03-28,中信证券,600030,7.52,7.57,7.29,7.43,7.86,1443869,1771462064.0,1.47,-5.47
2013-03-27,中信证券,600030,7.78,8.02,7.64,7.86,7.75,1012622,1287861872.0,1.03,1.42
2013-03-26,中信证券,600030,8.0,8.0,7.67,7.75,8.05,1268408,1606592432.0,1.29,-3.73
2013-03-25,中信证券,600030,8.43,8.47,8.03,8.05,8.33,1102998,1450812224.0,1.12,-3.36
2013-03-22,中信证券,600030,8.48,8.51,8.23,8.33,8.47,844235,1126210224.0,0.86,-1.65
2013-03-21,中信证券,600030,8.45,8.54,8.33,8.47,8.45,1143236,1534619840.0,1.16,0.24
2013-03-20,中信证券,600030,7.84,8.5,7.77,8.45,7.77,1938898,2547512752.0,1.98,8.75
2013-03-19,中信证券,600030,7.71,7.92,7.48,7.77,7.73,1262566,1590828480.0,1.29,0.52
2013-03-18,中信证券,600030,7.93,7.96,7.58,7.73,7.97,1550591,1950645888.0,1.58,-3.01
2013-03-15,中信证券,600030,8.24,8.6,7.67,7.97,8.2,1985998,2596435920.0,2.02,-2.8
2013-03-14,中信证券,600030,8.15,8.3,8.1,8.2,8.24,1109484,1460793360.0,1.13,-0.49
2013-03-13,中信证券,600030,8.53,8.57,8.08,8.24,8.53,975021,1294042368.0,0.99,-3.4
2013-03-12,中信证券,600030,8.61,8.87,8.4,8.53,8.66,885409,1208752464.0,0.9,-1.5
2013-03-11,中信证券,600030,8.67,8.79,8.44,8.66,8.7,822236,1119920208.0,0.84,-0.46
2013-03-08,中信证券,600030,8.93,9.04,8.64,8.7,8.91,883344,1222496544.0,0.9,-2.36
2013-03-07,中信证券,600030,9.28,9.4,8.77,8.91,9.27,1341393,1907324496.0,1.37,-3.88
2013-03-06,中信证券,600030,9.45,9.48,9.15,9.27,9.35,1076869,1555183232.0,1.1,-0.86
2013-03-05,中信证券,600030,8.81,9.38,8.81,9.35,8.77,1593464,2259650944.0,1.62,6.61
2013-03-04,中信证券,600030,9.24,9.37,8.54,8.77,9.6,2195823,3090593184.0,2.24,-8.65
2013-03-01,中信证券,600030,9.51,9.69,9.19,9.6,9.5,1269503,1861158272.0,1.29,1.05
2013-02-28,中信证券,600030,9.04,9.5,8.86,9.5,8.89,1719815,2463856256.0,1.75,6.86
2013-02-27,中信证券,600030,8.58,9.07,8.58,8.89,8.53,1342390,1866973872.0,1.37,4.22
2013-02-26,中信证券,600030,8.59,9.0,8.45,8.53,8.79,1147088,1579305328.0,1.17,-2.96
2013-02-25,中信证券,600030,8.89,9.02,8.68,8.79,8.68,867954,1204178496.0,0.88,1.27
2013-02-22,中信证券,600030,8.85,8.96,8.65,8.68,8.85,866466,1198557504.0,0.88,-1.92
2013-02-21,中信证券,600030,9.35,9.35,8.76,8.85,9.53,1703094,2406081712.0,1.74,-7.14
2013-02-20,中信证券,600030,9.38,9.6,9.13,9.53,9.38,1193854,1725789248.0,1.22,1.6
2013-02-19,中信证券,600030,9.71,9.77,9.33,9.38,9.78,1360592,1988927808.0,1.39,-4.09
2013-02-18,中信证券,600030,10.37,10.44,9.77,9.78,10.24,1094004,1663127488.0,1.11,-4.49
2013-02-08,中信证券,600030,10.05,10.37,9.97,10.24,10.09,1226115,1895852816.0,1.25,1.49
2013-02-07,中信证券,600030,10.05,10.27,9.7,10.09,10.08,1600986,2442750240.0,1.63,0.1
2013-02-06,中信证券,600030,9.9,10.4,9.84,10.08,9.9,1236388,1908420800.0,1.26,1.82
2013-02-05,中信证券,600030,9.81,9.97,9.59,9.9,10.05,1491837,2234957920.0,1.52,-1.49
2013-02-04,中信证券,600030,10.58,10.64,9.98,10.05,10.44,2095974,3269782624.0,2.14,-3.74
2013-02-01,中信证券,600030,9.85,10.54,9.82,10.44,9.96,1588709,2462881920.0,1.62,4.82
2013-01-31,中信证券,600030,10.01,10.14,9.74,9.96,10.01,1238624,1872890768.0,1.26,-0.5
2013-01-30,中信证券,600030,9.81,10.24,9.6,10.01,9.77,1752004,2654390048.0,1.79,2.46
2013-01-29,中信证券,600030,9.25,9.88,9.19,9.77,9.23,2310653,3410330240.0,2.35,5.85
2013-01-28,中信证券,600030,8.6,9.27,8.6,9.23,8.53,2009774,2843673776.0,2.05,8.21
2013-01-25,中信证券,600030,8.8,8.94,8.49,8.53,8.81,1067489,1469089200.0,1.09,-3.18
2013-01-24,中信证券,600030,8.77,9.2,8.7,8.81,8.8,2311837,3249202704.0,2.36,0.11
2013-01-23,中信证券,600030,8.69,8.92,8.58,8.8,8.73,887794,1222127632.0,0.9,0.8
2013-01-22,中信证券,600030,8.7,9.0,8.54,8.73,8.76,1465792,2029671504.0,1.49,-0.34
2013-01-21,中信证券,600030,8.57,8.84,8.44,8.76,8.5,1346609,1848782064.0,1.37,3.06
2013-01-18,中信证券,600030,8.45,8.74,8.32,8.5,8.34,1151847,1558456288.0,1.17,1.92
2013-01-17,中信证券,600030,8.36,8.57,8.18,8.34,8.41,848131,1131121584.0,0.86,-0.83
2013-01-16,中信证券,600030,8.59,8.63,8.15,8.41,8.61,1145673,1529344320.0,1.17,-2.32
2013-01-15,中信证券,600030,8.58,8.78,8.48,8.61,8.57,1503333,2056777552.0,1.53,0.47
2013-01-14,中信证券,600030,7.74,8.64,7.71,8.57,7.81,1643087,2183016592.0,1.67,9.73
2013-01-11,中信证券,600030,8.24,8.31,7.7,7.81,8.25,1176734,1512800000.0,1.2,-5.33
2013-01-10,中信证券,600030,8.1,8.53,8.07,8.25,8.09,1058183,1402853904.0,1.08,1.98
2013-01-09,中信证券,600030,8.02,8.27,7.9,8.09,8.1,858974,1117425264.0,0.88,-0.12
2013-01-08,中信证券,600030,8.3,8.35,7.93,8.1,8.29,1113940,1450599344.0,1.13,-2.29
2013-01-07,中信证券,600030,8.23,8.56,8.1,8.29,8.29,897896,1194370352.0,0.91,0.0
2013-01-04,中信证券,600030,8.58,8.69,8.14,8.29,8.37,1265744,1698015328.0,1.29,-0.96
2012-12-31,中信证券,600030,8.2,8.39,8.1,8.37,8.2,1579458,2092252352.0,1.61,2.07
2012-12-28,中信证券,600030,7.45,8.27,7.36,8.2,7.37,1775557,2247161760.0,1.81,11.26
2012-12-27,中信证券,600030,7.5,7.56,7.34,7.37,7.44,768512,944128448.0,0.78,-0.94
2012-12-26,中信证券,600030,7.46,7.57,7.32,7.44,7.5,662312,815242416.0,0.67,-0.8
2012-12-25,中信证券,600030,7.07,7.58,6.97,7.5,7.12,1367136,1673092592.0,1.39,5.34
2012-12-24,中信证券,600030,7.08,7.36,7.02,7.12,7.08,648791,779084384.0,0.66,0.56
2012-12-21,中信证券,600030,7.26,7.41,7.02,7.08,7.23,857586,1029654144.0,0.87,-2.07
2012-12-20,中信证券,600030,6.96,7.32,6.92,7.23,7.02,845891,1006404400.0,0.86,2.99
2012-12-19,中信证券,600030,7.02,7.16,6.87,7.02,7.04,875453,1031803248.0,0.89,-0.28
2012-12-18,中信证券,600030,6.97,7.32,6.91,7.04,7.01,1110687,1325693312.0,1.13,0.43
2012-12-17,中信证券,600030,6.77,7.12,6.76,7.01,6.78,1289744,1514802400.0,1.31,3.39
2012-12-14,中信证券,600030,6.15,6.89,6.12,6.78,6.1,1726517,1952643328.0,1.76,11.15
2012-12-13,中信证券,600030,6.13,6.17,6.05,6.1,6.17,357710,384865040.0,0.36,-1.13
2012-12-12,中信证券,600030,6.2,6.29,6.08,6.17,6.14,446664,483502704.0,0.46,0.49
2012-12-11,中信证券,600030,6.17,6.25,6.11,6.14,6.23,452564,490217952.0,0.46,-1.44
2012-12-10,中信证券,600030,6.17,6.36,6.1,6.23,6.07,1046584,1144217616.0,1.07,2.64
2012-12-07,中信证券,600030,5.89,6.17,5.84,6.07,5.88,1249858,1336124944.0,1.27,3.23
2012-12-06,中信证券,600030,5.94,6.0,5.83,5.88,5.94,800275,843476800.0,0.82,-1.01
2012-12-05,中信证券,600030,5.55,6.19,5.54,5.94,5.6,1950563,2066767376.0,1.99,6.07
2012-12-04,中信证券,600030,5.46,5.63,5.37,5.6,5.45,476272,478348960.0,0.49,2.75
2012-12-03,中信证券,600030,5.43,5.67,5.38,5.45,5.46,557228,562285152.0,0.57,-0.18
2012-11-30,中信证券,600030,5.3,5.48,5.05,5.46,5.28,719543,705439168.0,0.73,3.41
2012-11-29,中信证券,600030,5.7,5.77,5.24,5.28,5.67,759907,760556784.0,0.77,-6.88
2012-11-28,中信证券,600030,5.77,5.84,5.64,5.67,5.79,349561,359578320.0,0.36,-2.07
2012-11-27,中信证券,600030,5.93,5.95,5.77,5.79,5.97,400289,419298480.0,0.41,-3.02
2012-11-26,中信证券,600030,6.02,6.11,5.94,5.97,6.06,262267,279359888.0,0.27,-1.49
2012-11-23,中信证券,600030,6.13,6.17,6.04,6.06,6.04,394092,423406944.0,0.4,0.33
2012-11-22,中信证券,600030,6.03,6.08,5.96,6.04,6.1,423794,451288272.0,0.43,-0.98
2012-11-21,中信证券,600030,5.85,6.11,5.84,6.1,5.84,489928,520540368.0,0.5,4.45
2012-11-20,中信证券,600030,6.04,6.05,5.83,5.84,5.97,212557,224435961.0,0.22,-2.18
2012-11-19,中信证券,600030,5.89,6.06,5.8,5.97,5.9,479440,507932784.0,0.49,1.19
2012-11-16,中信证券,600030,5.88,5.97,5.79,5.9,5.9,378058,396491024.0,0.39,0.0
2012-11-15,中信证券,600030,6.02,6.1,5.88,5.9,6.09,292847,310941808.0,0.3,-3.12
2012-11-14,中信证券,600030,6.01,6.15,5.9,6.09,6.05,320244,342104560.0,0.33,0.66
2012-11-13,中信证券,600030,6.24,6.24,5.8,6.05,6.2,587974,621681232.0,0.6,-2.42
2012-11-12,中信证券,600030,6.13,6.23,6.06,6.2,6.13,327599,354204000.0,0.33,1.14
2012-11-09,中信证券,600030,6.18,6.24,6.1,6.13,6.24,441331,476818672.0,0.45,-1.76
2012-11-08,中信证券,600030,6.34,6.39,6.22,6.24,6.44,558709,612792368.0,0.57,-3.11
2012-11-07,中信证券,600030,6.53,6.57,6.39,6.44,6.56,466185,520211104.0,0.47,-1.83
2012-11-06,中信证券,600030,6.6,6.63,6.32,6.56,6.56,576598,643989008.0,0.59,0.0
2012-11-05,中信证券,600030,6.58,6.65,6.52,6.56,6.6,313455,353930368.0,0.32,-0.61
2012-11-02,中信证券,600030,6.5,6.62,6.4,6.6,6.49,506112,568413312.0,0.52,1.69
2012-11-01,中信证券,600030,6.24,6.51,6.24,6.49,6.23,955470,1061386832.0,0.97,4.17
2012-10-31,中信证券,600030,6.19,6.25,6.12,6.23,6.12,330137,357833104.0,0.34,1.8
2012-10-30,中信证券,600030,6.1,6.26,6.07,6.12,6.1,455628,491993536.0,0.46,0.33
2012-10-29,中信证券,600030,6.37,6.37,6.05,6.1,6.32,593279,641603200.0,0.6,-3.48
2012-10-26,中信证券,600030,6.59,6.63,6.25,6.32,6.57,666595,737233056.0,0.68,-3.81
2012-10-25,中信证券,600030,6.68,6.75,6.56,6.57,6.68,349345,397389568.0,0.36,-1.65
2012-10-24,中信证券,600030,6.73,6.8,6.66,6.68,6.76,347905,398861504.0,0.35,-1.18
2012-10-23,中信证券,600030,7.04,7.06,6.71,6.76,7.03,594475,691049664.0,0.61,-3.84
2012-10-22,中信证券,600030,6.9,7.06,6.88,7.03,6.96,343047,404299408.0,0.35,1.01
2012-10-19,中信证券,600030,7.04,7.07,6.92,6.96,7.03,335063,394501408.0,0.34,-1.0
2012-10-18,中信证券,600030,6.89,7.07,6.82,7.03,6.85,534000,626708288.0,0.54,2.63
2012-10-17,中信证券,600030,6.94,6.99,6.75,6.85,6.89,368877,429964688.0,0.38,-0.58
2012-10-16,中信证券,600030,6.81,7.01,6.81,6.89,6.84,400570,467847872.0,0.41,0.73
2012-10-15,中信证券,600030,6.83,6.94,6.7,6.84,6.79,352879,408173840.0,0.36,0.74
2012-10-12,中信证券,600030,6.91,7.01,6.6,6.79,6.83,506598,583339424.0,0.52,-0.59
2012-10-11,中信证券,600030,6.97,7.04,6.76,6.83,7.02,459586,535112832.0,0.47,-2.71
2012-10-10,中信证券,600030,7.03,7.06,6.96,7.02,7.07,421126,496560400.0,0.43,-0.71
2012-10-09,中信证券,600030,6.84,7.15,6.84,7.07,6.75,698698,826007344.0,0.71,4.74
2012-10-08,中信证券,600030,7.01,7.12,6.67,6.75,7.01,630681,732760112.0,0.64,-3.71
2012-09-28,中信证券,600030,6.7,7.03,6.66,7.01,6.79,1052928,1229941968.0,1.07,3.24
2012-09-27,中信证券,600030,6.33,6.94,6.32,6.79,6.32,1226679,1401496464.0,1.25,7.44
2012-09-26,中信证券,600030,6.35,6.5,6.29,6.32,6.34,409796,452475520.0,0.42,-0.32
2012-09-25,中信证券,600030,6.15,6.54,6.14,6.34,6.17,762325,842694128.0,0.78,2.76
2012-09-24,中信证券,600030,5.99,6.35,5.95,6.17,6.12,542901,587624736.0,0.55,0.82
2012-09-21,中信证券,600030,6.08,6.24,6.04,6.12,6.15,347341,374740432.0,0.35,-0.49
2012-09-20,中信证券,600030,6.24,6.24,6.08,6.15,6.26,566675,612645792.0,0.58,-1.76
2012-09-19,中信证券,600030,6.17,6.32,6.15,6.26,6.17,442910,483216944.0,0.45,1.46
2012-09-18,中信证券,600030,6.17,6.3,6.06,6.17,6.24,351791,381872208.0,0.36,-1.12
2012-09-17,中信证券,600030,6.6,6.67,6.22,6.24,6.64,655395,726357136.0,0.67,-6.02
2012-09-14,中信证券,600030,6.69,6.8,6.52,6.64,6.53,701840,799853872.0,0.72,1.68
2012-09-13,中信证券,600030,6.58,6.75,6.52,6.53,6.62,381102,433849408.0,0.39,-1.36
2012-09-12,中信证券,600030,6.65,6.76,6.5,6.62,6.57,559491,634659392.0,0.57,0.76
2012-09-11,中信证券,600030,6.67,6.67,6.39,6.57,6.71,788400,883254528.0,0.8,-2.09
2012-09-10,中信证券,600030,6.74,6.92,6.59,6.71,6.74,872598,1005387056.0,0.89,-0.45
2012-09-07,中信证券,600030,6.15,6.83,6.15,6.74,6.04,1461380,1648934400.0,1.49,11.59
2012-09-06,中信证券,600030,6.02,6.11,5.94,6.04,5.99,324922,345806640.0,0.33,0.83
2012-09-05,中信证券,600030,5.9,6.08,5.9,5.99,5.96,354764,377035600.0,0.36,0.5
2012-09-04,中信证券,600030,6.02,6.17,5.9,5.96,5.9,622150,664962928.0,0.63,1.02
2012-09-03,中信证券,600030,5.58,6.01,5.55,5.9,5.64,636279,665152704.0,0.65,4.61
2012-08-31,中信证券,600030,5.67,5.77,5.63,5.64,5.75,277908,285637616.0,0.28,-1.91
2012-08-30,中信证券,600030,5.5,5.85,5.5,5.75,5.6,703608,723966960.0,0.72,2.68
2012-08-29,中信证券,600030,5.54,5.73,5.51,5.6,5.66,350356,357216960.0,0.36,-1.06
2012-08-28,中信证券,600030,5.62,5.84,5.44,5.66,5.62,716069,729863760.0,0.73,0.71
2012-08-27,中信证券,600030,6.07,6.09,5.59,5.62,6.11,979813,1014250832.0,1.0,-8.02
2012-08-24,中信证券,600030,6.14,6.16,6.02,6.11,6.16,348414,374161168.0,0.35,-0.81
2012-08-23,中信证券,600030,6.18,6.3,6.1,6.16,6.16,409857,444361904.0,0.42,0.0
2012-08-22,中信证券,600030,6.15,6.2,6.07,6.16,6.12,411130,442619872.0,0.42,0.65
2012-08-21,中信证券,600030,6.09,6.25,6.04,6.12,6.1,424777,458569152.0,0.43,0.33
2012-08-20,中信证券,600030,6.04,6.15,5.94,6.1,6.15,469968,500758640.0,0.48,-0.81
2012-08-17,中信证券,600030,6.09,6.17,6.02,6.15,6.09,324766,348295616.0,0.33,0.99
2012-08-16,中信证券,600030,6.06,6.28,6.05,6.09,6.06,549712,593589584.0,0.56,0.5
2012-08-15,中信证券,600030,6.13,6.13,6.02,6.06,6.16,429076,459199184.0,0.44,-1.62
2012-08-14,中信证券,600030,6.33,6.37,5.89,6.16,6.31,1076962,1151573600.0,1.1,-2.38
2012-08-13,中信证券,600030,7.25,7.25,6.24,6.31,7.27,1751486,1983026368.0,1.78,-13.2
2012-08-10,中信证券,600030,7.4,7.4,7.21,7.27,7.4,321808,389392592.0,0.33,-1.76
2012-08-09,中信证券,600030,7.37,7.42,7.18,7.4,7.37,386940,469699296.0,0.39,0.41
2012-08-08,中信证券,600030,7.44,7.5,7.34,7.37,7.35,420228,514782400.0,0.43,0.27
2012-08-07,中信证券,600030,7.39,7.46,7.3,7.35,7.37,327228,399979056.0,0.33,-0.27
2012-08-06,中信证券,600030,7.19,7.42,7.15,7.37,7.2,445726,541946848.0,0.45,2.36
2012-08-03,中信证券,600030,7.24,7.28,7.03,7.2,7.16,328783,392209872.0,0.33,0.56
2012-08-02,中信证券,600030,7.24,7.26,7.01,7.16,7.19,379637,453565104.0,0.39,-0.42
2012-08-01,中信证券,600030,7.04,7.28,7.04,7.19,7.01,527407,654960000.0,0.54,2.57
2012-07-31,中信证券,600030,6.89,7.07,6.84,7.01,6.87,331083,403657808.0,0.34,2.04
2012-07-30,中信证券,600030,7.01,7.13,6.84,6.87,7.0,592094,719419296.0,0.6,-1.86
2012-07-27,中信证券,600030,7.07,7.22,6.9,7.0,7.01,483691,592396000.0,0.49,-0.14
2012-07-26,中信证券,600030,6.95,7.1,6.9,7.01,6.99,440577,538265088.0,0.45,0.29
2012-07-25,中信证券,600030,7.04,7.16,6.92,6.99,7.05,352230,430778624.0,0.36,-0.85
2012-07-24,中信证券,600030,7.01,7.2,6.87,7.05,7.08,822685,1007130480.0,0.84,-0.42
2012-07-23,中信证券,600030,7.44,7.46,7.0,7.08,7.53,801885,998065040.0,0.82,-5.98
2012-07-20,中信证券,600030,7.55,7.68,7.47,7.53,7.64,384670,494056544.0,0.39,-1.44
2012-07-19,中信证券,600030,7.6,7.9,7.53,7.64,7.64,772070,1009193824.0,0.79,0.0
2012-07-18,中信证券,600030,7.5,7.69,7.25,7.64,7.53,533201,683585744.0,0.54,1.46
2012-07-17,中信证券,600030,7.18,7.74,7.17,7.53,7.24,630208,806835792.0,0.64,4.01
2012-07-16,中信证券,600030,7.46,7.48,7.17,7.24,7.39,361024,452793296.0,0.37,-2.03
2012-07-13,中信证券,600030,7.37,7.7,7.37,7.39,7.46,467751,598173072.0,0.48,-0.94
2012-07-12,中信证券,600030,7.11,7.6,7.02,7.46,7.18,838443,1054970768.0,0.85,3.9
2012-07-11,中信证券,600030,6.92,7.19,6.91,7.18,6.95,472052,581899184.0,0.48,3.31
2012-07-10,中信证券,600030,6.86,7.08,6.85,6.95,6.9,465168,566065744.0,0.47,0.72
2012-07-09,中信证券,600030,7.17,7.28,6.9,6.9,7.31,467644,574833376.0,0.48,-5.61
2012-07-06,中信证券,600030,7.08,7.42,6.86,7.31,6.97,583267,719538624.0,0.59,4.88
2012-07-05,中信证券,600030,7.18,7.21,6.95,6.97,7.27,419109,513786400.0,0.43,-4.13
2012-07-04,中信证券,600030,7.37,7.4,7.26,7.27,7.34,242873,305158016.0,0.25,-0.95
2012-07-03,中信证券,600030,7.33,7.45,7.17,7.34,7.31,626834,788808112.0,0.64,0.41
2012-07-02,中信证券,600030,7.35,7.49,7.25,7.31,7.37,494235,624347744.0,0.5,-0.81
2012-06-29,中信证券,600030,6.82,7.39,6.79,7.37,6.87,754989,938303776.0,0.77,7.28
2012-06-28,中信证券,600030,7.17,7.29,6.86,6.87,7.15,539306,665298656.0,0.55,-3.92
2012-06-27,中信证券,600030,7.12,7.3,7.1,7.15,7.12,324958,403775600.0,0.33,0.42
2012-06-26,中信证券,600030,7.04,7.22,6.93,7.12,7.09,508039,627032144.0,0.52,0.42
2012-06-25,中信证券,600030,7.38,7.38,7.04,7.09,7.38,863047,1066652832.0,0.88,-3.93
2012-06-21,中信证券,600030,7.95,7.95,7.34,7.38,8.04,1216539,1566527936.0,1.24,-8.21
2012-06-19,中信证券,600030,8.17,8.19,8.02,8.04,8.2,363311,487965616.0,0.37,-1.95
2012-06-18,中信证券,600030,8.14,8.34,8.12,8.2,8.09,527974,719340464.0,0.54,1.36
2012-06-15,中信证券,600030,8.08,8.16,7.9,8.09,7.99,439600,589670240.0,0.45,1.25
2012-06-14,中信证券,600030,8.07,8.19,7.96,7.99,8.13,523163,704636064.0,0.53,-1.72
2012-06-13,中信证券,600030,8.03,8.22,7.76,8.13,7.94,909752,1219000640.0,0.93,2.39
2012-06-12,中信证券,600030,8.02,8.08,7.88,7.94,8.1,451030,600930064.0,0.46,-1.98
2012-06-11,中信证券,600030,7.87,8.12,7.85,8.1,7.81,580208,776380400.0,0.59,3.71
2012-06-08,中信证券,600030,8.01,8.04,7.76,7.81,7.82,540266,715415584.0,0.55,-0.13
2012-06-07,中信证券,600030,7.92,8.07,7.75,7.82,7.77,617649,819995072.0,0.63,0.64
2012-06-06,中信证券,600030,7.84,7.97,7.69,7.77,7.8,491373,644609120.0,0.5,-0.38
2012-06-05,中信证券,600030,7.99,8.05,7.76,7.8,7.98,629181,830447728.0,0.64,-2.26
2012-06-04,中信证券,600030,8.21,8.37,7.92,7.98,8.45,887823,1200522272.0,0.9,-5.56
2012-06-01,中信证券,600030,8.36,8.55,8.36,8.45,8.36,717991,998649616.0,0.73,1.08
2012-05-31,中信证券,600030,8.3,8.5,8.25,8.36,8.4,589309,813185696.0,0.6,-0.48
2012-05-30,中信证券,600030,8.33,8.45,8.28,8.4,8.33,882067,1217479888.0,0.9,0.84
2012-05-29,中信证券,600030,8.1,8.5,8.04,8.33,8.11,1490904,2048848032.0,1.52,2.71
2012-05-28,中信证券,600030,7.84,8.11,7.67,8.11,7.9,828179,1098672368.0,0.84,2.66
2012-05-25,中信证券,600030,8.04,8.21,7.83,7.9,8.07,829393,1110595696.0,0.85,-2.11
2012-05-24,中信证券,600030,8.21,8.3,7.99,8.07,8.21,841879,1138625200.0,0.86,-1.71
2012-05-23,中信证券,600030,7.92,8.25,7.88,8.21,7.95,1547852,2082910224.0,1.58,3.27
2012-05-22,中信证券,600030,7.69,7.99,7.69,7.95,7.64,941592,1244270144.0,0.96,4.06
2012-05-21,中信证券,600030,7.7,7.84,7.57,7.64,7.75,599875,780467616.0,0.61,-1.42
2012-05-18,中信证券,600030,7.84,7.95,7.7,7.75,7.96,842342,1106516256.0,0.86,-2.64
2012-05-17,中信证券,600030,7.56,8.02,7.56,7.96,7.53,1370558,1806457472.0,1.4,5.71
2012-05-16,中信证券,600030,7.67,7.9,7.51,7.53,7.71,770642,1002078336.0,0.79,-2.33
2012-05-15,中信证券,600030,7.49,7.77,7.44,7.71,7.57,678080,876052608.0,0.69,1.85
2012-05-14,中信证券,600030,7.63,7.8,7.44,7.57,7.49,1019462,1320660928.0,1.04,1.07
2012-05-11,中信证券,600030,7.62,7.7,7.44,7.49,7.67,595682,765634768.0,0.61,-2.35
2012-05-10,中信证券,600030,7.58,7.75,7.49,7.67,7.58,784805,1013403264.0,0.8,1.19
2012-05-09,中信证券,600030,7.62,7.78,7.57,7.58,7.77,881316,1141525504.0,0.9,-2.45
2012-05-08,中信证券,600030,8.04,8.1,7.69,7.77,8.0,1086609,1425928848.0,1.11,-2.88
2012-05-07,中信证券,600030,8.06,8.16,7.9,8.0,8.15,1040546,1390480336.0,1.06,-1.84
2012-05-04,中信证券,600030,8.12,8.25,7.9,8.15,8.16,1098371,1473368320.0,1.12,-0.12
2012-05-03,中信证券,600030,7.82,8.23,7.77,8.16,7.84,1456595,1955591440.0,1.48,4.08
2012-05-02,中信证券,600030,8.04,8.08,7.79,7.84,7.69,1318817,1750772208.0,1.34,1.95
2012-04-27,中信证券,600030,7.79,7.91,7.67,7.69,7.8,651170,851740160.0,0.66,-1.41
2012-04-26,中信证券,600030,7.86,7.96,7.65,7.8,7.83,1055850,1388974736.0,1.08,-0.38
2012-04-25,中信证券,600030,7.9,8.06,7.78,7.83,7.9,972158,1287140048.0,0.99,-0.89
2012-04-24,中信证券,600030,7.73,8.12,7.5,7.9,7.79,1780953,2335152176.0,1.81,1.41
2012-04-23,中信证券,600030,8.07,8.07,7.77,7.79,8.12,1225808,1629304992.0,1.25,-4.06
2012-04-20,中信证券,600030,7.95,8.3,7.79,8.12,7.94,1816801,2443375520.0,1.85,2.27
2012-04-19,中信证券,600030,8.04,8.1,7.84,7.94,8.03,1300559,1736979616.0,1.33,-1.12
2012-04-18,中信证券,600030,7.51,8.04,7.4,8.03,7.5,1865680,2450245328.0,1.9,7.07
2012-04-17,中信证券,600030,7.82,7.88,7.46,7.5,7.84,913591,1180674096.0,0.93,-4.34
2012-04-16,中信证券,600030,7.69,7.97,7.62,7.84,7.82,970697,1280219344.0,0.99,0.26
2012-04-13,中信证券,600030,7.7,8.04,7.66,7.82,7.68,1735748,2294790048.0,1.77,1.82
2012-04-12,中信证券,600030,7.28,7.7,7.24,7.68,7.24,1844358,2360354224.0,1.88,6.08
2012-04-11,中信证券,600030,7.09,7.38,7.02,7.24,7.24,691137,862533744.0,0.7,0.0
2012-04-10,中信证券,600030,7.02,7.25,6.83,7.24,7.06,683697,839078576.0,0.7,2.55
2012-04-09,中信证券,600030,7.18,7.25,7.03,7.06,7.18,459126,567421744.0,0.47,-1.67
2012-04-06,中信证券,600030,7.02,7.29,7.02,7.18,7.04,886877,1099580576.0,0.9,1.99
2012-04-05,中信证券,600030,6.5,7.47,6.42,7.04,6.46,1598719,1952532144.0,1.63,8.98
2012-03-30,中信证券,600030,6.28,6.52,6.28,6.46,6.2,731572,844021584.0,0.75,4.19
2012-03-29,中信证券,600030,6.26,6.38,6.09,6.2,6.35,683092,773540944.0,0.7,-2.36
2012-03-28,中信证券,600030,6.53,6.55,6.31,6.35,6.55,569254,657518912.0,0.58,-3.05
2012-03-27,中信证券,600030,6.61,6.66,6.51,6.55,6.51,308027,361822256.0,0.31,0.61
2012-03-26,中信证券,600030,6.5,6.58,6.44,6.51,6.51,334390,389176368.0,0.34,0.0
2012-03-23,中信证券,600030,6.53,6.7,6.42,6.51,6.59,568187,665598880.0,0.58,-1.21
2012-03-22,中信证券,600030,6.5,6.69,6.43,6.59,6.48,460973,539860560.0,0.47,1.7
2012-03-21,中信证券,600030,6.73,6.77,6.33,6.48,6.6,939326,1095742176.0,0.96,-1.82
2012-03-20,中信证券,600030,6.99,7.03,6.56,6.6,7.04,1032009,1226743888.0,1.05,-6.25
2012-03-19,中信证券,600030,7.04,7.12,6.86,7.04,7.08,650744,795808064.0,0.66,-0.56
2012-03-16,中信证券,600030,6.77,7.1,6.77,7.08,6.73,849728,1035151760.0,0.87,5.2
2012-03-15,中信证券,600030,6.8,6.9,6.62,6.73,6.8,919757,1100780400.0,0.94,-1.03
2012-03-14,中信证券,600030,7.3,7.45,6.77,6.8,7.2,1522577,1882811248.0,1.55,-5.56
2012-03-13,中信证券,600030,7.11,7.25,7.09,7.2,7.13,451034,560200128.0,0.46,0.98
2012-03-12,中信证券,600030,7.21,7.37,6.98,7.13,7.23,815540,1010419872.0,0.83,-1.38
2012-03-09,中信证券,600030,7.25,7.29,7.14,7.23,7.23,777568,968863744.0,0.79,0.0
2012-03-08,中信证券,600030,6.95,7.3,6.95,7.23,6.9,1306126,1623168144.0,1.33,4.78
2012-03-07,中信证券,600030,6.83,7.07,6.69,6.9,6.97,981780,1186644384.0,1.0,-1.0
2012-03-06,中信证券,600030,7.04,7.04,6.9,6.97,7.05,653962,796287920.0,0.67,-1.13
2012-03-05,中信证券,600030,7.12,7.29,7.04,7.05,7.03,1146249,1422622656.0,1.17,0.28
2012-03-02,中信证券,600030,6.7,7.07,6.7,7.03,6.69,1088991,1320279536.0,1.11,5.08
2012-03-01,中信证券,600030,6.57,6.79,6.55,6.69,6.64,461557,547935040.0,0.47,0.75
2012-02-29,中信证券,600030,6.8,6.8,6.54,6.64,6.83,693353,819488496.0,0.71,-2.78
2012-02-28,中信证券,600030,6.75,6.89,6.69,6.83,6.78,689258,824409472.0,0.7,0.74
2012-02-27,中信证券,600030,6.71,6.97,6.71,6.78,6.64,1537740,1854617744.0,1.57,2.11
2012-02-24,中信证券,600030,6.39,6.7,6.37,6.64,6.39,1138315,1332453840.0,1.16,3.91
2012-02-23,中信证券,600030,6.46,6.5,6.3,6.39,6.46,724840,836639936.0,0.74,-1.08
2012-02-22,中信证券,600030,6.15,6.51,6.1,6.46,6.15,1173387,1345631264.0,1.2,5.04
2012-02-21,中信证券,600030,6.12,6.19,5.98,6.15,6.09,509856,569439024.0,0.52,0.99
2012-02-20,中信证券,600030,6.23,6.31,6.07,6.09,6.07,725014,819491200.0,0.74,0.33
2012-02-17,中信证券,600030,6.14,6.2,6.02,6.07,6.06,415843,464366112.0,0.42,0.17
2012-02-16,中信证券,600030,6.03,6.13,5.96,6.06,6.03,690137,766979872.0,0.7,0.5
2012-02-15,中信证券,600030,5.79,6.13,5.78,6.03,5.84,771588,856189888.0,0.79,3.25
2012-02-14,中信证券,600030,5.89,5.95,5.77,5.84,5.9,331267,360781680.0,0.34,-1.02
2012-02-13,中信证券,600030,5.77,6.04,5.7,5.9,5.92,511703,561008176.0,0.52,-0.34
2012-02-10,中信证券,600030,5.8,6.13,5.77,5.92,5.84,865457,955758800.0,0.88,1.37
2012-02-09,中信证券,600030,5.93,5.94,5.78,5.84,5.9,682238,744013232.0,0.7,-1.02
2012-02-08,中信证券,600030,5.54,6.01,5.47,5.9,5.53,695555,753610160.0,0.71,6.69
2012-02-07,中信证券,600030,5.74,5.77,5.47,5.53,5.81,461101,486913584.0,0.47,-4.82
2012-02-06,中信证券,600030,5.89,5.96,5.73,5.81,5.86,393237,427710976.0,0.4,-0.85
2012-02-03,中信证券,600030,5.76,5.95,5.65,5.86,5.77,548722,594107200.0,0.56,1.56
2012-02-02,中信证券,600030,5.53,5.78,5.43,5.77,5.49,480277,510173040.0,0.49,5.1
2012-02-01,中信证券,600030,5.65,5.71,5.45,5.49,5.68,307916,325458496.0,0.31,-3.35
2012-01-31,中信证券,600030,5.68,5.76,5.57,5.68,5.67,388254,414370688.0,0.4,0.18
2012-01-30,中信证券,600030,5.96,6.0,5.64,5.67,5.96,589045,642157024.0,0.6,-4.87
2012-01-20,中信证券,600030,5.84,6.03,5.74,5.96,5.81,787605,863555280.0,0.8,2.58
2012-01-19,中信证券,600030,5.57,5.87,5.5,5.81,5.49,777700,837570048.0,0.79,5.83
2012-01-18,中信证券,600030,5.47,5.9,5.43,5.49,5.52,843579,898240864.0,0.86,-0.54
2012-01-17,中信证券,600030,4.93,5.57,4.9,5.52,4.93,851844,870783504.0,0.87,11.97
2012-01-16,中信证券,600030,5.08,5.15,4.91,4.93,4.9,458497,456755088.0,0.47,0.61
2012-01-13,中信证券,600030,5.12,5.17,4.85,4.9,5.1,521584,515381232.0,0.53,-3.92
2012-01-12,中信证券,600030,5.16,5.21,5.07,5.1,5.15,363785,366106944.0,0.37,-0.97
2012-01-11,中信证券,600030,5.21,5.27,5.06,5.15,5.18,478367,482098304.0,0.49,-0.58
2012-01-10,中信证券,600030,4.9,5.3,4.83,5.18,4.86,844565,843167536.0,0.86,6.58
2012-01-09,中信证券,600030,4.52,4.9,4.44,4.86,4.55,623061,596959888.0,0.63,6.81
2012-01-06,中信证券,600030,4.37,4.58,4.24,4.55,4.46,555030,513423424.0,0.57,2.02
2012-01-05,中信证券,600030,4.66,4.84,4.38,4.46,4.7,478352,453575472.0,0.49,-5.11
2012-01-04,中信证券,600030,4.9,4.95,4.7,4.7,4.83,354005,343726608.0,0.36,-2.69
2011-12-30,中信证券,600030,4.8,4.89,4.77,4.83,4.73,358922,348835792.0,0.37,2.11
2011-12-29,中信证券,600030,4.73,4.86,4.72,4.73,4.84,381592,368876176.0,0.39,-2.27
2011-12-28,中信证券,600030,4.65,4.88,4.62,4.84,4.72,490381,471098240.0,0.5,2.54
2011-12-27,中信证券,600030,4.72,4.96,4.64,4.72,4.72,393265,380673184.0,0.4,0.0
2011-12-26,中信证券,600030,4.86,4.9,4.71,4.72,4.93,392482,379486544.0,0.4,-4.26
2011-12-22,中信证券,600030,5.0,5.06,4.68,4.93,5.05,506284,494886288.0,0.52,-2.38
2011-12-21,中信证券,600030,5.27,5.31,5.04,5.05,5.17,399855,403119760.0,0.41,-2.32
2011-12-20,中信证券,600030,5.32,5.38,5.14,5.17,5.34,357286,364672992.0,0.36,-3.18
2011-12-19,中信证券,600030,5.3,5.42,5.07,5.34,5.44,521521,528939888.0,0.53,-1.84
2011-12-16,中信证券,600030,5.1,5.49,5.1,5.44,5.25,416158,424566656.0,0.42,3.62
2011-12-15,中信证券,600030,5.47,5.55,5.22,5.25,5.52,393604,406842624.0,0.4,-4.89
2011-12-14,中信证券,600030,5.6,5.68,5.45,5.52,5.62,283728,299948176.0,0.29,-1.78
2011-12-13,中信证券,600030,5.82,5.85,5.6,5.62,5.86,452232,484982576.0,0.46,-4.1
2011-12-12,中信证券,600030,5.94,5.99,5.83,5.86,5.96,207823,227084244.0,0.21,-1.68
2011-12-09,中信证券,600030,5.97,6.05,5.9,5.96,6.01,269578,296725312.0,0.27,-0.83
2011-12-08,中信证券,600030,6.06,6.23,5.9,6.01,6.1,316168,351143440.0,0.32,-1.48
2011-12-07,中信证券,600030,5.97,6.11,5.9,6.1,5.94,356069,395588896.0,0.36,2.69
2011-12-06,中信证券,600030,5.78,5.97,5.78,5.94,5.8,331280,362928400.0,0.34,2.41
2011-12-05,中信证券,600030,5.92,5.93,5.76,5.8,5.9,268739,292080544.0,0.27,-1.69
2011-12-02,中信证券,600030,6.0,6.03,5.76,5.9,6.06,455997,498470560.0,0.46,-2.64
2011-12-01,中信证券,600030,6.21,6.3,6.02,6.06,5.72,956997,1075487856.0,0.98,5.94
2011-11-30,中信证券,600030,6.16,6.17,5.66,5.72,6.18,675603,736579264.0,0.69,-7.44
2011-11-29,中信证券,600030,6.16,6.2,6.07,6.18,6.07,328312,368622928.0,0.33,1.81
2011-11-28,中信证券,600030,6.07,6.17,6.01,6.07,6.03,347579,387641232.0,0.35,0.66
2011-11-25,中信证券,600030,6.09,6.12,5.99,6.03,6.08,246398,273778768.0,0.25,-0.82
2011-11-24,中信证券,600030,6.04,6.17,6.01,6.08,6.11,316640,353275536.0,0.32,-0.49
2011-11-23,中信证券,600030,6.43,6.44,5.99,6.11,6.41,675114,758148624.0,0.69,-4.68
2011-11-22,中信证券,600030,6.3,6.43,6.24,6.41,6.37,272602,312576096.0,0.28,0.63
2011-11-21,中信证券,600030,6.34,6.38,6.25,6.37,6.32,240675,274852768.0,0.25,0.79
2011-11-18,中信证券,600030,6.49,6.66,6.25,6.32,6.57,670402,774082624.0,0.68,-3.81
2011-11-17,中信证券,600030,6.56,6.62,6.51,6.57,6.56,321149,375696624.0,0.33,0.15
2011-11-16,中信证券,600030,6.87,6.89,6.54,6.56,6.87,525646,621057392.0,0.54,-4.51
2011-11-15,中信证券,600030,6.92,6.97,6.81,6.87,6.97,310441,374282672.0,0.32,-1.43
2011-11-14,中信证券,600030,6.86,7.0,6.84,6.97,6.77,402231,488311568.0,0.41,2.95
2011-11-11,中信证券,600030,6.82,6.88,6.72,6.77,6.8,288972,346159072.0,0.29,-0.44
2011-11-10,中信证券,600030,6.9,6.94,6.79,6.8,7.04,547636,659443904.0,0.56,-3.41
2011-11-09,中信证券,600030,7.0,7.07,6.84,7.04,6.93,394634,480729808.0,0.4,1.59
2011-11-08,中信证券,600030,6.97,7.11,6.9,6.93,6.99,421725,514840768.0,0.43,-0.86
2011-11-07,中信证券,600030,7.12,7.13,6.95,6.99,7.2,570560,698251344.0,0.58,-2.92
2011-11-04,中信证券,600030,7.25,7.35,7.13,7.2,7.11,712810,889160912.0,0.73,1.27
2011-11-03,中信证券,600030,7.28,7.37,7.07,7.11,7.2,1177496,1470041776.0,1.2,-1.25
2011-11-02,中信证券,600030,6.75,7.24,6.71,7.2,6.95,969802,1182479616.0,0.99,3.6
2011-11-01,中信证券,600030,6.73,7.01,6.68,6.95,6.82,660717,798345696.0,0.67,1.91
2011-10-31,中信证券,600030,7.03,7.04,6.76,6.82,6.99,633625,763516480.0,0.65,-2.43
2011-10-28,中信证券,600030,7.03,7.19,6.93,6.99,6.82,955141,1170171728.0,0.97,2.49
2011-10-27,中信证券,600030,6.84,6.9,6.77,6.82,6.8,519486,623831520.0,0.53,0.29
2011-10-26,中信证券,600030,6.65,6.95,6.63,6.8,6.7,1037264,1249644560.0,1.06,1.49
2011-10-25,中信证券,600030,6.64,6.82,6.56,6.7,6.64,709265,841610416.0,0.72,0.9
2011-10-24,中信证券,600030,6.25,6.71,6.25,6.64,6.19,930223,1085565120.0,0.95,7.27
2011-10-21,中信证券,600030,6.31,6.37,6.17,6.19,6.23,343571,391717088.0,0.35,-0.64
2011-10-20,中信证券,600030,6.24,6.3,6.14,6.23,6.32,369146,417831504.0,0.38,-1.42
2011-10-19,中信证券,600030,6.34,6.51,6.29,6.32,6.31,352520,405034800.0,0.36,0.16
2011-10-18,中信证券,600030,6.65,6.69,6.23,6.31,6.75,629567,727403264.0,0.64,-6.52
2011-10-17,中信证券,600030,6.7,6.87,6.6,6.75,6.71,460348,548974032.0,0.47,0.6
2011-10-14,中信证券,600030,6.64,6.79,6.57,6.71,6.69,394504,466756592.0,0.4,0.3
2011-10-13,中信证券,600030,6.69,6.79,6.62,6.69,6.74,693991,823998224.0,0.71,-0.74
2011-10-12,中信证券,600030,6.08,6.9,5.97,6.74,6.14,1395181,1643683488.0,1.42,9.77
2011-10-11,中信证券,600030,6.42,6.51,6.02,6.14,5.99,776877,882751984.0,0.79,2.5
2011-10-10,中信证券,600030,6.23,6.25,5.92,5.99,6.17,481367,533729520.0,0.49,-2.92
2011-09-30,中信证券,600030,6.3,6.37,6.08,6.17,6.26,507385,571757392.0,0.52,-1.44
2011-09-29,中信证券,600030,6.3,6.5,6.22,6.26,6.4,481059,549839264.0,0.48,-2.19
2011-09-28,中信证券,600030,6.72,6.8,6.31,6.4,6.65,654187,765186656.0,0.66,-3.76
2011-09-27,中信证券,600030,6.65,6.77,6.53,6.65,6.53,496611,586501856.0,0.5,1.84
2011-09-26,中信证券,600030,6.77,7.01,6.41,6.53,6.9,855233,1010060688.0,0.86,-5.36
2011-09-23,中信证券,600030,6.67,6.92,6.63,6.9,6.84,551444,658728080.0,0.56,0.88
2011-09-22,中信证券,600030,7.17,7.21,6.83,6.84,7.31,858530,1048998800.0,0.87,-6.43
2011-09-21,中信证券,600030,7.04,7.46,6.9,7.31,7.04,1158535,1447884768.0,1.17,3.84
2011-09-20,中信证券,600030,6.77,7.07,6.75,7.04,6.77,445148,539979712.0,0.45,3.99
2011-09-19,中信证券,600030,6.89,6.91,6.76,6.77,6.97,351644,421981200.0,0.35,-2.87
2011-09-16,中信证券,600030,7.11,7.17,6.96,6.97,7.05,377523,463528960.0,0.38,-1.13
2011-09-15,中信证券,600030,7.04,7.26,6.98,7.05,7.07,787530,973533392.0,0.79,-0.28
2011-09-14,中信证券,600030,6.94,7.08,6.7,7.07,6.9,624530,757356672.0,0.63,2.46
2011-09-13,中信证券,600030,6.72,6.92,6.66,6.9,6.89,528752,634027808.0,0.53,0.15
2011-09-09,中信证券,600030,6.9,7.17,6.81,6.89,6.74,688232,836921264.0,0.69,2.23
2011-09-08,中信证券,600030,6.89,6.93,6.72,6.74,6.84,233816,281305696.0,0.24,-1.46
2011-09-07,中信证券,600030,6.6,6.99,6.6,6.84,6.57,552144,663278272.0,0.56,4.11
2011-09-06,中信证券,600030,6.47,6.59,6.4,6.57,6.52,300794,350497936.0,0.3,0.77
2011-09-05,中信证券,600030,6.64,6.7,6.5,6.52,6.8,367893,431072832.0,0.37,-4.12
2011-09-02,中信证券,600030,6.94,6.96,6.77,6.8,6.96,298383,358710976.0,0.3,-2.3
2011-09-01,中信证券,600030,7.0,7.17,6.9,6.96,6.97,352505,431068736.0,0.36,-0.14
2011-08-31,中信证券,600030,6.91,7.01,6.85,6.97,6.9,294554,357618752.0,0.3,1.01
2011-08-30,中信证券,600030,7.07,7.19,6.89,6.9,6.96,545424,669118944.0,0.55,-0.86
2011-08-29,中信证券,600030,7.17,7.18,6.91,6.96,7.39,779599,952293696.0,0.79,-5.82
2011-08-25,中信证券,600030,6.95,7.4,6.91,7.39,6.89,1286149,1610230944.0,1.3,7.26
2011-08-24,中信证券,600030,7.05,7.07,6.86,6.89,7.03,391592,476661328.0,0.4,-1.99
2011-08-23,中信证券,600030,6.77,7.04,6.7,7.03,6.7,489291,592127780.0,0.5,4.93
2011-08-22,中信证券,600030,6.93,6.96,6.64,6.7,6.83,390573,468298063.0,0.4,-1.9
2011-08-19,中信证券,600030,6.7,6.87,6.65,6.83,6.89,506050,603406893.0,0.51,-0.87
2011-08-18,中信证券,600030,6.99,7.09,6.84,6.89,6.99,718459,876373825.0,0.73,-1.43
2011-08-17,中信证券,600030,6.71,7.12,6.68,6.99,6.72,859962,1042880956.0,0.87,4.02
2011-08-16,中信证券,600030,6.85,6.96,6.68,6.72,6.69,545855,654954008.0,0.55,0.45
2011-08-12,中信证券,600030,6.8,6.82,6.65,6.69,6.72,535181,637473855.0,0.54,-0.45
2011-08-11,中信证券,600030,6.31,6.9,6.28,6.72,6.49,775125,916084412.0,0.79,3.54
2011-08-10,中信证券,600030,6.6,6.66,6.45,6.49,6.37,592671,694940572.0,0.6,1.88
2011-08-09,中信证券,600030,6.17,6.51,6.04,6.37,6.44,666961,756776897.0,0.68,-1.09
2011-08-08,中信证券,600030,6.73,6.85,6.17,6.44,6.81,841230,982151109.0,0.85,-5.43
2011-08-05,中信证券,600030,6.73,6.93,6.68,6.81,7.02,713548,856292334.0,0.72,-2.99
2011-08-04,中信证券,600030,7.1,7.22,6.99,7.02,7.04,328110,404161903.0,0.33,-0.28
2011-08-03,中信证券,600030,6.97,7.18,6.9,7.04,7.04,363588,446585612.0,0.37,0.0
2011-08-02,中信证券,600030,7.09,7.09,6.89,7.04,7.22,493605,600590596.0,0.5,-2.49
2011-08-01,中信证券,600030,7.09,7.25,6.99,7.22,7.14,498661,618541843.0,0.51,1.12
2011-07-29,中信证券,600030,6.97,7.32,6.91,7.14,6.94,713017,881036937.0,0.72,2.88
2011-07-28,中信证券,600030,6.95,7.0,6.85,6.94,7.08,427764,518242274.0,0.43,-1.98
2011-07-27,中信证券,600030,6.99,7.12,6.95,7.08,7.04,342508,419690386.0,0.35,0.57
2011-07-26,中信证券,600030,7.06,7.15,6.97,7.04,7.07,337405,413933915.0,0.34,-0.42
2011-07-25,中信证券,600030,7.4,7.44,6.97,7.07,7.53,823947,1023607250.0,0.84,-6.11
2011-07-22,中信证券,600030,7.46,7.7,7.46,7.53,7.39,851761,1098498621.0,0.86,1.89
2011-07-21,中信证券,600030,7.45,7.52,7.38,7.39,7.51,389544,494801128.0,0.4,-1.6
2011-07-20,中信证券,600030,7.55,7.57,7.35,7.51,7.44,466976,595896307.0,0.47,0.94
2011-07-19,中信证券,600030,7.52,7.55,7.37,7.44,7.61,525464,667550061.0,0.53,-2.23
2011-07-18,中信证券,600030,7.71,7.75,7.57,7.61,7.71,412642,533733404.0,0.42,-1.3
2011-07-15,中信证券,600030,7.6,7.75,7.49,7.71,7.65,699970,905582949.0,0.71,0.78
2011-07-14,中信证券,600030,7.69,7.73,7.51,7.65,7.67,629229,812050320.0,0.64,-0.26
2011-07-13,中信证券,600030,7.53,7.77,7.53,7.67,7.53,606173,785325909.0,0.62,1.86
2011-07-12,中信证券,600030,7.74,7.77,7.44,7.53,7.91,984411,1268470950.0,1.0,-4.8
2011-07-11,中信证券,600030,7.89,7.97,7.71,7.91,7.94,515894,680382150.0,0.52,-0.38
2011-07-08,中信证券,600030,7.89,8.04,7.86,7.94,7.91,487686,647703699.0,0.49,0.38
2011-07-07,中信证券,600030,8.21,8.26,7.9,7.91,7.98,818386,1101059532.0,0.83,-0.88
2011-07-06,中信证券,600030,8.07,8.07,7.9,7.98,8.08,488634,650274011.0,0.5,-1.24
2011-07-05,中信证券,600030,8.04,8.17,7.95,8.08,8.08,671536,900384170.0,0.68,0.0
2011-07-04,中信证券,600030,7.82,8.3,7.8,8.08,7.7,1505702,2027946861.0,1.53,4.94
2011-07-01,中信证券,600030,7.79,7.87,7.64,7.7,7.76,534444,698730926.0,0.54,-0.77
2011-06-30,中信证券,600030,7.6,7.95,7.58,7.76,7.58,873435,1147270442.0,0.89,2.37
2011-06-29,中信证券,600030,7.79,7.84,7.56,7.58,7.81,669369,870040053.0,0.68,-2.94
2011-06-28,中信证券,600030,7.76,7.86,7.58,7.81,7.78,1130004,1472052565.0,1.15,0.39
2011-06-27,中信证券,600030,7.84,7.97,7.7,7.78,7.93,1369766,1804443902.0,1.39,-1.89
2011-06-24,中信证券,600030,6.97,8.08,6.94,7.93,7.02,2454399,3201619687.0,2.49,12.96
2011-06-23,中信证券,600030,6.73,7.09,6.73,7.02,6.78,432667,523810417.0,0.44,3.54
2011-06-22,中信证券,600030,6.92,6.98,6.72,6.78,6.88,334595,402661529.0,0.34,-1.45
2011-06-21,中信证券,600030,6.71,6.92,6.71,6.88,6.7,376131,452572842.0,0.38,2.69
2011-06-20,中信证券,600030,6.6,6.8,6.57,6.7,6.65,373210,443365491.0,0.38,0.75
2011-06-17,中信证券,600030,6.77,6.84,6.63,6.65,6.78,403994,481251801.0,0.41,-1.92
2011-06-16,中信证券,600030,6.99,6.99,6.72,6.78,6.98,445516,535076441.0,0.45,-2.87
2011-06-15,中信证券,600030,7.01,7.07,6.91,6.98,7.03,490843,622581567.0,0.5,-0.71
2011-06-14,中信证券,600030,6.7,7.11,6.67,7.03,6.7,719712,911918256.0,0.73,4.93
2011-06-13,中信证券,600030,6.73,6.77,6.58,6.7,6.81,339351,417441855.0,0.34,-1.62
2011-06-10,中信证券,600030,6.64,6.88,6.63,6.81,6.8,489232,607929894.0,0.5,0.15
2011-06-08,中信证券,600030,6.78,6.81,6.62,6.8,6.87,529328,655453143.0,0.54,-1.02
2011-06-07,中信证券,600030,6.84,6.95,6.79,6.87,6.86,261309,327699120.0,0.27,0.15
2011-06-03,中信证券,600030,6.73,6.93,6.69,6.86,6.77,282321,354102540.0,0.29,1.33
2011-06-02,中信证券,600030,6.9,6.95,6.6,6.77,7.03,534634,665796235.0,0.54,-3.7
2011-06-01,中信证券,600030,7.04,7.12,6.96,7.03,7.12,377682,480755254.0,0.38,-1.26
2011-05-31,中信证券,600030,6.92,7.13,6.9,7.12,6.9,482722,615648268.0,0.49,3.19
2011-05-30,中信证券,600030,6.77,7.04,6.64,6.9,6.83,449930,567115833.0,0.46,1.02
2011-05-27,中信证券,600030,6.76,7.02,6.74,6.83,6.76,553060,695749995.0,0.56,1.04
2011-05-26,中信证券,600030,6.67,7.08,6.67,6.76,6.59,608043,763681316.0,0.62,2.58
2011-05-25,中信证券,600030,6.73,6.77,6.57,6.59,6.7,346696,427967524.0,0.35,-1.64
2011-05-24,中信证券,600030,6.73,6.81,6.63,6.7,6.74,447547,553247334.0,0.45,-0.59
2011-05-23,中信证券,600030,7.14,7.14,6.72,6.74,7.15,616684,775026339.0,0.63,-5.73
2011-05-20,中信证券,600030,7.13,7.24,7.07,7.15,7.13,274412,353260496.0,0.28,0.28
2011-05-19,中信证券,600030,7.32,7.34,7.11,7.13,7.3,415225,538041797.0,0.42,-2.33
2011-05-18,中信证券,600030,7.25,7.38,7.2,7.3,7.27,343372,448710978.0,0.35,0.41
2011-05-17,中信证券,600030,7.18,7.47,6.99,7.27,7.24,601791,782349860.0,0.61,0.41
2011-05-16,中信证券,600030,7.32,7.45,7.22,7.24,7.34,472860,619497811.0,0.48,-1.36
2011-05-13,中信证券,600030,7.11,7.43,7.04,7.34,7.1,881544,1147320069.0,0.89,3.38
2011-05-12,中信证券,600030,6.92,7.22,6.9,7.1,7.06,533961,682759254.0,0.54,0.57
2011-05-11,中信证券,600030,7.17,7.23,7.01,7.06,7.19,444280,569918616.0,0.45,-1.81
2011-05-10,中信证券,600030,7.0,7.21,6.92,7.19,6.98,474128,607685512.0,0.48,3.01
2011-05-09,中信证券,600030,6.99,7.1,6.93,6.98,6.92,456011,580597445.0,0.46,0.87
2011-05-06,中信证券,600030,6.9,6.99,6.76,6.92,6.98,682018,858146672.0,0.69,-0.86
2011-05-05,中信证券,600030,6.97,7.1,6.95,6.98,6.99,516970,658081598.0,0.52,-0.14
2011-05-04,中信证券,600030,7.47,7.47,6.97,6.99,7.54,992957,1281712374.0,1.01,-7.29
2011-05-03,中信证券,600030,7.5,7.6,7.36,7.54,7.45,639076,847793668.0,0.65,1.21
2011-04-28,中信证券,600030,7.67,7.77,7.43,7.45,7.6,744224,994853761.0,0.76,-1.97
2011-04-27,中信证券,600030,7.73,7.76,7.42,7.6,7.63,726964,973681097.0,0.74,-0.39
2011-04-26,中信证券,600030,8.02,8.1,7.61,7.63,8.03,1220186,1660666599.0,1.24,-4.98
2011-04-25,中信证券,600030,8.3,8.3,8.0,8.03,8.31,805287,1127903917.0,0.82,-3.37
2011-04-22,中信证券,600030,8.52,8.52,8.29,8.31,8.54,522531,746285336.0,0.53,-2.69
2011-04-21,中信证券,600030,8.37,8.74,8.25,8.54,8.28,901996,1305131593.0,0.92,3.14
2011-04-20,中信证券,600030,8.38,8.43,8.21,8.28,8.3,632812,897916349.0,0.64,-0.24
2011-04-19,中信证券,600030,8.66,8.69,8.3,8.3,8.81,1096774,1580387823.0,1.11,-5.79
2011-04-18,中信证券,600030,8.77,8.97,8.69,8.81,8.84,964906,1430346676.0,0.98,-0.34
2011-04-15,中信证券,600030,8.57,9.01,8.57,8.84,8.66,1083967,1605491695.0,1.1,2.08
2011-04-14,中信证券,600030,8.89,8.99,8.61,8.66,8.58,1112597,1646638719.0,1.13,0.93
2011-04-12,中信证券,600030,8.63,8.75,8.5,8.58,8.64,794877,1157961848.0,0.81,-0.69
2011-04-11,中信证券,600030,8.9,9.08,8.62,8.64,8.82,1147858,1703660044.0,1.16,-2.04
2011-04-08,中信证券,600030,8.64,8.86,8.58,8.82,8.65,929679,1372078187.0,0.94,1.97
2011-04-07,中信证券,600030,8.76,8.79,8.57,8.65,8.76,903875,1323786637.0,0.92,-1.26
2011-04-06,中信证券,600030,8.35,8.97,8.27,8.76,8.38,1713706,2498717203.0,1.74,4.53
2011-04-01,中信证券,600030,8.1,8.41,8.08,8.38,8.1,770526,1090550708.0,0.78,3.46
2011-03-31,中信证券,600030,8.0,8.43,7.99,8.1,8.01,681963,957259069.0,0.69,1.12
2011-03-30,中信证券,600030,8.37,8.45,7.84,8.01,8.37,1196071,1667350159.0,1.21,-4.3
2011-03-29,中信证券,600030,8.47,8.79,8.3,8.37,8.16,1807925,2620454538.0,1.83,2.57
2011-03-22,中信证券,600030,8.18,8.29,7.9,8.16,8.09,860631,1202530212.0,0.87,0.87
2011-03-21,中信证券,600030,8.21,8.29,8.01,8.09,8.17,927522,1299853351.0,0.94,-0.98
2011-03-18,中信证券,600030,8.21,8.43,8.1,8.17,8.04,805096,1138019810.0,0.82,1.62
2011-03-17,中信证券,600030,8.19,8.31,7.9,8.04,8.44,1045079,1462155647.0,1.06,-4.74
2011-03-16,中信证券,600030,8.17,8.52,8.1,8.44,8.09,1241293,1766938457.0,1.26,4.33
2011-03-15,中信证券,600030,8.37,8.4,7.84,8.09,8.48,1371619,1911685419.0,1.39,-4.6
2011-03-14,中信证券,600030,8.35,8.5,8.11,8.48,8.44,1069374,1520418768.0,1.09,0.47
2011-03-11,中信证券,600030,8.52,8.74,8.41,8.44,8.64,1176942,1710783647.0,1.19,-2.31
2011-03-10,中信证券,600030,9.18,9.18,8.63,8.64,9.16,1694998,2504786650.0,1.72,-5.68
2011-03-09,中信证券,600030,9.29,9.48,9.06,9.16,9.23,1101281,1683759168.0,1.12,-0.76
2011-03-08,中信证券,600030,9.35,9.45,9.06,9.23,9.32,1413710,2159560630.0,1.43,-0.97
2011-03-07,中信证券,600030,8.94,9.43,8.92,9.32,8.9,2575285,3933730719.0,2.61,4.72
2011-03-04,中信证券,600030,8.56,8.98,8.43,8.9,8.52,1467448,2155398705.0,1.49,4.46
2011-03-03,中信证券,600030,8.68,8.91,8.5,8.52,8.62,1418957,2083951014.0,1.44,-1.16
2011-03-02,中信证券,600030,8.61,8.75,8.38,8.62,8.77,1204624,1746258962.0,1.22,-1.71
2011-03-01,中信证券,600030,8.7,9.16,8.64,8.77,8.74,2090765,3114722196.0,2.12,0.34
2011-02-28,中信证券,600030,8.42,8.86,8.15,8.74,8.38,2026781,2947279311.0,2.06,4.3
2011-02-25,中信证券,600030,8.1,8.51,7.92,8.38,8.1,1979906,2810858165.0,2.01,3.46
2011-02-24,中信证券,600030,7.67,8.42,7.6,8.1,7.7,1612192,2238819032.0,1.64,5.19
2011-02-23,中信证券,600030,7.65,7.83,7.57,7.7,7.71,856441,1154075230.0,0.87,-0.13
2011-02-22,中信证券,600030,8.34,8.37,7.7,7.71,8.27,1466542,2025339798.0,1.49,-6.77
2011-02-21,中信证券,600030,7.86,8.37,7.78,8.27,7.87,1668423,2331259424.0,1.69,5.08
2011-02-18,中信证券,600030,7.9,8.13,7.71,7.87,7.92,1198052,1648140406.0,1.22,-0.63
2011-02-17,中信证券,600030,8.15,8.21,7.82,7.92,8.11,1254595,1732630785.0,1.27,-2.34
2011-02-16,中信证券,600030,8.04,8.13,7.86,8.11,7.97,1669992,2310529359.0,1.69,1.76
2011-02-15,中信证券,600030,8.06,8.55,7.95,7.97,7.97,3301109,4663761298.0,3.35,0.0
2011-02-14,中信证券,600030,6.73,7.97,6.71,7.97,6.88,2857201,3820610309.0,2.9,15.84
2011-02-11,中信证券,600030,6.9,7.04,6.77,6.88,6.94,789981,995773048.0,0.8,-0.86
2011-02-10,中信证券,600030,6.59,6.95,6.55,6.94,6.63,609055,756537598.0,0.62,4.68
2011-02-09,中信证券,600030,6.67,6.91,6.56,6.63,6.7,595569,739920109.0,0.6,-1.04
2011-02-01,中信证券,600030,6.88,6.92,6.69,6.7,6.85,593885,738931515.0,0.6,-2.19
2011-01-31,中信证券,600030,6.77,6.95,6.7,6.85,6.79,609498,764290585.0,0.62,0.88
2011-01-28,中信证券,600030,6.77,6.9,6.6,6.79,6.69,812264,1009721132.0,0.82,1.49
2011-01-27,中信证券,600030,6.25,6.81,6.17,6.69,6.3,1034722,1263193714.0,1.05,6.19
2011-01-26,中信证券,600030,6.19,6.32,6.17,6.3,6.24,501461,594455974.0,0.51,0.96
2011-01-25,中信证券,600030,6.1,6.25,6.04,6.24,6.1,502388,587905927.0,0.51,2.3
2011-01-24,中信证券,600030,6.28,6.28,6.05,6.1,6.27,505668,593774588.0,0.51,-2.71
2011-01-21,中信证券,600030,6.04,6.5,6.0,6.27,6.04,707406,838513328.0,0.72,3.81
2011-01-20,中信证券,600030,6.37,6.37,6.01,6.04,6.39,611140,717922426.0,0.62,-5.48
2011-01-19,中信证券,600030,6.24,6.4,6.13,6.39,6.24,666145,791264977.0,0.68,2.4
2011-01-18,中信证券,600030,6.21,6.33,6.17,6.24,6.25,431650,510658923.0,0.44,-0.16
2011-01-17,中信证券,600030,6.69,6.75,6.15,6.25,6.66,869391,1050584739.0,0.88,-6.16
2011-01-14,中信证券,600030,6.82,6.85,6.61,6.66,6.9,563027,696666386.0,0.57,-3.48
2011-01-13,中信证券,600030,7.04,7.06,6.81,6.9,6.97,503370,634630631.0,0.51,-1.0
2011-01-12,中信证券,600030,6.91,7.04,6.76,6.97,6.85,548625,691368470.0,0.56,1.75
2011-01-11,中信证券,600030,6.71,6.89,6.69,6.85,6.76,506310,631506608.0,0.51,1.33
2011-01-10,中信证券,600030,6.97,7.1,6.73,6.76,7.05,895545,1127692033.0,0.91,-4.11
2011-01-07,中信证券,600030,6.9,7.3,6.71,7.05,6.95,1289578,1649133414.0,1.31,1.44
2011-01-06,中信证券,600030,7.04,7.21,6.9,6.95,7.01,563811,717804121.0,0.57,-0.86
2011-01-05,中信证券,600030,7.09,7.15,6.9,7.01,7.21,713174,909073874.0,0.72,-2.77
2011-01-04,中信证券,600030,6.99,7.31,6.84,7.21,6.9,1005114,1292295243.0,1.02,4.49
2010-12-31,中信证券,600030,6.73,6.95,6.67,6.9,6.64,760281,948821357.0,0.77,3.92
2010-12-30,中信证券,600030,6.74,6.77,6.39,6.64,6.76,828230,1015183021.0,0.84,-1.78
2010-12-29,中信证券,600030,6.92,6.98,6.64,6.76,6.87,646771,803102300.0,0.66,-1.6
2010-12-28,中信证券,600030,6.98,7.12,6.84,6.87,7.1,717948,907618315.0,0.73,-3.24
2010-12-27,中信证券,600030,7.34,7.62,7.08,7.1,7.28,1121368,1477739348.0,1.14,-2.47
2010-12-24,中信证券,600030,7.18,7.36,7.13,7.28,7.27,480568,624276039.0,0.49,0.14
2010-12-23,中信证券,600030,7.26,7.51,7.19,7.27,7.33,641683,839920838.0,0.65,-0.82
2010-12-22,中信证券,600030,7.58,7.64,7.27,7.33,7.59,815107,1081271773.0,0.83,-3.43
2010-12-21,中信证券,600030,7.13,7.69,7.07,7.59,7.08,1242566,1639279912.0,1.26,7.2
2010-12-20,中信证券,600030,7.43,7.48,6.89,7.08,7.39,952426,1227916983.0,0.97,-4.19
2010-12-17,中信证券,600030,7.43,7.5,7.26,7.39,7.45,645567,847808137.0,0.66,-0.81
2010-12-16,中信证券,600030,7.7,7.7,7.41,7.45,7.69,650181,868269256.0,0.66,-3.12
2010-12-15,中信证券,600030,7.7,7.95,7.56,7.69,7.7,985322,1336114315.0,1.0,-0.13
2010-12-14,中信证券,600030,7.84,7.89,7.66,7.7,7.82,725962,983545457.0,0.74,-1.53
2010-12-13,中信证券,600030,7.44,7.85,7.33,7.82,7.36,1362810,1828214221.0,1.38,6.25
2010-12-10,中信证券,600030,7.06,7.47,7.01,7.36,7.19,620837,806814220.0,0.63,2.36
2010-12-09,中信证券,600030,7.36,7.51,7.17,7.19,7.44,782575,1022594658.0,0.79,-3.36
2010-12-08,中信证券,600030,7.84,7.86,7.43,7.44,7.86,1127030,1513864403.0,1.14,-5.34
2010-12-07,中信证券,600030,7.77,7.98,7.51,7.86,7.9,1374540,1869661871.0,1.39,-0.51
2010-12-06,中信证券,600030,7.44,7.97,7.32,7.9,7.39,1577858,2128835754.0,1.6,6.9
2010-12-03,中信证券,600030,7.31,7.48,7.29,7.39,7.38,559222,735557969.0,0.57,0.14
2010-12-02,中信证券,600030,7.43,7.57,7.35,7.38,7.12,1043306,1380451843.0,1.06,3.65
2010-12-01,中信证券,600030,7.1,7.29,7.01,7.12,7.1,508246,654413557.0,0.52,0.28
2010-11-30,中信证券,600030,7.42,7.5,6.82,7.1,7.41,1175708,1510935595.0,1.19,-4.18
2010-11-29,中信证券,600030,7.47,7.55,7.35,7.41,7.57,830915,1096753827.0,0.84,-2.11
2010-11-26,中信证券,600030,7.51,7.77,7.35,7.57,7.6,1266248,1690858457.0,1.28,-0.39
2010-11-25,中信证券,600030,7.47,7.72,7.21,7.6,7.47,1535444,2034289057.0,1.56,1.74
2010-11-24,中信证券,600030,6.83,7.5,6.83,7.47,6.83,1702801,2225079006.0,1.73,9.37
2010-11-23,中信证券,600030,7.08,7.12,6.64,6.83,7.23,1128317,1416124415.0,1.14,-5.53
2010-11-22,中信证券,600030,7.24,7.41,7.1,7.23,7.44,1141962,1484036797.0,1.16,-2.82
2010-11-19,中信证券,600030,7.5,7.56,6.83,7.44,7.44,1867219,2417612572.0,1.89,0.0
2010-11-18,中信证券,600030,7.47,7.56,7.25,7.44,7.34,1036731,1368270270.0,1.05,1.36
2010-11-17,中信证券,600030,7.43,7.67,7.25,7.34,7.64,1376328,1817086383.0,1.4,-3.93
2010-11-16,中信证券,600030,8.22,8.34,7.59,7.64,8.16,1552853,2140741805.0,1.58,-6.37
2010-11-15,中信证券,600030,8.3,8.47,7.9,8.16,8.29,1494373,2096188346.0,1.52,-1.57
2010-11-12,中信证券,600030,9.43,9.44,8.19,8.29,9.55,2688312,3967658556.0,2.73,-13.19
2010-11-11,中信证券,600030,9.44,9.89,9.31,9.55,9.4,1982719,3122671810.0,2.01,1.6
2010-11-10,中信证券,600030,9.69,9.69,9.3,9.4,9.79,1655955,2571913438.0,1.68,-3.98
2010-11-09,中信证券,600030,10.12,10.14,9.7,9.79,10.11,1350115,2156196720.0,1.37,-3.17
2010-11-08,中信证券,600030,10.12,10.35,9.9,10.11,10.09,1350634,2192197996.0,1.37,0.2
2010-11-05,中信证券,600030,10.44,10.64,9.98,10.09,9.97,2049048,3370184299.0,2.08,1.2
2010-11-04,中信证券,600030,9.75,10.07,9.59,9.97,9.75,1648566,2631995774.0,1.67,2.26
2010-11-03,中信证券,600030,9.81,10.11,9.47,9.75,9.84,1997713,3197316512.0,2.03,-0.91
2010-11-02,中信证券,600030,9.86,10.28,9.43,9.84,9.8,2297409,3665803960.0,2.33,0.41
2010-11-01,中信证券,600030,9.41,9.95,9.36,9.8,9.44,1724464,2744576348.0,1.75,3.81
2010-10-29,中信证券,600030,10.04,10.06,9.38,9.44,10.12,2216567,3485486414.0,2.25,-6.72
2010-10-28,中信证券,600030,9.86,10.37,9.86,10.12,10.06,1778779,2889170539.0,1.8,0.6
2010-10-27,中信证券,600030,10.28,10.83,10.03,10.06,10.44,2247553,3725389303.0,2.28,-3.64
2010-10-26,中信证券,600030,10.46,10.95,10.12,10.44,10.32,3700383,6220071479.0,3.75,1.16
2010-10-25,中信证券,600030,8.97,10.33,8.92,10.32,9.03,3690190,5873233742.0,3.74,14.29
2010-10-22,中信证券,600030,9.3,9.34,8.89,9.03,9.41,2293806,3465763042.0,2.33,-4.04
2010-10-21,中信证券,600030,9.86,9.97,9.24,9.41,9.85,2417281,3785381950.0,2.45,-4.47
2010-10-20,中信证券,600030,9.12,10.31,9.07,9.85,9.41,3831431,6019624433.0,3.89,4.68
2010-10-19,中信证券,600030,9.07,9.43,8.77,9.41,9.19,2557964,3861977078.0,2.6,2.39
2010-10-18,中信证券,600030,9.08,9.77,8.57,9.19,8.96,5198283,7994941859.0,5.27,2.57
2010-10-15,中信证券,600030,7.69,8.97,7.58,8.96,7.82,4230621,6055457909.0,4.29,14.58
2010-10-14,中信证券,600030,7.27,8.23,7.27,7.82,7.11,4449305,6142482830.0,4.51,9.99
2010-10-13,中信证券,600030,7.08,7.19,6.96,7.11,7.19,1902908,2432306277.0,1.93,-1.11
2010-10-12,中信证券,600030,6.95,7.21,6.7,7.19,6.75,3420775,4320432923.0,3.47,6.52
2010-10-11,中信证券,600030,5.84,6.75,5.79,6.75,5.77,3663557,4468809244.0,3.72,16.98
2010-10-08,中信证券,600030,5.29,5.85,5.29,5.77,5.2,1536907,1712275251.0,1.56,10.96
2010-09-30,中信证券,600030,5.04,5.31,5.01,5.2,5.1,831766,883599183.0,0.84,1.96
2010-09-29,中信证券,600030,5.18,5.27,5.08,5.1,5.19,671939,711234591.0,0.68,-1.73
2010-09-28,中信证券,600030,5.44,5.44,5.17,5.19,5.46,765637,822373714.0,0.78,-4.95
2010-09-27,中信证券,600030,5.48,5.51,5.38,5.46,5.44,553479,603734856.0,0.56,0.37
2010-09-21,中信证券,600030,5.51,5.55,5.43,5.44,5.45,330503,361608942.0,0.34,-0.18
2010-09-20,中信证券,600030,5.63,5.67,5.44,5.45,5.63,553982,611404518.0,0.56,-3.2
2010-09-17,中信证券,600030,5.74,5.77,5.6,5.63,5.72,578138,644077528.0,0.59,-1.57
2010-09-16,中信证券,600030,5.7,5.91,5.67,5.72,5.7,871715,982205886.0,0.88,0.35
2010-09-15,中信证券,600030,5.9,5.9,5.68,5.7,5.9,747448,843317652.0,0.76,-3.39
2010-09-14,中信证券,600030,5.98,6.04,5.88,5.9,5.96,563498,648339158.0,0.57,-1.01
2010-09-13,中信证券,600030,5.94,6.08,5.86,5.96,5.9,568631,654746910.0,0.58,1.02
2010-09-10,中信证券,600030,6.03,6.11,5.84,5.9,6.03,687166,787966006.0,0.7,-2.16
2010-09-09,中信证券,600030,6.19,6.31,6.01,6.03,6.16,748210,876340012.0,0.76,-2.11
2010-09-08,中信证券,600030,6.22,6.25,6.1,6.16,6.3,637654,748186380.0,0.65,-2.22
2010-09-07,中信证券,600030,6.38,6.44,6.19,6.3,6.35,785737,932625169.0,0.8,-0.79
2010-09-06,中信证券,600030,5.95,6.39,5.95,6.35,5.91,1510262,1789085550.0,1.53,7.45
2010-09-03,中信证券,600030,6.01,6.06,5.84,5.91,6.01,1082948,1242669108.0,1.1,-1.66
2010-09-02,中信证券,600030,6.13,6.17,5.99,6.01,6.01,674306,783551486.0,0.68,0.0
2010-09-01,中信证券,600030,6.16,6.26,5.96,6.01,6.14,744675,870551675.0,0.76,-2.12
2010-08-31,中信证券,600030,6.23,6.25,6.08,6.14,6.31,769895,901733227.0,0.78,-2.69
2010-08-30,中信证券,600030,6.22,6.4,6.09,6.31,6.18,943756,1118029654.0,0.96,2.1
2010-08-27,中信证券,600030,6.23,6.24,6.08,6.18,6.24,415969,488589808.0,0.42,-0.96
2010-08-26,中信证券,600030,6.31,6.39,6.17,6.24,6.3,569775,676036521.0,0.58,-0.95
2010-08-25,中信证券,600030,6.47,6.64,6.3,6.3,6.59,661111,797466986.0,0.67,-4.4
2010-08-24,中信证券,600030,6.57,6.73,6.44,6.59,6.57,513151,627922398.0,0.52,0.3
2010-08-23,中信证券,600030,6.62,6.71,6.51,6.57,6.64,500033,612889666.0,0.51,-1.05
2010-08-20,中信证券,600030,6.9,6.95,6.56,6.64,6.98,690070,858006167.0,0.7,-4.87
2010-08-19,中信证券,600030,6.89,7.1,6.83,6.98,6.88,671334,851403607.0,0.68,1.45
2010-08-18,中信证券,600030,7.02,7.06,6.83,6.88,6.98,572244,722070567.0,0.58,-1.43
2010-08-17,中信证券,600030,7.0,7.05,6.89,6.98,6.98,671595,850825785.0,0.68,0.0
2010-08-16,中信证券,600030,6.53,7.04,6.49,6.98,6.57,922658,1151092509.0,0.94,6.24
2010-08-13,中信证券,600030,6.49,6.6,6.39,6.57,6.5,592303,718885270.0,0.6,1.08
2010-08-12,中信证券,600030,6.63,6.71,6.48,6.5,6.77,780854,954758921.0,0.79,-3.99
2010-08-11,中信证券,600030,6.76,6.88,6.7,6.77,6.79,562442,699439852.0,0.57,-0.29
2010-08-10,中信证券,600030,7.25,7.3,6.78,6.79,7.26,804974,1024561872.0,0.82,-6.47
2010-08-09,中信证券,600030,7.22,7.34,7.13,7.26,7.27,737995,957562402.0,0.75,-0.14
2010-08-06,中信证券,600030,7.03,7.3,6.84,7.27,7.03,923179,1185509565.0,0.94,3.41
2010-08-05,中信证券,600030,7.28,7.3,6.96,7.03,7.25,781106,1002338121.0,0.79,-3.03
2010-08-04,中信证券,600030,7.19,7.31,7.0,7.25,7.24,778822,1004311957.0,0.79,0.14
2010-08-03,中信证券,600030,7.32,7.58,7.21,7.24,7.27,1389531,1834513718.0,1.41,-0.41
2010-08-02,中信证券,600030,7.1,7.34,7.1,7.27,7.1,698943,907046486.0,0.71,2.39
2010-07-30,中信证券,600030,7.21,7.21,6.99,7.1,7.22,743393,953035380.0,0.75,-1.66
2010-07-29,中信证券,600030,7.1,7.38,7.1,7.22,7.05,1542266,2003325404.0,1.56,2.41
2010-07-28,中信证券,600030,6.69,7.08,6.57,7.05,6.7,1145925,1440763339.0,1.16,5.22
2010-07-27,中信证券,600030,6.69,6.83,6.57,6.7,6.73,765298,947992387.0,0.78,-0.45
2010-07-26,中信证券,600030,6.82,6.86,6.57,6.73,6.8,795020,984316037.0,0.81,-1.03
2010-07-23,中信证券,600030,6.59,6.82,6.5,6.8,6.56,1180122,1456124337.0,1.2,3.66
2010-07-22,中信证券,600030,6.39,6.61,6.34,6.56,6.45,834530,1011420451.0,0.85,1.71
2010-07-21,中信证券,600030,6.45,6.58,6.4,6.45,6.44,806583,977561948.0,0.82,0.16
2010-07-20,中信证券,600030,6.19,6.45,6.17,6.44,6.17,885121,1060611431.0,0.9,4.38
2010-07-19,中信证券,600030,5.76,6.25,5.73,6.17,5.9,549137,638543899.0,0.56,4.58
2010-07-16,中信证券,600030,5.93,5.97,5.76,5.9,5.96,425567,484733043.0,0.43,-1.01
2010-07-15,中信证券,600030,6.24,6.37,5.95,5.96,6.26,483985,567571083.0,0.49,-4.79
2010-07-14,中信证券,600030,6.22,6.43,6.18,6.26,6.18,476936,567593631.0,0.48,1.29
2010-07-13,中信证券,600030,6.3,6.33,6.17,6.18,6.44,480396,568505686.0,0.49,-4.04
2010-07-12,中信证券,600030,6.29,6.49,6.18,6.44,6.25,688861,825402663.0,0.7,3.04
2010-07-09,中信证券,600030,6.01,6.3,5.85,6.25,6.02,779994,914380310.0,0.79,3.82
2010-07-08,中信证券,600030,6.2,6.24,5.97,6.02,6.14,415390,485349242.0,0.42,-1.95
2010-07-07,中信证券,600030,6.02,6.23,5.9,6.14,6.03,538524,625772246.0,0.55,1.82
2010-07-06,中信证券,600030,5.88,6.06,5.82,6.03,5.88,422344,487894088.0,0.43,2.55
2010-07-05,中信证券,600030,5.9,5.98,5.73,5.88,6.03,375076,426973206.0,0.38,-2.49
2010-07-02,中信证券,600030,5.86,6.1,5.67,6.03,5.87,570217,653430799.0,0.58,2.73
2010-07-01,中信证券,600030,6.14,6.25,5.84,5.87,6.12,620304,720430570.0,0.63,-4.08
2010-06-30,中信证券,600030,6.34,6.34,5.97,6.12,6.39,608409,713059952.0,0.62,-4.23
2010-06-29,中信证券,600030,7.14,7.23,6.38,6.39,7.1,785225,971340741.0,0.8,-10.0
2010-06-28,中信证券,600030,7.36,7.4,7.1,7.1,7.42,433482,561762203.0,0.44,-4.31
2010-06-25,中信证券,600030,7.69,7.69,7.34,7.42,7.78,487278,645308424.0,0.49,-4.63
2010-06-24,中信证券,600030,7.69,8.02,7.69,7.78,7.75,372504,509364891.0,0.38,0.39
2010-06-23,中信证券,600030,7.68,7.91,7.65,7.75,7.73,506320,1058136662.0,0.77,0.26
2010-06-22,中信证券,600030,7.62,7.75,7.59,7.73,7.69,380689,789988642.0,0.58,0.52
2010-06-21,中信证券,600030,7.29,7.7,7.29,7.69,7.26,555009,1137623527.0,0.84,5.92
2010-06-18,中信证券,600030,7.27,7.43,7.15,7.26,7.29,408553,820487845.0,0.62,-0.41
2010-06-11,中信证券,600030,7.3,7.37,7.19,7.29,7.18,342405,687151154.0,0.52,1.53
2010-06-10,中信证券,600030,7.25,7.37,7.17,7.18,7.4,409029,818264708.0,0.62,-2.97
2010-06-09,中信证券,600030,7.08,7.46,6.91,7.4,7.01,583577,1166734522.0,0.89,5.56
2010-06-08,中信证券,600030,6.93,7.17,6.86,7.01,6.95,300381,588458260.0,0.46,0.86
2010-06-07,中信证券,600030,6.96,7.06,6.88,6.95,7.22,409363,796706797.0,0.62,-3.74
2010-06-04,中信证券,600030,6.96,7.41,6.92,7.22,7.03,458704,913376485.0,0.7,2.7
2010-06-03,中信证券,600030,7.2,7.26,7.01,7.03,7.19,437749,867985280.0,0.67,-2.23
2010-06-02,中信证券,600030,6.89,7.25,6.76,7.19,6.96,473608,927349452.0,0.72,3.3
2010-06-01,中信证券,600030,7.05,7.15,6.84,6.96,7.14,431820,843597227.0,0.66,-2.52
2010-05-31,中信证券,600030,7.51,7.58,7.11,7.14,7.62,460319,928237230.0,0.7,-6.3
2010-05-28,中信证券,600030,7.89,7.95,7.55,7.62,7.76,453229,944106964.0,0.69,-1.8
2010-05-27,中信证券,600030,7.61,7.83,7.33,7.76,7.6,529132,1091742516.0,0.81,2.11
2010-05-26,中信证券,600030,7.65,7.75,7.5,7.6,7.57,436307,899566312.0,0.66,0.4
2010-05-25,中信证券,600030,7.65,7.75,7.35,7.57,7.83,753596,1547811611.0,1.15,-3.32
2010-05-24,中信证券,600030,7.22,7.97,7.22,7.83,7.13,1048152,2175744432.0,1.6,9.82
2010-05-21,中信证券,600030,6.67,7.21,6.59,7.13,7.03,629161,1219520585.0,0.96,1.42
2010-05-20,中信证券,600030,7.01,7.3,6.97,7.03,7.13,445167,881336083.0,0.68,-1.4
2010-05-19,中信证券,600030,7.14,7.34,7.02,7.13,7.29,562475,1118908832.0,0.86,-2.19
2010-05-18,中信证券,600030,7.06,7.38,6.97,7.29,6.97,687125,1362926130.0,1.05,4.59
2010-05-17,中信证券,600030,7.72,7.72,6.96,6.97,7.95,914393,1831914181.0,1.39,-12.33
2010-05-14,中信证券,600030,8.04,8.16,7.89,7.95,8.19,501514,1067944202.0,0.76,-2.93
2010-05-13,中信证券,600030,7.87,8.2,7.84,8.19,7.84,720689,1538083552.0,1.1,4.46
2010-05-12,中信证券,600030,7.7,7.95,7.43,7.84,7.8,673668,1400821355.0,1.03,0.51
2010-05-11,中信证券,600030,8.77,8.77,7.78,7.8,8.41,875373,1904709992.0,1.33,-7.25
2010-05-10,中信证券,600030,8.41,8.58,8.04,8.41,8.44,616948,1352182253.0,0.94,-0.36
2010-05-07,中信证券,600030,8.41,8.8,7.99,8.44,8.48,795767,1766641679.0,1.21,-0.47
2010-05-06,中信证券,600030,9.34,9.44,8.41,8.48,9.59,1273717,2924279931.0,1.94,-11.57
2010-05-05,中信证券,600030,9.25,9.73,9.25,9.59,10.76,2238830,5321903279.0,3.41,-10.87
2010-05-04,中信证券,600030,10.76,10.76,10.76,10.76,12.44,145743,379660515.0,0.22,-13.5
2010-04-15,中信证券,600030,12.38,12.61,12.27,12.44,12.28,926502,2683069201.0,1.41,1.3
2010-04-14,中信证券,600030,12.38,12.41,12.19,12.28,12.35,543226,1555051506.0,0.83,-0.57
2010-04-13,中信证券,600030,11.81,12.36,11.79,12.35,11.81,986560,2806191694.0,1.5,4.57
2010-04-12,中信证券,600030,12.01,12.15,11.69,11.81,12.02,603174,1687981566.0,0.92,-1.75
2010-04-09,中信证券,600030,11.87,12.05,11.86,12.02,11.86,431307,1214604150.0,0.66,1.35
2010-04-08,中信证券,600030,12.05,12.05,11.84,11.86,12.12,581928,1634063725.0,0.89,-2.15
2010-04-07,中信证券,600030,12.38,12.38,12.0,12.12,12.42,666822,1896984993.0,1.01,-2.42
2010-04-06,中信证券,600030,12.39,12.63,12.31,12.42,12.36,727349,2108056058.0,1.11,0.49
2010-04-02,中信证券,600030,12.37,12.41,12.25,12.36,12.35,630403,1812676279.0,0.96,0.08
2010-04-01,中信证券,600030,12.15,12.39,12.04,12.35,12.13,933217,2669337454.0,1.42,1.81
2010-03-31,中信证券,600030,12.35,12.43,12.09,12.13,12.05,881913,2522525314.0,1.34,0.66
2010-03-30,中信证券,600030,12.11,12.15,11.92,12.05,12.1,513966,1452431067.0,0.78,-0.41
2010-03-29,中信证券,600030,11.69,12.15,11.69,12.1,11.55,1048069,2956679163.0,1.6,4.76
2010-03-26,中信证券,600030,11.35,11.63,11.29,11.55,11.36,493787,1348194408.0,0.75,1.67
2010-03-25,中信证券,600030,11.66,11.66,11.33,11.36,11.68,568819,1549840794.0,0.87,-2.74
2010-03-24,中信证券,600030,11.76,11.86,11.63,11.68,11.69,485153,1343798204.0,0.74,-0.09
2010-03-23,中信证券,600030,11.95,11.99,11.69,11.69,11.93,553522,1539254318.0,0.84,-2.01
2010-03-22,中信证券,600030,12.17,12.17,11.91,11.93,12.02,657246,1852410211.0,1.0,-0.75
2010-03-19,中信证券,600030,12.04,12.06,11.8,12.02,12.02,545762,1530732364.0,0.83,0.0
2010-03-18,中信证券,600030,12.17,12.2,11.94,12.02,12.18,546169,1547774828.0,0.83,-1.31
2010-03-17,中信证券,600030,12.04,12.19,11.86,12.18,11.96,765153,2162711280.0,1.16,1.84
2010-03-16,中信证券,600030,11.73,12.02,11.72,11.96,11.76,642191,1798765076.0,0.98,1.7
2010-03-15,中信证券,600030,11.89,11.94,11.62,11.76,11.72,614736,1705801776.0,0.94,0.34
2010-03-12,中信证券,600030,11.81,12.0,11.69,11.72,11.8,890797,2485689657.0,1.36,-0.68
2010-03-11,中信证券,600030,11.57,11.89,11.43,11.8,11.45,1008128,2790714615.0,1.53,3.06
2010-03-10,中信证券,600030,11.46,11.72,11.38,11.45,11.42,579817,1590176997.0,0.88,0.26
2010-03-09,中信证券,600030,11.35,11.52,11.11,11.42,11.36,501657,1357754260.0,0.76,0.53
2010-03-08,中信证券,600030,11.43,11.45,11.25,11.36,11.38,410569,1110187675.0,0.62,-0.18
2010-03-05,中信证券,600030,11.14,11.54,11.14,11.38,11.1,651254,1767828333.0,0.99,2.52
2010-03-04,中信证券,600030,11.66,11.66,11.08,11.1,11.66,668871,1812703035.0,1.02,-4.8
2010-03-03,中信证券,600030,11.54,11.72,11.37,11.66,11.59,606625,1663426536.0,0.92,0.6
2010-03-02,中信证券,600030,11.75,11.8,11.5,11.59,11.74,497950,1370930918.0,0.76,-1.28
2010-03-01,中信证券,600030,11.48,11.79,11.45,11.74,11.5,548530,1512700905.0,0.83,2.09
2010-02-26,中信证券,600030,11.65,11.65,11.44,11.5,11.66,478021,1310125196.0,0.73,-1.37
2010-02-25,中信证券,600030,11.51,11.76,11.41,11.66,11.39,701810,1933292935.0,1.07,2.37
2010-02-24,中信证券,600030,11.08,11.41,11.0,11.39,11.22,415265,1115104355.0,0.63,1.52
2010-02-23,中信证券,600030,11.54,11.54,11.0,11.22,11.61,582787,1561741344.0,0.89,-3.36
2010-02-22,中信证券,600030,11.6,11.81,11.49,11.61,11.5,549621,1514144131.0,0.84,0.96
2010-02-12,中信证券,600030,11.5,11.54,11.32,11.5,11.46,429965,1172146815.0,0.65,0.35
2010-02-11,中信证券,600030,11.48,11.56,11.39,11.46,11.46,424335,1158106986.0,0.65,0.0
2010-02-10,中信证券,600030,11.37,11.47,11.19,11.46,11.23,523532,1416630887.0,0.8,2.05
2010-02-09,中信证券,600030,11.13,11.4,11.08,11.23,11.21,460837,1237246149.0,0.7,0.18
2010-02-08,中信证券,600030,10.9,11.44,10.82,11.21,10.89,539458,1436788827.0,0.82,2.94
2010-02-05,中信证券,600030,10.74,11.04,10.72,10.89,11.24,661347,1732932669.0,1.01,-3.11
2010-02-04,中信证券,600030,11.21,11.41,11.14,11.24,11.4,674876,1817583177.0,1.03,-1.4
2010-02-03,中信证券,600030,11.02,11.41,10.67,11.4,10.77,1149158,3066512943.0,1.75,5.85
2010-02-02,中信证券,600030,11.1,11.19,10.72,10.77,10.99,845143,2234101443.0,1.29,-2.0
2010-02-01,中信证券,600030,11.83,11.83,10.89,10.99,12.05,1367974,3659428881.0,2.08,-8.8
2010-01-29,中信证券,600030,12.08,12.45,12.01,12.05,12.16,660253,1883455020.0,1.0,-0.9
2010-01-28,中信证券,600030,12.05,12.18,11.89,12.16,12.05,514751,1456971507.0,0.78,0.91
2010-01-27,中信证券,600030,12.19,12.31,12.02,12.05,12.16,643078,1832727447.0,0.98,-0.9
2010-01-26,中信证券,600030,12.59,12.73,12.01,12.16,12.57,815277,2332106550.0,1.24,-3.26
2010-01-25,中信证券,600030,12.48,12.84,12.35,12.57,12.59,761393,2234859820.0,1.16,-0.16
2010-01-22,中信证券,600030,12.59,12.82,12.19,12.59,12.93,1217141,3541346898.0,1.85,-2.63
2010-01-21,中信证券,600030,12.85,13.01,12.54,12.93,12.8,1138820,3370782004.0,1.73,1.02
2010-01-20,中信证券,600030,13.51,13.51,12.7,12.8,13.63,2146467,6436833967.0,3.27,-6.09
2010-01-19,中信证券,600030,13.58,13.88,13.46,13.63,13.58,1162184,3606246428.0,1.77,0.37
2010-01-18,中信证券,600030,13.89,13.89,13.34,13.58,14.2,1793274,5540379110.0,2.73,-4.37
2010-01-15,中信证券,600030,14.38,14.49,14.05,14.2,14.36,919582,2946600173.0,1.4,-1.11
2010-01-14,中信证券,600030,14.17,14.55,13.87,14.36,14.09,1101307,3524337699.0,1.68,1.92
2010-01-13,中信证券,600030,14.59,14.88,14.01,14.09,15.12,1828044,5926775317.0,2.78,-6.81
2010-01-12,中信证券,600030,14.79,15.29,14.42,15.12,15.03,1334601,4424817391.0,2.03,0.6
2010-01-11,中信证券,600030,16.23,16.23,14.88,15.03,14.36,3089309,10592362773.0,4.7,4.67
2010-01-08,中信证券,600030,13.88,14.42,13.8,14.36,14.01,1040930,3313809660.0,1.58,2.5
2010-01-07,中信证券,600030,14.45,14.72,13.86,14.01,14.46,1235592,3980014778.0,1.88,-3.11
2010-01-06,中信证券,600030,14.79,14.88,14.44,14.46,14.68,1437889,4728323923.0,2.19,-1.5
2010-01-05,中信证券,600030,13.95,14.85,13.52,14.68,13.8,2093915,6750708693.0,3.19,6.38
2010-01-04,中信证券,600030,14.21,14.38,13.77,13.8,14.08,1106208,3510114277.0,1.68,-1.99
2009-12-31,中信证券,600030,14.03,14.2,13.87,14.08,13.91,1594097,5062886315.0,2.43,1.22
2009-12-30,中信证券,600030,13.65,14.04,13.65,13.91,13.51,2363301,7435863107.0,3.6,2.96
2009-12-29,中信证券,600030,12.96,13.52,12.96,13.51,12.97,1369717,4180826347.0,2.08,4.16
2009-12-28,中信证券,600030,12.69,13.15,12.64,12.97,12.37,1070242,3191140233.0,1.63,4.85
2009-12-25,中信证券,600030,12.5,12.57,12.35,12.37,12.52,457330,1323720506.0,0.7,-1.2
2009-12-24,中信证券,600030,12.22,12.62,12.06,12.52,12.13,835878,2411311191.0,1.27,3.22
2009-12-23,中信证券,600030,12.04,12.22,11.93,12.13,12.02,619708,1754949487.0,0.94,0.92
2009-12-22,中信证券,600030,12.57,12.57,11.95,12.02,12.57,643906,1845813535.0,0.98,-4.38
2009-12-21,中信证券,600030,12.3,12.61,12.21,12.57,12.2,698752,2021132212.0,1.06,3.03
2009-12-18,中信证券,600030,12.23,12.47,11.91,12.2,12.36,831679,2372965871.0,1.27,-1.29
2009-12-17,中信证券,600030,12.71,12.78,12.3,12.36,12.69,702312,2039460929.0,1.07,-2.6
2009-12-16,中信证券,600030,12.45,13.05,12.45,12.69,12.68,632915,1868617280.0,0.96,0.08
2009-12-15,中信证券,600030,12.93,13.02,12.64,12.68,13.11,677189,2004867720.0,1.03,-3.28
2009-12-14,中信证券,600030,12.9,13.28,12.35,13.11,13.05,1116496,3293197166.0,1.7,0.46
2009-12-11,中信证券,600030,13.24,13.36,13.0,13.05,13.22,667769,2016897697.0,1.02,-1.29
2009-12-10,中信证券,600030,13.17,13.37,12.88,13.22,13.04,869345,2622793541.0,1.32,1.38
2009-12-09,中信证券,600030,13.28,13.44,12.99,13.04,13.52,921299,2784737758.0,1.4,-3.55
2009-12-08,中信证券,600030,14.04,14.08,13.24,13.52,14.01,1445865,4474693881.0,2.2,-3.5
2009-12-07,中信证券,600030,14.03,14.41,13.89,14.01,13.97,1673069,5324937244.0,2.55,0.29
2009-12-04,中信证券,600030,13.12,14.16,12.94,13.97,13.12,2294589,7072634801.0,3.49,6.48
2009-12-03,中信证券,600030,13.0,13.48,12.94,13.12,12.92,1014436,3070866396.0,1.54,1.55
2009-12-02,中信证券,600030,13.01,13.14,12.82,12.92,12.94,817361,2437584662.0,1.24,-0.15
2009-12-01,中信证券,600030,12.49,13.12,12.35,12.94,12.58,1260388,3711827856.0,1.92,2.86
2009-11-30,中信证券,600030,11.69,12.91,11.69,12.58,11.49,1461162,4189752510.0,2.22,9.49
2009-11-27,中信证券,600030,11.87,12.01,11.43,11.49,12.06,1266790,3511047379.0,1.93,-4.73
2009-11-26,中信证券,600030,13.04,13.12,12.01,12.06,13.06,1349525,3939771875.0,2.05,-7.66
2009-11-25,中信证券,600030,12.89,13.11,12.48,13.06,12.92,1150594,3411917133.0,1.75,1.08
2009-11-24,中信证券,600030,13.72,13.91,12.86,12.92,13.61,1530320,4692632897.0,2.33,-5.07
2009-11-23,中信证券,600030,13.57,13.73,13.41,13.61,13.55,852318,2630732201.0,1.3,0.44
2009-11-20,中信证券,600030,13.22,13.8,13.05,13.55,13.28,1187044,3637019304.0,1.81,2.03
2009-11-19,中信证券,600030,13.22,13.54,13.17,13.28,13.11,882286,2686283631.0,1.34,1.3
2009-11-18,中信证券,600030,13.11,13.29,13.0,13.11,13.18,772217,2329045628.0,1.18,-0.53
2009-11-17,中信证券,600030,13.46,13.46,13.1,13.18,13.43,1091243,3307809730.0,1.66,-1.86
2009-11-16,中信证券,600030,12.63,13.44,12.63,13.43,12.54,1609659,4851217008.0,2.45,7.1
2009-11-13,中信证券,600030,12.64,12.65,12.24,12.54,12.68,902922,2618743749.0,1.37,-1.1
2009-11-12,中信证券,600030,12.76,12.9,12.62,12.68,12.74,1062372,3133596537.0,1.62,-0.47
2009-11-11,中信证券,600030,12.35,12.86,12.19,12.74,12.26,1498627,4364340097.0,2.28,3.92
2009-11-10,中信证券,600030,12.44,12.51,12.24,12.26,12.31,825726,2383753908.0,1.26,-0.41
2009-11-09,中信证券,600030,12.3,12.35,12.07,12.31,12.18,774776,2214021501.0,1.18,1.07
2009-11-06,中信证券,600030,12.38,12.43,12.14,12.18,12.13,868234,2487093820.0,1.32,0.41
2009-11-05,中信证券,600030,12.23,12.27,11.95,12.13,12.18,727174,2063710111.0,1.11,-0.41
2009-11-04,中信证券,600030,11.91,12.37,11.8,12.18,11.91,1147237,3254401993.0,1.75,2.27
2009-11-03,中信证券,600030,11.75,12.09,11.68,11.91,11.64,1024749,2875546868.0,1.56,2.32
2009-11-02,中信证券,600030,10.84,11.69,10.74,11.64,11.33,1053082,2831410220.0,1.6,2.74
2009-10-30,中信证券,600030,11.54,11.6,11.31,11.33,11.3,689201,1878996898.0,1.05,0.27
2009-10-29,中信证券,600030,11.32,11.5,11.22,11.3,11.7,724775,1960825323.0,1.1,-3.42
2009-10-28,中信证券,600030,11.35,11.79,11.17,11.7,11.41,1005227,2745982894.0,1.53,2.54
2009-10-27,中信证券,600030,11.87,11.87,11.35,11.41,12.09,1117891,3071229610.0,1.7,-5.62
2009-10-26,中信证券,600030,12.4,12.41,11.97,12.09,12.35,911663,2592354589.0,1.39,-2.11
2009-10-23,中信证券,600030,12.21,12.59,12.18,12.35,12.16,994728,2867462582.0,1.51,1.56
2009-10-22,中信证券,600030,12.21,12.47,12.12,12.16,12.32,959572,2749580250.0,1.46,-1.3
2009-10-21,中信证券,600030,12.0,12.64,11.8,12.32,11.96,1738836,4992661511.0,2.65,3.01
2009-10-20,中信证券,600030,11.9,11.99,11.67,11.96,11.77,1099032,3070149027.0,1.67,1.61
2009-10-19,中信证券,600030,11.3,11.8,11.21,11.77,11.36,915723,2515724593.0,1.39,3.61
2009-10-16,中信证券,600030,11.45,11.51,11.02,11.36,11.39,793606,2127415363.0,1.21,-0.26
2009-10-15,中信证券,600030,11.37,11.84,11.33,11.39,11.11,1053008,2889385982.0,1.6,2.52
2009-10-14,中信证券,600030,10.89,11.4,10.8,11.11,10.84,959121,2559066212.0,1.46,2.49
2009-10-13,中信证券,600030,10.56,10.88,10.52,10.84,10.64,511066,1329320641.0,0.78,1.88
2009-10-12,中信证券,600030,10.84,10.91,10.64,10.64,10.83,633031,1652651267.0,0.96,-1.75
2009-10-09,中信证券,600030,10.53,10.85,10.38,10.83,10.16,800687,2070438715.0,1.22,6.59
2009-09-30,中信证券,600030,9.95,10.2,9.81,10.16,9.81,755371,1872838406.0,1.15,3.57
2009-09-29,中信证券,600030,10.01,10.07,9.6,9.81,9.97,600099,1465530410.0,0.91,-1.6
2009-09-28,中信证券,600030,10.42,10.55,9.88,9.97,10.41,572302,1437580177.0,0.87,-4.23
2009-09-25,中信证券,600030,10.47,10.61,10.21,10.41,10.62,593485,1511885524.0,0.9,-1.98
2009-09-24,中信证券,600030,10.42,10.84,10.1,10.62,10.42,848752,2158754178.0,1.29,1.92
2009-09-23,中信证券,600030,10.69,10.82,10.32,10.42,10.65,759373,1953589540.0,1.16,-2.16
2009-09-22,中信证券,600030,11.07,11.31,10.64,10.65,11.14,856220,2260913275.0,1.3,-4.4
2009-09-21,中信证券,600030,11.15,11.22,10.61,11.14,11.32,1010935,2657902277.0,1.54,-1.59
2009-09-18,中信证券,600030,12.01,12.15,11.17,11.32,11.94,1373708,3815900748.0,2.09,-5.19
2009-09-17,中信证券,600030,11.73,12.01,11.72,11.94,11.62,929932,2606439178.0,1.42,2.75
2009-09-16,中信证券,600030,11.93,12.03,11.43,11.62,12.01,1138431,3148536759.0,1.73,-3.25
2009-09-15,中信证券,600030,12.12,12.22,11.86,12.01,12.11,1169008,3300955171.0,1.78,-0.83
2009-09-14,中信证券,600030,11.57,12.19,11.46,12.11,11.57,1471766,4105930990.0,2.24,4.67
2009-09-11,中信证券,600030,11.2,11.7,11.2,11.57,11.14,1171584,3202223373.0,1.78,3.86
2009-09-10,中信证券,600030,11.37,11.46,11.08,11.14,11.55,894971,2407543687.0,1.36,-3.55
2009-09-09,中信证券,600030,11.54,11.83,11.25,11.55,11.31,1614468,4429141467.0,2.46,2.12
2009-09-08,中信证券,600030,10.96,11.34,10.67,11.31,11.13,1246719,3313367292.0,1.9,1.62
2009-09-07,中信证券,600030,11.17,11.46,10.93,11.13,11.02,1274848,3431657267.0,1.94,1.0
2009-09-04,中信证券,600030,11.06,11.23,10.85,11.02,11.06,1230441,3261718779.0,1.87,-0.36
2009-09-03,中信证券,600030,10.15,11.11,10.09,11.06,10.1,1638328,4241286226.0,2.49,9.5
2009-09-02,中信证券,600030,9.9,10.27,9.8,10.1,10.02,909544,2260814363.0,1.38,0.8
2009-09-01,中信证券,600030,9.83,10.4,9.71,10.02,9.86,1232105,3055898179.0,1.88,1.62
2009-08-31,中信证券,600030,10.9,10.9,9.83,9.86,11.01,1594214,3983578367.0,2.43,-10.45
2009-08-28,中信证券,600030,11.82,11.88,10.87,11.01,11.8,1493028,3996562371.0,2.27,-6.69
2009-08-27,中信证券,600030,11.66,12.11,11.57,11.8,11.77,1125924,3137717523.0,1.71,0.25
2009-08-26,中信证券,600030,11.25,11.98,11.15,11.77,11.47,1227557,3398181443.0,1.87,2.62
2009-08-25,中信证券,600030,12.35,12.35,10.96,11.47,12.4,1635042,4481572292.0,2.49,-7.5
2009-08-24,中信证券,600030,12.45,12.52,12.15,12.4,12.34,1085357,3122558654.0,1.65,0.49
2009-08-21,中信证券,600030,12.18,12.52,11.95,12.34,12.26,1326402,3794420774.0,2.02,0.65
2009-08-20,中信证券,600030,11.73,12.3,11.58,12.26,11.58,1443726,4072070843.0,2.2,5.87
2009-08-19,中信证券,600030,12.92,12.96,11.48,11.58,12.92,1697272,4833287295.0,2.58,-10.37
2009-08-18,中信证券,600030,13.62,13.62,12.35,12.92,13.66,1766930,5218459170.0,2.69,-5.42
2009-08-17,中信证券,600030,14.04,14.38,13.62,13.66,14.53,1668734,5293082467.0,2.54,-5.99
2009-08-14,中信证券,600030,14.44,14.92,13.86,14.53,14.44,1795792,5806359393.0,2.73,0.62
2009-08-13,中信证券,600030,14.47,14.6,14.02,14.44,14.44,1431141,4618987475.0,2.18,0.0
2009-08-12,中信证券,600030,15.57,15.58,14.41,14.44,15.68,1531432,5080342602.0,2.33,-7.91
2009-08-11,中信证券,600030,15.72,15.79,15.31,15.68,15.64,860276,2955308793.0,1.31,0.26
2009-08-10,中信证券,600030,16.24,16.32,15.22,15.64,15.92,1331769,4615499034.0,2.03,-1.76
2009-08-07,中信证券,600030,16.03,16.34,15.76,15.92,15.95,1426677,5009649783.0,2.17,-0.19
2009-08-06,中信证券,600030,16.52,16.52,15.54,15.95,16.75,1909113,6693037591.0,2.91,-4.78
2009-08-05,中信证券,600030,17.43,17.49,16.47,16.75,17.41,1558705,5711908860.0,2.37,-3.79
2009-08-04,中信证券,600030,17.91,17.91,17.1,17.41,17.79,1132730,4254474842.0,1.72,-2.14
2009-08-03,中信证券,600030,18.04,18.15,17.54,17.79,17.7,1299016,4964144177.0,1.98,0.51
2009-07-31,中信证券,600030,17.19,17.8,16.79,17.7,17.09,1533100,5727945634.0,2.33,3.57
2009-07-30,中信证券,600030,16.9,17.28,16.07,17.09,16.44,1782458,6497393567.0,2.71,3.95
2009-07-29,中信证券,600030,17.21,18.01,15.43,16.44,17.32,2338285,8611156489.0,3.56,-5.08
2009-07-28,中信证券,600030,16.81,17.37,16.41,17.32,16.75,1389338,5070505187.0,2.11,3.4
2009-07-27,中信证券,600030,16.24,16.84,16.06,16.75,15.77,1588242,5711415754.0,2.42,6.21
2009-07-24,中信证券,600030,15.95,16.18,15.3,15.77,15.68,1309462,4544819351.0,1.99,0.57
2009-07-23,中信证券,600030,15.77,15.95,15.46,15.68,15.81,1234831,4272601565.0,1.88,-0.82
2009-07-22,中信证券,600030,14.73,15.88,14.7,15.81,14.89,2071569,7049008330.0,3.15,6.18
2009-07-21,中信证券,600030,14.97,15.48,14.79,14.89,14.68,1925904,6486898114.0,2.93,1.43
2009-07-20,中信证券,600030,14.43,14.76,14.21,14.68,14.39,1286558,4189722079.0,1.96,2.02
2009-07-17,中信证券,600030,14.69,14.78,14.15,14.39,14.66,1268924,4110194385.0,1.93,-1.84
2009-07-16,中信证券,600030,14.87,15.14,14.57,14.66,14.66,1268507,4207727791.0,1.93,0.0
2009-07-15,中信证券,600030,14.76,15.08,14.57,14.66,14.67,1419939,4686385447.0,2.16,-0.07
2009-07-14,中信证券,600030,14.04,14.71,14.04,14.67,13.91,1885553,6077721609.0,2.87,5.46
2009-07-13,中信证券,600030,14.38,14.49,13.86,13.91,14.6,1689206,5384425192.0,2.57,-4.73
2009-07-10,中信证券,600030,14.76,14.99,14.38,14.6,14.74,1530195,5020182491.0,2.33,-0.95
2009-07-09,中信证券,600030,14.59,14.89,14.47,14.74,14.59,1637872,5383023564.0,2.49,1.03
2009-07-08,中信证券,600030,13.81,14.88,13.47,14.59,14.07,2472785,7832551606.0,3.76,3.7
2009-07-07,中信证券,600030,14.05,14.35,13.89,14.07,13.98,1809413,5767360915.0,2.75,0.64
2009-07-06,中信证券,600030,13.04,14.52,13.04,13.98,12.81,2832666,8886063506.0,4.31,9.13
2009-07-03,中信证券,600030,12.41,12.96,12.17,12.81,12.55,1733287,5064958964.0,2.64,2.07
2009-07-02,中信证券,600030,12.53,12.82,12.41,12.55,12.48,1579558,4611695312.0,2.4,0.56
2009-07-01,中信证券,600030,11.89,12.58,11.84,12.48,12.04,1908920,5470532536.0,2.91,3.65
2009-06-30,中信证券,600030,12.09,12.34,11.61,12.04,11.86,2281534,6405543443.0,3.47,1.52
2009-06-26,中信证券,600030,12.06,12.13,11.77,11.86,12.02,984417,2754797417.0,1.5,-1.33
2009-06-25,中信证券,600030,12.18,12.42,11.95,12.02,12.3,1096806,3117796860.0,1.67,-2.28
2009-06-24,中信证券,600030,11.98,12.35,11.69,12.3,12.08,1517352,4265497207.0,2.31,1.82
2009-06-23,中信证券,600030,12.18,12.45,11.75,12.08,12.56,1652564,4681746657.0,2.52,-3.82
2009-06-22,中信证券,600030,13.12,13.13,12.48,12.56,12.78,1206049,3559081277.0,1.84,-1.72
2009-06-19,中信证券,600030,12.4,13.08,12.3,12.78,12.32,1627293,4819043640.0,2.48,3.73
2009-06-18,中信证券,600030,12.26,12.64,12.19,12.32,12.22,1433371,4146822059.0,2.18,0.82
2009-06-17,中信证券,600030,12.18,12.36,11.79,12.22,12.22,1155000,3266031300.0,1.76,0.0
2009-06-16,中信证券,600030,11.53,12.41,11.43,12.22,11.66,1914692,5411080877.0,2.91,4.8
2009-06-15,中信证券,600030,11.51,11.69,11.31,11.66,11.45,934873,2556067403.0,1.42,1.83
2009-06-12,中信证券,600030,11.44,11.87,11.18,11.45,11.4,1145250,3126475999.0,1.74,0.44
2009-06-11,中信证券,600030,11.77,11.95,11.37,11.4,11.72,1249084,3451025152.0,1.9,-2.73
2009-06-10,中信证券,600030,11.77,11.95,11.57,11.72,11.74,1391450,3930454202.0,2.12,-0.17
2009-06-09,中信证券,600030,11.08,11.75,10.73,11.74,11.07,1580374,4318792780.0,2.41,6.05
2009-06-08,中信证券,600030,11.08,11.36,10.85,11.07,10.96,1172473,3184409380.0,1.78,1.0
2009-06-05,中信证券,600030,11.36,11.47,10.92,10.96,11.15,1096155,2977576813.0,1.67,-1.7
2009-06-04,中信证券,600030,10.87,11.53,10.79,11.15,10.96,2013819,5490367557.0,3.06,1.73
2009-06-03,中信证券,600030,10.45,11.06,10.41,10.96,10.49,1771108,4707888439.0,2.7,4.48
2009-06-02,中信证券,600030,10.73,10.75,10.44,10.49,10.63,1185517,3108840309.0,1.8,-1.32
2009-06-01,中信证券,600030,10.26,10.76,10.21,10.63,10.11,1862860,4874263148.0,2.84,5.14
2009-05-27,中信证券,600030,10.01,10.26,9.86,10.11,9.94,731209,1852579247.0,1.11,1.71
2009-05-26,中信证券,600030,10.37,10.43,9.92,9.94,9.75,1302274,3327683857.0,1.98,1.95
2009-05-22,中信证券,600030,9.58,9.9,9.57,9.75,9.71,498721,1234440722.0,0.76,0.41
2009-05-21,中信证券,600030,9.97,10.09,9.6,9.71,10.1,998892,2486104698.0,1.52,-3.86
2009-05-20,中信证券,600030,10.27,10.45,10.09,10.1,10.31,925930,2376168961.0,1.41,-2.04
2009-05-19,中信证券,600030,10.48,10.56,10.1,10.31,10.3,1021558,2638226570.0,1.55,0.1
2009-05-18,中信证券,600030,10.41,10.41,9.97,10.3,10.5,808335,2061151606.0,1.23,-1.9
2009-05-15,中信证券,600030,10.66,10.83,10.39,10.5,10.51,984189,2581549994.0,1.5,-0.1
2009-05-14,中信证券,600030,10.35,10.66,10.27,10.51,10.57,1291269,3368403296.0,1.97,-0.57
2009-05-13,中信证券,600030,10.13,10.72,9.87,10.57,10.09,1949581,5060902579.0,2.97,4.76
2009-05-12,中信证券,600030,9.74,10.1,9.7,10.09,9.94,949216,2378767934.0,1.44,1.51
2009-05-11,中信证券,600030,10.31,10.86,9.92,9.94,10.19,2446092,6376214956.0,3.72,-2.45
2009-05-08,中信证券,600030,9.65,10.27,9.46,10.19,9.71,1706853,4274786583.0,2.6,4.94
2009-05-07,中信证券,600030,9.95,10.09,9.61,9.71,9.85,1353763,3371863111.0,2.06,-1.42
2009-05-06,中信证券,600030,9.92,9.99,9.67,9.85,9.95,1258726,3138670478.0,1.92,-1.01
2009-05-05,中信证券,600030,10.19,10.32,9.83,9.95,10.07,1207070,3049109053.0,1.84,-1.19
2009-05-04,中信证券,600030,9.44,10.12,9.37,10.07,9.43,1481061,3692410358.0,2.25,6.79
2009-04-30,中信证券,600030,9.75,9.75,9.17,9.43,9.99,1999966,4846392252.0,3.04,-5.61
2009-04-29,中信证券,600030,9.59,10.12,9.47,9.99,9.61,966992,2406597668.0,1.47,3.95
2009-04-28,中信证券,600030,9.06,9.66,9.06,9.61,9.25,875949,2123890839.0,1.33,3.89
2009-04-27,中信证券,600030,9.55,9.68,9.12,9.25,9.64,779603,1874264872.0,1.19,-4.05
2009-04-24,中信证券,600030,10.09,10.09,9.55,9.64,9.99,932574,2308254309.0,1.42,-3.5
2009-04-23,中信证券,600030,9.87,10.05,9.75,9.99,9.9,811335,2034213131.0,1.23,0.91
2009-04-22,中信证券,600030,10.73,10.82,9.87,9.9,10.64,1495715,3855453553.0,2.28,-6.95
2009-04-21,中信证券,600030,10.7,10.91,10.34,10.64,11.1,1268359,3335545429.0,1.93,-4.14
2009-04-20,中信证券,600030,10.95,11.18,10.75,11.1,11.06,960454,2592168175.0,1.46,0.36
2009-04-17,中信证券,600030,10.56,11.42,10.46,11.06,10.68,1770564,4776697543.0,2.69,3.56
2009-04-16,中信证券,600030,11.05,11.25,10.44,10.68,10.93,1024326,2737474169.0,1.56,-2.29
2009-04-15,中信证券,600030,10.85,11.05,10.38,10.93,10.9,1173787,3108193300.0,1.79,0.28
2009-04-14,中信证券,600030,10.44,11.1,10.36,10.9,10.44,1580795,4221110613.0,2.41,4.41
2009-04-13,中信证券,600030,10.41,10.73,10.35,10.44,10.17,1578621,4128094473.0,2.4,2.65
2009-04-10,中信证券,600030,9.69,10.2,9.51,10.17,9.54,1238304,3093630484.0,1.88,6.6
2009-04-09,中信证券,600030,9.35,9.56,9.21,9.54,9.35,856362,2074182339.0,1.3,2.03
2009-04-08,中信证券,600030,9.97,10.02,9.28,9.35,10.06,1255047,3075055623.0,1.91,-7.06
2009-04-07,中信证券,600030,10.27,10.54,9.8,10.06,10.27,1006777,2562167515.0,1.53,-2.04
2009-04-03,中信证券,600030,10.61,10.76,10.25,10.27,10.42,1188841,3101640066.0,1.81,-1.44
2009-04-02,中信证券,600030,10.3,10.73,10.3,10.42,10.21,1388245,3637830040.0,2.11,2.06
2009-04-01,中信证券,600030,10.24,10.44,9.95,10.21,10.13,1346011,3442927669.0,2.05,0.79
2009-03-31,中信证券,600030,9.73,10.34,9.44,10.13,9.81,1631785,4082852894.0,2.48,3.26
2009-03-30,中信证券,600030,9.4,9.98,9.28,9.81,9.39,1497257,3697922969.0,2.28,4.47
2009-03-27,中信证券,600030,9.44,9.73,9.22,9.39,9.3,1109022,2700360584.0,1.69,0.97
2009-03-26,中信证券,600030,8.99,9.34,8.64,9.3,8.86,1153053,2706047075.0,1.75,4.97
2009-03-25,中信证券,600030,9.25,9.46,8.82,8.86,9.36,1108777,2648941402.0,1.69,-5.34
2009-03-24,中信证券,600030,9.62,9.79,9.29,9.36,9.23,1295241,3167799433.0,1.97,1.41
2009-03-23,中信证券,600030,8.82,9.34,8.73,9.23,8.78,1250461,2979592394.0,1.9,5.13
2009-03-20,中信证券,600030,8.93,9.0,8.57,8.78,8.92,821900,1901238719.0,1.25,-1.57
2009-03-19,中信证券,600030,8.56,8.99,8.5,8.92,8.54,1162275,2689852370.0,1.77,4.45
2009-03-18,中信证券,600030,8.51,8.86,8.48,8.54,8.48,1308157,3003719437.0,1.99,0.71
2009-03-17,中信证券,600030,8.06,8.59,7.84,8.48,8.04,1191876,2665566610.0,1.81,5.47
2009-03-16,中信证券,600030,7.69,8.1,7.55,8.04,7.72,692798,1490951938.0,1.05,4.15
2009-03-13,中信证券,600030,7.95,8.05,7.59,7.72,7.93,884092,1894566992.0,1.35,-2.65
2009-03-12,中信证券,600030,7.92,8.02,7.57,7.93,8.02,766712,1640829979.0,1.17,-1.12
2009-03-11,中信证券,600030,8.44,8.62,7.98,8.02,8.03,1171203,2622190335.0,1.78,-0.12
2009-03-10,中信证券,600030,7.54,8.07,7.48,8.03,7.69,824150,1758906376.0,1.25,4.42
2009-03-09,中信证券,600030,8.74,8.89,7.66,7.69,8.67,1520975,3373212985.0,2.31,-11.3
2009-03-06,中信证券,600030,8.3,8.96,8.23,8.67,8.68,1616494,3688573983.0,2.46,-0.12
2009-03-05,中信证券,600030,8.95,9.05,8.37,8.68,8.68,1969248,4558768665.0,3.0,0.0
2009-03-04,中信证券,600030,7.79,8.79,7.79,8.68,7.59,1675732,3731544311.0,2.55,14.36
2009-03-03,中信证券,600030,7.37,7.75,7.26,7.59,7.77,718994,1506247617.0,1.09,-2.32
2009-03-02,中信证券,600030,7.63,7.88,7.46,7.77,7.76,791906,1683960925.0,1.21,0.13
2009-02-27,中信证券,600030,7.66,7.94,7.54,7.76,7.69,1268315,2709506843.0,1.93,0.91
2009-02-26,中信证券,600030,8.3,8.49,7.52,7.69,8.45,1398751,3065128525.0,2.13,-8.99
2009-02-25,中信证券,600030,8.57,8.64,7.84,8.45,8.34,1621251,3608133893.0,2.47,1.32
2009-02-24,中信证券,600030,9.43,9.55,8.32,8.34,9.76,2418194,5623071734.0,3.68,-14.55
2009-02-23,中信证券,600030,9.17,9.89,8.93,9.76,9.36,1220071,2961115998.0,1.86,4.27
2009-02-20,中信证券,600030,9.16,9.44,8.9,9.36,9.24,975042,2323650704.0,1.48,1.3
2009-02-19,中信证券,600030,9.46,9.51,8.92,9.24,9.33,1249163,2989477067.0,1.9,-0.96
2009-02-18,中信证券,600030,9.73,9.87,9.18,9.33,10.08,1497536,3654723180.0,2.28,-7.44
2009-02-17,中信证券,600030,10.68,10.7,10.04,10.08,10.71,1293601,3343169291.0,1.97,-5.88
2009-02-16,中信证券,600030,10.44,11.12,10.43,10.71,10.1,1791528,4751945349.0,2.73,6.04
2009-02-13,中信证券,600030,9.39,10.2,9.24,10.1,9.4,1366236,3397744565.0,2.08,7.45
2009-02-12,中信证券,600030,9.84,9.84,9.11,9.4,9.82,1319325,3200078674.0,2.01,-4.28
2009-02-11,中信证券,600030,9.05,10.61,8.82,9.82,9.36,2413915,5905579162.0,3.67,4.91
2009-02-10,中信证券,600030,9.39,9.57,8.92,9.36,9.39,1061786,2546076859.0,1.62,-0.32
2009-02-09,中信证券,600030,9.41,9.76,9.26,9.39,9.26,1475973,3602001933.0,2.25,1.4
2009-02-06,中信证券,600030,8.64,9.28,8.64,9.26,8.65,1084641,2561565749.0,1.65,7.05
2009-02-05,中信证券,600030,8.64,9.28,8.5,8.65,8.77,1482453,3455954427.0,2.26,-1.37
2009-02-04,中信证券,600030,8.34,8.79,8.27,8.77,8.24,1220890,2775254800.0,1.86,6.43
2009-02-03,中信证券,600030,8.06,8.41,7.98,8.24,7.94,1028429,2275360445.0,1.57,3.78
2009-02-02,中信证券,600030,8.08,8.18,7.76,7.94,7.99,559366,1212055365.0,0.85,-0.63
2009-01-23,中信证券,600030,8.0,8.21,7.92,7.99,8.0,830099,1817212087.0,1.26,-0.13
2009-01-22,中信证券,600030,8.08,8.23,7.77,8.0,7.94,923727,2017728494.0,1.41,0.76
2009-01-21,中信证券,600030,7.48,8.21,7.44,7.94,7.69,1614021,3496352764.0,2.46,3.25
2009-01-20,中信证券,600030,7.4,7.76,7.21,7.69,7.4,869934,1822240229.0,1.32,3.92
2009-01-19,中信证券,600030,7.51,7.89,7.2,7.4,7.29,1152596,2425365526.0,1.75,1.51
2009-01-16,中信证券,600030,6.93,7.83,6.93,7.29,6.83,2059394,4326344167.0,3.13,6.73
2009-01-15,中信证券,600030,6.84,7.08,6.7,6.83,7.04,1050126,2088433379.0,1.6,-2.98
2009-01-14,中信证券,600030,6.05,7.11,6.05,7.04,6.06,1293798,2520484744.0,1.97,16.17
2009-01-13,中信证券,600030,6.1,6.25,6.01,6.06,6.29,427121,792995513.0,0.65,-3.66
2009-01-12,中信证券,600030,6.33,6.5,6.16,6.29,6.42,532136,1005494072.0,0.81,-2.02
2009-01-09,中信证券,600030,6.31,6.53,6.31,6.42,6.37,496987,948557517.0,0.76,0.78
2009-01-08,中信证券,600030,6.27,6.39,6.15,6.37,6.48,600604,1131088989.0,0.91,-1.7
2009-01-07,中信证券,600030,6.57,6.74,6.45,6.48,6.6,668944,1297648304.0,1.02,-1.82
2009-01-06,中信证券,600030,6.21,6.7,6.18,6.6,6.3,968405,1861194806.0,1.47,4.76
2009-01-05,中信证券,600030,5.98,6.32,5.86,6.3,5.79,818978,1520774908.0,1.25,8.81
2008-12-31,中信证券,600030,5.91,5.98,5.77,5.79,5.87,560868,1014863187.0,0.85,-1.36
2008-12-30,中信证券,600030,6.09,6.19,5.86,5.87,6.17,737601,1353576562.0,1.12,-4.86
2008-12-29,中信证券,600030,6.39,6.53,6.09,6.17,6.32,677618,1273893651.0,1.03,-2.37
2008-12-26,中信证券,600030,6.27,6.56,6.09,6.32,6.31,691446,1311458077.0,1.05,0.16
2008-12-25,中信证券,600030,6.32,6.39,5.97,6.31,6.28,808592,1513349373.0,1.23,0.48
2008-12-24,中信证券,600030,6.46,6.63,6.15,6.28,6.65,892100,1692313964.0,1.36,-5.56
2008-12-23,中信证券,600030,7.54,7.54,6.63,6.65,7.55,1345372,2694294018.0,2.05,-11.92
2008-12-22,中信证券,600030,7.92,7.97,7.44,7.55,7.93,972996,2060731330.0,1.48,-4.79
2008-12-19,中信证券,600030,7.72,8.21,7.68,7.93,7.78,1273112,2764092795.0,1.94,1.93
2008-12-18,中信证券,600030,7.66,7.89,7.46,7.78,7.73,923470,1957127730.0,1.41,0.65
2008-12-17,中信证券,600030,7.75,8.11,7.56,7.73,7.81,1137745,2447102441.0,1.73,-1.02
2008-12-16,中信证券,600030,7.37,7.94,7.2,7.81,7.52,924117,1946543653.0,1.41,3.86
2008-12-15,中信证券,600030,7.75,7.86,7.35,7.52,7.48,871081,1842867806.0,1.33,0.53
2008-12-12,中信证券,600030,7.79,7.88,7.34,7.48,7.98,1266409,2663091202.0,1.93,-6.27
2008-12-11,中信证券,600030,8.4,8.44,7.94,7.98,8.55,1327425,2931260749.0,2.02,-6.67
2008-12-10,中信证券,600030,7.77,8.58,7.77,8.55,7.81,1638127,3624962208.0,2.49,9.48
2008-12-09,中信证券,600030,8.44,8.47,7.78,7.81,8.48,1428632,3141471685.0,2.17,-7.9
2008-12-08,中信证券,600030,8.41,8.67,8.2,8.48,8.17,1611752,3632417653.0,2.45,3.79
2008-12-05,中信证券,600030,7.79,8.19,7.72,8.17,7.84,1342043,2903333499.0,2.04,4.21
2008-12-04,中信证券,600030,7.76,8.41,7.76,7.84,7.48,2553196,5617107833.0,3.89,4.81
2008-12-03,中信证券,600030,7.19,7.53,7.15,7.48,7.08,1534306,3178777685.0,2.34,5.65
2008-12-02,中信证券,600030,6.61,7.46,6.56,7.08,6.93,1479640,2986305970.0,2.25,2.16
2008-12-01,中信证券,600030,6.76,6.95,6.47,6.93,6.71,874668,1718866361.0,1.33,3.28
2008-11-28,中信证券,600030,6.91,7.11,6.44,6.71,7.1,1204094,2369579712.0,1.83,-5.49
2008-11-27,中信证券,600030,7.54,7.62,7.08,7.1,6.64,2600587,5371452428.0,3.96,6.93
2008-11-26,中信证券,600030,6.71,6.85,6.45,6.64,6.71,853670,1663904290.0,1.3,-1.04
2008-11-25,中信证券,600030,6.56,6.97,6.35,6.71,6.34,1380699,2681940743.0,2.1,5.84
2008-11-24,中信证券,600030,6.67,6.92,6.33,6.34,6.89,1077884,2087284163.0,1.64,-7.98
2008-11-21,中信证券,600030,6.38,7.24,6.04,6.89,6.82,2074030,4063003909.0,3.16,1.03
2008-11-20,中信证券,600030,6.82,7.14,6.67,6.82,7.06,1540774,3053777159.0,2.34,-3.4
2008-11-19,中信证券,600030,6.33,7.21,6.12,7.06,6.35,2036678,3961740053.0,3.1,11.18
2008-11-18,中信证券,600030,7.25,7.63,6.28,6.35,7.3,2516959,5040683479.0,3.83,-13.01
2008-11-17,中信证券,600030,7.31,7.48,7.12,7.3,7.57,2126510,4375867145.0,3.24,-3.57
2008-11-14,中信证券,600030,7.19,7.65,6.96,7.57,7.0,2170871,4439526209.0,3.3,8.14
2008-11-13,中信证券,600030,6.47,7.25,6.19,7.0,6.67,2125265,4199841339.0,3.23,4.95
2008-11-12,中信证券,600030,6.14,6.76,6.12,6.67,6.2,1464800,2824013904.0,2.23,7.58
2008-11-11,中信证券,600030,6.56,6.77,6.13,6.2,6.64,1716108,3279778346.0,2.61,-6.63
2008-11-10,中信证券,600030,5.92,6.64,5.8,6.64,5.62,1901691,3605388084.0,2.89,18.15
2008-11-07,中信证券,600030,5.04,5.79,4.99,5.62,5.24,1425824,2494626111.0,2.17,7.25
2008-11-06,中信证券,600030,4.81,5.35,4.75,5.24,5.08,1041543,1743873791.0,1.59,3.15
2008-11-05,中信证券,600030,4.82,5.46,4.76,5.08,4.68,1388223,2333104205.0,2.11,8.55
2008-11-04,中信证券,600030,5.11,5.13,4.61,4.68,5.06,1069409,1734681909.0,1.63,-7.51
2008-11-03,中信证券,600030,5.37,5.58,4.94,5.06,5.71,1327658,2260242037.0,2.02,-11.38
2008-10-31,中信证券,600030,5.8,5.92,5.57,5.71,5.97,974745,1736701176.0,1.48,-4.36
2008-10-30,中信证券,600030,5.8,6.41,5.73,5.97,5.62,1335064,2464267405.0,2.03,6.23
2008-10-29,中信证券,600030,6.47,6.49,5.58,5.62,6.44,1656199,3049110015.0,2.52,-12.73
2008-10-28,中信证券,600030,5.33,6.56,5.27,6.44,5.59,1945983,3563924178.0,2.96,15.21
2008-10-27,中信证券,600030,6.38,6.5,5.57,5.59,6.58,1346666,2479562790.0,2.05,-15.05
2008-10-24,中信证券,600030,6.86,7.05,6.38,6.58,6.96,1091188,2142339580.0,1.66,-5.46
2008-10-23,中信证券,600030,6.14,7.19,6.1,6.96,6.55,1368810,2675783698.0,2.08,6.26
2008-10-22,中信证券,600030,6.59,7.08,6.47,6.55,6.87,1071164,2099145172.0,1.63,-4.66
2008-10-21,中信证券,600030,7.12,7.52,6.78,6.87,7.28,1756024,3566289798.0,2.67,-5.63
2008-10-20,中信证券,600030,6.09,7.3,5.75,7.28,6.22,1645034,3240646300.0,2.5,17.04
2008-10-17,中信证券,600030,6.21,6.4,6.09,6.22,5.97,980706,1843011002.0,1.49,4.19
2008-10-16,中信证券,600030,6.1,6.61,5.8,5.97,6.85,1633846,3038270394.0,2.49,-12.85
2008-10-15,中信证券,600030,6.81,7.17,6.64,6.85,7.2,1286360,2560793649.0,1.96,-4.86
2008-10-14,中信证券,600030,9.21,9.21,7.2,7.2,8.52,2641004,5911737410.0,4.02,-15.49
2008-10-13,中信证券,600030,7.43,8.53,6.78,8.52,7.33,1886593,3989216429.0,2.87,16.23
2008-10-10,中信证券,600030,6.73,7.75,6.73,7.33,7.61,1615768,3281877795.0,2.46,-3.68
2008-10-09,中信证券,600030,7.53,8.21,7.46,7.61,7.43,1927067,4116081561.0,2.93,2.42
2008-10-08,中信证券,600030,7.6,7.98,7.08,7.43,8.28,2097847,4385168310.0,3.19,-10.27
2008-10-07,中信证券,600030,8.7,9.21,8.28,8.28,9.72,3366616,7685793349.0,5.12,-14.81
2008-09-26,中信证券,600030,8.93,9.81,8.7,9.72,8.75,2715669,6440152148.0,4.13,11.09
2008-09-25,中信证券,600030,7.92,8.75,7.83,8.75,7.53,2854853,6460627829.0,4.34,16.2
2008-09-24,中信证券,600030,6.76,7.55,6.62,7.53,7.05,1703921,3449133594.0,2.59,6.81
2008-09-23,中信证券,600030,6.45,7.41,6.45,7.05,6.77,3303926,6610326808.0,5.03,4.14
2008-09-22,中信证券,600030,6.77,6.77,6.4,6.77,5.73,2957249,5797539150.0,4.5,18.15
2008-09-19,中信证券,600030,5.73,5.73,5.73,5.73,4.79,115895,207220653.0,0.18,19.62
2008-09-18,中信证券,600030,4.88,5.15,4.31,4.79,5.3,1338791,2129621644.0,2.04,-9.62
2008-09-17,中信证券,600030,5.63,5.89,5.18,5.3,5.69,789976,1379948973.0,1.2,-6.85
2008-09-16,中信证券,600030,6.27,6.27,5.28,5.69,6.37,956308,1714100851.0,1.46,-10.68
2008-09-12,中信证券,600030,6.52,6.66,6.27,6.37,6.61,794256,1518588942.0,1.21,-3.63
2008-09-11,中信证券,600030,6.32,6.78,6.21,6.61,6.47,886683,1700403944.0,1.35,2.16
2008-09-10,中信证券,600030,6.1,6.89,5.98,6.47,6.02,884297,1690605690.0,1.35,7.48
2008-09-09,中信证券,600030,5.86,6.06,5.7,6.02,5.79,469107,853347402.0,0.71,3.97
2008-09-08,中信证券,600030,6.32,6.52,5.69,5.79,6.13,682716,1268962724.0,1.04,-5.55
2008-09-05,中信证券,600030,5.99,6.5,5.92,6.13,6.48,560334,1048631204.0,0.85,-5.4
2008-09-04,中信证券,600030,6.38,6.63,6.15,6.48,6.63,676431,1283142167.0,1.03,-2.26
2008-09-03,中信证券,600030,6.41,6.79,6.25,6.63,6.48,857921,1652811670.0,1.31,2.31
2008-09-02,中信证券,600030,6.33,6.74,6.28,6.48,6.44,640279,1236065051.0,0.97,0.62
2008-09-01,中信证券,600030,6.85,6.9,6.34,6.44,7.03,660690,1280447254.0,1.01,-8.39
2008-08-29,中信证券,600030,6.82,7.29,6.54,7.03,6.72,1045706,2090463429.0,1.59,4.61
2008-08-28,中信证券,600030,6.18,7.07,6.18,6.72,6.31,1137110,2242061958.0,1.73,6.5
2008-08-27,中信证券,600030,5.69,6.54,5.68,6.31,5.76,1045939,1968326692.0,1.59,9.55
2008-08-26,中信证券,600030,5.95,6.21,5.58,5.76,6.23,627900,1135383024.0,0.96,-7.54
2008-08-25,中信证券,600030,6.27,6.67,5.89,6.23,6.27,661653,1247867109.0,1.01,-0.64
2008-08-22,中信证券,600030,6.27,6.6,5.86,6.27,6.61,1132408,2121493432.0,1.72,-5.14
2008-08-21,中信证券,600030,6.56,7.15,6.4,6.61,6.21,1946471,3837811555.0,2.96,6.44
2008-08-20,中信证券,600030,5.05,6.21,5.0,6.21,5.22,663014,1198791741.0,1.01,18.97
2008-08-19,中信证券,600030,4.76,5.29,4.71,5.22,5.0,422272,708300629.0,0.64,4.4
2008-08-18,中信证券,600030,5.8,5.85,4.93,5.0,5.91,621248,1076150570.0,0.95,-15.4
2008-08-15,中信证券,600030,5.81,6.35,5.58,5.91,5.87,665380,1221835392.0,1.01,0.68
2008-08-14,中信证券,600030,5.63,6.06,5.52,5.87,5.86,689558,1245326899.0,1.24,0.17
2008-08-13,中信证券,600030,5.8,6.09,5.4,5.86,5.8,916957,1640460442.0,1.64,1.03
2008-08-12,中信证券,600030,6.59,6.67,5.78,5.8,6.71,792103,1478052698.0,1.42,-13.56
2008-08-11,中信证券,600030,7.66,7.7,6.6,6.71,7.77,664254,1340962264.0,1.19,-13.64
2008-08-08,中信证券,600030,8.3,8.41,7.41,7.77,8.36,676360,1463089839.0,1.21,-7.06
2008-08-07,中信证券,600030,8.44,8.66,8.06,8.36,8.61,542260,1213546370.0,0.97,-2.9
2008-08-06,中信证券,600030,8.41,8.82,8.24,8.61,8.27,603096,1374354786.0,1.08,4.11
2008-08-05,中信证券,600030,8.46,8.49,8.14,8.27,8.36,404038,899857956.0,0.72,-1.08
2008-08-04,中信证券,600030,8.68,8.76,8.33,8.36,9.0,512431,1164720617.0,0.92,-7.11
2008-08-01,中信证券,600030,8.3,9.21,8.05,9.0,8.47,824330,1876126959.0,1.48,6.26
2008-07-31,中信证券,600030,9.14,9.15,8.4,8.47,9.06,524615,1204419768.0,0.94,-6.51
2008-07-30,中信证券,600030,9.33,9.4,8.88,9.06,9.12,414874,985982305.0,0.74,-0.66
2008-07-29,中信证券,600030,9.26,9.26,8.88,9.12,9.58,673291,1591443304.0,1.21,-4.8
2008-07-28,中信证券,600030,9.83,10.04,9.5,9.58,9.7,818972,2035957246.0,1.47,-1.24
2008-07-25,中信证券,600030,9.8,9.95,9.63,9.7,10.14,772716,1921304249.0,1.38,-4.34
2008-07-24,中信证券,600030,9.54,10.35,9.33,10.14,9.39,1336945,3344809678.0,2.39,7.99
2008-07-23,中信证券,600030,9.57,9.73,9.3,9.39,9.3,714062,1739479684.0,1.28,0.97
2008-07-22,中信证券,600030,9.51,9.8,9.28,9.3,9.47,897973,2190935668.0,1.61,-1.8
2008-07-21,中信证券,600030,8.64,9.5,8.57,9.47,8.77,1113239,2649132219.0,1.99,7.98
2008-07-18,中信证券,600030,8.06,8.82,7.92,8.77,7.92,734856,1650557896.0,1.32,10.73
2008-07-17,中信证券,600030,8.53,8.58,7.91,7.92,8.22,552165,1226398202.0,0.99,-3.65
2008-07-16,中信证券,600030,8.47,8.62,7.91,8.22,8.72,717901,1593935888.0,1.29,-5.73
2008-07-15,中信证券,600030,9.72,9.78,8.7,8.72,9.56,922443,2176551782.0,1.65,-8.79
2008-07-14,中信证券,600030,9.17,9.91,9.05,9.56,9.52,689132,1678173363.0,1.23,0.42
2008-07-11,中信证券,600030,9.74,9.78,9.21,9.52,9.79,827170,2003061560.0,1.48,-2.76
2008-07-10,中信证券,600030,10.12,10.48,9.77,9.79,10.44,917687,2342823341.0,1.64,-6.23
2008-07-09,中信证券,600030,10.04,10.52,9.86,10.44,9.75,1288833,3315310222.0,2.31,7.08
2008-07-08,中信证券,600030,9.86,10.0,9.33,9.75,9.75,1066739,2642205629.0,1.91,0.0
2008-07-07,中信证券,600030,8.52,9.89,8.44,9.75,8.57,1317012,3200684856.0,2.36,13.77
2008-07-04,中信证券,600030,8.21,8.85,7.95,8.57,8.28,970787,2198154307.0,1.74,3.5
2008-07-03,中信证券,600030,7.54,8.64,7.12,8.28,7.86,1164939,2515730911.0,2.09,5.34
2008-07-02,中信证券,600030,8.12,8.4,7.6,7.86,8.22,890205,1937569112.0,1.59,-4.38
2008-07-01,中信证券,600030,9.24,9.33,8.12,8.22,9.24,956274,2174008330.0,1.71,-11.04
2008-06-30,中信证券,600030,9.28,9.86,9.0,9.24,9.6,627582,1514635836.0,1.12,-3.75
2008-06-27,中信证券,600030,10.21,10.41,9.35,9.6,10.89,976367,2449010477.0,1.75,-11.85
2008-06-26,中信证券,600030,10.74,11.16,10.56,10.89,10.94,935531,2503607252.0,1.68,-0.46
2008-06-25,中信证券,600030,10.27,11.07,10.04,10.94,10.37,1497749,3942889322.0,2.68,5.5
2008-06-24,中信证券,600030,9.75,10.65,9.74,10.37,9.95,1041796,2684822280.0,1.87,4.22
2008-06-23,中信证券,600030,9.86,10.42,9.69,9.95,10.41,934529,2347281826.0,1.67,-4.42
2008-06-20,中信证券,600030,9.37,10.44,8.7,10.41,9.07,2105504,5376035886.0,3.77,14.77
2008-06-19,中信证券,600030,10.06,10.59,9.07,9.07,10.6,964076,2397382058.0,1.73,-14.43
2008-06-18,中信证券,600030,9.46,10.84,8.53,10.6,9.72,1289051,3234434755.0,2.31,9.05
2008-06-17,中信证券,600030,10.67,11.01,9.59,9.72,10.8,805260,2055473608.0,1.44,-10.0
2008-06-16,中信证券,600030,11.32,11.58,10.5,10.8,11.32,728511,1973052767.0,1.3,-4.59
2008-06-13,中信证券,600030,12.76,12.88,11.3,11.32,12.67,868830,2465072675.0,1.56,-10.66
2008-06-12,中信证券,600030,13.74,13.94,12.28,12.67,14.02,1254392,3820603860.0,2.25,-9.63
2008-06-11,中信证券,600030,13.11,14.2,13.11,14.02,13.51,951973,3030747940.0,1.71,3.77
2008-06-10,中信证券,600030,13.79,14.26,13.17,13.51,15.06,933203,2977236039.0,1.67,-10.29
2008-06-06,中信证券,600030,15.19,15.37,14.76,15.06,15.17,438442,1487128186.0,0.79,-0.73
2008-06-05,中信证券,600030,14.34,15.37,14.27,15.17,14.57,713593,2405643386.0,1.28,4.12
2008-06-04,中信证券,600030,14.79,15.07,14.38,14.57,14.9,449536,1497804371.0,0.81,-2.21
2008-06-03,中信证券,600030,15.07,15.37,14.79,14.9,15.07,414729,1405998586.0,0.74,-1.13
2008-06-02,中信证券,600030,15.07,15.46,14.79,15.07,15.22,694988,2370588064.0,1.24,-0.99
2008-05-30,中信证券,600030,14.5,15.47,14.2,15.22,14.32,1070064,3622839170.0,1.92,6.28
2008-05-29,中信证券,600030,15.09,15.47,14.31,14.32,15.26,897461,3032348563.0,1.61,-6.16
2008-05-28,中信证券,600030,14.13,15.51,13.75,15.26,14.1,1182108,3981412007.0,2.12,8.23
2008-05-27,中信证券,600030,13.57,14.46,13.57,14.1,13.66,749852,2428004553.0,1.34,3.22
2008-05-26,中信证券,600030,14.38,14.44,13.63,13.66,14.72,821192,2622175273.0,1.47,-7.2
2008-05-23,中信证券,600030,15.06,15.37,14.47,14.72,15.14,499646,1682994161.0,0.89,-2.77
2008-05-22,中信证券,600030,15.18,15.77,15.08,15.14,15.71,558480,1929115092.0,1.0,-3.63
2008-05-21,中信证券,600030,15.01,16.24,14.21,15.71,15.25,1085454,3661578927.0,1.94,3.02
2008-05-20,中信证券,600030,16.51,16.74,15.08,15.25,16.53,855256,3035644123.0,1.53,-7.74
2008-05-19,中信证券,600030,16.99,16.99,16.41,16.53,17.16,555588,2034789430.0,1.0,-3.67
2008-05-16,中信证券,600030,16.81,17.39,16.28,17.16,16.6,1180505,4398730368.0,2.11,3.37
2008-05-15,中信证券,600030,16.7,17.2,16.59,16.6,16.57,879755,3268854192.0,1.58,0.18
2008-05-14,中信证券,600030,15.8,16.87,15.77,16.57,15.96,947165,3453256367.0,1.7,3.82
2008-05-13,中信证券,600030,16.12,16.75,15.89,15.96,16.92,1387470,5001332007.0,2.49,-5.67
2008-05-12,中信证券,600030,15.86,17.58,15.37,16.92,16.78,1586794,5781511124.0,2.84,0.83
2008-05-09,中信证券,600030,17.86,17.87,16.12,16.78,17.59,1478165,5502328846.0,2.65,-4.6
2008-05-08,中信证券,600030,16.62,17.9,16.42,17.59,17.27,1679962,6324253033.0,3.01,1.85
2008-05-07,中信证券,600030,18.38,19.08,17.2,17.27,19.03,1935407,7631244584.0,3.47,-9.25
2008-05-06,中信证券,600030,18.1,20.3,17.65,19.03,18.63,2844210,11491868425.0,5.09,2.15
2008-05-05,中信证券,600030,18.85,18.93,18.04,18.63,18.35,2131515,8523442132.0,3.82,1.53
2008-04-30,中信证券,600030,16.76,18.6,16.55,18.35,16.72,2596786,10081298878.0,4.65,9.75
2008-04-29,中信证券,600030,15.37,16.75,15.25,16.72,15.73,2072000,7417316851.0,3.71,6.29
2008-04-28,中信证券,600030,15.66,16.38,15.43,15.73,15.86,2920598,10433274732.0,5.23,-0.82
2008-04-25,中信证券,600030,15.86,15.86,15.37,15.86,13.99,3762451,13275008826.0,6.74,13.37
2008-04-24,中信证券,600030,13.99,13.99,13.99,13.99,12.3,144058,462857615.0,0.26,13.74
2008-04-23,中信证券,600030,11.36,12.56,11.17,12.3,11.51,728468,4245770751.0,2.61,6.86
2008-04-22,中信证券,600030,10.8,11.57,10.15,11.51,11.17,372972,1997201605.0,1.34,3.04
2008-04-21,中信证券,600030,12.04,12.04,10.84,11.17,10.56,653064,3656652970.0,2.34,5.78
2008-04-18,中信证券,600030,10.38,10.96,10.23,10.56,10.34,320952,1699872735.0,1.15,2.13
2008-04-17,中信证券,600030,10.44,11.01,10.21,10.34,10.35,252704,1341188409.0,0.91,-0.1
2008-04-16,中信证券,600030,10.81,10.93,10.26,10.35,10.93,210195,1115608270.0,0.75,-5.31
2008-04-15,中信证券,600030,10.26,11.07,9.72,10.93,10.42,341395,1778217175.0,1.22,4.89
2008-04-14,中信证券,600030,11.17,11.31,10.38,10.42,11.68,364448,1961280134.0,1.31,-10.79
2008-04-11,中信证券,600030,12.01,12.17,11.51,11.68,11.04,391385,2241957410.0,1.4,5.8
2008-04-09,中信证券,600030,11.61,12.08,10.99,11.04,11.94,487666,2753193991.0,1.75,-7.54
2008-04-08,中信证券,600030,11.75,12.81,11.57,11.94,11.7,914312,5332777365.0,3.28,2.05
2008-04-07,中信证券,600030,10.09,11.77,9.97,11.7,10.27,671294,3705122164.0,2.4,13.92
2008-04-03,中信证券,600030,9.54,10.38,9.39,10.27,9.81,308712,1572852662.0,1.11,4.69
2008-04-02,中信证券,600030,9.88,10.3,9.33,9.81,9.52,429135,2171347262.0,1.54,3.05
2008-04-01,中信证券,600030,10.15,10.41,9.4,9.52,10.44,354416,1774310571.0,1.27,-8.81
2008-03-31,中信证券,600030,10.45,10.87,10.3,10.44,11.18,261671,1384265290.0,0.94,-6.62
2008-03-28,中信证券,600030,9.95,11.23,9.63,11.18,10.04,519487,2745038599.0,1.86,11.35
2008-03-27,中信证券,600030,10.3,10.67,10.01,10.04,10.94,307574,1602404199.0,1.1,-8.23
2008-03-26,中信证券,600030,10.91,11.4,10.72,10.94,10.86,253282,1385280092.0,0.91,0.74
2008-03-25,中信证券,600030,11.06,11.31,10.29,10.86,11.38,442861,2392351453.0,1.59,-4.57
2008-03-24,中信证券,600030,12.61,12.61,11.34,11.38,12.36,359496,2067840843.0,1.29,-7.93
2008-03-21,中信证券,600030,12.31,12.79,12.07,12.36,12.3,388983,2308797573.0,1.39,0.49
2008-03-20,中信证券,600030,11.5,12.61,10.85,12.3,12.03,570670,3270702665.0,2.04,2.24
2008-03-19,中信证券,600030,12.18,12.36,11.6,12.03,11.5,466201,2693564536.0,1.67,4.61
2008-03-18,中信证券,600030,12.19,12.55,11.05,11.5,12.18,432935,2468250532.0,1.55,-5.58
2008-03-17,中信证券,600030,12.3,12.9,11.4,12.18,12.03,688387,4031153423.0,2.47,1.25
2008-03-14,中信证券,600030,11.46,12.09,11.11,12.03,11.45,373722,2123224158.0,1.34,5.07
2008-03-13,中信证券,600030,12.03,12.12,11.05,11.45,12.32,439024,2492936500.0,1.57,-7.06
2008-03-12,中信证券,600030,13.54,13.63,12.3,12.32,12.99,279041,1700503803.0,1.0,-5.16
2008-03-11,中信证券,600030,12.53,13.19,12.31,12.99,12.75,212030,1279638634.0,0.76,1.88
2008-03-10,中信证券,600030,12.82,13.3,12.52,12.75,12.99,254423,1536406205.0,0.91,-1.85
2008-03-07,中信证券,600030,13.19,13.53,12.88,12.99,13.52,248103,1531970348.0,0.89,-3.92
2008-03-06,中信证券,600030,13.02,14.19,12.66,13.52,12.99,388294,2445809056.0,1.39,4.08
2008-03-05,中信证券,600030,13.25,13.49,12.4,12.99,13.32,343684,2087568111.0,1.23,-2.48
2008-03-04,中信证券,600030,14.33,14.52,13.24,13.32,14.22,325575,2091479265.0,1.17,-6.33
2008-03-03,中信证券,600030,13.08,14.5,12.83,14.22,13.44,406667,2577085024.0,1.46,5.8
2008-02-29,中信证券,600030,13.43,13.77,13.14,13.44,13.47,220311,1385938140.0,0.79,-0.22
2008-02-28,中信证券,600030,13.63,13.78,13.31,13.47,13.61,230649,1461375902.0,0.83,-1.03
2008-02-27,中信证券,600030,12.66,14.04,12.47,13.61,12.6,497350,3123892979.0,1.78,8.02
2008-02-26,中信证券,600030,12.9,13.05,12.01,12.6,12.24,390416,2324353354.0,1.4,2.94
2008-02-25,中信证券,600030,13.3,13.43,12.23,12.24,13.3,323074,1932120104.0,1.16,-7.97
2008-02-22,中信证券,600030,14.35,14.48,13.22,13.3,14.7,483210,3075967165.0,1.73,-9.52
2008-02-21,中信证券,600030,14.93,14.94,14.35,14.7,15.0,196143,1316019018.0,0.7,-2.0
2008-02-20,中信证券,600030,15.77,16.04,14.94,15.0,15.7,291301,2030482348.0,1.04,-4.46
2008-02-19,中信证券,600030,15.51,15.75,14.9,15.7,15.44,335325,2314664932.0,1.2,1.68
2008-02-18,中信证券,600030,15.39,15.77,15.17,15.44,15.02,195383,1361050313.0,0.7,2.8
2008-02-15,中信证券,600030,15.34,15.34,14.64,15.02,15.76,239878,1629028220.0,0.86,-4.7
2008-02-14,中信证券,600030,15.77,15.95,15.51,15.76,15.48,136043,961606314.0,0.49,1.81
2008-02-13,中信证券,600030,15.89,15.95,15.33,15.48,16.56,264585,1859642480.0,0.95,-6.52
2008-02-05,中信证券,600030,16.76,16.92,16.26,16.56,16.97,237352,1751638978.0,0.85,-2.42
2008-02-04,中信证券,600030,16.12,17.13,15.86,16.97,15.31,492201,3617989819.0,1.76,10.84
2008-02-01,中信证券,600030,15.06,15.48,14.21,15.31,14.97,319513,2187444941.0,1.14,2.27
2008-01-31,中信证券,600030,14.21,15.75,13.86,14.97,14.35,435023,2941506009.0,1.56,4.32
2008-01-30,中信证券,600030,15.23,15.37,13.76,14.35,14.88,340095,2272068664.0,1.22,-3.56
2008-01-29,中信证券,600030,15.22,15.65,14.48,14.88,15.06,299071,2030509396.0,1.07,-1.2
2008-01-28,中信证券,600030,16.89,16.89,15.06,15.06,17.26,402625,2830877871.0,1.44,-12.75
2008-01-25,中信证券,600030,16.64,17.51,16.24,17.26,16.58,380745,2848518557.0,1.36,4.1
2008-01-24,中信证券,600030,17.69,17.69,16.09,16.58,16.87,398495,2963155775.0,1.43,-1.72
2008-01-23,中信证券,600030,16.73,17.15,15.98,16.87,16.26,478620,3544707901.0,1.71,3.75
2008-01-22,中信证券,600030,17.98,17.98,16.09,16.26,18.41,698692,5252625137.0,2.5,-11.68
2008-01-21,中信证券,600030,20.18,20.38,18.32,18.41,20.08,376633,3102602257.0,1.35,-8.32
2008-01-18,中信证券,600030,19.95,20.3,19.66,20.08,20.12,381885,3253834176.0,1.37,-0.2
2008-01-17,中信证券,600030,20.67,21.08,19.66,20.12,20.97,560281,4829526040.0,2.01,-4.05
2008-01-16,中信证券,600030,22.04,22.04,20.86,20.97,22.48,471110,4238622335.0,1.69,-6.72
2008-01-15,中信证券,600030,23.73,23.73,22.35,22.48,23.52,260804,2481933122.0,0.93,-4.42
2008-01-14,中信证券,600030,22.93,23.66,22.79,23.52,22.68,216893,2107757168.0,0.78,3.7
2008-01-11,中信证券,600030,22.31,22.92,22.24,22.68,22.24,241663,2280153155.0,0.87,1.98
2008-01-10,中信证券,600030,22.76,22.8,22.18,22.24,22.48,238986,2239190321.0,0.86,-1.07
2008-01-09,中信证券,600030,22.18,22.61,21.99,22.48,22.15,205739,1923833575.0,0.74,1.49
2008-01-08,中信证券,600030,22.76,23.88,21.89,22.15,21.46,476265,4501839723.0,1.71,3.22
2008-01-07,中信证券,600030,20.93,21.76,20.84,21.46,20.88,236671,2136783200.0,0.85,2.78
2008-01-04,中信证券,600030,19.89,21.01,19.89,20.88,19.86,247358,2167327102.0,0.89,5.14
2008-01-03,中信证券,600030,20.15,20.15,19.18,19.86,20.32,390333,3272783672.0,1.4,-2.26
2008-01-02,中信证券,600030,21.02,21.05,20.12,20.32,21.1,239660,2077683409.0,0.86,-3.7
2007-12-28,中信证券,600030,21.44,21.51,21.04,21.1,21.27,174991,1570984110.0,0.63,-0.8
2007-12-27,中信证券,600030,20.99,21.39,20.73,21.27,20.79,178018,1589172596.0,0.64,2.31
2007-12-26,中信证券,600030,21.18,21.18,20.5,20.79,20.68,177877,1566950456.0,0.64,0.53
2007-12-25,中信证券,600030,21.13,21.46,20.49,20.68,20.92,216181,1919284997.0,0.77,-1.15
2007-12-24,中信证券,600030,20.11,21.22,20.01,20.92,19.62,253005,2226603883.0,0.91,6.63
2007-12-21,中信证券,600030,19.35,19.81,19.28,19.62,19.47,168954,1417444463.0,0.61,0.77
2007-12-20,中信证券,600030,19.1,19.72,18.79,19.47,19.07,123727,1029463777.0,0.44,2.1
2007-12-19,中信证券,600030,18.61,19.13,18.24,19.07,18.16,184597,1496651646.0,0.66,5.01
2007-12-18,中信证券,600030,18.12,18.83,18.09,18.16,18.59,237602,1891399300.0,0.85,-2.31
2007-12-17,中信证券,600030,19.81,19.81,18.56,18.59,19.85,281883,2300830303.0,1.01,-6.35
2007-12-14,中信证券,600030,19.15,19.89,19.04,19.85,19.4,175381,1465312328.0,0.63,2.32
2007-12-13,中信证券,600030,20.54,20.54,19.3,19.4,20.66,320257,2708738023.0,1.15,-6.1
2007-12-12,中信证券,600030,21.28,21.31,20.4,20.66,21.52,289034,2537431832.0,1.04,-4.0
2007-12-11,中信证券,600030,22.32,22.42,20.92,21.52,21.2,294592,2682717261.0,1.06,1.51
2007-12-07,中信证券,600030,20.88,21.33,20.88,21.2,20.84,72439,646732073.0,0.26,1.73
2007-12-06,中信证券,600030,21.42,21.57,20.78,20.84,21.3,105581,939039735.0,0.38,-2.16
2007-12-05,中信证券,600030,20.31,21.55,20.04,21.3,20.29,189832,1681029497.0,0.68,4.98
2007-12-04,中信证券,600030,19.75,20.67,19.75,20.29,19.74,147248,1277383631.0,0.53,2.79
2007-12-03,中信证券,600030,19.25,20.14,18.99,19.74,19.54,124015,1054355605.0,0.44,1.02
2007-11-30,中信证券,600030,20.62,20.63,19.46,19.54,20.62,146905,1248741717.0,0.53,-5.24
2007-11-29,中信证券,600030,19.63,20.71,19.08,20.62,19.23,231717,1983771626.0,0.83,7.23
2007-11-28,中信证券,600030,19.08,19.34,18.41,19.23,18.84,169278,1384369844.0,0.61,2.07
2007-11-27,中信证券,600030,19.42,19.66,18.81,18.84,19.92,217126,1807233404.0,0.78,-5.42
2007-11-26,中信证券,600030,21.28,21.46,19.86,19.92,20.88,204551,1799864367.0,0.73,-4.6
2007-11-23,中信证券,600030,20.41,20.96,19.57,20.88,20.51,254487,2189707509.0,0.91,1.8
2007-11-22,中信证券,600030,21.61,21.82,20.34,20.51,22.24,275068,2463186041.0,0.99,-7.78
2007-11-21,中信证券,600030,23.04,23.51,22.16,22.24,23.03,125437,1189576104.0,0.45,-3.43
2007-11-20,中信证券,600030,22.46,23.39,21.86,23.03,22.95,270878,2541257396.0,0.97,0.35
2007-11-19,中信证券,600030,23.98,24.27,22.76,22.95,24.1,142859,1382779555.0,0.51,-4.77
2007-11-16,中信证券,600030,24.24,24.73,23.29,24.1,24.99,134705,1338262806.0,0.48,-3.56
2007-11-15,中信证券,600030,25.08,25.64,24.73,24.99,25.31,140640,1457400539.0,0.5,-1.26
2007-11-14,中信证券,600030,24.73,25.33,24.09,25.31,24.17,216632,2206206504.0,0.78,4.72
2007-11-13,中信证券,600030,24.21,25.11,23.19,24.17,24.09,337201,3398711216.0,1.21,0.33
2007-11-12,中信证券,600030,21.6,24.2,21.4,24.09,22.59,356946,3332455941.0,1.28,6.64
2007-11-09,中信证券,600030,22.76,23.44,22.32,22.59,23.14,229536,2185938261.0,0.82,-2.38
2007-11-08,中信证券,600030,24.8,24.88,23.05,23.14,25.32,269955,2668453854.0,0.97,-8.61
2007-11-07,中信证券,600030,26.59,26.78,24.21,25.32,26.24,261358,2687474243.0,0.94,-3.51
2007-11-06,中信证券,600030,25.66,27.69,25.37,26.24,26.18,190610,2059811339.0,0.68,0.23
2007-11-05,中信证券,600030,28.56,29.39,26.12,26.18,29.0,325582,3613556607.0,1.17,-9.72
2007-11-02,中信证券,600030,28.88,29.0,27.78,29.0,25.93,480061,5588632946.0,1.72,11.84
2007-10-19,中信证券,600030,26.53,27.06,25.52,25.93,26.24,128598,1370185063.0,0.46,-1.18
2007-10-18,中信证券,600030,26.75,26.84,25.22,26.24,26.84,267650,2827656644.0,0.96,-2.24
2007-10-17,中信证券,600030,28.18,28.96,26.24,26.84,27.88,298197,3315663874.0,1.07,-3.73
2007-10-16,中信证券,600030,26.3,27.96,26.3,27.88,25.95,230955,2533327917.0,0.83,7.44
2007-10-15,中信证券,600030,26.28,27.34,25.75,25.95,25.47,211560,2281356318.0,0.76,1.88
2007-10-12,中信证券,600030,24.5,26.47,23.95,25.47,24.16,321862,3352787737.0,1.15,5.42
2007-10-11,中信证券,600030,23.63,24.52,23.05,24.16,23.72,197658,1937515316.0,0.71,1.85
2007-10-10,中信证券,600030,24.21,25.05,23.6,23.72,24.18,158318,1585791608.0,0.57,-1.9
2007-10-09,中信证券,600030,24.18,24.5,23.77,24.18,24.23,145487,1453000948.0,0.52,-0.21
2007-10-08,中信证券,600030,24.13,24.7,23.48,24.23,23.26,248323,2483126702.0,0.89,4.17
2007-09-28,中信证券,600030,21.92,23.34,21.92,23.26,22.01,236615,2249223140.0,0.85,5.68
2007-09-27,中信证券,600030,22.08,22.93,21.89,22.01,21.95,190601,1792926042.0,0.68,0.27
2007-09-26,中信证券,600030,21.06,22.67,21.06,21.95,21.12,273505,2552387170.0,0.98,3.93
2007-09-25,中信证券,600030,20.42,21.6,20.38,21.12,20.42,214262,1920422688.0,0.77,3.43
2007-09-24,中信证券,600030,20.96,20.96,20.15,20.42,20.99,148854,1303360892.0,0.53,-2.72
2007-09-21,中信证券,600030,20.56,21.31,20.35,20.99,20.66,191503,1693492466.0,0.69,1.6
2007-09-20,中信证券,600030,19.57,21.0,19.57,20.66,19.75,309678,2710384673.0,1.11,4.61
2007-09-19,中信证券,600030,20.09,20.35,19.57,19.75,20.04,158408,1347089301.0,0.57,-1.45
2007-09-18,中信证券,600030,20.31,21.14,19.4,20.04,20.31,275686,2368458229.0,0.99,-1.33
2007-09-17,中信证券,600030,20.73,20.96,20.12,20.31,20.75,213789,1857758817.0,0.77,-2.12
2007-09-14,中信证券,600030,21.02,21.38,20.18,20.75,21.0,279339,2466994175.0,1.0,-1.19
2007-09-13,中信证券,600030,19.18,21.21,19.16,21.0,18.95,382804,3289316733.0,1.37,10.82
2007-09-12,中信证券,600030,18.41,19.32,18.41,18.95,18.42,259262,2116271641.0,0.93,2.88
2007-09-11,中信证券,600030,19.92,20.01,18.21,18.42,19.51,280965,2319873679.0,1.01,-5.59
2007-09-10,中信证券,600030,18.64,19.79,18.42,19.51,19.01,222401,1851849990.0,0.8,2.63
2007-09-07,中信证券,600030,19.98,19.98,18.93,19.01,20.04,397318,3298417008.0,1.42,-5.14
2007-09-06,中信证券,600030,19.98,20.78,19.57,20.04,19.84,246296,2115585080.0,0.88,1.01
2007-09-05,中信证券,600030,20.46,20.86,19.29,19.84,20.46,326025,2776185610.0,1.17,-3.03
2007-09-04,中信证券,600030,20.47,21.75,20.27,20.46,21.6,370918,3277043424.0,1.33,-5.28
2007-09-03,中信证券,600030,21.02,22.24,20.73,21.6,21.02,326758,2983374051.0,1.17,2.76
2007-08-31,中信证券,600030,22.96,22.96,20.59,21.02,22.55,517704,4616086348.0,1.85,-6.78
2007-08-24,中信证券,600030,23.22,23.28,22.18,22.55,22.75,264795,2508784987.0,1.08,-0.88
2007-08-23,中信证券,600030,23.68,23.77,21.89,22.75,21.21,205559,1956905405.0,0.84,7.26
2007-08-22,中信证券,600030,20.24,21.43,20.15,21.21,20.82,166595,1488505711.0,0.68,1.87
2007-08-21,中信证券,600030,19.92,21.04,19.92,20.82,19.81,188279,1634738600.0,0.77,5.1
2007-08-20,中信证券,600030,18.82,19.98,18.38,19.81,17.76,300095,2497387196.0,1.22,11.54
2007-08-17,中信证券,600030,17.92,19.14,17.73,17.76,17.97,292359,2321386557.0,1.19,-1.17
2007-08-16,中信证券,600030,18.77,18.77,17.58,17.97,18.72,260704,2064904833.0,1.06,-4.01
2007-08-15,中信证券,600030,18.67,19.51,18.13,18.72,19.13,296918,2420464887.0,1.21,-2.14
2007-08-14,中信证券,600030,17.27,19.44,17.27,19.13,17.26,390464,3144753811.0,1.76,10.83
2007-08-13,中信证券,600030,17.61,18.52,17.01,17.26,17.54,287619,2226347136.0,1.3,-1.6
2007-08-10,中信证券,600030,17.74,17.85,16.96,17.54,17.85,188040,1437793222.0,0.85,-1.74
2007-08-09,中信证券,600030,16.35,18.41,16.32,17.85,16.4,253649,1942298324.0,1.15,8.84
2007-08-08,中信证券,600030,16.48,17.13,15.98,16.4,16.75,302981,2234978853.0,1.37,-2.09
2007-08-07,中信证券,600030,16.38,17.28,16.38,16.75,16.38,401043,2998549659.0,1.81,2.26
2007-08-06,中信证券,600030,16.15,16.95,16.02,16.38,16.08,390804,2857168900.0,1.76,1.87
2007-08-03,中信证券,600030,14.49,16.08,14.48,16.08,14.19,608939,4215417726.0,2.75,13.32
2007-08-02,中信证券,600030,13.86,14.41,13.63,14.19,13.73,380168,2465463596.0,1.72,3.35
2007-08-01,中信证券,600030,14.41,14.93,12.97,13.73,14.25,337202,2213859524.0,1.52,-3.65
2007-07-31,中信证券,600030,14.06,14.64,14.01,14.25,14.16,258376,1695345006.0,1.17,0.64
2007-07-30,中信证券,600030,14.35,14.47,13.95,14.16,14.13,283148,1846294029.0,1.28,0.21
2007-07-27,中信证券,600030,14.29,14.64,13.96,14.13,14.61,277668,1818553071.0,1.25,-3.29
2007-07-26,中信证券,600030,13.77,14.93,13.77,14.61,13.67,382805,2547385739.0,1.73,6.88
2007-07-25,中信证券,600030,14.95,14.96,13.21,13.67,13.21,411845,2622307928.0,1.86,3.48
2007-07-23,中信证券,600030,12.33,13.23,12.32,13.21,12.03,431152,2612236570.0,1.95,9.81
2007-07-20,中信证券,600030,11.17,12.16,11.17,12.03,11.28,318285,1823358586.0,1.44,6.65
2007-07-19,中信证券,600030,11.06,11.54,11.02,11.28,11.11,125381,694713166.0,0.57,1.53
2007-07-18,中信证券,600030,10.87,11.54,10.67,11.11,11.07,167281,916399878.0,0.76,0.36
2007-07-17,中信证券,600030,10.52,11.16,10.21,11.07,10.58,191405,1021792073.0,0.86,4.63
2007-07-16,中信证券,600030,11.48,11.54,10.52,10.58,11.38,120282,650866492.0,0.54,-7.03
2007-07-13,中信证券,600030,11.31,11.51,10.99,11.38,11.26,94737,526370150.0,0.43,1.07
2007-07-12,中信证券,600030,11.39,11.57,11.02,11.26,11.4,88039,488503472.0,0.4,-1.23
2007-07-11,中信证券,600030,11.46,11.68,10.96,11.4,11.59,147981,820278213.0,0.67,-1.64
2007-07-10,中信证券,600030,11.17,12.33,11.05,11.59,10.89,415948,2359697705.0,1.88,6.43
2007-07-09,中信证券,600030,10.65,11.32,10.59,10.89,10.55,286116,1557063020.0,1.29,3.22
2007-07-06,中信证券,600030,9.6,10.58,9.6,10.55,9.57,253377,1299493171.0,1.14,10.24
2007-07-05,中信证券,600030,9.75,10.06,9.43,9.57,9.97,228872,1147284557.0,1.03,-4.01
2007-07-04,中信证券,600030,10.35,10.48,9.95,9.97,10.37,137920,717637762.0,0.62,-3.86
2007-07-03,中信证券,600030,9.72,10.38,9.72,10.37,9.99,237872,1219536410.0,1.07,3.8
2007-07-02,中信证券,600030,10.61,10.96,9.65,9.99,10.58,370197,1894361946.0,1.67,-5.58
2007-06-29,中信证券,600030,10.87,11.07,10.44,10.58,11.07,242899,1299760910.0,1.1,-4.43
2007-06-28,中信证券,600030,11.8,12.12,10.97,11.07,11.76,246734,1391976304.0,1.11,-5.87
2007-06-27,中信证券,600030,11.43,12.09,11.25,11.76,11.48,289794,1635487932.0,1.31,2.44
2007-06-26,中信证券,600030,11.02,11.5,10.64,11.48,11.25,289462,1580165666.0,1.69,2.04
2007-06-25,中信证券,600030,12.18,12.44,11.11,11.25,12.11,306548,1741565999.0,1.79,-7.1
2007-06-22,中信证券,600030,13.05,13.06,11.78,12.11,13.06,357367,2112910498.0,2.08,-7.27
2007-06-21,中信证券,600030,12.88,13.22,12.59,13.06,13.23,333076,2035045628.0,1.94,-1.28
2007-06-19,中信证券,600030,13.64,13.64,13.15,13.23,13.62,292315,1819857440.0,1.7,-2.86
2007-06-18,中信证券,600030,12.98,13.68,12.72,13.62,12.55,402931,2518353726.0,2.35,8.53
2007-06-15,中信证券,600030,12.44,12.79,12.26,12.55,12.61,256929,1530630045.0,1.5,-0.48
2007-06-14,中信证券,600030,13.02,13.02,12.5,12.61,12.97,276470,1666241051.0,1.61,-2.78
2007-06-13,中信证券,600030,12.9,13.37,12.79,12.97,12.9,333604,2057444684.0,1.95,0.54
2007-06-12,中信证券,600030,13.05,13.06,12.3,12.9,12.79,340558,2047122269.0,1.99,0.86
2007-06-11,中信证券,600030,13.05,13.39,12.61,12.79,12.81,260303,1587215060.0,1.52,-0.16
2007-06-08,中信证券,600030,12.61,13.2,12.21,12.81,12.77,381227,2323517243.0,2.22,0.31
2007-06-07,中信证券,600030,12.07,12.8,12.04,12.77,12.01,425174,2508112057.0,2.48,6.33
2007-06-06,中信证券,600030,12.32,12.61,11.75,12.01,12.17,338575,1984276866.0,1.97,-1.31
2007-06-05,中信证券,600030,11.46,12.19,9.89,12.17,10.9,495547,2719725687.0,2.89,11.65
2007-06-04,中信证券,600030,11.86,12.12,10.74,10.9,11.39,448023,2497542892.0,2.61,-4.3
2007-06-01,中信证券,600030,11.32,12.15,11.31,11.39,10.9,671977,3822916169.0,3.92,4.5
2007-05-31,中信证券,600030,11.02,11.6,10.25,10.9,11.92,809518,4363264798.0,4.72,-8.56
2007-05-30,中信证券,600030,11.92,12.73,11.92,11.92,13.77,860930,5032633128.0,5.02,-13.44
2007-05-29,中信证券,600030,13.89,14.12,13.63,13.77,13.82,317668,2039657057.0,1.85,-0.36
2007-05-28,中信证券,600030,14.35,14.35,13.6,13.82,13.87,391904,2534395426.0,2.29,-0.36
2007-05-25,中信证券,600030,12.64,14.21,12.5,13.87,12.7,485725,3068393524.0,2.83,9.21
2007-05-24,中信证券,600030,12.32,13.06,12.04,12.7,12.31,449462,2697789258.0,2.62,3.17
2007-05-23,中信证券,600030,12.12,12.34,11.89,12.31,12.1,209612,1221554552.0,1.22,1.74
2007-05-22,中信证券,600030,12.12,12.81,12.06,12.1,12.04,278279,1650700982.0,1.62,0.5
2007-05-21,中信证券,600030,11.57,12.17,11.52,12.04,12.17,274906,1592147942.0,1.6,-1.07
2007-05-18,中信证券,600030,12.06,12.5,11.92,12.17,12.24,296683,1741185493.0,1.73,-0.57
2007-05-17,中信证券,600030,11.64,12.9,11.64,12.24,11.64,403752,2403667196.0,2.35,5.15
2007-05-16,中信证券,600030,11.15,11.7,10.93,11.64,11.3,323294,1807486423.0,1.89,3.01
2007-05-15,中信证券,600030,11.4,11.92,11.1,11.3,11.44,396722,2239313097.0,2.31,-1.22
2007-05-14,中信证券,600030,10.99,11.83,10.82,11.44,11.39,389393,2168084241.0,2.27,0.44
2007-05-11,中信证券,600030,11.34,11.65,11.08,11.39,11.62,385879,2152849731.0,2.25,-1.98
2007-05-10,中信证券,600030,11.63,11.94,11.17,11.62,11.66,388326,2187252436.0,2.26,-0.34
2007-05-09,中信证券,600030,12.24,12.24,10.98,11.66,12.51,591415,3371716821.0,3.45,-6.79
2007-05-08,中信证券,600030,13.19,13.36,12.41,12.51,12.28,583107,3549321230.0,3.4,1.87
2007-04-30,中信证券,600030,10.53,12.29,10.53,12.28,10.73,711716,4085503658.0,4.15,14.45
2007-04-27,中信证券,600030,10.56,11.26,10.21,10.73,10.65,554152,3000565457.0,3.23,0.75
2007-04-26,中信证券,600030,9.95,10.87,9.79,10.65,9.76,456814,2392622927.0,2.66,9.12
2007-04-25,中信证券,600030,10.15,10.32,9.66,9.76,10.2,317210,1615621850.0,1.85,-4.31
2007-04-24,中信证券,600030,10.61,10.68,10.12,10.2,10.49,294920,1540348102.0,1.72,-2.76
2007-04-23,中信证券,600030,9.92,10.7,9.91,10.49,9.74,358487,1879374560.0,2.09,7.7
2007-04-20,中信证券,600030,9.15,9.89,9.08,9.74,8.93,461974,2288126707.0,2.69,9.07
2007-04-19,中信证券,600030,9.46,9.46,8.36,8.93,9.5,445639,2121167348.0,2.6,-6.0
2007-04-18,中信证券,600030,9.51,9.82,9.17,9.5,9.6,345506,1708012806.0,2.02,-1.04
2007-04-17,中信证券,600030,9.88,9.91,9.18,9.6,9.88,335913,1661379273.0,1.96,-2.83
2007-04-16,中信证券,600030,9.25,10.12,9.22,9.88,9.35,360071,1805767139.0,2.1,5.67
2007-04-13,中信证券,600030,9.73,9.73,9.26,9.35,9.77,384329,1890280155.0,2.24,-4.3
2007-04-12,中信证券,600030,9.67,9.8,9.44,9.77,9.65,349208,1737979927.0,2.04,1.24
2007-04-11,中信证券,600030,10.06,10.06,9.37,9.65,9.99,361863,1804956433.0,2.11,-3.4
2007-04-10,中信证券,600030,10.52,10.74,9.66,9.99,9.66,492480,2552088238.0,2.87,3.42
2007-04-06,中信证券,600030,9.54,10.38,9.52,9.66,9.66,291139,1483794953.0,1.7,0.0
2007-04-05,中信证券,600030,8.64,9.69,8.61,9.66,8.75,312610,1520272703.0,1.82,10.4
2007-04-04,中信证券,600030,8.61,8.86,8.45,8.75,8.47,223956,1047773961.0,1.31,3.31
2007-04-03,中信证券,600030,8.7,8.75,8.35,8.47,8.56,237677,1098884720.0,1.39,-1.05
2007-04-02,中信证券,600030,7.77,8.84,7.77,8.56,7.64,413889,1891545263.0,2.41,12.04
2007-03-30,中信证券,600030,7.46,8.04,7.43,7.64,7.65,260947,1133953463.0,1.52,-0.13
2007-03-29,中信证券,600030,7.25,7.8,7.25,7.65,7.12,477369,2046473936.0,2.78,7.44
2007-03-28,中信证券,600030,7.19,7.22,6.47,7.12,7.12,289094,1178840190.0,1.69,0.0
2007-03-27,中信证券,600030,6.94,7.36,6.82,7.12,6.91,220816,911920758.0,1.29,3.04
2007-03-26,中信证券,600030,6.91,7.05,6.69,6.91,6.88,191449,768954269.0,1.12,0.44
2007-03-23,中信证券,600030,7.08,7.24,6.65,6.88,7.21,259868,1051748568.0,1.52,-4.58
2007-03-22,中信证券,600030,7.04,7.4,7.04,7.21,6.94,257722,1075428508.0,1.5,3.89
2007-03-21,中信证券,600030,7.01,7.28,6.79,6.94,6.87,207235,850796023.0,1.21,1.02
2007-03-20,中信证券,600030,7.18,7.22,6.77,6.87,7.1,150208,611448140.0,0.88,-3.24
2007-03-19,中信证券,600030,6.26,7.28,6.21,7.1,6.55,300826,1225095511.0,1.75,8.4
2007-03-16,中信证券,600030,7.05,7.19,6.32,6.55,7.21,343389,1371326189.0,2.0,-9.15
2007-03-15,中信证券,600030,7.17,7.45,7.07,7.21,7.16,169694,706387661.0,0.99,0.7
2007-03-14,中信证券,600030,7.34,7.68,7.01,7.16,7.73,262218,1098655440.0,1.53,-7.37
2007-03-13,中信证券,600030,7.57,8.11,7.48,7.73,7.47,249716,1089662034.0,1.46,3.48
2007-03-12,中信证券,600030,7.3,7.77,6.91,7.47,7.37,293165,1224546551.0,1.71,1.36
2007-03-09,中信证券,600030,7.44,7.88,7.34,7.37,7.44,362415,1564064940.0,2.11,-0.94
2007-03-08,中信证券,600030,6.87,7.48,6.6,7.44,6.74,277427,1141534106.0,1.62,10.39
2007-03-07,中信证券,600030,5.92,6.9,5.92,6.74,5.86,315378,1243179495.0,1.84,15.02
2007-03-06,中信证券,600030,5.4,6.14,5.4,5.86,5.38,355501,1310968231.0,2.07,8.92
2007-03-05,中信证券,600030,5.6,5.92,5.14,5.38,5.88,247142,877949699.0,1.44,-8.5
2007-03-02,中信证券,600030,5.28,5.95,5.24,5.88,5.32,295925,1049716771.0,1.73,10.53
2007-03-01,中信证券,600030,5.82,5.82,5.11,5.32,5.92,223467,792917258.0,1.3,-10.14
2007-02-28,中信证券,600030,5.61,6.01,5.26,5.92,5.66,380036,1366412550.0,2.22,4.59
2007-02-27,中信证券,600030,6.76,6.85,5.63,5.66,6.79,294843,1106539601.0,1.72,-16.64
2007-02-26,中信证券,600030,6.89,7.1,6.73,6.79,7.02,166401,671880607.0,0.97,-3.28
2007-02-16,中信证券,600030,7.48,7.54,6.76,7.02,7.27,221006,917476973.0,1.29,-3.44
2007-02-15,中信证券,600030,7.05,7.46,7.05,7.27,6.88,275514,1150296384.0,1.61,5.67
2007-02-14,中信证券,600030,6.23,7.01,6.18,6.88,6.17,342531,1360483774.0,2.0,11.51
2007-02-13,中信证券,600030,6.21,6.38,6.0,6.17,6.18,226332,860798705.0,1.32,-0.16
2007-02-12,中信证券,600030,5.17,6.19,5.05,6.18,5.19,470527,1733873517.0,2.74,19.08
2007-02-09,中信证券,600030,5.22,5.54,5.02,5.19,5.22,175400,613530523.0,1.02,-0.57
2007-02-08,中信证券,600030,5.31,5.35,5.15,5.22,5.25,193089,670125029.0,1.13,-0.57
2007-02-07,中信证券,600030,5.06,5.59,4.97,5.25,4.84,420133,1470579103.0,2.45,8.47
2007-02-06,中信证券,600030,4.68,4.87,3.89,4.84,4.76,486475,1544183181.0,2.84,1.68
2007-02-05,中信证券,600030,4.73,5.13,4.47,4.76,4.78,243760,809755964.0,1.42,-0.42
2007-02-02,中信证券,600030,5.51,5.51,4.53,4.78,5.53,314096,1057927457.0,1.83,-13.56
2007-02-01,中信证券,600030,5.26,5.56,5.12,5.53,5.3,290851,1018387109.0,1.7,4.34
2007-01-31,中信证券,600030,5.82,6.32,4.99,5.3,6.08,355664,1275578138.0,2.07,-12.83
2007-01-30,中信证券,600030,6.19,6.61,5.98,6.08,6.46,199056,759555966.0,1.16,-5.88
2007-01-29,中信证券,600030,6.76,6.82,6.22,6.46,6.57,315774,1231712520.0,1.84,-1.67
2007-01-26,中信证券,600030,6.15,6.8,5.82,6.57,6.29,339243,1300639274.0,1.98,4.45
2007-01-25,中信证券,600030,5.89,6.79,5.66,6.29,6.11,537229,2093173937.0,3.13,2.95
2007-01-24,中信证券,600030,5.34,6.22,5.34,6.11,5.21,691785,2588215504.0,4.03,17.27
2007-01-23,中信证券,600030,5.22,5.39,4.61,5.21,5.21,378959,1293390746.0,2.21,0.0
2007-01-22,中信证券,600030,5.02,5.46,4.99,5.21,4.95,313791,1091556329.0,1.83,5.25
2007-01-19,中信证券,600030,4.94,5.15,4.66,4.95,4.94,381763,1287079326.0,2.23,0.2
2007-01-18,中信证券,600030,4.65,5.09,4.15,4.94,4.7,534144,1765997251.0,3.12,5.11
2007-01-17,中信证券,600030,5.59,5.96,4.7,4.7,5.77,627208,2155810689.0,3.66,-18.54
2007-01-16,中信证券,600030,5.77,5.96,5.51,5.77,5.66,348378,1277022289.0,2.03,1.94
2007-01-15,中信证券,600030,4.91,5.72,4.91,5.66,4.93,305236,1067475169.0,1.78,14.81
2007-01-12,中信证券,600030,4.59,5.4,4.59,4.93,4.61,365401,1254687465.0,2.13,6.94
2007-01-11,中信证券,600030,4.76,4.86,4.44,4.61,4.57,322007,1054373442.0,1.88,0.88
2007-01-10,中信证券,600030,3.86,4.57,3.72,4.57,3.71,539236,1710654127.0,3.15,23.18
2007-01-09,中信证券,600030,4.03,4.03,3.51,3.71,3.22,427423,1259794396.0,2.49,15.22
2007-01-08,中信证券,600030,3.12,3.34,2.75,3.22,3.12,317286,860602925.0,1.85,3.21
2007-01-05,中信证券,600030,3.07,3.41,2.93,3.12,3.19,289463,797556124.0,1.69,-2.19
2007-01-04,中信证券,600030,3.37,3.8,3.05,3.19,3.1,454242,1310767245.0,2.65,2.9
2006-12-29,中信证券,600030,2.9,3.26,2.82,3.1,2.72,320648,874456837.0,1.87,13.97
2006-12-28,中信证券,600030,2.57,2.85,2.43,2.72,2.53,239477,618045824.0,1.4,7.51
2006-12-27,中信证券,600030,2.34,2.75,2.3,2.53,2.39,251393,638389458.0,1.47,5.86
2006-12-26,中信证券,600030,2.44,2.53,2.32,2.39,2.42,314252,788686826.0,1.83,-1.24
2006-12-25,中信证券,600030,2.27,2.7,2.18,2.42,2.11,514292,1293877315.0,3.0,14.69
2006-12-22,中信证券,600030,2.24,2.32,1.97,2.11,2.28,266996,640464923.0,1.56,-7.46
2006-12-21,中信证券,600030,2.47,2.57,2.26,2.28,2.5,214823,540299156.0,1.25,-8.8
2006-12-20,中信证券,600030,2.27,2.56,2.21,2.5,2.4,204542,512741637.0,1.19,4.17
2006-12-19,中信证券,600030,2.7,2.76,2.3,2.4,2.57,323681,818558863.0,1.89,-6.61
2006-12-18,中信证券,600030,2.57,2.74,2.32,2.57,2.5,292569,744273922.0,1.71,2.8
2006-12-15,中信证券,600030,2.17,2.55,2.12,2.5,2.12,302776,752403342.0,1.77,17.92
2006-12-14,中信证券,600030,1.72,2.17,1.72,2.12,1.71,229350,536266470.0,1.34,23.98
2006-12-13,中信证券,600030,1.7,1.84,1.55,1.71,1.66,230145,520712981.0,1.34,3.01
2006-12-12,中信证券,600030,1.67,1.98,1.63,1.66,1.48,398304,910814251.0,2.32,12.16
2006-12-11,中信证券,600030,0.92,1.48,0.92,1.48,0.9,319286,668148905.0,1.86,64.44
2006-12-08,中信证券,600030,1.1,1.25,0.85,0.9,1.2,263536,535624651.0,1.54,-25.0
2006-12-07,中信证券,600030,1.34,1.57,1.19,1.2,1.41,273391,589786172.0,1.59,-14.89
2006-12-06,中信证券,600030,1.45,1.51,1.01,1.41,1.45,358703,754610649.0,2.09,-2.76
2006-12-05,中信证券,600030,1.02,1.6,1.02,1.45,1.02,382987,821425855.0,2.23,42.16
2006-12-04,中信证券,600030,0.79,1.05,0.79,1.02,0.79,321104,641275552.0,1.87,29.11
2006-12-01,中信证券,600030,0.6,0.88,0.58,0.79,0.58,320324,617996950.0,1.87,36.21
2006-11-30,中信证券,600030,0.36,0.69,0.34,0.58,0.34,316076,586159365.0,1.84,70.59
2006-11-29,中信证券,600030,0.07,0.38,0.02,0.34,0.17,264776,461940398.0,1.54,100.0
2006-11-28,中信证券,600030,0.39,0.39,0.15,0.17,0.39,209893,367147802.0,1.22,-56.41
2006-11-27,中信证券,600030,0.33,0.4,0.23,0.39,0.34,213829,378811029.0,1.25,14.71
2006-11-24,中信证券,600030,0.43,0.43,0.28,0.34,0.44,198821,356252006.0,1.16,-22.73
2006-11-23,中信证券,600030,0.46,0.58,0.37,0.44,0.41,253400,464715227.0,1.48,7.32
2006-11-22,中信证券,600030,0.08,0.58,0.07,0.41,0.1,402881,717108324.0,2.35,310.0
2006-11-21,中信证券,600030,0.15,0.24,0.04,0.1,0.15,238608,408302045.0,1.39,-33.33
2006-11-20,中信证券,600030,-0.15,0.17,-0.15,0.15,-0.11,333856,565579757.0,1.95,236.36
2006-11-17,中信证券,600030,-0.2,-0.09,-0.25,-0.11,-0.15,194161,312000242.0,1.13,26.67
2006-11-16,中信证券,600030,-0.12,0.03,-0.19,-0.15,-0.11,366003,604813947.0,2.13,-36.36
2006-11-15,中信证券,600030,-0.2,-0.06,-0.26,-0.11,-0.2,513961,833391048.0,3.0,45.0
2006-11-14,中信证券,600030,-0.2,-0.17,-0.37,-0.2,-0.17,313170,496104125.0,1.83,-17.65
2006-11-13,中信证券,600030,-0.49,-0.11,-0.52,-0.17,-0.49,710881,1122195815.0,4.15,65.31
2006-11-10,中信证券,600030,-0.58,-0.37,-0.59,-0.49,-0.58,324721,487008261.0,1.89,15.52
2006-11-09,中信证券,600030,-0.7,-0.55,-0.73,-0.58,-0.69,151483,220056590.0,0.88,15.94
2006-11-08,中信证券,600030,-0.69,-0.68,-0.75,-0.69,-0.69,80951,114844092.0,0.47,0.0
2006-11-07,中信证券,600030,-0.72,-0.63,-0.75,-0.69,-0.76,170736,244108441.0,1.0,9.21
2006-11-06,中信证券,600030,-0.72,-0.7,-0.79,-0.76,-0.69,221956,312509636.0,1.29,-10.14
2006-11-03,中信证券,600030,-0.67,-0.62,-0.72,-0.69,-0.66,145355,208073851.0,0.85,-4.55
2006-11-02,中信证券,600030,-0.47,-0.45,-0.78,-0.66,-0.5,245323,353951057.0,1.43,-32.0
2006-11-01,中信证券,600030,-0.56,-0.46,-0.57,-0.5,-0.57,133143,198967072.0,0.78,12.28
2006-10-31,中信证券,600030,-0.52,-0.49,-0.62,-0.57,-0.54,185159,272839192.0,1.08,-5.56
2006-10-27,中信证券,600030,-0.36,-0.35,-0.56,-0.54,-0.39,157001,234766735.0,0.92,-38.46
2006-10-26,中信证券,600030,-0.38,-0.33,-0.46,-0.39,-0.39,138313,212130648.0,0.81,0.0
2006-10-25,中信证券,600030,-0.41,-0.27,-0.45,-0.39,-0.42,189080,292302553.0,1.1,7.14
2006-10-24,中信证券,600030,-0.6,-0.39,-0.61,-0.42,-0.6,137135,205680716.0,0.8,30.0
2006-10-23,中信证券,600030,-0.43,-0.42,-0.66,-0.6,-0.43,155274,230275215.0,0.91,-39.53
2006-10-20,中信证券,600030,-0.43,-0.39,-0.47,-0.43,-0.43,104507,159213653.0,0.61,0.0
2006-10-19,中信证券,600030,-0.51,-0.38,-0.53,-0.43,-0.53,170032,257236095.0,0.99,18.87
2006-10-18,中信证券,600030,-0.56,-0.49,-0.64,-0.53,-0.61,93374,137854946.0,0.54,13.11
2006-10-17,中信证券,600030,-0.66,-0.54,-0.67,-0.61,-0.62,82263,120127431.0,0.48,1.61
2006-10-16,中信证券,600030,-0.56,-0.48,-0.66,-0.62,-0.55,111239,163456367.0,0.65,-12.73
2006-10-13,中信证券,600030,-0.53,-0.46,-0.59,-0.55,-0.52,117745,175110071.0,0.69,-5.77
2006-10-12,中信证券,600030,-0.35,-0.31,-0.54,-0.52,-0.36,149592,227269015.0,0.87,-44.44
2006-10-11,中信证券,600030,-0.44,-0.26,-0.44,-0.36,-0.45,163251,253033357.0,0.95,20.0
2006-10-10,中信证券,600030,-0.37,-0.33,-0.47,-0.45,-0.37,193583,296374549.0,1.13,-21.62
2006-10-09,中信证券,600030,-0.4,-0.23,-0.43,-0.37,-0.5,293132,454232445.0,1.71,26.0
2006-09-29,中信证券,600030,-0.63,-0.47,-0.66,-0.5,-0.63,379275,562689728.0,2.21,20.63
2006-09-28,中信证券,600030,-0.83,-0.57,-0.88,-0.63,-0.85,341039,489686824.0,1.99,25.88
2006-09-27,中信证券,600030,-0.87,-0.82,-0.9,-0.85,-0.87,59146,81112750.0,0.34,2.3
2006-09-26,中信证券,600030,-0.72,-0.69,-0.89,-0.87,-0.73,118650,164436731.0,0.69,-19.18
2006-09-25,中信证券,600030,-0.75,-0.68,-0.79,-0.73,-0.73,98514,139127509.0,0.57,0.0
2006-09-22,中信证券,600030,-0.7,-0.65,-0.79,-0.73,-0.73,177128,252286466.0,1.03,0.0
2006-09-21,中信证券,600030,-0.78,-0.68,-0.78,-0.73,-0.79,163572,232355759.0,0.95,7.59
2006-09-20,中信证券,600030,-0.78,-0.72,-0.83,-0.79,-0.75,129770,181815311.0,0.76,-5.33
2006-09-19,中信证券,600030,-0.75,-0.63,-0.78,-0.75,-0.75,241903,344607794.0,1.41,0.0
2006-09-18,中信证券,600030,-0.89,-0.73,-0.92,-0.75,-0.91,309905,431035729.0,1.81,17.58
2006-09-15,中信证券,600030,-1.03,-0.89,-1.08,-0.91,-1.04,222754,298234560.0,1.3,12.5
2006-09-14,中信证券,600030,-0.91,-0.87,-1.1,-1.04,-0.95,182944,241240489.0,1.07,-9.47
2006-09-13,中信证券,600030,-0.85,-0.85,-0.95,-0.95,-0.86,182973,248718920.0,1.07,-10.47
2006-09-12,中信证券,600030,-0.92,-0.83,-0.96,-0.86,-0.93,173606,236340798.0,1.01,7.53
2006-09-11,中信证券,600030,-0.87,-0.85,-1.01,-0.93,-0.91,79316,106412174.0,0.46,-2.2
2006-09-08,中信证券,600030,-0.95,-0.9,-1.01,-0.91,-0.98,81582,109164044.0,0.48,7.14
2006-09-07,中信证券,600030,-0.88,-0.84,-1.01,-0.98,-0.88,123678,166527462.0,0.72,-11.36
2006-09-06,中信证券,600030,-0.85,-0.82,-0.96,-0.88,-0.86,62537,85156329.0,0.36,-2.33
2006-09-05,中信证券,600030,-0.88,-0.79,-0.91,-0.86,-0.92,106535,146361348.0,0.62,6.52
2006-09-04,中信证券,600030,-1.03,-0.9,-1.03,-0.92,-0.97,91319,122420625.0,0.53,5.15
2006-09-01,中信证券,600030,-0.82,-0.81,-1.01,-0.97,-0.81,203179,274774542.0,1.19,-19.75
2006-08-31,中信证券,600030,-0.75,-0.73,-0.82,-0.81,-0.77,91509,127428898.0,0.53,-5.19
2006-08-30,中信证券,600030,-0.8,-0.73,-0.84,-0.77,-0.8,143963,200936500.0,0.84,3.75
2006-08-29,中信证券,600030,-0.75,-0.7,-0.81,-0.8,-0.78,236983,332213739.0,1.38,-2.56
2006-08-28,中信证券,600030,-1.02,-0.74,-1.05,-0.78,-1.05,333132,457230632.0,1.94,25.71
2006-08-25,中信证券,600030,-1.06,-0.98,-1.06,-1.05,-1.06,119097,156724237.0,0.69,0.94
2006-08-24,中信证券,600030,-1.08,-1.04,-1.14,-1.06,-1.05,133151,172331213.0,0.78,-0.95
2006-08-23,中信证券,600030,-1.22,-0.99,-1.23,-1.05,-1.21,376980,488174642.0,2.2,13.22
2006-08-22,中信证券,600030,-1.28,-1.16,-1.31,-1.21,-1.29,155282,193607984.0,0.91,6.2
2006-08-21,中信证券,600030,-1.41,-1.28,-1.42,-1.29,-1.28,116295,140746391.0,0.68,-0.78
2006-08-18,中信证券,600030,-1.25,-1.24,-1.36,-1.28,-1.27,107269,130499523.0,0.63,-0.79
2006-08-17,中信证券,600030,-1.16,-1.16,-1.3,-1.27,-1.15,132136,163355856.0,0.77,-10.43
2006-08-16,中信证券,600030,-1.13,-1.09,-1.22,-1.15,-1.12,185557,235620140.0,1.08,-2.68
2006-08-15,中信证券,600030,-1.29,-1.08,-1.29,-1.12,-1.22,345552,437494450.0,2.02,8.2
2006-08-14,中信证券,600030,-1.21,-0.99,-1.26,-1.22,-1.13,190127,243070062.0,3.52,-7.96
2006-08-11,中信证券,600030,-1.32,-1.08,-1.35,-1.13,-1.25,216314,269680131.0,4.01,9.6
2006-08-10,中信证券,600030,-1.35,-1.23,-1.5,-1.25,-1.28,291628,347215558.0,5.4,2.34
2006-08-09,中信证券,600030,-1.16,-1.16,-1.35,-1.28,-1.12,130968,160898325.0,2.43,-14.29
2006-08-08,中信证券,600030,-1.3,-1.1,-1.32,-1.12,-1.27,104639,131348204.0,1.94,11.81
2006-08-07,中信证券,600030,-1.21,-1.18,-1.37,-1.27,-1.16,115369,141538493.0,2.14,-9.48
2006-08-04,中信证券,600030,-1.1,-1.08,-1.18,-1.16,-1.08,83492,106782301.0,1.55,-7.41
2006-08-03,中信证券,600030,-0.99,-0.99,-1.15,-1.08,-1.01,93851,120849446.0,1.74,-6.93
2006-08-02,中信证券,600030,-1.07,-1.01,-1.18,-1.01,-1.04,112601,145208061.0,2.09,2.88
2006-08-01,中信证券,600030,-0.96,-0.9,-1.08,-1.04,-0.95,94940,124992958.0,1.76,-9.47
2006-07-31,中信证券,600030,-0.77,-0.75,-1.05,-0.95,-0.78,126040,169684958.0,2.33,-21.79
2006-07-28,中信证券,600030,-0.61,-0.6,-0.84,-0.78,-0.61,113653,159388132.0,2.1,-27.87
2006-07-27,中信证券,600030,-0.62,-0.52,-0.66,-0.61,-0.63,95705,140054760.0,1.77,3.17
2006-07-26,中信证券,600030,-0.59,-0.59,-0.68,-0.63,-0.59,79367,114877059.0,1.47,-6.78
2006-07-25,中信证券,600030,-0.54,-0.5,-0.62,-0.59,-0.63,169313,249344349.0,3.14,6.35
2006-07-21,中信证券,600030,-0.62,-0.38,-0.66,-0.63,-0.79,159844,235316927.0,2.96,20.25
2006-07-20,中信证券,600030,-0.87,-0.76,-0.89,-0.79,-0.89,97682,135652989.0,1.81,11.24
2006-07-19,中信证券,600030,-0.63,-0.61,-0.99,-0.89,-0.64,182221,252160679.0,3.37,-39.06
2006-07-18,中信证券,600030,-0.58,-0.58,-0.72,-0.64,-0.64,111546,160225348.0,2.07,0.0
2006-07-17,中信证券,600030,-0.68,-0.62,-0.73,-0.64,-0.68,116887,167600021.0,2.16,5.88
2006-07-14,中信证券,600030,-0.77,-0.59,-0.77,-0.68,-0.64,161915,232328237.0,3.0,-6.25
2006-07-13,中信证券,600030,-0.27,-0.21,-0.64,-0.64,-0.17,210771,318218372.0,3.9,-276.47
2006-07-12,中信证券,600030,-0.19,-0.05,-0.3,-0.17,-0.2,114461,184318066.0,2.12,15.0
2006-07-11,中信证券,600030,-0.24,-0.14,-0.24,-0.2,-0.23,70312,112473900.0,1.3,13.04
2006-07-10,中信证券,600030,-0.14,-0.1,-0.29,-0.23,-0.11,107479,170654729.0,1.99,-109.09
2006-07-07,中信证券,600030,0.01,0.04,-0.17,-0.11,-0.05,105286,171967934.0,1.95,-120.0
2006-07-06,中信证券,600030,-0.21,0.06,-0.25,-0.05,-0.19,126491,209040425.0,2.34,73.68
2006-07-05,中信证券,600030,0.02,0.04,-0.28,-0.19,0.02,166124,267496529.0,3.08,-1050.0
2006-07-04,中信证券,600030,0.17,0.2,-0.08,0.02,0.12,183083,308366478.0,3.39,-83.33
2006-07-03,中信证券,600030,-0.14,0.16,-0.17,0.12,-0.28,228118,383200348.0,4.22,142.86
2006-06-30,中信证券,600030,-0.2,-0.15,-0.36,-0.28,-0.23,109277,173729147.0,2.02,-21.74
2006-06-29,中信证券,600030,-0.3,-0.16,-0.3,-0.23,-0.32,164396,263064282.0,3.04,28.13
2006-06-28,中信证券,600030,-0.61,-0.23,-0.61,-0.32,-0.54,148054,231125239.0,2.74,40.74
2006-06-27,中信证券,600030,-0.51,-0.48,-0.59,-0.54,-0.52,73174,109399908.0,1.36,-3.85
2006-06-26,中信证券,600030,-0.67,-0.45,-0.67,-0.52,-0.68,161260,242222024.0,2.99,23.53
2006-06-23,中信证券,600030,-0.73,-0.64,-0.81,-0.68,-0.69,96109,137951943.0,1.78,1.45
2006-06-22,中信证券,600030,-0.71,-0.61,-0.76,-0.69,-0.72,94923,137307330.0,1.76,4.17
2006-06-21,中信证券,600030,-0.71,-0.61,-0.83,-0.72,-0.68,135984,194393576.0,2.52,-5.88
2006-06-20,中信证券,600030,-0.67,-0.56,-0.72,-0.68,-0.63,120765,175235766.0,2.24,-7.94
2006-06-19,中信证券,600030,-0.81,-0.52,-0.87,-0.63,-0.73,184377,267202718.0,3.41,13.7
2006-06-16,中信证券,600030,-0.98,-0.7,-0.98,-0.73,-1.03,202597,280349852.0,3.75,29.13
2006-06-15,中信证券,600030,-1.07,-0.94,-1.1,-1.03,-1.1,172182,230083849.0,3.19,6.36
2006-06-14,中信证券,600030,-1.04,-1.01,-1.23,-1.1,-0.94,183986,237316282.0,3.41,-17.02
2006-06-13,中信证券,600030,-1.03,-0.82,-1.1,-0.94,-1.04,211146,283822826.0,3.91,9.62
2006-06-12,中信证券,600030,-0.96,-0.85,-1.06,-1.04,-0.92,138452,185584373.0,2.56,-13.04
2006-06-09,中信证券,600030,-0.63,-0.63,-0.98,-0.92,-0.63,238557,331828666.0,4.42,-46.03
2006-06-08,中信证券,600030,-0.72,-0.53,-0.9,-0.63,-0.63,216035,310432190.0,4.0,0.0
2006-06-07,中信证券,600030,-0.34,-0.23,-0.7,-0.63,-0.33,175534,264768487.0,3.25,-90.91
2006-06-06,中信证券,600030,-0.26,-0.15,-0.36,-0.33,-0.24,85709,135509059.0,1.59,-37.5
2006-06-05,中信证券,600030,-0.23,-0.03,-0.56,-0.24,-0.15,172354,271067921.0,3.19,-60.0
2006-06-02,中信证券,600030,0.13,0.46,-0.23,-0.15,-0.01,355600,610493551.0,6.59,-1400.0
2006-06-01,中信证券,600030,-0.48,-0.01,-0.53,-0.01,-0.45,365613,596685406.0,6.77,97.78
2006-05-31,中信证券,600030,-0.51,-0.42,-0.59,-0.45,-0.49,120301,180624777.0,2.23,8.16
2006-05-30,中信证券,600030,-0.45,-0.3,-0.49,-0.49,-0.56,192535,297359975.0,3.57,12.5
2006-05-26,中信证券,600030,-0.49,-0.46,-0.63,-0.56,-0.56,135396,201927547.0,2.51,0.0
2006-05-25,中信证券,600030,-0.72,-0.51,-0.79,-0.56,-0.65,194199,285218756.0,3.6,13.85
2006-05-24,中信证券,600030,-0.63,-0.43,-0.97,-0.65,-0.71,263206,376741181.0,4.87,8.45
2006-05-23,中信证券,600030,-0.38,-0.38,-0.73,-0.71,-0.28,257929,383216198.0,4.78,-153.57
2006-05-22,中信证券,600030,-0.12,0.0,-0.32,-0.28,-0.06,267558,431988215.0,4.95,-366.67
2006-05-19,中信证券,600030,-0.52,-0.03,-0.75,-0.06,-0.47,414434,656768840.0,7.67,87.23
2006-05-18,中信证券,600030,-0.33,-0.29,-0.62,-0.47,-0.15,355766,532102692.0,6.59,-213.33
2006-05-17,中信证券,600030,0.12,0.45,-0.52,-0.15,-0.03,460402,766019949.0,8.53,-400.0
2006-05-16,中信证券,600030,-0.38,-0.03,-0.58,-0.03,-0.48,341807,557370728.0,6.33,93.75
2006-05-15,中信证券,600030,-0.48,-0.48,-0.62,-0.48,-0.88,322877,486790751.0,5.98,45.45
2006-05-11,中信证券,600030,-0.81,-0.54,-1.01,-0.88,-0.78,275253,389442906.0,5.1,-12.82
2006-05-10,中信证券,600030,-0.82,-0.73,-1.04,-0.78,-1.11,337407,466431414.0,6.25,29.73
2006-05-09,中信证券,600030,-1.11,-1.11,-1.11,-1.11,-1.45,111513,144743264.0,2.07,23.45
2006-04-28,中信证券,600030,-1.96,-1.41,-1.96,-1.45,-1.7,305583,345804911.0,5.66,14.71
2006-04-27,中信证券,600030,-1.43,-1.34,-1.74,-1.7,-1.4,453030,514899116.0,8.39,-21.43
2006-04-26,中信证券,600030,-1.63,-1.33,-1.65,-1.4,-1.65,312341,369384830.0,5.78,15.15
2006-04-25,中信证券,600030,-1.74,-1.49,-1.85,-1.65,-1.72,207108,231040429.0,3.84,4.07
2006-04-24,中信证券,600030,-1.86,-1.65,-1.94,-1.72,-1.9,303058,318559519.0,5.61,9.47
2006-04-21,中信证券,600030,-2.17,-1.9,-2.18,-1.9,-2.17,248693,246233486.0,4.61,12.44
2006-04-20,中信证券,600030,-2.22,-2.04,-2.22,-2.17,-2.22,141682,133667495.0,2.62,2.25
2006-04-19,中信证券,600030,-2.22,-2.14,-2.26,-2.22,-2.21,126299,116148321.0,2.34,-0.45
2006-04-18,中信证券,600030,-2.25,-2.13,-2.28,-2.21,-2.19,150609,138614307.0,2.79,-0.91
2006-04-17,中信证券,600030,-2.38,-2.13,-2.4,-2.19,-2.38,320360,293108349.0,5.93,7.98
2006-04-14,中信证券,600030,-2.62,-2.38,-2.62,-2.38,-2.61,149783,122745621.0,2.77,8.81
2006-04-13,中信证券,600030,-2.5,-2.5,-2.61,-2.61,-2.5,147990,117908626.0,2.74,-4.4
2006-04-12,中信证券,600030,-2.43,-2.41,-2.5,-2.5,-2.42,68046,56506822.0,1.26,-3.31
2006-04-11,中信证券,600030,-2.44,-2.39,-2.48,-2.42,-2.43,124872,104948571.0,2.31,0.41
2006-04-10,中信证券,600030,-2.52,-2.43,-2.57,-2.43,-2.52,103364,84158639.0,1.91,3.57
2006-04-07,中信证券,600030,-2.51,-2.5,-2.57,-2.52,-2.51,134531,107997143.0,2.49,-0.4
2006-04-06,中信证券,600030,-2.51,-2.41,-2.53,-2.51,-2.51,140784,116397588.0,2.61,0.0
2006-04-05,中信证券,600030,-2.5,-2.46,-2.54,-2.51,-2.49,108708,88634725.0,2.01,-0.8
2006-04-04,中信证券,600030,-2.55,-2.48,-2.58,-2.49,-2.55,134993,108505882.0,2.5,2.35
2006-04-03,中信证券,600030,-2.66,-2.48,-2.67,-2.55,-2.66,332633,264359293.0,6.16,4.14
2006-03-31,中信证券,600030,-2.87,-2.66,-2.9,-2.66,-2.86,356486,264287258.0,6.6,6.99
2006-03-30,中信证券,600030,-2.84,-2.83,-2.88,-2.86,-2.84,100238,69532251.0,1.86,-0.7
2006-03-29,中信证券,600030,-2.77,-2.77,-2.85,-2.84,-2.81,163466,115640654.0,3.03,-1.07
2006-03-28,中信证券,600030,-2.91,-2.8,-2.91,-2.81,-2.91,177861,124687833.0,3.29,3.44
2006-03-27,中信证券,600030,-2.88,-2.87,-2.94,-2.91,-2.88,72075,48480372.0,1.33,-1.04
2006-03-24,中信证券,600030,-2.9,-2.85,-2.9,-2.88,-2.86,95723,65977768.0,1.77,-0.7
2006-03-23,中信证券,600030,-2.9,-2.84,-2.9,-2.86,-2.9,118869,82380513.0,2.2,1.38
2006-03-22,中信证券,600030,-2.9,-2.87,-2.92,-2.9,-2.9,88266,60001092.0,1.63,0.0
2006-03-21,中信证券,600030,-2.92,-2.83,-2.92,-2.9,-2.91,167176,114955212.0,3.1,0.34
2006-03-20,中信证券,600030,-2.99,-2.9,-3.01,-2.91,-2.98,134005,89174015.0,2.48,2.35
2006-03-17,中信证券,600030,-3.01,-2.97,-3.03,-2.98,-3.01,128096,82871297.0,2.37,1.0
2006-03-16,中信证券,600030,-3.04,-2.99,-3.05,-3.01,-3.04,190561,122450046.0,3.53,0.99
2006-03-15,中信证券,600030,-3.08,-3.04,-3.11,-3.04,-3.09,109968,68257266.0,2.04,1.62
2006-03-14,中信证券,600030,-3.06,-3.05,-3.1,-3.09,-3.07,39980,24605471.0,0.74,-0.65
2006-03-13,中信证券,600030,-3.1,-3.05,-3.12,-3.07,-3.1,46589,28703352.0,0.86,0.97
2006-03-10,中信证券,600030,-3.05,-3.04,-3.1,-3.1,-3.06,50275,31015873.0,0.93,-1.31
2006-03-09,中信证券,600030,-3.08,-3.03,-3.09,-3.06,-3.08,107454,67197336.0,1.99,0.65
2006-03-08,中信证券,600030,-3.12,-3.05,-3.13,-3.08,-3.12,170851,105127939.0,3.16,1.28
2006-03-07,中信证券,600030,-3.09,-3.07,-3.14,-3.12,-3.1,182096,111155567.0,3.37,-0.65
2006-03-06,中信证券,600030,-3.08,-3.06,-3.1,-3.1,-3.08,51697,31774656.0,0.96,-0.65
2006-03-03,中信证券,600030,-3.06,-3.04,-3.11,-3.08,-3.05,103332,63692584.0,1.91,-0.98
2006-03-02,中信证券,600030,-2.99,-2.98,-3.07,-3.05,-2.99,83473,53134899.0,1.55,-2.01
2006-03-01,中信证券,600030,-3.01,-2.97,-3.02,-2.99,-3.02,166112,107912524.0,3.08,0.99
2006-02-28,中信证券,600030,-3.04,-3.0,-3.06,-3.02,-3.04,100884,63924263.0,1.87,0.66
2006-02-27,中信证券,600030,-3.02,-3.01,-3.05,-3.04,-3.02,93227,59305941.0,1.73,-0.66
2006-02-24,中信证券,600030,-3.01,-3.0,-3.05,-3.02,-3.01,107076,67999400.0,1.98,-0.33
2006-02-23,中信证券,600030,-3.04,-2.99,-3.05,-3.01,-3.05,98312,62695300.0,1.82,1.31
2006-02-22,中信证券,600030,-3.01,-2.99,-3.07,-3.05,-3.01,137411,87595025.0,2.54,-1.33
2006-02-21,中信证券,600030,-3.08,-3.0,-3.11,-3.01,-3.08,156385,97437386.0,2.9,2.27
2006-02-20,中信证券,600030,-2.96,-2.95,-3.08,-3.08,-2.96,251458,160589504.0,4.66,-4.05
2006-02-16,中信证券,600030,-2.88,-2.87,-2.96,-2.96,-2.87,138163,92214359.0,2.56,-3.14
2006-02-15,中信证券,600030,-2.92,-2.79,-2.93,-2.87,-2.92,270221,189148243.0,5.0,1.71
2006-02-14,中信证券,600030,-2.95,-2.92,-2.96,-2.92,-2.94,66698,44400653.0,1.24,0.68
2006-02-13,中信证券,600030,-2.99,-2.93,-2.99,-2.94,-2.96,73716,48674482.0,1.37,0.68
2006-02-10,中信证券,600030,-2.96,-2.93,-2.99,-2.96,-2.96,111041,72837194.0,2.06,0.0
2006-02-09,中信证券,600030,-2.94,-2.9,-2.97,-2.96,-2.94,127901,84719218.0,2.37,-0.68
2006-02-08,中信证券,600030,-2.93,-2.92,-2.97,-2.94,-2.91,182394,121275531.0,3.38,-1.03
2006-02-07,中信证券,600030,-2.84,-2.83,-2.92,-2.91,-2.83,259665,177586246.0,4.81,-2.83
2006-02-06,中信证券,600030,-2.84,-2.81,-2.88,-2.83,-2.84,219555,152517017.0,4.07,0.35
2006-01-25,中信证券,600030,-2.93,-2.83,-2.94,-2.84,-2.91,165866,114980067.0,3.07,2.41
2006-01-24,中信证券,600030,-3.01,-2.89,-3.05,-2.91,-3.0,203035,132588006.0,3.76,3.0
2006-01-23,中信证券,600030,-2.97,-2.96,-3.03,-3.0,-2.97,244706,157564572.0,4.53,-1.01
2006-01-20,中信证券,600030,-3.0,-2.94,-3.02,-2.97,-3.0,202089,132043730.0,3.74,1.0
2006-01-19,中信证券,600030,-3.05,-3.0,-3.07,-3.0,-3.05,161171,102297514.0,2.98,1.64
2006-01-18,中信证券,600030,-3.14,-3.03,-3.14,-3.05,-3.12,211644,132052717.0,3.92,2.24
2006-01-17,中信证券,600030,-3.1,-3.09,-3.16,-3.12,-3.14,196785,118660634.0,3.64,0.64
2006-01-16,中信证券,600030,-3.1,-3.1,-3.16,-3.14,-3.09,193742,116438757.0,3.59,-1.62
2006-01-13,中信证券,600030,-3.17,-3.05,-3.18,-3.09,-3.17,296145,178758271.0,5.48,2.52
2006-01-12,中信证券,600030,-3.21,-3.16,-3.22,-3.17,-3.2,186949,109165749.0,3.46,0.94
2006-01-11,中信证券,600030,-3.2,-3.14,-3.22,-3.2,-3.19,208039,121343063.0,3.85,-0.31
2006-01-10,中信证券,600030,-3.19,-3.19,-3.24,-3.19,-3.19,219612,125303171.0,4.07,0.0
2006-01-09,中信证券,600030,-3.28,-3.18,-3.28,-3.19,-3.29,333653,190364861.0,6.18,3.04
2006-01-06,中信证券,600030,-3.3,-3.26,-3.32,-3.29,-3.32,235518,129065563.0,4.36,0.9
2006-01-05,中信证券,600030,-3.34,-3.31,-3.34,-3.32,-3.35,145809,77831664.0,2.7,0.9
2006-01-04,中信证券,600030,-3.38,-3.34,-3.39,-3.35,-3.37,143305,75104386.0,2.65,0.59
2005-12-30,中信证券,600030,-3.35,-3.35,-3.38,-3.37,-3.36,79440,40977359.0,1.47,-0.3
2005-12-29,中信证券,600030,-3.36,-3.34,-3.37,-3.36,-3.36,63322,33005381.0,1.17,0.0
2005-12-28,中信证券,600030,-3.35,-3.35,-3.37,-3.36,-3.35,64398,33416751.0,1.19,-0.3
2005-12-27,中信证券,600030,-3.33,-3.33,-3.35,-3.35,-3.33,71593,37653806.0,1.33,-0.6
2005-12-26,中信证券,600030,-3.36,-3.32,-3.37,-3.33,-3.36,149182,78816817.0,2.76,0.89
2005-12-23,中信证券,600030,-3.39,-3.36,-3.4,-3.36,-3.4,73793,38038153.0,1.37,1.18
2005-12-22,中信证券,600030,-3.39,-3.38,-3.4,-3.4,-3.38,85176,43358802.0,1.58,-0.59
2005-12-21,中信证券,600030,-3.37,-3.35,-3.39,-3.38,-3.37,62765,32459807.0,1.16,-0.3
2005-12-20,中信证券,600030,-3.39,-3.36,-3.39,-3.37,-3.39,76804,39541665.0,1.42,0.59
2005-12-19,中信证券,600030,-3.38,-3.36,-3.39,-3.39,-3.39,89907,46107130.0,1.66,0.0
2005-12-15,中信证券,600030,-3.36,-3.33,-3.4,-3.39,-3.36,205883,107040494.0,3.81,-0.89
2005-12-14,中信证券,600030,-3.39,-3.35,-3.4,-3.36,-3.39,149797,77353991.0,2.77,0.88
2005-12-13,中信证券,600030,-3.41,-3.38,-3.43,-3.39,-3.41,115345,58394097.0,2.14,0.59
2005-12-12,中信证券,600030,-3.41,-3.39,-3.43,-3.41,-3.41,79064,39785159.0,1.46,0.0
2005-12-09,中信证券,600030,-3.44,-3.4,-3.45,-3.41,-3.44,138923,69669359.0,2.57,0.87
2005-12-08,中信证券,600030,-3.44,-3.41,-3.45,-3.44,-3.44,106679,53025392.0,1.98,0.0
2005-12-07,中信证券,600030,-3.45,-3.44,-3.46,-3.44,-3.45,94074,46228011.0,1.74,0.29
2005-12-06,中信证券,600030,-3.5,-3.44,-3.51,-3.45,-3.49,100270,48557754.0,1.86,1.15
2005-12-05,中信证券,600030,-3.48,-3.46,-3.5,-3.49,-3.46,84069,40408837.0,1.56,-0.87
2005-12-02,中信证券,600030,-3.47,-3.44,-3.48,-3.46,-3.46,73628,35762477.0,1.36,0.0
2005-12-01,中信证券,600030,-3.43,-3.43,-3.48,-3.46,-3.43,97743,47854418.0,1.81,-0.87
2005-11-30,中信证券,600030,-3.45,-3.43,-3.46,-3.43,-3.45,123664,61031716.0,2.29,0.58
2005-11-29,中信证券,600030,-3.47,-3.45,-3.48,-3.45,-3.46,116848,56599110.0,2.16,0.29
2005-11-28,中信证券,600030,-3.44,-3.42,-3.48,-3.46,-3.45,240669,118537291.0,4.46,-0.29
2005-11-25,中信证券,600030,-3.5,-3.45,-3.51,-3.45,-3.51,226426,109150531.0,4.19,1.71
2005-11-24,中信证券,600030,-3.54,-3.46,-3.54,-3.51,-3.54,226824,107563484.0,4.2,0.85
2005-11-23,中信证券,600030,-3.56,-3.53,-3.56,-3.54,-3.55,50375,23063354.0,0.93,0.28
2005-11-22,中信证券,600030,-3.51,-3.51,-3.56,-3.55,-3.51,57240,26323829.0,1.06,-1.14
2005-11-21,中信证券,600030,-3.51,-3.5,-3.53,-3.51,-3.51,64437,30144162.0,1.19,0.0
2005-11-18,中信证券,600030,-3.54,-3.5,-3.55,-3.51,-3.54,153817,71710131.0,2.85,0.85
2005-11-17,中信证券,600030,-3.56,-3.52,-3.58,-3.54,-3.56,150664,69212035.0,2.79,0.56
2005-11-16,中信证券,600030,-3.56,-3.56,-3.59,-3.56,-3.58,45598,20390545.0,0.84,0.56
2005-11-15,中信证券,600030,-3.58,-3.56,-3.6,-3.58,-3.58,46598,20677043.0,0.86,0.0
2005-11-14,中信证券,600030,-3.56,-3.56,-3.58,-3.58,-3.57,51702,23107366.0,0.96,-0.28
2005-11-11,中信证券,600030,-3.59,-3.56,-3.61,-3.57,-3.59,72981,32210501.0,1.35,0.56
2005-11-10,中信证券,600030,-3.57,-3.56,-3.59,-3.59,-3.56,68226,30439021.0,1.26,-0.84
2005-11-09,中信证券,600030,-3.56,-3.55,-3.57,-3.56,-3.56,68323,30924319.0,1.27,0.0
2005-11-08,中信证券,600030,-3.57,-3.55,-3.58,-3.56,-3.57,56843,25550228.0,1.05,0.28
2005-11-07,中信证券,600030,-3.56,-3.56,-3.59,-3.57,-3.56,29993,13383049.0,0.56,-0.28
2005-11-04,中信证券,600030,-3.58,-3.56,-3.59,-3.56,-3.58,51589,23050515.0,0.96,0.56
2005-11-03,中信证券,600030,-3.56,-3.55,-3.59,-3.58,-3.56,54579,24429254.0,1.01,-0.56
2005-11-02,中信证券,600030,-3.59,-3.55,-3.59,-3.56,-3.59,75665,34076311.0,1.4,0.84
2005-11-01,中信证券,600030,-3.57,-3.57,-3.61,-3.59,-3.57,64503,28379890.0,1.19,-0.56
2005-10-31,中信证券,600030,-3.59,-3.56,-3.59,-3.57,-3.58,67721,30205024.0,1.25,0.28
2005-10-28,中信证券,600030,-3.58,-3.57,-3.61,-3.58,-3.6,74484,32852259.0,1.38,0.56
2005-10-27,中信证券,600030,-3.6,-3.57,-3.61,-3.6,-3.59,74441,32752986.0,1.38,-0.28
2005-10-26,中信证券,600030,-3.46,-3.46,-3.6,-3.59,-3.46,246215,111976661.0,4.56,-3.76
2005-10-25,中信证券,600030,-3.45,-3.45,-3.48,-3.46,-3.45,75551,36562938.0,1.4,-0.29
2005-10-24,中信证券,600030,-3.43,-3.41,-3.47,-3.45,-3.41,111824,54782722.0,2.07,-1.17
2005-10-21,中信证券,600030,-3.43,-3.38,-3.45,-3.41,-3.43,182768,92231076.0,3.38,0.58
2005-10-20,中信证券,600030,-3.44,-3.42,-3.47,-3.43,-3.43,121049,59460163.0,2.24,0.0
2005-10-19,中信证券,600030,-3.46,-3.42,-3.47,-3.43,-3.46,145300,71410956.0,2.69,0.87
2005-10-18,中信证券,600030,-3.45,-3.44,-3.48,-3.46,-3.45,125190,60724902.0,2.32,-0.29
2005-10-17,中信证券,600030,-3.44,-3.43,-3.48,-3.45,-3.43,154962,75309052.0,2.87,-0.58
2005-10-14,中信证券,600030,-3.38,-3.36,-3.44,-3.43,-3.37,153189,77624818.0,2.84,-1.78
2005-10-13,中信证券,600030,-3.37,-3.34,-3.38,-3.37,-3.37,135562,70367074.0,2.51,0.0
2005-10-12,中信证券,600030,-3.36,-3.34,-3.38,-3.37,-3.36,156028,81290941.0,2.89,-0.3
2005-10-11,中信证券,600030,-3.38,-3.35,-3.39,-3.36,-3.37,87703,45389145.0,1.62,0.3
2005-10-10,中信证券,600030,-3.33,-3.32,-3.38,-3.37,-3.33,95486,49406170.0,1.77,-1.2
2005-09-30,中信证券,600030,-3.34,-3.31,-3.35,-3.33,-3.34,159300,84929658.0,2.95,0.3
2005-09-29,中信证券,600030,-3.34,-3.32,-3.36,-3.34,-3.34,172903,91129957.0,3.2,0.0
2005-09-28,中信证券,600030,-3.34,-3.32,-3.36,-3.34,-3.34,126882,66851617.0,2.35,0.0
2005-09-27,中信证券,600030,-3.29,-3.28,-3.34,-3.34,-3.28,256389,137608697.0,4.75,-1.83
2005-09-26,中信证券,600030,-3.3,-3.26,-3.34,-3.28,-3.35,850489,461688456.0,15.75,2.09
2005-09-23,中信证券,600030,-3.39,-3.34,-3.4,-3.35,-3.39,315598,163612410.0,5.84,1.18
2005-09-22,中信证券,600030,-3.4,-3.36,-3.43,-3.39,-3.39,267333,135761831.0,4.95,0.0
2005-09-21,中信证券,600030,-3.34,-3.34,-3.39,-3.39,-3.34,170324,87852724.0,3.15,-1.5
2005-09-20,中信证券,600030,-3.36,-3.31,-3.37,-3.34,-3.36,336963,177936983.0,6.24,0.6
2005-09-19,中信证券,600030,-3.38,-3.35,-3.39,-3.36,-3.39,176637,91748079.0,3.27,0.88
2005-09-16,中信证券,600030,-3.38,-3.37,-3.4,-3.39,-3.38,91702,46811562.0,1.7,-0.3
2005-09-15,中信证券,600030,-3.39,-3.36,-3.4,-3.38,-3.39,271372,140018066.0,5.03,0.29
2005-09-14,中信证券,600030,-3.42,-3.37,-3.43,-3.39,-3.43,333835,170283677.0,6.18,1.17
2005-09-13,中信证券,600030,-3.44,-3.42,-3.46,-3.43,-3.44,107681,52993527.0,1.99,0.29
2005-09-09,中信证券,600030,-3.42,-3.41,-3.45,-3.44,-3.42,88801,44041721.0,1.64,-0.58
2005-09-08,中信证券,600030,-3.41,-3.4,-3.44,-3.42,-3.41,129542,64775009.0,2.4,-0.29
2005-09-07,中信证券,600030,-3.44,-3.4,-3.45,-3.41,-3.44,146816,73113327.0,2.72,0.87
2005-09-06,中信证券,600030,-3.41,-3.39,-3.44,-3.44,-3.41,196155,98993914.0,3.63,-0.88
2005-09-05,中信证券,600030,-3.44,-3.39,-3.45,-3.41,-3.44,171536,85535679.0,3.18,0.87
2005-09-02,中信证券,600030,-3.43,-3.41,-3.44,-3.44,-3.43,132582,65819084.0,2.46,-0.29
2005-09-01,中信证券,600030,-3.45,-3.41,-3.47,-3.43,-3.44,182014,89837544.0,3.37,0.29
2005-08-31,中信证券,600030,-3.43,-3.41,-3.47,-3.44,-3.43,155337,76228667.0,2.88,-0.29
2005-08-30,中信证券,600030,-3.42,-3.39,-3.44,-3.43,-3.42,241437,121889118.0,4.47,-0.29
2005-08-29,中信证券,600030,-3.44,-3.41,-3.47,-3.42,-3.44,282512,140103017.0,5.23,0.58
2005-08-26,中信证券,600030,-3.47,-3.43,-3.51,-3.44,-3.47,209208,101071050.0,3.87,0.86
2005-08-25,中信证券,600030,-3.45,-3.44,-3.48,-3.47,-3.44,135166,65575378.0,2.5,-0.87
2005-08-24,中信证券,600030,-3.43,-3.42,-3.47,-3.44,-3.43,228930,112387029.0,4.24,-0.29
2005-08-23,中信证券,600030,-3.45,-3.4,-3.46,-3.43,-3.45,238175,118879222.0,4.41,0.58
2005-08-22,中信证券,600030,-3.45,-3.44,-3.48,-3.45,-3.45,144120,70123355.0,2.67,0.0
2005-08-19,中信证券,600030,-3.44,-3.41,-3.47,-3.45,-3.44,175749,86267872.0,3.25,-0.29
2005-08-18,中信证券,600030,-3.4,-3.37,-3.44,-3.44,-3.39,321581,162156467.0,5.96,-1.47
2005-08-17,中信证券,600030,-3.42,-3.39,-3.44,-3.39,-3.42,276576,139506339.0,5.12,0.88
2005-08-16,中信证券,600030,-3.36,-3.36,-3.43,-3.42,-3.36,473911,240594288.0,8.78,-1.79
2005-08-15,中信证券,600030,-3.3,-3.3,-3.39,-3.36,-3.06,1157674,600230930.0,21.44,-9.8
2005-07-27,中信证券,600030,-3.04,-3.03,-3.08,-3.06,-3.05,189328,118360389.0,4.73,-0.33
2005-07-26,中信证券,600030,-3.11,-3.02,-3.12,-3.05,-3.12,277454,173794162.0,6.94,2.24
2005-07-25,中信证券,600030,-3.11,-3.07,-3.13,-3.12,-3.1,140915,86067657.0,3.52,-0.65
2005-07-22,中信证券,600030,-3.13,-3.05,-3.14,-3.1,-3.14,241926,148127751.0,6.05,1.27
2005-07-21,中信证券,600030,-3.15,-3.14,-3.17,-3.14,-3.16,94300,56018119.0,2.36,0.63
2005-07-20,中信证券,600030,-3.13,-3.11,-3.16,-3.16,-3.15,141322,84483712.0,3.53,-0.32
2005-07-19,中信证券,600030,-3.14,-3.13,-3.18,-3.15,-3.14,138328,81775707.0,3.46,-0.32
2005-07-18,中信证券,600030,-3.17,-3.12,-3.2,-3.14,-3.17,177526,105580808.0,4.44,0.95
2005-07-15,中信证券,600030,-3.18,-3.13,-3.2,-3.17,-3.18,160060,94133320.0,4.0,0.31
2005-07-14,中信证券,600030,-3.19,-3.14,-3.21,-3.18,-3.17,163729,96604334.0,4.09,-0.32
2005-07-13,中信证券,600030,-3.19,-3.13,-3.22,-3.17,-3.17,377589,223951837.0,9.44,0.0
2005-07-12,中信证券,600030,-3.35,-3.16,-3.36,-3.17,-3.32,397073,230558214.0,9.93,4.52
2005-07-11,中信证券,600030,-3.26,-3.23,-3.33,-3.32,-3.31,118830,65408576.0,2.97,-0.3
2005-07-08,中信证券,600030,-3.35,-3.31,-3.39,-3.31,-3.32,128475,68118425.0,3.21,0.3
2005-07-07,中信证券,600030,-3.37,-3.31,-3.37,-3.32,-3.34,146012,78101603.0,3.65,0.6
2005-07-06,中信证券,600030,-3.18,-3.18,-3.34,-3.34,-3.17,393837,216193336.0,9.85,-5.36
2005-06-17,中信证券,600030,-3.15,-3.14,-3.2,-3.17,-3.16,234556,138389365.0,5.86,-0.32
2005-06-16,中信证券,600030,-3.19,-3.15,-3.21,-3.16,-3.19,258181,151240658.0,6.45,0.94
2005-06-15,中信证券,600030,-3.18,-3.13,-3.22,-3.19,-3.17,344187,202862667.0,8.6,-0.63
2005-06-14,中信证券,600030,-3.09,-3.06,-3.2,-3.17,-3.09,426065,257435592.0,10.65,-2.59
2005-06-13,中信证券,600030,-3.09,-3.05,-3.14,-3.09,-3.1,463332,285783386.0,11.58,0.32
2005-06-10,中信证券,600030,-3.05,-2.98,-3.12,-3.1,-3.14,1018240,642483749.0,25.46,1.27
2005-06-09,中信证券,600030,-3.15,-3.14,-3.19,-3.14,-3.3,182957,109285327.0,4.57,4.85
2005-06-08,中信证券,600030,-3.37,-3.3,-3.41,-3.3,-3.45,253948,137510885.0,6.35,4.35
2005-06-07,中信证券,600030,-3.43,-3.4,-3.46,-3.45,-3.43,65652,32985352.0,1.64,-0.58
2005-06-06,中信证券,600030,-3.49,-3.43,-3.51,-3.43,-3.49,48774,23807641.0,1.22,1.72
2005-06-03,中信证券,600030,-3.52,-3.45,-3.52,-3.49,-3.51,49814,24080830.0,1.25,0.57
2005-06-02,中信证券,600030,-3.45,-3.43,-3.53,-3.51,-3.44,80700,38842921.0,2.02,-2.03
2005-06-01,中信证券,600030,-3.45,-3.41,-3.46,-3.44,-3.44,60659,30293243.0,1.52,0.0
2005-05-31,中信证券,600030,-3.36,-3.35,-3.45,-3.44,-3.37,82043,41726641.0,2.05,-2.08
2005-05-30,中信证券,600030,-3.39,-3.36,-3.4,-3.37,-3.39,36731,19040979.0,0.92,0.59
2005-05-27,中信证券,600030,-3.38,-3.33,-3.39,-3.39,-3.37,55627,29168604.0,1.39,-0.59
2005-05-26,中信证券,600030,-3.3,-3.3,-3.37,-3.37,-3.3,90474,48049597.0,2.26,-2.12
2005-05-25,中信证券,600030,-3.3,-3.27,-3.32,-3.3,-3.31,73231,40076976.0,1.83,0.3
2005-05-24,中信证券,600030,-3.34,-3.28,-3.35,-3.31,-3.32,100752,54514646.0,2.52,0.3
2005-05-20,中信证券,600030,-3.35,-3.28,-3.38,-3.32,-3.35,157117,85413480.0,3.93,0.9
2005-05-19,中信证券,600030,-3.33,-3.33,-3.39,-3.35,-3.33,65888,34601014.0,1.65,-0.6
2005-05-18,中信证券,600030,-3.33,-3.31,-3.36,-3.33,-3.33,52407,27917812.0,1.31,0.0
2005-05-17,中信证券,600030,-3.36,-3.3,-3.37,-3.33,-3.36,87937,47139719.0,2.2,0.89
2005-05-16,中信证券,600030,-3.38,-3.36,-3.39,-3.36,-3.38,45980,23963822.0,1.15,0.59
2005-05-13,中信证券,600030,-3.35,-3.31,-3.41,-3.38,-3.34,96316,50463003.0,2.41,-1.2
2005-05-12,中信证券,600030,-3.33,-3.29,-3.35,-3.34,-3.33,86481,46534704.0,2.16,-0.3
2005-05-11,中信证券,600030,-3.29,-3.27,-3.34,-3.33,-3.29,93050,50706916.0,2.33,-1.22
2005-05-10,中信证券,600030,-3.37,-3.28,-3.39,-3.29,-3.37,160816,86477989.0,4.02,2.37
2005-05-09,中信证券,600030,-3.32,-3.28,-3.38,-3.37,-3.34,104252,55708159.0,2.61,-0.9
2005-04-29,中信证券,600030,-3.35,-3.3,-3.36,-3.34,-3.33,125458,67598180.0,3.14,-0.3
2005-04-28,中信证券,600030,-3.41,-3.27,-3.41,-3.33,-3.39,221579,118940662.0,5.54,1.77
2005-04-27,中信证券,600030,-3.38,-3.35,-3.41,-3.39,-3.38,159683,82825706.0,3.99,-0.3
2005-04-26,中信证券,600030,-3.47,-3.32,-3.49,-3.38,-3.45,204189,104480597.0,5.1,2.03
2005-04-25,中信证券,600030,-3.52,-3.45,-3.56,-3.45,-3.52,78918,37410121.0,1.97,1.99
2005-04-22,中信证券,600030,-3.47,-3.44,-3.53,-3.52,-3.46,90549,43631957.0,2.26,-1.73
2005-04-21,中信证券,600030,-3.44,-3.42,-3.5,-3.46,-3.44,69284,34044593.0,1.73,-0.58
2005-04-20,中信证券,600030,-3.44,-3.41,-3.47,-3.44,-3.4,74298,37376747.0,1.86,-1.18
2005-04-19,中信证券,600030,-3.45,-3.38,-3.45,-3.4,-3.46,150193,76187782.0,3.75,1.73
2005-04-18,中信证券,600030,-3.43,-3.42,-3.48,-3.46,-3.42,65036,32146694.0,1.63,-1.17
2005-04-15,中信证券,600030,-3.4,-3.39,-3.44,-3.42,-3.37,127103,64286653.0,3.18,-1.48
2005-04-14,中信证券,600030,-3.3,-3.29,-3.38,-3.37,-3.34,336950,180125232.0,8.42,-0.9
2005-04-13,中信证券,600030,-3.44,-3.34,-3.45,-3.34,-3.48,279783,147550241.0,6.99,4.02
2005-04-12,中信证券,600030,-3.43,-3.43,-3.49,-3.48,-3.43,73724,35971768.0,1.84,-1.46
2005-04-11,中信证券,600030,-3.39,-3.38,-3.43,-3.43,-3.39,101203,51384563.0,2.53,-1.18
2005-04-08,中信证券,600030,-3.41,-3.38,-3.44,-3.39,-3.4,105763,53835635.0,2.64,0.29
2005-04-07,中信证券,600030,-3.44,-3.34,-3.46,-3.4,-3.45,233141,119397049.0,5.83,1.45
2005-04-06,中信证券,600030,-3.54,-3.43,-3.57,-3.45,-3.52,207225,98381242.0,5.18,1.99
2005-04-05,中信证券,600030,-3.49,-3.45,-3.55,-3.52,-3.49,148213,71186052.0,3.71,-0.86
2005-04-04,中信证券,600030,-3.54,-3.41,-3.56,-3.49,-3.52,297869,144667296.0,7.45,0.85
2005-04-01,中信证券,600030,-3.64,-3.52,-3.65,-3.52,-3.64,175612,79580987.0,4.39,3.3
2005-03-31,中信证券,600030,-3.66,-3.64,-3.68,-3.64,-3.65,79627,33694786.0,1.99,0.27
2005-03-30,中信证券,600030,-3.64,-3.63,-3.67,-3.65,-3.63,48804,20714264.0,1.22,-0.55
2005-03-29,中信证券,600030,-3.58,-3.58,-3.64,-3.63,-3.6,38050,16771014.0,0.95,-0.83
2005-03-28,中信证券,600030,-3.56,-3.56,-3.62,-3.6,-3.55,37534,16574499.0,0.94,-1.41
2005-03-25,中信证券,600030,-3.52,-3.52,-3.56,-3.55,-3.53,29021,13396648.0,0.73,-0.57
2005-03-24,中信证券,600030,-3.56,-3.52,-3.56,-3.53,-3.56,27996,12957784.0,0.7,0.84
2005-03-23,中信证券,600030,-3.5,-3.49,-3.56,-3.56,-3.49,54169,25258263.0,1.35,-2.01
2005-03-22,中信证券,600030,-3.43,-3.43,-3.5,-3.49,-3.43,35202,17077262.0,0.88,-1.75
2005-03-21,中信证券,600030,-3.42,-3.42,-3.45,-3.43,-3.43,25009,12499204.0,0.63,0.0
2005-03-18,中信证券,600030,-3.42,-3.39,-3.43,-3.43,-3.43,30307,15333598.0,0.76,0.0
2005-03-17,中信证券,600030,-3.38,-3.38,-3.43,-3.43,-3.4,24350,12384337.0,0.61,-0.88
2005-03-16,中信证券,600030,-3.39,-3.39,-3.42,-3.4,-3.39,27526,14019334.0,0.69,-0.29
2005-03-15,中信证券,600030,-3.38,-3.36,-3.39,-3.39,-3.39,34510,17839106.0,0.86,0.0
2005-03-14,中信证券,600030,-3.38,-3.36,-3.43,-3.39,-3.38,49336,25389838.0,1.23,-0.3
2005-03-11,中信证券,600030,-3.35,-3.35,-3.4,-3.38,-3.34,80317,41616331.0,2.01,-1.2
2005-03-10,中信证券,600030,-3.24,-3.24,-3.36,-3.34,-3.25,65710,35470983.0,1.64,-2.77
2005-03-09,中信证券,600030,-3.23,-3.23,-3.26,-3.25,-3.25,45301,25640046.0,1.13,0.0
2005-03-08,中信证券,600030,-3.26,-3.23,-3.28,-3.25,-3.28,42688,23947757.0,1.07,0.91
2005-03-07,中信证券,600030,-3.28,-3.25,-3.29,-3.28,-3.28,13859,7685769.0,0.35,0.0
2005-03-04,中信证券,600030,-3.26,-3.26,-3.28,-3.28,-3.26,17926,9996345.0,0.45,-0.61
2005-03-03,中信证券,600030,-3.29,-3.25,-3.29,-3.26,-3.28,27781,15503031.0,0.69,0.61
2005-03-02,中信证券,600030,-3.25,-3.23,-3.3,-3.28,-3.25,32916,18414638.0,0.82,-0.92
2005-03-01,中信证券,600030,-3.27,-3.24,-3.27,-3.25,-3.27,39008,21933488.0,0.98,0.61
2005-02-28,中信证券,600030,-3.25,-3.24,-3.28,-3.27,-3.24,62309,34981195.0,1.56,-0.93
2005-02-25,中信证券,600030,-3.21,-3.2,-3.25,-3.24,-3.22,64634,37120877.0,1.62,-0.62
2005-02-24,中信证券,600030,-3.23,-3.21,-3.25,-3.22,-3.22,43750,24964456.0,1.09,0.0
2005-02-23,中信证券,600030,-3.22,-3.2,-3.24,-3.22,-3.22,58201,33487230.0,1.46,0.0
2005-02-22,中信证券,600030,-3.25,-3.2,-3.28,-3.22,-3.27,70008,39923895.0,1.75,1.53
2005-02-21,中信证券,600030,-3.3,-3.26,-3.3,-3.27,-3.3,22658,12608555.0,0.57,0.91
2005-02-18,中信证券,600030,-3.28,-3.25,-3.3,-3.3,-3.28,28640,15821457.0,0.72,-0.61
2005-02-17,中信证券,600030,-3.25,-3.25,-3.3,-3.28,-3.26,27207,14979999.0,0.68,-0.61
2005-02-16,中信证券,600030,-3.25,-3.22,-3.27,-3.26,-3.26,58606,33104898.0,1.47,0.0
2005-02-04,中信证券,600030,-3.35,-3.25,-3.35,-3.26,-3.34,86596,47898042.0,2.16,2.4
2005-02-03,中信证券,600030,-3.29,-3.28,-3.35,-3.34,-3.29,90020,48557075.0,2.25,-1.52
2005-02-02,中信证券,600030,-3.42,-3.29,-3.43,-3.29,-3.43,85554,45558776.0,2.14,4.08
2005-02-01,中信证券,600030,-3.45,-3.4,-3.45,-3.43,-3.44,33380,16770354.0,0.83,0.29
2005-01-31,中信证券,600030,-3.39,-3.39,-3.48,-3.44,-3.35,54851,27337701.0,1.37,-2.69
2005-01-28,中信证券,600030,-3.32,-3.32,-3.36,-3.35,-3.32,19595,10427292.0,0.49,-0.9
2005-01-27,中信证券,600030,-3.28,-3.27,-3.32,-3.32,-3.27,22474,12267139.0,0.56,-1.53
2005-01-26,中信证券,600030,-3.28,-3.24,-3.3,-3.27,-3.27,38676,21676828.0,0.97,0.0
2005-01-25,中信证券,600030,-3.28,-3.26,-3.3,-3.27,-3.27,29113,16072854.0,0.73,0.0
2005-01-24,中信证券,600030,-3.23,-3.22,-3.29,-3.27,-3.29,64413,35877378.0,1.61,0.61
2005-01-21,中信证券,600030,-3.36,-3.25,-3.39,-3.29,-3.35,74412,40663429.0,1.86,1.79
2005-01-20,中信证券,600030,-3.38,-3.35,-3.39,-3.35,-3.36,22968,12015768.0,0.57,0.3
2005-01-19,中信证券,600030,-3.35,-3.35,-3.37,-3.36,-3.34,17357,9101540.0,0.43,-0.6
2005-01-18,中信证券,600030,-3.38,-3.34,-3.39,-3.34,-3.35,47900,25187704.0,1.2,0.3
2005-01-17,中信证券,600030,-3.23,-3.23,-3.35,-3.35,-3.18,123093,66358184.0,3.08,-5.35
2005-01-14,中信证券,600030,-3.16,-3.14,-3.18,-3.18,-3.16,20428,12118833.0,0.51,-0.63
2005-01-13,中信证券,600030,-3.14,-3.13,-3.16,-3.16,-3.14,25110,14998680.0,0.63,-0.64
2005-01-12,中信证券,600030,-3.12,-3.12,-3.15,-3.14,-3.12,18428,11100465.0,0.46,-0.64
2005-01-11,中信证券,600030,-3.13,-3.12,-3.14,-3.12,-3.13,23854,14454644.0,0.6,0.32
2005-01-10,中信证券,600030,-3.14,-3.12,-3.2,-3.13,-3.15,33159,19933353.0,0.83,0.63
2005-01-07,中信证券,600030,-3.14,-3.13,-3.16,-3.15,-3.15,32417,19462855.0,0.81,0.0
2005-01-06,中信证券,600030,-3.13,-3.12,-3.16,-3.15,-3.15,40002,24045049.0,1.0,0.0
2005-01-05,中信证券,600030,-3.19,-3.14,-3.21,-3.15,-3.19,24365,14427398.0,0.61,1.25
2005-01-04,中信证券,600030,-3.18,-3.17,-3.24,-3.19,-3.17,25753,15002777.0,0.64,-0.63
2004-12-31,中信证券,600030,-3.18,-3.16,-3.18,-3.17,-3.18,18906,11179475.0,0.47,0.31
2004-12-30,中信证券,600030,-3.14,-3.14,-3.19,-3.18,-3.17,43864,26051017.0,1.1,-0.32
2004-12-29,中信证券,600030,-3.15,-3.14,-3.18,-3.17,-3.15,20122,11961884.0,0.5,-0.63
2004-12-28,中信证券,600030,-3.17,-3.15,-3.18,-3.15,-3.17,20612,12196873.0,0.52,0.63
2004-12-27,中信证券,600030,-3.14,-3.13,-3.19,-3.17,-3.14,33900,20107387.0,0.85,-0.96
2004-12-24,中信证券,600030,-3.14,-3.12,-3.15,-3.14,-3.13,54242,32633882.0,1.36,-0.32
2004-12-23,中信证券,600030,-3.07,-3.07,-3.14,-3.13,-3.07,43141,26538695.0,1.08,-1.95
2004-12-22,中信证券,600030,-3.12,-3.07,-3.13,-3.07,-3.13,57283,35370468.0,1.43,1.92
2004-12-21,中信证券,600030,-3.13,-3.1,-3.14,-3.13,-3.14,30477,18527187.0,0.76,0.32
2004-12-20,中信证券,600030,-3.14,-3.12,-3.16,-3.14,-3.12,29547,17768007.0,0.74,-0.64
2004-12-17,中信证券,600030,-3.1,-3.08,-3.13,-3.12,-3.1,20503,12523740.0,0.51,-0.65
2004-12-16,中信证券,600030,-3.11,-3.06,-3.14,-3.1,-3.1,40375,24900203.0,1.01,0.0
2004-12-15,中信证券,600030,-3.07,-3.07,-3.15,-3.1,-3.09,39151,23845201.0,0.98,-0.32
2004-12-14,中信证券,600030,-3.09,-3.06,-3.09,-3.09,-3.09,15106,9398038.0,0.38,0.0
2004-12-13,中信证券,600030,-3.04,-3.03,-3.09,-3.09,-3.03,28877,18078234.0,0.72,-1.98
2004-12-10,中信证券,600030,-2.97,-2.96,-3.04,-3.03,-2.97,26492,17106094.0,0.66,-2.02
2004-12-09,中信证券,600030,-3.0,-2.92,-3.03,-2.97,-3.0,40503,26647576.0,1.01,1.0
2004-12-08,中信证券,600030,-2.97,-2.95,-3.0,-3.0,-2.99,16765,10970431.0,0.42,-0.33
2004-12-07,中信证券,600030,-2.96,-2.94,-3.0,-2.99,-2.96,22223,14637648.0,0.56,-1.01
2004-12-06,中信证券,600030,-2.96,-2.94,-2.99,-2.96,-2.95,27560,18268072.0,0.69,-0.34
2004-12-03,中信证券,600030,-2.97,-2.93,-2.98,-2.95,-2.96,33792,22571088.0,0.84,0.34
2004-12-02,中信证券,600030,-2.92,-2.91,-3.0,-2.96,-2.92,72911,48115322.0,1.82,-1.37
2004-12-01,中信证券,600030,-2.91,-2.89,-2.92,-2.92,-2.91,17988,12275482.0,0.45,-0.34
2004-11-30,中信证券,600030,-2.9,-2.88,-2.92,-2.91,-2.9,32312,22086045.0,0.81,-0.34
2004-11-29,中信证券,600030,-2.82,-2.81,-2.91,-2.9,-2.81,48375,33747839.0,1.21,-3.2
2004-11-26,中信证券,600030,-2.79,-2.78,-2.82,-2.81,-2.78,36329,26133364.0,0.91,-1.08
2004-11-25,中信证券,600030,-2.83,-2.76,-2.84,-2.78,-2.83,113065,81522884.0,2.83,1.77
2004-11-24,中信证券,600030,-2.83,-2.82,-2.84,-2.83,-2.83,51351,36316330.0,1.28,0.0
2004-11-23,中信证券,600030,-2.81,-2.8,-2.84,-2.83,-2.81,44756,31819851.0,1.12,-0.71
2004-11-22,中信证券,600030,-2.77,-2.77,-2.82,-2.81,-2.78,45358,32601085.0,1.13,-1.08
2004-11-19,中信证券,600030,-2.82,-2.77,-2.83,-2.78,-2.83,56088,40300602.0,1.4,1.77
2004-11-18,中信证券,600030,-2.84,-2.81,-2.84,-2.83,-2.83,25358,18011958.0,0.63,0.0
2004-11-17,中信证券,600030,-2.81,-2.81,-2.85,-2.83,-2.81,35201,24902675.0,0.88,-0.71
2004-11-16,中信证券,600030,-2.77,-2.76,-2.82,-2.81,-2.78,39912,28712113.0,1.0,-1.08
2004-11-15,中信证券,600030,-2.8,-2.77,-2.81,-2.78,-2.81,36858,26658971.0,0.92,1.07
2004-11-12,中信证券,600030,-2.81,-2.77,-2.82,-2.81,-2.81,58205,41820041.0,1.46,0.0
2004-11-11,中信证券,600030,-2.76,-2.73,-2.81,-2.81,-2.78,138571,101220265.0,3.46,-1.08
2004-11-10,中信证券,600030,-2.84,-2.75,-2.87,-2.78,-2.86,119304,85992106.0,2.98,2.8
2004-11-09,中信证券,600030,-2.86,-2.83,-2.88,-2.86,-2.88,41483,29041401.0,1.04,0.69
2004-11-08,中信证券,600030,-2.91,-2.87,-2.93,-2.88,-2.91,24293,16605696.0,0.61,1.03
2004-11-05,中信证券,600030,-2.85,-2.81,-2.93,-2.91,-2.94,81425,56477752.0,2.04,1.02
2004-11-04,中信证券,600030,-2.88,-2.87,-2.95,-2.94,-2.87,39126,26666296.0,0.98,-2.44
2004-11-03,中信证券,600030,-2.91,-2.87,-2.94,-2.87,-2.92,39031,26742045.0,0.98,1.71
2004-11-02,中信证券,600030,-2.94,-2.91,-2.96,-2.92,-2.94,30328,20462978.0,0.76,0.68
2004-11-01,中信证券,600030,-2.91,-2.88,-2.95,-2.94,-2.9,50314,33970256.0,1.26,-1.38
2004-10-29,中信证券,600030,-2.87,-2.84,-2.92,-2.9,-2.81,82029,56635749.0,2.05,-3.2
2004-10-28,中信证券,600030,-2.82,-2.77,-2.86,-2.81,-2.82,102007,72533974.0,2.55,0.35
2004-10-27,中信证券,600030,-2.84,-2.8,-2.86,-2.82,-2.83,68442,48516246.0,1.71,0.35
2004-10-26,中信证券,600030,-2.83,-2.81,-2.9,-2.83,-2.81,70091,49198317.0,1.75,-0.71
2004-10-25,中信证券,600030,-2.77,-2.75,-2.83,-2.81,-2.8,97416,70342902.0,2.44,-0.36
2004-10-22,中信证券,600030,-2.85,-2.77,-2.85,-2.8,-2.83,139987,100591645.0,3.5,1.06
2004-10-21,中信证券,600030,-2.81,-2.8,-2.9,-2.83,-2.88,141057,99391956.0,3.53,1.74
2004-10-20,中信证券,600030,-2.87,-2.86,-2.9,-2.88,-2.85,62228,42857991.0,1.56,-1.05
2004-10-19,中信证券,600030,-2.84,-2.75,-2.88,-2.85,-2.94,227670,163385294.0,5.69,3.06
2004-10-18,中信证券,600030,-2.94,-2.9,-2.96,-2.94,-2.95,30984,20827256.0,0.77,0.34
2004-10-15,中信证券,600030,-2.95,-2.92,-2.98,-2.95,-2.94,48738,32561019.0,1.22,-0.34
2004-10-14,中信证券,600030,-2.82,-2.82,-2.95,-2.94,-2.8,95681,66109306.0,2.39,-5.0
2004-10-13,中信证券,600030,-2.87,-2.76,-2.88,-2.8,-2.9,228172,164215046.0,5.7,3.45
2004-10-12,中信证券,600030,-2.89,-2.84,-2.92,-2.9,-2.88,81728,56636252.0,2.04,-0.69
2004-10-11,中信证券,600030,-2.88,-2.85,-2.94,-2.88,-2.88,104051,71272451.0,2.6,0.0
2004-10-08,中信证券,600030,-2.92,-2.88,-3.01,-2.88,-2.92,79832,53008183.0,2.0,1.37
2004-09-30,中信证券,600030,-2.84,-2.83,-2.94,-2.92,-2.85,76507,52112442.0,1.91,-2.46
2004-09-29,中信证券,600030,-2.85,-2.81,-2.86,-2.85,-2.85,39646,27949023.0,0.99,0.0
2004-09-28,中信证券,600030,-2.8,-2.79,-2.87,-2.85,-2.81,84104,59240846.0,2.1,-1.42
2004-09-27,中信证券,600030,-2.74,-2.73,-2.82,-2.81,-2.8,65277,47330995.0,1.63,-0.36
2004-09-24,中信证券,600030,-2.72,-2.65,-2.8,-2.8,-2.74,236678,177236899.0,5.92,-2.19
2004-09-23,中信证券,600030,-2.82,-2.73,-2.83,-2.74,-2.81,101487,73205385.0,2.54,2.49
2004-09-22,中信证券,600030,-2.77,-2.73,-2.83,-2.81,-2.76,132264,95667470.0,3.31,-1.81
2004-09-21,中信证券,600030,-2.72,-2.71,-2.78,-2.76,-2.72,157382,115625543.0,3.93,-1.47
2004-09-20,中信证券,600030,-2.78,-2.72,-2.79,-2.72,-2.81,266932,196252465.0,6.67,3.2
2004-09-17,中信证券,600030,-2.83,-2.78,-2.87,-2.81,-2.85,293418,208671525.0,7.34,1.4
2004-09-16,中信证券,600030,-2.84,-2.83,-2.88,-2.85,-2.86,142593,99533630.0,3.56,0.35
2004-09-15,中信证券,600030,-2.96,-2.79,-2.99,-2.86,-2.94,362851,251165426.0,9.07,2.72
2004-09-14,中信证券,600030,-2.98,-2.92,-2.99,-2.94,-3.0,222278,147861455.0,5.56,2.0
2004-09-13,中信证券,600030,-3.04,-2.98,-3.05,-3.0,-3.02,66666,43040839.0,1.67,0.66
2004-09-10,中信证券,600030,-3.05,-3.01,-3.06,-3.02,-3.04,57752,36981132.0,1.44,0.66
2004-09-09,中信证券,600030,-2.98,-2.98,-3.05,-3.04,-2.97,103914,66543461.0,2.6,-2.36
2004-09-08,中信证券,600030,-2.95,-2.94,-2.99,-2.97,-2.95,57875,38217601.0,1.45,-0.68
2004-09-07,中信证券,600030,-3.01,-2.95,-3.01,-2.95,-3.01,140453,92672049.0,3.51,1.99
2004-09-06,中信证券,600030,-2.96,-2.96,-3.03,-3.01,-2.96,170383,110476012.0,4.26,-1.69
2004-09-03,中信证券,600030,-2.94,-2.91,-2.96,-2.96,-2.93,139549,93507749.0,3.49,-1.02
2004-09-02,中信证券,600030,-2.99,-2.9,-3.04,-2.93,-3.0,257372,169745874.0,6.43,2.33
2004-09-01,中信证券,600030,-3.03,-2.95,-3.06,-3.0,-3.01,184122,119735902.0,4.6,0.33
2004-08-31,中信证券,600030,-3.06,-2.99,-3.07,-3.01,-3.1,191093,121919176.0,4.78,2.9
2004-08-30,中信证券,600030,-3.16,-3.05,-3.17,-3.1,-3.16,60576,37467721.0,1.51,1.9
2004-08-27,中信证券,600030,-3.12,-3.11,-3.16,-3.16,-3.13,18522,11115716.0,0.46,-0.96
2004-08-26,中信证券,600030,-3.15,-3.11,-3.2,-3.13,-3.13,11355,6869611.0,0.28,0.0
2004-08-25,中信证券,600030,-3.1,-3.1,-3.14,-3.13,-3.1,19970,12133495.0,0.5,-0.97
2004-08-24,中信证券,600030,-3.15,-3.09,-3.16,-3.1,-3.15,37670,23003893.0,0.94,1.59
2004-08-23,中信证券,600030,-3.14,-3.13,-3.17,-3.15,-3.14,20667,12379513.0,0.52,-0.32
2004-08-20,中信证券,600030,-3.13,-3.11,-3.18,-3.14,-3.12,44053,26390959.0,1.1,-0.64
2004-08-19,中信证券,600030,-3.07,-3.06,-3.14,-3.12,-3.08,45669,27788701.0,1.14,-1.3
2004-08-18,中信证券,600030,-3.1,-3.06,-3.1,-3.08,-3.09,35877,22373302.0,0.9,0.32
2004-08-17,中信证券,600030,-3.09,-3.06,-3.12,-3.09,-3.13,66933,41573430.0,1.67,1.28
2004-08-16,中信证券,600030,-3.13,-3.11,-3.15,-3.13,-3.11,28220,17114219.0,0.71,-0.64
2004-08-13,中信证券,600030,-3.12,-3.03,-3.12,-3.11,-3.14,120360,75253230.0,3.01,0.96
2004-08-12,中信证券,600030,-3.12,-3.12,-3.16,-3.14,-3.12,36506,21851748.0,0.91,-0.64
2004-08-11,中信证券,600030,-3.11,-3.1,-3.13,-3.12,-3.12,34219,20898830.0,0.86,0.0
2004-08-10,中信证券,600030,-3.14,-3.11,-3.14,-3.12,-3.15,41078,24971990.0,1.03,0.95
2004-08-09,中信证券,600030,-3.14,-3.13,-3.18,-3.15,-3.14,22682,13554790.0,0.57,-0.32
2004-08-06,中信证券,600030,-3.13,-3.1,-3.17,-3.14,-3.13,26490,15933283.0,0.66,-0.32
2004-08-05,中信证券,600030,-3.13,-3.04,-3.13,-3.13,-3.12,57749,35676202.0,1.44,-0.32
2004-08-04,中信证券,600030,-3.19,-3.03,-3.2,-3.12,-3.19,82393,50285856.0,2.06,2.19
2004-08-03,中信证券,600030,-3.17,-3.15,-3.2,-3.19,-3.17,20895,12341031.0,0.52,-0.63
2004-08-02,中信证券,600030,-3.17,-3.15,-3.21,-3.17,-3.14,24240,14186915.0,0.61,-0.96
2004-07-30,中信证券,600030,-3.12,-3.12,-3.16,-3.14,-3.13,41470,25018885.0,1.04,-0.32
2004-07-29,中信证券,600030,-3.15,-3.12,-3.18,-3.13,-3.14,76967,46280911.0,1.92,0.32
2004-07-28,中信证券,600030,-3.04,-3.03,-3.21,-3.14,-3.04,169084,101297321.0,4.23,-3.29
2004-07-27,中信证券,600030,-2.93,-2.92,-3.08,-3.04,-2.94,76223,48960796.0,1.91,-3.4
2004-07-26,中信证券,600030,-2.91,-2.91,-2.94,-2.94,-2.9,19624,13176702.0,0.49,-1.38
2004-07-23,中信证券,600030,-2.92,-2.89,-2.94,-2.9,-2.91,23391,15875423.0,0.58,0.34
2004-07-22,中信证券,600030,-2.84,-2.83,-2.92,-2.91,-2.84,37316,25704242.0,0.93,-2.46
2004-07-21,中信证券,600030,-2.83,-2.81,-2.85,-2.84,-2.82,27347,19352198.0,0.68,-0.71
2004-07-20,中信证券,600030,-2.85,-2.82,-2.88,-2.82,-2.86,34244,24026601.0,0.86,1.4
2004-07-19,中信证券,600030,-2.85,-2.83,-2.88,-2.86,-2.85,71611,50158064.0,1.79,-0.35
2004-07-16,中信证券,600030,-2.93,-2.83,-2.94,-2.85,-2.93,150162,104766642.0,3.75,2.73
2004-07-15,中信证券,600030,-2.92,-2.9,-2.96,-2.93,-2.91,37630,25374551.0,0.94,-0.69
2004-07-14,中信证券,600030,-2.92,-2.89,-2.96,-2.91,-2.92,46528,31339387.0,1.16,0.34
2004-07-13,中信证券,600030,-2.9,-2.87,-2.95,-2.92,-2.87,48807,33202513.0,1.22,-1.74
2004-07-12,中信证券,600030,-2.8,-2.79,-2.95,-2.87,-2.74,167410,115903354.0,4.19,-4.74
2004-07-09,中信证券,600030,-2.74,-2.69,-2.75,-2.74,-2.75,89236,66663599.0,2.23,0.36
2004-07-08,中信证券,600030,-2.77,-2.75,-2.8,-2.75,-2.77,28679,20879340.0,0.72,0.72
2004-07-07,中信证券,600030,-2.76,-2.75,-2.79,-2.77,-2.75,28150,20452792.0,0.7,-0.73
2004-07-06,中信证券,600030,-2.75,-2.71,-2.77,-2.75,-2.76,73375,54431299.0,1.83,0.36
2004-07-05,中信证券,600030,-2.79,-2.76,-2.8,-2.76,-2.78,33105,24042536.0,0.83,0.72
2004-07-02,中信证券,600030,-2.78,-2.75,-2.8,-2.78,-2.78,51268,37270277.0,1.28,0.0
2004-07-01,中信证券,600030,-2.87,-2.76,-2.88,-2.78,-2.87,103607,74544357.0,2.59,3.14
2004-06-30,中信证券,600030,-2.85,-2.81,-2.88,-2.87,-2.84,47523,33464710.0,1.19,-1.06
2004-06-29,中信证券,600030,-2.9,-2.83,-2.97,-2.84,-2.9,75197,51529321.0,1.88,2.07
2004-06-28,中信证券,600030,-2.83,-2.79,-2.92,-2.9,-2.81,75654,52986047.0,1.89,-3.2
2004-06-25,中信证券,600030,-2.81,-2.69,-2.84,-2.81,-2.81,68759,50401657.0,1.72,0.0
2004-06-24,中信证券,600030,-2.79,-2.76,-2.81,-2.81,-2.79,27641,19928890.0,0.69,-0.72
2004-06-23,中信证券,600030,-2.81,-2.78,-2.82,-2.79,-2.8,47797,34431458.0,1.19,0.36
2004-06-22,中信证券,600030,-2.85,-2.77,-2.87,-2.8,-2.86,88454,63283783.0,2.21,2.1
2004-06-21,中信证券,600030,-2.81,-2.8,-2.91,-2.86,-2.8,87918,61029965.0,2.2,-2.14
2004-06-18,中信证券,600030,-2.81,-2.75,-2.84,-2.8,-2.81,66963,48118531.0,1.67,0.36
2004-06-17,中信证券,600030,-2.76,-2.74,-2.82,-2.81,-2.76,54155,39253460.0,1.35,-1.81
2004-06-16,中信证券,600030,-2.77,-2.67,-2.81,-2.76,-2.74,165104,121990348.0,4.13,-0.73
2004-06-15,中信证券,600030,-2.93,-2.72,-2.94,-2.74,-2.91,183409,134043545.0,4.59,5.84
2004-06-14,中信证券,600030,-2.85,-2.85,-2.97,-2.91,-2.87,61954,41736062.0,1.55,-1.39
2004-06-11,中信证券,600030,-2.81,-2.77,-2.87,-2.87,-2.84,34102,24322946.0,0.85,-1.06
2004-06-10,中信证券,600030,-2.86,-2.82,-2.87,-2.84,-2.85,30737,21970318.0,0.77,0.35
2004-06-09,中信证券,600030,-2.83,-2.81,-2.86,-2.85,-2.83,31243,22452018.0,0.78,-0.71
2004-06-08,中信证券,600030,-2.74,-2.74,-2.85,-2.83,-2.76,63991,46723859.0,1.6,-2.54
2004-06-07,中信证券,600030,-2.71,-2.69,-2.77,-2.76,-2.68,50937,38325069.0,1.27,-2.99
2004-06-04,中信证券,600030,-2.71,-2.68,-2.74,-2.68,-2.7,52499,40134367.0,1.31,0.74
2004-06-03,中信证券,600030,-2.65,-2.65,-2.72,-2.7,-2.65,40607,31081813.0,1.02,-1.89
2004-06-02,中信证券,600030,-2.63,-2.61,-2.67,-2.65,-2.63,57204,44755627.0,1.43,-0.76
2004-06-01,中信证券,600030,-2.66,-2.62,-2.7,-2.63,-2.66,97675,76412284.0,2.44,1.13
2004-05-31,中信证券,600030,-2.71,-2.65,-2.72,-2.66,-2.71,57760,44434786.0,1.44,1.85
2004-05-28,中信证券,600030,-2.68,-2.64,-2.73,-2.71,-2.68,85765,66100200.0,2.14,-1.12
2004-05-27,中信证券,600030,-2.74,-2.66,-2.76,-2.68,-2.74,67704,51795760.0,1.69,2.19
2004-05-26,中信证券,600030,-2.78,-2.74,-2.8,-2.74,-2.78,28530,21191869.0,0.71,1.44
2004-05-25,中信证券,600030,-2.74,-2.73,-2.8,-2.78,-2.74,35007,25827101.0,0.88,-1.46
2004-05-24,中信证券,600030,-2.68,-2.66,-2.77,-2.74,-2.68,32142,24419274.0,0.8,-2.24
2004-05-21,中信证券,600030,-2.68,-2.65,-2.7,-2.68,-2.68,29357,22649620.0,0.73,0.0
2004-05-20,中信证券,600030,-2.68,-2.63,-2.7,-2.68,-2.68,38527,29927895.0,0.96,0.0
2004-05-19,中信证券,600030,-2.69,-2.63,-2.71,-2.68,-2.69,85388,66336485.0,2.13,0.37
2004-05-18,中信证券,600030,-2.75,-2.69,-2.79,-2.69,-2.73,43289,32314155.0,1.08,1.47
2004-05-17,中信证券,600030,-2.78,-2.7,-2.79,-2.73,-2.77,33904,25478289.0,0.85,1.44
2004-05-14,中信证券,600030,-2.69,-2.69,-2.78,-2.77,-2.7,30983,23104705.0,0.77,-2.59
2004-05-13,中信证券,600030,-2.68,-2.67,-2.72,-2.7,-2.68,30604,23405645.0,0.77,-0.75
2004-05-12,中信证券,600030,-2.76,-2.67,-2.78,-2.68,-2.76,52488,40049679.0,1.31,2.9
2004-05-11,中信证券,600030,-2.81,-2.74,-2.81,-2.76,-2.81,24476,18072753.0,0.61,1.78
2004-05-10,中信证券,600030,-2.68,-2.66,-2.82,-2.81,-2.68,33113,24592988.0,0.83,-4.85
2004-04-30,中信证券,600030,-2.71,-2.64,-2.71,-2.68,-2.71,57514,44402393.0,1.44,1.11
2004-04-29,中信证券,600030,-2.71,-2.64,-2.74,-2.71,-2.64,61016,46655691.0,1.53,-2.65
2004-04-27,中信证券,600030,-2.54,-2.52,-2.65,-2.64,-2.54,64346,51495298.0,1.61,-3.94
2004-04-26,中信证券,600030,-2.48,-2.48,-2.55,-2.54,-2.51,30295,25042845.0,0.76,-1.2
2004-04-23,中信证券,600030,-2.47,-2.45,-2.52,-2.51,-2.43,34704,28991666.0,0.87,-3.29
2004-04-22,中信证券,600030,-2.46,-2.41,-2.48,-2.43,-2.47,48026,40924404.0,1.2,1.62
2004-04-21,中信证券,600030,-2.46,-2.42,-2.49,-2.47,-2.48,37207,31653993.0,0.93,0.4
2004-04-20,中信证券,600030,-2.46,-2.45,-2.52,-2.48,-2.48,36180,30352447.0,0.9,0.0
2004-04-19,中信证券,600030,-2.39,-2.37,-2.5,-2.48,-2.4,43489,36939658.0,1.09,-3.33
2004-04-16,中信证券,600030,-2.41,-2.36,-2.45,-2.4,-2.41,52463,45495061.0,1.31,0.41
2004-04-15,中信证券,600030,-2.36,-2.32,-2.43,-2.41,-2.36,47541,41560267.0,1.19,-2.12
2004-04-14,中信证券,600030,-2.26,-2.26,-2.37,-2.36,-2.29,46273,41175828.0,1.16,-3.06
2004-04-13,中信证券,600030,-2.24,-2.22,-2.31,-2.29,-2.3,42278,38435629.0,1.06,0.43
2004-04-12,中信证券,600030,-2.28,-2.25,-2.32,-2.3,-2.24,50872,46071419.0,1.27,-2.68
2004-04-09,中信证券,600030,-2.14,-2.12,-2.26,-2.24,-2.14,84190,78413282.0,2.1,-4.67
2004-04-08,中信证券,600030,-2.1,-2.08,-2.16,-2.14,-2.09,61869,59452378.0,1.55,-2.39
2004-04-07,中信证券,600030,-2.08,-2.06,-2.1,-2.09,-2.09,76333,74584542.0,1.91,0.0
2004-04-06,中信证券,600030,-2.18,-2.08,-2.19,-2.09,-2.17,95928,92719402.0,2.4,3.69
2004-04-05,中信证券,600030,-2.13,-2.13,-2.18,-2.17,-2.13,51382,48827099.0,1.28,-1.88
2004-04-02,中信证券,600030,-2.14,-2.12,-2.15,-2.13,-2.15,48506,46494487.0,1.21,0.93
2004-04-01,中信证券,600030,-2.21,-2.13,-2.22,-2.15,-2.21,74164,70450398.0,1.85,2.71
2004-03-31,中信证券,600030,-2.23,-2.2,-2.26,-2.21,-2.23,41169,38246087.0,1.03,0.9
2004-03-30,中信证券,600030,-2.23,-2.22,-2.26,-2.23,-2.27,34623,31884389.0,0.87,1.76
2004-03-29,中信证券,600030,-2.16,-2.12,-2.28,-2.27,-2.16,118097,109426864.0,2.95,-5.09
2004-03-26,中信证券,600030,-2.13,-2.1,-2.18,-2.16,-2.14,42854,40703410.0,1.07,-0.93
2004-03-25,中信证券,600030,-2.15,-2.08,-2.15,-2.14,-2.14,40492,39004222.0,1.01,0.0
2004-03-24,中信证券,600030,-2.11,-2.08,-2.16,-2.14,-2.11,48414,46733059.0,1.21,-1.42
2004-03-23,中信证券,600030,-2.05,-2.05,-2.13,-2.11,-2.06,59317,57552841.0,1.48,-2.43
2004-03-22,中信证券,600030,-2.1,-2.05,-2.12,-2.06,-2.12,78789,77343686.0,1.97,2.83
2004-03-19,中信证券,600030,-2.16,-2.1,-2.17,-2.12,-2.18,57399,55022951.0,1.43,2.75
2004-03-18,中信证券,600030,-2.09,-2.07,-2.19,-2.18,-2.09,56682,54491681.0,1.42,-4.31
2004-03-17,中信证券,600030,-2.11,-2.06,-2.15,-2.09,-2.11,64371,62283557.0,1.61,0.95
2004-03-16,中信证券,600030,-2.11,-2.08,-2.14,-2.11,-2.11,76366,74032319.0,1.91,0.0
2004-03-15,中信证券,600030,-2.2,-2.08,-2.21,-2.11,-2.2,122188,117172299.0,3.05,4.09
2004-03-12,中信证券,600030,-2.2,-2.19,-2.26,-2.2,-2.2,77215,71762021.0,1.93,0.0
2004-03-11,中信证券,600030,-2.2,-2.19,-2.25,-2.2,-2.21,63011,58801453.0,1.58,0.45
2004-03-10,中信证券,600030,-2.31,-2.21,-2.31,-2.21,-2.31,50625,46665347.0,1.27,4.33
2004-03-09,中信证券,600030,-2.32,-2.23,-2.32,-2.31,-2.32,63102,57390940.0,1.58,0.43
2004-03-08,中信证券,600030,-2.2,-2.2,-2.34,-2.32,-2.2,106713,97006430.0,2.67,-5.45
2004-03-05,中信证券,600030,-2.19,-2.17,-2.22,-2.2,-2.2,43768,40992089.0,1.09,0.0
2004-03-04,中信证券,600030,-2.18,-2.15,-2.24,-2.2,-2.16,93058,87024922.0,2.33,-1.85
2004-03-03,中信证券,600030,-2.06,-2.05,-2.18,-2.16,-2.05,90818,87396729.0,2.27,-5.37
2004-03-02,中信证券,600030,-2.02,-1.94,-2.06,-2.05,-2.08,144802,144617886.0,3.62,1.44
2004-03-01,中信证券,600030,-2.08,-2.08,-2.16,-2.08,-2.08,70116,67457986.0,1.75,0.0
2004-02-27,中信证券,600030,-2.13,-2.07,-2.15,-2.08,-2.14,75877,73781817.0,1.9,2.8
2004-02-26,中信证券,600030,-2.16,-2.11,-2.19,-2.14,-2.15,76948,73117454.0,1.92,0.47
2004-02-25,中信证券,600030,-2.1,-2.03,-2.16,-2.15,-2.1,82673,80423363.0,2.07,-2.38
2004-02-24,中信证券,600030,-2.08,-2.03,-2.16,-2.1,-2.07,113679,110182788.0,2.84,-1.45
2004-02-23,中信证券,600030,-1.93,-1.9,-2.08,-2.07,-1.93,182763,181955621.0,4.57,-7.25
2004-02-20,中信证券,600030,-1.92,-1.88,-1.94,-1.93,-1.94,147602,152791914.0,3.69,0.52
2004-02-19,中信证券,600030,-1.98,-1.91,-2.01,-1.94,-1.98,122579,125314483.0,3.06,2.02
2004-02-18,中信证券,600030,-1.95,-1.94,-2.02,-1.98,-1.95,153938,155106815.0,3.85,-1.54
2004-02-17,中信证券,600030,-1.94,-1.93,-1.99,-1.95,-1.95,125553,127902036.0,3.14,0.0
2004-02-16,中信证券,600030,-2.07,-1.95,-2.08,-1.95,-2.07,165818,166367050.0,4.15,5.8
2004-02-13,中信证券,600030,-2.03,-1.99,-2.08,-2.07,-2.03,192806,192203037.0,4.82,-1.97
2004-02-12,中信证券,600030,-1.93,-1.88,-2.03,-2.03,-1.93,200447,203965669.0,5.01,-5.18
2004-02-11,中信证券,600030,-1.93,-1.87,-1.99,-1.93,-1.95,202462,209044920.0,5.06,1.03
2004-02-10,中信证券,600030,-1.84,-1.83,-1.96,-1.95,-1.85,223497,231546050.0,5.59,-5.41
2004-02-09,中信证券,600030,-1.94,-1.82,-1.99,-1.85,-1.94,265898,277130527.0,6.65,4.64
2004-02-06,中信证券,600030,-1.96,-1.86,-2.0,-1.94,-1.93,339880,350040484.0,8.5,-0.52
2004-02-05,中信证券,600030,-2.16,-1.9,-2.16,-1.93,-2.17,724308,738812532.0,18.11,11.06
2004-02-04,中信证券,600030,-2.22,-2.13,-2.24,-2.17,-2.23,326857,310649132.0,8.17,2.69
2004-02-03,中信证券,600030,-2.16,-2.12,-2.25,-2.23,-2.28,720409,677079128.0,18.01,2.19
2004-02-02,中信证券,600030,-2.28,-2.28,-2.36,-2.28,-2.52,997317,905903681.0,24.93,9.52
2004-01-30,中信证券,600030,-2.47,-2.43,-2.54,-2.52,-2.42,86542,72580302.0,2.16,-4.13
2004-01-29,中信证券,600030,-2.39,-2.39,-2.5,-2.42,-2.52,139336,118703376.0,3.48,3.97
2004-01-16,中信证券,600030,-2.54,-2.5,-2.6,-2.52,-2.54,77435,63690140.0,1.94,0.79
2004-01-15,中信证券,600030,-2.55,-2.49,-2.56,-2.54,-2.55,85934,70810671.0,2.15,0.39
2004-01-14,中信证券,600030,-2.49,-2.49,-2.55,-2.55,-2.49,101835,83942327.0,2.55,-2.41
2004-01-13,中信证券,600030,-2.45,-2.41,-2.51,-2.49,-2.45,115847,98264408.0,2.9,-1.63
2004-01-12,中信证券,600030,-2.52,-2.44,-2.53,-2.45,-2.51,113275,94948679.0,2.83,2.39
2004-01-09,中信证券,600030,-2.4,-2.36,-2.52,-2.51,-2.4,214431,182876807.0,5.36,-4.58
2004-01-08,中信证券,600030,-2.39,-2.37,-2.44,-2.4,-2.41,147141,127418878.0,3.68,0.41
2004-01-07,中信证券,600030,-2.49,-2.36,-2.5,-2.41,-2.49,215270,184221305.0,5.38,3.21
2004-01-06,中信证券,600030,-2.5,-2.41,-2.52,-2.49,-2.52,343743,290397222.0,8.59,1.19
2004-01-05,中信证券,600030,-2.6,-2.47,-2.61,-2.52,-2.6,232220,190687215.0,5.81,3.08
2004-01-02,中信证券,600030,-2.65,-2.57,-2.65,-2.6,-2.65,135654,108416114.0,3.39,1.89
2003-12-31,中信证券,600030,-2.64,-2.58,-2.66,-2.65,-2.65,159841,126792775.0,4.0,0.0
2003-12-30,中信证券,600030,-2.69,-2.63,-2.69,-2.65,-2.69,76908,59832394.0,1.92,1.49
2003-12-29,中信证券,600030,-2.67,-2.62,-2.69,-2.69,-2.66,116667,90898135.0,2.92,-1.13
2003-12-26,中信证券,600030,-2.66,-2.64,-2.69,-2.66,-2.66,87560,68011557.0,2.19,0.0
2003-12-25,中信证券,600030,-2.63,-2.61,-2.68,-2.66,-2.63,148127,115594636.0,3.7,-1.14
2003-12-24,中信证券,600030,-2.67,-2.61,-2.68,-2.63,-2.69,201930,158591358.0,5.05,2.23
2003-12-23,中信证券,600030,-2.68,-2.64,-2.72,-2.69,-2.69,208689,161283872.0,5.22,0.0
2003-12-22,中信证券,600030,-2.8,-2.68,-2.81,-2.69,-2.8,259902,194817100.0,6.5,3.93
2003-12-19,中信证券,600030,-2.77,-2.73,-2.81,-2.8,-2.81,121732,89727260.0,3.04,0.36
2003-12-18,中信证券,600030,-2.83,-2.8,-2.85,-2.81,-2.82,49375,35602205.0,1.23,0.35
2003-12-17,中信证券,600030,-2.77,-2.76,-2.82,-2.82,-2.77,76140,55890871.0,1.9,-1.81
2003-12-16,中信证券,600030,-2.73,-2.72,-2.8,-2.77,-2.74,69639,51394008.0,1.74,-1.09
2003-12-15,中信证券,600030,-2.75,-2.72,-2.76,-2.74,-2.75,57969,43564196.0,1.45,0.36
2003-12-12,中信证券,600030,-2.75,-2.73,-2.78,-2.75,-2.75,76185,56841868.0,1.9,0.0
2003-12-11,中信证券,600030,-2.74,-2.71,-2.79,-2.75,-2.77,87252,65279967.0,2.18,0.72
2003-12-10,中信证券,600030,-2.81,-2.76,-2.81,-2.77,-2.82,79331,58447797.0,1.98,1.77
2003-12-09,中信证券,600030,-2.81,-2.81,-2.85,-2.82,-2.81,52312,37568034.0,1.31,-0.36
2003-12-08,中信证券,600030,-2.76,-2.75,-2.83,-2.81,-2.76,54453,39914912.0,1.36,-1.81
2003-12-05,中信证券,600030,-2.74,-2.73,-2.78,-2.76,-2.76,68194,50833520.0,1.7,0.0
2003-12-04,中信证券,600030,-2.8,-2.74,-2.8,-2.76,-2.81,134599,100228363.0,3.36,1.78
2003-12-03,中信证券,600030,-2.82,-2.75,-2.85,-2.81,-2.81,77066,56111289.0,1.93,0.0
2003-12-02,中信证券,600030,-2.8,-2.74,-2.81,-2.81,-2.81,101473,74832153.0,2.54,0.0
2003-12-01,中信证券,600030,-2.86,-2.8,-2.87,-2.81,-2.86,71657,51690601.0,1.79,1.75
2003-11-28,中信证券,600030,-2.88,-2.85,-2.88,-2.86,-2.88,42853,30322838.0,1.07,0.69
2003-11-27,中信证券,600030,-2.81,-2.81,-2.89,-2.88,-2.81,105226,74476166.0,2.63,-2.49
2003-11-26,中信证券,600030,-2.8,-2.8,-2.86,-2.81,-2.8,103800,74752111.0,2.6,-0.36
2003-11-25,中信证券,600030,-2.84,-2.69,-2.84,-2.8,-2.85,313482,232952983.0,7.84,1.75
2003-11-24,中信证券,600030,-2.96,-2.83,-2.96,-2.85,-2.97,142805,100401821.0,3.57,4.04
2003-11-21,中信证券,600030,-2.9,-2.88,-3.0,-2.97,-2.9,102077,70032705.0,2.55,-2.41
2003-11-20,中信证券,600030,-2.98,-2.88,-3.0,-2.9,-2.98,126999,86981023.0,3.17,2.68
2003-11-19,中信证券,600030,-3.06,-2.96,-3.06,-2.98,-3.06,74619,49445352.0,1.87,2.61
2003-11-18,中信证券,600030,-2.98,-2.97,-3.07,-3.06,-2.99,79587,51201521.0,1.99,-2.34
2003-11-14,中信证券,600030,-3.0,-2.97,-3.03,-2.99,-3.01,49856,32993074.0,1.25,0.66
2003-11-13,中信证券,600030,-3.02,-2.98,-3.03,-3.01,-3.01,37827,24934162.0,0.95,0.0
2003-11-12,中信证券,600030,-2.96,-2.95,-3.01,-3.01,-2.96,50815,33843111.0,1.27,-1.69
2003-11-11,中信证券,600030,-2.94,-2.91,-2.96,-2.96,-2.93,27330,18584763.0,0.68,-1.02
2003-11-10,中信证券,600030,-2.89,-2.89,-2.99,-2.93,-2.89,57455,39084591.0,1.44,-1.38
2003-11-07,中信证券,600030,-2.86,-2.85,-2.93,-2.89,-2.87,45960,32046515.0,1.15,-0.7
2003-11-06,中信证券,600030,-2.83,-2.81,-2.89,-2.87,-2.84,81969,58123410.0,2.05,-1.06
2003-11-05,中信证券,600030,-2.84,-2.81,-2.85,-2.84,-2.85,74602,53733741.0,1.87,0.35
2003-11-04,中信证券,600030,-2.93,-2.8,-2.93,-2.85,-2.93,169323,120596470.0,4.23,2.73
2003-11-03,中信证券,600030,-2.97,-2.91,-2.98,-2.93,-2.96,44598,30583734.0,1.11,1.01
2003-10-31,中信证券,600030,-2.96,-2.89,-2.99,-2.96,-2.95,44367,30121147.0,1.11,-0.34
2003-10-30,中信证券,600030,-2.87,-2.87,-2.99,-2.95,-2.87,74981,51140882.0,1.87,-2.79
2003-10-29,中信证券,600030,-2.84,-2.83,-2.92,-2.87,-2.86,45411,31929893.0,1.14,-0.35
2003-10-28,中信证券,600030,-2.88,-2.84,-2.92,-2.86,-2.89,70449,49760046.0,1.76,1.04
2003-10-27,中信证券,600030,-2.88,-2.88,-2.93,-2.89,-2.94,48092,33417255.0,1.2,1.7
2003-10-24,中信证券,600030,-2.9,-2.87,-2.95,-2.94,-2.9,55711,38302752.0,1.39,-1.38
2003-10-23,中信证券,600030,-2.92,-2.85,-2.93,-2.9,-2.92,87135,61173304.0,2.18,0.68
2003-10-22,中信证券,600030,-2.99,-2.87,-2.99,-2.92,-2.99,74046,50965626.0,1.85,2.34
2003-10-21,中信证券,600030,-2.98,-2.97,-3.03,-2.99,-2.99,32622,21474886.0,0.82,0.0
2003-10-20,中信证券,600030,-2.9,-2.89,-3.01,-2.99,-2.9,91854,61462570.0,2.3,-3.1
2003-10-17,中信证券,600030,-2.89,-2.86,-2.91,-2.9,-2.87,34129,23829842.0,0.85,-1.05
2003-10-15,中信证券,600030,-2.87,-2.83,-2.88,-2.87,-2.88,30900,21930390.0,0.77,0.35
2003-10-14,中信证券,600030,-2.84,-2.83,-2.89,-2.88,-2.84,40597,28596441.0,1.01,-1.41
2003-10-13,中信证券,600030,-2.81,-2.8,-2.84,-2.84,-2.81,40791,29377884.0,1.02,-1.07
2003-10-10,中信证券,600030,-2.88,-2.79,-2.9,-2.81,-2.88,70376,50441665.0,1.76,2.43
2003-10-09,中信证券,600030,-2.88,-2.85,-2.89,-2.88,-2.88,25867,18249198.0,0.65,0.0
2003-10-08,中信证券,600030,-2.84,-2.83,-2.9,-2.88,-2.82,69208,48716089.0,1.73,-2.13
2003-09-30,中信证券,600030,-2.68,-2.67,-2.91,-2.82,-2.69,226139,164002162.0,5.65,-4.83
2003-09-29,中信证券,600030,-2.67,-2.65,-2.69,-2.69,-2.66,47548,36893187.0,1.19,-1.13
2003-09-26,中信证券,600030,-2.66,-2.63,-2.67,-2.66,-2.64,38491,29991738.0,0.96,-0.76
2003-09-25,中信证券,600030,-2.61,-2.59,-2.65,-2.64,-2.61,66678,52629768.0,1.67,-1.15
2003-09-24,中信证券,600030,-2.59,-2.57,-2.61,-2.61,-2.6,75256,60368198.0,1.88,-0.38
2003-09-23,中信证券,600030,-2.65,-2.58,-2.65,-2.6,-2.64,135394,108028544.0,3.38,1.52
2003-09-22,中信证券,600030,-2.62,-2.6,-2.65,-2.64,-2.63,69783,55277295.0,1.74,-0.38
2003-09-19,中信证券,600030,-2.65,-2.61,-2.67,-2.63,-2.66,81586,64202300.0,2.04,1.13
2003-09-18,中信证券,600030,-2.71,-2.63,-2.71,-2.66,-2.69,78329,60835576.0,1.96,1.12
2003-09-17,中信证券,600030,-2.67,-2.67,-2.74,-2.69,-2.67,40188,30650539.0,1.0,-0.75
2003-09-16,中信证券,600030,-2.71,-2.66,-2.73,-2.67,-2.71,36022,27659634.0,0.9,1.48
2003-09-15,中信证券,600030,-2.69,-2.67,-2.74,-2.71,-2.69,32917,25063450.0,0.82,-0.74
2003-09-12,中信证券,600030,-2.63,-2.63,-2.7,-2.69,-2.63,35028,27092213.0,0.88,-2.28
2003-09-11,中信证券,600030,-2.65,-2.63,-2.66,-2.63,-2.65,47381,37170216.0,1.18,0.75
2003-09-10,中信证券,600030,-2.68,-2.65,-2.7,-2.65,-2.67,33972,26324631.0,0.85,0.75
2003-09-09,中信证券,600030,-2.68,-2.65,-2.7,-2.67,-2.67,25664,19861923.0,0.64,0.0
2003-09-08,中信证券,600030,-2.73,-2.66,-2.75,-2.67,-2.72,49063,37396039.0,1.23,1.84
2003-09-05,中信证券,600030,-2.67,-2.66,-2.74,-2.72,-2.67,45439,34683934.0,1.14,-1.87
2003-09-04,中信证券,600030,-2.63,-2.62,-2.67,-2.67,-2.62,42891,33566228.0,1.07,-1.91
2003-09-03,中信证券,600030,-2.65,-2.62,-2.68,-2.62,-2.65,72439,56862541.0,1.81,1.13
2003-09-02,中信证券,600030,-2.62,-2.62,-2.67,-2.65,-2.62,78087,61160306.0,1.95,-1.15
2003-09-01,中信证券,600030,-2.63,-2.61,-2.67,-2.62,-2.67,174823,137550013.0,4.37,1.87
2003-08-29,中信证券,600030,-2.74,-2.65,-2.75,-2.67,-2.75,102348,78591327.0,2.56,2.91
2003-08-28,中信证券,600030,-2.72,-2.7,-2.75,-2.75,-2.71,30095,22698874.0,0.75,-1.48
2003-08-27,中信证券,600030,-2.71,-2.68,-2.71,-2.71,-2.71,24461,18755057.0,0.61,0.0
2003-08-26,中信证券,600030,-2.75,-2.68,-2.75,-2.71,-2.73,40111,30690991.0,1.0,0.73
2003-08-25,中信证券,600030,-2.73,-2.71,-2.74,-2.73,-2.7,28848,21845315.0,0.72,-1.11
2003-08-22,中信证券,600030,-2.73,-2.69,-2.74,-2.7,-2.72,36404,27752421.0,0.91,0.74
2003-08-21,中信证券,600030,-2.74,-2.71,-2.76,-2.72,-2.75,38749,29200117.0,0.97,1.09
2003-08-20,中信证券,600030,-2.72,-2.72,-2.77,-2.75,-2.72,52091,38931955.0,1.3,-1.1
2003-08-19,中信证券,600030,-2.71,-2.68,-2.73,-2.72,-2.7,38980,29650616.0,0.97,-0.74
2003-08-18,中信证券,600030,-2.7,-2.67,-2.71,-2.7,-2.68,33089,25372777.0,0.83,-0.75
2003-08-15,中信证券,600030,-2.71,-2.63,-2.75,-2.68,-2.73,118613,91516708.0,2.97,1.83
2003-08-14,中信证券,600030,-2.69,-2.67,-2.75,-2.73,-2.69,64371,48812603.0,1.61,-1.49
2003-08-13,中信证券,600030,-2.65,-2.64,-2.7,-2.69,-2.66,46745,36065592.0,1.17,-1.13
2003-08-12,中信证券,600030,-2.67,-2.63,-2.69,-2.66,-2.67,82698,64546414.0,2.07,0.37
2003-08-11,中信证券,600030,-2.75,-2.66,-2.76,-2.67,-2.75,96145,74049695.0,2.4,2.91
2003-08-08,中信证券,600030,-2.71,-2.7,-2.76,-2.75,-2.7,54347,41086368.0,1.36,-1.85
2003-08-07,中信证券,600030,-2.78,-2.62,-2.79,-2.7,-2.78,187378,144500299.0,4.68,2.88
2003-08-06,中信证券,600030,-2.76,-2.76,-2.81,-2.78,-2.76,32788,24099162.0,0.82,-0.72
2003-08-05,中信证券,600030,-2.75,-2.74,-2.77,-2.76,-2.75,21940,16373450.0,0.55,-0.36
2003-08-04,中信证券,600030,-2.79,-2.73,-2.81,-2.75,-2.79,45192,33555426.0,1.13,1.43
2003-08-01,中信证券,600030,-2.8,-2.77,-2.83,-2.79,-2.8,35402,25788265.0,0.89,0.36
2003-07-31,中信证券,600030,-2.82,-2.79,-2.83,-2.8,-2.82,42082,30537950.0,1.05,0.71
2003-07-30,中信证券,600030,-2.79,-2.77,-2.84,-2.82,-2.79,42240,30649110.0,1.06,-1.08
2003-07-29,中信证券,600030,-2.82,-2.78,-2.83,-2.79,-2.81,40870,29821083.0,1.02,0.71
2003-07-28,中信证券,600030,-2.74,-2.73,-2.83,-2.81,-2.72,95396,70547615.0,2.38,-3.31
2003-07-25,中信证券,600030,-2.66,-2.63,-2.74,-2.72,-2.66,74729,57282064.0,1.87,-2.26
2003-07-24,中信证券,600030,-2.63,-2.62,-2.66,-2.66,-2.63,34157,26812747.0,0.85,-1.14
2003-07-23,中信证券,600030,-2.63,-2.61,-2.66,-2.63,-2.63,35735,28138084.0,0.89,0.0
2003-07-22,中信证券,600030,-2.59,-2.57,-2.67,-2.63,-2.61,73047,57736191.0,1.83,-0.77
2003-07-21,中信证券,600030,-2.64,-2.61,-2.66,-2.61,-2.64,104357,82346237.0,2.61,1.14
2003-07-18,中信证券,600030,-2.57,-2.55,-2.64,-2.64,-2.57,178329,143002878.0,4.46,-2.72
2003-07-17,中信证券,600030,-2.69,-2.54,-2.72,-2.57,-2.69,251054,200418472.0,6.28,4.46
2003-07-16,中信证券,600030,-2.7,-2.67,-2.71,-2.69,-2.7,30749,23656872.0,0.77,0.37
2003-07-15,中信证券,600030,-2.72,-2.67,-2.72,-2.7,-2.72,34633,26539220.0,0.87,0.74
2003-07-14,中信证券,600030,-2.69,-2.68,-2.72,-2.72,-2.69,37498,28537989.0,0.94,-1.12
2003-07-11,中信证券,600030,-2.66,-2.65,-2.69,-2.69,-2.65,80500,62371530.0,2.01,-1.51
2003-07-10,中信证券,600030,-2.72,-2.64,-2.75,-2.65,-2.72,125134,96568173.0,3.13,2.57
2003-07-09,中信证券,600030,-2.67,-2.67,-2.73,-2.72,-2.67,55960,42538839.0,1.4,-1.87
2003-07-08,中信证券,600030,-2.67,-2.64,-2.69,-2.67,-2.69,39138,30369641.0,0.98,0.74
2003-07-04,中信证券,600030,-2.66,-2.64,-2.7,-2.69,-2.66,40236,31101178.0,1.01,-1.13
2003-07-03,中信证券,600030,-2.64,-2.63,-2.66,-2.66,-2.64,52422,41030232.0,1.31,-0.76
2003-07-02,中信证券,600030,-2.69,-2.64,-2.71,-2.64,-2.7,82572,64118452.0,2.06,2.22
2003-07-01,中信证券,600030,-2.68,-2.65,-2.71,-2.7,-2.71,51100,39342334.0,1.28,0.37
2003-06-30,中信证券,600030,-2.73,-2.66,-2.74,-2.71,-2.72,57660,44020964.0,1.44,0.37
2003-06-27,中信证券,600030,-2.67,-2.65,-2.72,-2.72,-2.66,39306,30251741.0,0.98,-2.26
2003-06-26,中信证券,600030,-2.71,-2.63,-2.74,-2.66,-2.71,69150,53197600.0,1.73,1.85
2003-06-25,中信证券,600030,-2.66,-2.65,-2.71,-2.71,-2.66,93610,72227500.0,2.34,-1.88
2003-06-24,中信证券,600030,-2.68,-2.65,-2.7,-2.66,-2.67,71820,55515373.0,1.8,0.37
2003-06-23,中信证券,600030,-2.62,-2.61,-2.68,-2.67,-2.61,72212,56426862.0,1.81,-2.3
2003-06-20,中信证券,600030,-2.55,-2.55,-2.62,-2.61,-2.57,67306,53971383.0,1.68,-1.56
2003-06-19,中信证券,600030,-2.55,-2.53,-2.6,-2.57,-2.55,62756,50754010.0,1.57,-0.78
2003-06-18,中信证券,600030,-2.55,-2.52,-2.56,-2.55,-2.56,56763,46620104.0,1.42,0.39
2003-06-17,中信证券,600030,-2.57,-2.52,-2.59,-2.56,-2.57,44791,36577206.0,1.12,0.39
2003-06-16,中信证券,600030,-2.53,-2.53,-2.58,-2.57,-2.54,32333,26186692.0,0.81,-1.18
2003-06-13,中信证券,600030,-2.56,-2.52,-2.57,-2.54,-2.56,49852,40701717.0,1.25,0.78
2003-06-12,中信证券,600030,-2.52,-2.52,-2.57,-2.56,-2.53,57013,46495183.0,1.43,-1.19
2003-06-11,中信证券,600030,-2.6,-2.53,-2.61,-2.53,-2.62,96028,78202163.0,2.4,3.44
2003-06-10,中信证券,600030,-2.63,-2.58,-2.63,-2.62,-2.63,67505,53807604.0,1.69,0.38
2003-06-09,中信证券,600030,-2.59,-2.55,-2.64,-2.63,-2.58,126704,100792946.0,3.17,-1.94
2003-06-06,中信证券,600030,-2.51,-2.5,-2.59,-2.58,-2.5,173906,142368362.0,4.35,-3.2
2003-06-05,中信证券,600030,-2.45,-2.43,-2.51,-2.5,-2.45,78683,66407786.0,1.97,-2.04
2003-06-04,中信证券,600030,-2.5,-2.44,-2.53,-2.45,-2.48,97390,81748158.0,2.43,1.21
2003-06-03,中信证券,600030,-2.47,-2.42,-2.49,-2.48,-2.47,78486,66594750.0,1.96,-0.4
2003-06-02,中信证券,600030,-2.47,-2.45,-2.52,-2.47,-2.46,89876,75484386.0,2.25,-0.41
2003-05-30,中信证券,600030,-2.45,-2.42,-2.48,-2.46,-2.45,139108,118536484.0,3.48,-0.41
2003-05-29,中信证券,600030,-2.5,-2.45,-2.53,-2.45,-2.49,142813,119209044.0,3.57,1.61
2003-05-28,中信证券,600030,-2.38,-2.36,-2.51,-2.49,-2.39,273952,234991657.0,6.85,-4.18
2003-05-27,中信证券,600030,-2.45,-2.37,-2.47,-2.39,-2.47,426195,367580394.0,10.65,3.24
2003-05-26,中信证券,600030,-2.48,-2.44,-2.49,-2.47,-2.48,170883,144669650.0,4.27,0.4
2003-05-23,中信证券,600030,-2.49,-2.44,-2.51,-2.48,-2.5,302013,255715944.0,7.55,0.8
2003-05-22,中信证券,600030,-2.57,-2.48,-2.58,-2.5,-2.56,148304,122687568.0,3.71,2.34
2003-05-21,中信证券,600030,-2.56,-2.52,-2.57,-2.56,-2.56,74162,60493873.0,1.85,0.0
2003-05-20,中信证券,600030,-2.51,-2.51,-2.57,-2.56,-2.5,136280,111280539.0,3.41,-2.4
2003-05-19,中信证券,600030,-2.46,-2.45,-2.53,-2.5,-2.46,130990,109334936.0,3.27,-1.63
2003-05-16,中信证券,600030,-2.49,-2.42,-2.51,-2.46,-2.49,179366,152065053.0,4.48,1.2
2003-05-15,中信证券,600030,-2.53,-2.46,-2.56,-2.49,-2.52,193359,160908791.0,4.83,1.19
2003-05-14,中信证券,600030,-2.6,-2.52,-2.61,-2.52,-2.57,189483,154178611.0,4.74,1.95
2003-05-13,中信证券,600030,-2.46,-2.41,-2.59,-2.57,-2.46,392667,327715465.0,9.82,-4.47
2003-05-12,中信证券,600030,-2.54,-2.43,-2.59,-2.46,-2.54,231705,194644391.0,5.79,3.15
2003-04-30,中信证券,600030,-2.57,-2.46,-2.57,-2.54,-2.56,345904,286516356.0,8.65,0.78
2003-04-29,中信证券,600030,-2.54,-2.5,-2.59,-2.56,-2.51,452129,369373180.0,11.3,-1.99
2003-04-28,中信证券,600030,-2.74,-2.51,-2.77,-2.51,-2.73,508798,405131099.0,12.72,8.06
2003-04-25,中信证券,600030,-2.71,-2.66,-2.76,-2.73,-2.71,226949,173423479.0,5.67,-0.74
2003-04-24,中信证券,600030,-2.71,-2.68,-2.77,-2.71,-2.68,305501,231243627.0,7.64,-1.12
2003-04-23,中信证券,600030,-2.66,-2.62,-2.7,-2.68,-2.64,184261,142885184.0,4.61,-1.52
2003-04-22,中信证券,600030,-2.65,-2.6,-2.68,-2.64,-2.64,236120,185633154.0,5.9,0.0
2003-04-21,中信证券,600030,-2.55,-2.55,-2.73,-2.64,-2.54,472365,370039963.0,11.81,-3.94
2003-04-18,中信证券,600030,-2.45,-2.43,-2.55,-2.54,-2.45,283711,235700193.0,7.09,-3.67
2003-04-17,中信证券,600030,-2.43,-2.37,-2.5,-2.45,-2.43,333260,284704328.0,8.33,-0.82
2003-04-16,中信证券,600030,-2.4,-2.23,-2.48,-2.43,-2.4,560715,495307259.0,14.02,-1.25
2003-04-15,中信证券,600030,-2.45,-2.31,-2.47,-2.4,-2.41,378601,331907255.0,9.47,0.41
2003-04-14,中信证券,600030,-2.57,-2.37,-2.57,-2.41,-2.57,518027,436885931.0,12.95,6.23
2003-04-11,中信证券,600030,-2.58,-2.52,-2.61,-2.57,-2.58,432813,352032818.0,10.82,0.39
2003-04-10,中信证券,600030,-2.54,-2.51,-2.62,-2.58,-2.57,792411,642915548.0,19.81,-0.39
2003-04-09,中信证券,600030,-2.77,-2.56,-2.77,-2.57,-2.77,735568,580092617.0,18.39,7.22
2003-04-08,中信证券,600030,-2.8,-2.74,-2.81,-2.77,-2.8,236192,174116440.0,5.9,1.07
2003-04-07,中信证券,600030,-2.84,-2.75,-2.84,-2.8,-2.83,410874,301428989.0,10.27,1.06
2003-04-04,中信证券,600030,-2.86,-2.82,-2.89,-2.83,-2.87,300995,214106719.0,7.52,1.39
2003-04-03,中信证券,600030,-2.84,-2.8,-2.88,-2.87,-2.86,358007,257187812.0,8.95,-0.35
2003-04-02,中信证券,600030,-2.89,-2.85,-2.92,-2.86,-2.89,399274,281804114.0,9.98,1.04
2003-04-01,中信证券,600030,-2.97,-2.87,-2.97,-2.89,-2.97,326294,224963330.0,8.16,2.69
2003-03-31,中信证券,600030,-2.99,-2.95,-2.99,-2.97,-2.99,112863,75687238.0,2.82,0.67
2003-03-28,中信证券,600030,-3.0,-2.94,-3.01,-2.99,-2.99,321905,215465760.0,8.05,0.0
2003-03-27,中信证券,600030,-3.12,-2.95,-3.13,-2.99,-3.12,412638,269637991.0,10.32,4.17
2003-03-26,中信证券,600030,-3.11,-3.08,-3.13,-3.12,-3.1,123286,76948023.0,3.08,-0.65
2003-03-25,中信证券,600030,-3.03,-3.02,-3.1,-3.1,-3.02,226220,143858645.0,5.66,-2.65
2003-03-24,中信证券,600030,-3.0,-2.99,-3.04,-3.02,-3.0,60242,39436727.0,1.51,-0.67
2003-03-21,中信证券,600030,-3.01,-2.99,-3.02,-3.0,-3.0,52102,34387008.0,1.3,0.0
2003-03-20,中信证券,600030,-3.01,-2.98,-3.02,-3.0,-3.01,71694,47412957.0,1.79,0.33
2003-03-19,中信证券,600030,-3.03,-2.98,-3.06,-3.01,-3.02,106823,69944380.0,2.67,0.33
2003-03-18,中信证券,600030,-3.01,-2.98,-3.03,-3.02,-3.01,81619,53941091.0,2.04,-0.33
2003-03-17,中信证券,600030,-3.04,-3.01,-3.04,-3.01,-3.04,68784,44854263.0,1.72,0.99
2003-03-14,中信证券,600030,-3.04,-3.01,-3.04,-3.04,-3.04,53128,34610547.0,1.33,0.0
2003-03-13,中信证券,600030,-3.02,-3.0,-3.04,-3.04,-3.02,66903,43726284.0,1.67,-0.66
2003-03-12,中信证券,600030,-2.97,-2.97,-3.04,-3.02,-2.97,125321,82211462.0,3.13,-1.68
2003-03-11,中信证券,600030,-2.99,-2.95,-2.99,-2.97,-2.98,46837,31442487.0,1.17,0.34
2003-03-10,中信证券,600030,-2.95,-2.94,-2.98,-2.98,-2.95,121459,81707263.0,3.04,-1.02
2003-03-07,中信证券,600030,-2.95,-2.93,-2.96,-2.95,-2.94,76618,52109096.0,1.92,-0.34
2003-03-06,中信证券,600030,-2.91,-2.9,-2.95,-2.94,-2.91,139657,95479461.0,3.49,-1.03
2003-03-05,中信证券,600030,-2.88,-2.88,-2.92,-2.91,-2.88,147517,102226365.0,3.69,-1.04
2003-03-04,中信证券,600030,-2.9,-2.85,-2.91,-2.88,-2.91,312729,219827112.0,7.82,1.03
2003-03-03,中信证券,600030,-2.93,-2.9,-2.93,-2.91,-2.93,121379,83780647.0,3.03,0.68
2003-02-28,中信证券,600030,-2.92,-2.91,-2.94,-2.93,-2.93,76059,52180178.0,1.9,0.0
2003-02-27,中信证券,600030,-2.92,-2.89,-2.93,-2.93,-2.93,126053,87028640.0,3.15,0.0
2003-02-26,中信证券,600030,-2.92,-2.89,-2.94,-2.93,-2.93,131322,90695869.0,3.28,0.0
2003-02-25,中信证券,600030,-2.97,-2.91,-2.97,-2.93,-2.98,166711,114282762.0,4.17,1.68
2003-02-24,中信证券,600030,-2.97,-2.95,-2.98,-2.98,-2.97,101463,68270228.0,2.54,-0.34
2003-02-21,中信证券,600030,-2.92,-2.92,-2.98,-2.97,-2.93,251955,170253533.0,6.3,-1.37
2003-02-20,中信证券,600030,-2.9,-2.88,-2.93,-2.93,-2.91,135891,94154324.0,3.4,-0.69
2003-02-19,中信证券,600030,-2.93,-2.88,-2.93,-2.91,-2.93,195916,136072922.0,4.9,0.68
2003-02-18,中信证券,600030,-2.94,-2.91,-2.95,-2.93,-2.95,110184,75383480.0,2.75,0.68
2003-02-17,中信证券,600030,-2.91,-2.89,-2.96,-2.95,-2.91,204102,139692309.0,5.1,-1.37
2003-02-14,中信证券,600030,-2.92,-2.88,-2.93,-2.91,-2.91,159965,110958109.0,4.0,0.0
2003-02-13,中信证券,600030,-2.89,-2.83,-2.91,-2.91,-2.9,398722,281763301.0,9.97,-0.34
2003-02-12,中信证券,600030,-2.95,-2.89,-2.97,-2.9,-2.94,201380,138916470.0,5.03,1.36
2003-02-11,中信证券,600030,-2.97,-2.94,-2.97,-2.94,-2.96,104957,71109711.0,2.62,0.68
2003-02-10,中信证券,600030,-2.92,-2.92,-2.97,-2.96,-2.91,218761,148955171.0,5.47,-1.72
2003-01-29,中信证券,600030,-2.87,-2.86,-2.92,-2.91,-2.88,296210,207060762.0,7.41,-1.04
2003-01-28,中信证券,600030,-2.9,-2.86,-2.92,-2.88,-2.9,259664,181092742.0,6.49,0.69
2003-01-27,中信证券,600030,-2.91,-2.87,-2.94,-2.9,-2.9,394739,274235051.0,9.87,0.0
2003-01-24,中信证券,600030,-3.03,-2.85,-3.04,-2.9,-3.03,927071,637719038.0,23.18,4.29
2003-01-23,中信证券,600030,-3.04,-2.96,-3.04,-3.03,-3.04,315386,207919167.0,7.88,0.33
2003-01-22,中信证券,600030,-3.01,-2.99,-3.05,-3.04,-3.01,320353,209619836.0,8.01,-1.0
2003-01-21,中信证券,600030,-2.93,-2.92,-3.03,-3.01,-2.94,428631,284742620.0,10.72,-2.38
2003-01-20,中信证券,600030,-3.04,-2.89,-3.05,-2.94,-3.02,691818,468747498.0,17.3,2.65
2003-01-17,中信证券,600030,-2.94,-2.93,-3.02,-3.02,-2.94,653588,434861787.0,16.34,-2.72
2003-01-16,中信证券,600030,-2.94,-2.89,-2.99,-2.94,-2.94,654832,444285059.0,16.37,0.0
2003-01-15,中信证券,600030,-3.03,-2.92,-3.06,-2.94,-3.02,1381750,919559390.0,34.54,2.65
2003-01-14,中信证券,600030,-3.1,-2.92,-3.13,-3.02,-3.09,1494813,977541645.0,37.37,2.27
2003-01-13,中信证券,600030,-3.09,-3.04,-3.15,-3.09,-3.12,1091783,685740331.0,27.29,0.96
2003-01-10,中信证券,600030,-3.12,-3.04,-3.15,-3.12,-3.22,2063934,1300495478.0,51.6,3.11
2003-01-09,中信证券,600030,-3.28,-3.22,-3.29,-3.22,-3.37,1100869,636358017.0,27.52,4.45
2003-01-08,中信证券,600030,-3.52,-3.37,-3.52,-3.37,-3.51,720641,368411113.0,18.02,3.99
2003-01-07,中信证券,600030,-3.48,-3.45,-3.52,-3.51,-3.46,589777,290622430.0,14.74,-1.45
2003-01-06,中信证券,600030,-3.31,-3.3,-3.48,-3.46,,1942886,998892578.0,48.57,4.16
