日期,股票名称,代码,开盘,最高,最低,收盘,前收盘,成交量,成交额,换手率,涨跌幅
2026-05-14,五粮液,000858,88.81,89.34,88.1,88.35,89.15,115666,1025725087.56,0.3,-0.9
2026-05-13,五粮液,000858,90.57,90.83,88.74,89.15,90.56,467201,4173652012.86,1.2,-1.56
2026-05-12,五粮液,000858,91.8,91.93,90.5,90.56,91.81,372974,3387693471.87,0.96,-1.36
2026-05-11,五粮液,000858,92.03,92.29,91.37,91.81,92.13,269325,2469941064.28,0.69,-0.35
2026-05-08,五粮液,000858,92.6,92.8,91.66,92.13,92.6,259641,2396026817.67,0.67,-0.51
2026-05-07,五粮液,000858,92.43,93.85,92.43,92.6,92.26,536278,4986385438.04,1.38,0.37
2026-05-06,五粮液,000858,90.78,94.5,90.1,92.26,97.08,871599,7989429629.23,2.25,-4.96
2026-04-30,五粮液,000858,97.74,97.95,97.0,97.08,98.34,248209,2413614788.69,0.64,-1.28
2026-04-29,五粮液,000858,97.88,98.58,97.04,98.34,100.2,338635,3316572049.36,0.87,-1.86
2026-04-28,五粮液,000858,100.08,100.29,99.9,100.2,100.2,123415,1234366126.32,0.32,0.0
2026-04-27,五粮液,000858,100.5,100.53,100.05,100.2,101.27,191048,1913778919.46,0.49,-1.06
2026-04-24,五粮液,000858,100.65,101.92,100.3,101.27,101.18,134533,1361341944.74,0.35,0.09
2026-04-23,五粮液,000858,100.64,102.3,100.56,101.18,100.64,174023,1764308584.54,0.45,0.54
2026-04-22,五粮液,000858,101.0,101.08,100.46,100.64,101.18,144383,1452833704.75,0.37,-0.53
2026-04-21,五粮液,000858,101.3,101.82,101.0,101.18,101.35,108281,1095969167.47,0.28,-0.17
2026-04-20,五粮液,000858,101.82,101.95,101.05,101.35,101.86,116961,1186004538.23,0.3,-0.5
2026-04-17,五粮液,000858,101.5,102.25,101.2,101.86,103.44,167432,1704502562.25,0.43,-1.53
2026-04-16,五粮液,000858,103.5,104.0,103.22,103.44,103.55,90166,934168917.94,0.23,-0.11
2026-04-15,五粮液,000858,102.9,103.99,102.68,103.55,103.1,115713,1196292314.27,0.3,0.44
2026-04-14,五粮液,000858,102.42,103.4,101.88,103.1,102.42,120696,1238173621.19,0.31,0.66
2026-04-13,五粮液,000858,101.64,102.45,101.08,102.42,102.07,122634,1247104400.52,0.32,0.34
2026-04-10,五粮液,000858,102.61,102.95,102.0,102.07,102.6,122424,1253630005.44,0.32,-0.52
2026-04-09,五粮液,000858,103.38,103.69,102.5,102.6,104.19,98462,1012935759.78,0.25,-1.53
2026-04-08,五粮液,000858,103.9,104.2,103.51,104.19,103.11,97740,1016515697.76,0.25,1.05
2026-04-07,五粮液,000858,103.4,103.9,102.35,103.11,103.49,81548,839975542.86,0.21,-0.37
2026-04-03,五粮液,000858,104.97,104.97,103.29,103.49,105.0,83089,864181133.42,0.21,-1.44
2026-04-02,五粮液,000858,104.0,105.26,103.88,105.0,104.39,151783,1589237202.13,0.39,0.58
2026-04-01,五粮液,000858,103.97,105.18,103.39,104.39,103.27,122667,1279526789.08,0.32,1.08
2026-03-31,五粮液,000858,105.0,105.8,103.27,103.27,103.46,178348,1865043694.12,0.46,-0.18
2026-03-30,五粮液,000858,101.99,103.9,101.8,103.46,102.65,124907,1286843153.03,0.32,0.79
2026-03-27,五粮液,000858,100.5,102.88,100.41,102.65,101.28,102958,1052956367.65,0.27,1.35
2026-03-26,五粮液,000858,102.2,102.89,101.28,101.28,102.45,95924,977853749.31,0.25,-1.14
2026-03-25,五粮液,000858,101.35,102.58,100.88,102.45,101.34,108590,1107451812.52,0.28,1.1
2026-03-24,五粮液,000858,100.88,101.46,100.04,101.34,100.23,117508,1184095484.19,0.3,1.11
2026-03-23,五粮液,000858,101.4,101.78,100.04,100.23,102.4,205190,2064661956.26,0.53,-2.12
2026-03-20,五粮液,000858,102.53,103.18,101.9,102.4,102.53,102865,1053023021.84,0.27,-0.13
2026-03-19,五粮液,000858,103.01,103.41,102.51,102.53,103.72,114373,1176973860.48,0.29,-1.15
2026-03-18,五粮液,000858,104.79,104.99,103.4,103.72,104.79,117209,1217253899.66,0.3,-1.02
2026-03-17,五粮液,000858,104.54,105.82,104.0,104.79,104.54,177702,1867733131.75,0.46,0.24
2026-03-16,五粮液,000858,102.8,105.31,102.7,104.54,102.95,203049,2119088706.0,0.52,1.54
2026-03-13,五粮液,000858,102.06,103.66,101.85,102.95,102.27,153187,1577733442.95,0.39,0.66
2026-03-12,五粮液,000858,102.0,102.73,101.6,102.27,102.18,116614,1189182247.4,0.3,0.09
2026-03-11,五粮液,000858,102.05,102.35,101.59,102.18,102.05,107801,1099529974.19,0.28,0.13
2026-03-10,五粮液,000858,101.88,102.39,101.76,102.05,101.52,111694,1139370871.52,0.29,0.52
2026-03-09,五粮液,000858,101.32,102.6,101.27,101.52,102.4,177781,1811068890.67,0.46,-0.86
2026-03-06,五粮液,000858,101.34,102.49,101.05,102.4,101.45,112916,1150357291.89,0.29,0.94
2026-03-05,五粮液,000858,101.62,101.97,101.15,101.45,101.02,100521,1020367656.2,0.26,0.43
2026-03-04,五粮液,000858,102.0,102.01,100.75,101.02,102.55,183018,1850959672.31,0.47,-1.49
2026-03-03,五粮液,000858,103.01,104.38,101.9,102.55,103.22,230595,2370559086.74,0.59,-0.65
2026-03-02,五粮液,000858,103.0,104.6,102.34,103.22,104.05,204064,2106133136.07,0.53,-0.8
2026-02-27,五粮液,000858,103.88,104.55,103.88,104.05,103.88,119188,1242973438.5,0.31,0.16
2026-02-26,五粮液,000858,105.0,105.33,103.6,103.88,105.17,192325,2004360013.44,0.5,-1.23
2026-02-25,五粮液,000858,105.0,106.11,104.87,105.17,105.16,161529,1703140852.63,0.42,0.01
2026-02-24,五粮液,000858,108.18,109.19,105.0,105.16,106.06,210144,2233159175.11,0.54,-0.85
2026-02-13,五粮液,000858,104.7,106.88,104.17,106.06,104.62,241240,2557578441.15,0.62,1.38
2026-02-12,五粮液,000858,105.9,106.11,104.4,104.62,106.04,181730,1906604083.34,0.47,-1.34
2026-02-11,五粮液,000858,106.31,106.65,105.85,106.04,106.5,114996,1219688887.85,0.3,-0.43
2026-02-10,五粮液,000858,107.18,107.18,105.79,106.5,107.36,185040,1967153218.0,0.48,-0.8
2026-02-09,五粮液,000858,106.8,107.69,106.47,107.36,107.0,208892,2237802124.03,0.54,0.34
2026-02-06,五粮液,000858,108.9,109.73,106.81,107.0,108.89,276522,2975510011.68,0.71,-1.74
2026-02-05,五粮液,000858,107.9,110.55,107.66,108.89,108.52,372846,4071834696.1,0.96,0.34
2026-02-04,五粮液,000858,106.5,109.41,106.28,108.52,107.28,378917,4088740226.48,0.98,1.16
2026-02-03,五粮液,000858,107.08,108.78,106.6,107.28,107.29,331643,3556634123.24,0.85,-0.01
2026-02-02,五粮液,000858,105.08,110.76,105.08,107.29,105.0,531977,5754087576.64,1.37,2.18
2026-01-30,五粮液,000858,110.77,110.78,105.0,105.0,110.77,668171,7156298338.79,1.72,-5.21
2026-01-29,五粮液,000858,100.7,110.77,100.5,110.77,100.7,986604,10450873885.52,2.54,10.0
2026-01-28,五粮液,000858,101.03,101.85,100.63,100.7,101.02,266767,2696600350.89,0.69,-0.32
2026-01-27,五粮液,000858,102.12,102.33,101.02,101.02,102.34,225287,2283721967.52,0.58,-1.29
2026-01-26,五粮液,000858,102.96,103.5,101.06,102.34,102.99,312961,3203042467.48,0.81,-0.63
2026-01-23,五粮液,000858,102.8,103.71,102.7,102.99,102.76,214559,2214166356.93,0.55,0.22
2026-01-22,五粮液,000858,103.07,103.72,102.61,102.76,103.05,186915,1926511774.17,0.48,-0.28
2026-01-21,五粮液,000858,104.62,104.7,103.0,103.05,104.91,262283,2711884886.18,0.68,-1.77
2026-01-20,五粮液,000858,104.5,105.47,104.3,104.91,104.55,172817,1813980704.79,0.45,0.34
2026-01-19,五粮液,000858,104.99,105.38,104.34,104.55,105.16,182299,1908481790.79,0.47,-0.58
2026-01-16,五粮液,000858,106.25,106.41,105.05,105.16,106.09,198710,2096582183.89,0.51,-0.88
2026-01-15,五粮液,000858,106.7,107.22,106.02,106.09,107.04,162929,1733698629.33,0.42,-0.89
2026-01-14,五粮液,000858,107.88,108.84,106.68,107.04,108.0,225609,2430589610.24,0.58,-0.89
2026-01-13,五粮液,000858,108.99,109.22,107.82,108.0,108.55,197374,2140822642.57,0.51,-0.51
2026-01-12,五粮液,000858,107.15,108.85,107.13,108.55,107.14,233356,2526732763.84,0.6,1.32
2026-01-09,五粮液,000858,107.05,108.55,106.88,107.14,106.9,160750,1727812911.25,0.41,0.22
2026-01-08,五粮液,000858,107.38,107.38,106.66,106.9,107.52,129121,1379204588.92,0.33,-0.58
2026-01-07,五粮液,000858,108.18,108.34,107.4,107.52,108.17,123092,1326159416.45,0.32,-0.6
2026-01-06,五粮液,000858,107.92,108.43,106.92,108.17,107.9,186232,2006335249.82,0.48,0.25
2026-01-05,五粮液,000858,105.9,108.19,105.7,107.9,105.94,222669,2390973424.47,0.57,1.85
2025-12-31,五粮液,000858,107.19,107.25,105.61,105.94,107.36,208677,2214652657.67,0.54,-1.32
2025-12-30,五粮液,000858,107.9,107.99,107.02,107.36,108.06,158470,1700875913.94,0.41,-0.65
2025-12-29,五粮液,000858,109.44,109.6,108.0,108.06,109.78,195453,2119598415.75,0.5,-1.57
2025-12-26,五粮液,000858,110.1,110.49,109.44,109.78,110.6,114759,1261539559.56,0.3,-0.74
2025-12-25,五粮液,000858,109.28,110.7,109.2,110.6,109.28,125708,1385101983.39,0.32,1.21
2025-12-24,五粮液,000858,109.5,109.59,108.78,109.28,109.72,117905,1286401443.89,0.3,-0.4
2025-12-23,五粮液,000858,110.13,110.43,109.33,109.72,110.33,113540,1248444947.76,0.29,-0.55
2025-12-22,五粮液,000858,110.51,110.8,110.12,110.33,110.53,108465,1197376767.17,0.28,-0.18
2025-12-19,五粮液,000858,110.65,110.88,110.04,110.53,110.43,138187,1526045351.12,0.36,0.09
2025-12-18,五粮液,000858,110.82,111.16,110.33,110.43,110.82,124629,1379153249.95,0.32,-0.35
2025-12-17,五粮液,000858,110.42,111.17,109.52,110.82,110.42,153140,1732389485.74,0.39,0.36
2025-12-16,五粮液,000858,109.42,110.51,109.08,110.42,109.87,145068,1631458612.14,0.37,0.5
2025-12-15,五粮液,000858,109.72,110.68,109.47,109.87,109.02,215686,2429077630.45,0.56,0.78
2025-12-12,五粮液,000858,109.72,111.12,109.02,109.02,109.32,257022,2889348466.87,0.66,-0.27
2025-12-11,五粮液,000858,109.42,110.15,109.2,109.32,109.04,157884,1772255901.76,0.41,0.26
2025-12-10,五粮液,000858,107.92,109.17,106.93,109.04,108.3,178696,1984146057.73,0.46,0.68
2025-12-09,五粮液,000858,110.42,110.5,107.92,108.3,110.69,304310,3390789037.33,0.78,-2.16
2025-12-08,五粮液,000858,112.27,112.55,110.52,110.69,112.38,276979,3157374146.68,0.71,-1.5
2025-12-05,五粮液,000858,111.89,112.79,111.63,112.38,111.87,117682,1351054927.14,0.3,0.46
2025-12-04,五粮液,000858,113.03,113.17,111.54,111.87,113.02,169292,1940544885.11,0.44,-1.02
2025-12-03,五粮液,000858,114.14,114.47,112.92,113.02,113.99,165871,1923087546.31,0.43,-0.85
2025-12-02,五粮液,000858,115.02,115.19,113.92,113.99,115.07,124928,1461213467.33,0.32,-0.94
2025-12-01,五粮液,000858,115.22,116.04,114.52,115.07,115.27,120912,1422932700.05,0.31,-0.17
2025-11-28,五粮液,000858,115.32,115.36,114.77,115.27,115.36,80296,945107391.43,0.21,-0.08
2025-11-27,五粮液,000858,115.72,115.91,115.12,115.36,115.68,92157,1087246956.09,0.24,-0.28
2025-11-26,五粮液,000858,115.94,116.71,115.42,115.68,115.93,91698,1085069921.14,0.24,-0.22
2025-11-25,五粮液,000858,115.94,116.33,115.25,115.93,115.94,146609,1735233690.37,0.38,-0.01
2025-11-24,五粮液,000858,117.17,117.88,115.92,115.94,117.1,173011,2066246185.87,0.45,-0.99
2025-11-21,五粮液,000858,117.53,118.83,116.83,117.1,117.67,205072,2468277643.79,0.53,-0.48
2025-11-20,五粮液,000858,117.3,119.06,117.02,117.67,117.31,158258,1909518433.06,0.41,0.31
2025-11-19,五粮液,000858,117.74,117.91,117.12,117.31,117.78,95150,1142098879.05,0.25,-0.4
2025-11-18,五粮液,000858,117.42,119.17,117.18,117.78,117.57,147669,1784778981.66,0.38,0.18
2025-11-17,五粮液,000858,117.44,117.95,116.43,117.57,117.63,117388,1406740311.9,0.3,-0.05
2025-11-14,五粮液,000858,118.1,119.41,117.61,117.63,118.62,139244,1683294872.05,0.36,-0.83
2025-11-13,五粮液,000858,117.42,118.69,117.05,118.62,117.8,160023,1928439961.07,0.41,0.7
2025-11-12,五粮液,000858,118.21,119.92,117.77,117.8,118.2,222544,2700551156.56,0.57,-0.34
2025-11-11,五粮液,000858,117.67,118.39,116.62,118.2,118.22,229268,2754670109.74,0.59,-0.02
2025-11-10,五粮液,000858,114.17,119.0,113.96,118.22,114.17,429065,5132402568.96,1.11,3.55
2025-11-07,五粮液,000858,113.59,114.41,113.37,114.17,113.59,145436,1694831993.2,0.37,0.51
2025-11-06,五粮液,000858,113.93,114.72,113.48,113.59,113.6,154673,1803321901.63,0.4,-0.01
2025-11-05,五粮液,000858,113.77,114.42,113.42,113.6,114.58,164630,1915561293.49,0.42,-0.86
2025-11-04,五粮液,000858,116.2,116.41,114.43,114.58,116.4,172734,2034069113.26,0.45,-1.56
2025-11-03,五粮液,000858,115.92,117.02,114.92,116.4,116.41,223270,2646147017.83,0.58,-0.01
2025-10-31,五粮液,000858,112.82,117.06,112.82,116.41,115.89,421077,4986642236.88,1.08,0.45
2025-10-30,五粮液,000858,115.43,116.97,115.42,115.89,116.25,204330,2423170733.86,0.53,-0.31
2025-10-29,五粮液,000858,117.28,117.37,115.63,116.25,117.52,245083,2910549079.75,0.63,-1.08
2025-10-28,五粮液,000858,117.71,118.11,117.43,117.52,117.71,140195,1686492047.71,0.36,-0.16
2025-10-27,五粮液,000858,117.47,117.97,117.3,117.71,117.71,143943,1729967256.59,0.37,0.0
2025-10-24,五粮液,000858,118.39,118.7,117.52,117.71,118.75,174322,2099912710.83,0.45,-0.88
2025-10-23,五粮液,000858,117.42,118.87,117.38,118.75,117.52,155718,1879432996.48,0.4,1.05
2025-10-22,五粮液,000858,117.42,118.19,117.32,117.52,117.94,127827,1536553799.65,0.33,-0.36
2025-10-21,五粮液,000858,118.2,118.92,117.77,117.94,117.88,147294,1780274210.51,0.38,0.05
2025-10-20,五粮液,000858,118.77,118.97,117.52,117.88,118.49,131645,1589202775.08,0.34,-0.51
2025-10-17,五粮液,000858,119.42,120.38,118.48,118.49,120.16,180408,2197211376.19,0.46,-1.39
2025-10-16,五粮液,000858,119.17,120.17,118.92,120.16,119.49,198478,2427170002.37,0.51,0.56
2025-10-15,五粮液,000858,118.76,120.07,118.48,119.49,119.49,194596,2371853782.76,0.5,0.0
2025-10-14,五粮液,000858,117.99,119.99,117.44,119.49,117.27,291656,3543893434.16,0.75,1.89
2025-10-13,五粮液,000858,117.07,117.82,116.66,117.27,118.15,195835,2345294275.78,0.5,-0.74
2025-10-10,五粮液,000858,118.56,119.54,118.07,118.15,118.58,175360,2126979085.42,0.45,-0.36
2025-10-09,五粮液,000858,118.86,118.86,117.31,118.58,118.9,203757,2455273213.22,0.52,-0.27
2025-09-30,五粮液,000858,118.86,119.25,118.29,118.9,119.34,154571,1875945187.3,0.4,-0.37
2025-09-29,五粮液,000858,117.68,119.99,117.21,119.34,117.59,256358,3105049103.74,0.66,1.49
2025-09-26,五粮液,000858,118.94,119.09,117.44,117.59,118.94,261925,3154953964.4,0.67,-1.14
2025-09-25,五粮液,000858,119.82,120.08,118.93,118.94,119.79,194555,2371492766.58,0.5,-0.71
2025-09-24,五粮液,000858,119.61,120.27,119.22,119.79,119.61,130564,1597546878.68,0.34,0.15
2025-09-23,五粮液,000858,119.43,120.68,118.98,119.61,119.92,172079,2101237748.88,0.44,-0.26
2025-09-22,五粮液,000858,121.02,121.12,119.6,119.92,121.5,196433,2412049778.93,0.51,-1.3
2025-09-19,五粮液,000858,121.35,122.02,120.22,121.5,121.36,196688,2431126955.62,0.51,0.12
2025-09-18,五粮液,000858,123.37,123.38,120.95,121.36,123.38,275478,3434002462.59,0.71,-1.64
2025-09-17,五粮液,000858,123.23,123.75,122.24,123.38,123.22,181336,2276167359.8,0.47,0.13
2025-09-16,五粮液,000858,124.07,124.27,122.82,123.22,124.07,191087,2405374663.48,0.49,-0.69
2025-09-15,五粮液,000858,124.02,124.52,123.47,124.07,124.61,166569,2109473460.31,0.43,-0.43
2025-09-12,五粮液,000858,125.92,127.09,124.54,124.61,125.94,262704,3359522973.5,0.68,-1.06
2025-09-11,五粮液,000858,124.84,125.96,124.22,125.94,125.48,229973,2932816233.12,0.59,0.37
2025-09-10,五粮液,000858,126.22,126.9,125.08,125.48,126.22,199645,2565580225.42,0.51,-0.59
2025-09-09,五粮液,000858,126.5,126.8,125.0,126.22,126.51,184406,2368186108.24,0.48,-0.23
2025-09-08,五粮液,000858,124.12,126.57,123.68,126.51,124.23,305364,3923785754.0,0.79,1.84
2025-09-05,五粮液,000858,122.82,124.44,122.22,124.23,122.93,201734,2537085184.54,0.52,1.06
2025-09-04,五粮液,000858,123.72,123.92,122.15,122.93,124.04,261873,3286629624.84,0.67,-0.89
2025-09-03,五粮液,000858,126.42,128.92,123.81,124.04,125.98,302863,3883434402.01,0.78,-1.54
2025-09-02,五粮液,000858,125.83,128.54,125.53,125.98,126.29,349162,4522779364.71,0.9,-0.25
2025-09-01,五粮液,000858,127.42,127.52,124.94,126.29,126.95,316942,4074402940.83,0.82,-0.52
2025-08-29,五粮液,000858,123.6,127.22,123.54,126.95,122.89,435251,5610236643.19,1.12,3.3
2025-08-28,五粮液,000858,124.03,124.62,121.42,122.89,124.04,345835,4340085829.48,0.89,-0.93
2025-08-27,五粮液,000858,126.92,126.92,124.02,124.04,127.16,346847,4441325743.63,0.89,-2.45
2025-08-26,五粮液,000858,127.35,129.27,126.07,127.16,127.35,349794,4552425052.89,0.9,-0.15
2025-08-25,五粮液,000858,123.6,127.51,123.6,127.35,123.21,479800,6165955080.5,1.24,3.36
2025-08-22,五粮液,000858,122.87,123.24,122.37,123.21,122.87,204850,2567683361.09,0.53,0.28
2025-08-21,五粮液,000858,123.22,123.55,122.28,122.87,123.2,231895,2908492490.98,0.6,-0.27
2025-08-20,五粮液,000858,121.84,123.92,120.77,123.2,121.83,404310,5083056590.98,1.04,1.12
2025-08-19,五粮液,000858,121.19,123.17,121.19,121.83,121.17,327242,4087820977.62,0.84,0.54
2025-08-18,五粮液,000858,120.52,122.08,120.23,121.17,120.52,255301,3163846038.28,0.66,0.54
2025-08-15,五粮液,000858,119.96,120.72,119.32,120.52,120.26,193943,2376497642.36,0.5,0.22
2025-08-14,五粮液,000858,120.6,122.27,120.19,120.26,120.61,199063,2461442361.7,0.51,-0.29
2025-08-13,五粮液,000858,120.43,120.89,119.94,120.61,120.61,155823,1916294685.52,0.4,0.0
2025-08-12,五粮液,000858,121.32,122.75,120.43,120.61,121.36,211374,2625229653.63,0.54,-0.62
2025-08-11,五粮液,000858,119.57,121.77,119.53,121.36,119.64,182660,2257903784.2,0.47,1.44
2025-08-08,五粮液,000858,119.97,120.3,119.38,119.64,119.97,82426,1008572356.44,0.21,-0.28
2025-08-07,五粮液,000858,119.55,120.56,119.37,119.97,119.58,115703,1419842885.34,0.3,0.33
2025-08-06,五粮液,000858,119.39,119.92,118.91,119.58,119.37,119684,1460865583.17,0.31,0.18
2025-08-05,五粮液,000858,118.37,119.64,118.37,119.37,118.34,139446,1698256512.41,0.36,0.87
2025-08-04,五粮液,000858,118.05,118.65,117.87,118.34,118.42,85933,1038364797.9,0.22,-0.07
2025-08-01,五粮液,000858,118.56,119.04,117.81,118.42,118.57,123226,1491109254.91,0.32,-0.13
2025-07-31,五粮液,000858,121.44,121.52,118.27,118.57,121.94,304687,3717607979.08,0.78,-2.76
2025-07-30,五粮液,000858,120.98,122.57,120.7,121.94,120.94,224124,2789922636.36,0.58,0.83
2025-07-29,五粮液,000858,120.92,121.41,119.62,120.94,121.48,185151,2276717869.45,0.48,-0.44
2025-07-28,五粮液,000858,120.94,121.59,119.42,121.48,120.96,178511,2196293738.38,0.46,0.43
2025-07-25,五粮液,000858,122.97,123.02,120.89,120.96,122.97,184007,2284994445.37,0.47,-1.63
2025-07-24,五粮液,000858,122.57,123.18,121.92,122.97,122.62,156012,1955643592.43,0.4,0.29
2025-07-23,五粮液,000858,123.12,124.3,122.55,122.62,122.95,229067,2887980079.32,0.59,-0.27
2025-07-22,五粮液,000858,119.98,123.31,119.98,122.95,119.98,303772,3784887029.55,0.78,2.48
2025-07-21,五粮液,000858,121.2,121.21,119.67,119.98,121.2,187784,2304021397.08,0.48,-1.01
2025-07-18,五粮液,000858,120.3,122.07,119.28,121.2,120.07,210209,2597764485.28,0.54,0.94
2025-07-17,五粮液,000858,119.53,120.36,119.12,120.07,119.53,172999,2171582212.29,0.45,0.45
2025-07-16,五粮液,000858,118.85,120.13,118.85,119.53,119.25,178699,2237883046.03,0.46,0.23
2025-07-15,五粮液,000858,119.07,119.77,118.57,119.25,119.66,193328,2415360199.92,0.5,-0.34
2025-07-14,五粮液,000858,118.61,119.79,117.65,119.66,118.55,219140,2734366850.91,0.56,0.94
2025-07-11,五粮液,000858,116.82,119.23,116.47,118.55,116.83,287189,3562808114.22,0.74,1.47
2025-07-10,五粮液,000858,115.28,117.13,115.15,116.83,115.85,162716,1983620003.9,0.42,0.85
2025-07-09,五粮液,000858,115.08,117.1,114.74,115.85,115.03,203496,2482658941.47,0.52,0.71
2025-07-08,五粮液,000858,114.1,115.12,114.08,115.03,114.16,116631,1404970363.01,0.3,0.76
2025-07-07,五粮液,000858,114.46,114.77,114.06,114.16,114.64,85811,1030097660.83,0.22,-0.42
2025-07-04,五粮液,000858,113.54,115.0,113.44,114.64,113.87,170679,2049279008.08,0.44,0.68
2025-07-03,五粮液,000858,113.43,114.08,113.15,113.87,113.43,122430,1463537870.11,0.32,0.39
2025-07-02,五粮液,000858,112.88,114.15,112.76,113.43,112.88,154477,1840968959.54,0.4,0.49
2025-07-01,五粮液,000858,113.24,113.24,112.53,112.88,113.15,122183,1449250746.04,0.31,-0.24
2025-06-30,五粮液,000858,113.43,113.83,112.53,113.15,113.43,223680,2660701232.46,0.58,-0.25
2025-06-27,五粮液,000858,113.96,114.18,113.29,113.43,113.98,160216,1913691951.75,0.41,-0.48
2025-06-26,五粮液,000858,114.36,114.89,113.88,113.98,114.43,166373,1997480065.35,0.43,-0.39
2025-06-25,五粮液,000858,114.25,114.47,113.13,114.43,114.0,178647,2135738739.04,0.46,0.38
2025-06-24,五粮液,000858,112.82,114.24,112.65,114.0,112.53,178958,2138966777.28,0.46,1.31
2025-06-23,五粮液,000858,113.15,113.34,112.04,112.53,113.81,173387,2053039386.25,0.45,-1.12
2025-06-20,五粮液,000858,111.75,114.25,111.63,113.81,111.53,296814,3536127314.97,0.76,2.04
2025-06-19,五粮液,000858,111.8,112.7,111.35,111.53,112.58,163572,1926506404.1,0.42,-0.93
2025-06-18,五粮液,000858,112.94,113.69,112.12,112.58,111.96,200491,2378709213.87,0.52,0.55
2025-06-17,五粮液,000858,112.46,113.09,111.68,111.96,112.52,196502,2316678379.7,0.51,-0.5
2025-06-16,五粮液,000858,112.08,112.69,111.25,112.52,113.37,271489,3192006584.9,0.7,-0.75
2025-06-13,五粮液,000858,116.14,116.15,113.27,113.37,116.75,366962,4395342693.8,0.95,-2.9
2025-06-12,五粮液,000858,118.75,118.8,116.63,116.75,118.95,380660,4680660151.56,0.98,-1.85
2025-06-11,五粮液,000858,118.65,119.45,118.45,118.95,118.64,145473,1816144261.52,0.37,0.26
2025-06-10,五粮液,000858,119.05,119.35,118.53,118.64,119.21,171053,2132365672.41,0.44,-0.48
2025-06-09,五粮液,000858,119.34,119.45,118.86,119.21,119.34,198429,2477799331.4,0.51,-0.11
2025-06-06,五粮液,000858,119.22,120.1,118.95,119.34,119.28,118885,1488927363.02,0.31,0.05
2025-06-05,五粮液,000858,118.8,119.75,118.44,119.28,118.8,202312,2525601313.34,0.52,0.4
2025-06-04,五粮液,000858,118.93,119.47,118.35,118.8,118.93,193503,2410315627.36,0.5,-0.11
2025-06-03,五粮液,000858,119.43,119.8,118.82,118.93,120.69,237483,2965933456.49,0.61,-1.46
2025-05-30,五粮液,000858,121.25,121.8,120.25,120.69,121.57,146828,1858195533.38,0.38,-0.72
2025-05-29,五粮液,000858,120.85,121.75,120.15,121.57,121.17,160347,2036182267.96,0.41,0.33
2025-05-28,五粮液,000858,120.55,121.38,119.75,121.17,120.41,181385,2291200545.2,0.47,0.63
2025-05-27,五粮液,000858,120.53,121.2,120.14,120.41,120.66,151268,1908812014.26,0.39,-0.21
2025-05-26,五粮液,000858,122.22,122.4,120.14,120.66,122.4,273615,3460707609.17,0.7,-1.42
2025-05-23,五粮液,000858,123.3,123.91,122.4,122.4,123.34,150380,1937195759.85,0.39,-0.76
2025-05-22,五粮液,000858,123.52,123.72,123.09,123.34,123.51,96055,1239750922.27,0.25,-0.14
2025-05-21,五粮液,000858,123.38,124.13,123.25,123.51,123.38,141693,1832618626.67,0.37,0.11
2025-05-20,五粮液,000858,123.25,123.88,123.12,123.38,123.55,159369,2058475919.06,0.41,-0.14
2025-05-19,五粮液,000858,123.45,124.35,123.13,123.55,125.33,237008,3062514441.1,0.61,-1.42
2025-05-16,五粮液,000858,127.63,127.84,125.3,125.33,127.92,173543,2288769532.38,0.45,-2.02
2025-05-15,五粮液,000858,129.26,129.84,127.86,127.92,129.51,144944,1947912220.54,0.37,-1.23
2025-05-14,五粮液,000858,126.96,131.43,126.42,129.51,127.24,291490,3932377808.04,0.75,1.78
2025-05-13,五粮液,000858,127.91,127.91,126.68,127.24,127.22,120395,1599600056.05,0.31,0.02
2025-05-12,五粮液,000858,126.25,127.5,125.75,127.22,125.83,164560,2182417151.11,0.42,1.1
2025-05-09,五粮液,000858,126.05,126.35,125.26,125.83,126.05,110548,1454604448.26,0.28,-0.17
2025-05-08,五粮液,000858,123.96,127.25,123.53,126.05,124.24,208023,2735442055.08,0.54,1.46
2025-05-07,五粮液,000858,125.15,126.06,124.05,124.24,123.74,152470,1990960978.19,0.39,0.4
2025-05-06,五粮液,000858,123.25,123.8,122.32,123.74,122.95,146349,1889145118.08,0.38,0.64
2025-04-30,五粮液,000858,123.86,124.55,122.92,122.95,123.8,146627,1893634510.76,0.38,-0.69
2025-04-29,五粮液,000858,124.4,124.85,123.54,123.8,125.1,124796,1619377345.3,0.32,-1.04
2025-04-28,五粮液,000858,124.36,125.91,124.15,125.1,123.3,185045,2422404104.72,0.48,1.46
2025-04-25,五粮液,000858,123.45,124.47,123.21,123.3,123.31,107183,1388082599.75,0.28,-0.01
2025-04-24,五粮液,000858,124.05,124.45,123.26,123.31,124.22,131524,1703623363.71,0.34,-0.73
2025-04-23,五粮液,000858,124.73,124.95,123.8,124.22,124.35,95944,1246940578.83,0.25,-0.1
2025-04-22,五粮液,000858,124.45,124.99,123.75,124.35,124.59,115855,1507639703.83,0.3,-0.19
2025-04-21,五粮液,000858,125.84,126.25,124.39,124.59,126.0,144364,1887006445.39,0.37,-1.12
2025-04-18,五粮液,000858,126.26,126.82,125.46,126.0,126.78,89478,1179998315.8,0.23,-0.62
2025-04-17,五粮液,000858,125.58,127.24,125.25,126.78,126.55,152923,2022126157.58,0.39,0.18
2025-04-16,五粮液,000858,125.05,126.8,123.93,126.55,125.6,166680,2177739510.25,0.43,0.76
2025-04-15,五粮液,000858,125.25,125.7,124.33,125.6,125.29,114825,1502439501.46,0.3,0.25
2025-04-14,五粮液,000858,125.75,126.92,125.26,125.29,125.85,125781,1655429086.36,0.32,-0.44
2025-04-11,五粮液,000858,126.45,127.72,124.83,125.85,127.4,174293,2296050286.07,0.45,-1.22
2025-04-10,五粮液,000858,126.55,127.74,124.75,127.4,126.5,233106,3091985054.75,0.6,0.71
2025-04-09,五粮液,000858,123.75,127.09,123.6,126.5,125.01,296999,3910869674.7,0.77,1.19
2025-04-08,五粮液,000858,121.03,125.49,121.03,125.01,121.03,331857,4295611989.98,0.85,3.29
2025-04-07,五粮液,000858,122.75,124.7,118.05,121.03,126.25,463093,5889478917.85,1.19,-4.13
2025-04-03,五粮液,000858,123.8,127.73,123.64,126.25,125.4,165623,2187566525.17,0.43,0.68
2025-04-02,五粮液,000858,126.12,126.8,125.31,125.4,126.04,101025,1328718376.94,0.26,-0.51
2025-04-01,五粮液,000858,125.68,126.5,125.39,126.04,125.6,121705,1602816956.68,0.31,0.35
2025-03-31,五粮液,000858,127.46,127.63,125.6,125.6,127.48,144855,1912983576.96,0.37,-1.47
2025-03-28,五粮液,000858,128.33,128.5,126.65,127.48,128.15,120996,1610808297.34,0.31,-0.52
2025-03-27,五粮液,000858,127.33,129.02,126.75,128.15,127.6,140866,1882916851.12,0.36,0.43
2025-03-26,五粮液,000858,127.79,128.13,127.14,127.6,127.81,108826,1452491544.38,0.28,-0.16
2025-03-25,五粮液,000858,128.85,128.95,126.85,127.81,128.56,175671,2342967012.6,0.45,-0.58
2025-03-24,五粮液,000858,128.31,129.18,127.28,128.56,128.85,180489,2417592735.64,0.47,-0.23
2025-03-21,五粮液,000858,129.95,131.75,128.44,128.85,130.24,197130,2669031188.2,0.51,-1.07
2025-03-20,五粮液,000858,133.13,133.25,130.11,130.24,133.17,228722,3130766821.03,0.59,-2.2
2025-03-19,五粮液,000858,133.8,135.04,132.61,133.17,133.8,168157,2339543020.11,0.43,-0.47
2025-03-18,五粮液,000858,134.47,134.8,132.97,133.8,134.09,186735,2608207824.85,0.48,-0.22
2025-03-17,五粮液,000858,136.65,137.21,133.63,134.09,135.05,387730,5457575155.24,1.0,-0.71
2025-03-14,五粮液,000858,127.25,136.23,127.25,135.05,126.64,765516,10604804482.24,1.97,6.64
2025-03-13,五粮液,000858,127.22,128.57,126.5,126.64,127.22,167923,2233018514.76,0.43,-0.46
2025-03-12,五粮液,000858,129.55,130.46,126.87,127.22,129.45,288018,3844719011.93,0.74,-1.72
2025-03-11,五粮液,000858,125.76,129.46,125.71,129.45,126.94,321036,4304327283.42,0.83,1.98
2025-03-10,五粮液,000858,128.75,128.75,125.91,126.94,129.05,206353,2735377365.74,0.53,-1.64
2025-03-07,五粮液,000858,125.45,129.05,125.16,129.05,125.93,340073,4536723523.12,0.88,2.48
2025-03-06,五粮液,000858,123.58,126.05,122.9,125.93,122.86,235857,3075149470.14,0.61,2.5
2025-03-05,五粮液,000858,124.0,124.25,121.87,122.86,124.0,199366,2558423708.32,0.51,-0.92
2025-03-04,五粮液,000858,124.31,124.61,122.96,124.0,125.09,149348,1933207043.52,0.38,-0.87
2025-03-03,五粮液,000858,125.83,129.85,124.6,125.09,125.83,210355,2780161096.24,0.54,-0.59
2025-02-28,五粮液,000858,126.85,129.95,125.75,125.83,127.0,337202,4510232386.21,0.87,-0.92
2025-02-27,五粮液,000858,124.24,127.34,124.05,127.0,124.05,370795,4909364775.13,0.96,2.38
2025-02-26,五粮液,000858,122.96,124.05,122.35,124.05,123.0,179243,2311292299.8,0.46,0.85
2025-02-25,五粮液,000858,125.13,125.17,122.83,123.0,126.15,221901,2872796622.15,0.57,-2.5
2025-02-24,五粮液,000858,125.15,127.74,124.61,126.15,125.37,244392,3229422469.21,0.63,0.62
2025-02-21,五粮液,000858,124.85,126.91,124.18,125.37,124.75,210017,2756687286.09,0.54,0.5
2025-02-20,五粮液,000858,124.64,127.04,124.55,124.75,125.36,132530,1737767288.45,0.34,-0.49
2025-02-19,五粮液,000858,124.45,125.75,123.59,125.36,124.45,153642,2003027066.45,0.4,0.73
2025-02-18,五粮液,000858,125.73,126.64,123.61,124.45,125.8,185961,2435399272.53,0.48,-1.07
2025-02-17,五粮液,000858,126.14,127.78,125.34,125.8,125.48,205078,2710093082.35,0.53,0.26
2025-02-14,五粮液,000858,124.8,126.45,124.35,125.48,125.76,218107,2857398901.05,0.56,-0.22
2025-02-13,五粮液,000858,121.97,126.25,121.5,125.76,121.95,467626,6110655128.57,1.2,3.12
2025-02-12,五粮液,000858,120.51,121.96,119.85,121.95,120.51,177353,2240677199.26,0.46,1.19
2025-02-11,五粮液,000858,121.85,122.32,119.97,120.51,121.78,176002,2221320156.48,0.45,-1.04
2025-02-10,五粮液,000858,121.93,122.45,121.15,121.78,121.88,136546,1740615096.16,0.35,-0.08
2025-02-07,五粮液,000858,120.25,123.13,119.37,121.88,120.15,232473,2960433850.16,0.6,1.44
2025-02-06,五粮液,000858,119.05,120.64,118.94,120.15,119.26,138191,1734038681.57,0.36,0.75
2025-02-05,五粮液,000858,121.8,122.13,118.76,119.26,121.45,186916,2343981886.2,0.48,-1.8
2025-01-27,五粮液,000858,122.25,122.8,121.35,121.45,121.97,126535,1616070922.73,0.33,-0.43
2025-01-24,五粮液,000858,122.05,122.83,120.74,121.97,122.9,189436,2418169298.34,0.49,-0.76
2025-01-23,五粮液,000858,123.25,125.24,122.72,122.9,122.03,184489,2387735894.45,0.48,0.71
2025-01-22,五粮液,000858,124.63,124.68,121.81,122.03,125.07,174182,2277963645.97,0.45,-2.43
2025-01-21,五粮液,000858,126.53,126.68,124.48,125.07,125.98,132797,1774069694.68,0.34,-0.72
2025-01-20,五粮液,000858,124.56,127.17,124.41,125.98,123.98,194174,2611169665.15,0.5,1.61
2025-01-17,五粮液,000858,123.68,125.56,123.23,123.98,123.16,152450,2021963286.68,0.39,0.67
2025-01-16,五粮液,000858,125.08,125.98,122.74,123.16,124.45,163096,2160311225.44,0.42,-1.04
2025-01-15,五粮液,000858,124.98,125.36,123.9,124.45,124.7,128123,1701391089.62,0.33,-0.2
2025-01-14,五粮液,000858,120.98,124.98,120.58,124.7,120.88,228625,3014664381.32,0.59,3.16
2025-01-13,五粮液,000858,119.0,121.18,118.64,120.88,120.28,121491,1562285331.23,0.31,0.5
2025-01-10,五粮液,000858,122.18,122.51,120.28,120.28,122.26,135378,1753729758.88,0.35,-1.62
2025-01-09,五粮液,000858,121.59,124.03,119.83,122.26,121.38,159183,2080588918.09,0.41,0.72
2025-01-08,五粮液,000858,122.54,123.42,119.7,121.38,122.53,192876,2504007320.49,0.5,-0.94
2025-01-07,五粮液,000858,122.88,123.34,121.28,122.53,122.51,190187,2478571210.2,0.49,0.02
2025-01-06,五粮液,000858,123.58,125.64,122.06,122.51,127.08,279430,3679523519.83,0.72,-3.6
2025-01-03,五粮液,000858,128.76,129.64,126.43,127.08,128.67,168230,2295817771.8,0.43,-1.24
2025-01-02,五粮液,000858,131.68,131.68,127.98,128.67,131.72,255647,3517884975.58,0.66,-2.32
2024-12-31,五粮液,000858,132.9,135.28,131.69,131.72,132.89,245219,3472955734.44,0.63,-0.88
2024-12-30,五粮液,000858,133.7,134.85,132.68,132.89,134.2,163672,2320655236.7,0.42,-0.98
2024-12-27,五粮液,000858,134.28,134.63,133.25,134.2,134.17,134451,1912027992.9,0.35,0.02
2024-12-26,五粮液,000858,134.8,134.91,133.53,134.17,134.76,104768,1493951272.06,0.27,-0.44
2024-12-25,五粮液,000858,135.16,135.56,134.26,134.76,135.16,96140,1376290843.2,0.25,-0.3
2024-12-24,五粮液,000858,134.03,135.18,133.39,135.16,134.13,143330,2045707407.6,0.37,0.77
2024-12-23,五粮液,000858,134.0,135.62,133.93,134.13,134.89,142601,2039345026.45,0.37,-0.56
2024-12-20,五粮液,000858,135.38,136.15,134.4,134.89,135.23,172836,2479372352.39,0.45,-0.25
2024-12-19,五粮液,000858,135.78,136.09,134.99,135.23,136.88,151982,2184469847.63,0.39,-1.21
2024-12-18,五粮液,000858,136.68,137.96,136.24,136.88,136.57,120676,1755251344.92,0.31,0.23
2024-12-17,五粮液,000858,136.26,138.43,135.28,136.57,136.27,159493,2318651653.82,0.41,0.22
2024-12-16,五粮液,000858,139.71,139.72,135.7,136.27,139.72,264773,3846200007.75,0.68,-2.47
2024-12-13,五粮液,000858,142.03,142.36,139.68,139.72,143.5,284227,4230330395.73,0.73,-2.63
2024-12-12,五粮液,000858,141.12,143.68,140.15,143.5,141.08,253653,3819524049.44,0.65,1.72
2024-12-11,五粮液,000858,139.7,143.18,139.7,141.08,140.78,199993,2993662412.56,0.52,0.21
2024-12-10,五粮液,000858,144.68,146.56,140.58,140.78,137.44,463263,7021977459.73,1.19,2.43
2024-12-09,五粮液,000858,138.13,139.09,136.83,137.44,138.12,145424,2124782350.84,0.37,-0.49
2024-12-06,五粮液,000858,136.34,139.68,136.34,138.12,136.71,187546,2745488834.28,0.48,1.03
2024-12-05,五粮液,000858,136.68,137.34,136.19,136.71,137.41,103210,1496758490.67,0.27,-0.51
2024-12-04,五粮液,000858,138.58,138.62,136.45,137.41,138.67,148434,2161996959.31,0.38,-0.91
2024-12-03,五粮液,000858,139.38,139.45,137.88,138.67,139.08,140143,2059980757.04,0.36,-0.29
2024-12-02,五粮液,000858,138.81,140.11,137.24,139.08,138.45,179764,2645657930.73,0.46,0.46
2024-11-29,五粮液,000858,136.7,141.37,136.08,138.45,135.68,287278,4234632625.5,0.74,2.04
2024-11-28,五粮液,000858,136.68,138.63,135.48,135.68,138.73,190454,2760020463.69,0.49,-2.2
2024-11-27,五粮液,000858,136.45,139.57,135.26,138.73,136.48,200250,2921829639.85,0.52,1.65
2024-11-26,五粮液,000858,135.18,138.28,134.18,136.48,135.48,175358,2539251070.42,0.45,0.74
2024-11-25,五粮液,000858,137.57,138.86,134.38,135.48,136.57,191690,2771219117.26,0.49,-0.8
2024-11-22,五粮液,000858,141.08,141.69,136.33,136.57,141.18,189425,2785311385.17,0.49,-3.27
2024-11-21,五粮液,000858,140.68,141.78,139.84,141.18,141.28,114461,1706377342.04,0.29,-0.07
2024-11-20,五粮液,000858,140.13,142.07,138.88,141.28,140.13,149815,2233265261.15,0.39,0.82
2024-11-19,五粮液,000858,141.24,142.32,136.98,140.13,141.01,233413,3447738671.24,0.6,-0.62
2024-11-18,五粮液,000858,142.96,145.04,140.68,141.01,142.97,209861,3164795002.82,0.54,-1.37
2024-11-15,五粮液,000858,145.16,145.81,142.23,142.97,145.17,255443,3894476942.73,0.66,-1.52
2024-11-14,五粮液,000858,144.79,147.56,143.83,145.17,145.62,217928,3357496177.85,0.56,-0.31
2024-11-13,五粮液,000858,144.68,147.01,144.34,145.62,145.98,194334,2990077534.77,0.5,-0.25
2024-11-12,五粮液,000858,146.5,150.68,145.33,145.98,146.5,351347,5496005682.15,0.91,-0.35
2024-11-11,五粮液,000858,145.03,146.53,142.88,146.5,148.15,366012,5603393228.05,0.94,-1.11
2024-11-08,五粮液,000858,155.68,156.28,147.68,148.15,153.92,567474,9025428027.87,1.46,-3.75
2024-11-07,五粮液,000858,141.72,154.7,141.51,153.92,142.93,671872,10602928042.25,1.73,7.69
2024-11-06,五粮液,000858,144.44,144.68,140.83,142.93,144.48,302066,4568777903.38,0.78,-1.07
2024-11-05,五粮液,000858,139.68,144.67,138.48,144.48,140.28,320318,4839032609.09,0.83,2.99
2024-11-04,五粮液,000858,140.18,140.89,137.76,140.28,139.6,205052,3030626417.3,0.53,0.49
2024-11-01,五粮液,000858,137.4,142.48,137.4,139.6,138.51,227192,3379402017.88,0.59,0.79
2024-10-31,五粮液,000858,138.68,140.88,137.09,138.51,140.48,269441,3957475706.73,0.69,-1.4
2024-10-30,五粮液,000858,140.68,142.99,138.98,140.48,142.48,211870,3158474275.2,0.55,-1.4
2024-10-29,五粮液,000858,145.65,148.56,142.08,142.48,145.65,303158,4641639291.51,0.78,-2.18
2024-10-28,五粮液,000858,140.69,145.68,138.35,145.65,139.79,438110,6649586215.49,1.13,4.19
2024-10-25,五粮液,000858,137.14,141.55,137.14,139.79,138.14,198055,2926843948.56,0.51,1.19
2024-10-24,五粮液,000858,138.48,140.18,137.79,138.14,140.21,186420,2743177643.67,0.48,-1.48
2024-10-23,五粮液,000858,137.15,141.21,135.68,140.21,137.12,358138,5277833035.92,0.92,2.25
2024-10-22,五粮液,000858,134.48,138.13,133.89,137.12,134.69,304663,4419839157.54,0.78,1.8
2024-10-21,五粮液,000858,135.67,137.18,132.78,134.69,134.68,295765,4223086214.96,0.76,0.01
2024-10-18,五粮液,000858,128.69,137.24,128.04,134.68,129.63,441443,6206988496.45,1.14,3.9
2024-10-17,五粮液,000858,134.18,134.6,129.57,129.63,133.33,282508,3957974225.62,0.73,-2.78
2024-10-16,五粮液,000858,133.68,135.97,131.76,133.33,135.68,312272,4430542144.18,0.8,-1.73
2024-10-15,五粮液,000858,141.68,141.78,135.68,135.68,141.44,329702,4840842560.33,0.85,-4.07
2024-10-14,五粮液,000858,142.68,142.68,137.69,141.44,141.33,334966,4986283992.84,0.86,0.08
2024-10-11,五粮液,000858,141.68,145.0,139.68,141.33,143.66,285158,4283807927.93,0.73,-1.62
2024-10-10,五粮液,000858,139.35,147.21,139.35,143.66,139.36,600601,9164464306.6,1.55,3.09
2024-10-09,五粮液,000858,151.68,151.68,139.34,139.36,155.73,815469,12409184179.14,2.1,-10.51
2024-10-08,五粮液,000858,170.44,170.44,147.23,155.73,154.19,1306806,22218231044.69,3.37,1.0
2024-09-30,五粮液,000858,147.7,154.19,144.38,154.19,139.42,986201,15752197755.52,2.54,10.59
2024-09-27,五粮液,000858,133.48,139.42,130.21,139.42,125.99,864577,12438562566.83,2.23,10.66
2024-09-26,五粮液,000858,113.78,125.99,113.59,125.99,113.78,664534,8594482227.56,1.71,10.73
2024-09-25,五粮液,000858,115.28,117.3,113.56,113.78,112.04,417189,5168860913.22,1.07,1.55
2024-09-24,五粮液,000858,106.58,112.08,105.19,112.04,103.97,473469,5559354900.52,1.22,7.76
2024-09-23,五粮液,000858,102.59,105.47,102.08,103.97,101.96,203712,2298355085.44,0.52,1.97
2024-09-20,五粮液,000858,101.81,102.53,100.28,101.96,102.58,196681,2158043124.56,0.51,-0.6
2024-09-19,五粮液,000858,99.41,104.54,98.01,102.58,99.37,318181,3511889907.71,0.82,3.23
2024-09-18,五粮液,000858,99.93,101.25,98.89,99.37,100.88,177639,1916365125.08,0.46,-1.5
2024-09-13,五粮液,000858,104.98,104.98,100.88,100.88,105.04,311531,3444726618.29,0.8,-3.96
2024-09-12,五粮液,000858,107.68,108.06,105.04,105.04,107.69,169848,1945710693.73,0.44,-2.46
2024-09-11,五粮液,000858,107.48,108.75,106.68,107.69,108.11,76591,888345206.8,0.2,-0.39
2024-09-10,五粮液,000858,107.9,109.94,107.58,108.11,107.9,106050,1237792376.22,0.27,0.19
2024-09-09,五粮液,000858,108.58,109.17,107.2,107.9,109.21,111587,1296332675.27,0.29,-1.2
2024-09-06,五粮液,000858,111.18,111.18,109.18,109.21,111.23,77722,920196138.14,0.2,-1.82
2024-09-05,五粮液,000858,110.78,111.56,110.18,111.23,110.79,82795,987295999.11,0.21,0.4
2024-09-04,五粮液,000858,111.01,112.48,110.71,110.79,112.0,84692,1011886744.1,0.22,-1.08
2024-09-03,五粮液,000858,110.76,113.15,110.68,112.0,110.68,127984,1538909785.99,0.33,1.19
2024-09-02,五粮液,000858,113.68,113.99,110.68,110.68,114.71,177555,2134586803.91,0.46,-3.51
2024-08-30,五粮液,000858,109.68,116.34,108.46,114.71,110.46,337798,4114623948.37,0.87,3.85
2024-08-29,五粮液,000858,107.18,111.97,106.81,110.46,105.68,300256,3546177235.89,0.77,4.52
2024-08-28,五粮液,000858,108.68,108.68,104.6,105.68,109.38,247292,2821002956.19,0.64,-3.38
2024-08-27,五粮液,000858,109.38,109.88,107.23,109.38,109.8,156609,1831272407.47,0.4,-0.38
2024-08-26,五粮液,000858,112.66,113.55,109.72,109.8,112.79,204010,2429417311.3,0.53,-2.65
2024-08-23,五粮液,000858,112.28,113.78,112.2,112.79,112.67,88988,1078393647.25,0.23,0.11
2024-08-22,五粮液,000858,113.89,114.07,111.64,112.67,113.88,185285,2234186007.82,0.48,-1.06
2024-08-21,五粮液,000858,114.48,114.82,113.78,113.88,114.83,97108,1189648677.41,0.25,-0.83
2024-08-20,五粮液,000858,115.63,115.68,114.34,114.83,115.63,109852,1352259414.56,0.28,-0.69
2024-08-19,五粮液,000858,116.68,118.68,115.58,115.63,116.69,138759,1732841551.47,0.36,-0.91
2024-08-16,五粮液,000858,116.18,117.05,115.26,116.69,116.63,97267,1211693479.26,0.25,0.05
2024-08-15,五粮液,000858,115.7,117.83,115.54,116.63,116.01,111623,1395432331.9,0.29,0.53
2024-08-14,五粮液,000858,117.18,117.27,115.57,116.01,117.28,94947,1181885782.0,0.24,-1.08
2024-08-13,五粮液,000858,119.27,119.64,116.8,117.28,119.39,124517,1567828596.93,0.32,-1.77
2024-08-12,五粮液,000858,119.18,120.17,118.8,119.39,119.76,73108,934639850.56,0.19,-0.31
2024-08-09,五粮液,000858,121.18,121.68,119.42,119.76,120.03,158468,2041741165.9,0.41,-0.22
2024-08-08,五粮液,000858,118.16,121.35,117.63,120.03,118.68,200131,2559755533.74,0.52,1.14
2024-08-07,五粮液,000858,117.68,119.26,116.98,118.68,117.58,132591,1678186222.67,0.34,0.94
2024-08-06,五粮液,000858,118.2,119.68,117.06,117.58,117.68,153473,1940983188.7,0.4,-0.08
2024-08-05,五粮液,000858,115.38,119.68,115.28,117.68,115.38,241892,3060405977.49,0.62,1.99
2024-08-02,五粮液,000858,114.68,116.2,114.56,115.38,115.68,99502,1231884912.06,0.26,-0.26
2024-08-01,五粮液,000858,118.55,118.63,115.56,115.68,118.54,174739,2180765965.31,0.45,-2.41
2024-07-31,五粮液,000858,114.36,119.86,114.34,118.54,114.97,260579,3286415866.78,0.67,3.11
2024-07-30,五粮液,000858,114.68,115.98,113.16,114.97,115.78,207253,2538151160.57,0.53,-0.7
2024-07-29,五粮液,000858,117.68,118.38,115.78,115.78,117.88,139364,1745197563.84,0.36,-1.78
2024-07-26,五粮液,000858,117.68,119.06,116.78,117.88,117.46,114215,1439101532.43,0.29,0.36
2024-07-25,五粮液,000858,116.78,118.34,116.78,117.46,117.74,118141,1485089890.16,0.3,-0.24
2024-07-24,五粮液,000858,118.26,119.38,117.18,117.74,118.48,143650,1813586525.01,0.37,-0.62
2024-07-23,五粮液,000858,122.69,123.19,118.48,118.48,122.9,197564,2540829813.49,0.51,-3.6
2024-07-22,五粮液,000858,125.08,125.63,122.68,122.9,125.1,156429,2065619592.12,0.4,-1.76
2024-07-19,五粮液,000858,122.36,125.17,121.46,125.1,122.78,190244,2517623683.32,0.49,1.89
2024-07-18,五粮液,000858,121.72,124.68,121.71,122.78,122.44,185917,2444968667.24,0.48,0.28
2024-07-17,五粮液,000858,118.68,122.67,118.05,122.44,119.16,228842,2960415563.93,0.59,2.75
2024-07-16,五粮液,000858,118.41,119.78,117.48,119.16,119.18,154689,1967032427.83,0.4,-0.02
2024-07-15,五粮液,000858,118.68,121.04,118.26,119.18,119.08,119738,1532479885.12,0.31,0.08
2024-07-12,五粮液,000858,118.36,119.47,117.33,119.08,117.49,189387,2401467289.18,0.49,1.35
2024-07-11,五粮液,000858,114.51,118.51,114.18,117.49,113.55,257796,3349449291.3,0.66,3.47
2024-07-10,五粮液,000858,113.51,115.47,113.19,113.55,114.08,154572,1964272870.02,0.4,-0.46
2024-07-09,五粮液,000858,112.92,115.21,112.19,114.08,112.92,195404,2475816884.36,0.5,1.03
2024-07-08,五粮液,000858,115.99,116.21,112.23,112.92,115.96,207455,2630909852.06,0.53,-2.62
2024-07-05,五粮液,000858,117.6,118.98,115.15,115.96,117.6,139413,1803448224.62,0.36,-1.39
2024-07-04,五粮液,000858,118.01,119.41,117.04,117.6,118.01,100495,1315554603.88,0.26,-0.35
2024-07-03,五粮液,000858,118.57,119.71,117.11,118.01,118.57,124277,1631928152.24,0.32,-0.47
2024-07-02,五粮液,000858,114.71,119.69,114.51,118.57,115.31,247479,3244049457.35,0.64,2.83
2024-07-01,五粮液,000858,115.21,116.17,113.01,115.31,115.05,154335,1964232828.84,0.4,0.23
2024-06-28,五粮液,000858,116.0,117.5,114.57,115.05,116.66,156899,2019328025.78,0.4,-1.38
2024-06-27,五粮液,000858,118.34,118.38,115.73,116.66,118.31,122646,1587676455.09,0.32,-1.39
2024-06-26,五粮液,000858,117.41,119.19,117.36,118.31,118.52,102212,1341298503.07,0.26,-0.18
2024-06-25,五粮液,000858,118.81,120.3,117.61,118.52,118.04,177152,2341480948.41,0.46,0.41
2024-06-24,五粮液,000858,113.03,119.68,112.61,118.04,117.21,239235,3102546742.54,0.62,0.71
2024-06-21,五粮液,000858,119.02,119.87,115.81,117.21,119.21,213886,2781028408.8,0.55,-1.68
2024-06-20,五粮液,000858,121.11,122.08,119.19,119.21,121.23,126192,1679993028.77,0.33,-1.67
2024-06-19,五粮液,000858,121.19,122.31,119.84,121.23,120.9,137045,1839596879.53,0.35,0.27
2024-06-18,五粮液,000858,122.01,124.35,120.43,120.9,122.74,202981,2740736863.24,0.52,-1.5
2024-06-17,五粮液,000858,121.41,123.17,118.31,122.74,122.69,246272,3299559711.36,0.63,0.04
2024-06-14,五粮液,000858,121.21,122.71,119.1,122.69,121.57,287219,3851661909.41,0.74,0.92
2024-06-13,五粮液,000858,124.9,125.11,121.45,121.57,124.91,243623,3301287598.42,0.63,-2.67
2024-06-12,五粮液,000858,125.11,126.84,124.56,124.91,125.49,154524,2136862848.64,0.4,-0.46
2024-06-11,五粮液,000858,128.41,128.41,125.01,125.49,129.35,206655,2873140131.85,0.53,-2.98
2024-06-07,五粮液,000858,132.51,132.56,128.91,129.35,131.91,158693,2266797197.91,0.41,-1.94
2024-06-06,五粮液,000858,133.02,133.63,131.07,131.91,132.77,127309,1844855885.91,0.33,-0.65
2024-06-05,五粮液,000858,134.73,135.01,132.66,132.77,134.79,111148,1629419453.81,0.29,-1.5
2024-06-04,五粮液,000858,132.99,135.11,132.51,134.79,132.99,103021,1514138600.83,0.27,1.35
2024-06-03,五粮液,000858,133.9,134.26,131.66,132.99,133.71,140930,2051213337.61,0.36,-0.54
2024-05-31,五粮液,000858,133.91,135.0,133.61,133.71,133.27,131412,1934209403.16,0.34,0.33
2024-05-30,五粮液,000858,135.96,135.96,132.92,133.27,136.22,161111,2363289777.56,0.42,-2.17
2024-05-29,五粮液,000858,137.06,138.0,135.87,136.22,137.04,91024,1363621239.51,0.23,-0.6
2024-05-28,五粮液,000858,138.61,138.95,137.01,137.04,138.59,103874,1566391577.67,0.27,-1.12
2024-05-27,五粮液,000858,138.15,139.31,137.59,138.59,138.16,101567,1535721670.47,0.26,0.31
2024-05-24,五粮液,000858,139.87,140.14,138.01,138.16,140.61,112039,1700150955.41,0.29,-1.74
2024-05-23,五粮液,000858,142.01,142.98,140.33,140.61,142.13,89889,1383814569.83,0.23,-1.07
2024-05-22,五粮液,000858,143.02,143.42,141.28,142.13,143.55,108478,1682580309.16,0.28,-0.99
2024-05-21,五粮液,000858,143.81,144.19,142.1,143.55,144.31,88037,1374785552.74,0.23,-0.53
2024-05-20,五粮液,000858,143.41,146.81,143.41,144.31,143.42,193736,3066112975.96,0.5,0.62
2024-05-17,五粮液,000858,141.01,143.44,140.22,143.42,141.06,161843,2509981114.04,0.42,1.67
2024-05-16,五粮液,000858,138.71,142.09,137.72,141.06,138.38,149376,2289335629.06,0.38,1.94
2024-05-15,五粮液,000858,138.34,138.84,137.51,138.38,138.35,78428,1186554216.77,0.2,0.02
2024-05-14,五粮液,000858,138.11,138.86,137.04,138.35,138.11,113455,1713073765.3,0.29,0.17
2024-05-13,五粮液,000858,139.81,139.99,137.28,138.11,141.44,172628,2608851173.05,0.44,-2.35
2024-05-10,五粮液,000858,142.01,142.9,139.81,141.44,141.85,102514,1579216046.17,0.26,-0.29
2024-05-09,五粮液,000858,141.34,142.7,140.74,141.85,142.01,113275,1750315446.51,0.29,-0.11
2024-05-08,五粮液,000858,142.99,143.33,141.36,142.01,142.95,101074,1567926317.44,0.26,-0.66
2024-05-07,五粮液,000858,142.01,143.43,140.56,142.95,142.02,145500,2265634112.41,0.37,0.65
2024-05-06,五粮液,000858,140.45,145.34,140.41,142.02,137.44,316796,4940155160.96,0.82,3.33
2024-04-30,五粮液,000858,139.31,140.5,137.44,137.44,138.76,155296,2359135139.91,0.4,-0.95
2024-04-29,五粮液,000858,138.01,143.57,137.02,138.76,139.26,275385,4217464058.74,0.71,-0.36
2024-04-26,五粮液,000858,136.21,139.71,136.21,139.26,135.99,179462,2719514005.5,0.46,2.4
2024-04-25,五粮液,000858,135.51,136.36,134.03,135.99,135.99,100776,1496358807.6,0.26,0.0
2024-04-24,五粮液,000858,134.94,136.21,133.01,135.99,134.04,142251,2103883224.01,0.37,1.45
2024-04-23,五粮液,000858,131.01,134.5,130.98,134.04,131.57,171712,2507417591.46,0.44,1.88
2024-04-22,五粮液,000858,129.91,133.49,129.91,131.57,129.91,140366,2035476601.31,0.36,1.28
2024-04-19,五粮液,000858,130.99,131.51,129.0,129.91,131.99,127262,1818608488.11,0.33,-1.58
2024-04-18,五粮液,000858,131.08,133.79,130.31,131.99,132.31,152453,2213439016.53,0.39,-0.24
2024-04-17,五粮液,000858,131.54,132.55,130.81,132.31,131.98,137023,1982007044.08,0.35,0.25
2024-04-16,五粮液,000858,133.61,134.17,131.32,131.98,134.33,135678,1976125482.89,0.35,-1.75
2024-04-15,五粮液,000858,127.61,134.99,127.07,134.33,127.5,254292,3701903874.94,0.66,5.36
2024-04-12,五粮液,000858,129.01,130.46,127.11,127.5,129.35,134073,1895837989.01,0.35,-1.43
2024-04-11,五粮液,000858,129.61,129.67,127.61,129.35,130.13,159943,2264027608.89,0.41,-0.6
2024-04-10,五粮液,000858,133.21,133.51,129.15,130.13,133.49,171676,2464329866.93,0.44,-2.52
2024-04-09,五粮液,000858,133.51,135.22,132.69,133.49,134.3,130397,1909631397.01,0.34,-0.6
2024-04-08,五粮液,000858,139.01,139.01,134.06,134.3,141.61,270007,4002147876.33,0.7,-5.16
2024-04-03,五粮液,000858,142.91,143.98,140.31,141.61,142.51,98261,1522506389.62,0.25,-0.63
2024-04-02,五粮液,000858,144.01,144.19,141.87,142.51,144.29,114101,1779060166.67,0.29,-1.23
2024-04-01,五粮液,000858,141.51,145.57,141.51,144.29,140.52,177262,2788229516.44,0.46,2.68
2024-03-29,五粮液,000858,140.11,142.03,139.57,140.52,140.11,88348,1358438656.59,0.23,0.29
2024-03-28,五粮液,000858,139.67,142.35,139.06,140.11,139.67,144192,2217801274.64,0.37,0.32
2024-03-27,五粮液,000858,142.01,142.31,139.61,139.67,142.23,123630,1899180647.43,0.32,-1.8
2024-03-26,五粮液,000858,138.78,142.39,138.78,142.23,138.73,180890,2787590493.53,0.47,2.52
2024-03-25,五粮液,000858,139.52,139.91,137.01,138.73,140.44,161675,2447539788.49,0.42,-1.22
2024-03-22,五粮液,000858,143.41,143.77,139.37,140.44,143.62,201564,3098381510.57,0.52,-2.21
2024-03-21,五粮液,000858,143.91,145.55,142.66,143.62,143.96,136430,2139591363.23,0.35,-0.24
2024-03-20,五粮液,000858,143.89,145.27,142.5,143.96,144.38,161600,2535854998.21,0.42,-0.29
2024-03-19,五粮液,000858,140.89,145.98,140.55,144.38,140.51,338826,5328394236.71,0.87,2.75
2024-03-18,五粮液,000858,139.41,141.67,137.72,140.51,139.5,189874,2908432466.18,0.49,0.72
2024-03-15,五粮液,000858,136.01,141.79,135.81,139.5,136.57,238874,3639737822.84,0.62,2.15
2024-03-14,五粮液,000858,134.21,138.01,134.07,136.57,134.77,222274,3320434207.38,0.57,1.34
2024-03-13,五粮液,000858,134.51,136.19,134.15,134.77,135.32,179130,2649479635.48,0.46,-0.41
2024-03-12,五粮液,000858,128.18,136.31,128.18,135.32,128.17,450791,6608708732.85,1.16,5.58
2024-03-11,五粮液,000858,125.36,128.3,125.03,128.17,125.43,193569,2713055196.92,0.5,2.18
2024-03-08,五粮液,000858,125.07,126.14,123.67,125.43,125.26,122452,1687886718.86,0.32,0.14
2024-03-07,五粮液,000858,126.07,126.99,125.26,125.26,126.07,112198,1559868152.03,0.29,-0.64
2024-03-06,五粮液,000858,128.01,128.31,125.52,126.07,128.6,176528,2459134905.94,0.45,-1.97
2024-03-05,五粮液,000858,126.99,128.89,126.34,128.6,127.34,160016,2251931872.98,0.41,0.99
2024-03-04,五粮液,000858,128.52,129.21,127.05,127.34,129.6,154307,2170817658.18,0.4,-1.74
2024-03-01,五粮液,000858,129.06,130.79,127.89,129.6,129.26,158813,2261267887.41,0.41,0.26
2024-02-29,五粮液,000858,126.01,129.34,125.71,129.26,126.54,176604,2496984973.38,0.45,2.15
2024-02-28,五粮液,000858,126.77,128.41,125.78,126.54,126.77,196194,2753522611.35,0.51,-0.18
2024-02-27,五粮液,000858,126.02,126.81,125.06,126.77,126.77,150617,2092382020.62,0.39,0.0
2024-02-26,五粮液,000858,128.51,129.29,126.06,126.77,128.72,139947,1961062779.9,0.36,-1.51
2024-02-23,五粮液,000858,128.05,130.39,127.06,128.72,128.11,184393,2613714172.22,0.48,0.48
2024-02-22,五粮液,000858,127.12,128.67,126.44,128.11,128.03,188401,2646660001.48,0.49,0.06
2024-02-21,五粮液,000858,120.41,129.69,119.85,128.03,121.39,466563,6492866976.98,1.2,5.47
2024-02-20,五粮液,000858,123.01,124.01,120.01,121.39,123.16,211819,2841706723.75,0.55,-1.44
2024-02-19,五粮液,000858,125.91,125.96,121.79,123.16,120.6,288579,3951748629.55,0.74,2.12
2024-02-08,五粮液,000858,121.81,123.13,119.71,120.6,120.88,243748,3267001019.28,0.63,-0.23
2024-02-07,五粮液,000858,120.12,121.71,119.11,120.88,120.0,290673,3882655957.27,0.75,0.73
2024-02-06,五粮液,000858,113.01,120.01,112.71,120.0,113.58,323842,4239033653.04,0.83,5.65
2024-02-05,五粮液,000858,110.83,114.89,109.92,113.58,110.83,308042,3864410348.59,0.79,2.48
2024-02-02,五粮液,000858,113.51,115.66,109.57,110.83,113.51,210862,2658388904.9,0.54,-2.36
2024-02-01,五粮液,000858,112.75,114.73,112.15,113.51,113.31,137875,1745356476.42,0.36,0.18
2024-01-31,五粮液,000858,114.51,115.69,113.3,113.31,114.72,135218,1717132838.83,0.35,-1.23
2024-01-30,五粮液,000858,117.81,117.91,114.59,114.72,118.79,170720,2196117733.31,0.44,-3.43
2024-01-29,五粮液,000858,118.1,120.68,118.1,118.79,118.01,216150,2860907561.52,0.56,0.66
2024-01-26,五粮液,000858,117.12,119.0,116.51,118.01,118.12,193174,2522565252.1,0.5,-0.09
2024-01-25,五粮液,000858,115.01,118.12,114.57,118.12,115.06,273421,3546308960.29,0.7,2.66
2024-01-24,五粮液,000858,115.19,115.49,112.27,115.06,114.39,166824,2118643963.14,0.43,0.59
2024-01-23,五粮液,000858,113.81,115.13,112.49,114.39,114.01,161987,2053575259.83,0.42,0.33
2024-01-22,五粮液,000858,115.41,116.16,112.81,114.01,115.9,213410,2733754455.75,0.55,-1.63
2024-01-19,五粮液,000858,114.01,116.52,113.13,115.9,114.91,225020,2891090563.72,0.58,0.86
2024-01-18,五粮液,000858,111.81,115.14,110.2,114.91,112.15,235948,2961463081.82,0.61,2.46
2024-01-17,五粮液,000858,114.61,114.81,112.15,112.15,115.42,176757,2232551975.01,0.46,-2.83
2024-01-16,五粮液,000858,114.93,116.29,113.94,115.42,115.69,125287,1604334707.82,0.32,-0.23
2024-01-15,五粮液,000858,115.01,116.4,114.09,115.69,115.76,115826,1485609938.54,0.3,-0.06
2024-01-12,五粮液,000858,115.89,117.13,115.11,115.76,116.63,119208,1539729131.14,0.31,-0.75
2024-01-11,五粮液,000858,115.71,117.51,114.23,116.63,115.81,156464,2021717963.8,0.4,0.71
2024-01-10,五粮液,000858,114.82,116.59,113.02,115.81,114.82,165304,2118536476.06,0.43,0.86
2024-01-09,五粮液,000858,115.11,116.39,114.42,114.82,115.11,174838,2241449420.48,0.45,-0.25
2024-01-08,五粮液,000858,118.02,118.15,115.01,115.11,118.25,210200,2706248455.91,0.54,-2.66
2024-01-05,五粮液,000858,119.01,120.31,117.79,118.25,119.33,156304,2062827516.43,0.4,-0.91
2024-01-04,五粮液,000858,121.89,121.91,119.02,119.33,121.89,178763,2371204451.67,0.46,-2.1
2024-01-03,五粮液,000858,122.99,123.68,120.76,121.89,123.01,164171,2211980500.19,0.42,-0.91
2024-01-02,五粮液,000858,127.31,127.31,122.81,123.01,127.32,215270,2947170556.8,0.55,-3.39
2023-12-29,五粮液,000858,127.01,128.65,126.3,127.32,127.11,194541,2730826835.35,0.5,0.17
2023-12-28,五粮液,000858,120.84,128.15,120.56,127.11,120.84,336109,4647651265.17,0.87,5.19
2023-12-27,五粮液,000858,121.33,121.79,120.04,120.84,121.33,104309,1395667156.77,0.27,-0.4
2023-12-26,五粮液,000858,121.56,121.56,120.62,121.33,121.56,73678,986855945.14,0.19,-0.19
2023-12-25,五粮液,000858,120.33,121.58,119.96,121.56,120.43,98621,1322860816.57,0.25,0.94
2023-12-22,五粮液,000858,121.07,121.81,119.58,120.43,121.11,164023,2191023169.19,0.42,-0.56
2023-12-21,五粮液,000858,118.89,121.46,118.49,121.11,119.14,176648,2355445615.95,0.46,1.65
2023-12-20,五粮液,000858,120.86,120.94,119.11,119.14,120.34,106300,1411911254.62,0.27,-1.0
2023-12-19,五粮液,000858,121.0,121.0,119.57,120.34,121.01,130160,1732968199.63,0.34,-0.55
2023-12-18,五粮液,000858,119.06,121.81,118.88,121.01,120.71,129300,1727901875.36,0.33,0.25
2023-12-15,五粮液,000858,120.68,122.81,119.81,120.71,119.66,200133,2685090415.6,0.52,0.88
2023-12-14,五粮液,000858,122.01,122.99,119.66,119.66,120.79,214418,2872608825.88,0.55,-0.94
2023-12-13,五粮液,000858,125.61,125.69,120.59,120.79,126.31,318646,4313281475.84,0.82,-4.37
2023-12-12,五粮液,000858,125.01,126.69,124.74,126.31,126.21,144023,2002700041.68,0.37,0.08
2023-12-11,五粮液,000858,126.61,127.01,123.57,126.21,129.94,323121,4465383122.8,0.83,-2.87
2023-12-08,五粮液,000858,129.53,131.31,129.23,129.94,129.53,144759,2075536415.27,0.37,0.32
2023-12-07,五粮液,000858,131.11,131.28,128.51,129.53,131.11,151071,2152755581.71,0.39,-1.21
2023-12-06,五粮液,000858,129.61,132.21,128.67,131.11,129.68,144742,2081995216.85,0.37,1.1
2023-12-05,五粮液,000858,132.51,132.84,129.25,129.68,132.86,150411,2167619334.59,0.39,-2.39
2023-12-04,五粮液,000858,133.5,134.68,132.6,132.86,134.22,106956,1565168595.28,0.28,-1.01
2023-12-01,五粮液,000858,136.01,136.01,133.02,134.22,136.16,134304,1977001207.31,0.35,-1.42
2023-11-30,五粮液,000858,135.18,136.4,135.02,136.16,135.31,106833,1591108412.32,0.28,0.63
2023-11-29,五粮液,000858,135.59,135.61,133.91,135.31,135.76,86485,1279519709.13,0.22,-0.33
2023-11-28,五粮液,000858,136.3,137.09,134.66,135.76,136.26,139103,2066506935.76,0.36,-0.37
2023-11-27,五粮液,000858,139.8,139.81,135.9,136.26,140.24,185270,2774364092.32,0.48,-2.84
2023-11-24,五粮液,000858,139.91,140.89,139.32,140.24,140.08,93095,1425448392.18,0.24,0.11
2023-11-23,五粮液,000858,140.01,140.46,138.86,140.08,140.52,94576,1442390953.89,0.24,-0.31
2023-11-22,五粮液,000858,141.21,141.93,140.52,140.52,142.31,86913,1338320985.63,0.22,-1.26
2023-11-21,五粮液,000858,142.01,143.65,140.26,142.31,141.41,166977,2595787143.62,0.43,0.64
2023-11-20,五粮液,000858,142.0,142.95,140.61,141.41,142.01,114859,1773729316.45,0.3,-0.42
2023-11-17,五粮液,000858,142.51,143.49,141.37,142.01,143.38,84521,1309342330.97,0.22,-0.96
2023-11-16,五粮液,000858,144.01,144.71,143.14,143.38,144.26,70364,1102563043.31,0.18,-0.61
2023-11-15,五粮液,000858,144.82,145.15,143.71,144.26,142.91,101757,1601063926.14,0.26,0.94
2023-11-14,五粮液,000858,142.89,144.9,142.01,142.91,141.89,112992,1764357472.68,0.29,0.72
2023-11-13,五粮液,000858,143.9,144.18,141.07,141.89,143.91,125575,1948615157.18,0.32,-1.4
2023-11-10,五粮液,000858,144.51,145.29,143.51,143.91,145.56,89631,1407108917.11,0.23,-1.13
2023-11-09,五粮液,000858,145.01,146.51,145.01,145.56,145.64,91989,1458982551.84,0.24,-0.05
2023-11-08,五粮液,000858,145.51,146.79,144.58,145.64,146.32,126463,2003995988.48,0.33,-0.46
2023-11-07,五粮液,000858,146.31,146.91,145.01,146.32,146.85,107304,1705482356.26,0.28,-0.36
2023-11-06,五粮液,000858,147.68,147.88,145.51,146.85,146.68,137512,2192590029.11,0.35,0.12
2023-11-03,五粮液,000858,144.91,147.01,144.67,146.68,144.91,138144,2200311515.69,0.36,1.22
2023-11-02,五粮液,000858,147.09,147.97,144.74,144.91,147.01,165132,2623333602.26,0.43,-1.43
2023-11-01,五粮液,000858,153.01,154.29,147.01,147.01,143.01,469346,7622902568.18,1.21,2.8
2023-10-31,五粮液,000858,144.51,144.66,142.03,143.01,143.61,144979,2261223856.93,0.37,-0.42
2023-10-30,五粮液,000858,142.96,145.37,142.01,143.61,140.0,274030,4289723342.52,0.71,2.58
2023-10-27,五粮液,000858,137.58,140.56,137.17,140.0,138.06,170654,2603681374.11,0.44,1.41
2023-10-26,五粮液,000858,135.01,138.21,134.81,138.06,136.35,146177,2187779863.38,0.38,1.25
2023-10-25,五粮液,000858,133.96,138.01,133.96,136.35,131.06,254422,3792234580.05,0.66,4.04
2023-10-24,五粮液,000858,130.77,132.0,128.71,131.06,130.76,167074,2395874812.76,0.43,0.23
2023-10-23,五粮液,000858,130.65,132.82,129.41,130.76,130.71,120292,1727517065.63,0.31,0.04
2023-10-20,五粮液,000858,130.01,132.94,129.58,130.71,131.26,133164,1920618082.39,0.34,-0.42
2023-10-19,五粮液,000858,135.01,135.01,130.97,131.26,136.25,217385,3161472146.56,0.56,-3.66
2023-10-18,五粮液,000858,136.99,138.33,136.19,136.25,137.42,101105,1516335018.72,0.26,-0.85
2023-10-17,五粮液,000858,137.15,138.25,135.57,137.42,137.15,107202,1610282340.05,0.28,0.2
2023-10-16,五粮液,000858,140.09,140.41,136.72,137.15,140.64,152366,2299307439.95,0.39,-2.48
2023-10-13,五粮液,000858,141.51,141.51,139.02,140.64,142.74,142934,2189951710.51,0.37,-1.47
2023-10-12,五粮液,000858,142.26,143.01,141.22,142.74,140.71,137972,2144168262.31,0.36,1.44
2023-10-11,五粮液,000858,141.58,142.24,140.37,140.71,140.42,99122,1526531426.61,0.26,0.21
2023-10-10,五粮液,000858,142.5,143.59,140.07,140.42,141.28,127175,1965311403.8,0.33,-0.61
2023-10-09,五粮液,000858,143.1,143.1,138.81,141.28,143.11,153573,2365643872.37,0.4,-1.28
2023-09-28,五粮液,000858,143.6,144.39,142.69,143.11,143.6,123857,1933102453.43,0.32,-0.34
2023-09-27,五粮液,000858,143.67,145.66,143.01,143.6,143.66,132812,2083949327.42,0.34,-0.04
2023-09-26,五粮液,000858,145.89,146.48,143.66,143.66,145.91,125016,1969171204.71,0.32,-1.54
2023-09-25,五粮液,000858,146.77,146.89,145.61,145.91,146.93,105365,1676603466.31,0.27,-0.69
2023-09-22,五粮液,000858,144.01,147.32,143.71,146.93,144.67,154320,2451918127.02,0.4,1.56
2023-09-21,五粮液,000858,146.01,146.51,144.53,144.67,146.85,129455,2046008258.75,0.33,-1.48
2023-09-20,五粮液,000858,147.21,148.01,146.71,146.85,147.92,87124,1394723510.57,0.22,-0.72
2023-09-19,五粮液,000858,149.02,149.21,146.51,147.92,149.81,113674,1824120705.53,0.29,-1.26
2023-09-18,五粮液,000858,146.01,150.02,145.02,149.81,146.72,162983,2634257627.86,0.42,2.11
2023-09-15,五粮液,000858,149.08,150.05,146.31,146.72,149.01,177555,2846912332.74,0.46,-1.54
2023-09-14,五粮液,000858,150.66,151.24,148.04,149.01,150.66,130473,2115828262.3,0.34,-1.1
2023-09-13,五粮液,000858,151.01,152.4,149.46,150.66,149.99,131147,2150208869.54,0.34,0.45
2023-09-12,五粮液,000858,150.41,151.07,149.62,149.99,151.36,89428,1459902261.27,0.23,-0.91
2023-09-11,五粮液,000858,148.01,152.32,147.16,151.36,148.93,160683,2625927002.72,0.41,1.63
2023-09-08,五粮液,000858,149.27,149.71,147.51,148.93,150.11,104972,1695834401.17,0.27,-0.79
2023-09-07,五粮液,000858,152.01,152.18,149.91,150.11,152.7,118861,1947052985.57,0.31,-1.7
2023-09-06,五粮液,000858,152.07,153.46,151.01,152.7,152.73,130493,2155900998.3,0.34,-0.02
2023-09-05,五粮液,000858,154.81,155.24,152.25,152.73,154.94,190550,3170571173.46,0.49,-1.43
2023-09-04,五粮液,000858,148.61,155.01,148.61,154.94,146.75,464965,7710567731.95,1.2,5.58
2023-09-01,五粮液,000858,144.01,146.97,144.01,146.75,142.92,232387,3701951294.13,0.6,2.68
2023-08-31,五粮液,000858,144.83,144.84,142.84,142.92,144.83,220018,3443917302.81,0.57,-1.32
2023-08-30,五粮液,000858,146.41,147.13,144.61,144.83,146.41,225987,3580879499.59,0.58,-1.08
2023-08-29,五粮液,000858,143.01,147.11,142.34,146.41,144.5,238732,3780207169.13,0.62,1.32
2023-08-28,五粮液,000858,155.02,156.0,144.02,144.5,148.56,545771,8739965733.49,1.41,-2.73
2023-08-25,五粮液,000858,148.03,149.78,147.56,148.56,149.27,116302,1877818205.04,0.3,-0.48
2023-08-24,五粮液,000858,147.09,150.51,146.22,149.27,147.02,175895,2842412943.63,0.45,1.53
2023-08-23,五粮液,000858,149.06,149.15,147.01,147.02,149.16,146839,2360128005.76,0.38,-1.43
2023-08-22,五粮液,000858,149.63,150.51,147.49,149.16,148.98,156921,2538910286.11,0.4,0.12
2023-08-21,五粮液,000858,149.19,151.37,148.39,148.98,150.54,164507,2676283337.51,0.42,-1.04
2023-08-18,五粮液,000858,155.43,155.69,150.51,150.54,155.45,279480,4605753430.52,0.72,-3.16
2023-08-17,五粮液,000858,152.91,155.62,151.51,155.45,153.71,166932,2790070934.69,0.43,1.13
2023-08-16,五粮液,000858,153.29,154.41,152.21,153.71,153.51,116277,1937166439.28,0.3,0.13
2023-08-15,五粮液,000858,155.62,155.91,152.7,153.51,155.63,168145,2803400143.15,0.43,-1.36
2023-08-14,五粮液,000858,157.01,157.34,153.01,155.63,159.37,210945,3548868734.7,0.54,-2.35
2023-08-11,五粮液,000858,164.47,164.56,159.28,159.37,163.32,148886,2590746331.32,0.38,-2.42
2023-08-10,五粮液,000858,163.89,164.01,161.67,163.32,164.19,104238,1833070603.5,0.27,-0.53
2023-08-09,五粮液,000858,164.47,164.89,163.11,164.19,163.89,86796,1536212479.15,0.22,0.18
2023-08-08,五粮液,000858,163.19,165.07,162.19,163.89,164.32,116143,2050696313.23,0.3,-0.26
2023-08-07,五粮液,000858,165.31,166.29,163.41,164.32,166.29,156930,2784302714.0,0.4,-1.18
2023-08-04,五粮液,000858,168.4,169.51,165.71,166.29,165.61,143478,2585669217.15,0.37,0.41
2023-08-03,五粮液,000858,164.05,166.97,162.14,165.61,164.99,152646,2712382851.11,0.39,0.38
2023-08-02,五粮液,000858,166.01,168.0,164.21,164.99,166.89,155080,2770075423.76,0.4,-1.14
2023-08-01,五粮液,000858,168.7,171.16,165.51,166.89,168.01,195718,3543719055.67,0.5,-0.67
2023-07-31,五粮液,000858,173.61,175.58,167.99,168.01,168.19,315594,5816020903.4,0.81,-0.11
2023-07-28,五粮液,000858,164.31,169.17,163.64,168.19,165.47,319693,5753479229.95,0.82,1.64
2023-07-27,五粮液,000858,165.98,167.86,163.86,165.47,164.81,187987,3367125649.57,0.48,0.4
2023-07-26,五粮液,000858,166.51,167.69,163.86,164.81,166.51,174025,3104017698.43,0.45,-1.02
2023-07-25,五粮液,000858,163.01,167.68,162.18,166.51,156.37,440632,7867658288.1,1.14,6.48
2023-07-24,五粮液,000858,156.14,157.01,154.91,156.37,158.28,131716,2222174196.24,0.34,-1.21
2023-07-21,五粮液,000858,156.89,161.01,154.89,158.28,155.57,195387,3356305156.71,0.5,1.74
2023-07-20,五粮液,000858,156.01,158.29,155.09,155.57,155.33,127502,2163844782.35,0.33,0.15
2023-07-19,五粮液,000858,154.83,155.77,153.82,155.33,155.41,76856,1288284982.86,0.2,-0.05
2023-07-18,五粮液,000858,156.71,157.24,155.01,155.41,156.67,81959,1381227321.48,0.21,-0.8
2023-07-17,五粮液,000858,157.51,157.99,155.17,156.67,159.0,93257,1575729873.74,0.24,-1.47
2023-07-14,五粮液,000858,160.61,161.34,157.8,159.0,159.66,150723,2594877559.34,0.39,-0.41
2023-07-13,五粮液,000858,154.89,160.01,153.66,159.66,152.47,323514,5531880616.32,0.83,4.72
2023-07-12,五粮液,000858,152.21,153.67,152.01,152.47,152.15,118840,1970009879.55,0.31,0.21
2023-07-11,五粮液,000858,152.46,152.77,150.89,152.15,151.61,70206,1156564822.32,0.18,0.36
2023-07-10,五粮液,000858,151.99,153.51,151.22,151.61,150.67,96715,1597774604.93,0.25,0.62
2023-07-07,五粮液,000858,151.2,152.01,150.33,150.67,151.31,78970,1294178677.75,0.2,-0.42
2023-07-06,五粮液,000858,152.31,153.82,150.86,151.31,152.39,101450,1672166188.07,0.26,-0.71
2023-07-05,五粮液,000858,154.53,154.61,152.01,152.39,155.23,115416,1911856438.76,0.3,-1.83
2023-07-04,五粮液,000858,154.01,155.51,152.56,155.23,154.37,125957,2107039767.76,0.32,0.56
2023-07-03,五粮液,000858,150.28,154.5,149.86,154.37,150.58,173373,2875749982.29,0.45,2.52
2023-06-30,五粮液,000858,151.71,152.11,149.81,150.58,150.82,103371,1695951752.1,0.27,-0.16
2023-06-29,五粮液,000858,153.01,153.51,150.28,150.82,153.68,117724,1934965472.19,0.3,-1.86
2023-06-28,五粮液,000858,152.24,155.61,151.39,153.68,153.13,119426,1990481708.04,0.31,0.36
2023-06-27,五粮液,000858,151.18,153.51,149.21,153.13,149.89,200679,3307807251.25,0.52,2.16
2023-06-26,五粮液,000858,152.73,153.12,148.23,149.89,154.63,219340,3652673793.87,0.57,-3.07
2023-06-21,五粮液,000858,157.22,158.12,154.43,154.63,157.24,139485,2409049470.18,0.36,-1.66
2023-06-20,五粮液,000858,160.23,161.63,156.83,157.24,160.77,178689,3129124754.64,0.46,-2.2
2023-06-19,五粮液,000858,166.23,166.94,159.73,160.77,167.31,242342,4330534592.71,0.62,-3.91
2023-06-16,五粮液,000858,165.83,168.83,164.73,167.31,165.23,216314,3975777953.65,0.56,1.26
2023-06-15,五粮液,000858,162.44,166.05,161.23,165.23,160.91,240450,4346343723.32,0.62,2.68
2023-06-14,五粮液,000858,158.03,162.58,155.89,160.91,156.31,241015,4279986457.1,0.62,2.94
2023-06-13,五粮液,000858,153.23,157.13,152.64,156.31,153.64,182936,3156768738.75,0.47,1.74
2023-06-12,五粮液,000858,147.25,155.23,146.17,153.64,147.82,241838,4073838204.34,0.62,3.94
2023-06-09,五粮液,000858,148.17,149.21,147.03,147.82,148.05,119635,1970427702.28,0.31,-0.16
2023-06-08,五粮液,000858,147.44,149.3,146.25,148.05,147.23,91573,1504742545.15,0.24,0.56
2023-06-07,五粮液,000858,149.38,150.28,147.23,147.23,148.85,95326,1574392182.62,0.25,-1.09
2023-06-06,五粮液,000858,149.53,151.66,147.76,148.85,148.43,135368,2256103841.73,0.35,0.28
2023-06-05,五粮液,000858,150.51,150.91,147.86,148.43,151.13,113447,1879812886.16,0.29,-1.79
2023-06-02,五粮液,000858,148.23,151.63,146.56,151.13,146.55,192084,3199284099.23,0.49,3.13
2023-06-01,五粮液,000858,145.72,149.83,144.43,146.55,144.41,169016,2774057591.26,0.44,1.48
2023-05-31,五粮液,000858,148.23,148.36,143.25,144.41,148.4,213448,3448000885.39,0.55,-2.69
2023-05-30,五粮液,000858,151.23,152.68,146.73,148.4,151.49,183603,3039522846.43,0.47,-2.04
2023-05-29,五粮液,000858,154.17,155.08,150.81,151.49,153.33,129769,2191774953.54,0.33,-1.2
2023-05-26,五粮液,000858,151.43,155.12,151.23,153.33,151.43,122875,2088300565.38,0.32,1.25
2023-05-25,五粮液,000858,152.65,152.91,150.68,151.43,153.58,143925,2421836658.99,0.37,-1.4
2023-05-24,五粮液,000858,156.75,157.21,153.58,153.58,157.23,133551,2297763605.4,0.34,-2.32
2023-05-23,五粮液,000858,161.03,161.73,157.23,157.23,160.84,136724,2402618291.16,0.35,-2.24
2023-05-22,五粮液,000858,154.12,162.29,152.31,160.84,154.03,302445,5326580957.92,0.78,4.42
2023-05-19,五粮液,000858,151.32,154.49,149.98,154.03,151.89,120746,2048104075.08,0.31,1.41
2023-05-18,五粮液,000858,152.72,153.94,151.23,151.89,152.57,87804,1484050324.31,0.23,-0.45
2023-05-17,五粮液,000858,153.23,154.13,151.98,152.57,153.72,86022,1458848097.52,0.22,-0.75
2023-05-16,五粮液,000858,155.53,155.59,153.03,153.72,155.67,99365,1694257812.46,0.26,-1.25
2023-05-15,五粮液,000858,151.48,155.72,151.26,155.67,152.6,130800,2232478635.11,0.34,2.01
2023-05-12,五粮液,000858,155.43,157.73,152.59,152.6,155.8,129592,2218100020.61,0.33,-2.05
2023-05-11,五粮液,000858,157.21,159.72,155.44,155.8,156.55,122896,2138045981.25,0.32,-0.48
2023-05-10,五粮液,000858,156.03,157.73,154.82,156.55,158.0,118910,2057577182.94,0.31,-0.92
2023-05-09,五粮液,000858,154.06,160.73,153.23,158.0,154.63,222923,3891367973.61,0.57,2.18
2023-05-08,五粮液,000858,157.73,158.73,154.02,154.63,156.94,177534,3055844963.34,0.46,-1.47
2023-05-05,五粮液,000858,152.18,157.33,151.48,156.94,152.18,251727,4324694284.67,0.65,3.13
2023-05-04,五粮液,000858,155.73,156.18,150.68,152.18,152.23,265878,4516684021.78,0.68,-0.03
2023-04-28,五粮液,000858,154.49,155.18,151.11,152.23,152.4,179386,3038219039.74,0.46,-0.11
2023-04-27,五粮液,000858,151.83,153.53,149.63,152.4,151.84,150393,2530897180.8,0.39,0.37
2023-04-26,五粮液,000858,152.33,154.41,150.81,151.84,153.03,148127,2500348754.99,0.38,-0.78
2023-04-25,五粮液,000858,151.23,153.11,148.88,153.03,151.23,154897,2602607466.01,0.4,1.19
2023-04-24,五粮液,000858,155.33,156.13,150.73,151.23,155.23,176091,2970098989.03,0.45,-2.58
2023-04-21,五粮液,000858,157.23,158.53,155.03,155.23,156.73,120920,2096658341.55,0.31,-0.96
2023-04-20,五粮液,000858,159.57,160.21,155.73,156.73,159.52,148009,2578285583.86,0.38,-1.75
2023-04-19,五粮液,000858,161.9,162.19,158.73,159.52,161.55,126172,2225609750.7,0.33,-1.26
2023-04-18,五粮液,000858,162.23,163.4,160.81,161.55,161.41,144067,2574306113.17,0.37,0.09
2023-04-17,五粮液,000858,160.02,163.15,159.72,161.41,158.82,185553,3301205326.77,0.48,1.63
2023-04-14,五粮液,000858,161.45,161.73,158.26,158.82,161.11,144653,2549260307.3,0.37,-1.42
2023-04-13,五粮液,000858,159.23,163.13,158.78,161.11,159.05,210802,3748131434.09,0.54,1.3
2023-04-12,五粮液,000858,164.23,164.34,158.78,159.05,163.76,272834,4827573321.99,0.7,-2.88
2023-04-11,五粮液,000858,167.2,167.38,163.24,163.76,167.88,191194,3472021583.25,0.49,-2.45
2023-04-10,五粮液,000858,168.23,168.25,161.43,167.88,172.29,339732,6169351676.17,0.88,-2.56
2023-04-07,五粮液,000858,173.03,175.06,170.77,172.29,173.77,113038,2139054071.98,0.29,-0.85
2023-04-06,五粮液,000858,178.23,178.23,172.3,173.77,179.38,151075,2889971045.36,0.39,-3.13
2023-04-04,五粮液,000858,178.73,179.89,176.18,179.38,178.42,142473,2772976030.63,0.37,0.54
2023-04-03,五粮液,000858,180.21,180.23,176.31,178.42,180.23,133660,2604697433.72,0.34,-1.0
2023-03-31,五粮液,000858,184.23,185.23,180.23,180.23,181.62,127590,2541477089.18,0.33,-0.77
2023-03-30,五粮液,000858,178.51,182.19,177.41,181.62,178.51,151487,2983220917.77,0.39,1.74
2023-03-29,五粮液,000858,177.23,179.23,174.83,178.51,175.73,159539,3103306613.7,0.41,1.58
2023-03-28,五粮液,000858,173.62,177.14,173.44,175.73,173.64,109186,2099319286.01,0.28,1.2
2023-03-27,五粮液,000858,176.04,176.07,172.23,173.64,176.25,118799,2258153854.92,0.31,-1.48
2023-03-24,五粮液,000858,177.23,179.18,174.73,176.25,177.81,102530,1984030937.58,0.26,-0.88
2023-03-23,五粮液,000858,174.13,179.22,173.29,177.81,175.0,132842,2578838699.02,0.34,1.61
2023-03-22,五粮液,000858,175.48,179.31,174.65,175.0,175.47,108532,2097093752.68,0.28,-0.27
2023-03-21,五粮液,000858,170.63,176.34,168.45,175.47,169.13,187893,3583069187.23,0.48,3.75
2023-03-20,五粮液,000858,173.23,173.82,168.23,169.13,171.73,154643,2889012995.06,0.4,-1.51
2023-03-17,五粮液,000858,177.08,177.47,171.23,171.73,174.43,156070,2970579105.05,0.4,-1.55
2023-03-16,五粮液,000858,174.23,177.43,172.56,174.43,175.55,120544,2309099789.8,0.31,-0.64
2023-03-15,五粮液,000858,181.23,182.56,175.53,175.55,178.51,129880,2527648821.37,0.33,-1.66
2023-03-14,五粮液,000858,181.93,181.95,176.93,178.51,181.83,102843,2013558948.67,0.26,-1.83
2023-03-13,五粮液,000858,178.23,183.51,178.23,181.83,178.47,126472,2510450829.77,0.33,1.88
2023-03-10,五粮液,000858,179.44,182.81,178.4,178.47,181.23,110957,2181297329.28,0.29,-1.52
2023-03-09,五粮液,000858,182.23,182.93,177.13,181.23,182.53,168505,3323035486.67,0.43,-0.71
2023-03-08,五粮液,000858,182.23,184.73,181.23,182.53,183.68,102191,2035672769.6,0.26,-0.63
2023-03-07,五粮液,000858,187.58,187.58,183.34,183.68,187.81,125272,2532351682.61,0.32,-2.2
2023-03-06,五粮液,000858,188.24,189.73,185.81,187.81,188.99,111402,2277420060.91,0.29,-0.62
2023-03-03,五粮液,000858,191.23,192.69,186.73,188.99,189.47,92837,1912804916.33,0.24,-0.25
2023-03-02,五粮液,000858,189.33,190.84,188.59,189.47,190.61,74477,1537653713.85,0.19,-0.6
2023-03-01,五粮液,000858,187.4,192.08,186.13,190.61,187.65,154466,3196937763.35,0.4,1.58
2023-02-28,五粮液,000858,190.23,191.29,185.31,187.65,188.04,114801,2342737529.15,0.3,-0.21
2023-02-27,五粮液,000858,182.29,189.46,182.07,188.04,184.33,172996,3517673755.25,0.45,2.01
2023-02-24,五粮液,000858,188.3,188.3,183.05,184.33,188.33,203957,4104764613.59,0.53,-2.12
2023-02-23,五粮液,000858,189.73,191.45,186.93,188.33,190.73,145808,2993988117.77,0.38,-1.26
2023-02-22,五粮液,000858,191.68,193.77,189.73,190.73,193.31,141005,2931801635.6,0.36,-1.33
2023-02-21,五粮液,000858,195.73,195.85,191.73,193.31,196.18,139396,2922693859.24,0.36,-1.46
2023-02-20,五粮液,000858,191.43,197.03,188.73,196.18,191.38,191668,4024080431.96,0.49,2.51
2023-02-17,五粮液,000858,192.68,197.68,191.23,191.38,194.02,184468,3901124992.92,0.48,-1.36
2023-02-16,五粮液,000858,192.58,197.91,191.03,194.02,194.23,213380,4522470619.71,0.55,-0.11
2023-02-15,五粮液,000858,194.82,197.12,192.73,194.23,192.47,169258,3584495859.09,0.44,0.91
2023-02-14,五粮液,000858,195.63,196.98,191.83,192.47,195.63,184902,3886700986.34,0.48,-1.62
2023-02-13,五粮液,000858,186.23,198.13,186.22,195.63,187.93,289088,6110099289.12,0.74,4.1
2023-02-10,五粮液,000858,190.62,190.71,186.35,187.93,190.62,140321,2872338309.45,0.36,-1.41
2023-02-09,五粮液,000858,182.89,190.97,182.78,190.62,182.78,244940,5026717804.17,0.63,4.29
2023-02-08,五粮液,000858,186.4,187.23,181.45,182.78,186.4,169057,3384827003.51,0.44,-1.94
2023-02-07,五粮液,000858,184.93,188.53,184.73,186.4,184.93,158116,3216023677.76,0.41,0.79
2023-02-06,五粮液,000858,182.76,187.76,180.51,184.93,193.23,334075,6710340317.7,0.86,-4.3
2023-02-03,五粮液,000858,193.23,195.23,189.23,193.23,195.74,199352,4156921813.54,0.51,-1.28
2023-02-02,五粮液,000858,194.92,197.73,193.38,195.74,193.29,183272,3899833436.27,0.47,1.27
2023-02-01,五粮液,000858,191.73,193.83,186.99,193.29,192.23,256552,5334911716.63,0.66,0.55
2023-01-31,五粮液,000858,200.22,201.0,192.13,192.23,200.83,257247,5456751654.42,0.66,-4.28
2023-01-30,五粮液,000858,201.82,203.12,197.51,200.83,191.95,321809,7001555735.16,0.83,4.63
2023-01-20,五粮液,000858,191.12,195.23,190.33,191.95,188.53,273480,5738958670.25,0.7,1.81
2023-01-19,五粮液,000858,189.68,189.73,185.58,188.53,189.03,181199,3710296047.53,0.47,-0.26
2023-01-18,五粮液,000858,188.16,195.02,187.55,189.03,186.09,272412,5639270861.86,0.7,1.58
2023-01-17,五粮液,000858,190.23,191.01,184.84,186.09,189.75,215079,4383014176.66,0.55,-1.93
2023-01-16,五粮液,000858,183.23,192.5,183.23,189.75,181.81,363525,7493040737.32,0.94,4.37
2023-01-13,五粮液,000858,176.62,182.64,176.57,181.81,176.62,245064,4833945957.62,0.63,2.94
2023-01-12,五粮液,000858,178.23,179.0,175.24,176.62,177.33,138227,2675310868.61,0.36,-0.4
2023-01-11,五粮液,000858,178.27,179.22,175.83,177.33,178.47,169995,3304975110.03,0.44,-0.64
2023-01-10,五粮液,000858,179.03,179.94,177.84,178.47,179.11,202752,3965377700.54,0.52,-0.36
2023-01-09,五粮液,000858,175.68,180.12,173.39,179.11,173.69,275573,5362756420.79,0.71,3.12
2023-01-06,五粮液,000858,174.34,174.34,171.01,173.69,172.23,233383,4428033739.33,0.6,0.85
2023-01-05,五粮液,000858,164.73,172.74,163.63,172.23,161.85,402791,7535626605.79,1.04,6.41
2023-01-04,五粮液,000858,161.23,163.73,159.53,161.85,161.43,128836,2299619966.21,0.33,0.26
2023-01-03,五粮液,000858,164.23,165.04,159.74,161.43,163.92,182062,3240728572.4,0.47,-1.52
2022-12-30,五粮液,000858,163.01,164.42,162.23,163.92,161.98,149765,2702577294.54,0.39,1.2
2022-12-29,五粮液,000858,162.23,163.23,159.97,161.98,163.41,168505,3003533016.61,0.43,-0.88
2022-12-28,五粮液,000858,164.22,164.22,161.11,163.41,164.28,139378,2503523214.23,0.36,-0.53
2022-12-27,五粮液,000858,163.23,165.73,162.38,164.28,161.83,152275,2758777142.24,0.39,1.51
2022-12-26,五粮液,000858,163.52,164.43,160.79,161.83,163.52,178298,3198529055.22,0.46,-1.03
2022-12-23,五粮液,000858,160.23,166.23,159.63,163.52,162.73,198620,3587724307.08,0.51,0.49
2022-12-22,五粮液,000858,159.26,164.78,157.9,162.73,157.72,244424,4381920906.42,0.63,3.18
2022-12-21,五粮液,000858,158.23,158.9,156.78,157.72,155.74,153853,2687724560.26,0.4,1.27
2022-12-20,五粮液,000858,163.17,163.73,153.11,155.74,163.18,343458,5965655880.27,0.88,-4.56
2022-12-19,五粮液,000858,166.73,167.94,162.23,163.18,165.75,194184,3512784487.61,0.5,-1.55
2022-12-16,五粮液,000858,163.45,166.31,161.89,165.75,165.19,186426,3377432021.71,0.48,0.34
2022-12-15,五粮液,000858,167.43,169.03,164.0,165.19,167.31,199344,3643457578.67,0.51,-1.27
2022-12-14,五粮液,000858,162.68,168.5,161.59,167.31,162.7,286989,5255273236.65,0.74,2.83
2022-12-13,五粮液,000858,161.23,164.13,159.25,162.7,161.58,192762,3447321252.81,0.5,0.69
2022-12-12,五粮液,000858,165.23,166.61,161.14,161.58,166.5,299060,5387580972.7,0.77,-2.95
2022-12-09,五粮液,000858,157.86,166.7,157.35,166.5,157.99,419578,7550074236.44,1.08,5.39
2022-12-08,五粮液,000858,156.23,158.78,155.24,157.99,156.91,156448,2723693945.98,0.4,0.69
2022-12-07,五粮液,000858,158.64,161.03,156.24,156.91,158.63,311288,5443269231.41,0.8,-1.08
2022-12-06,五粮液,000858,151.2,161.45,150.33,158.63,151.74,433695,7576837370.67,1.12,4.54
2022-12-05,五粮液,000858,152.11,153.21,148.91,151.74,146.29,297958,5007534615.36,0.77,3.73
2022-12-02,五粮液,000858,148.03,150.11,145.49,146.29,147.82,210478,3461949871.67,0.54,-1.04
2022-12-01,五粮液,000858,148.23,153.22,147.09,147.82,140.09,440921,7325021108.31,1.14,5.52
2022-11-30,五粮液,000858,138.03,143.2,137.23,140.09,138.28,252286,3961994532.37,0.65,1.31
2022-11-29,五粮液,000858,133.15,138.38,133.13,138.28,130.88,410407,6284033997.83,1.06,5.65
2022-11-28,五粮液,000858,128.06,131.24,125.28,130.88,130.61,190131,2750115838.34,0.49,0.21
2022-11-25,五粮液,000858,131.16,132.16,129.63,130.61,131.04,106766,1575517166.71,0.28,-0.33
2022-11-24,五粮液,000858,134.23,134.72,130.23,131.04,133.0,150858,2238041525.96,0.39,-1.47
2022-11-23,五粮液,000858,133.46,134.73,132.13,133.0,133.46,113462,1702094212.77,0.29,-0.34
2022-11-22,五粮液,000858,132.15,136.13,132.04,133.46,132.16,143770,2162414725.74,0.37,0.98
2022-11-21,五粮液,000858,133.73,134.2,131.23,132.16,136.84,217625,3243860974.7,0.56,-3.42
2022-11-18,五粮液,000858,136.23,138.53,135.94,136.84,135.83,145856,2246335618.42,0.38,0.74
2022-11-17,五粮液,000858,136.73,139.02,134.23,135.83,137.44,165581,2529048876.58,0.43,-1.17
2022-11-16,五粮液,000858,137.38,139.73,136.31,137.44,137.38,182594,2827414142.72,0.47,0.04
2022-11-15,五粮液,000858,133.53,138.23,131.65,137.38,133.53,276567,4223081944.53,0.71,2.88
2022-11-14,五粮液,000858,134.23,138.64,133.13,133.53,133.25,281953,4287401009.36,0.73,0.21
2022-11-11,五粮液,000858,134.72,134.73,129.77,133.25,128.99,368534,5514689559.22,0.95,3.3
2022-11-10,五粮液,000858,127.72,129.79,126.94,128.99,128.63,176748,2568169858.62,0.46,0.28
2022-11-09,五粮液,000858,130.43,132.28,128.31,128.63,130.72,151242,2208052553.76,0.39,-1.6
2022-11-08,五粮液,000858,134.24,135.5,129.34,130.72,134.37,235678,3491479586.25,0.61,-2.72
2022-11-07,五粮液,000858,132.23,135.93,130.91,134.37,133.23,228691,3435765568.23,0.59,0.86
2022-11-04,五粮液,000858,123.73,135.23,123.58,133.23,124.15,478983,7099560990.25,1.23,7.31
2022-11-03,五粮液,000858,124.24,124.73,122.94,124.15,126.85,192819,2710951378.21,0.5,-2.13
2022-11-02,五粮液,000858,125.23,129.61,123.29,126.85,125.81,318674,4565035333.85,0.82,0.83
2022-11-01,五粮液,000858,118.78,125.81,116.64,125.81,116.73,391551,5440179979.74,1.01,7.78
2022-10-31,五粮液,000858,118.43,119.63,115.56,116.73,120.73,225917,3030064410.1,0.58,-3.31
2022-10-28,五粮液,000858,120.79,123.2,119.4,120.73,120.33,255862,3534562740.41,0.66,0.33
2022-10-27,五粮液,000858,128.21,128.3,119.81,120.33,126.63,369655,5154612979.53,0.95,-4.98
2022-10-26,五粮液,000858,126.13,129.13,125.23,126.63,125.35,179593,2580590731.16,0.46,1.02
2022-10-25,五粮液,000858,123.98,128.5,123.74,125.35,126.46,209630,2986369243.41,0.54,-0.88
2022-10-24,五粮液,000858,133.24,133.64,125.48,126.46,135.38,344039,5003671162.98,0.89,-6.59
2022-10-21,五粮液,000858,137.23,137.36,134.73,135.38,137.38,163210,2488390106.18,0.42,-1.46
2022-10-20,五粮液,000858,135.73,140.03,135.23,137.38,137.73,161200,2484510763.75,0.42,-0.25
2022-10-19,五粮液,000858,141.74,141.74,137.23,137.73,141.93,173929,2703461176.3,0.45,-2.96
2022-10-18,五粮液,000858,141.91,144.21,141.25,141.93,140.88,139689,2225727909.43,0.36,0.75
2022-10-17,五粮液,000858,140.91,141.73,138.52,140.88,142.35,146701,2301214745.08,0.38,-1.03
2022-10-14,五粮液,000858,137.81,143.53,137.8,142.35,136.8,228723,3619001261.22,0.59,4.06
2022-10-13,五粮液,000858,138.22,138.91,135.74,136.8,139.83,191401,2950015935.78,0.49,-2.17
2022-10-12,五粮液,000858,141.53,141.53,135.23,139.83,141.82,242385,3740666460.43,0.62,-1.4
2022-10-11,五粮液,000858,142.14,143.24,138.13,141.82,142.13,163898,2587296299.44,0.42,-0.22
2022-10-10,五粮液,000858,152.73,153.33,141.92,142.13,152.46,256509,4179453267.87,0.66,-6.78
2022-09-30,五粮液,000858,153.12,155.23,152.09,152.46,151.74,167010,2843915545.0,0.43,0.47
2022-09-29,五粮液,000858,155.72,155.75,150.78,151.74,152.83,175647,2971843108.63,0.45,-0.71
2022-09-28,五粮液,000858,153.78,155.77,152.73,152.83,154.06,244311,4176068020.04,0.63,-0.8
2022-09-27,五粮液,000858,147.16,154.63,145.22,154.06,145.34,354440,5929460447.01,0.91,6.0
2022-09-26,五粮液,000858,141.23,147.22,141.0,145.34,142.36,210416,3411760442.77,0.54,2.09
2022-09-23,五粮液,000858,141.23,143.85,141.13,142.36,142.13,120259,1916778416.38,0.31,0.16
2022-09-22,五粮液,000858,145.23,145.52,141.78,142.13,146.68,182114,2916788948.25,0.47,-3.1
2022-09-21,五粮液,000858,148.42,149.0,146.53,146.68,149.02,127648,2093973068.43,0.33,-1.57
2022-09-20,五粮液,000858,147.23,149.19,145.4,149.02,146.25,184881,3048376405.91,0.48,1.89
2022-09-19,五粮液,000858,143.98,148.36,142.75,146.25,144.31,172371,2810086974.82,0.44,1.34
2022-09-16,五粮液,000858,147.23,148.02,144.01,144.31,147.63,178052,2882822677.64,0.46,-2.25
2022-09-15,五粮液,000858,145.9,149.73,145.33,147.63,145.63,244932,4041538788.81,0.63,1.37
2022-09-14,五粮液,000858,145.23,146.46,144.21,145.63,146.86,143438,2325532849.69,0.37,-0.84
2022-09-13,五粮液,000858,147.11,148.2,144.93,146.86,144.69,224554,3676000836.57,0.58,1.5
2022-09-09,五粮液,000858,142.34,144.88,141.59,144.69,142.3,203188,3269738015.06,0.52,1.68
2022-09-08,五粮液,000858,143.24,144.58,142.11,142.3,142.17,148672,2377952563.71,0.38,0.09
2022-09-07,五粮液,000858,143.23,143.24,141.23,142.17,143.76,141508,2245681617.84,0.36,-1.11
2022-09-06,五粮液,000858,142.25,144.58,141.5,143.76,142.25,146938,2346001119.1,0.38,1.06
2022-09-05,五粮液,000858,143.23,143.58,140.3,142.25,145.07,224320,3551118312.01,0.58,-1.94
2022-09-02,五粮液,000858,147.72,147.72,144.24,145.07,146.79,155924,2524463031.79,0.4,-1.17
2022-09-01,五粮液,000858,149.23,149.23,146.53,146.79,150.42,158442,2607493588.41,0.41,-2.41
2022-08-31,五粮液,000858,146.13,151.21,145.73,150.42,147.26,267333,4444754516.0,0.69,2.15
2022-08-30,五粮液,000858,147.23,147.99,145.42,147.26,148.58,186433,3046737234.46,0.48,-0.89
2022-08-29,五粮液,000858,150.67,152.78,148.23,148.58,153.33,254306,4218793349.6,0.66,-3.1
2022-08-26,五粮液,000858,155.11,157.03,152.79,153.33,152.64,243787,4181288061.74,0.63,0.45
2022-08-25,五粮液,000858,151.12,153.21,150.46,152.64,150.47,174854,2949656306.11,0.45,1.44
2022-08-24,五粮液,000858,151.19,152.73,149.23,150.47,151.23,180255,3021329672.78,0.46,-0.5
2022-08-23,五粮液,000858,154.93,155.52,150.73,151.23,154.73,229248,3868689013.11,0.59,-2.26
2022-08-22,五粮液,000858,155.53,156.68,153.49,154.73,156.89,155130,2663565072.08,0.4,-1.38
2022-08-19,五粮液,000858,155.73,158.38,155.23,156.89,156.66,126038,2189742324.96,0.32,0.15
2022-08-18,五粮液,000858,158.23,158.43,155.24,156.66,159.43,179552,3110937647.55,0.46,-1.74
2022-08-17,五粮液,000858,158.54,160.2,157.25,159.43,158.46,122116,2144649842.49,0.31,0.61
2022-08-16,五粮液,000858,159.2,160.53,157.93,158.46,159.23,109975,1929236389.49,0.28,-0.48
2022-08-15,五粮液,000858,160.86,162.83,158.93,159.23,161.93,138440,2446911672.63,0.36,-1.67
2022-08-12,五粮液,000858,161.53,162.89,159.94,161.93,161.14,108619,1936659422.43,0.28,0.49
2022-08-11,五粮液,000858,158.22,161.14,157.78,161.14,157.23,139671,2468539673.55,0.36,2.49
2022-08-10,五粮液,000858,158.81,160.73,156.23,157.23,160.21,143549,2503385132.53,0.37,-1.86
2022-08-09,五粮液,000858,160.28,161.23,159.45,160.21,161.14,85386,1511033062.51,0.22,-0.58
2022-08-08,五粮液,000858,161.53,164.76,160.73,161.14,162.41,130251,2331931587.74,0.34,-0.78
2022-08-05,五粮液,000858,160.68,162.73,159.44,162.41,160.01,127017,2260873414.15,0.33,1.5
2022-08-04,五粮液,000858,157.83,160.72,157.68,160.01,157.82,133686,2350151179.61,0.34,1.39
2022-08-03,五粮液,000858,159.11,162.73,157.53,157.82,158.89,154031,2710918104.25,0.4,-0.67
2022-08-02,五粮液,000858,160.13,161.89,156.31,158.89,161.81,176738,3114640798.56,0.46,-1.8
2022-08-01,五粮液,000858,161.73,163.22,160.05,161.81,161.63,156082,2791638728.27,0.4,0.11
2022-07-29,五粮液,000858,169.72,169.72,161.03,161.63,170.35,340311,6166191233.29,0.88,-5.12
2022-07-28,五粮液,000858,171.68,173.73,170.08,170.35,171.33,92609,1744687638.89,0.24,-0.57
2022-07-27,五粮液,000858,173.28,174.24,170.79,171.33,174.22,97491,1844277552.98,0.25,-1.66
2022-07-26,五粮液,000858,172.09,175.23,171.91,174.22,171.31,137474,2627310530.76,0.35,1.7
2022-07-25,五粮液,000858,170.08,171.73,167.98,171.31,169.14,124799,2336297100.14,0.32,1.28
2022-07-22,五粮液,000858,170.73,171.73,168.23,169.14,169.93,116986,2180797972.02,0.3,-0.46
2022-07-21,五粮液,000858,172.22,173.13,169.81,169.93,172.34,110728,2082697378.03,0.29,-1.4
2022-07-20,五粮液,000858,174.03,174.73,171.23,172.34,172.13,112498,2134516122.7,0.29,0.12
2022-07-19,五粮液,000858,170.23,172.88,169.73,172.13,170.56,120214,2259044880.28,0.31,0.92
2022-07-18,五粮液,000858,172.86,173.03,167.43,170.56,173.13,178034,3320023854.5,0.46,-1.48
2022-07-15,五粮液,000858,173.38,178.74,171.23,173.13,173.36,207209,3979169055.29,0.53,-0.13
2022-07-14,五粮液,000858,174.4,176.79,172.28,173.36,176.33,151079,2880607577.87,0.39,-1.68
2022-07-13,五粮液,000858,172.8,178.01,170.84,176.33,173.23,189919,3656106376.92,0.49,1.79
2022-07-12,五粮液,000858,172.01,175.97,170.77,173.23,172.61,169935,3229606651.08,0.44,0.36
2022-07-11,五粮液,000858,173.25,174.03,169.23,172.61,175.93,192575,3621672896.0,0.5,-1.89
2022-07-08,五粮液,000858,176.58,178.03,174.19,175.93,174.82,164097,3167643744.0,0.42,0.63
2022-07-07,五粮液,000858,177.97,177.97,171.7,174.82,177.97,266771,5095578624.0,0.69,-1.77
2022-07-06,五粮液,000858,181.35,182.85,176.58,177.97,181.84,227633,4459016704.0,0.59,-2.13
2022-07-05,五粮液,000858,184.88,185.89,179.49,181.84,184.27,262965,5224558336.0,0.68,-1.32
2022-07-04,五粮液,000858,184.22,186.03,181.43,184.27,186.23,225876,4525333760.0,0.58,-1.05
2022-07-01,五粮液,000858,185.31,188.23,181.23,186.23,185.16,219366,4418343936.0,0.57,0.58
2022-06-30,五粮液,000858,175.41,188.23,175.41,185.16,175.23,425215,8521483520.0,1.1,5.67
2022-06-29,五粮液,000858,180.22,180.37,173.73,175.23,179.85,289971,5625269504.0,0.75,-2.57
2022-06-28,五粮液,000858,173.2,180.07,171.4,179.85,173.2,316786,6232395008.0,0.82,3.84
2022-06-27,五粮液,000858,167.2,175.88,167.2,173.2,165.2,366375,7058190336.0,0.94,4.84
2022-06-24,五粮液,000858,161.7,165.71,160.11,165.2,160.6,245187,4504178688.0,0.63,2.86
2022-06-23,五粮液,000858,158.3,161.1,157.99,160.6,158.27,159725,2867621360.0,0.41,1.47
2022-06-22,五粮液,000858,162.2,163.08,157.95,158.27,161.86,223528,4006768448.0,0.58,-2.22
2022-06-21,五粮液,000858,162.86,165.7,160.65,161.86,163.69,218116,3990195904.0,0.56,-1.12
2022-06-20,五粮液,000858,162.96,167.2,159.2,163.69,161.38,311954,5705313024.0,0.8,1.43
2022-06-17,五粮液,000858,156.7,161.38,156.7,161.38,157.8,286204,5145018880.0,0.74,2.27
2022-06-16,五粮液,000858,158.2,161.2,157.2,157.8,157.48,205006,3668452192.0,0.53,0.2
2022-06-15,五粮液,000858,154.02,160.1,151.99,157.48,154.0,325441,5743255040.0,0.84,2.26
2022-06-14,五粮液,000858,150.4,154.2,149.85,154.0,152.71,197333,3385240800.0,0.51,0.84
2022-06-13,五粮液,000858,155.39,156.6,151.3,152.71,157.62,264346,4580799744.0,0.68,-3.12
2022-06-10,五粮液,000858,155.23,158.7,153.7,157.62,156.21,215630,3804237568.0,0.56,0.9
2022-06-09,五粮液,000858,158.56,160.1,155.99,156.21,158.33,207839,3688662160.0,0.54,-1.34
2022-06-08,五粮液,000858,154.5,160.19,153.22,158.33,154.32,325279,5770812928.0,0.84,2.6
2022-06-07,五粮液,000858,153.3,158.6,152.2,154.32,153.14,295077,5177758464.0,0.76,0.77
2022-06-06,五粮液,000858,150.7,153.69,146.78,153.14,149.95,278142,4762415104.0,0.72,2.13
2022-06-02,五粮液,000858,149.23,151.2,148.88,149.95,150.61,165224,2801365552.0,0.43,-0.44
2022-06-01,五粮液,000858,153.19,153.5,149.23,150.61,151.6,219302,3739434432.0,0.56,-0.65
2022-05-31,五粮液,000858,146.2,153.02,145.22,151.6,146.38,486545,8293724672.0,1.25,3.57
2022-05-30,五粮液,000858,140.21,147.95,140.2,146.38,138.15,510932,8416468224.0,1.32,5.96
2022-05-27,五粮液,000858,139.85,141.7,137.49,138.15,137.42,210683,3356383648.0,0.54,0.53
2022-05-26,五粮液,000858,137.2,139.9,135.2,137.42,137.65,194318,3043721248.0,0.5,-0.17
2022-05-25,五粮液,000858,136.65,138.76,135.2,137.65,136.77,163957,2565767968.0,0.42,0.64
2022-05-24,五粮液,000858,140.63,141.2,136.48,136.77,139.63,188552,2974172512.0,0.49,-2.05
2022-05-23,五粮液,000858,141.81,142.38,138.2,139.63,142.67,276453,4410754816.0,0.71,-2.13
2022-05-20,五粮液,000858,134.5,143.18,133.89,142.67,133.72,452297,7222107648.0,1.17,6.69
2022-05-19,五粮液,000858,133.07,133.8,132.42,133.72,134.78,148783,2273068160.0,0.38,-0.79
2022-05-18,五粮液,000858,136.55,136.69,133.65,134.78,136.35,165605,2560375184.0,0.43,-1.15
2022-05-17,五粮液,000858,135.37,136.69,134.84,136.35,135.38,133412,2078095648.0,0.34,0.72
2022-05-16,五粮液,000858,139.17,139.18,134.4,135.38,137.14,177651,2767778352.0,0.46,-1.28
2022-05-13,五粮液,000858,139.8,140.07,136.25,137.14,138.28,152556,2401106192.0,0.39,-0.82
2022-05-12,五粮液,000858,136.4,139.88,136.3,138.28,137.71,170686,2699983168.0,0.44,0.41
2022-05-11,五粮液,000858,135.53,139.85,135.2,137.71,135.53,243902,3846228736.0,0.63,1.61
2022-05-10,五粮液,000858,131.2,136.7,129.8,135.53,134.98,201080,3092729200.0,0.52,0.41
2022-05-09,五粮液,000858,135.21,136.7,132.53,134.98,137.26,186236,2874663792.0,0.48,-1.66
2022-05-06,五粮液,000858,138.23,139.86,136.71,137.26,141.74,190861,3007833168.0,0.49,-3.16
2022-05-05,五粮液,000858,140.2,144.66,139.35,141.74,142.33,244802,3973322640.0,0.63,-0.41
2022-04-29,五粮液,000858,146.5,147.5,139.06,142.33,146.05,448743,7241581056.0,1.16,-2.55
2022-04-28,五粮液,000858,141.6,146.86,140.75,146.05,141.59,257120,4235742304.0,0.66,3.15
2022-04-27,五粮液,000858,138.7,143.61,138.7,141.59,138.7,239278,3849331184.0,0.62,2.08
2022-04-26,五粮液,000858,135.2,142.01,134.74,138.7,135.2,254539,4045539328.0,0.66,2.59
2022-04-25,五粮液,000858,142.2,142.82,134.7,135.2,145.63,286351,4556272640.0,0.74,-7.16
2022-04-22,五粮液,000858,142.77,146.38,139.18,145.63,142.78,200144,3268498128.0,0.52,2.0
2022-04-21,五粮液,000858,144.2,146.73,141.88,142.78,146.1,171229,2807078128.0,0.44,-2.27
2022-04-20,五粮液,000858,145.69,149.2,141.84,146.1,145.2,206341,3422120976.0,0.53,0.62
2022-04-19,五粮液,000858,148.2,150.2,144.24,145.2,147.38,164993,2740121568.0,0.43,-1.48
2022-04-18,五粮液,000858,149.1,149.1,144.41,147.38,150.1,184111,3062759952.0,0.47,-1.81
2022-04-15,五粮液,000858,150.2,154.2,148.8,150.1,151.77,226440,3871918112.0,0.58,-1.1
2022-04-14,五粮液,000858,144.1,153.2,143.13,151.77,142.52,431191,7300574976.0,1.11,6.49
2022-04-13,五粮液,000858,143.0,145.2,140.83,142.52,144.08,238855,3897075056.0,0.62,-1.08
2022-04-12,五粮液,000858,134.46,144.89,134.46,144.08,133.86,334164,5333900800.0,0.86,7.63
2022-04-11,五粮液,000858,138.21,138.88,133.05,133.86,140.79,242577,3752027968.0,0.62,-4.92
2022-04-08,五粮液,000858,141.2,142.97,139.7,140.79,140.65,165446,2661592736.0,0.43,0.1
2022-04-07,五粮液,000858,139.2,144.09,138.73,140.65,140.21,185572,2996915184.0,0.48,0.31
2022-04-06,五粮液,000858,138.2,142.46,137.7,140.21,140.1,179443,2866077984.0,0.46,0.08
2022-04-01,五粮液,000858,135.2,142.43,134.65,140.1,135.26,287495,4581621760.0,0.74,3.58
2022-03-31,五粮液,000858,136.2,136.8,134.7,135.26,137.15,201366,3126382336.0,0.52,-1.38
2022-03-30,五粮液,000858,133.17,137.15,131.36,137.15,129.38,323673,4993851904.0,0.83,6.01
2022-03-29,五粮液,000858,131.19,133.97,129.31,129.38,131.4,235211,3552871392.0,0.61,-1.54
2022-03-28,五粮液,000858,134.5,134.5,130.7,131.4,137.39,274466,4167231504.0,0.71,-4.36
2022-03-25,五粮液,000858,143.75,143.78,136.88,137.39,141.56,213641,3393360048.0,0.55,-2.95
2022-03-24,五粮液,000858,144.6,144.6,140.88,141.56,146.14,198086,3207819888.0,0.51,-3.13
2022-03-23,五粮液,000858,144.52,147.49,142.94,146.14,144.5,184639,3049956336.0,0.48,1.13
2022-03-22,五粮液,000858,145.9,147.5,144.2,144.5,145.91,122905,2029492688.0,0.32,-0.97
2022-03-21,五粮液,000858,149.95,149.98,145.21,145.91,148.1,171054,2842223344.0,0.44,-1.48
2022-03-18,五粮液,000858,147.2,149.28,145.2,148.1,148.44,185857,3107945072.0,0.48,-0.23
2022-03-17,五粮液,000858,148.7,152.06,146.2,148.44,145.0,348292,5869489664.0,0.9,2.37
2022-03-16,五粮液,000858,143.2,145.75,135.34,145.0,137.35,349000,5622615296.0,0.9,5.57
2022-03-15,五粮液,000858,143.2,144.98,136.9,137.35,146.47,312945,5020399616.0,0.81,-6.23
2022-03-14,五粮液,000858,149.19,149.79,146.47,146.47,151.97,181403,3043660704.0,0.47,-3.62
2022-03-11,五粮液,000858,149.2,152.75,147.43,151.97,152.35,257971,4378228992.0,0.66,-0.25
2022-03-10,五粮液,000858,148.19,152.44,146.19,152.35,143.08,417740,7087219712.0,1.08,6.48
2022-03-09,五粮液,000858,147.2,147.93,137.0,143.08,146.45,399219,6488949504.0,1.03,-2.3
2022-03-08,五粮液,000858,150.19,151.7,145.47,146.45,146.2,333507,5611790592.0,0.86,0.17
2022-03-07,五粮液,000858,154.45,154.45,145.45,146.2,156.57,477389,8036888576.0,1.23,-6.62
2022-03-04,五粮液,000858,160.18,161.59,156.08,156.57,162.27,312930,5577557248.0,0.81,-3.51
2022-03-03,五粮液,000858,169.97,170.4,162.2,162.27,169.4,312889,5775912448.0,0.81,-4.21
2022-03-02,五粮液,000858,171.5,171.61,168.6,169.4,173.39,150165,2841554768.0,0.39,-2.3
2022-03-01,五粮液,000858,170.3,174.09,170.26,173.39,170.2,200285,3853590512.0,0.52,1.87
2022-02-28,五粮液,000858,171.2,171.7,167.2,170.2,170.68,143093,2700046288.0,0.37,-0.28
2022-02-25,五粮液,000858,170.19,173.17,170.19,170.68,168.89,136664,2611874592.0,0.35,1.06
2022-02-24,五粮液,000858,174.2,175.2,167.5,168.89,176.4,259610,4940978944.0,0.67,-4.26
2022-02-23,五粮液,000858,173.47,176.78,172.23,176.4,173.6,147973,2875772240.0,0.38,1.61
2022-02-22,五粮液,000858,178.01,178.13,172.05,173.6,179.4,193677,3749346928.0,0.5,-3.23
2022-02-21,五粮液,000858,179.91,184.16,178.0,179.4,179.2,151926,3044972480.0,0.39,0.11
2022-02-18,五粮液,000858,177.2,179.58,175.65,179.2,177.64,116144,2297554256.0,0.3,0.88
2022-02-17,五粮液,000858,180.08,180.36,177.02,177.64,179.61,130546,2583633360.0,0.34,-1.1
2022-02-16,五粮液,000858,180.02,180.83,178.16,179.61,180.0,119085,2375601904.0,0.31,-0.22
2022-02-15,五粮液,000858,179.0,180.56,177.0,180.0,178.21,177390,3537513872.0,0.46,1.0
2022-02-14,五粮液,000858,172.2,179.4,171.7,178.21,174.47,190316,3747901328.0,0.49,2.14
2022-02-11,五粮液,000858,172.7,178.83,171.55,174.47,173.24,273749,5365712640.0,0.71,0.71
2022-02-10,五粮液,000858,176.18,176.7,171.31,173.24,176.18,168743,3254038400.0,0.43,-1.67
2022-02-09,五粮液,000858,169.2,176.5,169.2,176.18,170.2,237421,4585366272.0,0.61,3.51
2022-02-08,五粮液,000858,175.85,176.53,165.1,170.2,175.82,304517,5740104448.0,0.78,-3.2
2022-02-07,五粮液,000858,180.2,183.06,174.88,175.82,178.58,248080,4899710464.0,0.64,-1.55
2022-01-28,五粮液,000858,184.19,185.5,178.2,178.58,183.6,257815,5160817152.0,0.66,-2.73
2022-01-27,五粮液,000858,187.2,191.46,183.37,183.6,186.25,209923,4339832832.0,0.54,-1.42
2022-01-26,五粮液,000858,188.3,191.96,182.43,186.25,188.56,215095,4439752192.0,0.55,-1.23
2022-01-25,五粮液,000858,193.75,195.2,188.2,188.56,195.27,155582,3284058720.0,0.4,-3.44
2022-01-24,五粮液,000858,196.2,198.13,193.4,195.27,197.46,138009,2968569088.0,0.36,-1.11
2022-01-21,五粮液,000858,193.2,198.92,191.42,197.46,193.42,239747,5195067392.0,0.62,2.09
2022-01-20,五粮液,000858,191.0,194.2,188.55,193.42,191.0,194686,4146262240.0,0.5,1.27
2022-01-19,五粮液,000858,194.53,194.53,188.48,191.0,191.69,144019,3039014336.0,0.37,-0.36
2022-01-18,五粮液,000858,189.0,194.18,186.51,191.69,189.04,184749,3904185744.0,0.48,1.4
2022-01-17,五粮液,000858,186.98,189.2,183.7,189.04,187.4,169362,3497443776.0,0.44,0.88
2022-01-14,五粮液,000858,187.21,190.54,186.7,187.4,189.1,136468,2844403648.0,0.35,-0.9
2022-01-13,五粮液,000858,199.2,199.24,188.2,189.1,198.12,267623,5678771200.0,0.69,-4.55
2022-01-12,五粮液,000858,195.21,198.29,194.42,198.12,193.56,178943,3865370480.0,0.46,2.36
2022-01-11,五粮液,000858,194.7,196.55,193.25,193.56,195.16,131623,2819944192.0,0.34,-0.82
2022-01-10,五粮液,000858,195.94,197.83,190.32,195.16,197.86,208423,4477043200.0,0.54,-1.36
2022-01-07,五粮液,000858,199.67,200.7,196.72,197.86,199.68,168682,3671458256.0,0.43,-0.91
2022-01-06,五粮液,000858,203.52,206.2,198.34,199.68,203.95,197643,4366330624.0,0.51,-2.09
2022-01-05,五粮液,000858,203.02,207.48,201.23,203.95,203.76,205622,4608528384.0,0.53,0.09
2022-01-04,五粮液,000858,202.86,204.08,198.28,203.76,202.86,201787,4460248064.0,0.52,0.44
2021-12-31,五粮液,000858,205.71,206.0,200.81,202.86,205.7,240437,5340438272.0,0.62,-1.38
2021-12-30,五粮液,000858,205.27,207.7,203.71,205.7,205.9,264769,5963128832.0,0.68,-0.1
2021-12-29,五粮液,000858,217.78,217.78,204.3,205.9,217.78,349759,7998864896.0,0.9,-5.46
2021-12-28,五粮液,000858,216.5,219.78,215.7,217.78,216.41,143682,3406736944.0,0.37,0.63
2021-12-27,五粮液,000858,219.1,219.7,213.2,216.41,222.14,184054,4343284736.0,0.47,-2.58
2021-12-24,五粮液,000858,217.31,225.51,217.31,222.14,217.21,289429,7012988160.0,0.75,2.27
2021-12-23,五粮液,000858,213.53,219.66,209.2,217.21,212.32,282051,6610688768.0,0.73,2.3
2021-12-22,五粮液,000858,212.7,213.7,210.69,212.32,211.85,151998,3524368528.0,0.39,0.22
2021-12-21,五粮液,000858,216.2,217.7,209.2,211.85,216.2,234542,5446651904.0,0.6,-2.01
2021-12-20,五粮液,000858,215.36,219.67,215.36,216.2,215.36,188827,4471963136.0,0.49,0.39
2021-12-17,五粮液,000858,222.2,222.2,215.06,215.36,223.7,254835,6040427008.0,0.66,-3.73
2021-12-16,五粮液,000858,224.5,225.3,217.25,223.7,224.0,289712,6971022336.0,0.75,-0.13
2021-12-15,五粮液,000858,228.3,229.11,223.2,224.0,230.2,263568,6461313792.0,0.68,-2.69
2021-12-14,五粮液,000858,229.2,233.2,226.41,230.2,230.18,225574,5643907584.0,0.58,0.01
2021-12-13,五粮液,000858,232.2,237.41,229.2,230.18,227.2,355350,9000318720.0,0.92,1.31
2021-12-10,五粮液,000858,228.92,231.1,224.7,227.2,231.2,332275,8208024576.0,0.86,-1.73
2021-12-09,五粮液,000858,225.2,235.16,222.88,231.2,224.2,472970,11826016256.0,1.22,3.12
2021-12-08,五粮液,000858,214.21,224.71,211.48,224.2,214.2,397869,9593919744.0,1.03,4.67
2021-12-07,五粮液,000858,215.2,219.85,213.35,214.2,212.5,308904,7293861888.0,0.8,0.8
2021-12-06,五粮液,000858,211.2,215.2,209.2,212.5,209.65,288787,6720204544.0,0.74,1.36
2021-12-03,五粮液,000858,203.7,213.0,203.5,209.65,202.95,340300,7800955392.0,0.88,3.3
2021-12-02,五粮液,000858,200.8,204.1,199.51,202.95,200.76,175310,3898019536.0,0.45,1.09
2021-12-01,五粮液,000858,203.22,205.04,198.31,200.76,198.2,192486,4256218976.0,0.5,1.29
2021-11-30,五粮液,000858,205.18,205.7,198.2,198.2,204.93,230146,5063790592.0,0.59,-3.28
2021-11-29,五粮液,000858,200.7,205.2,200.45,204.93,203.06,192364,4292901360.0,0.5,0.92
2021-11-26,五粮液,000858,203.06,203.78,199.28,203.06,203.15,162473,3602490656.0,0.42,-0.04
2021-11-25,五粮液,000858,208.2,209.35,202.37,203.15,204.62,284628,6397889536.0,0.73,-0.72
2021-11-24,五粮液,000858,198.2,208.18,198.2,204.62,195.0,476278,10627879680.0,1.23,4.93
2021-11-23,五粮液,000858,195.19,198.7,193.56,195.0,196.17,193866,4190535760.0,0.5,-0.6
2021-11-22,五粮液,000858,194.2,202.2,193.2,196.17,192.8,319783,6972004864.0,0.82,1.75
2021-11-19,五粮液,000858,188.08,196.7,187.6,192.8,188.82,242930,5188161536.0,0.63,2.11
2021-11-18,五粮液,000858,190.19,191.18,187.75,188.82,191.71,132203,2759820064.0,0.34,-1.51
2021-11-17,五粮液,000858,191.25,193.2,189.2,191.71,192.2,174215,3668952608.0,0.45,-0.25
2021-11-16,五粮液,000858,186.09,193.65,185.31,192.2,184.9,314357,6618521600.0,0.81,3.95
2021-11-15,五粮液,000858,185.19,187.7,183.31,184.9,184.05,207245,4251527056.0,0.53,0.46
2021-11-12,五粮液,000858,187.57,187.87,183.31,184.05,186.71,157885,3227721072.0,0.41,-1.42
2021-11-11,五粮液,000858,185.86,187.2,183.78,186.71,185.9,166521,3416388384.0,0.43,0.44
2021-11-10,五粮液,000858,188.97,190.08,183.4,185.9,188.97,172003,3532443280.0,0.44,-1.62
2021-11-09,五粮液,000858,189.88,192.88,187.75,188.97,191.19,155039,3250092176.0,0.4,-1.16
2021-11-08,五粮液,000858,190.2,192.61,187.96,191.19,190.51,156374,3290544448.0,0.4,0.36
2021-11-05,五粮液,000858,187.02,194.9,187.01,190.51,187.02,301430,6372245248.0,0.78,1.87
2021-11-04,五粮液,000858,181.29,188.06,180.5,187.02,179.33,298642,6104737536.0,0.77,4.29
2021-11-03,五粮液,000858,181.72,182.7,178.88,179.33,181.52,218920,4378799360.0,0.56,-1.21
2021-11-02,五粮液,000858,184.18,186.1,179.85,181.52,185.14,349334,7067034624.0,0.9,-1.96
2021-11-01,五粮液,000858,180.2,189.72,177.1,185.14,196.71,580037,11775758080.0,1.49,-5.88
2021-10-29,五粮液,000858,195.47,201.73,195.28,196.71,195.49,236335,5148687360.0,0.61,0.62
2021-10-28,五粮液,000858,197.2,200.18,193.98,195.49,196.2,219253,4755135744.0,0.56,-0.36
2021-10-27,五粮液,000858,199.21,200.86,194.2,196.2,200.86,200485,4335703552.0,0.52,-2.32
2021-10-26,五粮液,000858,200.56,203.2,198.2,200.86,200.56,171975,3792558320.0,0.44,0.15
2021-10-25,五粮液,000858,203.2,205.09,198.2,200.56,205.23,248160,5460700160.0,0.64,-2.28
2021-10-22,五粮液,000858,202.9,209.12,201.21,205.23,201.19,226149,5094183424.0,0.58,2.01
2021-10-21,五粮液,000858,201.2,203.15,199.2,201.19,200.14,157814,3483824016.0,0.41,0.52
2021-10-20,五粮液,000858,200.7,202.4,197.08,200.14,199.17,171712,3767655120.0,0.44,0.49
2021-10-19,五粮液,000858,193.2,201.08,193.2,199.17,195.52,271520,5912576000.0,0.7,1.87
2021-10-18,五粮液,000858,205.15,205.15,192.7,195.52,214.52,522287,11335046144.0,1.35,-8.86
2021-10-15,五粮液,000858,216.0,218.08,210.21,214.52,220.2,302158,7060878592.0,0.78,-2.58
2021-10-14,五粮液,000858,218.2,224.88,216.36,220.2,219.69,240590,5770465280.0,0.62,0.23
2021-10-13,五粮液,000858,208.57,224.8,207.4,219.69,209.54,347774,8246438656.0,0.9,4.84
2021-10-12,五粮液,000858,207.2,210.2,203.21,209.54,208.0,203424,4632611072.0,0.52,0.74
2021-10-11,五粮液,000858,209.64,215.43,205.69,208.0,208.42,261466,5990774016.0,0.67,-0.2
2021-10-08,五粮液,000858,200.8,216.18,197.8,208.42,199.59,416279,9498183680.0,1.07,4.42
2021-09-30,五粮液,000858,197.2,203.49,197.2,199.59,198.88,331906,7321693440.0,0.86,0.36
2021-09-29,五粮液,000858,197.09,201.43,192.9,198.88,197.14,311367,6769523712.0,0.8,0.88
2021-09-28,五粮液,000858,200.52,202.8,194.2,197.14,200.77,411459,8943981568.0,1.06,-1.81
2021-09-27,五粮液,000858,187.82,200.77,187.82,200.77,180.72,760066,16521941248.0,1.96,11.09
2021-09-24,五粮液,000858,174.1,184.2,173.26,180.72,174.62,350540,7023121408.0,0.9,3.49
2021-09-23,五粮液,000858,175.02,177.08,172.84,174.62,174.13,188113,3661752976.0,0.48,0.28
2021-09-22,五粮液,000858,177.2,178.7,173.65,174.13,182.15,249090,4852441600.0,0.64,-4.4
2021-09-17,五粮液,000858,176.2,185.2,174.27,182.15,177.2,294397,5901688576.0,0.76,2.79
2021-09-16,五粮液,000858,176.2,179.78,172.63,177.2,178.7,335387,6590288128.0,0.86,-0.84
2021-09-15,五粮液,000858,183.2,184.75,176.9,178.7,185.93,382036,7625717504.0,0.98,-3.89
2021-09-14,五粮液,000858,187.92,190.01,185.44,185.93,187.99,235967,4881373696.0,0.61,-1.1
2021-09-13,五粮液,000858,192.2,194.9,187.19,187.99,193.9,263428,5526542080.0,0.68,-3.05
2021-09-10,五粮液,000858,187.53,194.6,186.7,193.9,187.53,318835,6744385280.0,0.82,3.4
2021-09-09,五粮液,000858,187.93,189.41,185.2,187.53,187.92,177575,3672149968.0,0.46,-0.21
2021-09-08,五粮液,000858,192.2,192.91,186.2,187.92,192.17,215537,4498947584.0,0.56,-2.21
2021-09-07,五粮液,000858,190.7,194.32,189.26,192.17,191.66,259374,5483884032.0,0.67,0.27
2021-09-06,五粮液,000858,184.7,195.5,182.75,191.66,186.09,440710,9315590656.0,1.14,2.99
2021-09-03,五粮液,000858,180.0,186.75,176.97,186.09,181.43,344795,6994069760.0,0.89,2.57
2021-09-02,五粮液,000858,188.14,188.3,180.4,181.43,187.91,374602,7590159104.0,0.97,-3.45
2021-09-01,五粮液,000858,181.9,191.26,177.2,187.91,181.89,503643,10338242816.0,1.3,3.31
2021-08-31,五粮液,000858,186.7,188.2,179.6,181.89,187.2,318552,6427633920.0,0.82,-2.84
2021-08-30,五粮液,000858,188.7,190.19,179.66,187.2,185.88,347329,7094644736.0,0.89,0.71
2021-08-27,五粮液,000858,187.36,190.2,184.7,185.88,187.37,271910,5618956544.0,0.7,-0.8
2021-08-26,五粮液,000858,197.57,197.57,186.2,187.37,197.7,332283,6953022976.0,0.86,-5.23
2021-08-25,五粮液,000858,191.08,199.13,190.86,197.7,190.2,381799,8242448384.0,0.98,3.94
2021-08-24,五粮液,000858,188.2,192.85,184.2,190.2,186.24,411904,8606900992.0,1.06,2.13
2021-08-23,五粮液,000858,186.59,191.97,185.1,186.24,186.58,418364,8684039424.0,1.08,-0.18
2021-08-20,五粮液,000858,191.72,196.88,185.59,186.58,202.85,534004,11218172672.0,1.38,-8.02
2021-08-19,五粮液,000858,209.1,211.49,202.2,202.85,209.2,289689,6520859136.0,0.75,-3.04
2021-08-18,五粮液,000858,208.2,212.7,204.1,209.2,210.15,212645,4858678272.0,0.55,-0.45
2021-08-17,五粮液,000858,219.61,222.2,209.98,210.15,220.9,218730,5137552384.0,0.56,-4.87
2021-08-16,五粮液,000858,220.2,224.57,218.6,220.9,221.0,133173,3210893056.0,0.34,-0.05
2021-08-13,五粮液,000858,217.2,223.2,216.2,221.0,218.12,160031,3832138032.0,0.41,1.32
2021-08-12,五粮液,000858,225.2,228.8,217.35,218.12,226.4,237149,5718032896.0,0.61,-3.66
2021-08-11,五粮液,000858,226.17,231.32,222.17,226.4,229.1,253075,6234986752.0,0.65,-1.18
2021-08-10,五粮液,000858,211.46,230.2,207.58,229.1,210.21,460837,11083250944.0,1.19,8.99
2021-08-09,五粮液,000858,204.2,216.88,202.2,210.21,206.2,264929,6099681536.0,0.68,1.94
2021-08-06,五粮液,000858,205.2,208.1,201.45,206.2,207.37,191529,4306125568.0,0.49,-0.56
2021-08-05,五粮液,000858,209.2,216.2,205.7,207.37,214.7,285511,6538505728.0,0.74,-3.41
2021-08-04,五粮液,000858,217.2,219.09,213.2,214.7,220.25,230290,5412225792.0,0.59,-2.52
2021-08-03,五粮液,000858,209.3,220.86,207.9,220.25,214.65,341719,8061076992.0,0.88,2.61
2021-08-02,五粮液,000858,195.57,215.1,192.35,214.65,200.95,468444,10454507776.0,1.21,6.82
2021-07-30,五粮液,000858,215.26,215.26,197.04,200.95,215.25,427979,9495555584.0,1.1,-6.64
2021-07-29,五粮液,000858,225.64,225.99,213.88,215.25,216.88,313222,7483908352.0,0.81,-0.75
2021-07-28,五粮液,000858,211.38,218.1,205.09,216.88,211.35,361143,8397862144.0,0.93,2.62
2021-07-27,五粮液,000858,227.2,229.0,211.2,211.35,229.74,423313,10158683392.0,1.09,-8.0
2021-07-26,五粮液,000858,248.86,248.86,224.29,229.74,251.41,462131,11693393664.0,1.19,-8.62
2021-07-23,五粮液,000858,259.06,259.2,248.32,251.41,260.3,212304,5760869120.0,0.55,-3.42
2021-07-22,五粮液,000858,262.71,264.86,258.85,260.3,261.42,143104,4028250656.0,0.37,-0.43
2021-07-21,五粮液,000858,262.49,266.17,260.21,261.42,262.5,149605,4226787184.0,0.39,-0.41
2021-07-20,五粮液,000858,259.2,264.41,257.97,262.5,261.09,130092,3669251200.0,0.34,0.54
2021-07-19,五粮液,000858,256.0,262.7,254.69,261.09,257.72,143320,3994088400.0,0.37,1.31
2021-07-16,五粮液,000858,261.05,263.56,257.2,257.72,261.03,151514,4230603072.0,0.39,-1.27
2021-07-15,五粮液,000858,255.2,261.4,252.91,261.03,255.5,195495,5443652608.0,0.5,2.16
2021-07-14,五粮液,000858,254.1,257.2,248.2,255.5,256.2,209218,5710321408.0,0.54,-0.27
2021-07-13,五粮液,000858,251.17,259.54,251.17,256.2,251.15,218997,6044746496.0,0.56,2.01
2021-07-12,五粮液,000858,250.2,253.16,242.89,251.15,247.48,264247,7111433728.0,0.68,1.48
2021-07-09,五粮液,000858,249.65,250.78,242.2,247.48,247.46,213674,5702882048.0,0.55,0.01
2021-07-08,五粮液,000858,262.62,263.41,245.24,247.46,262.21,439576,12010041344.0,1.13,-5.63
2021-07-07,五粮液,000858,257.62,262.62,256.5,262.21,254.87,174544,4936536576.0,0.45,2.88
2021-07-06,五粮液,000858,257.47,258.65,247.84,254.87,258.72,238955,6571286016.0,0.62,-1.49
2021-07-05,五粮液,000858,261.79,266.12,257.64,258.72,263.65,180543,5106360320.0,0.47,-1.87
2021-07-02,五粮液,000858,271.62,272.31,262.82,263.65,275.82,211692,6104707072.0,0.55,-4.41
2021-07-01,五粮液,000858,274.37,276.62,269.62,275.82,275.51,136310,4012429328.0,0.35,0.11
2021-06-30,五粮液,000858,273.62,280.02,273.11,275.51,276.17,103395,3090106560.0,0.27,-0.24
2021-06-29,五粮液,000858,284.1,284.26,274.3,276.17,283.93,156720,4707055360.0,0.4,-2.73
2021-06-28,五粮液,000858,277.63,284.15,277.63,283.93,277.54,161254,4908850432.0,0.42,2.3
2021-06-25,五粮液,000858,268.67,279.0,268.5,277.54,270.32,205223,6107081728.0,0.53,2.67
2021-06-24,五粮液,000858,266.12,272.62,261.8,270.32,268.56,165518,4788276480.0,0.43,0.66
2021-06-23,五粮液,000858,276.92,277.12,267.62,268.56,277.51,230564,6749757184.0,0.59,-3.23
2021-06-22,五粮液,000858,275.62,280.12,274.92,277.51,274.49,161664,4846385408.0,0.42,1.1
2021-06-21,五粮液,000858,270.62,274.92,268.62,274.49,268.62,206028,6063841792.0,0.53,2.19
2021-06-18,五粮液,000858,272.93,274.62,263.62,268.62,271.84,190716,5539524352.0,0.49,-1.18
2021-06-17,五粮液,000858,268.73,275.62,268.73,271.84,269.94,109046,3213936352.0,0.28,0.7
2021-06-16,五粮液,000858,276.88,276.88,266.84,269.94,276.88,140630,4120477424.0,0.36,-2.51
2021-06-15,五粮液,000858,279.14,281.67,270.39,276.88,279.19,145161,4323376128.0,0.37,-0.83
2021-06-11,五粮液,000858,280.68,281.62,273.62,279.19,280.67,159128,4783871744.0,0.41,-0.53
2021-06-10,五粮液,000858,274.63,283.12,273.12,280.67,274.12,150773,4565221120.0,0.39,2.39
2021-06-09,五粮液,000858,274.62,277.62,269.17,274.12,275.57,171577,5075838976.0,0.44,-0.53
2021-06-08,五粮液,000858,290.62,291.12,269.61,275.57,290.53,311653,9408595712.0,0.8,-5.15
2021-06-07,五粮液,000858,293.98,295.05,286.49,290.53,292.92,187370,5843427328.0,0.48,-0.82
2021-06-04,五粮液,000858,289.62,296.12,287.13,292.92,291.23,175288,5497026816.0,0.45,0.58
2021-06-03,五粮液,000858,289.46,297.62,287.8,291.23,289.46,179177,5652744448.0,0.47,0.61
2021-06-02,五粮液,000858,293.32,295.99,286.12,289.46,293.32,156532,4890684672.0,0.41,-1.32
2021-06-01,五粮液,000858,293.92,294.92,288.0,293.32,292.74,163876,5152812544.0,0.43,0.2
2021-05-31,五粮液,000858,292.92,293.24,286.94,292.74,294.52,177684,5542253056.0,0.47,-0.6
2021-05-28,五粮液,000858,297.74,298.7,292.01,294.52,295.8,130245,4116488944.0,0.34,-0.43
2021-05-27,五粮液,000858,295.79,303.85,291.84,295.8,296.62,164363,5251052288.0,0.43,-0.28
2021-05-26,五粮液,000858,298.12,301.63,293.62,296.62,300.65,190751,6100319232.0,0.5,-1.34
2021-05-25,五粮液,000858,283.62,300.68,282.54,300.65,282.63,323059,10261281536.0,0.85,6.38
2021-05-24,五粮液,000858,277.62,282.82,272.97,282.63,274.22,157089,4729942016.0,0.41,3.07
2021-05-21,五粮液,000858,282.62,283.31,272.68,274.22,281.13,172621,5161569536.0,0.45,-2.46
2021-05-20,五粮液,000858,282.32,285.6,279.18,281.13,280.41,140240,4268328784.0,0.37,0.26
2021-05-19,五粮液,000858,275.62,286.72,273.65,280.41,277.12,167001,5082549248.0,0.44,1.19
2021-05-18,五粮液,000858,275.63,277.62,271.92,277.12,274.81,147287,4370179840.0,0.39,0.84
2021-05-17,五粮液,000858,265.84,282.29,265.84,274.81,264.62,280615,8373250560.0,0.74,3.85
2021-05-14,五粮液,000858,255.58,266.02,252.8,264.62,253.62,218085,6208023552.0,0.57,4.34
2021-05-13,五粮液,000858,251.81,256.17,250.12,253.62,255.13,97079,2670400816.0,0.26,-0.59
2021-05-12,五粮液,000858,251.82,257.2,251.62,255.13,253.07,121063,3356761376.0,0.32,0.81
2021-05-11,五粮液,000858,239.84,253.08,239.61,253.07,241.62,192326,5208651008.0,0.51,4.74
2021-05-10,五粮液,000858,248.2,251.62,239.02,241.62,249.72,195248,5183389696.0,0.51,-3.24
2021-05-07,五粮液,000858,257.63,257.85,248.9,249.72,254.06,125008,3441009136.0,0.33,-1.71
2021-05-06,五粮液,000858,259.62,263.42,253.42,254.06,262.62,168661,4713100288.0,0.44,-3.26
2021-04-30,五粮液,000858,264.62,266.92,261.3,262.62,267.12,158031,4521364992.0,0.42,-1.68
2021-04-29,五粮液,000858,264.68,268.62,258.93,267.12,263.22,206936,5941444352.0,0.55,1.48
2021-04-28,五粮液,000858,252.62,263.22,251.42,263.22,259.44,220279,6211308032.0,0.58,1.46
2021-04-27,五粮液,000858,254.62,259.44,249.96,259.44,252.62,142315,3950995456.0,0.37,2.7
2021-04-26,五粮液,000858,260.62,263.51,252.48,252.62,257.62,203904,5710005248.0,0.54,-1.94
2021-04-23,五粮液,000858,249.87,258.62,249.87,257.62,248.81,207833,5769545984.0,0.55,3.54
2021-04-22,五粮液,000858,248.52,251.62,246.62,248.81,248.47,116274,3157592144.0,0.31,0.14
2021-04-21,五粮液,000858,242.62,250.59,241.2,248.47,245.37,159232,4295280640.0,0.42,1.26
2021-04-20,五粮液,000858,242.62,251.41,240.63,245.37,243.29,199147,5367602688.0,0.52,0.85
2021-04-19,五粮液,000858,237.62,245.83,231.12,243.29,239.42,188156,4960854528.0,0.5,1.62
2021-04-16,五粮液,000858,233.42,241.25,233.42,239.42,233.42,187543,4877110784.0,0.49,2.57
2021-04-15,五粮液,000858,238.93,240.61,226.94,233.42,241.4,285959,7267459328.0,0.75,-3.31
2021-04-14,五粮液,000858,240.53,245.23,238.87,241.4,240.52,148178,3916715200.0,0.39,0.37
2021-04-13,五粮液,000858,238.88,245.84,238.88,240.52,238.61,138757,3670699728.0,0.37,0.8
2021-04-12,五粮液,000858,242.82,244.98,237.62,238.61,242.92,133233,3495254784.0,0.35,-1.77
2021-04-09,五粮液,000858,248.62,250.12,242.62,242.92,250.7,146116,3895892304.0,0.38,-3.1
2021-04-08,五粮液,000858,242.62,252.47,241.68,250.7,248.47,162114,4396674304.0,0.43,0.9
2021-04-07,五粮液,000858,260.63,261.27,246.42,248.47,262.38,244936,6674234624.0,0.65,-5.3
2021-04-06,五粮液,000858,263.57,265.62,259.62,262.38,262.18,155508,4431624192.0,0.41,0.08
2021-04-02,五粮液,000858,254.63,262.62,252.62,262.18,250.7,229626,6443304960.0,0.6,4.58
2021-04-01,五粮液,000858,247.62,251.51,244.63,250.7,245.6,121142,3280567360.0,0.32,2.08
2021-03-31,五粮液,000858,248.32,248.32,242.63,245.6,251.08,134111,3583946112.0,0.35,-2.18
2021-03-30,五粮液,000858,248.12,256.14,248.12,251.08,249.71,168708,4624076032.0,0.44,0.55
2021-03-29,五粮液,000858,244.62,257.57,243.61,249.71,243.57,281995,7712653824.0,0.74,2.52
2021-03-26,五粮液,000858,235.62,244.8,233.44,243.57,233.6,230203,6054732288.0,0.61,4.27
2021-03-25,五粮液,000858,234.56,235.51,229.62,233.6,238.42,186259,4750886400.0,0.49,-2.02
2021-03-24,五粮液,000858,236.71,246.62,236.24,238.42,239.87,179422,4728182272.0,0.47,-0.6
2021-03-23,五粮液,000858,237.12,241.6,234.6,239.87,237.12,126952,3309793200.0,0.33,1.16
2021-03-22,五粮液,000858,238.57,241.21,232.33,237.12,238.41,142782,3700614992.0,0.38,-0.54
2021-03-19,五粮液,000858,240.62,242.62,235.29,238.41,248.01,197850,5158274560.0,0.52,-3.87
2021-03-18,五粮液,000858,242.62,252.62,242.62,248.01,241.93,201303,5462748416.0,0.53,2.51
2021-03-17,五粮液,000858,239.12,245.65,232.62,241.93,240.03,198878,5234840576.0,0.52,0.79
2021-03-16,五粮液,000858,229.22,240.17,228.17,240.03,228.63,231656,5953026304.0,0.61,4.99
2021-03-15,五粮液,000858,240.07,244.12,223.62,228.63,242.07,248997,6320778496.0,0.66,-5.55
2021-03-12,五粮液,000858,246.72,247.11,233.39,242.07,242.66,251438,6596290304.0,0.66,-0.24
2021-03-11,五粮液,000858,232.63,247.12,227.7,242.66,230.22,301531,7909417216.0,0.79,5.4
2021-03-10,五粮液,000858,225.62,232.62,224.72,230.22,220.12,309582,7776577792.0,0.82,4.59
2021-03-09,五粮液,000858,219.62,226.82,207.62,220.12,222.12,438746,10599045888.0,1.16,-0.9
2021-03-08,五粮液,000858,245.62,247.65,222.06,222.12,244.12,383654,9779570432.0,1.01,-9.01
2021-03-05,五粮液,000858,235.62,249.81,231.62,244.12,243.93,291650,7727068416.0,0.77,0.08
2021-03-04,五粮液,000858,257.62,257.62,242.62,243.93,262.92,329359,8896042240.0,0.87,-7.22
2021-03-03,五粮液,000858,253.62,264.42,249.23,262.92,258.32,211717,5951313408.0,0.56,1.78
2021-03-02,五粮液,000858,270.82,273.5,252.92,258.32,266.64,244125,6955462400.0,0.64,-3.12
2021-03-01,五粮液,000858,263.62,271.62,258.63,266.64,257.62,255063,7352003840.0,0.67,3.5
2021-02-26,五粮液,000858,258.18,264.99,248.62,257.62,266.52,288971,8100247808.0,0.76,-3.34
2021-02-25,五粮液,000858,274.12,277.6,263.2,266.52,270.7,249046,7274333696.0,0.66,-1.54
2021-02-24,五粮液,000858,292.62,292.63,266.27,270.7,292.62,417248,12424962048.0,1.1,-7.49
2021-02-23,五粮液,000858,283.62,300.48,281.79,292.62,290.68,278668,8795804416.0,0.73,0.67
2021-02-22,五粮液,000858,319.62,319.92,288.6,290.68,322.02,414582,13367286784.0,1.09,-9.73
2021-02-19,五粮液,000858,311.22,323.82,303.57,322.02,311.12,274750,9295089664.0,0.72,3.5
2021-02-18,五粮液,000858,332.11,334.81,308.51,311.12,320.27,343815,11828646656.0,0.91,-2.86
2021-02-10,五粮液,000858,310.62,323.3,310.12,320.27,307.12,331932,11318193408.0,0.87,4.28
2021-02-09,五粮液,000858,299.62,307.62,295.48,307.12,297.62,224780,7323491328.0,0.59,3.19
2021-02-08,五粮液,000858,301.62,308.12,291.42,297.62,297.38,266530,8556525568.0,0.7,0.08
2021-02-05,五粮液,000858,291.63,307.62,291.62,297.38,291.22,328913,10624157440.0,0.87,2.12
2021-02-04,五粮液,000858,283.62,294.42,282.63,291.22,286.37,280575,8823191040.0,0.74,1.69
2021-02-03,五粮液,000858,281.42,286.62,278.74,286.37,281.74,224547,6862660096.0,0.59,1.64
2021-02-02,五粮液,000858,269.62,281.95,269.52,281.74,269.91,297492,8931329280.0,0.78,4.38
2021-02-01,五粮液,000858,270.63,277.49,269.91,269.91,268.76,195760,5790219776.0,0.52,0.43
2021-01-29,五粮液,000858,267.62,272.76,266.4,268.76,263.62,220109,6431745024.0,0.58,1.95
2021-01-28,五粮液,000858,265.85,269.62,260.62,263.62,270.2,276078,7911157504.0,0.73,-2.44
2021-01-27,五粮液,000858,280.52,280.52,264.62,270.2,283.4,307938,9033475584.0,0.81,-4.66
2021-01-26,五粮液,000858,293.31,293.33,282.72,283.4,293.31,241435,7458359040.0,0.64,-3.38
2021-01-25,五粮液,000858,273.19,293.95,270.82,293.31,273.18,412909,12821666816.0,1.09,7.37
2021-01-22,五粮液,000858,272.7,277.53,270.2,273.18,274.57,249467,7369528832.0,0.66,-0.51
2021-01-21,五粮液,000858,263.42,276.61,263.12,274.57,262.47,294024,8608576768.0,0.77,4.61
2021-01-20,五粮液,000858,257.62,263.23,252.56,262.47,259.12,264040,7448387840.0,0.7,1.29
2021-01-19,五粮液,000858,264.62,267.62,257.62,259.12,262.17,293889,8340023296.0,0.77,-1.16
2021-01-18,五粮液,000858,262.62,264.76,256.95,262.17,265.32,272559,7724438272.0,0.72,-1.19
2021-01-15,五粮液,000858,265.62,269.91,255.69,265.32,267.02,417133,11843762688.0,1.1,-0.64
2021-01-14,五粮液,000858,281.62,282.5,266.62,267.02,282.95,354896,10426526464.0,0.93,-5.63
2021-01-13,五粮液,000858,289.15,291.1,279.74,282.95,287.62,233653,7164303616.0,0.62,-1.62
2021-01-12,五粮液,000858,276.57,288.92,275.62,287.62,278.82,230255,7067492608.0,0.61,3.16
2021-01-11,五粮液,000858,294.05,294.12,277.12,278.82,294.62,381953,11637052672.0,1.01,-5.36
2021-01-08,五粮液,000858,307.68,309.22,286.56,294.62,307.62,378702,12096818688.0,1.0,-4.23
2021-01-07,五粮液,000858,305.93,308.3,294.7,307.62,305.92,242559,7882443008.0,0.64,0.56
2021-01-06,五粮液,000858,297.77,313.28,295.41,305.92,297.6,313430,10211616768.0,0.83,2.8
2021-01-05,五粮液,000858,274.82,297.6,272.12,297.6,275.67,314606,9802665728.0,0.83,7.96
2021-01-04,五粮液,000858,269.62,277.62,269.61,275.67,269.47,234278,6977115136.0,0.62,2.3
2020-12-31,五粮液,000858,265.63,272.09,265.62,269.47,264.5,160038,4661694464.0,0.42,1.88
2020-12-30,五粮液,000858,260.51,265.22,258.88,264.5,258.62,168825,4826857472.0,0.44,2.27
2020-12-29,五粮液,000858,263.7,264.28,256.8,258.62,263.57,146589,4136060912.0,0.39,-1.88
2020-12-28,五粮液,000858,253.62,263.78,253.6,263.57,253.54,193812,5490499584.0,0.51,3.96
2020-12-25,五粮液,000858,250.22,255.05,249.12,253.54,252.94,111114,3051169984.0,0.29,0.24
2020-12-24,五粮液,000858,253.62,256.52,249.98,252.94,255.91,156161,4293939904.0,0.41,-1.16
2020-12-23,五粮液,000858,260.62,266.12,252.62,255.91,260.0,252216,7103972864.0,0.66,-1.57
2020-12-22,五粮液,000858,260.6,265.62,259.59,260.0,259.53,187064,5338602752.0,0.49,0.18
2020-12-21,五粮液,000858,252.93,259.6,252.93,259.53,254.48,161890,4537600000.0,0.43,1.98
2020-12-18,五粮液,000858,254.52,257.3,251.7,254.48,255.43,150825,4179755008.0,0.4,-0.37
2020-12-17,五粮液,000858,252.16,257.62,251.83,255.43,251.95,199761,5547260928.0,0.53,1.38
2020-12-16,五粮液,000858,250.62,252.62,249.62,251.95,248.42,160255,4392611840.0,0.42,1.42
2020-12-15,五粮液,000858,250.77,250.92,244.93,248.42,250.77,146118,3949335200.0,0.38,-0.94
2020-12-14,五粮液,000858,246.12,251.12,243.7,250.77,245.14,181744,4937790464.0,0.48,2.3
2020-12-11,五粮液,000858,246.47,247.61,241.02,245.14,245.29,150053,3995342176.0,0.4,-0.06
2020-12-10,五粮液,000858,246.62,249.62,244.92,245.29,247.34,134102,3611981632.0,0.35,-0.83
2020-12-09,五粮液,000858,250.62,251.62,247.12,247.34,249.62,116776,3166929088.0,0.31,-0.91
2020-12-08,五粮液,000858,249.17,251.67,246.17,249.62,247.86,147776,4019960928.0,0.39,0.71
2020-12-07,五粮液,000858,244.83,252.82,244.83,247.86,244.81,196216,5339342848.0,0.52,1.25
2020-12-04,五粮液,000858,238.12,245.62,237.77,244.81,239.25,170511,4536004864.0,0.45,2.32
2020-12-03,五粮液,000858,237.68,239.62,236.59,239.25,238.17,92087,2403046144.0,0.24,0.45
2020-12-02,五粮液,000858,237.62,239.61,234.72,238.17,235.61,116378,3028626144.0,0.31,1.09
2020-12-01,五粮液,000858,232.62,236.5,232.62,235.61,231.62,136481,3509920224.0,0.36,1.72
2020-11-30,五粮液,000858,238.27,239.61,231.27,231.62,239.92,211741,5419775744.0,0.56,-3.46
2020-11-27,五粮液,000858,238.2,239.93,235.72,239.92,238.2,112593,2933632288.0,0.3,0.72
2020-11-26,五粮液,000858,239.79,242.8,230.32,238.2,240.59,199052,5158676224.0,0.52,-0.99
2020-11-25,五粮液,000858,249.42,250.01,240.43,240.59,249.41,165594,4404834816.0,0.44,-3.54
2020-11-24,五粮液,000858,250.2,250.22,244.62,249.41,250.2,125035,3370155280.0,0.33,-0.32
2020-11-23,五粮液,000858,249.12,255.39,249.12,250.2,246.09,156342,4282239104.0,0.41,1.67
2020-11-20,五粮液,000858,244.16,248.12,242.42,246.09,242.32,111226,2984187152.0,0.29,1.56
2020-11-19,五粮液,000858,239.96,243.92,237.62,242.32,241.34,124482,3287372160.0,0.33,0.41
2020-11-18,五粮液,000858,245.61,247.14,236.62,241.34,246.72,194563,5134604800.0,0.51,-2.18
2020-11-17,五粮液,000858,250.61,252.17,243.62,246.72,250.62,179477,4847011072.0,0.47,-1.56
2020-11-16,五粮液,000858,245.62,250.77,241.13,250.62,242.62,195778,5269426432.0,0.52,3.3
2020-11-13,五粮液,000858,242.62,244.99,235.62,242.62,245.27,188431,4950551040.0,0.5,-1.08
2020-11-12,五粮液,000858,246.52,249.11,242.62,245.27,246.52,176232,4716978432.0,0.46,-0.51
2020-11-11,五粮液,000858,248.32,256.62,245.97,246.52,250.42,227873,6218718208.0,0.6,-1.56
2020-11-10,五粮液,000858,248.36,256.27,244.87,250.42,247.62,223081,6085547776.0,0.59,1.13
2020-11-09,五粮液,000858,238.62,247.62,238.22,247.62,236.92,206284,5513207040.0,0.54,4.52
2020-11-06,五粮液,000858,237.67,238.82,232.67,236.92,237.03,151165,3901814032.0,0.4,-0.05
2020-11-05,五粮液,000858,233.61,237.47,231.67,237.03,230.62,189690,4898017536.0,0.5,2.78
2020-11-04,五粮液,000858,227.87,230.62,225.92,230.62,228.02,129928,3267104848.0,0.34,1.14
2020-11-03,五粮液,000858,225.72,228.02,223.12,228.02,223.32,165351,4112229152.0,0.44,2.1
2020-11-02,五粮液,000858,224.69,228.67,222.12,223.32,221.97,157337,3880439536.0,0.41,0.61
2020-10-30,五粮液,000858,224.57,227.62,220.89,221.97,227.62,239490,5883432960.0,0.63,-2.48
2020-10-29,五粮液,000858,216.42,231.39,216.11,227.62,217.6,349627,8707106560.0,0.92,4.6
2020-10-28,五粮液,000858,212.62,219.62,211.04,217.6,211.12,170762,4079939456.0,0.45,3.07
2020-10-27,五粮液,000858,210.63,212.97,208.32,211.12,210.23,143027,3339001552.0,0.38,0.42
2020-10-26,五粮液,000858,207.62,212.21,200.62,210.23,214.25,160000,3696971904.0,0.42,-1.88
2020-10-23,五粮液,000858,218.41,219.86,213.92,214.25,219.36,134523,3217550688.0,0.35,-2.33
2020-10-22,五粮液,000858,219.62,220.61,214.3,219.36,219.39,150416,3620503904.0,0.4,-0.01
2020-10-21,五粮液,000858,218.6,221.32,217.31,219.39,218.6,137077,3309649776.0,0.36,0.36
2020-10-20,五粮液,000858,213.62,218.62,212.62,218.6,213.8,179963,4313854464.0,0.47,2.25
2020-10-19,五粮液,000858,217.62,219.22,212.22,213.8,214.5,122901,2920521344.0,0.32,-0.33
2020-10-16,五粮液,000858,216.52,218.44,212.86,214.5,216.53,118358,2812810608.0,0.31,-0.94
2020-10-15,五粮液,000858,217.13,218.12,215.96,216.53,217.02,111761,2673550256.0,0.29,-0.23
2020-10-14,五粮液,000858,219.41,221.95,215.8,217.02,219.89,183194,4414453248.0,0.48,-1.31
2020-10-13,五粮液,000858,219.37,222.22,216.46,219.89,219.37,171911,4169972224.0,0.45,0.24
2020-10-12,五粮液,000858,206.62,219.63,206.62,219.37,205.19,324557,7713734400.0,0.86,6.91
2020-10-09,五粮液,000858,202.62,207.17,200.91,205.19,198.62,208934,4736861696.0,0.55,3.31
2020-09-30,五粮液,000858,198.62,202.62,197.72,198.62,197.35,162342,3608733488.0,0.43,0.64
2020-09-29,五粮液,000858,199.62,200.42,196.39,197.35,197.75,99721,2199769872.0,0.26,-0.2
2020-09-28,五粮液,000858,195.96,200.47,195.62,197.75,194.82,152644,3363291344.0,0.4,1.5
2020-09-25,五粮液,000858,194.63,197.06,193.99,194.82,193.92,112517,2449369664.0,0.3,0.46
2020-09-24,五粮液,000858,195.7,198.99,193.5,193.92,196.94,163652,3569684240.0,0.43,-1.53
2020-09-23,五粮液,000858,194.22,199.11,190.08,196.94,200.52,251795,5469429760.0,0.66,-1.79
2020-09-22,五粮液,000858,200.08,204.39,199.62,200.52,202.52,120914,2711926528.0,0.32,-0.99
2020-09-21,五粮液,000858,205.62,207.17,202.09,202.52,207.14,130285,2942680880.0,0.34,-2.23
2020-09-18,五粮液,000858,200.27,207.14,198.44,207.14,200.27,190157,4291299120.0,0.5,3.43
2020-09-17,五粮液,000858,199.68,203.62,196.52,200.27,203.64,228016,5066620928.0,0.6,-1.65
2020-09-16,五粮液,000858,208.36,209.81,202.62,203.64,207.95,184537,4206118384.0,0.49,-2.07
2020-09-15,五粮液,000858,207.62,209.02,205.62,207.95,207.7,120365,2765306528.0,0.32,0.12
2020-09-14,五粮液,000858,206.7,209.06,201.8,207.7,205.5,207492,4747190784.0,0.55,1.07
2020-09-11,五粮液,000858,199.07,205.5,197.8,205.5,200.82,204701,4597798144.0,0.54,2.33
2020-09-10,五粮液,000858,197.62,203.38,197.58,200.82,194.62,231541,5168118272.0,0.61,3.19
2020-09-09,五粮液,000858,196.43,198.28,193.62,194.62,199.55,227061,4950173184.0,0.6,-2.47
2020-09-08,五粮液,000858,204.76,206.97,195.22,199.55,204.51,357085,7906064640.0,0.94,-2.43
2020-09-07,五粮液,000858,206.97,211.07,202.72,204.51,207.84,236227,5428172544.0,0.62,-1.6
2020-09-04,五粮液,000858,211.62,211.62,203.89,207.84,216.26,370921,8495154432.0,0.98,-3.89
2020-09-03,五粮液,000858,213.02,220.62,212.81,216.26,212.62,275696,6599198464.0,0.73,1.71
2020-09-02,五粮液,000858,212.82,217.4,211.42,212.62,213.86,196331,4642766080.0,0.52,-0.58
2020-09-01,五粮液,000858,215.1,217.42,210.72,213.86,217.62,300870,7091377408.0,0.79,-1.73
2020-08-31,五粮液,000858,219.62,224.32,217.62,217.62,218.12,315715,7691010304.0,0.83,-0.23
2020-08-28,五粮液,000858,213.6,222.48,210.82,218.12,215.7,327242,7823482112.0,0.86,1.12
2020-08-27,五粮液,000858,216.6,216.6,208.76,215.7,214.27,213489,5024119808.0,0.56,0.67
2020-08-26,五粮液,000858,213.02,217.49,209.82,214.27,213.22,262100,6176301824.0,0.69,0.49
2020-08-25,五粮液,000858,203.62,214.37,203.61,213.22,202.62,285479,6659413504.0,0.75,5.23
2020-08-24,五粮液,000858,197.6,203.92,196.81,202.62,196.02,231522,5170962432.0,0.61,3.37
2020-08-21,五粮液,000858,197.62,198.6,194.06,196.02,194.06,157319,3438178400.0,0.41,1.01
2020-08-20,五粮液,000858,197.62,198.54,193.62,194.06,199.82,184907,4022580048.0,0.49,-2.88
2020-08-19,五粮液,000858,198.09,203.58,194.89,199.82,198.19,238473,5300628736.0,0.63,0.82
2020-08-18,五粮液,000858,197.61,200.62,195.74,198.19,197.61,190382,4208955664.0,0.5,0.29
2020-08-17,五粮液,000858,192.12,199.62,192.12,197.61,190.52,315156,6913069056.0,0.83,3.72
2020-08-14,五粮液,000858,183.92,190.92,183.84,190.52,184.52,244315,5144549632.0,0.64,3.25
2020-08-13,五粮液,000858,185.62,187.62,183.12,184.52,184.09,123210,2555092640.0,0.32,0.23
2020-08-12,五粮液,000858,185.54,187.5,180.66,184.09,186.62,180250,3701984352.0,0.47,-1.36
2020-08-11,五粮液,000858,184.62,190.97,184.62,186.62,183.56,250091,5285963776.0,0.66,1.67
2020-08-10,五粮液,000858,184.88,186.5,180.56,183.56,184.88,191521,3941811344.0,0.5,-0.71
2020-08-07,五粮液,000858,187.62,190.62,180.8,184.88,188.64,287236,5960012800.0,0.76,-1.99
2020-08-06,五粮液,000858,195.1,196.16,187.28,188.64,195.1,323044,6855966976.0,0.85,-3.31
2020-08-05,五粮液,000858,193.22,195.38,190.62,195.1,193.42,186712,4024536336.0,0.49,0.87
2020-08-04,五粮液,000858,195.12,197.42,191.62,193.42,195.34,206769,4483369728.0,0.54,-0.98
2020-08-03,五粮液,000858,195.8,197.55,192.82,195.34,195.12,201454,4369803264.0,0.53,0.11
2020-07-31,五粮液,000858,194.13,198.63,191.9,195.12,193.94,262318,5707639552.0,0.69,0.61
2020-07-30,五粮液,000858,191.62,195.67,190.62,193.94,192.6,253226,5483434240.0,0.67,0.7
2020-07-29,五粮液,000858,191.97,193.1,186.63,192.6,191.62,301364,6417584128.0,0.79,0.51
2020-07-28,五粮液,000858,183.51,194.56,182.29,191.62,181.72,384497,8143034112.0,1.01,5.45
2020-07-27,五粮液,000858,181.01,184.42,179.03,181.72,179.01,246347,5038945792.0,0.65,1.51
2020-07-24,五粮液,000858,185.62,186.57,175.62,179.01,187.69,405386,8233915136.0,1.07,-4.62
2020-07-23,五粮液,000858,184.92,189.52,183.22,187.69,186.52,265413,5547862016.0,0.7,0.63
2020-07-22,五粮液,000858,181.87,190.49,180.37,186.52,183.2,280663,5873887488.0,0.74,1.81
2020-07-21,五粮液,000858,178.62,186.52,176.42,183.2,179.3,317859,6514435840.0,0.84,2.18
2020-07-20,五粮液,000858,183.12,186.12,168.63,179.3,183.01,442907,8808311296.0,1.17,-2.03
2020-07-17,五粮液,000858,172.62,187.32,172.62,183.01,179.18,529767,10785869056.0,1.4,2.14
2020-07-16,五粮液,000858,198.62,198.67,179.18,179.18,201.57,705737,14817949952.0,1.86,-11.11
2020-07-15,五粮液,000858,196.62,203.62,195.22,201.57,198.52,371700,8289624064.0,0.98,1.54
2020-07-14,五粮液,000858,195.92,202.95,189.65,198.52,195.82,438733,9589876480.0,1.16,1.38
2020-07-13,五粮液,000858,184.62,202.62,184.62,195.82,184.62,488807,10648696832.0,1.29,6.07
2020-07-10,五粮液,000858,180.62,189.42,178.42,184.62,181.34,335476,6923294720.0,0.88,1.81
2020-07-09,五粮液,000858,181.01,182.98,179.12,181.34,180.98,295243,5988999424.0,0.78,0.2
2020-07-08,五粮液,000858,179.12,183.42,176.62,180.98,179.51,292323,5907018240.0,0.77,0.82
2020-07-07,五粮液,000858,170.4,184.0,167.94,179.51,170.44,384111,7693352448.0,1.01,5.32
2020-07-06,五粮液,000858,166.33,173.62,163.18,170.44,166.34,328431,6291466752.0,0.87,2.46
2020-07-03,五粮液,000858,167.61,168.12,160.12,166.34,167.11,308159,5745184512.0,0.81,-0.46
2020-07-02,五粮液,000858,157.62,169.96,157.5,167.11,159.6,348870,6549218048.0,0.92,4.71
2020-07-01,五粮液,000858,148.74,162.72,148.74,159.6,148.74,271818,4886748672.0,0.72,7.3
2020-06-30,五粮液,000858,146.16,149.29,146.12,148.74,145.12,189898,3238678112.0,0.5,2.49
2020-06-29,五粮液,000858,144.23,146.12,143.42,145.12,146.23,199936,3331811632.0,0.53,-0.76
2020-06-24,五粮液,000858,146.03,148.92,144.62,146.23,145.6,187986,3172425488.0,0.5,0.43
2020-06-23,五粮液,000858,140.62,146.02,139.7,145.6,140.62,265325,4413501440.0,0.7,3.54
2020-06-22,五粮液,000858,141.62,141.62,138.62,140.62,140.99,216312,3513415728.0,0.57,-0.26
2020-06-19,五粮液,000858,133.92,141.92,133.85,140.99,133.78,387028,6342808576.0,1.02,5.39
2020-06-18,五粮液,000858,132.02,134.0,131.38,133.78,131.3,199490,3145346592.0,0.53,1.89
2020-06-17,五粮液,000858,132.68,132.92,129.32,131.3,133.1,232423,3610097408.0,0.61,-1.35
2020-06-16,五粮液,000858,132.52,134.68,131.82,133.1,132.42,259847,4095546272.0,0.68,0.51
2020-06-15,五粮液,000858,134.42,136.3,131.92,132.42,136.92,266220,4206860400.0,0.7,-3.29
2020-06-12,五粮液,000858,132.42,137.3,131.52,136.92,135.49,176476,2822869424.0,0.46,1.06
2020-06-11,五粮液,000858,137.22,138.16,133.37,135.49,137.96,199461,3195703168.0,0.53,-1.79
2020-06-10,五粮液,000858,138.07,139.2,136.5,137.96,138.03,149481,2428166144.0,0.39,-0.05
2020-06-09,五粮液,000858,136.0,138.42,134.43,138.03,136.03,161119,2610701056.0,0.42,1.47
2020-06-08,五粮液,000858,134.92,140.37,134.72,136.03,135.51,222551,3596734096.0,0.59,0.38
2020-06-05,五粮液,000858,134.53,136.1,133.02,135.51,134.27,159859,2547709184.0,0.42,0.92
2020-06-04,五粮液,000858,133.45,135.4,132.42,134.27,133.66,136318,2166142880.0,0.36,0.46
2020-06-03,五粮液,000858,136.28,137.18,132.1,133.66,134.19,252759,4004118592.0,0.67,-0.39
2020-06-02,五粮液,000858,133.81,139.07,133.44,134.19,134.01,291586,4669324800.0,0.77,0.13
2020-06-01,五粮液,000858,125.48,135.6,125.48,134.01,123.62,357844,5624344576.0,0.94,8.4
2020-05-29,五粮液,000858,120.42,124.01,120.25,123.62,121.58,163217,2408655792.0,0.43,1.68
2020-05-28,五粮液,000858,121.57,123.44,119.92,121.58,121.58,148184,2166223152.0,0.39,0.0
2020-05-27,五粮液,000858,123.24,123.82,121.1,121.58,123.23,145963,2143082944.0,0.38,-1.34
2020-05-26,五粮液,000858,122.45,124.54,121.57,123.23,122.45,165119,2436906016.0,0.44,0.64
2020-05-25,五粮液,000858,119.43,122.82,116.52,122.45,119.67,243560,3540747472.0,0.64,2.32
2020-05-22,五粮液,000858,126.18,126.2,119.07,119.67,127.1,383526,5597327872.0,1.01,-5.85
2020-05-21,五粮液,000858,127.28,128.95,126.45,127.1,126.27,170922,2602103040.0,0.45,0.66
2020-05-20,五粮液,000858,127.92,128.4,125.93,126.27,126.84,170412,2580358160.0,0.45,-0.45
2020-05-19,五粮液,000858,128.75,128.91,125.79,126.84,126.61,176506,2669709616.0,0.47,0.18
2020-05-18,五粮液,000858,120.42,127.88,120.02,126.61,120.64,248810,3718097616.0,0.66,4.95
2020-05-15,五粮液,000858,122.92,123.41,119.5,120.64,121.72,160644,2338474672.0,0.42,-0.89
2020-05-14,五粮液,000858,121.32,122.42,119.82,121.72,121.42,153613,2244204768.0,0.4,0.25
2020-05-13,五粮液,000858,118.32,121.63,117.72,121.42,118.32,196350,2845747552.0,0.52,2.62
2020-05-12,五粮液,000858,116.42,119.21,116.31,118.32,117.27,151845,2167669760.0,0.4,0.9
2020-05-11,五粮液,000858,118.64,120.52,116.42,117.27,118.32,236820,3384838032.0,0.62,-0.89
2020-05-08,五粮液,000858,118.07,120.92,116.35,118.32,117.33,243267,3478295312.0,0.64,0.84
2020-05-07,五粮液,000858,113.8,117.42,112.79,117.33,113.63,277962,3911603344.0,0.73,3.26
2020-05-06,五粮液,000858,109.92,114.47,109.4,113.63,111.19,251045,3442757072.0,0.66,2.19
2020-04-30,五粮液,000858,110.92,114.62,109.44,111.19,110.92,228641,3121490864.0,0.6,0.24
2020-04-29,五粮液,000858,114.42,115.57,109.42,110.92,114.42,291832,3980521440.0,0.77,-3.06
2020-04-28,五粮液,000858,111.42,116.64,109.93,114.42,108.12,420773,5811722496.0,1.11,5.83
2020-04-27,五粮液,000858,107.93,109.04,105.8,108.12,106.82,159342,2110526720.0,0.42,1.22
2020-04-24,五粮液,000858,106.66,108.71,104.79,106.82,106.51,167733,2215246720.0,0.44,0.29
2020-04-23,五粮液,000858,106.62,109.72,106.22,106.51,105.72,213319,2822832128.0,0.56,0.75
2020-04-22,五粮液,000858,101.96,106.41,100.84,105.72,101.89,265985,3436601392.0,0.7,3.76
2020-04-21,五粮液,000858,103.5,104.37,100.5,101.89,104.73,205524,2596092240.0,0.54,-2.71
2020-04-20,五粮液,000858,105.34,105.9,104.3,104.73,104.24,132188,1710863424.0,0.35,0.47
2020-04-17,五粮液,000858,102.59,105.12,102.16,104.24,101.52,234711,3022344864.0,0.62,2.68
2020-04-16,五粮液,000858,102.43,103.22,100.94,101.52,103.33,188254,2379554848.0,0.5,-1.75
2020-04-15,五粮液,000858,103.89,105.7,102.63,103.33,103.87,162967,2095661168.0,0.43,-0.52
2020-04-14,五粮液,000858,102.03,104.3,100.62,103.87,100.42,194619,2481573360.0,0.51,3.44
2020-04-13,五粮液,000858,100.57,102.44,99.62,100.42,101.94,146060,1831925088.0,0.38,-1.49
2020-04-10,五粮液,000858,100.4,104.22,99.62,101.94,100.4,198961,2526071152.0,0.52,1.53
2020-04-09,五粮液,000858,102.07,103.02,98.43,100.4,100.7,158796,1985606240.0,0.42,-0.3
2020-04-08,五粮液,000858,99.56,101.41,98.85,100.7,99.56,201134,2515223472.0,0.53,1.15
2020-04-07,五粮液,000858,96.02,100.0,96.02,99.56,92.94,294512,3627761360.0,0.78,7.12
2020-04-03,五粮液,000858,93.12,94.89,92.22,92.94,92.61,175806,2076905520.0,0.46,0.36
2020-04-02,五粮液,000858,89.42,92.61,88.94,92.61,90.42,191537,2218330784.0,0.5,2.42
2020-04-01,五粮液,000858,91.42,92.41,89.86,90.42,90.62,175969,2033698720.0,0.46,-0.22
2020-03-31,五粮液,000858,90.42,92.01,89.48,90.62,88.65,188496,2179898624.0,0.5,2.22
2020-03-30,五粮液,000858,88.24,89.44,87.12,88.65,91.23,205806,2321514400.0,0.54,-2.83
2020-03-27,五粮液,000858,91.02,93.22,91.02,91.23,89.31,235435,2745616752.0,0.62,2.15
2020-03-26,五粮液,000858,88.4,91.72,87.32,89.31,89.42,208801,2397709904.0,0.55,-0.12
2020-03-25,五粮液,000858,88.52,90.38,87.26,89.42,84.47,309473,3508691584.0,0.82,5.86
2020-03-24,五粮液,000858,82.5,85.31,81.46,84.47,79.93,356363,3859693792.0,0.94,5.68
2020-03-23,五粮液,000858,79.42,81.92,78.46,79.93,83.93,328265,3443583088.0,0.86,-4.77
2020-03-20,五粮液,000858,79.74,85.08,79.63,83.93,77.53,422064,4484741888.0,1.11,8.25
2020-03-19,五粮液,000858,81.22,82.42,74.05,77.53,83.01,601698,6133825280.0,1.59,-6.6
2020-03-18,五粮液,000858,88.62,91.39,82.11,83.01,87.78,404423,4528146944.0,1.07,-5.43
2020-03-17,五粮液,000858,89.92,93.0,84.0,87.78,90.92,352980,3975112224.0,0.93,-3.45
2020-03-16,五粮液,000858,96.82,97.82,89.83,90.92,98.02,370242,4379489536.0,0.98,-7.24
2020-03-13,五粮液,000858,95.42,100.64,94.3,98.02,101.46,350887,4280415920.0,0.92,-3.39
2020-03-12,五粮液,000858,102.3,103.53,101.28,101.46,105.32,252660,3199005136.0,0.67,-3.67
2020-03-11,五粮液,000858,107.92,108.22,104.92,105.32,106.14,187635,2452609920.0,0.49,-0.77
2020-03-10,五粮液,000858,101.72,107.05,101.62,106.14,101.72,310772,4017374192.0,0.82,4.35
2020-03-09,五粮液,000858,103.42,103.67,101.46,101.72,105.49,244542,3106158208.0,0.64,-3.57
2020-03-06,五粮液,000858,107.42,110.3,105.42,105.49,108.62,291658,3845033472.0,0.77,-2.88
2020-03-05,五粮液,000858,101.97,110.3,101.42,108.62,100.69,565620,7399037696.0,1.49,7.88
2020-03-04,五粮液,000858,99.42,101.35,99.42,100.69,99.79,197575,2471690896.0,0.52,0.9
2020-03-03,五粮液,000858,99.12,101.3,99.12,99.79,98.07,230923,2878896368.0,0.61,1.75
2020-03-02,五粮液,000858,95.52,99.02,95.02,98.07,96.02,269822,3287615184.0,0.71,2.13
2020-02-28,五粮液,000858,99.42,99.45,94.42,96.02,101.72,366012,4445668096.0,0.96,-5.6
2020-02-27,五粮液,000858,100.22,103.17,99.92,101.72,99.52,235732,2986686528.0,0.62,2.21
2020-02-26,五粮液,000858,99.25,101.84,98.42,99.52,100.72,214179,2662201888.0,0.56,-1.19
2020-02-25,五粮液,000858,100.22,102.42,99.28,100.72,102.52,240633,3014293136.0,0.63,-1.76
2020-02-24,五粮液,000858,104.82,104.82,102.12,102.52,105.42,235601,3005249408.0,0.62,-2.75
2020-02-21,五粮液,000858,105.42,106.62,104.44,105.42,105.57,207438,2695003472.0,0.55,-0.14
2020-02-20,五粮液,000858,102.42,106.0,102.31,105.57,101.42,334662,4332207360.0,0.88,4.09
2020-02-19,五粮液,000858,99.2,102.6,98.1,101.42,98.81,316628,3976674960.0,0.83,2.64
2020-02-18,五粮液,000858,99.22,99.72,98.43,98.81,99.72,128728,1590249168.0,0.34,-0.91
2020-02-17,五粮液,000858,98.6,99.72,98.0,99.72,98.85,238169,2941280512.0,0.63,0.88
2020-02-14,五粮液,000858,99.62,101.3,97.87,98.85,99.56,169720,2094049248.0,0.45,-0.71
2020-02-13,五粮液,000858,100.3,102.08,98.79,99.56,99.91,178629,2230165008.0,0.47,-0.35
2020-02-12,五粮液,000858,99.92,100.67,98.19,99.91,100.21,175114,2168783488.0,0.46,-0.3
2020-02-11,五粮液,000858,96.57,100.92,96.57,100.21,96.55,245774,3049430912.0,0.65,3.79
2020-02-10,五粮液,000858,94.92,97.75,94.0,96.55,96.0,221877,2682789600.0,0.58,0.57
2020-02-07,五粮液,000858,94.67,96.35,93.03,96.0,94.57,280117,3346691776.0,0.74,1.51
2020-02-06,五粮液,000858,94.42,95.36,92.02,94.57,92.93,306551,3619248784.0,0.81,1.76
2020-02-05,五粮液,000858,91.32,95.22,89.52,92.93,89.92,388783,4546389248.0,1.02,3.35
2020-02-04,五粮液,000858,84.42,95.42,84.42,89.92,88.96,710214,8017646080.0,1.87,1.08
2020-02-03,五粮液,000858,88.96,88.96,88.96,88.96,101.58,167639,1903373200.0,0.44,-12.42
2020-01-23,五粮液,000858,107.19,107.19,100.42,101.58,107.12,415937,5294268672.0,1.1,-5.17
2020-01-22,五粮液,000858,106.41,108.09,105.18,107.12,108.04,257531,3375415200.0,0.68,-0.85
2020-01-21,五粮液,000858,111.92,111.92,107.43,108.04,112.98,293073,3903226848.0,0.77,-4.37
2020-01-20,五粮液,000858,115.97,116.08,112.22,112.98,113.97,167538,2308928096.0,0.44,-0.87
2020-01-17,五粮液,000858,116.68,117.22,113.72,113.97,116.08,148478,2068064064.0,0.39,-1.82
2020-01-16,五粮液,000858,116.22,117.42,114.72,116.08,116.22,145360,2046672624.0,0.38,-0.12
2020-01-15,五粮液,000858,113.98,118.23,113.97,116.22,113.98,234789,3309331104.0,0.62,1.97
2020-01-14,五粮液,000858,115.52,116.1,113.62,113.98,115.08,199073,2767444880.0,0.52,-0.96
2020-01-13,五粮液,000858,109.68,115.42,109.67,115.08,109.04,496042,6847185920.0,1.31,5.54
2020-01-10,五粮液,000858,105.92,109.47,105.92,109.04,106.19,429695,5712380928.0,1.13,2.68
2020-01-09,五粮液,000858,104.42,106.62,103.67,106.19,104.31,255491,3317934208.0,0.67,1.8
2020-01-08,五粮液,000858,104.41,105.18,103.47,104.31,104.79,161802,2083242864.0,0.43,-0.46
2020-01-07,五粮液,000858,104.92,106.49,104.42,104.79,104.62,223278,2901574240.0,0.59,0.16
2020-01-06,五粮液,000858,105.42,105.67,103.94,104.62,105.97,259370,3353682080.0,0.68,-1.27
2020-01-03,五粮液,000858,107.02,107.49,105.03,105.97,107.5,204692,2672531472.0,0.54,-1.42
2020-01-02,五粮液,000858,107.42,108.92,105.01,107.5,108.43,306674,4038536848.0,0.81,-0.86
2019-12-31,五粮液,000858,108.42,109.54,107.62,108.43,108.24,195074,2597567648.0,0.51,0.18
2019-12-30,五粮液,000858,104.62,108.67,104.0,108.24,104.42,340117,4485255936.0,0.9,3.66
2019-12-27,五粮液,000858,104.4,105.67,104.24,104.42,103.57,196530,2547996976.0,0.52,0.82
2019-12-26,五粮液,000858,103.52,103.74,102.7,103.57,103.52,101144,1293330432.0,0.27,0.05
2019-12-25,五粮液,000858,104.58,104.61,103.11,103.52,104.12,109822,1405926672.0,0.29,-0.58
2019-12-24,五粮液,000858,103.86,105.04,103.82,104.12,103.56,83081,1071252224.0,0.22,0.54
2019-12-23,五粮液,000858,102.92,104.92,102.41,103.56,104.52,156765,2013854464.0,0.41,-0.92
2019-12-20,五粮液,000858,105.42,105.7,104.32,104.52,105.28,130459,1685840240.0,0.34,-0.72
2019-12-19,五粮液,000858,106.42,107.07,104.6,105.28,106.36,130363,1694680208.0,0.34,-1.02
2019-12-18,五粮液,000858,105.92,108.34,105.67,106.36,105.67,235574,3096584400.0,0.62,0.65
2019-12-17,五粮液,000858,104.41,105.75,104.27,105.67,104.25,252661,3279889504.0,0.67,1.36
2019-12-16,五粮液,000858,105.64,105.72,103.02,104.25,104.94,202121,2593322000.0,0.53,-0.66
2019-12-13,五粮液,000858,104.0,105.64,103.62,104.94,103.2,164666,2129229232.0,0.43,1.69
2019-12-12,五粮液,000858,104.42,104.64,102.72,103.2,104.24,129776,1660017936.0,0.34,-1.0
2019-12-11,五粮液,000858,105.82,106.27,103.42,104.24,106.28,147185,1895323872.0,0.39,-1.92
2019-12-10,五粮液,000858,105.3,106.5,104.92,106.28,105.91,97116,1265677536.0,0.26,0.35
2019-12-09,五粮液,000858,107.19,108.4,105.62,105.91,106.4,131495,1729362048.0,0.35,-0.46
2019-12-06,五粮液,000858,103.57,106.62,103.43,106.4,103.58,202983,2646395632.0,0.53,2.72
2019-12-05,五粮液,000858,103.92,104.12,102.92,103.58,103.87,112779,1444566384.0,0.3,-0.28
2019-12-04,五粮液,000858,103.38,103.99,102.3,103.87,101.46,192212,2460398240.0,0.51,2.38
2019-12-03,五粮液,000858,101.78,102.21,100.3,101.46,102.42,139509,1751894512.0,0.37,-0.94
2019-12-02,五粮液,000858,102.87,104.36,100.62,102.42,102.97,141218,1797000336.0,0.37,-0.53
2019-11-29,五粮液,000858,106.02,106.02,101.42,102.97,106.23,258759,3301606336.0,0.68,-3.07
2019-11-28,五粮液,000858,107.43,108.22,105.32,106.23,106.91,113864,1494448480.0,0.3,-0.64
2019-11-27,五粮液,000858,105.91,107.72,105.15,106.91,106.14,154691,2030274016.0,0.41,0.73
2019-11-26,五粮液,000858,104.13,106.14,104.13,106.14,104.12,172909,2247438032.0,0.46,1.94
2019-11-25,五粮液,000858,103.72,105.0,101.14,104.12,104.39,234313,2991410064.0,0.62,-0.26
2019-11-22,五粮液,000858,108.79,109.49,103.47,104.39,109.08,283119,3702375520.0,0.75,-4.3
2019-11-21,五粮液,000858,109.07,109.67,108.33,109.08,109.42,128165,1708768224.0,0.34,-0.31
2019-11-20,五粮液,000858,108.42,110.98,108.22,109.42,108.92,210089,2823391072.0,0.55,0.46
2019-11-19,五粮液,000858,108.42,109.12,107.99,108.92,108.42,155717,2071712320.0,0.41,0.46
2019-11-18,五粮液,000858,108.84,109.51,107.92,108.42,108.75,134642,1788831712.0,0.35,-0.3
2019-11-15,五粮液,000858,110.4,110.4,108.42,108.75,109.97,130653,1746120608.0,0.34,-1.11
2019-11-14,五粮液,000858,110.07,110.92,109.1,109.97,110.04,187239,2524776832.0,0.49,-0.06
2019-11-13,五粮液,000858,109.22,110.7,108.1,110.04,108.79,181589,2438350704.0,0.48,1.15
2019-11-12,五粮液,000858,108.52,109.27,107.61,108.79,108.14,160139,2130045584.0,0.42,0.6
2019-11-11,五粮液,000858,109.42,110.3,107.42,108.14,110.01,217727,2894022128.0,0.57,-1.7
2019-11-08,五粮液,000858,109.72,112.05,109.42,110.01,108.59,289220,3912720224.0,0.76,1.31
2019-11-07,五粮液,000858,108.06,108.91,107.54,108.59,108.05,103993,1383132384.0,0.27,0.5
2019-11-06,五粮液,000858,110.4,110.4,107.93,108.05,109.7,190923,2540229472.0,0.5,-1.5
2019-11-05,五粮液,000858,109.92,110.7,108.97,109.7,109.41,163965,2205196704.0,0.43,0.27
2019-11-04,五粮液,000858,109.32,111.27,109.26,109.41,109.12,220473,2968606688.0,0.58,0.27
2019-11-01,五粮液,000858,108.12,109.6,107.27,109.12,107.5,223768,2975884624.0,0.59,1.51
2019-10-31,五粮液,000858,111.08,111.42,107.13,107.5,106.37,333272,4458545152.0,0.88,1.06
2019-10-30,五粮液,000858,106.92,107.29,105.0,106.37,106.92,132816,1733800240.0,0.35,-0.51
2019-10-29,五粮液,000858,106.42,108.07,105.68,106.92,105.47,214686,2830140048.0,0.57,1.37
2019-10-28,五粮液,000858,103.64,106.22,102.7,105.47,103.62,236364,3064652336.0,0.62,1.79
2019-10-25,五粮液,000858,100.57,103.92,99.84,103.62,99.95,257853,3268792448.0,0.68,3.67
2019-10-24,五粮液,000858,102.97,103.62,99.67,99.95,102.74,270606,3395329984.0,0.71,-2.72
2019-10-23,五粮液,000858,104.42,105.5,102.44,102.74,104.42,191812,2462727680.0,0.51,-1.61
2019-10-22,五粮液,000858,104.42,104.8,103.42,104.42,103.54,144421,1859987008.0,0.38,0.85
2019-10-21,五粮液,000858,102.72,103.92,101.55,103.54,102.72,165637,2116275968.0,0.44,0.8
2019-10-18,五粮液,000858,105.4,105.4,102.09,102.72,105.72,325369,4170460176.0,0.86,-2.84
2019-10-17,五粮液,000858,106.42,106.55,105.17,105.72,105.55,147556,1923019600.0,0.39,0.16
2019-10-16,五粮液,000858,105.32,106.67,104.16,105.55,108.11,274371,3569058480.0,0.72,-2.37
2019-10-15,五粮液,000858,106.42,108.95,105.42,108.11,106.28,274877,3641762784.0,0.72,1.72
2019-10-14,五粮液,000858,108.42,108.92,105.72,106.28,106.67,210411,2764340144.0,0.55,-0.37
2019-10-11,五粮液,000858,106.92,108.07,104.42,106.67,106.41,226707,2967723904.0,0.6,0.24
2019-10-10,五粮液,000858,104.03,107.07,101.5,106.41,107.23,293459,3786598656.0,0.77,-0.76
2019-10-09,五粮液,000858,108.42,108.51,106.12,107.23,108.18,168829,2221320320.0,0.44,-0.88
2019-10-08,五粮液,000858,105.22,109.99,105.22,108.18,105.22,226896,3022296800.0,0.6,2.81
2019-09-30,五粮液,000858,108.42,109.37,104.92,105.22,109.22,265434,3473617328.0,0.7,-3.66
2019-09-27,五粮液,000858,108.53,110.72,107.62,109.22,109.52,166711,2233718320.0,0.44,-0.27
2019-09-26,五粮液,000858,112.39,113.04,108.77,109.52,111.96,219393,2964217248.0,0.58,-2.18
2019-09-25,五粮液,000858,111.42,113.3,110.08,111.96,111.93,189634,2588651280.0,0.5,0.03
2019-09-24,五粮液,000858,109.67,113.14,109.67,111.93,110.27,268694,3672327392.0,0.71,1.51
2019-09-23,五粮液,000858,112.14,112.14,107.42,110.27,112.26,209573,2814843040.0,0.55,-1.77
2019-09-20,五粮液,000858,110.92,112.94,110.92,112.26,110.34,257905,3523702832.0,0.68,1.74
2019-09-19,五粮液,000858,111.42,111.67,109.13,110.34,110.98,182045,2452341152.0,0.48,-0.58
2019-09-18,五粮液,000858,107.52,111.34,107.43,110.98,106.96,363936,4907950592.0,0.96,3.76
2019-09-17,五粮液,000858,105.52,109.16,105.0,106.96,106.34,257861,3398413392.0,0.68,0.58
2019-09-16,五粮液,000858,105.89,107.22,104.52,106.34,106.97,238108,3107715792.0,0.63,-0.59
2019-09-12,五粮液,000858,102.92,107.56,102.92,106.97,104.68,412754,5390860032.0,1.09,2.19
2019-09-11,五粮液,000858,110.42,111.02,104.1,104.68,112.67,702310,9220352256.0,1.85,-7.09
2019-09-10,五粮液,000858,113.62,113.92,111.63,112.67,114.62,247836,3401992976.0,0.65,-1.7
2019-09-09,五粮液,000858,115.48,116.15,114.02,114.62,115.43,224903,3131952944.0,0.59,-0.7
2019-09-06,五粮液,000858,115.07,115.52,112.64,115.43,114.32,279328,3879562640.0,0.74,0.97
2019-09-05,五粮液,000858,113.7,115.66,113.22,114.32,113.73,300247,4172563456.0,0.79,0.52
2019-09-04,五粮液,000858,115.48,116.42,112.92,113.73,116.92,380556,5269300224.0,1.0,-2.73
2019-09-03,五粮液,000858,117.42,118.21,114.82,116.92,117.31,274754,3872907648.0,0.72,-0.33
2019-09-02,五粮液,000858,116.92,117.97,113.52,117.31,116.92,329901,4649797888.0,0.87,0.33
2019-08-30,五粮液,000858,113.47,118.52,113.45,116.92,112.42,440798,6195944704.0,1.16,4.0
2019-08-29,五粮液,000858,109.82,113.16,109.14,112.42,109.34,316290,4294986752.0,0.83,2.82
2019-08-28,五粮液,000858,108.62,111.97,107.12,109.34,107.8,343764,4610003456.0,0.91,1.43
2019-08-27,五粮液,000858,104.19,108.7,103.87,107.8,102.84,379671,4996837376.0,1.0,4.82
2019-08-26,五粮液,000858,103.32,104.42,102.02,102.84,105.52,283220,3616949040.0,0.75,-2.54
2019-08-23,五粮液,000858,105.96,107.1,104.6,105.52,105.92,320667,4184735264.0,0.84,-0.38
2019-08-22,五粮液,000858,103.76,106.42,103.28,105.92,103.27,302087,3912514032.0,0.8,2.57
2019-08-21,五粮液,000858,104.91,105.3,103.02,103.27,105.01,232900,2992919472.0,0.61,-1.66
2019-08-20,五粮液,000858,103.42,105.64,103.12,105.01,103.32,306617,3970361328.0,0.81,1.64
2019-08-19,五粮液,000858,102.72,104.23,101.15,103.32,101.72,312747,3982435344.0,0.82,1.57
2019-08-16,五粮液,000858,101.92,104.42,100.82,101.72,101.4,312170,3974054176.0,0.82,0.32
2019-08-15,五粮液,000858,99.32,101.86,98.93,101.4,101.27,246999,3086946672.0,0.65,0.13
2019-08-14,五粮液,000858,99.62,102.42,98.93,101.27,97.72,416269,5232740608.0,1.1,3.63
2019-08-13,五粮液,000858,97.42,98.42,96.8,97.72,98.26,191874,2342683344.0,0.51,-0.55
2019-08-12,五粮液,000858,96.41,98.62,94.43,98.26,93.44,395370,4797396736.0,1.04,5.16
2019-08-09,五粮液,000858,96.92,97.4,92.92,93.44,95.94,278185,3321550416.0,0.73,-2.61
2019-08-08,五粮液,000858,94.91,97.03,94.68,95.94,94.3,252180,3043542048.0,0.66,1.74
2019-08-07,五粮液,000858,97.22,97.27,94.28,94.3,96.7,256858,3082279504.0,0.68,-2.48
2019-08-06,五粮液,000858,92.22,97.22,89.72,96.7,92.37,533102,6331332864.0,1.4,4.69
2019-08-05,五粮液,000858,91.95,94.81,91.64,92.37,93.54,269946,3169877904.0,0.71,-1.25
2019-08-02,五粮液,000858,91.73,94.07,91.44,93.54,94.45,270011,3167999088.0,0.71,-0.96
2019-08-01,五粮液,000858,95.45,96.74,93.55,94.45,96.13,260736,3109917792.0,0.69,-1.75
2019-07-31,五粮液,000858,97.62,98.52,95.7,96.13,98.32,242683,2940184912.0,0.64,-2.23
2019-07-30,五粮液,000858,99.52,100.1,97.92,98.32,99.17,238945,2948652608.0,0.63,-0.86
2019-07-29,五粮液,000858,96.92,99.6,96.35,99.17,96.67,356041,4382731008.0,0.94,2.59
2019-07-26,五粮液,000858,96.23,97.92,95.92,96.67,97.1,235231,2859765040.0,0.62,-0.44
2019-07-25,五粮液,000858,94.72,97.19,91.62,97.1,94.92,439753,5225971456.0,1.16,2.3
2019-07-24,五粮液,000858,95.64,96.55,94.42,94.92,95.47,282786,3392025184.0,0.75,-0.58
2019-07-23,五粮液,000858,99.12,99.2,94.1,95.47,98.87,426761,5141805056.0,1.12,-3.44
2019-07-22,五粮液,000858,97.72,99.2,96.75,98.87,97.56,229290,2814700736.0,0.6,1.34
2019-07-19,五粮液,000858,97.42,99.3,96.52,97.56,96.42,238433,2923077632.0,0.63,1.18
2019-07-18,五粮液,000858,98.93,99.67,96.42,96.42,99.02,279618,3420457856.0,0.74,-2.63
2019-07-17,五粮液,000858,98.92,100.16,97.92,99.02,99.0,198449,2452457680.0,0.52,0.02
2019-07-16,五粮液,000858,100.52,101.42,98.61,99.0,100.51,229800,2852294240.0,0.61,-1.5
2019-07-15,五粮液,000858,99.44,100.88,96.92,100.51,101.0,294387,3649762384.0,0.78,-0.49
2019-07-12,五粮液,000858,99.15,101.95,98.32,101.0,98.92,334533,4185378160.0,0.88,2.1
2019-07-11,五粮液,000858,102.87,103.34,98.25,98.92,101.85,421004,5284580608.0,1.11,-2.88
2019-07-10,五粮液,000858,102.3,102.86,100.82,101.85,101.42,246400,3115224800.0,0.65,0.42
2019-07-09,五粮液,000858,102.14,104.22,99.92,101.42,102.45,367636,4648786944.0,0.97,-1.01
2019-07-08,五粮液,000858,105.2,105.22,99.92,102.45,105.23,466162,5915433728.0,1.23,-2.64
2019-07-05,五粮液,000858,98.92,105.6,98.42,105.23,98.51,562843,7145349888.0,1.48,6.82
2019-07-04,五粮液,000858,99.31,100.28,95.7,98.51,99.33,483135,5912603648.0,1.27,-0.83
2019-07-03,五粮液,000858,102.42,105.71,97.56,99.33,103.42,714434,9012422912.0,1.88,-3.95
2019-07-02,五粮液,000858,100.13,103.42,100.03,103.42,101.42,382939,4819052288.0,1.01,1.97
2019-07-01,五粮液,000858,96.6,101.42,96.47,101.42,93.37,479809,5957481728.0,1.26,8.62
2019-06-28,五粮液,000858,93.0,93.76,91.3,93.37,92.72,270361,3173238384.0,0.71,0.7
2019-06-27,五粮液,000858,89.93,93.89,89.93,92.72,89.24,446929,5219625984.0,1.18,3.9
2019-06-26,五粮液,000858,89.66,90.26,88.61,89.24,90.32,203149,2313679184.0,0.54,-1.2
2019-06-25,五粮液,000858,90.48,91.99,87.42,90.32,90.48,387597,4414668544.0,1.02,-0.18
2019-06-24,五粮液,000858,88.4,92.82,87.43,90.48,88.4,428014,4920809728.0,1.13,2.35
2019-06-21,五粮液,000858,87.48,89.3,86.62,88.4,88.39,428986,4826930176.0,1.13,0.01
2019-06-20,五粮液,000858,80.88,88.52,80.75,88.39,81.32,631133,6984596736.0,1.66,8.69
2019-06-19,五粮液,000858,83.2,83.62,81.28,81.32,79.5,378260,4049045248.0,1.0,2.29
2019-06-18,五粮液,000858,78.88,80.55,77.62,79.5,79.12,232709,2416587888.0,0.61,0.48
2019-06-17,五粮液,000858,80.38,81.66,77.53,79.12,80.38,300609,3129573472.0,0.79,-1.57
2019-06-14,五粮液,000858,82.2,84.12,80.11,80.38,82.22,348243,3709509520.0,0.92,-2.24
2019-06-13,五粮液,000858,83.44,83.57,80.57,82.22,83.03,274693,2924978256.0,0.72,-0.98
2019-06-12,五粮液,000858,84.53,85.22,81.83,83.03,84.37,384593,4155736704.0,1.01,-1.59
2019-06-11,五粮液,000858,76.58,84.94,76.1,84.37,75.86,641527,6792227840.0,1.69,11.22
2019-06-10,五粮液,000858,72.72,76.55,71.42,75.86,72.71,345857,3428090384.0,0.91,4.33
2019-06-06,五粮液,000858,73.4,74.19,72.08,72.71,72.77,217204,2118748144.0,0.57,-0.08
2019-06-05,五粮液,000858,74.27,74.33,72.6,72.77,72.91,235420,2346988272.0,0.62,-0.19
2019-06-04,五粮液,000858,76.1,76.22,72.35,72.91,75.18,320981,3192822288.0,0.85,-3.02
2019-06-03,五粮液,000858,75.02,77.27,73.78,75.18,74.97,261336,2653955616.0,0.69,0.28
2019-05-31,五粮液,000858,77.12,77.12,74.75,74.97,76.85,288484,2938475712.0,0.76,-2.45
2019-05-30,五粮液,000858,77.52,78.92,75.71,76.85,78.27,249276,2571306208.0,0.66,-1.81
2019-05-29,五粮液,000858,75.7,78.94,75.32,78.27,76.82,431698,4487115520.0,1.14,1.89
2019-05-28,五粮液,000858,75.32,77.92,75.02,76.82,75.72,427841,4399951104.0,1.13,1.45
2019-05-27,五粮液,000858,75.22,76.37,72.22,75.72,74.74,351185,3534292352.0,0.93,1.31
2019-05-24,五粮液,000858,73.83,76.6,73.52,74.74,73.55,324838,3284967744.0,0.86,1.62
2019-05-23,五粮液,000858,75.94,76.72,73.05,73.55,77.03,428035,4314285824.0,1.13,-4.52
2019-05-22,五粮液,000858,77.02,78.85,74.72,77.03,77.92,281542,2903441872.0,0.74,-1.14
2019-05-21,五粮液,000858,77.73,79.9,75.62,77.92,77.72,418030,4339949568.0,1.1,0.26
2019-05-20,五粮液,000858,79.52,79.65,75.32,77.72,80.18,398480,4127376688.0,1.05,-3.07
2019-05-17,五粮液,000858,82.74,84.7,78.71,80.18,83.7,501195,5378725888.0,1.32,-4.21
2019-05-16,五粮液,000858,82.48,85.71,81.52,83.7,83.62,426503,4675545600.0,1.12,0.1
2019-05-15,五粮液,000858,77.92,84.22,76.88,83.62,76.2,647521,6923929600.0,1.71,9.74
2019-05-14,五粮液,000858,74.72,78.71,74.72,76.2,77.32,431034,4441800192.0,1.14,-1.45
2019-05-13,五粮液,000858,72.72,78.02,70.72,77.32,72.92,521618,5335656448.0,1.37,6.03
2019-05-10,五粮液,000858,68.31,73.2,67.33,72.92,65.53,597127,5777245696.0,1.57,11.28
2019-05-09,五粮液,000858,68.62,69.6,63.74,65.53,69.6,525058,4852605184.0,1.38,-5.85
2019-05-08,五粮液,000858,66.89,71.38,66.74,69.6,69.68,333316,3192877616.0,0.88,-0.11
2019-05-07,五粮液,000858,67.02,70.69,67.02,69.68,65.84,517243,4939402496.0,1.36,5.83
2019-05-06,五粮液,000858,72.06,72.35,65.84,65.84,76.08,716993,6811943424.0,1.89,-13.46
2019-04-30,五粮液,000858,75.72,78.22,74.72,76.08,76.01,299197,3066006976.0,0.79,0.09
2019-04-29,五粮液,000858,74.72,78.83,72.52,76.01,75.99,578443,5918159104.0,1.52,0.03
2019-04-26,五粮液,000858,73.62,77.22,73.62,75.99,74.32,410707,4170490848.0,1.08,2.25
2019-04-25,五粮液,000858,76.52,77.72,74.32,74.32,77.22,324523,3310704576.0,0.85,-3.76
2019-04-24,五粮液,000858,78.72,80.22,74.72,77.22,78.03,362607,3738473488.0,0.96,-1.04
2019-04-23,五粮液,000858,74.32,80.22,74.22,78.03,74.85,521794,5401052672.0,1.37,4.25
2019-04-22,五粮液,000858,74.72,77.62,74.22,74.85,75.38,350744,3571766320.0,0.92,-0.7
2019-04-19,五粮液,000858,76.06,76.14,73.58,75.38,76.06,302351,3052000832.0,0.8,-0.89
2019-04-18,五粮液,000858,77.04,78.22,75.52,76.06,77.34,278663,2862113040.0,0.73,-1.66
2019-04-17,五粮液,000858,74.7,79.2,74.02,77.34,75.93,423137,4356259328.0,1.11,1.86
2019-04-16,五粮液,000858,72.32,75.95,70.78,75.93,74.32,474714,4751005696.0,1.25,2.17
2019-04-15,五粮液,000858,75.72,78.66,73.72,74.32,73.34,464503,4759979008.0,1.22,1.34
2019-04-12,五粮液,000858,71.62,74.02,70.72,73.34,73.52,410825,4052939504.0,1.08,-0.24
2019-04-11,五粮液,000858,79.62,80.62,71.29,73.52,80.72,676208,6875381504.0,1.78,-8.92
2019-04-10,五粮液,000858,79.72,83.75,76.72,80.72,83.74,673144,7185973760.0,1.77,-3.61
2019-04-09,五粮液,000858,73.88,83.85,73.83,83.74,75.72,473137,4884426240.0,1.25,10.59
2019-04-08,五粮液,000858,78.37,79.11,73.73,75.72,73.95,535741,5478418944.0,1.41,2.39
2019-04-04,五粮液,000858,68.38,75.25,67.91,73.95,69.12,516298,5094805504.0,1.36,6.99
2019-04-03,五粮液,000858,68.33,70.73,68.33,69.12,69.78,247438,2369519376.0,0.65,-0.95
2019-04-02,五粮液,000858,69.72,70.2,68.0,69.78,70.29,356990,3399871600.0,0.94,-0.73
2019-04-01,五粮液,000858,68.72,71.18,67.72,70.29,68.72,548711,5244031744.0,1.45,2.28
2019-03-29,五粮液,000858,65.22,71.8,64.86,68.72,64.02,574996,5426052608.0,1.51,7.34
2019-03-28,五粮液,000858,63.52,65.61,61.73,64.02,61.7,607346,5493378560.0,1.6,3.76
2019-03-27,五粮液,000858,59.1,63.67,58.27,61.7,58.19,494443,4308324608.0,1.3,6.03
2019-03-26,五粮液,000858,56.92,59.39,56.89,58.19,56.53,323213,2724755664.0,0.85,2.94
2019-03-25,五粮液,000858,58.22,59.22,56.02,56.53,59.77,333485,2793616224.0,0.88,-5.42
2019-03-22,五粮液,000858,58.27,60.34,57.73,59.77,58.62,287228,2459037968.0,0.76,1.96
2019-03-21,五粮液,000858,59.44,59.72,58.25,58.62,59.42,218635,1857556464.0,0.58,-1.35
2019-03-20,五粮液,000858,58.72,61.9,58.12,59.42,59.72,404123,3473591312.0,1.06,-0.5
2019-03-19,五粮液,000858,58.65,62.33,58.02,59.72,60.38,614713,5293626368.0,1.62,-1.09
2019-03-18,五粮液,000858,52.4,60.38,52.22,60.38,52.5,785029,6597656064.0,2.07,15.01
2019-03-15,五粮液,000858,50.59,53.31,48.73,52.5,50.87,407667,3195204176.0,1.07,3.2
2019-03-14,五粮液,000858,50.62,52.71,49.44,50.87,50.22,438313,3412067632.0,1.15,1.29
2019-03-13,五粮液,000858,48.72,50.88,48.37,50.22,49.02,320983,2441832256.0,0.85,2.45
2019-03-12,五粮液,000858,49.6,50.87,48.49,49.02,49.72,345975,2617867824.0,0.91,-1.41
2019-03-11,五粮液,000858,45.32,50.23,45.32,49.72,45.16,453330,3365404176.0,1.19,10.1
2019-03-08,五粮液,000858,45.46,48.1,44.73,45.16,47.69,421401,3053064896.0,1.11,-5.31
2019-03-07,五粮液,000858,49.8,49.8,46.92,47.69,50.71,464177,3452843504.0,1.22,-5.96
2019-03-06,五粮液,000858,50.97,51.12,49.72,50.71,51.49,341851,2619984240.0,0.9,-1.51
2019-03-05,五粮液,000858,50.96,52.28,50.49,51.49,50.97,332859,2577911824.0,0.88,1.02
2019-03-04,五粮液,000858,50.31,53.22,49.23,50.97,49.62,612471,4731317504.0,1.61,2.72
2019-03-01,五粮液,000858,45.82,49.84,45.42,49.62,45.22,493190,3648644752.0,1.3,9.73
2019-02-28,五粮液,000858,43.52,46.32,42.23,45.22,43.78,394478,2804495424.0,1.04,3.29
2019-02-27,五粮液,000858,43.27,46.2,42.87,43.78,42.64,488307,3448272496.0,1.29,2.67
2019-02-26,五粮液,000858,44.68,44.72,42.52,42.64,44.98,450654,3137917040.0,1.19,-5.2
2019-02-25,五粮液,000858,42.38,45.57,41.21,44.98,42.22,593506,4126012688.0,1.56,6.54
2019-02-22,五粮液,000858,41.11,42.22,40.52,42.22,41.77,238045,1612149504.0,0.63,1.08
2019-02-21,五粮液,000858,42.68,42.96,41.28,41.77,42.73,283498,1939785168.0,0.75,-2.25
2019-02-20,五粮液,000858,43.22,44.2,41.52,42.73,43.39,296281,2047537232.0,0.78,-1.52
2019-02-19,五粮液,000858,43.4,44.19,42.33,43.39,43.59,339649,2359916160.0,0.89,-0.46
2019-02-18,五粮液,000858,40.82,43.62,40.82,43.59,40.12,439770,3023099200.0,1.16,8.65
2019-02-15,五粮液,000858,41.72,41.92,39.79,40.12,41.68,311272,2082676224.0,0.82,-3.74
2019-02-14,五粮液,000858,39.67,42.02,39.31,41.68,39.79,446146,3004589296.0,1.18,4.75
2019-02-13,五粮液,000858,39.2,39.96,38.2,39.79,38.47,374356,2448957568.0,0.99,3.43
2019-02-12,五粮液,000858,38.57,40.49,38.02,38.47,38.42,437642,2856721808.0,1.15,0.13
2019-02-11,五粮液,000858,35.59,38.95,34.32,38.42,34.9,433982,2753822288.0,1.14,10.09
2019-02-01,五粮液,000858,34.52,35.08,33.94,34.9,34.02,390354,2375429264.0,1.03,2.59
2019-01-31,五粮液,000858,31.43,34.38,30.33,34.02,31.0,527324,3103402256.0,1.39,9.74
2019-01-30,五粮液,000858,32.11,32.89,30.92,31.0,32.3,286802,1664437440.0,0.76,-4.02
2019-01-29,五粮液,000858,31.32,32.3,30.42,32.3,31.19,317132,1837922048.0,0.84,3.56
2019-01-28,五粮液,000858,29.72,32.27,29.22,31.19,28.97,592375,3412999040.0,1.56,7.66
2019-01-25,五粮液,000858,29.27,29.57,28.44,28.97,28.92,241740,1341239760.0,0.64,0.17
2019-01-24,五粮液,000858,29.02,29.47,28.22,28.92,28.79,193598,1067519360.0,0.51,0.45
2019-01-23,五粮液,000858,28.6,29.27,28.32,28.79,28.93,202242,1112986464.0,0.53,-0.48
2019-01-22,五粮液,000858,29.72,29.72,28.37,28.93,29.72,335692,1848120928.0,0.88,-2.66
2019-01-21,五粮液,000858,28.37,30.09,28.34,29.72,27.6,549112,3061837200.0,1.45,7.68
2019-01-18,五粮液,000858,25.92,28.22,25.92,27.6,25.64,521235,2803566848.0,1.37,7.64
2019-01-17,五粮液,000858,26.12,26.51,25.28,25.64,25.92,233910,1221557216.0,0.62,-1.08
2019-01-16,五粮液,000858,26.52,26.52,25.75,25.92,26.69,330078,1727407216.0,0.87,-2.88
2019-01-15,五粮液,000858,23.47,26.82,23.23,26.69,23.31,500413,2572947456.0,1.32,14.5
2019-01-14,五粮液,000858,24.22,24.31,23.2,23.31,24.41,217801,1083865424.0,0.57,-4.51
2019-01-11,五粮液,000858,23.77,24.49,23.44,24.41,23.58,247668,1247223824.0,0.65,3.52
2019-01-10,五粮液,000858,23.6,23.87,22.95,23.58,23.75,186374,925758400.0,0.49,-0.72
2019-01-09,五粮液,000858,23.13,24.39,22.87,23.75,22.74,330785,1658874320.0,0.87,4.44
2019-01-08,五粮液,000858,23.2,23.32,22.6,22.74,23.03,167844,824599216.0,0.44,-1.26
2019-01-07,五粮液,000858,23.62,23.87,22.75,23.03,23.26,233797,1155244864.0,0.62,-0.99
2019-01-04,五粮液,000858,21.95,23.5,21.72,23.26,22.68,241498,1185479552.0,0.64,2.56
2019-01-03,五粮液,000858,23.76,23.76,21.99,22.68,23.66,278030,1356928384.0,0.73,-4.14
2019-01-02,五粮液,000858,25.32,25.52,23.55,23.66,24.6,232267,1174716784.0,0.61,-3.82
2018-12-28,五粮液,000858,24.04,24.97,23.54,24.6,23.87,190685,967588992.0,0.5,3.06
2018-12-27,五粮液,000858,24.92,25.2,23.87,23.87,24.13,134354,683348928.0,0.35,-1.08
2018-12-26,五粮液,000858,24.56,24.9,23.92,24.13,24.58,91197,461720960.0,0.24,-1.83
2018-12-25,五粮液,000858,23.99,24.82,23.57,24.58,24.68,120800,608934768.0,0.32,-0.41
2018-12-24,五粮液,000858,23.92,24.97,23.78,24.68,24.32,104929,532943456.0,0.28,1.48
2018-12-21,五粮液,000858,25.12,25.22,23.77,24.32,25.58,194939,988024608.0,0.51,-4.93
2018-12-20,五粮液,000858,26.27,26.46,24.63,25.58,26.28,182040,941847200.0,0.48,-2.66
2018-12-19,五粮液,000858,26.52,27.77,26.23,26.28,26.66,190965,1019671424.0,0.5,-1.43
2018-12-18,五粮液,000858,26.13,26.76,26.02,26.66,26.54,106706,561857536.0,0.28,0.45
2018-12-17,五粮液,000858,26.46,26.72,25.93,26.54,26.71,103844,546825424.0,0.27,-0.64
2018-12-14,五粮液,000858,27.55,27.62,26.64,26.71,27.73,173186,922137680.0,0.46,-3.68
2018-12-13,五粮液,000858,26.87,28.17,26.62,27.73,26.89,230114,1241031296.0,0.61,3.12
2018-12-12,五粮液,000858,27.21,27.21,26.41,26.89,26.54,121634,645047984.0,0.32,1.32
2018-12-11,五粮液,000858,26.07,26.71,25.84,26.54,26.05,110120,578637440.0,0.29,1.88
2018-12-10,五粮液,000858,26.21,26.87,25.61,26.05,26.92,158761,832455344.0,0.42,-3.23
2018-12-07,五粮液,000858,27.23,27.39,26.52,26.92,26.72,146894,782201152.0,0.39,0.75
2018-12-06,五粮液,000858,27.77,28.18,26.45,26.72,28.63,299608,1601536560.0,0.79,-6.67
2018-12-05,五粮液,000858,27.91,29.33,27.67,28.63,28.67,280715,1542561984.0,0.74,-0.14
2018-12-04,五粮液,000858,28.72,29.13,28.13,28.67,28.81,215035,1178732544.0,0.57,-0.49
2018-12-03,五粮液,000858,27.79,28.92,27.12,28.81,26.11,460208,2511545472.0,1.21,10.34
2018-11-30,五粮液,000858,24.42,26.11,24.22,26.11,24.15,398866,2068637920.0,1.05,8.12
2018-11-29,五粮液,000858,24.85,25.2,24.12,24.15,23.96,243415,1242372768.0,0.64,0.79
2018-11-28,五粮液,000858,23.69,24.35,23.38,23.96,23.5,137338,688851440.0,0.36,1.96
2018-11-27,五粮液,000858,24.09,24.09,23.26,23.5,23.81,100746,502445552.0,0.27,-1.3
2018-11-26,五粮液,000858,24.12,24.36,23.72,23.81,23.74,95099,477612272.0,0.25,0.29
2018-11-23,五粮液,000858,24.7,24.92,23.72,23.74,24.71,137979,693820128.0,0.36,-3.93
2018-11-22,五粮液,000858,25.02,25.2,24.08,24.71,24.85,124116,631537104.0,0.33,-0.56
2018-11-21,五粮液,000858,23.73,25.16,23.62,24.85,24.33,182848,931815888.0,0.48,2.14
2018-11-20,五粮液,000858,25.2,25.22,24.32,24.33,25.41,180986,921741024.0,0.48,-4.25
2018-11-19,五粮液,000858,24.56,25.7,24.32,25.41,24.41,247184,1271045168.0,0.65,4.1
2018-11-16,五粮液,000858,24.52,24.9,24.13,24.41,24.31,196549,998312544.0,0.52,0.41
2018-11-15,五粮液,000858,24.08,24.56,23.93,24.31,23.89,151935,768330768.0,0.4,1.76
2018-11-14,五粮液,000858,24.97,24.98,23.78,23.89,24.97,206290,1040308048.0,0.54,-4.33
2018-11-13,五粮液,000858,23.12,25.41,22.99,24.97,23.77,326151,1651313776.0,0.86,5.05
2018-11-12,五粮液,000858,23.56,23.91,22.72,23.77,23.73,261822,1301791728.0,0.69,0.17
2018-11-09,五粮液,000858,23.73,24.16,23.61,23.73,24.41,146378,733423984.0,0.39,-2.79
2018-11-08,五粮液,000858,24.86,25.21,24.22,24.41,24.22,182010,928122736.0,0.48,0.78
2018-11-07,五粮液,000858,24.63,25.22,23.94,24.22,24.52,240857,1226555648.0,0.63,-1.22
2018-11-06,五粮液,000858,25.45,25.45,23.74,24.52,25.47,283324,1431547616.0,0.75,-3.73
2018-11-05,五粮液,000858,26.38,26.62,24.82,25.47,27.41,457641,2369001856.0,1.21,-7.08
2018-11-02,五粮液,000858,25.5,27.41,24.57,27.41,23.37,593916,3096208032.0,1.56,17.29
2018-11-01,五粮液,000858,22.82,24.67,22.43,23.37,21.87,639046,3185378784.0,1.68,6.86
2018-10-31,五粮液,000858,21.72,22.47,21.21,21.87,21.21,461995,2224915888.0,1.22,3.11
2018-10-30,五粮液,000858,20.52,22.56,19.78,21.21,22.59,550242,2611486800.0,1.45,-6.11
2018-10-29,五粮液,000858,24.67,24.72,22.59,22.59,28.02,379559,1867188640.0,1.0,-19.38
2018-10-26,五粮液,000858,28.62,29.18,27.72,28.02,28.52,231604,1261671856.0,0.61,-1.75
2018-10-25,五粮液,000858,28.67,29.1,27.74,28.52,30.01,290302,1583783392.0,0.76,-4.97
2018-10-24,五粮液,000858,30.32,31.22,28.53,30.01,31.72,440495,2476913920.0,1.16,-5.39
2018-10-23,五粮液,000858,35.87,35.87,30.9,31.72,36.2,542433,3220258368.0,1.43,-12.38
2018-10-22,五粮液,000858,33.94,36.72,33.93,36.2,33.21,445532,2750470640.0,1.17,9.0
2018-10-19,五粮液,000858,31.52,33.46,30.29,33.21,31.72,368965,2151505920.0,0.97,4.7
2018-10-18,五粮液,000858,32.53,32.89,31.48,31.72,33.12,177303,1035333840.0,0.47,-4.23
2018-10-17,五粮液,000858,33.62,33.7,31.42,33.12,32.69,262417,1546537888.0,0.69,1.32
2018-10-16,五粮液,000858,32.52,33.67,32.02,32.69,32.48,152528,900184448.0,0.4,0.65
2018-10-15,五粮液,000858,33.94,34.17,32.3,32.48,33.93,256200,1522091216.0,0.67,-4.27
2018-10-12,五粮液,000858,32.52,34.23,32.32,33.93,32.44,371527,2208288032.0,0.98,4.59
2018-10-11,五粮液,000858,32.19,33.89,31.74,32.44,34.53,457450,2689059904.0,1.21,-6.05
2018-10-10,五粮液,000858,37.22,37.42,34.22,34.53,37.08,419606,2588361104.0,1.11,-6.88
2018-10-09,五粮液,000858,37.28,38.14,36.52,37.08,37.2,214205,1360554848.0,0.56,-0.32
2018-10-08,五粮液,000858,39.6,40.0,37.2,37.2,41.67,370570,2385119280.0,0.98,-10.73
2018-09-28,五粮液,000858,41.19,42.02,40.52,41.67,41.09,233828,1580316128.0,0.62,1.41
2018-09-27,五粮液,000858,40.71,41.32,40.15,41.09,40.92,216316,1449181808.0,0.57,0.42
2018-09-26,五粮液,000858,39.42,42.02,39.3,40.92,39.02,438041,2938975088.0,1.15,4.87
2018-09-25,五粮液,000858,39.54,40.11,38.6,39.02,40.14,195150,1279057648.0,0.51,-2.79
2018-09-21,五粮液,000858,38.32,40.52,38.29,40.14,38.11,331030,2175628240.0,0.87,5.33
2018-09-20,五粮液,000858,38.12,38.57,37.75,38.11,38.16,164166,1056728304.0,0.43,-0.13
2018-09-19,五粮液,000858,36.71,39.25,36.62,38.16,36.93,411364,2653606016.0,1.08,3.33
2018-09-18,五粮液,000858,35.34,37.32,34.73,36.93,35.58,263861,1647393664.0,0.7,3.79
2018-09-17,五粮液,000858,35.12,36.28,34.75,35.58,35.25,235509,1458775760.0,0.62,0.94
2018-09-14,五粮液,000858,34.17,35.88,33.42,35.25,33.7,294960,1800648320.0,0.78,4.6
2018-09-13,五粮液,000858,34.11,34.37,32.3,33.7,33.37,206865,1232442096.0,0.54,0.99
2018-09-12,五粮液,000858,34.72,34.72,33.31,33.37,34.72,191608,1150744736.0,0.5,-3.89
2018-09-11,五粮液,000858,34.1,35.07,33.92,34.72,34.1,202919,1235001568.0,0.53,1.82
2018-09-10,五粮液,000858,34.64,34.68,33.0,34.1,34.49,195919,1179507360.0,0.52,-1.13
2018-09-07,五粮液,000858,34.02,34.87,33.52,34.49,33.43,222726,1347995376.0,0.59,3.17
2018-09-06,五粮液,000858,34.22,35.36,32.9,33.43,34.62,319222,1924316864.0,0.84,-3.44
2018-09-05,五粮液,000858,36.47,36.47,34.52,34.62,36.49,217130,1342662992.0,0.57,-5.12
2018-09-04,五粮液,000858,35.99,36.68,35.32,36.49,35.69,194839,1215148336.0,0.51,2.24
2018-09-03,五粮液,000858,34.82,35.89,34.81,35.69,35.62,208325,1283847408.0,0.55,0.2
2018-08-31,五粮液,000858,36.71,36.71,35.35,35.62,37.12,244561,1517434112.0,0.64,-4.04
2018-08-30,五粮液,000858,37.42,38.22,36.84,37.12,37.4,189692,1209290720.0,0.5,-0.75
2018-08-29,五粮液,000858,38.01,38.23,37.06,37.4,38.02,242286,1543978656.0,0.64,-1.63
2018-08-28,五粮液,000858,39.75,39.9,37.69,38.02,39.03,390977,2527105904.0,1.03,-2.59
2018-08-27,五粮液,000858,36.82,39.03,36.82,39.03,36.68,340401,2198875200.0,0.9,6.41
2018-08-24,五粮液,000858,37.62,37.62,36.22,36.68,37.87,184769,1163742384.0,0.49,-3.14
2018-08-23,五粮液,000858,37.7,38.55,36.9,37.87,37.41,178918,1147044336.0,0.47,1.23
2018-08-22,五粮液,000858,37.71,38.09,37.0,37.41,38.05,147733,942536720.0,0.39,-1.68
2018-08-21,五粮液,000858,35.77,38.38,35.62,38.05,35.75,355392,2262787696.0,0.94,6.43
2018-08-20,五粮液,000858,34.71,35.87,33.3,35.75,34.33,291250,1771847024.0,0.77,4.14
2018-08-17,五粮液,000858,35.57,36.02,34.02,34.33,34.87,259935,1592610464.0,0.68,-1.55
2018-08-16,五粮液,000858,36.05,37.13,34.86,34.87,37.05,308056,1913089776.0,0.81,-5.88
2018-08-15,五粮液,000858,38.83,38.83,37.0,37.05,38.82,207113,1320142864.0,0.55,-4.56
2018-08-14,五粮液,000858,38.71,39.64,37.83,38.82,38.13,294337,1910064576.0,0.78,1.81
2018-08-13,五粮液,000858,38.97,38.97,36.82,38.13,39.77,365521,2343183712.0,0.96,-4.12
2018-08-10,五粮液,000858,39.98,40.91,39.06,39.77,40.08,212834,1409830864.0,0.56,-0.77
2018-08-09,五粮液,000858,37.82,40.22,37.54,40.08,38.16,263990,1737604800.0,0.7,5.03
2018-08-08,五粮液,000858,40.32,40.32,37.96,38.16,40.2,236818,1544553328.0,0.62,-5.07
2018-08-07,五粮液,000858,38.72,40.39,37.72,40.2,38.06,277344,1814190304.0,0.73,5.62
2018-08-06,五粮液,000858,38.81,39.72,37.6,38.06,39.39,257041,1665999744.0,0.68,-3.38
2018-08-03,五粮液,000858,41.72,41.72,39.38,39.39,41.64,264072,1755022496.0,0.7,-5.4
2018-08-02,五粮液,000858,43.72,43.74,40.34,41.64,43.74,335334,2275594240.0,0.88,-4.8
2018-08-01,五粮液,000858,46.52,46.52,43.7,43.74,45.87,260917,1850440400.0,0.69,-4.64
2018-07-31,五粮液,000858,46.12,46.68,45.45,45.87,46.32,149532,1080385792.0,0.39,-0.97
2018-07-30,五粮液,000858,47.96,48.12,45.65,46.32,47.91,198721,1444181936.0,0.52,-3.32
2018-07-27,五粮液,000858,47.72,48.69,47.1,47.91,47.91,163949,1219507568.0,0.43,0.0
2018-07-26,五粮液,000858,48.83,49.0,47.72,47.91,48.72,203077,1516383856.0,0.54,-1.66
2018-07-25,五粮液,000858,48.86,49.22,48.24,48.72,48.75,235532,1766246336.0,0.62,-0.06
2018-07-24,五粮液,000858,45.97,48.86,45.3,48.75,45.84,379244,2798512512.0,1.0,6.35
2018-07-23,五粮液,000858,46.72,47.62,44.53,45.84,47.15,298995,2150492048.0,0.79,-2.78
2018-07-20,五粮液,000858,46.9,47.55,45.22,47.15,47.1,250618,1822785328.0,0.66,0.11
2018-07-19,五粮液,000858,47.7,47.83,46.67,47.1,47.03,144567,1060790208.0,0.38,0.15
2018-07-18,五粮液,000858,48.1,48.52,46.9,47.03,47.76,166594,1231365680.0,0.44,-1.53
2018-07-17,五粮液,000858,49.22,49.39,46.87,47.76,49.14,189546,1401078112.0,0.5,-2.81
2018-07-16,五粮液,000858,49.35,50.41,48.62,49.14,49.47,204077,1542523504.0,0.54,-0.67
2018-07-13,五粮液,000858,47.97,49.62,47.23,49.47,47.62,275657,2068808416.0,0.73,3.88
2018-07-12,五粮液,000858,45.72,48.49,45.7,47.62,45.8,283136,2086611504.0,0.75,3.97
2018-07-11,五粮液,000858,44.92,46.36,44.65,45.8,47.09,191725,1377729664.0,0.51,-2.74
2018-07-10,五粮液,000858,47.29,47.85,45.8,47.09,47.26,220144,1607141808.0,0.58,-0.36
2018-07-09,五粮液,000858,45.3,47.27,44.12,47.26,44.34,321101,2323873968.0,0.85,6.59
2018-07-06,五粮液,000858,43.62,45.7,42.6,44.34,43.24,331769,2334076320.0,0.87,2.54
2018-07-05,五粮液,000858,44.11,45.13,42.12,43.24,43.12,328583,2334023504.0,0.87,0.28
2018-07-04,五粮液,000858,44.5,45.39,42.97,43.12,44.8,248264,1776041024.0,0.65,-3.75
2018-07-03,五粮液,000858,46.02,47.32,42.0,44.8,46.7,417058,2994709216.0,1.1,-4.07
2018-07-02,五粮液,000858,48.43,50.18,45.95,46.7,48.42,262214,1981522176.0,0.69,-3.55
2018-06-29,五粮液,000858,46.42,49.1,45.72,48.42,46.07,229574,1724744128.0,0.6,5.1
2018-06-28,五粮液,000858,47.64,48.16,45.49,46.07,48.97,332434,2471122704.0,0.88,-5.92
2018-06-27,五粮液,000858,53.42,54.02,48.71,48.97,53.9,422712,3309866064.0,1.11,-9.15
2018-06-26,五粮液,000858,54.32,55.35,52.47,53.9,54.53,289825,2351950448.0,0.76,-1.16
2018-06-25,五粮液,000858,53.44,56.09,53.44,54.53,52.6,366610,3029558096.0,0.97,3.67
2018-06-22,五粮液,000858,52.82,53.12,51.45,52.6,53.3,248934,1986219728.0,0.66,-1.31
2018-06-21,五粮液,000858,54.12,55.78,53.22,53.3,54.48,265824,2178315936.0,0.7,-2.17
2018-06-20,五粮液,000858,52.42,54.62,52.01,54.48,52.3,263426,2137142816.0,0.69,4.17
2018-06-19,五粮液,000858,54.42,55.15,51.71,52.3,55.67,380422,3073242288.0,1.0,-6.05
2018-06-15,五粮液,000858,56.42,56.93,55.03,55.67,56.83,240696,2003984496.0,0.63,-2.04
2018-06-14,五粮液,000858,57.8,58.53,55.07,56.83,57.89,265874,2237838352.0,0.7,-1.83
2018-06-13,五粮液,000858,58.21,59.08,57.45,57.89,58.42,286973,2460756752.0,0.76,-0.91
2018-06-12,五粮液,000858,55.25,58.89,54.58,58.42,54.9,460432,3903915968.0,1.21,6.41
2018-06-11,五粮液,000858,52.77,56.0,52.5,54.9,52.81,417894,3435464320.0,1.1,3.96
2018-06-08,五粮液,000858,52.75,53.91,51.55,52.81,53.27,256877,2056435712.0,0.68,-0.86
2018-06-07,五粮液,000858,54.82,55.2,52.86,53.27,54.53,240229,1959665568.0,0.63,-2.31
2018-06-06,五粮液,000858,55.17,56.02,54.22,54.53,55.22,281190,2319392688.0,0.74,-1.25
2018-06-05,五粮液,000858,54.42,56.15,53.04,55.22,54.22,395106,3248037840.0,1.04,1.84
2018-06-04,五粮液,000858,51.3,54.55,50.32,54.22,51.04,457021,3680041024.0,1.2,6.23
2018-06-01,五粮液,000858,51.06,52.32,50.16,51.04,51.4,276379,2173363360.0,0.73,-0.7
2018-05-31,五粮液,000858,50.21,52.01,49.27,51.4,49.22,415294,3266151328.0,1.09,4.43
2018-05-30,五粮液,000858,48.07,50.5,46.52,49.22,48.76,267656,2045859936.0,0.71,0.94
2018-05-29,五粮液,000858,49.92,51.58,48.55,48.76,49.87,329253,2564551152.0,0.87,-2.23
2018-05-28,五粮液,000858,47.3,49.87,46.68,49.87,46.72,349509,2667347200.0,0.92,6.74
2018-05-25,五粮液,000858,46.44,48.08,46.43,46.72,46.44,247337,1846699440.0,0.65,0.6
2018-05-24,五粮液,000858,48.82,49.4,46.42,46.44,48.86,288809,2171382496.0,0.76,-4.95
2018-05-23,五粮液,000858,49.92,50.56,48.75,48.86,50.07,194626,1500173184.0,0.51,-2.42
2018-05-22,五粮液,000858,49.32,50.5,48.57,50.07,49.6,172876,1334239424.0,0.46,0.95
2018-05-21,五粮液,000858,50.52,51.48,49.04,49.6,50.01,186791,1449622080.0,0.49,-0.82
2018-05-18,五粮液,000858,49.33,50.4,47.92,50.01,49.49,216571,1665226224.0,0.57,1.05
2018-05-17,五粮液,000858,51.82,52.06,49.02,49.49,51.59,268732,2084934608.0,0.71,-4.07
2018-05-16,五粮液,000858,51.85,52.53,51.37,51.59,51.8,261351,2081238272.0,0.69,-0.41
2018-05-15,五粮液,000858,50.73,51.92,49.9,51.8,50.74,233696,1833390832.0,0.62,2.09
2018-05-14,五粮液,000858,50.08,51.4,49.72,50.74,49.48,228929,1786981008.0,0.6,2.55
2018-05-11,五粮液,000858,50.97,51.77,49.42,49.48,50.4,222390,1735583568.0,0.59,-1.83
2018-05-10,五粮液,000858,48.79,50.61,48.77,50.4,48.67,283044,2198742272.0,0.75,3.55
2018-05-09,五粮液,000858,48.22,48.79,47.27,48.67,48.46,209262,1578934112.0,0.55,0.43
2018-05-08,五粮液,000858,48.22,49.27,47.75,48.46,48.42,285320,2172832592.0,0.75,0.08
2018-05-07,五粮液,000858,45.7,48.6,45.4,48.42,45.32,344449,2594926608.0,0.91,6.84
2018-05-04,五粮液,000858,45.97,46.36,45.22,45.32,46.22,198830,1455358592.0,0.52,-1.95
2018-05-03,五粮液,000858,43.71,46.4,42.92,46.22,43.64,319841,2323274720.0,0.84,5.91
2018-05-02,五粮液,000858,41.62,43.67,40.43,43.64,40.4,348306,2442217856.0,0.92,8.02
2018-04-27,五粮液,000858,42.39,42.39,39.22,40.4,41.52,236216,1607040272.0,0.62,-2.7
2018-04-26,五粮液,000858,44.32,44.33,41.22,41.52,44.76,283517,1975528192.0,0.75,-7.24
2018-04-25,五粮液,000858,44.33,45.07,44.12,44.76,44.85,174748,1262337936.0,0.46,-0.2
2018-04-24,五粮液,000858,42.42,45.02,42.42,44.85,42.11,369737,2660105984.0,0.97,6.51
2018-04-23,五粮液,000858,41.72,42.92,41.1,42.11,42.05,214697,1492450928.0,0.57,0.14
2018-04-20,五粮液,000858,42.42,43.77,41.3,42.05,42.79,307060,2154424576.0,0.81,-1.73
2018-04-19,五粮液,000858,39.72,42.92,38.84,42.79,38.75,370868,2556716432.0,0.98,10.43
2018-04-18,五粮液,000858,40.02,40.36,37.57,38.75,39.42,239505,1589663456.0,0.63,-1.7
2018-04-17,五粮液,000858,40.82,41.17,39.02,39.42,40.39,200557,1363917824.0,0.53,-2.4
2018-04-16,五粮液,000858,40.12,41.4,39.43,40.39,40.4,223978,1522825984.0,0.59,-0.02
2018-04-13,五粮液,000858,42.31,42.67,39.95,40.4,41.62,236600,1625272512.0,0.62,-2.93
2018-04-12,五粮液,000858,42.71,43.12,41.57,41.62,42.73,207164,1442430064.0,0.55,-2.6
2018-04-11,五粮液,000858,43.18,43.82,42.43,42.73,42.8,240839,1704348560.0,0.63,-0.16
2018-04-10,五粮液,000858,42.17,42.8,41.67,42.8,42.17,207431,1447802096.0,0.55,1.49
2018-04-09,五粮液,000858,42.31,43.01,41.27,42.17,42.32,241021,1678408752.0,0.63,-0.35
2018-04-04,五粮液,000858,39.9,43.08,39.83,42.32,39.54,500769,3482435488.0,1.32,7.03
2018-04-03,五粮液,000858,38.32,40.06,38.25,39.54,38.85,396232,2653203072.0,1.04,1.78
2018-04-02,五粮液,000858,38.32,40.23,37.44,38.85,38.78,331057,2200519200.0,0.87,0.18
2018-03-30,五粮液,000858,39.67,40.07,38.33,38.78,39.92,314311,2098175072.0,0.83,-2.86
2018-03-29,五粮液,000858,37.92,40.27,36.3,39.92,37.16,522912,3444044176.0,1.38,7.43
2018-03-28,五粮液,000858,39.52,40.58,37.08,37.16,40.89,662489,4362252800.0,1.75,-9.12
2018-03-27,五粮液,000858,43.42,43.97,39.72,40.89,42.41,541148,3725130512.0,1.43,-3.58
2018-03-26,五粮液,000858,42.95,43.42,41.52,42.41,43.79,278668,1950578704.0,0.73,-3.15
2018-03-23,五粮液,000858,42.42,43.9,41.22,43.79,44.55,321383,2262435104.0,0.85,-1.71
2018-03-22,五粮液,000858,46.5,47.03,44.42,44.55,46.94,328495,2389981808.0,0.87,-5.09
2018-03-21,五粮液,000858,48.74,49.0,46.6,46.94,48.07,243101,1827536928.0,0.64,-2.35
2018-03-20,五粮液,000858,48.98,49.37,47.05,48.07,50.13,239324,1808025008.0,0.63,-4.11
2018-03-19,五粮液,000858,48.76,50.57,48.42,50.13,49.29,210196,1624137664.0,0.55,1.7
2018-03-16,五粮液,000858,50.62,51.16,49.24,49.29,50.42,205189,1593762704.0,0.54,-2.24
2018-03-15,五粮液,000858,48.1,50.7,48.09,50.42,47.97,373404,2897589120.0,0.98,5.11
2018-03-14,五粮液,000858,46.42,48.09,45.52,47.97,47.03,240225,1789564272.0,0.63,2.0
2018-03-13,五粮液,000858,48.66,49.41,46.92,47.03,48.57,231138,1744599440.0,0.61,-3.17
2018-03-12,五粮液,000858,50.02,50.22,47.88,48.57,49.52,242334,1848556896.0,0.64,-1.92
2018-03-09,五粮液,000858,49.72,50.81,48.6,49.52,49.32,245529,1894214320.0,0.65,0.41
2018-03-08,五粮液,000858,46.21,49.38,45.72,49.32,45.7,395204,2984000304.0,1.04,7.92
2018-03-07,五粮液,000858,45.66,47.5,45.42,45.7,45.66,283761,2102488976.0,0.75,0.09
2018-03-06,五粮液,000858,45.18,45.73,42.44,45.66,44.51,406942,2914565024.0,1.07,2.58
2018-03-05,五粮液,000858,46.23,46.9,44.43,44.51,45.84,211151,1534679280.0,0.56,-2.9
2018-03-02,五粮液,000858,46.22,47.22,44.92,45.84,46.74,246607,1813429728.0,0.65,-1.93
2018-03-01,五粮液,000858,46.22,47.88,45.95,46.74,46.7,254649,1898957360.0,0.67,0.09
2018-02-28,五粮液,000858,46.42,48.2,45.42,46.7,48.52,330102,2444849424.0,0.87,-3.75
2018-02-27,五粮液,000858,51.41,51.52,48.32,48.52,50.94,290749,2243446080.0,0.77,-4.75
2018-02-26,五粮液,000858,52.02,52.37,49.42,50.94,52.06,320270,2511465952.0,0.84,-2.15
2018-02-23,五粮液,000858,52.43,53.4,50.94,52.06,52.52,189117,1508538672.0,0.5,-0.88
2018-02-22,五粮液,000858,50.22,52.65,50.02,52.52,49.02,290978,2293498096.0,0.77,7.14
2018-02-14,五粮液,000858,48.52,49.08,46.94,49.02,47.52,208043,1574485184.0,0.55,3.16
2018-02-13,五粮液,000858,47.51,49.37,47.42,47.52,46.82,283840,2154585824.0,0.75,1.5
2018-02-12,五粮液,000858,44.42,47.42,44.42,46.82,43.62,446022,3294954320.0,1.18,7.34
2018-02-09,五粮液,000858,41.64,43.82,39.35,43.62,44.44,588921,4118273904.0,1.55,-1.85
2018-02-08,五粮液,000858,43.27,46.3,43.27,44.44,43.44,544907,3947815136.0,1.44,2.3
2018-02-07,五粮液,000858,50.01,50.52,42.54,43.44,48.86,703815,5213875200.0,1.85,-11.09
2018-02-06,五粮液,000858,48.42,50.17,47.32,48.86,50.29,541969,4133274384.0,1.43,-2.84
2018-02-05,五粮液,000858,51.73,52.12,47.59,50.29,54.7,713302,5572736768.0,1.88,-8.06
2018-02-02,五粮液,000858,54.57,56.3,53.15,54.7,55.4,348582,2863027760.0,0.92,-1.26
2018-02-01,五粮液,000858,56.02,56.27,53.6,55.4,56.8,445690,3673372384.0,1.17,-2.46
2018-01-31,五粮液,000858,53.74,57.51,53.74,56.8,53.82,417881,3505918464.0,1.1,5.54
2018-01-30,五粮液,000858,53.52,55.5,52.54,53.82,54.5,374622,3052119408.0,0.99,-1.25
2018-01-29,五粮液,000858,59.02,59.02,54.12,54.5,59.26,591383,4943911168.0,1.56,-8.03
2018-01-26,五粮液,000858,57.92,60.19,57.54,59.26,58.42,312054,2700119280.0,0.82,1.44
2018-01-25,五粮液,000858,59.02,59.51,56.6,58.42,59.77,421129,3604252896.0,1.11,-2.26
2018-01-24,五粮液,000858,62.0,62.0,59.08,59.77,62.13,349696,3063373440.0,0.92,-3.8
2018-01-23,五粮液,000858,62.84,63.22,60.83,62.13,62.84,384682,3439974336.0,1.01,-1.13
2018-01-22,五粮液,000858,58.09,62.92,58.09,62.84,57.59,445824,3918907680.0,1.17,9.12
2018-01-19,五粮液,000858,58.82,59.3,56.73,57.59,58.82,382004,3259552592.0,1.01,-2.09
2018-01-18,五粮液,000858,58.73,60.77,56.72,58.82,58.43,429701,3712081696.0,1.13,0.67
2018-01-17,五粮液,000858,62.72,63.54,58.07,58.43,63.24,496109,4346534400.0,1.31,-7.61
2018-01-16,五粮液,000858,63.03,64.92,62.29,63.24,64.17,366155,3335555952.0,0.96,-1.45
2018-01-15,五粮液,000858,63.62,65.6,63.1,64.17,63.79,379644,3482483792.0,1.0,0.6
2018-01-12,五粮液,000858,60.38,64.17,60.04,63.79,60.38,320924,2870276320.0,0.85,5.65
2018-01-11,五粮液,000858,61.16,62.2,59.75,60.38,61.32,254779,2249762448.0,0.67,-1.53
2018-01-10,五粮液,000858,58.91,61.58,57.43,61.32,58.52,342459,2978674640.0,0.9,4.78
2018-01-09,五粮液,000858,54.82,58.52,54.78,58.52,54.62,388365,3297220848.0,1.02,7.14
2018-01-08,五粮液,000858,55.01,56.03,54.02,54.62,55.1,286818,2367460144.0,0.76,-0.87
2018-01-05,五粮液,000858,55.19,55.87,53.82,55.1,55.41,231958,1913069872.0,0.61,-0.56
2018-01-04,五粮液,000858,53.21,56.03,53.02,55.41,53.32,360577,2979263424.0,0.95,3.92
2018-01-03,五粮液,000858,52.92,54.18,52.27,53.32,53.0,284614,2303523776.0,0.75,0.6
2018-01-02,五粮液,000858,52.62,53.42,50.75,53.0,52.3,315252,2515564448.0,0.83,1.34
2017-12-29,五粮液,000858,53.42,54.38,50.42,52.3,53.28,427447,3411580336.0,1.13,-1.84
2017-12-28,五粮液,000858,52.41,54.4,50.86,53.28,50.32,526706,4229394768.0,1.39,5.88
2017-12-27,五粮液,000858,51.67,52.36,50.28,50.32,51.89,263330,2072640192.0,0.69,-3.03
2017-12-26,五粮液,000858,52.81,53.11,50.92,51.89,52.98,238166,1891876224.0,0.63,-2.06
2017-12-25,五粮液,000858,53.02,53.91,51.03,52.98,53.0,357631,2855501616.0,0.94,-0.04
2017-12-22,五粮液,000858,54.4,54.92,52.42,53.0,54.57,351802,2841150640.0,0.93,-2.88
2017-12-21,五粮液,000858,53.89,56.0,52.92,54.57,54.02,379395,3094053168.0,1.0,1.02
2017-12-20,五粮液,000858,51.28,54.11,50.45,54.02,50.84,341030,2747943744.0,0.9,6.25
2017-12-19,五粮液,000858,48.92,52.23,48.92,50.84,49.5,379557,2975094448.0,1.0,2.71
2017-12-18,五粮液,000858,47.42,49.5,47.02,49.5,45.37,505533,3859030912.0,1.33,9.1
2017-12-15,五粮液,000858,46.73,47.87,45.31,45.37,47.11,230981,1707969808.0,0.61,-3.69
2017-12-14,五粮液,000858,46.62,47.3,45.83,47.11,46.57,209673,1557985216.0,0.55,1.16
2017-12-13,五粮液,000858,44.42,46.77,43.82,46.57,44.28,299515,2187299104.0,0.79,5.17
2017-12-12,五粮液,000858,44.68,45.42,43.72,44.28,44.32,278245,2006321824.0,0.73,-0.09
2017-12-11,五粮液,000858,41.12,44.66,41.1,44.32,40.32,479978,3394742896.0,1.26,9.92
2017-12-08,五粮液,000858,38.13,40.47,38.11,40.32,38.38,256992,1724479600.0,0.68,5.05
2017-12-07,五粮液,000858,40.42,41.22,38.22,38.38,40.74,231990,1552376752.0,0.61,-5.79
2017-12-06,五粮液,000858,40.82,41.92,39.92,40.74,40.74,239023,1632767008.0,0.63,0.0
2017-12-05,五粮液,000858,40.07,42.01,39.78,40.74,40.37,342026,2347062272.0,0.9,0.92
2017-12-04,五粮液,000858,37.62,41.13,36.45,40.37,37.72,406862,2731108240.0,1.07,7.03
2017-12-01,五粮液,000858,38.63,39.07,37.33,37.72,38.02,211730,1391760656.0,0.56,-0.79
2017-11-30,五粮液,000858,38.64,39.92,36.95,38.02,38.64,217441,1434527248.0,0.57,-1.6
2017-11-29,五粮液,000858,41.42,41.62,37.96,38.64,41.1,258542,1729488496.0,0.68,-5.99
2017-11-28,五粮液,000858,39.8,41.8,39.42,41.1,40.01,246913,1695244304.0,0.65,2.72
2017-11-27,五粮液,000858,40.19,41.1,38.43,40.01,40.88,280978,1894106976.0,0.74,-2.13
2017-11-24,五粮液,000858,39.99,40.9,37.29,40.88,39.99,467337,3112090304.0,1.23,2.23
2017-11-23,五粮液,000858,43.67,43.67,39.42,39.99,44.32,485862,3355596064.0,1.28,-9.77
2017-11-22,五粮液,000858,46.37,48.32,43.96,44.32,46.37,395240,2893486160.0,1.04,-4.42
2017-11-21,五粮液,000858,45.11,46.86,43.62,46.37,45.35,308198,2260040640.0,0.81,2.25
2017-11-20,五粮液,000858,45.72,45.72,42.49,45.35,47.28,323102,2340210112.0,0.85,-4.08
2017-11-17,五粮液,000858,46.42,48.02,44.62,47.28,48.62,470336,3470762416.0,1.24,-2.76
2017-11-16,五粮液,000858,47.02,49.18,46.6,48.62,47.22,344457,2623626480.0,0.91,2.96
2017-11-15,五粮液,000858,44.37,47.29,44.12,47.22,44.61,330506,2431549952.0,0.87,5.85
2017-11-14,五粮液,000858,46.74,46.82,44.52,44.61,46.86,294816,2149759056.0,0.78,-4.8
2017-11-13,五粮液,000858,47.04,47.43,45.45,46.86,47.02,255873,1900429840.0,0.67,-0.34
2017-11-10,五粮液,000858,43.32,47.15,43.09,47.02,43.57,316063,2308173168.0,0.83,7.92
2017-11-09,五粮液,000858,42.8,43.64,41.42,43.57,42.89,244106,1708667360.0,0.64,1.59
2017-11-08,五粮液,000858,43.42,44.55,42.42,42.89,43.42,246314,1753224800.0,0.65,-1.22
2017-11-07,五粮液,000858,42.87,45.22,42.3,43.42,42.57,300551,2142109696.0,0.79,2.0
2017-11-06,五粮液,000858,41.27,42.8,40.83,42.57,40.75,248856,1729483360.0,0.66,4.47
2017-11-03,五粮液,000858,39.87,41.7,39.62,40.75,40.04,240526,1646990656.0,0.63,1.77
2017-11-02,五粮液,000858,39.47,40.82,39.12,40.04,39.44,268062,1806405552.0,0.71,1.52
2017-11-01,五粮液,000858,39.07,40.86,39.05,39.44,39.04,215304,1451488592.0,0.57,1.02
2017-10-31,五粮液,000858,38.92,39.37,37.92,39.04,39.42,205536,1359946400.0,0.54,-0.96
2017-10-30,五粮液,000858,39.92,40.43,38.42,39.42,40.41,336667,2253930544.0,0.89,-2.45
2017-10-27,五粮液,000858,37.42,41.41,36.73,40.41,37.48,423710,2810914640.0,1.12,7.82
2017-10-26,五粮液,000858,38.33,39.6,36.66,37.48,35.44,414032,2719287568.0,1.09,5.76
2017-10-25,五粮液,000858,36.01,36.25,34.92,35.44,36.01,157410,992966256.0,0.41,-1.58
2017-10-24,五粮液,000858,34.87,36.28,34.27,36.01,35.02,248626,1565469648.0,0.66,2.83
2017-10-23,五粮液,000858,34.91,35.6,34.24,35.02,34.93,136498,852603488.0,0.36,0.26
2017-10-20,五粮液,000858,34.92,35.26,34.13,34.93,35.42,151820,944325936.0,0.4,-1.38
2017-10-19,五粮液,000858,33.43,36.22,33.23,35.42,33.77,278719,1744925536.0,0.73,4.89
2017-10-18,五粮液,000858,32.54,33.77,31.59,33.77,32.52,176536,1062478448.0,0.47,3.84
2017-10-17,五粮液,000858,32.02,32.72,31.34,32.52,32.07,146293,874178784.0,0.39,1.4
2017-10-16,五粮液,000858,33.56,34.57,32.02,32.07,34.04,270033,1635212064.0,0.71,-5.79
2017-10-13,五粮液,000858,33.28,34.37,33.27,34.04,33.23,162024,995669008.0,0.43,2.44
2017-10-12,五粮液,000858,33.78,34.37,32.88,33.23,33.6,176005,1073412432.0,0.46,-1.1
2017-10-11,五粮液,000858,31.6,34.25,31.22,33.6,31.6,313210,1902171760.0,0.83,6.33
2017-10-10,五粮液,000858,30.96,31.63,30.36,31.6,30.96,215355,1266543952.0,0.57,2.07
2017-10-09,五粮液,000858,30.42,31.52,29.43,30.96,29.7,216849,1268405184.0,0.57,4.24
2017-09-29,五粮液,000858,29.82,30.87,29.05,29.7,29.87,217162,1253717248.0,0.57,-0.57
2017-09-28,五粮液,000858,29.03,30.53,28.95,29.87,29.12,290437,1670672624.0,0.77,2.58
2017-09-27,五粮液,000858,29.09,29.64,28.57,29.12,29.31,158626,896422640.0,0.42,-0.65
2017-09-26,五粮液,000858,29.77,29.77,28.93,29.31,29.84,142995,813898608.0,0.38,-1.78
2017-09-25,五粮液,000858,28.7,29.92,28.7,29.84,28.5,246144,1405390384.0,0.65,4.7
2017-09-22,五粮液,000858,27.85,28.85,27.82,28.5,28.14,143850,805162848.0,0.38,1.28
2017-09-21,五粮液,000858,28.96,28.96,27.85,28.14,28.94,164267,916675904.0,0.43,-2.76
2017-09-20,五粮液,000858,29.29,29.92,28.53,28.94,28.89,185300,1053741520.0,0.49,0.17
2017-09-19,五粮液,000858,28.92,29.92,28.54,28.89,28.84,221880,1257913120.0,0.58,0.17
2017-09-18,五粮液,000858,27.57,29.22,27.52,28.84,27.35,287200,1615316016.0,0.76,5.45
2017-09-15,五粮液,000858,27.23,28.0,27.11,27.35,27.22,197119,1087867328.0,0.52,0.48
2017-09-14,五粮液,000858,27.28,27.81,26.92,27.22,27.38,215132,1182285376.0,0.57,-0.58
2017-09-13,五粮液,000858,26.05,27.92,26.0,27.38,26.02,364458,1994782768.0,0.96,5.23
2017-09-12,五粮液,000858,24.94,26.07,24.65,26.02,25.29,248612,1326135360.0,0.65,2.89
2017-09-11,五粮液,000858,24.0,25.42,23.07,25.29,24.27,406715,2115022848.0,1.07,4.2
2017-09-08,五粮液,000858,25.38,25.38,24.04,24.27,25.57,344010,1791448832.0,0.91,-5.08
2017-09-07,五粮液,000858,26.32,26.46,25.22,25.57,26.25,225734,1199532208.0,0.59,-2.59
2017-09-06,五粮液,000858,26.62,26.91,26.12,26.25,26.69,188345,1017715808.0,0.5,-1.65
2017-09-05,五粮液,000858,26.65,27.19,26.45,26.69,26.63,151025,821048720.0,0.4,0.23
2017-09-04,五粮液,000858,27.87,27.87,26.5,26.63,27.92,298621,1626579376.0,0.79,-4.62
2017-09-01,五粮液,000858,27.77,28.35,27.48,27.92,27.91,177449,984771104.0,0.47,0.04
2017-08-31,五粮液,000858,28.67,28.96,27.47,27.91,28.67,190221,1058224256.0,0.5,-2.65
2017-08-30,五粮液,000858,27.73,28.89,27.52,28.67,27.61,260564,1456970288.0,0.69,3.84
2017-08-29,五粮液,000858,27.79,28.27,27.3,27.61,27.85,231258,1280576592.0,0.61,-0.86
2017-08-28,五粮液,000858,27.39,28.92,27.39,27.85,26.52,438887,2443203584.0,1.16,5.02
2017-08-25,五粮液,000858,26.5,26.9,25.95,26.52,26.48,231029,1246281024.0,0.61,0.15
2017-08-24,五粮液,000858,27.16,27.42,26.32,26.48,27.21,153141,831710784.0,0.4,-2.68
2017-08-23,五粮液,000858,26.14,27.42,26.02,27.21,26.5,210139,1142768128.0,0.55,2.68
2017-08-22,五粮液,000858,27.43,27.53,25.22,26.5,27.93,396439,2137185344.0,1.04,-5.12
2017-08-21,五粮液,000858,28.23,28.52,27.5,27.93,28.23,178542,988854256.0,0.47,-1.06
2017-08-18,五粮液,000858,27.87,28.63,27.69,28.23,28.23,129384,721783200.0,0.34,0.0
2017-08-17,五粮液,000858,29.2,29.2,27.9,28.23,29.27,234421,1310465296.0,0.62,-3.55
2017-08-16,五粮液,000858,29.92,29.92,28.8,29.27,29.92,172478,978751024.0,0.45,-2.17
2017-08-15,五粮液,000858,29.8,30.39,29.34,29.92,29.8,170831,982197088.0,0.45,0.4
2017-08-14,五粮液,000858,28.57,30.22,28.57,29.8,28.42,305782,1744486768.0,0.81,4.86
2017-08-11,五粮液,000858,29.42,30.0,28.37,28.42,30.02,285917,1621909264.0,0.75,-5.33
2017-08-10,五粮液,000858,29.2,31.3,29.06,30.02,29.06,416247,2411510928.0,1.1,3.3
2017-08-09,五粮液,000858,28.03,30.22,27.44,29.06,28.23,414404,2363696496.0,1.09,2.94
2017-08-08,五粮液,000858,28.21,28.8,27.82,28.23,28.42,166234,928832800.0,0.44,-0.67
2017-08-07,五粮液,000858,26.32,28.57,25.84,28.42,26.51,270721,1486094208.0,0.71,7.2
2017-08-04,五粮液,000858,26.92,27.47,26.37,26.51,26.92,194898,1058514384.0,0.51,-1.52
2017-08-03,五粮液,000858,27.82,28.28,26.54,26.92,28.13,263133,1435945792.0,0.69,-4.3
2017-08-02,五粮液,000858,28.52,29.1,27.8,28.13,29.0,184803,1033391152.0,0.49,-3.0
2017-08-01,五粮液,000858,28.3,29.0,27.43,29.0,28.18,229209,1280407952.0,0.6,2.91
2017-07-31,五粮液,000858,28.36,29.8,28.02,28.18,28.15,423000,2389011776.0,1.11,0.11
2017-07-28,五粮液,000858,26.15,28.21,25.84,28.15,26.17,336786,1853866704.0,0.89,7.57
2017-07-27,五粮液,000858,26.42,26.72,25.47,26.17,26.43,208622,1119273072.0,0.55,-0.98
2017-07-26,五粮液,000858,27.82,28.43,25.92,26.43,27.78,235267,1278858208.0,0.62,-4.86
2017-07-25,五粮液,000858,28.8,28.86,27.73,27.78,28.33,167959,937380816.0,0.44,-1.94
2017-07-24,五粮液,000858,27.27,29.17,27.27,28.33,27.13,274270,1538206928.0,0.72,4.42
2017-07-21,五粮液,000858,27.22,28.01,26.75,27.13,27.23,246186,1356818608.0,0.65,-0.37
2017-07-20,五粮液,000858,26.13,27.29,26.13,27.23,26.13,283709,1543500736.0,0.75,4.21
2017-07-19,五粮液,000858,25.08,26.72,25.05,26.13,25.01,299492,1606216272.0,0.79,4.48
2017-07-18,五粮液,000858,24.12,25.12,23.31,25.01,23.93,239132,1241870976.0,0.63,4.51
2017-07-17,五粮液,000858,25.11,25.11,23.12,23.93,24.96,294680,1522315232.0,0.78,-4.13
2017-07-14,五粮液,000858,24.37,25.19,24.02,24.96,24.6,202028,1053780928.0,0.53,1.46
2017-07-13,五粮液,000858,24.43,25.54,24.28,24.6,24.6,238433,1247064512.0,0.63,0.0
2017-07-12,五粮液,000858,26.09,26.09,24.47,24.6,26.11,277230,1463246496.0,0.73,-5.78
2017-07-11,五粮液,000858,25.07,26.7,24.87,26.11,25.21,342262,1836879536.0,0.9,3.57
2017-07-10,五粮液,000858,24.01,25.35,23.18,25.21,24.22,407340,2112491488.0,1.07,4.09
2017-07-07,五粮液,000858,25.2,25.2,24.02,24.22,25.41,308906,1602293280.0,0.81,-4.68
2017-07-06,五粮液,000858,25.92,25.92,24.61,25.41,25.84,313707,1652540272.0,0.83,-1.66
2017-07-05,五粮液,000858,24.94,26.0,24.92,25.84,24.97,303273,1610599792.0,0.8,3.48
2017-07-04,五粮液,000858,26.22,26.22,24.39,24.97,26.45,390020,2053979952.0,1.03,-5.6
2017-07-03,五粮液,000858,28.02,28.31,26.2,26.45,28.08,331662,1801733696.0,0.87,-5.8
2017-06-30,五粮液,000858,27.74,28.42,27.42,28.08,27.84,200753,1116508448.0,0.53,0.86
2017-06-29,五粮液,000858,28.03,28.37,27.32,27.84,28.06,255713,1412990960.0,0.67,-0.78
2017-06-28,五粮液,000858,29.21,29.3,28.02,28.06,29.58,275823,1548727184.0,0.73,-5.14
2017-06-27,五粮液,000858,29.05,29.62,28.42,29.58,29.16,313074,1771439280.0,0.82,1.44
2017-06-26,五粮液,000858,27.5,29.6,27.5,29.16,27.42,370385,2089209008.0,0.98,6.35
2017-06-23,五粮液,000858,26.15,27.54,25.87,27.42,26.57,350855,1911711344.0,0.92,3.2
2017-06-22,五粮液,000858,26.99,27.68,26.3,26.57,27.03,468085,2552510960.0,1.23,-1.7
2017-06-21,五粮液,000858,24.92,27.03,24.17,27.03,24.62,452635,2391227504.0,1.19,9.79
2017-06-20,五粮液,000858,25.07,25.38,24.32,24.62,24.99,348932,1821526656.0,0.92,-1.48
2017-06-19,五粮液,000858,24.75,25.5,24.39,24.99,24.44,370369,1944706368.0,0.98,2.25
2017-06-16,五粮液,000858,24.49,25.58,24.1,24.44,24.63,240334,1257006032.0,0.63,-0.77
2017-06-15,五粮液,000858,25.92,26.13,24.22,24.63,26.12,394711,2070609984.0,1.04,-5.7
2017-06-14,五粮液,000858,26.62,27.59,25.53,26.12,27.11,306788,1654983376.0,0.81,-3.65
2017-06-13,五粮液,000858,27.25,27.25,25.94,27.11,27.25,254828,1379771824.0,0.67,-0.51
2017-06-12,五粮液,000858,25.11,28.41,24.94,27.25,24.59,390419,2117491120.0,1.03,10.82
2017-06-09,五粮液,000858,23.82,25.29,23.82,24.59,23.82,224211,1168904576.0,0.59,3.23
2017-06-08,五粮液,000858,23.38,24.97,23.03,23.82,23.32,300198,1551306752.0,0.79,2.14
2017-06-07,五粮液,000858,21.02,23.62,20.97,23.32,20.93,360787,1808407552.0,0.95,11.42
2017-06-06,五粮液,000858,19.51,21.02,19.42,20.93,19.51,187037,894954704.0,0.49,7.28
2017-06-05,五粮液,000858,20.43,20.92,19.47,19.51,20.38,171618,815019856.0,0.45,-4.27
2017-06-02,五粮液,000858,20.58,21.16,19.82,20.38,20.76,167310,803138176.0,0.44,-1.83
2017-06-01,五粮液,000858,19.92,20.96,19.69,20.76,20.3,195661,940552880.0,0.52,2.27
2017-05-31,五粮液,000858,19.56,20.3,18.78,20.3,19.98,211495,995050752.0,0.56,1.6
2017-05-26,五粮液,000858,20.22,20.68,19.32,19.98,20.15,192594,915014608.0,0.51,-0.84
2017-05-25,五粮液,000858,20.26,20.6,19.52,20.15,20.37,156370,745554304.0,0.41,-1.08
2017-05-24,五粮液,000858,20.67,21.03,19.32,20.37,20.68,238054,1135073568.0,0.63,-1.5
2017-05-23,五粮液,000858,19.55,21.17,19.26,20.68,19.55,271142,1306270912.0,0.71,5.78
2017-05-22,五粮液,000858,19.63,19.98,18.94,19.55,19.5,143878,676005984.0,0.38,0.26
2017-05-19,五粮液,000858,18.93,19.82,18.92,19.5,18.92,157864,741788832.0,0.42,3.07
2017-05-18,五粮液,000858,18.59,19.87,18.53,18.92,18.78,160151,749478832.0,0.42,0.75
2017-05-17,五粮液,000858,19.84,20.07,18.73,18.78,20.02,231397,1085062000.0,0.61,-6.19
2017-05-16,五粮液,000858,17.57,20.02,17.25,20.02,17.6,411332,1921926704.0,1.08,13.75
2017-05-15,五粮液,000858,16.68,17.92,16.53,17.6,16.67,191952,864066336.0,0.51,5.58
2017-05-12,五粮液,000858,15.97,16.69,15.43,16.67,15.85,196095,857684480.0,0.52,5.17
2017-05-11,五粮液,000858,15.0,15.99,14.8,15.85,15.01,182031,801570640.0,0.48,5.6
2017-05-10,五粮液,000858,15.11,15.85,14.89,15.01,15.19,175607,771388256.0,0.46,-1.18
2017-05-09,五粮液,000858,14.05,15.27,13.33,15.19,14.14,247815,1059664448.0,0.65,7.43
2017-05-08,五粮液,000858,15.75,15.75,14.14,14.14,15.68,243119,1051463504.0,0.64,-9.82
2017-05-05,五粮液,000858,15.9,16.27,15.29,15.68,15.9,204944,907381536.0,0.54,-1.38
2017-05-04,五粮液,000858,16.42,16.44,15.74,15.9,16.44,139341,620702768.0,0.37,-3.28
2017-05-03,五粮液,000858,16.18,16.97,15.96,16.44,16.12,151168,678377712.0,0.4,1.99
2017-05-02,五粮液,000858,16.78,16.78,15.6,16.12,17.02,208826,931011024.0,0.55,-5.29
2017-04-28,五粮液,000858,18.18,18.32,15.84,17.02,17.52,346783,1564756128.0,0.91,-2.85
2017-04-27,五粮液,000858,17.01,17.72,16.52,17.52,17.22,187626,855252048.0,0.49,1.74
2017-04-26,五粮液,000858,18.09,19.27,17.03,17.22,18.12,370617,1730845440.0,0.98,-4.97
2017-04-25,五粮液,000858,16.27,18.23,16.27,18.12,15.83,340541,1559251120.0,0.9,14.47
2017-04-24,五粮液,000858,16.52,16.67,15.55,15.83,17.17,207664,927467920.0,0.55,-7.8
2017-04-21,五粮液,000858,17.18,17.62,16.55,17.17,17.17,246637,1123511808.0,0.65,0.0
2017-04-20,五粮液,000858,15.53,17.41,15.32,17.17,15.52,354906,1606555760.0,0.94,10.63
2017-04-19,五粮液,000858,15.62,16.37,14.92,15.52,15.4,214117,946000256.0,0.56,0.78
2017-04-18,五粮液,000858,14.47,16.02,14.35,15.4,14.48,304941,1341270944.0,0.8,6.35
2017-04-17,五粮液,000858,13.57,14.85,13.37,14.48,13.87,203975,876210032.0,0.54,4.4
2017-04-14,五粮液,000858,14.52,14.7,13.44,13.87,14.33,157509,668378384.0,0.41,-3.21
2017-04-13,五粮液,000858,13.53,14.52,13.35,14.33,13.57,207728,884497040.0,0.55,5.6
2017-04-12,五粮液,000858,12.25,13.9,12.08,13.57,12.47,310264,1293259392.0,0.82,8.82
2017-04-11,五粮液,000858,13.01,13.18,11.37,12.47,13.18,326710,1330882720.0,0.86,-5.39
2017-04-10,五粮液,000858,14.17,14.18,12.94,13.18,14.21,260676,1089896096.0,0.69,-7.25
2017-04-07,五粮液,000858,14.39,14.63,14.12,14.21,14.47,138130,591485232.0,0.36,-1.8
2017-04-06,五粮液,000858,14.75,14.81,14.02,14.47,14.64,168094,719573184.0,0.44,-1.16
2017-04-05,五粮液,000858,14.31,15.36,14.2,14.64,14.52,241512,1045988816.0,0.64,0.83
2017-03-31,五粮液,000858,14.04,14.54,13.57,14.52,14.25,216770,922910208.0,0.57,1.89
2017-03-30,五粮液,000858,14.59,15.02,13.69,14.25,14.62,201909,863705792.0,0.53,-2.53
2017-03-29,五粮液,000858,14.24,15.08,14.1,14.62,14.29,221938,958273552.0,0.58,2.31
2017-03-28,五粮液,000858,14.15,14.29,13.62,14.29,14.07,165347,702047888.0,0.44,1.56
2017-03-27,五粮液,000858,14.53,14.99,13.52,14.07,14.76,268580,1145045680.0,0.71,-4.67
2017-03-24,五粮液,000858,15.49,16.1,14.53,14.76,15.08,271927,1189363312.0,0.72,-2.12
2017-03-23,五粮液,000858,15.22,15.4,14.47,15.08,15.48,225655,981649104.0,0.59,-2.58
2017-03-22,五粮液,000858,14.53,15.72,14.32,15.48,14.9,381447,1657889536.0,1.0,3.89
2017-03-21,五粮液,000858,12.89,15.2,12.82,14.9,12.61,696075,2965555520.0,1.83,18.16
2017-03-20,五粮液,000858,12.28,12.66,12.12,12.61,12.28,174756,714047424.0,0.46,2.69
2017-03-17,五粮液,000858,12.37,13.02,12.18,12.28,12.56,201122,826003824.0,0.53,-2.23
2017-03-16,五粮液,000858,13.49,13.8,12.12,12.56,13.06,384110,1582220992.0,1.01,-3.83
2017-03-15,五粮液,000858,12.91,13.37,12.9,13.06,12.9,125087,520984512.0,0.33,1.24
2017-03-14,五粮液,000858,13.15,13.46,12.53,12.9,13.17,144744,599761216.0,0.38,-2.05
2017-03-13,五粮液,000858,12.27,13.27,12.27,13.17,12.18,287983,1193460528.0,0.76,8.13
2017-03-10,五粮液,000858,12.02,13.04,12.0,12.18,12.19,197006,809491056.0,0.52,-0.08
2017-03-09,五粮液,000858,12.63,12.63,11.83,12.19,12.64,150503,611016528.0,0.4,-3.56
2017-03-08,五粮液,000858,13.12,13.13,12.52,12.64,13.17,141422,583027616.0,0.37,-4.02
2017-03-07,五粮液,000858,11.92,13.24,11.85,13.17,12.07,295483,1223950992.0,0.78,9.11
2017-03-06,五粮液,000858,11.52,12.2,11.13,12.07,11.51,254141,1021344432.0,0.67,4.87
2017-03-03,五粮液,000858,11.24,11.69,11.02,11.51,11.48,144430,575641088.0,0.38,0.26
2017-03-02,五粮液,000858,11.42,11.71,11.23,11.48,11.5,117940,471215072.0,0.31,-0.17
2017-03-01,五粮液,000858,11.04,11.84,11.02,11.5,11.08,174623,698692368.0,0.46,3.79
2017-02-28,五粮液,000858,11.02,11.37,10.82,11.08,10.91,121199,479096768.0,0.32,1.56
2017-02-27,五粮液,000858,11.78,11.8,10.81,10.91,11.81,218245,865270112.0,0.57,-7.62
2017-02-24,五粮液,000858,11.92,12.0,11.34,11.81,12.0,164247,658625168.0,0.43,-1.58
2017-02-23,五粮液,000858,12.62,13.38,11.72,12.0,12.8,211836,867247808.0,0.56,-6.25
2017-02-22,五粮液,000858,12.42,13.11,12.12,12.8,12.38,291548,1200108160.0,0.77,3.39
2017-02-21,五粮液,000858,12.82,12.85,11.94,12.38,12.92,242450,990510352.0,0.64,-4.18
2017-02-20,五粮液,000858,10.54,12.92,10.54,12.92,10.47,476910,1928243168.0,1.26,23.4
2017-02-17,五粮液,000858,10.04,11.21,10.02,10.47,9.98,241537,944939376.0,0.64,4.91
2017-02-16,五粮液,000858,9.96,10.29,9.74,9.98,9.92,121401,466093472.0,0.32,0.6
2017-02-15,五粮液,000858,10.39,10.67,9.82,9.92,10.18,147120,567692944.0,0.39,-2.55
2017-02-14,五粮液,000858,10.22,10.42,9.82,10.18,10.1,168321,650070240.0,0.44,0.79
2017-02-13,五粮液,000858,9.35,10.78,9.23,10.1,9.35,393567,1521216048.0,1.04,8.02
2017-02-10,五粮液,000858,8.92,9.62,8.89,9.35,8.86,282842,1071008768.0,0.75,5.53
2017-02-09,五粮液,000858,8.68,9.37,8.62,8.86,8.61,225210,845962352.0,0.59,2.9
2017-02-08,五粮液,000858,8.03,8.86,7.78,8.61,7.97,199831,737094272.0,0.53,8.03
2017-02-07,五粮液,000858,8.1,8.37,7.91,7.97,7.97,121082,442424464.0,0.32,0.0
2017-02-06,五粮液,000858,7.94,8.37,7.91,7.97,7.93,139315,509472928.0,0.37,0.5
2017-02-03,五粮液,000858,8.62,8.7,7.84,7.93,8.52,145520,533432448.0,0.38,-6.92
2017-01-26,五粮液,000858,8.92,9.01,8.5,8.52,8.79,142438,529488016.0,0.38,-3.07
2017-01-25,五粮液,000858,8.6,9.1,8.33,8.79,8.94,186763,696743616.0,0.49,-1.68
2017-01-24,五粮液,000858,9.07,9.36,8.52,8.94,8.9,190213,711031408.0,0.5,0.45
2017-01-23,五粮液,000858,8.67,9.62,8.6,8.9,8.43,393907,1481709280.0,1.04,5.58
2017-01-20,五粮液,000858,8.42,8.52,8.2,8.43,8.37,165359,608985856.0,0.44,0.72
2017-01-19,五粮液,000858,8.57,8.58,8.15,8.37,8.47,190152,699761872.0,0.5,-1.18
2017-01-18,五粮液,000858,7.29,8.56,6.92,8.47,7.28,447418,1642819008.0,1.18,16.35
2017-01-17,五粮液,000858,6.92,7.68,6.84,7.28,6.97,177560,635715024.0,0.47,4.45
2017-01-16,五粮液,000858,6.99,7.49,6.4,6.97,7.21,191981,679701408.0,0.51,-3.33
2017-01-13,五粮液,000858,7.2,7.41,6.84,7.21,7.12,156315,557529856.0,0.41,1.26
2017-01-12,五粮液,000858,7.51,7.52,6.93,7.12,7.38,158259,564764864.0,0.42,-3.52
2017-01-11,五粮液,000858,8.12,8.31,7.17,7.38,8.02,222943,802004096.0,0.59,-7.98
2017-01-10,五粮液,000858,7.92,8.49,7.92,8.02,7.97,228859,840655872.0,0.6,0.63
2017-01-09,五粮液,000858,7.52,8.32,7.45,7.97,7.62,266922,974179040.0,0.7,4.59
2017-01-06,五粮液,000858,7.45,8.12,7.28,7.62,7.45,336520,1220341984.0,0.89,2.28
2017-01-05,五粮液,000858,7.55,7.76,7.22,7.45,7.42,258159,927811504.0,0.68,0.4
2017-01-04,五粮液,000858,6.18,7.47,6.07,7.42,6.18,460537,1637950784.0,1.21,20.06
2017-01-03,五粮液,000858,6.0,6.4,5.82,6.18,6.0,155347,537407600.0,0.41,3.0
2016-12-30,五粮液,000858,5.55,6.16,5.41,6.0,5.37,232019,797104496.0,0.61,11.73
2016-12-29,五粮液,000858,5.43,5.6,5.29,5.37,5.43,110297,373576288.0,0.29,-1.1
2016-12-28,五粮液,000858,5.83,5.98,5.38,5.43,5.86,124080,422777024.0,0.33,-7.34
2016-12-27,五粮液,000858,5.92,6.19,5.82,5.86,5.87,118354,408056592.0,0.31,-0.17
2016-12-26,五粮液,000858,5.67,5.87,5.17,5.87,5.94,196861,669150096.0,0.52,-1.18
2016-12-23,五粮液,000858,6.96,6.96,5.94,5.94,6.93,232620,809628912.0,0.61,-14.29
2016-12-22,五粮液,000858,7.15,7.3,6.82,6.93,7.15,101598,360125904.0,0.27,-3.08
2016-12-21,五粮液,000858,7.07,7.37,7.02,7.15,6.92,128155,456793168.0,0.34,3.32
2016-12-20,五粮液,000858,7.42,7.51,6.82,6.92,7.53,243360,866628496.0,0.64,-8.1
2016-12-19,五粮液,000858,7.05,8.0,7.05,7.53,6.97,322381,1164584512.0,0.85,8.03
2016-12-16,五粮液,000858,6.92,7.1,6.5,6.97,6.86,152519,538382832.0,0.4,1.6
2016-12-15,五粮液,000858,7.22,7.66,6.53,6.86,6.99,316411,1124019808.0,0.83,-1.86
2016-12-14,五粮液,000858,7.7,7.72,6.92,6.99,7.78,270938,969025280.0,0.71,-10.15
2016-12-13,五粮液,000858,6.92,7.96,6.76,7.78,7.09,335022,1206150224.0,0.88,9.73
2016-12-12,五粮液,000858,8.32,8.91,6.86,7.09,8.18,360069,1303172000.0,0.95,-13.33
2016-12-09,五粮液,000858,8.22,8.61,8.04,8.18,8.32,243537,895319072.0,0.64,-1.68
2016-12-08,五粮液,000858,7.81,9.2,7.5,8.32,7.72,485754,1792908896.0,1.28,7.77
2016-12-07,五粮液,000858,7.87,7.93,7.42,7.72,7.69,207262,747998736.0,0.55,0.39
2016-12-06,五粮液,000858,7.18,7.77,7.06,7.69,7.06,287030,1032222672.0,0.76,8.92
2016-12-05,五粮液,000858,6.63,8.0,6.63,7.06,7.27,333510,1196856768.0,0.88,-2.89
2016-12-02,五粮液,000858,7.54,7.77,7.02,7.27,7.69,243823,873578720.0,0.64,-5.46
2016-12-01,五粮液,000858,7.65,8.17,7.19,7.69,7.45,342029,1233479440.0,0.9,3.22
2016-11-30,五粮液,000858,7.97,8.59,7.37,7.45,8.24,394029,1426043936.0,1.04,-9.59
2016-11-29,五粮液,000858,7.0,9.09,6.96,8.24,6.99,733031,2696389328.0,1.93,17.88
2016-11-28,五粮液,000858,7.12,7.69,6.97,6.99,6.69,341218,1218097472.0,0.9,4.48
2016-11-25,五粮液,000858,6.67,6.95,6.27,6.69,6.67,166295,582609072.0,0.44,0.3
2016-11-24,五粮液,000858,6.47,6.97,6.15,6.67,6.57,349101,1223478592.0,0.92,1.52
2016-11-23,五粮液,000858,6.09,6.6,6.01,6.57,5.94,364966,1269579728.0,0.96,10.61
2016-11-22,五粮液,000858,5.97,6.07,5.82,5.94,5.97,154708,531809600.0,0.41,-0.5
2016-11-21,五粮液,000858,5.97,6.12,5.86,5.97,5.98,118206,407323312.0,0.31,-0.17
2016-11-18,五粮液,000858,6.16,6.19,5.82,5.98,6.13,113026,388872944.0,0.3,-2.45
2016-11-17,五粮液,000858,5.92,6.3,5.86,6.13,6.05,122579,424451968.0,0.32,1.32
2016-11-16,五粮液,000858,6.32,6.33,5.95,6.05,6.33,117769,407028544.0,0.31,-4.42
2016-11-15,五粮液,000858,5.86,6.38,5.73,6.33,5.87,214493,742407808.0,0.57,7.84
2016-11-14,五粮液,000858,6.31,6.4,5.7,5.87,6.31,286390,986264992.0,0.75,-6.97
2016-11-11,五粮液,000858,6.56,6.56,6.1,6.31,6.52,220862,766599488.0,0.58,-3.22
2016-11-10,五粮液,000858,6.51,6.6,6.37,6.52,6.22,171663,600144096.0,0.45,4.82
2016-11-09,五粮液,000858,6.49,6.61,5.83,6.22,6.44,188301,653324096.0,0.5,-3.42
2016-11-08,五粮液,000858,6.14,6.67,6.14,6.44,6.06,201958,706046480.0,0.53,6.27
2016-11-07,五粮液,000858,5.98,6.34,5.71,6.06,5.8,156353,539898816.0,0.41,4.48
2016-11-04,五粮液,000858,6.26,6.42,5.72,5.8,6.3,198377,683161088.0,0.52,-7.94
2016-11-03,五粮液,000858,6.12,6.61,6.07,6.3,6.16,160159,557888912.0,0.42,2.27
2016-11-02,五粮液,000858,6.62,6.62,6.14,6.16,6.71,145576,506388272.0,0.38,-8.2
2016-11-01,五粮液,000858,6.48,6.78,6.11,6.71,6.5,193762,676539648.0,0.51,3.23
2016-10-31,五粮液,000858,6.67,7.12,6.26,6.5,6.85,242284,850038416.0,0.64,-5.11
2016-10-28,五粮液,000858,6.02,7.07,6.02,6.85,6.17,424401,1499232768.0,1.12,11.02
2016-10-27,五粮液,000858,6.4,6.4,5.85,6.17,6.45,268782,928707120.0,0.71,-4.34
2016-10-26,五粮液,000858,5.87,7.4,5.82,6.45,5.85,572903,2015540912.0,1.51,10.26
2016-10-25,五粮液,000858,5.2,5.89,5.18,5.85,5.23,332492,1136904272.0,0.88,11.85
2016-10-24,五粮液,000858,4.92,5.35,4.87,5.23,5.09,152827,514888832.0,0.4,2.75
2016-10-21,五粮液,000858,5.18,5.32,4.77,5.09,5.16,152041,509430192.0,0.4,-1.36
2016-10-20,五粮液,000858,5.27,5.54,5.12,5.16,5.32,119545,403462672.0,0.31,-3.01
2016-10-19,五粮液,000858,5.52,5.54,5.12,5.32,5.41,166383,561752752.0,0.44,-1.66
2016-10-18,五粮液,000858,4.82,5.46,4.82,5.41,4.82,287741,972758816.0,0.76,12.24
2016-10-17,五粮液,000858,4.65,5.27,4.55,4.82,4.65,200238,668938560.0,0.53,3.66
2016-10-14,五粮液,000858,4.57,4.79,4.52,4.65,4.57,118357,392363312.0,0.31,1.75
2016-10-13,五粮液,000858,4.95,5.16,4.52,4.57,5.01,186646,619565328.0,0.49,-8.78
2016-10-12,五粮液,000858,4.9,5.25,4.82,5.01,4.99,130252,436671296.0,0.34,0.4
2016-10-11,五粮液,000858,5.29,5.39,4.73,4.99,5.19,226117,757048016.0,0.6,-3.85
2016-10-10,五粮液,000858,4.99,5.44,4.88,5.19,4.88,220543,742989696.0,0.58,6.35
2016-09-30,五粮液,000858,4.14,5.01,4.14,4.88,4.2,231752,771623216.0,0.61,16.19
2016-09-29,五粮液,000858,3.83,4.5,3.82,4.2,3.84,132444,432941040.0,0.35,9.38
2016-09-28,五粮液,000858,4.17,4.17,3.82,3.84,4.04,67046,217490800.0,0.18,-4.95
2016-09-27,五粮液,000858,3.77,4.05,3.77,4.04,3.8,98324,318817552.0,0.26,6.32
2016-09-26,五粮液,000858,4.72,4.72,3.8,3.8,4.8,185836,605117408.0,0.49,-20.83
2016-09-23,五粮液,000858,4.92,5.0,4.54,4.8,5.0,151517,503512704.0,0.4,-4.0
2016-09-22,五粮液,000858,4.35,5.07,4.27,5.0,4.2,296862,989315120.0,0.78,19.05
2016-09-21,五粮液,000858,4.05,4.29,4.05,4.2,4.05,99071,323523344.0,0.26,3.7
2016-09-20,五粮液,000858,4.04,4.48,3.98,4.05,4.06,144652,473082096.0,0.38,-0.25
2016-09-19,五粮液,000858,3.77,4.15,3.77,4.06,3.64,167569,544252224.0,0.44,11.54
2016-09-14,五粮液,000858,3.8,4.0,3.57,3.64,3.97,130544,420857440.0,0.34,-8.31
2016-09-13,五粮液,000858,3.84,4.02,3.56,3.97,3.64,163210,526745472.0,0.43,9.07
2016-09-12,五粮液,000858,4.59,4.75,3.54,3.64,4.92,366860,1194217680.0,0.97,-26.02
2016-09-09,五粮液,000858,5.17,5.38,4.85,4.92,5.1,173742,582842512.0,0.46,-3.53
2016-09-08,五粮液,000858,5.1,5.34,5.02,5.1,5.33,226066,759929808.0,0.6,-4.32
2016-09-07,五粮液,000858,5.86,5.86,5.14,5.33,5.86,287075,972545280.0,0.76,-9.04
2016-09-06,五粮液,000858,5.39,5.96,5.12,5.86,5.53,173358,590501184.0,0.46,5.97
2016-09-05,五粮液,000858,5.42,5.67,5.18,5.53,5.37,186285,632649056.0,0.49,2.98
2016-09-02,五粮液,000858,5.72,5.87,5.14,5.37,5.83,283527,963931136.0,0.75,-7.89
2016-09-01,五粮液,000858,6.43,6.49,5.8,5.83,6.43,313067,1079870416.0,0.82,-9.33
2016-08-31,五粮液,000858,6.69,6.71,6.08,6.43,6.25,350200,1218241664.0,0.92,2.88
2016-08-30,五粮液,000858,6.22,6.59,6.1,6.25,6.03,196634,684718816.0,0.52,3.65
2016-08-29,五粮液,000858,6.22,6.45,5.98,6.03,6.09,179250,620838224.0,0.47,-0.99
2016-08-26,五粮液,000858,6.25,6.58,6.0,6.09,6.31,186239,648227904.0,0.49,-3.49
2016-08-25,五粮液,000858,6.33,6.41,6.07,6.31,6.55,225542,782000112.0,0.59,-3.66
2016-08-24,五粮液,000858,6.52,6.86,6.23,6.55,6.87,339771,1188778496.0,0.9,-4.66
2016-08-23,五粮液,000858,7.22,7.59,6.54,6.87,7.33,252477,898440016.0,0.67,-6.28
2016-08-22,五粮液,000858,7.11,7.9,7.07,7.33,7.14,219210,788166864.0,0.58,2.66
2016-08-19,五粮液,000858,7.37,7.67,6.95,7.14,7.47,196066,700001312.0,0.52,-4.42
2016-08-18,五粮液,000858,7.87,8.05,7.36,7.47,8.07,288076,1039982832.0,0.76,-7.43
2016-08-17,五粮液,000858,7.82,8.65,7.62,8.07,7.72,381762,1397603040.0,1.01,4.53
2016-08-16,五粮液,000858,8.19,8.81,7.54,7.72,8.12,446005,1634149312.0,1.18,-4.93
2016-08-15,五粮液,000858,7.22,8.37,7.03,8.12,7.18,520939,1892335728.0,1.37,13.09
2016-08-12,五粮液,000858,6.99,7.32,6.52,7.18,7.04,276885,977619904.0,0.73,1.99
2016-08-11,五粮液,000858,6.53,7.6,6.53,7.04,6.48,399420,1423689552.0,1.05,8.64
2016-08-10,五粮液,000858,6.65,6.95,6.37,6.48,6.88,193891,679887760.0,0.51,-5.81
2016-08-09,五粮液,000858,5.85,7.08,5.7,6.88,5.98,354136,1238307472.0,0.93,15.05
2016-08-08,五粮液,000858,5.77,6.04,5.05,5.98,5.94,355548,1210752080.0,0.94,0.67
2016-08-05,五粮液,000858,6.42,6.62,5.82,5.94,6.42,185504,643662256.0,0.49,-7.48
2016-08-04,五粮液,000858,6.34,6.81,6.06,6.42,6.45,156823,545562432.0,0.41,-0.47
2016-08-03,五粮液,000858,6.01,6.66,5.82,6.45,6.16,191610,667407584.0,0.5,4.71
2016-08-02,五粮液,000858,6.21,6.68,5.71,6.16,6.35,270152,933644864.0,0.71,-2.99
2016-08-01,五粮液,000858,7.72,7.8,6.21,6.35,7.69,326111,1146568816.0,0.86,-17.43
2016-07-29,五粮液,000858,7.32,8.66,7.21,7.69,7.31,387880,1412679616.0,1.02,5.2
2016-07-28,五粮液,000858,6.31,7.78,6.21,7.31,6.6,404640,1444367648.0,1.07,10.76
2016-07-27,五粮液,000858,7.05,7.35,5.79,6.6,7.13,388129,1362334848.0,1.02,-7.43
2016-07-26,五粮液,000858,6.08,7.19,5.7,7.13,6.16,356589,1247112896.0,0.94,15.75
2016-07-25,五粮液,000858,5.63,6.63,5.6,6.16,5.63,319307,1108939360.0,0.84,9.41
2016-07-22,五粮液,000858,6.32,6.37,5.38,5.63,6.35,323806,1135747552.0,0.85,-11.34
2016-07-21,五粮液,000858,6.03,6.71,5.93,6.35,5.98,383297,1366143616.0,1.01,6.19
2016-07-20,五粮液,000858,6.12,6.31,5.77,5.98,6.19,309032,1090322272.0,0.81,-3.39
2016-07-19,五粮液,000858,7.82,7.95,5.62,6.19,7.74,596669,2125864944.0,1.57,-20.03
2016-07-18,五粮液,000858,7.72,8.08,7.34,7.74,7.86,250118,926598464.0,0.66,-1.53
2016-07-15,五粮液,000858,7.72,8.11,7.28,7.86,7.84,278031,1026517616.0,0.73,0.26
2016-07-14,五粮液,000858,8.14,8.8,7.46,7.84,8.14,354259,1320867216.0,0.93,-3.69
2016-07-13,五粮液,000858,8.64,8.64,7.52,8.14,8.79,405334,1507879232.0,1.07,-7.39
2016-07-12,五粮液,000858,7.97,9.25,7.52,8.79,8.06,579406,2189112272.0,1.53,9.06
2016-07-11,五粮液,000858,6.27,9.52,6.27,8.06,6.42,783622,2928172688.0,2.06,25.55
2016-07-08,五粮液,000858,5.65,6.95,5.22,6.42,5.54,487445,1722146048.0,1.28,15.88
2016-07-07,五粮液,000858,5.97,6.66,5.2,5.54,6.13,474668,1670520048.0,1.25,-9.62
2016-07-06,五粮液,000858,3.66,6.38,3.54,6.13,3.71,748717,2588251440.0,1.97,65.23
2016-07-05,五粮液,000858,3.34,4.37,3.02,3.71,3.19,424532,1403055904.0,1.12,16.3
2016-07-04,五粮液,000858,3.05,3.52,2.78,3.19,3.09,261326,849416512.0,0.69,3.24
2016-07-01,五粮液,000858,3.12,3.88,3.04,3.09,3.25,150289,490795232.0,0.4,-4.92
2016-06-30,五粮液,000858,2.92,3.83,2.92,3.25,2.91,260393,851566560.0,0.69,11.68
2016-06-29,五粮液,000858,3.07,3.17,2.53,2.91,2.99,129332,415046256.0,0.34,-2.68
2016-06-28,五粮液,000858,2.76,3.2,2.69,2.99,2.96,162984,524846544.0,0.43,1.01
2016-06-27,五粮液,000858,1.92,3.15,1.92,2.96,1.93,242517,778319984.0,0.64,53.37
2016-06-24,五粮液,000858,2.56,2.85,1.62,1.93,2.68,211475,664510336.0,0.56,-27.99
2016-06-23,五粮液,000858,2.62,3.06,2.25,2.68,2.7,153894,491987408.0,0.41,-0.74
2016-06-22,五粮液,000858,2.42,2.87,2.35,2.7,2.5,131526,419295952.0,0.35,8.0
2016-06-21,五粮液,000858,3.0,3.4,2.32,2.5,2.87,144719,465062656.0,0.38,-12.89
2016-06-20,五粮液,000858,3.17,3.27,2.48,2.87,3.43,264290,846028096.0,0.7,-16.33
2016-06-17,五粮液,000858,2.05,3.51,2.02,3.43,1.88,521434,1686260304.0,1.37,82.45
2016-06-16,五粮液,000858,2.01,2.18,1.62,1.88,2.07,241061,752227520.0,0.64,-9.18
2016-06-15,五粮液,000858,0.88,2.3,0.73,2.07,1.12,328191,1019300384.0,0.86,84.82
2016-06-14,五粮液,000858,0.68,1.29,0.68,1.12,0.71,198369,601387328.0,0.52,57.75
2016-06-13,五粮液,000858,1.03,1.57,0.68,0.71,1.42,197725,601662896.0,0.52,-50.0
2016-06-08,五粮液,000858,1.94,1.94,1.19,1.42,2.04,194063,596647952.0,0.51,-30.39
2016-06-07,五粮液,000858,1.87,2.16,1.67,2.04,1.84,199128,620896752.0,0.52,10.87
2016-06-06,五粮液,000858,2.05,2.21,1.47,1.84,2.05,265430,826150912.0,0.7,-10.24
2016-06-03,五粮液,000858,0.99,2.59,0.91,2.05,1.0,477214,1491803408.0,1.26,105.0
2016-06-02,五粮液,000858,0.62,1.08,0.54,1.0,0.64,203924,614179440.0,0.54,56.25
2016-06-01,五粮液,000858,0.72,0.92,0.55,0.64,0.75,155525,466399312.0,0.41,-14.67
2016-05-31,五粮液,000858,-0.48,0.91,-0.5,0.75,-0.48,310685,925343744.0,0.82,256.25
2016-05-30,五粮液,000858,-0.52,-0.31,-0.95,-0.48,-0.42,149459,428539664.0,0.39,-14.29
2016-05-27,五粮液,000858,-0.4,-0.23,-0.61,-0.42,-0.4,148195,427606400.0,0.39,-5.0
2016-05-26,五粮液,000858,-0.34,-0.15,-0.87,-0.4,-0.36,168722,484222032.0,0.44,-11.11
2016-05-25,五粮液,000858,0.36,0.53,-0.4,-0.36,0.22,174311,510541904.0,0.46,-263.64
2016-05-24,五粮液,000858,0.72,0.72,0.02,0.22,0.71,128474,379310784.0,0.34,-69.01
2016-05-23,五粮液,000858,0.12,0.72,0.02,0.71,0.16,196619,584222672.0,0.52,343.75
2016-05-20,五粮液,000858,-0.23,0.17,-0.4,0.16,-0.23,152626,445942304.0,0.4,169.57
2016-05-19,五粮液,000858,-0.13,0.24,-0.33,-0.23,-0.08,159403,465960224.0,0.42,-187.5
2016-05-18,五粮液,000858,-0.18,0.27,-0.8,-0.08,0.07,245180,712889632.0,0.65,-214.29
2016-05-17,五粮液,000858,0.62,0.62,0.05,0.07,0.54,216584,640035568.0,0.57,-87.04
2016-05-16,五粮液,000858,0.32,0.55,-0.23,0.54,0.6,292643,861709168.0,0.77,-10.0
2016-05-13,五粮液,000858,0.7,1.82,0.28,0.6,0.82,290379,881326176.0,0.77,-26.83
2016-05-12,五粮液,000858,0.72,1.02,-0.05,0.82,1.04,298453,894214016.0,0.79,-21.15
2016-05-11,五粮液,000858,0.5,1.68,0.34,1.04,0.44,505178,1540597296.0,1.33,136.36
2016-05-10,五粮液,000858,-0.13,1.09,-0.43,0.44,-0.01,481449,1429020784.0,1.27,4500.0
2016-05-09,五粮液,000858,-0.06,0.41,-0.18,-0.01,0.03,369687,1086058784.0,0.97,-133.33
2016-05-06,五粮液,000858,1.17,1.17,0.03,0.03,1.12,435316,1297800928.0,1.15,-97.32
2016-05-05,五粮液,000858,1.29,1.77,0.84,1.12,1.38,374411,1143886000.0,0.99,-18.84
2016-05-04,五粮液,000858,1.62,1.97,1.22,1.38,1.72,507361,1565612624.0,1.34,-19.77
2016-05-03,五粮液,000858,-0.6,1.87,-0.78,1.72,-0.88,922719,2777648304.0,2.43,295.45
2016-04-29,五粮液,000858,-0.68,-0.14,-1.0,-0.88,-1.75,675726,1945826320.0,1.78,49.71
2016-04-28,五粮液,000858,-1.52,-1.39,-1.99,-1.75,-1.57,116854,322170080.0,0.31,-11.46
2016-04-27,五粮液,000858,-1.98,-1.44,-1.98,-1.57,-1.98,174316,482160000.0,0.46,20.71
2016-04-26,五粮液,000858,-2.18,-1.85,-2.18,-1.98,-2.14,120559,328211872.0,0.32,7.48
2016-04-25,五粮液,000858,-2.57,-1.9,-2.57,-2.14,-2.48,186567,505551712.0,0.49,13.71
2016-04-22,五粮液,000858,-3.19,-2.36,-3.23,-2.48,-3.0,155910,416489456.0,0.41,17.33
2016-04-21,五粮液,000858,-3.15,-2.64,-3.15,-3.0,-3.08,133210,351567216.0,0.35,2.6
2016-04-20,五粮液,000858,-2.6,-2.46,-3.57,-3.08,-2.6,223862,586919136.0,0.59,-18.46
2016-04-19,五粮液,000858,-2.13,-2.06,-2.91,-2.6,-2.29,256540,682708128.0,0.68,-13.54
2016-04-18,五粮液,000858,-1.8,-1.7,-2.36,-2.29,-1.58,149608,405649184.0,0.39,-44.94
2016-04-15,五粮液,000858,-1.63,-1.38,-1.76,-1.58,-1.67,145476,402785632.0,0.38,5.39
2016-04-14,五粮液,000858,-1.87,-1.49,-1.96,-1.67,-1.91,131783,362970928.0,0.35,12.57
2016-04-13,五粮液,000858,-2.05,-1.53,-2.08,-1.91,-2.08,256801,706626064.0,0.68,8.17
2016-04-12,五粮液,000858,-2.08,-2.04,-2.31,-2.08,-2.04,163692,443570784.0,0.43,-1.96
2016-04-11,五粮液,000858,-1.8,-1.43,-2.21,-2.04,-2.03,399964,1093146528.0,1.05,-0.49
2016-04-08,五粮液,000858,-1.69,-1.23,-2.27,-2.03,-1.49,229961,632960832.0,0.61,-36.24
2016-04-07,五粮液,000858,-0.79,-0.58,-1.49,-1.49,-0.69,197754,556875104.0,0.52,-115.94
2016-04-06,五粮液,000858,-1.27,-0.57,-1.28,-0.69,-1.2,285660,810802720.0,0.75,42.5
2016-04-05,五粮液,000858,-1.4,-1.08,-1.5,-1.2,-1.29,272367,762756480.0,0.72,6.98
2016-04-01,五粮液,000858,-1.28,-1.11,-1.59,-1.29,-1.17,200879,560839344.0,0.53,-10.26
2016-03-31,五粮液,000858,-1.03,-0.79,-1.32,-1.17,-1.16,262276,739872624.0,0.69,-0.86
2016-03-30,五粮液,000858,-1.28,-0.96,-1.5,-1.16,-1.28,279087,782182624.0,0.74,9.38
2016-03-29,五粮液,000858,-1.18,-1.0,-1.68,-1.28,-1.2,272298,760155824.0,0.72,-6.67
2016-03-28,五粮液,000858,-1.9,-0.6,-1.9,-1.2,-2.03,555269,1564138688.0,1.46,40.89
2016-03-25,五粮液,000858,-2.44,-1.87,-2.58,-2.03,-2.58,339628,923325376.0,0.89,21.32
2016-03-24,五粮液,000858,-3.02,-2.02,-3.1,-2.58,-2.94,395439,1058814240.0,1.04,12.24
2016-03-23,五粮液,000858,-2.97,-2.75,-3.28,-2.94,-2.81,182321,479620464.0,0.48,-4.63
2016-03-22,五粮液,000858,-3.03,-2.41,-3.2,-2.81,-2.88,340192,901646032.0,0.9,2.43
2016-03-21,五粮液,000858,-3.17,-2.44,-3.35,-2.88,-3.18,576544,1514392896.0,1.52,9.43
2016-03-18,五粮液,000858,-3.71,-2.93,-4.1,-3.18,-3.78,421319,1088017488.0,1.11,15.87
2016-03-17,五粮液,000858,-3.8,-3.55,-4.21,-3.78,-4.0,177359,451183184.0,0.47,5.5
2016-03-16,五粮液,000858,-3.87,-3.58,-4.37,-4.0,-3.76,128872,327244544.0,0.34,-6.38
2016-03-15,五粮液,000858,-3.97,-3.43,-4.36,-3.76,-3.83,205520,519837168.0,0.54,1.83
2016-03-14,五粮液,000858,-3.67,-2.82,-3.9,-3.83,-3.88,320752,830571568.0,0.85,1.29
2016-03-11,五粮液,000858,-4.13,-3.48,-4.42,-3.88,-4.14,193970,492338208.0,0.51,6.28
2016-03-10,五粮液,000858,-4.58,-3.73,-4.67,-4.14,-4.49,266821,675366576.0,0.7,7.8
2016-03-09,五粮液,000858,-4.66,-4.38,-5.08,-4.49,-4.22,164370,405433600.0,0.43,-6.4
2016-03-08,五粮液,000858,-3.97,-3.97,-4.76,-4.22,-3.92,181504,451266096.0,0.48,-7.65
2016-03-07,五粮液,000858,-3.97,-3.45,-4.23,-3.92,-4.11,372254,946537600.0,0.98,4.62
2016-03-04,五粮液,000858,-4.84,-3.79,-4.97,-4.11,-4.78,528677,1323824432.0,1.39,14.02
2016-03-03,五粮液,000858,-5.36,-4.09,-5.41,-4.78,-5.41,367725,907878880.0,0.97,11.65
2016-03-02,五粮液,000858,-6.47,-5.33,-6.47,-5.41,-6.45,247730,580947744.0,0.65,16.12
2016-03-01,五粮液,000858,-6.73,-6.24,-6.86,-6.45,-6.82,113281,256938021.0,0.3,5.43
2016-02-29,五粮液,000858,-5.88,-5.69,-6.97,-6.82,-5.84,174954,396522176.0,0.46,-16.78
2016-02-26,五粮液,000858,-6.1,-5.46,-6.35,-5.84,-6.2,108124,251715040.0,0.28,5.81
2016-02-25,五粮液,000858,-5.09,-5.08,-6.47,-6.2,-5.09,219720,516805344.0,0.58,-21.81
2016-02-24,五粮液,000858,-5.48,-5.07,-5.58,-5.09,-5.28,192975,461961328.0,0.51,3.6
2016-02-23,五粮液,000858,-5.38,-4.92,-5.64,-5.28,-5.43,263639,632952896.0,0.69,2.76
2016-02-22,五粮液,000858,-5.78,-5.32,-5.95,-5.43,-5.98,230166,544993648.0,0.61,9.2
2016-02-19,五粮液,000858,-5.9,-5.81,-6.28,-5.98,-5.83,178498,414793856.0,0.47,-2.57
2016-02-18,五粮液,000858,-5.22,-5.18,-5.91,-5.83,-5.34,209381,496341920.0,0.55,-9.18
2016-02-17,五粮液,000858,-5.28,-5.13,-5.57,-5.34,-5.24,101952,243537073.0,0.27,-1.91
2016-02-16,五粮液,000858,-5.89,-5.15,-5.94,-5.24,-6.01,130932,312618864.0,0.34,12.81
2016-02-15,五粮液,000858,-5.98,-5.84,-6.48,-6.01,-5.6,128214,296921840.0,0.34,-7.32
2016-02-05,五粮液,000858,-4.92,-4.81,-5.61,-5.6,-4.96,136756,327003584.0,0.36,-12.9
2016-02-04,五粮液,000858,-4.93,-4.65,-5.01,-4.96,-4.99,125693,307055424.0,0.33,0.6
2016-02-03,五粮液,000858,-5.27,-4.99,-5.42,-4.99,-5.08,72085,173616633.0,0.19,1.77
2016-02-02,五粮液,000858,-5.23,-4.71,-5.23,-5.08,-5.26,129970,316101856.0,0.34,3.42
2016-02-01,五粮液,000858,-5.62,-4.83,-5.73,-5.26,-5.62,178735,431576064.0,0.47,6.41
2016-01-29,五粮液,000858,-6.6,-5.39,-6.6,-5.62,-6.6,165343,387052160.0,0.44,14.85
2016-01-28,五粮液,000858,-6.33,-6.0,-6.68,-6.6,-6.33,105102,241189065.0,0.28,-4.27
2016-01-27,五粮液,000858,-5.7,-5.58,-6.77,-6.33,-5.73,186773,428811664.0,0.49,-10.47
2016-01-26,五粮液,000858,-4.91,-4.59,-5.98,-5.73,-4.84,176764,426670656.0,0.47,-18.39
2016-01-25,五粮液,000858,-4.98,-4.75,-5.18,-4.84,-5.2,122936,299734976.0,0.32,6.92
2016-01-22,五粮液,000858,-4.95,-4.88,-5.58,-5.2,-5.24,117545,282318768.0,0.31,0.76
2016-01-21,五粮液,000858,-5.0,-4.34,-5.27,-5.24,-4.67,191792,469461040.0,0.51,-12.21
2016-01-20,五粮液,000858,-4.52,-4.34,-5.28,-4.67,-4.37,217816,531969200.0,0.57,-6.86
2016-01-19,五粮液,000858,-5.35,-4.37,-5.4,-4.37,-5.34,223709,549500912.0,0.59,18.16
2016-01-18,五粮液,000858,-5.87,-5.07,-6.03,-5.34,-5.68,185358,443340880.0,0.49,5.99
2016-01-15,五粮液,000858,-5.07,-4.68,-5.83,-5.68,-4.98,197834,475468288.0,0.52,-14.06
2016-01-14,五粮液,000858,-5.68,-4.72,-5.87,-4.98,-5.17,212790,512968400.0,0.56,3.68
2016-01-13,五粮液,000858,-5.04,-4.36,-5.26,-5.17,-5.2,290893,712525888.0,0.77,0.58
2016-01-12,五粮液,000858,-4.78,-4.74,-5.45,-5.2,-5.21,207407,501339600.0,0.55,0.19
2016-01-11,五粮液,000858,-3.83,-3.43,-5.35,-5.21,-3.37,369229,917948528.0,0.97,-54.6
2016-01-08,五粮液,000858,-3.6,-2.82,-4.77,-3.37,-4.0,322627,831205824.0,0.85,15.75
2016-01-07,五粮液,000858,-3.01,-3.01,-4.15,-4.0,-2.7,66286,170483989.0,0.17,-48.15
2016-01-06,五粮液,000858,-3.37,-2.4,-3.54,-2.7,-3.28,318305,839001120.0,0.84,17.68
2016-01-05,五粮液,000858,-3.78,-2.7,-4.16,-3.28,-3.61,373337,969314176.0,0.98,9.14
2016-01-04,五粮液,000858,-1.9,-1.83,-3.78,-3.61,-2.0,227002,601351712.0,0.6,-80.5
2015-12-31,五粮液,000858,-1.6,-1.45,-2.18,-2.0,-1.72,228613,627431584.0,0.6,-16.28
2015-12-30,五粮液,000858,-1.89,-1.33,-1.96,-1.72,-2.05,330110,912706880.0,0.87,16.1
2015-12-29,五粮液,000858,-2.76,-2.02,-2.83,-2.05,-2.88,280762,755316736.0,0.74,28.82
2015-12-28,五粮液,000858,-1.96,-1.7,-2.97,-2.88,-2.16,303856,818362464.0,0.8,-33.33
2015-12-25,五粮液,000858,-1.43,-1.38,-2.36,-2.16,-1.63,258789,706260464.0,0.68,-32.52
2015-12-24,五粮液,000858,-1.78,-1.3,-1.97,-1.63,-1.8,303086,836878400.0,0.8,9.44
2015-12-23,五粮液,000858,-1.57,-1.29,-1.95,-1.8,-1.59,306658,847611264.0,0.81,-13.21
2015-12-22,五粮液,000858,-1.56,-0.93,-2.18,-1.59,-1.59,508416,1407444368.0,1.34,0.0
2015-12-21,五粮液,000858,-3.4,-1.13,-3.45,-1.59,-3.33,948096,2608302784.0,2.5,52.25
2015-12-18,五粮液,000858,-3.7,-3.18,-3.95,-3.33,-3.74,376084,968248384.0,0.99,10.96
2015-12-17,五粮液,000858,-4.21,-3.73,-4.21,-3.74,-4.35,259728,658604000.0,0.68,14.02
2015-12-16,五粮液,000858,-4.11,-4.05,-4.4,-4.35,-4.15,153757,385418032.0,0.41,-4.82
2015-12-15,五粮液,000858,-4.29,-4.09,-4.41,-4.15,-4.36,186227,466508224.0,0.49,4.82
2015-12-14,五粮液,000858,-4.93,-4.32,-4.97,-4.36,-4.68,166549,411627168.0,0.44,6.84
2015-12-11,五粮液,000858,-4.82,-4.53,-5.11,-4.68,-4.76,145538,354637408.0,0.38,1.68
2015-12-10,五粮液,000858,-4.38,-4.33,-4.82,-4.76,-4.41,176012,434692208.0,0.46,-7.94
2015-12-09,五粮液,000858,-4.43,-4.25,-4.68,-4.41,-4.43,142968,355092656.0,0.38,0.45
2015-12-08,五粮液,000858,-3.83,-3.83,-4.53,-4.43,-3.73,165298,413108768.0,0.44,-18.77
2015-12-07,五粮液,000858,-3.83,-3.48,-4.04,-3.73,-3.98,209287,534149312.0,0.55,6.28
2015-12-04,五粮液,000858,-3.75,-3.73,-4.08,-3.98,-3.67,167256,423827856.0,0.44,-8.45
2015-12-03,五粮液,000858,-3.68,-3.43,-3.79,-3.67,-3.6,259702,666072400.0,0.68,-1.94
2015-12-02,五粮液,000858,-4.58,-3.28,-4.68,-3.6,-4.49,441824,1126003360.0,1.16,19.82
2015-12-01,五粮液,000858,-5.28,-4.36,-5.48,-4.49,-5.25,242176,590081312.0,0.64,14.48
2015-11-30,五粮液,000858,-4.98,-4.79,-5.73,-5.25,-5.02,236460,567831872.0,0.62,-4.58
2015-11-27,五粮液,000858,-4.23,-4.11,-5.18,-5.02,-4.11,306775,754890192.0,0.81,-22.14
2015-11-26,五粮液,000858,-3.87,-3.8,-4.27,-4.11,-3.95,241186,607930864.0,0.64,-4.05
2015-11-25,五粮液,000858,-4.02,-3.87,-4.28,-3.95,-4.0,261099,658022896.0,0.69,1.25
2015-11-24,五粮液,000858,-3.89,-3.79,-4.26,-4.0,-3.83,211856,534045696.0,0.56,-4.44
2015-11-23,五粮液,000858,-3.38,-3.29,-3.92,-3.83,-3.28,270043,692910592.0,0.71,-16.77
2015-11-20,五粮液,000858,-2.99,-2.82,-3.47,-3.28,-3.0,266434,693099680.0,0.7,-9.33
2015-11-19,五粮液,000858,-3.22,-2.86,-3.3,-3.0,-3.26,252285,661720096.0,0.66,7.98
2015-11-18,五粮液,000858,-3.37,-2.94,-3.56,-3.26,-3.37,325412,848034672.0,0.86,3.26
2015-11-17,五粮液,000858,-3.52,-3.13,-3.68,-3.37,-3.64,379806,982657552.0,1.0,7.42
2015-11-16,五粮液,000858,-3.98,-3.53,-4.07,-3.64,-3.53,225654,575255760.0,0.59,-3.12
2015-11-13,五粮液,000858,-3.75,-3.24,-3.87,-3.53,-3.51,330002,851695328.0,0.87,-0.57
2015-11-12,五粮液,000858,-3.13,-3.02,-3.73,-3.51,-3.12,317316,818535984.0,0.84,-12.5
2015-11-11,五粮液,000858,-2.88,-2.63,-3.38,-3.12,-2.83,375440,983077152.0,0.99,-10.25
2015-11-10,五粮液,000858,-2.68,-2.54,-3.05,-2.83,-2.49,394846,1044280752.0,1.04,-13.65
2015-11-09,五粮液,000858,-3.46,-2.19,-3.65,-2.49,-3.36,541619,1430832256.0,1.43,25.89
2015-11-06,五粮液,000858,-3.61,-3.03,-3.68,-3.36,-3.46,430996,1115299856.0,1.14,2.89
2015-11-05,五粮液,000858,-3.91,-2.91,-4.18,-3.46,-3.8,614866,1593849216.0,1.62,8.95
2015-11-04,五粮液,000858,-5.16,-3.72,-5.16,-3.8,-5.21,680990,1708283744.0,1.79,27.06
2015-11-03,五粮液,000858,-5.07,-4.5,-5.38,-5.21,-5.08,393837,959336432.0,1.04,-2.56
2015-11-02,五粮液,000858,-4.35,-3.32,-5.88,-5.08,-3.55,1124814,2774243952.0,2.96,-43.1
2015-07-29,五粮液,000858,-3.75,-3.11,-3.95,-3.55,-3.68,208285,535030992.0,0.55,3.53
2015-07-28,五粮液,000858,-4.98,-3.57,-5.28,-3.68,-4.35,761920,1899834944.0,2.01,15.4
2015-07-27,五粮液,000858,-2.01,-1.32,-4.35,-4.35,-1.58,738843,1953819536.0,1.95,-175.32
2015-07-24,五粮液,000858,-1.29,-0.13,-1.74,-1.58,-1.38,937348,2673925072.0,2.47,-14.49
2015-07-23,五粮液,000858,-1.56,-1.29,-1.98,-1.38,-1.66,608365,1685121616.0,1.6,16.87
2015-07-22,五粮液,000858,-2.28,-1.29,-2.56,-1.66,-2.57,750848,2069155392.0,1.98,35.41
2015-07-21,五粮液,000858,-3.03,-2.17,-3.37,-2.57,-2.88,414811,1106459488.0,1.09,10.76
2015-07-20,五粮液,000858,-2.33,-1.85,-3.1,-2.88,-2.38,531532,1423417696.0,1.4,-21.01
2015-07-17,五粮液,000858,-3.38,-2.08,-3.58,-2.38,-3.64,581995,1548085632.0,1.53,34.62
2015-07-16,五粮液,000858,-4.56,-2.78,-4.56,-3.64,-4.56,582965,1489527392.0,1.54,20.18
2015-07-15,五粮液,000858,-3.38,-3.13,-4.83,-4.56,-2.96,642998,1624336208.0,1.69,-54.05
2015-07-14,五粮液,000858,-1.83,-1.33,-3.32,-2.96,-0.92,1002344,2709928464.0,2.64,-221.74
2015-07-13,五粮液,000858,-2.73,-0.58,-3.27,-0.92,-2.76,1354506,3717282912.0,3.57,66.67
2015-07-10,五粮液,000858,-4.1,-2.76,-4.48,-2.76,-5.17,1337829,3517676816.0,3.52,46.62
2015-07-09,五粮液,000858,-7.36,-5.17,-7.36,-5.17,-7.36,1107965,2573607120.0,2.92,29.76
2015-07-08,五粮液,000858,-7.36,-6.4,-7.36,-7.36,-4.92,1708464,3803785888.0,4.5,-49.59
2015-07-07,五粮液,000858,-4.45,-4.25,-6.1,-4.92,-3.68,1244468,3002129248.0,3.28,-33.7
2015-07-06,五粮液,000858,-1.72,-1.72,-5.9,-3.68,-4.23,1284685,3298838848.0,3.38,13.0
2015-07-03,五粮液,000858,-2.79,-1.13,-4.45,-4.23,-1.69,1207677,3110013104.0,3.18,-150.3
2015-07-02,五粮液,000858,1.47,1.59,-1.69,-1.69,1.38,1274095,3663702176.0,3.36,-222.46
2015-07-01,五粮液,000858,1.72,4.3,0.89,1.38,2.42,1257700,4069479712.0,3.31,-42.98
2015-06-30,五粮液,000858,1.12,2.81,-0.78,2.42,1.18,1417819,4298661120.0,3.74,105.08
2015-06-29,五粮液,000858,1.47,2.56,-1.18,1.18,0.28,1450779,4421646336.0,3.82,321.43
2015-06-26,五粮液,000858,1.62,2.63,-0.57,0.28,2.62,1136369,3441003680.0,2.99,-89.31
2015-06-25,五粮液,000858,3.72,4.13,2.08,2.62,3.58,945386,3069460528.0,2.49,-26.82
2015-06-24,五粮液,000858,1.72,4.57,1.72,3.58,1.55,1283583,4170551280.0,3.38,130.97
2015-06-23,五粮液,000858,-0.93,1.6,-1.38,1.55,-1.07,886511,2590065008.0,2.34,244.86
2015-06-19,五粮液,000858,-0.2,0.68,-1.52,-1.07,0.45,697433,2005849616.0,1.84,-337.78
2015-06-18,五粮液,000858,2.3,2.75,0.42,0.45,2.5,820489,2588320800.0,2.16,-82.0
2015-06-17,五粮液,000858,0.97,2.72,-0.08,2.5,1.41,762471,2363743680.0,2.01,77.3
2015-06-16,五粮液,000858,2.36,2.36,0.8,1.41,2.5,863545,2719904640.0,2.28,-43.6
2015-06-15,五粮液,000858,1.42,3.32,0.96,2.5,0.93,1267629,4106182496.0,3.34,168.82
2015-06-12,五粮液,000858,-0.46,2.2,-0.46,0.93,-0.54,1184595,3670907264.0,3.12,272.22
2015-06-11,五粮液,000858,-0.58,-0.38,-0.92,-0.54,-0.38,593764,1735018832.0,1.56,-42.11
2015-06-10,五粮液,000858,-1.38,0.18,-1.62,-0.38,-1.13,1055795,3106113120.0,2.78,66.37
2015-06-09,五粮液,000858,-0.7,-0.4,-1.38,-1.13,-0.72,860597,2487675520.0,2.27,-56.94
2015-06-08,五粮液,000858,-1.83,-0.54,-2.27,-0.72,-1.79,1200351,3418770848.0,3.16,59.78
2015-06-05,五粮液,000858,-2.28,-1.56,-2.71,-1.79,-2.35,897413,2509684576.0,2.36,23.83
2015-06-04,五粮液,000858,-1.92,-1.8,-3.73,-2.35,-1.9,747795,2032055344.0,1.97,-23.68
2015-06-03,五粮液,000858,-1.3,-1.2,-2.44,-1.9,-1.33,644649,1811063584.0,1.7,-42.86
2015-06-02,五粮液,000858,-1.56,-1.33,-2.22,-1.33,-1.66,759759,2140974480.0,2.0,19.88
2015-06-01,五粮液,000858,-2.94,-1.65,-3.09,-1.66,-3.05,739649,2042249936.0,1.95,45.57
2015-05-29,五粮液,000858,-2.87,-2.39,-3.58,-3.05,-2.88,742869,2003706288.0,1.96,-5.9
2015-05-28,五粮液,000858,-2.0,-0.7,-3.38,-2.88,-2.29,1283585,3624169760.0,3.38,-25.76
2015-05-27,五粮液,000858,-1.98,-1.94,-2.57,-2.29,-1.98,796251,2200265872.0,2.1,-15.66
2015-05-26,五粮液,000858,-2.17,-1.93,-2.75,-1.98,-2.28,963555,2658515152.0,2.54,13.16
2015-05-25,五粮液,000858,-2.78,-2.2,-2.79,-2.28,-2.79,876303,2403079296.0,2.31,18.28
2015-05-22,五粮液,000858,-3.1,-2.63,-3.47,-2.79,-3.29,766130,2059081632.0,2.02,15.2
2015-05-21,五粮液,000858,-4.19,-3.21,-4.19,-3.29,-4.19,676515,1786097840.0,1.78,21.48
2015-05-20,五粮液,000858,-4.27,-3.73,-4.3,-4.19,-4.19,545839,1414103232.0,1.44,0.0
2015-05-19,五粮液,000858,-4.88,-4.15,-5.03,-4.19,-4.88,472794,1203065552.0,1.25,14.14
2015-05-18,五粮液,000858,-4.83,-4.66,-4.95,-4.88,-4.63,353048,885896064.0,0.93,-5.4
2015-05-15,五粮液,000858,-4.19,-3.93,-4.73,-4.63,-4.2,458084,1165784128.0,1.21,-10.24
2015-05-14,五粮液,000858,-3.65,-3.65,-4.28,-4.2,-3.63,496238,1279981344.0,1.31,-15.7
2015-05-13,五粮液,000858,-3.76,-3.2,-3.89,-3.63,-3.74,651338,1718423152.0,1.72,2.94
2015-05-12,五粮液,000858,-3.7,-3.43,-4.03,-3.74,-3.75,536796,1401938096.0,1.41,0.27
2015-05-11,五粮液,000858,-4.33,-3.72,-4.64,-3.75,-4.33,601196,1548993136.0,1.58,13.39
2015-05-08,五粮液,000858,-4.71,-4.23,-4.9,-4.33,-5.03,579847,1469988096.0,1.53,13.92
2015-05-07,五粮液,000858,-5.08,-4.6,-5.1,-5.03,-5.09,426473,1065763632.0,1.12,1.18
2015-05-06,五粮液,000858,-4.29,-4.11,-5.22,-5.09,-4.65,585909,1487012752.0,1.54,-9.46
2015-05-05,五粮液,000858,-3.3,-3.3,-4.66,-4.65,-3.3,595615,1535342336.0,1.57,-40.91
2015-05-04,五粮液,000858,-3.7,-2.78,-3.74,-3.3,-3.77,529810,1410940848.0,1.4,12.47
2015-04-30,五粮液,000858,-3.63,-3.49,-3.78,-3.77,-3.72,394893,1035513120.0,1.04,-1.34
2015-04-29,五粮液,000858,-4.3,-3.52,-4.3,-3.72,-3.72,545643,1421981104.0,1.44,0.0
2015-04-28,五粮液,000858,-3.03,-2.9,-3.96,-3.72,-2.87,708933,1865677648.0,1.87,-29.62
2015-04-27,五粮液,000858,-3.07,-2.38,-3.11,-2.87,-2.99,691690,1869557328.0,1.82,4.01
2015-04-24,五粮液,000858,-2.51,-2.18,-3.89,-2.99,-2.07,889222,2396559072.0,2.34,-44.44
2015-04-23,五粮液,000858,-1.77,-1.58,-2.47,-2.07,-1.7,780430,2166905024.0,2.06,-21.76
2015-04-22,五粮液,000858,-1.78,-1.6,-2.27,-1.7,-1.82,1013954,2833588384.0,2.67,6.59
2015-04-21,五粮液,000858,-3.61,-1.43,-3.62,-1.82,-3.71,1546097,4240138160.0,4.07,50.94
2015-04-20,五粮液,000858,-3.28,-2.62,-3.82,-3.71,-3.13,1210759,3230897024.0,3.19,-18.53
2015-04-17,五粮液,000858,-2.84,-2.49,-3.4,-3.13,-2.83,1609853,4327118336.0,4.24,-10.6
2015-04-16,五粮液,000858,-5.1,-2.62,-5.2,-2.83,-5.1,1815557,4817906176.0,4.78,44.51
2015-04-15,五粮液,000858,-4.81,-4.41,-5.38,-5.1,-4.82,715962,1790380640.0,1.89,-5.81
2015-04-14,五粮液,000858,-5.23,-3.99,-5.36,-4.82,-5.21,967709,2440503456.0,2.55,7.49
2015-04-13,五粮液,000858,-5.6,-5.0,-5.84,-5.21,-5.71,836058,2044776672.0,2.2,8.76
2015-04-10,五粮液,000858,-6.27,-5.6,-6.35,-5.71,-6.27,792328,1899312688.0,2.09,8.93
2015-04-09,五粮液,000858,-5.67,-5.52,-6.57,-6.27,-5.71,774140,1839300128.0,2.04,-9.81
2015-04-08,五粮液,000858,-5.68,-5.12,-6.07,-5.71,-5.7,1028817,2501701104.0,2.71,-0.18
2015-04-07,五粮液,000858,-6.36,-5.58,-6.43,-5.7,-6.47,1025502,2447635168.0,2.7,11.9
2015-04-03,五粮液,000858,-6.7,-6.41,-6.74,-6.47,-6.52,627566,1465018304.0,1.65,0.77
2015-04-02,五粮液,000858,-6.63,-6.3,-6.79,-6.52,-6.67,650736,1518019936.0,1.71,2.25
2015-04-01,五粮液,000858,-6.75,-6.62,-6.88,-6.67,-6.7,764228,1767887584.0,2.01,0.45
2015-03-31,五粮液,000858,-6.39,-5.88,-6.78,-6.7,-6.35,829190,1951956208.0,2.18,-5.51
2015-03-30,五粮液,000858,-6.69,-6.26,-6.82,-6.35,-6.75,710540,1660055136.0,1.87,5.93
2015-03-27,五粮液,000858,-6.5,-6.43,-6.93,-6.75,-6.54,579686,1340118224.0,1.53,-3.21
2015-03-26,五粮液,000858,-7.39,-6.46,-7.47,-6.54,-7.4,1025306,2357791216.0,2.7,11.62
2015-03-25,五粮液,000858,-7.12,-7.12,-7.47,-7.4,-7.12,571971,1289295120.0,1.51,-3.93
2015-03-24,五粮液,000858,-6.88,-6.7,-7.48,-7.12,-7.04,862353,1969214432.0,2.27,-1.14
2015-03-23,五粮液,000858,-7.16,-6.9,-7.22,-7.04,-7.25,648065,1477464288.0,1.71,2.9
2015-03-20,五粮液,000858,-7.41,-7.01,-7.47,-7.25,-7.46,516933,1169876480.0,1.36,2.82
2015-03-19,五粮液,000858,-7.13,-7.12,-7.64,-7.46,-7.04,575195,1294801504.0,1.52,-5.97
2015-03-18,五粮液,000858,-7.39,-7.02,-7.55,-7.04,-7.4,612525,1389880976.0,1.61,4.86
2015-03-17,五粮液,000858,-7.59,-7.02,-7.73,-7.4,-7.7,734385,1653452592.0,1.93,3.9
2015-03-16,五粮液,000858,-8.11,-7.69,-8.18,-7.7,-8.24,510505,1124314512.0,1.34,6.55
2015-03-13,五粮液,000858,-8.13,-8.08,-8.38,-8.24,-8.18,377907,818028704.0,1.0,-0.73
2015-03-12,五粮液,000858,-8.43,-8.14,-8.64,-8.18,-8.58,540556,1165160400.0,1.42,4.66
2015-03-11,五粮液,000858,-8.58,-8.28,-8.64,-8.58,-8.57,364304,780151920.0,0.96,-0.12
2015-03-10,五粮液,000858,-8.59,-8.4,-8.7,-8.57,-8.61,404489,862732496.0,1.07,0.46
2015-03-09,五粮液,000858,-9.02,-8.6,-9.22,-8.61,-8.96,400692,839462416.0,1.06,3.91
2015-03-06,五粮液,000858,-9.09,-8.82,-9.2,-8.96,-9.15,326828,683272016.0,0.86,2.08
2015-03-05,五粮液,000858,-8.87,-8.82,-9.37,-9.15,-8.84,331191,687397120.0,0.87,-3.51
2015-03-04,五粮液,000858,-8.95,-8.8,-9.1,-8.84,-9.05,282399,591907184.0,0.74,2.32
2015-03-03,五粮液,000858,-8.68,-8.68,-9.1,-9.05,-8.64,384563,806020752.0,1.01,-4.75
2015-03-02,五粮液,000858,-8.43,-8.43,-8.8,-8.64,-8.5,460759,976106944.0,1.21,-1.65
2015-02-27,五粮液,000858,-8.58,-8.24,-8.62,-8.5,-8.66,471028,1009783072.0,1.24,1.85
2015-02-26,五粮液,000858,-9.19,-8.64,-9.27,-8.66,-9.16,293709,616116032.0,0.77,5.46
2015-02-25,五粮液,000858,-8.6,-8.54,-9.27,-9.16,-8.61,434506,907219712.0,1.14,-6.39
2015-02-17,五粮液,000858,-8.43,-8.34,-8.69,-8.61,-8.49,299423,638878000.0,0.79,-1.41
2015-02-16,五粮液,000858,-8.33,-8.33,-8.73,-8.49,-8.4,288477,614730960.0,0.76,-1.07
2015-02-13,五粮液,000858,-8.18,-8.1,-8.44,-8.4,-8.35,329247,712611856.0,0.87,-0.6
2015-02-12,五粮液,000858,-8.67,-8.24,-8.71,-8.35,-8.75,269650,577766864.0,0.71,4.57
2015-02-11,五粮液,000858,-8.7,-8.56,-8.86,-8.75,-8.73,172477,365326432.0,0.45,-0.23
2015-02-10,五粮液,000858,-9.11,-8.39,-9.11,-8.73,-9.11,278327,588688752.0,0.73,4.17
2015-02-09,五粮液,000858,-9.54,-9.05,-9.58,-9.11,-9.55,307058,635654480.0,0.81,4.61
2015-02-06,五粮液,000858,-8.8,-8.67,-9.67,-9.55,-8.73,427791,882436880.0,1.13,-9.39
2015-02-05,五粮液,000858,-8.06,-7.93,-8.78,-8.73,-8.32,322856,696131664.0,0.85,-4.93
2015-02-04,五粮液,000858,-8.17,-7.9,-8.35,-8.32,-8.18,274985,597942784.0,0.72,-1.71
2015-02-03,五粮液,000858,-8.23,-8.12,-8.58,-8.18,-8.42,305807,658352848.0,0.81,2.85
2015-02-02,五粮液,000858,-8.04,-7.88,-8.48,-8.42,-7.68,363010,784198144.0,0.96,-9.64
2015-01-30,五粮液,000858,-7.58,-7.26,-7.68,-7.68,-7.65,304848,683442304.0,0.8,-0.39
2015-01-29,五粮液,000858,-7.39,-7.24,-7.68,-7.65,-7.18,330538,738994464.0,0.87,-6.55
2015-01-28,五粮液,000858,-7.03,-6.76,-7.23,-7.18,-6.85,365014,834904576.0,0.96,-4.82
2015-01-27,五粮液,000858,-7.17,-6.72,-7.33,-6.85,-7.19,655775,1500762848.0,1.73,4.73
2015-01-26,五粮液,000858,-7.45,-7.12,-7.67,-7.19,-7.47,403985,907596624.0,1.06,3.75
2015-01-23,五粮液,000858,-6.92,-6.81,-7.63,-7.47,-6.94,521083,1177290656.0,1.37,-7.64
2015-01-22,五粮液,000858,-7.03,-6.6,-7.25,-6.94,-7.11,460676,1056323344.0,1.21,2.39
2015-01-21,五粮液,000858,-7.41,-7.03,-7.83,-7.11,-7.77,489564,1103695632.0,1.29,8.49
2015-01-20,五粮液,000858,-8.1,-7.5,-8.23,-7.77,-8.33,527851,1163823568.0,1.39,6.72
2015-01-19,五粮液,000858,-7.58,-6.9,-8.78,-8.33,-6.51,756779,1682074656.0,1.99,-27.96
2015-01-16,五粮液,000858,-6.86,-6.48,-7.0,-6.51,-7.02,476743,1103523344.0,1.26,7.26
2015-01-15,五粮液,000858,-7.53,-7.01,-7.79,-7.02,-7.55,424339,953670368.0,1.12,7.02
2015-01-14,五粮液,000858,-6.9,-6.68,-7.7,-7.55,-6.91,561031,1267417856.0,1.48,-9.26
2015-01-13,五粮液,000858,-6.96,-6.5,-7.12,-6.91,-6.84,368959,850294064.0,0.97,-1.02
2015-01-12,五粮液,000858,-6.39,-6.3,-7.17,-6.84,-6.16,707087,1636654080.0,1.86,-11.04
2015-01-09,五粮液,000858,-6.16,-4.93,-6.17,-6.16,-5.95,972304,2367707584.0,2.56,-3.53
2015-01-08,五粮液,000858,-6.33,-5.49,-6.67,-5.95,-6.4,886985,2110107168.0,2.34,7.03
2015-01-07,五粮液,000858,-6.1,-5.36,-6.65,-6.4,-6.12,930954,2215338496.0,2.45,-4.58
2015-01-06,五粮液,000858,-6.23,-5.9,-6.6,-6.12,-6.23,1280985,3026412816.0,3.37,1.77
2015-01-05,五粮液,000858,-8.29,-6.23,-8.37,-6.23,-8.38,1673428,3804923280.0,4.41,25.66
2014-12-31,五粮液,000858,-8.58,-8.23,-8.62,-8.38,-8.56,530773,1139378736.0,1.4,2.1
2014-12-30,五粮液,000858,-8.38,-8.2,-8.63,-8.56,-8.23,606039,1299811232.0,1.6,-4.01
2014-12-29,五粮液,000858,-8.33,-7.48,-8.43,-8.23,-8.27,1072815,2342238160.0,2.83,0.48
2014-12-26,五粮液,000858,-8.58,-8.19,-8.78,-8.27,-8.46,774014,1656634240.0,2.04,2.25
2014-12-25,五粮液,000858,-8.76,-8.4,-8.9,-8.46,-8.85,755070,1600573568.0,1.99,4.41
2014-12-24,五粮液,000858,-8.19,-7.6,-9.0,-8.85,-8.15,1182611,2554369616.0,3.12,-8.59
2014-12-23,五粮液,000858,-8.68,-7.39,-8.88,-8.15,-8.58,1728908,3744426352.0,4.56,5.01
2014-12-22,五粮液,000858,-9.8,-8.58,-10.13,-8.58,-9.86,1592914,3288819792.0,4.2,12.98
2014-12-19,五粮液,000858,-9.8,-9.38,-10.07,-9.86,-9.92,987899,1984106928.0,2.6,0.6
2014-12-18,五粮液,000858,-9.93,-9.64,-10.0,-9.92,-9.9,420768,842179760.0,1.11,-0.2
2014-12-17,五粮液,000858,-9.58,-9.53,-10.08,-9.9,-9.61,572088,1142767824.0,1.51,-3.02
2014-12-16,五粮液,000858,-9.4,-9.4,-9.85,-9.61,-9.37,538730,1088529040.0,1.42,-2.56
2014-12-15,五粮液,000858,-9.5,-9.27,-9.87,-9.37,-9.51,522026,1061462032.0,1.38,1.47
2014-12-12,五粮液,000858,-9.51,-9.18,-9.57,-9.51,-9.53,512511,1048685616.0,1.35,0.21
2014-12-11,五粮液,000858,-9.3,-8.83,-9.75,-9.53,-9.31,667212,1372883968.0,1.76,-2.36
2014-12-10,五粮液,000858,-9.95,-9.2,-10.18,-9.31,-10.14,824270,1676004960.0,2.17,8.19
2014-12-09,五粮液,000858,-9.69,-8.29,-10.27,-10.14,-9.65,1502051,3098436768.0,3.96,-5.08
2014-12-08,五粮液,000858,-10.33,-9.56,-10.67,-9.65,-10.25,898423,1785138720.0,2.37,5.85
2014-12-05,五粮液,000858,-9.56,-9.18,-10.75,-10.25,-9.85,1182566,2351545808.0,3.12,-4.06
2014-12-04,五粮液,000858,-10.43,-9.83,-10.5,-9.85,-10.44,949757,1885335872.0,2.5,5.65
2014-12-03,五粮液,000858,-10.87,-9.9,-10.87,-10.44,-10.96,1181070,2301389136.0,3.11,4.74
2014-12-02,五粮液,000858,-11.08,-10.86,-11.4,-10.96,-11.03,804507,1512145872.0,2.12,0.63
2014-12-01,五粮液,000858,-11.72,-10.89,-11.77,-11.03,-11.78,1050659,1953994144.0,2.77,6.37
2014-11-28,五粮液,000858,-11.82,-11.75,-12.03,-11.78,-11.82,412075,739515520.0,1.09,0.34
2014-11-27,五粮液,000858,-11.69,-11.63,-11.94,-11.82,-11.73,399714,723209712.0,1.05,-0.77
2014-11-26,五粮液,000858,-11.91,-11.68,-12.03,-11.73,-11.92,413028,744828560.0,1.09,1.59
2014-11-25,五粮液,000858,-12.04,-11.9,-12.12,-11.92,-12.05,300504,537045648.0,0.79,1.08
2014-11-24,五粮液,000858,-12.23,-11.94,-12.24,-12.05,-12.23,344186,612585296.0,0.91,1.47
2014-11-21,五粮液,000858,-12.38,-12.22,-12.45,-12.23,-12.38,201380,353196224.0,0.53,1.21
2014-11-20,五粮液,000858,-12.49,-12.36,-12.53,-12.38,-12.38,130599,227742270.0,0.34,0.0
2014-11-19,五粮液,000858,-12.3,-12.22,-12.51,-12.38,-12.23,206808,362082304.0,0.54,-1.23
2014-11-18,五粮液,000858,-11.99,-11.89,-12.37,-12.23,-11.9,302535,536618640.0,0.8,-2.77
2014-11-17,五粮液,000858,-11.28,-11.12,-11.92,-11.9,-11.66,399234,729166032.0,1.05,-2.06
2014-11-14,五粮液,000858,-12.09,-11.55,-12.16,-11.66,-12.08,482911,875332016.0,1.27,3.48
2014-11-13,五粮液,000858,-11.86,-11.86,-12.17,-12.08,-11.88,243227,433297520.0,0.64,-1.68
2014-11-12,五粮液,000858,-11.98,-11.82,-12.11,-11.88,-11.98,278278,498251312.0,0.73,0.83
2014-11-11,五粮液,000858,-11.78,-11.69,-12.15,-11.98,-11.92,614740,1105556176.0,1.62,-0.5
2014-11-10,五粮液,000858,-12.63,-11.92,-12.65,-11.92,-12.71,601871,1064491952.0,1.59,6.22
2014-11-07,五粮液,000858,-12.55,-12.55,-12.76,-12.71,-12.56,225256,388010528.0,0.59,-1.19
2014-11-06,五粮液,000858,-12.61,-12.54,-12.7,-12.56,-12.67,169479,292593216.0,0.45,0.87
2014-11-05,五粮液,000858,-12.5,-12.5,-12.78,-12.67,-12.5,190799,328607344.0,0.5,-1.36
2014-11-04,五粮液,000858,-12.28,-12.28,-12.53,-12.5,-12.28,202210,352345024.0,0.53,-1.79
2014-11-03,五粮液,000858,-12.18,-12.03,-12.36,-12.28,-12.19,217701,384604608.0,0.57,-0.74
2014-10-31,五粮液,000858,-12.53,-12.12,-12.57,-12.19,-12.56,330893,580355456.0,0.87,2.95
2014-10-30,五粮液,000858,-12.54,-12.41,-12.62,-12.56,-12.5,207917,360679712.0,0.55,-0.48
2014-10-29,五粮液,000858,-12.7,-12.46,-12.81,-12.5,-12.6,255570,441180256.0,0.67,0.79
2014-10-28,五粮液,000858,-12.77,-12.6,-12.82,-12.6,-12.81,157544,270629472.0,0.42,1.64
2014-10-27,五粮液,000858,-12.89,-12.74,-13.08,-12.81,-12.88,137811,233788277.0,0.36,0.54
2014-10-24,五粮液,000858,-12.62,-12.59,-12.88,-12.88,-12.62,215150,367796096.0,0.57,-2.06
2014-10-23,五粮液,000858,-12.38,-12.37,-12.67,-12.62,-12.36,183292,317917680.0,0.48,-2.1
2014-10-22,五粮液,000858,-12.15,-12.13,-12.41,-12.36,-12.19,160526,282875584.0,0.42,-1.39
2014-10-21,五粮液,000858,-12.02,-11.98,-12.2,-12.19,-12.03,142260,253041988.0,0.37,-1.33
2014-10-20,五粮液,000858,-11.82,-11.77,-12.13,-12.03,-11.85,199082,356004496.0,0.52,-1.52
2014-10-17,五粮液,000858,-12.18,-11.83,-12.21,-11.85,-12.18,262600,468655248.0,0.69,2.71
2014-10-16,五粮液,000858,-12.16,-12.01,-12.28,-12.18,-12.1,224405,398170448.0,0.59,-0.66
2014-10-15,五粮液,000858,-11.97,-11.94,-12.29,-12.1,-11.94,315305,559175600.0,0.83,-1.34
2014-10-14,五粮液,000858,-11.94,-11.75,-11.99,-11.94,-11.86,189361,340983744.0,0.5,-0.67
2014-10-13,五粮液,000858,-11.64,-11.63,-12.03,-11.86,-11.53,254654,459056160.0,0.67,-2.86
2014-10-10,五粮液,000858,-11.34,-11.29,-11.64,-11.53,-11.26,207674,382078896.0,0.55,-2.4
2014-10-09,五粮液,000858,-11.56,-11.24,-11.7,-11.26,-11.52,249841,461196160.0,0.66,2.26
2014-10-08,五粮液,000858,-11.4,-11.38,-11.8,-11.52,-11.41,249071,454479312.0,0.66,-0.96
2014-09-30,五粮液,000858,-11.38,-11.34,-11.46,-11.41,-11.43,141061,260501094.0,0.37,0.17
2014-09-29,五粮液,000858,-11.5,-11.31,-11.52,-11.43,-11.52,157741,291162560.0,0.42,0.78
2014-09-26,五粮液,000858,-11.48,-11.39,-11.68,-11.52,-11.41,137381,251846057.0,0.36,-0.96
2014-09-25,五粮液,000858,-11.36,-11.18,-11.52,-11.41,-11.42,255485,473997648.0,0.67,0.09
2014-09-24,五粮液,000858,-11.76,-11.42,-11.9,-11.42,-11.71,215006,392422576.0,0.57,2.48
2014-09-23,五粮液,000858,-11.79,-11.7,-11.96,-11.71,-11.79,197418,356942688.0,0.52,0.68
2014-09-22,五粮液,000858,-11.25,-11.25,-11.82,-11.79,-11.2,230800,421033472.0,0.61,-5.27
2014-09-19,五粮液,000858,-11.38,-11.09,-11.42,-11.2,-11.39,191471,355729040.0,0.5,1.67
2014-09-18,五粮液,000858,-11.38,-11.31,-11.5,-11.39,-11.38,196378,362674592.0,0.52,-0.09
2014-09-17,五粮液,000858,-11.33,-11.25,-11.54,-11.38,-11.35,180646,334142160.0,0.48,-0.26
2014-09-16,五粮液,000858,-11.02,-10.93,-11.36,-11.35,-11.01,210716,395320304.0,0.56,-3.09
2014-09-15,五粮液,000858,-10.88,-10.88,-11.12,-11.01,-10.87,200509,377529664.0,0.53,-1.29
2014-09-12,五粮液,000858,-10.87,-10.87,-11.08,-10.87,-10.85,169507,320386352.0,0.45,-0.18
2014-09-11,五粮液,000858,-10.69,-10.61,-10.88,-10.85,-10.7,189284,362253488.0,0.5,-1.4
2014-09-10,五粮液,000858,-10.73,-10.61,-10.87,-10.7,-10.73,132026,252943761.0,0.35,0.28
2014-09-09,五粮液,000858,-10.46,-10.38,-10.82,-10.73,-10.47,203500,390491952.0,0.54,-2.48
2014-09-05,五粮液,000858,-10.22,-10.19,-10.59,-10.47,-10.34,200689,390167296.0,0.53,-1.26
2014-09-04,五粮液,000858,-10.43,-10.2,-10.46,-10.34,-10.45,136699,266866110.0,0.36,1.05
2014-09-03,五粮液,000858,-10.51,-10.1,-10.54,-10.45,-10.55,220596,431779072.0,0.58,0.95
2014-09-02,五粮液,000858,-10.94,-10.49,-11.08,-10.55,-11.07,300523,576660480.0,0.79,4.7
2014-09-01,五粮液,000858,-11.13,-10.97,-11.39,-11.07,-11.15,207936,388992000.0,0.55,0.72
2014-08-29,五粮液,000858,-11.48,-11.12,-11.5,-11.15,-11.51,139593,259679870.0,0.37,3.13
2014-08-28,五粮液,000858,-11.17,-11.04,-11.52,-11.51,-11.08,190657,353321440.0,0.5,-3.88
2014-08-27,五粮液,000858,-11.2,-11.01,-11.2,-11.08,-11.18,75318,141262348.0,0.2,0.89
2014-08-26,五粮液,000858,-11.05,-10.92,-11.19,-11.18,-11.01,136947,257592230.0,0.36,-1.54
2014-08-25,五粮液,000858,-10.5,-10.5,-11.03,-11.01,-10.44,241972,459868752.0,0.64,-5.46
2014-08-22,五粮液,000858,-10.45,-10.32,-10.53,-10.44,-10.46,122738,238799593.0,0.32,0.19
2014-08-21,五粮液,000858,-10.13,-10.11,-10.55,-10.46,-10.13,129832,252745101.0,0.34,-3.26
2014-08-20,五粮液,000858,-10.47,-10.09,-10.6,-10.13,-10.39,244430,480002464.0,0.64,2.5
2014-08-19,五粮液,000858,-10.23,-10.22,-10.53,-10.39,-10.25,173424,337909808.0,0.46,-1.37
2014-08-18,五粮液,000858,-10.3,-10.03,-10.37,-10.25,-10.38,168614,331322896.0,0.44,1.25
2014-08-15,五粮液,000858,-10.6,-10.21,-10.6,-10.38,-10.6,213131,416132928.0,0.56,2.08
2014-08-14,五粮液,000858,-10.36,-10.13,-10.61,-10.6,-10.39,174352,339998640.0,0.46,-2.02
2014-08-13,五粮液,000858,-10.7,-10.02,-10.74,-10.39,-10.7,362378,705887616.0,0.95,2.9
2014-08-12,五粮液,000858,-10.69,-10.56,-10.8,-10.7,-10.69,119387,229253240.0,0.31,-0.09
2014-08-11,五粮液,000858,-10.86,-10.57,-10.89,-10.69,-10.85,140998,270539648.0,0.37,1.47
2014-08-08,五粮液,000858,-10.93,-10.75,-11.13,-10.85,-10.91,165714,313869264.0,0.44,0.55
2014-08-07,五粮液,000858,-10.55,-10.41,-10.98,-10.91,-10.49,256642,491469120.0,0.68,-4.0
2014-08-06,五粮液,000858,-10.51,-10.41,-10.71,-10.49,-10.38,143169,276068528.0,0.38,-1.06
2014-08-05,五粮液,000858,-10.2,-10.09,-10.63,-10.38,-10.2,197578,384371088.0,0.52,-1.76
2014-08-04,五粮液,000858,-10.58,-10.16,-10.58,-10.2,-10.58,184115,360877136.0,0.49,3.59
2014-08-01,五粮液,000858,-10.55,-10.2,-10.6,-10.58,-10.49,195949,382363552.0,0.52,-0.86
2014-07-31,五粮液,000858,-10.7,-10.43,-10.76,-10.49,-10.65,157258,303499600.0,0.41,1.5
2014-07-30,五粮液,000858,-10.4,-10.2,-11.03,-10.65,-10.35,384168,736879904.0,1.01,-2.9
2014-07-29,五粮液,000858,-9.8,-9.77,-10.37,-10.35,-9.86,259010,510974112.0,0.68,-4.97
2014-07-28,五粮液,000858,-10.22,-9.53,-10.22,-9.86,-10.25,269386,539365840.0,0.71,3.8
2014-07-25,五粮液,000858,-10.37,-10.14,-10.53,-10.25,-10.38,187121,365608272.0,0.49,1.25
2014-07-24,五粮液,000858,-10.33,-10.0,-10.68,-10.38,-10.4,181137,354947024.0,0.48,0.19
2014-07-23,五粮液,000858,-10.44,-10.11,-10.62,-10.4,-10.39,124085,241964771.0,0.33,-0.1
2014-07-22,五粮液,000858,-10.97,-10.26,-10.97,-10.39,-10.93,210781,410048736.0,0.56,4.94
2014-07-21,五粮液,000858,-10.68,-10.22,-10.93,-10.93,-10.58,187428,361875104.0,0.49,-3.31
2014-07-18,五粮液,000858,-11.35,-10.18,-11.35,-10.58,-11.16,309322,596298320.0,0.81,5.2
2014-07-17,五粮液,000858,-10.75,-10.69,-11.44,-11.16,-10.72,268902,502854256.0,0.71,-4.1
2014-07-16,五粮液,000858,-10.65,-10.2,-10.88,-10.72,-10.67,195227,377175488.0,0.51,-0.47
2014-07-15,五粮液,000858,-10.98,-10.06,-11.02,-10.67,-10.92,506733,986900016.0,1.34,2.29
2014-07-14,五粮液,000858,-11.97,-10.88,-11.98,-10.92,-11.97,443501,824107600.0,1.17,8.77
2014-07-11,五粮液,000858,-12.17,-11.77,-12.25,-11.97,-12.16,158258,284049216.0,0.42,1.56
2014-07-10,五粮液,000858,-12.57,-11.9,-12.57,-12.16,-12.57,160374,284776336.0,0.42,3.26
2014-07-09,五粮液,000858,-12.2,-11.88,-12.57,-12.57,-12.15,146958,258816612.0,0.39,-3.46
2014-07-08,五粮液,000858,-12.19,-11.98,-12.42,-12.15,-12.26,137633,243934769.0,0.36,0.9
2014-07-07,五粮液,000858,-12.57,-12.19,-12.59,-12.26,-12.52,119530,209567226.0,0.31,2.08
2014-07-04,五粮液,000858,-12.47,-12.43,-12.6,-12.52,-12.47,106122,184372240.0,0.28,-0.4
2014-07-03,五粮液,000858,-12.81,-12.44,-12.86,-12.47,-12.81,138718,240134924.0,0.37,2.65
2014-07-02,五粮液,000858,-12.85,-12.75,-12.91,-12.81,-12.87,89226,152165112.0,0.24,0.47
2014-07-01,五粮液,000858,-12.55,-12.55,-12.93,-12.87,-12.65,129358,221100046.0,0.34,-1.74
2014-06-30,五粮液,000858,-12.75,-12.38,-12.77,-12.65,-12.74,205859,371934656.0,0.54,0.71
2014-06-27,五粮液,000858,-12.84,-12.73,-12.96,-12.74,-12.84,104338,185237547.0,0.27,0.78
2014-06-26,五粮液,000858,-13.0,-12.57,-13.03,-12.84,-13.09,139654,249224021.0,0.37,1.91
2014-06-25,五粮液,000858,-12.95,-12.95,-13.11,-13.09,-12.95,79873,140225538.0,0.21,-1.08
2014-06-24,五粮液,000858,-13.34,-12.88,-13.38,-12.95,-13.33,138451,243073761.0,0.36,2.85
2014-06-23,五粮液,000858,-13.53,-13.3,-13.53,-13.33,-13.54,60002,103134893.0,0.16,1.55
2014-06-20,五粮液,000858,-13.34,-13.34,-13.66,-13.54,-13.4,76267,129808632.0,0.2,-1.04
2014-06-19,五粮液,000858,-13.42,-13.28,-13.5,-13.4,-13.41,64118,110036514.0,0.17,0.07
2014-06-18,五粮液,000858,-13.43,-13.25,-13.52,-13.41,-13.43,74755,128745581.0,0.2,0.15
2014-06-17,五粮液,000858,-13.11,-13.11,-13.6,-13.43,-13.11,148176,255013985.0,0.39,-2.44
2014-06-16,五粮液,000858,-12.9,-12.8,-13.2,-13.11,-12.88,105550,185235252.0,0.28,-1.79
2014-06-13,五粮液,000858,-13.07,-12.76,-13.12,-12.88,-13.05,118331,209520326.0,0.31,1.3
2014-06-12,五粮液,000858,-13.08,-12.78,-13.23,-13.05,-13.07,92435,162419004.0,0.24,0.15
2014-06-11,五粮液,000858,-13.19,-12.98,-13.23,-13.07,-13.18,103922,181581263.0,0.27,0.83
2014-06-10,五粮液,000858,-13.64,-13.13,-13.64,-13.18,-13.65,183912,317974784.0,0.48,3.44
2014-06-09,五粮液,000858,-13.58,-13.57,-13.75,-13.65,-13.63,55599,94113900.0,0.15,-0.15
2014-06-06,五粮液,000858,-13.68,-13.55,-13.78,-13.63,-13.75,98234,166429180.0,0.26,0.87
2014-06-05,五粮液,000858,-14.08,-13.74,-14.14,-13.75,-14.06,62924,104817575.0,0.17,2.2
2014-06-04,五粮液,000858,-13.87,-13.82,-14.12,-14.06,-13.87,53104,88091764.0,0.14,-1.37
2014-06-03,五粮液,000858,-13.8,-13.62,-13.93,-13.87,-13.8,53681,90028541.0,0.14,-0.51
2014-05-30,五粮液,000858,-13.79,-13.63,-13.82,-13.8,-13.79,45770,77018460.0,0.12,-0.07
2014-05-29,五粮液,000858,-13.74,-13.56,-13.83,-13.79,-13.74,76249,128801908.0,0.2,-0.36
2014-05-28,五粮液,000858,-13.96,-13.68,-14.03,-13.74,-13.96,106576,178850794.0,0.28,1.58
2014-05-27,五粮液,000858,-14.0,-13.76,-14.07,-13.96,-13.99,65797,109973712.0,0.17,0.21
2014-05-26,五粮液,000858,-13.99,-13.82,-14.03,-13.99,-14.08,58308,97113906.0,0.15,0.64
2014-05-23,五粮液,000858,-14.2,-14.01,-14.32,-14.08,-14.19,52439,86151182.0,0.14,0.78
2014-05-22,五粮液,000858,-14.25,-14.01,-14.29,-14.19,-14.14,66875,109848277.0,0.18,-0.35
2014-05-21,五粮液,000858,-14.58,-14.1,-14.63,-14.14,-14.49,134614,218921914.0,0.35,2.42
2014-05-20,五粮液,000858,-14.13,-14.09,-14.59,-14.49,-14.18,167338,269880432.0,0.44,-2.19
2014-05-19,五粮液,000858,-13.99,-13.88,-14.4,-14.18,-13.76,146716,239866068.0,0.39,-3.05
2014-05-16,五粮液,000858,-13.88,-13.69,-13.88,-13.76,-13.85,51957,87295909.0,0.14,0.65
2014-05-15,五粮液,000858,-13.63,-13.54,-13.88,-13.85,-13.63,97445,164076281.0,0.26,-1.61
2014-05-14,五粮液,000858,-13.32,-13.28,-13.71,-13.63,-13.32,132713,225897960.0,0.35,-2.33
2014-05-13,五粮液,000858,-13.43,-13.23,-13.5,-13.32,-13.43,106574,183597272.0,0.28,0.82
2014-05-12,五粮液,000858,-13.58,-13.24,-13.68,-13.43,-13.67,160838,275674032.0,0.42,1.76
2014-05-09,五粮液,000858,-13.7,-13.49,-13.8,-13.67,-13.67,101121,170790387.0,0.27,0.0
2014-05-08,五粮液,000858,-13.58,-13.37,-13.68,-13.67,-13.58,71023,121029464.0,0.19,-0.66
2014-05-07,五粮液,000858,-13.51,-13.46,-13.62,-13.58,-13.52,58909,100275376.0,0.16,-0.44
2014-05-06,五粮液,000858,-13.55,-13.34,-13.61,-13.52,-13.44,84137,143878407.0,0.22,-0.6
2014-05-05,五粮液,000858,-13.09,-13.09,-13.74,-13.44,-12.98,157413,269063120.0,0.41,-3.54
2014-04-30,五粮液,000858,-13.03,-12.78,-13.12,-12.98,-13.01,127335,224379517.0,0.34,0.23
2014-04-29,五粮液,000858,-13.48,-12.78,-13.51,-13.01,-13.37,149021,261171867.0,0.39,2.69
2014-04-28,五粮液,000858,-13.28,-13.03,-13.58,-13.37,-13.34,169613,293681360.0,0.45,-0.22
2014-04-25,五粮液,000858,-12.91,-12.83,-13.38,-13.34,-12.71,187593,328030560.0,0.49,-4.96
2014-04-24,五粮液,000858,-12.88,-12.66,-13.1,-12.71,-12.88,154010,272804112.0,0.41,1.32
2014-04-23,五粮液,000858,-13.49,-12.72,-13.57,-12.88,-13.49,240922,424436928.0,0.63,4.52
2014-04-22,五粮液,000858,-13.46,-13.31,-13.69,-13.49,-13.4,128364,218813405.0,0.34,-0.67
2014-04-21,五粮液,000858,-13.03,-12.86,-13.5,-13.4,-12.92,121202,211257829.0,0.32,-3.72
2014-04-18,五粮液,000858,-12.99,-12.73,-13.08,-12.92,-12.91,88817,157104147.0,0.23,-0.08
2014-04-17,五粮液,000858,-12.96,-12.76,-13.03,-12.91,-12.97,99748,176301991.0,0.26,0.46
2014-04-16,五粮液,000858,-12.93,-12.81,-13.08,-12.97,-12.98,100971,177971815.0,0.27,0.08
2014-04-15,五粮液,000858,-12.63,-12.57,-13.0,-12.98,-12.61,162356,287928016.0,0.43,-2.93
2014-04-14,五粮液,000858,-12.58,-12.41,-12.71,-12.61,-12.41,171812,309063296.0,0.45,-1.61
2014-04-11,五粮液,000858,-13.13,-12.28,-13.21,-12.41,-13.13,529128,955341824.0,1.39,5.48
2014-04-10,五粮液,000858,-13.3,-13.02,-13.46,-13.13,-13.25,180222,312270064.0,0.47,0.91
2014-04-09,五粮液,000858,-13.33,-13.01,-13.46,-13.25,-13.36,192071,333265328.0,0.51,0.82
2014-04-08,五粮液,000858,-13.5,-13.3,-13.74,-13.36,-13.41,177458,303625824.0,0.47,0.37
2014-04-04,五粮液,000858,-13.44,-13.39,-13.73,-13.41,-13.39,107862,183718366.0,0.28,-0.15
2014-04-03,五粮液,000858,-13.24,-13.18,-13.41,-13.39,-13.3,114818,198239714.0,0.3,-0.68
2014-04-02,五粮液,000858,-13.41,-12.94,-13.48,-13.3,-13.35,255612,444706832.0,0.67,0.37
2014-04-01,五粮液,000858,-13.94,-13.33,-14.01,-13.35,-13.91,234430,397270384.0,0.62,4.03
2014-03-31,五粮液,000858,-14.02,-13.69,-14.02,-13.91,-13.98,122861,205773836.0,0.32,0.5
2014-03-28,五粮液,000858,-13.55,-13.39,-14.1,-13.98,-13.52,255664,427437328.0,0.67,-3.4
2014-03-27,五粮液,000858,-13.49,-13.31,-13.56,-13.52,-13.49,155514,266892692.0,0.41,-0.22
2014-03-26,五粮液,000858,-13.33,-13.02,-13.53,-13.49,-13.33,195539,338446656.0,0.52,-1.2
2014-03-25,五粮液,000858,-12.98,-12.98,-13.59,-13.33,-12.8,309016,531855376.0,0.81,-4.14
2014-03-24,五粮液,000858,-13.2,-12.78,-13.38,-12.8,-13.18,276365,485549760.0,0.73,2.88
2014-03-21,五粮液,000858,-13.58,-13.1,-13.62,-13.18,-13.56,247476,425909072.0,0.65,2.8
2014-03-20,五粮液,000858,-13.12,-12.83,-13.57,-13.56,-13.03,302354,523716992.0,0.8,-4.07
2014-03-19,五粮液,000858,-12.76,-12.6,-13.19,-13.03,-12.55,305518,538516240.0,0.8,-3.82
2014-03-18,五粮液,000858,-12.94,-12.11,-12.95,-12.55,-12.82,637428,1158956912.0,1.68,2.11
2014-03-17,五粮液,000858,-13.0,-12.71,-13.27,-12.82,-13.0,351585,618133232.0,0.93,1.38
2014-03-14,五粮液,000858,-12.98,-12.74,-13.21,-13.0,-12.78,456781,801674928.0,1.2,-1.72
2014-03-13,五粮液,000858,-13.8,-12.68,-13.85,-12.78,-13.85,926775,1622924432.0,2.44,7.73
2014-03-12,五粮液,000858,-13.97,-13.46,-14.17,-13.85,-13.99,803095,1351401648.0,2.12,1.0
2014-03-11,五粮液,000858,-15.18,-13.92,-15.23,-13.99,-15.13,632794,1026347664.0,1.67,7.53
2014-03-10,五粮液,000858,-14.58,-14.49,-15.14,-15.13,-14.42,251995,396910464.0,0.66,-4.92
2014-03-07,五粮液,000858,-14.49,-14.24,-14.78,-14.42,-14.47,274672,442260480.0,0.72,0.35
2014-03-06,五粮液,000858,-14.48,-14.32,-14.73,-14.47,-14.41,224732,361643040.0,0.59,-0.42
2014-03-05,五粮液,000858,-14.58,-14.25,-14.87,-14.41,-14.68,382002,615110448.0,1.01,1.84
2014-03-04,五粮液,000858,-14.98,-14.29,-15.05,-14.68,-14.8,356450,569434304.0,0.94,0.81
2014-03-03,五粮液,000858,-15.38,-14.77,-15.54,-14.8,-15.31,309232,479945664.0,0.81,3.33
2014-02-28,五粮液,000858,-15.49,-15.2,-15.54,-15.31,-15.48,152724,232712208.0,0.4,1.1
2014-02-27,五粮液,000858,-15.45,-15.35,-15.6,-15.48,-15.48,134819,203389873.0,0.36,0.0
2014-02-26,五粮液,000858,-15.56,-15.37,-15.77,-15.48,-15.47,170667,256394593.0,0.45,-0.06
2014-02-25,五粮液,000858,-14.83,-14.76,-15.52,-15.47,-14.82,304956,467500928.0,0.8,-4.39
2014-02-24,五粮液,000858,-14.71,-14.62,-14.99,-14.82,-14.63,166212,261583681.0,0.44,-1.3
2014-02-21,五粮液,000858,-14.83,-14.62,-14.92,-14.63,-14.78,224826,355658352.0,0.59,1.01
2014-02-20,五粮液,000858,-14.48,-14.37,-14.88,-14.78,-14.51,225401,358451888.0,0.59,-1.86
2014-02-19,五粮液,000858,-14.53,-14.13,-14.56,-14.51,-14.54,349936,567892832.0,0.92,0.21
2014-02-18,五粮液,000858,-14.48,-14.24,-14.68,-14.54,-14.4,330139,530213888.0,0.87,-0.97
2014-02-17,五粮液,000858,-14.96,-14.1,-14.98,-14.4,-15.06,746775,1200858832.0,1.97,4.38
2014-02-14,五粮液,000858,-15.54,-15.04,-15.55,-15.06,-15.56,454078,698116560.0,1.2,3.21
2014-02-13,五粮液,000858,-15.58,-15.36,-15.62,-15.56,-15.57,227394,343504608.0,0.6,0.06
2014-02-12,五粮液,000858,-15.58,-15.5,-15.76,-15.57,-15.63,175610,262495026.0,0.46,0.38
2014-02-11,五粮液,000858,-15.75,-15.48,-15.85,-15.63,-15.75,254167,380170912.0,0.67,0.76
2014-02-10,五粮液,000858,-15.89,-15.67,-15.93,-15.75,-15.88,180395,267034562.0,0.48,0.82
2014-02-07,五粮液,000858,-16.06,-15.87,-16.06,-15.88,-15.94,105039,153746283.0,0.28,0.38
2014-01-30,五粮液,000858,-15.76,-15.74,-16.02,-15.94,-15.73,126283,185038040.0,0.33,-1.34
2014-01-29,五粮液,000858,-15.41,-15.32,-15.81,-15.73,-15.45,192078,287143984.0,0.51,-1.81
2014-01-28,五粮液,000858,-15.33,-15.27,-15.52,-15.45,-15.33,141741,214767038.0,0.37,-0.78
2014-01-27,五粮液,000858,-15.58,-15.13,-15.58,-15.33,-15.49,308991,471958992.0,0.81,1.03
2014-01-24,五粮液,000858,-15.48,-15.34,-15.54,-15.49,-15.45,203785,308412928.0,0.54,-0.26
2014-01-23,五粮液,000858,-15.43,-15.33,-15.63,-15.45,-15.4,237349,358375216.0,0.63,-0.32
2014-01-22,五粮液,000858,-15.83,-15.33,-15.87,-15.4,-15.84,314464,474832544.0,0.83,2.78
2014-01-21,五粮液,000858,-15.78,-15.66,-15.89,-15.84,-15.74,135192,200103289.0,0.36,-0.64
2014-01-20,五粮液,000858,-15.93,-15.48,-15.96,-15.74,-15.87,168571,250660496.0,0.44,0.82
2014-01-17,五粮液,000858,-15.6,-15.6,-15.92,-15.87,-15.54,128827,190763806.0,0.34,-2.12
2014-01-16,五粮液,000858,-15.57,-15.34,-15.71,-15.54,-15.58,153181,230677995.0,0.4,0.26
2014-01-15,五粮液,000858,-15.31,-15.31,-15.67,-15.58,-15.29,137731,207174516.0,0.36,-1.9
2014-01-14,五粮液,000858,-15.64,-15.15,-15.74,-15.29,-15.65,257169,391661696.0,0.68,2.3
2014-01-13,五粮液,000858,-15.83,-15.49,-15.96,-15.65,-15.92,214923,320652848.0,0.57,1.7
2014-01-10,五粮液,000858,-15.98,-15.72,-16.04,-15.92,-15.81,166499,244335979.0,0.44,-0.7
2014-01-09,五粮液,000858,-16.17,-15.22,-16.25,-15.81,-16.11,332526,495936784.0,0.88,1.86
2014-01-08,五粮液,000858,-15.95,-15.84,-16.12,-16.11,-15.95,120940,175865212.0,0.32,-1.0
2014-01-07,五粮液,000858,-16.07,-15.9,-16.12,-15.95,-15.98,126570,184332432.0,0.33,0.19
2014-01-06,五粮液,000858,-15.44,-15.44,-16.01,-15.98,-15.39,217449,320079776.0,0.57,-3.83
2014-01-03,五粮液,000858,-15.25,-15.2,-15.53,-15.39,-15.14,111835,169720578.0,0.29,-1.65
2014-01-02,五粮液,000858,-15.08,-14.99,-15.21,-15.14,-14.92,154251,238222463.0,0.41,-1.47
2013-12-31,五粮液,000858,-15.68,-14.78,-15.77,-14.92,-15.67,376312,582776752.0,0.99,4.79
2013-12-30,五粮液,000858,-15.38,-15.34,-15.7,-15.67,-15.39,138536,208015225.0,0.36,-1.82
2013-12-27,五粮液,000858,-15.81,-15.34,-15.88,-15.39,-15.81,167695,251468797.0,0.44,2.66
2013-12-26,五粮液,000858,-15.37,-15.32,-15.95,-15.81,-15.37,217309,323162384.0,0.57,-2.86
2013-12-25,五粮液,000858,-15.36,-15.28,-15.43,-15.37,-15.36,77711,118298564.0,0.2,-0.07
2013-12-24,五粮液,000858,-15.31,-15.2,-15.46,-15.36,-15.32,88813,135593678.0,0.23,-0.26
2013-12-23,五粮液,000858,-15.28,-15.21,-15.46,-15.32,-15.38,120262,183359509.0,0.32,0.39
2013-12-20,五粮液,000858,-14.62,-14.58,-15.38,-15.38,-14.67,204766,318925712.0,0.54,-4.84
2013-12-19,五粮液,000858,-14.46,-14.43,-14.68,-14.67,-14.51,111954,178839505.0,0.29,-1.1
2013-12-18,五粮液,000858,-14.53,-14.45,-14.53,-14.51,-14.52,63247,101672539.0,0.17,0.07
2013-12-17,五粮液,000858,-14.6,-14.42,-14.6,-14.52,-14.6,90335,145316514.0,0.24,0.55
2013-12-16,五粮液,000858,-14.18,-14.17,-14.61,-14.6,-14.24,146251,236020638.0,0.39,-2.53
2013-12-13,五粮液,000858,-14.27,-14.11,-14.29,-14.24,-14.17,92860,152063625.0,0.24,-0.49
2013-12-12,五粮液,000858,-14.07,-13.95,-14.2,-14.17,-14.02,100815,166546472.0,0.27,-1.07
2013-12-11,五粮液,000858,-13.89,-13.8,-14.08,-14.02,-13.84,130968,217900866.0,0.35,-1.3
2013-12-10,五粮液,000858,-13.77,-13.7,-13.9,-13.84,-13.77,103076,172618112.0,0.27,-0.51
2013-12-09,五粮液,000858,-13.74,-13.62,-13.9,-13.77,-13.72,177286,298412720.0,0.47,-0.36
2013-12-06,五粮液,000858,-13.88,-13.7,-13.9,-13.72,-13.86,157927,265574547.0,0.42,1.01
2013-12-05,五粮液,000858,-13.84,-13.79,-13.93,-13.86,-13.83,104758,175166915.0,0.28,-0.22
2013-12-04,五粮液,000858,-13.98,-13.73,-14.04,-13.83,-13.94,191306,320464816.0,0.5,0.79
2013-12-03,五粮液,000858,-14.26,-13.9,-14.29,-13.94,-14.25,135709,224422586.0,0.36,2.18
2013-12-02,五粮液,000858,-13.88,-13.88,-14.29,-14.25,-13.83,200472,331076016.0,0.53,-3.04
2013-11-29,五粮液,000858,-13.87,-13.8,-13.97,-13.83,-13.89,149574,249819281.0,0.39,0.43
2013-11-28,五粮液,000858,-14.05,-13.8,-14.05,-13.89,-14.08,155429,259481092.0,0.41,1.35
2013-11-27,五粮液,000858,-14.07,-13.94,-14.2,-14.08,-14.07,118622,195737351.0,0.31,-0.07
2013-11-26,五粮液,000858,-13.98,-13.86,-14.08,-14.07,-13.95,115038,190822072.0,0.3,-0.86
2013-11-25,五粮液,000858,-14.09,-13.75,-14.14,-13.95,-14.02,130299,217555668.0,0.34,0.5
2013-11-22,五粮液,000858,-13.85,-13.85,-14.04,-14.02,-14.01,90825,150882339.0,0.24,-0.07
2013-11-21,五粮液,000858,-13.8,-13.8,-14.06,-14.01,-13.74,134528,223346608.0,0.35,-1.97
2013-11-20,五粮液,000858,-13.61,-13.6,-13.9,-13.74,-13.78,147353,247159432.0,0.39,0.29
2013-11-19,五粮液,000858,-13.76,-13.54,-13.84,-13.78,-13.74,185355,312923936.0,0.49,-0.29
2013-11-18,五粮液,000858,-13.9,-13.73,-13.99,-13.74,-13.98,212410,354894576.0,0.56,1.72
2013-11-15,五粮液,000858,-14.1,-13.78,-14.1,-13.98,-14.1,174689,290971248.0,0.46,0.85
2013-11-14,五粮液,000858,-13.96,-13.88,-14.14,-14.1,-13.96,129009,213264683.0,0.34,-1.0
2013-11-13,五粮液,000858,-13.68,-13.46,-13.98,-13.96,-13.54,253077,426497936.0,0.67,-3.1
2013-11-12,五粮液,000858,-14.07,-13.31,-14.21,-13.54,-14.07,416291,702332592.0,1.1,3.77
2013-11-11,五粮液,000858,-14.31,-13.95,-14.4,-14.07,-14.32,251238,413765008.0,0.66,1.75
2013-11-08,五粮液,000858,-14.45,-14.03,-14.46,-14.32,-14.38,168030,274982336.0,0.44,0.42
2013-11-07,五粮液,000858,-14.39,-14.18,-14.5,-14.38,-14.31,126938,205907472.0,0.33,-0.49
2013-11-06,五粮液,000858,-14.57,-14.13,-14.59,-14.31,-14.51,268672,437079536.0,0.71,1.38
2013-11-05,五粮液,000858,-14.46,-14.44,-14.69,-14.51,-14.46,155506,248869116.0,0.41,-0.35
2013-11-04,五粮液,000858,-14.38,-14.33,-14.47,-14.46,-14.43,122510,198065655.0,0.32,-0.21
2013-11-01,五粮液,000858,-14.37,-14.28,-14.53,-14.43,-14.27,148592,239840535.0,0.39,-1.12
2013-10-31,五粮液,000858,-14.49,-14.1,-14.53,-14.27,-14.46,269730,439267312.0,0.71,1.31
2013-10-30,五粮液,000858,-14.48,-14.39,-14.56,-14.46,-14.48,161495,259876985.0,0.43,0.14
2013-10-29,五粮液,000858,-14.4,-14.27,-14.57,-14.48,-14.29,280438,452602048.0,0.74,-1.33
2013-10-28,五粮液,000858,-14.13,-13.96,-14.53,-14.29,-13.11,538699,878913408.0,1.42,-9.0
2013-10-25,五粮液,000858,-12.73,-12.68,-13.18,-13.11,-12.73,226667,399597376.0,0.6,-2.99
2013-10-24,五粮液,000858,-12.54,-12.51,-12.79,-12.73,-12.56,173767,311162128.0,0.46,-1.35
2013-10-23,五粮液,000858,-12.42,-12.28,-12.59,-12.56,-12.44,149427,270820064.0,0.39,-0.96
2013-10-22,五粮液,000858,-12.36,-12.22,-12.47,-12.44,-12.34,129784,236409699.0,0.34,-0.81
2013-10-21,五粮液,000858,-12.54,-12.31,-12.58,-12.34,-12.55,160394,291165648.0,0.42,1.67
2013-10-18,五粮液,000858,-12.38,-12.29,-12.65,-12.55,-12.39,139404,251869064.0,0.37,-1.29
2013-10-17,五粮液,000858,-12.38,-12.26,-12.51,-12.39,-12.42,157123,285778928.0,0.41,0.24
2013-10-16,五粮液,000858,-12.11,-11.93,-12.5,-12.42,-12.2,260269,477462176.0,0.69,-1.8
2013-10-15,五粮液,000858,-12.24,-12.05,-12.4,-12.2,-12.22,222781,408742992.0,0.59,0.16
2013-10-14,五粮液,000858,-12.58,-12.04,-12.67,-12.22,-12.7,365184,668389152.0,0.96,3.78
2013-10-11,五粮液,000858,-12.78,-12.66,-12.81,-12.7,-12.78,185373,330834048.0,0.49,0.63
2013-10-10,五粮液,000858,-12.58,-12.58,-12.78,-12.78,-12.57,162936,291570512.0,0.43,-1.67
2013-10-09,五粮液,000858,-12.56,-12.51,-12.69,-12.57,-12.51,153901,276476560.0,0.41,-0.48
2013-10-08,五粮液,000858,-12.66,-12.48,-12.86,-12.51,-12.58,153915,275655552.0,0.41,0.56
2013-09-30,五粮液,000858,-12.62,-12.52,-12.76,-12.58,-12.62,140959,252660155.0,0.37,0.32
2013-09-27,五粮液,000858,-12.4,-12.31,-12.65,-12.62,-12.42,190071,342820400.0,0.5,-1.61
2013-09-26,五粮液,000858,-12.2,-12.1,-12.44,-12.42,-12.18,199178,363900272.0,0.52,-1.97
2013-09-25,五粮液,000858,-11.94,-11.84,-12.2,-12.18,-11.98,200771,372205248.0,0.53,-1.67
2013-09-24,五粮液,000858,-11.85,-11.81,-12.26,-11.98,-12.03,254530,472020720.0,0.67,0.42
2013-09-23,五粮液,000858,-12.11,-11.98,-12.12,-12.03,-12.13,151563,280996768.0,0.4,0.82
2013-09-18,五粮液,000858,-12.1,-11.93,-12.15,-12.13,-12.1,153556,284560880.0,0.4,-0.25
2013-09-17,五粮液,000858,-11.52,-11.51,-12.15,-12.1,-11.51,308151,574817984.0,0.81,-5.13
2013-09-16,五粮液,000858,-11.13,-11.12,-11.54,-11.51,-11.19,216728,416270128.0,0.57,-2.86
2013-09-13,五粮液,000858,-11.44,-10.9,-11.44,-11.19,-11.41,381824,741048832.0,1.01,1.93
2013-09-12,五粮液,000858,-11.26,-11.11,-11.44,-11.41,-11.24,254828,490556688.0,0.67,-1.51
2013-09-11,五粮液,000858,-11.49,-11.12,-11.62,-11.24,-11.52,369174,710391056.0,0.97,2.43
2013-09-10,五粮液,000858,-11.68,-11.51,-11.78,-11.52,-11.7,235481,446266288.0,0.62,1.54
2013-09-09,五粮液,000858,-11.84,-11.64,-11.93,-11.7,-11.91,290633,547252496.0,0.77,1.76
2013-09-06,五粮液,000858,-11.93,-11.73,-11.93,-11.91,-11.93,168965,316429264.0,0.45,0.17
2013-09-05,五粮液,000858,-11.98,-11.72,-12.14,-11.93,-12.01,198908,370104576.0,0.52,0.67
2013-09-04,五粮液,000858,-11.99,-11.88,-12.06,-12.01,-11.98,165437,307620544.0,0.44,-0.25
2013-09-03,五粮液,000858,-12.23,-11.88,-12.28,-11.98,-12.25,289644,535915376.0,0.76,2.2
2013-09-02,五粮液,000858,-11.28,-11.23,-12.3,-12.25,-11.21,593077,1095609728.0,1.56,-9.28
2013-08-30,五粮液,000858,-11.18,-11.07,-11.26,-11.21,-11.18,137437,266682494.0,0.36,-0.27
2013-08-29,五粮液,000858,-11.0,-10.92,-11.27,-11.18,-10.98,188016,365528928.0,0.5,-1.82
2013-08-28,五粮液,000858,-10.88,-10.8,-11.07,-10.98,-10.69,184968,363251360.0,0.49,-2.71
2013-08-27,五粮液,000858,-11.08,-10.66,-11.11,-10.69,-11.03,259255,511160624.0,0.68,3.08
2013-08-26,五粮液,000858,-11.17,-11.02,-11.33,-11.03,-11.2,217204,422325504.0,0.57,1.52
2013-08-23,五粮液,000858,-10.87,-10.82,-11.38,-11.2,-10.92,176789,344287408.0,0.47,-2.56
2013-08-22,五粮液,000858,-10.88,-10.72,-10.95,-10.92,-10.85,131409,259121273.0,0.35,-0.65
2013-08-21,五粮液,000858,-10.87,-10.81,-10.97,-10.85,-10.89,153043,301474512.0,0.4,0.37
2013-08-20,五粮液,000858,-10.88,-10.64,-10.97,-10.89,-10.78,240601,475153904.0,0.63,-1.02
2013-08-19,五粮液,000858,-10.57,-10.49,-10.94,-10.78,-10.49,331152,655020896.0,0.87,-2.76
2013-08-16,五粮液,000858,-10.48,-9.98,-10.59,-10.49,-10.46,380540,770497104.0,1.0,-0.29
2013-08-15,五粮液,000858,-10.48,-10.18,-10.66,-10.46,-10.93,469531,947480208.0,1.24,4.3
2013-08-14,五粮液,000858,-10.77,-10.48,-10.98,-10.93,-10.77,259620,516275040.0,0.68,-1.49
2013-08-13,五粮液,000858,-10.88,-10.63,-10.95,-10.77,-10.9,242639,479745248.0,0.64,1.19
2013-08-12,五粮液,000858,-11.48,-10.9,-11.48,-10.9,-11.47,352256,686351104.0,0.93,4.97
2013-08-09,五粮液,000858,-11.21,-11.15,-11.57,-11.47,-11.31,192963,369710048.0,0.51,-1.41
2013-08-08,五粮液,000858,-11.25,-11.13,-11.33,-11.31,-11.2,135191,261272796.0,0.36,-0.98
2013-08-07,五粮液,000858,-11.11,-10.93,-11.25,-11.2,-11.09,260818,507862112.0,0.69,-0.99
2013-08-06,五粮液,000858,-11.15,-10.99,-11.34,-11.09,-11.21,187657,364284880.0,0.49,1.07
2013-08-05,五粮液,000858,-11.31,-11.18,-11.4,-11.21,-11.33,112419,216908440.0,0.3,1.06
2013-08-02,五粮液,000858,-11.33,-11.08,-11.34,-11.33,-11.36,164185,317582560.0,0.43,0.26
2013-08-01,五粮液,000858,-11.45,-11.3,-11.6,-11.36,-11.63,145728,279159408.0,0.38,2.32
2013-07-31,五粮液,000858,-11.32,-11.27,-11.67,-11.63,-11.54,105556,201190899.0,0.28,-0.78
2013-07-30,五粮液,000858,-11.58,-11.3,-11.76,-11.54,-11.67,119229,227428636.0,0.31,1.11
2013-07-29,五粮液,000858,-11.43,-11.41,-11.72,-11.67,-11.33,153090,291203024.0,0.4,-3.0
2013-07-26,五粮液,000858,-11.09,-11.05,-11.42,-11.33,-11.04,164339,317299072.0,0.43,-2.63
2013-07-25,五粮液,000858,-11.13,-10.65,-11.37,-11.04,-11.27,252654,496074288.0,0.67,2.04
2013-07-24,五粮液,000858,-11.0,-10.9,-11.38,-11.27,-10.99,180043,349020512.0,0.47,-2.55
2013-07-23,五粮液,000858,-11.13,-10.85,-11.26,-10.99,-11.27,145978,285940944.0,0.38,2.48
2013-07-22,五粮液,000858,-11.43,-11.12,-11.57,-11.27,-11.28,104883,201831897.0,0.28,0.09
2013-07-19,五粮液,000858,-10.69,-10.58,-11.28,-11.28,-10.68,257370,503304928.0,0.68,-5.62
2013-07-18,五粮液,000858,-10.5,-10.38,-10.68,-10.68,-10.46,114088,228197021.0,0.3,-2.1
2013-07-17,五粮液,000858,-10.12,-10.01,-10.46,-10.46,-10.05,161624,328596752.0,0.43,-4.08
2013-07-16,五粮液,000858,-10.4,-9.92,-10.62,-10.05,-10.42,238133,485372592.0,0.63,3.55
2013-07-15,五粮液,000858,-10.25,-10.19,-10.63,-10.42,-10.4,199700,402239712.0,0.53,-0.19
2013-07-12,五粮液,000858,-9.89,-9.78,-10.43,-10.4,-9.8,204694,419330144.0,0.54,-6.12
2013-07-11,五粮液,000858,-10.57,-9.56,-10.68,-9.8,-10.63,318015,654801008.0,0.84,7.81
2013-07-10,五粮液,000858,-10.99,-10.61,-11.04,-10.63,-10.99,100936,199355311.0,0.27,3.28
2013-07-09,五粮液,000858,-10.97,-10.83,-11.04,-10.99,-10.91,79459,156111806.0,0.21,-0.73
2013-07-08,五粮液,000858,-10.59,-10.59,-10.92,-10.91,-10.46,140408,277835840.0,0.37,-4.3
2013-07-05,五粮液,000858,-10.51,-10.14,-10.52,-10.46,-10.48,139351,282569200.0,0.37,0.19
2013-07-04,五粮液,000858,-10.52,-10.18,-10.68,-10.48,-10.42,143251,289334064.0,0.38,-0.58
2013-07-03,五粮液,000858,-10.17,-10.17,-10.58,-10.42,-10.18,122585,247555917.0,0.32,-2.36
2013-07-02,五粮液,000858,-10.53,-10.03,-10.93,-10.18,-10.61,218518,441515840.0,0.58,4.05
2013-07-01,五粮液,000858,-10.63,-10.35,-10.83,-10.61,-10.54,114571,228571907.0,0.3,-0.66
2013-06-28,五粮液,000858,-11.02,-10.31,-11.06,-10.54,-11.02,181733,363638672.0,0.48,4.36
2013-06-27,五粮液,000858,-10.88,-10.48,-11.02,-11.02,-10.89,165568,329030336.0,0.44,-1.19
2013-06-26,五粮液,000858,-10.68,-10.68,-11.31,-10.89,-10.78,206338,404408032.0,0.54,-1.02
2013-06-25,五粮液,000858,-10.43,-10.08,-11.68,-10.78,-10.38,301143,594777424.0,0.79,-3.85
2013-06-24,五粮液,000858,-9.35,-9.28,-10.38,-10.38,-9.41,221855,460495088.0,0.58,-10.31
2013-06-21,五粮液,000858,-9.6,-9.11,-9.83,-9.41,-9.39,130051,275954032.0,0.34,-0.21
2013-06-20,五粮液,000858,-8.94,-8.8,-9.45,-9.39,-8.81,137429,294516384.0,0.36,-6.58
2013-06-19,五粮液,000858,-9.31,-8.68,-9.57,-8.81,-9.28,209073,448826688.0,0.55,5.06
2013-06-18,五粮液,000858,-9.43,-9.22,-9.44,-9.28,-9.43,108917,231459502.0,0.29,1.59
2013-06-17,五粮液,000858,-9.08,-8.99,-9.57,-9.43,-9.1,166100,353632944.0,0.44,-3.63
2013-06-14,五粮液,000858,-9.03,-8.85,-9.14,-9.1,-9.1,132621,285775552.0,0.35,0.0
2013-06-13,五粮液,000858,-8.57,-8.57,-9.39,-9.1,-8.36,190576,411544320.0,0.5,-8.85
2013-06-07,五粮液,000858,-7.67,-7.63,-8.5,-8.36,-7.79,175619,395684288.0,0.46,-7.32
2013-06-06,五粮液,000858,-7.66,-7.28,-7.79,-7.79,-7.67,180292,429072992.0,0.48,-1.56
2013-06-05,五粮液,000858,-7.92,-7.6,-8.14,-7.67,-7.92,145490,342476560.0,0.38,3.16
2013-06-04,五粮液,000858,-7.63,-7.5,-7.94,-7.92,-7.59,180475,426372240.0,0.48,-4.35
2013-06-03,五粮液,000858,-7.63,-7.42,-7.74,-7.59,-7.63,173608,413241248.0,0.46,0.52
2013-05-31,五粮液,000858,-7.28,-7.21,-7.66,-7.63,-7.38,139011,332544848.0,0.37,-3.39
2013-05-30,五粮液,000858,-7.18,-7.05,-7.48,-7.38,-7.11,175855,423009632.0,0.46,-3.8
2013-05-29,五粮液,000858,-7.1,-6.74,-7.13,-7.11,-7.11,218193,533474032.0,0.57,0.0
2013-05-28,五粮液,000858,-7.4,-7.05,-7.65,-7.11,-7.4,210134,505921616.0,0.55,3.92
2013-05-27,五粮液,000858,-7.23,-7.22,-7.52,-7.4,-7.19,190003,455433728.0,0.5,-2.92
2013-05-24,五粮液,000858,-7.36,-6.95,-7.36,-7.19,-7.4,244121,591197104.0,0.64,2.84
2013-05-23,五粮液,000858,-7.18,-6.82,-7.53,-7.4,-7.16,404439,983047072.0,1.07,-3.35
2013-05-22,五粮液,000858,-7.86,-7.16,-7.86,-7.16,-7.88,423577,1013750640.0,1.12,9.14
2013-05-21,五粮液,000858,-7.87,-7.85,-8.15,-7.88,-7.9,195352,456564624.0,0.51,0.25
2013-05-20,五粮液,000858,-7.83,-7.54,-7.93,-7.9,-7.98,242833,574064624.0,0.64,1.0
2013-05-17,五粮液,000858,-8.48,-7.93,-8.53,-7.98,-8.48,268483,623505136.0,0.71,5.9
2013-05-16,五粮液,000858,-8.68,-8.36,-8.91,-8.48,-8.65,180411,412250768.0,0.48,1.97
2013-05-15,五粮液,000858,-8.74,-8.42,-8.74,-8.65,-8.75,106339,242210836.0,0.28,1.14
2013-05-14,五粮液,000858,-8.28,-8.28,-8.83,-8.75,-8.22,173450,394010304.0,0.46,-6.45
2013-05-13,五粮液,000858,-8.18,-7.82,-8.34,-8.22,-8.23,221825,516662672.0,0.58,0.12
2013-05-10,五粮液,000858,-8.24,-8.02,-8.43,-8.23,-8.24,221059,512858800.0,0.58,0.12
2013-05-09,五粮液,000858,-8.6,-8.03,-8.64,-8.24,-8.65,379550,877953216.0,1.0,4.74
2013-05-08,五粮液,000858,-8.51,-8.44,-8.85,-8.65,-8.51,225950,513400176.0,0.6,-1.65
2013-05-07,五粮液,000858,-9.07,-8.4,-9.08,-8.51,-9.09,423094,962236048.0,1.11,6.38
2013-05-06,五粮液,000858,-9.76,-9.07,-9.76,-9.09,-9.76,221435,488450160.0,0.58,6.86
2013-05-03,五粮液,000858,-9.91,-9.57,-9.91,-9.76,-9.91,142899,309286288.0,0.38,1.51
2013-05-02,五粮液,000858,-9.44,-9.44,-10.01,-9.91,-9.43,175470,377235872.0,0.46,-5.09
2013-04-26,五粮液,000858,-9.29,-9.09,-9.53,-9.43,-9.38,134571,297275296.0,0.35,-0.53
2013-04-25,五粮液,000858,-9.37,-9.06,-9.54,-9.38,-9.22,156183,345103952.0,0.41,-1.74
2013-04-24,五粮液,000858,-9.1,-9.04,-9.61,-9.22,-9.2,212982,469046128.0,0.56,-0.22
2013-04-23,五粮液,000858,-9.15,-8.82,-9.28,-9.2,-9.26,260901,582809312.0,0.69,0.65
2013-04-22,五粮液,000858,-8.9,-8.78,-9.29,-9.26,-8.74,268839,598560768.0,0.71,-5.95
2013-04-19,五粮液,000858,-9.07,-8.63,-9.07,-8.74,-9.08,233494,526092448.0,0.62,3.74
2013-04-18,五粮液,000858,-8.95,-8.78,-9.24,-9.08,-8.89,147053,328864944.0,0.39,-2.14
2013-04-17,五粮液,000858,-9.3,-8.78,-9.3,-8.89,-9.26,215818,483481744.0,0.57,4.0
2013-04-16,五粮液,000858,-9.48,-9.1,-9.58,-9.26,-9.2,138432,304964576.0,0.36,-0.65
2013-04-15,五粮液,000858,-8.98,-8.78,-9.36,-9.2,-8.9,143282,318481952.0,0.38,-3.37
2013-04-12,五粮液,000858,-9.15,-8.44,-9.23,-8.9,-9.12,226845,512813040.0,0.6,2.41
2013-04-11,五粮液,000858,-8.62,-8.61,-9.14,-9.12,-8.62,195103,438544944.0,0.51,-5.8
2013-04-10,五粮液,000858,-9.61,-8.28,-9.68,-8.62,-9.61,414015,934528576.0,1.09,10.3
2013-04-09,五粮液,000858,-9.63,-9.33,-9.67,-9.61,-9.62,137993,301331248.0,0.36,0.1
2013-04-08,五粮液,000858,-9.68,-9.47,-10.08,-9.62,-9.43,201424,434806688.0,0.53,-2.01
2013-04-03,五粮液,000858,-9.32,-9.2,-9.52,-9.43,-9.36,136396,299843664.0,0.36,-0.75
2013-04-02,五粮液,000858,-9.13,-9.04,-9.42,-9.36,-9.45,236071,521652384.0,0.62,0.95
2013-04-01,五粮液,000858,-9.07,-9.06,-9.58,-9.45,-9.04,153430,337148448.0,0.4,-4.54
2013-03-29,五粮液,000858,-9.49,-8.89,-9.66,-9.04,-9.49,282081,624075952.0,0.74,4.74
2013-03-28,五粮液,000858,-9.2,-9.2,-9.87,-9.49,-9.08,274910,600306240.0,0.72,-4.52
2013-03-27,五粮液,000858,-8.43,-8.31,-9.21,-9.08,-8.44,309344,694303632.0,0.82,-7.58
2013-03-26,五粮液,000858,-8.39,-8.19,-8.51,-8.44,-8.38,147515,339627568.0,0.39,-0.72
2013-03-25,五粮液,000858,-8.25,-8.15,-8.47,-8.38,-8.25,124978,287921648.0,0.33,-1.58
2013-03-22,五粮液,000858,-8.33,-8.02,-8.46,-8.25,-8.33,154074,357354160.0,0.41,0.96
2013-03-21,五粮液,000858,-8.52,-8.11,-8.68,-8.33,-8.41,226025,520461440.0,0.6,0.95
2013-03-20,五粮液,000858,-8.99,-8.24,-9.08,-8.41,-8.94,248366,565945264.0,0.65,5.93
2013-03-19,五粮液,000858,-8.6,-8.38,-9.33,-8.94,-8.47,286998,645614080.0,0.76,-5.55
2013-03-18,五粮液,000858,-7.4,-7.38,-8.48,-8.47,-7.38,385631,895728384.0,1.02,-14.77
2013-03-15,五粮液,000858,-7.27,-7.13,-7.68,-7.38,-7.13,241636,578979488.0,0.64,-3.51
2013-03-14,五粮液,000858,-7.08,-7.01,-7.33,-7.13,-7.04,165714,400397456.0,0.44,-1.28
2013-03-13,五粮液,000858,-7.11,-6.83,-7.22,-7.04,-7.11,146467,356251280.0,0.39,0.98
2013-03-12,五粮液,000858,-6.88,-6.64,-7.25,-7.11,-6.88,197057,480346128.0,0.52,-3.34
2013-03-11,五粮液,000858,-6.6,-6.6,-7.05,-6.88,-6.58,172167,421641440.0,0.45,-4.56
2013-03-08,五粮液,000858,-6.25,-6.13,-6.59,-6.58,-6.27,207959,519637168.0,0.55,-4.94
2013-03-07,五粮液,000858,-6.65,-5.8,-6.74,-6.27,-6.64,563177,1421779856.0,1.48,5.57
2013-03-06,五粮液,000858,-7.02,-6.59,-7.25,-6.64,-7.07,382406,932664160.0,1.01,6.08
2013-03-05,五粮液,000858,-7.23,-6.89,-7.23,-7.07,-7.18,226321,550785232.0,0.6,1.53
2013-03-04,五粮液,000858,-6.88,-6.51,-7.35,-7.18,-6.82,303797,743036656.0,0.8,-5.28
2013-03-01,五粮液,000858,-6.93,-6.7,-7.11,-6.82,-6.94,306734,750870752.0,0.81,1.73
2013-02-28,五粮液,000858,-6.75,-6.7,-7.38,-6.94,-6.84,443144,1075803056.0,1.17,-1.46
2013-02-27,五粮液,000858,-6.76,-6.57,-6.94,-6.84,-6.76,230738,567314160.0,0.61,-1.18
2013-02-26,五粮液,000858,-6.19,-5.89,-6.83,-6.76,-6.19,408663,1019373728.0,1.08,-9.21
2013-02-25,五粮液,000858,-5.68,-5.68,-6.26,-6.19,-5.61,304445,770001280.0,0.8,-10.34
2013-02-22,五粮液,000858,-6.28,-5.34,-6.37,-5.61,-6.26,622319,1604496352.0,1.64,10.38
2013-02-21,五粮液,000858,-6.81,-5.9,-6.98,-6.26,-6.61,522719,1313834176.0,1.38,5.3
2013-02-20,五粮液,000858,-6.58,-6.5,-7.08,-6.61,-6.57,290056,715059632.0,0.76,-0.61
2013-02-19,五粮液,000858,-6.28,-6.05,-6.58,-6.57,-6.18,423792,1059474704.0,1.12,-6.31
2013-02-18,五粮液,000858,-5.43,-5.41,-6.18,-6.18,-5.47,360300,914626752.0,0.95,-12.98
2013-02-08,五粮液,000858,-5.48,-5.22,-5.55,-5.47,-5.48,370037,961037792.0,0.97,0.18
2013-02-07,五粮液,000858,-5.27,-5.1,-5.6,-5.48,-5.29,382821,994657856.0,1.01,-3.59
2013-02-06,五粮液,000858,-5.03,-4.95,-5.5,-5.29,-5.02,436461,1140924416.0,1.15,-5.38
2013-02-05,五粮液,000858,-6.11,-4.98,-6.36,-5.02,-6.12,633052,1633060880.0,1.67,17.97
2013-02-04,五粮液,000858,-5.73,-5.65,-6.37,-6.12,-5.8,402028,1013049904.0,1.06,-5.52
2013-02-01,五粮液,000858,-5.87,-5.41,-6.05,-5.8,-5.88,384198,985177216.0,1.01,1.36
2013-01-31,五粮液,000858,-5.57,-5.51,-6.1,-5.88,-5.58,390913,995594848.0,1.03,-5.38
2013-01-30,五粮液,000858,-6.15,-5.31,-6.32,-5.58,-6.13,701347,1803313440.0,1.85,8.97
2013-01-29,五粮液,000858,-6.98,-6.13,-7.27,-6.13,-6.89,746061,1850550288.0,1.97,11.03
2013-01-28,五粮液,000858,-6.38,-6.38,-7.29,-6.89,-6.26,674367,1648130960.0,1.78,-10.06
2013-01-25,五粮液,000858,-5.75,-5.7,-6.29,-6.26,-5.48,420596,1062737984.0,1.11,-14.23
2013-01-24,五粮液,000858,-5.08,-4.96,-5.53,-5.48,-5.08,385426,1007466144.0,1.02,-7.87
2013-01-23,五粮液,000858,-5.19,-4.9,-5.41,-5.08,-5.02,399852,1050352768.0,1.05,-1.2
2013-01-22,五粮液,000858,-4.65,-4.64,-5.44,-5.02,-4.56,603468,1580921728.0,1.59,-10.09
2013-01-21,五粮液,000858,-3.9,-3.9,-4.63,-4.56,-3.8,598123,1616717168.0,1.58,-20.0
2013-01-18,五粮液,000858,-3.42,-3.19,-4.24,-3.8,-3.28,552287,1520900576.0,1.46,-15.85
2013-01-17,五粮液,000858,-3.3,-2.94,-3.41,-3.28,-3.27,278396,785113920.0,0.73,-0.31
2013-01-16,五粮液,000858,-3.11,-3.0,-3.48,-3.27,-2.85,394541,1110214160.0,1.04,-14.74
2013-01-15,五粮液,000858,-2.68,-2.65,-3.08,-2.85,-2.67,510474,1455425520.0,1.34,-6.74
2013-01-14,五粮液,000858,-2.98,-2.53,-3.7,-2.67,-2.6,624627,1766635552.0,1.65,-2.69
2013-01-11,五粮液,000858,-2.43,-2.36,-2.98,-2.6,-2.84,517353,1485854992.0,1.36,8.45
2013-01-10,五粮液,000858,-2.63,-2.34,-2.97,-2.84,-2.75,321776,923645216.0,0.85,-3.27
2013-01-09,五粮液,000858,-3.24,-2.54,-3.33,-2.75,-3.25,459617,1314365600.0,1.21,15.38
2013-01-08,五粮液,000858,-3.9,-3.01,-3.98,-3.25,-3.84,418891,1173208928.0,1.1,15.36
2013-01-07,五粮液,000858,-3.51,-3.51,-4.15,-3.84,-3.48,322217,885773248.0,0.85,-10.34
2013-01-04,五粮液,000858,-2.91,-2.9,-3.8,-3.48,-3.15,409508,1146059312.0,1.08,-10.48
2012-12-31,五粮液,000858,-3.14,-2.93,-3.68,-3.15,-3.15,377809,1057806800.0,1.0,0.0
2012-12-28,五粮液,000858,-3.43,-2.79,-3.5,-3.15,-3.37,357425,1011137328.0,0.94,6.53
2012-12-27,五粮液,000858,-3.77,-2.88,-4.05,-3.37,-3.85,485958,1353493920.0,1.28,12.47
2012-12-26,五粮液,000858,-4.18,-3.63,-4.3,-3.85,-4.1,356383,977993584.0,0.94,6.1
2012-12-25,五粮液,000858,-4.45,-3.85,-4.78,-4.1,-4.44,420285,1144400128.0,1.11,7.66
2012-12-24,五粮液,000858,-3.53,-3.53,-4.9,-4.44,-3.6,483380,1304302608.0,1.27,-23.33
2012-12-21,五粮液,000858,-3.68,-3.27,-3.83,-3.6,-3.78,417909,1163389376.0,1.1,4.76
2012-12-20,五粮液,000858,-3.58,-3.32,-4.26,-3.78,-3.59,431031,1190722400.0,1.14,-5.29
2012-12-19,五粮液,000858,-4.18,-3.34,-4.18,-3.59,-4.19,577624,1601732976.0,1.52,14.32
2012-12-18,五粮液,000858,-4.78,-3.9,-4.99,-4.19,-4.72,762629,2056953552.0,2.01,11.23
2012-12-17,五粮液,000858,-5.88,-4.51,-6.03,-4.72,-6.05,918829,2396605680.0,2.42,21.98
2012-12-14,五粮液,000858,-6.48,-5.58,-6.68,-6.05,-6.42,679482,1724511872.0,1.79,5.76
2012-12-13,五粮液,000858,-5.49,-5.24,-6.52,-6.42,-5.47,457484,1166131968.0,1.21,-17.37
2012-12-12,五粮液,000858,-5.4,-5.32,-6.06,-5.47,-5.56,319716,822398112.0,0.84,1.62
2012-12-11,五粮液,000858,-5.67,-4.95,-5.74,-5.56,-5.46,498085,1293545360.0,1.31,-1.83
2012-12-10,五粮液,000858,-6.41,-5.24,-6.68,-5.46,-5.77,635112,1604896160.0,1.67,5.37
2012-12-07,五粮液,000858,-6.28,-5.63,-6.49,-5.77,-6.62,499419,1268858496.0,1.32,12.84
2012-12-06,五粮液,000858,-6.48,-6.24,-7.41,-6.62,-6.34,456306,1120570288.0,1.2,-4.42
2012-12-05,五粮液,000858,-7.08,-5.73,-7.39,-6.34,-6.72,678816,1688558880.0,1.79,5.65
2012-12-04,五粮液,000858,-7.59,-6.51,-8.07,-6.72,-7.07,562132,1352868080.0,1.48,4.95
2012-12-03,五粮液,000858,-4.51,-4.5,-7.11,-7.07,-4.41,635765,1605050272.0,1.68,-60.32
2012-11-30,五粮液,000858,-4.16,-4.08,-4.72,-4.41,-4.17,219526,590615904.0,0.58,-5.76
2012-11-29,五粮液,000858,-4.16,-3.79,-4.23,-4.17,-4.21,222663,609252000.0,0.59,0.95
2012-11-28,五粮液,000858,-4.09,-4.09,-4.58,-4.21,-4.03,182314,493538944.0,0.48,-4.47
2012-11-27,五粮液,000858,-4.38,-3.83,-4.45,-4.03,-4.3,242957,663443328.0,0.64,6.28
2012-11-26,五粮液,000858,-3.73,-3.56,-4.42,-4.3,-3.67,277029,755910064.0,0.73,-17.17
2012-11-23,五粮液,000858,-3.98,-3.13,-3.98,-3.67,-3.92,386587,1076011088.0,1.02,6.38
2012-11-22,五粮液,000858,-3.58,-3.54,-4.13,-3.92,-2.58,423347,1166402016.0,1.12,-51.94
2012-11-21,五粮液,000858,-2.4,-2.1,-3.42,-2.58,-2.39,376822,1070948160.0,0.99,-7.95
2012-11-20,五粮液,000858,-2.58,-1.93,-2.63,-2.39,-2.27,253935,738621792.0,0.67,-5.29
2012-11-19,五粮液,000858,-0.54,-0.54,-3.1,-2.27,-0.47,528026,1546329136.0,1.39,-382.98
2012-11-16,五粮液,000858,0.73,0.75,-0.86,-0.47,0.72,328244,1019636640.0,0.86,-165.28
2012-11-15,五粮液,000858,1.12,1.12,0.69,0.72,1.26,81398,262389581.0,0.21,-42.86
2012-11-14,五粮液,000858,0.67,1.26,0.58,1.26,0.64,108205,349819392.0,0.29,96.88
2012-11-13,五粮液,000858,0.99,1.0,0.49,0.64,0.98,124774,399383408.0,0.33,-34.69
2012-11-12,五粮液,000858,1.37,1.54,0.62,0.98,1.35,173902,563466192.0,0.46,-27.41
2012-11-09,五粮液,000858,1.31,1.47,1.17,1.35,1.34,94597,309544240.0,0.25,0.75
2012-11-08,五粮液,000858,1.56,1.75,1.25,1.34,1.75,124622,409151008.0,0.33,-23.43
2012-11-07,五粮液,000858,1.64,1.82,1.48,1.75,1.64,112016,370118224.0,0.3,6.71
2012-11-06,五粮液,000858,2.32,2.37,1.33,1.64,2.31,264299,872441120.0,0.7,-29.0
2012-11-05,五粮液,000858,3.07,3.16,2.26,2.31,3.07,196696,666264240.0,0.52,-24.76
2012-11-02,五粮液,000858,3.27,3.29,2.83,3.07,3.22,163399,562598400.0,0.43,-4.66
2012-11-01,五粮液,000858,2.3,3.32,2.17,3.22,2.22,248062,850074336.0,0.65,45.05
2012-10-31,五粮液,000858,2.3,2.3,1.87,2.22,2.32,130393,436276608.0,0.34,-4.31
2012-10-30,五粮液,000858,2.33,2.52,1.84,2.32,2.31,169480,569792752.0,0.45,0.43
2012-10-29,五粮液,000858,2.22,2.42,1.88,2.31,2.2,113207,379666896.0,0.3,5.0
2012-10-26,五粮液,000858,2.81,3.01,2.01,2.2,2.74,185682,627649728.0,0.49,-19.71
2012-10-25,五粮液,000858,2.79,3.13,2.59,2.74,2.71,133517,457185840.0,0.35,1.11
2012-10-24,五粮液,000858,2.67,3.0,2.62,2.71,2.67,137716,470429856.0,0.36,1.5
2012-10-23,五粮液,000858,3.62,3.72,2.63,2.67,3.62,229041,788720192.0,0.6,-26.24
2012-10-22,五粮液,000858,3.66,3.85,3.39,3.62,3.75,156764,548013696.0,0.41,-3.47
2012-10-19,五粮液,000858,4.05,4.2,3.52,3.75,3.86,179089,630690416.0,0.47,-2.85
2012-10-18,五粮液,000858,3.62,4.46,3.59,3.86,3.52,270477,957453008.0,0.71,9.66
2012-10-17,五粮液,000858,3.83,3.97,3.16,3.52,3.67,229752,802396848.0,0.61,-4.09
2012-10-16,五粮液,000858,3.29,4.35,3.22,3.67,3.29,394329,1388076432.0,1.04,11.55
2012-10-15,五粮液,000858,3.17,3.61,2.8,3.29,1.99,380192,1312441024.0,1.0,65.33
2012-10-12,五粮液,000858,1.99,2.32,1.83,1.99,1.92,77815,260172577.0,0.21,3.65
2012-10-11,五粮液,000858,2.1,2.3,1.88,1.92,2.21,111170,371853472.0,0.29,-13.12
2012-10-10,五粮液,000858,2.27,2.39,1.8,2.21,2.21,130409,436489424.0,0.34,0.0
2012-10-09,五粮液,000858,1.72,2.39,1.72,2.21,1.62,133023,445937024.0,0.35,36.42
2012-10-08,五粮液,000858,2.54,2.61,1.42,1.62,2.52,150253,499326752.0,0.4,-35.71
2012-09-28,五粮液,000858,1.77,2.57,1.67,2.52,1.92,209589,705989984.0,0.55,31.25
2012-09-27,五粮液,000858,1.01,2.03,0.97,1.92,1.0,167430,553206912.0,0.44,92.0
2012-09-26,五粮液,000858,1.53,1.7,0.97,1.0,1.48,105727,345370704.0,0.28,-32.43
2012-09-25,五粮液,000858,1.22,1.88,1.07,1.48,1.27,114110,375827952.0,0.3,16.54
2012-09-24,五粮液,000858,1.0,1.48,0.63,1.27,1.15,118561,386190304.0,0.31,10.43
2012-09-21,五粮液,000858,0.77,1.3,0.68,1.15,0.85,94350,305966960.0,0.25,35.29
2012-09-20,五粮液,000858,1.47,1.52,0.82,0.85,1.47,140826,457191280.0,0.37,-42.18
2012-09-19,五粮液,000858,1.95,2.11,1.17,1.47,1.92,187572,615282656.0,0.49,-23.44
2012-09-18,五粮液,000858,2.17,2.32,1.89,1.92,2.32,88191,294847648.0,0.23,-17.24
2012-09-17,五粮液,000858,3.22,3.22,2.32,2.32,3.24,157766,537353728.0,0.42,-28.4
2012-09-14,五粮液,000858,3.12,3.36,2.74,3.24,2.95,143172,493845024.0,0.38,9.83
2012-09-13,五粮液,000858,2.99,3.23,2.85,2.95,3.03,100353,345436784.0,0.26,-2.64
2012-09-12,五粮液,000858,3.22,3.42,2.72,3.03,3.03,128178,441141888.0,0.34,0.0
2012-09-11,五粮液,000858,3.07,3.07,2.67,3.03,3.05,133453,456188800.0,0.35,-0.66
2012-09-10,五粮液,000858,3.37,3.53,2.85,3.05,3.32,208811,722366288.0,0.55,-8.13
2012-09-07,五粮液,000858,2.42,4.11,2.2,3.32,2.12,339461,1174297200.0,0.89,56.6
2012-09-06,五粮液,000858,2.12,2.4,1.59,2.12,2.09,100482,335035456.0,0.26,1.44
2012-09-05,五粮液,000858,2.04,2.27,1.67,2.09,2.15,110891,370139136.0,0.29,-2.79
2012-09-04,五粮液,000858,2.91,3.12,1.91,2.15,2.51,195610,662999088.0,0.52,-14.34
2012-09-03,五粮液,000858,1.64,2.77,1.64,2.51,1.19,208177,703076944.0,0.55,110.92
2012-08-31,五粮液,000858,1.07,1.61,0.88,1.19,1.1,94859,311104768.0,0.25,8.18
2012-08-30,五粮液,000858,1.46,1.81,0.55,1.1,1.68,218025,706961616.0,0.57,-34.52
2012-08-29,五粮液,000858,2.42,2.47,1.63,1.68,2.53,157136,523765216.0,0.41,-33.6
2012-08-28,五粮液,000858,2.84,3.22,2.52,2.53,2.84,141347,484027840.0,0.37,-10.92
2012-08-27,五粮液,000858,2.82,3.13,2.51,2.84,2.82,142925,489690032.0,0.38,0.71
2012-08-24,五粮液,000858,2.87,3.23,2.54,2.82,3.04,119699,411484304.0,0.32,-7.24
2012-08-23,五粮液,000858,3.23,3.5,2.53,3.04,3.22,160223,548971552.0,0.42,-5.59
2012-08-22,五粮液,000858,4.01,4.02,3.02,3.22,3.92,153016,530815456.0,0.4,-17.86
2012-08-21,五粮液,000858,3.5,4.49,3.43,3.92,3.47,173967,616537632.0,0.46,12.97
2012-08-20,五粮液,000858,2.78,3.63,2.43,3.47,2.78,178231,614929376.0,0.47,24.82
2012-08-17,五粮液,000858,3.88,4.06,2.12,2.78,3.88,330851,1132207712.0,0.87,-28.35
2012-08-16,五粮液,000858,4.73,4.87,3.81,3.88,4.74,170487,607693072.0,0.45,-18.14
2012-08-15,五粮液,000858,5.19,5.38,4.62,4.74,5.03,129945,471537568.0,0.34,-5.77
2012-08-14,五粮液,000858,4.78,5.5,4.28,5.03,4.75,194043,703444784.0,0.51,5.89
2012-08-13,五粮液,000858,4.99,5.28,4.74,4.75,5.2,151265,550831296.0,0.4,-8.65
2012-08-10,五粮液,000858,5.72,5.72,4.85,5.2,6.08,305888,1117966192.0,0.81,-14.47
2012-08-09,五粮液,000858,4.61,6.3,4.58,6.08,4.67,392020,1452230816.0,1.03,30.19
2012-08-08,五粮液,000858,5.22,5.52,4.52,4.67,5.21,200949,730117088.0,0.53,-10.36
2012-08-07,五粮液,000858,5.2,5.46,4.9,5.21,5.22,158584,578974576.0,0.42,-0.19
2012-08-06,五粮液,000858,4.32,5.52,4.29,5.22,4.57,239796,870866208.0,0.63,14.22
2012-08-03,五粮液,000858,3.62,4.62,3.27,4.57,3.55,226380,800795744.0,0.6,28.73
2012-08-02,五粮液,000858,3.84,4.12,3.42,3.55,3.88,146273,512986480.0,0.39,-8.51
2012-08-01,五粮液,000858,3.5,4.42,3.35,3.88,3.62,171382,604230352.0,0.45,7.18
2012-07-31,五粮液,000858,4.53,4.79,3.52,3.62,4.55,211659,754744272.0,0.56,-20.44
2012-07-30,五粮液,000858,3.92,4.77,3.83,4.55,4.12,266542,957027232.0,0.7,10.44
2012-07-27,五粮液,000858,4.02,4.15,3.19,4.12,3.95,281624,987814176.0,0.74,4.3
2012-07-26,五粮液,000858,3.72,4.72,3.71,3.95,3.92,232162,829784912.0,0.61,0.77
2012-07-25,五粮液,000858,4.31,4.62,3.57,3.92,4.45,272223,966103904.0,0.72,-11.91
2012-07-24,五粮液,000858,4.17,4.96,3.9,4.45,4.22,284308,1018101200.0,0.75,5.45
2012-07-23,五粮液,000858,4.07,4.44,3.72,4.22,4.58,239193,847260912.0,0.63,-7.86
2012-07-20,五粮液,000858,4.97,5.69,4.57,4.58,5.17,231446,845566544.0,0.61,-11.41
2012-07-19,五粮液,000858,5.29,5.64,4.7,5.17,5.48,255546,935153392.0,0.67,-5.66
2012-07-18,五粮液,000858,5.52,6.0,4.68,5.48,5.48,377021,1384093856.0,0.99,0.0
2012-07-17,五粮液,000858,6.3,6.33,5.09,5.48,6.42,473627,1741333488.0,1.25,-14.64
2012-07-16,五粮液,000858,6.76,7.21,6.32,6.42,7.0,336311,1282717984.0,0.89,-8.29
2012-07-13,五粮液,000858,6.52,7.58,6.09,7.0,6.61,495680,1897375616.0,1.31,5.9
2012-07-12,五粮液,000858,5.32,8.17,5.17,6.61,5.37,957409,3637176016.0,2.52,23.09
2012-07-11,五粮液,000858,3.83,5.49,3.67,5.37,3.93,604605,2179065376.0,1.59,36.64
2012-07-10,五粮液,000858,4.22,4.67,3.81,3.93,4.22,448088,1597993152.0,1.18,-6.87
2012-07-09,五粮液,000858,4.22,4.95,4.15,4.22,3.63,933947,3348583520.0,2.46,16.25
2012-07-06,五粮液,000858,1.27,4.2,1.13,3.63,1.15,821414,2826381920.0,2.16,215.65
2012-07-05,五粮液,000858,1.62,1.62,0.98,1.15,1.77,151725,494828208.0,0.4,-35.03
2012-07-04,五粮液,000858,2.23,2.3,1.64,1.77,2.12,168691,560210512.0,0.44,-16.51
2012-07-03,五粮液,000858,1.56,2.34,1.34,2.12,1.57,324863,1085165776.0,0.86,35.03
2012-07-02,五粮液,000858,1.5,2.15,1.12,1.57,1.38,291351,964909040.0,0.77,13.77
2012-06-29,五粮液,000858,0.49,1.46,0.4,1.38,0.61,177693,578111552.0,0.47,126.23
2012-06-28,五粮液,000858,0.7,0.84,0.4,0.61,0.62,106273,339761504.0,0.28,-1.61
2012-06-27,五粮液,000858,0.54,0.89,0.48,0.62,0.48,91955,294822672.0,0.24,29.17
2012-06-26,五粮液,000858,0.54,0.8,0.32,0.48,0.64,127823,407526960.0,0.34,-25.0
2012-06-25,五粮液,000858,0.88,1.12,0.54,0.64,0.97,112433,361971152.0,0.3,-34.02
2012-06-21,五粮液,000858,1.51,1.52,0.9,0.97,1.57,94825,307750752.0,0.25,-38.22
2012-06-20,五粮液,000858,1.72,1.89,1.37,1.57,1.68,70144,231547412.0,0.18,-6.55
2012-06-19,五粮液,000858,2.12,2.17,1.61,1.68,2.12,113675,377474240.0,0.3,-20.75
2012-06-18,五粮液,000858,1.78,2.35,1.72,2.12,1.64,189225,633806720.0,0.5,29.27
2012-06-15,五粮液,000858,1.58,1.8,1.15,1.64,1.56,173687,571573120.0,0.46,5.13
2012-06-14,五粮液,000858,1.02,2.05,0.83,1.56,0.98,319317,1054926848.0,0.84,59.18
2012-06-13,五粮液,000858,0.42,1.03,0.32,0.98,0.36,171274,550976192.0,0.45,172.22
2012-06-12,五粮液,000858,0.7,0.7,0.3,0.36,0.81,128100,407496800.0,0.34,-55.56
2012-06-11,五粮液,000858,1.11,1.29,0.46,0.81,1.17,184337,592563904.0,0.49,-30.77
2012-06-08,五粮液,000858,1.42,1.45,0.62,1.17,1.11,135518,439207648.0,0.36,5.41
2012-06-07,五粮液,000858,1.36,1.59,0.94,1.11,1.08,115853,378430720.0,0.31,2.78
2012-06-06,五粮液,000858,1.4,1.51,0.92,1.08,1.4,123207,399902160.0,0.32,-22.86
2012-06-05,五粮液,000858,1.41,1.72,1.23,1.4,1.31,132830,435867424.0,0.35,6.87
2012-06-04,五粮液,000858,1.41,1.82,1.25,1.31,1.84,213993,704509760.0,0.56,-28.8
2012-06-01,五粮液,000858,1.01,2.27,0.9,1.84,0.87,386995,1279534288.0,1.02,111.49
2012-05-31,五粮液,000858,0.73,1.03,0.53,0.87,0.97,200385,644552144.0,0.53,-10.31
2012-05-30,五粮液,000858,1.04,1.39,0.83,0.97,1.04,190332,619452464.0,0.5,-6.73
2012-05-29,五粮液,000858,0.9,1.2,0.42,1.04,1.01,253537,816583472.0,0.67,2.97
2012-05-28,五粮液,000858,0.34,1.05,0.0,1.01,0.57,220829,705664720.0,0.58,77.19
2012-05-25,五粮液,000858,1.12,1.12,0.07,0.57,1.21,420058,1334538272.0,1.11,-52.89
2012-05-24,五粮液,000858,2.62,2.77,1.0,1.21,2.82,583853,1928209088.0,1.54,-57.09
2012-05-23,五粮液,000858,3.02,3.23,2.57,2.82,3.25,270522,926672832.0,0.71,-13.23
2012-05-22,五粮液,000858,2.71,3.3,2.63,3.25,2.58,239733,825323040.0,0.63,25.97
2012-05-21,五粮液,000858,2.19,2.95,1.8,2.58,2.17,220242,744048080.0,0.58,18.89
2012-05-18,五粮液,000858,2.63,2.67,1.97,2.17,2.87,224908,757174656.0,0.59,-24.39
2012-05-17,五粮液,000858,2.55,2.95,2.44,2.87,2.54,181604,618801536.0,0.48,12.99
2012-05-16,五粮液,000858,3.33,3.34,2.51,2.54,3.29,189263,647858016.0,0.5,-22.8
2012-05-15,五粮液,000858,2.91,3.36,2.8,3.29,3.1,154340,540082400.0,0.41,6.13
2012-05-14,五粮液,000858,4.1,4.11,3.03,3.1,3.87,242617,854888544.0,0.64,-19.9
2012-05-11,五粮液,000858,3.71,4.22,3.45,3.87,3.71,162382,581214368.0,0.43,4.31
2012-05-10,五粮液,000858,3.82,3.96,3.41,3.71,3.8,184477,654960576.0,0.49,-2.37
2012-05-09,五粮液,000858,4.12,4.23,3.72,3.8,4.62,218729,783113920.0,0.58,-17.75
2012-05-08,五粮液,000858,5.22,5.33,4.08,4.62,5.38,287384,1046087104.0,0.76,-14.13
2012-05-07,五粮液,000858,5.14,5.62,4.82,5.38,5.18,256595,952417136.0,0.68,3.86
2012-05-04,五粮液,000858,4.33,5.31,4.22,5.18,4.34,291519,1071417968.0,0.77,19.35
2012-05-03,五粮液,000858,4.04,4.42,4.02,4.34,4.0,193207,697611728.0,0.51,8.5
2012-05-02,五粮液,000858,4.12,4.37,3.67,4.0,3.74,257342,923175280.0,0.68,6.95
2012-04-27,五粮液,000858,3.39,4.17,3.28,3.74,3.42,257619,922188976.0,0.68,9.36
2012-04-26,五粮液,000858,2.71,3.47,2.58,3.42,2.59,207650,724221088.0,0.55,32.05
2012-04-25,五粮液,000858,2.49,2.76,2.23,2.59,2.49,152752,525703360.0,0.4,4.02
2012-04-24,五粮液,000858,2.27,2.68,1.83,2.49,2.49,134200,459469248.0,0.35,0.0
2012-04-23,五粮液,000858,2.84,2.96,2.17,2.49,2.09,216736,746711632.0,0.57,19.14
2012-04-19,五粮液,000858,2.24,2.42,1.5,2.09,2.32,233187,785440944.0,0.61,-9.91
2012-04-18,五粮液,000858,2.11,2.48,1.74,2.32,1.87,139849,476167584.0,0.37,24.06
2012-04-17,五粮液,000858,2.5,2.61,1.87,1.87,2.45,126119,428871200.0,0.33,-23.67
2012-04-16,五粮液,000858,2.79,3.06,2.41,2.45,2.85,109892,379313216.0,0.29,-14.04
2012-04-13,五粮液,000858,3.18,3.27,2.76,2.85,3.14,97496,340128624.0,0.26,-9.24
2012-04-12,五粮液,000858,2.7,3.16,2.22,3.14,2.7,120193,416871392.0,0.32,16.3
2012-04-11,五粮液,000858,1.99,3.12,1.92,2.7,2.31,86395,297781040.0,0.23,16.88
2012-04-10,五粮液,000858,2.49,2.54,1.74,2.31,2.51,95539,324104080.0,0.25,-7.97
2012-04-09,五粮液,000858,2.67,2.77,2.13,2.51,2.83,99427,341629472.0,0.26,-11.31
2012-04-06,五粮液,000858,2.17,3.07,1.97,2.83,2.2,188264,649468880.0,0.5,28.64
2012-04-05,五粮液,000858,0.97,2.32,0.57,2.2,0.96,207284,696782704.0,0.55,129.17
2012-03-30,五粮液,000858,2.07,2.19,0.67,0.96,1.94,181878,600684656.0,0.48,-50.52
2012-03-29,五粮液,000858,1.9,2.67,1.57,1.94,1.92,179764,613317120.0,0.47,1.04
2012-03-28,五粮液,000858,2.5,2.83,1.57,1.92,2.62,263630,896839488.0,0.69,-26.72
2012-03-27,五粮液,000858,4.12,4.47,2.42,2.62,5.02,380614,1348396368.0,1.0,-47.81
2012-03-26,五粮液,000858,3.72,5.02,3.72,5.02,3.87,145256,529437712.0,0.38,29.72
2012-03-23,五粮液,000858,3.95,4.47,3.69,3.87,3.82,135370,486903664.0,0.36,1.31
2012-03-22,五粮液,000858,4.12,4.56,3.8,3.82,4.13,100645,362090240.0,0.27,-7.51
2012-03-21,五粮液,000858,4.68,5.0,3.7,4.13,4.62,121002,437392176.0,0.32,-10.61
2012-03-20,五粮液,000858,5.09,5.1,4.61,4.62,5.12,110565,405569008.0,0.29,-9.77
2012-03-19,五粮液,000858,5.49,5.93,4.92,5.12,5.47,234537,873635392.0,0.62,-6.4
2012-03-16,五粮液,000858,4.4,5.62,4.4,5.47,4.34,254326,943648192.0,0.67,26.04
2012-03-15,五粮液,000858,3.92,4.57,3.62,4.34,3.62,222078,801101568.0,0.59,19.89
2012-03-14,五粮液,000858,4.87,5.64,3.12,3.62,4.72,248627,905127040.0,0.66,-23.31
2012-03-13,五粮液,000858,3.92,4.87,3.84,4.72,3.95,231868,844810112.0,0.61,19.49
2012-03-12,五粮液,000858,3.8,4.34,3.61,3.95,3.76,186751,669334400.0,0.49,5.05
2012-03-09,五粮液,000858,2.44,3.77,2.32,3.76,2.38,196848,690421824.0,0.52,57.98
2012-03-08,五粮液,000858,2.05,2.82,2.05,2.38,2.08,89574,307843904.0,0.24,14.42
2012-03-07,五粮液,000858,2.42,2.62,2.02,2.08,2.67,137714,471578240.0,0.36,-22.1
2012-03-06,五粮液,000858,2.77,3.12,2.64,2.67,2.92,136026,472957088.0,0.36,-8.56
2012-03-05,五粮液,000858,3.36,3.73,2.83,2.92,3.26,182897,641452864.0,0.48,-10.43
2012-03-02,五粮液,000858,3.17,3.37,2.91,3.26,3.12,167884,586797248.0,0.44,4.49
2012-03-01,五粮液,000858,3.13,3.78,2.92,3.12,3.36,128502,453054016.0,0.34,-7.14
2012-02-29,五粮液,000858,2.86,4.1,2.82,3.36,2.92,294326,1042064192.0,0.78,15.07
2012-02-28,五粮液,000858,2.02,2.98,1.98,2.92,2.15,253266,875171520.0,0.67,35.81
2012-02-27,五粮液,000858,2.35,2.6,1.99,2.15,2.3,184017,628574464.0,0.48,-6.52
2012-02-24,五粮液,000858,1.62,2.4,1.52,2.3,1.6,226065,767724288.0,0.6,43.75
2012-02-23,五粮液,000858,1.37,1.92,1.22,1.6,1.38,209358,701504256.0,0.55,15.94
2012-02-22,五粮液,000858,1.26,1.4,1.02,1.38,1.26,161562,535454400.0,0.43,9.52
2012-02-21,五粮液,000858,1.24,1.37,0.92,1.26,1.12,97318,322319296.0,0.26,12.5
2012-02-20,五粮液,000858,1.46,1.55,1.1,1.12,1.2,117723,391073472.0,0.31,-6.67
2012-02-17,五粮液,000858,1.3,1.48,0.97,1.2,1.17,79349,262488688.0,0.21,2.56
2012-02-16,五粮液,000858,1.57,1.57,0.92,1.17,1.49,107847,358031776.0,0.28,-21.48
2012-02-15,五粮液,000858,0.98,1.71,0.98,1.49,1.1,155893,520113856.0,0.41,35.45
2012-02-14,五粮液,000858,1.1,1.27,0.82,1.1,0.99,119239,392508928.0,0.31,11.11
2012-02-13,五粮液,000858,0.6,1.42,0.42,0.99,0.78,126443,416282144.0,0.33,26.92
2012-02-10,五粮液,000858,0.77,1.12,0.58,0.78,0.9,156763,512288608.0,0.41,-13.33
2012-02-09,五粮液,000858,0.58,1.45,0.53,0.9,0.65,186766,615466368.0,0.49,38.46
2012-02-08,五粮液,000858,0.0,0.87,-0.18,0.65,0.04,164588,532134848.0,0.43,1525.0
2012-02-07,五粮液,000858,0.48,0.75,-0.01,0.04,0.71,135819,436315104.0,0.36,-94.37
2012-02-06,五粮液,000858,0.17,0.75,0.0,0.71,0.17,181415,585969472.0,0.48,317.65
2012-02-03,五粮液,000858,0.02,0.32,-0.38,0.17,0.15,159909,509833696.0,0.42,13.33
2012-02-02,五粮液,000858,-0.01,0.21,-0.58,0.15,-0.06,154373,489094144.0,0.41,350.0
2012-02-01,五粮液,000858,0.0,0.64,-0.2,-0.06,0.11,157703,505670976.0,0.42,-154.55
2012-01-31,五粮液,000858,-0.5,0.11,-0.62,0.11,-0.57,149318,474117152.0,0.39,119.3
2012-01-30,五粮液,000858,-0.03,0.07,-0.8,-0.57,-0.12,125204,394169696.0,0.33,-375.0
2012-01-20,五粮液,000858,-1.17,-0.08,-1.17,-0.12,-1.32,224322,705111936.0,0.59,90.91
2012-01-19,五粮液,000858,-1.65,-0.9,-1.9,-1.32,-1.66,149828,457802336.0,0.39,20.48
2012-01-18,五粮液,000858,-0.7,-0.48,-1.71,-1.66,-0.53,234642,721369600.0,0.62,-213.21
2012-01-17,五粮液,000858,-1.43,-0.3,-2.06,-0.53,-1.43,329815,1011265216.0,0.87,62.94
2012-01-16,五粮液,000858,0.03,0.03,-1.8,-1.43,0.33,256500,789786688.0,0.68,-533.33
2012-01-13,五粮液,000858,0.88,1.11,0.0,0.33,0.87,124420,403489376.0,0.33,-62.07
2012-01-12,五粮液,000858,0.71,1.5,0.62,0.87,0.71,145422,479037792.0,0.38,22.54
2012-01-11,五粮液,000858,1.02,1.02,0.22,0.71,1.11,196614,639847680.0,0.52,-36.04
2012-01-10,五粮液,000858,-0.13,1.11,-0.38,1.11,-0.14,251153,810901632.0,0.66,892.86
2012-01-09,五粮液,000858,-0.28,-0.12,-1.87,-0.14,-0.37,225225,703973760.0,0.59,62.16
2012-01-06,五粮液,000858,-0.48,-0.18,-0.8,-0.37,-0.5,110339,345925152.0,0.29,26.0
2012-01-05,五粮液,000858,-0.65,-0.3,-1.0,-0.5,-0.52,130799,407142592.0,0.34,3.85
2012-01-04,五粮液,000858,1.12,1.2,-0.52,-0.52,0.92,178829,573218368.0,0.47,-156.52
2011-12-30,五粮液,000858,0.67,1.25,0.52,0.92,0.51,120712,396789984.0,0.32,80.39
2011-12-29,五粮液,000858,0.12,0.9,0.0,0.51,0.25,139422,452820352.0,0.37,104.0
2011-12-28,五粮液,000858,0.0,0.27,-0.4,0.25,0.12,129224,410785312.0,0.34,108.33
2011-12-27,五粮液,000858,1.18,1.18,-0.08,0.12,1.22,207975,671500544.0,0.55,-90.16
2011-12-26,五粮液,000858,2.27,2.27,1.1,1.22,2.27,187389,626245120.0,0.49,-46.26
2011-12-23,五粮液,000858,2.15,2.72,2.13,2.27,2.12,94180,323093920.0,0.25,7.08
2011-12-22,五粮液,000858,1.67,2.27,1.46,2.12,1.74,128225,432612544.0,0.34,21.84
2011-12-21,五粮液,000858,2.81,2.9,1.69,1.74,2.6,100026,342228704.0,0.26,-33.08
2011-12-20,五粮液,000858,2.62,3.24,2.38,2.6,2.61,92239,319122592.0,0.24,-0.38
2011-12-19,五粮液,000858,2.72,2.96,1.92,2.61,2.86,155103,529775296.0,0.41,-8.74
2011-12-16,五粮液,000858,2.19,2.86,2.19,2.86,2.19,147096,506735584.0,0.39,30.59
2011-12-15,五粮液,000858,2.04,2.29,1.73,2.19,2.16,144857,491409184.0,0.38,1.39
2011-12-14,五粮液,000858,2.47,3.08,2.09,2.16,2.67,135217,464113152.0,0.36,-19.1
2011-12-13,五粮液,000858,3.4,3.4,2.52,2.67,3.49,152133,528135072.0,0.4,-23.5
2011-12-12,五粮液,000858,3.72,3.9,3.35,3.49,3.62,91488,324540160.0,0.24,-3.59
2011-12-09,五粮液,000858,4.22,4.44,3.42,3.62,4.45,175598,626394944.0,0.46,-18.65
2011-12-08,五粮液,000858,4.55,4.96,4.17,4.45,4.52,64948,236395904.0,0.17,-1.55
2011-12-07,五粮液,000858,4.14,4.66,4.14,4.52,4.12,83858,304983936.0,0.22,9.71
2011-12-06,五粮液,000858,4.45,4.7,3.65,4.12,4.48,147820,532430784.0,0.39,-8.04
2011-12-05,五粮液,000858,5.39,5.76,4.42,4.48,5.52,192412,709929152.0,0.51,-18.84
2011-12-02,五粮液,000858,5.75,6.3,5.5,5.52,5.9,136617,516666560.0,0.36,-6.44
2011-12-01,五粮液,000858,6.39,6.42,5.72,5.9,5.65,210867,801595712.0,0.56,4.42
2011-11-30,五粮液,000858,6.24,6.57,5.35,5.65,6.2,197596,745498304.0,0.52,-8.87
2011-11-29,五粮液,000858,6.7,6.71,6.02,6.2,6.56,216094,824655360.0,0.57,-5.49
2011-11-28,五粮液,000858,6.2,6.78,5.97,6.56,6.19,237798,911763328.0,0.63,5.98
2011-11-25,五粮液,000858,5.47,6.5,5.22,6.19,5.49,271579,1032450816.0,0.72,12.75
2011-11-24,五粮液,000858,5.32,5.88,5.19,5.49,5.55,201306,753551040.0,0.53,-1.08
2011-11-23,五粮液,000858,5.13,5.86,5.12,5.55,5.03,295621,1104575104.0,0.78,10.34
2011-11-22,五粮液,000858,3.83,5.09,3.72,5.03,3.89,306836,1124730880.0,0.81,29.31
2011-11-21,五粮液,000858,3.42,4.0,3.12,3.89,3.24,157328,560635840.0,0.41,20.06
2011-11-18,五粮液,000858,3.91,4.11,3.22,3.24,4.12,161741,574082176.0,0.43,-21.36
2011-11-17,五粮液,000858,3.92,4.55,3.86,4.12,4.41,165800,598780864.0,0.44,-6.58
2011-11-15,五粮液,000858,5.05,5.06,4.32,4.41,5.0,152056,554226944.0,0.4,-11.8
2011-11-14,五粮液,000858,4.5,5.07,4.32,5.0,4.31,175465,642758272.0,0.46,16.01
2011-11-11,五粮液,000858,4.79,4.95,4.23,4.31,4.9,147077,535193024.0,0.39,-12.04
2011-11-10,五粮液,000858,5.18,5.2,4.66,4.9,5.48,144097,529694560.0,0.38,-10.58
2011-11-09,五粮液,000858,5.32,5.52,4.76,5.48,5.23,161816,598909248.0,0.43,4.78
2011-11-08,五粮液,000858,5.25,5.37,5.0,5.23,5.06,82392,305271072.0,0.22,3.36
2011-11-07,五粮液,000858,5.52,5.63,4.91,5.06,5.54,109835,406795072.0,0.29,-8.66
2011-11-04,五粮液,000858,5.75,5.89,5.37,5.54,5.43,120615,451843744.0,0.32,2.03
2011-11-03,五粮液,000858,5.23,5.92,5.23,5.43,5.11,244944,918475392.0,0.65,6.26
2011-11-02,五粮液,000858,4.58,5.11,4.45,5.11,4.88,194460,712124288.0,0.51,4.71
2011-11-01,五粮液,000858,4.56,5.19,4.37,4.88,4.81,248728,912120512.0,0.66,1.46
2011-10-31,五粮液,000858,5.76,5.77,4.3,4.81,5.73,404878,1486407168.0,1.07,-16.06
2011-10-28,五粮液,000858,5.52,5.89,5.41,5.73,5.28,207526,779027264.0,0.55,8.52
2011-10-27,五粮液,000858,5.51,5.61,5.02,5.28,5.32,125256,465193920.0,0.33,-0.75
2011-10-26,五粮液,000858,5.22,5.6,5.1,5.32,5.28,121556,453569056.0,0.32,0.76
2011-10-25,五粮液,000858,4.84,5.52,4.72,5.28,4.92,150448,558807808.0,0.4,7.32
2011-10-24,五粮液,000858,3.84,5.02,3.49,4.92,3.82,127004,458552512.0,0.33,28.8
2011-10-21,五粮液,000858,3.82,4.08,3.62,3.82,3.92,66109,236160896.0,0.17,-2.55
2011-10-20,五粮液,000858,4.42,4.57,3.73,3.92,4.8,103578,372655104.0,0.27,-18.33
2011-10-19,五粮液,000858,4.81,5.32,4.62,4.8,4.72,99748,366899264.0,0.26,1.69
2011-10-18,五粮液,000858,4.92,5.48,4.72,4.72,5.07,126965,469869504.0,0.33,-6.9
2011-10-17,五粮液,000858,4.08,5.19,4.08,5.07,4.1,166395,611456896.0,0.44,23.66
2011-10-14,五粮液,000858,4.31,4.38,3.91,4.1,4.29,76922,276905408.0,0.2,-4.43
2011-10-13,五粮液,000858,4.02,4.67,3.93,4.29,4.13,150026,542950400.0,0.4,3.87
2011-10-12,五粮液,000858,2.81,4.31,2.62,4.13,3.01,171696,609330432.0,0.45,37.21
2011-10-11,五粮液,000858,4.4,4.55,2.5,3.01,3.78,190746,674284096.0,0.5,-20.37
2011-10-10,五粮液,000858,4.4,4.54,3.72,3.78,4.42,109341,393094048.0,0.29,-14.48
2011-09-30,五粮液,000858,4.4,4.7,4.08,4.42,4.02,114821,417117408.0,0.3,9.95
2011-09-29,五粮液,000858,4.11,4.68,3.92,4.02,4.4,114764,414721664.0,0.3,-8.64
2011-09-28,五粮液,000858,4.4,4.77,4.06,4.4,4.26,87889,319112832.0,0.23,3.29
2011-09-27,五粮液,000858,4.2,4.68,3.67,4.26,3.87,114935,414130144.0,0.3,10.08
2011-09-26,五粮液,000858,4.12,4.78,3.77,3.87,4.55,124001,446190592.0,0.33,-14.95
2011-09-23,五粮液,000858,4.79,5.32,3.89,4.55,5.28,254246,928669888.0,0.67,-13.83
2011-09-22,五粮液,000858,6.12,6.12,5.27,5.28,6.31,95358,358076736.0,0.25,-16.32
2011-09-21,五粮液,000858,5.51,6.42,5.41,6.31,5.51,110022,417681408.0,0.29,14.52
2011-09-20,五粮液,000858,5.64,5.81,5.08,5.51,5.77,105237,391528384.0,0.28,-4.51
2011-09-19,五粮液,000858,6.15,6.15,5.72,5.77,6.17,98351,371403168.0,0.26,-6.48
2011-09-16,五粮液,000858,5.92,6.36,5.92,6.17,5.72,97893,371992448.0,0.26,7.87
2011-09-15,五粮液,000858,5.55,6.35,5.52,5.72,5.55,140592,532756928.0,0.37,3.06
2011-09-14,五粮液,000858,5.98,6.24,4.82,5.55,5.88,180288,673079360.0,0.48,-5.61
2011-09-13,五粮液,000858,6.02,6.57,5.62,5.88,6.38,135938,515591584.0,0.36,-7.84
2011-09-09,五粮液,000858,7.31,7.62,6.17,6.38,7.02,127198,491409312.0,0.34,-9.12
2011-09-08,五粮液,000858,7.72,7.73,6.88,7.02,7.58,108909,427059744.0,0.29,-7.39
2011-09-07,五粮液,000858,6.62,7.6,6.52,7.58,6.41,152317,592098752.0,0.4,18.25
2011-09-06,五粮液,000858,7.12,7.38,6.1,6.41,7.22,200659,771183168.0,0.53,-11.22
2011-09-05,五粮液,000858,7.42,7.89,7.0,7.22,7.52,177037,695544704.0,0.47,-3.99
2011-09-02,五粮液,000858,7.68,7.91,7.22,7.52,7.77,119190,469438560.0,0.31,-3.22
2011-09-01,五粮液,000858,8.62,8.71,7.52,7.77,8.52,218002,870628288.0,0.57,-8.8
2011-08-31,五粮液,000858,8.49,8.92,7.85,8.52,7.53,483111,1950518272.0,1.27,13.15
2011-08-30,五粮液,000858,8.07,8.42,7.37,7.53,8.0,206404,821271488.0,0.54,-5.88
2011-08-29,五粮液,000858,7.37,8.22,7.19,8.0,7.53,197878,786182400.0,0.52,6.24
2011-08-26,五粮液,000858,7.15,7.62,6.93,7.53,7.27,164820,645572608.0,0.43,3.58
2011-08-25,五粮液,000858,6.78,7.34,6.39,7.27,6.67,176947,685651520.0,0.47,9.0
2011-08-24,五粮液,000858,6.43,7.0,6.36,6.67,6.29,146267,564365056.0,0.39,6.04
2011-08-23,五粮液,000858,5.85,6.52,5.85,6.29,6.15,171486,653072832.0,0.45,2.28
2011-08-22,五粮液,000858,7.73,7.9,6.02,6.15,7.72,321536,1247166336.0,0.85,-20.34
2011-08-19,五粮液,000858,7.01,7.76,6.93,7.72,7.32,196626,772248512.0,0.52,5.46
2011-08-18,五粮液,000858,7.45,7.99,7.2,7.32,7.45,188013,742325120.0,0.5,-1.74
2011-08-17,五粮液,000858,7.9,8.41,7.4,7.45,7.77,181493,721520064.0,0.48,-4.12
2011-08-16,五粮液,000858,8.08,8.69,7.62,7.77,7.32,393311,1576238336.0,1.04,6.15
2011-08-15,五粮液,000858,7.77,8.08,7.26,7.32,7.68,211266,832018048.0,0.56,-4.69
2011-08-12,五粮液,000858,7.94,8.1,7.51,7.68,7.89,263073,1042965376.0,0.69,-2.66
2011-08-11,五粮液,000858,6.24,7.92,6.23,7.89,6.73,570921,2240312320.0,1.5,17.24
2011-08-10,五粮液,000858,5.92,6.81,5.33,6.73,5.52,417185,1586738176.0,1.1,21.92
2011-08-09,五粮液,000858,5.01,5.67,3.93,5.52,5.6,303371,1116061056.0,0.8,-1.43
2011-08-08,五粮液,000858,5.56,6.38,4.47,5.6,5.94,296119,1108942208.0,0.78,-5.72
2011-08-05,五粮液,000858,5.42,6.67,5.08,5.94,6.36,175056,664511872.0,0.46,-6.6
2011-08-04,五粮液,000858,6.02,6.82,5.99,6.36,5.94,153510,588217088.0,0.4,7.07
2011-08-03,五粮液,000858,5.13,6.1,5.12,5.94,5.48,168468,635930688.0,0.44,8.39
2011-08-02,五粮液,000858,5.3,5.5,4.64,5.48,5.39,224264,825343424.0,0.59,1.67
2011-08-01,五粮液,000858,6.12,6.22,5.31,5.39,6.12,195633,734280512.0,0.52,-11.93
2011-07-29,五粮液,000858,6.56,6.67,6.02,6.12,6.64,106626,406593536.0,0.28,-7.83
2011-07-28,五粮液,000858,6.32,6.66,5.97,6.64,6.52,155717,593887744.0,0.41,1.84
2011-07-27,五粮液,000858,5.62,6.66,5.62,6.52,5.9,217396,831975680.0,0.57,10.51
2011-07-26,五粮液,000858,6.13,6.28,5.45,5.9,6.17,261227,984968128.0,0.69,-4.38
2011-07-25,五粮液,000858,7.17,7.47,5.87,6.17,7.22,349300,1337913728.0,0.92,-14.54
2011-07-22,五粮液,000858,7.02,7.64,6.89,7.22,7.2,234362,917018304.0,0.62,0.28
2011-07-21,五粮液,000858,6.95,7.71,6.93,7.2,6.93,333723,1308641792.0,0.88,3.9
2011-07-20,五粮液,000858,6.34,6.96,6.13,6.93,6.09,283174,1091291264.0,0.75,13.79
2011-07-19,五粮液,000858,6.23,6.54,6.06,6.09,6.27,165878,633481728.0,0.44,-2.87
2011-07-18,五粮液,000858,5.58,6.57,5.58,6.27,5.57,234202,893942208.0,0.62,12.57
2011-07-15,五粮液,000858,5.43,5.99,5.27,5.57,5.49,205318,769683008.0,0.54,1.46
2011-07-14,五粮液,000858,6.13,6.47,5.3,5.49,6.12,317232,1190032896.0,0.84,-10.29
2011-07-13,五粮液,000858,6.13,6.86,5.93,6.12,6.09,227041,867672256.0,0.6,0.49
2011-07-12,五粮液,000858,6.1,6.9,5.8,6.09,6.26,248626,949545728.0,0.66,-2.72
2011-07-11,五粮液,000858,5.29,6.39,5.24,6.26,5.27,231817,878395456.0,0.61,18.79
2011-07-08,五粮液,000858,5.32,5.92,5.1,5.27,5.27,180121,671837312.0,0.47,0.0
2011-07-07,五粮液,000858,4.62,5.62,4.55,5.27,4.63,299308,1110979456.0,0.79,13.82
2011-07-06,五粮液,000858,4.19,4.67,3.94,4.63,4.19,187415,681786752.0,0.49,10.5
2011-07-05,五粮液,000858,4.36,4.47,4.02,4.19,4.32,119054,429482816.0,0.31,-3.01
2011-07-04,五粮液,000858,3.8,4.88,3.8,4.32,3.79,227169,824985344.0,0.6,13.98
2011-07-01,五粮液,000858,3.9,4.05,3.7,3.79,3.84,111527,398600256.0,0.29,-1.3
2011-06-30,五粮液,000858,3.62,4.16,3.58,3.84,3.59,132187,473979584.0,0.35,6.96
2011-06-29,五粮液,000858,3.99,4.24,3.53,3.59,4.05,132073,470866784.0,0.35,-11.36
2011-06-28,五粮液,000858,4.12,4.26,3.76,4.05,4.06,178619,640972544.0,0.47,-0.25
2011-06-27,五粮液,000858,3.62,4.12,3.52,4.06,3.72,191917,685102464.0,0.51,9.14
2011-06-24,五粮液,000858,3.77,4.18,3.57,3.72,3.84,290289,1037851968.0,0.76,-3.13
2011-06-23,五粮液,000858,3.3,3.87,3.04,3.84,3.3,236698,841234304.0,0.62,16.36
2011-06-22,五粮液,000858,2.77,3.42,2.77,3.3,2.75,215666,756923456.0,0.57,20.0
2011-06-21,五粮液,000858,2.32,2.9,2.32,2.75,2.52,156621,540371712.0,0.41,9.13
2011-06-20,五粮液,000858,2.58,2.67,1.88,2.52,2.65,175188,596841792.0,0.46,-4.91
2011-06-17,五粮液,000858,2.45,3.1,2.43,2.65,2.46,149240,518718496.0,0.39,7.72
2011-06-16,五粮液,000858,2.62,2.91,2.28,2.46,2.72,132653,456900192.0,0.35,-9.56
2011-06-15,五粮液,000858,3.11,3.6,2.7,2.72,3.18,178381,624187008.0,0.47,-14.47
2011-06-14,五粮液,000858,3.02,3.67,2.92,3.18,3.12,241534,851849984.0,0.64,1.92
2011-06-13,五粮液,000858,2.83,3.19,2.51,3.12,2.77,298868,1040990464.0,0.79,12.64
2011-06-10,五粮液,000858,1.62,2.79,1.58,2.77,1.62,337572,1156300288.0,0.89,70.99
2011-06-09,五粮液,000858,2.48,2.48,1.62,1.62,2.52,143151,484184576.0,0.38,-35.71
2011-06-08,五粮液,000858,2.65,2.67,2.0,2.52,2.69,141184,483094496.0,0.37,-6.32
2011-06-07,五粮液,000858,2.53,3.17,2.42,2.69,2.64,239898,833746816.0,0.63,1.89
2011-06-03,五粮液,000858,1.87,2.92,1.72,2.64,1.94,294577,1013374720.0,0.78,36.08
2011-06-02,五粮液,000858,1.63,2.39,1.49,1.94,2.0,242864,822448320.0,0.64,-3.0
2011-06-01,五粮液,000858,1.14,2.22,0.93,2.0,1.13,273488,922860992.0,0.72,76.99
2011-05-31,五粮液,000858,1.12,1.4,0.89,1.13,1.12,116773,385426528.0,0.31,0.89
2011-05-30,五粮液,000858,0.07,1.39,-0.28,1.12,0.3,183482,600793024.0,0.48,273.33
2011-05-27,五粮液,000858,0.83,1.11,0.21,0.3,0.91,125142,406343392.0,0.33,-67.03
2011-05-26,五粮液,000858,1.27,1.68,0.84,0.91,1.16,135558,447759840.0,0.36,-21.55
2011-05-25,五粮液,000858,1.12,1.85,0.92,1.16,1.28,109117,363254400.0,0.29,-9.38
2011-05-24,五粮液,000858,1.32,1.47,0.72,1.28,1.47,165727,546246464.0,0.44,-12.93
2011-05-23,五粮液,000858,2.51,2.51,1.47,1.47,2.52,186378,630453696.0,0.49,-41.67
2011-05-20,五粮液,000858,2.52,2.71,2.05,2.52,2.46,177364,606353024.0,0.47,2.44
2011-05-19,五粮液,000858,1.96,2.87,1.96,2.46,1.96,319241,1099054592.0,0.84,25.51
2011-05-18,五粮液,000858,1.24,2.1,1.22,1.96,1.17,254279,858970048.0,0.67,67.52
2011-05-17,五粮液,000858,1.17,1.53,1.07,1.17,1.22,135562,450242016.0,0.36,-4.1
2011-05-16,五粮液,000858,1.02,1.57,0.95,1.22,1.16,139302,462578656.0,0.37,5.17
2011-05-13,五粮液,000858,1.34,1.6,0.68,1.16,1.3,127170,419194144.0,0.34,-10.77
2011-05-12,五粮液,000858,0.9,1.7,0.72,1.3,1.02,202295,678743232.0,0.53,27.45
2011-05-11,五粮液,000858,0.63,1.15,0.42,1.02,0.68,143548,473750688.0,0.38,50.0
2011-05-10,五粮液,000858,0.57,0.97,0.19,0.68,0.62,149088,488753792.0,0.39,9.68
2011-05-09,五粮液,000858,1.44,1.53,0.48,0.62,1.36,290255,959754624.0,0.76,-54.41
2011-05-06,五粮液,000858,1.39,1.81,1.13,1.36,1.57,223287,752116160.0,0.59,-13.38
2011-05-05,五粮液,000858,1.27,1.94,1.14,1.57,1.27,261299,883799232.0,0.69,23.62
2011-05-04,五粮液,000858,1.59,1.87,0.91,1.27,1.61,315100,1059188992.0,0.83,-21.12
2011-05-03,五粮液,000858,0.82,1.77,0.69,1.61,0.79,362773,1212822400.0,0.96,103.8
2011-04-29,五粮液,000858,0.22,0.87,0.22,0.79,0.22,265654,873218368.0,0.7,259.09
2011-04-28,五粮液,000858,0.32,0.84,0.07,0.22,0.3,252536,824043136.0,0.67,-26.67
2011-04-27,五粮液,000858,-0.04,0.87,-0.04,0.3,-0.52,426135,1392357504.0,1.12,157.69
2011-04-26,五粮液,000858,0.13,0.21,-0.65,-0.52,0.14,138277,440624768.0,0.36,-471.43
2011-04-25,五粮液,000858,-0.38,0.62,-0.38,0.14,-0.23,293515,952211904.0,0.77,160.87
2011-04-21,五粮液,000858,0.12,0.2,-0.28,-0.23,0.05,185047,595012288.0,0.49,-560.0
2011-04-20,五粮液,000858,-0.59,0.19,-0.67,0.05,-0.58,325859,1044305216.0,0.86,108.62
2011-04-19,五粮液,000858,-1.0,-0.19,-1.73,-0.58,-0.98,258326,804756672.0,0.68,40.82
2011-04-18,五粮液,000858,-0.75,-0.68,-1.09,-0.98,-0.75,123247,385014880.0,0.32,-30.67
2011-04-15,五粮液,000858,-0.58,-0.41,-1.08,-0.75,-0.58,167199,525026432.0,0.44,-29.31
2011-04-14,五粮液,000858,-0.58,-0.45,-0.8,-0.58,-0.58,154036,486462432.0,0.41,0.0
2011-04-13,五粮液,000858,-1.11,-0.53,-1.25,-0.58,-1.11,205977,647447744.0,0.54,47.75
2011-04-12,五粮液,000858,-1.38,-0.83,-1.43,-1.11,-1.37,142735,444250304.0,0.38,18.98
2011-04-11,五粮液,000858,-1.08,-0.95,-1.39,-1.37,-1.19,183504,568533056.0,0.48,-15.13
2011-04-08,五粮液,000858,-1.52,-0.95,-1.52,-1.19,-1.55,173688,538700224.0,0.46,23.23
2011-04-07,五粮液,000858,-1.49,-1.33,-1.83,-1.55,-1.51,247769,757366144.0,0.65,-2.65
2011-04-06,五粮液,000858,-0.48,-0.45,-2.18,-1.51,-0.37,429891,1321016448.0,1.13,-308.11
2011-04-01,五粮液,000858,-0.31,-0.08,-0.58,-0.37,-0.29,114321,362659424.0,0.3,-27.59
2011-03-31,五粮液,000858,-0.57,0.18,-0.59,-0.29,-0.59,218292,700363904.0,0.58,50.85
2011-03-30,五粮液,000858,-0.81,-0.39,-0.92,-0.59,-0.82,151444,477827552.0,0.4,28.05
2011-03-29,五粮液,000858,-0.52,-0.25,-0.88,-0.82,-0.52,222906,704224832.0,0.59,-57.69
2011-03-28,五粮液,000858,0.28,0.38,-0.6,-0.52,0.19,426637,1365197056.0,1.12,-373.68
2011-03-25,五粮液,000858,0.2,0.51,0.04,0.19,0.08,211887,687268416.0,0.56,137.5
2011-03-24,五粮液,000858,0.38,0.5,-0.01,0.08,0.3,158309,512343200.0,0.42,-73.33
2011-03-23,五粮液,000858,0.15,0.37,-0.08,0.3,0.17,185358,598685184.0,0.49,76.47
2011-03-22,五粮液,000858,0.33,0.57,-0.09,0.17,0.22,131649,425731936.0,0.35,-22.73
2011-03-21,五粮液,000858,1.01,1.27,0.19,0.22,0.82,253740,830376448.0,0.67,-73.17
2011-03-18,五粮液,000858,1.37,1.46,0.82,0.82,1.07,197106,655673792.0,0.52,-23.36
2011-03-17,五粮液,000858,0.97,1.7,0.7,1.07,1.3,255880,854175872.0,0.67,-17.69
2011-03-16,五粮液,000858,0.83,1.68,0.54,1.3,0.79,399423,1333960064.0,1.05,64.56
2011-03-15,五粮液,000858,0.92,0.97,-0.07,0.79,0.97,213918,698337152.0,0.56,-18.56
2011-03-14,五粮液,000858,0.34,0.97,0.34,0.97,0.54,232264,764667264.0,0.61,79.63
2011-03-11,五粮液,000858,0.7,1.31,0.41,0.54,0.84,233106,771160448.0,0.61,-35.71
2011-03-10,五粮液,000858,0.44,1.57,0.25,0.84,0.44,404050,1342310272.0,1.06,90.91
2011-03-09,五粮液,000858,0.74,0.87,0.4,0.44,0.72,182573,597065664.0,0.48,-38.89
2011-03-08,五粮液,000858,0.6,0.72,0.18,0.72,0.41,218808,714244864.0,0.58,75.61
2011-03-07,五粮液,000858,0.03,0.47,0.01,0.41,0.02,288071,935947264.0,0.76,1950.0
2011-03-04,五粮液,000858,-0.2,0.07,-0.81,0.02,-0.21,284051,903979520.0,0.75,109.52
2011-03-03,五粮液,000858,0.81,0.92,-0.3,-0.21,0.6,471033,1519207552.0,1.24,-135.0
2011-03-02,五粮液,000858,0.82,0.86,0.42,0.6,0.95,200038,655456256.0,0.53,-36.84
2011-03-01,五粮液,000858,0.82,1.12,0.72,0.95,0.79,217971,720637120.0,0.57,20.25
2011-02-28,五粮液,000858,0.79,1.22,0.51,0.79,0.79,222054,731321088.0,0.59,0.0
2011-02-25,五粮液,000858,0.88,1.32,0.72,0.79,0.7,174860,580843456.0,0.46,12.86
2011-02-24,五粮液,000858,0.81,0.97,0.35,0.7,0.82,162761,534416256.0,0.43,-14.63
2011-02-23,五粮液,000858,1.19,1.19,0.52,0.82,1.21,172611,570935488.0,0.45,-32.23
2011-02-22,五粮液,000858,2.34,2.37,1.12,1.21,2.34,246815,830848960.0,0.65,-48.29
2011-02-21,五粮液,000858,2.03,2.42,1.62,2.34,2.29,225723,771889216.0,0.59,2.18
2011-02-18,五粮液,000858,1.52,2.91,1.22,2.29,1.56,362247,1250119040.0,0.95,46.79
2011-02-17,五粮液,000858,2.07,2.12,1.39,1.56,2.01,205077,693875840.0,0.54,-22.39
2011-02-16,五粮液,000858,1.9,2.31,1.48,2.01,2.1,245350,831961536.0,0.65,-4.29
2011-02-15,五粮液,000858,2.52,2.79,2.06,2.1,2.49,276675,953231104.0,0.73,-15.66
2011-02-14,五粮液,000858,1.82,2.7,1.77,2.49,1.92,281312,972474816.0,0.74,29.69
2011-02-11,五粮液,000858,1.69,2.5,1.53,1.92,1.75,244504,836858624.0,0.64,9.71
2011-02-10,五粮液,000858,0.23,1.87,0.03,1.75,0.23,290257,965542272.0,0.76,660.87
2011-02-09,五粮液,000858,0.82,1.22,0.22,0.23,0.88,111968,368925952.0,0.3,-73.86
2011-02-01,五粮液,000858,0.77,1.12,0.52,0.88,0.67,157785,521424224.0,0.42,31.34
2011-01-31,五粮液,000858,0.6,1.08,0.05,0.67,0.6,140853,462800576.0,0.37,11.67
2011-01-28,五粮液,000858,0.14,0.71,0.14,0.6,0.13,122685,400705376.0,0.32,361.54
2011-01-27,五粮液,000858,-0.6,0.4,-0.83,0.13,-0.29,164030,527307904.0,0.43,144.83
2011-01-26,五粮液,000858,-0.58,-0.06,-0.58,-0.29,-0.6,96138,306371872.0,0.25,51.67
2011-01-25,五粮液,000858,-0.43,-0.19,-0.93,-0.6,-0.18,89366,282345376.0,0.24,-233.33
2011-01-24,五粮液,000858,0.12,0.36,-1.21,-0.18,0.12,242369,765094720.0,0.64,-250.0
2011-01-21,五粮液,000858,0.51,0.92,-0.07,0.12,0.63,199931,650614656.0,0.53,-80.95
2011-01-20,五粮液,000858,1.92,1.92,0.62,0.63,1.91,153643,513288992.0,0.4,-67.02
2011-01-19,五粮液,000858,1.48,1.99,1.28,1.91,1.31,223110,756504768.0,0.59,45.8
2011-01-18,五粮液,000858,0.61,1.62,-0.08,1.31,0.67,222838,742234752.0,0.59,95.52
2011-01-17,五粮液,000858,1.41,1.98,0.62,0.67,1.62,172136,574263104.0,0.45,-58.64
2011-01-14,五粮液,000858,1.42,1.72,0.78,1.62,1.5,220145,736578176.0,0.58,8.0
2011-01-13,五粮液,000858,0.62,1.76,0.39,1.5,0.58,273800,918937920.0,0.72,158.62
2011-01-12,五粮液,000858,0.72,0.72,0.25,0.58,0.72,116071,378948320.0,0.31,-19.44
2011-01-11,五粮液,000858,0.1,0.89,-0.15,0.72,0.26,198062,648178688.0,0.52,176.92
2011-01-10,五粮液,000858,1.11,1.11,0.1,0.26,1.12,232427,761553536.0,0.61,-76.79
2011-01-07,五粮液,000858,1.33,1.62,0.69,1.12,1.27,200464,667192704.0,0.53,-11.81
2011-01-06,五粮液,000858,1.48,1.96,1.15,1.27,1.5,208187,699962304.0,0.55,-15.33
2011-01-05,五粮液,000858,2.26,2.26,1.45,1.5,2.44,321265,1086646912.0,0.85,-38.52
2011-01-04,五粮液,000858,2.72,2.82,2.0,2.44,2.45,265666,916852864.0,0.7,-0.41
2010-12-31,五粮液,000858,1.75,2.47,1.62,2.45,1.76,211078,722395648.0,0.56,39.2
2010-12-30,五粮液,000858,2.16,2.21,1.22,1.76,2.14,198930,676229568.0,0.52,-17.76
2010-12-29,五粮液,000858,1.72,2.17,1.42,2.14,1.76,213634,727276992.0,0.56,21.59
2010-12-28,五粮液,000858,0.92,2.27,0.17,1.76,1.11,418570,1388211584.0,1.1,58.56
2010-12-27,五粮液,000858,2.82,3.02,0.83,1.11,2.55,330353,1139322496.0,0.87,-56.47
2010-12-24,五粮液,000858,3.63,3.65,2.5,2.55,3.63,281174,984552448.0,0.74,-29.75
2010-12-23,五粮液,000858,3.62,4.02,3.44,3.63,3.66,248832,893685760.0,0.66,-0.82
2010-12-22,五粮液,000858,4.17,4.21,3.42,3.66,4.07,330717,1185814528.0,0.87,-10.07
2010-12-21,五粮液,000858,4.52,4.77,3.59,4.07,4.5,529720,1912102912.0,1.4,-9.56
2010-12-20,五粮液,000858,6.0,6.12,3.9,4.5,5.97,644279,2374665216.0,1.7,-24.62
2010-12-17,五粮液,000858,6.52,6.72,5.72,5.97,6.42,277033,1057277056.0,0.73,-7.01
2010-12-16,五粮液,000858,6.82,7.4,6.2,6.42,5.81,367094,1426162432.0,0.97,10.5
2010-12-15,五粮液,000858,5.92,6.6,5.74,5.81,5.81,281162,1079219328.0,0.74,0.0
2010-12-14,五粮液,000858,5.91,6.14,5.62,5.81,5.81,257323,978057152.0,0.68,0.0
2010-12-13,五粮液,000858,5.42,5.82,4.73,5.81,5.27,523362,1957015808.0,1.38,10.25
2010-12-10,五粮液,000858,5.12,5.41,4.6,5.27,5.13,222016,823344448.0,0.58,2.73
2010-12-09,五粮液,000858,5.74,5.8,5.1,5.13,5.7,140019,525453376.0,0.37,-10.0
2010-12-08,五粮液,000858,5.68,6.39,5.53,5.7,5.62,166968,636822848.0,0.44,1.42
2010-12-07,五粮液,000858,4.9,5.75,4.39,5.62,5.01,206372,773018688.0,0.54,12.18
2010-12-06,五粮液,000858,6.02,6.12,4.8,5.01,6.04,246983,922136896.0,0.65,-17.05
2010-12-03,五粮液,000858,5.81,6.33,5.52,6.04,5.87,153944,585788160.0,0.41,2.9
2010-12-02,五粮液,000858,6.81,6.97,5.71,5.87,6.31,276036,1059989888.0,0.73,-6.97
2010-12-01,五粮液,000858,6.96,6.96,6.11,6.31,6.95,210653,812680896.0,0.56,-9.21
2010-11-30,五粮液,000858,8.12,8.12,5.95,6.95,8.59,451582,1771193600.0,1.19,-19.09
2010-11-29,五粮液,000858,8.27,9.3,7.66,8.59,8.26,447618,1819826176.0,1.18,4.0
2010-11-26,五粮液,000858,7.05,8.76,6.68,8.26,6.96,591514,2374606592.0,1.56,18.68
2010-11-25,五粮液,000858,7.0,7.43,6.52,6.96,7.09,270439,1059823808.0,0.71,-1.83
2010-11-24,五粮液,000858,5.48,7.8,5.37,7.09,5.68,540739,2121066752.0,1.42,24.82
2010-11-23,五粮液,000858,5.21,6.06,4.5,5.68,5.19,352112,1319433344.0,0.93,9.44
2010-11-22,五粮液,000858,4.81,6.13,4.5,5.19,4.82,362170,1365107072.0,0.95,7.68
2010-11-19,五粮液,000858,4.22,5.08,3.84,4.82,3.83,298869,1097684096.0,0.79,25.85
2010-11-18,五粮液,000858,3.68,4.11,2.94,3.83,3.72,241191,864662400.0,0.64,2.96
2010-11-17,五粮液,000858,4.7,4.72,2.5,3.72,5.16,465642,1652951936.0,1.23,-27.91
2010-11-16,五粮液,000858,6.72,6.79,4.78,5.16,6.59,371758,1410982144.0,0.98,-21.7
2010-11-15,五粮液,000858,4.92,6.6,4.79,6.59,4.72,401067,1524152576.0,1.06,39.62
2010-11-12,五粮液,000858,5.82,7.43,4.62,4.72,5.93,480925,1823952512.0,1.27,-20.4
2010-11-11,五粮液,000858,6.62,7.25,5.92,5.93,6.34,361488,1402864384.0,0.95,-6.47
2010-11-10,五粮液,000858,4.9,7.82,4.73,6.34,4.84,641132,2481588992.0,1.69,30.99
2010-11-09,五粮液,000858,4.72,5.02,4.3,4.84,4.67,317865,1173039104.0,0.84,3.64
2010-11-08,五粮液,000858,5.12,5.28,4.23,4.67,5.02,261464,960699904.0,0.69,-6.97
2010-11-05,五粮液,000858,5.8,5.92,4.82,5.02,5.42,252608,946528000.0,0.67,-7.38
2010-11-04,五粮液,000858,4.42,5.58,4.42,5.42,4.52,276180,1030558272.0,0.73,19.91
2010-11-03,五粮液,000858,4.52,5.32,4.15,4.52,4.52,210308,779204032.0,0.55,0.0
2010-11-02,五粮液,000858,5.29,5.29,4.42,4.52,5.29,287769,1060514112.0,0.76,-14.56
2010-11-01,五粮液,000858,4.42,5.52,4.41,5.29,4.32,265861,991916160.0,0.7,22.45
2010-10-29,五粮液,000858,4.02,4.77,3.41,4.32,4.17,222426,808309056.0,0.59,3.6
2010-10-28,五粮液,000858,3.64,4.79,3.63,4.17,3.77,197052,716562240.0,0.52,10.61
2010-10-27,五粮液,000858,5.08,5.08,3.77,3.77,5.09,315322,1148956800.0,0.83,-25.93
2010-10-26,五粮液,000858,6.02,6.02,4.79,5.09,5.84,341152,1269670144.0,0.9,-12.84
2010-10-25,五粮液,000858,3.94,5.92,3.94,5.84,3.82,506702,1900855936.0,1.34,52.88
2010-10-22,五粮液,000858,3.63,4.5,3.63,3.82,3.59,328631,1188979584.0,0.87,6.41
2010-10-21,五粮液,000858,4.12,4.81,3.27,3.59,3.97,417126,1512710656.0,1.1,-9.57
2010-10-20,五粮液,000858,1.87,4.03,1.83,3.97,2.39,654956,2336154368.0,1.73,66.11
2010-10-19,五粮液,000858,1.12,2.6,0.69,2.39,1.17,418023,1421062144.0,1.1,104.27
2010-10-18,五粮液,000858,0.41,1.43,-0.43,1.17,0.48,437125,1422938880.0,1.15,143.75
2010-10-15,五粮液,000858,-0.18,0.69,-0.32,0.48,-0.29,531098,1715241344.0,1.4,265.52
2010-10-14,五粮液,000858,1.42,1.52,-0.38,-0.29,0.97,610780,1984162432.0,1.61,-129.9
2010-10-13,五粮液,000858,1.92,1.92,0.17,0.97,2.07,577478,1904609664.0,1.52,-53.14
2010-10-12,五粮液,000858,2.3,3.02,1.6,2.07,2.42,261364,894754112.0,0.69,-14.46
2010-10-11,五粮液,000858,3.52,4.1,2.27,2.42,3.52,330101,1159681536.0,0.87,-31.25
2010-10-08,五粮液,000858,2.31,3.98,2.22,3.52,2.15,261471,930719744.0,0.69,63.72
2010-09-30,五粮液,000858,1.72,2.42,1.52,2.15,1.94,139093,476107040.0,0.37,10.82
2010-09-29,五粮液,000858,2.68,2.68,1.84,1.94,2.73,183471,633043520.0,0.48,-28.94
2010-09-28,五粮液,000858,1.63,2.8,1.62,2.73,1.6,287439,989649856.0,0.76,70.63
2010-09-27,五粮液,000858,1.06,1.78,0.52,1.6,1.07,177436,591726848.0,0.47,49.53
2010-09-21,五粮液,000858,1.0,1.49,0.82,1.07,1.1,124838,416536864.0,0.33,-2.73
2010-09-20,五粮液,000858,1.03,1.41,0.43,1.1,1.03,133729,444178144.0,0.35,6.8
2010-09-17,五粮液,000858,0.12,1.47,-0.4,1.03,0.12,231014,762194176.0,0.61,758.33
2010-09-16,五粮液,000858,0.95,1.12,-0.48,0.12,0.83,201369,650633536.0,0.53,-85.54
2010-09-15,五粮液,000858,1.48,1.53,0.73,0.83,1.53,134221,446087232.0,0.35,-45.75
2010-09-14,五粮液,000858,1.82,1.96,1.35,1.53,1.87,153913,519825856.0,0.41,-18.18
2010-09-13,五粮液,000858,1.71,2.4,1.47,1.87,1.71,279705,954755008.0,0.74,9.36
2010-09-10,五粮液,000858,0.38,1.81,0.03,1.71,0.41,287445,955952192.0,0.76,317.07
2010-09-09,五粮液,000858,0.84,1.36,0.34,0.41,0.57,206662,684186176.0,0.54,-28.07
2010-09-08,五粮液,000858,-0.18,0.79,-0.29,0.57,0.0,142476,464491744.0,0.38,0.0
2010-09-07,五粮液,000858,0.32,0.32,-0.4,0.0,0.34,128340,411899264.0,0.34,-100.0
2010-09-06,五粮液,000858,0.42,1.06,0.32,0.34,0.02,203180,667352960.0,0.54,1600.0
2010-09-03,五粮液,000858,-0.4,0.42,-0.55,0.02,-0.4,225787,726114688.0,0.59,105.0
2010-09-02,五粮液,000858,-0.75,-0.08,-0.88,-0.4,-0.97,169698,539954304.0,0.45,58.76
2010-09-01,五粮液,000858,-0.43,0.0,-1.32,-0.97,-0.46,214455,675863936.0,0.57,-110.87
2010-08-31,五粮液,000858,-0.58,-0.18,-0.77,-0.46,-0.49,231275,735308864.0,0.61,6.12
2010-08-30,五粮液,000858,-2.03,-0.23,-2.03,-0.49,-2.19,344884,1078575488.0,0.91,77.63
2010-08-27,五粮液,000858,-2.23,-2.02,-2.6,-2.19,-2.24,86699,259307888.0,0.23,2.23
2010-08-26,五粮液,000858,-1.98,-1.6,-2.48,-2.24,-2.18,97108,291210912.0,0.26,-2.75
2010-08-25,五粮液,000858,-2.27,-1.38,-2.35,-2.18,-2.16,166571,505743392.0,0.44,-0.93
2010-08-24,五粮液,000858,-2.3,-1.78,-2.8,-2.16,-2.28,147294,441197600.0,0.39,5.26
2010-08-23,五粮液,000858,-2.18,-2.08,-2.58,-2.28,-2.38,116547,347733472.0,0.31,4.2
2010-08-20,五粮液,000858,-1.78,-1.64,-2.73,-2.38,-1.64,237664,709500992.0,0.63,-45.12
2010-08-19,五粮液,000858,-1.44,-1.12,-1.73,-1.64,-1.33,160284,493237856.0,0.42,-23.31
2010-08-18,五粮液,000858,-1.08,-0.98,-1.62,-1.33,-1.1,170926,527383680.0,0.45,-20.91
2010-08-17,五粮液,000858,-1.18,-0.83,-1.43,-1.1,-1.2,212048,658037824.0,0.56,8.33
2010-08-16,五粮液,000858,-1.93,-1.08,-2.08,-1.2,-1.99,335309,1035108032.0,0.88,39.7
2010-08-13,五粮液,000858,-2.39,-1.91,-2.78,-1.99,-2.4,213223,637187904.0,0.56,17.08
2010-08-12,五粮液,000858,-2.79,-1.53,-3.04,-2.4,-2.6,350173,1052045696.0,0.92,7.69
2010-08-11,五粮液,000858,-3.02,-2.29,-3.18,-2.6,-3.27,293565,865325760.0,0.77,20.49
2010-08-10,五粮液,000858,-2.16,-2.08,-3.28,-3.27,-2.18,286441,837709568.0,0.75,-50.0
2010-08-09,五粮液,000858,-2.4,-1.49,-2.4,-2.18,-2.4,196246,592097408.0,0.52,9.17
2010-08-06,五粮液,000858,-2.6,-2.13,-3.0,-2.4,-2.48,206521,611855616.0,0.54,3.23
2010-08-05,五粮液,000858,-2.83,-1.9,-3.12,-2.48,-2.83,289369,865232704.0,0.76,12.37
2010-08-04,五粮液,000858,-3.57,-2.73,-3.57,-2.83,-3.4,306954,895647552.0,0.81,16.76
2010-08-03,五粮液,000858,-3.08,-2.81,-3.41,-3.4,-3.01,229438,666559616.0,0.6,-12.96
2010-08-02,五粮液,000858,-4.18,-2.72,-4.18,-3.01,-4.4,335242,969140032.0,0.88,31.59
2010-07-30,五粮液,000858,-4.45,-4.23,-4.68,-4.4,-4.38,121697,337392544.0,0.32,-0.46
2010-07-29,五粮液,000858,-3.9,-3.77,-4.53,-4.38,-3.92,214690,598273664.0,0.57,-11.73
2010-07-28,五粮液,000858,-4.07,-3.72,-4.2,-3.92,-4.13,183674,519476576.0,0.48,5.08
2010-07-27,五粮液,000858,-4.23,-3.84,-4.48,-4.13,-4.23,174279,489618848.0,0.46,2.36
2010-07-26,五粮液,000858,-4.63,-3.81,-4.63,-4.23,-4.76,222902,624636416.0,0.59,11.13
2010-07-23,五粮液,000858,-5.13,-4.5,-5.13,-4.76,-5.15,193082,528988224.0,0.51,7.57
2010-07-22,五粮液,000858,-5.43,-4.92,-5.43,-5.15,-5.38,121529,328863584.0,0.32,4.28
2010-07-21,五粮液,000858,-5.38,-4.91,-5.49,-5.38,-5.39,162587,438372160.0,0.43,0.19
2010-07-20,五粮液,000858,-5.75,-5.06,-5.78,-5.39,-5.75,253281,680729280.0,0.67,6.26
2010-07-19,五粮液,000858,-6.48,-5.58,-6.56,-5.75,-6.38,198973,523396096.0,0.52,9.87
2010-07-16,五粮液,000858,-7.29,-6.23,-7.36,-6.38,-7.18,200422,510867200.0,0.53,11.14
2010-07-15,五粮液,000858,-7.1,-6.69,-7.38,-7.18,-7.18,78335,196941216.0,0.21,0.0
2010-07-14,五粮液,000858,-7.05,-6.59,-7.28,-7.18,-6.88,67788,170777984.0,0.18,-4.36
2010-07-13,五粮液,000858,-7.24,-6.62,-7.63,-6.88,-7.2,125051,313403776.0,0.33,4.44
2010-07-12,五粮液,000858,-7.18,-7.03,-7.45,-7.2,-7.18,72979,181893072.0,0.19,-0.28
2010-07-09,五粮液,000858,-8.27,-6.83,-8.52,-7.18,-8.33,178843,443672096.0,0.47,13.81
2010-07-08,五粮液,000858,-7.98,-7.87,-8.46,-8.33,-8.1,50867,122110392.0,0.13,-2.84
2010-07-07,五粮液,000858,-8.2,-8.03,-8.48,-8.1,-8.2,55338,132899504.0,0.15,1.22
2010-07-06,五粮液,000858,-8.6,-7.94,-8.68,-8.2,-8.58,64422,154169984.0,0.17,4.43
2010-07-05,五粮液,000858,-8.87,-8.33,-9.28,-8.58,-8.62,115626,268976448.0,0.3,0.46
2010-07-02,五粮液,000858,-8.18,-7.9,-9.98,-8.62,-8.16,161131,375257408.0,0.42,-5.64
2010-07-01,五粮液,000858,-7.88,-7.68,-8.29,-8.16,-7.95,71122,172039936.0,0.19,-2.64
2010-06-30,五粮液,000858,-7.93,-7.73,-8.16,-7.95,-7.88,76181,184607136.0,0.2,-0.89
2010-06-29,五粮液,000858,-6.88,-6.63,-7.92,-7.88,-6.87,124628,309411424.0,0.33,-14.7
2010-06-28,五粮液,000858,-6.58,-6.35,-6.88,-6.87,-6.48,78311,199758608.0,0.21,-6.02
2010-06-25,五粮液,000858,-6.56,-6.32,-6.68,-6.48,-6.51,82619,212076432.0,0.22,0.46
2010-06-24,五粮液,000858,-6.15,-6.13,-6.62,-6.51,-6.16,94932,243932896.0,0.25,-5.68
2010-06-23,五粮液,000858,-6.39,-6.04,-6.54,-6.16,-6.33,81440,210828640.0,0.21,2.69
2010-06-22,五粮液,000858,-5.92,-5.91,-6.41,-6.33,-5.89,124908,323940768.0,0.33,-7.47
2010-06-21,五粮液,000858,-6.93,-5.88,-7.08,-5.89,-7.03,149915,388547680.0,0.39,16.22
2010-06-18,五粮液,000858,-6.28,-5.92,-7.06,-7.03,-6.38,145106,372958016.0,0.38,-10.19
2010-06-17,五粮液,000858,-5.55,-5.37,-6.48,-6.38,-5.57,153031,399764416.0,0.4,-14.54
2010-06-11,五粮液,000858,-5.1,-4.85,-5.7,-5.57,-5.31,158321,426173024.0,0.42,-4.9
2010-06-10,五粮液,000858,-5.62,-4.83,-5.69,-5.31,-5.59,244350,660465408.0,0.64,5.01
2010-06-09,五粮液,000858,-6.46,-5.53,-6.46,-5.59,-6.49,252280,666413696.0,0.66,13.87
2010-06-08,五粮液,000858,-6.73,-6.24,-6.78,-6.49,-6.63,128282,329408256.0,0.34,2.11
2010-06-07,五粮液,000858,-7.57,-6.38,-7.68,-6.63,-7.18,237508,604439296.0,0.63,7.66
2010-06-04,五粮液,000858,-7.72,-6.98,-7.85,-7.18,-7.68,112594,278687968.0,0.3,6.51
2010-06-03,五粮液,000858,-7.61,-7.32,-7.87,-7.68,-7.64,103377,254016208.0,0.27,-0.52
2010-06-02,五粮液,000858,-7.28,-7.08,-8.2,-7.64,-7.18,125306,305472032.0,0.33,-6.41
2010-06-01,五粮液,000858,-7.41,-6.95,-7.78,-7.18,-7.32,165282,411210016.0,0.44,1.91
2010-05-31,五粮液,000858,-6.7,-6.62,-7.36,-7.32,-6.71,107749,271028544.0,0.28,-9.09
2010-05-28,五粮液,000858,-6.56,-6.32,-6.74,-6.71,-6.68,171597,440295616.0,0.45,-0.45
2010-05-27,五粮液,000858,-7.28,-6.57,-7.5,-6.68,-7.28,164135,415798496.0,0.43,8.24
2010-05-26,五粮液,000858,-7.16,-6.75,-7.48,-7.28,-7.15,83743,208918304.0,0.22,-1.82
2010-05-25,五粮液,000858,-6.88,-6.31,-7.18,-7.15,-6.64,152400,385269568.0,0.4,-7.68
2010-05-24,五粮液,000858,-7.13,-6.19,-7.13,-6.64,-7.38,169300,432451232.0,0.45,10.03
2010-05-21,五粮液,000858,-8.68,-7.38,-8.88,-7.38,-8.22,197414,478804544.0,0.52,10.22
2010-05-20,五粮液,000858,-8.56,-7.71,-8.57,-8.22,-8.28,166900,403455232.0,0.44,0.72
2010-05-19,五粮液,000858,-8.39,-7.96,-8.93,-8.28,-8.34,121547,289124672.0,0.32,0.72
2010-05-18,五粮液,000858,-8.5,-8.1,-9.18,-8.34,-8.49,170643,400448704.0,0.45,1.77
2010-05-17,五粮液,000858,-7.38,-7.23,-8.53,-8.49,-7.06,137931,333922336.0,0.36,-20.25
2010-05-14,五粮液,000858,-7.08,-6.79,-7.36,-7.06,-7.03,82792,207961536.0,0.22,-0.43
2010-05-13,五粮液,000858,-7.73,-6.95,-7.97,-7.03,-7.76,156654,390820608.0,0.41,9.41
2010-05-12,五粮液,000858,-6.95,-6.92,-8.37,-7.76,-6.92,200537,493645856.0,0.53,-12.14
2010-05-11,五粮液,000858,-5.83,-5.68,-6.94,-6.92,-6.43,118425,307273408.0,0.31,-7.62
2010-05-10,五粮液,000858,-6.63,-5.99,-6.83,-6.43,-6.67,120987,313664128.0,0.32,3.6
2010-05-07,五粮液,000858,-6.63,-6.12,-6.93,-6.67,-6.32,121233,312175360.0,0.32,-5.54
2010-05-06,五粮液,000858,-5.52,-5.13,-6.33,-6.32,-5.25,124581,331049152.0,0.33,-20.38
2010-05-05,五粮液,000858,-6.43,-5.23,-6.48,-5.25,-6.03,149600,396343840.0,0.39,12.94
2010-05-04,五粮液,000858,-6.33,-5.66,-6.63,-6.03,-6.04,92312,243511472.0,0.24,0.17
2010-04-30,五粮液,000858,-5.64,-5.63,-6.93,-6.04,-5.63,168761,438361696.0,0.44,-7.28
2010-04-29,五粮液,000858,-5.33,-5.23,-5.63,-5.63,-5.54,124334,334373152.0,0.33,-1.62
2010-04-28,五粮液,000858,-5.3,-4.93,-5.76,-5.54,-5.25,159967,430250528.0,0.42,-5.52
2010-04-27,五粮液,000858,-4.45,-4.43,-5.67,-5.25,-4.35,246722,671045568.0,0.65,-20.69
2010-04-26,五粮液,000858,-4.33,-3.67,-4.53,-4.35,-3.33,344330,971521152.0,0.91,-30.63
2010-04-23,五粮液,000858,-2.97,-2.33,-3.5,-3.33,-3.03,271817,799066624.0,0.72,-9.9
2010-04-22,五粮液,000858,-3.04,-2.35,-3.56,-3.03,-3.08,422948,1248406400.0,1.11,1.62
2010-04-21,五粮液,000858,-4.26,-2.88,-4.43,-3.08,-4.28,369842,1065919360.0,0.97,28.04
2010-04-20,五粮液,000858,-4.41,-4.11,-4.8,-4.28,-4.43,262386,733890624.0,0.69,3.39
2010-04-19,五粮液,000858,-3.63,-3.35,-4.44,-4.43,-3.33,345679,982461312.0,0.91,-33.03
2010-04-15,五粮液,000858,-3.48,-2.76,-3.59,-3.33,-3.56,407179,1186113280.0,1.07,6.46
2010-04-14,五粮液,000858,-4.43,-3.55,-4.52,-3.56,-4.44,423586,1203267840.0,1.12,19.82
2010-04-13,五粮液,000858,-4.68,-4.15,-4.8,-4.44,-4.81,307854,858551168.0,0.81,7.69
2010-04-12,五粮液,000858,-4.23,-4.16,-4.85,-4.81,-4.28,256250,708961536.0,0.68,-12.38
2010-04-09,五粮液,000858,-4.55,-4.25,-4.83,-4.28,-4.57,212234,589573952.0,0.56,6.35
2010-04-08,五粮液,000858,-4.03,-4.03,-4.63,-4.57,-3.97,222007,620151744.0,0.58,-15.11
2010-04-07,五粮液,000858,-4.38,-3.93,-4.42,-3.97,-4.29,159705,450224896.0,0.42,7.46
2010-04-06,五粮液,000858,-4.05,-3.87,-4.41,-4.29,-4.03,256570,720388736.0,0.68,-6.45
2010-04-02,五粮液,000858,-3.85,-3.6,-4.15,-4.03,-3.82,183318,519381600.0,0.48,-5.5
2010-04-01,五粮液,000858,-4.16,-3.54,-4.24,-3.82,-4.16,191740,546179840.0,0.51,8.17
2010-03-31,五粮液,000858,-3.63,-3.45,-4.33,-4.16,-3.73,192231,543140352.0,0.51,-11.53
2010-03-30,五粮液,000858,-3.41,-3.12,-3.75,-3.73,-3.44,165111,476081760.0,0.44,-8.43
2010-03-29,五粮液,000858,-3.62,-3.3,-3.64,-3.44,-3.93,206777,597868992.0,0.54,12.47
2010-03-26,五粮液,000858,-3.93,-3.74,-4.18,-3.93,-3.93,126825,360127840.0,0.33,0.0
2010-03-25,五粮液,000858,-3.64,-3.43,-4.04,-3.93,-3.65,193838,554091456.0,0.51,-7.67
2010-03-24,五粮液,000858,-4.17,-3.3,-4.21,-3.65,-4.25,308173,885715136.0,0.81,14.12
2010-03-23,五粮液,000858,-4.27,-3.98,-4.48,-4.25,-4.28,174624,491829632.0,0.46,0.7
2010-03-22,五粮液,000858,-4.21,-4.12,-4.48,-4.28,-4.3,167611,469493824.0,0.44,0.47
2010-03-19,五粮液,000858,-4.87,-4.28,-4.87,-4.3,-5.02,260650,724843776.0,0.69,14.34
2010-03-18,五粮液,000858,-4.87,-4.54,-5.08,-5.02,-4.93,125720,346492896.0,0.33,-1.83
2010-03-17,五粮液,000858,-5.71,-4.93,-5.71,-4.93,-5.76,170556,463005248.0,0.45,14.41
2010-03-16,五粮液,000858,-5.82,-5.43,-5.85,-5.76,-5.95,131981,351796608.0,0.35,3.19
2010-03-15,五粮液,000858,-5.15,-5.11,-6.05,-5.95,-5.11,243610,647572800.0,0.64,-16.44
2010-03-12,五粮液,000858,-4.78,-4.49,-5.15,-5.11,-4.8,136251,375090656.0,0.36,-6.46
2010-03-11,五粮液,000858,-4.82,-4.46,-4.85,-4.8,-4.82,120935,333931744.0,0.32,0.41
2010-03-10,五粮液,000858,-4.29,-4.29,-4.85,-4.82,-4.29,242314,670906176.0,0.64,-12.35
2010-03-09,五粮液,000858,-4.12,-4.05,-4.45,-4.29,-4.13,199990,559854976.0,0.53,-3.87
2010-03-08,五粮液,000858,-3.93,-3.83,-4.17,-4.13,-4.04,117921,333069984.0,0.31,-2.23
2010-03-05,五粮液,000858,-4.11,-3.71,-4.34,-4.04,-4.13,144903,410765568.0,0.38,2.18
2010-03-04,五粮液,000858,-3.87,-3.16,-4.23,-4.13,-3.92,282874,811272896.0,0.75,-5.36
2010-03-03,五粮液,000858,-4.06,-3.77,-4.33,-3.92,-4.06,189738,536358400.0,0.5,3.45
2010-03-02,五粮液,000858,-3.73,-3.62,-4.21,-4.06,-3.93,178613,507300064.0,0.47,-3.31
2010-03-01,五粮液,000858,-4.36,-3.78,-4.54,-3.93,-4.29,177973,501953504.0,0.47,8.39
2010-02-26,五粮液,000858,-3.76,-3.65,-4.36,-4.29,-3.76,181525,513358240.0,0.48,-14.1
2010-02-25,五粮液,000858,-4.0,-3.66,-4.03,-3.76,-4.04,172871,493151872.0,0.46,6.93
2010-02-24,五粮液,000858,-4.35,-3.93,-4.51,-4.04,-4.33,132307,372415296.0,0.35,6.7
2010-02-23,五粮液,000858,-3.6,-3.6,-4.61,-4.33,-3.51,215251,603337856.0,0.57,-23.36
2010-02-22,五粮液,000858,-2.81,-2.81,-3.53,-3.51,-2.81,138233,401224192.0,0.36,-24.91
2010-02-12,五粮液,000858,-2.8,-2.63,-3.04,-2.81,-2.84,106622,314413696.0,0.28,1.06
2010-02-11,五粮液,000858,-3.23,-2.56,-3.33,-2.84,-3.25,134975,397973504.0,0.36,12.62
2010-02-10,五粮液,000858,-3.28,-3.18,-3.58,-3.25,-3.52,86064,248804512.0,0.23,7.67
2010-02-09,五粮液,000858,-3.44,-3.14,-3.75,-3.52,-3.4,106822,308474592.0,0.28,-3.53
2010-02-08,五粮液,000858,-3.62,-3.14,-3.62,-3.4,-3.47,94675,274399360.0,0.25,2.02
2010-02-05,五粮液,000858,-3.43,-3.35,-3.68,-3.47,-3.02,153566,442490848.0,0.4,-14.9
2010-02-04,五粮液,000858,-3.22,-2.75,-3.35,-3.02,-3.25,164744,483024736.0,0.43,7.08
2010-02-03,五粮液,000858,-3.38,-3.07,-3.96,-3.25,-3.38,228365,658362432.0,0.6,3.85
2010-02-02,五粮液,000858,-2.46,-2.38,-3.41,-3.38,-2.58,209739,617528896.0,0.55,-31.01
2010-02-01,五粮液,000858,-2.64,-2.28,-3.13,-2.58,-3.14,289657,859332864.0,0.76,17.83
2010-01-29,五粮液,000858,-3.58,-2.53,-3.77,-3.14,-3.52,181711,533053440.0,0.48,10.8
2010-01-28,五粮液,000858,-3.94,-3.22,-4.38,-3.52,-3.77,233401,666073024.0,0.61,6.63
2010-01-27,五粮液,000858,-2.67,-2.51,-3.93,-3.77,-2.75,283714,819268160.0,0.75,-37.09
2010-01-26,五粮液,000858,-2.13,-1.97,-3.15,-2.75,-2.33,215775,642137472.0,0.57,-18.03
2010-01-25,五粮液,000858,-2.79,-1.96,-3.01,-2.33,-2.72,225253,676264128.0,0.59,14.34
2010-01-22,五粮液,000858,-2.4,-2.31,-3.15,-2.72,-1.98,280446,830457408.0,0.74,-37.37
2010-01-21,五粮液,000858,-1.88,-1.65,-2.54,-1.98,-1.88,323820,975981504.0,0.85,-5.32
2010-01-20,五粮液,000858,-0.63,-0.63,-2.06,-1.88,-0.64,369517,1139869952.0,0.97,-193.75
2010-01-19,五粮液,000858,-0.13,-0.05,-0.74,-0.64,-0.23,229882,729902976.0,0.61,-178.26
2010-01-18,五粮液,000858,-0.63,0.02,-1.03,-0.23,-0.77,393654,1254827904.0,1.04,70.13
2010-01-15,五粮液,000858,-0.37,-0.13,-1.05,-0.77,-0.89,450360,1429719040.0,1.19,13.48
2010-01-14,五粮液,000858,-1.94,-0.57,-2.13,-0.89,-2.06,454450,1415275392.0,1.2,56.8
2010-01-13,五粮液,000858,-2.33,-1.28,-2.53,-2.06,-1.82,367163,1121175040.0,0.97,-13.19
2010-01-12,五粮液,000858,-2.68,-1.75,-2.83,-1.82,-2.67,291381,880580800.0,0.77,31.84
2010-01-11,五粮液,000858,-2.13,-1.78,-2.9,-2.67,-2.39,278318,829528064.0,0.73,-11.72
2010-01-08,五粮液,000858,-2.48,-2.37,-3.24,-2.39,-2.33,364772,1075206272.0,0.96,-2.58
2010-01-07,五粮液,000858,-1.55,-1.55,-2.84,-2.33,-1.39,617052,1850035584.0,1.63,-67.63
2010-01-06,五粮液,000858,-0.55,-0.35,-1.43,-1.39,-0.55,428220,1340542592.0,1.13,-152.73
2010-01-05,五粮液,000858,-0.85,-0.38,-0.85,-0.55,-0.88,290982,923787456.0,0.77,37.5
2010-01-04,五粮液,000858,-0.53,-0.33,-0.97,-0.88,-0.67,264090,836351936.0,0.7,-31.34
2009-12-31,五粮液,000858,-0.92,-0.44,-1.05,-0.67,-1.23,341231,1077481728.0,0.9,45.53
2009-12-30,五粮液,000858,-0.83,-0.69,-1.64,-1.23,-0.66,376114,1170149376.0,0.99,-86.36
2009-12-29,五粮液,000858,-0.14,-0.14,-1.39,-0.66,-0.13,447199,1410513792.0,1.18,-407.69
2009-12-28,五粮液,000858,-0.42,-0.1,-0.79,-0.13,-0.49,350923,1120419200.0,0.92,73.47
2009-12-25,五粮液,000858,-0.47,0.04,-0.83,-0.49,-0.48,473153,1516543616.0,1.25,-2.08
2009-12-24,五粮液,000858,-2.18,0.32,-2.25,-0.48,-2.36,727374,2317742848.0,1.92,79.66
2009-12-23,五粮液,000858,-2.83,-2.05,-2.97,-2.36,-3.38,456876,1363913600.0,1.2,30.18
2009-12-22,五粮液,000858,-3.01,-2.63,-3.53,-3.38,-3.08,406243,1192001536.0,1.07,-9.74
2009-12-21,五粮液,000858,-4.53,-3.08,-4.53,-3.08,-4.59,360147,1034376064.0,0.95,32.9
2009-12-18,五粮液,000858,-4.34,-3.73,-5.12,-4.59,-4.19,329843,921408128.0,0.87,-9.55
2009-12-17,五粮液,000858,-3.17,-2.93,-4.48,-4.19,-3.17,338238,961238592.0,0.89,-32.18
2009-12-16,五粮液,000858,-2.66,-2.43,-3.27,-3.17,-2.65,216107,634318912.0,0.57,-19.62
2009-12-15,五粮液,000858,-2.62,-2.44,-3.03,-2.65,-2.63,212783,629698688.0,0.56,-0.76
2009-12-14,五粮液,000858,-2.33,-2.17,-3.18,-2.63,-2.34,279362,824147840.0,0.74,-12.39
2009-12-11,五粮液,000858,-2.31,-1.85,-2.41,-2.34,-2.37,283068,855172288.0,0.75,1.27
2009-12-10,五粮液,000858,-3.02,-2.19,-3.02,-2.37,-3.13,332621,991179456.0,0.88,24.28
2009-12-09,五粮液,000858,-3.32,-2.75,-3.63,-3.13,-3.03,288681,843997184.0,0.76,-3.3
2009-12-08,五粮液,000858,-2.63,-2.44,-3.23,-3.03,-2.68,313907,921792000.0,0.83,-13.06
2009-12-07,五粮液,000858,-2.34,-1.75,-2.77,-2.68,-3.36,394888,1177778944.0,1.04,20.24
2009-12-04,五粮液,000858,-2.83,-2.55,-4.05,-3.36,-2.6,495222,1433943040.0,1.3,-29.23
2009-12-03,五粮液,000858,-2.98,-2.33,-3.32,-2.6,-2.81,444174,1314702208.0,1.17,7.47
2009-12-02,五粮液,000858,-2.95,-2.57,-3.33,-2.81,-2.75,426062,1248551680.0,1.12,-2.18
2009-12-01,五粮液,000858,-3.77,-2.34,-3.89,-2.75,-3.89,789263,2296372224.0,2.08,29.31
2009-11-30,五粮液,000858,-6.33,-3.89,-6.33,-3.89,-6.48,811585,2252367360.0,2.14,39.97
2009-11-27,五粮液,000858,-6.48,-5.65,-7.0,-6.48,-5.95,476330,1239087232.0,1.25,-8.91
2009-11-26,五粮液,000858,-4.23,-4.07,-6.05,-5.95,-4.3,605600,1643334016.0,1.6,-38.37
2009-11-25,五粮液,000858,-5.76,-4.13,-5.87,-4.3,-5.6,560084,1540980992.0,1.48,23.21
2009-11-24,五粮液,000858,-4.2,-4.05,-5.84,-5.6,-4.33,514468,1409632384.0,1.36,-29.33
2009-11-23,五粮液,000858,-4.94,-4.22,-5.15,-4.33,-4.92,454381,1263281536.0,1.2,11.99
2009-11-20,五粮液,000858,-6.31,-4.87,-6.31,-4.92,-5.99,499612,1347658112.0,1.32,17.86
2009-11-19,五粮液,000858,-5.76,-5.58,-6.33,-5.99,-5.79,280875,737730368.0,0.74,-3.45
2009-11-18,五粮液,000858,-5.97,-5.21,-6.03,-5.79,-5.97,314161,836953088.0,0.83,3.02
2009-11-17,五粮液,000858,-5.65,-5.63,-6.33,-5.97,-5.75,331767,871169856.0,0.87,-3.83
2009-11-16,五粮液,000858,-6.4,-5.33,-6.4,-5.75,-6.5,505521,1342386432.0,1.33,11.54
2009-11-13,五粮液,000858,-6.81,-6.0,-6.97,-6.5,-6.8,568377,1473382144.0,1.5,4.41
2009-11-12,五粮液,000858,-7.79,-6.34,-7.79,-6.8,-7.81,845164,2149448960.0,2.23,12.93
2009-11-11,五粮液,000858,-8.67,-7.43,-8.83,-7.81,-8.66,718769,1757934976.0,1.89,9.82
2009-11-10,五粮液,000858,-8.89,-8.37,-8.89,-8.66,-8.96,363919,866387008.0,0.96,3.35
2009-11-09,五粮液,000858,-8.92,-8.73,-9.28,-8.96,-8.92,261595,609807936.0,0.69,-0.45
2009-11-06,五粮液,000858,-8.52,-8.33,-9.01,-8.92,-8.56,409054,966549568.0,1.08,-4.21
2009-11-05,五粮液,000858,-8.57,-8.33,-8.72,-8.56,-8.57,273746,651012224.0,0.72,0.12
2009-11-04,五粮液,000858,-9.09,-8.28,-9.23,-8.57,-9.09,508262,1207960960.0,1.34,5.72
2009-11-03,五粮液,000858,-9.33,-8.73,-9.42,-9.09,-9.27,340667,795748480.0,0.9,1.94
2009-11-02,五粮液,000858,-10.33,-9.17,-10.49,-9.27,-9.9,350581,795797888.0,0.92,6.36
2009-10-30,五粮液,000858,-9.63,-9.43,-9.91,-9.9,-9.93,252240,570864576.0,0.66,0.3
2009-10-29,五粮液,000858,-9.79,-9.52,-10.03,-9.93,-9.44,230198,518882496.0,0.61,-5.19
2009-10-28,五粮液,000858,-9.8,-9.37,-9.8,-9.44,-9.81,254939,580970240.0,0.67,3.77
2009-10-27,五粮液,000858,-9.43,-9.33,-9.83,-9.81,-9.25,305007,692680064.0,0.8,-6.05
2009-10-26,五粮液,000858,-8.63,-8.57,-9.53,-9.25,-8.68,458242,1059051072.0,1.21,-6.57
2009-10-23,五粮液,000858,-8.67,-8.51,-8.83,-8.68,-8.66,415064,982484864.0,1.09,-0.23
2009-10-22,五粮液,000858,-8.71,-8.39,-9.3,-8.66,-8.71,417147,978322176.0,1.1,0.57
2009-10-21,五粮液,000858,-8.65,-8.27,-8.83,-8.71,-8.5,545850,1296670848.0,1.44,-2.47
2009-10-20,五粮液,000858,-10.19,-8.26,-10.21,-8.5,-10.35,1112728,2586689024.0,2.93,17.87
2009-10-19,五粮液,000858,-10.44,-10.15,-10.56,-10.35,-10.92,488589,1072627328.0,1.29,5.22
2009-10-16,五粮液,000858,-11.13,-10.88,-11.43,-10.92,-11.13,314761,666137216.0,0.83,1.89
2009-10-15,五粮液,000858,-10.58,-10.38,-11.24,-11.13,-10.63,481151,1026400768.0,1.27,-4.7
2009-10-14,五粮液,000858,-10.48,-10.07,-10.73,-10.63,-10.38,423555,928141120.0,1.12,-2.41
2009-10-13,五粮液,000858,-10.43,-10.25,-10.64,-10.38,-10.43,203018,444118304.0,0.53,0.48
2009-10-12,五粮液,000858,-10.53,-9.87,-10.64,-10.43,-10.64,306371,677078848.0,0.81,1.97
2009-10-09,五粮液,000858,-11.04,-10.48,-11.33,-10.64,-11.42,380805,819908608.0,1.0,6.83
2009-09-30,五粮液,000858,-11.81,-10.83,-11.81,-11.42,-10.73,646476,1352289408.0,1.7,-6.43
2009-09-23,五粮液,000858,-9.91,-9.75,-10.75,-10.73,-9.83,447596,978022720.0,1.18,-9.16
2009-09-22,五粮液,000858,-10.03,-9.26,-10.23,-9.83,-9.96,504620,1148159488.0,1.33,1.31
2009-09-21,五粮液,000858,-10.03,-9.88,-10.83,-9.96,-9.89,358434,787645504.0,0.94,-0.71
2009-09-18,五粮液,000858,-9.14,-9.14,-10.11,-9.89,-9.13,612977,1393447040.0,1.61,-8.32
2009-09-17,五粮液,000858,-9.23,-9.05,-9.48,-9.13,-9.37,547055,1260019200.0,1.44,2.56
2009-09-16,五粮液,000858,-9.11,-8.98,-9.73,-9.37,-9.26,513744,1180345216.0,1.35,-1.19
2009-09-15,五粮液,000858,-9.2,-8.84,-9.54,-9.26,-9.26,683050,1577080960.0,1.8,0.0
2009-09-14,五粮液,000858,-9.83,-8.97,-10.08,-9.26,-9.98,891186,2026809856.0,2.35,7.21
2009-09-11,五粮液,000858,-10.38,-9.73,-10.38,-9.98,-10.45,807555,1802381568.0,2.13,4.5
2009-09-10,五粮液,000858,-10.58,-10.06,-11.3,-10.45,-9.73,1312338,2862825984.0,3.46,-7.4
2009-09-09,五粮液,000858,-8.23,-7.9,-10.64,-9.73,-8.23,2265968,5095165440.0,5.97,-18.23
2009-09-08,五粮液,000858,-8.32,-7.37,-8.51,-8.23,-8.13,417425,1016398208.0,1.1,-1.23
2009-09-07,五粮液,000858,-8.81,-7.36,-8.81,-8.13,-8.95,636954,1547882496.0,1.68,9.16
2009-09-04,五粮液,000858,-9.52,-8.63,-9.64,-8.95,-9.51,380366,882886848.0,1.0,5.89
2009-09-03,五粮液,000858,-10.21,-9.45,-10.33,-9.51,-10.21,371059,836567744.0,0.98,6.86
2009-09-02,五粮液,000858,-10.83,-10.04,-10.87,-10.21,-10.53,229479,503919136.0,0.6,3.04
2009-09-01,五粮液,000858,-10.83,-9.85,-10.99,-10.53,-10.76,334916,738381184.0,0.88,2.14
2009-08-31,五粮液,000858,-10.03,-9.36,-10.78,-10.76,-9.77,563222,1252734080.0,1.48,-10.13
2009-08-28,五粮液,000858,-9.94,-9.24,-10.11,-9.77,-9.91,520880,1187887232.0,1.37,1.41
2009-08-27,五粮液,000858,-10.23,-9.67,-10.43,-9.91,-10.1,321513,720941696.0,0.85,1.88
2009-08-26,五粮液,000858,-10.94,-9.91,-11.03,-10.1,-10.75,284898,629718464.0,0.75,6.05
2009-08-25,五粮液,000858,-10.13,-10.09,-11.43,-10.75,-10.14,297322,642766336.0,0.78,-6.02
2009-08-24,五粮液,000858,-10.33,-9.99,-10.78,-10.14,-10.37,311745,684509952.0,0.82,2.22
2009-08-21,五粮液,000858,-10.53,-10.2,-10.68,-10.37,-10.64,293130,643021184.0,0.77,2.54
2009-08-20,五粮液,000858,-11.34,-10.52,-11.34,-10.64,-11.39,365190,785968192.0,0.96,6.58
2009-08-19,五粮液,000858,-11.12,-10.37,-11.63,-11.39,-11.21,482689,1027750400.0,1.27,-1.61
2009-08-18,五粮液,000858,-12.13,-11.13,-12.13,-11.21,-11.93,378995,791458880.0,1.0,6.04
2009-08-17,五粮液,000858,-10.99,-10.99,-11.93,-11.93,-10.83,445205,923780352.0,1.17,-10.16
2009-08-14,五粮液,000858,-9.62,-9.48,-10.98,-10.83,-9.66,412084,901306624.0,1.09,-12.11
2009-08-13,五粮液,000858,-9.46,-9.18,-9.97,-9.66,-9.46,280982,636382272.0,0.74,-2.11
2009-08-12,五粮液,000858,-8.69,-8.36,-9.59,-9.46,-8.67,339574,791752064.0,0.89,-9.11
2009-08-11,五粮液,000858,-9.02,-8.2,-9.27,-8.67,-9.08,291590,689330304.0,0.77,4.52
2009-08-10,五粮液,000858,-8.35,-8.2,-9.53,-9.08,-8.68,395174,923341248.0,1.04,-4.61
2009-08-07,五粮液,000858,-7.64,-7.27,-8.78,-8.68,-7.55,538597,1301189888.0,1.42,-14.97
2009-08-06,五粮液,000858,-6.98,-6.98,-7.72,-7.55,-6.91,651436,1628263040.0,1.72,-9.26
2009-08-05,五粮液,000858,-8.07,-6.83,-8.07,-6.91,-8.18,1055151,2636314624.0,2.78,15.53
2009-08-04,五粮液,000858,-7.65,-7.65,-8.52,-8.18,-7.69,571118,1377167104.0,1.5,-6.37
2009-08-03,五粮液,000858,-8.13,-7.08,-8.13,-7.69,-8.81,949852,2352694272.0,2.5,12.71
2009-07-31,五粮液,000858,-9.28,-8.75,-9.35,-8.81,-9.35,416481,971571904.0,1.1,5.78
2009-07-30,五粮液,000858,-9.28,-8.88,-10.23,-9.35,-9.66,499216,1140558464.0,1.32,3.21
2009-07-29,五粮液,000858,-8.03,-7.96,-10.39,-9.66,-8.11,676347,1582709120.0,1.78,-19.11
2009-07-28,五粮液,000858,-8.31,-7.53,-8.53,-8.11,-8.33,600355,1460776320.0,1.58,2.64
2009-07-27,五粮液,000858,-8.85,-8.13,-9.23,-8.33,-8.57,744476,1761791360.0,1.96,2.8
2009-07-24,五粮液,000858,-8.28,-8.05,-9.03,-8.57,-8.39,503515,1201525760.0,1.33,-2.15
2009-07-23,五粮液,000858,-8.25,-8.0,-8.55,-8.39,-8.26,405074,970962688.0,1.07,-1.57
2009-07-22,五粮液,000858,-8.32,-8.15,-8.59,-8.26,-8.34,446699,1069985984.0,1.18,0.96
2009-07-21,五粮液,000858,-8.32,-7.35,-8.52,-8.34,-8.38,657222,1605322240.0,1.73,0.48
2009-07-20,五粮液,000858,-8.42,-8.11,-8.71,-8.38,-8.43,475292,1137390976.0,1.25,0.59
2009-07-17,五粮液,000858,-8.35,-7.93,-8.65,-8.43,-8.19,433877,1042182016.0,1.14,-2.93
2009-07-16,五粮液,000858,-8.63,-7.76,-9.05,-8.19,-8.76,668213,1594068992.0,1.76,6.51
2009-07-15,五粮液,000858,-8.42,-8.16,-9.29,-8.76,-8.7,684748,1610718464.0,1.8,-0.69
2009-07-14,五粮液,000858,-7.37,-7.37,-9.05,-8.7,-9.64,1283609,3080882432.0,3.38,9.75
2009-07-13,五粮液,000858,-9.64,-9.64,-9.64,-9.64,-11.7,42066,95447984.0,0.11,17.61
2009-07-08,五粮液,000858,-11.43,-11.1,-11.73,-11.7,-11.19,285595,597484032.0,0.75,-4.56
2009-07-07,五粮液,000858,-11.74,-10.59,-11.86,-11.19,-11.63,781015,1661042432.0,2.06,3.78
2009-07-06,五粮液,000858,-12.32,-11.55,-12.45,-11.63,-12.47,657679,1332232576.0,1.73,6.74
2009-07-03,五粮液,000858,-12.44,-12.18,-12.73,-12.47,-12.33,409470,812247104.0,1.08,-1.14
2009-07-02,五粮液,000858,-12.43,-12.0,-12.56,-12.33,-12.49,470906,944715456.0,1.24,1.28
2009-07-01,五粮液,000858,-12.58,-12.32,-12.73,-12.49,-12.6,408460,810221632.0,1.08,0.87
2009-06-30,五粮液,000858,-12.33,-12.15,-12.73,-12.6,-12.49,381668,757130240.0,1.01,-0.88
2009-06-29,五粮液,000858,-13.42,-12.38,-13.43,-12.49,-13.42,567700,1118259328.0,1.5,6.93
2009-06-26,五粮液,000858,-12.94,-12.94,-13.43,-13.42,-13.13,296965,565196032.0,0.78,-2.21
2009-06-25,五粮液,000858,-13.23,-12.96,-13.38,-13.13,-13.23,406711,780155520.0,1.07,0.76
2009-06-24,五粮液,000858,-13.39,-13.15,-13.57,-13.23,-13.4,392516,745114752.0,1.03,1.27
2009-06-23,五粮液,000858,-13.32,-13.08,-13.63,-13.4,-13.02,557585,1057594560.0,1.47,-2.92
2009-06-22,五粮液,000858,-12.3,-12.05,-13.03,-13.02,-12.37,686644,1350781312.0,1.81,-5.25
2009-06-19,五粮液,000858,-12.74,-12.33,-12.92,-12.37,-12.53,800963,1573622016.0,2.11,1.28
2009-06-18,五粮液,000858,-12.68,-11.98,-13.13,-12.53,-12.93,892200,1771188096.0,2.35,3.09
2009-06-17,五粮液,000858,-12.95,-12.38,-13.13,-12.93,-12.94,680424,1330284544.0,1.79,0.08
2009-06-16,五粮液,000858,-13.86,-12.59,-13.93,-12.94,-13.7,1162112,2239035648.0,3.06,5.55
2009-06-15,五粮液,000858,-14.63,-13.47,-14.71,-13.7,-14.6,729164,1339380736.0,1.92,6.16
2009-06-12,五粮液,000858,-14.12,-13.84,-14.78,-14.6,-14.12,491083,882062976.0,1.29,-3.4
2009-06-11,五粮液,000858,-13.99,-13.52,-14.16,-14.12,-14.01,558134,1032540864.0,1.47,-0.79
2009-06-10,五粮液,000858,-14.05,-13.48,-14.13,-14.01,-14.1,838371,1554613376.0,2.21,0.64
2009-06-09,五粮液,000858,-14.72,-13.89,-14.72,-14.1,-14.74,992387,1799839232.0,2.61,4.34
2009-06-08,五粮液,000858,-14.43,-14.4,-14.85,-14.74,-14.47,560531,990451712.0,1.48,-1.87
2009-06-05,五粮液,000858,-15.18,-13.85,-15.23,-14.47,-15.19,1265263,2251441664.0,3.33,4.74
2009-06-04,五粮液,000858,-15.04,-15.04,-15.43,-15.19,-15.03,419077,715116608.0,1.1,-1.06
2009-06-03,五粮液,000858,-15.43,-14.95,-15.43,-15.03,-15.36,451867,774676736.0,1.19,2.15
2009-06-02,五粮液,000858,-15.32,-15.08,-15.43,-15.36,-15.34,324948,554840448.0,0.86,-0.13
2009-06-01,五粮液,000858,-15.57,-15.29,-15.63,-15.34,-15.69,334169,564729280.0,0.88,2.23
2009-05-27,五粮液,000858,-15.73,-15.59,-15.79,-15.69,-15.79,178010,296145984.0,0.47,0.63
2009-05-26,五粮液,000858,-15.73,-15.55,-15.87,-15.79,-15.75,220129,365919840.0,0.58,-0.25
2009-05-25,五粮液,000858,-15.93,-15.67,-16.11,-15.75,-15.64,225360,370346112.0,0.59,-0.7
2009-05-22,五粮液,000858,-15.73,-15.49,-15.78,-15.64,-15.63,193043,322229696.0,0.51,-0.06
2009-05-21,五粮液,000858,-15.33,-15.23,-15.75,-15.63,-15.23,392794,658679936.0,1.03,-2.63
2009-05-20,五粮液,000858,-14.88,-14.87,-15.23,-15.23,-14.91,314612,541699008.0,0.83,-2.15
2009-05-19,五粮液,000858,-14.68,-14.59,-15.01,-14.91,-14.77,378009,659043456.0,1.0,-0.95
2009-05-18,五粮液,000858,-15.11,-14.57,-15.52,-14.77,-15.11,608476,1057219776.0,1.6,2.25
2009-05-15,五粮液,000858,-15.24,-14.88,-15.26,-15.11,-15.29,359044,619367040.0,0.95,1.18
2009-05-14,五粮液,000858,-15.48,-15.18,-15.53,-15.29,-15.33,301200,511160256.0,0.79,0.26
2009-05-13,五粮液,000858,-15.28,-15.23,-15.54,-15.33,-15.38,345427,585708480.0,0.91,0.33
2009-05-12,五粮液,000858,-15.73,-15.33,-15.78,-15.38,-15.52,409811,688424448.0,1.08,0.9
2009-05-11,五粮液,000858,-15.11,-14.67,-15.53,-15.52,-15.18,610484,1058206272.0,1.61,-2.24
2009-05-08,五粮液,000858,-15.18,-15.03,-15.57,-15.18,-15.03,509944,871151360.0,1.34,-1.0
2009-05-07,五粮液,000858,-14.84,-14.53,-15.32,-15.03,-14.89,621362,1084030208.0,1.64,-0.94
2009-05-06,五粮液,000858,-15.05,-14.73,-15.14,-14.89,-15.12,541955,946191872.0,1.43,1.52
2009-05-05,五粮液,000858,-15.12,-14.88,-15.48,-15.12,-15.23,574163,986187456.0,1.51,0.72
2009-05-04,五粮液,000858,-15.81,-15.08,-15.81,-15.23,-15.81,518403,884739776.0,1.37,3.67
2009-04-30,五粮液,000858,-15.71,-15.53,-15.93,-15.81,-15.75,369305,614571584.0,0.97,-0.38
2009-04-29,五粮液,000858,-16.09,-15.65,-16.27,-15.75,-16.09,371931,612456000.0,0.98,2.11
2009-04-28,五粮液,000858,-15.93,-15.71,-16.47,-16.09,-15.83,491830,799819904.0,1.3,-1.64
2009-04-27,五粮液,000858,-15.18,-15.15,-15.88,-15.83,-15.13,508077,849220736.0,1.34,-4.63
2009-04-24,五粮液,000858,-15.33,-14.7,-15.33,-15.13,-15.47,1054501,1837684608.0,2.78,2.2
2009-04-23,五粮液,000858,-16.06,-15.28,-16.13,-15.47,-16.07,655147,1091010816.0,1.73,3.73
2009-04-22,五粮液,000858,-15.31,-14.78,-16.28,-16.07,-15.66,1028928,1753519488.0,2.71,-2.62
2009-04-21,五粮液,000858,-15.55,-15.4,-15.88,-15.66,-15.32,596638,998630464.0,1.57,-2.22
2009-04-20,五粮液,000858,-15.99,-15.2,-16.07,-15.32,-15.99,804858,1354903424.0,2.12,4.19
2009-04-17,五粮液,000858,-16.09,-15.68,-16.28,-15.99,-16.1,790877,1303946624.0,2.08,0.68
2009-04-16,五粮液,000858,-16.35,-15.82,-16.35,-16.1,-16.35,746831,1220172416.0,1.97,1.53
2009-04-15,五粮液,000858,-16.23,-16.21,-16.58,-16.35,-16.15,485140,776167040.0,1.28,-1.24
2009-04-14,五粮液,000858,-16.35,-16.12,-16.58,-16.15,-16.35,646671,1035785856.0,1.7,1.22
2009-04-13,五粮液,000858,-16.66,-16.19,-16.67,-16.35,-16.67,589985,942870400.0,1.55,1.92
2009-04-10,五粮液,000858,-16.97,-16.53,-17.07,-16.67,-17.04,441987,689260096.0,1.16,2.17
2009-04-09,五粮液,000858,-17.18,-17.01,-17.28,-17.04,-17.12,286851,436349408.0,0.76,0.47
2009-04-08,五粮液,000858,-16.47,-16.46,-17.12,-17.12,-16.44,490314,761137088.0,1.29,-4.14
2009-04-07,五粮液,000858,-16.36,-16.08,-16.58,-16.44,-16.29,498269,797856256.0,1.31,-0.92
2009-04-02,五粮液,000858,-16.33,-15.99,-16.48,-16.29,-16.42,725067,1172221568.0,3.54,0.79
2009-04-01,五粮液,000858,-16.38,-16.28,-16.56,-16.42,-16.46,539635,860832960.0,2.64,0.24
2009-03-31,五粮液,000858,-17.02,-16.27,-17.17,-16.46,-16.77,454361,711673920.0,2.22,1.85
2009-03-30,五粮液,000858,-16.67,-16.5,-16.81,-16.77,-16.69,348909,548574144.0,1.7,-0.48
2009-03-27,五粮液,000858,-16.78,-16.55,-16.96,-16.69,-16.85,447215,699802048.0,2.18,0.95
2009-03-26,五粮液,000858,-17.1,-16.8,-17.33,-16.85,-17.03,388466,594917376.0,1.9,1.06
2009-03-25,五粮液,000858,-16.42,-16.42,-17.04,-17.03,-16.45,519509,807978816.0,2.54,-3.53
2009-03-24,五粮液,000858,-16.61,-16.19,-16.73,-16.45,-16.88,701498,1118879616.0,3.43,2.55
2009-03-23,五粮液,000858,-17.08,-16.7,-17.09,-16.88,-17.09,475440,737635648.0,2.32,1.23
2009-03-20,五粮液,000858,-16.86,-16.76,-17.26,-17.09,-16.91,365047,559545344.0,1.78,-1.06
2009-03-19,五粮液,000858,-17.36,-16.83,-17.36,-16.91,-17.35,473784,728665472.0,2.31,2.54
2009-03-18,五粮液,000858,-17.28,-17.08,-17.42,-17.35,-17.35,409927,620135424.0,2.0,0.0
2009-03-17,五粮液,000858,-17.84,-17.18,-17.88,-17.35,-17.89,394392,587406912.0,1.93,3.02
2009-03-16,五粮液,000858,-18.03,-17.85,-18.13,-17.89,-18.07,179927,259064256.0,0.88,1.0
2009-03-13,五粮液,000858,-17.95,-17.83,-18.14,-18.07,-18.0,266532,383157856.0,1.3,-0.39
2009-03-12,五粮液,000858,-17.68,-17.59,-18.3,-18.0,-17.56,516170,739596416.0,2.52,-2.51
2009-03-11,五粮液,000858,-17.09,-17.02,-17.62,-17.56,-17.37,294983,442633408.0,1.44,-1.09
2009-03-10,五粮液,000858,-17.68,-17.3,-17.82,-17.37,-17.63,207054,306578112.0,1.01,1.47
2009-03-09,五粮液,000858,-16.89,-16.74,-17.65,-17.63,-16.92,363720,551425024.0,1.78,-4.2
2009-03-06,五粮液,000858,-17.38,-16.53,-17.49,-16.92,-17.07,469009,720122048.0,2.29,0.88
2009-03-05,五粮液,000858,-16.78,-16.69,-17.24,-17.07,-16.89,517275,798071616.0,2.53,-1.07
2009-03-04,五粮液,000858,-17.68,-16.71,-17.68,-16.89,-17.69,533958,811995456.0,2.61,4.52
2009-03-03,五粮液,000858,-17.63,-17.55,-17.96,-17.69,-17.3,390282,570436608.0,1.91,-2.25
2009-03-02,五粮液,000858,-17.57,-17.18,-17.65,-17.3,-17.39,269026,402864320.0,1.31,0.52
2009-02-27,五粮液,000858,-17.42,-17.15,-17.58,-17.39,-17.33,375097,561788160.0,1.83,-0.35
2009-02-26,五粮液,000858,-16.71,-16.48,-17.58,-17.33,-16.78,500737,775947968.0,2.45,-3.28
2009-02-25,五粮液,000858,-16.12,-16.01,-17.26,-16.78,-16.31,750420,1174681216.0,3.67,-2.88
2009-02-24,五粮液,000858,-15.66,-15.33,-16.38,-16.31,-15.46,631975,1039151424.0,3.09,-5.5
2009-02-23,五粮液,000858,-15.9,-15.26,-16.35,-15.46,-15.76,621674,1037524416.0,3.04,1.9
2009-02-20,五粮液,000858,-16.03,-15.62,-16.38,-15.76,-16.11,547022,895488512.0,2.67,2.17
2009-02-19,五粮液,000858,-16.1,-15.79,-16.4,-16.11,-16.27,584436,949885952.0,2.86,0.98
2009-02-18,五粮液,000858,-15.48,-15.18,-16.38,-16.27,-15.03,756961,1255437440.0,3.7,-8.25
2009-02-17,五粮液,000858,-14.22,-14.08,-15.18,-15.03,-14.23,647429,1147901568.0,3.16,-5.62
2009-02-16,五粮液,000858,-14.09,-13.86,-14.7,-14.23,-14.21,715649,1294585984.0,3.5,-0.14
2009-02-13,五粮液,000858,-14.62,-14.14,-14.88,-14.21,-14.6,637702,1147038592.0,3.12,2.67
2009-02-12,五粮液,000858,-14.58,-14.34,-15.26,-14.6,-14.48,675605,1189296256.0,3.3,-0.83
2009-02-11,五粮液,000858,-16.28,-14.21,-16.5,-14.48,-15.86,1326268,2316976128.0,6.48,8.7
2009-02-10,五粮液,000858,-16.1,-15.78,-16.47,-15.86,-15.93,530194,859718144.0,2.59,0.44
2009-02-09,五粮液,000858,-16.49,-15.58,-16.6,-15.93,-16.63,813401,1326474880.0,3.97,4.21
2009-02-06,五粮液,000858,-17.39,-16.53,-17.39,-16.63,-17.39,631545,982857344.0,3.09,4.37
2009-02-05,五粮液,000858,-17.25,-16.88,-17.5,-17.39,-17.21,530709,808194752.0,2.59,-1.05
2009-02-04,五粮液,000858,-17.3,-17.13,-17.5,-17.21,-17.28,557535,840970432.0,2.72,0.41
2009-02-03,五粮液,000858,-18.13,-17.13,-18.2,-17.28,-18.14,837675,1239208832.0,4.09,4.74
2009-02-02,五粮液,000858,-18.11,-18.03,-18.5,-18.14,-18.25,321134,452884608.0,1.57,0.6
2009-01-23,五粮液,000858,-18.01,-17.95,-18.28,-18.25,-17.99,273950,389825792.0,1.34,-1.45
2009-01-22,五粮液,000858,-18.13,-17.8,-18.18,-17.99,-18.23,356400,512279488.0,1.74,1.32
2009-01-21,五粮液,000858,-18.16,-18.0,-18.38,-18.23,-17.94,293691,416966976.0,1.43,-1.62
2009-01-20,五粮液,000858,-17.88,-17.82,-18.28,-17.94,-17.81,335205,479709280.0,1.64,-0.73
2009-01-19,五粮液,000858,-17.6,-17.41,-18.0,-17.81,-17.69,404129,594641664.0,1.97,-0.68
2009-01-16,五粮液,000858,-18.3,-17.5,-18.38,-17.69,-18.42,673184,976336832.0,3.29,3.96
2009-01-15,五粮液,000858,-18.38,-18.19,-18.59,-18.42,-18.16,309738,432218784.0,1.51,-1.43
2009-01-14,五粮液,000858,-18.68,-18.09,-18.7,-18.16,-18.65,239831,335144544.0,1.17,2.63
2009-01-13,五粮液,000858,-18.37,-18.29,-18.66,-18.65,-18.14,135455,187958048.0,0.66,-2.81
2009-01-12,五粮液,000858,-18.23,-18.0,-18.27,-18.14,-18.11,146244,208425872.0,0.71,-0.17
2009-01-09,五粮液,000858,-18.38,-17.99,-18.45,-18.11,-18.43,202258,286252896.0,0.99,1.74
2009-01-08,五粮液,000858,-18.48,-18.41,-18.78,-18.43,-18.25,155535,214782688.0,0.76,-0.99
2009-01-07,五粮液,000858,-18.07,-17.98,-18.3,-18.25,-18.08,192466,273654400.0,0.94,-0.94
2009-01-06,五粮液,000858,-18.62,-18.03,-18.68,-18.08,-18.63,271561,381352128.0,1.33,2.95
2009-01-05,五粮液,000858,-18.86,-18.63,-18.98,-18.63,-19.04,251574,341696000.0,1.23,2.15
2008-12-31,五粮液,000858,-18.62,-18.51,-19.08,-19.04,-18.63,199588,269023168.0,0.98,-2.2
2008-12-30,五粮液,000858,-18.28,-18.1,-18.68,-18.63,-18.3,167636,234024128.0,0.82,-1.8
2008-12-29,五粮液,000858,-18.14,-18.13,-18.57,-18.3,-18.12,105635,148038384.0,0.52,-0.99
2008-12-26,五粮液,000858,-18.01,-17.88,-18.15,-18.12,-18.0,88796,127333304.0,0.43,-0.67
2008-12-25,五粮液,000858,-17.58,-17.43,-18.18,-18.0,-17.56,154805,225135120.0,0.76,-2.51
2008-12-24,五粮液,000858,-17.58,-17.23,-17.95,-17.56,-17.53,194661,287538528.0,0.95,-0.17
2008-12-23,五粮液,000858,-16.78,-16.69,-17.57,-17.53,-16.84,291073,437996704.0,1.42,-4.1
2008-12-22,五粮液,000858,-16.47,-16.35,-17.02,-16.84,-16.48,197739,308157280.0,0.97,-2.18
2008-12-19,五粮液,000858,-16.48,-16.28,-16.68,-16.48,-16.46,203814,324694080.0,1.0,-0.12
2008-12-18,五粮液,000858,-16.93,-16.43,-17.1,-16.46,-16.94,274575,431661216.0,1.34,2.83
2008-12-17,五粮液,000858,-16.98,-16.5,-17.1,-16.94,-17.08,249503,389965344.0,1.22,0.82
2008-12-16,五粮液,000858,-17.3,-17.0,-17.64,-17.08,-17.16,151893,228273056.0,0.74,0.47
2008-12-15,五粮液,000858,-17.37,-17.13,-17.57,-17.16,-17.51,175574,264888624.0,0.86,2.0
2008-12-12,五粮液,000858,-16.8,-16.8,-17.68,-17.51,-16.67,262508,395552864.0,1.28,-5.04
2008-12-11,五粮液,000858,-16.61,-16.2,-16.83,-16.67,-16.58,316161,503778304.0,1.54,-0.54
2008-12-10,五粮液,000858,-16.7,-16.49,-17.08,-16.58,-16.61,288815,451867072.0,1.41,0.18
2008-12-09,五粮液,000858,-15.93,-15.93,-16.76,-16.61,-16.13,296812,473324800.0,1.45,-2.98
2008-12-08,五粮液,000858,-16.35,-15.9,-16.38,-16.13,-16.45,295124,478175616.0,1.44,1.95
2008-12-05,五粮液,000858,-16.58,-16.1,-16.88,-16.45,-16.58,301391,477471456.0,1.47,0.78
2008-12-04,五粮液,000858,-16.35,-15.73,-16.59,-16.58,-16.51,475308,773643008.0,2.32,-0.42
2008-12-03,五粮液,000858,-16.96,-16.5,-16.96,-16.51,-17.05,359804,564848192.0,1.76,3.17
2008-12-02,五粮液,000858,-17.2,-16.53,-17.33,-17.05,-16.82,289493,445087552.0,1.41,-1.37
2008-12-01,五粮液,000858,-17.06,-16.62,-17.36,-16.82,-16.9,295893,457985760.0,1.45,0.47
2008-11-28,五粮液,000858,-17.8,-16.73,-17.87,-16.9,-17.6,643713,985530048.0,3.15,3.98
2008-11-27,五粮液,000858,-17.3,-17.08,-17.65,-17.6,-18.15,552656,829195072.0,2.7,3.03
2008-11-26,五粮液,000858,-18.1,-17.9,-18.39,-18.15,-18.19,164581,234124336.0,0.8,0.22
2008-11-25,五粮液,000858,-17.83,-17.63,-18.58,-18.19,-17.97,245553,350726528.0,1.2,-1.22
2008-11-24,五粮液,000858,-17.68,-17.33,-18.06,-17.97,-17.64,331187,487264256.0,1.62,-1.87
2008-11-21,五粮液,000858,-18.35,-17.2,-18.57,-17.64,-17.86,483996,702663808.0,2.36,1.23
2008-11-20,五粮液,000858,-18.63,-17.58,-18.88,-17.86,-18.3,544930,778670208.0,2.66,2.4
2008-11-19,五粮液,000858,-19.2,-18.25,-19.2,-18.3,-19.18,325702,448062080.0,1.59,4.59
2008-11-18,五粮液,000858,-18.08,-18.08,-19.2,-19.18,-17.96,467729,642007232.0,2.29,-6.79
2008-11-17,五粮液,000858,-18.28,-17.88,-18.52,-17.96,-18.15,481443,686067072.0,2.35,1.05
2008-11-14,五粮液,000858,-19.1,-17.95,-19.18,-18.15,-19.23,584779,811252992.0,2.86,5.62
2008-11-13,五粮液,000858,-19.88,-18.98,-20.08,-19.23,-19.75,424001,546057152.0,2.07,2.63
2008-11-12,五粮液,000858,-19.88,-19.67,-19.98,-19.75,-19.76,173597,218111136.0,0.85,0.05
2008-11-11,五粮液,000858,-19.39,-19.39,-19.77,-19.76,-19.39,192819,246175872.0,0.94,-1.91
2008-11-10,五粮液,000858,-20.0,-19.33,-20.01,-19.39,-20.23,323420,411946848.0,1.58,4.15
2008-11-07,五粮液,000858,-20.43,-20.12,-20.69,-20.23,-20.18,218862,261225184.0,1.07,-0.25
2008-11-06,五粮液,000858,-20.09,-19.99,-20.37,-20.18,-19.8,100129,122146264.0,0.49,-1.92
2008-11-05,五粮液,000858,-20.08,-19.63,-20.1,-19.8,-20.23,130358,163685072.0,0.64,2.13
2008-11-04,五粮液,000858,-20.1,-20.03,-20.4,-20.23,-20.12,73900,89642984.0,0.36,-0.55
2008-11-03,五粮液,000858,-20.21,-19.83,-20.35,-20.12,-20.16,74026,91387008.0,0.36,0.2
2008-10-31,五粮液,000858,-19.9,-19.72,-20.28,-20.16,-19.89,85015,105113584.0,0.42,-1.36
2008-10-30,五粮液,000858,-19.96,-19.61,-20.17,-19.89,-20.16,118850,148825488.0,0.58,1.34
2008-10-29,五粮液,000858,-19.53,-19.49,-20.18,-20.16,-19.8,126265,158377520.0,0.62,-1.82
2008-10-28,五粮液,000858,-20.4,-19.7,-20.67,-19.8,-20.36,152912,187755248.0,0.75,2.75
2008-10-27,五粮液,000858,-19.77,-19.49,-20.43,-20.36,-19.22,150921,188094192.0,0.74,-5.93
2008-10-24,五粮液,000858,-18.67,-18.59,-19.4,-19.22,-18.75,136021,181433312.0,0.66,-2.51
2008-10-23,五粮液,000858,-19.01,-18.57,-19.13,-18.75,-18.68,129763,176581248.0,0.63,-0.37
2008-10-22,五粮液,000858,-19.23,-18.58,-19.32,-18.68,-19.07,231858,312590272.0,1.13,2.05
2008-10-21,五粮液,000858,-18.63,-18.63,-19.08,-19.07,-18.83,157193,212839760.0,0.77,-1.27
2008-10-20,五粮液,000858,-19.33,-18.69,-19.74,-18.83,-19.58,208556,276295264.0,1.02,3.83
2008-10-17,五粮液,000858,-19.78,-19.46,-19.96,-19.58,-19.98,126864,160377472.0,0.62,2.0
2008-10-16,五粮液,000858,-19.88,-19.57,-20.0,-19.98,-19.28,150894,188993904.0,0.74,-3.63
2008-10-15,五粮液,000858,-19.12,-19.12,-19.49,-19.28,-19.03,140695,183378992.0,0.69,-1.31
2008-10-14,五粮液,000858,-17.98,-17.84,-19.08,-19.03,-18.63,200928,281167584.0,0.98,-2.15
2008-10-13,五粮液,000858,-18.58,-18.38,-19.78,-18.63,-18.58,229629,305018176.0,1.12,-0.27
2008-10-10,五粮液,000858,-17.78,-17.78,-18.58,-18.58,-17.39,206600,292215168.0,1.01,-6.84
2008-10-09,五粮液,000858,-16.78,-16.68,-17.44,-17.39,-17.16,156823,237193904.0,0.77,-1.34
2008-10-08,五粮液,000858,-17.13,-16.9,-17.28,-17.16,-16.75,113816,173755408.0,0.56,-2.45
2008-10-07,五粮液,000858,-16.99,-16.56,-17.48,-16.75,-16.42,141389,217289728.0,0.69,-2.01
2008-10-06,五粮液,000858,-16.37,-15.93,-16.55,-16.42,-15.68,140456,225243888.0,0.69,-4.72
2008-09-26,五粮液,000858,-15.37,-15.28,-16.0,-15.68,-15.63,180283,302494080.0,0.88,-0.32
2008-09-25,五粮液,000858,-15.7,-15.08,-15.88,-15.63,-15.73,221632,375507904.0,1.08,0.64
2008-09-24,五粮液,000858,-17.02,-15.73,-17.02,-15.73,-16.17,161685,260404224.0,0.79,2.72
2008-09-23,五粮液,000858,-15.38,-15.21,-16.3,-16.17,-14.58,271971,450688960.0,1.33,-10.91
2008-09-22,五粮液,000858,-14.1,-13.71,-15.27,-14.58,-15.41,380866,683643840.0,1.86,5.39
2008-09-19,五粮液,000858,-15.41,-15.41,-15.79,-15.41,-16.95,163160,276231872.0,0.8,9.09
2008-09-18,五粮液,000858,-16.88,-16.49,-17.54,-16.95,-16.55,154056,235502752.0,0.75,-2.42
2008-09-17,五粮液,000858,-16.51,-16.28,-16.88,-16.55,-16.51,160037,253659808.0,0.78,-0.24
2008-09-16,五粮液,000858,-17.13,-16.28,-17.38,-16.51,-17.1,248185,389847232.0,1.21,3.45
2008-09-12,五粮液,000858,-17.58,-16.92,-17.59,-17.1,-17.59,123453,188423392.0,0.6,2.79
2008-09-11,五粮液,000858,-17.4,-17.09,-17.67,-17.59,-17.45,121291,181905072.0,0.59,-0.8
2008-09-10,五粮液,000858,-17.68,-17.08,-18.01,-17.45,-17.73,132775,197558864.0,0.65,1.58
2008-09-09,五粮液,000858,-17.1,-17.0,-17.88,-17.73,-17.32,116303,172022848.0,0.57,-2.37
2008-09-08,五粮液,000858,-16.7,-16.51,-17.37,-17.32,-16.77,99782,152505744.0,0.49,-3.28
2008-09-05,五粮液,000858,-16.58,-16.39,-16.83,-16.77,-16.02,132112,207758352.0,0.65,-4.68
2008-09-04,五粮液,000858,-16.16,-15.94,-16.38,-16.02,-16.21,102946,167224000.0,0.5,1.17
2008-09-03,五粮液,000858,-15.29,-15.29,-16.38,-16.21,-15.17,210731,343645984.0,1.03,-6.86
2008-09-02,五粮液,000858,-14.78,-14.75,-15.58,-15.17,-14.58,138510,236364208.0,0.68,-4.05
2008-09-01,五粮液,000858,-13.59,-13.59,-14.66,-14.58,-13.55,124602,224899696.0,0.61,-7.6
2008-08-29,五粮液,000858,-14.17,-13.28,-14.17,-13.55,-14.22,84978,159205584.0,0.42,4.71
2008-08-28,五粮液,000858,-14.19,-13.98,-14.35,-14.22,-14.3,42065,76731760.0,0.21,0.56
2008-08-27,五粮液,000858,-14.18,-13.78,-14.5,-14.3,-14.18,61066,111058376.0,0.3,-0.85
2008-08-26,五粮液,000858,-13.58,-13.19,-14.56,-14.18,-13.36,89203,164820816.0,0.44,-6.14
2008-08-25,五粮液,000858,-13.22,-12.92,-13.57,-13.36,-13.37,49167,94414144.0,0.24,0.07
2008-08-22,五粮液,000858,-13.08,-12.88,-13.64,-13.37,-12.96,74664,142346432.0,0.36,-3.16
2008-08-21,五粮液,000858,-12.42,-12.01,-13.04,-12.96,-11.99,129557,256559504.0,0.63,-8.09
2008-08-20,五粮液,000858,-13.88,-11.93,-14.19,-11.99,-13.78,190037,374916640.0,0.93,12.99
2008-08-19,五粮液,000858,-14.21,-13.7,-14.37,-13.78,-14.08,73800,136318880.0,0.36,2.13
2008-08-18,五粮液,000858,-13.2,-13.03,-14.29,-14.08,-13.28,114134,211469072.0,0.56,-6.02
2008-08-15,五粮液,000858,-13.48,-12.97,-13.57,-13.28,-13.33,67997,130346480.0,0.33,0.38
2008-08-14,五粮液,000858,-13.53,-13.0,-13.68,-13.33,-13.38,77945,148886160.0,0.38,0.37
2008-08-13,五粮液,000858,-13.48,-13.17,-14.1,-13.38,-13.36,132587,247154672.0,0.65,-0.15
2008-08-12,五粮液,000858,-13.38,-12.9,-13.78,-13.36,-13.23,133515,255417472.0,0.65,-0.98
2008-08-11,五粮液,000858,-11.68,-11.28,-13.38,-13.23,-11.34,261211,515716640.0,1.28,-16.67
2008-08-08,五粮液,000858,-10.29,-9.8,-11.41,-11.34,-10.53,218448,475369760.0,1.07,-7.69
2008-08-07,五粮液,000858,-10.87,-10.16,-10.87,-10.53,-10.58,158898,348450144.0,0.78,0.47
2008-08-06,五粮液,000858,-10.83,-10.48,-11.56,-10.58,-10.88,219641,471432160.0,1.07,2.76
2008-08-05,五粮液,000858,-10.38,-10.32,-11.58,-10.88,-10.4,304489,657809088.0,1.49,-4.62
2008-08-04,五粮液,000858,-11.38,-9.72,-11.38,-10.4,-11.58,743698,1639601152.0,3.63,10.19
2008-07-18,五粮液,000858,-12.6,-11.58,-12.73,-11.58,-12.98,425502,856705408.0,2.08,10.79
2008-07-17,五粮液,000858,-13.37,-12.76,-13.53,-12.98,-13.75,286030,553977920.0,1.4,5.6
2008-07-16,五粮液,000858,-13.58,-13.28,-14.16,-13.75,-13.38,207949,385656000.0,1.02,-2.77
2008-07-15,五粮液,000858,-12.32,-12.08,-13.48,-13.38,-12.32,186189,360848064.0,0.91,-8.6
2008-07-14,五粮液,000858,-12.78,-12.05,-12.78,-12.32,-12.28,96608,193580656.0,0.47,-0.33
2008-07-11,五粮液,000858,-12.38,-12.2,-12.83,-12.28,-12.2,220601,438377440.0,1.08,-0.66
2008-07-10,五粮液,000858,-11.88,-11.59,-12.2,-12.2,-11.53,230816,471256576.0,1.13,-5.81
2008-07-09,五粮液,000858,-12.05,-11.37,-12.23,-11.53,-12.18,251773,519469216.0,1.23,5.34
2008-07-08,五粮液,000858,-12.28,-11.9,-12.8,-12.18,-12.33,178402,357789184.0,0.87,1.22
2008-07-07,五粮液,000858,-13.0,-11.93,-13.12,-12.33,-12.98,198201,396925632.0,0.97,5.01
2008-07-04,五粮液,000858,-13.1,-12.83,-13.5,-12.98,-12.99,170796,327045984.0,0.83,0.08
2008-07-03,五粮液,000858,-14.03,-12.58,-14.23,-12.99,-13.68,285878,547228096.0,1.4,5.04
2008-07-02,五粮液,000858,-14.23,-13.53,-14.31,-13.68,-14.31,181988,337713056.0,0.89,4.4
2008-07-01,五粮液,000858,-13.87,-13.83,-14.53,-14.31,-14.16,108352,196685136.0,0.53,-1.06
2008-06-30,五粮液,000858,-14.74,-13.72,-14.87,-14.16,-14.59,158213,287813088.0,0.77,2.95
2008-06-27,五粮液,000858,-14.38,-13.91,-14.88,-14.59,-13.37,237168,426558464.0,1.16,-9.12
2008-06-26,五粮液,000858,-13.2,-13.0,-13.73,-13.37,-13.18,261896,498164064.0,1.28,-1.44
2008-06-25,五粮液,000858,-14.38,-13.07,-14.47,-13.18,-14.39,262783,495760960.0,1.28,8.41
2008-06-24,五粮液,000858,-15.13,-14.28,-15.38,-14.39,-15.21,198207,352004928.0,0.97,5.39
2008-06-23,五粮液,000858,-15.38,-14.58,-15.58,-15.21,-15.3,181187,315272768.0,0.89,0.59
2008-06-20,五粮液,000858,-15.72,-14.77,-16.38,-15.3,-16.17,222101,379162880.0,1.09,5.38
2008-06-19,五粮液,000858,-14.83,-14.7,-16.22,-16.17,-14.56,159603,270409280.0,0.78,-11.06
2008-06-18,五粮液,000858,-15.67,-14.43,-16.35,-14.56,-15.68,215817,370907904.0,1.05,7.14
2008-06-17,五粮液,000858,-15.0,-14.89,-15.83,-15.68,-14.99,218263,370003520.0,1.07,-4.6
2008-06-16,五粮液,000858,-14.16,-13.9,-15.4,-14.99,-14.17,294777,514126368.0,1.44,-5.79
2008-06-13,五粮液,000858,-12.97,-12.7,-14.18,-14.17,-13.08,146503,274734368.0,0.72,-8.33
2008-06-12,五粮液,000858,-12.4,-12.08,-13.38,-13.08,-12.26,160491,313045120.0,0.78,-6.69
2008-06-11,五粮液,000858,-11.99,-11.88,-12.68,-12.26,-11.98,135651,273331616.0,0.66,-2.34
2008-06-10,五粮液,000858,-10.78,-10.78,-12.04,-11.98,-9.78,192598,400976704.0,0.94,-22.49
2008-06-06,五粮液,000858,-9.75,-9.58,-9.98,-9.78,-9.75,54677,123559624.0,0.27,-0.31
2008-06-05,五粮液,000858,-9.78,-9.5,-9.91,-9.75,-9.81,66362,150716496.0,0.32,0.61
2008-06-04,五粮液,000858,-9.38,-9.25,-9.88,-9.81,-9.34,88041,199737184.0,0.43,-5.03
2008-06-03,五粮液,000858,-9.49,-8.93,-9.67,-9.34,-9.49,104242,240744704.0,0.51,1.58
2008-06-02,五粮液,000858,-9.88,-9.23,-9.93,-9.49,-9.78,100947,230097536.0,0.49,2.97
2008-05-30,五粮液,000858,-9.38,-9.08,-10.08,-9.78,-9.41,153365,347065120.0,0.75,-3.93
2008-05-29,五粮液,000858,-8.68,-8.68,-9.42,-9.41,-8.65,89019,207521264.0,0.43,-8.79
2008-05-28,五粮液,000858,-9.33,-8.38,-9.58,-8.65,-9.42,114872,268999296.0,0.56,8.17
2008-05-27,五粮液,000858,-9.58,-9.28,-9.67,-9.42,-9.57,93347,213928592.0,0.46,1.57
2008-05-26,五粮液,000858,-9.38,-9.11,-9.82,-9.57,-8.96,108598,248349456.0,0.53,-6.81
2008-05-23,五粮液,000858,-8.4,-8.0,-9.19,-8.96,-8.41,142915,337271072.0,0.7,-6.54
2008-05-22,五粮液,000858,-7.68,-7.64,-8.48,-8.41,-7.47,185220,449293568.0,0.9,-12.58
2008-05-21,五粮液,000858,-8.08,-7.29,-9.01,-7.47,-7.82,226805,543877760.0,1.11,4.48
2008-05-20,五粮液,000858,-5.83,-5.3,-8.13,-7.82,-5.6,338851,867107392.0,1.66,-39.64
2008-05-19,五粮液,000858,-5.06,-5.06,-5.85,-5.6,-5.05,120058,322342784.0,0.59,-10.89
2008-05-16,五粮液,000858,-4.53,-4.02,-5.38,-5.05,-4.38,194730,536154784.0,0.95,-15.3
2008-05-15,五粮液,000858,-4.38,-3.63,-4.41,-4.38,-4.37,285512,808745472.0,1.39,-0.23
2008-05-14,五粮液,000858,-5.38,-4.18,-5.47,-4.37,-5.26,291153,812845184.0,1.42,16.92
2008-05-13,五粮液,000858,-5.48,-4.09,-5.5,-5.26,-4.59,324930,895044800.0,1.59,-14.6
2008-05-12,五粮液,000858,-6.0,-3.96,-6.5,-4.59,-5.74,300485,823117632.0,1.47,20.03
2008-05-09,五粮液,000858,-5.12,-4.87,-6.18,-5.74,-5.16,215503,577824704.0,1.05,-11.24
2008-05-08,五粮液,000858,-5.88,-5.13,-6.18,-5.16,-5.48,209797,560353472.0,1.03,5.84
2008-05-07,五粮液,000858,-4.88,-3.88,-5.48,-5.48,-4.54,321290,891743104.0,1.57,-20.7
2008-05-06,五粮液,000858,-3.97,-3.97,-4.83,-4.54,-3.79,315051,880079616.0,1.54,-19.79
2008-05-05,五粮液,000858,-3.67,-3.42,-4.39,-3.79,-3.93,376812,1068648640.0,1.84,3.56
2008-04-30,五粮液,000858,-5.19,-3.83,-5.19,-3.93,-5.36,418238,1175881344.0,2.04,26.68
2008-04-29,五粮液,000858,-5.0,-4.68,-5.48,-5.36,-4.73,337049,917180800.0,1.82,-13.32
2008-04-28,五粮液,000858,-4.57,-3.93,-5.4,-4.73,-3.99,350809,969789696.0,1.89,-18.55
2008-04-25,五粮液,000858,-3.88,-3.08,-4.35,-3.99,-3.66,629720,1812840960.0,3.39,-9.02
2008-04-24,五粮液,000858,-3.88,-3.66,-4.88,-3.66,-6.27,890615,2526571008.0,4.8,41.63
2008-04-23,五粮液,000858,-7.68,-6.06,-8.4,-6.27,-7.83,466757,1189886848.0,2.51,19.92
2008-04-22,五粮液,000858,-8.67,-7.6,-9.68,-7.83,-8.32,195648,461204608.0,1.05,5.89
2008-04-21,五粮液,000858,-6.9,-6.9,-8.74,-8.32,-8.93,262406,646134592.0,1.41,6.83
2008-04-18,五粮液,000858,-8.2,-7.57,-9.21,-8.93,-8.15,243847,583108480.0,1.31,-9.57
2008-04-17,五粮液,000858,-8.2,-7.03,-8.52,-8.15,-7.93,339754,842560960.0,1.83,-2.77
2008-04-16,五粮液,000858,-8.68,-7.38,-9.18,-7.93,-8.68,351202,856255104.0,1.89,8.64
2008-04-15,五粮液,000858,-9.78,-8.58,-10.49,-8.68,-9.58,188493,427485280.0,1.02,9.39
2008-04-14,五粮液,000858,-8.21,-8.21,-9.78,-9.58,-7.7,219440,510279552.0,1.18,-24.42
2008-04-11,五粮液,000858,-7.42,-7.09,-7.94,-7.7,-7.58,170715,424446848.0,0.92,-1.58
2008-04-10,五粮液,000858,-8.63,-7.53,-8.95,-7.58,-8.31,223698,541381248.0,1.2,8.78
2008-04-09,五粮液,000858,-7.38,-6.48,-8.47,-8.31,-6.78,299210,747860096.0,1.61,-22.57
2008-04-08,五粮液,000858,-7.08,-6.04,-7.38,-6.78,-7.41,505833,1295672064.0,2.72,8.5
2008-04-07,五粮液,000858,-9.94,-7.41,-10.37,-7.41,-9.68,499846,1208822784.0,2.69,23.45
2008-04-03,五粮液,000858,-11.08,-9.54,-11.56,-9.68,-10.98,293343,647711232.0,1.58,11.84
2008-04-02,五粮液,000858,-10.58,-9.83,-12.3,-10.98,-10.6,455083,971149184.0,2.45,-3.58
2008-04-01,五粮液,000858,-8.39,-7.99,-10.6,-10.6,-8.18,416414,940328832.0,2.89,-29.58
2008-03-31,五粮液,000858,-7.99,-7.06,-8.69,-8.18,-7.99,320516,789901248.0,2.23,-2.38
2008-03-27,五粮液,000858,-6.47,-6.47,-8.0,-7.99,-6.46,225056,563849024.0,1.56,-23.68
2008-03-26,五粮液,000858,-5.58,-5.0,-6.58,-6.46,-5.69,192922,508694240.0,1.34,-13.53
2008-03-25,五粮液,000858,-6.08,-5.3,-6.88,-5.69,-5.48,147926,389032800.0,1.03,-3.83
2008-03-24,五粮液,000858,-3.86,-3.28,-5.53,-5.48,-4.11,164540,462648256.0,1.14,-33.33
2008-03-21,五粮液,000858,-4.36,-3.0,-5.08,-4.11,-4.37,200459,573368320.0,1.39,5.95
2008-03-20,五粮液,000858,-5.38,-3.93,-7.33,-4.37,-4.73,272075,729142272.0,1.89,7.61
2008-03-19,五粮液,000858,-5.08,-4.24,-6.08,-4.73,-5.56,291501,799094976.0,2.02,14.93
2008-03-18,五粮液,000858,-2.88,-2.68,-5.56,-5.56,-2.58,220738,610513408.0,1.53,-115.5
2008-03-17,五粮液,000858,0.6,0.6,-2.67,-2.58,0.62,134372,417928864.0,0.93,-516.13
2008-03-14,五粮液,000858,1.08,1.32,0.22,0.62,1.09,82998,273640928.0,0.58,-43.12
2008-03-13,五粮液,000858,2.32,2.33,0.22,1.09,2.47,157333,530627168.0,1.09,-55.87
2008-03-12,五粮液,000858,4.18,4.38,2.42,2.47,3.61,94741,335862336.0,0.66,-31.58
2008-03-11,五粮液,000858,2.42,3.62,1.62,3.61,2.62,141941,495614560.0,0.99,37.79
2008-03-10,五粮液,000858,3.62,3.62,2.04,2.62,3.72,140619,492018560.0,0.98,-29.57
2008-03-07,五粮液,000858,4.33,4.33,3.62,3.72,4.42,85801,310388672.0,0.6,-15.84
2008-03-06,五粮液,000858,4.9,5.19,3.62,4.42,4.77,107454,395304512.0,0.75,-7.34
2008-03-05,五粮液,000858,4.75,5.57,3.62,4.77,5.19,151230,556033984.0,1.05,-8.09
2008-03-04,五粮液,000858,6.32,6.73,5.14,5.19,5.9,211514,808122048.0,1.47,-12.03
2008-03-03,五粮液,000858,3.88,6.47,3.22,5.9,3.82,341404,1304411264.0,2.37,54.45
2008-02-29,五粮液,000858,2.37,4.42,1.62,3.82,2.53,304935,1096347264.0,2.12,50.99
2008-02-28,五粮液,000858,3.22,3.22,0.62,2.53,4.07,265867,929578368.0,1.85,-37.84
2008-02-27,五粮液,000858,2.21,4.12,1.43,4.07,2.02,257809,901608896.0,1.79,101.49
2008-02-26,五粮液,000858,3.64,4.11,1.12,2.02,2.72,238926,826500160.0,1.66,-25.74
2008-02-25,五粮液,000858,4.62,5.12,2.61,2.72,4.56,165126,589484288.0,1.15,-40.35
2008-02-22,五粮液,000858,6.11,6.11,4.28,4.56,6.27,188445,702584832.0,1.31,-27.27
2008-02-21,五粮液,000858,6.64,6.92,5.72,6.27,6.92,85693,331527328.0,0.6,-9.39
2008-02-20,五粮液,000858,6.62,7.92,6.62,6.92,6.62,197538,783646464.0,1.37,4.53
2008-02-19,五粮液,000858,5.82,6.72,5.32,6.62,5.68,132931,512382752.0,0.92,16.55
2008-02-18,五粮液,000858,5.42,6.01,5.04,5.68,4.95,121291,459041536.0,0.84,14.75
2008-02-15,五粮液,000858,5.62,5.8,4.58,4.95,6.12,82870,309435104.0,0.58,-19.12
2008-02-14,五粮液,000858,6.0,6.6,5.5,6.12,5.7,102563,392161568.0,0.71,7.37
2008-02-13,五粮液,000858,6.62,6.62,5.64,5.7,6.89,76848,294209888.0,0.53,-17.27
2008-02-05,五粮液,000858,7.5,7.6,6.48,6.89,7.27,114298,450515040.0,0.79,-5.23
2008-02-04,五粮液,000858,4.72,7.29,4.72,7.27,3.68,179165,690558912.0,1.24,97.55
2008-02-01,五粮液,000858,5.37,5.81,2.58,3.68,5.37,180797,653058880.0,1.26,-31.47
2008-01-31,五粮液,000858,6.42,7.0,5.32,5.37,6.64,146568,561455872.0,1.02,-19.13
2008-01-30,五粮液,000858,7.62,8.12,6.12,6.64,6.92,105726,416904096.0,0.73,-4.05
2008-01-29,五粮液,000858,6.62,8.12,6.52,6.92,6.53,106510,419458880.0,0.74,5.97
2008-01-28,五粮液,000858,9.42,9.42,6.52,6.53,9.7,192959,767466752.0,1.34,-32.68
2008-01-25,五粮液,000858,10.32,10.82,9.52,9.7,10.44,185157,784077760.0,1.29,-7.09
2008-01-24,五粮液,000858,10.18,11.27,10.12,10.44,10.11,274535,1183982592.0,1.91,3.26
2008-01-23,五粮液,000858,7.85,10.12,7.47,10.11,7.07,336399,1388586368.0,2.34,43.0
2008-01-22,五粮液,000858,7.52,9.6,5.62,7.07,8.47,425560,1695131392.0,2.95,-16.53
2008-01-21,五粮液,000858,11.42,11.59,7.62,8.47,11.32,209776,880038720.0,1.46,-25.18
2008-01-18,五粮液,000858,10.78,11.52,10.12,11.32,10.79,176933,765784128.0,1.23,4.91
2008-01-17,五粮液,000858,12.32,13.0,9.63,10.79,12.72,319991,1391123072.0,2.22,-15.17
2008-01-16,五粮液,000858,13.62,13.63,12.57,12.72,13.99,261047,1183012864.0,1.81,-9.08
2008-01-15,五粮液,000858,14.6,15.1,13.62,13.99,14.43,264278,1236493696.0,1.84,-3.05
2008-01-14,五粮液,000858,14.62,15.12,13.54,14.43,13.27,317862,1484761600.0,2.21,8.74
2008-01-11,五粮液,000858,13.72,14.3,12.62,13.27,13.56,214610,980200384.0,1.49,-2.14
2008-01-10,五粮液,000858,12.64,14.42,12.22,13.56,12.48,402298,1849535616.0,2.79,8.65
2008-01-09,五粮液,000858,12.51,12.8,11.79,12.48,12.52,211399,941739008.0,1.47,-0.32
2008-01-08,五粮液,000858,12.22,13.41,11.62,12.52,11.81,383340,1713545728.0,2.66,6.01
2008-01-07,五粮液,000858,13.07,13.61,11.5,11.81,12.73,482243,2141902720.0,3.35,-7.23
2008-01-04,五粮液,000858,13.48,13.88,12.44,12.73,13.48,311517,1404654848.0,2.16,-5.56
2008-01-03,五粮液,000858,13.1,14.46,13.1,13.48,13.07,203903,941232832.0,1.42,3.14
2008-01-02,五粮液,000858,13.22,13.61,11.92,13.07,13.1,184810,839597248.0,1.28,-0.23
2007-12-28,五粮液,000858,13.56,13.82,12.4,13.1,13.41,242353,1098985728.0,1.68,-2.31
2007-12-27,五粮液,000858,13.62,14.61,13.13,13.41,13.35,188732,870175296.0,1.31,0.45
2007-12-26,五粮液,000858,12.77,13.42,12.61,13.35,12.84,157825,717191232.0,1.1,3.97
2007-12-25,五粮液,000858,12.92,13.12,12.12,12.84,12.61,165730,745759104.0,1.15,1.82
2007-12-24,五粮液,000858,11.58,13.6,11.57,12.61,10.96,303023,1369073024.0,2.1,15.05
2007-12-21,五粮液,000858,10.44,11.62,10.44,10.96,10.43,148270,644021504.0,1.03,5.08
2007-12-20,五粮液,000858,10.22,11.1,9.93,10.43,9.9,120723,518715712.0,0.84,5.35
2007-12-19,五粮液,000858,9.82,11.02,9.64,9.9,9.52,135246,575824064.0,0.94,3.99
2007-12-18,五粮液,000858,9.62,10.7,8.62,9.52,10.17,164162,686022784.0,1.14,-6.39
2007-12-17,五粮液,000858,10.01,11.62,9.44,10.17,9.68,473241,2048008960.0,3.29,5.06
2007-12-14,五粮液,000858,5.33,9.7,5.12,9.68,5.87,429422,1741808128.0,2.98,64.91
2007-12-13,五粮液,000858,8.31,8.31,5.81,5.87,8.36,234036,921415232.0,1.63,-29.78
2007-12-12,五粮液,000858,7.97,8.72,7.61,8.36,8.07,202962,823592320.0,1.41,3.59
2007-12-11,五粮液,000858,7.58,8.93,7.22,8.07,7.5,249830,1010310592.0,1.73,7.6
2007-12-10,五粮液,000858,6.04,7.85,5.72,7.5,6.42,217730,861738240.0,1.51,16.82
2007-12-07,五粮液,000858,5.02,6.59,5.02,6.42,4.95,176205,676990976.0,1.22,29.7
2007-12-06,五粮液,000858,4.6,5.1,4.42,4.95,4.37,110522,411103488.0,0.77,13.27
2007-12-05,五粮液,000858,3.73,4.52,3.5,4.37,3.71,131042,477851104.0,0.91,17.79
2007-12-04,五粮液,000858,3.5,4.33,3.5,3.71,3.16,110229,400697024.0,0.77,17.41
2007-12-03,五粮液,000858,2.69,3.62,2.2,3.16,2.69,66664,236457136.0,0.46,17.47
2007-11-30,五粮液,000858,3.52,3.55,2.62,2.69,3.5,79464,281171072.0,0.55,-23.14
2007-11-29,五粮液,000858,2.47,3.62,1.92,3.5,2.07,149615,527727200.0,1.04,69.08
2007-11-28,五粮液,000858,2.27,2.71,1.62,2.07,2.12,82668,284762432.0,0.57,-2.36
2007-11-27,五粮液,000858,3.13,3.22,1.87,2.12,3.28,138340,481399552.0,0.96,-35.37
2007-11-26,五粮液,000858,4.62,4.87,3.13,3.28,3.82,87381,317355776.0,0.61,-14.14
2007-11-23,五粮液,000858,3.12,3.9,2.64,3.82,3.42,69835,249750784.0,0.48,11.7
2007-11-22,五粮液,000858,4.62,4.92,3.32,3.42,5.43,95696,350073248.0,0.66,-37.02
2007-11-21,五粮液,000858,6.28,6.67,5.39,5.43,6.04,80680,308997568.0,0.56,-10.1
2007-11-20,五粮液,000858,5.33,6.57,5.07,6.04,5.44,112386,432175392.0,0.78,11.03
2007-11-19,五粮液,000858,5.12,6.02,5.12,5.44,4.85,64547,244864912.0,0.45,12.16
2007-11-16,五粮液,000858,4.72,5.12,4.2,4.85,5.26,75559,279046752.0,0.52,-7.79
2007-11-15,五粮液,000858,6.02,6.57,5.12,5.26,6.07,123978,472177056.0,0.86,-13.34
2007-11-14,五粮液,000858,5.62,6.12,4.82,6.07,4.99,155725,591530880.0,1.08,21.64
2007-11-13,五粮液,000858,5.27,6.17,4.55,4.99,4.82,239179,905873152.0,1.66,3.53
2007-11-12,五粮液,000858,3.3,5.62,2.5,4.82,3.98,231312,832456768.0,1.61,21.11
2007-11-09,五粮液,000858,4.62,4.62,2.63,3.98,4.9,206253,746467392.0,1.43,-18.78
2007-11-08,五粮液,000858,8.41,8.41,4.82,4.9,8.37,211508,818528832.0,1.47,-41.46
2007-11-07,五粮液,000858,7.82,8.79,7.27,8.37,7.82,126011,507347296.0,0.87,7.03
2007-11-06,五粮液,000858,9.87,10.47,7.62,7.82,9.82,223125,914143232.0,1.55,-20.37
2007-11-05,五粮液,000858,11.32,11.32,9.62,9.82,11.52,200394,854007168.0,1.39,-14.76
2007-11-02,五粮液,000858,12.12,12.62,11.22,11.52,12.12,243380,1076352256.0,1.69,-4.95
2007-11-01,五粮液,000858,12.62,12.62,11.17,12.12,12.62,173326,764373184.0,1.2,-3.96
2007-10-31,五粮液,000858,12.72,13.6,12.12,12.62,12.52,194689,881245504.0,1.35,0.8
2007-10-30,五粮液,000858,11.97,12.52,11.17,12.52,11.7,129808,572159552.0,0.9,7.01
2007-10-29,五粮液,000858,10.62,12.3,10.62,11.7,10.37,137306,603894336.0,0.95,12.83
2007-10-26,五粮液,000858,9.62,10.92,9.42,10.37,10.28,197404,839541760.0,1.37,0.88
2007-10-25,五粮液,000858,11.57,12.12,9.92,10.28,11.62,259390,1120000512.0,1.8,-11.53
2007-10-24,五粮液,000858,12.22,12.94,11.43,11.62,11.58,270248,1200967424.0,1.88,0.35
2007-10-23,五粮液,000858,9.72,12.07,9.62,11.58,9.88,263114,1143016064.0,1.83,17.21
2007-10-22,五粮液,000858,11.82,11.87,9.8,9.88,12.62,264571,1145130496.0,1.84,-21.71
2007-10-19,五粮液,000858,12.45,13.6,11.62,12.62,12.44,268242,1207856512.0,1.86,1.45
2007-10-18,五粮液,000858,14.57,14.57,12.42,12.44,15.83,547627,2494738688.0,3.8,-21.42
2007-10-17,五粮液,000858,17.42,18.1,15.62,15.83,17.74,341484,1672427264.0,2.37,-10.77
2007-10-16,五粮液,000858,18.68,19.11,17.12,17.74,18.66,254837,1276351616.0,1.77,-4.93
2007-10-15,五粮液,000858,16.82,18.66,15.94,18.66,16.4,328760,1647502080.0,2.28,13.78
2007-10-12,五粮液,000858,15.82,17.42,13.12,16.4,15.25,436102,2090361856.0,3.03,7.54
2007-10-11,五粮液,000858,13.12,15.61,13.12,15.25,12.94,308716,1455688832.0,2.14,17.85
2007-10-10,五粮液,000858,13.07,14.47,12.63,12.94,13.07,283925,1308411264.0,1.97,-0.99
2007-10-09,五粮液,000858,10.42,14.12,9.53,13.07,10.47,351974,1577291008.0,2.44,24.83
2007-10-08,五粮液,000858,10.91,11.19,9.12,10.47,10.07,287111,1214410240.0,1.99,3.97
2007-09-28,五粮液,000858,9.52,10.72,8.77,10.07,8.52,354196,1504888704.0,2.46,18.19
2007-09-27,五粮液,000858,8.72,9.17,7.8,8.52,8.33,173226,710992384.0,1.2,2.28
2007-09-26,五粮液,000858,7.5,9.62,7.5,8.33,7.5,271591,1116220672.0,1.89,11.07
2007-09-25,五粮液,000858,8.67,8.83,7.17,7.5,8.93,213959,862439936.0,1.49,-16.01
2007-09-24,五粮液,000858,9.02,10.52,8.08,8.93,8.52,348631,1465562112.0,2.42,4.81
2007-09-21,五粮液,000858,6.72,9.12,6.42,8.52,6.72,426218,1716071040.0,2.96,26.79
2007-09-20,五粮液,000858,6.5,7.62,6.5,6.72,6.72,239355,940391872.0,1.66,0.0
2007-09-19,五粮液,000858,7.62,7.62,6.62,6.72,7.62,238275,938189376.0,1.65,-11.81
2007-09-18,五粮液,000858,8.12,8.98,7.01,7.62,7.96,349930,1408967936.0,2.43,-4.27
2007-09-17,五粮液,000858,6.81,8.84,6.43,7.96,6.92,700600,2811277056.0,4.86,15.03
2007-09-14,五粮液,000858,3.78,7.39,3.2,6.92,3.77,909325,3457942272.0,6.31,83.55
2007-09-13,五粮液,000858,3.03,4.42,2.82,3.77,3.02,416404,1506262400.0,2.89,24.83
2007-09-12,五粮液,000858,2.01,3.27,1.89,3.02,2.03,383999,1342050688.0,2.67,48.77
2007-09-11,五粮液,000858,3.44,4.82,1.94,2.03,3.26,471075,1700395392.0,3.27,-37.73
2007-09-10,五粮液,000858,2.62,3.58,2.22,3.26,3.73,275938,971715904.0,1.92,-12.6
2007-09-06,五粮液,000858,3.75,4.81,3.69,3.73,3.62,377019,1377739648.0,2.62,3.04
2007-09-05,五粮液,000858,2.82,3.9,2.49,3.62,2.88,330286,1177064448.0,2.29,25.69
2007-09-04,五粮液,000858,3.76,3.83,2.72,2.88,3.76,331639,1179933056.0,2.3,-23.4
2007-09-03,五粮液,000858,4.5,4.97,3.62,3.76,3.27,449443,1639736192.0,3.12,14.98
2007-08-31,五粮液,000858,2.67,3.61,2.67,3.27,2.5,283539,1008630720.0,1.97,30.8
2007-08-30,五粮液,000858,2.62,3.0,2.03,2.5,2.1,218927,763330240.0,1.52,19.05
2007-08-29,五粮液,000858,2.84,3.6,1.82,2.1,3.6,310050,1083263232.0,2.15,-41.67
2007-08-28,五粮液,000858,2.5,4.12,1.35,3.6,2.61,506977,1784313728.0,3.52,37.93
2007-08-27,五粮液,000858,3.21,3.92,2.27,2.61,3.08,382136,1351492352.0,2.65,-15.26
2007-08-24,五粮液,000858,3.32,3.98,2.82,3.08,3.32,368250,1313389952.0,2.56,-7.23
2007-08-23,五粮液,000858,3.63,5.34,3.12,3.32,3.6,716925,2619313408.0,4.98,-7.78
2007-08-22,五粮液,000858,0.52,3.62,0.52,3.6,0.4,936728,3302180864.0,6.5,800.0
2007-08-21,五粮液,000858,0.42,0.82,0.08,0.4,0.34,295055,968944640.0,2.05,17.65
2007-08-20,五粮液,000858,-0.18,0.61,-0.47,0.34,-0.73,291572,949063424.0,2.02,146.58
2007-08-17,五粮液,000858,-0.8,0.17,-1.13,-0.73,-0.78,211546,673853248.0,1.47,6.41
2007-08-16,五粮液,000858,-0.78,-0.55,-1.27,-0.78,-0.52,249304,781613056.0,1.73,-50.0
2007-08-15,五粮液,000858,0.23,0.37,-0.9,-0.52,0.22,356864,1140168064.0,2.48,-336.36
2007-08-14,五粮液,000858,0.02,0.51,-0.37,0.22,0.04,217207,705918336.0,1.51,450.0
2007-08-13,五粮液,000858,0.13,0.82,-0.48,0.04,0.11,309412,1005457216.0,2.15,-63.64
2007-08-10,五粮液,000858,1.47,1.47,-0.38,0.11,1.52,416393,1361550080.0,2.89,-92.76
2007-08-09,五粮液,000858,1.64,2.02,1.12,1.52,1.62,392255,1325782784.0,2.72,-6.17
2007-08-08,五粮液,000858,0.13,1.98,0.12,1.62,-0.09,798391,2692142080.0,5.54,1900.0
2007-08-07,五粮液,000858,0.73,0.87,-0.28,-0.09,0.67,433780,1407490688.0,3.01,-113.43
2007-08-06,五粮液,000858,0.32,1.02,-0.03,0.67,0.0,448905,1479343104.0,3.12,0.0
2007-08-03,五粮液,000858,-0.1,0.52,-0.78,0.0,-0.49,463508,1494025600.0,3.22,100.0
2007-08-02,五粮液,000858,-0.83,-0.06,-1.28,-0.49,-0.88,330309,1051755072.0,2.29,44.32
2007-08-01,五粮液,000858,1.04,1.47,-1.25,-0.88,0.7,575561,1867986432.0,4.0,-225.71
2007-07-31,五粮液,000858,-0.4,0.95,-0.86,0.7,-0.4,636411,2069145216.0,4.42,275.0
2007-07-30,五粮液,000858,-1.57,-0.38,-1.61,-0.4,-1.57,586807,1835786880.0,4.07,74.52
2007-07-27,五粮液,000858,-1.38,-1.38,-1.88,-1.57,-1.03,334111,1026763264.0,2.32,-52.43
2007-07-26,五粮液,000858,-1.18,-0.23,-1.24,-1.03,-1.4,273965,865171712.0,1.9,26.43
2007-07-25,五粮液,000858,-1.73,-1.38,-2.17,-1.4,-1.59,360269,1105207168.0,2.5,11.95
2007-07-24,五粮液,000858,-1.08,-0.89,-1.67,-1.59,-1.18,317479,985228480.0,2.2,-34.75
2007-07-23,五粮液,000858,-2.33,-0.95,-2.33,-1.18,-2.43,377647,1165208064.0,2.62,51.44
2007-07-20,五粮液,000858,-3.68,-2.38,-3.73,-2.43,-3.63,323271,957648704.0,2.24,33.06
2007-07-19,五粮液,000858,-3.93,-3.52,-4.26,-3.63,-3.93,96871,277115520.0,0.67,7.63
2007-07-18,五粮液,000858,-4.16,-3.48,-4.39,-3.93,-4.04,176701,502360288.0,1.23,2.72
2007-07-17,五粮液,000858,-4.28,-3.79,-4.97,-4.04,-4.26,230766,646645120.0,1.6,5.16
2007-07-16,五粮液,000858,-3.26,-3.08,-4.38,-4.26,-3.26,194573,553151168.0,1.35,-30.67
2007-07-13,五粮液,000858,-3.18,-2.99,-3.6,-3.26,-3.18,106540,309129152.0,0.74,-2.52
2007-07-12,五粮液,000858,-3.13,-2.78,-3.42,-3.18,-3.15,148098,431351232.0,1.03,-0.95
2007-07-11,五粮液,000858,-3.29,-2.88,-3.5,-3.15,-2.73,175813,512425408.0,1.22,-15.38
2007-07-10,五粮液,000858,-2.18,-1.38,-2.92,-2.73,-2.18,269468,813553472.0,1.87,-25.23
2007-07-09,五粮液,000858,-2.38,-1.7,-3.0,-2.18,-2.73,303709,913689024.0,2.11,20.15
2007-07-06,五粮液,000858,-3.75,-2.63,-4.48,-2.73,-3.63,400407,1156766208.0,2.78,24.79
2007-07-05,五粮液,000858,-1.38,-0.88,-3.63,-3.63,-0.49,389643,1169527936.0,2.71,-640.82
2007-07-04,五粮液,000858,-0.12,0.5,-0.73,-0.49,-0.28,314225,1014511872.0,2.18,-75.0
2007-07-03,五粮液,000858,-0.28,0.0,-1.03,-0.28,-0.4,205607,656368960.0,1.43,30.0
2007-07-02,五粮液,000858,-0.98,0.02,-1.5,-0.4,-0.92,276965,876779776.0,1.92,56.52
2007-06-29,五粮液,000858,-1.26,0.02,-2.38,-0.92,-1.26,310025,969178432.0,2.15,26.98
2007-06-28,五粮液,000858,0.27,0.74,-1.38,-1.26,0.51,327636,1049378176.0,2.28,-347.06
2007-06-27,五粮液,000858,-1.05,0.59,-1.22,0.51,-1.29,488248,1575509120.0,3.39,139.53
2007-06-26,五粮液,000858,-2.18,-1.18,-2.37,-1.29,-1.68,233442,715658688.0,1.62,23.21
2007-06-25,五粮液,000858,-1.88,-0.38,-2.3,-1.68,-1.49,353803,1100263040.0,2.46,-12.75
2007-06-22,五粮液,000858,-0.1,-0.08,-2.38,-1.49,-0.15,383036,1198316288.0,2.66,-893.33
2007-06-21,五粮液,000858,-0.33,0.12,-0.91,-0.15,-0.2,319669,1023616000.0,2.22,25.0
2007-06-20,五粮液,000858,0.68,0.78,-0.4,-0.2,0.68,380243,1240954368.0,2.64,-129.41
2007-06-19,五粮液,000858,0.96,1.39,0.16,0.68,0.96,405648,1334384640.0,2.82,-29.17
2007-06-18,五粮液,000858,0.77,1.8,0.47,0.96,0.45,418098,1391567616.0,2.9,113.33
2007-06-14,五粮液,000858,0.62,1.82,-0.37,0.45,0.97,402952,1333568128.0,2.8,-53.61
2007-06-13,五粮液,000858,1.11,2.3,0.62,0.97,0.9,540320,1812494464.0,3.75,7.78
2007-06-12,五粮液,000858,0.62,1.04,-0.83,0.9,0.42,639885,2095911296.0,4.44,114.29
2007-06-11,五粮液,000858,-0.48,0.97,-0.68,0.42,-1.18,634673,2074578944.0,4.41,135.59
2007-06-08,五粮液,000858,-2.38,-0.71,-2.8,-1.18,-2.51,614618,1890233088.0,4.27,52.99
2007-06-07,五粮液,000858,-3.38,-2.18,-3.48,-2.51,-3.5,509049,1513027584.0,3.53,28.29
2007-06-06,五粮液,000858,-3.44,-2.98,-4.38,-3.5,-3.58,508759,1469788160.0,3.53,2.23
2007-06-05,五粮液,000858,-5.99,-3.53,-7.73,-3.58,-5.0,855954,2286232064.0,5.94,28.4
2007-06-04,五粮液,000858,-1.96,-1.9,-5.0,-5.0,-1.96,639284,1821959680.0,4.44,-155.1
2007-06-01,五粮液,000858,-2.38,0.12,-2.88,-1.96,-2.43,969589,3013864960.0,6.73,19.34
2007-05-31,五粮液,000858,-4.78,-2.07,-6.38,-2.43,-4.83,1241820,3549363456.0,8.62,49.69
2007-05-30,五粮液,000858,-5.38,-2.5,-5.58,-4.83,-3.53,1098223,3100139520.0,7.63,-36.83
2007-05-29,五粮液,000858,-4.3,-3.38,-4.48,-3.53,-4.83,712600,2034839680.0,4.95,26.92
2007-05-28,五粮液,000858,-5.8,-4.28,-5.8,-4.83,-5.84,661235,1823559040.0,4.59,17.29
2007-05-25,五粮液,000858,-6.52,-5.13,-7.01,-5.84,-6.5,665752,1770766592.0,4.62,10.15
2007-05-24,五粮液,000858,-6.03,-5.93,-6.98,-6.5,-6.0,499546,1290870912.0,3.47,-8.33
2007-05-23,五粮液,000858,-6.46,-5.58,-6.64,-6.0,-6.44,518416,1369240320.0,3.6,6.83
2007-05-22,五粮液,000858,-6.22,-5.9,-6.6,-6.44,-6.2,511185,1330814848.0,3.55,-3.87
2007-05-21,五粮液,000858,-7.38,-5.58,-7.48,-6.2,-6.24,512834,1345574400.0,3.56,0.64
2007-05-18,五粮液,000858,-5.84,-5.79,-6.49,-6.24,-5.85,505406,1321687552.0,3.51,-6.67
2007-05-17,五粮液,000858,-6.0,-4.89,-6.02,-5.85,-6.21,773003,2075800576.0,5.37,5.8
2007-05-16,五粮液,000858,-7.78,-5.99,-7.79,-6.21,-8.18,1226331,3147369472.0,8.52,24.08
2007-05-15,五粮液,000858,-8.53,-7.78,-8.68,-8.18,-8.46,699069,1685882496.0,4.85,3.31
2007-05-14,五粮液,000858,-8.58,-7.9,-9.08,-8.46,-8.31,545778,1311125888.0,3.79,-1.81
2007-05-11,五粮液,000858,-8.18,-7.8,-8.48,-8.31,-7.72,471396,1136459136.0,3.27,-7.64
2007-05-10,五粮液,000858,-7.88,-7.4,-8.7,-7.72,-7.83,585955,1419792512.0,4.07,1.4
2007-05-09,五粮液,000858,-6.86,-6.86,-8.6,-7.83,-6.86,598968,1477976448.0,4.16,-14.14
2007-05-08,五粮液,000858,-6.38,-6.13,-7.38,-6.86,-6.95,713688,1826597888.0,4.96,1.29
2007-04-30,五粮液,000858,-8.49,-6.71,-8.71,-6.95,-8.49,478368,1654150784.0,4.65,18.14
2007-04-27,五粮液,000858,-8.24,-8.14,-8.92,-8.49,-8.31,286092,957426432.0,2.78,-2.17
2007-04-26,五粮液,000858,-8.4,-8.06,-8.99,-8.31,-8.58,310201,1039723584.0,3.02,3.15
2007-04-25,五粮液,000858,-8.99,-8.14,-9.21,-8.58,-9.06,376244,1259729408.0,3.66,5.3
2007-04-24,五粮液,000858,-7.99,-7.92,-9.22,-9.06,-8.03,535247,1766102016.0,5.2,-12.83
2007-04-23,五粮液,000858,-7.73,-7.73,-9.14,-8.03,-8.96,636805,2130048512.0,6.19,10.38
2007-04-19,五粮液,000858,-7.91,-7.78,-9.92,-8.96,-7.91,523819,1711869568.0,5.09,-13.27
2007-04-18,五粮液,000858,-6.88,-6.28,-7.93,-7.91,-6.89,404267,1415386752.0,3.93,-14.8
2007-04-17,五粮液,000858,-4.97,-4.96,-7.71,-6.89,-4.97,694958,2528485632.0,6.76,-38.63
2007-04-13,五粮液,000858,-7.1,-4.95,-7.64,-4.97,-7.45,613369,2304499200.0,5.96,33.29
2007-04-12,五粮液,000858,-9.21,-7.05,-9.55,-7.45,-9.21,390122,1323963776.0,3.79,19.11
2007-04-11,五粮液,000858,-9.14,-8.81,-9.89,-9.21,-9.06,313180,1019939456.0,3.04,-1.66
2007-04-10,五粮液,000858,-8.99,-8.81,-10.28,-9.06,-9.14,413950,1340426752.0,4.02,0.88
2007-04-09,五粮液,000858,-11.2,-9.09,-11.2,-9.14,-11.21,519420,1654569216.0,5.05,18.47
2007-04-06,五粮液,000858,-12.3,-11.02,-12.41,-11.21,-12.06,354144,1042866816.0,3.44,7.05
2007-04-05,五粮液,000858,-12.24,-11.71,-12.42,-12.06,-12.13,281811,805142848.0,2.74,0.58
2007-04-04,五粮液,000858,-13.13,-11.89,-13.19,-12.13,-13.15,589913,1655317760.0,5.73,7.76
2007-04-03,五粮液,000858,-13.53,-12.9,-13.65,-13.15,-13.64,313638,844811968.0,3.05,3.59
2007-04-02,五粮液,000858,-13.74,-13.52,-13.96,-13.64,-13.79,223832,584592576.0,2.18,1.09
2007-03-30,五粮液,000858,-13.23,-13.23,-13.85,-13.79,-13.21,192325,504123200.0,2.15,-4.39
2007-03-29,五粮液,000858,-13.64,-13.14,-14.1,-13.21,-13.67,305210,809317696.0,3.42,3.37
2007-03-28,五粮液,000858,-13.36,-13.35,-14.21,-13.67,-13.24,281676,735636544.0,3.15,-3.25
2007-03-27,五粮液,000858,-12.85,-12.56,-13.42,-13.24,-12.87,263746,712587200.0,2.95,-2.87
2007-03-26,五粮液,000858,-12.42,-12.42,-12.96,-12.87,-13.11,299205,825768896.0,3.35,1.83
2007-03-23,五粮液,000858,-13.96,-13.01,-13.96,-13.11,-13.96,435038,1152567424.0,4.87,6.09
2007-03-22,五粮液,000858,-13.7,-13.31,-14.19,-13.96,-13.85,310109,804666688.0,3.47,-0.79
2007-03-21,五粮液,000858,-13.28,-12.41,-13.99,-13.85,-14.23,634198,1707208320.0,7.1,2.67
2007-03-16,五粮液,000858,-14.86,-13.78,-14.86,-14.23,-14.96,661233,1681112960.0,7.4,4.88
2007-03-15,五粮液,000858,-15.49,-14.94,-15.56,-14.96,-15.49,258344,620909184.0,2.89,3.42
2007-03-14,五粮液,000858,-15.71,-15.24,-16.27,-15.49,-15.71,273228,636256768.0,3.06,1.4
2007-03-13,五粮液,000858,-15.36,-15.28,-15.86,-15.71,-15.42,253018,593900800.0,2.83,-1.88
2007-03-12,五粮液,000858,-15.22,-15.0,-15.64,-15.42,-15.28,210909,501080128.0,2.36,-0.92
2007-03-09,五粮液,000858,-15.06,-14.81,-15.46,-15.28,-15.06,253493,611572288.0,2.84,-1.46
2007-03-08,五粮液,000858,-14.96,-14.86,-15.44,-15.06,-15.06,171701,413535744.0,1.92,0.0
2007-03-07,五粮液,000858,-15.49,-14.8,-15.56,-15.06,-15.51,317961,768117056.0,3.56,2.9
2007-03-06,五粮液,000858,-16.01,-15.36,-16.27,-15.51,-15.99,241630,562540928.0,2.71,3.0
2007-03-05,五粮液,000858,-15.08,-15.07,-16.43,-15.99,-14.99,260208,606043840.0,2.91,-6.67
2007-03-02,五粮液,000858,-15.03,-14.65,-15.64,-14.99,-14.56,321035,771761216.0,3.59,-2.95
2007-03-01,五粮液,000858,-14.36,-13.69,-15.28,-14.56,-14.45,277519,698785472.0,3.11,-0.76
2007-02-28,五粮液,000858,-15.85,-13.71,-15.91,-14.45,-14.41,384290,947076288.0,4.3,-0.28
2007-02-27,五粮液,000858,-12.49,-12.49,-14.41,-14.41,-12.41,288413,747214016.0,3.23,-16.12
2007-02-26,五粮液,000858,-11.81,-11.81,-12.56,-12.41,-11.81,159931,449225664.0,1.79,-5.08
2007-02-16,五粮液,000858,-11.31,-11.06,-11.83,-11.81,-11.56,209653,614537472.0,2.35,-2.16
2007-02-15,五粮液,000858,-12.78,-11.45,-13.06,-11.56,-13.21,299490,858127424.0,3.35,12.49
2007-02-14,五粮液,000858,-13.3,-12.94,-13.67,-13.21,-13.34,196905,524034560.0,2.2,0.97
2007-02-13,五粮液,000858,-13.49,-12.98,-13.66,-13.34,-13.65,123860,331004704.0,1.39,2.27
2007-02-12,五粮液,000858,-14.21,-13.49,-14.21,-13.65,-14.22,132278,345821568.0,1.48,4.01
2007-02-09,五粮液,000858,-13.79,-13.38,-14.35,-14.22,-13.81,121059,311353696.0,1.36,-2.97
2007-02-08,五粮液,000858,-14.42,-13.66,-14.81,-13.81,-14.56,210887,540557952.0,2.36,5.15
2007-02-07,五粮液,000858,-14.71,-14.09,-14.92,-14.56,-14.95,380316,959095552.0,4.26,2.61
2007-02-06,五粮液,000858,-15.49,-14.85,-16.28,-14.95,-15.49,294951,690562176.0,3.3,3.49
2007-02-05,五粮液,000858,-15.53,-15.09,-16.14,-15.49,-15.15,240957,566198400.0,2.7,-2.24
2007-02-02,五粮液,000858,-14.52,-14.16,-15.28,-15.15,-13.93,232885,574184128.0,2.61,-8.76
2007-02-01,五粮液,000858,-14.7,-13.35,-15.77,-13.93,-14.15,360636,898952384.0,4.04,1.55
2007-01-31,五粮液,000858,-12.27,-12.27,-14.29,-14.15,-12.27,277035,735410176.0,3.1,-15.32
2007-01-30,五粮液,000858,-12.35,-11.71,-12.79,-12.27,-12.43,309033,871779264.0,3.46,1.29
2007-01-29,五粮液,000858,-12.31,-11.33,-12.56,-12.43,-12.33,285804,813010944.0,3.2,-0.81
2007-01-26,五粮液,000858,-12.42,-11.87,-13.99,-12.33,-12.06,350655,951726720.0,3.93,-2.24
2007-01-25,五粮液,000858,-11.28,-10.99,-12.42,-12.06,-10.99,322227,940628736.0,3.61,-9.74
2007-01-24,五粮液,000858,-11.01,-10.16,-11.77,-10.99,-10.71,305887,921355968.0,3.42,-2.61
2007-01-23,五粮液,000858,-10.21,-8.72,-11.35,-10.71,-10.28,440326,1379702272.0,4.93,-4.18
2007-01-18,五粮液,000858,-10.49,-9.53,-11.12,-10.28,-10.32,306999,942571968.0,3.44,0.39
2007-01-17,五粮液,000858,-10.37,-8.96,-11.64,-10.32,-10.29,332907,1041292672.0,3.73,-0.29
2007-01-16,五粮液,000858,-11.28,-10.28,-11.71,-10.29,-11.36,252523,751118336.0,2.83,9.42
2007-01-15,五粮液,000858,-12.92,-10.97,-12.92,-11.36,-12.92,416816,1220286080.0,4.67,12.07
2007-01-12,五粮液,000858,-14.35,-12.64,-14.59,-12.92,-14.22,311125,829858496.0,3.48,9.14
2007-01-11,五粮液,000858,-14.71,-13.61,-15.06,-14.22,-14.71,196584,500713504.0,2.2,3.33
2007-01-10,五粮液,000858,-14.81,-14.45,-15.17,-14.71,-14.81,171127,420266336.0,1.92,0.68
2007-01-09,五粮液,000858,-15.56,-14.71,-15.71,-14.81,-15.64,200779,485507456.0,2.25,5.31
2007-01-08,五粮液,000858,-15.49,-15.29,-16.04,-15.64,-15.49,299923,697459072.0,3.36,-0.97
2007-01-05,五粮液,000858,-16.08,-15.08,-16.35,-15.49,-16.06,344213,808670016.0,3.85,3.55
2007-01-04,五粮液,000858,-15.56,-14.6,-16.71,-16.06,-16.1,378868,911096512.0,4.24,0.25
2006-12-29,五粮液,000858,-17.19,-15.76,-17.19,-16.1,-17.24,278621,633018176.0,3.12,6.61
2006-12-28,五粮液,000858,-17.29,-17.08,-17.53,-17.24,-17.42,202343,428357632.0,2.27,1.03
2006-12-27,五粮液,000858,-18.11,-16.92,-18.21,-17.42,-18.11,251930,530482912.0,2.82,3.81
2006-12-26,五粮液,000858,-17.89,-17.67,-18.41,-18.11,-17.87,128505,258983456.0,1.44,-1.34
2006-12-25,五粮液,000858,-18.71,-17.57,-18.72,-17.87,-18.64,202432,408002752.0,2.27,4.13
2006-12-22,五粮液,000858,-18.26,-18.14,-18.84,-18.64,-18.14,199561,388119424.0,2.23,-2.76
2006-12-21,五粮液,000858,-17.86,-17.71,-18.21,-18.14,-17.85,162779,330351680.0,1.82,-1.62
2006-12-20,五粮液,000858,-17.93,-17.49,-18.34,-17.85,-17.99,184924,376805312.0,2.07,0.78
2006-12-19,五粮液,000858,-17.67,-17.67,-18.37,-17.99,-18.03,341610,688012352.0,3.82,0.22
2006-12-18,五粮液,000858,-19.08,-17.9,-19.11,-18.03,-19.11,389369,773531840.0,4.36,5.65
2006-12-15,五粮液,000858,-19.56,-19.06,-19.74,-19.11,-19.62,264842,484583136.0,2.97,2.6
2006-12-14,五粮液,000858,-20.42,-19.49,-20.42,-19.62,-20.41,358977,631841664.0,4.02,3.87
2006-12-13,五粮液,000858,-20.28,-20.17,-20.71,-20.41,-20.28,119592,201230144.0,1.34,-0.64
2006-12-12,五粮液,000858,-20.21,-19.86,-20.61,-20.28,-20.28,201785,344236608.0,2.26,0.0
2006-12-11,五粮液,000858,-21.26,-20.21,-21.26,-20.28,-21.17,241393,396069824.0,2.7,4.2
2006-12-08,五粮液,000858,-20.89,-20.8,-21.27,-21.17,-20.76,205062,327229152.0,2.3,-1.97
2006-12-07,五粮液,000858,-20.74,-20.42,-20.79,-20.76,-20.6,182358,301861696.0,2.04,-0.78
2006-12-06,五粮液,000858,-20.35,-20.34,-21.21,-20.6,-20.31,346073,568109632.0,3.87,-1.43
2006-12-05,五粮液,000858,-19.83,-19.83,-20.34,-20.31,-20.14,278825,480440576.0,3.12,-0.84
2006-12-04,五粮液,000858,-20.17,-19.74,-20.29,-20.14,-20.34,286831,498081440.0,3.21,0.98
2006-12-01,五粮液,000858,-20.42,-19.99,-20.6,-20.34,-20.55,246475,418976608.0,2.76,1.02
2006-11-30,五粮液,000858,-20.85,-20.16,-20.85,-20.55,-20.86,273548,456346496.0,3.06,1.49
2006-11-29,五粮液,000858,-21.82,-20.64,-21.94,-20.86,-21.61,401382,634264320.0,4.49,3.47
2006-11-28,五粮液,000858,-21.52,-21.38,-21.81,-21.61,-21.53,203294,308191072.0,2.28,-0.37
2006-11-27,五粮液,000858,-21.92,-21.53,-21.99,-21.53,-21.97,236806,353469728.0,2.65,2.0
2006-11-24,五粮液,000858,-21.89,-21.76,-22.04,-21.97,-21.89,126907,186589808.0,1.42,-0.37
2006-11-23,五粮液,000858,-21.86,-21.64,-22.06,-21.89,-21.86,158876,235138736.0,1.78,-0.14
2006-11-22,五粮液,000858,-21.97,-21.66,-22.14,-21.86,-21.98,242555,359143872.0,2.72,0.55
2006-11-21,五粮液,000858,-21.81,-21.64,-22.22,-21.98,-21.81,241632,352916448.0,2.71,-0.78
2006-11-20,五粮液,000858,-21.86,-21.41,-21.99,-21.81,-21.91,234965,353772832.0,2.63,0.46
2006-11-17,五粮液,000858,-22.21,-21.79,-22.22,-21.91,-22.13,285575,420036864.0,3.2,0.99
2006-11-16,五粮液,000858,-21.98,-21.78,-22.15,-22.13,-21.99,380687,556360448.0,4.26,-0.64
2006-11-15,五粮液,000858,-22.44,-21.88,-22.44,-21.99,-22.45,523758,758471360.0,5.86,2.05
2006-11-14,五粮液,000858,-23.01,-22.39,-23.02,-22.45,-23.0,502775,688409600.0,5.63,2.39
2006-11-13,五粮液,000858,-23.09,-22.77,-23.12,-23.0,-23.08,247794,329074432.0,2.77,0.35
2006-11-10,五粮液,000858,-22.78,-22.74,-23.12,-23.08,-22.82,224856,297257920.0,2.52,-1.14
2006-11-09,五粮液,000858,-22.94,-22.68,-22.95,-22.82,-22.95,330579,446443552.0,3.7,0.57
2006-11-08,五粮液,000858,-23.14,-22.79,-23.24,-22.95,-23.17,428588,571100608.0,4.8,0.95
2006-11-07,五粮液,000858,-23.28,-23.12,-23.38,-23.17,-23.31,258927,333764320.0,2.9,0.6
2006-11-06,五粮液,000858,-23.58,-23.29,-23.62,-23.31,-23.54,229849,290907520.0,2.57,0.98
2006-11-03,五粮液,000858,-23.61,-23.39,-23.67,-23.54,-23.6,186494,233514128.0,2.09,0.25
2006-11-02,五粮液,000858,-23.64,-23.58,-23.76,-23.6,-23.64,136592,166891744.0,1.53,0.17
2006-11-01,五粮液,000858,-23.6,-23.55,-23.76,-23.64,-23.56,203111,248050144.0,2.27,-0.34
2006-10-31,五粮液,000858,-23.63,-23.53,-23.71,-23.56,-23.67,135098,166370160.0,1.51,0.46
2006-10-30,五粮液,000858,-23.56,-23.49,-23.72,-23.67,-23.56,135814,166714656.0,1.52,-0.47
2006-10-27,五粮液,000858,-23.39,-23.35,-23.59,-23.56,-23.35,108903,136089632.0,1.22,-0.9
2006-10-26,五粮液,000858,-23.28,-23.25,-23.41,-23.35,-23.27,104185,132308472.0,1.17,-0.34
2006-10-25,五粮液,000858,-23.44,-23.16,-23.49,-23.27,-23.44,270929,346829920.0,3.03,0.73
2006-10-24,五粮液,000858,-23.58,-23.44,-23.58,-23.44,-23.56,94143,117639312.0,1.05,0.51
2006-10-23,五粮液,000858,-23.49,-23.46,-23.6,-23.56,-23.51,134527,167633568.0,1.51,-0.21
2006-10-20,五粮液,000858,-23.51,-23.36,-23.51,-23.51,-23.51,119406,149925168.0,1.34,0.0
2006-10-19,五粮液,000858,-23.42,-23.39,-23.54,-23.51,-23.46,118593,148615824.0,1.33,-0.21
2006-10-18,五粮液,000858,-23.56,-23.38,-23.64,-23.46,-23.62,260915,327040256.0,2.92,0.68
2006-10-17,五粮液,000858,-23.64,-23.58,-23.72,-23.62,-23.64,138727,170386432.0,1.55,0.08
2006-10-16,五粮液,000858,-23.41,-23.41,-23.74,-23.64,-23.41,225719,278936512.0,2.53,-0.98
2006-10-13,五粮液,000858,-23.43,-23.35,-23.59,-23.41,-23.41,224084,279747392.0,2.51,0.0
2006-10-12,五粮液,000858,-23.32,-23.32,-23.56,-23.41,-23.3,273170,342653376.0,3.06,-0.47
2006-10-11,五粮液,000858,-22.96,-22.94,-23.45,-23.3,-22.99,329050,420028640.0,3.68,-1.35
2006-10-10,五粮液,000858,-22.7,-22.67,-23.02,-22.99,-22.71,314588,418622048.0,3.52,-1.23
2006-10-09,五粮液,000858,-23.03,-22.53,-23.06,-22.71,-23.14,519460,703351680.0,5.82,1.86
2006-09-29,五粮液,000858,-23.13,-23.04,-23.22,-23.14,-23.16,180723,235167776.0,2.02,0.09
2006-09-28,五粮液,000858,-23.42,-23.1,-23.42,-23.16,-23.43,146894,188618016.0,1.64,1.15
2006-09-27,五粮液,000858,-23.42,-23.36,-23.55,-23.43,-23.42,58235,73038912.0,0.65,-0.04
2006-09-26,五粮液,000858,-23.36,-23.31,-23.46,-23.42,-23.36,49253,62229512.0,0.55,-0.26
2006-09-25,五粮液,000858,-23.14,-23.14,-23.46,-23.36,-23.19,69916,89293160.0,0.78,-0.73
2006-09-22,五粮液,000858,-23.02,-23.0,-23.28,-23.19,-23.05,83077,108076056.0,0.93,-0.61
2006-09-21,五粮液,000858,-23.22,-23.01,-23.23,-23.05,-23.21,131558,171613632.0,1.47,0.69
2006-09-20,五粮液,000858,-23.15,-23.11,-23.25,-23.21,-23.13,55286,71340472.0,0.62,-0.35
2006-09-19,五粮液,000858,-23.1,-22.98,-23.2,-23.13,-23.14,80622,105430624.0,0.9,0.04
2006-09-18,五粮液,000858,-23.13,-22.92,-23.16,-23.14,-23.21,71225,93141136.0,0.8,0.3
2006-09-15,五粮液,000858,-23.26,-23.15,-23.31,-23.21,-23.26,78516,101111728.0,0.88,0.21
2006-09-14,五粮液,000858,-23.44,-23.24,-23.51,-23.26,-23.42,64760,81959648.0,0.73,0.68
2006-09-13,五粮液,000858,-23.28,-23.21,-23.42,-23.42,-23.24,57443,73269464.0,0.64,-0.77
2006-09-12,五粮液,000858,-23.42,-23.16,-23.44,-23.24,-23.42,89900,115420856.0,1.01,0.77
2006-09-11,五粮液,000858,-23.45,-23.38,-23.52,-23.42,-23.44,41554,52215800.0,0.47,0.09
2006-09-08,五粮液,000858,-23.44,-23.32,-23.49,-23.44,-23.42,30020,37817084.0,0.34,-0.09
2006-09-07,五粮液,000858,-23.24,-23.24,-23.47,-23.42,-23.23,58709,74312832.0,0.66,-0.82
2006-09-06,五粮液,000858,-23.15,-23.14,-23.31,-23.23,-23.22,49143,62979384.0,0.55,-0.04
2006-09-05,五粮液,000858,-23.11,-23.01,-23.26,-23.22,-23.11,57406,74189160.0,0.64,-0.48
2006-09-04,五粮液,000858,-23.28,-23.06,-23.31,-23.11,-23.18,63206,81954256.0,0.71,0.3
2006-09-01,五粮液,000858,-22.92,-22.89,-23.21,-23.18,-22.99,96443,125824056.0,1.08,-0.83
2006-08-31,五粮液,000858,-23.11,-22.89,-23.14,-22.99,-23.14,144420,191398384.0,1.62,0.65
2006-08-30,五粮液,000858,-23.24,-23.1,-23.26,-23.14,-23.21,105609,137014128.0,1.18,0.3
2006-08-29,五粮液,000858,-23.45,-22.96,-23.45,-23.21,-23.39,240412,312056864.0,2.69,0.77
2006-08-28,五粮液,000858,-23.59,-23.31,-23.74,-23.39,-23.59,212225,264151184.0,2.38,0.85
2006-08-25,五粮液,000858,-23.49,-23.36,-23.71,-23.59,-23.43,116967,144724480.0,1.31,-0.68
2006-08-24,五粮液,000858,-23.44,-23.38,-23.59,-23.43,-23.36,79740,99534304.0,0.89,-0.3
2006-08-23,五粮液,000858,-23.36,-23.29,-23.47,-23.36,-23.35,63418,80363000.0,0.71,-0.04
2006-08-22,五粮液,000858,-23.56,-23.28,-23.61,-23.35,-23.53,90648,114088904.0,1.01,0.76
2006-08-21,五粮液,000858,-23.72,-23.53,-23.76,-23.53,-23.46,64558,79723112.0,0.72,-0.3
2006-08-18,五粮液,000858,-23.49,-23.33,-23.51,-23.46,-23.45,49631,62396100.0,0.56,-0.04
2006-08-17,五粮液,000858,-23.36,-23.36,-23.51,-23.45,-23.32,61733,77440968.0,0.69,-0.56
2006-08-16,五粮液,000858,-23.38,-23.26,-23.46,-23.32,-23.35,70714,89618680.0,0.79,0.13
2006-08-15,五粮液,000858,-23.38,-23.28,-23.55,-23.35,-23.37,58500,73772960.0,0.66,0.09
2006-08-14,五粮液,000858,-23.33,-23.22,-23.49,-23.37,-23.29,118672,150358416.0,1.33,-0.34
2006-08-11,五粮液,000858,-23.14,-23.1,-23.56,-23.29,-23.06,231189,293140352.0,2.59,-1.0
2006-08-10,五粮液,000858,-22.86,-22.74,-23.15,-23.06,-22.89,120917,159188816.0,1.35,-0.74
2006-08-09,五粮液,000858,-22.83,-22.73,-22.98,-22.89,-22.83,80221,107407960.0,0.9,-0.26
2006-08-08,五粮液,000858,-23.24,-22.78,-23.31,-22.83,-23.31,129753,172810448.0,1.45,2.06
2006-08-07,五粮液,000858,-23.43,-23.16,-23.59,-23.31,-23.31,86809,110095232.0,0.97,0.0
2006-08-04,五粮液,000858,-23.06,-22.91,-23.35,-23.31,-23.06,84245,109026224.0,0.94,-1.08
2006-08-03,五粮液,000858,-22.9,-22.81,-23.19,-23.06,-22.86,71530,93788888.0,0.8,-0.87
2006-08-02,五粮液,000858,-22.78,-22.71,-23.21,-22.86,-22.78,104706,138142224.0,1.17,-0.35
2006-08-01,五粮液,000858,-22.71,-22.58,-22.88,-22.78,-22.67,81600,110734688.0,0.91,-0.49
2006-07-31,五粮液,000858,-22.81,-22.5,-22.99,-22.67,-22.68,137758,186526992.0,1.54,0.04
2006-07-28,五粮液,000858,-22.58,-22.49,-22.81,-22.68,-22.54,119058,161992240.0,1.33,-0.62
2006-07-27,五粮液,000858,-22.26,-22.22,-22.71,-22.54,-22.25,174437,243570032.0,1.95,-1.3
2006-07-26,五粮液,000858,-22.24,-22.18,-22.41,-22.25,-22.27,141899,201804320.0,1.59,0.09
2006-07-25,五粮液,000858,-22.24,-22.19,-22.41,-22.27,-22.27,199596,282986272.0,2.23,0.0
2006-07-24,五粮液,000858,-23.28,-22.27,-23.35,-22.27,-23.14,345212,471472160.0,3.87,3.76
2006-07-21,五粮液,000858,-22.92,-22.92,-23.14,-23.14,-23.06,97666,127622864.0,1.09,-0.35
2006-07-20,五粮液,000858,-23.2,-22.93,-23.22,-23.06,-23.2,122151,159896336.0,1.37,0.6
2006-07-19,五粮液,000858,-22.78,-22.74,-23.28,-23.2,-22.79,149428,195311024.0,1.67,-1.8
2006-07-18,五粮液,000858,-22.89,-22.79,-23.0,-22.79,-22.89,107175,143442656.0,1.2,0.44
2006-07-17,五粮液,000858,-22.9,-22.85,-23.06,-22.89,-22.79,149956,198406800.0,1.68,-0.44
2006-07-14,五粮液,000858,-22.96,-22.72,-23.04,-22.79,-22.84,148404,198119728.0,1.66,0.22
2006-07-13,五粮液,000858,-22.39,-22.23,-23.06,-22.84,-22.34,290615,398301024.0,3.25,-2.24
2006-07-12,五粮液,000858,-22.19,-22.16,-22.42,-22.34,-22.19,136212,192555008.0,1.53,-0.68
2006-07-11,五粮液,000858,-22.31,-22.05,-22.39,-22.19,-22.32,153314,219531392.0,1.72,0.58
2006-07-10,五粮液,000858,-22.24,-22.2,-22.47,-22.32,-22.17,129050,181617088.0,1.44,-0.68
2006-07-07,五粮液,000858,-22.21,-21.94,-22.32,-22.17,-22.17,142731,205056512.0,1.6,0.0
2006-07-06,五粮液,000858,-22.36,-22.0,-22.48,-22.17,-22.36,182065,261298720.0,2.04,0.85
2006-07-05,五粮液,000858,-22.26,-22.13,-22.49,-22.36,-22.25,155466,219023040.0,1.74,-0.49
2006-07-04,五粮液,000858,-21.99,-21.99,-22.4,-22.25,-22.02,265173,376800128.0,2.97,-1.04
2006-07-03,五粮液,000858,-22.04,-21.73,-22.42,-22.02,-22.04,304129,435475904.0,3.41,0.09
2006-06-30,五粮液,000858,-21.56,-21.51,-22.2,-22.04,-21.64,273378,402637088.0,3.06,-1.85
2006-06-29,五粮液,000858,-21.74,-21.51,-21.91,-21.64,-21.74,255117,381784192.0,2.86,0.46
2006-06-28,五粮液,000858,-21.71,-21.14,-22.08,-21.74,-21.68,326273,494007456.0,3.65,-0.28
2006-06-26,五粮液,000858,-22.31,-21.51,-22.38,-21.68,-22.39,363256,534843360.0,4.07,3.17
2006-06-23,五粮液,000858,-22.77,-22.29,-22.77,-22.39,-22.79,412424,574873280.0,4.62,1.76
2006-06-22,五粮液,000858,-22.85,-22.53,-22.86,-22.79,-22.8,148577,201122608.0,1.66,0.04
2006-06-21,五粮液,000858,-22.78,-22.66,-23.0,-22.8,-22.72,246691,330778048.0,2.76,-0.35
2006-06-20,五粮液,000858,-22.79,-22.39,-22.8,-22.72,-22.79,399203,548903872.0,4.47,0.31
2006-06-19,五粮液,000858,-23.56,-22.64,-23.69,-22.79,-23.53,538938,714189312.0,6.03,3.14
2006-06-16,五粮液,000858,-23.64,-23.46,-23.67,-23.53,-23.71,141003,174646592.0,1.58,0.76
2006-06-15,五粮液,000858,-23.63,-23.41,-23.83,-23.71,-23.64,183933,227979904.0,2.06,-0.3
2006-06-14,五粮液,000858,-23.85,-23.54,-23.99,-23.64,-23.78,256261,313882688.0,2.87,0.59
2006-06-13,五粮液,000858,-24.09,-23.51,-24.14,-23.78,-24.07,272183,330170784.0,3.05,1.2
2006-06-12,五粮液,000858,-24.42,-24.04,-24.56,-24.07,-24.33,236127,272012096.0,2.64,1.07
2006-06-09,五粮液,000858,-23.91,-23.85,-24.35,-24.33,-23.94,184899,217495840.0,2.07,-1.63
2006-06-08,五粮液,000858,-24.17,-23.85,-24.41,-23.94,-24.05,266779,314795744.0,2.99,0.46
2006-06-07,五粮液,000858,-23.35,-23.35,-24.14,-24.05,-23.32,330007,404096416.0,3.69,-3.13
2006-06-06,五粮液,000858,-23.21,-23.06,-23.35,-23.32,-23.16,172845,223631584.0,1.94,-0.69
2006-06-05,五粮液,000858,-23.21,-23.04,-23.49,-23.16,-22.92,207279,267519808.0,2.32,-1.05
2006-06-02,五粮液,000858,-22.79,-22.78,-23.36,-22.92,-22.79,428701,561080320.0,4.8,-0.57
2006-06-01,五粮液,000858,-23.25,-22.66,-23.39,-22.79,-23.23,388475,517341472.0,4.35,1.89
2006-05-31,五粮液,000858,-22.85,-22.66,-23.36,-23.23,-22.83,398489,524656384.0,4.46,-1.75
2006-05-30,五粮液,000858,-22.66,-22.14,-22.85,-22.83,-22.66,551752,766062016.0,6.18,-0.75
2006-05-29,五粮液,000858,-23.33,-22.61,-23.42,-22.66,-23.34,473655,632055552.0,5.3,2.91
2006-05-26,五粮液,000858,-23.39,-23.21,-23.61,-23.34,-23.36,309475,394442304.0,3.47,0.09
2006-05-25,五粮液,000858,-23.08,-23.08,-23.7,-23.36,-22.93,302971,383810752.0,3.39,-1.88
2006-05-24,五粮液,000858,-22.79,-22.49,-23.79,-22.93,-22.87,508464,659776896.0,5.69,-0.26
2006-05-23,五粮液,000858,-22.99,-22.36,-23.15,-22.87,-22.11,585889,790917248.0,6.56,-3.44
2006-05-19,五粮液,000858,-22.81,-21.99,-22.99,-22.11,-22.84,603358,845908352.0,6.76,3.2
2006-05-18,五粮液,000858,-22.53,-22.51,-23.22,-22.84,-22.38,544943,732858048.0,6.1,-2.06
2006-05-17,五粮液,000858,-21.84,-21.18,-22.91,-22.38,-21.85,789886,1143036288.0,8.84,-2.43
2006-05-16,五粮液,000858,-21.85,-21.36,-22.4,-21.85,-22.37,799996,1211652992.0,8.96,2.32
2006-05-15,五粮液,000858,-22.37,-22.37,-22.69,-22.37,-23.29,577679,814841920.0,6.47,3.95
2006-05-11,五粮液,000858,-23.49,-22.72,-23.84,-23.29,-23.45,653553,841962496.0,7.32,0.68
2006-05-10,五粮液,000858,-22.85,-22.78,-23.56,-23.45,-23.35,842166,1101766144.0,9.43,-0.43
2006-05-09,五粮液,000858,-23.92,-23.35,-23.92,-23.35,-24.18,646388,814465024.0,7.24,3.43
2006-05-08,五粮液,000858,-24.84,-24.18,-24.84,-24.18,-24.94,447599,513070784.0,5.01,3.05
2006-04-28,五粮液,000858,-25.76,-24.94,-25.84,-24.94,-25.62,670199,685921344.0,7.5,2.65
2006-04-27,五粮液,000858,-25.94,-25.53,-25.98,-25.62,-25.93,319142,300823360.0,3.57,1.2
2006-04-26,五粮液,000858,-25.81,-25.66,-26.06,-25.93,-25.8,314998,294011840.0,3.53,-0.5
2006-04-25,五粮液,000858,-25.61,-25.53,-25.99,-25.8,-25.64,338502,318952000.0,3.79,-0.62
2006-04-24,五粮液,000858,-25.86,-25.45,-25.86,-25.64,-25.91,508908,486453792.0,5.7,1.04
2006-04-21,五粮液,000858,-26.24,-25.72,-26.31,-25.91,-26.34,528152,487520800.0,5.91,1.63
2006-04-20,五粮液,000858,-26.61,-26.2,-26.61,-26.34,-26.61,474073,404636384.0,5.31,1.01
2006-04-19,五粮液,000858,-26.58,-26.52,-26.67,-26.61,-26.58,350552,288575104.0,3.93,-0.11
2006-04-18,五粮液,000858,-26.92,-26.52,-26.92,-26.58,-26.99,629227,508564672.0,7.05,1.52
2006-04-17,五粮液,000858,-26.95,-26.79,-26.99,-26.99,-26.96,426638,333720768.0,4.78,-0.11
2006-04-14,五粮液,000858,-27.24,-26.92,-27.27,-26.96,-27.24,393193,298026368.0,4.4,1.03
2006-04-13,五粮液,000858,-27.04,-27.01,-27.24,-27.24,-27.01,219173,164232960.0,2.45,-0.85
2006-04-12,五粮液,000858,-27.06,-26.89,-27.08,-27.01,-27.06,238868,184446384.0,2.67,0.18
2006-04-11,五粮液,000858,-27.0,-26.92,-27.14,-27.06,-27.0,225815,171323520.0,2.53,-0.22
2006-04-10,五粮液,000858,-27.05,-26.93,-27.19,-27.0,-26.91,423053,321679712.0,4.74,-0.33
2006-04-07,五粮液,000858,-26.88,-26.88,-27.05,-26.91,-26.86,426906,330688160.0,4.78,-0.19
2006-04-06,五粮液,000858,-27.26,-26.75,-27.3,-26.86,-27.26,637769,493762912.0,7.14,1.47
2006-04-05,五粮液,000858,-27.39,-27.24,-27.41,-27.26,-27.41,410922,296008576.0,4.6,0.55
2006-04-04,五粮液,000858,-27.4,-27.36,-27.49,-27.41,-27.41,333208,236785296.0,3.73,0.0
2006-04-03,五粮液,000858,-27.71,-27.34,-27.83,-27.41,-28.38,605304,418231168.0,6.78,3.42
2006-03-31,五粮液,000858,-28.34,-28.33,-28.54,-28.38,-27.39,526040,349052608.0,5.89,-3.61
2006-03-14,五粮液,000858,-27.3,-27.27,-27.41,-27.39,-27.3,156794,132125112.0,2.05,-0.33
2006-03-13,五粮液,000858,-27.37,-27.29,-27.41,-27.3,-27.36,106824,90038352.0,1.4,0.22
2006-03-10,五粮液,000858,-27.49,-27.31,-27.49,-27.36,-27.5,86066,72036256.0,1.13,0.51
2006-03-09,五粮液,000858,-27.5,-27.43,-27.53,-27.5,-27.48,59394,48791944.0,0.78,-0.07
2006-03-08,五粮液,000858,-27.34,-27.3,-27.51,-27.48,-27.34,112874,93604176.0,1.48,-0.51
2006-03-07,五粮液,000858,-27.25,-27.25,-27.43,-27.34,-27.25,122272,102969896.0,1.6,-0.33
2006-03-06,五粮液,000858,-27.18,-27.18,-27.28,-27.25,-27.18,95797,82434216.0,1.26,-0.26
2006-03-03,五粮液,000858,-27.18,-27.03,-27.21,-27.18,-27.13,216629,189633856.0,2.84,-0.18
2006-03-02,五粮液,000858,-27.07,-27.07,-27.32,-27.13,-27.54,590496,512623072.0,7.74,1.49
2006-01-24,五粮液,000858,-27.62,-27.48,-27.62,-27.54,-27.63,242303,196693504.0,3.17,0.33
2006-01-23,五粮液,000858,-27.64,-27.6,-27.72,-27.63,-27.64,111023,87764368.0,1.45,0.04
2006-01-20,五粮液,000858,-27.66,-27.57,-27.66,-27.64,-27.67,129384,103186496.0,1.7,0.11
2006-01-19,五粮液,000858,-27.57,-27.57,-27.68,-27.67,-27.58,59675,47510508.0,0.78,-0.33
2006-01-18,五粮液,000858,-27.75,-27.52,-27.77,-27.58,-27.74,109090,86905920.0,1.43,0.58
2006-01-17,五粮液,000858,-27.77,-27.72,-27.8,-27.74,-27.74,48171,37353392.0,0.63,0.0
2006-01-16,五粮液,000858,-27.67,-27.66,-27.81,-27.74,-27.67,83726,65117092.0,1.1,-0.25
2006-01-13,五粮液,000858,-27.68,-27.59,-27.71,-27.67,-27.68,88702,70348056.0,1.16,0.04
2006-01-12,五粮液,000858,-27.74,-27.66,-27.75,-27.68,-27.72,88554,69569136.0,1.16,0.14
2006-01-11,五粮液,000858,-27.67,-27.66,-27.8,-27.72,-27.67,79088,61692944.0,1.04,-0.18
2006-01-10,五粮液,000858,-27.69,-27.66,-27.85,-27.67,-27.65,117591,91602904.0,1.54,-0.07
2006-01-09,五粮液,000858,-27.67,-27.64,-27.79,-27.65,-27.64,176552,138898528.0,2.31,-0.04
2006-01-06,五粮液,000858,-27.69,-27.63,-27.77,-27.64,-27.69,213038,167226928.0,2.79,0.18
2006-01-05,五粮液,000858,-27.82,-27.68,-27.85,-27.69,-27.82,177138,138135152.0,2.32,0.47
2006-01-04,五粮液,000858,-27.99,-27.79,-27.99,-27.82,-28.06,132631,101296096.0,1.74,0.86
2005-12-30,五粮液,000858,-27.88,-27.85,-28.1,-28.06,-27.88,79385,59571580.0,1.04,-0.65
2005-12-29,五粮液,000858,-28.02,-27.79,-28.02,-27.88,-28.02,230693,174281232.0,3.02,0.5
2005-12-28,五粮液,000858,-28.07,-28.01,-28.11,-28.02,-28.07,42358,30736694.0,0.56,0.18
2005-12-27,五粮液,000858,-28.08,-28.04,-28.08,-28.07,-28.04,52083,37759240.0,0.68,-0.11
2005-12-26,五粮液,000858,-28.06,-28.02,-28.09,-28.04,-28.06,34918,25389902.0,0.46,0.07
2005-12-23,五粮液,000858,-28.13,-28.03,-28.13,-28.06,-28.13,78433,56721680.0,1.03,0.25
2005-12-22,五粮液,000858,-28.11,-28.11,-28.16,-28.13,-28.11,73354,52414804.0,0.96,-0.07
2005-12-21,五粮液,000858,-28.1,-28.06,-28.13,-28.11,-28.1,53298,38464928.0,0.7,-0.04
2005-12-20,五粮液,000858,-28.15,-28.09,-28.21,-28.1,-28.14,50773,36281672.0,0.67,0.14
2005-12-19,五粮液,000858,-28.16,-28.13,-28.16,-28.14,-28.13,29520,21035526.0,0.39,-0.04
2005-12-16,五粮液,000858,-28.15,-28.12,-28.19,-28.13,-28.15,66188,47095244.0,0.87,0.07
2005-12-15,五粮液,000858,-28.19,-28.13,-28.19,-28.15,-28.19,63174,44806940.0,0.83,0.14
2005-12-14,五粮液,000858,-28.26,-28.19,-28.27,-28.19,-28.24,40798,28597992.0,0.53,0.18
2005-12-13,五粮液,000858,-28.26,-28.24,-28.28,-28.24,-28.25,26121,18110762.0,0.34,0.04
2005-12-12,五粮液,000858,-28.24,-28.2,-28.28,-28.25,-28.24,32448,22556608.0,0.43,-0.04
2005-12-09,五粮液,000858,-28.33,-28.21,-28.36,-28.24,-28.33,79667,55347852.0,1.04,0.32
2005-12-08,五粮液,000858,-28.29,-28.27,-28.35,-28.33,-28.29,22034,15055011.0,0.29,-0.14
2005-12-07,五粮液,000858,-28.33,-28.27,-28.34,-28.29,-28.33,35107,24125824.0,0.46,0.14
2005-12-06,五粮液,000858,-28.43,-28.32,-28.46,-28.33,-28.43,28849,19513194.0,0.38,0.35
2005-12-05,五粮液,000858,-28.4,-28.4,-28.46,-28.43,-28.4,19873,13231904.0,0.26,-0.11
2005-12-02,五粮液,000858,-28.41,-28.37,-28.44,-28.4,-28.4,24010,16073865.0,0.31,0.0
2005-12-01,五粮液,000858,-28.35,-28.34,-28.43,-28.4,-28.35,25757,17288608.0,0.34,-0.18
2005-11-30,五粮液,000858,-28.37,-28.34,-28.43,-28.35,-28.37,17973,12066349.0,0.24,0.07
2005-11-29,五粮液,000858,-28.31,-28.31,-28.38,-28.37,-28.31,15160,10275755.0,0.2,-0.21
2005-11-28,五粮液,000858,-28.31,-28.27,-28.32,-28.31,-28.31,27375,18827108.0,0.36,0.0
2005-11-25,五粮液,000858,-28.32,-28.28,-28.32,-28.31,-28.32,19913,13663274.0,0.26,0.04
2005-11-24,五粮液,000858,-28.4,-28.32,-28.41,-28.32,-28.4,34725,23600024.0,0.45,0.28
2005-11-23,五粮液,000858,-28.43,-28.37,-28.43,-28.4,-28.4,9083,6098113.0,0.12,0.0
2005-11-22,五粮液,000858,-28.33,-28.31,-28.4,-28.4,-28.33,19513,13267386.0,0.26,-0.25
2005-11-21,五粮液,000858,-28.33,-28.29,-28.35,-28.33,-28.34,28186,19285454.0,0.37,0.04
2005-11-18,五粮液,000858,-28.4,-28.28,-28.41,-28.34,-28.4,61047,41571400.0,0.8,0.21
2005-11-17,五粮液,000858,-28.43,-28.37,-28.45,-28.4,-28.43,21788,14608753.0,0.29,0.11
2005-11-16,五粮液,000858,-28.48,-28.43,-28.55,-28.43,-28.48,25046,16469249.0,0.33,0.18
2005-11-15,五粮液,000858,-28.51,-28.45,-28.54,-28.48,-28.51,24193,15805241.0,0.32,0.11
2005-11-14,五粮液,000858,-28.43,-28.43,-28.52,-28.51,-28.43,25752,16911530.0,0.34,-0.28
2005-11-11,五粮液,000858,-28.46,-28.41,-28.47,-28.43,-28.45,13870,9193653.0,0.18,0.07
2005-11-10,五粮液,000858,-28.4,-28.37,-28.46,-28.45,-28.39,31713,21121230.0,0.42,-0.21
2005-11-09,五粮液,000858,-28.34,-28.32,-28.4,-28.39,-28.34,27194,18362130.0,0.36,-0.18
2005-11-08,五粮液,000858,-28.31,-28.3,-28.39,-28.34,-28.3,18217,12352770.0,0.24,-0.14
2005-11-07,五粮液,000858,-28.29,-28.29,-28.33,-28.3,-28.29,21719,14864647.0,0.28,-0.04
2005-11-04,五粮液,000858,-28.29,-28.26,-28.32,-28.29,-28.29,15125,10419496.0,0.2,0.0
2005-11-03,五粮液,000858,-28.28,-28.25,-28.31,-28.29,-28.3,41241,28453886.0,0.54,0.04
2005-11-02,五粮液,000858,-28.4,-28.26,-28.4,-28.3,-28.4,57442,39273360.0,0.75,0.35
2005-11-01,五粮液,000858,-28.38,-28.37,-28.44,-28.4,-28.38,37335,24958240.0,0.49,-0.07
2005-10-31,五粮液,000858,-28.43,-28.32,-28.44,-28.38,-28.43,45458,30558104.0,0.6,0.18
2005-10-28,五粮液,000858,-28.34,-28.34,-28.5,-28.43,-28.34,101736,67377624.0,1.33,-0.32
2005-10-27,五粮液,000858,-28.29,-28.27,-28.37,-28.34,-28.28,40140,27376314.0,0.53,-0.21
2005-10-26,五粮液,000858,-28.18,-28.18,-28.31,-28.28,-28.18,54658,38061028.0,0.72,-0.35
2005-10-25,五粮液,000858,-28.22,-28.18,-28.25,-28.18,-28.21,29833,20949898.0,0.39,0.11
2005-10-24,五粮液,000858,-28.24,-28.15,-28.25,-28.21,-28.24,32832,23145146.0,0.43,0.11
2005-10-21,五粮液,000858,-28.21,-28.21,-28.26,-28.24,-28.21,34503,24076478.0,0.45,-0.11
2005-10-20,五粮液,000858,-28.16,-28.16,-28.23,-28.21,-28.15,58895,41254136.0,0.77,-0.21
2005-10-19,五粮液,000858,-28.14,-28.08,-28.18,-28.15,-28.14,27886,19929974.0,0.37,-0.04
2005-10-18,五粮液,000858,-28.19,-28.13,-28.19,-28.14,-28.18,48655,34468160.0,0.64,0.14
2005-10-17,五粮液,000858,-28.11,-28.1,-28.22,-28.18,-28.07,69880,49715780.0,0.92,-0.39
2005-10-14,五粮液,000858,-28.05,-28.04,-28.16,-28.07,-28.05,51161,36893964.0,0.67,-0.07
2005-10-13,五粮液,000858,-27.97,-27.97,-28.06,-28.05,-27.97,69849,51179960.0,0.92,-0.29
2005-10-12,五粮液,000858,-28.04,-27.97,-28.05,-27.97,-28.03,51836,38091492.0,0.68,0.21
2005-10-11,五粮液,000858,-28.15,-28.02,-28.22,-28.03,-28.13,114024,81875640.0,1.49,0.36
2005-10-10,五粮液,000858,-27.93,-27.93,-28.15,-28.13,-27.93,56436,40997432.0,0.74,-0.72
2005-09-30,五粮液,000858,-27.93,-27.91,-27.98,-27.93,-27.93,36984,27460572.0,0.48,0.0
2005-09-29,五粮液,000858,-27.93,-27.88,-27.97,-27.93,-27.93,48715,36275028.0,0.64,0.0
2005-09-28,五粮液,000858,-27.97,-27.9,-28.0,-27.93,-27.98,31656,23573658.0,0.41,0.18
2005-09-27,五粮液,000858,-27.96,-27.94,-28.01,-27.98,-27.96,30991,22882316.0,0.41,-0.07
2005-09-26,五粮液,000858,-28.0,-27.96,-28.02,-27.96,-28.01,31104,22966476.0,0.41,0.18
2005-09-23,五粮液,000858,-27.97,-27.91,-28.02,-28.01,-27.96,42219,31316322.0,0.55,-0.18
2005-09-22,五粮液,000858,-27.9,-27.9,-28.03,-27.96,-27.89,96505,71277224.0,1.26,-0.25
2005-09-21,五粮液,000858,-27.79,-27.78,-27.9,-27.89,-27.79,88646,67261368.0,1.16,-0.36
2005-09-20,五粮液,000858,-27.71,-27.71,-27.85,-27.79,-27.71,117597,90465176.0,1.54,-0.29
2005-09-19,五粮液,000858,-27.68,-27.67,-27.73,-27.71,-27.68,49987,39152300.0,0.65,-0.11
2005-09-16,五粮液,000858,-27.72,-27.66,-27.72,-27.68,-27.73,76684,60353056.0,1.0,0.18
2005-09-15,五粮液,000858,-27.67,-27.66,-27.74,-27.73,-27.66,105093,82099960.0,1.38,-0.25
2005-09-14,五粮液,000858,-27.67,-27.64,-27.71,-27.66,-27.66,73196,57891728.0,0.96,0.0
2005-09-13,五粮液,000858,-27.72,-27.66,-27.79,-27.66,-27.72,97675,76299584.0,1.28,0.22
2005-09-12,五粮液,000858,-27.71,-27.69,-27.75,-27.72,-27.71,29984,23425094.0,0.39,-0.04
2005-09-09,五粮液,000858,-27.67,-27.66,-27.73,-27.71,-27.67,34235,26842982.0,0.45,-0.14
2005-09-08,五粮液,000858,-27.75,-27.64,-27.8,-27.67,-27.75,129863,101879632.0,1.7,0.29
2005-09-07,五粮液,000858,-27.83,-27.75,-27.86,-27.75,-27.83,84135,64521396.0,1.1,0.29
2005-09-06,五粮液,000858,-27.73,-27.73,-27.85,-27.83,-27.74,87636,67543832.0,1.15,-0.32
2005-09-05,五粮液,000858,-27.7,-27.68,-27.77,-27.74,-27.7,77613,60467024.0,1.02,-0.14
2005-09-02,五粮液,000858,-27.71,-27.69,-27.75,-27.7,-27.71,53119,41498652.0,0.7,0.04
2005-09-01,五粮液,000858,-27.74,-27.7,-27.77,-27.71,-27.74,53194,41553984.0,0.7,0.11
2005-08-31,五粮液,000858,-27.76,-27.74,-27.8,-27.74,-27.78,49130,37997156.0,0.64,0.14
2005-08-30,五粮液,000858,-27.79,-27.75,-27.83,-27.78,-27.79,32452,24994128.0,0.43,0.04
2005-08-29,五粮液,000858,-27.85,-27.75,-27.88,-27.79,-27.84,40762,31226374.0,0.53,0.18
2005-08-26,五粮液,000858,-27.8,-27.78,-27.86,-27.84,-27.8,56968,43416592.0,0.75,-0.14
2005-08-25,五粮液,000858,-27.75,-27.73,-27.83,-27.8,-27.76,39659,30581564.0,0.52,-0.14
2005-08-24,五粮液,000858,-27.74,-27.69,-27.78,-27.76,-27.74,48802,37977760.0,0.64,-0.07
2005-08-23,五粮液,000858,-27.73,-27.72,-27.79,-27.74,-27.73,47525,36906004.0,0.62,-0.04
2005-08-22,五粮液,000858,-27.79,-27.71,-27.82,-27.73,-27.8,59729,46275384.0,0.78,0.25
2005-08-19,五粮液,000858,-27.9,-27.77,-27.9,-27.8,-27.91,117143,89585088.0,1.53,0.39
2005-08-18,五粮液,000858,-27.63,-27.61,-27.93,-27.91,-27.63,195111,152197664.0,2.56,-1.01
2005-08-17,五粮液,000858,-27.61,-27.6,-27.73,-27.63,-27.6,106662,84351648.0,1.4,-0.11
2005-08-16,五粮液,000858,-27.58,-27.52,-27.62,-27.6,-27.58,85786,69019816.0,1.12,-0.07
2005-08-15,五粮液,000858,-27.62,-27.55,-27.66,-27.58,-27.64,109624,87612568.0,1.44,0.22
2005-08-12,五粮液,000858,-27.5,-27.49,-27.64,-27.64,-27.5,153199,123582872.0,2.01,-0.51
2005-08-11,五粮液,000858,-27.58,-27.5,-27.63,-27.5,-27.57,200787,162289824.0,2.63,0.25
2005-08-10,五粮液,000858,-27.57,-27.55,-27.68,-27.57,-27.57,133745,106750024.0,1.75,0.0
2005-08-09,五粮液,000858,-27.53,-27.52,-27.63,-27.57,-27.53,159027,127362056.0,2.08,-0.15
2005-08-08,五粮液,000858,-27.49,-27.44,-27.56,-27.53,-27.48,161392,131651736.0,2.11,-0.18
2005-08-05,五粮液,000858,-27.58,-27.46,-27.59,-27.48,-27.57,122151,99911984.0,1.6,0.33
2005-08-04,五粮液,000858,-27.55,-27.51,-27.58,-27.57,-27.53,89513,72366784.0,1.17,-0.15
2005-08-03,五粮液,000858,-27.45,-27.44,-27.53,-27.53,-27.46,141187,115757888.0,1.85,-0.25
2005-08-02,五粮液,000858,-27.49,-27.46,-27.53,-27.46,-27.5,98380,80708480.0,1.29,0.15
2005-08-01,五粮液,000858,-27.61,-27.43,-27.61,-27.5,-27.61,127184,104126048.0,1.67,0.4
2005-07-29,五粮液,000858,-27.64,-27.58,-27.66,-27.61,-27.63,63146,50428648.0,0.83,0.07
2005-07-28,五粮液,000858,-27.54,-27.52,-27.64,-27.63,-27.53,128744,103350440.0,1.69,-0.36
2005-07-27,五粮液,000858,-27.56,-27.52,-27.63,-27.53,-27.56,123075,99243608.0,1.61,0.11
2005-07-26,五粮液,000858,-27.67,-27.49,-27.67,-27.56,-27.65,230977,186485312.0,3.03,0.33
2005-07-25,五粮液,000858,-27.7,-27.6,-27.72,-27.65,-27.7,103715,82389744.0,1.36,0.18
2005-07-22,五粮液,000858,-27.76,-27.63,-27.8,-27.7,-27.76,125130,98540280.0,1.64,0.22
2005-07-21,五粮液,000858,-27.76,-27.73,-27.81,-27.76,-27.76,33691,26086340.0,0.44,0.0
2005-07-20,五粮液,000858,-27.8,-27.74,-27.87,-27.76,-27.81,35743,27557450.0,0.47,0.18
2005-07-19,五粮液,000858,-27.79,-27.75,-27.83,-27.81,-27.77,24560,18889696.0,0.32,-0.14
2005-07-18,五粮液,000858,-27.82,-27.76,-27.83,-27.77,-27.8,22324,17187436.0,0.29,0.11
2005-07-15,五粮液,000858,-27.77,-27.74,-27.82,-27.8,-27.79,23374,17983318.0,0.31,-0.04
2005-07-14,五粮液,000858,-27.77,-27.72,-27.82,-27.79,-27.77,50991,39346352.0,0.67,-0.07
2005-07-13,五粮液,000858,-27.69,-27.67,-27.78,-27.77,-27.69,56152,43844780.0,0.74,-0.29
2005-07-12,五粮液,000858,-27.85,-27.64,-27.86,-27.69,-27.83,110687,86441400.0,1.45,0.5
2005-07-11,五粮液,000858,-27.81,-27.69,-27.83,-27.83,-27.85,53765,41489652.0,0.7,0.07
2005-07-08,五粮液,000858,-27.91,-27.79,-27.94,-27.85,-27.88,45179,34385976.0,0.59,0.11
2005-07-07,五粮液,000858,-27.91,-27.85,-27.91,-27.88,-27.91,18886,14275240.0,0.25,0.11
2005-07-06,五粮液,000858,-27.91,-27.86,-27.96,-27.91,-27.91,23549,17638556.0,0.31,0.0
2005-07-05,五粮液,000858,-27.91,-27.81,-27.93,-27.91,-27.82,36173,27371008.0,0.47,-0.32
2005-07-04,五粮液,000858,-27.93,-27.82,-27.99,-27.82,-27.91,49824,37570276.0,0.65,0.32
2005-07-01,五粮液,000858,-27.91,-27.86,-27.97,-27.91,-27.9,53525,40076112.0,0.7,-0.04
2005-06-30,五粮液,000858,-27.82,-27.74,-27.93,-27.9,-27.8,83861,63402176.0,1.1,-0.36
2005-06-29,五粮液,000858,-27.75,-27.71,-27.82,-27.8,-27.72,53465,41328864.0,0.7,-0.29
2005-06-28,五粮液,000858,-27.67,-27.6,-27.79,-27.72,-27.63,156091,122454816.0,2.05,-0.33
2005-06-27,五粮液,000858,-27.73,-27.57,-27.75,-27.63,-27.77,237447,189496288.0,3.11,0.5
2005-06-24,五粮液,000858,-27.8,-27.74,-27.88,-27.77,-27.79,52106,39955776.0,0.68,0.07
2005-06-23,五粮液,000858,-27.74,-27.71,-27.8,-27.79,-27.73,64760,50071968.0,0.85,-0.22
2005-06-22,五粮液,000858,-27.75,-27.69,-27.82,-27.73,-27.75,94684,73794144.0,1.24,0.07
2005-06-21,五粮液,000858,-27.68,-27.67,-27.83,-27.75,-27.69,157126,122088824.0,2.06,-0.22
2005-06-20,五粮液,000858,-27.94,-27.63,-27.98,-27.69,-27.98,448166,347702272.0,5.87,1.04
2005-06-17,五粮液,000858,-28.04,-27.92,-28.04,-27.98,-28.04,57861,42778480.0,0.76,0.21
2005-06-16,五粮液,000858,-28.1,-28.02,-28.13,-28.04,-28.1,40581,29404064.0,0.53,0.21
2005-06-15,五粮液,000858,-28.11,-28.04,-28.15,-28.1,-28.11,44201,31934346.0,0.58,0.04
2005-06-14,五粮液,000858,-28.04,-28.02,-28.12,-28.11,-28.07,28596,20771446.0,0.37,-0.14
2005-06-13,五粮液,000858,-28.07,-28.03,-28.13,-28.07,-28.07,26883,19408262.0,0.35,0.0
2005-06-10,五粮液,000858,-27.98,-27.98,-28.12,-28.07,-27.97,74905,54242504.0,0.98,-0.36
2005-06-09,五粮液,000858,-27.91,-27.86,-28.02,-27.97,-27.93,99547,73919064.0,1.3,-0.14
2005-06-08,五粮液,000858,-28.19,-27.88,-28.29,-27.93,-28.27,189330,138516400.0,2.48,1.2
2005-06-07,五粮液,000858,-28.17,-28.16,-28.3,-28.27,-28.27,64625,45106636.0,0.85,0.0
2005-06-06,五粮液,000858,-28.42,-28.26,-28.49,-28.27,-28.41,59502,40085684.0,0.78,0.49
2005-06-03,五粮液,000858,-28.39,-28.37,-28.55,-28.41,-28.38,71720,47351608.0,0.94,-0.11
2005-06-02,五粮液,000858,-28.13,-28.13,-28.46,-28.38,-28.13,119576,81025704.0,1.57,-0.89
2005-06-01,五粮液,000858,-28.16,-28.09,-28.27,-28.13,-28.16,46147,32808750.0,0.6,0.11
2005-05-31,五粮液,000858,-28.16,-28.08,-28.16,-28.16,-28.19,39288,28129568.0,0.51,0.11
2005-05-30,五粮液,000858,-28.27,-28.18,-28.29,-28.19,-28.24,34741,24153636.0,0.46,0.18
2005-05-27,五粮液,000858,-28.22,-28.15,-28.27,-28.24,-28.19,36122,25245622.0,0.47,-0.18
2005-05-26,五粮液,000858,-28.11,-28.05,-28.22,-28.19,-28.11,82614,58440472.0,1.08,-0.28
2005-05-25,五粮液,000858,-28.01,-27.98,-28.13,-28.11,-27.98,98139,70905672.0,1.29,-0.46
2005-05-24,五粮液,000858,-28.07,-27.94,-28.07,-27.98,-28.05,27078,19914064.0,0.35,0.25
2005-05-23,五粮液,000858,-27.93,-27.93,-28.07,-28.05,-27.92,49568,36205136.0,0.65,-0.47
2005-05-20,五粮液,000858,-27.93,-27.9,-27.96,-27.92,-27.91,32420,24237292.0,0.42,-0.04
2005-05-19,五粮液,000858,-27.91,-27.9,-27.97,-27.91,-27.89,30119,22530096.0,0.39,-0.07
2005-05-18,五粮液,000858,-27.93,-27.88,-28.0,-27.89,-27.93,46556,34786472.0,0.61,0.14
2005-05-17,五粮液,000858,-28.03,-27.85,-28.05,-27.93,-28.0,70092,52503420.0,0.92,0.25
2005-05-16,五粮液,000858,-28.04,-27.98,-28.08,-28.0,-28.04,51242,37513676.0,0.67,0.14
2005-05-13,五粮液,000858,-28.12,-28.03,-28.14,-28.04,-28.1,71981,52070264.0,0.94,0.21
2005-05-12,五粮液,000858,-28.02,-27.94,-28.13,-28.1,-28.01,144336,105185376.0,1.89,-0.32
2005-05-11,五粮液,000858,-27.87,-27.8,-28.03,-28.01,-27.86,106266,79964888.0,1.39,-0.54
2005-05-10,五粮液,000858,-27.91,-27.83,-28.01,-27.86,-27.91,104870,78840008.0,1.37,0.18
2005-05-09,五粮液,000858,-27.82,-27.8,-27.97,-27.91,-27.82,72791,54533660.0,0.95,-0.32
2005-04-29,五粮液,000858,-27.76,-27.72,-27.84,-27.82,-27.75,99702,76684160.0,1.31,-0.25
2005-04-28,五粮液,000858,-27.86,-27.71,-27.9,-27.75,-27.86,215135,166340624.0,2.82,0.39
2005-04-27,五粮液,000858,-27.91,-27.8,-27.95,-27.86,-27.91,165426,125518872.0,2.17,0.18
2005-04-26,五粮液,000858,-27.93,-27.88,-27.97,-27.91,-27.94,109722,82340472.0,1.44,0.11
2005-04-25,五粮液,000858,-28.0,-27.87,-28.01,-27.94,-27.98,151962,113582896.0,1.99,0.14
2005-04-22,五粮液,000858,-28.1,-27.9,-28.1,-27.98,-28.1,163262,120619816.0,2.14,0.43
2005-04-21,五粮液,000858,-28.11,-28.04,-28.13,-28.1,-28.11,64025,46108788.0,0.84,0.04
2005-04-20,五粮液,000858,-28.05,-28.05,-28.13,-28.11,-28.04,42030,30193004.0,0.55,-0.25
2005-04-19,五粮液,000858,-27.99,-27.97,-28.07,-28.04,-28.01,45471,33305434.0,0.6,-0.11
2005-04-18,五粮液,000858,-28.08,-28.0,-28.15,-28.01,-28.02,59892,43274628.0,0.78,0.04
2005-04-14,五粮液,000858,-28.01,-27.91,-28.04,-28.02,-28.02,70447,52147700.0,0.92,0.0
2005-04-13,五粮液,000858,-27.96,-27.85,-28.08,-28.02,-28.02,136230,100515888.0,1.78,0.0
2005-04-12,五粮液,000858,-27.97,-27.97,-28.06,-28.02,-27.95,54383,39793168.0,0.71,-0.25
2005-04-11,五粮液,000858,-27.88,-27.86,-27.97,-27.95,-27.88,84920,63616968.0,1.11,-0.25
2005-04-08,五粮液,000858,-28.05,-27.88,-28.07,-27.88,-28.05,211241,158132176.0,2.77,0.61
2005-04-07,五粮液,000858,-27.99,-27.86,-28.07,-28.05,-27.98,137250,101929576.0,1.8,-0.25
2005-04-06,五粮液,000858,-28.05,-27.96,-28.1,-27.98,-28.05,146522,107765056.0,1.92,0.25
2005-04-05,五粮液,000858,-28.18,-28.03,-28.18,-28.05,-28.15,89426,64711756.0,1.17,0.36
2005-04-04,五粮液,000858,-28.16,-28.1,-28.22,-28.15,-28.12,34280,24424282.0,0.45,-0.11
2005-04-01,五粮液,000858,-28.29,-28.07,-28.29,-28.12,-28.26,46941,33238774.0,0.62,0.5
2005-03-31,五粮液,000858,-28.31,-28.24,-28.31,-28.26,-28.3,27089,18710974.0,0.35,0.14
2005-03-30,五粮液,000858,-28.16,-28.15,-28.31,-28.3,-28.15,47976,33526460.0,0.63,-0.53
2005-03-29,五粮液,000858,-28.11,-28.1,-28.16,-28.15,-28.12,23127,16522023.0,0.3,-0.11
2005-03-28,五粮液,000858,-28.17,-28.11,-28.21,-28.12,-28.15,20301,14368258.0,0.27,0.11
2005-03-25,五粮液,000858,-28.08,-28.07,-28.2,-28.15,-28.08,31654,22598502.0,0.41,-0.25
2005-03-24,五粮液,000858,-28.11,-28.07,-28.16,-28.08,-28.1,59397,42539768.0,0.78,0.07
2005-03-23,五粮液,000858,-28.25,-27.94,-28.25,-28.1,-28.27,213053,153849936.0,2.79,0.6
2005-03-22,五粮液,000858,-28.28,-28.26,-28.34,-28.27,-28.29,62585,42979968.0,0.82,0.07
2005-03-21,五粮液,000858,-28.33,-28.26,-28.36,-28.29,-28.33,22793,15644868.0,0.3,0.14
2005-03-18,五粮液,000858,-28.36,-28.3,-28.37,-28.33,-28.34,47482,32316386.0,0.62,0.04
2005-03-17,五粮液,000858,-28.29,-28.27,-28.37,-28.34,-28.29,45317,30846704.0,0.59,-0.18
2005-03-16,五粮液,000858,-28.24,-28.19,-28.31,-28.29,-28.22,71227,49480300.0,0.93,-0.25
2005-03-15,五粮液,000858,-28.1,-28.1,-28.22,-28.22,-28.1,73336,51915556.0,0.96,-0.43
2005-03-14,五粮液,000858,-28.16,-28.04,-28.22,-28.1,-28.16,83301,59841448.0,1.09,0.21
2005-03-11,五粮液,000858,-28.1,-28.06,-28.17,-28.16,-28.07,85951,61548020.0,1.13,-0.32
2005-03-10,五粮液,000858,-28.1,-28.04,-28.15,-28.07,-28.08,109382,79051040.0,1.43,0.04
2005-03-09,五粮液,000858,-28.17,-28.08,-28.22,-28.08,-28.16,124680,88782216.0,1.63,0.28
2005-03-08,五粮液,000858,-28.13,-28.13,-28.25,-28.16,-28.11,282909,199825952.0,3.71,-0.18
2005-03-07,五粮液,000858,-28.01,-27.99,-28.13,-28.11,-28.02,81746,59246720.0,1.07,-0.32
2005-03-04,五粮液,000858,-28.05,-27.96,-28.05,-28.02,-28.04,70177,51692556.0,0.92,0.07
2005-03-03,五粮液,000858,-28.09,-28.02,-28.11,-28.04,-28.07,44604,32310934.0,0.58,0.11
2005-03-02,五粮液,000858,-28.0,-27.94,-28.07,-28.07,-28.0,49789,36530324.0,0.65,-0.25
2005-03-01,五粮液,000858,-27.91,-27.91,-28.02,-28.0,-27.92,75146,55480728.0,0.98,-0.29
2005-02-28,五粮液,000858,-27.94,-27.85,-27.94,-27.92,-27.94,93052,69936016.0,1.22,0.07
2005-02-25,五粮液,000858,-28.04,-27.84,-28.06,-27.94,-28.06,345253,259891936.0,4.52,0.43
2005-02-24,五粮液,000858,-28.08,-28.05,-28.16,-28.06,-28.07,53355,38231168.0,0.7,0.04
2005-02-23,五粮液,000858,-28.03,-28.02,-28.1,-28.07,-28.03,42798,31082532.0,0.56,-0.14
2005-02-22,五粮液,000858,-28.07,-28.02,-28.11,-28.03,-28.07,67343,48877088.0,0.88,0.14
2005-02-21,五粮液,000858,-28.15,-28.04,-28.16,-28.07,-28.13,42413,30606746.0,0.56,0.21
2005-02-18,五粮液,000858,-28.07,-28.05,-28.19,-28.13,-28.04,80882,57788472.0,1.06,-0.32
2005-02-17,五粮液,000858,-27.99,-27.99,-28.11,-28.04,-28.04,43840,31708994.0,0.57,0.0
2005-02-16,五粮液,000858,-27.99,-27.93,-28.05,-28.04,-28.01,52847,38934676.0,0.69,-0.11
2005-02-04,五粮液,000858,-28.04,-27.97,-28.13,-28.01,-28.04,121983,89480272.0,1.6,0.11
2005-02-03,五粮液,000858,-28.02,-27.97,-28.09,-28.04,-28.02,92201,67439680.0,1.21,-0.07
2005-02-02,五粮液,000858,-28.16,-27.97,-28.17,-28.02,-28.15,145498,105816880.0,1.91,0.46
2005-02-01,五粮液,000858,-28.14,-28.08,-28.18,-28.15,-28.13,70522,50398720.0,0.92,-0.07
2005-01-31,五粮液,000858,-28.24,-28.1,-28.27,-28.13,-28.25,122800,87150768.0,1.61,0.42
2005-01-28,五粮液,000858,-28.32,-28.23,-28.35,-28.25,-28.32,36558,25312942.0,0.48,0.25
2005-01-27,五粮液,000858,-28.24,-28.24,-28.34,-28.32,-28.23,30718,21100718.0,0.4,-0.32
2005-01-26,五粮液,000858,-28.22,-28.17,-28.28,-28.23,-28.22,36478,25519454.0,0.48,-0.04
2005-01-25,五粮液,000858,-28.31,-28.22,-28.36,-28.22,-28.32,76220,52678144.0,1.0,0.35
2005-01-24,五粮液,000858,-28.29,-28.24,-28.34,-28.32,-28.34,37569,25740192.0,0.49,0.07
2005-01-21,五粮液,000858,-28.47,-28.32,-28.55,-28.34,-28.46,41342,27476154.0,0.54,0.42
2005-01-20,五粮液,000858,-28.4,-28.4,-28.46,-28.46,-28.38,20086,13297961.0,0.26,-0.28
2005-01-19,五粮液,000858,-28.39,-28.38,-28.43,-28.38,-28.41,12133,8121226.0,0.16,0.11
2005-01-18,五粮液,000858,-28.48,-28.4,-28.48,-28.41,-28.46,20679,13698900.0,0.27,0.18
2005-01-17,五粮液,000858,-28.36,-28.36,-28.49,-28.46,-28.35,40411,26925068.0,0.53,-0.39
2005-01-14,五粮液,000858,-28.37,-28.29,-28.38,-28.35,-28.37,34525,23564598.0,0.45,0.07
2005-01-13,五粮液,000858,-28.36,-28.33,-28.41,-28.37,-28.35,18869,12756650.0,0.25,-0.07
2005-01-12,五粮液,000858,-28.34,-28.32,-28.4,-28.35,-28.34,14064,9490258.0,0.18,-0.04
2005-01-11,五粮液,000858,-28.3,-28.29,-28.37,-28.34,-28.33,27546,18764032.0,0.36,-0.04
2005-01-10,五粮液,000858,-28.4,-28.33,-28.43,-28.33,-28.38,19190,12989877.0,0.25,0.18
2005-01-07,五粮液,000858,-28.4,-28.35,-28.43,-28.38,-28.42,23361,15773682.0,0.31,0.14
2005-01-06,五粮液,000858,-28.4,-28.38,-28.44,-28.42,-28.41,15008,10023313.0,0.2,-0.04
2005-01-05,五粮液,000858,-28.46,-28.38,-28.49,-28.41,-28.47,17279,11500804.0,0.23,0.21
2005-01-04,五粮液,000858,-28.4,-28.4,-28.65,-28.47,-28.4,18529,12215623.0,0.24,-0.25
2004-12-31,五粮液,000858,-28.4,-28.36,-28.4,-28.4,-28.41,31652,21322146.0,0.41,0.04
2004-12-30,五粮液,000858,-28.47,-28.35,-28.47,-28.41,-28.47,33366,22348998.0,0.44,0.21
2004-12-29,五粮液,000858,-28.46,-28.41,-28.5,-28.47,-28.47,34683,22880658.0,0.45,0.0
2004-12-28,五粮液,000858,-28.52,-28.46,-28.52,-28.47,-28.49,29515,19431460.0,0.39,0.07
2004-12-27,五粮液,000858,-28.46,-28.44,-28.51,-28.49,-28.46,14087,9263482.0,0.18,-0.11
2004-12-24,五粮液,000858,-28.46,-28.43,-28.48,-28.46,-28.46,15851,10478755.0,0.21,0.0
2004-12-23,五粮液,000858,-28.43,-28.43,-28.5,-28.46,-28.42,33649,22184024.0,0.44,-0.14
2004-12-22,五粮液,000858,-28.49,-28.4,-28.59,-28.42,-28.51,57277,37261968.0,0.75,0.32
2004-12-21,五粮液,000858,-28.49,-28.44,-28.52,-28.51,-28.48,31616,20717234.0,0.41,-0.11
2004-12-20,五粮液,000858,-28.43,-28.4,-28.49,-28.48,-28.43,27801,18381920.0,0.36,-0.18
2004-12-17,五粮液,000858,-28.43,-28.37,-28.44,-28.43,-28.43,23977,16046697.0,0.31,0.0
2004-12-16,五粮液,000858,-28.39,-28.39,-28.45,-28.43,-28.39,27051,18073126.0,0.35,-0.14
2004-12-15,五粮液,000858,-28.35,-28.32,-28.48,-28.39,-28.35,33880,22663218.0,0.44,-0.14
2004-12-14,五粮液,000858,-28.35,-28.3,-28.37,-28.35,-28.36,16264,11026438.0,0.21,0.04
2004-12-13,五粮液,000858,-28.35,-28.29,-28.4,-28.36,-28.32,27260,18507464.0,0.36,-0.14
2004-12-10,五粮液,000858,-28.25,-28.24,-28.34,-28.32,-28.26,32147,21957432.0,0.42,-0.21
2004-12-09,五粮液,000858,-28.32,-28.24,-28.37,-28.26,-28.33,27815,19193462.0,0.36,0.25
2004-12-08,五粮液,000858,-28.34,-28.27,-28.34,-28.33,-28.34,16709,11444569.0,0.22,0.04
2004-12-07,五粮液,000858,-28.33,-28.31,-28.35,-28.34,-28.33,22933,15618605.0,0.3,-0.04
2004-12-06,五粮液,000858,-28.31,-28.3,-28.37,-28.33,-28.29,31681,21524554.0,0.42,-0.14
2004-12-03,五粮液,000858,-28.33,-28.26,-28.34,-28.29,-28.33,30283,20822484.0,0.4,0.14
2004-12-02,五粮液,000858,-28.24,-28.24,-28.35,-28.33,-28.23,74546,50964256.0,0.98,-0.35
2004-12-01,五粮液,000858,-28.14,-28.13,-28.25,-28.23,-28.14,48266,33971904.0,0.63,-0.32
2004-11-30,五粮液,000858,-28.16,-28.13,-28.17,-28.14,-28.16,31244,22189994.0,0.41,0.07
2004-11-29,五粮液,000858,-28.13,-28.1,-28.18,-28.16,-28.13,25830,18425628.0,0.34,-0.11
2004-11-26,五粮液,000858,-28.1,-28.09,-28.15,-28.13,-28.11,22930,16430995.0,0.3,-0.07
2004-11-25,五粮液,000858,-28.13,-28.08,-28.16,-28.11,-28.14,36846,26410552.0,0.48,0.11
2004-11-24,五粮液,000858,-28.16,-28.11,-28.18,-28.14,-28.16,37445,26663040.0,0.49,0.07
2004-11-23,五粮液,000858,-28.1,-28.09,-28.17,-28.16,-28.1,70502,50091084.0,0.92,-0.21
2004-11-22,五粮液,000858,-28.08,-28.06,-28.16,-28.1,-28.1,72084,51501408.0,0.94,0.0
2004-11-19,五粮液,000858,-28.06,-28.04,-28.11,-28.1,-28.06,44798,32314608.0,0.59,-0.14
2004-11-18,五粮液,000858,-28.1,-28.05,-28.12,-28.06,-28.1,31400,22607644.0,0.41,0.14
2004-11-17,五粮液,000858,-28.02,-28.01,-28.11,-28.1,-28.04,43108,31107864.0,0.56,-0.21
2004-11-16,五粮液,000858,-28.0,-27.96,-28.07,-28.04,-28.01,40582,29726492.0,0.53,-0.11
2004-11-15,五粮液,000858,-28.06,-28.01,-28.06,-28.01,-28.06,36677,26774436.0,0.48,0.18
2004-11-12,五粮液,000858,-28.05,-28.01,-28.09,-28.06,-28.07,41873,30449996.0,0.55,0.04
2004-11-11,五粮液,000858,-27.97,-27.93,-28.07,-28.07,-27.97,118410,87523288.0,1.55,-0.36
2004-11-10,五粮液,000858,-28.08,-27.93,-28.15,-27.97,-28.11,79674,58513028.0,1.04,0.5
2004-11-09,五粮液,000858,-28.14,-28.07,-28.16,-28.11,-28.14,25181,18036148.0,0.33,0.11
2004-11-08,五粮液,000858,-28.16,-28.13,-28.22,-28.14,-28.14,39540,28059574.0,0.52,0.0
2004-11-05,五粮液,000858,-28.11,-28.01,-28.22,-28.14,-28.12,74012,52816532.0,0.97,-0.07
2004-11-04,五粮液,000858,-27.94,-27.93,-28.15,-28.12,-27.95,63261,45996480.0,0.83,-0.61
2004-11-03,五粮液,000858,-28.06,-27.94,-28.07,-27.95,-28.07,40569,29764892.0,0.53,0.43
2004-11-02,五粮液,000858,-28.1,-28.04,-28.17,-28.07,-28.09,52531,37705468.0,0.69,0.07
2004-11-01,五粮液,000858,-28.07,-27.99,-28.1,-28.09,-28.01,52644,38217132.0,0.69,-0.29
2004-10-29,五粮液,000858,-28.04,-27.94,-28.1,-28.01,-27.89,106082,78245408.0,1.39,-0.43
2004-10-28,五粮液,000858,-27.85,-27.85,-27.95,-27.89,-27.85,114114,85608848.0,1.5,-0.14
2004-10-27,五粮液,000858,-27.89,-27.8,-27.92,-27.85,-27.9,110312,83824936.0,1.45,0.18
2004-10-26,五粮液,000858,-27.96,-27.85,-28.05,-27.9,-27.96,87253,64854876.0,1.14,0.21
2004-10-25,五粮液,000858,-27.8,-27.75,-27.99,-27.96,-27.9,118833,89543480.0,1.56,-0.22
2004-10-22,五粮液,000858,-27.99,-27.88,-28.04,-27.9,-27.99,158508,118455048.0,2.08,0.32
2004-10-21,五粮液,000858,-28.07,-27.93,-28.1,-27.99,-28.07,135950,100152056.0,1.78,0.29
2004-10-20,五粮液,000858,-28.13,-28.07,-28.19,-28.07,-28.13,90791,65108420.0,1.19,0.21
2004-10-19,五粮液,000858,-28.23,-28.1,-28.31,-28.13,-28.28,151234,106964104.0,1.98,0.53
2004-10-18,五粮液,000858,-28.15,-28.13,-28.29,-28.28,-28.15,160276,112164432.0,2.1,-0.46
2004-10-15,五粮液,000858,-28.22,-28.11,-28.29,-28.15,-28.21,183680,129245360.0,2.41,0.21
2004-10-14,五粮液,000858,-28.02,-27.99,-28.24,-28.21,-28.01,171151,121681304.0,2.24,-0.71
2004-10-13,五粮液,000858,-27.93,-27.86,-28.07,-28.01,-27.92,155207,114427040.0,2.03,-0.32
2004-10-12,五粮液,000858,-27.75,-27.75,-27.96,-27.92,-27.74,182882,138091600.0,2.4,-0.65
2004-10-11,五粮液,000858,-27.64,-27.59,-27.79,-27.74,-27.64,329161,258224032.0,4.31,-0.36
2004-10-08,五粮液,000858,-27.86,-27.62,-28.02,-27.64,-27.87,250251,191638096.0,3.28,0.83
2004-09-30,五粮液,000858,-27.85,-27.76,-27.93,-27.87,-27.85,207823,158049888.0,2.72,-0.07
2004-09-29,五粮液,000858,-27.82,-27.79,-27.9,-27.85,-27.84,237264,180930000.0,3.11,-0.04
2004-09-28,五粮液,000858,-28.11,-27.75,-28.11,-27.84,-28.12,436465,328319072.0,5.72,1.0
2004-09-27,五粮液,000858,-27.93,-27.88,-28.17,-28.12,-28.01,352852,259768272.0,4.62,-0.39
2004-09-24,五粮液,000858,-28.24,-27.86,-28.24,-28.01,-28.28,792440,589330432.0,10.38,0.95
2004-09-23,五粮液,000858,-28.42,-28.28,-28.45,-28.28,-28.41,74789,50502956.0,0.98,0.46
2004-09-22,五粮液,000858,-28.37,-28.31,-28.47,-28.41,-28.32,134775,90213992.0,1.77,-0.32
2004-09-21,五粮液,000858,-28.28,-28.22,-28.39,-28.32,-28.3,150161,103458096.0,1.97,-0.07
2004-09-20,五粮液,000858,-28.37,-28.29,-28.41,-28.3,-28.41,193819,131372800.0,2.54,0.39
2004-09-17,五粮液,000858,-28.49,-28.4,-28.53,-28.41,-28.49,84367,55798640.0,1.11,0.28
2004-09-16,五粮液,000858,-28.46,-28.44,-28.54,-28.49,-28.47,47536,31141092.0,0.62,-0.07
2004-09-15,五粮液,000858,-28.6,-28.39,-28.62,-28.47,-28.61,88904,58315784.0,1.16,0.49
2004-09-14,五粮液,000858,-28.71,-28.59,-28.71,-28.61,-28.73,25239,16021831.0,0.33,0.42
2004-09-13,五粮液,000858,-28.69,-28.67,-28.74,-28.73,-28.69,16128,9951302.0,0.21,-0.14
2004-09-10,五粮液,000858,-28.75,-28.68,-28.75,-28.69,-28.74,19444,12059817.0,0.25,0.17
2004-09-09,五粮液,000858,-28.63,-28.6,-28.76,-28.74,-28.62,42953,26613132.0,0.56,-0.42
2004-09-08,五粮液,000858,-28.57,-28.57,-28.62,-28.62,-28.57,16286,10360524.0,0.21,-0.18
2004-09-07,五粮液,000858,-28.6,-28.56,-28.63,-28.57,-28.6,11358,7245999.5,0.15,0.1
2004-09-06,五粮液,000858,-28.59,-28.57,-28.62,-28.6,-28.59,7838,5012099.5,0.1,-0.03
2004-09-03,五粮液,000858,-28.59,-28.57,-28.62,-28.59,-28.59,11458,7329376.0,0.15,0.0
2004-09-02,五粮液,000858,-28.59,-28.58,-28.65,-28.59,-28.59,13758,8753041.0,0.18,0.0
2004-09-01,五粮液,000858,-28.55,-28.55,-28.6,-28.59,-28.57,13450,8612598.0,0.18,-0.07
2004-08-31,五粮液,000858,-28.59,-28.48,-28.62,-28.57,-28.63,29569,19054470.0,0.39,0.21
2004-08-30,五粮液,000858,-28.61,-28.6,-28.65,-28.63,-28.61,12687,8020318.0,0.17,-0.07
2004-08-27,五粮液,000858,-28.59,-28.57,-28.62,-28.61,-28.59,15636,9960172.0,0.2,-0.07
2004-08-26,五粮液,000858,-28.59,-28.55,-28.62,-28.59,-28.59,11076,7090231.0,0.15,0.0
2004-08-25,五粮液,000858,-28.55,-28.55,-28.6,-28.59,-28.59,9566,6120661.5,0.13,0.0
2004-08-24,五粮液,000858,-28.61,-28.53,-28.63,-28.59,-28.6,12817,8230918.0,0.17,0.03
2004-08-23,五粮液,000858,-28.54,-28.53,-28.62,-28.6,-28.54,16790,10764889.0,0.22,-0.21
2004-08-20,五粮液,000858,-28.52,-28.52,-28.57,-28.54,-28.54,18462,11927749.0,0.24,0.0
2004-08-19,五粮液,000858,-28.52,-28.5,-28.57,-28.54,-28.52,25718,16648498.0,0.34,-0.07
2004-08-18,五粮液,000858,-28.5,-28.46,-28.52,-28.52,-28.52,40023,26230060.0,0.52,0.0
2004-08-17,五粮液,000858,-28.54,-28.51,-28.55,-28.52,-28.52,29608,19241950.0,0.39,0.0
2004-08-16,五粮液,000858,-28.59,-28.49,-28.6,-28.52,-28.58,34446,22382072.0,0.45,0.21
2004-08-13,五粮液,000858,-28.64,-28.57,-28.64,-28.58,-28.61,13453,8600943.0,0.18,0.1
2004-08-12,五粮液,000858,-28.62,-28.58,-28.65,-28.61,-28.6,25727,16355586.0,0.34,-0.03
2004-08-11,五粮液,000858,-28.56,-28.56,-28.6,-28.6,-28.55,17359,11099564.0,0.23,-0.18
2004-08-10,五粮液,000858,-28.59,-28.54,-28.6,-28.55,-28.56,20531,13173391.0,0.27,0.04
2004-08-09,五粮液,000858,-28.58,-28.55,-28.61,-28.56,-28.58,16244,10410115.0,0.21,0.07
2004-08-06,五粮液,000858,-28.59,-28.54,-28.61,-28.58,-28.57,23011,14729957.0,0.3,-0.04
2004-08-05,五粮液,000858,-28.51,-28.49,-28.59,-28.57,-28.51,34755,22516722.0,0.46,-0.21
2004-08-04,五粮液,000858,-28.56,-28.43,-28.67,-28.51,-28.55,78457,50696544.0,1.03,0.14
2004-08-03,五粮液,000858,-28.54,-28.51,-28.57,-28.55,-28.54,17593,11369889.0,0.23,-0.04
2004-08-02,五粮液,000858,-28.54,-28.52,-28.59,-28.54,-28.53,16195,10459353.0,0.21,-0.04
2004-07-30,五粮液,000858,-28.54,-28.48,-28.55,-28.53,-28.54,47182,30760894.0,0.62,0.04
2004-07-29,五粮液,000858,-28.59,-28.52,-28.62,-28.54,-28.59,45072,29116892.0,0.59,0.17
2004-07-28,五粮液,000858,-28.45,-28.41,-28.68,-28.59,-28.45,92670,59209120.0,1.21,-0.49
2004-07-27,五粮液,000858,-28.42,-28.37,-28.49,-28.45,-28.4,61961,41186432.0,0.81,-0.18
2004-07-26,五粮液,000858,-28.49,-28.37,-28.54,-28.4,-28.49,98116,65366216.0,1.29,0.32
2004-07-23,五粮液,000858,-28.62,-28.48,-28.66,-28.49,-28.62,35432,22793254.0,0.46,0.45
2004-07-22,五粮液,000858,-28.49,-28.48,-28.64,-28.62,-28.51,51083,32781586.0,0.67,-0.39
2004-07-21,五粮液,000858,-28.55,-28.5,-28.57,-28.51,-28.55,29014,18800474.0,0.38,0.14
2004-07-20,五粮液,000858,-28.49,-28.49,-28.57,-28.55,-28.5,33108,21358612.0,0.43,-0.18
2004-07-19,五粮液,000858,-28.46,-28.46,-28.53,-28.5,-28.48,42281,27643574.0,0.55,-0.07
2004-07-16,五粮液,000858,-28.62,-28.43,-28.62,-28.48,-28.62,109396,71721848.0,1.43,0.49
2004-07-15,五粮液,000858,-28.72,-28.62,-28.73,-28.62,-28.72,34263,21557422.0,0.45,0.35
2004-07-14,五粮液,000858,-28.76,-28.7,-28.77,-28.72,-28.76,16011,9846990.0,0.21,0.14
2004-07-13,五粮液,000858,-28.77,-28.72,-28.79,-28.76,-28.77,18093,11083025.0,0.24,0.03
2004-07-12,五粮液,000858,-28.71,-28.71,-28.79,-28.77,-28.7,22660,13827819.0,0.3,-0.24
2004-07-09,五粮液,000858,-28.65,-28.65,-28.71,-28.7,-28.66,16113,10065854.0,0.21,-0.14
2004-07-08,五粮液,000858,-28.65,-28.64,-28.68,-28.66,-28.64,13310,8347720.5,0.17,-0.07
2004-07-07,五粮液,000858,-28.6,-28.6,-28.66,-28.64,-28.6,18725,11809306.0,0.25,-0.14
2004-07-06,五粮液,000858,-28.62,-28.54,-28.65,-28.6,-28.62,39633,25435992.0,0.52,0.07
2004-07-05,五粮液,000858,-28.65,-28.62,-28.69,-28.62,-28.64,21133,13273826.0,0.28,0.07
2004-07-02,五粮液,000858,-28.63,-28.61,-28.7,-28.64,-28.65,29712,18678208.0,0.39,0.03
2004-07-01,五粮液,000858,-28.77,-28.63,-28.78,-28.65,-28.76,56626,35365220.0,0.74,0.38
2004-06-30,五粮液,000858,-28.74,-28.73,-28.77,-28.76,-28.74,15119,9274658.0,0.2,-0.07
2004-06-29,五粮液,000858,-28.78,-28.69,-28.82,-28.74,-28.78,25284,15470171.0,0.33,0.14
2004-06-28,五粮液,000858,-28.8,-28.72,-28.86,-28.78,-28.8,32058,19426764.0,0.42,0.07
2004-06-25,五粮液,000858,-28.77,-28.73,-28.82,-28.8,-28.77,22072,13385244.0,0.29,-0.1
2004-06-24,五粮液,000858,-28.74,-28.74,-28.77,-28.77,-28.74,18767,11483027.0,0.25,-0.1
2004-06-23,五粮液,000858,-28.71,-28.69,-28.76,-28.74,-28.71,18463,11328117.0,0.24,-0.1
2004-06-22,五粮液,000858,-28.76,-28.7,-28.77,-28.71,-28.76,29093,17891996.0,0.38,0.17
2004-06-21,五粮液,000858,-28.78,-28.73,-28.82,-28.76,-28.79,17724,10812992.0,0.23,0.1
2004-06-18,五粮液,000858,-28.79,-28.78,-28.83,-28.79,-28.77,30991,18673112.0,0.41,-0.07
2004-06-17,五粮液,000858,-28.74,-28.73,-28.8,-28.77,-28.73,25601,15570455.0,0.34,-0.14
2004-06-16,五粮液,000858,-28.72,-28.66,-28.78,-28.73,-28.72,26619,16472944.0,0.35,-0.03
2004-06-15,五粮液,000858,-28.81,-28.71,-28.83,-28.72,-28.82,40129,24561856.0,0.53,0.35
2004-06-14,五粮液,000858,-28.74,-28.72,-28.84,-28.82,-28.74,43943,26569872.0,0.58,-0.28
2004-06-11,五粮液,000858,-28.74,-28.65,-28.76,-28.74,-28.74,26691,16559987.0,0.35,0.0
2004-06-10,五粮液,000858,-28.77,-28.7,-28.78,-28.74,-28.73,42258,25911610.0,0.55,-0.03
2004-06-09,五粮液,000858,-28.66,-28.65,-28.76,-28.73,-28.65,41713,25799710.0,0.55,-0.28
2004-06-08,五粮液,000858,-28.62,-28.62,-28.68,-28.65,-28.63,29412,18501924.0,0.39,-0.07
2004-06-07,五粮液,000858,-28.59,-28.59,-28.65,-28.63,-28.61,23313,14719797.0,0.31,-0.07
2004-06-04,五粮液,000858,-28.63,-28.6,-28.65,-28.61,-28.61,37585,23790688.0,0.49,0.0
2004-06-03,五粮液,000858,-28.54,-28.54,-28.65,-28.61,-28.54,40658,25910204.0,0.53,-0.25
2004-06-02,五粮液,000858,-28.46,-28.45,-28.55,-28.54,-28.46,55442,36135440.0,0.73,-0.28
2004-06-01,五粮液,000858,-28.55,-28.44,-28.58,-28.46,-28.55,51004,33447990.0,0.67,0.32
2004-05-28,五粮液,000858,-28.51,-28.49,-28.55,-28.55,-28.52,30412,19731462.0,0.4,-0.11
2004-05-27,五粮液,000858,-28.67,-28.5,-28.7,-28.52,-28.66,49452,31692236.0,0.65,0.49
2004-05-26,五粮液,000858,-28.66,-28.59,-28.71,-28.66,-28.63,40628,25526138.0,0.53,-0.1
2004-05-25,五粮液,000858,-28.51,-28.5,-28.65,-28.63,-28.51,60291,38498460.0,0.79,-0.42
2004-05-24,五粮液,000858,-28.48,-28.43,-28.52,-28.51,-28.48,36206,23678754.0,0.47,-0.11
2004-05-21,五粮液,000858,-28.46,-28.43,-28.52,-28.48,-28.47,39761,26103096.0,0.52,-0.04
2004-05-20,五粮液,000858,-28.42,-28.38,-28.49,-28.47,-28.42,41678,27611776.0,0.55,-0.18
2004-05-19,五粮液,000858,-28.37,-28.35,-28.46,-28.42,-28.37,60822,40739912.0,0.8,-0.18
2004-05-18,五粮液,000858,-28.37,-28.33,-28.57,-28.37,-28.36,105338,69904088.0,1.38,-0.04
2004-05-17,五粮液,000858,-28.3,-28.29,-28.37,-28.36,-28.29,48494,33030494.0,0.64,-0.25
2004-05-14,五粮液,000858,-28.19,-28.19,-28.3,-28.29,-28.2,42149,29154984.0,0.55,-0.32
2004-05-13,五粮液,000858,-28.28,-28.16,-28.32,-28.2,-28.28,71884,50135892.0,0.94,0.28
2004-05-12,五粮液,000858,-28.35,-28.27,-28.38,-28.28,-28.35,58417,39985580.0,0.77,0.25
2004-05-11,五粮液,000858,-28.37,-28.29,-28.4,-28.35,-28.36,48074,32566146.0,0.63,0.04
2004-05-10,五粮液,000858,-28.25,-28.22,-28.37,-28.36,-28.26,71533,48806880.0,0.94,-0.35
2004-04-30,五粮液,000858,-28.31,-28.2,-28.32,-28.26,-28.31,58070,40124764.0,0.76,0.18
2004-04-29,五粮液,000858,-28.22,-28.13,-28.34,-28.31,-28.22,125967,87409664.0,1.65,-0.32
2004-04-28,五粮液,000858,-28.28,-28.19,-28.31,-28.22,-28.28,69222,48175164.0,0.91,0.21
2004-04-27,五粮液,000858,-28.28,-28.22,-28.32,-28.28,-28.29,88544,61373404.0,1.16,0.04
2004-04-26,五粮液,000858,-28.34,-28.26,-28.39,-28.29,-28.34,60873,41662312.0,0.8,0.18
2004-04-23,五粮液,000858,-28.19,-28.19,-28.37,-28.34,-28.18,176638,121099224.0,2.31,-0.57
2004-04-22,五粮液,000858,-28.16,-28.13,-28.24,-28.18,-28.16,66068,46542916.0,0.87,-0.07
2004-04-21,五粮液,000858,-28.19,-28.07,-28.22,-28.16,-28.2,93758,66372156.0,1.23,0.14
2004-04-20,五粮液,000858,-28.13,-28.13,-28.23,-28.2,-28.13,112646,79321472.0,1.48,-0.25
2004-04-19,五粮液,000858,-28.01,-27.99,-28.16,-28.13,-28.02,113559,82027880.0,1.49,-0.39
2004-04-16,五粮液,000858,-28.0,-27.94,-28.12,-28.02,-28.01,165666,121213008.0,2.17,-0.04
2004-04-15,五粮液,000858,-28.16,-27.91,-28.19,-28.01,-28.22,339327,248326960.0,4.45,0.74
2004-04-14,五粮液,000858,-28.07,-28.04,-28.28,-28.22,-28.07,187383,131434648.0,2.46,-0.53
2004-04-13,五粮液,000858,-28.08,-27.88,-28.1,-28.07,-28.09,287860,212040416.0,3.77,0.07
2004-04-12,五粮液,000858,-28.01,-27.94,-28.1,-28.09,-27.98,140355,208175072.0,3.68,-0.39
2004-04-09,五粮液,000858,-27.86,-27.8,-28.04,-27.98,-27.83,146411,221102544.0,3.84,-0.54
2004-04-08,五粮液,000858,-27.88,-27.79,-27.91,-27.83,-27.89,126929,195230384.0,3.33,0.22
2004-04-07,五粮液,000858,-28.08,-27.82,-28.08,-27.89,-28.13,225322,342431808.0,5.9,0.85
2004-04-06,五粮液,000858,-28.13,-28.1,-28.19,-28.13,-28.13,54283,78362712.0,1.42,0.0
2004-04-05,五粮液,000858,-28.19,-28.07,-28.23,-28.13,-28.29,124876,180042288.0,3.27,0.57
2004-04-01,五粮液,000858,-28.24,-28.23,-28.29,-28.29,-28.24,75784,106575480.0,1.99,-0.18
2004-03-31,五粮液,000858,-28.3,-28.21,-28.32,-28.24,-28.31,87395,123058656.0,2.29,0.25
2004-03-30,五粮液,000858,-28.34,-28.26,-28.34,-28.31,-28.33,55414,77115872.0,1.45,0.07
2004-03-29,五粮液,000858,-28.34,-28.24,-28.35,-28.33,-28.35,100068,139407296.0,2.62,0.07
2004-03-26,五粮液,000858,-28.51,-28.33,-28.51,-28.35,-28.51,90752,123402144.0,2.38,0.56
2004-03-25,五粮液,000858,-28.49,-28.46,-28.53,-28.51,-28.49,41110,54471676.0,1.08,-0.07
2004-03-24,五粮液,000858,-28.46,-28.44,-28.5,-28.49,-28.47,31985,42722364.0,0.84,-0.07
2004-03-23,五粮液,000858,-28.42,-28.42,-28.48,-28.47,-28.42,38181,51218068.0,1.0,-0.18
2004-03-22,五粮液,000858,-28.47,-28.38,-28.47,-28.42,-28.48,37780,51191016.0,0.99,0.21
2004-03-19,五粮液,000858,-28.51,-28.45,-28.53,-28.48,-28.51,30744,41015680.0,0.81,0.11
2004-03-18,五粮液,000858,-28.42,-28.41,-28.55,-28.51,-28.41,60346,80575912.0,1.58,-0.35
2004-03-17,五粮液,000858,-28.38,-28.38,-28.43,-28.41,-28.39,41923,56902424.0,1.1,-0.07
2004-03-16,五粮液,000858,-28.41,-28.38,-28.49,-28.39,-28.42,94204,127689744.0,2.47,0.11
2004-03-15,五粮液,000858,-28.49,-28.38,-28.52,-28.42,-28.49,90318,121611008.0,2.37,0.25
2004-03-12,五粮液,000858,-28.51,-28.46,-28.56,-28.49,-28.51,47463,62748756.0,1.24,0.07
2004-03-11,五粮液,000858,-28.56,-28.48,-28.6,-28.51,-28.56,50536,66732472.0,1.32,0.18
2004-03-10,五粮液,000858,-28.63,-28.55,-28.66,-28.56,-28.62,65482,84946000.0,1.72,0.21
2004-03-09,五粮液,000858,-28.55,-28.5,-28.63,-28.62,-28.55,59473,77850200.0,1.56,-0.25
2004-03-08,五粮液,000858,-28.51,-28.45,-28.55,-28.55,-28.52,53439,70744080.0,1.4,-0.11
2004-03-05,五粮液,000858,-28.49,-28.44,-28.54,-28.52,-28.49,49358,65685568.0,1.29,-0.11
2004-03-04,五粮液,000858,-28.49,-28.45,-28.55,-28.49,-28.48,79941,105841640.0,2.09,-0.04
2004-03-03,五粮液,000858,-28.35,-28.32,-28.49,-28.48,-28.35,116763,158289152.0,3.06,-0.46
2004-03-02,五粮液,000858,-28.36,-28.33,-28.44,-28.35,-28.37,130475,177844384.0,3.42,0.07
2004-03-01,五粮液,000858,-28.4,-28.3,-28.41,-28.37,-28.41,175963,241992048.0,4.61,0.14
2004-02-27,五粮液,000858,-28.27,-28.23,-28.46,-28.41,-28.32,365912,505490368.0,9.59,-0.32
2004-02-26,五粮液,000858,-28.58,-28.32,-28.67,-28.32,-28.71,664847,892184128.0,17.42,1.36
2004-02-25,五粮液,000858,-28.71,-28.52,-28.76,-28.71,-28.84,474769,609655168.0,12.44,0.45
2004-02-24,五粮液,000858,-29.13,-28.81,-29.21,-28.84,-29.12,187935,220253920.0,4.92,0.96
2004-02-23,五粮液,000858,-29.01,-28.99,-29.13,-29.12,-29.02,46461,52927740.0,1.22,-0.34
2004-02-20,五粮液,000858,-28.97,-28.96,-29.05,-29.02,-28.97,32134,37214724.0,0.84,-0.17
2004-02-19,五粮液,000858,-28.93,-28.92,-28.98,-28.97,-28.96,37275,43930176.0,0.98,-0.03
2004-02-18,五粮液,000858,-28.98,-28.92,-28.99,-28.96,-28.95,34975,41141532.0,0.92,-0.03
2004-02-17,五粮液,000858,-29.02,-28.93,-29.02,-28.95,-29.03,59925,70513544.0,1.57,0.28
2004-02-16,五粮液,000858,-29.09,-29.01,-29.1,-29.03,-29.09,33168,37984024.0,0.87,0.21
2004-02-13,五粮液,000858,-29.02,-29.02,-29.09,-29.09,-29.02,28930,33049842.0,0.76,-0.24
2004-02-12,五粮液,000858,-29.06,-29.0,-29.07,-29.02,-29.06,39934,46101904.0,1.05,0.14
2004-02-11,五粮液,000858,-29.06,-29.05,-29.1,-29.06,-29.06,24689,28091624.0,0.65,0.0
2004-02-10,五粮液,000858,-29.01,-28.99,-29.08,-29.06,-29.01,58775,67227024.0,1.54,-0.17
2004-02-09,五粮液,000858,-29.05,-29.0,-29.1,-29.01,-29.05,90301,103572584.0,2.37,0.14
2004-02-06,五粮液,000858,-28.95,-28.95,-29.05,-29.05,-28.95,76865,89124608.0,2.01,-0.35
2004-02-05,五粮液,000858,-28.91,-28.9,-28.98,-28.95,-28.9,48245,56868280.0,1.26,-0.17
2004-02-04,五粮液,000858,-28.94,-28.88,-28.97,-28.9,-28.95,48541,57938308.0,1.27,0.17
2004-02-03,五粮液,000858,-28.9,-28.89,-29.0,-28.95,-28.91,43961,51750256.0,1.15,-0.14
2004-02-02,五粮液,000858,-28.95,-28.84,-28.96,-28.91,-28.97,59323,71047384.0,1.55,0.21
2004-01-30,五粮液,000858,-28.81,-28.81,-28.98,-28.97,-28.83,31183,37045368.0,0.82,-0.49
2004-01-29,五粮液,000858,-28.89,-28.82,-28.92,-28.83,-28.91,26369,31801002.0,0.69,0.28
2004-01-16,五粮液,000858,-28.88,-28.85,-28.92,-28.91,-28.88,38346,46077044.0,1.0,-0.1
2004-01-15,五粮液,000858,-28.94,-28.84,-28.97,-28.88,-28.95,63945,76962880.0,1.68,0.24
2004-01-14,五粮液,000858,-29.0,-28.91,-29.09,-28.95,-29.0,59746,70177888.0,1.57,0.17
2004-01-13,五粮液,000858,-29.02,-28.98,-29.05,-29.0,-29.04,36955,42931312.0,0.97,0.14
2004-01-12,五粮液,000858,-29.09,-29.03,-29.13,-29.04,-29.09,45646,51830732.0,1.2,0.17
2004-01-09,五粮液,000858,-28.97,-28.94,-29.1,-29.09,-28.97,62051,72143168.0,1.63,-0.41
2004-01-08,五粮液,000858,-28.94,-28.91,-29.0,-28.97,-28.95,45658,53541724.0,1.2,-0.07
2004-01-07,五粮液,000858,-28.99,-28.92,-29.02,-28.95,-28.98,44541,52539776.0,1.17,0.1
2004-01-06,五粮液,000858,-29.01,-28.94,-29.04,-28.98,-29.02,53248,62288904.0,1.4,0.14
2004-01-05,五粮液,000858,-29.11,-28.97,-29.11,-29.02,-29.13,67991,78620064.0,1.78,0.38
2004-01-02,五粮液,000858,-29.16,-29.09,-29.16,-29.13,-29.14,32386,36388564.0,0.85,0.03
2003-12-31,五粮液,000858,-29.07,-29.04,-29.17,-29.14,-29.08,62879,70828464.0,1.65,-0.21
2003-12-30,五粮液,000858,-29.1,-29.04,-29.11,-29.08,-29.12,30171,34516300.0,0.79,0.14
2003-12-29,五粮液,000858,-29.11,-29.06,-29.17,-29.12,-29.13,49498,55732164.0,1.3,0.03
2003-12-26,五粮液,000858,-29.11,-29.04,-29.14,-29.13,-29.11,47868,54105852.0,1.25,-0.07
2003-12-25,五粮液,000858,-29.03,-29.02,-29.12,-29.11,-29.04,77436,88185552.0,2.03,-0.24
2003-12-24,五粮液,000858,-29.1,-29.02,-29.13,-29.04,-29.11,64459,73643472.0,1.69,0.24
2003-12-23,五粮液,000858,-29.12,-29.08,-29.16,-29.11,-29.13,57192,64300088.0,1.5,0.07
2003-12-22,五粮液,000858,-29.23,-29.02,-29.23,-29.13,-29.23,70126,78301920.0,1.84,0.34
2003-12-19,五粮液,000858,-29.2,-29.18,-29.27,-29.23,-29.2,56623,61683028.0,1.48,-0.1
2003-12-18,五粮液,000858,-29.32,-29.17,-29.33,-29.2,-29.31,105350,114754400.0,2.76,0.38
2003-12-17,五粮液,000858,-29.35,-29.24,-29.36,-29.31,-29.34,65208,69918904.0,1.71,0.1
2003-12-16,五粮液,000858,-29.35,-29.32,-29.41,-29.34,-29.31,25791,26992770.0,0.68,-0.1
2003-12-15,五粮液,000858,-29.38,-29.3,-29.38,-29.31,-29.38,28260,29828108.0,0.74,0.24
2003-12-12,五粮液,000858,-29.33,-29.33,-29.38,-29.38,-29.34,21238,22184854.0,0.56,-0.14
2003-12-11,五粮液,000858,-29.34,-29.31,-29.4,-29.34,-29.35,31840,33475076.0,0.83,0.03
2003-12-10,五粮液,000858,-29.38,-29.34,-29.39,-29.35,-29.38,29143,30416446.0,0.76,0.1
2003-12-09,五粮液,000858,-29.42,-29.38,-29.42,-29.38,-29.39,17543,18130952.0,0.46,0.03
2003-12-08,五粮液,000858,-29.34,-29.29,-29.39,-29.39,-29.35,29579,30967312.0,0.77,-0.14
2003-12-05,五粮液,000858,-29.49,-29.34,-29.49,-29.35,-29.47,92490,96071816.0,2.42,0.41
2003-12-04,五粮液,000858,-29.43,-29.42,-29.49,-29.47,-29.43,39965,40424008.0,1.05,-0.14
2003-12-03,五粮液,000858,-29.42,-29.4,-29.46,-29.43,-29.41,27054,27632844.0,0.71,-0.07
2003-12-02,五粮液,000858,-29.39,-29.38,-29.43,-29.41,-29.41,20966,21606392.0,0.55,0.0
2003-12-01,五粮液,000858,-29.44,-29.39,-29.45,-29.41,-29.44,18020,18548658.0,0.47,0.1
2003-11-28,五粮液,000858,-29.47,-29.42,-29.48,-29.44,-29.46,9968,10163453.0,0.26,0.07
2003-11-27,五粮液,000858,-29.41,-29.37,-29.48,-29.46,-29.45,12700,13008265.0,0.33,-0.03
2003-11-26,五粮液,000858,-29.42,-29.42,-29.47,-29.45,-29.43,23045,23357744.0,0.6,-0.07
2003-11-25,五粮液,000858,-29.42,-29.37,-29.45,-29.43,-29.43,28963,29892718.0,0.76,0.0
2003-11-24,五粮液,000858,-29.5,-29.43,-29.5,-29.43,-29.5,17214,17411468.0,0.45,0.24
2003-11-21,五粮液,000858,-29.45,-29.43,-29.51,-29.5,-29.45,15000,15162688.0,0.39,-0.17
2003-11-20,五粮液,000858,-29.5,-29.43,-29.53,-29.45,-29.52,19975,20100824.0,0.52,0.24
2003-11-19,五粮液,000858,-29.56,-29.5,-29.57,-29.52,-29.53,11983,11886013.0,0.31,0.03
2003-11-18,五粮液,000858,-29.49,-29.49,-29.56,-29.53,-29.48,12788,12672858.0,0.34,-0.17
2003-11-17,五粮液,000858,-29.49,-29.46,-29.51,-29.48,-29.48,7531,7547573.5,0.2,0.0
2003-11-14,五粮液,000858,-29.48,-29.46,-29.51,-29.48,-29.47,14726,14767639.0,0.39,-0.03
2003-11-13,五粮液,000858,-29.46,-29.44,-29.5,-29.47,-29.46,17092,17277806.0,0.45,-0.03
2003-11-12,五粮液,000858,-29.36,-29.35,-29.47,-29.46,-29.35,19721,20279784.0,0.52,-0.37
2003-11-11,五粮液,000858,-29.42,-29.35,-29.42,-29.35,-29.42,26366,27314316.0,0.69,0.24
2003-11-10,五粮液,000858,-29.47,-29.41,-29.49,-29.42,-29.45,20135,20501154.0,0.53,0.1
2003-11-07,五粮液,000858,-29.38,-29.38,-29.5,-29.45,-29.38,42354,43100632.0,1.11,-0.24
2003-11-06,五粮液,000858,-29.33,-29.32,-29.41,-29.38,-29.36,33755,35178196.0,0.88,-0.07
2003-11-05,五粮液,000858,-29.4,-29.34,-29.42,-29.36,-29.41,30812,31962058.0,0.81,0.17
2003-11-04,五粮液,000858,-29.44,-29.32,-29.5,-29.41,-29.46,70091,73123136.0,1.84,0.17
2003-11-03,五粮液,000858,-29.48,-29.45,-29.51,-29.46,-29.5,18807,18923050.0,0.49,0.14
2003-10-31,五粮液,000858,-29.54,-29.47,-29.54,-29.5,-29.52,34231,34331288.0,0.9,0.07
2003-10-30,五粮液,000858,-29.54,-29.49,-29.56,-29.52,-29.54,49972,49824504.0,1.31,0.07
2003-10-29,五粮液,000858,-29.61,-29.54,-29.62,-29.54,-29.61,37182,36078168.0,0.97,0.24
2003-10-28,五粮液,000858,-29.62,-29.59,-29.63,-29.61,-29.61,13381,12896880.0,0.35,0.0
2003-10-27,五粮液,000858,-29.62,-29.57,-29.63,-29.61,-29.61,14020,13535891.0,0.37,0.0
2003-10-24,五粮液,000858,-29.58,-29.56,-29.63,-29.61,-29.58,8716,8418198.0,0.23,-0.1
2003-10-23,五粮液,000858,-29.56,-29.54,-29.59,-29.58,-29.57,16874,16514057.0,0.44,-0.03
2003-10-22,五粮液,000858,-29.62,-29.53,-29.62,-29.57,-29.62,24856,24338782.0,0.65,0.17
2003-10-21,五粮液,000858,-29.63,-29.61,-29.64,-29.62,-29.63,11202,10759989.0,0.29,0.03
2003-10-20,五粮液,000858,-29.65,-29.61,-29.65,-29.63,-29.66,11616,11156616.0,0.3,0.1
2003-10-17,五粮液,000858,-29.68,-29.64,-29.68,-29.66,-29.66,6399,6068021.5,0.17,0.0
2003-10-16,五粮液,000858,-29.64,-29.62,-29.67,-29.66,-29.62,20191,19209858.0,0.53,-0.14
2003-10-15,五粮液,000858,-29.61,-29.58,-29.62,-29.62,-29.6,19193,18554184.0,0.5,-0.07
2003-10-14,五粮液,000858,-29.62,-29.59,-29.64,-29.6,-29.62,26731,25775104.0,0.7,0.07
2003-10-13,五粮液,000858,-29.61,-29.59,-29.64,-29.62,-29.6,14966,14401157.0,0.39,-0.07
2003-10-10,五粮液,000858,-29.65,-29.59,-29.69,-29.6,-29.65,24364,23417962.0,0.64,0.17
2003-10-09,五粮液,000858,-29.65,-29.63,-29.67,-29.65,-29.65,14989,14257969.0,0.39,0.0
2003-10-08,五粮液,000858,-29.68,-29.64,-29.71,-29.65,-29.68,11374,10797128.0,0.3,0.1
2003-09-30,五粮液,000858,-29.71,-29.67,-29.71,-29.68,-29.69,19738,18557832.0,0.52,0.03
2003-09-29,五粮液,000858,-29.67,-29.66,-29.71,-29.69,-29.68,30312,28495238.0,0.79,-0.03
2003-09-26,五粮液,000858,-29.69,-29.64,-29.7,-29.68,-29.69,54121,51289964.0,1.42,0.03
2003-09-25,五粮液,000858,-29.75,-29.68,-29.76,-29.69,-29.75,33569,31343248.0,0.88,0.2
2003-09-24,五粮液,000858,-29.75,-29.74,-29.76,-29.75,-29.75,7854,7213217.0,0.21,0.0
2003-09-23,五粮液,000858,-29.78,-29.75,-29.8,-29.75,-29.78,7782,7095674.5,0.2,0.1
2003-09-22,五粮液,000858,-29.78,-29.75,-29.78,-29.78,-29.78,7174,6555098.0,0.19,0.0
2003-09-19,五粮液,000858,-29.81,-29.77,-29.81,-29.78,-29.81,5020,4538164.5,0.13,0.1
2003-09-18,五粮液,000858,-29.81,-29.79,-29.82,-29.81,-29.81,7476,6724255.0,0.2,0.0
2003-09-17,五粮液,000858,-29.78,-29.77,-29.84,-29.81,-29.77,17800,16010596.0,0.47,-0.13
2003-09-16,五粮液,000858,-29.79,-29.75,-29.79,-29.77,-29.79,8897,8092525.5,0.23,0.07
2003-09-15,五粮液,000858,-29.76,-29.75,-29.81,-29.79,-29.75,13391,12172892.0,0.35,-0.13
2003-09-12,五粮液,000858,-29.76,-29.73,-29.76,-29.75,-29.75,8387,7720161.0,0.22,0.0
2003-09-11,五粮液,000858,-29.74,-29.71,-29.76,-29.75,-29.74,6775,6250183.5,0.18,-0.03
2003-09-10,五粮液,000858,-29.75,-29.71,-29.77,-29.74,-29.77,8028,7401938.0,0.21,0.1
2003-09-09,五粮液,000858,-29.76,-29.73,-29.79,-29.77,-29.76,15285,13995743.0,0.4,-0.03
2003-09-08,五粮液,000858,-29.75,-29.74,-29.78,-29.76,-29.74,13756,12559128.0,0.36,-0.07
2003-09-05,五粮液,000858,-29.67,-29.67,-29.78,-29.74,-29.67,30284,28002940.0,0.79,-0.24
2003-09-04,五粮液,000858,-29.66,-29.61,-29.69,-29.67,-29.67,14752,13990044.0,0.39,0.0
2003-09-03,五粮液,000858,-29.65,-29.63,-29.69,-29.67,-29.65,12523,11857380.0,0.33,-0.07
2003-09-02,五粮液,000858,-29.62,-29.6,-29.66,-29.65,-29.62,19897,19021994.0,0.52,-0.1
2003-09-01,五粮液,000858,-29.71,-29.61,-29.72,-29.62,-29.72,17787,16878454.0,0.47,0.34
2003-08-29,五粮液,000858,-29.71,-29.69,-29.75,-29.72,-29.7,16311,15062322.0,0.43,-0.07
2003-08-28,五粮液,000858,-29.71,-29.67,-29.71,-29.7,-29.71,11234,10540454.0,0.29,0.03
2003-08-27,五粮液,000858,-29.65,-29.63,-29.71,-29.71,-29.66,17419,16409398.0,0.46,-0.17
2003-08-26,五粮液,000858,-29.6,-29.6,-29.67,-29.66,-29.59,19243,18281922.0,0.5,-0.24
2003-08-25,五粮液,000858,-29.59,-29.58,-29.61,-29.59,-29.57,11742,11370443.0,0.31,-0.07
2003-08-22,五粮液,000858,-29.59,-29.56,-29.59,-29.57,-29.6,6533,6376701.5,0.17,0.1
2003-08-21,五粮液,000858,-29.55,-29.55,-29.6,-29.6,-29.56,16289,15832026.0,0.43,-0.14
2003-08-20,五粮液,000858,-29.54,-29.53,-29.59,-29.56,-29.54,13012,12714249.0,0.34,-0.07
2003-08-19,五粮液,000858,-29.57,-29.54,-29.58,-29.54,-29.57,11039,10842966.0,0.29,0.1
2003-08-18,五粮液,000858,-29.58,-29.56,-29.61,-29.57,-29.57,13108,12739622.0,0.34,0.0
2003-08-15,五粮液,000858,-29.55,-29.54,-29.59,-29.57,-29.55,22249,21757854.0,0.58,-0.07
2003-08-14,五粮液,000858,-29.53,-29.49,-29.56,-29.55,-29.53,29787,29446682.0,0.78,-0.07
2003-08-13,五粮液,000858,-29.45,-29.45,-29.54,-29.53,-29.45,40499,40372960.0,1.06,-0.27
2003-08-12,五粮液,000858,-29.45,-29.43,-29.49,-29.45,-29.46,18801,19017402.0,0.49,0.03
2003-08-11,五粮液,000858,-29.47,-29.44,-29.49,-29.46,-29.46,16997,17181690.0,0.45,0.0
2003-08-08,五粮液,000858,-29.37,-29.36,-29.47,-29.46,-29.33,62179,63509460.0,1.63,-0.44
2003-08-07,五粮液,000858,-29.34,-29.3,-29.35,-29.33,-29.34,34935,36954620.0,0.92,0.03
2003-08-06,五粮液,000858,-29.41,-29.32,-29.41,-29.34,-29.41,53045,55786080.0,1.39,0.24
2003-08-05,五粮液,000858,-29.4,-29.38,-29.42,-29.41,-29.4,20113,20769654.0,0.53,-0.03
2003-08-04,五粮液,000858,-29.38,-29.38,-29.46,-29.4,-29.38,47812,48989248.0,1.25,-0.07
2003-08-01,五粮液,000858,-29.36,-29.35,-29.4,-29.38,-29.36,16517,17171840.0,0.43,-0.07
2003-07-31,五粮液,000858,-29.36,-29.34,-29.4,-29.36,-29.38,20358,21235238.0,0.53,0.07
2003-07-30,五粮液,000858,-29.36,-29.35,-29.41,-29.38,-29.36,17738,18452438.0,0.46,-0.07
2003-07-29,五粮液,000858,-29.36,-29.34,-29.38,-29.36,-29.38,17921,18718686.0,0.47,0.07
2003-07-28,五粮液,000858,-29.41,-29.37,-29.44,-29.38,-29.4,24503,25373640.0,0.64,0.07
2003-07-25,五粮液,000858,-29.33,-29.3,-29.41,-29.4,-29.32,67300,70244360.0,1.76,-0.27
2003-07-24,五粮液,000858,-29.26,-29.24,-29.32,-29.32,-29.26,41697,44522796.0,1.09,-0.21
2003-07-23,五粮液,000858,-29.31,-29.23,-29.34,-29.26,-29.31,55971,60118436.0,1.47,0.17
2003-07-22,五粮液,000858,-29.25,-29.21,-29.38,-29.31,-29.26,73150,78080376.0,1.92,-0.17
2003-07-21,五粮液,000858,-29.32,-29.26,-29.39,-29.26,-29.22,159415,167579904.0,4.18,-0.14
2003-07-17,五粮液,000858,-29.32,-29.17,-29.32,-29.22,-29.34,352714,383573440.0,9.24,0.41
2003-07-16,五粮液,000858,-29.37,-29.31,-29.38,-29.34,-29.37,151549,159794736.0,3.97,0.1
2003-07-15,五粮液,000858,-29.38,-29.29,-29.39,-29.37,-29.38,175126,184552496.0,4.59,0.03
2003-07-14,五粮液,000858,-29.46,-29.33,-29.46,-29.38,-29.46,157057,162975136.0,4.11,0.27
2003-07-11,五粮液,000858,-29.47,-29.41,-29.48,-29.46,-29.47,33289,33933372.0,0.87,0.03
2003-07-10,五粮液,000858,-29.58,-29.45,-29.59,-29.47,-29.58,51395,51496048.0,1.35,0.37
2003-07-09,五粮液,000858,-29.54,-29.53,-29.59,-29.58,-29.53,7431,7267776.5,0.19,-0.17
2003-07-08,五粮液,000858,-29.57,-29.52,-29.57,-29.53,-29.57,13352,13187274.0,0.35,0.14
2003-07-07,五粮液,000858,-29.58,-29.56,-29.62,-29.57,-29.57,15183,14782192.0,0.4,0.0
2003-07-04,五粮液,000858,-29.57,-29.54,-29.58,-29.57,-29.57,8320,8147878.0,0.22,0.0
2003-07-03,五粮液,000858,-29.56,-29.53,-29.59,-29.57,-29.56,12918,12642982.0,0.34,-0.03
2003-07-02,五粮液,000858,-29.59,-29.56,-29.62,-29.56,-29.59,10861,10578414.0,0.28,0.1
2003-07-01,五粮液,000858,-29.56,-29.53,-29.59,-29.59,-29.56,16429,16101897.0,0.43,-0.1
2003-06-30,五粮液,000858,-29.55,-29.55,-29.63,-29.56,-29.55,26257,25500800.0,0.69,-0.03
2003-06-27,五粮液,000858,-29.5,-29.47,-29.55,-29.55,-29.5,23731,23637842.0,0.62,-0.17
2003-06-26,五粮液,000858,-29.46,-29.46,-29.54,-29.5,-29.46,38191,38211120.0,1.0,-0.14
2003-06-25,五粮液,000858,-29.46,-29.4,-29.49,-29.46,-29.46,49065,50208740.0,1.29,0.0
2003-06-24,五粮液,000858,-29.43,-29.42,-29.52,-29.46,-29.43,28758,29029014.0,0.75,-0.1
2003-06-23,五粮液,000858,-29.43,-29.38,-29.46,-29.43,-29.43,75686,77933304.0,1.98,0.0
2003-06-20,五粮液,000858,-29.47,-29.41,-29.49,-29.43,-29.47,60271,61571588.0,1.58,0.14
2003-06-19,五粮液,000858,-29.43,-29.43,-29.5,-29.47,-29.43,18797,18939636.0,0.49,-0.14
2003-06-18,五粮液,000858,-29.45,-29.38,-29.47,-29.43,-29.45,73687,75745760.0,1.93,0.07
2003-06-17,五粮液,000858,-29.48,-29.45,-29.51,-29.45,-29.48,14557,14668079.0,0.38,0.1
2003-06-16,五粮液,000858,-29.44,-29.44,-29.51,-29.48,-29.44,26599,26670832.0,0.7,-0.14
2003-06-13,五粮液,000858,-29.48,-29.39,-29.5,-29.44,-29.48,60237,61814104.0,1.58,0.14
2003-06-12,五粮液,000858,-29.47,-29.46,-29.52,-29.48,-29.48,11541,11558232.0,0.3,0.0
2003-06-11,五粮液,000858,-29.57,-29.46,-29.57,-29.48,-29.57,37918,38103484.0,0.99,0.3
2003-06-10,五粮液,000858,-29.58,-29.53,-29.59,-29.57,-29.57,11436,11209726.0,0.3,0.0
2003-06-09,五粮液,000858,-29.53,-29.52,-29.58,-29.57,-29.53,16617,16321068.0,0.44,-0.14
2003-06-06,五粮液,000858,-29.45,-29.45,-29.55,-29.53,-29.45,26910,26852432.0,0.71,-0.27
2003-06-05,五粮液,000858,-29.45,-29.41,-29.5,-29.45,-29.46,50318,51423544.0,1.32,0.03
2003-06-04,五粮液,000858,-29.47,-29.44,-29.52,-29.46,-29.47,33234,33241796.0,0.87,0.03
2003-06-03,五粮液,000858,-29.41,-29.39,-29.47,-29.47,-29.42,32679,33347524.0,0.86,-0.17
2003-06-02,五粮液,000858,-29.39,-29.37,-29.44,-29.42,-29.39,37484,38496268.0,0.98,-0.1
2003-05-30,五粮液,000858,-29.47,-29.31,-29.49,-29.39,-29.49,147220,152942016.0,3.86,0.34
2003-05-29,五粮液,000858,-29.59,-29.48,-29.62,-29.49,-29.58,69251,68867288.0,1.81,0.3
2003-05-28,五粮液,000858,-29.55,-29.52,-29.59,-29.58,-29.56,37767,37078268.0,0.99,-0.07
2003-05-27,五粮液,000858,-29.55,-29.54,-29.61,-29.56,-29.57,35720,34786124.0,0.94,0.03
2003-05-26,五粮液,000858,-29.68,-29.54,-29.68,-29.57,-29.68,75952,74083824.0,1.99,0.37
2003-05-23,五粮液,000858,-29.69,-29.65,-29.71,-29.68,-29.7,41659,39138344.0,1.09,0.07
2003-05-22,五粮液,000858,-29.67,-29.67,-29.71,-29.7,-29.69,13494,12626304.0,0.35,-0.03
2003-05-21,五粮液,000858,-29.67,-29.63,-29.69,-29.69,-29.67,11174,10554609.0,0.29,-0.07
2003-05-20,五粮液,000858,-29.63,-29.59,-29.67,-29.67,-29.64,20661,19702060.0,0.54,-0.1
2003-05-19,五粮液,000858,-29.67,-29.58,-29.67,-29.64,-29.67,40253,38744940.0,1.05,0.1
2003-05-16,五粮液,000858,-29.68,-29.63,-29.71,-29.67,-29.68,28805,27240378.0,0.75,0.03
2003-05-15,五粮液,000858,-29.8,-29.65,-29.81,-29.68,-29.8,34766,32185664.0,0.91,0.4
2003-05-14,五粮液,000858,-29.82,-29.78,-29.84,-29.8,-29.82,23133,20769308.0,0.61,0.07
2003-05-13,五粮液,000858,-29.71,-29.71,-29.84,-29.82,-29.71,31976,28693418.0,0.84,-0.37
2003-05-12,五粮液,000858,-29.67,-29.65,-29.76,-29.71,-29.67,32264,29755192.0,0.85,-0.13
2003-04-30,五粮液,000858,-29.68,-29.62,-29.7,-29.67,-29.71,21185,20022822.0,0.56,0.13
2003-04-29,五粮液,000858,-29.6,-29.6,-29.71,-29.71,-29.6,29385,27712892.0,0.77,-0.37
2003-04-28,五粮液,000858,-29.71,-29.58,-29.77,-29.6,-29.7,38002,35561364.0,1.0,0.34
2003-04-25,五粮液,000858,-29.71,-29.68,-29.72,-29.7,-29.69,16820,15705334.0,0.44,-0.03
2003-04-24,五粮液,000858,-29.64,-29.64,-29.73,-29.69,-29.64,34604,32460416.0,0.91,-0.17
2003-04-23,五粮液,000858,-29.53,-29.52,-29.64,-29.64,-29.53,32259,31306744.0,0.85,-0.37
2003-04-22,五粮液,000858,-29.52,-29.5,-29.55,-29.53,-29.53,14275,14137219.0,0.37,0.0
2003-04-21,五粮液,000858,-29.44,-29.44,-29.56,-29.53,-29.46,42666,42418148.0,1.12,-0.24
2003-04-18,五粮液,000858,-29.42,-29.39,-29.47,-29.46,-29.45,55548,56896820.0,1.46,-0.03
2003-04-17,五粮液,000858,-29.4,-29.38,-29.47,-29.45,-29.4,50905,51931008.0,1.33,-0.17
2003-04-16,五粮液,000858,-29.32,-29.18,-29.47,-29.4,-29.35,119644,126337000.0,3.13,-0.17
2003-04-15,五粮液,000858,-29.36,-29.28,-29.38,-29.35,-29.36,101742,128250328.0,3.2,0.03
2003-04-14,五粮液,000858,-29.46,-29.35,-29.48,-29.36,-29.45,117402,145631312.0,3.69,0.31
2003-04-11,五粮液,000858,-29.62,-29.41,-29.62,-29.45,-29.62,149042,178813344.0,4.69,0.57
2003-04-10,五粮液,000858,-29.64,-29.61,-29.69,-29.62,-29.64,41057,46993064.0,1.29,0.07
2003-04-09,五粮液,000858,-29.64,-29.63,-29.71,-29.64,-29.64,24787,28059786.0,0.78,0.0
2003-04-08,五粮液,000858,-29.62,-29.62,-29.66,-29.64,-29.62,15172,17339036.0,0.48,-0.07
2003-04-07,五粮液,000858,-29.62,-29.6,-29.67,-29.62,-29.65,16807,19311546.0,0.53,0.1
2003-04-03,五粮液,000858,-29.63,-29.62,-29.66,-29.65,-29.63,6814,7784197.0,0.21,-0.07
2003-04-02,五粮液,000858,-29.61,-29.6,-29.64,-29.63,-29.61,13266,15303412.0,0.42,-0.07
2003-04-01,五粮液,000858,-29.63,-29.59,-29.65,-29.61,-29.63,28824,33348640.0,0.91,0.07
2003-03-31,五粮液,000858,-29.67,-29.6,-29.67,-29.63,-29.67,53271,61500928.0,1.67,0.13
2003-03-28,五粮液,000858,-29.68,-29.63,-29.71,-29.67,-29.68,18685,21154782.0,0.59,0.03
2003-03-27,五粮液,000858,-29.75,-29.68,-29.76,-29.68,-29.75,10360,11561494.0,0.33,0.24
2003-03-26,五粮液,000858,-29.75,-29.73,-29.76,-29.75,-29.75,5604,6181887.0,0.18,0.0
2003-03-25,五粮液,000858,-29.73,-29.72,-29.76,-29.75,-29.73,8183,9032368.0,0.26,-0.07
2003-03-24,五粮液,000858,-29.71,-29.69,-29.73,-29.73,-29.71,4898,5469692.5,0.15,-0.07
2003-03-21,五粮液,000858,-29.74,-29.7,-29.76,-29.71,-29.75,5559,6194162.0,0.17,0.13
2003-03-20,五粮液,000858,-29.72,-29.72,-29.76,-29.75,-29.72,6495,7175921.5,0.2,-0.1
2003-03-19,五粮液,000858,-29.71,-29.7,-29.74,-29.72,-29.71,8730,9700834.0,0.27,-0.03
2003-03-18,五粮液,000858,-29.69,-29.66,-29.72,-29.71,-29.69,8700,9788915.0,0.27,-0.07
2003-03-17,五粮液,000858,-29.71,-29.69,-29.72,-29.69,-29.71,6529,7291862.5,0.21,0.07
2003-03-14,五粮液,000858,-29.71,-29.69,-29.71,-29.71,-29.71,6960,7794676.5,0.22,0.0
2003-03-13,五粮液,000858,-29.68,-29.67,-29.71,-29.71,-29.68,6447,7238493.0,0.2,-0.1
2003-03-12,五粮液,000858,-29.68,-29.68,-29.72,-29.68,-29.68,5752,6450443.0,0.18,0.0
2003-03-11,五粮液,000858,-29.68,-29.66,-29.69,-29.68,-29.68,4280,4829185.5,0.13,0.0
2003-03-10,五粮液,000858,-29.65,-29.65,-29.71,-29.68,-29.65,9058,10184036.0,0.28,-0.1
2003-03-07,五粮液,000858,-29.65,-29.6,-29.66,-29.65,-29.65,8225,9405295.0,0.26,0.0
2003-03-06,五粮液,000858,-29.59,-29.59,-29.66,-29.65,-29.59,15699,17997030.0,0.49,-0.2
2003-03-05,五粮液,000858,-29.59,-29.58,-29.61,-29.59,-29.59,8396,9768278.0,0.26,0.0
2003-03-04,五粮液,000858,-29.6,-29.55,-29.6,-29.59,-29.61,11759,13742249.0,0.37,0.07
2003-03-03,五粮液,000858,-29.55,-29.55,-29.63,-29.61,-29.55,30351,35271912.0,0.95,-0.2
2003-02-28,五粮液,000858,-29.5,-29.49,-29.56,-29.55,-29.5,11419,13532738.0,0.36,-0.17
2003-02-27,五粮液,000858,-29.53,-29.5,-29.55,-29.5,-29.53,7970,9488002.0,0.25,0.1
2003-02-26,五粮液,000858,-29.53,-29.52,-29.55,-29.53,-29.53,6102,7245287.5,0.19,0.0
2003-02-25,五粮液,000858,-29.56,-29.51,-29.56,-29.53,-29.56,7483,8877142.0,0.24,0.1
2003-02-24,五粮液,000858,-29.54,-29.53,-29.57,-29.56,-29.54,7353,8690094.0,0.23,-0.07
2003-02-21,五粮液,000858,-29.47,-29.47,-29.55,-29.54,-29.48,10566,12591669.0,0.33,-0.2
2003-02-20,五粮液,000858,-29.47,-29.44,-29.49,-29.48,-29.48,8227,9994754.0,0.26,0.0
2003-02-19,五粮液,000858,-29.5,-29.47,-29.51,-29.48,-29.5,5254,6311557.0,0.17,0.07
2003-02-18,五粮液,000858,-29.48,-29.47,-29.51,-29.5,-29.48,7045,8460368.0,0.22,-0.07
2003-02-17,五粮液,000858,-29.45,-29.44,-29.49,-29.48,-29.44,8003,9705864.0,0.25,-0.14
2003-02-14,五粮液,000858,-29.44,-29.41,-29.48,-29.44,-29.43,20132,24681118.0,0.63,-0.03
2003-02-13,五粮液,000858,-29.42,-29.38,-29.46,-29.43,-29.43,30253,37367212.0,0.95,0.0
2003-02-12,五粮液,000858,-29.49,-29.42,-29.53,-29.43,-29.49,33037,40224144.0,1.04,0.2
2003-02-11,五粮液,000858,-29.51,-29.48,-29.52,-29.49,-29.51,5186,6223894.5,0.16,0.07
2003-02-10,五粮液,000858,-29.43,-29.43,-29.51,-29.51,-29.43,9506,11420408.0,0.3,-0.27
2003-01-29,五粮液,000858,-29.43,-29.42,-29.45,-29.43,-29.42,14489,17751540.0,0.46,-0.03
2003-01-28,五粮液,000858,-29.43,-29.39,-29.45,-29.42,-29.44,33228,40971696.0,1.04,0.07
2003-01-27,五粮液,000858,-29.48,-29.42,-29.49,-29.44,-29.47,43647,53360664.0,1.37,0.1
2003-01-24,五粮液,000858,-29.48,-29.45,-29.55,-29.47,-29.49,18595,22378586.0,0.58,0.07
2003-01-23,五粮液,000858,-29.49,-29.43,-29.53,-29.49,-29.48,25559,30962780.0,0.8,-0.03
2003-01-22,五粮液,000858,-29.46,-29.46,-29.5,-29.48,-29.48,11679,14056166.0,0.37,0.0
2003-01-21,五粮液,000858,-29.49,-29.38,-29.49,-29.48,-29.5,45348,55651436.0,1.43,0.07
2003-01-20,五粮液,000858,-29.46,-29.46,-29.52,-29.5,-29.46,12945,15526837.0,0.41,-0.14
2003-01-17,五粮液,000858,-29.45,-29.42,-29.5,-29.46,-29.46,33821,41315404.0,1.06,0.0
2003-01-16,五粮液,000858,-29.53,-29.42,-29.53,-29.46,-29.51,56323,68553384.0,1.77,0.17
2003-01-15,五粮液,000858,-29.48,-29.4,-29.55,-29.51,-29.49,67301,82077728.0,2.12,-0.07
2003-01-14,五粮液,000858,-29.59,-29.35,-29.6,-29.49,-29.59,99717,120655400.0,3.14,0.34
2003-01-13,五粮液,000858,-29.63,-29.58,-29.63,-29.59,-29.63,12314,14307373.0,0.39,0.13
2003-01-10,五粮液,000858,-29.61,-29.53,-29.63,-29.63,-29.62,24919,29214898.0,0.78,-0.03
2003-01-09,五粮液,000858,-29.65,-29.59,-29.68,-29.62,-29.67,16065,18528140.0,0.51,0.17
2003-01-08,五粮液,000858,-29.72,-29.66,-29.73,-29.67,-29.72,3722,4183312.5,0.12,0.17
2003-01-07,五粮液,000858,-29.73,-29.68,-29.73,-29.72,-29.7,3861,4303665.5,0.12,-0.07
2003-01-06,五粮液,000858,-29.71,-29.68,-29.76,-29.7,-29.71,4205,4692610.0,0.13,0.03
2003-01-03,五粮液,000858,-29.72,-29.68,-29.73,-29.71,-29.72,4821,5379806.5,0.15,0.03
2003-01-02,五粮液,000858,-29.64,-29.64,-29.73,-29.72,-29.61,6501,7293120.0,0.2,-0.37
2002-12-31,五粮液,000858,-29.6,-29.55,-29.66,-29.61,-29.51,12129,14092954.0,0.38,-0.34
2002-12-30,五粮液,000858,-29.62,-29.51,-29.71,-29.51,-29.6,17359,20079462.0,0.55,0.3
2002-12-27,五粮液,000858,-29.63,-29.59,-29.76,-29.6,-29.59,19303,21893668.0,0.61,-0.03
2002-12-25,五粮液,000858,-29.56,-29.56,-29.59,-29.59,-29.56,4385,5125743.0,0.14,-0.1
2002-12-24,五粮液,000858,-29.55,-29.55,-29.6,-29.56,-29.55,7408,8671224.0,0.23,-0.03
2002-12-23,五粮液,000858,-29.58,-29.5,-29.58,-29.55,-29.58,24876,29520702.0,0.78,0.1
2002-12-20,五粮液,000858,-29.59,-29.56,-29.63,-29.58,-29.58,10870,12681078.0,0.34,0.0
2002-12-19,五粮液,000858,-29.58,-29.58,-29.63,-29.58,-29.58,7193,8335634.0,0.23,0.0
2002-12-18,五粮液,000858,-29.57,-29.57,-29.62,-29.58,-29.57,8697,10115300.0,0.27,-0.03
2002-12-17,五粮液,000858,-29.6,-29.56,-29.66,-29.57,-29.6,25170,29365948.0,0.79,0.1
2002-12-16,五粮液,000858,-29.63,-29.58,-29.64,-29.6,-29.63,26196,30388134.0,0.82,0.1
2002-12-13,五粮液,000858,-29.69,-29.63,-29.7,-29.63,-29.68,18912,21566628.0,0.59,0.17
2002-12-12,五粮液,000858,-29.67,-29.65,-29.7,-29.68,-29.67,8333,9434138.0,0.26,-0.03
2002-12-11,五粮液,000858,-29.66,-29.62,-29.68,-29.67,-29.65,7743,8804151.0,0.24,-0.07
2002-12-10,五粮液,000858,-29.65,-29.6,-29.67,-29.65,-29.66,17216,19823958.0,0.54,0.03
2002-12-09,五粮液,000858,-29.63,-29.61,-29.66,-29.66,-29.63,5071,5812717.0,0.16,-0.1
2002-12-06,五粮液,000858,-29.6,-29.59,-29.64,-29.63,-29.61,17636,20381924.0,0.55,-0.07
2002-12-05,五粮液,000858,-29.67,-29.59,-29.69,-29.61,-29.65,32858,37891816.0,1.03,0.13
2002-12-04,五粮液,000858,-29.67,-29.63,-29.7,-29.65,-29.66,21645,24709830.0,0.68,0.03
2002-12-03,五粮液,000858,-29.73,-29.66,-29.74,-29.66,-29.72,10511,11795766.0,0.33,0.2
2002-12-02,五粮液,000858,-29.67,-29.65,-29.73,-29.72,-29.66,7134,8028665.0,0.22,-0.2
2002-11-29,五粮液,000858,-29.68,-29.61,-29.7,-29.66,-29.68,29163,33439220.0,0.92,0.07
2002-11-28,五粮液,000858,-29.76,-29.68,-29.78,-29.68,-29.76,18805,20981124.0,0.59,0.27
2002-11-27,五粮液,000858,-29.76,-29.73,-29.78,-29.76,-29.76,5396,5918489.5,0.17,0.0
2002-11-26,五粮液,000858,-29.7,-29.68,-29.77,-29.76,-29.69,8047,8920399.0,0.25,-0.24
2002-11-25,五粮液,000858,-29.76,-29.69,-29.79,-29.69,-29.76,15223,16827998.0,0.48,0.24
2002-11-22,五粮液,000858,-29.76,-29.72,-29.79,-29.76,-29.76,8752,9613164.0,0.28,0.0
2002-11-21,五粮液,000858,-29.73,-29.72,-29.78,-29.76,-29.73,12876,14210338.0,0.4,-0.1
2002-11-20,五粮液,000858,-29.73,-29.71,-29.79,-29.73,-29.71,12092,13312085.0,0.38,-0.07
2002-11-19,五粮液,000858,-29.74,-29.7,-29.78,-29.71,-29.73,10828,11933037.0,0.34,0.07
2002-11-18,五粮液,000858,-29.72,-29.71,-29.78,-29.73,-29.72,8698,9585868.0,0.27,-0.03
2002-11-15,五粮液,000858,-29.71,-29.67,-29.74,-29.72,-29.71,9102,10162227.0,0.29,-0.03
2002-11-14,五粮液,000858,-29.68,-29.66,-29.73,-29.71,-29.69,7209,8122966.0,0.23,-0.07
2002-11-13,五粮液,000858,-29.67,-29.67,-29.73,-29.69,-29.67,10041,11289659.0,0.32,-0.07
2002-11-12,五粮液,000858,-29.65,-29.63,-29.68,-29.67,-29.64,10014,11411798.0,0.31,-0.1
2002-11-11,五粮液,000858,-29.6,-29.59,-29.65,-29.64,-29.59,5629,6467885.0,0.18,-0.17
2002-11-08,五粮液,000858,-29.53,-29.5,-29.63,-29.59,-29.56,13913,16187213.0,0.44,-0.1
2002-11-07,五粮液,000858,-29.55,-29.54,-29.6,-29.56,-29.54,8214,9636766.0,0.26,-0.07
2002-11-06,五粮液,000858,-29.51,-29.51,-29.55,-29.54,-29.51,10757,12743901.0,0.34,-0.1
2002-11-05,五粮液,000858,-29.53,-29.5,-29.54,-29.51,-29.53,16933,20198658.0,0.53,0.07
2002-11-04,五粮液,000858,-29.54,-29.52,-29.56,-29.53,-29.57,15084,17890728.0,0.47,0.14
2002-11-01,五粮液,000858,-29.61,-29.56,-29.62,-29.57,-29.61,36037,42078088.0,1.13,0.14
2002-10-31,五粮液,000858,-29.64,-29.6,-29.65,-29.61,-29.64,10687,12331519.0,0.34,0.1
2002-10-30,五粮液,000858,-29.63,-29.63,-29.66,-29.64,-29.62,4849,5552839.0,0.15,-0.07
2002-10-29,五粮液,000858,-29.65,-29.59,-29.68,-29.62,-29.65,8754,10001327.0,0.28,0.1
2002-10-28,五粮液,000858,-29.59,-29.59,-29.67,-29.65,-29.59,11616,13279632.0,0.37,-0.2
2002-10-25,五粮液,000858,-29.57,-29.53,-29.61,-29.59,-29.56,7505,8778337.0,0.24,-0.1
2002-10-24,五粮液,000858,-29.56,-29.51,-29.56,-29.56,-29.56,9331,11074487.0,0.29,0.0
2002-10-23,五粮液,000858,-29.59,-29.55,-29.61,-29.56,-29.59,8545,9989131.0,0.27,0.1
2002-10-22,五粮液,000858,-29.65,-29.58,-29.65,-29.59,-29.64,16744,19409456.0,0.53,0.17
2002-10-21,五粮液,000858,-29.53,-29.53,-29.66,-29.64,-29.53,20892,24012810.0,0.66,-0.37
2002-10-18,五粮液,000858,-29.35,-29.35,-29.54,-29.53,-29.35,46168,55508140.0,1.45,-0.61
2002-10-17,五粮液,000858,-29.28,-29.26,-29.36,-29.35,-29.28,13612,17252700.0,0.43,-0.24
2002-10-16,五粮液,000858,-29.28,-29.25,-29.29,-29.28,-29.28,19481,25109902.0,0.61,0.0
2002-10-15,五粮液,000858,-29.31,-29.25,-29.33,-29.28,-29.32,16454,21201220.0,0.52,0.14
2002-10-14,五粮液,000858,-29.28,-29.28,-29.35,-29.32,-29.3,7724,9824979.0,0.24,-0.07
2002-10-11,五粮液,000858,-29.3,-29.27,-29.31,-29.3,-29.29,4273,5470963.5,0.13,-0.03
2002-10-10,五粮液,000858,-29.29,-29.27,-29.33,-29.29,-29.29,3829,4904701.0,0.12,0.0
2002-10-09,五粮液,000858,-29.25,-29.25,-29.32,-29.29,-29.25,4521,5789725.5,0.14,-0.14
2002-10-08,五粮液,000858,-29.25,-29.24,-29.37,-29.25,-29.28,7514,9708999.0,0.24,0.1
2002-09-27,五粮液,000858,-29.3,-29.23,-29.31,-29.28,-29.3,10599,13677590.0,0.33,0.07
2002-09-26,五粮液,000858,-29.26,-29.25,-29.3,-29.3,-29.25,6375,8184228.0,0.2,-0.17
2002-09-25,五粮液,000858,-29.3,-29.21,-29.31,-29.25,-29.3,11865,15429527.0,0.37,0.17
2002-09-24,五粮液,000858,-29.26,-29.26,-29.3,-29.3,-29.29,5048,6480969.0,0.16,-0.03
2002-09-23,五粮液,000858,-29.25,-29.25,-29.32,-29.29,-29.25,8228,10555857.0,0.26,-0.14
2002-09-20,五粮液,000858,-29.21,-29.21,-29.26,-29.25,-29.22,7286,9491256.0,0.23,-0.1
2002-09-19,五粮液,000858,-29.27,-29.21,-29.3,-29.22,-29.28,19096,24852042.0,0.6,0.2
2002-09-18,五粮液,000858,-29.32,-29.25,-29.32,-29.28,-29.32,17153,22091348.0,0.54,0.14
2002-09-17,五粮液,000858,-29.32,-29.29,-29.36,-29.32,-29.32,13729,17380186.0,0.43,0.0
2002-09-16,五粮液,000858,-29.27,-29.27,-29.35,-29.32,-29.26,14768,18737128.0,0.46,-0.21
2002-09-13,五粮液,000858,-29.27,-29.25,-29.3,-29.26,-29.26,7275,9373889.0,0.23,0.0
2002-09-12,五粮液,000858,-29.25,-29.24,-29.32,-29.26,-29.25,17656,22709440.0,0.56,-0.03
2002-09-11,五粮液,000858,-29.2,-29.17,-29.29,-29.25,-29.2,21993,28403612.0,0.69,-0.17
2002-09-10,五粮液,000858,-29.15,-29.14,-29.21,-29.2,-29.15,11549,15283405.0,0.36,-0.17
2002-09-09,五粮液,000858,-29.14,-29.14,-29.17,-29.15,-29.15,7841,10458054.0,0.25,0.0
2002-09-06,五粮液,000858,-29.1,-29.1,-29.17,-29.15,-29.1,15838,21224344.0,0.5,-0.17
2002-09-05,五粮液,000858,-29.08,-29.07,-29.11,-29.1,-29.09,15474,21079970.0,0.49,-0.03
2002-09-04,五粮液,000858,-29.07,-29.07,-29.12,-29.09,-29.09,7303,9922571.0,0.23,0.0
2002-09-03,五粮液,000858,-29.12,-29.07,-29.12,-29.09,-29.12,12018,16318958.0,0.38,0.1
2002-09-02,五粮液,000858,-29.08,-29.07,-29.14,-29.12,-29.08,16654,22463298.0,0.52,-0.14
2002-08-30,五粮液,000858,-29.06,-29.06,-29.09,-29.08,-29.09,17187,23487494.0,0.54,0.03
2002-08-29,五粮液,000858,-29.11,-29.05,-29.12,-29.09,-29.1,28126,38425788.0,0.88,0.03
2002-08-28,五粮液,000858,-28.98,-28.97,-29.14,-29.1,-28.96,73952,101604888.0,2.33,-0.48
2002-08-27,五粮液,000858,-28.91,-28.88,-29.0,-28.96,-28.9,44925,63438692.0,1.41,-0.21
2002-08-26,五粮液,000858,-28.86,-28.84,-28.91,-28.9,-28.87,5829,8422549.0,0.18,-0.1
2002-08-23,五粮液,000858,-28.88,-28.83,-28.88,-28.87,-28.88,9716,14116684.0,0.31,0.03
2002-08-22,五粮液,000858,-28.9,-28.83,-28.92,-28.88,-28.9,20342,29417146.0,0.64,0.07
2002-08-21,五粮液,000858,-28.88,-28.86,-28.91,-28.9,-28.86,7908,11385432.0,0.25,-0.14
2002-08-20,五粮液,000858,-28.92,-28.84,-28.92,-28.86,-28.91,8735,12629415.0,0.27,0.17
2002-08-19,五粮液,000858,-28.86,-28.84,-28.91,-28.91,-28.84,9274,13345044.0,0.29,-0.24
2002-08-16,五粮液,000858,-28.86,-28.83,-28.88,-28.84,-28.85,3922,5706450.0,0.12,0.03
2002-08-15,五粮液,000858,-28.88,-28.81,-28.88,-28.85,-28.88,9133,13365927.0,0.29,0.1
2002-08-14,五粮液,000858,-28.89,-28.84,-28.89,-28.88,-28.9,3685,5317435.5,0.12,0.07
2002-08-13,五粮液,000858,-28.9,-28.87,-28.9,-28.9,-28.9,4148,5971829.5,0.13,0.0
2002-08-12,五粮液,000858,-28.88,-28.85,-28.9,-28.9,-28.87,9345,13480224.0,0.29,-0.1
2002-08-09,五粮液,000858,-28.82,-28.82,-28.89,-28.87,-28.82,14440,20964928.0,0.45,-0.17
2002-08-08,五粮液,000858,-28.76,-28.74,-28.83,-28.82,-28.76,6521,9628700.0,0.21,-0.21
2002-08-07,五粮液,000858,-28.74,-28.72,-28.79,-28.76,-28.75,4672,6960017.0,0.15,-0.03
2002-08-06,五粮液,000858,-28.79,-28.71,-28.81,-28.75,-28.77,27531,41196504.0,0.87,0.07
2002-08-05,五粮液,000858,-28.84,-28.75,-28.86,-28.77,-28.84,25701,38088268.0,0.81,0.24
2002-08-02,五粮液,000858,-28.82,-28.8,-28.85,-28.84,-28.82,4461,6537556.5,0.14,-0.07
2002-08-01,五粮液,000858,-28.86,-28.77,-28.89,-28.82,-28.86,12611,18592110.0,0.4,0.14
2002-07-31,五粮液,000858,-28.84,-28.83,-28.86,-28.86,-28.85,4275,6218778.0,0.13,-0.03
2002-07-30,五粮液,000858,-28.84,-28.82,-28.86,-28.85,-28.85,3645,5313932.0,0.11,0.0
2002-07-29,五粮液,000858,-28.89,-28.84,-28.89,-28.85,-28.88,5127,7409402.5,0.16,0.1
2002-07-26,五粮液,000858,-28.84,-28.83,-28.89,-28.88,-28.84,9575,13892066.0,0.3,-0.14
2002-07-25,五粮液,000858,-28.82,-28.81,-28.85,-28.84,-28.82,8776,12834526.0,0.28,-0.07
2002-07-24,五粮液,000858,-28.82,-28.77,-28.84,-28.82,-28.82,4356,6407129.5,0.14,0.0
2002-07-23,五粮液,000858,-28.84,-28.8,-28.85,-28.82,-28.83,7010,10293129.0,0.22,0.03
2002-07-22,五粮液,000858,-28.72,-28.72,-28.83,-28.83,-28.73,14645,21565426.0,0.46,-0.35
2002-07-19,五粮液,000858,-28.74,-28.68,-28.75,-28.73,-28.75,12187,18371526.0,0.38,0.07
2002-07-18,五粮液,000858,-28.79,-28.72,-28.82,-28.75,-28.79,17914,26772054.0,0.56,0.14
2002-07-17,五粮液,000858,-28.81,-28.79,-28.84,-28.79,-28.81,6851,10082091.0,0.22,0.07
2002-07-16,五粮液,000858,-28.81,-28.76,-28.84,-28.81,-28.81,6775,10010927.0,0.21,0.0
2002-07-15,五粮液,000858,-28.78,-28.78,-28.81,-28.81,-28.77,5330,7861186.5,0.17,-0.14
2002-07-12,五粮液,000858,-28.79,-28.74,-28.8,-28.77,-28.78,8185,12186838.0,0.26,0.03
2002-07-11,五粮液,000858,-28.78,-28.75,-28.81,-28.78,-28.77,14566,21618194.0,0.46,-0.03
2002-07-10,五粮液,000858,-28.68,-28.67,-28.79,-28.77,-28.67,21029,31566430.0,0.66,-0.35
2002-07-09,五粮液,000858,-28.62,-28.61,-28.68,-28.67,-28.66,13034,20059718.0,0.41,-0.03
2002-07-08,五粮液,000858,-28.69,-28.64,-28.7,-28.66,-28.7,12635,19333122.0,0.4,0.14
2002-07-05,五粮液,000858,-28.69,-28.69,-28.75,-28.7,-28.69,9057,13636517.0,0.28,-0.03
2002-07-04,五粮液,000858,-28.62,-28.57,-28.7,-28.69,-28.62,20974,32096924.0,0.66,-0.24
2002-07-03,五粮液,000858,-28.6,-28.54,-28.65,-28.62,-28.61,17329,26879714.0,0.54,-0.03
2002-07-02,五粮液,000858,-28.64,-28.6,-28.69,-28.61,-28.63,30530,46834540.0,0.96,0.07
2002-07-01,五粮液,000858,-28.56,-28.51,-28.66,-28.63,-28.56,84629,132402168.0,2.66,-0.25
2002-06-28,五粮液,000858,-28.84,-28.56,-28.89,-28.56,-28.84,100398,151059552.0,3.16,0.97
2002-06-27,五粮液,000858,-28.88,-28.79,-28.88,-28.84,-28.88,17561,25666264.0,0.55,0.14
2002-06-26,五粮液,000858,-28.83,-28.81,-28.91,-28.88,-28.83,41234,59551032.0,1.3,-0.17
2002-06-25,五粮液,000858,-28.69,-28.69,-28.84,-28.83,-28.7,52674,78200152.0,1.66,-0.45
2002-06-24,五粮液,000858,-28.69,-28.69,-28.84,-28.7,-29.04,117086,176348880.0,3.68,1.17
2002-06-21,五粮液,000858,-29.14,-28.99,-29.16,-29.04,-29.15,14925,20525206.0,0.47,0.38
2002-06-20,五粮液,000858,-29.17,-29.13,-29.17,-29.15,-29.17,3204,4284329.0,0.1,0.07
2002-06-19,五粮液,000858,-29.09,-29.08,-29.17,-29.17,-29.12,4602,6158004.5,0.14,-0.17
2002-06-18,五粮液,000858,-29.15,-29.11,-29.16,-29.12,-29.15,9102,12252043.0,0.29,0.1
2002-06-17,五粮液,000858,-29.18,-29.14,-29.18,-29.15,-29.14,5152,6853880.0,0.16,-0.03
2002-06-14,五粮液,000858,-29.16,-29.1,-29.19,-29.14,-29.15,19477,26103376.0,0.61,0.03
2002-06-13,五粮液,000858,-29.12,-29.09,-29.16,-29.15,-29.12,5100,6859891.0,0.16,-0.1
2002-06-12,五粮液,000858,-29.07,-29.07,-29.13,-29.12,-29.08,4804,6486716.0,0.15,-0.14
2002-06-11,五粮液,000858,-29.1,-29.07,-29.12,-29.08,-29.1,5931,8052817.0,0.19,0.07
2002-06-10,五粮液,000858,-29.06,-29.06,-29.11,-29.1,-29.05,4653,6336525.5,0.15,-0.17
2002-06-07,五粮液,000858,-29.09,-28.97,-29.13,-29.05,-29.09,9340,12903622.0,0.29,0.14
2002-06-06,五粮液,000858,-29.2,-29.04,-29.22,-29.09,-29.2,11397,15339067.0,0.36,0.38
2002-06-05,五粮液,000858,-29.06,-29.06,-29.21,-29.2,-29.07,14205,18925650.0,0.45,-0.45
2002-06-04,五粮液,000858,-29.07,-29.04,-29.09,-29.07,-29.07,5250,7206560.0,0.17,0.0
2002-06-03,五粮液,000858,-28.99,-28.99,-29.07,-29.07,-28.99,8523,11726233.0,0.27,-0.28
2002-05-31,五粮液,000858,-28.99,-28.97,-29.0,-28.99,-28.99,9890,13859333.0,0.31,0.0
2002-05-30,五粮液,000858,-28.99,-28.98,-29.07,-28.99,-28.99,8689,12077710.0,0.27,0.0
2002-05-29,五粮液,000858,-28.86,-28.86,-28.99,-28.99,-28.92,9884,13926725.0,0.31,-0.24
2002-05-28,五粮液,000858,-28.87,-28.87,-28.92,-28.92,-28.92,4496,6446195.5,0.14,0.0
2002-05-27,五粮液,000858,-28.9,-28.84,-28.98,-28.92,-28.97,5242,7427142.0,0.16,0.17
2002-05-24,五粮液,000858,-28.93,-28.9,-28.99,-28.97,-28.93,9558,13477530.0,0.3,-0.14
2002-05-23,五粮液,000858,-28.88,-28.83,-28.93,-28.93,-28.92,9643,13939645.0,0.3,-0.03
2002-05-22,五粮液,000858,-28.84,-28.84,-28.92,-28.92,-28.85,7413,10645234.0,0.23,-0.24
2002-05-21,五粮液,000858,-28.84,-28.82,-28.92,-28.85,-28.96,11347,16418645.0,0.36,0.38
2002-05-20,五粮液,000858,-28.88,-28.88,-28.97,-28.96,-28.88,7796,11090138.0,0.25,-0.28
2002-05-17,五粮液,000858,-28.88,-28.84,-28.99,-28.88,-28.88,10775,15600017.0,0.34,0.0
2002-05-16,五粮液,000858,-28.76,-28.76,-28.89,-28.88,-28.76,12793,18657864.0,0.4,-0.42
2002-05-15,五粮液,000858,-28.76,-28.74,-28.78,-28.76,-28.76,6366,9484838.0,0.2,0.0
2002-05-14,五粮液,000858,-28.77,-28.73,-28.79,-28.76,-28.76,5293,7899485.5,0.17,0.0
2002-05-13,五粮液,000858,-28.7,-28.7,-28.77,-28.76,-28.7,15660,23414256.0,0.49,-0.21
2002-05-10,五粮液,000858,-28.71,-28.68,-28.76,-28.7,-28.72,22351,33776544.0,0.7,0.07
2002-05-09,五粮液,000858,-28.78,-28.7,-28.78,-28.72,-28.75,20464,30747446.0,0.64,0.1
2002-05-08,五粮液,000858,-28.74,-28.7,-28.77,-28.75,-28.74,8280,12399605.0,0.26,-0.03
2002-04-30,五粮液,000858,-28.79,-28.71,-28.79,-28.74,-28.79,12842,19217734.0,0.4,0.17
2002-04-29,五粮液,000858,-28.81,-28.77,-28.83,-28.79,-28.81,11918,17591568.0,0.37,0.07
2002-04-26,五粮液,000858,-28.86,-28.79,-28.86,-28.81,-28.86,11728,17197718.0,0.37,0.17
2002-04-25,五粮液,000858,-28.86,-28.82,-28.89,-28.86,-28.86,9067,13161319.0,0.29,0.0
2002-04-24,五粮液,000858,-28.79,-28.72,-28.86,-28.86,-28.79,15107,22249356.0,0.47,-0.24
2002-04-23,五粮液,000858,-28.78,-28.72,-28.8,-28.79,-28.78,5753,8576891.0,0.18,-0.03
2002-04-22,五粮液,000858,-28.74,-28.73,-28.8,-28.78,-28.75,6415,9511936.0,0.2,-0.1
2002-04-19,五粮液,000858,-28.73,-28.72,-28.84,-28.75,-28.73,12087,17880560.0,0.38,-0.07
2002-04-18,五粮液,000858,-28.64,-28.64,-28.74,-28.73,-28.64,12706,19231278.0,0.4,-0.31
2002-04-17,五粮液,000858,-28.63,-28.6,-28.66,-28.64,-28.63,9120,18269500.0,0.37,-0.03
2002-04-16,五粮液,000858,-28.63,-28.61,-28.64,-28.63,-28.63,6396,12856831.0,0.26,0.0
2002-04-15,五粮液,000858,-28.64,-28.62,-28.68,-28.63,-28.64,6791,13537729.0,0.28,0.03
2002-04-12,五粮液,000858,-28.66,-28.61,-28.66,-28.64,-28.66,7895,15793427.0,0.32,0.07
2002-04-11,五粮液,000858,-28.57,-28.56,-28.67,-28.66,-28.58,9244,18609724.0,0.38,-0.28
2002-04-10,五粮液,000858,-28.63,-28.56,-28.63,-28.58,-28.63,12641,25675600.0,0.52,0.17
2002-04-09,五粮液,000858,-28.66,-28.62,-28.68,-28.63,-28.66,12914,25754156.0,0.53,0.1
2002-04-08,五粮液,000858,-28.62,-28.62,-28.68,-28.66,-28.61,7388,14697326.0,0.3,-0.17
2002-04-04,五粮液,000858,-28.72,-28.61,-28.74,-28.61,-28.72,8283,16429425.0,0.34,0.38
2002-04-03,五粮液,000858,-28.67,-28.66,-28.74,-28.72,-28.7,13294,26142128.0,0.54,-0.07
2002-04-02,五粮液,000858,-28.61,-28.59,-28.71,-28.7,-28.62,15144,30070826.0,0.62,-0.28
2002-04-01,五粮液,000858,-28.63,-28.59,-28.64,-28.62,-28.61,8965,18029740.0,0.37,-0.03
2002-03-29,五粮液,000858,-28.55,-28.55,-28.63,-28.61,-28.53,17909,36302024.0,0.73,-0.28
2002-03-28,五粮液,000858,-28.49,-28.49,-28.54,-28.53,-28.48,11412,23556346.0,0.47,-0.18
2002-03-27,五粮液,000858,-28.51,-28.48,-28.53,-28.48,-28.5,7943,16458182.0,0.32,0.07
2002-03-26,五粮液,000858,-28.43,-28.42,-28.52,-28.5,-28.43,14578,30272854.0,0.6,-0.25
2002-03-25,五粮液,000858,-28.43,-28.4,-28.45,-28.43,-28.41,11213,23611018.0,0.46,-0.07
2002-03-22,五粮液,000858,-28.34,-28.33,-28.45,-28.41,-28.37,19932,42160300.0,0.81,-0.14
2002-03-21,五粮液,000858,-28.43,-28.32,-28.43,-28.37,-28.43,49930,107165280.0,2.04,0.21
2002-03-20,五粮液,000858,-28.45,-28.36,-28.48,-28.43,-28.46,49026,103886112.0,2.0,0.11
2002-03-19,五粮液,000858,-28.53,-28.45,-28.55,-28.46,-28.53,27328,56650592.0,1.12,0.25
2002-03-18,五粮液,000858,-28.49,-28.39,-28.55,-28.53,-28.5,29932,61941888.0,1.22,-0.11
2002-03-15,五粮液,000858,-28.49,-28.36,-28.52,-28.5,-28.49,71601,151271376.0,2.93,-0.04
2002-03-14,五粮液,000858,-28.54,-28.48,-28.55,-28.49,-28.54,17186,35528044.0,0.7,0.18
2002-03-13,五粮液,000858,-28.55,-28.5,-28.58,-28.54,-28.55,16900,34737240.0,0.69,0.04
2002-03-12,五粮液,000858,-28.43,-28.43,-28.55,-28.55,-28.44,41492,85868064.0,1.7,-0.39
2002-03-11,五粮液,000858,-28.45,-28.42,-28.49,-28.44,-28.46,48773,102135944.0,1.99,0.07
2002-03-08,五粮液,000858,-28.53,-28.41,-28.55,-28.46,-28.54,60616,126167456.0,2.48,0.28
2002-03-07,五粮液,000858,-28.56,-28.54,-28.62,-28.54,-28.56,36219,73664528.0,1.48,0.07
2002-03-06,五粮液,000858,-28.54,-28.49,-28.57,-28.56,-28.56,36613,75050928.0,1.5,0.0
2002-03-05,五粮液,000858,-28.61,-28.52,-28.62,-28.56,-28.61,25412,51902908.0,1.04,0.17
2002-03-04,五粮液,000858,-28.63,-28.59,-28.66,-28.61,-28.61,15806,31732360.0,0.65,0.0
2002-03-01,五粮液,000858,-28.64,-28.58,-28.65,-28.61,-28.64,26011,52298164.0,1.06,0.1
2002-02-28,五粮液,000858,-28.45,-28.45,-28.65,-28.64,-28.48,48317,98270392.0,1.98,-0.56
2002-02-27,五粮液,000858,-28.53,-28.48,-28.55,-28.48,-28.54,22140,45855112.0,0.91,0.21
2002-02-26,五粮液,000858,-28.55,-28.49,-28.57,-28.54,-28.53,18588,38241956.0,0.76,-0.04
2002-02-25,五粮液,000858,-28.47,-28.47,-28.57,-28.53,-28.59,21691,44538712.0,0.89,0.21
2002-02-08,五粮液,000858,-28.57,-28.54,-28.6,-28.59,-28.57,17256,35249316.0,0.71,-0.07
2002-02-07,五粮液,000858,-28.67,-28.56,-28.67,-28.57,-28.65,16158,32759780.0,0.66,0.28
2002-02-06,五粮液,000858,-28.58,-28.57,-28.66,-28.65,-28.59,12551,25156908.0,0.51,-0.21
2002-02-05,五粮液,000858,-28.6,-28.54,-28.63,-28.59,-28.6,15355,31181652.0,0.63,0.03
2002-02-04,五粮液,000858,-28.64,-28.58,-28.66,-28.6,-28.64,13798,27813502.0,0.56,0.14
2002-02-01,五粮液,000858,-28.59,-28.55,-28.66,-28.64,-28.59,29616,59740692.0,1.21,-0.17
2002-01-31,五粮液,000858,-28.49,-28.49,-28.84,-28.59,-28.86,71983,145475856.0,2.94,0.94
2002-01-30,五粮液,000858,-28.84,-28.8,-28.9,-28.86,-28.86,8130,15413825.0,0.33,0.0
2002-01-29,五粮液,000858,-28.94,-28.78,-28.95,-28.86,-28.87,15156,28725376.0,0.62,0.03
2002-01-28,五粮液,000858,-28.68,-28.64,-28.88,-28.87,-28.68,28859,55134532.0,1.18,-0.66
2002-01-25,五粮液,000858,-28.69,-28.62,-28.72,-28.68,-28.68,15116,30134584.0,0.62,0.0
2002-01-24,五粮液,000858,-28.71,-28.61,-28.76,-28.68,-28.67,41328,82375728.0,1.69,-0.03
2002-01-23,五粮液,000858,-28.88,-28.66,-28.89,-28.67,-28.84,35386,68673992.0,1.45,0.59
2002-01-22,五粮液,000858,-28.9,-28.78,-28.94,-28.84,-28.9,19315,36702252.0,0.79,0.21
2002-01-21,五粮液,000858,-28.81,-28.8,-28.92,-28.9,-28.81,21019,39464924.0,0.86,-0.31
2002-01-18,五粮液,000858,-28.96,-28.76,-29.0,-28.81,-28.91,35995,68136648.0,1.47,0.35
2002-01-17,五粮液,000858,-28.84,-28.81,-28.99,-28.91,-28.83,18336,34125796.0,0.75,-0.28
2002-01-16,五粮液,000858,-28.82,-28.79,-28.92,-28.83,-28.88,12262,23162574.0,0.5,0.17
2002-01-15,五粮液,000858,-28.9,-28.8,-28.93,-28.88,-28.87,20372,38533556.0,0.83,-0.03
2002-01-14,五粮液,000858,-28.84,-28.8,-28.88,-28.87,-28.79,20483,38851804.0,0.84,-0.28
2002-01-11,五粮液,000858,-28.7,-28.67,-28.82,-28.79,-28.7,16587,32220744.0,0.68,-0.31
2002-01-10,五粮液,000858,-28.65,-28.65,-28.88,-28.7,-28.63,38678,74970976.0,1.58,-0.24
2002-01-09,五粮液,000858,-28.64,-28.62,-28.67,-28.63,-28.62,15948,31842764.0,0.65,-0.03
2002-01-08,五粮液,000858,-28.59,-28.55,-28.63,-28.62,-28.59,11251,22765728.0,0.46,-0.1
2002-01-07,五粮液,000858,-28.55,-28.55,-28.64,-28.59,-28.52,18139,36633348.0,0.74,-0.25
2002-01-04,五粮液,000858,-28.42,-28.4,-28.54,-28.52,-28.42,28290,58619484.0,1.16,-0.35
2001-12-31,五粮液,000858,-28.45,-28.37,-28.47,-28.42,-28.45,38541,81653664.0,1.58,0.11
2001-12-28,五粮液,000858,-28.52,-28.41,-28.54,-28.45,-28.52,36920,77233064.0,1.51,0.25
2001-12-27,五粮液,000858,-28.41,-28.41,-28.53,-28.52,-28.45,18685,38812328.0,0.76,-0.25
2001-12-26,五粮液,000858,-28.61,-28.45,-28.62,-28.45,-28.6,17552,36161036.0,0.72,0.52
2001-12-25,五粮液,000858,-28.62,-28.58,-28.65,-28.6,-28.62,15420,31107070.0,0.63,0.07
2001-12-24,五粮液,000858,-28.54,-28.54,-28.65,-28.62,-28.55,25952,52203768.0,1.06,-0.25
2001-12-21,五粮液,000858,-28.64,-28.53,-28.64,-28.55,-28.61,22527,45843384.0,0.92,0.21
2001-12-20,五粮液,000858,-28.51,-28.49,-28.64,-28.61,-28.49,39461,80148584.0,1.61,-0.42
2001-12-19,五粮液,000858,-28.4,-28.36,-28.51,-28.49,-28.41,52764,111534760.0,2.16,-0.28
2001-12-18,五粮液,000858,-28.54,-28.41,-28.56,-28.41,-28.55,72873,152164992.0,2.98,0.49
2001-12-17,五粮液,000858,-28.64,-28.52,-28.67,-28.55,-28.64,22110,44924856.0,0.9,0.31
2001-12-14,五粮液,000858,-28.65,-28.61,-28.69,-28.64,-28.65,18939,37839648.0,0.77,0.03
2001-12-13,五粮液,000858,-28.6,-28.57,-28.67,-28.65,-28.6,18083,36344824.0,0.74,-0.17
2001-12-12,五粮液,000858,-28.68,-28.56,-28.68,-28.6,-28.66,28687,58018072.0,1.17,0.21
2001-12-11,五粮液,000858,-28.64,-28.59,-28.67,-28.66,-28.63,20419,41002396.0,0.83,-0.1
2001-12-10,五粮液,000858,-28.61,-28.59,-28.69,-28.63,-28.62,25711,51367328.0,1.05,-0.03
2001-12-07,五粮液,000858,-28.56,-28.55,-28.63,-28.62,-28.57,23205,46821200.0,0.95,-0.18
2001-12-06,五粮液,000858,-28.65,-28.53,-28.68,-28.57,-28.65,48934,99256264.0,2.0,0.28
2001-12-05,五粮液,000858,-28.64,-28.49,-28.66,-28.65,-28.67,124684,253973136.0,5.1,0.07
2001-12-04,五粮液,000858,-28.82,-28.66,-28.84,-28.67,-28.83,55699,108409952.0,2.28,0.55
2001-12-03,五粮液,000858,-29.02,-28.79,-29.02,-28.83,-29.04,54665,103589280.0,2.23,0.72
2001-11-30,五粮液,000858,-29.04,-29.03,-29.06,-29.04,-29.06,12659,22748824.0,0.52,0.07
2001-11-29,五粮液,000858,-29.04,-29.03,-29.08,-29.06,-29.07,11248,20105766.0,0.46,0.03
2001-11-28,五粮液,000858,-29.12,-29.02,-29.12,-29.07,-29.13,18812,33656068.0,0.77,0.21
2001-11-27,五粮液,000858,-29.15,-29.12,-29.16,-29.13,-29.15,4913,8568424.0,0.2,0.07
2001-11-26,五粮液,000858,-29.1,-29.09,-29.17,-29.15,-29.1,5863,10219817.0,0.24,-0.17
2001-11-23,五粮液,000858,-29.07,-29.07,-29.1,-29.1,-29.06,7098,12573980.0,0.29,-0.14
2001-11-22,五粮液,000858,-29.08,-29.05,-29.1,-29.06,-29.09,14008,24939738.0,0.57,0.1
2001-11-21,五粮液,000858,-29.03,-29.03,-29.12,-29.09,-29.11,10475,18634484.0,0.43,0.07
2001-11-20,五粮液,000858,-29.16,-29.06,-29.16,-29.11,-29.15,4192,7209696.0,0.17,0.14
2001-11-19,五粮液,000858,-29.22,-29.15,-29.23,-29.15,-29.21,28401,50567497.0,1.16,0.21
2001-11-16,五粮液,000858,-29.04,-28.95,-29.22,-29.21,-29.27,28400,50567496.0,1.16,0.2
2001-11-15,五粮液,000858,-29.31,-29.27,-29.33,-29.27,-29.33,9755,16163834.0,0.4,0.2
2001-11-14,五粮液,000858,-29.27,-29.25,-29.34,-29.33,-29.27,11705,19441092.0,0.48,-0.2
2001-11-13,五粮液,000858,-29.27,-29.24,-29.29,-29.27,-29.25,9389,15747977.0,0.38,-0.07
2001-11-12,五粮液,000858,-29.14,-29.12,-29.26,-29.25,-29.14,10412,17702892.0,0.43,-0.38
2001-11-09,五粮液,000858,-29.19,-29.13,-29.29,-29.14,-29.18,6739,11612785.0,0.28,0.14
2001-11-08,五粮液,000858,-29.23,-29.14,-29.29,-29.18,-29.21,8935,15243474.0,0.37,0.1
2001-11-07,五粮液,000858,-29.06,-29.05,-29.23,-29.21,-29.05,14337,24919494.0,0.59,-0.55
2001-11-06,五粮液,000858,-29.02,-29.01,-29.06,-29.05,-29.04,3066,5513644.0,0.13,-0.03
2001-11-05,五粮液,000858,-29.04,-28.99,-29.06,-29.04,-29.04,8178,14759549.0,0.33,0.0
2001-11-02,五粮液,000858,-28.99,-28.99,-29.04,-29.04,-28.99,6471,11697259.0,0.26,-0.17
2001-11-01,五粮液,000858,-29.06,-28.99,-29.06,-28.99,-29.04,9491,17117686.0,0.39,0.17
2001-10-31,五粮液,000858,-29.06,-29.04,-29.07,-29.04,-29.06,9692,17366888.0,0.4,0.07
2001-10-30,五粮液,000858,-29.0,-28.99,-29.08,-29.06,-29.01,7726,13937298.0,0.32,-0.17
2001-10-29,五粮液,000858,-29.05,-29.01,-29.05,-29.01,-29.05,6110,11044338.0,0.25,0.14
2001-10-26,五粮液,000858,-29.04,-29.03,-29.1,-29.05,-29.04,11155,19924468.0,0.46,-0.03
2001-10-25,五粮液,000858,-28.96,-28.96,-29.06,-29.04,-28.95,16648,30169034.0,0.68,-0.31
2001-10-24,五粮液,000858,-28.84,-28.82,-29.0,-28.95,-29.03,59854,111827376.0,2.45,0.28
2001-10-23,五粮液,000858,-29.03,-29.03,-29.09,-29.03,-29.35,44218,79695784.0,1.81,1.09
2001-10-22,五粮液,000858,-29.19,-29.18,-29.35,-29.35,-29.16,21408,36012616.0,0.88,-0.65
2001-10-19,五粮液,000858,-29.1,-29.07,-29.2,-29.16,-29.07,17924,31207940.0,0.73,-0.31
2001-10-18,五粮液,000858,-28.96,-28.94,-29.1,-29.07,-28.96,18362,32785478.0,0.75,-0.38
2001-10-17,五粮液,000858,-28.96,-28.92,-29.04,-28.96,-28.96,8395,15304032.0,0.34,0.0
2001-10-16,五粮液,000858,-28.96,-28.84,-28.98,-28.96,-28.99,25417,47324420.0,1.04,0.1
2001-10-15,五粮液,000858,-28.93,-28.92,-29.09,-28.99,-28.94,12263,22316754.0,0.5,-0.17
2001-10-12,五粮液,000858,-28.98,-28.87,-29.02,-28.94,-29.12,25334,47060040.0,1.04,0.62
2001-10-11,五粮液,000858,-29.08,-29.02,-29.13,-29.12,-29.08,6076,10751345.0,0.25,-0.14
2001-10-10,五粮液,000858,-29.0,-28.95,-29.09,-29.08,-28.99,6315,11329902.0,0.26,-0.31
2001-10-09,五粮液,000858,-29.04,-28.96,-29.04,-28.99,-29.04,4203,7637920.5,0.17,0.17
2001-10-08,五粮液,000858,-29.0,-28.95,-29.04,-29.04,-29.0,5135,9301999.0,0.21,-0.14
2001-09-28,五粮液,000858,-29.01,-28.94,-29.03,-29.0,-29.03,7125,12956276.0,0.29,0.1
2001-09-27,五粮液,000858,-29.0,-28.96,-29.23,-29.03,-29.0,9603,17297298.0,0.39,-0.1
2001-09-26,五粮液,000858,-28.97,-28.92,-29.0,-29.0,-28.96,8486,15560259.0,0.35,-0.14
2001-09-25,五粮液,000858,-28.98,-28.93,-28.98,-28.96,-28.98,6058,11155885.0,0.25,0.07
2001-09-24,五粮液,000858,-28.98,-28.94,-29.0,-28.98,-28.98,6942,12716103.0,0.28,0.0
2001-09-21,五粮液,000858,-28.92,-28.9,-29.0,-28.98,-28.91,13483,24899012.0,0.55,-0.24
2001-09-20,五粮液,000858,-28.96,-28.89,-29.03,-28.91,-28.97,19951,36932308.0,0.82,0.21
2001-09-19,五粮液,000858,-29.07,-28.96,-29.12,-28.97,-29.07,12420,22256640.0,0.51,0.34
2001-09-18,五粮液,000858,-29.09,-28.94,-29.13,-29.07,-29.04,18696,33259066.0,0.76,-0.1
2001-09-17,五粮液,000858,-28.9,-28.88,-29.04,-29.04,-28.86,19056,34702720.0,0.78,-0.62
2001-09-14,五粮液,000858,-28.82,-28.78,-28.94,-28.86,-28.81,22433,42328852.0,0.92,-0.17
2001-09-13,五粮液,000858,-28.76,-28.72,-28.82,-28.81,-28.77,10242,19688582.0,0.42,-0.14
2001-09-12,五粮液,000858,-28.84,-28.69,-28.87,-28.77,-28.65,21107,40684036.0,0.86,-0.42
2001-09-11,五粮液,000858,-28.66,-28.61,-28.69,-28.65,-28.66,15901,31716866.0,0.65,0.03
2001-09-10,五粮液,000858,-28.74,-28.61,-28.84,-28.66,-28.64,22103,43674284.0,0.9,-0.07
2001-09-07,五粮液,000858,-28.41,-28.41,-28.64,-28.64,-28.41,16125,32919368.0,0.66,-0.81
2001-09-06,五粮液,000858,-28.41,-28.35,-28.45,-28.41,-28.38,6879,14598014.0,0.28,-0.11
2001-09-05,五粮液,000858,-28.39,-28.29,-28.49,-28.38,-28.37,22434,47517492.0,0.92,-0.04
2001-09-04,五粮液,000858,-28.32,-28.31,-28.48,-28.37,-28.32,25714,54366332.0,1.05,-0.18
2001-09-03,五粮液,000858,-28.2,-28.18,-28.33,-28.32,-28.21,22782,85180040.0,1.58,-0.39
2001-08-31,五粮液,000858,-28.25,-28.17,-28.28,-28.21,-28.27,14357,54293104.0,1.0,0.21
2001-08-30,五粮液,000858,-28.2,-28.2,-28.29,-28.27,-28.21,6579,24655472.0,0.46,-0.21
2001-08-29,五粮液,000858,-28.19,-28.1,-28.24,-28.21,-28.19,8918,33995024.0,0.62,-0.07
2001-08-28,五粮液,000858,-28.28,-28.18,-28.32,-28.19,-28.28,10672,39698924.0,0.74,0.32
2001-08-27,五粮液,000858,-28.09,-28.09,-28.29,-28.28,-28.03,17415,65554680.0,1.21,-0.89
2001-08-23,五粮液,000858,-27.99,-27.99,-28.14,-28.03,-28.05,14674,57511232.0,1.02,0.07
2001-08-22,五粮液,000858,-28.01,-28.01,-28.18,-28.05,-28.02,9602,37308844.0,0.67,-0.11
2001-08-21,五粮液,000858,-28.01,-27.99,-28.07,-28.02,-28.01,9064,35831608.0,0.63,-0.04
2001-08-20,五粮液,000858,-28.09,-28.01,-28.12,-28.01,-28.09,13252,52183448.0,0.92,0.28
2001-08-17,五粮液,000858,-28.17,-28.09,-28.24,-28.09,-28.13,2879,11102402.0,0.2,0.14
2001-08-16,五粮液,000858,-28.12,-28.08,-28.2,-28.13,-28.13,5857,22639186.0,0.41,0.0
2001-08-15,五粮液,000858,-28.21,-28.08,-28.22,-28.13,-28.21,9634,37037548.0,0.67,0.28
2001-08-14,五粮液,000858,-28.15,-28.12,-28.25,-28.21,-28.15,14008,53075268.0,0.97,-0.21
2001-08-13,五粮液,000858,-28.13,-28.1,-28.17,-28.15,-28.15,7434,28600298.0,0.52,0.0
2001-08-10,五粮液,000858,-28.1,-28.08,-28.16,-28.15,-28.18,7600,29325930.0,0.53,0.11
2001-08-09,五粮液,000858,-28.29,-28.18,-28.29,-28.18,-28.29,3969,15035117.0,0.28,0.39
2001-08-08,五粮液,000858,-28.25,-28.22,-28.32,-28.29,-28.25,4318,16080822.0,0.3,-0.14
2001-08-07,五粮液,000858,-28.32,-28.24,-28.36,-28.25,-28.31,7799,29001640.0,0.54,0.21
2001-08-06,五粮液,000858,-28.2,-28.17,-28.38,-28.31,-28.19,12513,46559552.0,0.87,-0.43
2001-08-03,五粮液,000858,-28.17,-28.13,-28.21,-28.19,-28.2,7827,29917788.0,0.54,0.04
2001-08-02,五粮液,000858,-28.07,-28.07,-28.26,-28.2,-28.07,16648,63346436.0,1.16,-0.46
2001-08-01,五粮液,000858,-28.18,-28.04,-28.18,-28.07,-28.2,15826,61644652.0,1.1,0.46
2001-07-31,五粮液,000858,-28.18,-28.08,-28.2,-28.2,-28.18,16535,63618516.0,1.15,-0.07
2001-07-30,五粮液,000858,-27.97,-27.97,-28.19,-28.18,-27.93,20025,77779024.0,1.39,-0.9
2001-07-27,五粮液,000858,-27.89,-27.85,-27.98,-27.93,-27.85,11563,46643432.0,0.8,-0.29
2001-07-26,五粮液,000858,-27.85,-27.82,-27.97,-27.85,-27.88,10765,43591496.0,0.75,0.11
2001-07-25,五粮液,000858,-27.84,-27.8,-27.9,-27.88,-27.84,11203,45886236.0,0.78,-0.14
2001-07-24,五粮液,000858,-27.74,-27.68,-27.84,-27.84,-27.69,25347,105424176.0,1.76,-0.54
2001-07-23,五粮液,000858,-27.64,-27.62,-27.71,-27.69,-27.64,10955,46671864.0,0.76,-0.18
2001-07-20,五粮液,000858,-27.68,-27.55,-27.68,-27.64,-27.68,35867,154843536.0,2.49,0.14
2001-07-19,五粮液,000858,-27.68,-27.67,-27.76,-27.68,-27.74,21085,89086664.0,1.47,0.22
2001-07-18,五粮液,000858,-27.63,-27.56,-27.76,-27.74,-27.86,73475,312544608.0,5.11,0.43
2001-07-16,五粮液,000858,-28.04,-27.71,-28.08,-27.86,-28.15,88544,361072608.0,6.15,1.03
2001-07-13,五粮液,000858,-28.1,-28.05,-28.17,-28.15,-28.11,3800,14610616.0,0.26,-0.14
2001-07-12,五粮液,000858,-28.13,-28.08,-28.17,-28.11,-28.08,4785,18468384.0,0.33,-0.11
2001-07-11,五粮液,000858,-28.05,-28.03,-28.09,-28.08,-28.05,3915,15293968.0,0.27,-0.11
2001-07-10,五粮液,000858,-28.05,-28.02,-28.08,-28.05,-28.05,3372,13211453.0,0.23,0.0
2001-07-09,五粮液,000858,-28.14,-28.01,-28.14,-28.05,-28.14,12760,49907856.0,0.89,0.32
2001-07-06,五粮液,000858,-28.13,-28.11,-28.16,-28.14,-28.13,4037,15550137.0,0.28,-0.04
2001-07-05,五粮液,000858,-28.11,-28.09,-28.15,-28.13,-28.11,6304,24337392.0,0.44,-0.07
2001-07-04,五粮液,000858,-28.11,-28.09,-28.13,-28.11,-28.11,3773,14605657.0,0.26,0.0
2001-07-03,五粮液,000858,-28.14,-28.1,-28.15,-28.11,-28.14,5280,20412570.0,0.37,0.11
2001-07-02,五粮液,000858,-28.07,-28.06,-28.15,-28.14,-28.05,5644,21782012.0,0.39,-0.32
2001-06-29,五粮液,000858,-28.03,-27.97,-28.08,-28.05,-28.05,13837,54954740.0,0.96,0.0
2001-06-28,五粮液,000858,-28.01,-27.97,-28.12,-28.05,-28.01,20119,79748752.0,1.4,-0.14
2001-06-27,五粮液,000858,-28.1,-28.01,-28.13,-28.01,-28.1,10454,40788004.0,0.73,0.32
2001-06-26,五粮液,000858,-28.11,-28.1,-28.14,-28.1,-28.12,9982,38606488.0,0.69,0.07
2001-06-25,五粮液,000858,-28.19,-28.12,-28.19,-28.12,-28.2,8348,32039766.0,0.58,0.28
2001-06-22,五粮液,000858,-28.33,-28.17,-28.33,-28.2,-28.25,6959,26286404.0,0.48,0.18
2001-06-21,五粮液,000858,-28.29,-28.22,-28.29,-28.25,-28.29,4946,18574640.0,0.34,0.14
2001-06-20,五粮液,000858,-28.23,-28.21,-28.3,-28.29,-28.23,7664,28701928.0,0.53,-0.21
2001-06-19,五粮液,000858,-28.24,-28.2,-28.26,-28.23,-28.24,6177,23278900.0,0.43,0.04
2001-06-18,五粮液,000858,-28.14,-28.09,-28.24,-28.24,-28.13,16638,63402348.0,1.16,-0.39
2001-06-15,五粮液,000858,-28.14,-28.07,-28.14,-28.13,-28.1,20849,80604744.0,1.45,-0.11
2001-06-14,五粮液,000858,-28.03,-27.94,-28.13,-28.1,-28.02,22908,90840176.0,1.59,-0.29
2001-06-13,五粮液,000858,-28.03,-28.01,-28.06,-28.02,-28.03,6658,26222140.0,0.46,0.04
2001-06-12,五粮液,000858,-28.03,-28.01,-28.07,-28.03,-28.04,4610,18136010.0,0.32,0.04
2001-06-11,五粮液,000858,-27.99,-27.95,-28.04,-28.04,-27.98,7542,29804172.0,0.52,-0.21
2001-06-08,五粮液,000858,-28.02,-27.98,-28.07,-27.98,-28.02,8472,33420688.0,0.59,0.14
2001-06-07,五粮液,000858,-27.96,-27.94,-28.02,-28.02,-27.96,10454,41756840.0,0.73,-0.21
2001-06-06,五粮液,000858,-28.0,-27.94,-28.02,-27.96,-28.0,14589,58223632.0,1.01,0.14
2001-06-05,五粮液,000858,-27.95,-27.93,-28.01,-28.0,-27.96,18371,73271576.0,1.28,-0.14
2001-06-04,五粮液,000858,-28.05,-27.91,-28.06,-27.96,-28.07,25873,103484280.0,1.8,0.39
2001-06-01,五粮液,000858,-28.12,-28.06,-28.12,-28.07,-28.12,7245,28251664.0,0.5,0.18
2001-05-31,五粮液,000858,-28.07,-28.06,-28.12,-28.12,-28.08,7788,30320616.0,0.54,-0.14
2001-05-30,五粮液,000858,-28.15,-28.08,-28.17,-28.08,-28.15,9340,36100232.0,0.65,0.25
2001-05-29,五粮液,000858,-28.19,-28.09,-28.2,-28.15,-28.18,5436,20808920.0,0.38,0.11
2001-05-28,五粮液,000858,-28.14,-28.12,-28.2,-28.18,-28.14,11802,44973408.0,0.82,-0.14
2001-05-25,五粮液,000858,-28.19,-28.14,-28.2,-28.14,-28.18,15616,59753244.0,1.09,0.14
2001-05-24,五粮液,000858,-28.13,-28.12,-28.19,-28.18,-28.13,16986,64858876.0,1.18,-0.18
2001-05-23,五粮液,000858,-28.13,-28.1,-28.19,-28.13,-28.13,18373,70567304.0,1.28,0.0
2001-05-22,五粮液,000858,-28.12,-28.1,-28.14,-28.13,-28.12,9239,35683044.0,0.64,-0.04
2001-05-21,五粮液,000858,-28.13,-28.08,-28.17,-28.12,-28.13,21761,84234104.0,1.51,0.04
2001-05-17,五粮液,000858,-28.08,-28.06,-28.14,-28.13,-28.06,27383,106508480.0,1.9,-0.25
2001-05-16,五粮液,000858,-27.99,-27.98,-28.06,-28.06,-27.99,19342,76437504.0,1.34,-0.25
2001-05-15,五粮液,000858,-28.02,-27.98,-28.08,-27.99,-28.04,29226,115850872.0,2.03,0.18
2001-05-14,五粮液,000858,-28.1,-28.02,-28.13,-28.04,-28.08,17953,70022568.0,1.25,0.14
2001-05-11,五粮液,000858,-28.06,-28.05,-28.09,-28.08,-28.06,15226,59421256.0,1.06,-0.07
2001-05-10,五粮液,000858,-28.08,-28.01,-28.11,-28.06,-28.09,23803,93033976.0,1.65,0.11
2001-05-09,五粮液,000858,-28.2,-28.0,-28.21,-28.09,-28.2,62486,244042240.0,4.34,0.39
2001-05-08,五粮液,000858,-28.25,-28.17,-28.25,-28.2,-28.25,15911,60332601.0,1.11,0.18
2001-04-30,五粮液,000858,-28.28,-28.21,-28.29,-28.25,-28.28,12705,47718036.0,0.88,0.11
2001-04-27,五粮液,000858,-28.25,-28.2,-28.32,-28.28,-28.29,11526,43104656.0,0.8,0.04
2001-04-26,五粮液,000858,-28.32,-28.24,-28.36,-28.29,-28.32,21149,78612352.0,1.47,0.11
2001-04-25,五粮液,000858,-28.64,-28.25,-28.64,-28.32,-28.33,22828,83418544.0,1.59,0.04
2001-04-24,五粮液,000858,-28.38,-28.31,-28.38,-28.33,-28.38,8350,30640760.0,0.58,0.18
2001-04-23,五粮液,000858,-28.4,-28.37,-28.41,-28.38,-28.37,9134,33139440.0,0.63,-0.04
2001-04-20,五粮液,000858,-28.3,-28.28,-28.43,-28.37,-28.34,10692,39419120.0,0.74,-0.11
2001-04-19,五粮液,000858,-28.32,-28.32,-28.37,-28.34,-28.32,11905,43589620.0,0.83,-0.07
2001-04-18,五粮液,000858,-28.3,-28.26,-28.35,-28.32,-28.3,10335,38321632.0,0.72,-0.07
2001-04-17,五粮液,000858,-28.26,-28.2,-28.31,-28.3,-28.23,10282,38613468.0,0.71,-0.25
2001-04-16,五粮液,000858,-28.31,-28.18,-28.34,-28.23,-28.31,29467,110616856.0,2.05,0.28
2001-04-13,五粮液,000858,-28.34,-28.28,-28.35,-28.31,-28.34,5547,20483904.0,0.39,0.11
2001-04-12,五粮液,000858,-28.3,-28.29,-28.35,-28.34,-28.3,8658,31889138.0,0.6,-0.14
2001-04-11,五粮液,000858,-28.4,-28.29,-28.41,-28.3,-28.41,8355,30652258.0,0.58,0.39
2001-04-10,五粮液,000858,-28.41,-28.36,-28.42,-28.41,-28.41,5690,20665192.0,0.4,0.0
2001-04-09,五粮液,000858,-28.42,-28.39,-28.43,-28.41,-28.39,8886,32078960.0,0.62,-0.07
2001-04-06,五粮液,000858,-28.34,-28.32,-28.4,-28.39,-28.34,7258,26429824.0,0.5,-0.18
2001-04-05,五粮液,000858,-28.41,-28.33,-28.42,-28.34,-28.39,8129,29561036.0,0.56,0.18
2001-04-04,五粮液,000858,-28.32,-28.29,-28.41,-28.39,-28.31,12780,46896540.0,0.89,-0.28
2001-04-03,五粮液,000858,-28.25,-28.24,-28.31,-28.31,-28.24,10892,40533484.0,0.76,-0.25
2001-04-02,五粮液,000858,-28.2,-28.17,-28.25,-28.24,-28.21,9680,36613576.0,0.67,-0.11
2001-03-30,五粮液,000858,-28.21,-28.2,-28.25,-28.21,-28.21,6997,26428290.0,0.49,0.0
2001-03-29,五粮液,000858,-28.18,-28.14,-28.22,-28.21,-28.18,10777,41047940.0,0.75,-0.11
2001-03-28,五粮液,000858,-28.27,-28.12,-28.31,-28.18,-28.28,41318,157049280.0,2.87,0.35
2001-03-27,五粮液,000858,-28.26,-28.22,-28.31,-28.28,-28.28,13747,51514152.0,0.96,0.0
2001-03-26,五粮液,000858,-28.37,-28.27,-28.37,-28.28,-28.36,11663,43114924.0,0.81,0.28
2001-03-23,五粮液,000858,-28.35,-28.28,-28.37,-28.36,-28.35,23220,85469176.0,1.61,-0.04
2001-03-22,五粮液,000858,-28.34,-28.26,-28.36,-28.35,-28.33,10673,39402320.0,0.74,-0.07
2001-03-21,五粮液,000858,-28.31,-28.29,-28.38,-28.33,-28.32,8783,32342514.0,0.61,-0.04
2001-03-20,五粮液,000858,-28.31,-28.26,-28.33,-28.32,-28.31,10141,37680592.0,0.7,-0.04
2001-03-19,五粮液,000858,-28.38,-28.26,-28.41,-28.31,-28.36,8951,33011886.0,0.62,0.18
2001-03-16,五粮液,000858,-28.3,-28.28,-28.39,-28.36,-28.3,11367,41724356.0,0.79,-0.21
2001-03-15,五粮液,000858,-28.25,-28.21,-28.31,-28.3,-28.28,21793,81501912.0,1.51,-0.07
2001-03-14,五粮液,000858,-28.38,-28.27,-28.41,-28.28,-28.37,22006,81073096.0,1.53,0.32
2001-03-13,五粮液,000858,-28.51,-28.36,-28.53,-28.37,-28.5,28511,102880800.0,1.98,0.46
2001-03-12,五粮液,000858,-28.56,-28.49,-28.58,-28.5,-28.57,8915,31329276.0,0.62,0.25
2001-03-09,五粮液,000858,-28.59,-28.55,-28.6,-28.57,-28.58,6631,23000072.0,0.46,0.03
2001-03-08,五粮液,000858,-28.59,-28.57,-28.62,-28.58,-28.59,3188,11038131.0,0.22,0.03
2001-03-07,五粮液,000858,-28.55,-28.55,-28.61,-28.59,-28.56,5188,18038438.0,0.36,-0.11
2001-03-06,五粮液,000858,-28.66,-28.56,-28.68,-28.56,-28.67,6868,23636816.0,0.48,0.38
2001-03-05,五粮液,000858,-28.66,-28.63,-28.71,-28.67,-28.67,9267,31438020.0,0.64,0.0
2001-03-02,五粮液,000858,-28.7,-28.62,-28.7,-28.67,-28.7,10986,37441292.0,0.76,0.1
2001-03-01,五粮液,000858,-28.71,-28.68,-28.72,-28.7,-28.7,11149,37425276.0,0.77,0.0
2001-02-28,五粮液,000858,-28.63,-28.63,-28.7,-28.7,-28.63,6458,21889314.0,0.45,-0.24
2001-02-27,五粮液,000858,-28.62,-28.6,-28.65,-28.63,-28.62,6533,22416886.0,0.45,-0.03
2001-02-26,五粮液,000858,-28.66,-28.6,-28.71,-28.62,-28.66,8555,29102020.0,0.59,0.14
2001-02-23,五粮液,000858,-28.81,-28.64,-28.81,-28.66,-28.81,5785,19261102.0,0.4,0.52
2001-02-22,五粮液,000858,-28.85,-28.76,-28.89,-28.81,-28.83,4351,14273808.0,0.3,0.07
2001-02-21,五粮液,000858,-28.77,-28.75,-28.93,-28.83,-28.71,5745,18723344.0,0.4,-0.42
2001-02-19,五粮液,000858,-28.77,-28.65,-28.79,-28.71,-28.78,9103,30582826.0,0.63,0.24
2001-02-16,五粮液,000858,-28.71,-28.69,-28.83,-28.78,-28.72,15086,52066452.0,1.26,-0.21
2001-02-15,五粮液,000858,-28.76,-28.68,-28.78,-28.72,-28.77,13117,45967460.0,1.09,0.17
2001-02-14,五粮液,000858,-28.78,-28.75,-28.79,-28.77,-28.78,5606,19380962.0,0.47,0.03
2001-02-13,五粮液,000858,-28.81,-28.77,-28.81,-28.78,-28.82,4271,14696430.0,0.36,0.14
2001-02-12,五粮液,000858,-28.76,-28.76,-28.83,-28.82,-28.78,7509,25611558.0,0.63,-0.14
2001-02-09,五粮液,000858,-28.82,-28.76,-28.84,-28.78,-28.83,7808,26756560.0,0.65,0.17
2001-02-08,五粮液,000858,-28.81,-28.77,-28.87,-28.83,-28.81,7785,26449474.0,0.65,-0.07
2001-02-07,五粮液,000858,-28.76,-28.73,-28.81,-28.81,-28.76,7018,24177202.0,0.58,-0.17
2001-02-06,五粮液,000858,-28.73,-28.72,-28.82,-28.76,-28.73,13064,45017116.0,1.09,-0.1
2001-02-05,五粮液,000858,-28.54,-28.51,-28.73,-28.73,-28.55,12965,46519196.0,1.08,-0.63
2001-01-19,五粮液,000858,-28.58,-28.53,-28.59,-28.55,-28.58,19688,72383072.0,1.64,0.1
2001-01-18,五粮液,000858,-28.55,-28.5,-28.59,-28.58,-28.56,17798,65678644.0,1.48,-0.07
2001-01-17,五粮液,000858,-28.54,-28.52,-28.57,-28.56,-28.55,13240,48782480.0,1.1,-0.04
2001-01-16,五粮液,000858,-28.59,-28.53,-28.6,-28.55,-28.56,14936,54973248.0,1.24,0.04
2001-01-15,五粮液,000858,-28.41,-28.41,-28.58,-28.56,-28.41,14472,53823320.0,1.21,-0.53
2001-01-12,五粮液,000858,-28.34,-28.3,-28.45,-28.41,-28.34,10382,40047736.0,0.87,-0.25
2001-01-11,五粮液,000858,-28.32,-28.26,-28.35,-28.34,-28.32,5018,19763220.0,0.42,-0.07
2001-01-10,五粮液,000858,-28.38,-28.28,-28.38,-28.32,-28.38,4533,17805028.0,0.38,0.21
2001-01-09,五粮液,000858,-28.35,-28.33,-28.4,-28.38,-28.36,5519,21402636.0,0.46,-0.07
2001-01-08,五粮液,000858,-28.27,-28.26,-28.38,-28.36,-28.27,9027,35260000.0,0.75,-0.32
2001-01-05,五粮液,000858,-28.23,-28.23,-28.3,-28.27,-28.24,7328,29070958.0,0.61,-0.11
2001-01-04,五粮液,000858,-28.23,-28.16,-28.25,-28.24,-28.23,9160,37079056.0,0.76,-0.04
2001-01-03,五粮液,000858,-28.25,-28.17,-28.27,-28.23,-28.27,15341,61780728.0,1.28,0.14
2001-01-02,五粮液,000858,-28.29,-28.24,-28.34,-28.27,-28.3,10388,41324776.0,0.87,0.11
2000-12-29,五粮液,000858,-28.34,-28.28,-28.35,-28.3,-28.34,10552,41604304.0,0.88,0.14
2000-12-28,五粮液,000858,-28.42,-28.33,-28.46,-28.34,-28.42,12140,46835624.0,1.01,0.28
2000-12-27,五粮液,000858,-28.34,-28.32,-28.42,-28.42,-28.35,8789,34029737.0,0.73,-0.25
2000-12-26,五粮液,000858,-28.3,-28.29,-28.37,-28.35,-28.37,6417,25078416.0,0.53,0.07
2000-12-25,五粮液,000858,-28.29,-28.26,-28.39,-28.37,-28.29,6834,26670608.0,0.57,-0.28
2000-12-22,五粮液,000858,-28.35,-28.25,-28.36,-28.29,-28.35,10983,43398460.0,0.92,0.21
2000-12-21,五粮液,000858,-28.34,-28.3,-28.36,-28.35,-28.36,8432,32954222.0,0.7,0.04
2000-12-20,五粮液,000858,-28.48,-28.31,-28.48,-28.36,-28.48,10448,40508784.0,0.87,0.42
2000-12-19,五粮液,000858,-28.44,-28.43,-28.5,-28.48,-28.44,6552,24838022.0,0.55,-0.14
2000-12-18,五粮液,000858,-28.53,-28.44,-28.58,-28.44,-28.53,9072,33898440.0,0.76,0.32
2000-12-15,五粮液,000858,-28.5,-28.49,-28.58,-28.53,-28.51,5591,20611440.0,0.47,-0.07
2000-12-14,五粮液,000858,-28.52,-28.46,-28.53,-28.51,-28.51,4494,16840964.0,0.37,0.0
2000-12-13,五粮液,000858,-28.53,-28.5,-28.56,-28.51,-28.53,6265,23234108.0,0.52,0.07
2000-12-12,五粮液,000858,-28.59,-28.48,-28.59,-28.53,-28.59,8631,31912188.0,0.72,0.21
2000-12-11,五粮液,000858,-28.47,-28.47,-28.61,-28.59,-28.48,14842,54485928.0,1.24,-0.39
2000-12-08,五粮液,000858,-28.45,-28.44,-28.49,-28.48,-28.47,8260,31112470.0,0.69,-0.04
2000-12-07,五粮液,000858,-28.4,-28.37,-28.52,-28.47,-28.39,15858,60115184.0,1.32,-0.28
2000-12-06,五粮液,000858,-28.3,-28.29,-28.41,-28.39,-28.32,9467,36799872.0,0.79,-0.25
2000-12-05,五粮液,000858,-28.33,-28.27,-28.35,-28.32,-28.33,6399,25199730.0,0.53,0.04
2000-12-04,五粮液,000858,-28.29,-28.25,-28.35,-28.33,-28.29,7619,30076620.0,0.63,-0.14
2000-12-01,五粮液,000858,-28.32,-28.25,-28.35,-28.29,-28.33,9195,36484436.0,0.77,0.14
2000-11-30,五粮液,000858,-28.4,-28.3,-28.4,-28.33,-28.37,8333,32553302.0,0.69,0.14
2000-11-29,五粮液,000858,-28.3,-28.29,-28.4,-28.37,-28.31,13735,53309152.0,1.14,-0.21
2000-11-28,五粮液,000858,-28.27,-28.27,-28.33,-28.31,-28.35,7188,28413426.0,0.6,0.14
2000-11-27,五粮液,000858,-28.38,-28.3,-28.41,-28.35,-28.36,25667,100065872.0,2.14,0.04
2000-11-24,五粮液,000858,-28.21,-28.21,-28.39,-28.36,-28.21,53932,212604928.0,4.49,-0.53
2000-11-23,五粮液,000858,-28.11,-28.11,-28.25,-28.21,-28.13,22370,91366408.0,1.86,-0.28
2000-11-22,五粮液,000858,-28.12,-28.08,-28.17,-28.13,-28.11,20287,83444736.0,1.69,-0.07
2000-11-21,五粮液,000858,-28.01,-27.97,-28.14,-28.11,-28.01,28073,117979968.0,2.34,-0.36
2000-11-20,五粮液,000858,-28.2,-27.96,-28.23,-28.01,-28.19,41537,175444800.0,3.46,0.64
2000-11-17,五粮液,000858,-28.14,-28.13,-28.25,-28.19,-28.16,23047,93381192.0,1.92,-0.11
2000-11-16,五粮液,000858,-28.31,-28.1,-28.32,-28.16,-28.32,61181,250001360.0,5.1,0.56
2000-11-15,五粮液,000858,-28.25,-28.23,-28.35,-28.32,-28.26,46713,184688304.0,3.89,-0.21
2000-11-14,五粮液,000858,-28.3,-28.2,-28.37,-28.26,-28.44,137097,544330624.0,11.42,0.63
2000-11-13,五粮液,000858,-28.73,-28.44,-28.78,-28.44,-28.77,97688,365941632.0,8.14,1.15
2000-11-10,五粮液,000858,-28.78,-28.73,-28.82,-28.77,-28.79,30385,105564696.0,2.53,0.07
2000-11-09,五粮液,000858,-28.78,-28.75,-28.82,-28.79,-28.81,29697,102532056.0,2.47,0.07
2000-11-08,五粮液,000858,-28.94,-28.79,-28.94,-28.81,-28.93,29828,101623096.0,2.49,0.41
2000-11-07,五粮液,000858,-28.9,-28.9,-28.94,-28.93,-28.9,5530,18285044.0,0.46,-0.1
2000-11-06,五粮液,000858,-28.91,-28.87,-28.92,-28.9,-28.92,17553,58643708.0,1.46,0.07
2000-11-03,五粮液,000858,-28.99,-28.92,-29.01,-28.92,-28.99,15092,49612780.0,1.26,0.24
2000-11-02,五粮液,000858,-29.02,-28.95,-29.03,-28.99,-29.01,4151,13372036.0,0.35,0.07
2000-11-01,五粮液,000858,-29.04,-29.01,-29.04,-29.01,-29.04,2819,9012892.0,0.23,0.1
2000-10-31,五粮液,000858,-29.02,-28.99,-29.04,-29.04,-29.02,3890,12459904.0,0.32,-0.07
2000-10-30,五粮液,000858,-29.04,-29.01,-29.04,-29.02,-29.0,3714,11878593.0,0.31,-0.07
2000-10-27,五粮液,000858,-29.0,-28.97,-29.02,-29.0,-28.99,2806,9035648.0,0.23,-0.03
2000-10-26,五粮液,000858,-28.99,-28.94,-29.04,-28.99,-28.99,4269,13821493.0,0.36,0.0
2000-10-25,五粮液,000858,-29.01,-28.97,-29.06,-28.99,-29.02,4911,15761418.0,0.41,0.1
2000-10-24,五粮液,000858,-29.01,-28.99,-29.05,-29.02,-29.01,3058,9745721.0,0.25,-0.03
2000-10-23,五粮液,000858,-28.97,-28.97,-29.02,-29.01,-29.0,3286,10581593.0,0.27,-0.03
2000-10-20,五粮液,000858,-29.06,-28.99,-29.06,-29.0,-29.06,4695,15039412.0,0.39,0.21
2000-10-19,五粮液,000858,-29.03,-29.02,-29.09,-29.06,-29.05,2766,8762625.0,0.23,-0.03
2000-10-18,五粮液,000858,-29.07,-29.03,-29.07,-29.05,-29.1,1986,6296557.5,0.17,0.17
2000-10-17,五粮液,000858,-29.11,-29.08,-29.13,-29.1,-29.1,1716,5364986.0,0.14,0.0
2000-10-16,五粮液,000858,-29.08,-29.08,-29.11,-29.1,-29.07,2479,7734208.5,0.21,-0.1
2000-10-13,五粮液,000858,-29.03,-29.02,-29.09,-29.07,-29.03,3170,10071263.0,0.26,-0.14
2000-10-12,五粮液,000858,-28.98,-28.98,-29.05,-29.03,-28.98,4247,13610363.0,0.35,-0.17
2000-10-11,五粮液,000858,-29.02,-28.88,-29.05,-28.98,-29.12,21667,70749656.0,1.81,0.48
2000-10-10,五粮液,000858,-29.15,-29.12,-29.16,-29.12,-29.15,3098,9568065.0,0.26,0.1
2000-10-09,五粮液,000858,-29.12,-29.11,-29.16,-29.15,-29.13,2599,7984890.0,0.22,-0.07
2000-09-29,五粮液,000858,-29.18,-29.11,-29.18,-29.13,-29.18,3619,11168877.0,0.3,0.17
2000-09-28,五粮液,000858,-29.17,-29.14,-29.18,-29.18,-29.17,1952,5952615.5,0.16,-0.03
2000-09-27,五粮液,000858,-29.16,-29.16,-29.2,-29.17,-29.18,3757,11438328.0,0.31,0.03
2000-09-26,五粮液,000858,-29.2,-29.17,-29.21,-29.18,-29.21,2820,8518682.0,0.24,0.1
2000-09-25,五粮液,000858,-29.16,-29.16,-29.22,-29.21,-29.16,5867,17692410.0,0.49,-0.17
2000-09-22,五粮液,000858,-29.12,-29.12,-29.17,-29.16,-29.13,3564,10911167.0,0.3,-0.1
2000-09-21,五粮液,000858,-29.14,-29.1,-29.14,-29.13,-29.14,3816,11810739.0,0.32,0.03
2000-09-20,五粮液,000858,-29.14,-29.1,-29.16,-29.14,-29.14,5638,17313302.0,0.47,0.0
2000-09-19,五粮液,000858,-29.08,-29.08,-29.15,-29.14,-29.07,7615,23477780.0,0.63,-0.24
2000-09-18,五粮液,000858,-29.01,-28.99,-29.07,-29.07,-29.01,5354,16981308.0,0.45,-0.21
2000-09-15,五粮液,000858,-28.99,-28.97,-29.02,-29.01,-28.99,4291,13789690.0,0.36,-0.07
2000-09-14,五粮液,000858,-28.98,-28.95,-28.99,-28.99,-28.99,2956,9590979.0,0.25,0.0
2000-09-13,五粮液,000858,-28.98,-28.95,-29.01,-28.99,-28.98,3506,11381489.0,0.29,-0.03
2000-09-12,五粮液,000858,-28.96,-28.96,-29.0,-28.98,-28.98,3521,11371462.0,0.29,0.0
2000-09-11,五粮液,000858,-28.99,-28.95,-29.0,-28.98,-29.0,3240,10518108.0,0.27,0.07
2000-09-08,五粮液,000858,-29.0,-28.97,-29.02,-29.0,-29.0,4681,15071919.0,0.39,0.0
2000-09-07,五粮液,000858,-29.02,-28.95,-29.02,-29.0,-29.02,5662,18218912.0,0.47,0.07
2000-09-06,五粮液,000858,-28.95,-28.95,-29.02,-29.02,-28.95,9095,29310798.0,0.76,-0.24
2000-09-05,五粮液,000858,-28.88,-28.88,-28.96,-28.95,-28.91,6056,20068454.0,0.5,-0.14
2000-09-04,五粮液,000858,-28.92,-28.88,-28.95,-28.91,-28.9,6162,20363270.0,0.51,-0.03
2000-09-01,五粮液,000858,-28.91,-28.86,-28.92,-28.9,-28.88,9888,33069686.0,0.82,-0.07
2000-08-31,五粮液,000858,-28.79,-28.79,-28.88,-28.88,-28.78,12700,42978756.0,1.06,-0.35
2000-08-30,五粮液,000858,-28.73,-28.72,-28.8,-28.78,-28.73,9528,32969068.0,0.79,-0.17
2000-08-29,五粮液,000858,-28.73,-28.69,-28.74,-28.73,-28.73,12198,42976728.0,1.02,0.0
2000-08-28,五粮液,000858,-28.71,-28.7,-28.75,-28.73,-28.73,11287,39485448.0,0.94,0.0
2000-08-25,五粮液,000858,-28.73,-28.7,-28.77,-28.73,-28.73,16971,59265776.0,1.41,0.0
2000-08-24,五粮液,000858,-28.81,-28.69,-28.83,-28.73,-28.84,52779,184356064.0,4.4,0.38
2000-08-23,五粮液,000858,-28.89,-28.78,-29.02,-28.84,-28.88,26689,89163632.0,2.22,0.14
2000-08-22,五粮液,000858,-28.85,-28.83,-28.88,-28.88,-28.84,8059,27108894.0,0.67,-0.14
2000-08-21,五粮液,000858,-28.83,-28.81,-28.87,-28.84,-28.83,8506,28798946.0,0.71,-0.03
2000-08-18,五粮液,000858,-28.82,-28.8,-28.84,-28.83,-28.82,8272,28141438.0,0.69,-0.03
2000-08-17,五粮液,000858,-28.85,-28.81,-28.86,-28.82,-28.85,10517,35719764.0,0.88,0.1
2000-08-16,五粮液,000858,-28.84,-28.83,-28.87,-28.85,-28.84,5324,17973430.0,0.44,-0.03
2000-08-15,五粮液,000858,-28.81,-28.8,-28.86,-28.84,-28.81,8472,28772914.0,0.71,-0.1
2000-08-14,五粮液,000858,-28.81,-28.78,-28.85,-28.81,-28.85,21064,72097064.0,1.76,0.14
2000-08-11,五粮液,000858,-28.91,-28.8,-28.91,-28.85,-28.92,24931,84365664.0,2.08,0.24
2000-08-10,五粮液,000858,-28.89,-28.89,-28.93,-28.92,-28.9,10887,36007388.0,0.91,-0.07
2000-08-09,五粮液,000858,-28.91,-28.88,-28.92,-28.9,-28.92,6412,21335508.0,0.53,0.07
2000-08-08,五粮液,000858,-28.88,-28.87,-28.93,-28.92,-28.88,7836,25959706.0,0.65,-0.14
2000-08-07,五粮液,000858,-28.92,-28.86,-28.94,-28.88,-28.93,6661,22186876.0,0.56,0.17
2000-08-04,五粮液,000858,-28.9,-28.89,-28.94,-28.93,-28.9,8773,28967074.0,0.73,-0.1
2000-08-03,五粮液,000858,-28.88,-28.88,-28.91,-28.9,-28.88,8558,28479614.0,0.71,-0.07
2000-08-02,五粮液,000858,-28.86,-28.85,-28.9,-28.88,-28.86,6363,21274572.0,0.53,-0.07
2000-08-01,五粮液,000858,-28.87,-28.85,-28.9,-28.86,-28.88,7402,24853536.0,0.62,0.07
2000-07-31,五粮液,000858,-28.83,-28.81,-28.88,-28.88,-28.84,11748,39696628.0,0.98,-0.14
2000-07-28,五粮液,000858,-28.85,-28.78,-28.91,-28.84,-28.96,33136,112158792.0,2.76,0.41
2000-07-27,五粮液,000858,-28.92,-28.91,-28.97,-28.96,-28.95,7787,25557178.0,0.65,-0.03
2000-07-26,五粮液,000858,-28.97,-28.94,-28.98,-28.95,-28.97,3811,12423008.0,0.32,0.07
2000-07-25,五粮液,000858,-28.98,-28.92,-29.0,-28.97,-28.98,3762,12258781.0,0.31,0.03
2000-07-24,五粮液,000858,-28.97,-28.95,-28.99,-28.98,-28.95,4476,14553636.0,0.37,-0.1
2000-07-21,五粮液,000858,-28.91,-28.88,-28.95,-28.95,-28.91,5437,17903622.0,0.45,-0.14
2000-07-20,五粮液,000858,-28.92,-28.85,-28.92,-28.91,-28.92,8627,28719166.0,0.72,0.03
2000-07-19,五粮液,000858,-28.93,-28.88,-28.93,-28.92,-28.94,7225,23997760.0,0.6,0.07
2000-07-18,五粮液,000858,-28.97,-28.94,-28.98,-28.94,-28.96,3953,12909587.0,0.33,0.07
2000-07-17,五粮液,000858,-28.94,-28.92,-28.96,-28.96,-28.94,5834,19111068.0,0.49,-0.07
2000-07-14,五粮液,000858,-28.94,-28.91,-28.97,-28.94,-28.94,9059,29782996.0,0.75,0.0
2000-07-13,五粮液,000858,-28.94,-28.92,-28.96,-28.94,-28.94,9634,31542287.0,0.8,0.0
2000-07-12,五粮液,000858,-28.91,-28.9,-28.94,-28.94,-28.92,8605,28295102.0,0.72,-0.07
2000-07-11,五粮液,000858,-28.9,-28.87,-28.92,-28.92,-28.9,9721,32273868.0,0.81,-0.07
2000-07-10,五粮液,000858,-28.92,-28.87,-28.92,-28.9,-28.92,8404,28008358.0,0.7,0.07
2000-07-07,五粮液,000858,-28.94,-28.88,-28.95,-28.92,-28.94,9445,31239344.0,0.79,0.07
2000-07-06,五粮液,000858,-28.88,-28.87,-28.96,-28.94,-28.87,12930,42679716.0,1.08,-0.24
2000-07-05,五粮液,000858,-28.83,-28.81,-28.87,-28.87,-28.83,16310,55293128.0,1.36,-0.14
2000-07-04,五粮液,000858,-28.88,-28.82,-28.92,-28.83,-28.88,22979,77411880.0,1.91,0.17
2000-07-03,五粮液,000858,-28.94,-28.84,-29.04,-28.88,-28.96,32829,109145096.0,2.74,0.28
2000-06-30,五粮液,000858,-28.97,-28.91,-28.98,-28.96,-28.99,33157,109270104.0,2.76,0.1
2000-06-29,五粮液,000858,-29.03,-28.93,-29.03,-28.99,-29.04,20607,66904408.0,1.72,0.17
2000-06-28,五粮液,000858,-29.04,-29.0,-29.05,-29.04,-29.05,7176,22900372.0,0.6,0.03
2000-06-27,五粮液,000858,-28.98,-28.97,-29.07,-29.05,-29.01,5481,17437994.0,0.46,-0.14
2000-06-26,五粮液,000858,-29.05,-28.94,-29.06,-29.01,-29.05,15509,50081776.0,1.29,0.14
2000-06-23,五粮液,000858,-29.07,-29.04,-29.09,-29.05,-29.06,8121,25610506.0,0.68,0.03
2000-06-22,五粮液,000858,-29.04,-29.04,-29.06,-29.06,-29.07,5282,16731684.0,0.44,0.03
2000-06-21,五粮液,000858,-29.08,-29.05,-29.08,-29.07,-29.08,5470,17243466.0,0.46,0.03
2000-06-20,五粮液,000858,-29.04,-29.03,-29.09,-29.08,-29.06,8025,25341396.0,0.67,-0.07
2000-06-19,五粮液,000858,-29.12,-29.02,-29.12,-29.06,-29.15,20128,64007464.0,1.68,0.31
2000-06-16,五粮液,000858,-29.12,-29.12,-29.16,-29.15,-29.12,5729,17648046.0,0.48,-0.1
2000-06-15,五粮液,000858,-29.11,-29.09,-29.13,-29.12,-29.11,4087,12671935.0,0.34,-0.03
2000-06-14,五粮液,000858,-29.12,-29.05,-29.21,-29.11,-29.13,7460,23111190.0,0.62,0.07
2000-06-13,五粮液,000858,-29.15,-29.12,-29.15,-29.13,-29.15,5032,15511743.0,0.42,0.07
2000-06-12,五粮液,000858,-29.15,-29.12,-29.19,-29.15,-29.15,5532,16868088.0,0.46,0.0
2000-06-09,五粮液,000858,-29.11,-29.07,-29.16,-29.15,-29.11,8011,24669276.0,0.67,-0.14
2000-06-08,五粮液,000858,-29.07,-29.07,-29.12,-29.11,-29.06,9066,28216090.0,0.76,-0.17
2000-06-07,五粮液,000858,-28.96,-28.94,-29.07,-29.06,-28.98,16176,51594548.0,1.35,-0.28
2000-06-06,五粮液,000858,-29.03,-28.92,-29.05,-28.98,-29.07,45876,149505088.0,3.82,0.31
2000-06-05,五粮液,000858,-29.12,-29.0,-29.13,-29.07,-29.12,21197,66733660.0,1.77,0.17
2000-06-02,五粮液,000858,-29.07,-29.01,-29.14,-29.12,-29.16,5573,17290918.0,0.46,0.14
2000-06-01,五粮液,000858,-29.19,-29.12,-29.19,-29.16,-29.19,5855,17891424.0,0.49,0.1
2000-05-31,五粮液,000858,-29.16,-29.16,-29.2,-29.19,-29.16,7417,22480616.0,0.62,-0.1
2000-05-30,五粮液,000858,-29.09,-29.08,-29.16,-29.16,-29.12,6808,20961098.0,0.57,-0.14
2000-05-29,五粮液,000858,-29.15,-29.11,-29.17,-29.12,-29.15,12366,37920188.0,1.03,0.1
2000-05-26,五粮液,000858,-29.14,-29.11,-29.16,-29.15,-29.15,7434,22858220.0,0.62,0.0
2000-05-25,五粮液,000858,-29.19,-29.11,-29.19,-29.15,-29.2,9351,28708368.0,0.78,0.17
2000-05-24,五粮液,000858,-29.21,-29.18,-29.22,-29.2,-29.2,8597,25863326.0,0.72,0.0
2000-05-23,五粮液,000858,-29.18,-29.16,-29.23,-29.2,-29.19,7120,21391560.0,0.59,-0.03
2000-05-22,五粮液,000858,-29.21,-29.17,-29.23,-29.19,-29.21,8149,24571666.0,0.68,0.07
2000-05-19,五粮液,000858,-29.22,-29.2,-29.23,-29.21,-29.22,5220,15622574.0,0.44,0.03
2000-05-18,五粮液,000858,-29.25,-29.21,-29.25,-29.22,-29.25,3117,9297181.0,0.26,0.1
2000-05-17,五粮液,000858,-29.25,-29.2,-29.25,-29.25,-29.26,3164,9423266.0,0.26,0.03
2000-05-16,五粮液,000858,-29.27,-29.24,-29.27,-29.26,-29.28,3812,11267935.0,0.32,0.07
2000-05-15,五粮液,000858,-29.21,-29.17,-29.29,-29.28,-29.22,4594,13600497.0,0.38,-0.21
2000-05-12,五粮液,000858,-29.21,-29.19,-29.25,-29.22,-29.25,5383,16066077.0,0.45,0.1
2000-05-11,五粮液,000858,-29.21,-29.18,-29.3,-29.25,-29.21,7571,22564978.0,0.63,-0.14
2000-05-10,五粮液,000858,-29.12,-29.12,-29.21,-29.21,-29.12,9237,27857994.0,0.77,-0.31
2000-05-09,五粮液,000858,-29.07,-29.04,-29.14,-29.12,-29.05,5760,17899142.0,0.48,-0.24
2000-05-08,五粮液,000858,-29.07,-29.03,-29.08,-29.05,-29.1,9518,30189398.0,0.79,0.17
2000-04-28,五粮液,000858,-29.14,-29.06,-29.15,-29.1,-29.14,8371,26058220.0,0.7,0.14
2000-04-27,五粮液,000858,-29.11,-29.09,-29.15,-29.14,-29.12,8018,24779010.0,0.67,-0.07
2000-04-26,五粮液,000858,-29.1,-29.07,-29.12,-29.12,-29.11,6180,19243052.0,0.52,-0.03
2000-04-25,五粮液,000858,-29.11,-29.08,-29.12,-29.11,-29.11,5701,17721410.0,0.48,0.0
2000-04-24,五粮液,000858,-29.08,-29.05,-29.12,-29.11,-29.08,8232,25631998.0,0.69,-0.1
2000-04-21,五粮液,000858,-29.04,-29.03,-29.09,-29.08,-29.08,4971,15699793.0,0.41,0.0
2000-04-20,五粮液,000858,-29.05,-29.02,-29.09,-29.08,-29.06,9543,30007770.0,0.8,-0.07
2000-04-19,五粮液,000858,-29.0,-28.98,-29.07,-29.06,-29.01,14535,46151356.0,1.21,-0.17
2000-04-18,五粮液,000858,-28.97,-28.93,-29.06,-29.01,-28.98,14218,45532340.0,1.18,-0.1
2000-04-17,五粮液,000858,-29.07,-28.9,-29.07,-28.98,-29.08,46337,150796848.0,3.86,0.34
2000-04-14,五粮液,000858,-29.14,-29.03,-29.14,-29.08,-29.14,30040,94215632.0,2.5,0.21
2000-04-13,五粮液,000858,-29.16,-29.12,-29.17,-29.14,-29.17,7081,21699826.0,0.59,0.1
2000-04-12,五粮液,000858,-29.12,-29.11,-29.18,-29.17,-29.13,7264,22275080.0,0.61,-0.14
2000-04-11,五粮液,000858,-29.11,-29.09,-29.15,-29.13,-29.11,9032,27932284.0,0.75,-0.07
2000-04-10,五粮液,000858,-29.19,-29.09,-29.19,-29.11,-29.2,18515,57392632.0,1.54,0.31
2000-04-07,五粮液,000858,-29.17,-29.16,-29.2,-29.2,-29.18,7839,23690402.0,0.65,-0.07
2000-04-06,五粮液,000858,-29.21,-29.16,-29.21,-29.18,-29.21,6609,19936334.0,0.55,0.1
2000-04-05,五粮液,000858,-29.23,-29.18,-29.23,-29.21,-29.23,5285,15830435.0,0.44,0.07
2000-04-04,五粮液,000858,-29.21,-29.2,-29.25,-29.23,-29.2,11367,33952896.0,0.95,-0.1
2000-04-03,五粮液,000858,-29.2,-29.12,-29.21,-29.2,-29.2,8671,26407260.0,0.72,0.0
2000-03-31,五粮液,000858,-29.16,-29.16,-29.21,-29.2,-29.17,17620,53092944.0,1.47,-0.1
2000-03-30,五粮液,000858,-29.15,-29.14,-29.18,-29.17,-29.16,13116,39944788.0,1.09,-0.03
2000-03-29,五粮液,000858,-29.12,-29.11,-29.21,-29.16,-29.13,11004,33685768.0,0.92,-0.1
2000-03-28,五粮液,000858,-29.12,-29.09,-29.16,-29.13,-29.13,10999,33866308.0,0.92,0.0
2000-03-27,五粮液,000858,-29.14,-29.1,-29.19,-29.13,-29.15,12098,37054028.0,1.01,0.07
2000-03-24,五粮液,000858,-29.21,-29.11,-29.21,-29.15,-29.21,16246,49919784.0,1.35,0.21
2000-03-23,五粮液,000858,-29.2,-29.19,-29.23,-29.21,-29.2,11746,35174836.0,0.98,-0.03
2000-03-22,五粮液,000858,-29.2,-29.17,-29.2,-29.2,-29.2,10570,31892686.0,0.88,0.0
2000-03-21,五粮液,000858,-29.22,-29.14,-29.22,-29.2,-29.22,8540,25920652.0,0.71,0.07
2000-03-20,五粮液,000858,-29.31,-29.21,-29.31,-29.22,-29.25,11062,32815196.0,0.92,0.1
2000-03-17,五粮液,000858,-29.31,-29.25,-29.32,-29.25,-29.29,11120,32688098.0,0.93,0.14
2000-03-16,五粮液,000858,-29.19,-29.19,-29.32,-29.29,-29.19,16510,48801660.0,1.38,-0.34
2000-03-15,五粮液,000858,-29.16,-29.14,-29.2,-29.19,-29.16,11852,36071840.0,0.99,-0.1
2000-03-14,五粮液,000858,-29.12,-29.12,-29.21,-29.16,-29.09,17925,54666008.0,1.49,-0.24
2000-03-13,五粮液,000858,-29.12,-29.02,-29.14,-29.09,-29.11,8266,25805560.0,0.69,0.07
2000-03-10,五粮液,000858,-29.05,-29.05,-29.12,-29.11,-29.06,14278,44534272.0,1.19,-0.17
2000-03-09,五粮液,000858,-29.02,-29.0,-29.09,-29.06,-29.03,12667,40142884.0,1.06,-0.1
2000-03-08,五粮液,000858,-29.0,-28.99,-29.07,-29.03,-29.01,10578,33604084.0,0.88,-0.07
2000-03-07,五粮液,000858,-29.12,-28.97,-29.16,-29.01,-29.11,17287,54573492.0,1.44,0.34
2000-03-06,五粮液,000858,-29.01,-28.97,-29.12,-29.11,-29.02,16907,53386056.0,1.41,-0.31
2000-03-03,五粮液,000858,-29.04,-28.93,-29.05,-29.02,-29.06,17160,55166764.0,1.43,0.14
2000-03-02,五粮液,000858,-29.03,-29.01,-29.12,-29.06,-29.03,23949,75579552.0,2.0,-0.1
2000-03-01,五粮液,000858,-28.94,-28.86,-29.05,-29.03,-28.95,23410,76022352.0,1.95,-0.28
2000-02-29,五粮液,000858,-28.83,-28.78,-28.97,-28.95,-28.85,47600,158038262.0,3.97,-0.35
2000-02-28,五粮液,000858,-29.08,-28.76,-29.17,-28.85,-29.06,67059,216926320.0,5.59,0.72
2000-02-24,五粮液,000858,-29.07,-29.06,-29.12,-29.06,-29.12,11897,37164512.0,0.99,0.21
2000-02-23,五粮液,000858,-29.02,-29.02,-29.14,-29.12,-29.01,22260,69500264.0,1.86,-0.38
2000-02-22,五粮液,000858,-28.88,-28.83,-29.02,-29.01,-28.88,24183,78951600.0,2.02,-0.45
2000-02-21,五粮液,000858,-28.91,-28.78,-28.99,-28.88,-28.92,26021,86473232.0,2.17,0.14
2000-02-18,五粮液,000858,-29.02,-28.86,-29.05,-28.92,-29.01,26633,87509176.0,2.22,0.31
2000-02-17,五粮液,000858,-28.89,-28.69,-29.02,-29.01,-28.9,42834,142563552.0,3.57,-0.38
2000-02-16,五粮液,000858,-28.78,-28.76,-28.92,-28.9,-28.76,44369,149497088.0,3.7,-0.49
2000-02-15,五粮液,000858,-28.59,-28.54,-28.83,-28.76,-28.62,88356,317132608.0,7.36,-0.49
2000-02-14,五粮液,000858,-28.85,-28.58,-28.85,-28.62,-28.9,58722,206575920.0,4.89,0.97
2000-01-28,五粮液,000858,-29.02,-28.89,-29.12,-28.9,-29.03,49786,158081616.0,4.15,0.45
2000-01-27,五粮液,000858,-28.95,-28.94,-29.07,-29.03,-28.96,46746,148788080.0,3.9,-0.24
2000-01-26,五粮液,000858,-28.64,-28.64,-28.99,-28.96,-28.96,37995,126037368.0,3.17,0.0
2000-01-25,五粮液,000858,-28.83,-28.81,-28.96,-28.96,-28.87,13237,43987388.0,1.1,-0.31
2000-01-24,五粮液,000858,-28.94,-28.8,-28.95,-28.87,-28.96,31332,105457816.0,2.61,0.31
2000-01-21,五粮液,000858,-28.96,-28.93,-29.0,-28.96,-28.97,19059,62306444.0,1.59,0.03
2000-01-20,五粮液,000858,-28.97,-28.92,-29.01,-28.97,-28.97,14174,46163732.0,1.18,0.0
2000-01-19,五粮液,000858,-29.09,-28.9,-29.09,-28.97,-29.1,28394,93126768.0,2.37,0.45
2000-01-18,五粮液,000858,-29.14,-29.07,-29.18,-29.1,-29.15,5481,16912662.0,0.46,0.17
2000-01-17,五粮液,000858,-29.21,-29.15,-29.25,-29.15,-29.21,4746,14298060.0,0.4,0.21
2000-01-14,五粮液,000858,-29.17,-29.15,-29.21,-29.21,-29.16,6406,19402280.0,0.53,-0.17
2000-01-13,五粮液,000858,-29.14,-29.12,-29.17,-29.16,-29.13,7723,23676294.0,0.64,-0.1
2000-01-12,五粮液,000858,-29.11,-29.02,-29.16,-29.13,-29.07,11199,34769228.0,0.93,-0.21
2000-01-11,五粮液,000858,-28.94,-28.92,-29.09,-29.07,-28.94,20452,65815296.0,1.7,-0.45
2000-01-10,五粮液,000858,-28.92,-28.88,-28.96,-28.94,-28.95,32422,107065544.0,2.7,0.03
2000-01-07,五粮液,000858,-29.03,-28.92,-29.03,-28.95,-29.06,40275,131115248.0,3.36,0.38
2000-01-06,五粮液,000858,-29.18,-29.03,-29.2,-29.06,-29.18,17496,54743148.0,1.46,0.41
2000-01-05,五粮液,000858,-29.18,-29.06,-29.2,-29.18,-29.2,14726,45384980.0,1.23,0.07
2000-01-04,五粮液,000858,-29.26,-29.18,-29.28,-29.2,,7017,21092246.0,0.58,0.27
