日期,股票名称,代码,开盘,最高,最低,收盘,前收盘,成交量,成交额,换手率,涨跌幅
2026-05-14,宁德时代,300750,449.38,450.45,427.0,427.0,434.05,347046,15157645640.1,0.82,-1.62
2026-05-13,宁德时代,300750,431.01,436.58,427.08,434.05,431.25,316858,13668347813.0,0.74,0.65
2026-05-12,宁德时代,300750,446.59,446.85,429.29,431.25,446.11,341515,14869224127.0,0.8,-3.33
2026-05-11,宁德时代,300750,440.0,450.51,435.1,446.11,437.0,341901,15198345088.0,0.8,2.08
2026-05-08,宁德时代,300750,449.0,455.5,436.2,437.0,451.64,366049,16224287222.0,0.86,-3.24
2026-05-07,宁德时代,300750,468.75,468.75,447.0,451.64,460.0,386213,17551196925.0,0.91,-1.82
2026-05-06,宁德时代,300750,457.5,465.88,448.63,460.0,436.0,473727,21679900613.0,1.11,5.5
2026-04-30,宁德时代,300750,446.5,449.5,436.0,436.0,445.0,298121,13127297981.0,0.7,-2.02
2026-04-29,宁德时代,300750,432.0,445.15,428.0,445.0,427.67,376336,16473164317.0,0.88,4.05
2026-04-28,宁德时代,300750,426.19,433.3,423.0,427.67,434.88,350121,14992134063.0,0.82,-1.66
2026-04-27,宁德时代,300750,444.63,448.76,433.8,434.88,444.9,330613,14514326132.0,0.78,-2.25
2026-04-24,宁德时代,300750,442.0,448.45,438.0,444.9,438.9,395425,17517374359.0,0.93,1.37
2026-04-23,宁德时代,300750,443.5,443.6,435.0,438.9,436.35,354310,15566836621.0,0.83,0.58
2026-04-22,宁德时代,300750,441.01,447.97,433.13,436.35,440.69,460254,20173924647.0,1.08,-0.98
2026-04-21,宁德时代,300750,428.09,443.22,418.19,440.69,425.59,577746,25412275748.0,1.36,3.55
2026-04-20,宁德时代,300750,426.09,430.99,419.1,425.59,437.29,529278,22768028849.0,1.24,-2.68
2026-04-17,宁德时代,300750,449.05,450.73,434.1,437.29,447.07,365358,16290232435.0,0.86,-2.19
2026-04-16,宁德时代,300750,434.09,453.09,426.11,447.07,424.09,635062,28517416468.0,1.49,5.42
2026-04-15,宁德时代,300750,431.97,432.55,420.16,424.09,423.88,373536,16122379460.0,0.88,0.05
2026-04-14,宁德时代,300750,414.59,425.58,407.49,423.88,420.22,442208,18663656302.0,1.04,0.87
2026-04-13,宁德时代,300750,411.09,426.42,409.09,420.22,409.09,412399,17625505878.0,0.97,2.72
2026-04-10,宁德时代,300750,387.09,412.09,385.77,409.09,383.08,507887,20752496341.0,1.19,6.79
2026-04-09,宁德时代,300750,387.19,387.37,379.75,383.08,384.39,259552,10132744607.0,0.61,-0.34
2026-04-08,宁德时代,300750,389.59,390.74,381.31,384.39,377.68,364184,14315333338.0,0.86,1.78
2026-04-07,宁德时代,300750,383.07,386.29,374.58,377.68,379.55,172576,6675632984.0,0.41,-0.49
2026-04-03,宁德时代,300750,393.09,393.89,378.22,379.55,394.26,247515,9640031385.0,0.58,-3.73
2026-04-02,宁德时代,300750,400.99,405.08,390.29,394.26,398.8,223056,8988161794.0,0.52,-1.14
2026-04-01,宁德时代,300750,402.82,402.96,389.09,398.8,394.79,231701,9384266504.0,0.54,1.02
2026-03-31,宁德时代,300750,406.09,410.04,394.67,394.79,406.09,249256,10159878345.0,0.59,-2.78
2026-03-30,宁德时代,300750,406.09,411.94,398.69,406.09,409.27,253484,10440376424.0,0.6,-0.78
2026-03-27,宁德时代,300750,399.21,411.42,394.82,409.27,395.59,302580,12465856864.0,0.71,3.46
2026-03-26,宁德时代,300750,386.93,406.81,385.09,395.59,390.9,267637,10811439764.0,0.63,1.2
2026-03-25,宁德时代,300750,386.09,393.59,380.89,390.9,390.08,267528,10553996246.0,0.63,0.21
2026-03-24,宁德时代,300750,398.09,404.99,381.09,390.08,395.08,364105,14439124609.0,0.86,-1.27
2026-03-23,宁德时代,300750,410.42,410.45,391.84,395.08,406.09,446141,18193336487.0,1.05,-2.71
2026-03-20,宁德时代,300750,398.17,415.17,393.22,406.09,393.59,537297,22252017693.0,1.26,3.18
2026-03-19,宁德时代,300750,395.03,407.09,393.09,393.59,395.11,292866,11867380765.0,0.69,-0.38
2026-03-18,宁德时代,300750,398.45,399.09,389.86,395.11,398.09,265300,10653633584.0,0.62,-0.75
2026-03-17,宁德时代,300750,408.87,413.09,397.65,398.09,401.49,359807,14787230789.0,0.85,-0.85
2026-03-16,宁德时代,300750,394.86,406.26,391.09,401.49,390.09,373521,15195015004.0,0.88,2.92
2026-03-13,宁德时代,300750,386.97,397.08,386.89,390.09,388.59,355826,14201304444.0,0.84,0.39
2026-03-12,宁德时代,300750,393.09,393.99,385.79,388.59,389.89,291504,11537671606.0,0.68,-0.33
2026-03-11,宁德时代,300750,372.67,396.64,372.07,389.89,369.39,575987,22642696276.0,1.35,5.55
2026-03-10,宁德时代,300750,368.09,372.86,359.59,369.39,350.59,507417,19049080512.0,1.19,5.36
2026-03-09,宁德时代,300750,341.93,352.94,338.15,350.59,347.86,317976,11217996825.0,0.75,0.78
2026-03-06,宁德时代,300750,342.09,350.11,337.75,347.86,343.34,209631,7388868682.0,0.49,1.32
2026-03-05,宁德时代,300750,337.67,346.94,335.75,343.34,331.99,310061,10819502021.0,0.73,3.42
2026-03-04,宁德时代,300750,334.19,335.11,327.29,331.99,337.16,250804,8468604901.0,0.59,-1.53
2026-03-03,宁德时代,300750,339.42,347.44,337.12,337.16,333.31,400075,13919957237.0,0.94,1.16
2026-03-02,宁德时代,300750,334.09,337.99,329.77,333.31,335.1,283513,9643254983.0,0.67,-0.53
2026-02-27,宁德时代,300750,340.21,342.03,335.1,335.1,339.09,254466,8775054149.0,0.6,-1.18
2026-02-26,宁德时代,300750,349.14,351.29,336.59,339.09,355.27,435414,15108143010.0,1.02,-4.55
2026-02-25,宁德时代,300750,356.78,359.69,353.19,355.27,355.04,187166,6802110618.0,0.44,0.06
2026-02-24,宁德时代,300750,365.73,366.59,355.04,355.04,358.43,226951,8316534692.0,0.53,-0.95
2026-02-13,宁德时代,300750,368.7,370.09,358.1,358.43,368.96,223145,8229700941.0,0.52,-2.85
2026-02-12,宁德时代,300750,363.09,370.97,361.12,368.96,361.09,277546,10410892196.0,0.65,2.18
2026-02-11,宁德时代,300750,359.99,364.08,357.59,361.09,358.06,196535,7239804070.0,0.46,0.85
2026-02-10,宁德时代,300750,358.26,363.89,357.09,358.06,361.91,185635,6798020174.0,0.44,-1.06
2026-02-09,宁德时代,300750,363.59,365.59,355.69,361.91,362.2,274486,10080946318.0,0.64,-0.08
2026-02-06,宁德时代,300750,352.41,365.97,351.1,362.2,356.03,393726,14514523059.0,0.92,1.73
2026-02-05,宁德时代,300750,358.86,359.84,349.11,356.03,358.12,284272,10268243283.0,0.67,-0.58
2026-02-04,宁德时代,300750,344.05,359.74,340.6,358.12,341.0,485317,17369398061.0,1.14,5.02
2026-02-03,宁德时代,300750,342.09,345.89,336.59,341.0,342.07,265163,9220045792.0,0.62,-0.31
2026-02-02,宁德时代,300750,350.09,351.08,337.22,342.07,343.09,391917,13766144457.0,0.92,-0.3
2026-01-30,宁德时代,300750,341.49,346.85,337.19,343.09,334.98,486501,17048600000.0,1.14,2.42
2026-01-29,宁德时代,300750,333.59,338.25,331.25,334.98,333.08,338444,11569006794.0,0.8,0.57
2026-01-28,宁德时代,300750,330.97,337.09,326.1,333.08,332.49,463082,15638344008.0,1.09,0.18
2026-01-27,宁德时代,300750,337.98,337.99,327.11,332.49,335.14,322949,10953698562.0,0.76,-0.79
2026-01-26,宁德时代,300750,345.11,345.64,334.3,335.14,340.09,332914,11468681279.0,0.78,-1.46
2026-01-23,宁德时代,300750,341.1,343.09,336.34,340.09,338.89,339761,11775914385.0,0.8,0.35
2026-01-22,宁德时代,300750,344.12,346.82,332.59,338.89,342.9,459948,15851213229.0,1.08,-1.17
2026-01-21,宁德时代,300750,345.03,350.78,342.09,342.9,342.69,393936,13919426404.0,0.93,0.06
2026-01-20,宁德时代,300750,343.09,350.0,340.99,342.69,341.99,354406,12466608900.0,0.83,0.2
2026-01-19,宁德时代,300750,344.56,348.43,338.42,341.99,345.41,338643,11842421263.0,0.8,-0.99
2026-01-16,宁德时代,300750,351.08,354.81,344.6,345.41,346.84,319818,11350569563.0,0.75,-0.41
2026-01-15,宁德时代,300750,345.84,351.37,344.89,346.84,347.07,323709,11474019059.0,0.76,-0.07
2026-01-14,宁德时代,300750,353.12,354.31,344.8,347.07,352.09,380834,13553362724.0,0.89,-1.43
2026-01-13,宁德时代,300750,359.34,360.86,350.09,352.09,354.77,296709,10745692370.0,0.7,-0.76
2026-01-12,宁德时代,300750,361.09,361.09,344.75,354.77,362.32,488307,17505537198.0,1.15,-2.08
2026-01-09,宁德时代,300750,362.26,370.72,360.1,362.32,362.3,314772,11681035309.0,0.74,0.01
2026-01-08,宁德时代,300750,361.09,366.42,360.09,362.3,364.1,269590,9962397479.0,0.63,-0.49
2026-01-07,宁德时代,300750,366.04,368.57,361.58,364.1,367.08,262285,9730943679.0,0.62,-0.81
2026-01-06,宁德时代,300750,373.09,373.59,362.13,367.08,370.59,341477,12764795666.0,0.8,-0.95
2026-01-05,宁德时代,300750,363.09,371.09,361.28,370.59,360.35,336881,12583419573.0,0.79,2.84
2025-12-31,宁德时代,300750,362.88,365.09,360.24,360.35,362.29,160266,5920431545.0,0.38,-0.54
2025-12-30,宁德时代,300750,360.19,364.09,359.65,362.29,362.4,190308,7014015793.0,0.45,-0.03
2025-12-29,宁德时代,300750,367.09,367.52,361.09,362.4,367.52,241241,8924502782.0,0.57,-1.39
2025-12-26,宁德时代,300750,366.05,371.09,363.19,367.52,366.1,257237,9616116052.0,0.6,0.39
2025-12-25,宁德时代,300750,367.3,367.3,362.21,366.1,368.69,203431,7559336244.0,0.48,-0.7
2025-12-24,宁德时代,300750,371.17,371.17,365.09,368.69,371.19,210884,7902857946.0,0.5,-0.67
2025-12-23,宁德时代,300750,365.09,373.59,364.69,371.19,364.93,236041,8879315764.0,0.55,1.72
2025-12-22,宁德时代,300750,369.09,371.08,361.19,364.93,367.09,254935,9489773616.0,0.6,-0.59
2025-12-19,宁德时代,300750,367.17,370.77,363.89,367.09,365.09,175599,6572807889.0,0.41,0.55
2025-12-18,宁德时代,300750,372.66,374.04,363.1,365.09,376.51,296393,11079385459.0,0.7,-3.03
2025-12-17,宁德时代,300750,369.54,377.59,368.15,376.51,371.5,222574,8453303233.0,0.52,1.35
2025-12-16,宁德时代,300750,379.09,382.17,371.12,371.5,378.59,191217,7292054834.0,0.45,-1.87
2025-12-15,宁德时代,300750,384.59,388.06,378.3,378.59,384.89,182750,7099251459.0,0.43,-1.64
2025-12-12,宁德时代,300750,385.09,386.48,378.59,384.89,382.08,240020,9355490916.0,0.56,0.74
2025-12-11,宁德时代,300750,377.99,391.95,376.47,382.08,375.47,282154,11089031994.0,0.66,1.76
2025-12-10,宁德时代,300750,378.14,381.09,370.35,375.47,380.68,194334,7399361240.0,0.46,-1.37
2025-12-09,宁德时代,300750,384.59,385.35,379.09,380.68,385.59,186918,7255076087.0,0.44,-1.27
2025-12-08,宁德时代,300750,383.52,388.47,378.59,385.59,382.18,216598,8476698700.0,0.51,0.89
2025-12-05,宁德时代,300750,380.29,382.4,375.09,382.18,376.44,232916,9004580815.0,0.55,1.52
2025-12-04,宁德时代,300750,372.28,376.69,368.24,376.44,369.17,191658,7299943081.0,0.45,1.97
2025-12-03,宁德时代,300750,373.18,376.46,368.09,369.17,373.17,139911,5294871742.0,0.33,-1.07
2025-12-02,宁德时代,300750,376.59,378.07,370.49,373.17,376.06,163485,6220569501.0,0.38,-0.77
2025-12-01,宁德时代,300750,367.85,376.06,367.12,376.06,366.29,267510,10120862870.0,0.63,2.67
2025-11-28,宁德时代,300750,363.59,368.57,359.25,366.29,364.29,203403,7542337298.0,0.48,0.55
2025-11-27,宁德时代,300750,366.09,371.97,363.09,364.29,365.91,222003,8289124681.0,0.52,-0.44
2025-11-26,宁德时代,300750,368.59,368.59,363.16,365.91,365.45,189107,7048903988.0,0.44,0.13
2025-11-25,宁德时代,300750,368.09,372.75,363.68,365.45,363.64,206332,7733117131.0,0.48,0.5
2025-11-24,宁德时代,300750,366.89,367.99,360.27,363.64,363.09,228458,8464724008.0,0.54,0.15
2025-11-21,宁德时代,300750,368.09,376.09,363.09,363.09,372.48,316313,11850710342.0,0.74,-2.52
2025-11-20,宁德时代,300750,387.99,388.09,370.1,372.48,384.19,336743,12895238922.0,0.79,-3.05
2025-11-19,宁德时代,300750,378.59,391.53,378.05,384.19,378.09,292667,11462348543.0,0.69,1.61
2025-11-18,宁德时代,300750,382.09,391.72,374.09,378.09,383.87,395658,15353867656.0,0.93,-1.51
2025-11-17,宁德时代,300750,381.09,385.49,375.59,383.87,397.21,476855,18542294255.0,1.12,-3.36
2025-11-14,宁德时代,300750,400.09,407.69,396.97,397.21,408.69,241721,9879119548.0,0.57,-2.81
2025-11-13,宁德时代,300750,378.14,414.39,378.14,408.69,379.47,562654,22945441956.0,1.32,7.7
2025-11-12,宁德时代,300750,383.87,386.08,377.07,379.47,378.69,212998,8261238196.0,0.5,0.21
2025-11-11,宁德时代,300750,379.09,387.86,377.59,378.69,377.6,193032,7500041113.0,0.45,0.29
2025-11-10,宁德时代,300750,391.49,393.4,376.41,377.6,388.46,238960,9267204047.0,0.56,-2.8
2025-11-07,宁德时代,300750,386.59,390.6,381.97,388.46,387.77,165549,6516185370.0,0.39,0.18
2025-11-06,宁德时代,300750,383.09,392.58,381.79,387.77,381.79,234475,9261688311.0,0.55,1.57
2025-11-05,宁德时代,300750,365.94,386.09,365.09,381.79,372.04,311425,11937586811.0,0.73,2.62
2025-11-04,宁德时代,300750,376.15,379.59,367.09,372.04,379.95,239391,9091842152.0,0.56,-2.08
2025-11-03,宁德时代,300750,380.09,385.0,368.86,379.95,381.86,263682,10106566781.0,0.62,-0.5
2025-10-31,宁德时代,300750,391.09,399.89,381.29,381.86,391.38,340484,13515773431.0,0.8,-2.43
2025-10-30,宁德时代,300750,399.07,402.17,389.92,391.38,393.09,343061,13797530228.0,0.81,-0.44
2025-10-29,宁德时代,300750,379.09,393.13,377.79,393.09,379.57,344740,13644645225.0,0.81,3.56
2025-10-28,宁德时代,300750,379.25,386.89,376.11,379.57,379.27,287083,11160796766.0,0.67,0.08
2025-10-27,宁德时代,300750,386.09,386.09,369.66,379.27,378.86,404510,15542852577.0,0.95,0.11
2025-10-24,宁德时代,300750,373.06,380.89,371.09,378.86,369.54,320416,12276721104.0,0.75,2.52
2025-10-23,宁德时代,300750,366.89,371.89,362.09,369.54,365.95,239981,8982628026.0,0.56,0.98
2025-10-22,宁德时代,300750,368.99,371.97,361.29,365.95,368.99,219459,8178934535.0,0.52,-0.82
2025-10-21,宁德时代,300750,366.09,374.44,356.19,368.99,359.59,446329,16784956526.0,1.05,2.61
2025-10-20,宁德时代,300750,358.09,361.98,352.62,359.59,351.23,284324,10372513059.0,0.67,2.38
2025-10-17,宁德时代,300750,360.59,368.09,350.08,351.23,361.59,319058,11588825855.0,0.75,-2.87
2025-10-16,宁德时代,300750,360.59,366.99,357.59,361.59,362.39,276295,10185159269.0,0.65,-0.22
2025-10-15,宁德时代,300750,351.59,362.8,347.85,362.39,351.09,369934,13383852916.0,0.87,3.22
2025-10-14,宁德时代,300750,374.09,378.89,348.86,351.09,367.59,496399,18319370880.0,1.17,-4.49
2025-10-13,宁德时代,300750,355.95,377.69,355.95,367.59,375.04,471510,17618650276.0,1.11,-1.99
2025-10-10,宁德时代,300750,394.09,396.89,372.1,375.04,402.98,533118,20684330795.0,1.25,-6.93
2025-10-09,宁德时代,300750,393.07,417.45,392.83,402.98,395.09,412088,16989122538.0,0.97,2.0
2025-09-30,宁德时代,300750,389.09,401.97,389.09,395.09,390.46,330313,13278445666.0,0.78,1.19
2025-09-29,宁德时代,300750,379.43,392.98,379.1,390.46,373.49,389647,15381134070.0,0.92,4.54
2025-09-26,宁德时代,300750,385.11,393.08,373.09,373.49,385.94,362633,14106499741.0,0.85,-3.23
2025-09-25,宁德时代,300750,369.69,395.68,369.56,385.94,373.02,466393,18251421707.0,1.1,3.46
2025-09-24,宁德时代,300750,364.09,373.09,359.15,373.02,361.24,383145,14311189086.0,0.9,3.26
2025-09-23,宁德时代,300750,361.09,370.05,353.09,361.24,363.14,348493,12813882349.0,0.82,-0.52
2025-09-22,宁德时代,300750,363.59,365.81,355.87,363.14,361.58,285278,10474484764.0,0.67,0.43
2025-09-19,宁德时代,300750,358.09,368.8,354.81,361.58,359.98,339149,12515443886.0,0.8,0.44
2025-09-18,宁德时代,300750,367.68,373.09,353.89,359.98,370.19,518897,19308545613.0,1.22,-2.76
2025-09-17,宁德时代,300750,349.89,374.97,347.09,370.19,346.51,543771,20113064234.0,1.28,6.83
2025-09-16,宁德时代,300750,349.2,352.09,341.59,346.51,347.79,377445,13325722241.0,0.89,-0.37
2025-09-15,宁德时代,300750,339.1,364.61,337.11,347.79,318.09,718410,25586615240.0,1.69,9.34
2025-09-12,宁德时代,300750,318.99,322.99,315.29,318.09,315.64,338713,11031032652.0,0.8,0.78
2025-09-11,宁德时代,300750,308.64,316.07,302.13,315.64,309.13,380345,12060756826.0,0.89,2.11
2025-09-10,宁德时代,300750,311.08,315.09,306.09,309.13,313.09,367527,11649703595.0,0.86,-1.26
2025-09-09,宁德时代,300750,315.89,327.67,310.25,313.09,318.46,434024,14085497657.0,1.02,-1.69
2025-09-08,宁德时代,300750,327.09,330.74,316.59,318.46,318.2,588346,19349632049.0,1.38,0.08
2025-09-05,宁德时代,300750,292.99,318.2,292.91,318.2,297.12,708198,22440211715.0,1.67,7.09
2025-09-04,宁德时代,300750,306.56,316.42,293.72,297.12,302.09,657548,20442631453.0,1.55,-1.65
2025-09-03,宁德时代,300750,296.59,304.74,296.12,302.09,295.96,508975,15640548986.0,1.2,2.07
2025-09-02,宁德时代,300750,297.12,304.19,292.12,295.96,297.09,371169,11289093082.0,0.87,-0.38
2025-09-01,宁德时代,300750,299.59,299.99,292.39,297.09,299.27,429964,13012795663.0,1.01,-0.73
2025-08-29,宁德时代,300750,271.4,309.75,271.04,299.27,270.5,780139,23482893636.0,1.83,10.64
2025-08-28,宁德时代,300750,269.15,272.08,265.81,270.5,271.39,304664,8407974991.0,0.72,-0.33
2025-08-27,宁德时代,300750,282.09,282.63,271.28,271.39,282.59,382584,10859010299.0,0.9,-3.96
2025-08-26,宁德时代,300750,280.11,284.08,278.67,282.59,283.37,230245,6648848315.0,0.54,-0.28
2025-08-25,宁德时代,300750,283.09,286.97,279.87,283.37,280.27,312297,9046692965.0,0.73,1.11
2025-08-22,宁德时代,300750,272.02,282.44,271.69,280.27,272.09,264219,7543698627.0,0.62,3.01
2025-08-21,宁德时代,300750,272.36,274.89,271.09,272.09,272.29,182698,5103914720.0,0.43,-0.07
2025-08-20,宁德时代,300750,270.59,273.08,265.14,272.29,269.89,233535,6414344336.0,0.55,0.89
2025-08-19,宁德时代,300750,275.09,276.09,268.31,269.89,275.09,244286,6816442573.0,0.57,-1.89
2025-08-18,宁德时代,300750,272.76,277.57,270.11,275.09,272.76,285288,8056186541.0,0.67,0.85
2025-08-15,宁德时代,300750,270.47,274.39,268.19,272.76,271.98,241092,6735591187.0,0.57,0.29
2025-08-14,宁德时代,300750,268.98,274.09,266.57,271.98,265.69,371708,10378442059.0,0.87,2.37
2025-08-13,宁德时代,300750,256.86,267.09,256.6,265.69,255.34,394668,10661084796.0,0.93,4.05
2025-08-12,宁德时代,300750,255.59,257.27,249.81,255.34,255.75,222407,5829140856.0,0.52,-0.16
2025-08-11,宁德时代,300750,255.57,258.24,254.59,255.75,255.57,213309,5627553110.0,0.5,0.07
2025-08-08,宁德时代,300750,256.09,258.25,254.1,255.57,255.14,174282,4604736202.0,0.41,0.17
2025-08-07,宁德时代,300750,257.09,258.58,254.29,255.14,257.09,165481,4363462114.0,0.39,-0.76
2025-08-06,宁德时代,300750,257.31,258.99,255.32,257.09,257.79,153233,4058482395.0,0.36,-0.27
2025-08-05,宁德时代,300750,259.59,261.09,255.59,257.79,258.57,219760,5844478669.0,0.52,-0.3
2025-08-04,宁德时代,300750,255.09,260.09,253.79,258.57,255.16,237682,6286238371.0,0.56,1.34
2025-08-01,宁德时代,300750,256.89,258.69,254.84,255.16,256.71,252500,6682814646.0,0.59,-0.6
2025-07-31,宁德时代,300750,272.89,274.07,256.71,256.71,269.18,447104,12088514551.0,1.05,-4.63
2025-07-30,宁德时代,300750,284.29,284.29,268.45,269.18,283.91,415943,11712764593.0,0.98,-5.19
2025-07-29,宁德时代,300750,278.79,284.09,278.77,283.91,278.39,233946,6785427583.0,0.55,1.98
2025-07-28,宁德时代,300750,275.11,281.18,273.39,278.39,274.89,238973,6830867028.0,0.56,1.27
2025-07-25,宁德时代,300750,277.29,277.29,273.84,274.89,277.29,134326,3802835260.0,0.32,-0.87
2025-07-24,宁德时代,300750,281.09,281.29,275.0,277.29,279.11,223891,6394082072.0,0.53,-0.65
2025-07-23,宁德时代,300750,280.25,282.84,278.68,279.11,278.75,200190,5772653125.0,0.47,0.13
2025-07-22,宁德时代,300750,272.09,282.09,271.27,278.75,271.75,333090,9468912161.0,0.78,2.58
2025-07-21,宁德时代,300750,269.09,274.09,265.64,271.75,263.29,324863,9047295148.0,0.76,3.21
2025-07-18,宁德时代,300750,260.79,264.54,257.89,263.29,257.59,221866,5981601234.0,0.52,2.21
2025-07-17,宁德时代,300750,257.46,259.84,256.45,257.59,256.49,145110,3852746250.0,0.34,0.43
2025-07-16,宁德时代,300750,260.59,260.79,255.13,256.49,259.84,156265,4135841242.0,0.37,-1.29
2025-07-15,宁德时代,300750,260.59,264.59,258.09,259.84,260.59,169526,4553827628.0,0.4,-0.29
2025-07-14,宁德时代,300750,263.09,263.41,258.19,260.59,263.59,149789,4013693003.0,0.35,-1.14
2025-07-11,宁德时代,300750,263.59,266.09,262.19,263.59,264.09,213282,5798544034.0,0.5,-0.19
2025-07-10,宁德时代,300750,267.08,267.08,260.59,264.09,262.89,242393,6594201202.0,0.57,0.46
2025-07-09,宁德时代,300750,254.29,266.55,254.19,262.89,255.4,293884,7948423738.0,0.69,2.93
2025-07-08,宁德时代,300750,252.79,257.99,251.91,255.4,252.98,155923,4104293094.0,0.37,0.96
2025-07-07,宁德时代,300750,257.89,260.97,250.97,252.98,257.89,174665,4568972964.0,0.41,-1.9
2025-07-04,宁德时代,300750,257.1,262.07,253.07,257.89,254.68,272060,7214227943.0,0.64,1.26
2025-07-03,宁德时代,300750,243.56,255.3,242.68,254.68,242.54,338037,8746803693.0,0.79,5.01
2025-07-02,宁德时代,300750,243.59,244.1,241.28,242.54,243.59,115714,2897311834.0,0.27,-0.43
2025-07-01,宁德时代,300750,244.59,244.83,241.97,243.59,244.31,95323,2395104336.0,0.22,-0.29
2025-06-30,宁德时代,300750,243.59,245.59,241.79,244.31,243.08,176234,4434817078.0,0.41,0.51
2025-06-27,宁德时代,300750,248.59,249.54,242.2,243.08,244.88,236201,5985026676.0,0.61,-0.74
2025-06-26,宁德时代,300750,247.97,248.38,244.45,244.88,246.99,199145,5062386536.0,0.51,-0.85
2025-06-25,宁德时代,300750,238.59,247.97,238.09,246.99,238.01,315377,7930320892.0,0.81,3.77
2025-06-24,宁德时代,300750,232.67,240.17,232.67,238.01,231.7,235011,5767361453.0,0.6,2.72
2025-06-23,宁德时代,300750,231.39,232.69,230.12,231.7,232.35,127099,3040680713.0,0.33,-0.28
2025-06-20,宁德时代,300750,233.15,235.21,231.59,232.35,234.19,136883,3293985956.0,0.35,-0.79
2025-06-19,宁德时代,300750,237.39,238.25,233.69,234.19,237.66,147985,3604508604.0,0.38,-1.46
2025-06-18,宁德时代,300750,239.07,241.67,237.66,237.66,238.35,104606,2586543839.0,0.27,-0.29
2025-06-17,宁德时代,300750,239.05,240.52,237.31,238.35,238.75,97650,2407928749.0,0.25,-0.17
2025-06-16,宁德时代,300750,240.09,240.79,237.89,238.75,240.29,122176,3013514215.0,0.31,-0.64
2025-06-13,宁德时代,300750,240.19,242.5,238.46,240.29,241.9,174032,4322411795.0,0.45,-0.67
2025-06-12,宁德时代,300750,244.09,244.59,240.86,241.9,242.59,175696,4386403720.0,0.45,-0.28
2025-06-11,宁德时代,300750,238.18,244.53,236.89,242.59,235.23,279934,7006354612.0,0.72,3.13
2025-06-10,宁德时代,300750,237.09,238.95,234.31,235.23,237.67,139325,3406606343.0,0.36,-1.03
2025-06-09,宁德时代,300750,240.97,242.97,237.59,237.67,240.97,185498,4593124638.0,0.48,-1.37
2025-06-06,宁德时代,300750,244.09,245.42,240.59,240.97,243.59,165515,4138221069.0,0.42,-1.08
2025-06-05,宁德时代,300750,243.45,244.53,240.36,243.59,243.14,135259,3386751734.0,0.35,0.19
2025-06-04,宁德时代,300750,244.59,245.69,242.79,243.14,243.24,130402,3285855858.0,0.33,-0.04
2025-06-03,宁德时代,300750,244.09,245.99,242.53,243.24,242.09,158412,3989341996.0,0.41,0.48
2025-05-30,宁德时代,300750,242.99,244.74,239.56,242.09,243.94,204337,5107325147.0,0.52,-0.76
2025-05-29,宁德时代,300750,245.09,246.07,241.09,243.94,245.69,217883,5487937547.0,0.56,-0.71
2025-05-28,宁德时代,300750,247.7,250.36,245.41,245.69,246.08,154563,3946773465.0,0.4,-0.16
2025-05-27,宁德时代,300750,247.98,249.3,244.48,246.08,247.99,176680,4491281265.0,0.45,-0.77
2025-05-26,宁德时代,300750,257.09,258.47,244.99,247.99,259.08,330122,8477228630.0,0.85,-4.28
2025-05-23,宁德时代,300750,263.1,266.09,259.04,259.08,262.46,230004,6218224096.0,0.59,-1.29
2025-05-22,宁德时代,300750,269.89,270.03,260.36,262.46,266.17,276081,7470701466.0,0.71,-1.39
2025-05-21,宁德时代,300750,259.08,272.08,257.89,266.17,255.09,565245,15470587405.0,1.45,4.34
2025-05-20,宁德时代,300750,256.53,257.59,247.29,255.09,252.09,346424,9053425367.0,0.89,1.19
2025-05-19,宁德时代,300750,252.59,252.63,249.36,252.09,251.45,169740,4399897902.0,0.43,0.25
2025-05-16,宁德时代,300750,251.23,253.82,249.82,251.45,252.27,189001,4904611047.0,0.48,-0.33
2025-05-15,宁德时代,300750,254.71,254.96,251.69,252.27,254.69,141119,3685574613.0,0.36,-0.95
2025-05-14,宁德时代,300750,250.86,256.55,248.1,254.69,250.86,231463,6020688165.0,0.59,1.53
2025-05-13,宁德时代,300750,254.09,254.09,247.11,250.86,249.09,204806,5281511474.0,0.52,0.71
2025-05-12,宁德时代,300750,247.09,250.08,245.09,249.09,240.36,302315,7731591601.0,0.77,3.63
2025-05-09,宁德时代,300750,238.16,241.86,236.74,240.36,236.66,236933,5858468263.0,0.61,1.56
2025-05-08,宁德时代,300750,231.58,240.77,230.07,236.66,230.7,312856,7666995082.0,0.8,2.58
2025-05-07,宁德时代,300750,228.54,232.97,228.17,230.7,223.72,312810,7444719326.0,0.8,3.12
2025-05-06,宁德时代,300750,226.0,228.39,223.29,223.72,223.59,196877,4591289270.0,0.5,0.06
2025-04-30,宁德时代,300750,225.14,226.47,223.59,223.59,224.12,156328,3635403837.0,0.4,-0.24
2025-04-29,宁德时代,300750,226.09,226.89,222.81,224.12,226.94,167424,3892978723.0,0.43,-1.24
2025-04-28,宁德时代,300750,230.34,230.35,225.29,226.94,228.69,143124,3357178149.0,0.37,-0.77
2025-04-25,宁德时代,300750,229.29,230.01,227.18,228.69,228.96,127620,3016796564.0,0.33,-0.12
2025-04-24,宁德时代,300750,226.59,230.75,224.34,228.96,225.44,181554,4297351278.0,0.47,1.56
2025-04-23,宁德时代,300750,227.09,230.84,225.09,225.44,222.78,191980,4507058716.0,0.49,1.19
2025-04-22,宁德时代,300750,222.09,223.25,219.29,222.78,218.92,169354,3885729764.0,0.43,1.76
2025-04-21,宁德时代,300750,213.02,222.56,211.74,218.92,213.02,220082,5088523082.0,0.56,2.77
2025-04-18,宁德时代,300750,212.77,214.06,211.22,213.02,213.56,115128,2588857714.0,0.3,-0.25
2025-04-17,宁德时代,300750,210.56,214.89,209.78,213.56,212.45,157377,3551280611.0,0.4,0.52
2025-04-16,宁德时代,300750,214.56,214.74,209.11,212.45,215.71,216551,4838764472.0,0.55,-1.51
2025-04-15,宁德时代,300750,213.56,218.01,212.68,215.71,211.56,266865,6087451729.0,0.68,1.96
2025-04-14,宁德时代,300750,214.71,215.56,210.24,211.56,211.56,206965,4642121045.0,0.53,0.0
2025-04-11,宁德时代,300750,203.56,213.11,202.26,211.56,205.54,302991,6696905324.0,0.78,2.93
2025-04-10,宁德时代,300750,208.56,210.35,203.02,205.54,198.95,372741,8168675412.0,0.96,3.31
2025-04-09,宁德时代,300750,200.48,206.31,197.65,198.95,206.61,536023,11459705354.0,1.37,-3.71
2025-04-08,宁德时代,300750,207.51,212.56,203.96,206.61,202.78,476594,10471952816.0,1.22,1.89
2025-04-07,宁德时代,300750,213.65,217.56,196.67,202.78,230.64,723646,15811389636.0,1.85,-12.08
2025-04-03,宁德时代,300750,232.56,235.26,230.11,230.64,236.7,232816,5693962717.0,0.6,-2.56
2025-04-02,宁德时代,300750,237.76,240.02,235.12,236.7,236.62,137321,3433096886.0,0.35,0.03
2025-04-01,宁德时代,300750,240.5,242.06,236.14,236.62,240.5,194162,4862442756.0,0.5,-1.61
2025-03-31,宁德时代,300750,243.62,245.54,239.68,240.5,244.36,194634,4951863265.0,0.5,-1.58
2025-03-28,宁德时代,300750,243.67,246.44,243.36,244.36,246.44,112421,2888588257.0,0.29,-0.84
2025-03-27,宁德时代,300750,243.75,250.36,241.81,246.44,244.48,141792,3675726420.0,0.36,0.8
2025-03-26,宁德时代,300750,246.96,250.26,244.26,244.48,247.04,129046,3336108307.0,0.33,-1.04
2025-03-25,宁德时代,300750,245.27,247.56,242.85,247.04,245.72,127858,3303477319.0,0.33,0.54
2025-03-24,宁德时代,300750,245.26,246.54,243.84,245.72,243.56,167302,4311680872.0,0.43,0.89
2025-03-21,宁德时代,300750,250.24,252.09,243.23,243.56,249.71,194320,5026360931.0,0.5,-2.46
2025-03-20,宁德时代,300750,252.95,254.06,248.58,249.71,252.95,144247,3794188019.0,0.37,-1.28
2025-03-19,宁德时代,300750,244.76,254.53,244.34,252.95,244.56,369541,9737109378.0,0.95,3.43
2025-03-18,宁德时代,300750,245.56,248.34,243.06,244.56,243.56,225767,5817534421.0,0.58,0.41
2025-03-17,宁德时代,300750,250.66,253.03,243.3,243.56,249.56,335155,8685706367.0,0.86,-2.4
2025-03-14,宁德时代,300750,240.56,252.41,240.21,249.56,240.78,351089,9148092796.0,0.9,3.65
2025-03-13,宁德时代,300750,241.56,246.76,240.56,240.78,242.06,168852,4316530458.0,0.43,-0.53
2025-03-12,宁德时代,300750,243.57,244.18,239.05,242.06,242.76,199147,5058919203.0,0.51,-0.29
2025-03-11,宁德时代,300750,240.63,243.06,240.61,242.76,244.06,171351,4355529582.0,0.44,-0.53
2025-03-10,宁德时代,300750,249.36,249.42,241.17,244.06,248.32,286751,7355227161.0,0.73,-1.72
2025-03-07,宁德时代,300750,250.52,251.14,246.24,248.32,251.87,222871,5812794648.0,0.57,-1.41
2025-03-06,宁德时代,300750,249.81,253.09,248.56,251.87,248.55,250273,6601078271.0,0.64,1.34
2025-03-05,宁德时代,300750,250.56,251.45,246.06,248.55,250.56,208696,5438997025.0,0.53,-0.8
2025-03-04,宁德时代,300750,257.56,258.56,250.29,250.56,261.09,268365,7115460892.0,0.69,-4.03
2025-03-03,宁德时代,300750,252.56,266.86,249.8,261.09,251.86,387364,10603328988.0,0.99,3.66
2025-02-28,宁德时代,300750,257.16,258.87,251.17,251.86,257.56,222655,5935077344.0,0.57,-2.21
2025-02-27,宁德时代,300750,257.83,259.26,255.23,257.56,256.18,231851,6250587949.0,0.59,0.54
2025-02-26,宁德时代,300750,259.01,260.44,254.74,256.18,257.04,211731,5698649749.0,0.54,-0.33
2025-02-25,宁德时代,300750,255.04,261.56,252.07,257.04,259.06,232094,6243748571.0,0.59,-0.78
2025-02-24,宁德时代,300750,260.57,262.26,255.72,259.06,263.11,277538,7510840227.0,0.71,-1.54
2025-02-21,宁德时代,300750,256.14,264.44,255.34,263.11,257.76,309519,8443562273.0,0.79,2.08
2025-02-20,宁德时代,300750,260.36,260.36,254.56,257.76,261.11,195890,5267400818.0,0.5,-1.28
2025-02-19,宁德时代,300750,256.13,263.56,256.11,261.11,258.33,204455,5580141095.0,0.52,1.08
2025-02-18,宁德时代,300750,260.52,263.06,256.56,258.33,256.96,238458,6497674092.0,0.61,0.53
2025-02-17,宁德时代,300750,262.46,262.46,253.58,256.96,257.27,241830,6513084025.0,0.62,-0.12
2025-02-14,宁德时代,300750,249.09,260.56,249.09,257.27,248.95,387800,10409880413.0,0.99,3.34
2025-02-13,宁德时代,300750,243.55,251.55,242.66,248.95,242.86,375350,9803005760.0,0.96,2.51
2025-02-12,宁德时代,300750,237.57,243.56,234.64,242.86,239.36,273822,6902713445.0,0.7,1.46
2025-02-11,宁德时代,300750,248.0,248.06,238.62,239.36,246.01,247920,6268157349.0,0.64,-2.7
2025-02-10,宁德时代,300750,248.84,249.03,242.74,246.01,248.84,229267,5928297100.0,0.59,-1.14
2025-02-07,宁德时代,300750,244.56,250.12,239.18,248.84,240.66,344413,8922582684.0,0.88,3.4
2025-02-06,宁德时代,300750,238.56,241.05,236.76,240.66,239.68,248961,6261792979.0,0.64,0.41
2025-02-05,宁德时代,300750,247.56,249.56,238.61,239.68,244.56,240481,6141794779.0,0.62,-2.0
2025-01-27,宁德时代,300750,248.19,250.53,244.56,244.56,248.18,171026,4460049868.0,0.44,-1.46
2025-01-24,宁德时代,300750,243.57,252.34,243.57,248.18,243.83,224398,5876198259.0,0.58,1.78
2025-01-23,宁德时代,300750,246.18,248.83,243.31,243.83,244.33,165537,4291744662.0,0.42,-0.2
2025-01-22,宁德时代,300750,248.33,251.23,240.54,244.33,250.51,250407,6440345376.0,0.64,-2.47
2025-01-21,宁德时代,300750,254.83,255.09,249.55,250.51,251.85,138933,3681448144.0,0.36,-0.53
2025-01-20,宁德时代,300750,242.83,253.94,242.64,251.85,237.83,342835,9048642227.0,0.88,5.89
2025-01-17,宁德时代,300750,234.83,239.83,234.41,237.83,236.26,111066,2786220135.0,0.28,0.66
2025-01-16,宁德时代,300750,238.33,240.93,234.59,236.26,237.2,161884,4056598313.0,0.41,-0.4
2025-01-15,宁德时代,300750,242.53,242.73,236.0,237.2,242.53,150627,3798504600.0,0.39,-2.2
2025-01-14,宁德时代,300750,234.04,243.33,231.54,242.53,233.24,202467,5108567634.0,0.52,3.98
2025-01-13,宁德时代,300750,229.83,236.33,228.33,233.24,232.33,180922,4467775090.0,0.46,0.39
2025-01-10,宁德时代,300750,232.83,236.28,231.01,232.33,233.66,147294,3643092329.0,0.38,-0.57
2025-01-09,宁德时代,300750,227.68,236.58,227.49,233.66,231.67,169329,4168600175.0,0.43,0.86
2025-01-08,宁德时代,300750,232.32,234.64,229.65,231.67,235.78,271858,6681628785.0,0.7,-1.74
2025-01-07,宁德时代,300750,229.33,238.33,227.41,235.78,243.08,401036,9934923663.0,1.03,-3.0
2025-01-06,宁德时代,300750,244.33,246.33,239.33,243.08,243.96,172891,4433101113.0,0.44,-0.36
2025-01-03,宁德时代,300750,245.11,249.33,243.54,243.96,245.11,185238,4812148522.0,0.47,-0.47
2025-01-02,宁德时代,300750,252.58,252.63,243.33,245.11,252.33,233546,6090661831.0,0.6,-2.86
2024-12-31,宁德时代,300750,251.42,256.83,251.42,252.33,252.91,249340,6694555730.0,0.64,-0.23
2024-12-30,宁德时代,300750,247.21,253.83,246.84,252.91,248.33,226314,6013633016.0,0.58,1.84
2024-12-27,宁德时代,300750,246.9,249.75,241.33,248.33,247.58,243519,6338085456.0,0.62,0.3
2024-12-26,宁德时代,300750,253.53,253.53,247.33,247.58,254.3,224438,5898437344.0,0.58,-2.64
2024-12-25,宁德时代,300750,255.24,257.24,252.59,254.3,254.56,114138,3058526680.0,0.29,-0.1
2024-12-24,宁德时代,300750,249.33,254.58,249.33,254.56,249.83,196154,5229920631.0,0.5,1.89
2024-12-23,宁德时代,300750,249.04,255.21,249.04,249.83,249.04,206394,5482614221.0,0.53,0.32
2024-12-20,宁德时代,300750,256.12,257.13,246.65,249.04,256.12,277401,7313368050.0,0.71,-2.76
2024-12-19,宁德时代,300750,255.59,258.68,252.95,256.12,257.74,153460,4137668599.0,0.39,-0.63
2024-12-18,宁德时代,300750,260.64,261.06,256.64,257.74,260.13,150853,4110472402.0,0.39,-0.92
2024-12-17,宁德时代,300750,253.33,264.33,252.87,260.13,253.53,282146,7746201690.0,0.72,2.6
2024-12-16,宁德时代,300750,252.55,255.83,250.38,253.53,253.36,162575,4333963457.0,0.42,0.07
2024-12-13,宁德时代,300750,256.21,258.33,252.33,253.36,260.04,283164,7596460114.0,0.73,-2.57
2024-12-12,宁德时代,300750,252.23,261.71,251.53,260.04,253.43,223295,6055502392.0,0.57,2.61
2024-12-11,宁德时代,300750,260.29,265.83,252.85,253.43,256.9,194008,5262014871.0,0.5,-1.35
2024-12-10,宁德时代,300750,267.61,267.83,255.66,256.9,254.38,329044,9035442039.0,0.84,0.99
2024-12-09,宁德时代,300750,253.32,255.99,250.74,254.38,252.88,224561,6005103478.0,0.58,0.59
2024-12-06,宁德时代,300750,242.33,256.23,241.33,252.88,242.33,330381,8719647873.0,0.85,4.35
2024-12-05,宁德时代,300750,244.32,245.28,241.34,242.33,245.3,160216,4109014221.0,0.41,-1.21
2024-12-04,宁德时代,300750,246.33,248.33,243.83,245.3,248.17,161814,4186965339.0,0.41,-1.16
2024-12-03,宁德时代,300750,247.33,249.32,245.33,248.17,248.52,173108,4514867561.0,0.44,-0.14
2024-12-02,宁德时代,300750,244.97,249.88,243.54,248.52,247.57,206475,5387882833.0,0.53,0.38
2024-11-29,宁德时代,300750,237.56,254.32,237.56,247.57,241.03,313663,8192074188.0,0.8,2.71
2024-11-28,宁德时代,300750,245.53,245.86,239.83,241.03,246.23,223556,5728197559.0,0.57,-2.11
2024-11-27,宁德时代,300750,241.03,247.23,237.8,246.23,243.05,274007,7033615361.0,0.7,1.31
2024-11-26,宁德时代,300750,247.9,250.3,241.99,243.05,250.43,273604,7076484876.0,0.7,-2.95
2024-11-25,宁德时代,300750,249.39,252.89,247.51,250.43,245.43,262391,6923644963.0,0.67,2.04
2024-11-22,宁德时代,300750,254.26,255.33,245.21,245.43,254.59,225551,5937579845.0,0.58,-3.6
2024-11-21,宁德时代,300750,251.99,257.76,249.99,254.59,253.88,205508,5510533650.0,0.53,0.28
2024-11-20,宁德时代,300750,253.28,256.23,250.93,253.88,255.05,227088,6060616028.0,0.58,-0.46
2024-11-19,宁德时代,300750,248.35,258.33,244.33,255.05,249.25,348129,9211079120.0,0.89,2.33
2024-11-18,宁德时代,300750,251.89,257.28,247.33,249.25,251.89,306500,8135717135.0,0.79,-1.05
2024-11-15,宁德时代,300750,255.83,261.33,251.89,251.89,261.33,351983,9488134617.0,0.9,-3.61
2024-11-14,宁德时代,300750,269.33,271.32,260.99,261.33,268.33,426572,11940874423.0,1.09,-2.61
2024-11-13,宁德时代,300750,255.33,274.53,253.1,268.33,259.35,557737,15410247017.0,1.43,3.46
2024-11-12,宁德时代,300750,264.61,271.53,257.31,259.35,253.83,744030,20764206510.0,1.91,2.17
2024-11-11,宁德时代,300750,238.68,255.32,237.34,253.83,243.83,491539,12844920271.0,1.26,4.1
2024-11-08,宁德时代,300750,255.99,258.33,243.43,243.83,249.13,402941,10612727375.0,1.03,-2.13
2024-11-07,宁德时代,300750,244.33,249.13,240.21,249.13,242.83,335710,8698717048.0,0.86,2.59
2024-11-06,宁德时代,300750,245.32,255.83,239.83,242.83,247.72,452393,11840068810.0,1.16,-1.97
2024-11-05,宁德时代,300750,236.91,249.15,235.46,247.72,237.53,484821,12547431634.0,1.24,4.29
2024-11-04,宁德时代,300750,230.33,240.63,230.33,237.53,232.53,242472,6074686403.0,0.62,2.15
2024-11-01,宁德时代,300750,232.86,236.15,231.51,232.53,232.31,259158,6418140472.0,0.66,0.09
2024-10-31,宁德时代,300750,233.32,236.83,230.33,232.31,234.36,255003,6286268642.0,0.65,-0.87
2024-10-30,宁德时代,300750,236.33,238.63,230.83,234.36,238.11,271344,6734690047.0,0.7,-1.57
2024-10-29,宁德时代,300750,242.57,244.04,237.57,238.11,242.57,269948,6853075171.0,0.69,-1.84
2024-10-28,宁德时代,300750,242.46,244.94,239.33,242.57,245.21,276019,7053002719.0,0.71,-1.08
2024-10-25,宁德时代,300750,238.67,251.33,232.63,245.21,232.49,578986,14887536977.0,1.48,5.47
2024-10-24,宁德时代,300750,236.1,237.83,231.33,232.49,235.63,214658,5297733385.0,0.55,-1.33
2024-10-23,宁德时代,300750,234.14,241.27,233.19,235.63,236.88,321541,8076690148.0,0.82,-0.53
2024-10-22,宁德时代,300750,240.33,240.89,233.59,236.88,239.69,278760,6986426718.0,0.71,-1.17
2024-10-21,宁德时代,300750,245.33,248.86,238.08,239.69,236.22,584558,14972853360.0,1.5,1.47
2024-10-18,宁德时代,300750,216.33,245.21,215.93,236.22,217.83,680138,16734812130.0,1.74,8.44
2024-10-17,宁德时代,300750,220.33,225.21,217.19,217.83,220.18,261647,6135626737.0,0.67,-1.07
2024-10-16,宁德时代,300750,225.15,225.15,219.66,220.18,227.55,335860,7918107275.0,0.86,-3.24
2024-10-15,宁德时代,300750,236.14,237.17,227.46,227.55,236.05,327653,8057930637.0,0.84,-3.6
2024-10-14,宁德时代,300750,236.32,239.13,231.27,236.05,228.12,467599,11671765786.0,1.2,3.48
2024-10-11,宁德时代,300750,241.83,241.83,224.26,228.12,244.33,476402,11668275358.0,1.22,-6.63
2024-10-10,宁德时代,300750,241.33,252.32,236.49,244.33,241.33,608338,15786972610.0,1.56,1.24
2024-10-09,宁德时代,300750,266.23,266.32,241.33,241.33,285.33,1086916,29017394644.0,2.79,-15.42
2024-10-08,宁德时代,300750,282.33,287.83,253.99,285.33,238.22,1376465,39285155658.0,3.53,19.78
2024-09-30,宁德时代,300750,219.35,241.33,218.33,238.22,213.14,913611,22246725636.0,2.34,11.77
2024-09-27,宁德时代,300750,198.33,218.01,198.0,213.14,191.84,701813,15567947397.0,1.8,11.1
2024-09-26,宁德时代,300750,190.03,193.66,185.26,191.84,189.43,354893,7190132217.0,0.91,1.27
2024-09-25,宁德时代,300750,193.72,193.73,188.92,189.43,183.85,420101,8606648805.0,1.08,3.04
2024-09-24,宁德时代,300750,178.29,184.5,175.22,183.85,174.53,354517,6891613101.0,0.91,5.34
2024-09-23,宁德时代,300750,172.99,175.76,171.83,174.53,171.93,157925,2968348168.0,0.41,1.51
2024-09-20,宁德时代,300750,173.23,174.23,170.01,171.93,173.23,155027,2874252971.0,0.4,-0.75
2024-09-19,宁德时代,300750,173.33,174.55,169.93,173.23,172.73,157694,2940618896.0,0.4,0.29
2024-09-18,宁德时代,300750,169.93,173.76,169.62,172.73,169.83,113779,2116044596.0,0.29,1.71
2024-09-13,宁德时代,300750,175.21,175.21,169.83,169.83,175.68,172873,3202147524.0,0.44,-3.33
2024-09-12,宁德时代,300750,174.33,178.49,173.04,175.68,172.89,207100,3931885572.0,0.53,1.61
2024-09-11,宁德时代,300750,168.73,174.11,167.49,172.89,167.49,211971,3938430662.0,0.54,3.22
2024-09-10,宁德时代,300750,171.83,171.83,167.38,167.49,171.48,154244,2809100737.0,0.4,-2.33
2024-09-09,宁德时代,300750,171.44,174.99,169.8,171.48,172.28,134754,2494206446.0,0.35,-0.46
2024-09-06,宁德时代,300750,172.45,174.83,171.73,172.28,173.13,75255,1404159124.0,0.19,-0.49
2024-09-05,宁德时代,300750,173.48,175.88,172.13,173.13,173.48,123182,2302962597.0,0.32,-0.2
2024-09-04,宁德时代,300750,171.65,175.33,171.18,173.48,171.98,165645,3101382415.0,0.43,0.87
2024-09-03,宁德时代,300750,166.63,173.03,166.35,171.98,167.52,181969,3362146073.0,0.47,2.66
2024-09-02,宁德时代,300750,170.77,171.92,167.33,167.52,170.67,129852,2371406001.0,0.33,-1.85
2024-08-30,宁德时代,300750,167.13,172.29,167.13,170.67,167.13,254292,4689604094.0,0.65,2.12
2024-08-29,宁德时代,300750,165.5,169.32,165.5,167.13,169.15,156702,2839993927.0,0.4,-1.19
2024-08-28,宁德时代,300750,169.13,170.02,167.61,169.15,169.83,106390,1940292275.0,0.27,-0.4
2024-08-27,宁德时代,300750,168.85,170.82,167.83,169.83,170.25,99770,1827225122.0,0.26,-0.25
2024-08-26,宁德时代,300750,168.23,170.89,167.33,170.25,168.13,148387,2717728514.0,0.38,1.26
2024-08-23,宁德时代,300750,163.33,168.85,163.33,168.13,165.13,184152,3332172741.0,0.47,1.82
2024-08-22,宁德时代,300750,161.31,166.3,160.63,165.13,160.34,199011,3536569763.0,0.51,2.99
2024-08-21,宁德时代,300750,160.33,161.74,158.33,160.34,161.2,111474,1940113037.0,0.29,-0.53
2024-08-20,宁德时代,300750,161.33,162.33,159.99,161.2,161.93,84370,1475662465.0,0.22,-0.45
2024-08-19,宁德时代,300750,159.68,164.27,159.48,161.93,159.95,140358,2473581500.0,0.36,1.24
2024-08-16,宁德时代,300750,159.73,162.33,159.21,159.95,159.73,111506,1941327488.0,0.29,0.14
2024-08-15,宁德时代,300750,158.33,160.93,157.62,159.73,158.54,144812,2511442939.0,0.37,0.75
2024-08-14,宁德时代,300750,159.32,160.78,158.05,158.54,160.11,99663,1720375362.0,0.26,-0.98
2024-08-13,宁德时代,300750,155.22,161.29,154.71,160.11,155.33,193893,3336604796.0,0.5,3.08
2024-08-12,宁德时代,300750,156.9,157.45,153.13,155.33,156.33,174156,2934605437.0,0.45,-0.64
2024-08-09,宁德时代,300750,159.93,161.2,156.33,156.33,158.73,154130,2646422840.0,0.4,-1.51
2024-08-08,宁德时代,300750,159.34,159.93,156.45,158.73,160.0,146590,2520197340.0,0.38,-0.79
2024-08-07,宁德时代,300750,161.28,162.56,160.0,160.0,161.28,127540,2230380711.0,0.33,-0.79
2024-08-06,宁德时代,300750,164.74,165.72,160.04,161.28,163.33,157687,2771240102.0,0.4,-1.26
2024-08-05,宁德时代,300750,161.34,166.52,161.33,163.33,163.42,193477,3451887572.0,0.5,-0.06
2024-08-02,宁德时代,300750,165.33,166.33,163.07,163.42,166.63,154937,2753866402.0,0.4,-1.93
2024-08-01,宁德时代,300750,171.33,172.33,166.43,166.63,172.64,230127,4180640117.0,0.59,-3.48
2024-07-31,宁德时代,300750,168.33,173.21,168.33,172.64,171.22,198969,3690880179.0,0.51,0.83
2024-07-30,宁德时代,300750,169.55,171.66,169.55,171.22,170.86,127252,2349179517.0,0.33,0.21
2024-07-29,宁德时代,300750,173.33,173.33,166.33,170.86,175.68,213624,3918833597.0,0.55,-2.74
2024-07-26,宁德时代,300750,176.33,179.63,174.38,175.68,174.06,233477,4436931314.0,0.6,0.93
2024-07-25,宁德时代,300750,172.45,177.06,171.39,174.06,172.65,205959,3863507112.0,0.53,0.82
2024-07-24,宁德时代,300750,172.33,175.42,171.72,172.65,172.53,144681,2708577542.0,0.37,0.07
2024-07-23,宁德时代,300750,175.34,176.03,172.53,172.53,175.85,119031,2233862306.0,0.31,-1.89
2024-07-22,宁德时代,300750,177.52,180.51,173.73,175.85,175.77,171683,3259890052.0,0.44,0.05
2024-07-19,宁德时代,300750,172.68,176.42,172.53,175.77,174.68,208476,3929663334.0,0.54,0.62
2024-07-18,宁德时代,300750,166.33,175.43,166.01,174.68,167.22,319944,5957621426.0,0.82,4.46
2024-07-17,宁德时代,300750,164.33,168.99,162.27,167.22,165.63,185901,3346445646.0,0.48,0.96
2024-07-16,宁德时代,300750,163.83,166.83,163.63,165.63,164.45,151487,2710034963.0,0.39,0.72
2024-07-15,宁德时代,300750,164.63,166.28,163.44,164.45,166.13,114697,2041627402.0,0.29,-1.01
2024-07-12,宁德时代,300750,164.18,168.1,163.33,166.13,163.34,195505,3523525353.0,0.5,1.71
2024-07-11,宁德时代,300750,161.33,165.31,159.82,163.34,159.38,208111,3678618339.0,0.53,2.48
2024-07-10,宁德时代,300750,161.34,166.42,159.38,159.38,162.1,177729,3123226777.0,0.46,-1.68
2024-07-09,宁德时代,300750,161.63,163.63,159.42,162.1,162.24,164439,2876833389.0,0.42,-0.09
2024-07-08,宁德时代,300750,162.34,164.7,161.34,162.24,163.95,108064,1907514420.0,0.28,-1.04
2024-07-05,宁德时代,300750,167.33,168.82,162.83,163.95,165.93,135247,2414693953.0,0.35,-1.19
2024-07-04,宁德时代,300750,166.72,169.32,165.53,165.93,165.83,118346,2137596470.0,0.3,0.06
2024-07-03,宁德时代,300750,163.33,168.83,162.64,165.83,162.41,162053,2906473773.0,0.42,2.11
2024-07-02,宁德时代,300750,160.18,163.29,158.44,162.41,162.4,144156,2529552189.0,0.37,0.01
2024-07-01,宁德时代,300750,165.52,165.61,157.5,162.4,166.36,269957,4709620520.0,0.69,-2.38
2024-06-28,宁德时代,300750,170.13,171.81,166.17,166.36,171.33,194205,3539244333.0,0.5,-2.9
2024-06-27,宁德时代,300750,171.84,172.21,169.34,171.33,171.84,126536,2330478210.0,0.32,-0.3
2024-06-26,宁德时代,300750,171.45,172.96,169.53,171.84,172.65,104814,1940490559.0,0.27,-0.47
2024-06-25,宁德时代,300750,173.33,175.53,171.93,172.65,173.31,144144,2696969882.0,0.37,-0.38
2024-06-24,宁德时代,300750,169.33,174.32,169.33,173.31,171.49,180355,3363422625.0,0.46,1.06
2024-06-21,宁德时代,300750,174.64,175.29,168.7,171.49,174.32,184677,3416688219.0,0.47,-1.62
2024-06-20,宁德时代,300750,176.32,176.44,173.43,174.32,175.34,115624,2172637229.0,0.3,-0.58
2024-06-19,宁德时代,300750,176.93,177.03,174.01,175.34,176.66,107540,2030697600.0,0.28,-0.75
2024-06-18,宁德时代,300750,174.48,176.8,173.35,176.66,174.53,156529,2959271843.0,0.4,1.22
2024-06-17,宁德时代,300750,168.88,176.83,168.64,174.53,171.22,269293,5044213365.0,0.69,1.93
2024-06-14,宁德时代,300750,172.43,172.91,164.91,171.22,171.51,371849,6764196086.0,0.95,-0.17
2024-06-13,宁德时代,300750,173.33,176.34,171.45,171.51,171.93,221176,4134985666.0,0.57,-0.24
2024-06-12,宁德时代,300750,172.33,176.09,171.81,171.93,175.1,203104,3788449182.0,0.52,-1.81
2024-06-11,宁德时代,300750,175.33,178.33,170.94,175.1,179.53,420724,7876263876.0,1.08,-2.47
2024-06-07,宁德时代,300750,185.19,188.78,173.92,179.53,191.12,516868,10008885040.0,1.33,-6.06
2024-06-06,宁德时代,300750,190.31,193.21,188.53,191.12,190.45,124126,2544442658.0,0.32,0.35
2024-06-05,宁德时代,300750,192.03,194.18,190.34,190.45,192.3,117774,2420867501.0,0.3,-0.96
2024-06-04,宁德时代,300750,188.32,193.57,187.33,192.3,188.83,177149,3639805938.0,0.45,1.84
2024-06-03,宁德时代,300750,184.09,189.93,182.13,188.83,184.09,187181,3757638839.0,0.48,2.57
2024-05-31,宁德时代,300750,185.68,188.58,184.09,184.09,185.68,138086,2760668470.0,0.35,-0.86
2024-05-30,宁德时代,300750,185.38,187.21,183.99,185.68,185.12,127840,2548445865.0,0.33,0.3
2024-05-29,宁德时代,300750,184.34,188.83,184.13,185.12,184.13,133388,2663801635.0,0.34,0.54
2024-05-28,宁德时代,300750,185.79,186.91,183.93,184.13,186.34,126900,2517505166.0,0.33,-1.19
2024-05-27,宁德时代,300750,188.13,188.13,184.83,186.34,187.31,163618,3261446783.0,0.42,-0.52
2024-05-24,宁德时代,300750,189.13,191.19,187.12,187.31,190.67,155107,3136303496.0,0.4,-1.76
2024-05-23,宁德时代,300750,190.53,191.98,189.46,190.67,191.22,176548,3602986569.0,0.45,-0.29
2024-05-22,宁德时代,300750,188.83,193.33,187.93,191.22,187.89,252366,5153120079.0,0.65,1.77
2024-05-21,宁德时代,300750,190.0,190.91,186.89,187.89,189.78,122964,2480343309.0,0.32,-1.0
2024-05-20,宁德时代,300750,193.53,194.21,189.34,189.78,189.33,199172,4083626152.0,0.51,0.24
2024-05-17,宁德时代,300750,186.03,189.33,184.91,189.33,186.0,184962,3727316446.0,0.47,1.79
2024-05-16,宁德时代,300750,185.13,187.97,183.31,186.0,184.22,153782,3065019508.0,0.39,0.97
2024-05-15,宁德时代,300750,185.34,189.66,183.83,184.22,185.34,130741,2607766831.0,0.34,-0.6
2024-05-14,宁德时代,300750,186.93,187.53,184.45,185.34,185.68,106947,2131826963.0,0.27,-0.18
2024-05-13,宁德时代,300750,182.63,188.1,181.84,185.68,189.83,221967,4425713327.0,0.57,-2.19
2024-05-10,宁德时代,300750,195.73,195.73,189.33,189.83,195.73,228011,4675581900.0,0.59,-3.01
2024-05-09,宁德时代,300750,192.6,196.84,192.53,195.73,189.56,219216,4575999960.0,0.56,3.25
2024-05-08,宁德时代,300750,193.33,194.13,189.44,189.56,193.21,124330,2544539625.0,0.32,-1.89
2024-05-07,宁德时代,300750,192.51,194.21,191.48,193.21,193.31,131799,2722386147.0,0.34,-0.05
2024-05-06,宁德时代,300750,197.33,198.03,192.36,193.31,188.93,270999,5634660009.0,0.7,2.32
2024-04-30,宁德时代,300750,192.09,192.09,188.33,188.93,190.93,214330,4377316692.0,0.55,-1.05
2024-04-29,宁德时代,300750,181.87,194.8,181.3,190.93,179.78,438630,9119637969.0,1.13,6.2
2024-04-26,宁德时代,300750,173.31,180.18,173.31,179.78,174.5,224881,4413524312.0,0.58,3.03
2024-04-25,宁德时代,300750,169.87,175.65,169.19,174.5,170.9,164183,3150746112.0,0.42,2.11
2024-04-24,宁德时代,300750,173.3,173.7,167.7,170.9,171.23,151543,2865374635.0,0.39,-0.19
2024-04-23,宁德时代,300750,172.43,173.8,169.18,171.23,171.9,111138,2113386949.0,0.29,-0.39
2024-04-22,宁德时代,300750,174.1,176.19,171.87,171.9,172.1,150987,2903026005.0,0.39,-0.12
2024-04-19,宁德时代,300750,174.36,175.76,170.81,172.1,176.86,184915,3533488436.0,0.47,-2.69
2024-04-18,宁德时代,300750,175.27,178.75,172.69,176.86,177.29,195396,3808772286.0,0.5,-0.24
2024-04-17,宁德时代,300750,176.65,178.23,174.32,177.29,178.45,216192,4211033978.0,0.56,-0.65
2024-04-16,宁德时代,300750,180.3,180.6,176.22,178.45,178.44,276231,5450235800.0,0.71,0.01
2024-04-15,宁德时代,300750,175.15,178.44,173.16,178.44,169.69,305483,5978911501.0,0.78,5.16
2024-04-12,宁德时代,300750,172.3,173.28,169.31,169.69,173.9,166256,3153751598.0,0.43,-2.42
2024-04-11,宁德时代,300750,172.11,175.6,168.3,173.9,174.04,192954,3681659227.0,0.5,-0.08
2024-04-10,宁德时代,300750,175.41,176.3,172.83,174.04,177.3,179615,3459617610.0,0.46,-1.84
2024-04-09,宁德时代,300750,175.3,177.8,175.01,177.3,175.9,145700,2845224466.0,0.37,0.8
2024-04-08,宁德时代,300750,178.95,181.2,175.9,175.9,178.95,189576,3729974586.0,0.49,-1.7
2024-04-03,宁德时代,300750,180.24,180.25,175.9,178.95,181.0,234890,4635543375.0,0.6,-1.13
2024-04-02,宁德时代,300750,179.4,182.87,177.8,181.0,179.14,240381,4793028386.0,0.62,1.04
2024-04-01,宁德时代,300750,175.3,181.13,174.7,179.14,171.46,275132,5438688735.0,0.71,4.48
2024-03-29,宁德时代,300750,171.6,176.3,170.68,171.46,170.08,164648,3154024728.0,0.42,0.81
2024-03-28,宁德时代,300750,169.37,173.0,167.9,170.08,169.3,200367,3792149244.0,0.51,0.46
2024-03-27,宁德时代,300750,173.04,173.05,169.3,169.3,173.1,206457,3910050276.0,0.53,-2.2
2024-03-26,宁德时代,300750,167.0,174.43,166.99,173.1,166.1,302473,5746016495.0,0.78,4.21
2024-03-25,宁德时代,300750,166.87,169.5,165.78,166.1,167.81,164134,3046334226.0,0.42,-1.02
2024-03-22,宁德时代,300750,170.39,171.21,166.29,167.81,170.38,191034,3563063417.0,0.49,-1.51
2024-03-21,宁德时代,300750,170.81,173.18,170.38,170.38,170.78,187567,3571619013.0,0.48,-0.23
2024-03-20,宁德时代,300750,166.81,172.54,166.81,170.78,168.55,210316,3987105281.0,0.54,1.32
2024-03-19,宁德时代,300750,171.79,173.6,167.9,168.55,172.26,269576,5099068938.0,0.69,-2.15
2024-03-18,宁德时代,300750,171.34,175.06,170.25,172.26,162.3,483052,9229188790.0,1.24,6.14
2024-03-15,宁德时代,300750,164.93,165.2,158.15,162.3,165.11,354836,6371462215.0,0.91,-1.7
2024-03-14,宁德时代,300750,166.19,169.26,164.26,165.11,166.48,305356,5642924971.0,0.78,-0.82
2024-03-13,宁德时代,300750,168.3,168.99,164.6,166.48,167.14,347958,6444102061.0,0.89,-0.39
2024-03-12,宁德时代,300750,164.64,167.73,161.3,167.14,162.15,621649,11428112945.0,1.6,3.08
2024-03-11,宁德时代,300750,146.3,162.95,145.4,162.15,139.3,763350,13248182793.0,1.96,16.4
2024-03-08,宁德时代,300750,140.43,142.1,137.95,139.3,141.45,202170,3194520067.0,0.52,-1.52
2024-03-07,宁德时代,300750,144.3,145.47,140.78,141.45,144.94,221450,3568786297.0,0.57,-2.41
2024-03-06,宁德时代,300750,143.88,148.2,143.0,144.94,145.95,187180,3067856204.0,0.48,-0.69
2024-03-05,宁德时代,300750,143.4,146.5,141.3,145.95,145.2,275496,4478109343.0,0.71,0.52
2024-03-04,宁德时代,300750,146.3,149.16,144.07,145.2,145.85,268086,4424835389.0,0.69,-0.45
2024-03-01,宁德时代,300750,144.83,146.86,143.7,145.85,144.81,281013,4610970231.0,0.72,0.72
2024-02-29,宁德时代,300750,137.4,145.07,136.96,144.81,138.31,391675,6315294345.0,1.01,4.7
2024-02-28,宁德时代,300750,139.48,144.6,138.31,138.31,139.13,400917,6423464926.0,1.03,-0.59
2024-02-27,宁德时代,300750,136.38,139.15,135.84,139.13,137.3,290401,4531078101.0,0.75,1.33
2024-02-26,宁德时代,300750,140.53,141.29,136.0,137.3,141.8,360664,5638931754.0,0.93,-3.17
2024-02-23,宁德时代,300750,143.27,143.3,140.36,141.8,141.65,210176,3368773226.0,0.54,0.11
2024-02-22,宁德时代,300750,142.63,142.63,140.18,141.65,142.5,209559,3349275886.0,0.54,-0.6
2024-02-21,宁德时代,300750,138.68,144.6,137.64,142.5,139.63,257827,4135575623.0,0.66,2.06
2024-02-20,宁德时代,300750,143.18,143.18,137.37,139.63,141.39,221948,3506366283.0,0.57,-1.24
2024-02-19,宁德时代,300750,146.26,146.26,140.39,141.39,144.14,270925,4355156562.0,0.7,-1.91
2024-02-08,宁德时代,300750,140.8,146.3,140.18,144.14,140.9,309012,5016344779.0,0.79,2.3
2024-02-07,宁德时代,300750,139.3,141.09,137.3,140.9,139.63,366070,5800699416.0,0.94,0.91
2024-02-06,宁德时代,300750,132.49,140.56,132.12,139.63,133.24,437459,6828296924.0,1.12,4.8
2024-02-05,宁德时代,300750,123.91,135.8,123.6,133.24,127.3,471326,7035622773.0,1.21,4.67
2024-02-02,宁德时代,300750,129.3,130.3,124.67,127.3,130.32,307060,4494266567.0,0.79,-2.32
2024-02-01,宁德时代,300750,132.88,133.82,129.88,130.32,132.89,279688,4197978843.0,0.72,-1.93
2024-01-31,宁德时代,300750,126.3,134.26,125.3,132.89,122.05,595221,8943013792.0,1.53,8.88
2024-01-30,宁德时代,300750,126.8,128.74,121.7,122.05,128.32,327274,4680164654.0,0.84,-4.89
2024-01-29,宁德时代,300750,130.74,132.08,128.32,128.32,131.3,217675,3235910042.0,0.56,-2.27
2024-01-26,宁德时代,300750,133.8,135.78,131.3,131.3,136.3,271813,4118576147.0,0.7,-3.67
2024-01-25,宁德时代,300750,133.3,136.4,131.01,136.3,134.78,294796,4503492567.0,0.76,1.13
2024-01-24,宁德时代,300750,135.8,136.29,130.81,134.78,135.21,248710,3776131708.0,0.64,-0.32
2024-01-23,宁德时代,300750,136.3,140.1,134.49,135.21,136.96,323059,5033058276.0,0.83,-1.28
2024-01-22,宁德时代,300750,134.8,141.25,131.95,136.96,136.2,404888,6323471152.0,1.04,0.56
2024-01-19,宁德时代,300750,135.1,139.19,134.7,136.2,135.91,265949,4136034233.0,0.68,0.21
2024-01-18,宁德时代,300750,131.4,136.5,131.31,135.91,133.54,307788,4688436698.0,0.79,1.77
2024-01-17,宁德时代,300750,138.16,138.16,133.05,133.54,138.25,217615,3343384131.0,0.56,-3.41
2024-01-16,宁德时代,300750,132.96,138.55,131.86,138.25,133.0,284693,4421625828.0,0.73,3.95
2024-01-15,宁德时代,300750,134.8,135.0,130.65,133.0,135.93,172722,2618158007.0,0.44,-2.16
2024-01-12,宁德时代,300750,135.3,138.63,133.5,135.93,136.12,254622,3943737150.0,0.65,-0.14
2024-01-11,宁德时代,300750,131.96,139.07,129.81,136.12,131.96,328018,5037065544.0,0.84,3.15
2024-01-10,宁德时代,300750,128.24,134.41,127.85,131.96,130.0,232120,3500326619.0,0.6,1.51
2024-01-09,宁德时代,300750,131.26,132.67,127.05,130.0,131.3,233916,3473507460.0,0.6,-0.99
2024-01-08,宁德时代,300750,131.5,134.69,130.38,131.3,132.2,193854,2926528361.0,0.5,-0.68
2024-01-05,宁德时代,300750,132.29,136.03,130.79,132.2,132.5,210353,3195235676.0,0.54,-0.23
2024-01-04,宁德时代,300750,136.8,137.02,131.07,132.5,137.1,272418,4114835334.0,0.7,-3.36
2024-01-03,宁德时代,300750,137.4,138.58,135.7,137.1,138.13,197576,3070016674.0,0.51,-0.75
2024-01-02,宁德时代,300750,143.52,143.83,137.92,138.13,144.56,214033,3390080350.0,0.55,-4.45
2023-12-29,宁德时代,300750,145.28,146.3,143.3,144.56,144.29,226838,3707101874.0,0.58,0.19
2023-12-28,宁德时代,300750,135.52,144.46,134.87,144.29,135.63,378502,6079407754.0,0.97,6.39
2023-12-27,宁德时代,300750,138.83,139.3,135.17,135.63,137.43,173565,2686313989.0,0.45,-1.31
2023-12-26,宁德时代,300750,138.27,138.8,136.04,137.43,138.84,127673,1994477782.0,0.33,-1.02
2023-12-25,宁德时代,300750,136.8,139.18,136.1,138.84,137.59,130056,2036117775.0,0.33,0.91
2023-12-22,宁德时代,300750,134.8,139.71,133.5,137.59,135.69,280321,4359921761.0,0.72,1.4
2023-12-21,宁德时代,300750,128.87,136.63,128.87,135.69,129.75,421315,6433383992.0,1.08,4.58
2023-12-20,宁德时代,300750,130.5,132.5,129.62,129.75,130.3,212494,3174602188.0,0.55,-0.42
2023-12-19,宁德时代,300750,127.61,131.28,127.57,130.3,128.27,251852,3734066912.0,0.65,1.58
2023-12-18,宁德时代,300750,134.41,134.99,127.58,128.27,136.3,429129,6398809829.0,1.1,-5.89
2023-12-15,宁德时代,300750,138.5,139.98,135.9,136.3,137.93,202046,3158101585.0,0.52,-1.18
2023-12-14,宁德时代,300750,142.18,142.79,137.74,137.93,140.65,227514,3596263195.0,0.58,-1.93
2023-12-13,宁德时代,300750,143.85,144.89,140.01,140.65,144.93,252594,4045085653.0,0.65,-2.95
2023-12-12,宁德时代,300750,145.3,146.52,144.28,144.93,146.65,147339,2415527908.0,0.38,-1.17
2023-12-11,宁德时代,300750,143.31,146.99,141.46,146.65,144.89,214896,3497265739.0,0.55,1.21
2023-12-08,宁德时代,300750,146.3,147.63,144.42,144.89,145.79,245020,4030383346.0,0.63,-0.62
2023-12-07,宁德时代,300750,143.3,147.66,142.9,145.79,144.18,269084,4410841808.0,0.69,1.12
2023-12-06,宁德时代,300750,139.95,148.16,139.52,144.18,140.11,367693,6024339619.0,0.94,2.9
2023-12-05,宁德时代,300750,141.45,143.67,139.95,140.11,142.95,248077,3978910664.0,0.64,-1.99
2023-12-04,宁德时代,300750,144.8,145.74,142.54,142.95,146.8,239304,3892529224.0,0.61,-2.62
2023-12-01,宁德时代,300750,148.59,149.0,145.73,146.8,148.3,169622,2816101715.0,0.44,-1.01
2023-11-30,宁德时代,300750,146.52,149.96,145.79,148.3,148.15,230272,3834512348.0,0.59,0.1
2023-11-29,宁德时代,300750,152.3,152.68,147.67,148.15,153.22,251885,4235346582.0,0.65,-3.31
2023-11-28,宁德时代,300750,151.33,153.27,150.17,153.22,152.0,202107,3443539749.0,0.52,0.8
2023-11-27,宁德时代,300750,155.59,155.8,151.9,152.0,156.3,184220,3161041987.0,0.47,-2.75
2023-11-24,宁德时代,300750,158.33,159.5,155.8,156.3,159.0,166212,2918741661.0,0.43,-1.7
2023-11-23,宁德时代,300750,157.31,159.0,156.19,159.0,158.3,157203,2771265524.0,0.4,0.44
2023-11-22,宁德时代,300750,160.85,162.6,158.3,158.3,161.91,186886,3332638164.0,0.48,-2.23
2023-11-21,宁德时代,300750,163.3,165.3,161.31,161.91,161.6,197662,3601130909.0,0.51,0.19
2023-11-20,宁德时代,300750,162.04,163.1,160.31,161.6,162.03,124087,2235037632.0,0.32,-0.27
2023-11-17,宁德时代,300750,161.15,162.55,160.79,162.03,162.45,110840,2000359414.0,0.28,-0.26
2023-11-16,宁德时代,300750,166.78,166.79,161.4,162.45,165.78,174662,3180032494.0,0.45,-2.01
2023-11-15,宁德时代,300750,168.19,169.89,164.88,165.78,164.98,238072,4423251194.0,0.61,0.48
2023-11-14,宁德时代,300750,169.15,170.1,164.3,164.98,169.15,234883,4346598777.0,0.6,-2.47
2023-11-13,宁德时代,300750,173.3,173.5,168.32,169.15,170.33,125196,2362258976.0,0.32,-0.69
2023-11-10,宁德时代,300750,170.3,171.27,169.35,170.33,172.75,116100,2189830819.0,0.3,-1.4
2023-11-09,宁德时代,300750,171.93,173.88,171.83,172.75,173.14,109971,2104229338.0,0.28,-0.23
2023-11-08,宁德时代,300750,171.48,174.24,171.3,173.14,172.54,146522,2809047604.0,0.38,0.35
2023-11-07,宁德时代,300750,177.29,177.41,171.42,172.54,178.38,260803,5008846046.0,0.67,-3.27
2023-11-06,宁德时代,300750,169.87,178.4,169.75,178.38,168.74,349684,6798069246.0,0.9,5.71
2023-11-03,宁德时代,300750,167.3,169.98,165.9,168.74,166.87,143655,2683301612.0,0.37,1.12
2023-11-02,宁德时代,300750,169.8,171.18,166.87,166.87,168.84,137627,2577685558.0,0.35,-1.17
2023-11-01,宁德时代,300750,167.09,171.6,165.8,168.84,166.9,197273,3695120175.0,0.51,1.16
2023-10-31,宁德时代,300750,167.98,168.52,165.9,166.9,169.32,181525,3369355372.0,0.47,-1.43
2023-10-30,宁德时代,300750,168.3,171.18,166.1,169.32,166.02,322595,6050993028.0,0.83,1.99
2023-10-27,宁德时代,300750,159.15,167.18,157.32,166.02,159.37,477953,8729936697.0,1.23,4.17
2023-10-26,宁德时代,300750,155.3,159.6,150.11,159.37,157.28,414206,7175542946.0,1.06,1.33
2023-10-25,宁德时代,300750,159.5,160.8,156.98,157.28,157.72,215342,3818928277.0,0.55,-0.28
2023-10-24,宁德时代,300750,159.3,160.5,156.6,157.72,158.56,243795,4310104361.0,0.63,-0.53
2023-10-23,宁德时代,300750,161.6,161.6,157.1,158.56,162.3,202233,3597554198.0,0.52,-2.3
2023-10-20,宁德时代,300750,160.3,168.99,160.3,162.3,164.0,300269,5478351217.0,0.77,-1.04
2023-10-19,宁德时代,300750,165.71,166.98,163.58,164.0,167.6,174542,3209465700.0,0.45,-2.15
2023-10-18,宁德时代,300750,166.4,169.55,164.9,167.6,166.74,176519,3284047971.0,0.45,0.52
2023-10-17,宁德时代,300750,166.81,170.6,165.87,166.74,166.06,215583,4027297387.0,0.55,0.41
2023-10-16,宁德时代,300750,171.64,171.83,165.21,166.06,171.9,246836,4603170882.0,0.63,-3.4
2023-10-13,宁德时代,300750,175.15,176.13,170.9,171.9,177.24,284222,5429864563.0,0.73,-3.01
2023-10-12,宁德时代,300750,176.31,179.1,175.3,177.24,176.07,242059,4744179131.0,0.62,0.66
2023-10-11,宁德时代,300750,179.17,179.9,175.4,176.07,176.02,202482,3964353022.0,0.52,0.03
2023-10-10,宁德时代,300750,179.18,179.3,176.02,176.02,176.8,198655,3895932691.0,0.51,-0.44
2023-10-09,宁德时代,300750,182.3,182.58,174.3,176.8,184.33,337428,6617775154.0,0.87,-4.09
2023-09-28,宁德时代,300750,185.3,187.8,183.88,184.33,184.96,158095,3223265861.0,0.41,-0.34
2023-09-27,宁德时代,300750,187.6,189.79,183.75,184.96,185.8,218490,4470658972.0,0.56,-0.45
2023-09-26,宁德时代,300750,187.97,188.65,184.8,185.8,190.58,202538,4150919714.0,0.52,-2.51
2023-09-25,宁德时代,300750,194.32,194.92,190.01,190.58,192.23,136054,2864421900.0,0.35,-0.86
2023-09-22,宁德时代,300750,186.8,192.75,186.8,192.23,188.03,225091,4696859644.0,0.58,2.23
2023-09-21,宁德时代,300750,191.31,192.25,187.97,188.03,191.2,162149,3368171869.0,0.42,-1.66
2023-09-20,宁德时代,300750,194.3,194.63,189.98,191.2,193.62,130875,2750166643.0,0.34,-1.25
2023-09-19,宁德时代,300750,194.36,194.78,191.9,193.62,194.36,150244,3183848137.0,0.39,-0.38
2023-09-18,宁德时代,300750,187.3,195.99,187.3,194.36,189.06,265935,5645065103.0,0.68,2.8
2023-09-15,宁德时代,300750,193.3,195.3,187.9,189.06,196.23,336800,7033151411.0,0.87,-3.65
2023-09-14,宁德时代,300750,194.98,197.6,194.33,196.23,197.9,182941,3919045406.0,0.47,-0.84
2023-09-13,宁德时代,300750,198.3,200.45,196.33,197.9,199.23,151357,3278699755.0,0.39,-0.67
2023-09-12,宁德时代,300750,203.3,203.71,198.84,199.23,202.83,182312,3994776422.0,0.47,-1.77
2023-09-11,宁德时代,300750,204.2,204.85,200.98,202.83,204.24,170609,3774798958.0,0.44,-0.69
2023-09-08,宁德时代,300750,206.3,208.5,201.8,204.24,207.81,164994,3670618814.0,0.42,-1.72
2023-09-07,宁德时代,300750,214.3,215.05,207.81,207.81,215.72,192661,4405103044.0,0.5,-3.67
2023-09-06,宁德时代,300750,217.35,218.47,214.1,215.72,218.12,124748,2921536581.0,0.32,-1.1
2023-09-05,宁德时代,300750,218.3,220.8,217.46,218.12,218.95,115817,2752197345.0,0.3,-0.38
2023-09-04,宁德时代,300750,219.51,220.06,214.7,218.95,217.7,140524,3327817522.0,0.36,0.57
2023-09-01,宁德时代,300750,217.9,220.81,215.9,217.7,217.85,91011,2157778480.0,0.23,-0.07
2023-08-31,宁德时代,300750,218.4,219.8,217.43,217.85,218.8,96715,2294576162.0,0.25,-0.43
2023-08-30,宁德时代,300750,220.7,223.3,218.8,218.8,219.8,145916,3492477897.0,0.38,-0.45
2023-08-29,宁德时代,300750,212.5,224.3,212.22,219.8,211.8,291750,6966379985.0,0.75,3.78
2023-08-28,宁德时代,300750,222.8,225.26,210.8,211.8,209.64,223115,5230083379.0,0.57,1.03
2023-08-25,宁德时代,300750,209.23,211.27,207.11,209.64,210.25,111851,2549494197.0,0.29,-0.29
2023-08-24,宁德时代,300750,210.18,212.84,207.8,210.25,208.8,141577,3254958699.0,0.36,0.69
2023-08-23,宁德时代,300750,212.0,213.2,208.3,208.8,212.05,118749,2721026997.0,0.31,-1.53
2023-08-22,宁德时代,300750,216.1,216.48,208.81,212.05,214.26,151889,3507619500.0,0.39,-1.03
2023-08-21,宁德时代,300750,215.29,217.17,213.5,214.26,217.17,107804,2524111214.0,0.28,-1.34
2023-08-18,宁德时代,300750,216.59,220.42,215.72,217.17,216.55,167700,3977909566.0,0.43,0.29
2023-08-17,宁德时代,300750,216.29,217.8,210.18,216.55,213.9,204428,4767790092.0,0.53,1.24
2023-08-16,宁德时代,300750,212.82,215.68,211.41,213.9,212.6,140090,3263663519.0,0.36,0.61
2023-08-15,宁德时代,300750,214.18,215.9,210.7,212.6,214.2,146101,3378905588.0,0.38,-0.75
2023-08-14,宁德时代,300750,220.5,221.28,211.51,214.2,222.8,256932,6000203547.0,0.66,-3.86
2023-08-11,宁德时代,300750,230.25,230.25,222.8,222.8,227.8,172041,4212036439.0,0.44,-2.19
2023-08-10,宁德时代,300750,229.2,232.63,225.42,227.8,228.3,140410,3469375410.0,0.36,-0.22
2023-08-09,宁德时代,300750,226.8,228.98,224.44,228.3,228.44,116847,2873152335.0,0.3,-0.06
2023-08-08,宁德时代,300750,227.28,230.63,226.18,228.44,227.79,150667,3733050028.0,0.39,0.29
2023-08-07,宁德时代,300750,225.8,228.24,224.61,227.79,226.81,149277,3665507786.0,0.38,0.43
2023-08-04,宁德时代,300750,226.3,231.26,222.41,226.81,220.44,315697,7737835221.0,0.81,2.89
2023-08-03,宁德时代,300750,217.3,221.27,216.83,220.44,217.8,161805,3859823088.0,0.42,1.21
2023-08-02,宁德时代,300750,218.3,220.79,216.8,217.8,216.8,141472,3350493844.0,0.36,0.46
2023-08-01,宁德时代,300750,218.7,220.4,215.8,216.8,219.05,156152,3695389756.0,0.4,-1.03
2023-07-31,宁德时代,300750,215.3,220.8,214.4,219.05,211.35,299028,7103701374.0,0.77,3.64
2023-07-28,宁德时代,300750,208.28,212.3,206.35,211.35,208.28,188031,4304001295.0,0.48,1.47
2023-07-27,宁德时代,300750,212.3,214.18,208.18,208.28,207.96,208592,4786800627.0,0.54,0.15
2023-07-26,宁德时代,300750,206.42,208.3,204.96,207.96,207.65,154568,3484702635.0,0.4,0.15
2023-07-25,宁德时代,300750,206.2,208.94,202.32,207.65,200.28,192862,4336672443.0,0.5,3.68
2023-07-24,宁德时代,300750,198.45,202.18,195.44,200.28,202.89,137193,2990356786.0,0.35,-1.29
2023-07-21,宁德时代,300750,202.15,204.28,201.06,202.89,202.35,83935,1858027959.0,0.22,0.27
2023-07-20,宁德时代,300750,200.3,207.99,200.3,202.35,200.8,144416,3226693428.0,0.37,0.77
2023-07-19,宁德时代,300750,205.3,206.25,199.88,200.8,206.8,176002,3880774172.0,0.45,-2.9
2023-07-18,宁德时代,300750,209.1,209.18,205.8,206.8,206.95,85758,1934097473.0,0.22,-0.07
2023-07-17,宁德时代,300750,208.31,209.3,204.9,206.95,209.58,104525,2354412853.0,0.27,-1.25
2023-07-14,宁德时代,300750,211.45,212.23,207.85,209.58,211.3,130041,2971007805.0,0.33,-0.81
2023-07-13,宁德时代,300750,209.51,216.3,209.51,211.3,208.29,222577,5166809845.0,0.57,1.45
2023-07-12,宁德时代,300750,209.8,210.7,207.8,208.29,210.39,86933,1976029055.0,0.22,-1.0
2023-07-11,宁德时代,300750,210.95,211.29,207.88,210.39,210.1,91588,2094183189.0,0.24,0.14
2023-07-10,宁德时代,300750,204.3,211.3,204.3,210.1,203.55,160938,3674535624.0,0.41,3.22
2023-07-07,宁德时代,300750,206.1,206.15,202.9,203.55,206.15,98084,2186457550.0,0.25,-1.26
2023-07-06,宁德时代,300750,208.3,209.78,205.27,206.15,208.81,102836,2323630148.0,0.26,-1.27
2023-07-05,宁德时代,300750,210.56,211.71,206.8,208.81,210.55,86364,1968738616.0,0.22,-0.83
2023-07-04,宁德时代,300750,209.8,211.35,208.98,210.55,211.18,101557,2322971861.0,0.26,-0.3
2023-07-03,宁德时代,300750,213.25,215.25,209.85,211.18,210.09,155544,3592766609.0,0.4,0.52
2023-06-30,宁德时代,300750,205.29,211.29,201.65,210.09,203.8,215515,4901528280.0,0.56,3.09
2023-06-29,宁德时代,300750,204.81,208.21,203.8,203.8,205.8,99302,2228285745.0,0.26,-0.97
2023-06-28,宁德时代,300750,203.52,207.8,203.3,205.8,204.77,135586,3044798943.0,0.35,0.5
2023-06-27,宁德时代,300750,205.28,207.6,202.48,204.77,206.47,134206,2996519806.0,0.35,-0.82
2023-06-26,宁德时代,300750,201.21,208.25,200.98,206.47,206.21,159106,3564403987.0,0.41,0.13
2023-06-21,宁德时代,300750,210.11,211.8,206.2,206.21,209.3,171184,3897370633.0,0.44,-1.48
2023-06-20,宁德时代,300750,209.17,212.61,207.07,209.3,209.18,179605,4094614886.0,0.46,0.06
2023-06-19,宁德时代,300750,214.29,214.29,207.3,209.18,212.4,187071,4271126762.0,0.48,-1.52
2023-06-16,宁德时代,300750,213.3,215.47,209.6,212.4,212.18,296398,6849470339.0,0.76,0.1
2023-06-15,宁德时代,300750,196.29,212.18,196.19,212.18,194.7,504957,11301760757.0,1.3,8.98
2023-06-14,宁德时代,300750,198.45,198.93,194.3,194.7,194.4,163629,3508630636.0,0.42,0.15
2023-06-13,宁德时代,300750,192.31,195.23,191.98,194.4,193.25,132437,2813381281.0,0.34,0.6
2023-06-12,宁德时代,300750,193.25,195.3,190.2,193.25,193.34,181316,3835654848.0,0.47,-0.05
2023-06-09,宁德时代,300750,189.85,194.43,189.85,193.34,189.31,242617,5126984497.0,0.62,2.13
2023-06-08,宁德时代,300750,194.05,194.6,188.3,189.31,188.6,238579,5007821210.0,0.61,0.38
2023-06-07,宁德时代,300750,197.68,197.8,185.75,188.6,200.58,500939,10438080444.0,1.29,-5.97
2023-06-06,宁德时代,300750,199.31,203.6,198.28,200.58,201.1,172425,3782524816.0,0.44,-0.26
2023-06-05,宁德时代,300750,207.2,207.2,197.69,201.1,209.74,335951,7357059963.0,0.87,-4.12
2023-06-02,宁德时代,300750,206.2,211.29,205.3,209.74,204.2,231815,5283702827.0,0.6,2.71
2023-06-01,宁德时代,300750,203.94,209.3,202.81,204.2,202.47,159410,3583431678.0,0.41,0.85
2023-05-31,宁德时代,300750,206.35,208.19,201.46,202.47,206.29,188697,4194067555.0,0.49,-1.85
2023-05-30,宁德时代,300750,198.3,206.29,197.31,206.29,198.36,264671,5890767209.0,0.68,4.0
2023-05-29,宁德时代,300750,203.5,203.52,196.9,198.36,201.3,165372,3599743503.0,0.43,-1.46
2023-05-26,宁德时代,300750,205.5,205.8,198.8,201.3,205.39,182117,4001016009.0,0.47,-1.99
2023-05-25,宁德时代,300750,206.15,208.98,203.79,205.39,206.55,137533,3096261721.0,0.35,-0.56
2023-05-24,宁德时代,300750,206.1,209.81,205.02,206.55,206.72,147857,3347225922.0,0.38,-0.08
2023-05-23,宁德时代,300750,212.18,213.01,206.45,206.72,211.6,196132,4466450818.0,0.51,-2.31
2023-05-22,宁德时代,300750,210.3,213.8,208.3,211.6,211.3,146791,3373155581.0,0.38,0.14
2023-05-19,宁德时代,300750,213.05,215.48,211.3,211.3,213.7,194722,4503095902.0,0.5,-1.12
2023-05-18,宁德时代,300750,222.6,222.67,212.34,213.7,221.3,241239,5653225268.0,0.62,-3.43
2023-05-17,宁德时代,300750,220.3,222.98,217.36,221.3,220.3,182464,4350981986.0,0.47,0.45
2023-05-16,宁德时代,300750,219.7,222.27,218.07,220.3,219.59,139740,3336944402.0,0.36,0.32
2023-05-15,宁德时代,300750,222.31,225.3,216.4,219.59,219.28,267065,6408351582.0,0.69,0.14
2023-05-12,宁德时代,300750,223.29,225.86,219.28,219.28,221.7,223100,5363787910.0,0.57,-1.09
2023-05-11,宁德时代,300750,213.85,224.28,212.5,221.7,213.82,347474,8292776226.0,0.89,3.69
2023-05-10,宁德时代,300750,207.1,215.55,202.51,213.82,207.13,289568,6637247354.0,0.75,3.23
2023-05-09,宁德时代,300750,211.68,211.68,205.35,207.13,212.11,196538,4447695097.0,0.51,-2.35
2023-05-08,宁德时代,300750,211.3,215.09,207.36,212.11,208.3,227531,5237667345.0,0.59,1.83
2023-05-05,宁德时代,300750,206.3,211.3,205.02,208.3,206.82,167409,3793534213.0,0.43,0.72
2023-05-04,宁德时代,300750,212.3,213.8,205.85,206.82,212.15,194091,4416464194.0,0.5,-2.51
2023-04-28,宁德时代,300750,215.3,218.63,208.19,212.15,212.3,271048,6269727389.0,0.7,-0.07
2023-04-27,宁德时代,300750,205.3,213.78,203.61,212.3,205.8,339691,7764148296.0,0.87,3.16
2023-04-26,宁德时代,300750,194.3,209.25,191.31,205.8,194.29,397075,8801110231.0,1.02,5.92
2023-04-25,宁德时代,300750,201.01,201.01,191.01,194.29,200.39,168989,6532955961.0,0.78,-3.04
2023-04-24,宁德时代,300750,204.96,205.46,198.17,200.39,204.9,173774,6922771298.0,0.81,-2.2
2023-04-21,宁德时代,300750,204.62,210.41,201.57,204.9,199.9,252760,10288953392.0,1.17,2.5
2023-04-20,宁德时代,300750,207.85,207.85,199.9,199.9,207.88,158438,6335888038.0,0.73,-3.84
2023-04-19,宁德时代,300750,210.18,210.37,205.46,207.88,207.12,116224,4770263894.0,0.54,0.37
2023-04-18,宁德时代,300750,206.51,212.12,206.17,207.12,206.5,140605,5793046443.0,0.65,0.3
2023-04-17,宁德时代,300750,200.08,207.68,199.79,206.5,200.62,176632,7173869978.0,0.82,2.93
2023-04-14,宁德时代,300750,195.4,203.44,195.18,200.62,195.6,159237,6337229777.0,0.74,2.57
2023-04-13,宁德时代,300750,196.57,197.32,193.79,195.6,197.68,100464,3896072549.0,0.47,-1.05
2023-04-12,宁德时代,300750,202.12,202.12,197.68,197.68,202.1,87367,3443470020.0,0.41,-2.19
2023-04-11,宁德时代,300750,202.13,207.61,201.01,202.1,203.24,143663,5785418237.0,0.67,-0.56
2023-04-10,宁德时代,300750,198.73,203.3,195.46,203.24,196.85,172379,6844475287.0,0.8,3.25
2023-04-07,宁德时代,300750,194.43,198.79,193.43,196.85,195.47,100581,3923098225.0,0.47,0.71
2023-04-06,宁德时代,300750,193.23,196.32,191.1,195.47,195.46,105816,4064823971.0,0.49,0.01
2023-04-04,宁德时代,300750,202.12,202.12,192.02,195.46,201.41,200897,7782699958.0,0.93,-2.95
2023-04-03,宁德时代,300750,205.52,205.9,199.9,201.41,205.48,167632,6698371580.0,0.78,-1.98
2023-03-31,宁德时代,300750,204.62,210.45,204.62,205.48,202.18,196076,8033742420.0,0.91,1.63
2023-03-30,宁德时代,300750,202.67,203.23,200.65,202.18,202.22,86819,3465633464.0,0.4,-0.02
2023-03-29,宁德时代,300750,199.46,204.5,198.25,202.22,198.01,137546,5508159641.0,0.64,2.13
2023-03-28,宁德时代,300750,198.79,200.0,196.68,198.01,200.18,75906,2976678086.0,0.35,-1.08
2023-03-27,宁德时代,300750,197.18,201.35,193.47,200.18,198.56,161157,6311744702.0,0.75,0.82
2023-03-24,宁德时代,300750,201.23,203.38,196.57,198.56,201.22,117653,4645723682.0,0.55,-1.32
2023-03-23,宁德时代,300750,201.01,203.19,199.03,201.22,201.68,100289,3981184717.0,0.46,-0.23
2023-03-22,宁德时代,300750,201.42,206.93,200.47,201.68,198.67,176872,7125770900.0,0.82,1.52
2023-03-21,宁德时代,300750,192.23,198.89,190.29,198.67,190.98,172924,6720740862.0,0.8,4.03
2023-03-20,宁德时代,300750,187.98,193.57,184.35,190.98,188.78,158370,6002000932.0,0.73,1.17
2023-03-17,宁德时代,300750,196.01,196.56,188.51,188.78,193.85,201447,7641555518.0,0.93,-2.62
2023-03-16,宁德时代,300750,193.23,196.52,192.96,193.85,195.46,101132,3897781767.0,0.47,-0.82
2023-03-15,宁德时代,300750,198.23,199.76,193.02,195.46,195.03,129683,5046344791.0,0.6,0.22
2023-03-14,宁德时代,300750,197.06,197.12,189.9,195.03,197.68,184847,7095007800.0,0.86,-1.34
2023-03-13,宁德时代,300750,203.81,205.82,196.57,197.68,205.34,188332,7424578060.0,0.87,-3.73
2023-03-10,宁德时代,300750,203.06,207.64,199.85,205.34,200.46,191426,7722447890.0,0.89,2.43
2023-03-09,宁德时代,300750,200.01,202.83,195.59,200.46,200.86,81367,3228769655.0,0.39,-0.2
2023-03-08,宁德时代,300750,202.13,203.75,199.41,200.86,203.35,81294,3231604462.0,0.39,-1.22
2023-03-07,宁德时代,300750,204.35,207.12,203.14,203.35,206.8,99184,4014218858.0,0.47,-1.67
2023-03-06,宁德时代,300750,203.33,207.05,197.68,206.8,203.41,166267,6674565924.0,0.79,1.67
2023-03-03,宁德时代,300750,203.4,205.3,202.12,203.41,202.57,82031,3300669920.0,0.39,0.41
2023-03-02,宁德时代,300750,207.4,208.23,200.01,202.57,208.67,161453,6483446930.0,0.77,-2.92
2023-03-01,宁德时代,300750,203.85,210.0,203.81,208.67,204.29,126020,5166296897.0,0.6,2.14
2023-02-28,宁德时代,300750,204.34,206.73,202.96,204.29,202.73,93231,3769996772.0,0.45,0.77
2023-02-27,宁德时代,300750,203.64,205.17,202.18,202.73,205.12,92206,3705001333.0,0.44,-1.17
2023-02-24,宁德时代,300750,208.23,208.68,204.36,205.12,209.47,99894,4060495069.0,0.48,-2.08
2023-02-23,宁德时代,300750,207.68,210.53,206.23,209.47,207.38,95373,3922375682.0,0.46,1.01
2023-02-22,宁德时代,300750,207.12,209.96,205.83,207.38,210.46,123639,5069312343.0,0.59,-1.46
2023-02-21,宁德时代,300750,211.83,214.62,208.79,210.46,213.5,131846,5490561030.0,0.63,-1.42
2023-02-20,宁德时代,300750,211.01,214.28,205.64,213.5,213.34,168299,6992852566.0,0.8,0.07
2023-02-17,宁德时代,300750,225.46,225.46,213.23,213.34,226.12,214696,9171648847.0,1.03,-5.65
2023-02-16,宁德时代,300750,231.01,232.4,223.23,226.12,229.12,100911,4514542232.0,0.48,-1.31
2023-02-15,宁德时代,300750,231.62,233.79,228.79,229.12,230.48,77734,3508461573.0,0.37,-0.59
2023-02-14,宁德时代,300750,240.46,240.62,227.56,230.48,235.46,128122,5816558282.0,0.61,-2.12
2023-02-13,宁德时代,300750,230.45,236.33,228.24,235.46,227.65,134185,6143224997.0,0.64,3.43
2023-02-10,宁德时代,300750,231.57,233.06,227.13,227.65,231.56,83978,3773477538.0,0.4,-1.69
2023-02-09,宁德时代,300750,228.35,233.23,225.18,231.56,228.35,80314,3627030215.0,0.38,1.41
2023-02-08,宁德时代,300750,229.68,231.82,227.12,228.35,228.85,73299,3293742443.0,0.35,-0.22
2023-02-07,宁德时代,300750,230.17,232.01,226.93,228.85,230.23,72112,3231274189.0,0.34,-0.6
2023-02-06,宁德时代,300750,231.01,231.86,224.95,230.23,233.35,107529,4811799061.0,0.51,-1.34
2023-02-03,宁德时代,300750,237.68,238.9,230.67,233.35,238.85,120200,5495174744.0,0.57,-2.3
2023-02-02,宁德时代,300750,245.94,246.4,238.17,238.85,244.79,134557,6339908128.0,0.64,-2.43
2023-02-01,宁德时代,300750,241.56,246.21,241.28,244.79,238.35,115022,5464594493.0,0.55,2.7
2023-01-31,宁德时代,300750,240.95,245.18,236.81,238.35,241.37,139540,6565989151.0,0.67,-1.25
2023-01-30,宁德时代,300750,246.22,252.43,239.61,241.37,231.01,211743,10102385367.0,1.01,4.48
2023-01-20,宁德时代,300750,228.11,231.12,226.71,231.01,228.11,107657,4841543970.0,0.51,1.27
2023-01-19,宁德时代,300750,227.31,230.73,225.56,228.11,229.07,73100,3254123919.0,0.35,-0.42
2023-01-18,宁德时代,300750,229.07,230.39,226.07,229.07,227.46,73443,3292955688.0,0.35,0.71
2023-01-17,宁德时代,300750,228.2,230.94,226.35,227.46,228.03,98958,4416180657.0,0.47,-0.25
2023-01-16,宁德时代,300750,223.51,229.62,221.63,228.03,224.07,168091,7451169294.0,0.8,1.77
2023-01-13,宁德时代,300750,226.57,231.3,218.79,224.07,220.73,207575,9140635813.0,0.99,1.51
2023-01-12,宁德时代,300750,219.9,223.67,218.61,220.73,217.6,111368,4837460192.0,0.53,1.44
2023-01-11,宁德时代,300750,219.07,222.12,215.46,217.6,219.9,122418,5252326720.0,0.59,-1.05
2023-01-10,宁德时代,300750,211.93,221.57,209.51,219.9,211.35,182607,7781973489.0,0.87,4.05
2023-01-09,宁德时代,300750,214.83,214.83,209.9,211.35,211.38,128403,5373244035.0,0.61,-0.01
2023-01-06,宁德时代,300750,205.46,216.0,204.38,211.38,206.3,183925,7641585134.0,0.88,2.46
2023-01-05,宁德时代,300750,195.46,207.77,193.8,206.3,193.24,260433,10371713857.0,1.24,6.76
2023-01-04,宁德时代,300750,194.62,194.9,192.15,193.24,196.37,196023,7527791631.0,0.94,-1.59
2023-01-03,宁德时代,300750,197.68,198.0,191.97,196.37,198.47,104820,4056787273.0,0.53,-1.06
2022-12-30,宁德时代,300750,201.29,203.23,198.23,198.47,198.77,74052,2943110661.0,0.37,-0.15
2022-12-29,宁德时代,300750,197.12,200.9,196.79,198.77,198.79,98975,3909060455.0,0.5,-0.01
2022-12-28,宁德时代,300750,201.05,201.18,191.17,198.79,204.11,185293,7206541527.0,0.93,-2.61
2022-12-27,宁德时代,300750,203.36,205.45,200.27,204.11,204.3,81397,3268646818.0,0.41,-0.09
2022-12-26,宁德时代,300750,201.28,206.15,197.18,204.3,201.28,115123,4606937089.0,0.58,1.5
2022-12-23,宁德时代,300750,200.4,203.7,198.85,201.28,203.23,73858,2939594065.0,0.37,-0.96
2022-12-22,宁德时代,300750,208.23,208.23,202.12,203.23,205.91,73905,2976952976.0,0.37,-1.3
2022-12-21,宁德时代,300750,207.68,209.05,204.63,205.91,207.41,54031,2201256399.0,0.27,-0.72
2022-12-20,宁德时代,300750,213.23,213.57,207.12,207.41,213.46,81208,3362795549.0,0.41,-2.83
2022-12-19,宁德时代,300750,212.68,218.85,212.16,213.46,212.13,101059,4284899628.0,0.51,0.63
2022-12-16,宁德时代,300750,212.41,214.79,209.83,212.13,215.35,89422,3733194675.0,0.45,-1.5
2022-12-15,宁德时代,300750,203.3,215.55,202.68,215.35,203.4,172988,7174962345.0,0.87,5.88
2022-12-14,宁德时代,300750,207.68,208.76,201.72,203.4,205.13,91973,3697346495.0,0.46,-0.84
2022-12-13,宁德时代,300750,210.46,210.96,203.26,205.13,210.1,112707,4592141157.0,0.57,-2.37
2022-12-12,宁德时代,300750,213.85,215.2,209.98,210.1,215.79,87900,3671244196.0,0.44,-2.64
2022-12-09,宁德时代,300750,214.11,216.4,213.51,215.79,213.5,93539,3960316858.0,0.47,1.07
2022-12-08,宁德时代,300750,212.3,216.01,209.91,213.5,212.3,104337,4388660430.0,0.53,0.57
2022-12-07,宁德时代,300750,202.12,214.17,201.57,212.3,202.13,244108,10135126000.0,1.23,5.03
2022-12-06,宁德时代,300750,196.08,204.37,196.01,202.13,197.85,136612,5426417622.0,0.69,2.16
2022-12-05,宁德时代,300750,197.61,200.38,195.46,197.85,197.61,120985,4739442183.0,0.61,0.12
2022-12-02,宁德时代,300750,200.46,201.73,197.57,197.61,199.48,82926,3280784282.0,0.42,-0.94
2022-12-01,宁德时代,300750,200.54,203.32,199.3,199.48,193.79,209375,8341109690.0,1.06,2.94
2022-11-30,宁德时代,300750,190.46,193.79,186.66,193.79,189.85,140420,5331830945.0,0.71,2.08
2022-11-29,宁德时代,300750,186.57,191.79,184.07,189.85,185.63,117172,4394005281.0,0.59,2.27
2022-11-28,宁德时代,300750,182.68,186.74,179.91,185.63,186.68,111141,4052491291.0,0.56,-0.56
2022-11-25,宁德时代,300750,187.16,188.23,186.01,186.68,189.13,61389,2286870202.0,0.31,-1.3
2022-11-24,宁德时代,300750,192.75,192.8,188.24,189.13,190.75,85465,3229088100.0,0.43,-0.85
2022-11-23,宁德时代,300750,188.23,192.62,187.4,190.75,188.23,88294,3343581161.0,0.45,1.34
2022-11-22,宁德时代,300750,191.01,192.61,187.12,188.23,192.35,98362,3701483129.0,0.5,-2.14
2022-11-21,宁德时代,300750,188.3,194.26,187.85,192.35,191.45,80387,3060476255.0,0.41,0.47
2022-11-18,宁德时代,300750,189.9,194.9,186.01,191.45,188.3,164073,6269734685.0,0.83,1.67
2022-11-17,宁德时代,300750,191.91,192.12,185.46,188.3,193.27,142172,5314975792.0,0.72,-2.57
2022-11-16,宁德时代,300750,198.24,198.89,192.83,193.27,200.0,136037,5261351647.0,0.69,-3.37
2022-11-15,宁德时代,300750,195.55,200.72,189.9,200.0,195.0,172740,6711717380.0,0.87,2.56
2022-11-14,宁德时代,300750,204.4,206.57,194.1,195.0,203.5,184817,7242184171.0,0.93,-4.18
2022-11-11,宁德时代,300750,202.68,205.28,198.91,203.5,193.96,194820,7814365728.0,0.98,4.92
2022-11-10,宁德时代,300750,198.23,198.79,193.23,193.96,200.49,129242,4995761138.0,0.65,-3.26
2022-11-09,宁德时代,300750,205.46,206.33,199.35,200.49,207.57,109411,4370881066.0,0.55,-3.41
2022-11-08,宁德时代,300750,207.96,214.79,204.07,207.57,207.96,120809,4982583901.0,0.61,-0.19
2022-11-07,宁德时代,300750,206.57,210.2,204.9,207.96,204.57,147781,6063354150.0,0.75,1.66
2022-11-04,宁德时代,300750,194.23,206.74,193.23,204.57,193.3,209711,8386135000.0,1.06,5.83
2022-11-03,宁德时代,300750,196.57,198.79,191.58,193.3,197.4,147175,5672637394.0,0.74,-2.08
2022-11-02,宁德时代,300750,193.79,200.12,191.02,197.4,194.46,142670,5554821785.0,0.72,1.51
2022-11-01,宁德时代,300750,189.07,195.95,184.41,194.46,187.06,199165,7598072350.0,1.01,3.96
2022-10-31,宁德时代,300750,179.9,191.13,178.0,187.06,182.96,165546,6168694636.0,0.84,2.24
2022-10-28,宁德时代,300750,193.96,195.18,182.68,182.96,196.73,240712,8960919232.0,1.22,-7.0
2022-10-27,宁德时代,300750,201.01,203.27,196.57,196.73,202.71,152817,6026009209.0,0.77,-2.95
2022-10-26,宁德时代,300750,204.9,206.88,201.06,202.71,203.07,140724,5666134368.0,0.71,-0.18
2022-10-25,宁德时代,300750,203.79,206.61,197.67,203.07,204.36,140391,5599142147.0,0.71,-0.63
2022-10-24,宁德时代,300750,205.8,209.9,201.57,204.36,209.35,145327,5885833135.0,0.73,-2.38
2022-10-21,宁德时代,300750,206.57,211.55,206.12,209.35,210.46,82599,3412503680.0,0.42,-0.53
2022-10-20,宁德时代,300750,213.39,215.27,204.35,210.46,219.53,171202,7066412982.0,0.86,-4.13
2022-10-19,宁德时代,300750,218.8,225.46,218.61,219.53,218.53,123330,5381599273.0,0.62,0.46
2022-10-18,宁德时代,300750,220.47,223.72,217.92,218.53,218.43,91019,3937490986.0,0.46,0.05
2022-10-17,宁德时代,300750,220.46,220.46,213.65,218.43,222.63,105373,4492096854.0,0.53,-1.89
2022-10-14,宁德时代,300750,223.23,225.65,218.0,222.63,219.9,135653,5900627937.0,0.68,1.24
2022-10-13,宁德时代,300750,221.01,223.39,218.24,219.9,223.14,104434,4521426256.0,0.53,-1.45
2022-10-12,宁德时代,300750,211.01,223.39,209.62,223.14,211.18,185147,7894831669.0,0.93,5.66
2022-10-11,宁德时代,300750,204.35,211.18,203.73,211.18,198.16,184441,7582938837.0,0.93,6.57
2022-10-10,宁德时代,300750,203.23,204.62,197.25,198.16,202.62,114654,4534844088.0,0.58,-2.2
2022-09-30,宁德时代,300750,212.83,213.35,202.4,202.62,212.68,118140,4808089720.0,0.6,-4.73
2022-09-29,宁德时代,300750,215.58,216.29,210.5,212.68,211.45,88948,3723447020.0,0.45,0.58
2022-09-28,宁德时代,300750,217.12,218.14,209.23,211.45,218.15,106974,4464647185.0,0.54,-3.07
2022-09-27,宁德时代,300750,220.59,221.39,214.54,218.15,217.68,115619,4948766642.0,0.58,0.22
2022-09-26,宁德时代,300750,209.01,221.21,209.01,217.68,211.39,188352,8081168715.0,0.95,2.98
2022-09-23,宁德时代,300750,210.63,215.54,207.34,211.39,210.09,120185,5009444372.0,0.61,0.62
2022-09-22,宁德时代,300750,210.26,212.87,205.09,210.09,213.04,96421,3992662500.0,0.49,-1.38
2022-09-21,宁德时代,300750,211.21,214.79,209.19,213.04,213.43,88099,3695152639.0,0.45,-0.18
2022-09-20,宁德时代,300750,211.76,218.43,210.09,213.43,209.36,165690,7024157606.0,0.84,1.94
2022-09-19,宁德时代,300750,207.11,213.76,206.78,209.36,207.32,139644,5802232517.0,0.71,0.98
2022-09-16,宁德时代,300750,209.71,211.93,206.76,207.32,209.73,149632,6192462419.0,0.76,-1.15
2022-09-15,宁德时代,300750,220.82,221.21,207.98,209.73,220.82,253836,10651219569.0,1.28,-5.02
2022-09-14,宁德时代,300750,229.54,231.21,217.47,220.82,233.38,258938,11348915618.0,1.31,-5.38
2022-09-13,宁德时代,300750,234.54,235.21,227.79,233.38,230.77,102029,4632953568.0,0.52,1.13
2022-09-09,宁德时代,300750,230.98,232.0,227.59,230.77,229.26,122468,5523516959.0,0.62,0.66
2022-09-08,宁德时代,300750,239.73,241.21,228.71,229.26,242.83,215526,9838886096.0,1.09,-5.59
2022-09-07,宁德时代,300750,230.37,244.26,229.54,242.83,232.43,216777,10095265237.0,1.1,4.47
2022-09-06,宁德时代,300750,239.54,239.74,226.14,232.43,239.74,275246,12407748956.0,1.39,-3.05
2022-09-05,宁德时代,300750,236.21,241.76,234.54,239.74,238.57,91100,4237267562.0,0.46,0.49
2022-09-02,宁德时代,300750,243.36,243.98,236.08,238.57,239.28,115609,5408298592.0,0.59,-0.3
2022-09-01,宁德时代,300750,246.21,248.98,238.79,239.28,247.87,154766,7331268725.0,0.78,-3.47
2022-08-31,宁德时代,300750,247.14,251.65,243.16,247.87,252.59,174502,8386004449.0,0.88,-1.87
2022-08-30,宁德时代,300750,258.43,258.43,249.43,252.59,258.43,156161,7672805176.0,0.79,-2.26
2022-08-29,宁德时代,300750,258.98,261.08,255.27,258.43,261.08,112610,5635359010.0,0.57,-1.02
2022-08-26,宁德时代,300750,264.54,267.86,258.98,261.08,265.09,122170,6216728234.0,0.62,-1.51
2022-08-25,宁德时代,300750,271.21,272.06,260.14,265.09,270.65,180175,9216432421.0,0.91,-2.05
2022-08-24,宁德时代,300750,297.89,298.98,269.54,270.65,288.92,300684,16294721095.0,1.52,-6.32
2022-08-23,宁德时代,300750,285.08,293.24,282.57,288.92,285.94,131562,7304906011.0,0.67,1.04
2022-08-22,宁德时代,300750,276.21,288.24,272.43,285.94,275.09,143054,7811232130.0,0.72,3.94
2022-08-19,宁德时代,300750,284.54,284.92,273.99,275.09,282.21,107696,5767786048.0,0.55,-2.52
2022-08-18,宁德时代,300750,283.43,290.65,280.9,282.21,283.43,142800,7867922329.0,0.72,-0.43
2022-08-17,宁德时代,300750,272.58,285.08,270.64,283.43,270.54,183507,9888546881.0,0.9,4.76
2022-08-16,宁德时代,300750,268.37,278.43,267.42,270.54,266.26,160974,8515873353.0,0.79,1.61
2022-08-15,宁德时代,300750,260.03,270.09,258.92,266.26,258.43,137575,7097079971.0,0.67,3.03
2022-08-12,宁德时代,300750,262.98,263.98,256.16,258.43,262.87,73838,3710909399.0,0.36,-1.69
2022-08-11,宁德时代,300750,259.62,264.55,253.98,262.87,259.53,98007,4937131682.0,0.48,1.29
2022-08-10,宁德时代,300750,262.93,264.43,257.32,259.53,263.74,80491,4052412586.0,0.39,-1.6
2022-08-09,宁德时代,300750,257.87,267.65,255.93,263.74,258.15,113079,5783358776.0,0.55,2.17
2022-08-08,宁德时代,300750,255.09,260.75,251.21,258.15,260.46,89647,4476021798.0,0.44,-0.89
2022-08-05,宁德时代,300750,257.32,265.04,254.54,260.46,257.82,121831,6150342343.0,0.6,1.02
2022-08-04,宁德时代,300750,261.21,262.37,254.59,257.82,259.54,113651,5688825506.0,0.56,-0.66
2022-08-03,宁德时代,300750,270.65,276.14,256.65,259.54,270.58,170256,8730930401.0,0.84,-4.08
2022-08-02,宁德时代,300750,269.69,275.34,268.12,270.58,276.72,121430,6378119035.0,0.6,-2.22
2022-08-01,宁德时代,300750,261.69,277.21,259.87,276.72,262.09,162992,8555439339.0,0.8,5.58
2022-07-29,宁德时代,300750,270.62,270.65,259.04,262.09,265.98,119125,6111548922.0,0.58,-1.46
2022-07-28,宁德时代,300750,267.59,272.15,264.55,265.98,265.76,92675,4813731200.0,0.45,0.08
2022-07-27,宁德时代,300750,269.26,269.59,263.54,265.76,269.54,93355,4814402385.0,0.46,-1.4
2022-07-26,宁德时代,300750,269.42,272.87,265.79,269.54,269.4,79693,4162433402.0,0.39,0.05
2022-07-25,宁德时代,300750,275.09,276.18,267.87,269.4,275.09,86489,4524233836.0,0.42,-2.07
2022-07-22,宁德时代,300750,278.27,281.76,271.78,275.09,268.98,142817,7665508992.0,0.7,2.27
2022-07-21,宁德时代,300750,270.09,278.46,267.44,268.98,271.76,88071,4636560562.0,0.43,-1.02
2022-07-20,宁德时代,300750,273.97,276.84,270.02,271.76,270.99,78359,4141353786.0,0.38,0.28
2022-07-19,宁德时代,300750,285.41,285.41,270.65,270.99,286.02,163087,8687404438.0,0.8,-5.25
2022-07-18,宁德时代,300750,280.65,286.23,274.18,286.02,275.65,143711,7799775032.0,0.7,3.76
2022-07-15,宁德时代,300750,284.82,292.57,275.65,275.65,288.43,158628,8689665142.0,0.78,-4.43
2022-07-14,宁德时代,300750,277.04,291.76,274.12,288.43,278.98,199556,10980995202.0,0.98,3.39
2022-07-13,宁德时代,300750,261.93,281.33,258.3,278.98,259.37,245645,12933672939.0,1.2,7.56
2022-07-12,宁德时代,300750,267.87,271.37,257.11,259.37,267.59,151302,7699493189.0,0.74,-3.07
2022-07-11,宁德时代,300750,276.34,277.04,266.37,267.59,280.09,138070,7190790400.0,0.68,-4.46
2022-07-08,宁德时代,300750,287.87,293.41,276.89,280.09,285.09,165770,9078792448.0,0.81,-1.75
2022-07-07,宁德时代,300750,275.01,287.62,274.54,285.09,269.54,246014,13437831936.0,1.21,5.77
2022-07-06,宁德时代,300750,272.38,275.92,265.42,269.54,270.58,130814,6860550144.0,0.64,-0.38
2022-07-05,宁德时代,300750,270.93,277.41,264.36,270.58,269.54,154594,8098493440.0,0.76,0.39
2022-07-04,宁德时代,300750,262.88,271.58,262.87,269.54,269.89,121932,6343210240.0,0.6,-0.13
2022-07-01,宁德时代,300750,275.64,277.32,267.15,269.89,276.21,122928,6449278208.0,0.6,-2.29
2022-06-30,宁德时代,300750,275.38,279.43,272.13,276.21,275.39,130761,6974435840.0,0.64,0.3
2022-06-29,宁德时代,300750,275.64,280.93,271.76,275.39,281.76,145830,7781239296.0,0.72,-2.26
2022-06-28,宁德时代,300750,282.32,284.74,271.26,281.76,284.54,186433,9996283392.0,0.91,-0.98
2022-06-27,宁德时代,300750,292.87,293.41,282.31,284.54,292.59,166240,9200423168.0,0.82,-2.75
2022-06-24,宁德时代,300750,283.98,292.59,273.87,292.59,277.86,193012,10593590016.0,0.95,5.3
2022-06-23,宁德时代,300750,265.65,277.86,263.92,277.86,261.21,177139,9275986944.0,0.87,6.37
2022-06-22,宁德时代,300750,265.09,269.68,261.15,261.21,261.68,146632,7542600960.0,0.72,-0.18
2022-06-21,宁德时代,300750,259.54,264.47,255.16,261.68,260.94,145666,7338298880.0,0.71,0.28
2022-06-20,宁德时代,300750,253.89,266.27,253.89,260.94,249.57,251143,12753850368.0,1.23,4.56
2022-06-17,宁德时代,300750,230.82,252.14,230.22,249.57,235.26,282939,13595198720.0,1.39,6.08
2022-06-16,宁德时代,300750,238.43,242.93,232.04,235.26,238.24,240202,11103375104.0,1.18,-1.25
2022-06-15,宁德时代,300750,230.65,245.09,227.38,238.24,224.99,378619,17488407040.0,1.86,5.89
2022-06-14,宁德时代,300750,222.99,225.43,217.71,224.99,225.67,174811,7624999680.0,0.86,-0.3
2022-06-13,宁德时代,300750,226.21,231.86,223.02,225.67,231.76,186216,8285211392.0,0.91,-2.63
2022-06-10,宁德时代,300750,217.3,232.76,217.3,231.76,219.18,247663,11049948160.0,1.21,5.74
2022-06-09,宁德时代,300750,226.77,228.43,218.71,219.18,235.09,202557,8867551488.0,0.99,-6.77
2022-06-08,宁德时代,300750,232.87,235.09,216.2,235.09,234.54,405414,17870045952.0,1.99,0.23
2022-06-07,宁德时代,300750,237.98,238.98,229.98,234.54,238.42,127595,5850493952.0,0.63,-1.63
2022-06-06,宁德时代,300750,222.32,240.1,222.32,238.42,222.21,190378,8745175296.0,0.93,7.29
2022-06-02,宁德时代,300750,214.42,226.08,213.43,222.21,215.67,174478,7640886784.0,0.86,3.03
2022-06-01,宁德时代,300750,207.37,218.98,205.09,215.67,206.21,191785,8078892544.0,0.94,4.59
2022-05-31,宁德时代,300750,201.71,208.42,198.15,206.21,202.76,177995,7205121024.0,0.87,1.7
2022-05-30,宁德时代,300750,203.03,205.76,201.09,202.76,198.65,125295,5046715392.0,0.61,2.07
2022-05-27,宁德时代,300750,199.54,206.84,197.39,198.65,196.21,187802,7541807360.0,0.92,1.24
2022-05-26,宁德时代,300750,200.92,202.78,195.58,196.21,201.19,140598,5535883520.0,0.69,-2.48
2022-05-25,宁德时代,300750,204.26,205.13,198.71,201.19,202.89,139349,5567079680.0,0.68,-0.84
2022-05-24,宁德时代,300750,209.35,209.36,202.78,202.89,211.04,150127,6109883648.0,0.74,-3.86
2022-05-23,宁德时代,300750,216.71,216.71,207.32,211.04,216.71,137918,5750871808.0,0.68,-2.62
2022-05-20,宁德时代,300750,217.32,219.54,211.48,216.71,212.32,158268,6751272960.0,0.78,2.07
2022-05-19,宁德时代,300750,209.79,213.93,206.57,212.32,212.32,126330,5249401600.0,0.62,0.0
2022-05-18,宁德时代,300750,215.34,216.21,209.78,212.32,214.29,107120,4495183616.0,0.53,-0.92
2022-05-17,宁德时代,300750,207.31,215.42,206.34,214.29,205.66,138899,5834497792.0,0.68,4.2
2022-05-16,宁德时代,300750,211.2,217.21,205.66,205.66,209.98,143878,5996721408.0,0.71,-2.06
2022-05-13,宁德时代,300750,205.65,212.01,202.04,209.98,203.71,148546,6105079552.0,0.73,3.08
2022-05-12,宁德时代,300750,204.21,206.87,200.58,203.71,207.18,134208,5425822464.0,0.66,-1.67
2022-05-11,宁德时代,300750,190.63,212.19,190.37,207.18,190.19,317540,12827256064.0,1.56,8.93
2022-05-10,宁德时代,300750,179.15,193.43,177.95,190.19,184.26,244378,9143581696.0,1.2,3.22
2022-05-09,宁德时代,300750,187.32,188.96,181.6,184.26,188.42,166680,6152776448.0,0.82,-2.21
2022-05-06,宁德时代,300750,180.65,194.39,180.55,188.42,188.43,240801,9064523008.0,1.18,-0.01
2022-05-05,宁德时代,300750,182.32,193.58,175.65,188.43,206.96,602772,22255526400.0,2.96,-8.95
2022-04-29,宁德时代,300750,198.43,207.31,187.88,206.96,194.82,336477,13205553664.0,1.65,6.23
2022-04-28,宁德时代,300750,201.75,203.15,191.76,194.82,205.68,259177,10137614848.0,1.27,-5.28
2022-04-27,宁德时代,300750,183.43,206.63,183.28,205.68,188.98,316124,12266669568.0,1.55,8.84
2022-04-26,宁德时代,300750,194.04,197.32,188.98,188.98,196.26,185105,7103865344.0,0.91,-3.71
2022-04-25,宁德时代,300750,200.54,205.15,196.21,196.26,210.28,213165,8439172096.0,1.05,-6.67
2022-04-22,宁德时代,300750,206.21,214.64,204.54,210.28,206.82,201367,8387810560.0,0.99,1.67
2022-04-21,宁德时代,300750,208.36,211.48,201.15,206.82,205.65,211166,8609961728.0,1.04,0.57
2022-04-20,宁德时代,300750,223.43,225.65,204.97,205.65,224.13,311996,12923538944.0,1.53,-8.25
2022-04-19,宁德时代,300750,229.79,234.86,223.12,224.13,230.09,143821,6429594368.0,0.71,-2.59
2022-04-18,宁德时代,300750,225.09,230.64,221.37,230.09,230.02,119576,5318801152.0,0.59,0.03
2022-04-15,宁德时代,300750,230.17,233.42,219.97,230.02,234.98,199891,8854163456.0,0.98,-2.11
2022-04-14,宁德时代,300750,243.43,243.98,231.76,234.98,238.43,137524,6360122880.0,0.67,-1.45
2022-04-13,宁德时代,300750,238.37,247.21,236.21,238.43,241.76,95231,4479994624.0,0.47,-1.38
2022-04-12,宁德时代,300750,235.52,242.19,235.37,241.76,234.54,124982,5825410048.0,0.61,3.08
2022-04-11,宁德时代,300750,243.58,245.09,230.71,234.54,254.54,207382,9541686016.0,1.02,-7.86
2022-04-08,宁德时代,300750,253.26,260.02,251.21,254.54,254.66,93571,4635752704.0,0.46,-0.05
2022-04-07,宁德时代,300750,257.62,260.09,250.12,254.66,261.86,119581,5909983744.0,0.59,-2.75
2022-04-06,宁德时代,300750,266.49,267.32,258.98,261.86,267.82,85428,4336158464.0,0.42,-2.23
2022-04-01,宁德时代,300750,261.76,270.93,260.17,267.82,264.15,95182,4923473152.0,0.47,1.39
2022-03-31,宁德时代,300750,265.73,267.32,259.07,264.15,267.87,96239,4899473664.0,0.47,-1.39
2022-03-30,宁德时代,300750,252.87,267.87,252.87,267.87,250.04,162170,8276504320.0,0.8,7.13
2022-03-29,宁德时代,300750,250.09,257.32,247.32,250.04,250.09,112359,5508775168.0,0.55,-0.02
2022-03-28,宁德时代,300750,262.25,262.25,245.14,250.09,258.47,149465,7277413376.0,0.73,-3.24
2022-03-25,宁德时代,300750,263.94,267.42,258.43,258.47,265.09,92836,4724122624.0,0.46,-2.5
2022-03-24,宁德时代,300750,262.84,267.14,256.42,265.09,265.81,84806,4303359232.0,0.42,-0.27
2022-03-23,宁德时代,300750,268.43,270.08,262.82,265.81,264.54,84110,4336729344.0,0.41,0.48
2022-03-22,宁德时代,300750,268.43,268.43,261.21,264.54,268.43,102283,5229898240.0,0.5,-1.45
2022-03-21,宁德时代,300750,268.43,276.32,267.09,268.43,263.15,136341,7164824320.0,0.67,2.01
2022-03-18,宁德时代,300750,267.87,270.91,259.54,263.15,270.93,163918,8401871616.0,0.8,-2.87
2022-03-17,宁德时代,300750,267.04,276.76,265.71,270.93,259.04,276301,14545565696.0,1.36,4.59
2022-03-16,宁德时代,300750,244.09,259.24,239.81,259.04,236.87,282237,13816433664.0,1.38,9.36
2022-03-15,宁德时代,300750,235.65,246.92,229.87,236.87,236.76,212687,9944131840.0,1.04,0.05
2022-03-14,宁德时代,300750,247.87,250.22,236.76,236.76,253.73,162910,7715325184.0,0.8,-6.69
2022-03-11,宁德时代,300750,246.67,254.54,242.93,253.73,252.21,171022,8275316992.0,0.84,0.6
2022-03-10,宁德时代,300750,251.76,260.4,249.16,252.21,242.58,239617,11860996864.0,1.18,3.97
2022-03-09,宁德时代,300750,232.87,242.87,228.43,242.58,232.57,234574,10851981824.0,1.15,4.3
2022-03-08,宁德时代,300750,237.31,238.68,225.66,232.57,232.26,227541,10355465472.0,1.12,0.13
2022-03-07,宁德时代,300750,243.43,248.98,231.77,232.26,252.76,245993,11425969408.0,1.21,-8.11
2022-03-04,宁德时代,300750,260.09,262.32,250.65,252.76,264.53,162834,8081812224.0,0.8,-4.45
2022-03-03,宁德时代,300750,266.87,267.76,261.19,264.53,265.01,86989,4456406528.0,0.43,-0.18
2022-03-02,宁德时代,300750,274.54,274.98,262.25,265.01,277.42,134129,6925800192.0,0.66,-4.47
2022-03-01,宁德时代,300750,279.09,284.03,273.98,277.42,275.85,97490,5244201472.0,0.48,0.57
2022-02-28,宁德时代,300750,270.65,277.59,270.65,275.85,273.32,99657,5284369408.0,0.49,0.93
2022-02-25,宁德时代,300750,268.98,276.76,268.92,273.32,261.59,169672,8978907392.0,0.83,4.48
2022-02-24,宁德时代,300750,261.76,269.31,257.87,261.59,267.87,161600,8252994816.0,0.79,-2.34
2022-02-23,宁德时代,300750,260.65,267.9,258.69,267.87,259.54,154332,7922652160.0,0.76,3.21
2022-02-22,宁德时代,300750,261.01,261.76,253.08,259.54,262.87,136329,6788745216.0,0.67,-1.27
2022-02-21,宁德时代,300750,272.04,272.04,260.36,262.87,272.59,156306,8011219968.0,0.77,-3.57
2022-02-18,宁德时代,300750,273.98,276.76,270.08,272.59,276.76,113848,5993089792.0,0.56,-1.51
2022-02-17,宁德时代,300750,273.97,281.48,271.53,276.76,274.43,107472,5758516480.0,0.53,0.85
2022-02-16,宁德时代,300750,272.87,280.89,270.64,274.43,272.32,127068,6783859200.0,0.62,0.77
2022-02-15,宁德时代,300750,267.87,274.17,263.43,272.32,261.76,151508,7915477248.0,0.74,4.03
2022-02-14,宁德时代,300750,249.54,264.48,249.02,261.76,251.76,196286,9914026752.0,0.96,3.97
2022-02-11,宁德时代,300750,260.65,264.86,251.21,251.76,267.37,239798,11994983936.0,1.18,-5.84
2022-02-10,宁德时代,300750,286.09,286.21,257.26,267.37,283.54,292336,14959750656.0,1.43,-5.7
2022-02-09,宁德时代,300750,278.98,285.59,272.32,283.54,280.02,114947,6212329216.0,0.56,1.26
2022-02-08,宁德时代,300750,301.45,301.45,269.44,280.02,301.45,206503,11166726656.0,1.01,-7.11
2022-02-07,宁德时代,300750,316.21,318.42,298.53,301.45,308.76,145289,8588397056.0,0.71,-2.37
2022-01-28,宁德时代,300750,309.87,315.09,296.45,308.76,298.98,243317,14395957504.0,1.19,3.27
2022-01-27,宁德时代,300750,304.54,310.09,296.21,298.98,305.93,129482,7546107136.0,0.64,-2.27
2022-01-26,宁德时代,300750,297.21,307.65,294.26,305.93,293.76,116037,6718821632.0,0.57,4.14
2022-01-25,宁德时代,300750,297.99,303.61,293.43,293.76,302.31,71992,4119696704.0,0.35,-2.83
2022-01-24,宁德时代,300750,292.87,308.57,290.1,302.31,295.92,115621,6686725120.0,0.57,2.16
2022-01-21,宁德时代,300750,292.32,301.54,286.21,295.92,295.72,99174,5620817920.0,0.49,0.07
2022-01-20,宁德时代,300750,293.98,300.65,292.51,295.72,296.2,80654,4600905728.0,0.4,-0.16
2022-01-19,宁德时代,300750,307.04,310.09,289.82,296.2,305.54,144874,8273655040.0,0.71,-3.06
2022-01-18,宁德时代,300750,316.68,317.19,305.09,305.54,316.68,107017,6345099008.0,0.52,-3.52
2022-01-17,宁德时代,300750,306.68,317.59,301.09,316.68,300.32,143528,8591412224.0,0.7,5.45
2022-01-14,宁德时代,300750,289.02,302.21,288.43,300.32,293.43,116128,6663124480.0,0.57,2.35
2022-01-13,宁德时代,300750,296.76,302.87,287.73,293.43,293.45,138997,7924626176.0,0.68,-0.01
2022-01-12,宁德时代,300750,285.65,296.18,285.59,293.45,277.71,191642,10752974080.0,0.94,5.67
2022-01-11,宁德时代,300750,280.16,285.04,277.54,277.71,278.65,84723,4582697728.0,0.42,-0.34
2022-01-10,宁德时代,300750,276.75,284.54,270.78,278.65,279.48,148629,7964179712.0,0.73,-0.3
2022-01-07,宁德时代,300750,285.09,288.43,272.87,279.48,280.36,131695,7135966720.0,0.65,-0.31
2022-01-06,宁德时代,300750,278.71,283.43,274.98,280.36,283.71,138826,7480050944.0,0.68,-1.18
2022-01-05,宁德时代,300750,294.21,294.47,279.54,283.71,295.58,166579,9167983360.0,0.82,-4.02
2022-01-04,宁德时代,300750,316.21,316.76,291.21,295.58,306.21,174568,9975828480.0,0.86,-3.47
2021-12-31,宁德时代,300750,311.93,316.2,302.87,306.21,307.32,93711,5540408832.0,0.46,-0.36
2021-12-30,宁德时代,300750,300.09,310.81,299.3,307.32,299.29,124209,7323088640.0,0.61,2.68
2021-12-29,宁德时代,300750,304.54,305.09,296.08,299.29,304.54,99640,5731323392.0,0.49,-1.72
2021-12-28,宁德时代,300750,300.65,305.81,296.16,304.54,300.98,96596,5589310208.0,0.47,1.18
2021-12-27,宁德时代,300750,298.54,306.2,298.15,300.98,299.98,101835,5915820032.0,0.5,0.33
2021-12-24,宁德时代,300750,326.21,326.9,292.32,299.98,325.13,246081,14321299456.0,1.21,-7.74
2021-12-23,宁德时代,300750,323.42,329.98,319.58,325.13,318.56,79718,4954755072.0,0.39,2.06
2021-12-22,宁德时代,300750,317.76,322.32,314.54,318.56,315.13,83618,5103433216.0,0.41,1.09
2021-12-21,宁德时代,300750,316.21,321.03,309.58,315.13,318.54,125658,7553655552.0,0.62,-1.07
2021-12-20,宁德时代,300750,340.09,340.09,317.14,318.54,341.31,155114,9648532992.0,0.76,-6.67
2021-12-17,宁德时代,300750,341.21,342.87,334.93,341.31,343.46,136491,8863377920.0,0.67,-0.63
2021-12-16,宁德时代,300750,344.71,344.71,339.03,343.46,340.09,61502,4018260864.0,0.3,0.99
2021-12-15,宁德时代,300750,340.33,346.76,338.96,340.09,341.21,70480,4606545152.0,0.35,-0.33
2021-12-14,宁德时代,300750,344.73,344.73,337.31,341.21,345.29,87811,5704000256.0,0.43,-1.18
2021-12-13,宁德时代,300750,335.04,346.57,329.58,345.29,335.07,160828,10409792256.0,0.79,3.05
2021-12-10,宁德时代,300750,325.22,342.52,324.64,335.07,331.65,213844,13738235904.0,1.05,1.03
2021-12-09,宁德时代,300750,334.54,335.09,325.59,331.65,334.54,134272,8443913216.0,0.66,-0.86
2021-12-08,宁德时代,300750,332.2,337.75,327.46,334.54,328.98,118866,7580712192.0,0.58,1.69
2021-12-07,宁德时代,300750,347.32,347.87,319.65,328.98,344.69,221391,13913426176.0,1.09,-4.56
2021-12-06,宁德时代,300750,355.15,357.43,343.98,344.69,361.21,112612,7509355264.0,0.55,-4.57
2021-12-03,宁德时代,300750,362.29,363.98,352.32,361.21,361.76,80782,5501798400.0,0.4,-0.15
2021-12-02,宁德时代,300750,352.86,362.43,351.21,361.76,352.87,91790,6268320512.0,0.45,2.52
2021-12-01,宁德时代,300750,357.32,360.09,348.49,352.87,357.32,69846,4696868352.0,0.34,-1.25
2021-11-30,宁德时代,300750,359.96,360.46,353.61,357.32,357.21,71881,4874671104.0,0.35,0.03
2021-11-29,宁德时代,300750,342.87,359.82,342.32,357.21,345.09,114653,7758115328.0,0.56,3.51
2021-11-26,宁德时代,300750,341.21,351.09,341.21,345.09,342.87,58502,3865245648.0,0.29,0.65
2021-11-25,宁德时代,300750,342.32,345.37,338.03,342.87,345.54,58220,3798078528.0,0.29,-0.77
2021-11-24,宁德时代,300750,351.86,354.98,340.84,345.54,352.87,85504,5653890048.0,0.42,-2.08
2021-11-23,宁德时代,300750,357.49,357.49,349.54,352.87,357.87,99312,6671378432.0,0.49,-1.4
2021-11-22,宁德时代,300750,337.87,357.87,336.27,357.87,334.54,153090,10215261696.0,0.75,6.97
2021-11-19,宁德时代,300750,330.09,334.54,324.01,334.54,327.32,84568,5343617280.0,0.41,2.21
2021-11-18,宁德时代,300750,327.25,333.24,320.42,327.32,327.25,75273,4697499904.0,0.37,0.02
2021-11-17,宁德时代,300750,325.65,329.78,322.63,327.25,321.19,75616,4721304832.0,0.37,1.89
2021-11-16,宁德时代,300750,323.98,326.83,316.76,321.19,323.98,84335,5202056704.0,0.41,-0.86
2021-11-15,宁德时代,300750,335.64,335.64,317.29,323.98,335.65,140076,8684428544.0,0.69,-3.48
2021-11-12,宁德时代,300750,344.54,347.24,331.72,335.65,343.9,114202,7312301568.0,0.56,-2.4
2021-11-11,宁德时代,300750,341.21,349.06,340.71,343.9,339.54,77014,5069135616.0,0.38,1.28
2021-11-10,宁德时代,300750,341.28,344.24,332.32,339.54,348.03,127398,8216658688.0,0.63,-2.44
2021-11-09,宁德时代,300750,350.51,350.65,342.39,348.03,346.65,66746,4413176576.0,0.33,0.4
2021-11-08,宁德时代,300750,333.43,348.97,330.09,346.65,331.81,122696,8026800896.0,0.6,4.47
2021-11-05,宁德时代,300750,334.54,340.53,331.76,331.81,338.9,85551,5465118720.0,0.42,-2.09
2021-11-04,宁德时代,300750,339.54,343.43,332.9,338.9,335.09,92010,5951843584.0,0.45,1.14
2021-11-03,宁德时代,300750,341.21,343.99,328.43,335.09,345.09,127606,8165156864.0,0.63,-2.9
2021-11-02,宁德时代,300750,343.43,349.41,339.54,345.09,340.65,131408,8630072576.0,0.65,1.3
2021-11-01,宁德时代,300750,335.65,356.76,330.17,340.65,334.66,221797,14502525184.0,1.09,1.79
2021-10-29,宁德时代,300750,321.37,338.14,312.28,334.66,316.87,202687,12687999744.0,1.0,5.61
2021-10-28,宁德时代,300750,326.76,332.32,314.5,316.87,321.23,172829,10650216960.0,0.85,-1.36
2021-10-27,宁德时代,300750,311.76,321.23,309.08,321.23,311.76,135486,8191755776.0,0.67,3.04
2021-10-26,宁德时代,300750,332.74,334.25,310.61,311.76,318.86,148277,9075608832.0,0.73,-2.23
2021-10-25,宁德时代,300750,319.54,326.85,314.72,318.86,313.65,140521,8636989696.0,0.69,1.66
2021-10-22,宁德时代,300750,316.19,316.19,307.5,313.65,310.65,110216,6612493312.0,0.54,0.97
2021-10-21,宁德时代,300750,307.32,312.32,301.76,310.65,307.04,101423,6008462080.0,0.5,1.18
2021-10-20,宁德时代,300750,310.09,320.31,305.65,307.04,307.65,124666,7444464896.0,0.61,-0.2
2021-10-19,宁德时代,300750,315.09,321.19,304.54,307.65,310.11,150890,8990013440.0,0.74,-0.79
2021-10-18,宁德时代,300750,302.32,310.23,296.21,310.11,295.65,186702,10933506304.0,0.92,4.89
2021-10-15,宁德时代,300750,275.09,301.13,272.93,295.65,275.26,229513,12822713856.0,1.13,7.41
2021-10-14,宁德时代,300750,271.21,276.69,271.21,275.26,269.68,78416,4161069008.0,0.38,2.07
2021-10-13,宁德时代,300750,260.09,269.82,259.54,269.68,260.09,76522,3950317424.0,0.38,3.69
2021-10-12,宁德时代,300750,269.31,269.88,256.69,260.09,268.98,95907,4879529728.0,0.47,-3.31
2021-10-11,宁德时代,300750,276.76,278.21,267.35,268.98,276.21,78309,4112416016.0,0.38,-2.62
2021-10-08,宁德时代,300750,276.21,285.13,270.04,276.21,271.61,125169,6710477568.0,0.61,1.69
2021-09-30,宁德时代,300750,260.09,275.37,258.43,271.61,258.71,167142,8696962304.0,0.82,4.99
2021-09-29,宁德时代,300750,255.09,263.87,253.98,258.71,257.56,93955,4739177472.0,0.46,0.45
2021-09-28,宁德时代,300750,263.98,267.29,256.32,257.56,264.82,92225,4682091264.0,0.45,-2.74
2021-09-27,宁德时代,300750,260.09,268.32,257.2,264.82,257.31,144963,7441411072.0,0.71,2.92
2021-09-24,宁德时代,300750,254.47,264.27,252.04,257.31,253.42,102625,5155614208.0,0.5,1.54
2021-09-23,宁德时代,300750,260.02,260.02,252.76,253.42,253.6,79714,3955499104.0,0.39,-0.07
2021-09-22,宁德时代,300750,254.32,257.87,250.71,253.6,258.98,64239,3170987216.0,0.32,-2.08
2021-09-17,宁德时代,300750,255.65,262.32,252.94,258.98,256.21,81938,4095076768.0,0.4,1.08
2021-09-16,宁德时代,300750,270.09,270.09,256.21,256.21,271.4,112604,5712849920.0,0.55,-5.6
2021-09-15,宁德时代,300750,273.98,275.09,263.88,271.4,273.93,105015,5470153216.0,0.52,-0.92
2021-09-14,宁德时代,300750,261.27,280.09,258.94,273.93,258.87,233837,12347086848.0,1.15,5.82
2021-09-13,宁德时代,300750,258.48,264.04,255.09,258.87,258.48,89690,4498932736.0,0.44,0.15
2021-09-10,宁德时代,300750,253.67,259.42,252.14,258.48,261.32,112969,5625272576.0,0.56,-1.09
2021-09-09,宁德时代,300750,262.59,267.86,252.21,261.32,258.98,110162,5541869312.0,0.54,0.9
2021-09-08,宁德时代,300750,267.87,270.42,257.32,258.98,265.1,97394,4960557824.0,0.48,-2.31
2021-09-07,宁德时代,300750,265.65,272.13,262.87,265.1,266.26,94222,4866454272.0,0.46,-0.44
2021-09-06,宁德时代,300750,253.43,267.32,247.87,266.26,249.82,147920,7471544064.0,0.73,6.58
2021-09-03,宁德时代,300750,256.21,259.47,246.69,249.82,253.71,112820,5523301120.0,0.56,-1.53
2021-09-02,宁德时代,300750,252.87,255.16,249.42,253.71,251.04,114649,5637614592.0,0.56,1.06
2021-09-01,宁德时代,300750,252.87,253.98,241.48,251.04,254.47,144627,7006043904.0,0.71,-1.35
2021-08-31,宁德时代,300750,263.95,263.95,249.46,254.47,260.23,147621,7288932608.0,0.73,-2.21
2021-08-30,宁德时代,300750,261.46,271.65,256.68,260.23,261.48,157143,8036791808.0,0.77,-0.48
2021-08-27,宁德时代,300750,268.43,270.65,258.43,261.48,268.98,119582,6098898944.0,0.59,-2.79
2021-08-26,宁德时代,300750,279.53,290.06,268.92,268.98,274.12,167983,8951110656.0,0.83,-1.88
2021-08-25,宁德时代,300750,270.65,275.21,263.54,274.12,270.09,95303,4963866880.0,0.47,1.49
2021-08-24,宁德时代,300750,266.43,279.59,265.72,270.09,269.48,133137,7011227136.0,0.66,0.23
2021-08-23,宁德时代,300750,260.09,270.22,258.43,269.48,254.04,162244,8359922944.0,0.8,6.08
2021-08-20,宁德时代,300750,256.76,256.87,247.59,254.04,258.98,125276,6160678656.0,0.62,-1.91
2021-08-19,宁德时代,300750,258.43,262.72,248.43,258.98,254.54,144535,7215254016.0,0.71,1.74
2021-08-18,宁德时代,300750,249.84,258.93,244.77,254.54,246.21,159575,7861906176.0,0.79,3.38
2021-08-17,宁德时代,300750,248.98,254.43,244.67,246.21,244.54,156106,7586087168.0,0.77,0.68
2021-08-16,宁德时代,300750,253.98,259.48,240.58,244.54,258.46,220440,10620462848.0,1.09,-5.39
2021-08-13,宁德时代,300750,246.21,273.93,246.21,258.46,258.43,277258,14085448960.0,1.37,0.01
2021-08-12,宁德时代,300750,263.99,264.53,253.98,258.43,266.9,171162,8599262208.0,0.84,-3.17
2021-08-11,宁德时代,300750,262.87,270.09,260.03,266.9,263.15,112364,5790098688.0,0.55,1.43
2021-08-10,宁德时代,300750,263.43,267.98,256.76,263.15,266.21,180169,9152881664.0,0.89,-1.15
2021-08-09,宁德时代,300750,275.09,275.37,258.98,266.21,281.69,185831,9534234368.0,0.92,-5.5
2021-08-06,宁德时代,300750,293.31,294.54,278.98,281.69,288.98,143712,7918384384.0,0.71,-2.52
2021-08-05,宁德时代,300750,293.98,293.98,283.17,288.98,295.65,129792,7197921024.0,0.64,-2.26
2021-08-04,宁德时代,300750,276.21,296.76,271.21,295.65,274.54,174004,9647162112.0,0.86,7.69
2021-08-03,宁德时代,300750,287.87,288.43,270.09,274.54,286.21,122383,6535093760.0,0.6,-4.08
2021-08-02,宁德时代,300750,288.98,298.98,275.58,286.21,285.32,182973,10131832064.0,0.9,0.31
2021-07-30,宁德时代,300750,293.43,302.98,279.54,285.32,288.87,201810,11332846336.0,0.99,-1.23
2021-07-29,宁德时代,300750,282.87,289.39,273.43,288.87,271.23,186202,10167714560.0,0.92,6.5
2021-07-28,宁德时代,300750,255.09,275.82,255.09,271.23,254.54,217247,11221667840.0,1.07,6.56
2021-07-27,宁德时代,300750,281.22,290.2,254.54,254.54,279.42,178460,9419312640.0,0.88,-8.9
2021-07-26,宁德时代,300750,281.76,286.72,269.82,279.42,283.43,127290,6852321792.0,0.63,-1.41
2021-07-23,宁德时代,300750,287.87,292.87,282.87,283.43,289.03,93329,5157401600.0,0.46,-1.94
2021-07-22,宁德时代,300750,288.76,292.7,282.7,289.03,288.31,108836,6027459328.0,0.54,0.25
2021-07-21,宁德时代,300750,273.99,288.47,271.77,288.31,272.89,182049,9878628608.0,0.9,5.65
2021-07-20,宁德时代,300750,265.65,279.13,265.65,272.89,270.37,130005,6869197568.0,0.64,0.93
2021-07-19,宁德时代,300750,279.54,280.47,266.21,270.37,274.54,180129,9474773760.0,0.89,-1.52
2021-07-16,宁德时代,300750,294.54,294.54,272.94,274.54,295.09,178495,9719489280.0,0.88,-6.96
2021-07-15,宁德时代,300750,282.32,295.58,280.12,295.09,285.86,137333,7628510720.0,0.68,3.23
2021-07-14,宁德时代,300750,287.87,291.69,280.09,285.86,292.32,125879,6965504512.0,0.62,-2.21
2021-07-13,宁德时代,300750,290.65,301.54,286.21,292.32,293.87,136371,7678988288.0,0.67,-0.53
2021-07-12,宁德时代,300750,288.49,300.09,288.49,293.87,282.81,154763,8772503808.0,0.76,3.91
2021-07-09,宁德时代,300750,290.09,290.09,276.51,282.81,290.18,156607,8521226752.0,0.77,-2.54
2021-07-08,宁德时代,300750,285.64,297.04,281.01,290.18,280.93,158790,8888329984.0,0.78,3.29
2021-07-07,宁德时代,300750,268.43,280.93,261.28,280.93,265.78,181457,9654261504.0,0.89,5.7
2021-07-06,宁德时代,300750,268.43,280.08,258.38,265.78,268.02,180555,9395935232.0,0.89,-0.84
2021-07-05,宁德时代,300750,265.65,273.25,261.8,268.02,268.07,143515,7406241792.0,0.71,-0.02
2021-07-02,宁德时代,300750,270.59,276.72,262.55,268.07,273.57,138717,7242849792.0,0.68,-2.01
2021-07-01,宁德时代,300750,277.63,279.41,267.19,273.57,276.52,113247,5996925952.0,0.56,-1.07
2021-06-30,宁德时代,300750,262.19,280.52,256.07,276.52,261.91,144557,7574604544.0,0.71,5.58
2021-06-29,宁德时代,300750,264.77,268.07,259.53,261.91,253.79,153402,7834685952.0,0.76,3.2
2021-06-28,宁德时代,300750,243.97,258.84,239.58,253.79,243.98,146439,7224070400.0,0.72,4.02
2021-06-25,宁德时代,300750,242.18,244.41,234.41,243.98,239.02,99555,4686222336.0,0.49,2.08
2021-06-24,宁德时代,300750,242.26,243.23,236.08,239.02,239.66,92132,4302189056.0,0.45,-0.27
2021-06-23,宁德时代,300750,231.67,241.63,230.24,239.66,229.53,124457,5774145536.0,0.61,4.41
2021-06-22,宁德时代,300750,229.51,231.62,223.97,229.53,230.96,88470,3966367408.0,0.44,-0.62
2021-06-21,宁德时代,300750,230.41,232.68,223.97,230.96,229.41,120823,5452180736.0,0.6,0.68
2021-06-18,宁德时代,300750,222.29,232.29,222.29,229.41,220.8,156000,7001105152.0,0.68,3.9
2021-06-17,宁德时代,300750,215.1,222.59,215.1,220.8,212.84,102724,4433456896.0,0.44,3.74
2021-06-16,宁德时代,300750,224.36,225.96,211.08,212.84,226.63,139694,5989483520.0,0.6,-6.08
2021-06-15,宁德时代,300750,231.07,232.68,221.35,226.63,230.51,102522,4562143488.0,0.44,-1.68
2021-06-11,宁德时代,300750,225.52,233.76,218.33,230.51,220.87,197961,8816469248.0,0.86,4.36
2021-06-10,宁德时代,300750,207.23,226.44,207.23,220.87,206.83,193502,8400201728.0,1.43,6.79
2021-06-09,宁德时代,300750,206.63,210.52,203.29,206.83,206.96,93582,3829137536.0,0.69,-0.06
2021-06-08,宁德时代,300750,203.85,215.43,203.85,206.96,205.79,166317,6887633920.0,1.23,0.57
2021-06-07,宁德时代,300750,214.88,214.96,201.63,205.79,219.52,215294,8812647424.0,1.59,-6.25
2021-06-04,宁德时代,300750,212.18,223.57,210.05,219.52,209.84,180102,7765735936.0,1.33,4.61
2021-06-03,宁德时代,300750,216.07,217.34,207.18,209.84,215.24,123760,5164432640.0,0.91,-2.51
2021-06-02,宁德时代,300750,217.79,220.34,212.33,215.24,215.71,115712,4933369600.0,0.85,-0.22
2021-06-01,宁德时代,300750,212.74,218.85,210.81,215.71,220.57,158754,6727933184.0,1.17,-2.2
2021-05-31,宁德时代,300750,210.52,221.39,209.41,220.57,206.96,200063,8540083712.0,1.47,6.58
2021-05-28,宁德时代,300750,196.07,213.57,196.07,206.96,192.74,277151,11346592512.0,2.04,7.38
2021-05-27,宁德时代,300750,194.69,196.07,191.54,192.74,193.53,79598,3073473008.0,0.59,-0.41
2021-05-26,宁德时代,300750,198.85,201.62,193.11,193.53,199.14,126989,4932244992.0,0.94,-2.82
2021-05-25,宁德时代,300750,195.76,199.41,193.68,199.14,194.94,149577,5881748224.0,1.1,2.15
2021-05-24,宁德时代,300750,190.52,195.27,188.39,194.94,188.06,169611,6535959040.0,1.25,3.66
2021-05-21,宁德时代,300750,192.06,194.56,184.39,188.06,189.26,140566,5316782080.0,1.04,-0.63
2021-05-20,宁德时代,300750,189.29,192.68,185.02,189.26,187.77,128440,4839062784.0,0.95,0.79
2021-05-19,宁德时代,300750,183.02,190.52,181.07,187.77,184.46,117464,4407782400.0,0.87,1.79
2021-05-18,宁德时代,300750,186.07,190.07,182.99,184.46,186.73,89620,3323751520.0,0.66,-1.22
2021-05-17,宁德时代,300750,179.41,188.23,179.4,186.73,178.85,193309,7172265216.0,1.42,4.41
2021-05-14,宁德时代,300750,175.81,179.68,170.06,178.85,174.46,176577,6228877312.0,1.3,2.52
2021-05-13,宁德时代,300750,176.24,178.73,173.68,174.46,180.24,113476,4017576448.0,0.84,-3.21
2021-05-12,宁德时代,300750,183.29,184.44,176.96,180.24,183.07,133602,4812795136.0,0.98,-1.55
2021-05-11,宁德时代,300750,180.52,184.91,175.52,183.07,183.97,114121,4142445888.0,0.84,-0.49
2021-05-10,宁德时代,300750,182.07,187.18,179.41,183.97,183.45,124553,4573789440.0,0.92,0.28
2021-05-07,宁德时代,300750,192.74,194.71,182.81,183.45,192.74,151385,5685506816.0,1.12,-4.82
2021-05-06,宁德时代,300750,196.07,196.07,184.13,192.74,195.06,189680,7198512640.0,1.4,-1.19
2021-04-30,宁德时代,300750,186.63,197.18,183.81,195.06,190.51,258651,9896566272.0,1.91,2.39
2021-04-29,宁德时代,300750,185.41,191.57,183.78,190.51,183.31,180863,6806129664.0,1.33,3.93
2021-04-28,宁德时代,300750,175.52,187.74,174.96,183.31,173.07,236326,8597828864.0,1.74,5.92
2021-04-27,宁德时代,300750,173.85,174.29,168.44,173.07,173.29,151810,5243699456.0,1.12,-0.13
2021-04-26,宁德时代,300750,186.96,190.52,172.29,173.29,185.79,256237,9238754816.0,1.89,-6.73
2021-04-23,宁德时代,300750,180.72,186.63,179.41,185.79,180.72,115365,4255126800.0,0.85,2.81
2021-04-22,宁德时代,300750,182.74,183.07,175.87,180.72,177.01,107913,3907120256.0,0.8,2.1
2021-04-21,宁德时代,300750,174.49,178.24,172.63,177.01,178.85,123996,4373021952.0,0.91,-1.03
2021-04-20,宁德时代,300750,178.28,184.29,175.79,178.85,181.63,142834,5154523648.0,1.05,-1.53
2021-04-19,宁德时代,300750,165.52,181.91,163.49,181.63,164.87,205477,7250923520.0,1.51,10.17
2021-04-16,宁德时代,300750,168.29,168.52,159.74,164.87,166.63,115363,3834287104.0,0.85,-1.06
2021-04-15,宁德时代,300750,168.27,169.13,164.5,166.63,171.63,124741,4202803200.0,0.92,-2.91
2021-04-14,宁德时代,300750,163.44,172.46,162.01,171.63,159.83,185043,6295708672.0,1.36,7.38
2021-04-13,宁德时代,300750,153.46,164.41,153.35,159.83,154.41,140211,4558191616.0,1.03,3.51
2021-04-12,宁德时代,300750,156.22,159.98,153.35,154.41,152.74,140595,4483570176.0,1.04,1.09
2021-04-09,宁德时代,300750,159.41,159.41,151.63,152.74,157.1,93237,2918718128.0,0.69,-2.78
2021-04-08,宁德时代,300750,153.85,158.11,152.18,157.1,157.18,78710,2507089328.0,0.58,-0.05
2021-04-07,宁德时代,300750,164.36,164.36,152.82,157.18,160.41,133931,4245479568.0,0.99,-2.01
2021-04-06,宁德时代,300750,165.52,167.18,156.68,160.41,164.07,104638,3421873648.0,0.77,-2.23
2021-04-02,宁德时代,300750,164.38,166.17,161.01,164.07,162.73,92629,3074575824.0,0.68,0.82
2021-04-01,宁德时代,300750,159.29,165.79,159.02,162.73,158.39,113338,3741712768.0,0.84,2.74
2021-03-31,宁德时代,300750,156.57,160.61,153.29,158.39,156.62,160546,5133802496.0,1.18,1.13
2021-03-30,宁德时代,300750,152.52,157.73,150.52,156.62,152.52,126404,4003150832.0,0.93,2.69
2021-03-29,宁德时代,300750,153.57,157.06,148.86,152.52,153.64,155632,4871068416.0,1.15,-0.73
2021-03-26,宁德时代,300750,143.29,153.88,142.18,153.64,141.38,237103,7292443392.0,1.75,8.67
2021-03-25,宁德时代,300750,135.24,142.38,134.99,141.38,139.84,184399,5281518848.0,1.36,1.1
2021-03-24,宁德时代,300750,148.85,148.91,137.74,139.84,148.24,252082,7334176768.0,1.86,-5.67
2021-03-23,宁德时代,300750,148.85,151.98,146.14,148.24,150.41,151169,4603585024.0,1.11,-1.44
2021-03-22,宁德时代,300750,156.63,157.74,145.46,150.41,155.24,231719,7137600256.0,1.71,-3.11
2021-03-19,宁德时代,300750,159.96,164.4,152.18,155.24,165.96,189716,6051504896.0,1.4,-6.46
2021-03-18,宁德时代,300750,164.96,170.02,164.69,165.96,164.41,113670,3840901088.0,0.84,0.94
2021-03-17,宁德时代,300750,156.01,166.18,153.35,164.41,158.85,146726,4829807872.0,1.08,3.5
2021-03-16,宁德时代,300750,155.52,159.96,153.57,158.85,152.91,137124,4384184064.0,1.01,3.88
2021-03-15,宁德时代,300750,168.29,168.29,149.96,152.91,169.11,230404,7361113600.0,1.7,-9.58
2021-03-12,宁德时代,300750,166.58,171.07,163.46,169.11,163.45,189520,6424536320.0,1.4,3.46
2021-03-11,宁德时代,300750,154.96,164.67,152.35,163.45,154.13,209643,6829108480.0,1.54,6.05
2021-03-10,宁德时代,300750,154.96,158.45,153.29,154.13,146.07,237638,7542999040.0,1.75,5.52
2021-03-09,宁德时代,300750,146.07,151.91,139.96,146.07,148.85,273577,8235734784.0,2.02,-1.87
2021-03-08,宁德时代,300750,158.85,165.36,146.56,148.85,157.18,212955,6751702272.0,1.57,-5.3
2021-03-05,宁德时代,300750,153.3,161.01,150.7,157.18,160.28,173073,5511104256.0,1.28,-1.93
2021-03-04,宁德时代,300750,171.07,171.07,158.8,160.28,173.64,181034,5984259584.0,1.33,-7.69
2021-03-03,宁德时代,300750,171.66,173.64,168.49,173.64,173.63,104644,3617077584.0,0.77,0.01
2021-03-02,宁德时代,300750,175.52,175.63,168.88,173.63,170.85,152811,5308970496.0,1.13,1.63
2021-03-01,宁德时代,300750,163.58,171.42,161.78,170.85,158.42,205394,6964880640.0,1.51,7.85
2021-02-26,宁德时代,300750,158.85,164.41,155.96,158.42,166.68,229506,7449904896.0,1.69,-4.96
2021-02-25,宁德时代,300750,175.99,175.99,165.52,166.68,172.18,245757,8445690112.0,1.81,-3.19
2021-02-24,宁德时代,300750,187.74,189.41,167.96,172.18,188.59,302721,10682015744.0,2.23,-8.7
2021-02-23,宁德时代,300750,184.96,188.59,179.89,188.59,187.74,136047,5027757824.0,1.0,0.45
2021-02-22,宁德时代,300750,194.68,199.29,187.68,187.74,194.68,167204,6411239424.0,1.23,-3.56
2021-02-19,宁德时代,300750,196.07,199.41,187.29,194.68,199.96,186904,7159858432.0,1.38,-2.64
2021-02-18,宁德时代,300750,213.85,213.85,194.34,199.96,208.66,238249,9491493888.0,1.76,-4.17
2021-02-10,宁德时代,300750,209.4,210.85,204.96,208.66,207.29,162830,6704613888.0,1.2,0.66
2021-02-09,宁德时代,300750,207.85,209.96,202.07,207.29,203.85,162037,6632109568.0,1.19,1.69
2021-02-08,宁德时代,300750,187.74,204.29,186.63,203.85,186.88,244027,9586610944.0,1.8,9.08
2021-02-05,宁德时代,300750,198.85,199.96,186.54,186.88,195.24,184117,7036248064.0,1.36,-4.28
2021-02-04,宁德时代,300750,193.24,198.18,190.24,195.24,191.06,216302,8354708736.0,1.59,2.19
2021-02-03,宁德时代,300750,189.96,194.72,187.77,191.06,183.74,211073,8082621696.0,1.71,3.98
2021-02-02,宁德时代,300750,174.97,184.96,166.83,183.74,174.03,250865,8919403776.0,2.03,5.58
2021-02-01,宁德时代,300750,175.52,177.68,171.74,174.03,176.13,175251,6170654208.0,1.42,-1.19
2021-01-29,宁德时代,300750,188.3,188.85,169.72,176.13,184.91,276013,9896346112.0,2.24,-4.75
2021-01-28,宁德时代,300750,190.52,192.19,183.85,184.91,196.36,181820,6792412672.0,1.47,-5.83
2021-01-27,宁德时代,300750,197.18,197.85,186.07,196.36,193.57,148385,5705898496.0,1.2,1.44
2021-01-26,宁德时代,300750,199.86,199.86,192.61,193.57,199.93,151044,5853513728.0,1.22,-3.18
2021-01-25,宁德时代,300750,205.13,211.82,197.37,199.93,206.07,217414,8762929152.0,1.76,-2.98
2021-01-22,宁德时代,300750,196.91,207.34,196.91,206.07,196.79,190442,7637563904.0,1.54,4.72
2021-01-21,宁德时代,300750,194.41,201.07,190.52,196.79,196.85,174792,6831720448.0,1.42,-0.03
2021-01-20,宁德时代,300750,187.07,197.95,185.47,196.85,182.8,213416,8254525696.0,1.73,7.69
2021-01-19,宁德时代,300750,192.74,193.85,181.93,182.8,192.68,162867,6085692672.0,1.32,-5.13
2021-01-18,宁德时代,300750,188.71,197.07,188.17,192.68,190.82,142012,5471186944.0,1.15,0.97
2021-01-15,宁德时代,300750,183.84,192.73,182.18,190.82,184.41,198229,7439894528.0,1.61,3.48
2021-01-14,宁德时代,300750,187.85,192.74,183.86,184.41,193.29,196066,7315308800.0,1.59,-4.59
2021-01-13,宁德时代,300750,201.63,207.46,186.62,193.29,202.28,272620,10634079232.0,2.21,-4.44
2021-01-12,宁德时代,300750,193.57,204.07,190.52,202.28,196.07,165597,6519876608.0,1.34,3.17
2021-01-11,宁德时代,300750,207.12,207.12,193.85,196.07,204.13,230050,9098694912.0,1.86,-3.95
2021-01-08,宁德时代,300750,212.18,215.51,200.18,204.13,208.98,210067,8534719488.0,1.7,-2.32
2021-01-07,宁德时代,300750,202.18,209.96,199.89,208.98,205.39,173895,7064219648.0,1.41,1.75
2021-01-06,宁德时代,300750,206.07,210.52,196.63,205.39,202.74,186681,7476239872.0,1.51,1.31
2021-01-05,宁德时代,300750,198.85,203.74,193.86,202.74,203.91,227452,9014539776.0,1.84,-0.57
2021-01-04,宁德时代,300750,178.35,207.8,178.35,203.91,174.47,224808,8687099136.0,1.82,16.87
2020-12-31,宁德时代,300750,171.06,176.02,169.24,174.47,168.29,152005,5283669760.0,1.23,3.67
2020-12-30,宁德时代,300750,157.18,172.71,157.18,168.29,150.52,228817,7648664832.0,1.85,11.81
2020-12-29,宁德时代,300750,155.4,156.52,147.95,150.52,155.39,121748,3759197904.0,0.99,-3.13
2020-12-28,宁德时代,300750,154.52,157.18,152.18,155.39,153.18,119731,3782275232.0,0.97,1.44
2020-12-25,宁德时代,300750,151.07,154.52,149.41,153.18,152.18,95399,2967552608.0,0.77,0.66
2020-12-24,宁德时代,300750,155.52,156.44,150.79,152.18,156.07,94786,2959419424.0,0.77,-2.49
2020-12-23,宁德时代,300750,153.67,162.35,150.06,156.07,153.65,173903,5538718976.0,1.41,1.58
2020-12-22,宁德时代,300750,157.18,162.92,152.57,153.65,159.96,168744,5377597696.0,1.37,-3.94
2020-12-21,宁德时代,300750,144.27,159.96,142.35,159.96,140.51,198104,6099782400.0,1.6,13.84
2020-12-18,宁德时代,300750,138.02,142.16,136.75,140.51,137.63,95126,2747669760.0,0.77,2.09
2020-12-17,宁德时代,300750,137.29,139.29,136.08,137.63,138.33,88123,2508931376.0,0.71,-0.51
2020-12-16,宁德时代,300750,135.07,138.46,133.29,138.33,134.13,142888,4031211456.0,1.16,3.13
2020-12-15,宁德时代,300750,128.29,134.61,126.32,134.13,127.18,177813,4843901952.0,1.44,5.46
2020-12-14,宁德时代,300750,127.5,128.7,125.02,127.18,127.49,107241,2853628544.0,0.87,-0.24
2020-12-11,宁德时代,300750,125.69,128.03,124.79,127.49,126.53,128937,3422455584.0,1.04,0.76
2020-12-10,宁德时代,300750,125.6,128.02,123.29,126.53,127.18,99857,2632528800.0,0.81,-0.51
2020-12-09,宁德时代,300750,128.7,130.85,125.01,127.18,127.2,153636,4118082976.0,1.24,-0.02
2020-12-08,宁德时代,300750,126.91,129.34,126.35,127.2,124.66,116362,3104188976.0,0.94,2.04
2020-12-07,宁德时代,300750,118.79,126.53,118.79,124.66,118.14,171130,4455396864.0,1.39,5.52
2020-12-04,宁德时代,300750,115.55,119.02,115.16,118.14,116.07,92338,2301628560.0,0.75,1.78
2020-12-03,宁德时代,300750,114.79,116.61,111.83,116.07,114.79,106886,2599398528.0,0.87,1.12
2020-12-02,宁德时代,300750,116.07,116.07,110.85,114.79,116.17,119653,2878299328.0,0.97,-1.19
2020-12-01,宁德时代,300750,112.07,116.43,111.63,116.17,114.29,94920,2313881360.0,0.77,1.64
2020-11-30,宁德时代,300750,114.96,114.96,109.42,114.29,113.85,126662,3027343936.0,1.03,0.39
2020-11-27,宁德时代,300750,115.75,117.61,111.63,113.85,115.71,84332,2042276832.0,0.68,-1.61
2020-11-26,宁德时代,300750,116.41,116.41,112.29,115.71,116.19,86295,2093179760.0,0.7,-0.41
2020-11-25,宁德时代,300750,121.96,122.12,115.18,116.19,120.91,117099,2919290528.0,0.95,-3.9
2020-11-24,宁德时代,300750,122.74,123.35,118.3,120.91,119.96,97920,2493964416.0,0.79,0.79
2020-11-23,宁德时代,300750,119.45,123.68,118.35,119.96,119.45,120913,3074248592.0,0.98,0.43
2020-11-20,宁德时代,300750,115.23,120.29,115.23,119.45,113.91,123035,3074188112.0,1.0,4.86
2020-11-19,宁德时代,300750,113.3,114.71,111.13,113.91,113.02,97580,2347767360.0,0.79,0.79
2020-11-18,宁德时代,300750,118.36,119.44,110.97,113.02,118.67,192833,4666572032.0,1.56,-4.76
2020-11-17,宁德时代,300750,122.35,123.85,116.35,118.67,121.02,136749,3446644848.0,1.11,-1.94
2020-11-16,宁德时代,300750,120.46,122.57,116.87,121.02,120.08,123121,3117461904.0,1.0,0.78
2020-11-13,宁德时代,300750,122.81,124.28,119.96,120.08,120.66,113777,2916695920.0,0.92,-0.48
2020-11-12,宁德时代,300750,123.85,123.85,119.73,120.66,118.76,97169,2484194224.0,0.79,1.6
2020-11-11,宁德时代,300750,126.13,128.01,118.76,118.76,127.14,157584,4067832848.0,1.28,-6.59
2020-11-10,宁德时代,300750,126.81,130.45,121.38,127.14,127.42,144175,3798315744.0,1.17,-0.22
2020-11-09,宁德时代,300750,128.29,131.02,124.46,127.42,125.79,132286,3519918480.0,1.07,1.3
2020-11-06,宁德时代,300750,130.17,132.31,123.85,125.79,128.57,156584,4181642688.0,1.27,-2.16
2020-11-05,宁德时代,300750,124.41,128.57,124.38,128.57,121.38,157959,4183384896.0,1.28,5.92
2020-11-04,宁德时代,300750,121.07,123.85,118.29,121.38,121.64,110617,2823450160.0,0.9,-0.21
2020-11-03,宁德时代,300750,123.85,123.85,116.73,121.64,123.93,184567,4678655488.0,1.49,-1.85
2020-11-02,宁德时代,300750,116.63,126.91,115.24,123.93,116.72,189461,4851443456.0,1.53,6.18
2020-10-30,宁德时代,300750,113.31,121.96,111.79,116.72,112.74,229587,5697363456.0,1.86,3.53
2020-10-29,宁德时代,300750,111.08,114.97,108.47,112.74,112.88,174352,4141992880.0,1.41,-0.12
2020-10-28,宁德时代,300750,105.88,115.78,105.33,112.88,111.19,224158,5333295872.0,1.82,1.52
2020-10-27,宁德时代,300750,109.96,112.02,108.29,111.19,108.93,91015,2142729168.0,0.74,2.07
2020-10-26,宁德时代,300750,104.94,109.2,101.26,108.93,104.41,108028,2483444496.0,0.87,4.33
2020-10-23,宁德时代,300750,108.58,112.05,104.1,104.41,108.23,115938,2675565184.0,0.94,-3.53
2020-10-22,宁德时代,300750,107.29,109.29,105.52,108.23,108.48,90552,2083319776.0,0.73,-0.23
2020-10-21,宁德时代,300750,112.77,113.09,105.89,108.48,113.63,161679,3765707376.0,1.31,-4.53
2020-10-20,宁德时代,300750,107.53,113.63,106.59,113.63,106.86,135966,3215157952.0,1.1,6.34
2020-10-19,宁德时代,300750,107.92,110.57,106.07,106.86,106.13,130025,3013473696.0,1.05,0.69
2020-10-16,宁德时代,300750,112.46,112.74,104.02,106.13,111.96,203041,4680601856.0,1.64,-5.21
2020-10-15,宁德时代,300750,113.36,115.02,111.07,111.96,111.24,99560,2390680500.0,0.81,0.65
2020-10-14,宁德时代,300750,111.07,114.96,109.85,111.24,110.33,137715,3292181683.0,1.12,0.82
2020-10-13,宁德时代,300750,109.89,111.95,106.63,110.33,109.84,107490,2517359833.0,0.87,0.45
2020-10-12,宁德时代,300750,106.07,109.96,105.68,109.84,104.33,189418,4399327421.0,1.53,5.28
2020-10-09,宁德时代,300750,101.62,106.56,101.5,104.33,95.63,239672,5378128944.0,1.94,9.1
2020-09-30,宁德时代,300750,93.46,96.63,92.63,95.63,93.29,159930,3336733728.0,1.3,2.51
2020-09-29,宁德时代,300750,88.01,93.99,87.98,93.29,86.58,202463,4072685041.0,1.64,7.75
2020-09-28,宁德时代,300750,86.88,88.82,85.97,86.58,85.79,82336,1600301116.0,0.67,0.92
2020-09-25,宁德时代,300750,86.96,87.57,85.29,85.79,85.42,68017,1308174982.0,0.55,0.43
2020-09-24,宁德时代,300750,86.99,88.18,85.02,85.42,88.85,106690,2053697364.0,0.86,-3.86
2020-09-23,宁德时代,300750,90.29,90.42,85.57,88.85,90.79,157202,3068636864.0,1.28,-2.14
2020-09-22,宁德时代,300750,90.52,92.85,89.37,90.79,89.37,123410,2486797808.0,1.0,1.59
2020-09-21,宁德时代,300750,91.57,94.96,88.77,89.37,89.42,160701,3253591842.0,1.31,-0.06
2020-09-18,宁德时代,300750,89.91,90.52,87.87,89.42,89.63,105522,2090470929.0,0.86,-0.23
2020-09-17,宁德时代,300750,86.21,91.6,85.52,89.63,86.22,181320,3567715600.0,1.48,3.95
2020-09-16,宁德时代,300750,88.73,88.79,85.24,86.22,87.57,118380,2289982074.0,0.97,-1.54
2020-09-15,宁德时代,300750,88.02,88.85,86.53,87.57,86.51,117039,2283158812.0,0.95,1.23
2020-09-14,宁德时代,300750,85.24,87.73,84.96,86.51,83.46,142923,2755865242.0,1.17,3.65
2020-09-11,宁德时代,300750,82.74,84.57,81.27,83.46,82.16,117659,2188728154.0,0.96,1.58
2020-09-10,宁德时代,300750,82.18,84.68,81.91,82.16,81.81,148290,2776222064.0,1.21,0.43
2020-09-09,宁德时代,300750,78.85,83.57,78.29,81.81,83.24,189351,3444866272.0,1.54,-1.72
2020-09-08,宁德时代,300750,82.18,83.85,79.13,83.24,82.96,220754,4063570970.0,1.8,0.34
2020-09-07,宁德时代,300750,92.13,93.21,79.41,82.96,92.88,447969,8542118647.0,3.66,-10.68
2020-09-04,宁德时代,300750,91.75,93.66,90.84,92.88,96.02,147761,2994139296.0,1.21,-3.27
2020-09-03,宁德时代,300750,96.07,96.63,93.79,96.02,96.8,124541,2600653784.0,1.02,-0.81
2020-09-02,宁德时代,300750,97.94,98.37,94.96,96.8,98.43,146097,3084373049.0,1.19,-1.66
2020-09-01,宁德时代,300750,94.13,98.85,93.3,98.43,94.04,197211,4176694801.0,1.61,4.67
2020-08-31,宁德时代,300750,95.88,96.49,93.3,94.04,95.13,135171,2798255294.0,1.1,-1.15
2020-08-28,宁德时代,300750,94.03,95.79,92.56,95.13,93.27,169690,3511321002.0,1.38,1.99
2020-08-27,宁德时代,300750,91.91,95.24,89.96,93.27,87.41,283995,5800127999.0,2.32,6.7
2020-08-26,宁德时代,300750,89.97,90.51,86.59,87.41,90.47,152414,2985932064.0,1.24,-3.38
2020-08-25,宁德时代,300750,91.63,93.85,89.94,90.47,91.63,145512,2936067512.0,1.19,-1.27
2020-08-24,宁德时代,300750,87.29,94.96,86.21,91.63,86.2,258074,5156659876.0,2.11,6.3
2020-08-21,宁德时代,300750,85.72,87.15,84.96,86.2,84.08,146553,2815939728.0,1.2,2.52
2020-08-20,宁德时代,300750,83.29,85.52,82.18,84.08,85.07,130201,2444311248.0,1.06,-1.16
2020-08-19,宁德时代,300750,89.29,89.29,84.96,85.07,90.12,187147,3610137184.0,1.53,-5.6
2020-08-18,宁德时代,300750,90.29,93.29,88.23,90.12,88.64,221224,4415130112.0,1.81,1.67
2020-08-17,宁德时代,300750,90.52,90.72,87.29,88.64,90.72,197074,3866925440.0,1.61,-2.29
2020-08-14,宁德时代,300750,89.24,90.77,88.29,90.72,88.29,119700,2373752128.0,0.98,2.75
2020-08-13,宁德时代,300750,90.96,91.62,87.44,88.29,88.14,130612,2581164112.0,1.07,0.17
2020-08-12,宁德时代,300750,90.46,90.66,83.96,88.14,89.64,252727,4855191808.0,2.06,-1.67
2020-08-11,宁德时代,300750,90.93,93.07,89.48,89.64,90.89,122332,2468198208.0,1.0,-1.38
2020-08-10,宁德时代,300750,92.85,93.46,89.45,90.89,92.9,130787,2629646480.0,1.07,-2.16
2020-08-07,宁德时代,300750,95.52,98.46,91.69,92.9,96.91,180552,3733669856.0,1.47,-4.14
2020-08-06,宁德时代,300750,99.89,100.45,94.96,96.91,96.27,145657,3082282256.0,1.19,0.66
2020-08-05,宁德时代,300750,96.48,97.63,94.16,96.27,96.46,127301,2664523680.0,1.04,-0.2
2020-08-04,宁德时代,300750,98.46,103.28,96.25,96.46,99.18,199581,4309494784.0,1.63,-2.74
2020-08-03,宁德时代,300750,98.23,99.29,96.1,99.18,97.28,151061,3216865104.0,1.23,1.95
2020-07-31,宁德时代,300750,93.85,99.02,93.57,97.28,93.49,207050,4378422272.0,1.69,4.05
2020-07-30,宁德时代,300750,93.29,94.39,91.85,93.49,92.84,143531,2944644016.0,1.17,0.7
2020-07-29,宁德时代,300750,89.14,93.29,87.89,92.84,89.14,189986,3844683440.0,1.55,4.15
2020-07-28,宁德时代,300750,88.32,90.79,88.02,89.14,85.68,201490,3988264848.0,1.64,4.04
2020-07-27,宁德时代,300750,89.41,91.06,84.96,85.68,89.78,251556,4870628864.0,2.05,-4.57
2020-07-24,宁德时代,300750,95.52,96.02,88.21,89.78,98.02,343983,6943402752.0,2.81,-8.41
2020-07-23,宁德时代,300750,94.41,99.13,93.85,98.02,94.9,255900,5395410944.0,2.09,3.29
2020-07-22,宁德时代,300750,93.29,96.73,92.2,94.9,94.41,191658,3992449600.0,1.56,0.52
2020-07-21,宁德时代,300750,96.07,96.07,92.18,94.41,93.46,186566,3855792320.0,1.52,1.02
2020-07-20,宁德时代,300750,92.79,96.69,90.01,93.46,88.13,289999,5919664128.0,2.37,6.05
2020-07-17,宁德时代,300750,88.86,91.17,83.89,88.13,88.72,303786,5903627264.0,2.48,-0.67
2020-07-16,宁德时代,300750,94.96,97.67,88.52,88.72,94.42,272550,5596500736.0,2.22,-6.04
2020-07-15,宁德时代,300750,101.07,101.94,91.69,94.42,99.38,274351,5785551104.0,2.24,-4.99
2020-07-14,宁德时代,300750,98.29,102.02,95.44,99.38,103.91,333296,7129824256.0,2.72,-4.36
2020-07-13,宁德时代,300750,96.96,104.01,96.96,103.91,92.68,303269,6609862144.0,2.47,12.12
2020-07-10,宁德时代,300750,92.17,94.49,90.85,92.68,93.31,168293,3436550912.0,1.37,-0.68
2020-07-09,宁德时代,300750,88.85,94.28,88.29,93.31,89.17,279036,5622121472.0,2.28,4.64
2020-07-08,宁德时代,300750,89.4,89.86,84.95,89.17,88.06,288890,5645451264.0,2.36,1.26
2020-07-07,宁德时代,300750,83.85,88.06,83.57,88.06,78.18,253604,4915716608.0,2.07,12.64
2020-07-06,宁德时代,300750,72.85,79.41,72.51,78.18,72.52,307153,5324573184.0,2.51,7.8
2020-07-03,宁德时代,300750,73.85,74.26,72.2,72.52,72.29,240264,4054240064.0,1.96,0.32
2020-07-02,宁德时代,300750,74.96,75.06,70.8,72.29,73.52,270480,4535545600.0,2.21,-1.67
2020-07-01,宁德时代,300750,78.57,80.46,72.67,73.52,76.27,286575,4991087872.0,2.34,-3.61
2020-06-30,宁德时代,300750,75.52,79.11,75.52,76.27,74.43,162514,2849476592.0,1.33,2.47
2020-06-29,宁德时代,300750,74.13,75.24,73.3,74.43,74.68,116040,1980641408.0,0.95,-0.33
2020-06-24,宁德时代,300750,74.14,75.84,73.46,74.68,73.23,146604,2515400576.0,1.22,1.98
2020-06-23,宁德时代,300750,71.63,73.37,70.25,73.23,71.07,159475,2662217152.0,1.33,3.04
2020-06-22,宁德时代,300750,71.49,74.57,70.79,71.07,71.57,190412,3191062032.0,1.58,-0.7
2020-06-19,宁德时代,300750,68.28,73.18,67.82,71.57,67.71,250193,4137793344.0,2.08,5.7
2020-06-18,宁德时代,300750,67.07,68.06,66.07,67.71,67.07,96562,1526258400.0,0.8,0.95
2020-06-17,宁德时代,300750,67.76,68.57,66.08,67.07,68.29,125291,1973464256.0,1.04,-1.79
2020-06-16,宁德时代,300750,68.85,70.12,67.19,68.29,67.02,131297,2107390560.0,1.09,1.89
2020-06-15,宁德时代,300750,66.2,68.99,65.8,67.02,67.91,159452,2526289040.0,1.33,-1.31
2020-06-12,宁德时代,300750,68.39,69.68,67.67,67.91,70.51,252446,4038133984.0,2.1,-3.69
2020-06-11,宁德时代,300750,68.29,73.89,67.26,70.51,66.45,368177,6056179456.0,3.06,6.11
2020-06-10,宁德时代,300750,68.24,68.24,64.68,66.45,64.94,198210,3097487312.0,1.65,2.33
2020-06-09,宁德时代,300750,65.24,66.06,64.46,64.94,63.52,150699,2325730464.0,1.25,2.24
2020-06-08,宁德时代,300750,64.82,65.27,62.99,63.52,63.41,105604,1605995424.0,0.88,0.17
2020-06-05,宁德时代,300750,62.49,63.49,61.22,63.41,62.74,98627,1475831344.0,0.82,1.07
2020-06-04,宁德时代,300750,62.63,65.03,61.96,62.74,61.78,137574,2082248432.0,1.14,1.55
2020-06-03,宁德时代,300750,62.62,63.24,61.4,61.78,62.32,113635,1693882304.0,0.94,-0.87
2020-06-02,宁德时代,300750,64.84,65.33,60.94,62.32,63.14,137030,2055312032.0,1.14,-1.3
2020-06-01,宁德时代,300750,61.21,64.3,60.59,63.14,60.13,151766,2284037536.0,1.26,5.01
2020-05-29,宁德时代,300750,60.95,61.41,59.56,60.13,61.42,141428,2060033600.0,1.18,-2.1
2020-05-28,宁德时代,300750,62.61,63.12,59.01,61.42,63.45,174247,2553996976.0,1.45,-3.2
2020-05-27,宁德时代,300750,62.59,65.39,62.56,63.45,62.63,181049,2763780112.0,1.51,1.31
2020-05-26,宁德时代,300750,60.27,62.84,59.95,62.63,59.45,174865,2596292608.0,1.45,5.35
2020-05-25,宁德时代,300750,58.55,59.51,57.37,59.45,58.62,103782,1482241104.0,0.86,1.42
2020-05-22,宁德时代,300750,60.74,60.87,57.62,58.62,61.21,148173,2127136880.0,1.23,-4.23
2020-05-21,宁德时代,300750,63.62,64.59,60.72,61.21,62.23,154876,2328717776.0,1.29,-1.64
2020-05-20,宁德时代,300750,62.62,65.62,62.07,62.23,58.87,329693,5027432192.0,2.74,5.71
2020-05-19,宁德时代,300750,58.84,60.28,58.46,58.87,58.07,104252,1499320592.0,0.87,1.38
2020-05-18,宁德时代,300750,59.84,59.84,56.89,58.07,60.11,160889,2287442336.0,1.34,-3.39
2020-05-15,宁德时代,300750,57.03,61.33,56.48,60.11,54.62,322121,4605864448.0,2.68,10.05
2020-05-14,宁德时代,300750,55.87,56.09,54.56,54.62,56.09,114335,1560698256.0,0.95,-2.62
2020-05-13,宁德时代,300750,55.58,56.87,55.33,56.09,56.51,121542,1678255888.0,1.01,-0.74
2020-05-12,宁德时代,300750,56.54,56.99,54.69,56.51,55.74,160277,2208624432.0,1.33,1.38
2020-05-11,宁德时代,300750,59.39,60.38,54.32,55.74,59.33,285364,3959234288.0,2.37,-6.05
2020-05-08,宁德时代,300750,58.73,59.96,57.56,59.33,58.84,141339,2024998128.0,1.18,0.83
2020-05-07,宁德时代,300750,60.56,61.06,57.62,58.84,60.28,160787,2302059536.0,1.34,-2.39
2020-05-06,宁德时代,300750,56.51,60.84,56.37,60.28,59.49,191464,2769607856.0,1.59,1.33
2020-04-30,宁德时代,300750,59.28,61.79,59.28,59.49,56.35,233385,3409837968.0,1.94,5.57
2020-04-29,宁德时代,300750,54.91,57.17,54.84,56.35,56.12,119544,1659513008.0,0.99,0.41
2020-04-28,宁德时代,300750,55.39,57.12,52.41,56.12,53.68,226917,3115997360.0,1.89,4.55
2020-04-27,宁德时代,300750,53.18,54.84,52.66,53.68,52.44,143655,1933994992.0,1.19,2.36
2020-04-24,宁德时代,300750,51.51,54.84,51.51,52.44,51.45,169916,2263542704.0,1.41,1.92
2020-04-23,宁德时代,300750,53.12,53.12,50.73,51.45,51.98,125379,1635621696.0,1.04,-1.02
2020-04-22,宁德时代,300750,50.02,52.78,50.01,51.98,51.79,146869,1904011488.0,1.22,0.37
2020-04-21,宁德时代,300750,52.61,53.09,49.84,51.79,54.01,193917,2519303200.0,1.61,-4.11
2020-04-20,宁德时代,300750,55.06,55.26,52.55,54.01,55.37,187002,2507578384.0,1.55,-2.46
2020-04-17,宁德时代,300750,54.88,57.38,54.34,55.37,53.14,292522,4024198912.0,2.43,4.2
2020-04-16,宁德时代,300750,50.54,53.57,49.74,53.14,50.39,216381,2835377040.0,1.8,5.46
2020-04-15,宁德时代,300750,51.39,52.56,49.97,50.39,49.37,325645,4226641424.0,2.71,2.07
2020-04-14,宁德时代,300750,44.84,49.37,44.56,49.37,43.0,388939,4803638016.0,3.23,14.81
2020-04-13,宁德时代,300750,43.12,44.28,42.11,43.0,45.09,124581,1432291936.0,1.04,-4.64
2020-04-10,宁德时代,300750,46.59,47.66,44.8,45.09,46.07,145696,1748457120.0,1.21,-2.13
2020-04-09,宁德时代,300750,48.16,48.44,45.84,46.07,47.62,160528,1944405072.0,1.33,-3.25
2020-04-08,宁德时代,300750,48.12,49.0,47.39,47.62,48.56,119470,1479285376.0,0.99,-1.94
2020-04-07,宁德时代,300750,47.95,49.33,47.63,48.56,46.51,183729,2284706368.0,1.53,4.41
2020-04-03,宁德时代,300750,48.53,48.73,45.84,46.51,47.95,182204,2225897360.0,1.52,-3.0
2020-04-02,宁德时代,300750,44.56,47.95,44.12,47.95,46.17,209588,2523168224.0,1.74,3.86
2020-04-01,宁德时代,300750,47.67,49.04,45.44,46.17,46.17,298951,3664714144.0,2.49,0.0
2020-03-31,宁德时代,300750,46.1,47.69,44.76,46.17,45.57,194852,2350421152.0,1.62,1.32
2020-03-30,宁德时代,300750,43.73,46.31,40.78,45.57,45.23,261655,3010412512.0,2.18,0.75
2020-03-27,宁德时代,300750,47.18,47.8,44.48,45.23,45.74,174991,2101160336.0,1.46,-1.11
2020-03-26,宁德时代,300750,45.4,47.26,45.01,45.74,46.51,194371,2344662560.0,1.62,-1.66
2020-03-25,宁德时代,300750,43.84,47.16,43.73,46.51,41.27,385928,4603104768.0,3.21,12.7
2020-03-24,宁德时代,300750,40.73,41.99,38.73,41.27,38.99,291170,3222263472.0,2.42,5.85
2020-03-23,宁德时代,300750,40.84,41.27,37.62,38.99,43.65,307618,3324031008.0,2.56,-10.68
2020-03-20,宁德时代,300750,44.84,45.78,42.18,43.65,43.19,225142,2615607088.0,1.87,1.07
2020-03-19,宁德时代,300750,45.39,45.67,41.33,43.19,44.48,331563,3803916544.0,2.76,-2.9
2020-03-18,宁德时代,300750,45.34,47.89,43.73,44.48,44.81,313384,3757216352.0,2.61,-0.74
2020-03-17,宁德时代,300750,46.51,47.58,41.09,44.81,45.43,392203,4571660032.0,3.26,-1.36
2020-03-16,宁德时代,300750,50.39,50.88,45.33,45.43,52.67,490485,5992811776.0,4.08,-13.75
2020-03-13,宁德时代,300750,49.34,53.62,49.29,52.67,53.84,274553,3557983792.0,2.28,-2.17
2020-03-12,宁德时代,300750,54.95,55.27,52.24,53.84,57.49,333858,4454589952.0,2.78,-6.35
2020-03-11,宁德时代,300750,58.73,61.83,56.39,57.49,57.36,339232,4857506560.0,2.82,0.23
2020-03-10,宁德时代,300750,53.51,58.0,53.18,57.36,53.42,292745,4026499808.0,2.43,7.38
2020-03-09,宁德时代,300750,56.5,57.56,53.17,53.42,59.02,294253,4022533008.0,2.45,-9.49
2020-03-06,宁德时代,300750,58.18,61.12,57.89,59.02,59.96,159809,2309879440.0,1.33,-1.57
2020-03-05,宁德时代,300750,60.69,61.41,58.17,59.96,59.12,224633,3254884224.0,1.87,1.42
2020-03-04,宁德时代,300750,59.28,60.33,56.94,59.12,60.27,205946,2945905664.0,1.71,-1.91
2020-03-03,宁德时代,300750,60.39,62.44,59.23,60.27,57.06,296911,4366384640.0,2.47,5.63
2020-03-02,宁德时代,300750,56.39,58.14,54.26,57.06,54.66,318150,4426474496.0,2.65,4.39
2020-02-28,宁德时代,300750,57.06,59.84,54.57,54.66,62.33,508447,7090643712.0,4.23,-12.31
2020-02-27,宁德时代,300750,65.45,66.32,61.95,62.33,64.21,332002,5062343424.0,2.76,-2.93
2020-02-26,宁德时代,300750,67.45,68.64,63.01,64.21,69.2,338280,5273485056.0,2.81,-7.21
2020-02-25,宁德时代,300750,62.47,71.23,61.97,69.2,65.07,516026,8116792576.0,4.29,6.35
2020-02-24,宁德时代,300750,66.51,68.09,63.99,65.07,68.12,365231,5670551040.0,3.04,-4.48
2020-02-21,宁德时代,300750,66.95,69.56,65.52,68.12,68.17,338051,5376640768.0,2.81,-0.07
2020-02-20,宁德时代,300750,66.23,70.95,64.28,68.17,64.39,518440,8254242560.0,4.31,5.87
2020-02-19,宁德时代,300750,70.95,71.01,64.22,64.39,66.29,418168,6598898944.0,3.48,-2.87
2020-02-18,宁德时代,300750,64.89,67.62,64.2,66.29,64.89,282305,4400767232.0,2.35,2.16
2020-02-17,宁德时代,300750,62.06,66.04,61.99,64.89,62.56,344471,5309579008.0,2.86,3.72
2020-02-14,宁德时代,300750,67.56,68.12,61.98,62.56,66.14,439619,6739413504.0,3.66,-5.41
2020-02-13,宁德时代,300750,65.94,67.83,64.67,66.14,67.98,313610,4914616320.0,2.61,-2.71
2020-02-12,宁德时代,300750,64.59,69.19,63.74,67.98,67.28,325862,5174595072.0,2.71,1.04
2020-02-11,宁德时代,300750,72.17,72.62,66.84,67.28,71.09,339946,5451183360.0,2.83,-5.36
2020-02-10,宁德时代,300750,68.73,72.94,68.17,71.09,68.28,375409,6161572608.0,3.12,4.12
2020-02-07,宁德时代,300750,71.51,73.36,67.59,68.28,73.67,454995,7426674432.0,3.78,-7.32
2020-02-06,宁德时代,300750,65.4,73.67,64.28,73.67,70.28,579190,9265611008.0,4.82,4.82
2020-02-05,宁德时代,300750,67.16,70.28,66.12,70.28,62.01,530824,8588999680.0,4.41,13.34
2020-02-04,宁德时代,300750,60.27,62.01,57.07,62.01,54.48,359136,5283954944.0,2.99,13.82
2020-02-03,宁德时代,300750,49.59,58.99,49.56,54.48,51.82,526346,7148822272.0,4.38,5.13
2020-01-23,宁德时代,300750,52.89,55.39,48.78,51.82,53.63,359862,4755930112.0,2.99,-3.37
2020-01-22,宁德时代,300750,46.87,53.63,45.61,53.63,46.87,349916,4493837312.0,2.91,14.42
2020-01-21,宁德时代,300750,47.34,47.62,46.21,46.87,47.73,142671,1734790912.0,1.19,-1.8
2020-01-20,宁德时代,300750,43.17,48.77,42.01,47.73,43.22,248922,2992287056.0,2.07,10.43
2020-01-17,宁德时代,300750,43.93,44.59,42.62,43.22,43.95,146624,1694771904.0,1.22,-1.66
2020-01-16,宁德时代,300750,43.73,44.01,42.53,43.95,43.34,129342,1492301744.0,1.08,1.41
2020-01-15,宁德时代,300750,43.56,44.61,41.62,43.34,43.56,177587,2031327376.0,1.48,-0.51
2020-01-14,宁德时代,300750,45.68,46.37,43.27,43.56,44.23,217685,2585867744.0,1.81,-1.51
2020-01-13,宁德时代,300750,43.73,45.11,42.73,44.23,42.23,215974,2516539920.0,1.8,4.74
2020-01-10,宁德时代,300750,42.73,42.73,41.33,42.23,43.17,144280,1628569248.0,1.2,-2.18
2020-01-09,宁德时代,300750,41.51,43.45,40.4,43.17,40.17,201644,2287090672.0,1.68,7.47
2020-01-08,宁德时代,300750,39.84,41.23,38.78,40.17,39.56,192241,2098374352.0,1.6,1.54
2020-01-07,宁德时代,300750,39.84,40.19,38.96,39.56,39.89,135075,1461154192.0,1.12,-0.83
2020-01-06,宁德时代,300750,41.12,42.89,39.17,39.89,40.14,265002,2958351776.0,2.2,-0.62
2020-01-03,宁德时代,300750,39.02,40.5,38.16,40.14,39.02,180842,1956828816.0,1.5,2.87
2020-01-02,宁德时代,300750,38.84,39.76,38.01,39.02,38.39,206116,2213454656.0,1.71,1.64
2019-12-31,宁德时代,300750,40.32,40.59,37.92,38.39,40.39,215007,2311684352.0,1.79,-4.95
2019-12-30,宁德时代,300750,38.49,40.67,37.62,40.39,37.17,235780,2546998960.0,1.96,8.66
2019-12-27,宁德时代,300750,37.68,40.39,36.59,37.17,37.68,240550,2568286544.0,2.0,-1.35
2019-12-26,宁德时代,300750,37.62,38.72,36.33,37.68,37.78,148417,1549926128.0,1.23,-0.26
2019-12-25,宁德时代,300750,34.48,37.88,33.81,37.78,34.56,233077,2363520368.0,1.94,9.32
2019-12-24,宁德时代,300750,31.06,34.89,31.06,34.56,30.89,297044,2899590784.0,2.47,11.88
2019-12-23,宁德时代,300750,30.39,32.28,30.15,30.89,30.83,141429,1327211456.0,1.18,0.19
2019-12-20,宁德时代,300750,31.08,31.99,30.79,30.83,31.09,103579,968703792.0,0.86,-0.84
2019-12-19,宁德时代,300750,31.23,31.27,30.13,31.09,31.06,108433,1003631200.0,0.9,0.1
2019-12-18,宁德时代,300750,31.76,31.78,30.49,31.06,32.28,186405,1738803696.0,1.55,-3.78
2019-12-17,宁德时代,300750,31.95,33.28,31.75,32.28,30.56,277394,2651624400.0,2.31,5.63
2019-12-16,宁德时代,300750,30.69,30.88,29.99,30.56,30.95,182179,1677225424.0,1.51,-1.26
2019-12-13,宁德时代,300750,30.13,31.17,29.46,30.95,29.12,182898,1685672880.0,1.52,6.28
2019-12-12,宁德时代,300750,30.09,30.89,28.85,29.12,30.11,148787,1348243696.0,1.24,-3.29
2019-12-11,宁德时代,300750,31.14,31.61,29.56,30.11,31.14,133255,1228395776.0,1.11,-3.31
2019-12-10,宁德时代,300750,30.39,31.75,30.01,31.14,30.89,126949,1180456000.0,1.06,0.81
2019-12-09,宁德时代,300750,31.23,31.23,29.78,30.89,30.95,147499,1356068176.0,1.23,-0.19
2019-12-06,宁德时代,300750,30.23,31.17,29.89,30.95,30.39,134377,1241180816.0,1.12,1.84
2019-12-05,宁德时代,300750,27.63,31.21,27.59,30.39,27.45,263630,2386541248.0,2.19,10.71
2019-12-04,宁德时代,300750,27.26,28.59,26.61,27.45,27.28,168786,1471734016.0,1.4,0.62
2019-12-03,宁德时代,300750,27.62,27.76,26.28,27.28,27.67,156894,1344177280.0,1.3,-1.41
2019-12-02,宁德时代,300750,28.28,28.35,26.95,27.67,27.84,119017,1037432160.0,0.99,-0.61
2019-11-29,宁德时代,300750,27.68,28.67,26.72,27.84,27.84,129222,1128335008.0,1.07,0.0
2019-11-28,宁德时代,300750,27.45,29.06,27.14,27.84,27.76,145225,1272961360.0,1.21,0.29
2019-11-27,宁德时代,300750,27.87,28.65,27.04,27.76,28.17,194443,1701295920.0,1.62,-1.46
2019-11-26,宁德时代,300750,25.39,29.06,24.78,28.17,25.72,391484,3366468752.0,3.26,9.53
2019-11-25,宁德时代,300750,24.48,25.76,24.28,25.72,24.01,280838,2324168800.0,2.34,7.12
2019-11-22,宁德时代,300750,24.84,26.28,23.43,24.01,22.14,423472,3469882992.0,3.52,8.45
2019-11-21,宁德时代,300750,21.89,22.67,21.67,22.14,21.67,124425,962849296.0,1.03,2.17
2019-11-20,宁德时代,300750,21.97,22.67,21.62,21.67,22.03,112468,866890320.0,0.94,-1.63
2019-11-19,宁德时代,300750,19.99,22.04,19.77,22.03,19.77,186314,1408822320.0,1.55,11.43
2019-11-18,宁德时代,300750,19.77,19.94,19.37,19.77,19.62,44955,327040080.0,0.37,0.76
2019-11-15,宁德时代,300750,20.56,20.56,19.06,19.62,20.45,107221,777993872.0,0.89,-4.06
2019-11-14,宁德时代,300750,20.62,20.87,20.29,20.45,20.36,67259,500146768.0,0.56,0.44
2019-11-13,宁德时代,300750,20.84,20.89,20.28,20.36,20.64,67352,500321728.0,0.56,-1.36
2019-11-12,宁德时代,300750,20.39,21.12,20.14,20.64,20.23,90843,676179120.0,0.76,2.03
2019-11-11,宁德时代,300750,20.83,21.17,20.23,20.23,21.29,99913,743193696.0,0.83,-4.98
2019-11-08,宁德时代,300750,21.45,22.17,20.95,21.29,21.12,190358,1451717072.0,1.58,0.8
2019-11-07,宁德时代,300750,21.12,22.01,20.47,21.12,21.45,216633,1632551888.0,1.8,-1.54
2019-11-06,宁德时代,300750,21.66,23.11,21.14,21.45,20.11,441482,3404725408.0,3.67,6.66
2019-11-05,宁德时代,300750,18.34,20.59,18.13,20.11,18.13,237825,1725001856.0,1.98,10.92
2019-11-04,宁德时代,300750,17.95,18.17,17.67,18.13,17.8,82866,577524880.0,0.69,1.85
2019-11-01,宁德时代,300750,17.35,17.84,17.29,17.8,17.46,56135,387301792.0,0.47,1.95
2019-10-31,宁德时代,300750,17.83,18.08,17.44,17.46,17.91,56268,387993152.0,0.47,-2.51
2019-10-30,宁德时代,300750,17.62,18.02,17.27,17.91,17.77,75614,520676672.0,0.63,0.79
2019-10-29,宁德时代,300750,18.67,18.67,17.69,17.77,18.62,98657,687635376.0,0.82,-4.56
2019-10-28,宁德时代,300750,18.2,18.63,17.99,18.62,18.74,99663,700210848.0,0.83,-0.64
2019-10-25,宁德时代,300750,19.12,19.14,18.48,18.74,19.08,53897,382402720.0,0.45,-1.78
2019-10-24,宁德时代,300750,18.69,19.26,18.66,19.08,18.59,90432,646704352.0,0.75,2.64
2019-10-23,宁德时代,300750,18.56,18.81,18.2,18.59,18.57,63176,447168640.0,0.53,0.11
2019-10-22,宁德时代,300750,18.17,18.68,18.17,18.57,17.97,69274,489333680.0,0.58,3.34
2019-10-21,宁德时代,300750,18.33,18.33,17.62,17.97,18.22,50432,350055632.0,0.42,-1.37
2019-10-18,宁德时代,300750,17.95,18.35,17.82,18.22,17.78,76282,533023008.0,0.63,2.47
2019-10-17,宁德时代,300750,18.01,18.16,17.56,17.78,18.0,72455,501288112.0,0.6,-1.22
2019-10-16,宁德时代,300750,18.73,18.91,17.89,18.0,18.71,81237,568498320.0,0.68,-3.79
2019-10-15,宁德时代,300750,18.64,19.34,18.54,18.71,18.64,89351,636739152.0,0.74,0.38
2019-10-14,宁德时代,300750,19.23,19.28,18.45,18.64,18.98,122036,867406112.0,1.01,-1.79
2019-10-11,宁德时代,300750,18.82,19.36,18.36,18.98,18.67,94926,677544368.0,0.79,1.66
2019-10-10,宁德时代,300750,18.21,19.08,18.04,18.67,17.67,122852,869992048.0,1.02,5.66
2019-10-09,宁德时代,300750,18.18,18.19,17.27,17.67,18.32,132219,911571264.0,1.1,-3.55
2019-10-08,宁德时代,300750,19.07,19.27,18.28,18.32,19.01,87357,618883408.0,0.73,-3.63
2019-09-30,宁德时代,300750,19.17,19.32,18.82,19.01,18.98,67607,484212288.0,0.56,0.16
2019-09-27,宁德时代,300750,18.98,19.22,18.76,18.98,18.98,71437,510484480.0,0.59,0.0
2019-09-26,宁德时代,300750,19.95,20.03,18.74,18.98,19.82,130924,941682672.0,1.09,-4.24
2019-09-25,宁德时代,300750,19.62,20.27,19.2,19.82,19.69,133953,975645568.0,1.11,0.66
2019-09-24,宁德时代,300750,19.92,20.35,19.32,19.69,19.83,128427,936875744.0,1.07,-0.71
2019-09-23,宁德时代,300750,20.88,20.88,19.45,19.83,20.87,123099,899754064.0,1.02,-4.98
2019-09-20,宁德时代,300750,21.24,21.57,20.73,20.87,21.16,128027,962427232.0,1.06,-1.37
2019-09-19,宁德时代,300750,20.72,21.51,20.72,21.16,20.72,141323,1065080400.0,1.18,2.12
2019-09-18,宁德时代,300750,20.98,21.21,20.64,20.72,20.68,100856,755559856.0,0.84,0.19
2019-09-17,宁德时代,300750,21.83,21.83,20.51,20.68,21.89,143176,1075220896.0,1.2,-5.53
2019-09-16,宁德时代,300750,23.17,23.34,21.68,21.89,22.62,135279,1049862816.0,1.13,-3.23
2019-09-12,宁德时代,300750,22.73,23.56,22.23,22.62,22.49,154048,1208379488.0,1.29,0.58
2019-09-11,宁德时代,300750,22.56,24.33,22.26,22.49,22.18,212306,1677214720.0,1.77,1.4
2019-09-10,宁德时代,300750,22.24,22.48,21.76,22.18,22.06,188279,1453966624.0,1.57,0.54
2019-09-09,宁德时代,300750,19.57,22.06,19.32,22.06,19.21,258029,1929969744.0,2.16,14.84
2019-09-06,宁德时代,300750,18.98,19.45,18.98,19.21,18.89,82922,595782208.0,0.69,1.69
2019-09-05,宁德时代,300750,18.84,19.5,18.84,18.89,18.83,123016,882671200.0,1.03,0.32
2019-09-04,宁德时代,300750,18.66,18.94,18.12,18.83,18.84,117107,825074112.0,0.98,-0.05
2019-09-03,宁德时代,300750,19.68,19.78,18.64,18.84,19.82,130195,928815984.0,1.09,-4.94
2019-09-02,宁德时代,300750,19.39,19.92,19.22,19.82,19.43,98067,711942576.0,0.82,2.01
2019-08-30,宁德时代,300750,18.98,19.77,18.48,19.43,18.77,118967,853502528.0,0.99,3.52
2019-08-29,宁德时代,300750,19.57,19.58,18.74,18.77,19.57,100761,719068784.0,0.84,-4.09
2019-08-28,宁德时代,300750,20.49,20.54,19.48,19.57,20.01,86401,630707712.0,0.72,-2.2
2019-08-27,宁德时代,300750,20.04,20.69,19.9,20.01,19.71,96052,708485568.0,0.8,1.52
2019-08-26,宁德时代,300750,19.78,20.24,19.56,19.71,20.34,91279,667071584.0,0.76,-3.1
2019-08-23,宁德时代,300750,21.28,21.28,19.24,20.34,21.28,165652,1217057424.0,1.38,-4.42
2019-08-22,宁德时代,300750,21.51,21.51,20.95,21.28,21.39,49175,371406224.0,0.41,-0.51
2019-08-21,宁德时代,300750,21.07,22.03,21.07,21.39,21.19,65331,497063360.0,0.55,0.94
2019-08-20,宁德时代,300750,21.61,21.7,21.04,21.19,21.62,68191,516227104.0,0.57,-1.99
2019-08-19,宁德时代,300750,20.23,21.62,19.96,21.62,19.96,105123,788088320.0,0.88,8.32
2019-08-16,宁德时代,300750,20.39,20.51,19.86,19.96,20.49,69540,510354144.0,0.58,-2.59
2019-08-15,宁德时代,300750,19.26,20.51,19.12,20.49,20.12,46222,338674800.0,0.39,1.84
2019-08-14,宁德时代,300750,20.39,21.0,20.12,20.12,20.1,63249,469662048.0,0.53,0.1
2019-08-13,宁德时代,300750,19.74,20.56,19.61,20.1,20.04,53095,390413488.0,0.44,0.3
2019-08-12,宁德时代,300750,19.18,20.06,19.02,20.04,19.24,42536,309047520.0,0.36,4.16
2019-08-09,宁德时代,300750,20.38,20.38,19.01,19.24,19.88,47327,342757056.0,0.4,-3.22
2019-08-08,宁德时代,300750,20.39,20.49,19.73,19.88,20.02,38744,283896688.0,0.32,-0.7
2019-08-07,宁德时代,300750,19.56,20.7,19.53,20.02,19.37,86049,634607216.0,0.72,3.36
2019-08-06,宁德时代,300750,18.62,19.67,18.46,19.37,19.84,84938,606804432.0,0.71,-2.37
2019-08-05,宁德时代,300750,20.78,21.06,19.77,19.84,21.11,89917,664300304.0,0.75,-6.02
2019-08-02,宁德时代,300750,20.39,21.28,20.26,21.11,21.39,71660,537012576.0,0.6,-1.31
2019-08-01,宁德时代,300750,21.45,22.02,21.11,21.39,21.51,67503,512836768.0,0.56,-0.56
2019-07-31,宁德时代,300750,22.39,22.39,21.51,21.51,22.48,66221,507359968.0,0.55,-4.31
2019-07-30,宁德时代,300750,22.01,22.89,21.58,22.48,21.88,96459,748447376.0,0.81,2.74
2019-07-29,宁德时代,300750,21.79,22.28,21.51,21.88,21.87,70376,539231504.0,0.59,0.05
2019-07-26,宁德时代,300750,21.15,22.49,21.15,21.87,21.4,115264,887611744.0,0.96,2.2
2019-07-25,宁德时代,300750,21.34,21.92,21.12,21.4,21.33,118401,900265024.0,0.99,0.33
2019-07-24,宁德时代,300750,21.62,22.02,21.17,21.33,21.43,119685,911581952.0,1.0,-0.47
2019-07-23,宁德时代,300750,20.06,22.03,19.63,21.43,19.88,164707,1243667024.0,1.38,7.8
2019-07-22,宁德时代,300750,19.56,20.17,19.01,19.88,19.48,87657,637958000.0,0.73,2.05
2019-07-19,宁德时代,300750,19.04,19.73,18.97,19.48,18.93,57359,415492048.0,0.48,2.91
2019-07-18,宁德时代,300750,19.46,19.65,18.83,18.93,19.75,45170,324530496.0,0.38,-4.15
2019-07-17,宁德时代,300750,19.45,20.23,19.36,19.75,19.66,43172,315550240.0,0.36,0.46
2019-07-16,宁德时代,300750,19.99,20.13,18.82,19.66,20.13,96070,696256672.0,0.8,-2.33
2019-07-15,宁德时代,300750,20.6,20.64,19.76,20.13,20.25,112715,831092960.0,0.94,-0.59
2019-07-12,宁德时代,300750,19.64,20.44,19.49,20.25,19.44,94172,694124848.0,0.79,4.17
2019-07-11,宁德时代,300750,20.04,20.05,19.15,19.44,19.34,70673,513699472.0,0.59,0.52
2019-07-10,宁德时代,300750,18.7,20.02,18.65,19.34,18.57,159315,1152969648.0,1.33,4.15
2019-07-09,宁德时代,300750,17.47,18.59,17.26,18.57,17.46,96027,671619520.0,0.8,6.36
2019-07-08,宁德时代,300750,18.39,18.39,16.92,17.46,18.69,83043,572956112.0,0.69,-6.58
2019-07-05,宁德时代,300750,18.7,18.93,18.1,18.69,18.68,88937,631207232.0,0.74,0.05
2019-07-04,宁德时代,300750,19.2,19.36,18.4,18.68,19.09,80844,575394320.0,0.68,-2.15
2019-07-03,宁德时代,300750,18.38,19.77,18.25,19.09,18.67,221002,1590621264.0,1.85,2.25
2019-07-02,宁德时代,300750,18.25,19.42,18.07,18.67,18.27,162520,1159161872.0,1.36,2.19
2019-07-01,宁德时代,300750,18.09,18.65,17.71,18.27,17.47,130772,918840416.0,1.09,4.58
2019-06-28,宁德时代,300750,17.48,17.78,16.98,17.47,18.05,57212,393261792.0,0.48,-3.21
2019-06-27,宁德时代,300750,17.99,18.49,17.79,18.05,18.08,109489,766946528.0,0.91,-0.17
2019-06-26,宁德时代,300750,17.23,18.4,17.14,18.08,17.44,94484,659276528.0,0.79,3.67
2019-06-25,宁德时代,300750,17.45,17.65,16.88,17.44,17.46,76388,524726336.0,0.64,-0.11
2019-06-24,宁德时代,300750,17.59,17.61,16.93,17.46,17.59,66059,452626112.0,0.55,-0.74
2019-06-21,宁德时代,300750,18.65,18.65,17.45,17.59,17.57,118186,821987072.0,0.99,0.11
2019-06-20,宁德时代,300750,17.92,18.23,17.12,17.57,17.92,128161,888389360.0,1.07,-1.95
2019-06-19,宁德时代,300750,19.75,19.89,17.6,17.92,18.68,142815,1005547312.0,1.19,-4.07
2019-06-18,宁德时代,300750,19.15,19.42,18.32,18.68,19.18,81801,582895040.0,0.68,-2.61
2019-06-17,宁德时代,300750,19.34,20.22,18.7,19.18,19.3,120705,876179728.0,1.01,-0.62
2019-06-14,宁德时代,300750,18.69,20.42,18.54,19.3,18.65,204333,1485468816.0,1.71,3.49
2019-06-13,宁德时代,300750,17.32,19.35,16.93,18.65,17.34,215488,1517836880.0,1.8,7.55
2019-06-12,宁德时代,300750,16.58,17.82,16.58,17.34,17.09,153508,1051599152.0,1.28,1.46
2019-06-11,宁德时代,300750,14.77,17.5,14.76,17.09,16.76,241071,1598113760.0,2.01,1.97
2019-06-10,宁德时代,300750,16.9,18.24,16.38,16.76,16.39,88452,608130672.0,4.07,2.26
2019-06-06,宁德时代,300750,17.43,17.48,16.24,16.39,17.58,37485,252839103.0,1.73,-6.77
2019-06-05,宁德时代,300750,16.63,17.73,16.63,17.58,16.35,50093,343503184.0,2.31,7.52
2019-06-04,宁德时代,300750,17.2,17.2,16.32,16.35,17.07,31667,213131577.0,1.46,-4.22
2019-06-03,宁德时代,300750,17.32,17.91,16.98,17.07,17.78,32528,223503068.0,1.5,-3.99
2019-05-31,宁德时代,300750,18.26,18.35,17.74,17.78,17.99,25167,175685319.0,1.16,-1.17
2019-05-30,宁德时代,300750,18.37,18.37,17.48,17.99,18.41,28726,199994014.0,1.32,-2.28
2019-05-29,宁德时代,300750,18.21,18.81,18.12,18.41,19.14,32951,232757105.0,1.52,-3.81
2019-05-28,宁德时代,300750,17.65,19.14,17.43,19.14,17.65,53181,372556048.0,2.45,8.44
2019-05-27,宁德时代,300750,16.98,17.89,16.8,17.65,16.9,43690,300432176.0,2.01,4.44
2019-05-24,宁德时代,300750,16.88,17.09,16.42,16.9,16.69,29311,198625492.0,1.35,1.26
2019-05-23,宁德时代,300750,17.43,17.68,16.59,16.69,17.74,44017,298347376.0,2.03,-5.92
2019-05-22,宁德时代,300750,18.49,18.6,17.68,17.74,18.18,27824,194769381.0,1.28,-2.42
2019-05-21,宁德时代,300750,18.22,18.75,18.03,18.18,17.92,31949,225101966.0,1.47,1.45
2019-05-20,宁德时代,300750,18.85,19.25,16.92,17.92,19.34,45237,315226944.0,2.08,-7.34
2019-05-17,宁德时代,300750,20.71,20.71,19.16,19.34,20.5,36003,263549587.0,1.66,-5.66
2019-05-16,宁德时代,300750,20.76,20.78,20.26,20.5,20.86,37372,277622384.0,1.72,-1.73
2019-05-15,宁德时代,300750,19.48,20.95,19.48,20.86,19.29,66195,491578064.0,3.05,8.14
2019-05-14,宁德时代,300750,19.16,19.87,19.15,19.29,18.98,43330,313815472.0,1.99,1.63
2019-05-13,宁德时代,300750,19.79,19.9,18.79,18.98,20.37,46327,334093984.0,2.13,-6.82
2019-05-10,宁德时代,300750,20.03,20.59,18.49,20.37,19.59,54074,396995568.0,2.49,3.98
2019-05-09,宁德时代,300750,20.32,20.92,19.55,19.59,20.65,48134,353504944.0,2.22,-5.13
2019-05-08,宁德时代,300750,20.82,21.52,20.15,20.65,21.34,34996,261613986.0,1.61,-3.23
2019-05-07,宁德时代,300750,21.43,22.22,21.22,21.34,21.26,37119,283552912.0,1.71,0.38
2019-05-06,宁德时代,300750,21.91,22.35,20.9,21.26,23.52,65431,499354096.0,3.01,-9.61
2019-04-30,宁德时代,300750,23.54,23.97,23.18,23.52,23.53,31091,248280438.0,1.43,-0.04
2019-04-29,宁德时代,300750,24.2,24.41,23.18,23.53,23.29,47883,383749264.0,2.2,1.03
2019-04-26,宁德时代,300750,23.09,23.84,23.08,23.29,23.15,34918,278261728.0,1.61,0.6
2019-04-25,宁德时代,300750,22.87,24.13,22.59,23.15,23.53,52973,422497296.0,2.44,-1.61
2019-04-24,宁德时代,300750,22.64,23.57,22.2,23.53,22.63,51344,404380496.0,2.36,3.98
2019-04-23,宁德时代,300750,23.93,24.01,20.88,22.63,24.33,115259,898901904.0,5.31,-6.99
2019-04-22,宁德时代,300750,25.43,25.65,24.22,24.33,25.43,66492,543402288.0,3.06,-4.33
2019-04-19,宁德时代,300750,26.16,26.42,25.26,25.43,26.23,62968,524874432.0,2.9,-3.05
2019-04-18,宁德时代,300750,27.05,27.15,26.1,26.23,27.04,70618,601487600.0,3.25,-3.0
2019-04-17,宁德时代,300750,25.59,27.14,25.59,27.04,24.91,205005,1752514960.0,9.44,8.55
2019-04-16,宁德时代,300750,23.93,24.91,23.85,24.91,24.19,57187,464852032.0,2.63,2.98
2019-04-15,宁德时代,300750,25.2,25.32,24.18,24.19,24.75,59951,491053136.0,2.76,-2.26
2019-04-12,宁德时代,300750,24.16,25.1,24.15,24.75,24.05,59357,486028528.0,2.73,2.91
2019-04-11,宁德时代,300750,24.9,25.09,23.97,24.05,24.89,89538,728469344.0,4.12,-3.37
2019-04-10,宁德时代,300750,25.77,25.77,24.59,24.89,25.82,108408,890277776.0,4.99,-3.6
2019-04-09,宁德时代,300750,26.29,26.57,25.26,25.82,24.92,119423,1003599920.0,5.5,3.61
2019-04-08,宁德时代,300750,26.27,26.37,24.26,24.92,25.97,113770,941060720.0,5.24,-4.04
2019-04-04,宁德时代,300750,26.22,26.52,25.87,25.97,26.14,66796,564517872.0,3.07,-0.65
2019-04-03,宁德时代,300750,26.32,26.54,25.8,26.14,26.42,71840,605819184.0,3.31,-1.06
2019-04-02,宁德时代,300750,27.18,27.22,26.05,26.42,27.18,102413,869961312.0,4.71,-2.8
2019-04-01,宁德时代,300750,26.52,27.52,26.43,27.18,26.43,92391,794157520.0,4.25,2.84
2019-03-29,宁德时代,300750,25.55,26.43,25.12,26.43,25.43,71241,598855280.0,3.28,3.93
2019-03-28,宁德时代,300750,25.5,26.07,24.82,25.43,25.54,58572,487897664.0,2.7,-0.43
2019-03-27,宁德时代,300750,26.7,27.28,24.93,25.54,26.59,94921,795590928.0,4.37,-3.95
2019-03-26,宁德时代,300750,28.1,28.37,26.37,26.59,28.65,97198,836361952.0,4.47,-7.19
2019-03-25,宁德时代,300750,28.08,29.53,27.55,28.65,27.3,129906,1158349088.0,5.98,4.95
2019-03-22,宁德时代,300750,27.6,27.6,26.54,27.3,27.6,60190,518360064.0,2.77,-1.09
2019-03-21,宁德时代,300750,27.54,28.32,26.95,27.6,27.63,81360,707343504.0,3.75,-0.11
2019-03-20,宁德时代,300750,28.37,28.37,26.88,27.63,28.43,88141,764749344.0,4.06,-2.81
2019-03-19,宁德时代,300750,28.73,30.25,28.09,28.43,28.8,68170,611077104.0,3.14,-1.28
2019-03-18,宁德时代,300750,29.14,29.2,28.04,28.8,29.11,72758,646068128.0,3.35,-1.06
2019-03-15,宁德时代,300750,29.21,29.98,28.63,29.11,28.62,78215,707054560.0,3.6,1.71
2019-03-14,宁德时代,300750,28.08,29.47,27.72,28.62,28.14,79826,710913728.0,3.67,1.71
2019-03-13,宁德时代,300750,29.75,29.75,27.93,28.14,29.8,75777,674377760.0,3.49,-5.57
2019-03-12,宁德时代,300750,30.09,31.34,28.77,29.8,28.05,147634,1352038768.0,6.8,6.24
2019-03-11,宁德时代,300750,26.28,28.19,26.18,28.05,26.41,93547,813096544.0,4.31,6.21
2019-03-08,宁德时代,300750,26.98,28.26,26.27,26.41,28.03,110697,951944816.0,5.1,-5.78
2019-03-07,宁德时代,300750,29.68,29.68,27.36,28.03,29.87,137071,1210805136.0,6.31,-6.16
2019-03-06,宁德时代,300750,30.94,31.32,28.86,29.87,30.65,104329,949501264.0,4.8,-2.54
2019-03-05,宁德时代,300750,30.53,30.86,29.87,30.65,30.53,86157,793012160.0,3.97,0.39
2019-03-04,宁德时代,300750,30.04,32.07,29.61,30.53,29.22,140369,1306102144.0,6.46,4.48
2019-03-01,宁德时代,300750,29.82,30.8,28.87,29.22,27.93,96193,873963504.0,4.43,4.62
2019-02-28,宁德时代,300750,26.99,28.75,26.99,27.93,27.01,72399,637896400.0,3.33,3.41
2019-02-27,宁德时代,300750,27.93,28.87,26.59,27.01,28.37,91038,795251088.0,4.19,-4.79
2019-02-26,宁德时代,300750,29.2,29.65,27.92,28.37,29.94,113242,1009210800.0,5.21,-5.24
2019-02-25,宁德时代,300750,26.85,30.13,26.85,29.94,26.08,154113,1380347008.0,7.09,14.8
2019-02-22,宁德时代,300750,25.32,26.59,24.82,26.08,25.5,89600,752183504.0,4.12,2.27
2019-02-21,宁德时代,300750,25.15,26.35,24.93,25.5,25.41,82288,690870560.0,3.79,0.35
2019-02-20,宁德时代,300750,25.2,26.15,24.82,25.41,24.92,60674,506750848.0,2.79,1.97
2019-02-19,宁德时代,300750,26.24,26.3,24.65,24.92,26.13,94258,782086064.0,4.34,-4.63
2019-02-18,宁德时代,300750,25.4,26.36,25.07,26.13,24.99,87787,735318288.0,4.04,4.56
2019-02-15,宁德时代,300750,26.09,26.98,24.98,24.99,26.27,105153,880799440.0,4.84,-4.87
2019-02-14,宁德时代,300750,24.48,28.58,24.4,26.27,24.59,127233,1084873168.0,5.86,6.83
2019-02-13,宁德时代,300750,24.09,25.63,23.85,24.59,24.2,78772,647619280.0,3.63,1.61
2019-02-12,宁德时代,300750,23.93,24.54,23.67,24.2,24.2,49891,402647824.0,2.3,0.0
2019-02-11,宁德时代,300750,23.09,24.42,23.08,24.2,22.76,83433,670709808.0,3.84,6.33
2019-02-01,宁德时代,300750,21.8,23.19,21.54,22.76,21.49,62144,483480064.0,2.86,5.91
2019-01-31,宁德时代,300750,21.58,22.41,21.45,21.49,21.54,44128,339614000.0,2.03,-0.23
2019-01-30,宁德时代,300750,20.5,22.18,20.1,21.54,21.8,77078,583430176.0,3.55,-1.19
2019-01-29,宁德时代,300750,21.57,22.2,20.37,21.8,21.47,52363,395374224.0,2.41,1.54
2019-01-28,宁德时代,300750,22.59,22.68,21.44,21.47,22.23,46289,355879568.0,2.13,-3.42
2019-01-25,宁德时代,300750,21.23,22.98,20.97,22.23,20.97,91190,707431984.0,4.2,6.01
2019-01-24,宁德时代,300750,20.87,21.35,20.7,20.97,21.12,37984,286305024.0,1.75,-0.71
2019-01-23,宁德时代,300750,20.46,21.24,20.32,21.12,20.47,48848,367089072.0,2.25,3.18
2019-01-22,宁德时代,300750,20.87,21.24,20.33,20.47,21.0,42589,318440032.0,1.96,-2.52
2019-01-21,宁德时代,300750,20.89,21.22,20.46,21.0,21.09,52412,392168960.0,2.41,-0.43
2019-01-18,宁德时代,300750,22.07,22.07,20.32,21.09,21.79,65039,488797280.0,2.99,-3.21
2019-01-17,宁德时代,300750,21.95,22.37,21.65,21.79,21.8,37188,286721584.0,1.71,-0.05
2019-01-16,宁德时代,300750,21.93,22.09,21.65,21.8,22.19,25739,197749843.0,1.18,-1.76
2019-01-15,宁德时代,300750,21.43,22.25,20.79,22.19,21.47,58736,448317232.0,2.7,3.35
2019-01-14,宁德时代,300750,21.04,21.61,20.48,21.47,21.03,48488,366505968.0,2.23,2.09
2019-01-11,宁德时代,300750,21.76,21.84,20.76,21.03,21.58,61367,463701248.0,2.82,-2.55
2019-01-10,宁德时代,300750,22.34,22.45,21.44,21.58,22.53,83943,644858368.0,3.86,-4.22
2019-01-09,宁德时代,300750,21.98,22.65,20.97,22.53,23.28,123799,952624096.0,5.7,-3.22
2019-01-08,宁德时代,300750,22.1,23.34,22.09,23.28,22.22,85750,674107584.0,3.95,4.77
2019-01-07,宁德时代,300750,21.95,22.34,21.59,22.22,21.96,59696,460577312.0,2.75,1.18
2019-01-04,宁德时代,300750,19.94,22.12,19.89,21.96,20.22,79053,602100016.0,3.64,8.61
2019-01-03,宁德时代,300750,19.49,20.62,19.49,20.22,20.13,44949,332238736.0,2.07,0.45
2019-01-02,宁德时代,300750,20.45,20.85,20.05,20.13,20.2,43941,326259376.0,2.02,-0.35
2018-12-28,宁德时代,300750,21.25,21.77,20.2,20.2,21.3,56292,424092160.0,2.59,-5.16
2018-12-27,宁德时代,300750,22.09,22.25,21.3,21.3,21.37,48815,373262656.0,2.25,-0.33
2018-12-26,宁德时代,300750,22.09,22.48,21.17,21.37,22.09,49253,376715936.0,2.27,-3.26
2018-12-25,宁德时代,300750,22.0,22.39,21.23,22.09,22.55,65883,504970960.0,3.03,-2.04
2018-12-24,宁德时代,300750,22.36,23.23,21.99,22.55,22.82,59388,463915424.0,2.73,-1.18
2018-12-21,宁德时代,300750,22.28,22.82,21.2,22.82,22.17,88737,681882656.0,4.08,2.93
2018-12-20,宁德时代,300750,23.3,23.31,21.55,22.17,23.37,97737,757316336.0,4.5,-5.13
2018-12-19,宁德时代,300750,23.18,24.59,22.73,23.37,23.4,70927,567762544.0,3.26,-0.13
2018-12-18,宁德时代,300750,23.09,23.98,22.92,23.4,23.74,48856,388830544.0,2.25,-1.43
2018-12-17,宁德时代,300750,22.98,23.92,21.98,23.74,23.28,68645,540779216.0,3.16,1.98
2018-12-14,宁德时代,300750,24.72,25.03,23.27,23.28,24.82,70905,573225344.0,3.26,-6.2
2018-12-13,宁德时代,300750,24.72,24.91,23.97,24.82,24.48,72444,591252240.0,3.33,1.39
2018-12-12,宁德时代,300750,23.28,24.75,23.09,24.48,22.85,94725,767328384.0,4.36,7.13
2018-12-11,宁德时代,300750,22.82,23.19,22.44,22.85,22.7,34501,270881616.0,1.59,0.66
2018-12-10,宁德时代,300750,23.34,23.85,21.87,22.7,23.48,76068,593846048.0,3.5,-3.32
2018-12-07,宁德时代,300750,23.19,23.9,23.19,23.48,23.1,56421,450938752.0,2.6,1.65
2018-12-06,宁德时代,300750,24.09,24.92,23.09,23.1,24.41,113854,917634576.0,5.24,-5.37
2018-12-05,宁德时代,300750,24.2,25.09,23.98,24.41,24.93,73916,602269936.0,3.4,-2.09
2018-12-04,宁德时代,300750,23.76,25.36,23.67,24.93,24.12,95797,785692896.0,4.41,3.36
2018-12-03,宁德时代,300750,25.05,25.59,23.96,24.12,23.67,126452,1034073824.0,5.82,1.9
2018-11-30,宁德时代,300750,22.54,24.2,22.54,23.67,22.55,90676,724258624.0,4.17,4.97
2018-11-29,宁德时代,300750,23.37,24.48,22.55,22.55,22.92,97363,778202192.0,4.48,-1.61
2018-11-28,宁德时代,300750,21.29,23.36,21.01,22.92,21.2,99188,772880032.0,4.57,8.11
2018-11-27,宁德时代,300750,20.69,21.9,20.18,21.2,20.66,79533,599419280.0,3.66,2.61
2018-11-26,宁德时代,300750,20.2,20.8,19.65,20.66,20.3,76100,561073984.0,3.5,1.77
2018-11-23,宁德时代,300750,22.49,22.51,20.26,20.3,22.49,104037,782322416.0,4.79,-9.74
2018-11-22,宁德时代,300750,22.65,23.34,22.32,22.49,22.9,40718,318546096.0,1.87,-1.79
2018-11-21,宁德时代,300750,22.26,23.51,21.7,22.9,22.41,73148,573993360.0,3.37,2.19
2018-11-20,宁德时代,300750,22.93,23.2,22.29,22.41,23.29,77221,603966816.0,3.55,-3.78
2018-11-19,宁德时代,300750,23.42,24.47,23.09,23.29,23.71,72590,579343248.0,3.34,-1.77
2018-11-16,宁德时代,300750,24.58,24.63,22.88,23.71,24.4,98094,785031536.0,4.52,-2.83
2018-11-15,宁德时代,300750,23.88,24.87,23.59,24.4,24.2,75769,614559632.0,3.49,0.83
2018-11-14,宁德时代,300750,23.88,25.32,23.51,24.2,24.55,107907,873812064.0,4.97,-1.43
2018-11-13,宁德时代,300750,24.76,25.04,23.54,24.55,25.45,142870,1158416128.0,6.58,-3.54
2018-11-12,宁德时代,300750,21.98,25.76,21.82,25.45,22.4,148899,1205794048.0,6.85,13.62
2018-11-09,宁德时代,300750,21.98,23.12,21.79,22.4,22.15,60639,473740960.0,2.79,1.13
2018-11-08,宁德时代,300750,23.56,23.86,21.92,22.15,23.12,80449,630122240.0,3.7,-4.2
2018-11-07,宁德时代,300750,23.76,24.97,22.65,23.12,24.52,126587,1013339456.0,5.83,-5.71
2018-11-06,宁德时代,300750,23.11,24.98,21.43,24.52,23.31,121658,954114784.0,5.6,5.19
2018-11-05,宁德时代,300750,22.8,25.03,22.43,23.31,22.8,130635,1045459984.0,6.01,2.24
2018-11-02,宁德时代,300750,21.5,22.89,21.45,22.8,20.1,137059,1059238496.0,6.31,13.43
2018-11-01,宁德时代,300750,20.98,21.88,19.88,20.1,20.59,97240,733949872.0,4.48,-2.38
2018-10-31,宁德时代,300750,21.03,22.22,20.43,20.59,20.87,97944,743436080.0,4.51,-1.34
2018-10-30,宁德时代,300750,18.45,21.07,18.03,20.87,18.52,128876,939263216.0,5.93,12.69
2018-10-29,宁德时代,300750,20.84,21.09,18.43,18.52,20.65,127198,923032368.0,5.86,-10.31
2018-10-26,宁德时代,300750,24.03,24.03,19.77,20.65,24.15,176917,1361043440.0,8.14,-14.49
2018-10-25,宁德时代,300750,20.87,24.53,20.6,24.15,21.98,133722,1042168320.0,6.16,9.87
2018-10-24,宁德时代,300750,22.45,23.35,21.49,21.98,22.54,100428,782578272.0,4.62,-2.48
2018-10-23,宁德时代,300750,22.59,23.63,21.48,22.54,23.15,127366,987704576.0,5.86,-2.63
2018-10-22,宁德时代,300750,20.37,24.26,20.37,23.15,20.19,181064,1408026240.0,8.33,14.66
2018-10-19,宁德时代,300750,16.43,20.46,16.43,20.19,17.0,141251,1008056880.0,6.5,18.76
2018-10-18,宁德时代,300750,17.37,18.87,15.6,17.0,18.09,108109,741423984.0,4.98,-6.03
2018-10-17,宁德时代,300750,17.97,19.08,17.65,18.09,17.45,142322,1000278464.0,6.55,3.67
2018-10-16,宁德时代,300750,18.09,18.29,16.95,17.45,17.62,104522,723312816.0,4.81,-0.96
2018-10-15,宁德时代,300750,17.43,17.62,16.92,17.62,14.13,198015,1362852720.0,9.11,24.7
2018-10-12,宁德时代,300750,12.79,14.29,12.75,14.13,12.79,86003,531900784.0,3.96,10.48
2018-10-11,宁德时代,300750,13.58,14.47,12.27,12.79,15.26,128095,785418496.0,5.9,-16.19
2018-10-10,宁德时代,300750,15.65,15.76,14.54,15.26,15.26,71632,464126640.0,3.3,0.0
2018-10-09,宁德时代,300750,17.49,17.63,14.82,15.26,17.23,133894,888448832.0,6.16,-11.43
2018-10-08,宁德时代,300750,19.14,19.14,16.87,17.23,19.76,131167,915229216.0,6.04,-12.8
2018-09-28,宁德时代,300750,19.27,20.92,19.27,19.76,19.51,119211,880458288.0,5.49,1.28
2018-09-27,宁德时代,300750,19.34,20.84,19.04,19.51,19.7,136947,1005558176.0,6.3,-0.96
2018-09-26,宁德时代,300750,17.35,20.04,17.35,19.7,17.17,160616,1149820352.0,7.39,14.74
2018-09-25,宁德时代,300750,17.2,17.7,16.82,17.17,17.64,42042,287948496.0,1.94,-2.66
2018-09-21,宁德时代,300750,17.33,18.04,16.9,17.64,16.98,77482,535412400.0,3.57,3.89
2018-09-20,宁德时代,300750,16.43,18.04,16.43,16.98,16.61,102007,703066416.0,4.7,2.23
2018-09-19,宁德时代,300750,15.87,17.29,15.56,16.61,16.07,95026,637368896.0,4.37,3.36
2018-09-18,宁德时代,300750,14.2,16.1,14.2,16.07,14.6,77892,505525632.0,3.59,10.07
2018-09-17,宁德时代,300750,15.08,15.58,14.53,14.6,15.82,71314,460645760.0,3.28,-7.71
2018-09-14,宁德时代,300750,16.04,17.54,15.79,15.82,15.2,158318,1068356176.0,7.29,4.08
2018-09-13,宁德时代,300750,15.67,15.93,14.42,15.2,15.04,98520,637747216.0,4.54,1.06
2018-09-12,宁德时代,300750,14.09,15.45,13.99,15.04,13.97,121160,779904480.0,5.58,7.66
2018-09-11,宁德时代,300750,13.32,14.29,13.32,13.97,13.29,66293,413926192.0,3.05,5.12
2018-09-10,宁德时代,300750,14.52,14.64,13.09,13.29,14.38,65451,404054144.0,3.01,-7.58
2018-09-07,宁德时代,300750,13.92,15.25,13.77,14.38,13.56,127486,813256864.0,5.87,6.05
2018-09-06,宁德时代,300750,12.87,14.01,12.72,13.56,13.31,88541,547542960.0,4.08,1.88
2018-09-05,宁德时代,300750,14.54,14.75,13.31,13.31,14.68,96893,604400368.0,4.46,-9.33
2018-09-04,宁德时代,300750,14.32,14.9,14.07,14.68,14.35,80676,512634928.0,3.71,2.3
2018-09-03,宁德时代,300750,15.2,15.2,13.09,14.35,15.59,159108,998632544.0,7.32,-7.95
2018-08-31,宁德时代,300750,17.25,17.65,15.32,15.59,18.09,159012,1072916768.0,7.32,-13.82
2018-08-30,宁德时代,300750,19.87,20.32,17.89,18.09,19.77,136818,979226464.0,6.3,-8.5
2018-08-29,宁德时代,300750,19.54,20.04,19.1,19.77,19.77,103338,749871856.0,4.76,0.0
2018-08-28,宁德时代,300750,18.43,20.49,18.32,19.77,18.35,188140,1362031264.0,8.66,7.74
2018-08-27,宁德时代,300750,17.3,18.64,16.92,18.35,17.43,129151,900979600.0,5.94,5.28
2018-08-24,宁德时代,300750,16.88,18.76,16.82,17.43,17.59,133609,931622752.0,6.15,-0.91
2018-08-23,宁德时代,300750,16.79,17.9,16.47,17.59,16.69,121931,835080336.0,5.61,5.39
2018-08-22,宁德时代,300750,17.57,18.23,16.54,16.69,17.85,89999,617772720.0,4.14,-6.5
2018-08-21,宁德时代,300750,17.52,18.53,16.99,17.85,17.51,102088,709924224.0,4.7,1.94
2018-08-20,宁德时代,300750,16.92,17.6,15.87,17.51,17.07,109229,739769200.0,5.03,2.58
2018-08-17,宁德时代,300750,18.04,18.38,17.04,17.07,17.53,82248,570722224.0,3.79,-2.62
2018-08-16,宁德时代,300750,16.98,18.03,15.99,17.53,17.6,107153,733358640.0,4.93,-0.4
2018-08-15,宁德时代,300750,18.64,19.22,17.54,17.6,18.97,129167,905177232.0,5.95,-7.22
2018-08-14,宁德时代,300750,20.2,20.25,18.89,18.97,20.32,117356,847545776.0,5.4,-6.64
2018-08-13,宁德时代,300750,19.76,20.42,19.22,20.32,20.56,109496,800760032.0,5.04,-1.17
2018-08-10,宁德时代,300750,20.09,20.59,19.77,20.56,20.35,116739,862092544.0,5.37,1.03
2018-08-09,宁德时代,300750,18.87,21.24,18.26,20.35,18.94,184749,1364797392.0,8.5,7.44
2018-08-08,宁德时代,300750,20.04,20.08,18.71,18.94,20.2,147708,1067594672.0,6.8,-6.24
2018-08-07,宁德时代,300750,18.36,20.57,18.09,20.2,17.9,199649,1445537168.0,9.19,12.85
2018-08-06,宁德时代,300750,17.54,18.69,16.76,17.9,17.87,157069,1096989856.0,7.23,0.17
2018-08-03,宁德时代,300750,19.07,19.84,17.35,17.87,19.52,172889,1223071472.0,7.96,-8.45
2018-08-02,宁德时代,300750,18.32,19.92,18.12,19.52,18.88,198535,1429095200.0,9.14,3.39
2018-08-01,宁德时代,300750,19.2,20.11,18.66,18.88,19.33,179336,1298707856.0,8.26,-2.33
2018-07-31,宁德时代,300750,21.86,21.87,18.38,19.33,21.9,281283,2055880224.0,12.95,-11.74
2018-07-30,宁德时代,300750,21.7,22.17,20.87,21.9,21.45,180418,1377263296.0,8.3,2.1
2018-07-27,宁德时代,300750,22.54,22.89,21.24,21.45,22.65,228096,1748397056.0,10.5,-5.3
2018-07-26,宁德时代,300750,23.93,25.09,21.76,22.65,25.09,392870,3115796624.0,18.08,-9.72
2018-07-25,宁德时代,300750,29.76,32.03,25.09,25.09,30.19,457193,4027958768.0,21.05,-16.89
2018-07-24,宁德时代,300750,28.37,30.85,27.82,30.19,28.44,265010,2395962688.0,12.2,6.15
2018-07-23,宁德时代,300750,28.65,29.5,27.84,28.44,29.72,250144,2223986144.0,11.51,-4.31
2018-07-20,宁德时代,300750,25.04,29.86,24.77,29.72,25.25,426956,3750334640.0,19.65,17.7
2018-07-19,宁德时代,300750,24.76,26.51,24.02,25.25,24.92,250745,2089886960.0,11.54,1.32
2018-07-18,宁德时代,300750,24.92,26.08,23.71,24.92,24.92,271138,2233771792.0,12.48,0.0
2018-07-17,宁德时代,300750,25.38,25.97,23.46,24.92,25.82,286153,2336837088.0,13.17,-3.49
2018-07-16,宁德时代,300750,25.15,26.29,23.7,25.82,25.15,295152,2439742032.0,13.59,2.66
2018-07-13,宁德时代,300750,24.76,28.35,24.22,25.15,26.3,482021,4049051408.0,22.19,-4.37
2018-07-12,宁德时代,300750,21.44,26.3,21.2,26.3,22.02,430852,3430182912.0,19.83,19.44
2018-07-11,宁德时代,300750,18.09,23.06,17.86,22.02,19.43,491208,3695050768.0,22.61,13.33
2018-07-10,宁德时代,300750,20.87,21.37,19.02,19.43,18.95,364844,2666043232.0,16.79,2.53
2018-07-09,宁德时代,300750,18.54,18.97,17.6,18.95,18.58,310690,2183986512.0,14.3,1.99
2018-07-06,宁德时代,300750,17.43,20.59,17.37,18.58,17.43,492134,3511358608.0,22.65,6.6
2018-07-05,宁德时代,300750,15.32,19.14,15.25,17.43,15.83,343378,2343510064.0,15.81,10.11
2018-07-04,宁德时代,300750,17.07,17.07,15.59,15.83,17.7,262822,1749919472.0,12.1,-10.56
2018-07-03,宁德时代,300750,18.2,18.75,15.79,17.7,18.09,339101,2337186960.0,15.61,-2.16
2018-07-02,宁德时代,300750,18.53,18.92,17.6,18.09,19.18,324702,2278646000.0,14.95,-5.68
2018-06-29,宁德时代,300750,17.36,20.48,16.85,19.18,17.1,456986,3231958800.0,21.04,12.16
2018-06-28,宁德时代,300750,19.93,21.09,16.67,17.1,20.37,530810,3770134240.0,24.43,-16.05
2018-06-27,宁德时代,300750,20.43,20.83,19.08,20.37,20.42,441389,3241043472.0,20.32,-0.24
2018-06-26,宁德时代,300750,16.92,21.18,16.48,20.42,17.64,625535,4537098752.0,28.79,15.76
2018-06-25,宁德时代,300750,17.09,18.98,16.55,17.64,16.18,699820,4868406784.0,32.21,9.02
2018-06-22,宁德时代,300750,19.2,19.6,14.48,16.18,18.39,1281706,8599728896.0,59.0,-12.02
2018-06-21,宁德时代,300750,18.39,18.39,18.39,18.39,14.83,12317,86881296.0,0.57,24.01
2018-06-20,宁德时代,300750,14.83,14.83,14.83,14.83,11.59,13104,84034797.0,0.6,27.96
2018-06-19,宁德时代,300750,11.59,11.59,11.59,11.59,8.65,11174,65146052.0,0.51,33.99
2018-06-15,宁德时代,300750,8.65,8.65,8.65,8.65,5.97,2565,13595030.0,0.12,44.89
2018-06-14,宁德时代,300750,5.97,5.97,5.97,5.97,3.54,743,3578184.0,0.03,68.64
2018-06-13,宁德时代,300750,3.54,3.54,3.54,3.54,1.33,450,1972314.0,0.02,166.17
2018-06-12,宁德时代,300750,1.33,1.33,1.33,1.33,-0.68,266,1058375.0,0.01,295.59
2018-06-11,宁德时代,300750,-4.03,-0.68,-4.03,-0.68,,788,2845471.0,0.04,90.04
