日期,股票名称,代码,开盘,最高,最低,收盘,前收盘,成交量,成交额,换手率,涨跌幅
2026-05-14,平安银行,000001,11.14,11.15,11.09,11.15,11.14,176453,196212765.22,0.09,0.09
2026-05-13,平安银行,000001,11.25,11.28,11.11,11.14,11.25,1017974,1136724107.4,0.52,-0.98
2026-05-12,平安银行,000001,11.28,11.36,11.21,11.25,11.28,1029038,1158241865.91,0.53,-0.27
2026-05-11,平安银行,000001,11.29,11.31,11.16,11.28,11.3,931865,1047435369.38,0.48,-0.18
2026-05-08,平安银行,000001,11.34,11.42,11.3,11.3,11.37,798820,905737835.21,0.41,-0.62
2026-05-07,平安银行,000001,11.37,11.39,11.3,11.37,11.36,936958,1062755238.5,0.48,0.09
2026-05-06,平安银行,000001,11.5,11.5,11.3,11.36,11.49,1216388,1380730921.13,0.63,-1.13
2026-04-30,平安银行,000001,11.5,11.6,11.46,11.49,11.52,1139242,1312827775.76,0.59,-0.26
2026-04-29,平安银行,000001,11.43,11.54,11.39,11.52,11.46,1378423,1583294868.98,0.71,0.52
2026-04-28,平安银行,000001,11.36,11.46,11.32,11.46,11.38,1674259,1908333958.72,0.86,0.7
2026-04-27,平安银行,000001,11.33,11.57,11.29,11.38,11.0,3401276,3891707615.21,1.75,3.45
2026-04-24,平安银行,000001,10.98,11.03,10.92,11.0,11.0,582710,639781173.32,0.3,0.0
2026-04-23,平安银行,000001,10.98,11.03,10.93,11.0,10.98,648067,711757543.31,0.33,0.18
2026-04-22,平安银行,000001,11.08,11.09,10.95,10.98,11.08,839054,923203009.35,0.43,-0.9
2026-04-21,平安银行,000001,11.04,11.16,11.03,11.08,11.06,806946,896659539.18,0.42,0.18
2026-04-20,平安银行,000001,11.01,11.07,10.96,11.06,11.01,630034,695097193.51,0.32,0.45
2026-04-17,平安银行,000001,11.09,11.11,10.99,11.01,11.09,722530,797678405.53,0.37,-0.72
2026-04-16,平安银行,000001,11.2,11.23,11.07,11.09,11.21,680915,758006903.42,0.35,-1.07
2026-04-15,平安银行,000001,11.16,11.22,11.15,11.21,11.17,503938,564031568.33,0.26,0.36
2026-04-14,平安银行,000001,11.07,11.17,11.07,11.17,11.07,496151,551741632.58,0.26,0.9
2026-04-13,平安银行,000001,11.05,11.09,11.03,11.07,11.09,406104,449056813.73,0.21,-0.18
2026-04-10,平安银行,000001,11.1,11.13,11.07,11.09,11.1,481047,534088990.51,0.25,-0.09
2026-04-09,平安银行,000001,11.17,11.22,11.06,11.1,11.22,602365,669239285.37,0.31,-1.07
2026-04-08,平安银行,000001,11.11,11.22,11.05,11.22,11.03,812976,906308305.45,0.42,1.72
2026-04-07,平安银行,000001,11.12,11.14,10.97,11.03,11.12,607955,671322754.77,0.31,-0.81
2026-04-03,平安银行,000001,11.28,11.28,11.09,11.12,11.27,757757,845283641.29,0.39,-1.33
2026-04-02,平安银行,000001,11.15,11.32,11.13,11.27,11.15,1148895,1292756711.67,0.59,1.08
2026-04-01,平安银行,000001,11.09,11.23,11.08,11.15,11.08,918925,1025538832.67,0.47,0.63
2026-03-31,平安银行,000001,11.0,11.18,10.99,11.08,10.99,1164565,1294675716.15,0.6,0.82
2026-03-30,平安银行,000001,10.98,11.05,10.94,10.99,11.02,632522,696208267.35,0.33,-0.27
2026-03-27,平安银行,000001,10.91,11.05,10.83,11.02,10.94,884129,972821270.14,0.46,0.73
2026-03-26,平安银行,000001,10.91,11.05,10.9,10.94,10.94,827664,909199430.74,0.43,0.0
2026-03-25,平安银行,000001,10.89,10.95,10.79,10.94,10.88,744780,809739890.44,0.38,0.55
2026-03-24,平安银行,000001,10.52,10.89,10.52,10.88,10.45,1622251,1744746707.7,0.84,4.11
2026-03-23,平安银行,000001,10.68,10.68,10.43,10.45,10.77,1580088,1666328347.8,0.81,-2.97
2026-03-20,平安银行,000001,10.87,10.94,10.76,10.77,10.88,834083,903819004.16,0.43,-1.01
2026-03-19,平安银行,000001,10.92,10.97,10.86,10.88,10.96,624212,681086518.72,0.32,-0.73
2026-03-18,平安银行,000001,11.04,11.04,10.91,10.96,11.03,791079,867711250.46,0.41,-0.63
2026-03-17,平安银行,000001,10.91,11.07,10.9,11.03,10.92,1076657,1187565491.59,0.55,1.01
2026-03-16,平安银行,000001,10.93,10.97,10.88,10.92,10.93,715603,782089440.63,0.37,-0.09
2026-03-13,平安银行,000001,10.93,11.0,10.87,10.93,10.94,841939,920839355.51,0.43,-0.09
2026-03-12,平安银行,000001,10.87,10.96,10.85,10.94,10.89,754906,824171953.5,0.39,0.46
2026-03-11,平安银行,000001,10.79,10.9,10.77,10.89,10.81,720535,781041008.86,0.37,0.74
2026-03-10,平安银行,000001,10.77,10.81,10.73,10.81,10.76,790112,850573535.93,0.41,0.46
2026-03-09,平安银行,000001,10.79,10.82,10.74,10.76,10.82,835892,900716851.39,0.43,-0.55
2026-03-06,平安银行,000001,10.78,10.84,10.77,10.82,10.81,476577,514733549.73,0.25,0.09
2026-03-05,平安银行,000001,10.72,10.84,10.7,10.81,10.71,712641,768553597.53,0.37,0.93
2026-03-04,平安银行,000001,10.84,10.84,10.67,10.71,10.88,1089714,1167995855.73,0.56,-1.56
2026-03-03,平安银行,000001,10.85,10.95,10.8,10.88,10.85,1028695,1119402076.0,0.53,0.28
2026-03-02,平安银行,000001,10.85,10.89,10.77,10.85,10.9,838874,908747811.55,0.43,-0.46
2026-02-27,平安银行,000001,10.86,10.92,10.84,10.9,10.87,612228,666177345.8,0.32,0.28
2026-02-26,平安银行,000001,10.86,10.91,10.8,10.87,10.86,712730,772947726.7,0.37,0.09
2026-02-25,平安银行,000001,10.91,10.95,10.78,10.86,10.91,1063135,1156693737.43,0.55,-0.46
2026-02-24,平安银行,000001,10.93,10.95,10.88,10.91,10.91,602512,657487700.23,0.31,0.0
2026-02-13,平安银行,000001,10.96,10.99,10.9,10.91,10.96,555047,607501376.05,0.29,-0.46
2026-02-12,平安银行,000001,11.07,11.08,10.93,10.96,11.07,681340,748338546.8,0.35,-0.99
2026-02-11,平安银行,000001,11.06,11.09,11.02,11.07,11.06,431041,476801864.09,0.22,0.09
2026-02-10,平安银行,000001,11.07,11.1,11.02,11.06,11.07,600430,664140162.34,0.31,-0.09
2026-02-09,平安银行,000001,11.05,11.11,11.01,11.07,11.05,619717,685218214.66,0.32,0.18
2026-02-06,平安银行,000001,11.08,11.14,10.99,11.05,11.09,727710,803862240.92,0.38,-0.36
2026-02-05,平安银行,000001,10.98,11.11,10.96,11.09,10.97,1177591,1301134141.58,0.61,1.09
2026-02-04,平安银行,000001,10.85,10.98,10.84,10.97,10.84,695415,760107689.09,0.36,1.2
2026-02-03,平安银行,000001,10.89,10.9,10.77,10.84,10.86,806628,872562155.41,0.42,-0.18
2026-02-02,平安银行,000001,10.82,11.03,10.8,10.86,10.83,1223173,1337643444.96,0.63,0.28
2026-01-30,平安银行,000001,10.94,11.03,10.83,10.83,10.96,1091755,1191181198.25,0.56,-1.19
2026-01-29,平安银行,000001,10.84,10.98,10.66,10.96,10.84,1852994,2001845207.96,0.95,1.11
2026-01-28,平安银行,000001,10.94,10.99,10.82,10.84,10.94,1438766,1570012850.06,0.74,-0.91
2026-01-27,平安银行,000001,10.96,11.03,10.93,10.94,10.96,894091,981119837.75,0.46,-0.18
2026-01-26,平安银行,000001,10.98,11.06,10.92,10.96,10.99,1106247,1214803430.68,0.57,-0.27
2026-01-23,平安银行,000001,11.07,11.09,10.98,10.99,11.07,1109994,1224886435.95,0.57,-0.72
2026-01-22,平安银行,000001,11.07,11.15,11.05,11.07,11.07,788635,873985784.71,0.41,0.0
2026-01-21,平安银行,000001,11.15,11.18,11.06,11.07,11.16,900125,1001045287.81,0.46,-0.81
2026-01-20,平安银行,000001,11.12,11.2,11.11,11.16,11.12,772276,861694177.62,0.4,0.36
2026-01-19,平安银行,000001,11.15,11.21,11.11,11.12,11.19,804741,896712443.28,0.41,-0.63
2026-01-16,平安银行,000001,11.34,11.34,11.16,11.19,11.31,1119473,1257713579.29,0.58,-1.06
2026-01-15,平安银行,000001,11.33,11.37,11.3,11.31,11.36,884960,1002514946.79,0.46,-0.44
2026-01-14,平安银行,000001,11.47,11.47,11.35,11.36,11.47,1274757,1454416591.07,0.66,-0.96
2026-01-13,平安银行,000001,11.48,11.54,11.44,11.47,11.48,1061541,1219755568.52,0.55,-0.09
2026-01-12,平安银行,000001,11.45,11.49,11.42,11.48,11.46,855213,979700148.21,0.44,0.17
2026-01-09,平安银行,000001,11.53,11.53,11.44,11.46,11.51,983390,1128076547.08,0.51,-0.43
2026-01-08,平安银行,000001,11.64,11.65,11.49,11.51,11.64,1100085,1268647294.7,0.57,-1.12
2026-01-07,平安银行,000001,11.66,11.82,11.62,11.64,11.67,966236,1131165699.04,0.5,-0.26
2026-01-06,平安银行,000001,11.5,11.68,11.48,11.67,11.5,1304648,1512911583.88,0.67,1.48
2026-01-05,平安银行,000001,11.42,11.51,11.41,11.5,11.41,875491,1003479224.05,0.45,0.79
2025-12-31,平安银行,000001,11.48,11.49,11.4,11.41,11.48,590620,675457357.45,0.3,-0.61
2025-12-30,平安银行,000001,11.53,11.56,11.45,11.48,11.56,582584,669409275.27,0.3,-0.69
2025-12-29,平安银行,000001,11.54,11.62,11.5,11.56,11.54,648295,749082977.59,0.33,0.17
2025-12-26,平安银行,000001,11.56,11.59,11.53,11.54,11.56,436340,504079280.05,0.22,-0.17
2025-12-25,平安银行,000001,11.54,11.62,11.52,11.56,11.54,547455,633772624.98,0.28,0.17
2025-12-24,平安银行,000001,11.55,11.58,11.49,11.54,11.56,505244,582458734.52,0.26,-0.17
2025-12-23,平安银行,000001,11.52,11.6,11.5,11.56,11.52,666266,770081939.85,0.34,0.35
2025-12-22,平安银行,000001,11.61,11.61,11.51,11.52,11.62,742369,857197057.46,0.38,-0.86
2025-12-19,平安银行,000001,11.63,11.65,11.58,11.62,11.64,649886,755106127.43,0.33,-0.17
2025-12-18,平安银行,000001,11.51,11.65,11.48,11.64,11.53,790467,916247610.59,0.41,0.95
2025-12-17,平安银行,000001,11.47,11.58,11.42,11.53,11.48,701495,807135164.41,0.36,0.44
2025-12-16,平安银行,000001,11.49,11.55,11.44,11.48,11.51,647351,743389002.32,0.33,-0.26
2025-12-15,平安银行,000001,11.34,11.54,11.33,11.51,11.35,940833,1080642231.19,0.48,1.41
2025-12-12,平安银行,000001,11.37,11.43,11.3,11.35,11.37,1191895,1357465371.22,0.61,-0.18
2025-12-11,平安银行,000001,11.35,11.39,11.3,11.37,11.33,925261,1049906215.97,0.48,0.35
2025-12-10,平安银行,000001,11.44,11.46,11.29,11.33,11.43,1044065,1184087688.01,0.54,-0.87
2025-12-09,平安银行,000001,11.52,11.54,11.43,11.43,11.52,733957,842732358.15,0.38,-0.78
2025-12-08,平安银行,000001,11.49,11.6,11.48,11.52,11.53,855899,988510035.14,0.44,-0.09
2025-12-05,平安银行,000001,11.49,11.54,11.4,11.53,11.49,890766,1022334911.54,0.46,0.35
2025-12-04,平安银行,000001,11.55,11.58,11.46,11.49,11.55,886090,1019178990.3,0.46,-0.52
2025-12-03,平安银行,000001,11.64,11.7,11.54,11.55,11.64,944601,1099167226.64,0.49,-0.77
2025-12-02,平安银行,000001,11.68,11.73,11.59,11.64,11.69,768060,894720591.59,0.4,-0.43
2025-12-01,平安银行,000001,11.6,11.7,11.53,11.69,11.61,1037323,1205480322.84,0.53,0.69
2025-11-28,平安银行,000001,11.67,11.68,11.58,11.61,11.71,884358,1027933463.87,0.46,-0.85
2025-11-27,平安银行,000001,11.66,11.71,11.58,11.71,11.69,1011847,1178308953.13,0.52,0.17
2025-11-26,平安银行,000001,11.81,11.85,11.65,11.69,11.8,821301,962935429.85,0.42,-0.93
2025-11-25,平安银行,000001,11.61,11.8,11.58,11.8,11.6,1028081,1203879796.74,0.53,1.72
2025-11-24,平安银行,000001,11.7,11.73,11.6,11.6,11.69,1117119,1302444629.51,0.58,-0.77
2025-11-21,平安银行,000001,11.8,11.88,11.66,11.69,11.85,1465359,1721871193.26,0.76,-1.35
2025-11-20,平安银行,000001,11.79,11.99,11.74,11.85,11.8,1637040,1948415939.65,0.84,0.42
2025-11-19,平安银行,000001,11.58,11.83,11.57,11.8,11.59,1334996,1565428546.57,0.69,1.81
2025-11-18,平安银行,000001,11.65,11.69,11.57,11.59,11.67,670077,778887577.92,0.35,-0.69
2025-11-17,平安银行,000001,11.75,11.75,11.62,11.67,11.75,995233,1161416221.76,0.51,-0.68
2025-11-14,平安银行,000001,11.67,11.84,11.66,11.75,11.7,1316995,1551867288.21,0.68,0.43
2025-11-13,平安银行,000001,11.68,11.72,11.57,11.7,11.68,978991,1139765204.11,0.5,0.17
2025-11-12,平安银行,000001,11.7,11.79,11.65,11.68,11.67,1141325,1337963805.19,0.59,0.09
2025-11-11,平安银行,000001,11.62,11.69,11.57,11.67,11.63,886509,1033284775.65,0.46,0.34
2025-11-10,平安银行,000001,11.52,11.64,11.45,11.63,11.55,827208,957555600.77,0.43,0.69
2025-11-07,平安银行,000001,11.52,11.58,11.5,11.55,11.51,734851,848177983.52,0.38,0.35
2025-11-06,平安银行,000001,11.5,11.58,11.47,11.51,11.52,766585,882799461.59,0.4,-0.09
2025-11-05,平安银行,000001,11.59,11.6,11.5,11.52,11.59,794926,918112474.29,0.41,-0.6
2025-11-04,平安银行,000001,11.42,11.64,11.4,11.59,11.43,1503007,1737289513.56,0.77,1.4
2025-11-03,平安银行,000001,11.34,11.44,11.3,11.43,11.32,952326,1084422503.85,0.49,0.97
2025-10-31,平安银行,000001,11.38,11.4,11.3,11.32,11.38,970193,1099179193.25,0.5,-0.53
2025-10-30,平安银行,000001,11.38,11.47,11.36,11.38,11.39,943770,1077182643.3,0.49,-0.09
2025-10-29,平安银行,000001,11.46,11.46,11.36,11.39,11.47,966214,1100783363.08,0.5,-0.7
2025-10-28,平安银行,000001,11.53,11.58,11.42,11.47,11.52,821568,943626835.3,0.42,-0.43
2025-10-27,平安银行,000001,11.54,11.61,11.44,11.52,11.56,1239485,1428199707.19,0.64,-0.35
2025-10-24,平安银行,000001,11.6,11.68,11.55,11.56,11.63,980475,1138026681.09,0.51,-0.6
2025-10-23,平安银行,000001,11.52,11.71,11.5,11.63,11.52,1373112,1593155218.0,0.71,0.95
2025-10-22,平安银行,000001,11.4,11.54,11.4,11.52,11.43,833703,957661635.9,0.43,0.79
2025-10-21,平安银行,000001,11.4,11.47,11.39,11.43,11.42,761165,869658079.64,0.39,0.09
2025-10-20,平安银行,000001,11.41,11.45,11.27,11.42,11.4,952641,1081829699.98,0.49,0.18
2025-10-17,平安银行,000001,11.5,11.58,11.38,11.4,11.54,1039666,1193518554.56,0.54,-1.21
2025-10-16,平安银行,000001,11.38,11.55,11.36,11.54,11.4,1261937,1447841584.81,0.65,1.23
2025-10-15,平安银行,000001,11.34,11.42,11.26,11.4,11.33,1271061,1443458104.69,0.65,0.62
2025-10-14,平安银行,000001,11.15,11.36,11.12,11.33,11.16,1843428,2124120304.48,0.95,1.52
2025-10-13,平安银行,000001,11.08,11.22,11.04,11.16,11.19,1168802,1328180363.51,0.6,-0.27
2025-10-10,平安银行,000001,11.13,11.25,11.12,11.19,11.16,1087948,1244213512.59,0.56,0.27
2025-10-09,平安银行,000001,11.09,11.17,11.03,11.16,11.1,1047469,1187061682.96,0.54,0.54
2025-09-30,平安银行,000001,11.13,11.13,11.05,11.1,11.13,832479,942224081.28,0.43,-0.27
2025-09-29,平安银行,000001,11.16,11.24,11.03,11.13,11.16,1176012,1334456973.74,0.61,-0.27
2025-09-26,平安银行,000001,11.15,11.2,11.08,11.16,11.16,753239,856917687.88,0.39,0.0
2025-09-25,平安银行,000001,11.19,11.23,11.12,11.16,11.22,773276,881943147.97,0.4,-0.53
2025-09-24,平安银行,000001,11.27,11.38,11.19,11.22,11.28,1139583,1310214181.06,0.59,-0.53
2025-09-23,平安银行,000001,11.13,11.34,11.08,11.28,11.14,1341430,1543271184.51,0.69,1.26
2025-09-22,平安银行,000001,11.2,11.23,11.13,11.14,11.21,596402,680158438.95,0.31,-0.62
2025-09-19,平安银行,000001,11.17,11.27,11.13,11.21,11.17,834651,955004096.91,0.43,0.36
2025-09-18,平安银行,000001,11.41,11.42,11.14,11.17,11.4,1386160,1594827200.16,0.71,-2.02
2025-09-17,平安银行,000001,11.4,11.43,11.34,11.4,11.4,771129,896750270.44,0.4,0.0
2025-09-16,平安银行,000001,11.42,11.47,11.37,11.4,11.41,708048,825169463.93,0.36,-0.09
2025-09-15,平安银行,000001,11.46,11.48,11.39,11.41,11.48,840387,980347616.84,0.43,-0.61
2025-09-12,平安银行,000001,11.59,11.64,11.46,11.48,11.61,940385,1107449056.76,0.48,-1.12
2025-09-11,平安银行,000001,11.53,11.61,11.47,11.61,11.53,963932,1134234366.9,0.5,0.69
2025-09-10,平安银行,000001,11.5,11.55,11.47,11.53,11.51,792668,932170200.65,0.41,0.17
2025-09-09,平安银行,000001,11.47,11.54,11.44,11.51,11.46,860539,1009279728.78,0.44,0.44
2025-09-08,平安银行,000001,11.47,11.54,11.43,11.46,11.48,924431,1083054608.28,0.48,-0.17
2025-09-05,平安银行,000001,11.49,11.5,11.39,11.48,11.5,819662,957547462.67,0.42,-0.17
2025-09-04,平安银行,000001,11.52,11.53,11.36,11.5,11.51,1295300,1513956779.44,0.67,-0.09
2025-09-03,平安银行,000001,11.74,11.77,11.5,11.51,11.74,1367232,1619322977.46,0.7,-1.96
2025-09-02,平安银行,000001,11.61,11.75,11.6,11.74,11.65,1492716,1780010208.88,0.77,0.77
2025-09-01,平安银行,000001,11.81,11.81,11.61,11.65,11.81,1858459,2214306331.71,0.96,-1.35
2025-08-29,平安银行,000001,11.81,11.98,11.79,11.81,11.84,1805126,2186232853.05,0.93,-0.25
2025-08-28,平安银行,000001,11.85,11.9,11.73,11.84,11.82,1653588,1991723373.76,0.85,0.17
2025-08-27,平安银行,000001,12.08,12.12,11.81,11.82,12.12,1860050,2268070720.55,0.96,-2.48
2025-08-26,平安银行,000001,12.21,12.26,12.06,12.12,12.21,1383599,1709560922.86,0.71,-0.74
2025-08-25,平安银行,000001,11.88,12.29,11.86,12.21,11.82,3045088,3761289075.87,1.57,3.3
2025-08-22,平安银行,000001,11.91,11.93,11.74,11.82,11.91,1644260,1979461310.91,0.85,-0.76
2025-08-21,平安银行,000001,11.81,11.95,11.79,11.91,11.83,1217418,1477053291.9,0.63,0.68
2025-08-20,平安银行,000001,11.82,11.88,11.74,11.83,11.82,1048739,1265435773.22,0.54,0.08
2025-08-19,平安银行,000001,11.86,11.88,11.78,11.82,11.84,892860,1077380172.82,0.46,-0.17
2025-08-18,平安银行,000001,11.82,11.91,11.79,11.84,11.84,1239058,1496527038.59,0.64,0.0
2025-08-15,平安银行,000001,11.99,11.99,11.7,11.84,11.96,1948503,2344073499.27,1.0,-1.0
2025-08-14,平安银行,000001,12.03,12.1,11.95,11.96,12.02,1241041,1523447931.74,0.64,-0.5
2025-08-13,平安银行,000001,12.13,12.16,11.99,12.02,12.09,1119813,1376777908.92,0.58,-0.58
2025-08-12,平安银行,000001,12.06,12.16,12.06,12.09,12.06,680056,839635630.05,0.35,0.25
2025-08-11,平安银行,000001,12.16,12.18,12.03,12.06,12.16,934353,1150305112.61,0.48,-0.82
2025-08-08,平安银行,000001,12.24,12.29,12.15,12.16,12.23,829796,1032586758.9,0.43,-0.57
2025-08-07,平安银行,000001,12.2,12.29,12.15,12.23,12.22,722053,900760012.96,0.37,0.08
2025-08-06,平安银行,000001,12.23,12.28,12.16,12.22,12.23,690448,859684675.49,0.36,-0.08
2025-08-05,平安银行,000001,12.06,12.26,12.04,12.23,12.06,1132078,1405152349.43,0.58,1.41
2025-08-04,平安银行,000001,12.0,12.14,11.97,12.06,12.04,1032690,1271376406.58,0.53,0.17
2025-08-01,平安银行,000001,12.0,12.09,11.91,12.04,11.99,1012187,1240239179.62,0.52,0.42
2025-07-31,平安银行,000001,12.27,12.31,11.98,11.99,12.25,1690081,2079630602.38,0.87,-2.12
2025-07-30,平安银行,000001,12.11,12.4,12.1,12.25,12.1,1715164,2149934404.53,0.88,1.24
2025-07-29,平安银行,000001,12.22,12.27,12.1,12.1,12.22,1012818,1255113972.39,0.52,-0.98
2025-07-28,平安银行,000001,12.11,12.29,12.08,12.22,12.11,1238243,1541317046.96,0.64,0.91
2025-07-25,平安银行,000001,12.09,12.22,12.08,12.11,12.11,1108267,1372103731.0,0.57,0.0
2025-07-24,平安银行,000001,12.29,12.29,12.09,12.11,12.29,1959351,2426175235.74,1.01,-1.46
2025-07-23,平安银行,000001,12.22,12.39,12.21,12.29,12.25,1370520,1719158802.83,0.71,0.33
2025-07-22,平安银行,000001,12.36,12.36,12.08,12.25,12.37,1935229,2408337285.96,1.0,-0.97
2025-07-21,平安银行,000001,12.4,12.47,12.31,12.37,12.46,1079027,1360155718.72,0.56,-0.72
2025-07-18,平安银行,000001,12.38,12.51,12.36,12.46,12.35,1241206,1574176824.24,0.64,0.89
2025-07-17,平安银行,000001,12.37,12.46,12.3,12.35,12.4,944641,1189666226.65,0.49,-0.4
2025-07-16,平安银行,000001,12.49,12.52,12.26,12.4,12.49,1927864,2424983973.27,0.99,-0.72
2025-07-15,平安银行,000001,12.75,12.8,12.47,12.49,12.74,1810531,2322277284.93,0.93,-1.96
2025-07-14,平安银行,000001,12.63,12.93,12.62,12.74,12.67,1872896,2440924105.22,0.97,0.55
2025-07-11,平安银行,000001,12.95,13.06,12.65,12.67,12.94,2443744,3200219566.16,1.26,-2.09
2025-07-10,平安银行,000001,12.58,13.09,12.55,12.94,12.6,2481416,3249454028.73,1.28,2.7
2025-07-09,平安银行,000001,12.42,12.66,12.42,12.6,12.45,1205963,1542699034.65,0.62,1.2
2025-07-08,平安银行,000001,12.51,12.6,12.41,12.45,12.54,1090986,1387093602.06,0.56,-0.72
2025-07-07,平安银行,000001,12.36,12.58,12.36,12.54,12.36,1495407,1901755851.27,0.77,1.46
2025-07-04,平安银行,000001,12.11,12.48,12.06,12.36,12.11,1775333,2224874055.62,0.91,2.06
2025-07-03,平安银行,000001,12.09,12.18,12.04,12.11,12.08,794086,980546007.28,0.41,0.25
2025-07-02,平安银行,000001,12.07,12.17,11.99,12.08,12.06,1200412,1481842212.5,0.62,0.17
2025-07-01,平安银行,000001,11.82,12.09,11.82,12.06,11.83,1354341,1653806750.47,0.7,1.94
2025-06-30,平安银行,000001,11.9,11.93,11.72,11.83,11.96,1504820,1812492376.93,0.78,-1.09
2025-06-27,平安银行,000001,12.13,12.34,11.89,11.96,12.17,2377600,2937865058.47,1.23,-1.73
2025-06-26,平安银行,000001,11.81,12.24,11.77,12.17,11.82,2174578,2672207528.88,1.12,2.96
2025-06-25,平安银行,000001,11.69,11.84,11.59,11.82,11.69,1675116,2007989726.91,0.86,1.11
2025-06-24,平安银行,000001,11.66,11.77,11.6,11.69,11.69,1308525,1560621893.02,0.67,0.0
2025-06-23,平安银行,000001,11.57,11.73,11.43,11.69,11.6,1389170,1646476917.07,0.72,0.78
2025-06-20,平安银行,000001,11.46,11.62,11.43,11.6,11.46,1309198,1544541881.0,0.67,1.22
2025-06-19,平安银行,000001,11.52,11.54,11.41,11.46,11.53,832247,974127330.84,0.43,-0.61
2025-06-18,平安银行,000001,11.54,11.57,11.42,11.53,11.52,683521,802908097.73,0.35,0.09
2025-06-17,平安银行,000001,11.55,11.64,11.47,11.52,11.55,890027,1048960748.8,0.46,-0.26
2025-06-16,平安银行,000001,11.33,11.55,11.29,11.55,11.34,1174438,1371041708.41,0.61,1.85
2025-06-13,平安银行,000001,11.44,11.5,11.32,11.34,11.44,1095494,1272773100.57,0.56,-0.87
2025-06-12,平安银行,000001,11.32,11.46,11.28,11.44,11.25,1290220,1500287176.22,0.66,1.69
2025-06-11,平安银行,000001,11.22,11.33,11.19,11.25,11.21,1094667,1298656315.35,0.56,0.36
2025-06-10,平安银行,000001,11.12,11.29,11.11,11.21,11.11,1428132,1689018780.13,0.74,0.9
2025-06-09,平安银行,000001,11.13,11.15,11.05,11.11,11.1,773255,905092604.93,0.4,0.09
2025-06-06,平安银行,000001,11.1,11.19,11.08,11.1,11.07,682353,799900023.53,0.35,0.27
2025-06-05,平安银行,000001,11.28,11.31,11.06,11.07,11.24,1166803,1369212336.43,0.6,-1.51
2025-06-04,平安银行,000001,11.22,11.28,11.18,11.24,11.21,1167960,1383019682.25,0.6,0.27
2025-06-03,平安银行,000001,10.94,11.31,10.93,11.21,10.96,2192480,2580962600.64,1.13,2.28
2025-05-30,平安银行,000001,10.87,10.98,10.84,10.96,10.86,1130849,1303433716.38,0.58,0.92
2025-05-29,平安银行,000001,10.92,10.95,10.85,10.86,10.93,919807,1056726384.22,0.47,-0.64
2025-05-28,平安银行,000001,10.9,10.95,10.84,10.93,10.89,658179,757571318.99,0.34,0.37
2025-05-27,平安银行,000001,10.85,10.94,10.82,10.89,10.82,801915,921912281.33,0.41,0.65
2025-05-26,平安银行,000001,10.84,10.9,10.8,10.82,10.86,699159,800495684.57,0.36,-0.37
2025-05-23,平安银行,000001,10.95,11.0,10.83,10.86,10.95,962643,1108636100.57,0.5,-0.82
2025-05-22,平安银行,000001,10.85,10.96,10.84,10.95,10.88,1002968,1155265063.51,0.52,0.64
2025-05-21,平安银行,000001,10.8,10.99,10.79,10.88,10.79,1328278,1528350367.92,0.68,0.83
2025-05-20,平安银行,000001,10.8,10.87,10.77,10.79,10.77,643635,734455265.82,0.33,0.19
2025-05-19,平安银行,000001,10.8,10.87,10.76,10.77,10.78,831391,949883545.33,0.43,-0.09
2025-05-16,平安银行,000001,10.77,10.83,10.71,10.78,10.79,914744,1039223622.85,0.47,-0.09
2025-05-15,平安银行,000001,10.83,10.9,10.78,10.79,10.83,1035460,1183732832.12,0.53,-0.37
2025-05-14,平安银行,000001,10.69,10.87,10.65,10.83,10.69,1683514,1912995432.64,0.87,1.31
2025-05-13,平安银行,000001,10.59,10.73,10.55,10.69,10.56,1261031,1420501315.06,0.65,1.23
2025-05-12,平安银行,000001,10.56,10.62,10.53,10.56,10.55,895605,1000478411.18,0.46,0.09
2025-05-09,平安银行,000001,10.47,10.57,10.46,10.55,10.48,999897,1113688152.8,0.52,0.67
2025-05-08,平安银行,000001,10.4,10.48,10.39,10.48,10.43,1056614,1167913497.88,0.54,0.48
2025-05-07,平安银行,000001,10.41,10.44,10.37,10.43,10.36,1126270,1240098147.39,0.58,0.68
2025-05-06,平安银行,000001,10.32,10.4,10.29,10.36,10.31,854671,935212114.49,0.44,0.48
2025-04-30,平安银行,000001,10.36,10.37,10.29,10.31,10.38,869835,949911030.4,0.45,-0.67
2025-04-29,平安银行,000001,10.4,10.42,10.35,10.38,10.4,649045,712792543.41,0.33,-0.19
2025-04-28,平安银行,000001,10.4,10.44,10.36,10.4,10.41,642018,706520175.92,0.33,-0.1
2025-04-25,平安银行,000001,10.44,10.45,10.39,10.41,10.43,637547,702315255.47,0.33,-0.19
2025-04-24,平安银行,000001,10.4,10.46,10.39,10.43,10.41,689256,760348555.36,0.36,0.19
2025-04-23,平安银行,000001,10.44,10.45,10.37,10.41,10.44,586383,645842400.13,0.3,-0.29
2025-04-22,平安银行,000001,10.42,10.46,10.38,10.44,10.42,831129,915967678.28,0.43,0.19
2025-04-21,平安银行,000001,10.4,10.53,10.37,10.42,10.58,1114184,1230804536.03,0.57,-1.51
2025-04-18,平安银行,000001,10.44,10.59,10.43,10.58,10.46,727098,810031605.1,0.37,1.15
2025-04-17,平安银行,000001,10.35,10.48,10.33,10.46,10.4,823919,907597513.1,0.42,0.58
2025-04-16,平安银行,000001,10.33,10.41,10.31,10.4,10.35,842822,923316062.54,0.43,0.48
2025-04-15,平安银行,000001,10.32,10.37,10.3,10.35,10.33,722754,790139077.1,0.37,0.19
2025-04-14,平安银行,000001,10.35,10.44,10.32,10.33,10.29,785993,862557143.66,0.41,0.39
2025-04-11,平安银行,000001,10.27,10.3,10.23,10.29,10.3,583879,634311779.86,0.3,-0.1
2025-04-10,平安银行,000001,10.26,10.33,10.22,10.3,10.2,866548,943352301.94,0.45,0.98
2025-04-09,平安银行,000001,10.13,10.23,10.06,10.2,10.22,1064394,1145238957.67,0.55,-0.2
2025-04-08,平安银行,000001,10.08,10.25,10.06,10.22,10.1,1463988,1576590039.86,0.75,1.19
2025-04-07,平安银行,000001,10.4,10.45,9.88,10.1,10.74,2545560,2751055412.06,1.31,-5.96
2025-04-03,平安银行,000001,10.71,10.79,10.7,10.74,10.77,643914,730375807.93,0.33,-0.28
2025-04-02,平安银行,000001,10.65,10.81,10.65,10.77,10.67,932642,1058747240.7,0.48,0.94
2025-04-01,平安银行,000001,10.67,10.7,10.62,10.67,10.66,681470,767424131.4,0.35,0.09
2025-03-31,平安银行,000001,10.76,10.78,10.66,10.66,10.75,1116126,1262598263.31,0.58,-0.84
2025-03-28,平安银行,000001,10.79,10.8,10.74,10.75,10.79,644946,732420873.55,0.33,-0.37
2025-03-27,平安银行,000001,10.77,10.81,10.75,10.79,10.78,553349,629863382.77,0.29,0.09
2025-03-26,平安银行,000001,10.82,10.83,10.77,10.78,10.83,740863,843536936.19,0.38,-0.46
2025-03-25,平安银行,000001,10.78,10.83,10.76,10.83,10.78,735609,839142044.46,0.38,0.46
2025-03-24,平安银行,000001,10.81,10.84,10.74,10.78,10.82,1164577,1325564001.84,0.6,-0.37
2025-03-21,平安银行,000001,10.89,10.92,10.79,10.82,10.89,1376389,1576151833.21,0.71,-0.64
2025-03-20,平安银行,000001,10.91,11.01,10.89,10.89,10.92,1101157,1268849139.57,0.57,-0.27
2025-03-19,平安银行,000001,10.88,10.93,10.86,10.92,10.89,1362455,1566452160.69,0.7,0.28
2025-03-18,平安银行,000001,10.92,10.94,10.88,10.89,10.9,1605290,1846500421.28,0.83,-0.09
2025-03-17,平安银行,000001,11.03,11.07,10.86,10.9,11.37,4603612,5315522816.99,2.37,-4.13
2025-03-14,平安银行,000001,11.22,11.4,11.22,11.37,11.24,1722418,2057970454.4,0.89,1.16
2025-03-13,平安银行,000001,11.21,11.31,11.18,11.24,11.25,1312371,1555123173.93,0.68,-0.09
2025-03-12,平安银行,000001,11.0,11.27,10.96,11.25,11.01,1877318,2210904482.32,0.97,2.18
2025-03-11,平安银行,000001,10.94,11.01,10.92,11.01,10.99,608975,704240463.95,0.31,0.18
2025-03-10,平安银行,000001,11.06,11.07,10.95,10.99,11.07,663834,769261385.33,0.34,-0.72
2025-03-07,平安银行,000001,11.03,11.09,11.0,11.07,11.03,835537,973236689.8,0.43,0.36
2025-03-06,平安银行,000001,11.09,11.1,11.0,11.03,11.06,877408,1021780609.28,0.45,-0.27
2025-03-05,平安银行,000001,10.92,11.07,10.88,11.06,10.91,1080645,1254892073.93,0.56,1.37
2025-03-04,平安银行,000001,10.87,10.95,10.84,10.91,10.91,683179,785447989.45,0.35,0.0
2025-03-03,平安银行,000001,10.92,10.96,10.85,10.91,10.93,830457,955266366.31,0.43,-0.18
2025-02-28,平安银行,000001,10.98,11.08,10.9,10.93,11.02,949088,1100335054.08,0.49,-0.82
2025-02-27,平安银行,000001,10.93,11.03,10.86,11.02,10.92,977310,1130386662.02,0.5,0.92
2025-02-26,平安银行,000001,10.87,11.0,10.87,10.92,10.87,841646,970641211.48,0.43,0.46
2025-02-25,平安银行,000001,10.96,10.98,10.86,10.87,10.99,917156,1055685157.06,0.47,-1.09
2025-02-24,平安银行,000001,11.03,11.09,10.96,10.99,11.04,949956,1103548964.32,0.49,-0.45
2025-02-21,平安银行,000001,11.09,11.11,10.95,11.04,11.06,973969,1131033823.93,0.5,-0.18
2025-02-20,平安银行,000001,11.11,11.16,11.05,11.06,11.11,784396,917231443.37,0.4,-0.45
2025-02-19,平安银行,000001,11.2,11.21,11.08,11.11,11.21,1177749,1382467174.27,0.61,-0.89
2025-02-18,平安银行,000001,11.16,11.36,11.16,11.21,11.18,1996610,2371071466.89,1.03,0.27
2025-02-17,平安银行,000001,11.0,11.2,10.95,11.18,10.95,2061965,2413146066.57,1.06,2.1
2025-02-14,平安银行,000001,10.89,10.95,10.83,10.95,10.9,973058,1118355996.56,0.5,0.46
2025-02-13,平安银行,000001,10.82,10.95,10.8,10.9,10.82,1358639,1560709510.83,0.7,0.74
2025-02-12,平安银行,000001,10.81,10.83,10.74,10.82,10.82,988807,1125323632.69,0.51,0.0
2025-02-11,平安银行,000001,10.8,10.87,10.77,10.82,10.83,844520,963865614.95,0.44,-0.09
2025-02-10,平安银行,000001,10.78,10.9,10.76,10.83,10.78,1026591,1174044624.14,0.53,0.46
2025-02-07,平安银行,000001,10.76,10.85,10.71,10.78,10.76,1407493,1601621979.76,0.73,0.19
2025-02-06,平安银行,000001,10.75,10.85,10.7,10.76,10.77,955603,1084793176.26,0.49,-0.09
2025-02-05,平安银行,000001,10.9,10.92,10.73,10.77,10.87,843434,961193578.9,0.43,-0.92
2025-01-27,平安银行,000001,10.78,10.95,10.78,10.87,10.74,1151935,1324270606.55,0.59,1.21
2025-01-24,平安银行,000001,10.72,10.79,10.62,10.74,10.72,944944,1069899088.28,0.49,0.19
2025-01-23,平安银行,000001,10.57,10.8,10.57,10.72,10.49,1514920,1715172472.47,0.78,2.19
2025-01-22,平安银行,000001,10.72,10.73,10.48,10.49,10.73,1347129,1504818607.18,0.69,-2.24
2025-01-21,平安银行,000001,10.85,10.85,10.72,10.73,10.82,902069,1024879174.22,0.46,-0.83
2025-01-20,平安银行,000001,10.9,10.92,10.8,10.82,10.85,832029,953092179.17,0.43,-0.28
2025-01-17,平安银行,000001,10.93,10.95,10.82,10.85,10.97,689765,791230418.64,0.36,-1.09
2025-01-16,平安银行,000001,10.95,10.99,10.87,10.97,10.88,872964,1007689273.66,0.45,0.83
2025-01-15,平安银行,000001,10.78,10.98,10.76,10.88,10.78,1031631,1185403653.43,0.53,0.93
2025-01-14,平安银行,000001,10.6,10.8,10.59,10.78,10.6,824629,934467766.39,0.42,1.7
2025-01-13,平安银行,000001,10.65,10.66,10.48,10.6,10.7,934966,1044904415.84,0.48,-0.93
2025-01-10,平安银行,000001,10.8,10.86,10.68,10.7,10.8,798134,905005040.97,0.41,-0.93
2025-01-09,平安银行,000001,10.9,10.9,10.75,10.8,10.9,751483,857836086.08,0.39,-0.92
2025-01-08,平安银行,000001,10.9,11.03,10.8,10.9,10.91,1062386,1223598996.56,0.55,-0.09
2025-01-07,平安银行,000001,10.82,10.93,10.77,10.91,10.84,747863,858329048.54,0.39,0.65
2025-01-06,平安银行,000001,10.78,10.88,10.62,10.84,10.78,1085536,1234305778.04,0.56,0.56
2025-01-03,平安银行,000001,10.84,10.94,10.76,10.78,10.83,1154680,1320520977.59,0.6,-0.46
2025-01-02,平安银行,000001,11.13,11.17,10.79,10.83,11.1,1819597,2102923078.11,0.94,-2.43
2024-12-31,平安银行,000001,11.33,11.39,11.1,11.1,11.35,1475367,1747242074.23,0.76,-2.2
2024-12-30,平安银行,000001,11.18,11.37,11.18,11.35,11.23,1351846,1610892096.25,0.7,1.07
2024-12-27,平安银行,000001,11.27,11.3,11.06,11.23,11.26,1290012,1518383345.11,0.66,-0.27
2024-12-26,平安银行,000001,11.32,11.33,11.18,11.26,11.32,1000075,1183745518.53,0.52,-0.53
2024-12-25,平安银行,000001,11.26,11.42,11.24,11.32,11.26,1475283,1759956630.34,0.76,0.53
2024-12-24,平安银行,000001,11.12,11.27,11.12,11.26,11.13,1350837,1595698790.02,0.7,1.17
2024-12-23,平安银行,000001,11.04,11.24,11.04,11.13,11.02,1659405,1953519499.07,0.86,1.0
2024-12-20,平安银行,000001,10.99,11.1,10.98,11.02,10.99,714646,831437460.3,0.37,0.27
2024-12-19,平安银行,000001,10.99,11.04,10.94,10.99,11.05,697379,808465663.92,0.36,-0.54
2024-12-18,平安银行,000001,10.98,11.14,10.97,11.05,10.93,1016590,1186285805.48,0.52,1.1
2024-12-17,平安银行,000001,10.97,11.05,10.92,10.93,10.97,802120,929225455.3,0.41,-0.36
2024-12-16,平安银行,000001,10.96,11.06,10.93,10.97,10.96,805718,934226189.29,0.42,0.09
2024-12-13,平安银行,000001,11.19,11.2,10.96,10.96,11.25,1343793,1565589089.36,0.69,-2.58
2024-12-12,平安银行,000001,11.13,11.27,11.11,11.25,11.13,986235,1164062448.23,0.51,1.08
2024-12-11,平安银行,000001,11.19,11.23,11.12,11.13,11.19,967691,1138374174.98,0.5,-0.54
2024-12-10,平安银行,000001,11.3,11.35,11.15,11.19,11.07,2167807,2564600676.79,1.12,1.08
2024-12-09,平安银行,000001,11.03,11.12,10.99,11.07,11.06,964063,1123441854.9,0.5,0.09
2024-12-06,平安银行,000001,10.84,11.1,10.83,11.06,10.84,1726269,2004270465.79,0.89,2.03
2024-12-05,平安银行,000001,10.84,10.9,10.81,10.84,10.86,687109,786137963.74,0.35,-0.18
2024-12-04,平安银行,000001,10.84,10.93,10.77,10.86,10.89,1007471,1154623369.68,0.52,-0.28
2024-12-03,平安银行,000001,10.77,10.9,10.75,10.89,10.79,1082559,1236992678.1,0.56,0.93
2024-12-02,平安银行,000001,10.79,10.8,10.71,10.79,10.78,975434,1108785597.4,0.5,0.09
2024-11-29,平安银行,000001,10.77,10.86,10.74,10.78,10.74,1028488,1173316153.6,0.53,0.37
2024-11-28,平安银行,000001,10.79,10.82,10.72,10.74,10.79,733169,833121339.08,0.38,-0.46
2024-11-27,平安银行,000001,10.64,10.79,10.55,10.79,10.67,895178,1010001963.81,0.46,1.12
2024-11-26,平安银行,000001,10.58,10.71,10.54,10.67,10.58,831078,933733854.73,0.43,0.85
2024-11-25,平安银行,000001,10.68,10.74,10.54,10.58,10.68,1166020,1310130629.11,0.6,-0.94
2024-11-22,平安银行,000001,10.99,11.01,10.68,10.68,10.99,1625317,1858071592.39,0.84,-2.82
2024-11-21,平安银行,000001,11.02,11.05,10.96,10.99,11.04,883408,1023998431.68,0.46,-0.45
2024-11-20,平安银行,000001,11.07,11.15,11.01,11.04,11.08,1286572,1498818033.91,0.66,-0.36
2024-11-19,平安银行,000001,11.15,11.36,10.95,11.08,11.15,2430037,2849661696.39,1.25,-0.63
2024-11-18,平安银行,000001,11.03,11.44,11.02,11.15,10.84,3797324,4493249093.24,1.96,2.86
2024-11-15,平安银行,000001,10.9,11.01,10.82,10.84,10.94,1215784,1399308729.48,0.63,-0.91
2024-11-14,平安银行,000001,10.99,11.1,10.93,10.94,11.01,1159783,1348378228.97,0.6,-0.64
2024-11-13,平安银行,000001,10.9,11.1,10.88,11.01,10.94,1086263,1260161857.32,0.56,0.64
2024-11-12,平安银行,000001,10.98,11.24,10.91,10.94,11.0,1717663,2005791407.67,0.89,-0.55
2024-11-11,平安银行,000001,11.03,11.08,10.87,11.0,11.12,1486952,1717961561.94,0.77,-1.08
2024-11-08,平安银行,000001,11.34,11.41,11.1,11.12,11.31,1895104,2239060533.97,0.98,-1.68
2024-11-07,平安银行,000001,10.9,11.33,10.88,11.31,10.95,2242844,2627007560.71,1.16,3.29
2024-11-06,平安银行,000001,11.02,11.04,10.87,10.95,11.05,1462286,1689977500.77,0.75,-0.9
2024-11-05,平安银行,000001,10.82,11.06,10.79,11.05,10.86,1665418,1925260700.35,0.86,1.75
2024-11-04,平安银行,000001,10.83,10.86,10.66,10.86,10.83,1131516,1285874126.16,0.58,0.28
2024-11-01,平安银行,000001,10.78,10.95,10.74,10.83,10.78,1589811,1821423447.06,0.82,0.46
2024-10-31,平安银行,000001,10.73,10.84,10.64,10.78,10.72,1250205,1419624319.27,0.64,0.56
2024-10-30,平安银行,000001,10.9,10.98,10.67,10.72,10.94,1482403,1686501657.86,0.76,-2.01
2024-10-29,平安银行,000001,11.02,11.14,10.93,10.94,11.04,1198025,1391150258.93,0.62,-0.91
2024-10-28,平安银行,000001,11.08,11.08,10.93,11.04,11.11,1169487,1356008963.4,0.6,-0.63
2024-10-25,平安银行,000001,11.17,11.18,11.09,11.11,11.15,1105755,1296844369.04,0.57,-0.36
2024-10-24,平安银行,000001,11.21,11.26,11.12,11.15,11.26,885299,1042818619.09,0.46,-0.98
2024-10-23,平安银行,000001,11.22,11.29,11.15,11.26,11.19,1511866,1787236762.42,0.78,0.63
2024-10-22,平安银行,000001,11.16,11.33,11.12,11.19,11.21,1617787,1908438724.93,0.83,-0.18
2024-10-21,平安银行,000001,11.34,11.34,11.03,11.21,11.44,2806655,3302020181.42,1.45,-2.01
2024-10-18,平安银行,000001,11.31,11.58,11.08,11.44,11.35,2604654,3105820972.95,1.34,0.79
2024-10-17,平安银行,000001,11.47,11.63,11.33,11.35,11.46,1653708,1993261646.25,0.85,-0.96
2024-10-16,平安银行,000001,11.2,11.58,11.17,11.46,11.3,1914494,2301340929.27,0.99,1.42
2024-10-15,平安银行,000001,11.34,11.63,11.28,11.3,11.42,2072841,2500974426.85,1.07,-1.05
2024-10-14,平安银行,000001,11.38,11.58,11.19,11.42,11.12,2400595,2881934271.85,1.24,2.7
2024-10-11,平安银行,000001,11.4,11.57,10.98,11.12,11.38,2070891,2455848197.41,1.07,-2.28
2024-10-10,平安银行,000001,11.02,11.66,11.0,11.38,10.84,3426422,4095573500.64,1.77,4.98
2024-10-09,平安银行,000001,11.79,11.79,10.82,10.84,12.04,4269345,5172049702.23,2.2,-9.97
2024-10-08,平安银行,000001,12.59,12.59,11.5,12.04,11.37,5888978,7602664023.92,3.03,5.89
2024-09-30,平安银行,000001,10.78,11.46,10.72,11.37,10.58,5430284,6467438837.7,2.8,7.47
2024-09-27,平安银行,000001,10.51,10.72,10.19,10.58,10.31,3840016,4337985142.5,1.98,2.62
2024-09-26,平安银行,000001,9.66,10.31,9.66,10.31,9.66,3086457,3341759455.52,1.59,6.73
2024-09-25,平安银行,000001,9.68,9.86,9.61,9.66,9.53,2160694,2285995369.39,1.11,1.36
2024-09-24,平安银行,000001,9.27,9.53,9.24,9.53,9.2,1638213,1678174481.91,0.84,3.59
2024-09-23,平安银行,000001,9.05,9.25,9.03,9.2,9.06,896908,897428029.52,0.46,1.55
2024-09-20,平安银行,000001,8.97,9.06,8.94,9.06,8.97,797297,785121198.91,0.41,1.0
2024-09-19,平安银行,000001,8.95,9.0,8.84,8.97,8.93,684293,669341181.7,0.35,0.45
2024-09-18,平安银行,000001,8.88,8.94,8.82,8.93,8.86,443611,431665627.32,0.23,0.79
2024-09-13,平安银行,000001,8.89,8.98,8.86,8.86,8.9,566462,553269703.6,0.29,-0.45
2024-09-12,平安银行,000001,8.81,8.93,8.77,8.9,8.81,581834,564923215.58,0.3,1.02
2024-09-11,平安银行,000001,9.04,9.04,8.79,8.81,9.06,1108727,1078602467.68,0.57,-2.76
2024-09-10,平安银行,000001,9.02,9.08,8.94,9.06,9.01,767901,756124763.92,0.4,0.55
2024-09-09,平安银行,000001,9.21,9.23,9.0,9.01,9.24,1639175,1624857668.46,0.84,-2.49
2024-09-06,平安银行,000001,9.22,9.37,9.21,9.24,9.23,878865,891507833.61,0.45,0.11
2024-09-05,平安银行,000001,9.19,9.24,9.14,9.23,9.18,594209,595845842.53,0.31,0.54
2024-09-04,平安银行,000001,9.21,9.31,9.16,9.18,9.24,847992,852224669.89,0.44,-0.65
2024-09-03,平安银行,000001,9.27,9.29,9.16,9.24,9.27,916581,920884663.15,0.47,-0.32
2024-09-02,平安银行,000001,9.28,9.37,9.25,9.27,9.32,968836,983898750.95,0.5,-0.54
2024-08-30,平安银行,000001,9.27,9.42,9.27,9.32,9.29,1294059,1318858687.52,0.67,0.32
2024-08-29,平安银行,000001,9.47,9.54,9.27,9.29,9.49,1197676,1221351092.13,0.62,-2.11
2024-08-28,平安银行,000001,9.57,9.59,9.44,9.49,9.59,942548,973872155.01,0.49,-1.04
2024-08-27,平安银行,000001,9.63,9.68,9.53,9.59,9.65,723137,755583764.04,0.37,-0.62
2024-08-26,平安银行,000001,9.66,9.71,9.58,9.65,9.63,740675,775921848.78,0.38,0.21
2024-08-23,平安银行,000001,9.55,9.66,9.48,9.63,9.54,1071906,1117475768.18,0.55,0.94
2024-08-22,平安银行,000001,9.5,9.61,9.48,9.54,9.51,1109030,1153871815.8,0.57,0.32
2024-08-21,平安银行,000001,9.46,9.54,9.37,9.51,9.5,1034888,1068207868.15,0.53,0.11
2024-08-20,平安银行,000001,9.48,9.59,9.44,9.5,9.45,1569187,1623147686.36,0.81,0.53
2024-08-19,平安银行,000001,9.29,9.46,9.28,9.45,9.29,1482985,1520594687.55,0.76,1.72
2024-08-16,平安银行,000001,9.24,9.37,9.21,9.29,9.19,1260368,1277042000.97,0.65,1.09
2024-08-15,平安银行,000001,9.08,9.22,9.03,9.19,9.08,776247,775851460.98,0.4,1.21
2024-08-14,平安银行,000001,9.1,9.14,9.07,9.08,9.11,436380,433380446.81,0.22,-0.33
2024-08-13,平安银行,000001,9.18,9.19,9.08,9.11,9.17,622077,620061491.92,0.32,-0.65
2024-08-12,平安银行,000001,9.18,9.21,9.14,9.17,9.2,353013,353251351.4,0.18,-0.33
2024-08-09,平安银行,000001,9.12,9.26,9.1,9.2,9.1,730274,732886455.92,0.38,1.1
2024-08-08,平安银行,000001,9.08,9.14,9.06,9.1,9.09,500411,497548149.01,0.26,0.11
2024-08-07,平安银行,000001,9.11,9.14,9.07,9.09,9.09,517608,514848813.1,0.27,0.0
2024-08-06,平安银行,000001,9.23,9.28,9.05,9.09,9.21,1265537,1261997756.88,0.65,-1.3
2024-08-05,平安银行,000001,9.27,9.38,9.21,9.21,9.3,758979,768980624.53,0.39,-0.97
2024-08-02,平安银行,000001,9.38,9.41,9.29,9.3,9.43,590229,601173370.84,0.3,-1.38
2024-08-01,平安银行,000001,9.41,9.48,9.33,9.43,9.43,733884,752688220.0,0.38,0.0
2024-07-31,平安银行,000001,9.24,9.44,9.23,9.43,9.24,1096906,1117768674.7,0.57,2.06
2024-07-30,平安银行,000001,9.26,9.29,9.19,9.24,9.27,613268,618056610.32,0.32,-0.32
2024-07-29,平安银行,000001,9.18,9.3,9.13,9.27,9.19,781552,788019058.61,0.4,0.87
2024-07-26,平安银行,000001,9.26,9.28,9.13,9.19,9.25,929552,931879546.46,0.48,-0.65
2024-07-25,平安银行,000001,9.28,9.31,9.16,9.25,9.29,856404,861750365.54,0.44,-0.43
2024-07-24,平安银行,000001,9.34,9.4,9.28,9.29,9.34,724518,736332832.11,0.37,-0.54
2024-07-23,平安银行,000001,9.41,9.49,9.32,9.34,9.39,1020154,1046994471.4,0.53,-0.53
2024-07-22,平安银行,000001,9.52,9.54,9.35,9.39,9.53,994481,1018663805.8,0.51,-1.47
2024-07-19,平安银行,000001,9.54,9.58,9.45,9.53,9.57,898723,929722661.62,0.46,-0.42
2024-07-18,平安银行,000001,9.54,9.59,9.46,9.57,9.56,1087061,1127365070.67,0.56,0.1
2024-07-17,平安银行,000001,9.46,9.58,9.44,9.56,9.46,1220168,1266412580.0,0.63,1.06
2024-07-16,平安银行,000001,9.49,9.53,9.4,9.46,9.49,943008,971564894.83,0.49,-0.32
2024-07-15,平安银行,000001,9.47,9.51,9.42,9.49,9.47,869412,896975833.16,0.45,0.21
2024-07-12,平安银行,000001,9.28,9.47,9.28,9.47,9.29,1214164,1246877665.6,0.63,1.94
2024-07-11,平安银行,000001,9.37,9.39,9.23,9.29,9.3,721392,731789332.33,0.37,-0.11
2024-07-10,平安银行,000001,9.23,9.36,9.21,9.3,9.23,873865,886626727.3,0.45,0.76
2024-07-09,平安银行,000001,9.1,9.26,9.07,9.23,9.09,1032485,1034316510.76,0.53,1.54
2024-07-08,平安银行,000001,9.1,9.18,9.01,9.09,9.13,868660,864791776.33,0.45,-0.44
2024-07-05,平安银行,000001,9.42,9.45,9.08,9.13,9.42,1713354,1721256576.49,0.88,-3.08
2024-07-04,平安银行,000001,9.46,9.54,9.41,9.42,9.47,735044,757464386.79,0.38,-0.53
2024-07-03,平安银行,000001,9.56,9.59,9.45,9.47,9.56,713067,737326421.16,0.37,-0.94
2024-07-02,平安银行,000001,9.46,9.64,9.44,9.56,9.51,1384386,1440864390.61,0.71,0.53
2024-07-01,平安银行,000001,9.25,9.51,9.2,9.51,9.31,1343051,1372549619.58,0.69,2.15
2024-06-28,平安银行,000001,9.26,9.42,9.25,9.31,9.29,918090,933947813.42,0.47,0.22
2024-06-27,平安银行,000001,9.22,9.37,9.16,9.29,9.24,928882,938954397.5,0.48,0.54
2024-06-26,平安银行,000001,9.22,9.29,9.18,9.24,9.24,628599,633763882.09,0.32,0.0
2024-06-25,平安银行,000001,9.15,9.29,9.14,9.24,9.14,769993,775332071.89,0.4,1.09
2024-06-24,平安银行,000001,9.13,9.23,9.04,9.14,9.16,947082,944907465.65,0.49,-0.22
2024-06-21,平安银行,000001,9.21,9.25,9.11,9.16,9.21,830545,831176895.42,0.43,-0.54
2024-06-20,平安银行,000001,9.32,9.33,9.21,9.21,9.31,629628,635070262.4,0.32,-1.07
2024-06-19,平安银行,000001,9.26,9.37,9.24,9.31,9.24,796184,807676192.22,0.41,0.76
2024-06-18,平安银行,000001,9.27,9.32,9.2,9.24,9.26,700653,707829471.51,0.36,-0.22
2024-06-17,平安银行,000001,9.29,9.32,9.24,9.26,9.34,681217,688669914.12,0.35,-0.86
2024-06-14,平安银行,000001,9.31,9.39,9.15,9.34,9.24,1637990,1657433954.94,0.84,1.08
2024-06-13,平安银行,000001,9.33,9.37,9.24,9.24,9.32,1203508,1304403407.05,0.62,-0.86
2024-06-12,平安银行,000001,9.29,9.35,9.22,9.32,9.31,957426,1037927497.39,0.49,0.11
2024-06-11,平安银行,000001,9.42,9.46,9.23,9.31,9.43,1337629,1452841956.89,0.69,-1.27
2024-06-07,平安银行,000001,9.36,9.45,9.33,9.43,9.34,1170126,1281662985.8,0.6,0.96
2024-06-06,平安银行,000001,9.34,9.42,9.32,9.34,9.31,1049332,1145989425.79,0.54,0.32
2024-06-05,平安银行,000001,9.48,9.51,9.31,9.31,9.46,1018968,1114155998.81,0.53,-1.59
2024-06-04,平安银行,000001,9.39,9.49,9.35,9.46,9.42,981005,1079356560.61,0.51,0.42
2024-06-03,平安银行,000001,9.56,9.57,9.35,9.42,9.55,1326697,1456086023.62,0.68,-1.36
2024-05-31,平安银行,000001,9.58,9.63,9.55,9.55,9.56,826707,921248145.59,0.43,-0.1
2024-05-30,平安银行,000001,9.68,9.78,9.5,9.56,9.7,1325496,1481608711.02,0.68,-1.44
2024-05-29,平安银行,000001,9.82,9.89,9.67,9.7,9.84,1444811,1635445613.13,0.74,-1.42
2024-05-28,平安银行,000001,9.94,10.02,9.8,9.84,9.95,1204323,1377107203.91,0.62,-1.11
2024-05-27,平安银行,000001,9.75,9.97,9.75,9.95,9.75,1454361,1663272117.57,0.75,2.05
2024-05-24,平安银行,000001,9.81,9.93,9.74,9.75,9.84,1398276,1593330336.42,0.72,-0.91
2024-05-23,平安银行,000001,9.97,10.03,9.81,9.84,10.0,1841623,2110799281.76,0.95,-1.6
2024-05-22,平安银行,000001,10.0,10.18,9.9,10.0,9.99,2115531,2458448969.66,1.09,0.1
2024-05-21,平安银行,000001,9.76,10.06,9.75,9.99,9.82,2030049,2336192874.97,1.05,1.73
2024-05-20,平安银行,000001,9.87,9.97,9.75,9.82,9.86,2170210,2475290152.11,1.12,-0.41
2024-05-17,平安银行,000001,9.62,9.86,9.57,9.86,9.61,2841749,3200736554.36,1.46,2.6
2024-05-16,平安银行,000001,9.29,9.65,9.27,9.61,9.27,3076292,3410151917.15,1.59,3.67
2024-05-15,平安银行,000001,9.34,9.36,9.25,9.27,9.35,868297,942907950.5,0.45,-0.86
2024-05-14,平安银行,000001,9.44,9.5,9.32,9.35,9.41,1075784,1176577328.23,0.55,-0.64
2024-05-13,平安银行,000001,9.34,9.45,9.25,9.41,9.38,1402499,1530058919.54,0.72,0.32
2024-05-10,平安银行,000001,9.21,9.4,9.2,9.38,9.2,1767836,1923452176.84,0.91,1.96
2024-05-09,平安银行,000001,9.15,9.26,9.15,9.2,9.17,1069461,1150726857.51,0.55,0.33
2024-05-08,平安银行,000001,9.28,9.32,9.15,9.17,9.32,1221791,1318611999.65,0.63,-1.61
2024-05-07,平安银行,000001,9.31,9.33,9.2,9.32,9.33,1087057,1176786412.82,0.56,-0.11
2024-05-06,平安银行,000001,9.4,9.55,9.28,9.33,9.23,1784101,1953817493.43,0.92,1.08
2024-04-30,平安银行,000001,9.24,9.32,9.17,9.23,9.25,1324557,1431407709.37,0.68,-0.22
2024-04-29,平安银行,000001,9.0,9.34,8.96,9.25,9.04,2169177,2337350883.73,1.12,2.32
2024-04-26,平安银行,000001,9.03,9.11,8.92,9.04,9.05,1607628,1698581436.96,0.83,-0.11
2024-04-25,平安银行,000001,8.94,9.06,8.92,9.05,8.97,1113812,1176304524.86,0.57,0.89
2024-04-24,平安银行,000001,8.96,9.01,8.9,8.97,8.98,941568,989093538.21,0.49,-0.11
2024-04-23,平安银行,000001,8.95,9.09,8.9,8.98,8.94,1240027,1308866093.13,0.64,0.45
2024-04-22,平安银行,000001,9.08,9.25,8.89,8.94,9.13,2009818,2125722741.41,1.04,-2.08
2024-04-19,平安银行,000001,9.15,9.26,9.1,9.13,9.24,1457675,1562376146.58,0.75,-1.19
2024-04-18,平安银行,000001,9.02,9.47,9.0,9.24,9.06,3165914,3427338981.81,1.63,1.99
2024-04-17,平安银行,000001,8.7,9.07,8.65,9.06,8.72,2232641,2337576586.88,1.15,3.9
2024-04-16,平安银行,000001,8.72,8.83,8.66,8.72,8.73,1478036,1523138499.07,0.76,-0.11
2024-04-15,平安银行,000001,8.51,8.76,8.5,8.73,8.5,1453203,1486326196.01,0.75,2.71
2024-04-12,平安银行,000001,8.66,8.71,8.48,8.5,8.69,1305454,1322011753.93,0.67,-2.19
2024-04-11,平安银行,000001,8.68,8.73,8.56,8.69,8.72,1010213,1030820137.39,0.52,-0.34
2024-04-10,平安银行,000001,8.82,8.85,8.71,8.72,8.84,1246391,1288696196.29,0.64,-1.36
2024-04-09,平安银行,000001,8.87,8.91,8.8,8.84,8.87,857157,891468991.01,0.44,-0.34
2024-04-08,平安银行,000001,8.86,8.93,8.81,8.87,8.9,906361,945290441.32,0.47,-0.34
2024-04-03,平安银行,000001,8.97,8.99,8.86,8.9,8.99,981846,1028648883.43,0.51,-1.0
2024-04-02,平安银行,000001,9.07,9.12,8.97,8.99,9.08,1085458,1149700799.95,0.56,-0.99
2024-04-01,平安银行,000001,8.96,9.09,8.95,9.08,8.96,1191088,1261770380.39,0.61,1.34
2024-03-29,平安银行,000001,8.89,9.01,8.87,8.96,8.93,872759,917332315.96,0.45,0.34
2024-03-28,平安银行,000001,8.95,9.01,8.82,8.93,8.97,1302189,1362980388.48,0.67,-0.45
2024-03-27,平安银行,000001,9.0,9.07,8.95,8.97,9.04,1274136,1347397150.36,0.66,-0.77
2024-03-26,平安银行,000001,8.89,9.1,8.86,9.04,8.84,1740021,1835376190.72,0.9,2.26
2024-03-25,平安银行,000001,8.79,8.93,8.76,8.84,8.8,953202,993304120.45,0.49,0.45
2024-03-22,平安银行,000001,8.89,8.89,8.75,8.8,8.91,1028142,1065535606.11,0.53,-1.23
2024-03-21,平安银行,000001,8.89,8.96,8.86,8.91,8.89,864466,905422293.67,0.45,0.22
2024-03-20,平安银行,000001,8.82,8.91,8.81,8.89,8.84,872663,910278572.98,0.45,0.57
2024-03-19,平安银行,000001,8.97,8.98,8.83,8.84,8.98,1293216,1351069630.23,0.67,-1.56
2024-03-18,平安银行,000001,9.0,9.05,8.93,8.98,9.04,1671397,1761249149.98,0.86,-0.66
2024-03-15,平安银行,000001,8.99,9.19,8.94,9.04,8.67,3750208,3973799130.9,1.93,4.27
2024-03-14,平安银行,000001,8.74,8.82,8.64,8.67,8.77,1409400,1448499697.91,0.73,-1.14
2024-03-13,平安银行,000001,8.97,8.99,8.74,8.77,9.0,1768039,1834654994.4,0.91,-2.56
2024-03-12,平安银行,000001,8.92,9.03,8.85,9.0,8.91,1641262,1721999708.11,0.85,1.01
2024-03-11,平安银行,000001,8.82,8.91,8.78,8.91,8.82,1210673,1260212019.66,0.62,1.02
2024-03-08,平安银行,000001,8.79,8.88,8.74,8.82,8.82,1113974,1154491251.23,0.57,0.0
2024-03-07,平安银行,000001,8.77,9.08,8.77,8.82,8.77,2016166,2109589237.19,1.04,0.57
2024-03-06,平安银行,000001,8.84,8.89,8.77,8.77,8.87,1345640,1396940060.42,0.69,-1.13
2024-03-05,平安银行,000001,8.74,8.91,8.7,8.87,8.77,1817319,1889144330.16,0.94,1.14
2024-03-04,平安银行,000001,8.89,8.94,8.76,8.77,8.93,1655930,1719562862.03,0.85,-1.79
2024-03-01,平安银行,000001,9.03,9.04,8.87,8.93,9.03,1828103,1917689306.77,0.94,-1.11
2024-02-29,平安银行,000001,8.86,9.03,8.85,9.03,8.93,1845344,1936020982.56,0.95,1.12
2024-02-28,平安银行,000001,8.95,9.14,8.84,8.93,8.94,3082693,3253340358.41,1.59,-0.11
2024-02-27,平安银行,000001,8.93,9.04,8.9,8.94,8.97,1981905,2083027074.06,1.02,-0.33
2024-02-26,平安银行,000001,9.22,9.32,8.94,8.97,9.29,2862609,3048205024.78,1.48,-3.44
2024-02-23,平安银行,000001,9.32,9.68,9.28,9.29,9.34,3567480,3917316281.52,1.84,-0.54
2024-02-22,平安银行,000001,9.09,9.35,9.06,9.34,9.24,4922325,5307736374.06,2.54,1.08
2024-02-21,平安银行,000001,8.22,9.24,8.21,9.24,8.26,5055285,5295259396.81,2.61,11.86
2024-02-20,平安银行,000001,8.23,8.28,8.17,8.26,8.25,1123564,1098987813.26,0.58,0.12
2024-02-19,平安银行,000001,8.2,8.25,8.09,8.25,8.11,1605243,1564088444.93,0.83,1.73
2024-02-08,平安银行,000001,8.02,8.11,7.96,8.11,8.05,1656814,1593505690.13,0.85,0.75
2024-02-07,平安银行,000001,8.06,8.11,7.92,8.05,8.12,2062015,1975435102.12,1.06,-0.86
2024-02-06,平安银行,000001,7.74,8.12,7.73,8.12,7.82,1995410,1900324218.2,1.03,3.84
2024-02-05,平安银行,000001,7.63,7.87,7.55,7.82,7.71,1803592,1674566499.46,0.93,1.43
2024-02-02,平安银行,000001,7.86,7.91,7.51,7.71,7.85,1634214,1520605694.69,0.84,-1.78
2024-02-01,平安银行,000001,7.85,7.92,7.78,7.85,7.9,1055260,993481907.01,0.54,-0.63
2024-01-31,平安银行,000001,7.9,8.0,7.82,7.9,7.94,1357217,1286857396.81,0.7,-0.5
2024-01-30,平安银行,000001,8.05,8.14,7.93,7.94,8.14,1579122,1515156603.96,0.81,-2.46
2024-01-29,平安银行,000001,8.13,8.32,8.02,8.14,8.06,2376252,2312173346.33,1.22,0.99
2024-01-26,平安银行,000001,7.91,8.11,7.88,8.06,7.94,2272287,2172799799.01,1.17,1.51
2024-01-25,平安银行,000001,7.77,7.98,7.71,7.94,7.77,2162514,2037648413.07,1.11,2.19
2024-01-24,平安银行,000001,7.67,7.78,7.51,7.77,7.6,1759123,1620099272.06,0.91,2.24
2024-01-23,平安银行,000001,7.49,7.62,7.4,7.6,7.54,1135545,1030898421.04,0.59,0.8
2024-01-22,平安银行,000001,7.6,7.7,7.48,7.54,7.61,1580320,1449858241.68,0.81,-0.92
2024-01-19,平安银行,000001,7.6,7.64,7.54,7.61,7.64,963981,881865023.89,0.5,-0.39
2024-01-18,平安银行,000001,7.65,7.68,7.44,7.64,7.67,1755132,1597853726.63,0.9,-0.39
2024-01-17,平安银行,000001,7.77,7.83,7.67,7.67,7.78,1482296,1380725065.03,0.76,-1.41
2024-01-16,平安银行,000001,7.63,7.79,7.6,7.78,7.65,1438313,1334465408.53,0.74,1.7
2024-01-15,平安银行,000001,7.6,7.73,7.57,7.65,7.63,745133,685950951.45,0.38,0.26
2024-01-12,平安银行,000001,7.57,7.71,7.55,7.63,7.61,772582,711018266.07,0.4,0.26
2024-01-11,平安银行,000001,7.52,7.66,7.47,7.61,7.53,934686,853890237.29,0.48,1.06
2024-01-10,平安银行,000001,7.6,7.63,7.53,7.53,7.62,858621,783771150.01,0.44,-1.18
2024-01-09,平安银行,000001,7.6,7.63,7.53,7.62,7.59,766194,700375720.2,0.39,0.4
2024-01-08,平安银行,000001,7.67,7.74,7.55,7.59,7.71,1121156,1029006548.73,0.58,-1.56
2024-01-05,平安银行,000001,7.54,7.88,7.51,7.71,7.55,1991622,1852659692.14,1.03,2.12
2024-01-04,平安银行,000001,7.63,7.63,7.52,7.55,7.64,864194,787470082.37,0.45,-1.18
2024-01-03,平安银行,000001,7.63,7.66,7.59,7.64,7.65,733610,673673613.54,0.38,-0.13
2024-01-02,平安银行,000001,7.83,7.86,7.65,7.65,7.83,1158366,1075742252.45,0.6,-2.3
2023-12-29,平安银行,000001,7.86,7.92,7.79,7.83,7.89,853853,803196743.82,0.44,-0.76
2023-12-28,平安银行,000001,7.55,7.91,7.52,7.89,7.56,1661592,1550256590.59,0.86,4.37
2023-12-27,平安银行,000001,7.54,7.57,7.46,7.56,7.54,641534,582036660.68,0.33,0.27
2023-12-26,平安银行,000001,7.63,7.64,7.51,7.54,7.63,541896,493746622.76,0.28,-1.18
2023-12-25,平安银行,000001,7.62,7.64,7.58,7.63,7.64,413971,379638233.73,0.21,-0.13
2023-12-22,平安银行,000001,7.63,7.72,7.55,7.64,7.61,1005645,924998769.19,0.52,0.39
2023-12-21,平安银行,000001,7.45,7.63,7.43,7.61,7.47,1017047,925407072.91,0.52,1.87
2023-12-20,平安银行,000001,7.55,7.59,7.47,7.47,7.54,715634,650511342.87,0.37,-0.93
2023-12-19,平安银行,000001,7.56,7.61,7.51,7.54,7.57,644071,586716664.28,0.33,-0.4
2023-12-18,平安银行,000001,7.62,7.68,7.53,7.57,7.65,654426,599379044.02,0.34,-1.05
2023-12-15,平安银行,000001,7.64,7.79,7.63,7.65,7.59,988939,915126127.17,0.51,0.79
2023-12-14,平安银行,000001,7.65,7.72,7.59,7.59,7.6,742901,683211465.8,0.38,-0.13
2023-12-13,平安银行,000001,7.82,7.83,7.59,7.6,7.86,1061302,981001231.48,0.55,-3.31
2023-12-12,平安银行,000001,7.75,7.94,7.74,7.86,7.79,855016,805067628.46,0.44,0.9
2023-12-11,平安银行,000001,7.66,7.82,7.57,7.79,7.74,1133663,1044765734.9,0.58,0.65
2023-12-08,平安银行,000001,7.85,7.89,7.74,7.74,7.88,1021152,957664580.59,0.53,-1.78
2023-12-07,平安银行,000001,7.93,7.93,7.82,7.88,7.94,585380,552224831.17,0.3,-0.76
2023-12-06,平安银行,000001,7.88,8.01,7.84,7.94,7.92,753056,714029468.7,0.39,0.25
2023-12-05,平安银行,000001,8.05,8.06,7.91,7.92,8.07,787378,750961219.91,0.41,-1.86
2023-12-04,平安银行,000001,8.11,8.12,8.05,8.07,8.1,605438,583664338.41,0.31,-0.37
2023-12-01,平安银行,000001,8.09,8.12,8.02,8.1,8.12,778057,749668363.85,0.4,-0.25
2023-11-30,平安银行,000001,8.13,8.17,8.06,8.12,8.16,901765,871481712.43,0.46,-0.49
2023-11-29,平安银行,000001,8.39,8.41,8.14,8.16,8.39,1467597,1438320264.11,0.76,-2.74
2023-11-28,平安银行,000001,8.43,8.46,8.39,8.39,8.45,786175,784405804.65,0.41,-0.71
2023-11-27,平安银行,000001,8.53,8.53,8.41,8.45,8.54,836188,836268368.75,0.43,-1.05
2023-11-24,平安银行,000001,8.55,8.57,8.52,8.54,8.59,684695,691423444.34,0.35,-0.58
2023-11-23,平安银行,000001,8.59,8.6,8.51,8.59,8.6,846656,855904311.98,0.44,-0.12
2023-11-22,平安银行,000001,8.7,8.75,8.58,8.6,8.72,737490,753064757.94,0.38,-1.38
2023-11-21,平安银行,000001,8.67,8.79,8.66,8.72,8.63,1041166,1072311504.28,0.54,1.04
2023-11-20,平安银行,000001,8.59,8.66,8.54,8.63,8.59,639528,650077370.01,0.33,0.47
2023-11-17,平安银行,000001,8.66,8.69,8.56,8.59,8.68,903362,917616681.28,0.47,-1.04
2023-11-16,平安银行,000001,8.82,8.83,8.67,8.68,8.81,922622,948395097.33,0.48,-1.48
2023-11-15,平安银行,000001,8.81,8.89,8.78,8.81,8.71,1109140,1152154780.34,0.57,1.15
2023-11-14,平安银行,000001,8.68,8.77,8.67,8.71,8.69,596859,613377697.97,0.31,0.23
2023-11-13,平安银行,000001,8.75,8.77,8.66,8.69,8.74,770043,789007117.83,0.4,-0.57
2023-11-10,平安银行,000001,8.89,8.91,8.73,8.74,8.93,1045044,1080649733.98,0.54,-2.13
2023-11-09,平安银行,000001,8.9,8.96,8.87,8.93,8.94,639136,669639052.44,0.33,-0.11
2023-11-08,平安银行,000001,9.02,9.04,8.89,8.94,9.04,877819,923622008.11,0.45,-1.11
2023-11-07,平安银行,000001,9.1,9.1,9.02,9.04,9.13,640866,679815569.19,0.33,-0.99
2023-11-06,平安银行,000001,8.95,9.13,8.95,9.13,8.92,1007062,1069206837.68,0.52,2.35
2023-11-03,平安银行,000001,8.93,8.96,8.87,8.92,8.92,705463,738879704.3,0.36,0.0
2023-11-02,平安银行,000001,8.94,9.04,8.91,8.92,8.92,619430,652316669.93,0.32,0.0
2023-11-01,平安银行,000001,8.99,9.0,8.89,8.92,8.9,567300,595211885.0,0.29,0.22
2023-10-31,平安银行,000001,8.87,8.93,8.85,8.9,8.89,652855,682212137.64,0.34,0.11
2023-10-30,平安银行,000001,8.84,8.91,8.79,8.89,8.89,805690,837646002.04,0.42,0.0
2023-10-27,平安银行,000001,8.82,8.92,8.77,8.89,8.85,919771,957587534.43,0.47,0.45
2023-10-26,平安银行,000001,8.75,8.86,8.74,8.85,8.82,599991,621915276.9,0.31,0.34
2023-10-25,平安银行,000001,8.95,8.98,8.8,8.82,8.99,1411450,1470971923.59,0.73,-1.89
2023-10-24,平安银行,000001,8.98,9.05,8.88,8.99,8.94,760653,801528403.67,0.39,0.56
2023-10-23,平安银行,000001,9.03,9.04,8.87,8.94,9.04,530404,557032228.65,0.27,-1.11
2023-10-20,平安银行,000001,8.99,9.11,8.95,9.04,9.04,526139,557618632.37,0.27,0.0
2023-10-19,平安银行,000001,9.35,9.36,9.03,9.04,9.39,1188961,1271914676.53,0.61,-3.73
2023-10-18,平安银行,000001,9.43,9.46,9.35,9.39,9.46,651825,713979896.11,0.34,-0.74
2023-10-17,平安银行,000001,9.45,9.49,9.4,9.46,9.45,493525,543170900.73,0.25,0.11
2023-10-16,平安银行,000001,9.44,9.47,9.39,9.45,9.44,501624,550988719.63,0.26,0.11
2023-10-13,平安银行,000001,9.47,9.51,9.39,9.44,9.55,684483,753110725.51,0.35,-1.15
2023-10-12,平安银行,000001,9.55,9.6,9.48,9.55,9.42,853058,947562324.75,0.44,1.38
2023-10-11,平安银行,000001,9.53,9.53,9.4,9.42,9.46,724116,797663827.0,0.37,-0.42
2023-10-10,平安银行,000001,9.63,9.64,9.46,9.46,9.55,820749,910160341.9,0.42,-0.94
2023-10-09,平安银行,000001,9.6,9.61,9.5,9.55,9.64,695828,772959353.15,0.36,-0.93
2023-09-28,平安银行,000001,9.63,9.68,9.62,9.64,9.61,520697,583649730.04,0.27,0.31
2023-09-27,平安银行,000001,9.59,9.66,9.59,9.61,9.6,490311,547905820.77,0.25,0.1
2023-09-26,平安银行,000001,9.66,9.7,9.58,9.6,9.66,444980,497885810.84,0.23,-0.62
2023-09-25,平安银行,000001,9.68,9.76,9.63,9.66,9.68,761211,856022502.11,0.39,-0.21
2023-09-22,平安银行,000001,9.47,9.69,9.47,9.68,9.49,911484,1017137921.82,0.47,2.0
2023-09-21,平安银行,000001,9.58,9.58,9.48,9.49,9.59,843930,934673193.87,0.43,-1.04
2023-09-20,平安银行,000001,9.64,9.66,9.59,9.59,9.65,558872,624785494.94,0.29,-0.62
2023-09-19,平安银行,000001,9.66,9.67,9.6,9.65,9.67,503664,564044044.21,0.26,-0.21
2023-09-18,平安银行,000001,9.66,9.68,9.58,9.67,9.66,501325,561449769.63,0.26,0.1
2023-09-15,平安银行,000001,9.79,9.84,9.64,9.66,9.73,890476,1005529160.77,0.46,-0.72
2023-09-14,平安银行,000001,9.72,9.77,9.69,9.73,9.69,551650,622906052.62,0.28,0.41
2023-09-13,平安银行,000001,9.73,9.76,9.65,9.69,9.72,490218,551747627.68,0.25,-0.31
2023-09-12,平安银行,000001,9.79,9.79,9.69,9.72,9.78,495485,559058535.52,0.26,-0.61
2023-09-11,平安银行,000001,9.74,9.84,9.71,9.78,9.71,654486,741764911.22,0.34,0.72
2023-09-08,平安银行,000001,9.72,9.76,9.67,9.71,9.77,479030,539624962.82,0.25,-0.61
2023-09-07,平安银行,000001,9.84,9.88,9.76,9.77,9.87,540042,613812175.91,0.28,-1.01
2023-09-06,平安银行,000001,9.77,9.9,9.74,9.87,9.83,634841,721905681.98,0.33,0.41
2023-09-05,平安银行,000001,9.94,9.95,9.8,9.83,10.0,804177,917888858.57,0.41,-1.7
2023-09-04,平安银行,000001,9.79,10.03,9.77,10.0,9.76,1410029,1621769196.4,0.73,2.46
2023-09-01,平安银行,000001,9.63,9.8,9.63,9.76,9.57,1138705,1285169019.19,0.59,1.99
2023-08-31,平安银行,000001,9.58,9.66,9.56,9.57,9.57,806474,900123574.83,0.42,0.0
2023-08-30,平安银行,000001,9.71,9.71,9.57,9.57,9.75,1375638,1537573550.57,0.71,-1.85
2023-08-29,平安银行,000001,9.91,9.93,9.57,9.75,9.96,1964961,2217588610.12,1.01,-2.11
2023-08-28,平安银行,000001,10.28,10.37,9.93,9.96,9.67,1997610,2336205800.56,1.03,3.0
2023-08-25,平安银行,000001,9.54,9.77,9.52,9.67,9.57,845350,946760250.6,0.44,1.04
2023-08-24,平安银行,000001,9.73,9.76,9.49,9.57,9.69,1291271,1439197083.69,0.67,-1.24
2023-08-23,平安银行,000001,9.79,9.86,9.68,9.69,9.81,691810,783102827.23,0.36,-1.22
2023-08-22,平安银行,000001,9.82,9.89,9.75,9.81,9.76,606808,689991238.06,0.31,0.51
2023-08-21,平安银行,000001,10.0,10.02,9.76,9.76,10.0,701498,799641423.76,0.36,-2.4
2023-08-18,平安银行,000001,10.02,10.18,9.97,10.0,10.01,659819,767047286.89,0.34,-0.1
2023-08-17,平安银行,000001,10.11,10.14,9.9,10.01,10.17,965058,1116292661.67,0.5,-1.57
2023-08-16,平安银行,000001,10.11,10.29,10.05,10.17,10.17,572904,671706045.36,0.3,0.0
2023-08-15,平安银行,000001,10.13,10.24,10.04,10.17,10.11,712813,834163039.6,0.37,0.59
2023-08-14,平安银行,000001,10.2,10.22,10.03,10.11,10.33,975920,1139185249.46,0.5,-2.13
2023-08-11,平安银行,000001,10.61,10.71,10.33,10.33,10.6,943539,1132867239.31,0.49,-2.55
2023-08-10,平安银行,000001,10.59,10.65,10.5,10.6,10.61,475595,577123919.68,0.25,-0.09
2023-08-09,平安银行,000001,10.5,10.64,10.49,10.61,10.54,577608,702060796.64,0.3,0.66
2023-08-08,平安银行,000001,10.56,10.65,10.44,10.54,10.6,725705,877489187.97,0.37,-0.57
2023-08-07,平安银行,000001,10.65,10.69,10.56,10.6,10.74,646913,786506452.16,0.33,-1.3
2023-08-04,平安银行,000001,10.86,10.97,10.65,10.74,10.77,1303131,1611435431.36,0.67,-0.28
2023-08-03,平安银行,000001,10.43,10.81,10.39,10.77,10.47,1175848,1433255493.11,0.61,2.87
2023-08-02,平安银行,000001,10.5,10.68,10.37,10.47,10.6,1115900,1343864165.36,0.58,-1.23
2023-08-01,平安银行,000001,10.7,10.81,10.57,10.6,10.76,957735,1169570704.83,0.49,-1.49
2023-07-31,平安银行,000001,10.74,10.94,10.67,10.76,10.7,1854952,2288940410.58,0.96,0.56
2023-07-28,平安银行,000001,10.13,10.74,10.11,10.7,10.19,2347013,2839828236.62,1.21,5.0
2023-07-27,平安银行,000001,10.12,10.31,10.09,10.19,10.11,1115196,1314228293.84,0.57,0.79
2023-07-26,平安银行,000001,10.09,10.18,10.0,10.11,10.16,751663,875260135.14,0.39,-0.49
2023-07-25,平安银行,000001,9.89,10.17,9.88,10.16,9.7,2032958,2358815159.63,1.05,4.74
2023-07-24,平安银行,000001,9.77,9.77,9.68,9.7,9.78,426852,480713395.7,0.22,-0.82
2023-07-21,平安银行,000001,9.75,9.83,9.72,9.78,9.76,377103,427375950.49,0.19,0.2
2023-07-20,平安银行,000001,9.77,9.88,9.73,9.76,9.75,554070,629696111.29,0.29,0.1
2023-07-19,平安银行,000001,9.67,9.76,9.67,9.75,9.69,382196,430771279.03,0.2,0.62
2023-07-18,平安银行,000001,9.73,9.76,9.66,9.69,9.75,471966,531299772.68,0.24,-0.62
2023-07-17,平安银行,000001,9.85,9.85,9.7,9.75,9.9,608343,687262893.86,0.31,-1.52
2023-07-14,平安银行,000001,9.87,9.99,9.84,9.9,9.87,719147,825295738.24,0.37,0.3
2023-07-13,平安银行,000001,9.76,9.91,9.71,9.87,9.68,1124230,1281848378.91,0.58,1.96
2023-07-12,平安银行,000001,9.67,9.8,9.66,9.68,9.65,736084,830230820.88,0.38,0.31
2023-07-11,平安银行,000001,9.66,9.7,9.63,9.65,9.64,570809,640131787.1,0.29,0.1
2023-07-10,平安银行,000001,9.69,9.72,9.61,9.64,9.64,495882,556581581.65,0.26,0.0
2023-07-07,平安银行,000001,9.64,9.71,9.62,9.64,9.68,484441,543212455.87,0.25,-0.41
2023-07-06,平安银行,000001,9.74,9.78,9.65,9.68,9.78,597096,672396816.4,0.31,-1.02
2023-07-05,平安银行,000001,9.8,9.84,9.74,9.78,9.84,423482,479726282.47,0.22,-0.61
2023-07-04,平安银行,000001,9.9,9.93,9.76,9.84,9.93,616301,701885269.78,0.32,-0.91
2023-07-03,平安银行,000001,9.68,9.97,9.67,9.93,9.67,885091,1009887428.65,0.46,2.69
2023-06-30,平安银行,000001,9.62,9.75,9.59,9.67,9.62,519053,583494654.79,0.27,0.52
2023-06-29,平安银行,000001,9.73,9.73,9.61,9.62,9.74,485906,544534825.51,0.25,-1.23
2023-06-28,平安银行,000001,9.72,9.77,9.66,9.74,9.72,365396,412039353.93,0.19,0.21
2023-06-27,平安银行,000001,9.64,9.76,9.61,9.72,9.62,461702,519520687.33,0.24,1.04
2023-06-26,平安银行,000001,9.74,9.74,9.59,9.62,9.79,676577,757975991.51,0.35,-1.74
2023-06-21,平安银行,000001,9.8,9.92,9.78,9.79,9.8,616583,703681563.97,0.32,-0.1
2023-06-20,平安银行,000001,9.88,9.9,9.79,9.8,9.89,544551,620374307.69,0.28,-0.91
2023-06-19,平安银行,000001,10.07,10.07,9.85,9.89,10.07,953997,1096351096.71,0.49,-1.79
2023-06-16,平安银行,000001,10.05,10.11,10.01,10.07,10.05,842034,978869317.29,0.43,0.2
2023-06-15,平安银行,000001,9.93,10.07,9.83,10.05,9.91,925301,1064567231.22,0.48,1.41
2023-06-14,平安银行,000001,9.99,10.17,9.9,9.91,9.92,1069200,1237376775.64,0.55,-0.1
2023-06-13,平安银行,000001,9.91,9.99,9.84,9.92,9.94,849988,1000183566.92,0.44,-0.2
2023-06-12,平安银行,000001,9.97,10.05,9.91,9.94,10.03,758747,896015708.76,0.39,-0.9
2023-06-09,平安银行,000001,10.21,10.24,10.0,10.03,10.27,1315285,1566929273.97,0.68,-2.34
2023-06-08,平安银行,000001,10.11,10.35,10.01,10.27,10.09,869397,1048266235.89,0.45,1.78
2023-06-07,平安银行,000001,10.04,10.22,10.03,10.09,9.99,643698,770386878.47,0.33,1.0
2023-06-06,平安银行,000001,10.06,10.24,9.97,9.99,10.06,833273,997039311.52,0.43,-0.7
2023-06-05,平安银行,000001,10.03,10.15,9.97,10.06,10.08,521846,620531416.42,0.27,-0.2
2023-06-02,平安银行,000001,9.83,10.12,9.79,10.08,9.74,1221843,1446502669.25,0.63,3.49
2023-06-01,平安银行,000001,9.75,9.83,9.65,9.74,9.75,743023,861646489.19,0.38,-0.1
2023-05-31,平安银行,000001,9.97,9.99,9.73,9.75,10.02,1179587,1376758356.68,0.61,-2.69
2023-05-30,平安银行,000001,10.13,10.14,9.95,10.02,10.13,763997,906316373.61,0.39,-1.09
2023-05-29,平安银行,000001,10.26,10.28,10.1,10.13,10.25,566074,680275577.83,0.29,-1.17
2023-05-26,平安银行,000001,10.08,10.28,9.99,10.25,10.08,511429,613772897.17,0.26,1.69
2023-05-25,平安银行,000001,10.14,10.15,9.96,10.08,10.16,882744,1050002541.88,0.45,-0.79
2023-05-24,平安银行,000001,10.35,10.36,10.16,10.16,10.36,824251,996600577.63,0.42,-1.93
2023-05-23,平安银行,000001,10.53,10.56,10.36,10.36,10.53,694364,852871175.23,0.36,-1.61
2023-05-22,平安银行,000001,10.46,10.6,10.46,10.53,10.49,549328,679754868.04,0.28,0.38
2023-05-19,平安银行,000001,10.58,10.59,10.47,10.49,10.64,688414,851165593.52,0.35,-1.41
2023-05-18,平安银行,000001,10.72,10.79,10.58,10.64,10.64,687187,861347534.32,0.35,0.0
2023-05-17,平安银行,000001,10.73,10.79,10.59,10.64,10.77,754621,945315193.07,0.39,-1.21
2023-05-16,平安银行,000001,10.95,11.07,10.72,10.77,10.98,998302,1267712090.05,0.51,-1.91
2023-05-15,平安银行,000001,10.83,11.0,10.6,10.98,10.77,928326,1173804243.15,0.48,1.95
2023-05-12,平安银行,000001,10.97,11.02,10.76,10.77,11.0,885604,1124579090.54,0.46,-2.09
2023-05-11,平安银行,000001,11.1,11.27,10.95,11.0,10.99,903758,1166479364.89,0.47,0.09
2023-05-10,平安银行,000001,11.32,11.41,10.95,10.99,11.31,1237053,1600189994.17,0.64,-2.83
2023-05-09,平安银行,000001,11.55,11.75,11.28,11.31,11.47,2422534,3238716470.97,1.25,-1.39
2023-05-08,平安银行,000001,11.09,11.64,10.99,11.47,11.06,2630719,3478891629.35,1.36,3.71
2023-05-05,平安银行,000001,10.93,11.26,10.9,11.06,10.88,1762189,2283981032.07,0.91,1.65
2023-05-04,平安银行,000001,10.55,10.98,10.34,10.88,10.7,1478264,1863146144.16,0.76,1.68
2023-04-28,平安银行,000001,10.41,10.93,10.37,10.7,10.41,1445254,1816868032.98,0.74,2.79
2023-04-27,平安银行,000001,10.21,10.5,10.15,10.41,10.27,1004093,1222755932.37,0.52,1.36
2023-04-26,平安银行,000001,10.4,10.4,10.14,10.27,10.43,991260,1197555724.16,0.51,-1.53
2023-04-25,平安银行,000001,10.29,10.52,10.27,10.43,10.25,1301901,1595320169.74,0.67,1.76
2023-04-24,平安银行,000001,10.63,10.65,10.18,10.25,10.65,1467672,1798133966.92,0.76,-3.76
2023-04-21,平安银行,000001,10.85,10.98,10.63,10.65,10.9,918668,1160509766.03,0.47,-2.29
2023-04-20,平安银行,000001,11.05,11.05,10.77,10.9,11.0,811788,1033330703.78,0.42,-0.91
2023-04-19,平安银行,000001,11.17,11.22,10.98,11.0,11.15,1014378,1309536001.8,0.52,-1.35
2023-04-18,平安银行,000001,11.08,11.35,11.04,11.15,11.08,1538936,2009934874.59,0.79,0.63
2023-04-17,平安银行,000001,10.81,11.09,10.75,11.08,10.84,1304213,1669357649.18,0.67,2.21
2023-04-14,平安银行,000001,10.75,11.05,10.73,10.84,10.71,1297995,1653539530.91,0.67,1.21
2023-04-13,平安银行,000001,10.56,10.82,10.45,10.71,10.63,1131591,1413919037.13,0.58,0.75
2023-04-12,平安银行,000001,10.73,10.74,10.6,10.63,10.69,909957,1136997696.14,0.47,-0.56
2023-04-11,平安银行,000001,10.85,10.87,10.67,10.69,10.83,777780,978302907.79,0.4,-1.29
2023-04-10,平安银行,000001,10.79,10.85,10.73,10.83,10.77,640182,809943147.62,0.33,0.56
2023-04-07,平安银行,000001,10.72,10.84,10.65,10.77,10.73,607925,767354796.52,0.31,0.37
2023-04-06,平安银行,000001,10.75,10.76,10.65,10.73,10.8,563321,706480659.58,0.29,-0.65
2023-04-04,平安银行,000001,10.79,10.87,10.74,10.8,10.82,647457,817726526.95,0.33,-0.18
2023-04-03,平安银行,000001,10.7,10.84,10.61,10.82,10.68,740429,934285179.24,0.38,1.31
2023-03-31,平安银行,000001,10.84,10.92,10.66,10.68,10.83,865492,1092263436.9,0.45,-1.39
2023-03-30,平安银行,000001,10.7,10.86,10.56,10.83,10.68,824546,1035422932.01,0.42,1.4
2023-03-29,平安银行,000001,10.88,10.89,10.65,10.68,10.79,596064,750687550.55,0.31,-1.02
2023-03-28,平安银行,000001,10.81,10.88,10.7,10.79,10.75,673868,851797868.56,0.35,0.37
2023-03-27,平安银行,000001,10.95,10.96,10.61,10.75,10.97,1008422,1266945056.03,0.52,-2.01
2023-03-24,平安银行,000001,11.0,11.01,10.91,10.97,11.05,621519,796319541.97,0.32,-0.72
2023-03-23,平安银行,000001,10.85,11.05,10.78,11.05,10.94,804306,1029380497.27,0.41,1.01
2023-03-22,平安银行,000001,10.9,11.03,10.86,10.94,10.85,876691,1121080753.38,0.45,0.83
2023-03-21,平安银行,000001,10.8,10.93,10.65,10.85,10.72,840743,1060914056.37,0.43,1.21
2023-03-20,平安银行,000001,10.91,11.0,10.7,10.72,10.9,1188816,1505893658.68,0.61,-1.65
2023-03-17,平安银行,000001,11.14,11.19,10.8,10.9,10.97,1556814,2000832407.83,0.8,-0.64
2023-03-16,平安银行,000001,11.04,11.18,10.95,10.97,11.2,916792,1182054433.62,0.47,-2.05
2023-03-15,平安银行,000001,11.2,11.33,11.09,11.2,11.02,979364,1278262225.47,0.5,1.63
2023-03-14,平安银行,000001,11.14,11.15,10.88,11.02,11.2,1149076,1474124198.86,0.59,-1.61
2023-03-13,平安银行,000001,11.27,11.44,11.15,11.2,11.29,1000635,1309490079.38,0.52,-0.8
2023-03-10,平安银行,000001,11.15,11.42,11.15,11.29,11.35,856996,1128558359.5,0.44,-0.53
2023-03-09,平安银行,000001,11.69,11.73,11.28,11.35,11.68,1736065,2305765842.21,0.89,-2.83
2023-03-08,平安银行,000001,11.78,11.79,11.55,11.68,11.84,1096898,1479838980.07,0.57,-1.35
2023-03-07,平安银行,000001,12.0,12.25,11.8,11.84,12.0,1279266,1773654737.03,0.66,-1.33
2023-03-06,平安银行,000001,12.45,12.45,11.87,12.0,12.44,1455824,2023954547.2,0.75,-3.54
2023-03-03,平安银行,000001,12.5,12.52,12.29,12.44,12.39,690954,985552120.63,0.36,0.4
2023-03-02,平安银行,000001,12.28,12.59,12.21,12.39,12.32,1015877,1447565979.98,0.52,0.57
2023-03-01,平安银行,000001,11.95,12.34,11.89,12.32,11.93,1223452,1719710647.06,0.63,3.27
2023-02-28,平安银行,000001,11.9,12.0,11.76,11.93,11.84,607936,833316018.45,0.31,0.76
2023-02-27,平安银行,000001,11.9,12.03,11.83,11.84,12.01,621462,854854040.54,0.32,-1.42
2023-02-24,平安银行,000001,12.17,12.18,11.95,12.01,12.2,729989,1012652971.88,0.38,-1.56
2023-02-23,平安银行,000001,12.15,12.47,12.13,12.2,12.17,824491,1165539851.19,0.42,0.25
2023-02-22,平安银行,000001,12.15,12.27,12.09,12.17,12.25,638922,895742534.31,0.33,-0.65
2023-02-21,平安银行,000001,12.21,12.35,12.07,12.25,12.3,990495,1393153377.3,0.51,-0.41
2023-02-20,平安银行,000001,11.65,12.3,11.64,12.3,11.58,2116191,2945969773.39,1.09,6.22
2023-02-17,平安银行,000001,11.78,11.87,11.58,11.58,11.75,918364,1246777397.11,0.47,-1.45
2023-02-16,平安银行,000001,11.83,12.06,11.65,11.75,11.82,1279123,1757431083.85,0.66,-0.59
2023-02-15,平安银行,000001,12.1,12.11,11.77,11.82,12.11,1250244,1713566672.72,0.64,-2.39
2023-02-14,平安银行,000001,12.0,12.13,11.95,12.11,11.97,909937,1263892077.72,0.47,1.17
2023-02-13,平安银行,000001,12.09,12.09,11.75,11.97,12.13,1800054,2473405202.92,0.93,-1.32
2023-02-10,平安银行,000001,12.25,12.27,12.01,12.13,12.28,847284,1184283386.2,0.44,-1.22
2023-02-09,平安银行,000001,12.16,12.45,12.11,12.28,12.19,830350,1174361963.28,0.43,0.74
2023-02-08,平安银行,000001,12.39,12.47,12.18,12.19,12.36,657893,928708933.85,0.34,-1.38
2023-02-07,平安银行,000001,12.21,12.47,12.18,12.36,12.15,869460,1235297762.54,0.45,1.73
2023-02-06,平安银行,000001,12.25,12.28,12.01,12.15,12.47,1317610,1838428709.03,0.68,-2.57
2023-02-03,平安银行,000001,12.6,12.7,12.31,12.47,12.75,1246383,1782105890.79,0.64,-2.2
2023-02-02,平安银行,000001,12.89,12.93,12.42,12.75,12.85,1577900,2280744883.13,0.81,-0.78
2023-02-01,平安银行,000001,13.18,13.23,12.66,12.85,13.14,1653421,2426471972.52,0.85,-2.21
2023-01-31,平安银行,000001,13.39,13.66,13.11,13.14,13.3,1030498,1568639326.21,0.53,-1.2
2023-01-30,平安银行,000001,13.75,13.89,13.04,13.3,13.28,1374318,2096867649.37,0.71,0.15
2023-01-20,平安银行,000001,13.31,13.39,13.15,13.28,13.24,608590,920144805.73,0.31,0.3
2023-01-19,平安银行,000001,13.28,13.4,13.02,13.24,13.26,641875,963744633.47,0.33,-0.15
2023-01-18,平安银行,000001,13.1,13.33,13.06,13.26,13.12,718434,1083362997.53,0.37,1.07
2023-01-17,平安银行,000001,13.28,13.33,12.92,13.12,13.23,935835,1396151514.52,0.48,-0.83
2023-01-16,平安银行,000001,13.1,13.43,13.0,13.23,13.1,1560040,2356399992.83,0.8,0.99
2023-01-13,平安银行,000001,12.82,13.1,12.7,13.1,12.82,949086,1407181074.29,0.49,2.18
2023-01-12,平安银行,000001,12.92,12.92,12.68,12.82,12.82,625695,914367699.65,0.32,0.0
2023-01-11,平安银行,000001,12.6,12.93,12.54,12.82,12.59,830566,1217450811.64,0.43,1.83
2023-01-10,平安银行,000001,12.91,13.04,12.54,12.59,12.95,1269423,1851093716.76,0.65,-2.78
2023-01-09,平安银行,000001,12.9,13.03,12.67,12.95,12.77,1057659,1561368487.3,0.55,1.41
2023-01-06,平安银行,000001,12.65,12.87,12.63,12.77,12.63,1195745,1747915169.26,0.62,1.11
2023-01-05,平安银行,000001,12.55,12.89,12.52,12.63,12.47,1665425,2417272355.99,0.86,1.28
2023-01-04,平安银行,000001,11.86,12.57,11.78,12.47,11.92,2189683,3110729449.03,1.13,4.61
2023-01-03,平安银行,000001,11.35,12.0,11.2,11.92,11.31,2194128,2971546989.04,1.13,5.39
2022-12-30,平安银行,000001,11.19,11.43,11.11,11.31,11.18,818036,1074756753.75,0.42,1.16
2022-12-29,平安银行,000001,11.22,11.28,11.0,11.18,11.29,666890,865144967.1,0.34,-0.97
2022-12-28,平安银行,000001,11.31,11.53,11.15,11.29,11.26,791192,1042402080.41,0.41,0.27
2022-12-27,平安银行,000001,11.02,11.37,11.02,11.26,10.92,886004,1160090119.01,0.46,3.11
2022-12-26,平安银行,000001,11.14,11.19,10.86,10.92,11.13,797120,1021903962.65,0.41,-1.89
2022-12-23,平安银行,000001,11.0,11.21,10.95,11.13,11.1,564426,730705958.53,0.29,0.27
2022-12-22,平安银行,000001,11.15,11.3,11.05,11.1,11.04,672394,876159828.48,0.35,0.54
2022-12-21,平安银行,000001,11.0,11.14,10.89,11.04,10.91,614590,791782473.29,0.32,1.19
2022-12-20,平安银行,000001,11.12,11.23,10.82,10.91,11.19,896212,1150630681.38,0.46,-2.5
2022-12-19,平安银行,000001,11.48,11.62,11.1,11.19,11.49,1030866,1355435567.16,0.53,-2.61
2022-12-16,平安银行,000001,11.17,11.55,11.17,11.49,11.25,924252,1225269166.25,0.48,2.13
2022-12-15,平安银行,000001,11.29,11.43,11.09,11.25,11.38,835349,1094434005.98,0.43,-1.14
2022-12-14,平安银行,000001,11.38,11.55,11.23,11.38,11.39,974061,1287867945.07,0.5,-0.09
2022-12-13,平安银行,000001,11.3,11.51,11.29,11.39,11.26,902285,1194285343.09,0.46,1.15
2022-12-12,平安银行,000001,11.73,11.73,11.21,11.26,11.85,1392584,1848277966.6,0.72,-4.98
2022-12-09,平安银行,000001,11.55,11.9,11.5,11.85,11.51,1615832,2197501648.81,0.83,2.95
2022-12-08,平安银行,000001,11.3,11.67,11.27,11.51,11.3,1065723,1422047904.5,0.55,1.86
2022-12-07,平安银行,000001,11.48,11.52,11.18,11.3,11.58,1377377,1815667663.45,0.71,-2.42
2022-12-06,平安银行,000001,11.49,11.81,11.4,11.58,11.68,1252579,1680593515.5,0.65,-0.86
2022-12-05,平安银行,000001,11.24,11.72,11.16,11.68,11.05,2287627,3057231972.57,1.18,5.7
2022-12-02,平安银行,000001,11.29,11.3,10.84,11.05,11.25,1404203,1803658762.25,0.72,-1.78
2022-12-01,平安银行,000001,11.53,11.81,11.22,11.25,11.18,2002689,2658203027.2,1.03,0.63
2022-11-30,平安银行,000001,11.05,11.49,10.97,11.18,11.14,3209628,4206404173.08,1.65,0.36
2022-11-29,平安银行,000001,10.31,11.14,10.28,11.14,9.96,4749277,6026006641.97,2.45,11.85
2022-11-28,平安银行,000001,10.05,10.07,9.84,9.96,10.32,1331563,1568351120.17,0.69,-3.49
2022-11-25,平安银行,000001,9.94,10.38,9.92,10.32,9.92,1760728,2130171604.64,0.91,4.03
2022-11-24,平安银行,000001,10.07,10.14,9.84,9.92,9.97,796719,941002372.92,0.41,-0.5
2022-11-23,平安银行,000001,9.93,10.2,9.87,9.97,9.97,1247657,1483352651.73,0.64,0.0
2022-11-22,平安银行,000001,9.61,10.08,9.59,9.97,9.61,1491324,1748727406.58,0.77,3.75
2022-11-21,平安银行,000001,9.63,9.65,9.37,9.61,9.74,1047737,1189388618.26,0.54,-1.33
2022-11-18,平安银行,000001,9.89,9.93,9.72,9.74,9.84,868093,1011078679.59,0.45,-1.02
2022-11-17,平安银行,000001,9.96,9.99,9.73,9.84,9.97,1091047,1273790880.66,0.56,-1.3
2022-11-16,平安银行,000001,10.12,10.2,9.94,9.97,10.16,1278693,1519133931.85,0.66,-1.87
2022-11-15,平安银行,000001,10.01,10.33,9.98,10.16,10.1,1573901,1891249648.05,0.81,0.59
2022-11-14,平安银行,000001,9.85,10.43,9.85,10.1,9.58,3872084,4637823413.97,2.0,5.43
2022-11-11,平安银行,000001,9.28,9.81,9.16,9.58,9.02,2545071,2878557391.61,1.31,6.21
2022-11-10,平安银行,000001,8.94,9.05,8.84,9.02,9.04,552021,596916589.27,0.28,-0.22
2022-11-09,平安银行,000001,8.99,9.23,8.97,9.04,9.0,832107,911153622.45,0.43,0.44
2022-11-08,平安银行,000001,9.04,9.07,8.93,9.0,9.03,583222,632835804.82,0.3,-0.33
2022-11-07,平安银行,000001,8.96,9.06,8.88,9.03,8.97,988082,1070554832.9,0.51,0.67
2022-11-04,平安银行,000001,8.55,9.0,8.54,8.97,8.59,1776112,1903720943.52,0.92,4.42
2022-11-03,平安银行,000001,8.69,8.72,8.53,8.59,8.78,983536,1028904286.04,0.51,-2.16
2022-11-02,平安银行,000001,8.76,8.83,8.63,8.78,8.82,1302988,1377816220.13,0.67,-0.45
2022-11-01,平安银行,000001,8.53,8.83,8.51,8.82,8.49,1381234,1459758367.32,0.71,3.89
2022-10-31,平安银行,000001,8.48,8.6,8.37,8.49,8.57,983096,1016230012.22,0.51,-0.93
2022-10-28,平安银行,000001,8.78,8.85,8.56,8.57,8.83,1057947,1114999302.11,0.55,-2.94
2022-10-27,平安银行,000001,8.85,8.92,8.81,8.83,8.81,957383,1024868047.21,0.49,0.23
2022-10-26,平安银行,000001,8.79,8.88,8.76,8.81,8.8,1143830,1220733277.85,0.59,0.11
2022-10-25,平安银行,000001,8.85,8.96,8.75,8.8,8.77,1316979,1406437766.06,0.68,0.34
2022-10-24,平安银行,000001,9.24,9.25,8.76,8.77,9.24,1383391,1496043940.13,0.71,-5.09
2022-10-21,平安银行,000001,9.36,9.4,9.22,9.24,9.35,785574,876648490.61,0.4,-1.18
2022-10-20,平安银行,000001,9.38,9.46,9.31,9.35,9.44,781923,876967150.61,0.4,-0.95
2022-10-19,平安银行,000001,9.57,9.64,9.43,9.44,9.63,923990,1049700767.19,0.48,-1.97
2022-10-18,平安银行,000001,9.7,9.79,9.61,9.63,9.63,946837,1091646643.72,0.49,0.0
2022-10-17,平安银行,000001,9.57,9.67,9.49,9.63,9.68,1024823,1171523550.16,0.53,-0.52
2022-10-14,平安银行,000001,9.6,9.78,9.55,9.68,9.49,1096062,1265486550.33,0.56,2.0
2022-10-13,平安银行,000001,9.66,9.69,9.46,9.49,9.75,852616,970021739.4,0.44,-2.67
2022-10-12,平安银行,000001,9.6,9.77,9.5,9.75,9.63,559572,641776508.91,0.29,1.25
2022-10-11,平安银行,000001,9.69,9.73,9.56,9.63,9.62,415253,476749226.5,0.21,0.1
2022-10-10,平安银行,000001,9.85,9.92,9.61,9.62,9.99,966080,1119089730.68,0.5,-3.7
2022-09-30,平安银行,000001,10.02,10.11,9.98,9.99,10.01,537230,638906947.77,0.28,-0.2
2022-09-29,平安银行,000001,10.4,10.43,9.97,10.01,10.26,917718,1100405198.17,0.47,-2.44
2022-09-28,平安银行,000001,10.24,10.4,10.07,10.26,10.3,780926,946211766.9,0.4,-0.39
2022-09-27,平安银行,000001,10.15,10.31,9.96,10.3,10.15,789622,946732993.84,0.41,1.48
2022-09-26,平安银行,000001,10.31,10.43,10.14,10.15,10.44,903729,1094060839.05,0.47,-2.78
2022-09-23,平安银行,000001,10.39,10.58,10.38,10.44,10.44,586441,722703127.68,0.3,0.0
2022-09-22,平安银行,000001,10.48,10.51,10.4,10.44,10.58,586133,720058210.32,0.3,-1.32
2022-09-21,平安银行,000001,10.46,10.63,10.35,10.58,10.49,684197,845477181.51,0.35,0.86
2022-09-20,平安银行,000001,10.76,10.78,10.47,10.49,10.72,889989,1102212203.64,0.46,-2.15
2022-09-19,平安银行,000001,10.69,10.82,10.63,10.72,10.71,632121,793491306.11,0.33,0.09
2022-09-16,平安银行,000001,11.07,11.1,10.71,10.71,11.15,1357448,1719252822.13,0.7,-3.95
2022-09-15,平安银行,000001,10.95,11.25,10.92,11.15,10.88,1841018,2393239453.41,0.95,2.48
2022-09-14,平安银行,000001,10.9,11.02,10.85,10.88,11.1,858036,1095054828.69,0.44,-1.98
2022-09-13,平安银行,000001,11.03,11.17,10.81,11.1,10.87,1722690,2223707380.14,0.89,2.12
2022-09-09,平安银行,000001,10.55,10.89,10.51,10.87,10.51,1951297,2469131334.35,1.01,3.43
2022-09-08,平安银行,000001,10.47,10.59,10.45,10.51,10.48,621117,768913483.55,0.32,0.29
2022-09-07,平安银行,000001,10.57,10.57,10.43,10.48,10.65,979813,1208329758.86,0.5,-1.6
2022-09-06,平安银行,000001,10.73,10.81,10.58,10.65,10.72,731295,914692183.62,0.38,-0.65
2022-09-05,平安银行,000001,10.61,10.75,10.52,10.72,10.66,632040,788451088.8,0.33,0.56
2022-09-02,平安银行,000001,10.77,10.84,10.58,10.66,10.76,786363,983433862.85,0.41,-0.93
2022-09-01,平安银行,000001,10.8,10.94,10.73,10.76,10.9,861982,1092666276.97,0.44,-1.28
2022-08-31,平安银行,000001,10.53,10.93,10.51,10.9,10.63,1653042,2091408314.78,0.85,2.54
2022-08-30,平安银行,000001,10.58,10.69,10.43,10.63,10.57,799712,991447627.25,0.41,0.57
2022-08-29,平安银行,000001,10.65,10.71,10.46,10.57,10.76,924491,1145189174.15,0.48,-1.77
2022-08-26,平安银行,000001,10.83,10.9,10.61,10.76,10.77,927634,1168951099.46,0.48,-0.09
2022-08-25,平安银行,000001,10.55,10.81,10.45,10.77,10.55,1064011,1329230362.32,0.55,2.09
2022-08-24,平安银行,000001,10.48,10.69,10.48,10.55,10.49,1295375,1613309589.13,0.67,0.57
2022-08-23,平安银行,000001,10.6,10.64,10.43,10.49,10.65,921463,1137300431.45,0.47,-1.5
2022-08-22,平安银行,000001,10.73,10.83,10.56,10.65,10.72,1138077,1423361878.69,0.59,-0.65
2022-08-19,平安银行,000001,10.42,10.9,10.38,10.72,10.4,2106417,2653471090.1,1.09,3.08
2022-08-18,平安银行,000001,10.63,10.69,10.31,10.4,10.55,1269701,1560630567.7,0.65,-1.42
2022-08-17,平安银行,000001,10.3,10.57,10.22,10.55,10.28,1348507,1656961619.36,0.69,2.63
2022-08-16,平安银行,000001,10.26,10.35,10.25,10.28,10.26,631224,765907218.72,0.33,0.19
2022-08-15,平安银行,000001,10.44,10.51,10.24,10.26,10.53,1172010,1425087455.23,0.6,-2.56
2022-08-12,平安银行,000001,10.41,10.56,10.35,10.53,10.5,820504,1010612433.4,0.42,0.29
2022-08-11,平安银行,000001,10.23,10.54,10.19,10.5,10.21,1399304,1710719478.11,0.72,2.84
2022-08-10,平安银行,000001,10.27,10.39,10.17,10.21,10.27,683023,825806007.77,0.35,-0.58
2022-08-09,平安银行,000001,10.36,10.37,10.23,10.27,10.35,558448,677098632.55,0.29,-0.77
2022-08-08,平安银行,000001,10.4,10.51,10.31,10.35,10.46,552000,674950920.8,0.28,-1.05
2022-08-05,平安银行,000001,10.28,10.48,10.13,10.46,10.31,765298,930836354.1,0.39,1.45
2022-08-04,平安银行,000001,10.25,10.32,10.17,10.31,10.18,602676,729351710.02,0.31,1.28
2022-08-03,平安银行,000001,10.34,10.42,10.16,10.18,10.41,746137,905653324.71,0.38,-2.21
2022-08-02,平安银行,000001,10.37,10.49,10.09,10.41,10.57,1373009,1664397666.12,0.71,-1.51
2022-08-01,平安银行,000001,10.81,10.81,10.55,10.57,10.83,1025733,1277987010.0,0.53,-2.4
2022-07-29,平安银行,000001,11.03,11.05,10.8,10.83,11.03,831497,1059518584.72,0.43,-1.81
2022-07-28,平安银行,000001,10.96,11.06,10.93,11.03,10.94,750347,964903657.66,0.39,0.82
2022-07-27,平安银行,000001,11.0,11.03,10.88,10.94,11.06,923914,1182889760.74,0.48,-1.08
2022-07-26,平安银行,000001,10.9,11.06,10.86,11.06,10.97,1024049,1314310442.31,0.53,0.82
2022-07-25,平安银行,000001,10.95,11.0,10.82,10.97,10.96,763956,976071707.3,0.39,0.09
2022-07-22,平安银行,000001,10.99,11.08,10.77,10.96,10.93,1376510,1755555714.49,0.71,0.27
2022-07-21,平安银行,000001,11.24,11.26,10.91,10.93,11.31,1970388,2588696130.23,1.02,-3.36
2022-07-20,平安银行,000001,11.35,11.39,11.27,11.31,11.34,801459,1073936299.76,0.41,-0.26
2022-07-19,平安银行,000001,11.26,11.35,11.2,11.34,11.31,755597,1008562417.24,0.39,0.27
2022-07-18,平安银行,000001,11.17,11.36,11.13,11.31,11.16,1153506,1536340973.2,0.59,1.34
2022-07-15,平安银行,000001,11.4,11.48,11.14,11.16,11.29,1598637,2139915274.03,0.82,-1.15
2022-07-14,平安银行,000001,11.62,11.63,11.21,11.29,11.89,2632121,3534578702.13,1.36,-5.05
2022-07-13,平安银行,000001,12.34,12.39,11.81,11.89,12.34,2175996,3056913117.84,1.12,-3.65
2022-07-12,平安银行,000001,12.33,12.65,12.3,12.34,12.38,742882,1078431989.61,0.38,-0.32
2022-07-11,平安银行,000001,12.42,12.49,12.28,12.38,12.46,611692,883613760.0,0.32,-0.64
2022-07-08,平安银行,000001,12.42,12.57,12.29,12.46,12.34,639698,928850352.0,0.33,0.97
2022-07-07,平安银行,000001,12.46,12.57,12.3,12.34,12.45,730161,1057696544.0,0.38,-0.88
2022-07-06,平安银行,000001,12.75,12.85,12.38,12.45,12.83,1043335,1520022512.0,0.54,-2.96
2022-07-05,平安银行,000001,12.91,13.19,12.74,12.83,12.86,1115172,1674719024.0,0.57,-0.23
2022-07-04,平安银行,000001,12.87,12.9,12.67,12.86,12.84,834968,1241453408.0,0.43,0.16
2022-07-01,平安银行,000001,12.92,12.99,12.76,12.84,12.9,779243,1164030784.0,0.4,-0.47
2022-06-30,平安银行,000001,12.55,12.94,12.47,12.9,12.56,1548745,2304888688.0,0.8,2.71
2022-06-29,平安银行,000001,12.57,12.82,12.47,12.56,12.55,1266547,1865064672.0,0.65,0.08
2022-06-28,平安银行,000001,12.39,12.59,12.33,12.55,12.41,1125110,1638673248.0,0.58,1.13
2022-06-27,平安银行,000001,12.16,12.48,12.14,12.41,12.15,1497278,2166380432.0,0.77,2.14
2022-06-24,平安银行,000001,12.12,12.17,12.03,12.15,12.12,866041,1227798688.0,0.45,0.25
2022-06-23,平安银行,000001,12.01,12.15,11.98,12.12,12.0,806028,1140899088.0,0.42,1.0
2022-06-22,平安银行,000001,12.28,12.28,12.0,12.0,12.29,1056046,1498415776.0,0.54,-2.36
2022-06-21,平安银行,000001,12.26,12.55,12.15,12.29,12.26,1321794,1905346064.0,0.68,0.24
2022-06-20,平安银行,000001,12.36,12.36,12.18,12.26,12.37,1032167,1479529792.0,0.53,-0.89
2022-06-17,平安银行,000001,12.24,12.45,12.12,12.37,12.36,1053788,1513925920.0,0.54,0.08
2022-06-16,平安银行,000001,12.66,12.75,12.34,12.36,12.66,1332546,1939976256.0,0.69,-2.37
2022-06-15,平安银行,000001,12.02,13.03,11.98,12.66,12.04,3413544,5010292736.0,1.76,5.15
2022-06-14,平安银行,000001,11.63,12.05,11.63,12.04,11.83,1151429,1602169904.0,0.59,1.78
2022-06-13,平安银行,000001,12.1,12.11,11.8,11.83,12.24,1547753,2163340112.0,0.8,-3.35
2022-06-10,平安银行,000001,12.18,12.25,12.05,12.24,12.27,1346012,1914639696.0,0.69,-0.24
2022-06-09,平安银行,000001,12.06,12.38,12.02,12.27,12.08,1632901,2339986704.0,0.84,1.57
2022-06-08,平安银行,000001,12.08,12.09,11.93,12.08,12.08,1145521,1613524960.0,0.59,0.0
2022-06-07,平安银行,000001,11.94,12.17,11.91,12.08,12.09,1315113,1860366720.0,0.68,-0.08
2022-06-06,平安银行,000001,11.83,12.09,11.56,12.09,11.87,1710852,2370807616.0,0.88,1.85
2022-06-02,平安银行,000001,11.94,11.95,11.8,11.87,12.0,979268,1363740800.0,0.5,-1.08
2022-06-01,平安银行,000001,12.06,12.06,11.92,12.0,12.08,845299,1187423728.0,0.44,-0.66
2022-05-31,平安银行,000001,11.99,12.1,11.92,12.08,12.0,938869,1325012048.0,0.48,0.67
2022-05-30,平安银行,000001,12.18,12.2,11.96,12.0,12.1,896901,1265573040.0,0.46,-0.83
2022-05-27,平安银行,000001,12.21,12.27,12.03,12.1,12.11,723067,1029702192.0,0.37,-0.08
2022-05-26,平安银行,000001,12.33,12.35,11.99,12.11,12.31,1011318,1435689344.0,0.52,-1.62
2022-05-25,平安银行,000001,12.35,12.41,12.22,12.31,12.32,603228,866228928.0,0.31,-0.08
2022-05-24,平安银行,000001,12.79,12.79,12.32,12.32,12.75,933557,1358693536.0,0.48,-3.37
2022-05-23,平安银行,000001,12.99,12.99,12.68,12.75,12.94,647726,962683728.0,0.33,-1.47
2022-05-20,平安银行,000001,12.62,12.96,12.59,12.94,12.54,948598,1415164704.0,0.49,3.19
2022-05-19,平安银行,000001,12.47,12.62,12.42,12.54,12.67,590922,863214128.0,0.3,-1.03
2022-05-18,平安银行,000001,12.77,12.81,12.59,12.67,12.63,778578,1150500432.0,0.4,0.32
2022-05-17,平安银行,000001,12.43,12.64,12.24,12.63,12.33,931406,1357428400.0,0.48,2.43
2022-05-16,平安银行,000001,12.58,12.65,12.27,12.33,12.53,668228,965652304.0,0.34,-1.6
2022-05-13,平安银行,000001,12.42,12.58,12.41,12.53,12.3,676312,985962928.0,0.35,1.87
2022-05-12,平安银行,000001,12.4,12.48,12.25,12.3,12.55,685064,987061600.0,0.35,-1.99
2022-05-11,平安银行,000001,12.46,12.76,12.36,12.55,12.51,848574,1240700432.0,0.44,0.32
2022-05-10,平安银行,000001,12.42,12.52,12.03,12.51,12.47,992285,1425836928.0,0.51,0.32
2022-05-09,平安银行,000001,12.86,12.86,12.38,12.47,12.88,818621,1197104240.0,0.42,-3.18
2022-05-06,平安银行,000001,12.94,13.12,12.83,12.88,13.24,832432,1250995600.0,0.43,-2.72
2022-05-05,平安银行,000001,13.12,13.37,13.07,13.24,13.24,790196,1208735136.0,0.41,0.0
2022-04-29,平安银行,000001,13.61,13.66,12.89,13.24,13.57,1645013,2503476832.0,0.85,-2.43
2022-04-28,平安银行,000001,13.49,13.85,13.29,13.57,13.57,911772,1426381920.0,0.47,0.0
2022-04-27,平安银行,000001,12.9,13.57,12.88,13.57,12.65,1490295,2296798752.0,0.77,7.27
2022-04-26,平安银行,000001,12.8,12.9,12.37,12.65,12.77,988210,1456929632.0,0.51,-0.94
2022-04-25,平安银行,000001,13.59,13.83,12.7,12.77,13.98,1664481,2527610224.0,0.86,-8.66
2022-04-22,平安银行,000001,13.56,14.11,13.32,13.98,13.73,921274,1468452960.0,0.47,1.82
2022-04-21,平安银行,000001,13.69,13.9,13.62,13.73,13.77,709891,1124663648.0,0.37,-0.29
2022-04-20,平安银行,000001,13.73,13.97,13.62,13.77,13.73,716555,1137697840.0,0.37,0.29
2022-04-19,平安银行,000001,13.82,13.89,13.54,13.73,13.82,821772,1294226944.0,0.42,-0.65
2022-04-18,平安银行,000001,14.07,14.12,13.73,13.82,14.34,1086888,1734236528.0,0.56,-3.63
2022-04-15,平安银行,000001,13.82,14.45,13.78,14.34,13.96,1231761,2014010096.0,0.63,2.72
2022-04-14,平安银行,000001,13.92,14.17,13.84,13.96,13.72,929615,1493343952.0,0.48,1.75
2022-04-13,平安银行,000001,13.81,14.0,13.64,13.72,13.84,890628,1415496128.0,0.46,-0.87
2022-04-12,平安银行,000001,13.97,14.18,13.58,13.84,13.97,1039261,1654820080.0,0.54,-0.93
2022-04-11,平安银行,000001,14.27,14.32,13.72,13.97,14.32,1416735,2277469056.0,0.73,-2.44
2022-04-08,平安银行,000001,14.18,14.37,14.05,14.32,14.2,1066779,1741072080.0,0.55,0.85
2022-04-07,平安银行,000001,14.3,14.58,14.12,14.2,14.31,1659065,2724002912.0,0.85,-0.77
2022-04-06,平安银行,000001,13.56,14.46,13.55,14.31,13.67,2488540,4064051488.0,1.28,4.68
2022-04-01,平安银行,000001,13.29,13.71,13.12,13.67,13.3,1484879,2319616864.0,0.77,2.78
2022-03-31,平安银行,000001,13.02,13.49,12.98,13.3,13.13,1163747,1789209952.0,0.6,1.29
2022-03-30,平安银行,000001,12.78,13.19,12.68,13.13,12.6,1236792,1859617040.0,0.64,4.21
2022-03-29,平安银行,000001,12.8,12.87,12.52,12.6,12.77,615643,909169632.0,0.32,-1.33
2022-03-28,平安银行,000001,12.72,12.97,12.55,12.77,12.9,727137,1078327296.0,0.37,-1.01
2022-03-25,平安银行,000001,13.07,13.17,12.74,12.9,13.12,742933,1116354592.0,0.38,-1.68
2022-03-24,平安银行,000001,12.84,13.23,12.73,13.12,12.92,1002360,1518870080.0,0.52,1.55
2022-03-23,平安银行,000001,13.03,13.11,12.82,12.92,13.1,1050102,1577561344.0,0.54,-1.37
2022-03-22,平安银行,000001,12.51,13.14,12.42,13.1,12.51,1628657,2443174048.0,0.84,4.72
2022-03-21,平安银行,000001,12.42,12.74,12.31,12.51,12.62,1208868,1765673888.0,0.62,-0.87
2022-03-18,平安银行,000001,12.28,12.77,12.06,12.62,12.37,1528807,2222158768.0,0.79,2.02
2022-03-17,平安银行,000001,12.58,12.63,12.16,12.37,12.23,1730061,2506504224.0,0.89,1.14
2022-03-16,平安银行,000001,11.78,12.32,11.43,12.23,11.6,1531779,2141637072.0,0.79,5.43
2022-03-15,平安银行,000001,12.32,12.32,11.52,11.6,12.41,1781409,2479769552.0,0.92,-6.53
2022-03-14,平安银行,000001,12.55,12.85,12.37,12.41,12.82,1118407,1637278464.0,0.58,-3.2
2022-03-11,平安银行,000001,12.32,12.9,12.07,12.82,12.49,1493647,2187480608.0,0.77,2.64
2022-03-10,平安银行,000001,12.1,12.67,12.01,12.49,11.76,2249158,3269867792.0,1.16,6.21
2022-03-09,平安银行,000001,12.32,12.37,11.14,11.76,12.23,1800760,2492042992.0,0.93,-3.84
2022-03-08,平安银行,000001,12.54,12.78,12.17,12.23,12.64,1003033,1463145936.0,0.52,-3.24
2022-03-07,平安银行,000001,13.09,13.09,12.58,12.64,13.25,1113159,1655959936.0,0.57,-4.6
2022-03-04,平安银行,000001,13.54,13.55,13.2,13.25,13.63,990936,1523793664.0,0.51,-2.79
2022-03-03,平安银行,000001,13.65,13.73,13.55,13.63,13.6,578285,908171584.0,0.3,0.22
2022-03-02,平安银行,000001,13.71,13.79,13.58,13.6,13.84,760761,1196321952.0,0.39,-1.73
2022-03-01,平安银行,000001,13.71,13.87,13.54,13.84,13.67,935040,1474693968.0,0.48,1.24
2022-02-28,平安银行,000001,13.82,13.84,13.54,13.67,13.82,723990,1137154096.0,0.37,-1.09
2022-02-25,平安银行,000001,13.91,14.0,13.79,13.82,13.83,726397,1157890272.0,0.37,-0.07
2022-02-24,平安银行,000001,14.05,14.07,13.72,13.83,14.11,1324087,2112842560.0,0.68,-1.98
2022-02-23,平安银行,000001,14.22,14.23,13.96,14.11,14.15,886742,1431289856.0,0.46,-0.28
2022-02-22,平安银行,000001,14.23,14.36,14.08,14.15,14.43,894957,1454156224.0,0.46,-1.94
2022-02-21,平安银行,000001,14.58,14.59,14.24,14.43,14.69,800995,1316023712.0,0.41,-1.77
2022-02-18,平安银行,000001,14.24,14.69,14.23,14.69,14.34,802499,1330233360.0,0.41,2.44
2022-02-17,平安银行,000001,14.31,14.47,14.24,14.34,14.33,794502,1306514352.0,0.41,0.07
2022-02-16,平安银行,000001,14.27,14.45,14.13,14.33,14.2,782400,1282234144.0,0.4,0.92
2022-02-15,平安银行,000001,14.42,14.59,14.02,14.2,14.5,1208264,1968985376.0,0.62,-2.07
2022-02-14,平安银行,000001,15.02,15.07,14.43,14.5,15.02,1150659,1917613424.0,0.59,-3.46
2022-02-11,平安银行,000001,14.95,15.26,14.95,15.02,14.91,1078139,1852167488.0,0.56,0.74
2022-02-10,平安银行,000001,14.69,14.95,14.59,14.91,14.78,784557,1326848944.0,0.4,0.88
2022-02-09,平安银行,000001,14.84,14.92,14.63,14.78,14.75,1051162,1774253632.0,0.54,0.2
2022-02-08,平安银行,000001,14.22,14.89,14.18,14.75,14.31,1754695,2950309008.0,0.9,3.07
2022-02-07,平安银行,000001,13.94,14.33,13.81,14.31,13.75,1515476,2451798480.0,0.78,4.07
2022-01-28,平安银行,000001,14.31,14.37,13.74,13.75,14.22,1675564,2695470336.0,0.86,-3.31
2022-01-27,平安银行,000001,14.42,14.46,14.17,14.22,14.57,1024643,1677261296.0,0.53,-2.4
2022-01-26,平安银行,000001,14.87,15.02,14.46,14.57,14.77,984975,1646384992.0,0.51,-1.35
2022-01-25,平安银行,000001,15.0,15.0,14.73,14.77,15.12,1093284,1851999024.0,0.56,-2.31
2022-01-24,平安银行,000001,15.26,15.3,14.9,15.12,15.27,874771,1501390336.0,0.45,-0.98
2022-01-21,平安银行,000001,15.37,15.48,15.13,15.27,15.25,1481683,2575115120.0,0.76,0.13
2022-01-20,平安银行,000001,14.39,15.38,14.34,15.25,14.42,3031194,5195805440.0,1.56,5.76
2022-01-19,平安银行,000001,14.46,14.61,14.28,14.42,14.44,988392,1630973584.0,0.51,-0.14
2022-01-18,平安银行,000001,14.17,14.46,14.08,14.44,14.14,1152974,1891094608.0,0.59,2.12
2022-01-17,平安银行,000001,14.27,14.4,14.04,14.14,14.25,1143689,1855633792.0,0.59,-0.77
2022-01-14,平安银行,000001,14.92,14.94,14.22,14.25,14.9,2103095,3459950800.0,1.08,-4.36
2022-01-13,平安银行,000001,14.83,15.16,14.74,14.9,14.92,909423,1550319152.0,0.47,-0.13
2022-01-12,平安银行,000001,15.33,15.37,14.82,14.92,15.33,1502164,2561266416.0,0.77,-2.67
2022-01-11,平安银行,000001,15.18,15.46,15.06,15.33,15.11,1581999,2752485392.0,0.82,1.46
2022-01-10,平安银行,000001,15.21,15.34,14.95,15.11,15.12,909774,1563414576.0,0.47,-0.07
2022-01-07,平安银行,000001,15.02,15.2,14.98,15.12,15.04,1126631,1937710960.0,0.58,0.53
2022-01-06,平安银行,000001,15.03,15.19,14.92,15.04,15.07,1107885,1896535840.0,0.57,-0.2
2022-01-05,平安银行,000001,14.5,15.14,14.47,15.07,14.58,1961998,3344124592.0,1.01,3.36
2022-01-04,平安银行,000001,14.4,14.58,14.1,14.58,14.4,1169259,1918887056.0,0.6,1.25
2021-12-31,平安银行,000001,14.78,14.82,14.32,14.4,14.74,1750761,2899617152.0,0.9,-2.31
2021-12-30,平安银行,000001,14.68,14.87,14.64,14.74,14.67,796664,1342374256.0,0.41,0.48
2021-12-29,平安银行,000001,15.08,15.08,14.62,14.67,15.09,1469374,2480534592.0,0.76,-2.78
2021-12-28,平安银行,000001,15.14,15.25,15.01,15.09,15.14,1126639,1934461072.0,0.58,-0.33
2021-12-27,平安银行,000001,15.25,15.27,15.08,15.14,15.23,731119,1260455312.0,0.38,-0.59
2021-12-24,平安银行,000001,15.25,15.27,15.13,15.23,15.24,488251,843109664.0,0.25,-0.07
2021-12-23,平安银行,000001,15.32,15.35,15.13,15.24,15.31,1059576,1831122720.0,0.55,-0.46
2021-12-22,平安银行,000001,15.54,15.56,15.22,15.31,15.51,976928,1701772576.0,0.5,-1.29
2021-12-21,平安银行,000001,15.41,15.63,15.4,15.51,15.44,893734,1572895584.0,0.46,0.45
2021-12-20,平安银行,000001,15.48,15.57,15.37,15.44,15.49,746435,1309029264.0,0.38,-0.32
2021-12-17,平安银行,000001,15.62,15.67,15.49,15.49,15.64,602370,1062875488.0,0.31,-0.96
2021-12-16,平安银行,000001,15.47,15.65,15.38,15.64,15.47,819480,1445483376.0,0.42,1.1
2021-12-15,平安银行,000001,15.43,15.58,15.32,15.47,15.5,1294627,2269821040.0,0.67,-0.19
2021-12-14,平安银行,000001,16.08,16.09,15.44,15.5,16.19,1937209,3434156320.0,1.0,-4.26
2021-12-13,平安银行,000001,16.39,16.8,16.1,16.19,16.3,1314490,2427803728.0,0.68,-0.67
2021-12-10,平安银行,000001,16.43,16.62,16.19,16.3,16.62,989255,1824076528.0,0.51,-1.93
2021-12-09,平安银行,000001,16.41,16.98,16.29,16.62,16.39,1455887,2726663440.0,0.75,1.4
2021-12-08,平安银行,000001,16.37,16.47,16.08,16.39,16.38,980281,1798691056.0,0.51,0.06
2021-12-07,平安银行,000001,16.22,16.59,16.07,16.38,16.02,1616444,2979968976.0,0.83,2.25
2021-12-06,平安银行,000001,15.77,16.48,15.72,16.02,15.57,2145625,3896385168.0,1.11,2.89
2021-12-03,平安银行,000001,15.56,15.62,15.33,15.57,15.51,707600,1242375056.0,0.36,0.39
2021-12-02,平安银行,000001,15.54,15.73,15.29,15.51,15.56,994798,1749164560.0,0.51,-0.32
2021-12-01,平安银行,000001,15.35,15.69,15.29,15.56,15.36,706925,1243666848.0,0.36,1.3
2021-11-30,平安银行,000001,15.46,15.6,15.27,15.36,15.43,733616,1280384560.0,0.38,-0.45
2021-11-29,平安银行,000001,15.33,15.49,15.28,15.43,15.5,512595,895105984.0,0.26,-0.45
2021-11-26,平安银行,000001,15.54,15.59,15.44,15.5,15.6,694500,1219937312.0,0.36,-0.64
2021-11-25,平安银行,000001,15.66,15.71,15.55,15.6,15.79,603533,1068221312.0,0.31,-1.2
2021-11-24,平安银行,000001,15.69,15.87,15.58,15.79,15.8,741311,1316774400.0,0.38,-0.06
2021-11-23,平安银行,000001,16.03,16.27,15.6,15.8,16.04,1235978,2213817584.0,0.64,-1.5
2021-11-22,平安银行,000001,15.95,16.17,15.82,16.04,16.07,738618,1337768176.0,0.38,-0.19
2021-11-19,平安银行,000001,15.72,16.16,15.62,16.07,15.72,786372,1414506384.0,0.41,2.23
2021-11-18,平安银行,000001,16.01,16.04,15.65,15.72,16.03,799844,1430058304.0,0.41,-1.93
2021-11-17,平安银行,000001,16.07,16.22,15.9,16.03,16.14,664640,1203859184.0,0.34,-0.68
2021-11-16,平安银行,000001,16.28,16.46,16.09,16.14,16.35,601110,1099113408.0,0.31,-1.28
2021-11-15,平安银行,000001,16.27,16.55,16.12,16.35,16.19,655090,1203764096.0,0.34,0.99
2021-11-12,平安银行,000001,16.23,16.55,16.03,16.19,16.27,957546,1753072720.0,0.49,-0.49
2021-11-11,平安银行,000001,15.27,16.35,15.24,16.27,15.32,2084729,3752413856.0,1.07,6.2
2021-11-10,平安银行,000001,15.38,15.39,15.08,15.32,15.45,1220851,2109735152.0,0.63,-0.84
2021-11-09,平安银行,000001,15.4,15.57,15.18,15.45,15.34,1240573,2163193120.0,0.64,0.72
2021-11-08,平安银行,000001,15.54,15.73,15.28,15.34,15.56,1376815,2406417776.0,0.71,-1.41
2021-11-05,平安银行,000001,15.77,15.92,15.49,15.56,15.79,1096040,1942415600.0,0.56,-1.46
2021-11-04,平安银行,000001,16.0,16.02,15.72,15.79,15.95,983411,1760671904.0,0.51,-1.0
2021-11-03,平安银行,000001,16.02,16.16,15.77,15.95,16.1,1114972,2009325072.0,0.57,-0.93
2021-11-02,平安银行,000001,17.29,17.41,15.91,16.1,17.31,1997691,3691356320.0,1.03,-6.99
2021-11-01,平安银行,000001,17.25,17.65,16.93,17.31,17.42,841490,1626762032.0,0.43,-0.63
2021-10-29,平安银行,000001,17.55,17.66,17.24,17.42,17.64,539930,1052760272.0,0.28,-1.25
2021-10-28,平安银行,000001,17.72,17.86,17.29,17.64,17.84,619011,1211946112.0,0.32,-1.12
2021-10-27,平安银行,000001,17.92,18.09,17.51,17.84,17.97,687600,1365982832.0,0.35,-0.72
2021-10-26,平安银行,000001,17.98,18.37,17.78,17.97,18.04,652807,1313475888.0,0.34,-0.39
2021-10-25,平安银行,000001,17.63,18.12,17.42,18.04,17.96,730828,1458800096.0,0.38,0.45
2021-10-22,平安银行,000001,18.08,18.51,17.72,17.96,17.92,1134964,2287284928.0,0.58,0.22
2021-10-21,平安银行,000001,17.44,17.98,17.17,17.92,17.16,1621661,3198266208.0,0.84,4.43
2021-10-20,平安银行,000001,17.67,17.7,17.11,17.16,17.49,662956,1283356224.0,0.34,-1.89
2021-10-19,平安银行,000001,17.07,17.6,17.07,17.49,17.21,682415,1330501296.0,0.35,1.63
2021-10-18,平安银行,000001,17.37,17.47,17.02,17.21,17.58,729623,1408737776.0,0.38,-2.1
2021-10-15,平安银行,000001,16.92,17.82,16.92,17.58,17.13,993494,1948647232.0,0.51,2.63
2021-10-14,平安银行,000001,17.51,17.84,16.81,17.13,17.5,842990,1623970432.0,0.43,-2.11
2021-10-13,平安银行,000001,17.22,17.83,17.09,17.5,17.27,807897,1577612464.0,0.42,1.33
2021-10-12,平安银行,000001,17.22,17.63,17.12,17.27,17.32,1031232,2004823968.0,0.53,-0.29
2021-10-11,平安银行,000001,16.92,17.66,16.92,17.32,16.56,1455338,2829310848.0,0.75,4.59
2021-10-08,平安银行,000001,16.09,16.81,15.94,16.56,15.85,1159201,2146983888.0,0.6,4.48
2021-09-30,平安银行,000001,16.01,16.12,15.63,15.85,16.07,795611,1424675920.0,0.41,-1.37
2021-09-29,平安银行,000001,15.78,16.36,15.63,16.07,15.89,1230122,2225416496.0,0.63,1.13
2021-09-28,平安银行,000001,15.39,16.09,15.37,15.89,15.49,1293167,2311265536.0,0.67,2.58
2021-09-27,平安银行,000001,15.13,15.6,14.98,15.49,15.27,1140668,1979196736.0,0.59,1.44
2021-09-24,平安银行,000001,15.52,15.6,15.26,15.27,15.6,1265696,2209461936.0,0.65,-2.12
2021-09-23,平安银行,000001,16.02,16.24,15.57,15.6,15.9,1379838,2465683712.0,0.71,-1.89
2021-09-22,平安银行,000001,15.79,15.97,15.34,15.9,16.45,1473365,2616707248.0,0.76,-3.34
2021-09-17,平安银行,000001,16.82,16.92,16.33,16.45,17.0,1124880,2098715200.0,0.58,-3.24
2021-09-16,平安银行,000001,17.22,17.42,16.65,17.0,17.44,1176954,2234474944.0,0.61,-2.52
2021-09-15,平安银行,000001,17.23,18.91,17.11,17.44,17.29,841618,1639298368.0,0.43,0.87
2021-09-14,平安银行,000001,18.1,18.19,17.19,17.29,18.13,1158173,2272080160.0,0.6,-4.63
2021-09-13,平安银行,000001,18.28,18.43,17.73,18.13,18.49,1297228,2606152384.0,0.67,-1.95
2021-09-10,平安银行,000001,16.81,18.69,16.76,18.49,16.92,2314945,4668361728.0,1.19,9.28
2021-09-09,平安银行,000001,17.03,17.07,16.72,16.92,17.15,739506,1399536016.0,0.38,-1.34
2021-09-08,平安银行,000001,17.16,17.47,17.02,17.15,17.16,1026201,1979771472.0,0.53,-0.06
2021-09-07,平安银行,000001,16.52,17.48,16.27,17.16,16.37,1622344,3067365664.0,0.84,4.83
2021-09-06,平安银行,000001,15.85,16.52,15.7,16.37,15.96,1515226,2780281088.0,0.78,2.57
2021-09-03,平安银行,000001,16.42,16.42,15.62,15.96,16.32,1394819,2523273152.0,0.72,-2.21
2021-09-02,平安银行,000001,15.92,16.7,15.72,16.32,15.8,2422604,4454545408.0,1.25,3.29
2021-09-01,平安银行,000001,15.4,15.84,14.93,15.8,15.72,2316894,4046284160.0,1.19,0.51
2021-08-31,平安银行,000001,15.64,15.85,15.23,15.72,15.64,1174868,2072006848.0,0.61,0.51
2021-08-30,平安银行,000001,16.13,16.21,15.47,15.64,16.31,1252211,2221855856.0,0.65,-4.11
2021-08-27,平安银行,000001,16.48,16.8,16.23,16.31,16.38,728820,1354408976.0,0.38,-0.43
2021-08-26,平安银行,000001,17.12,17.18,16.33,16.38,17.08,951619,1783725040.0,0.49,-4.1
2021-08-25,平安银行,000001,17.34,17.39,16.87,17.08,17.28,698084,1341330416.0,0.36,-1.16
2021-08-24,平安银行,000001,17.27,17.89,17.13,17.28,17.22,868953,1690760832.0,0.45,0.35
2021-08-23,平安银行,000001,17.42,17.97,17.03,17.22,17.34,1191849,2315871648.0,0.61,-0.69
2021-08-20,平安银行,000001,17.89,17.99,16.62,17.34,18.26,1614628,3119152560.0,0.83,-5.04
2021-08-19,平安银行,000001,18.4,18.54,17.94,18.26,18.54,649976,1315320352.0,0.33,-1.51
2021-08-18,平安银行,000001,17.59,19.12,17.47,18.54,17.59,1332732,2732213552.0,0.69,5.4
2021-08-17,平安银行,000001,17.77,18.14,17.53,17.59,17.87,476022,947385520.0,0.25,-1.57
2021-08-16,平安银行,000001,18.01,18.12,17.49,17.87,17.81,627050,1247681168.0,0.32,0.34
2021-08-13,平安银行,000001,17.7,17.84,17.42,17.81,17.81,562885,1110191392.0,0.29,0.0
2021-08-12,平安银行,000001,17.71,18.22,17.55,17.81,17.73,666458,1330388048.0,0.34,0.45
2021-08-11,平安银行,000001,17.91,18.5,17.62,17.73,17.65,1048308,2104975152.0,0.54,0.45
2021-08-10,平安银行,000001,17.01,17.9,16.82,17.65,16.98,1301988,2535427984.0,0.67,3.95
2021-08-09,平安银行,000001,15.83,17.17,15.76,16.98,15.78,1752798,3313803232.0,0.9,7.6
2021-08-06,平安银行,000001,15.47,15.82,15.37,15.78,15.6,567454,1005870944.0,0.29,1.15
2021-08-05,平安银行,000001,15.62,15.97,15.5,15.6,15.73,621574,1104903008.0,0.32,-0.83
2021-08-04,平安银行,000001,15.96,15.99,15.52,15.73,15.81,729620,1300164288.0,0.38,-0.51
2021-08-03,平安银行,000001,15.91,16.07,15.58,15.81,15.93,896949,1609422576.0,0.46,-0.75
2021-08-02,平安银行,000001,15.56,16.06,15.1,15.93,15.61,1159923,2056014240.0,0.6,2.05
2021-07-30,平安银行,000001,15.84,15.97,15.16,15.61,15.88,950156,1679747312.0,0.49,-1.7
2021-07-29,平安银行,000001,15.83,16.16,15.7,15.88,15.67,872378,1566107824.0,0.45,1.34
2021-07-28,平安银行,000001,15.77,15.99,15.6,15.67,15.68,1062994,1898562592.0,0.55,-0.06
2021-07-27,平安银行,000001,16.79,16.91,15.52,15.68,16.72,1357551,2461708368.0,0.7,-6.22
2021-07-26,平安银行,000001,17.88,17.91,16.35,16.72,18.02,1451304,2770236704.0,0.75,-7.21
2021-07-23,平安银行,000001,18.3,18.3,17.92,18.02,18.3,727404,1461467504.0,0.37,-1.53
2021-07-22,平安银行,000001,18.37,18.58,18.16,18.3,18.37,868648,1773999328.0,0.45,-0.38
2021-07-21,平安银行,000001,18.5,18.72,18.12,18.37,18.52,753077,1535327568.0,0.39,-0.81
2021-07-20,平安银行,000001,19.02,19.12,18.39,18.52,19.13,804034,1665315552.0,0.41,-3.19
2021-07-19,平安银行,000001,19.28,19.35,18.7,19.13,19.26,522136,1098434736.0,0.27,-0.67
2021-07-16,平安银行,000001,19.33,19.74,19.22,19.26,19.54,573003,1230180816.0,0.3,-1.43
2021-07-15,平安银行,000001,18.64,19.64,18.55,19.54,18.68,956003,2040266256.0,0.49,4.6
2021-07-14,平安银行,000001,18.92,18.92,18.33,18.68,19.04,847951,1755810880.0,0.44,-1.89
2021-07-13,平安银行,000001,19.07,19.26,18.46,19.04,19.08,657614,1382029136.0,0.34,-0.21
2021-07-12,平安银行,000001,19.42,19.42,18.81,19.08,19.19,877901,1859059504.0,0.45,-0.57
2021-07-09,平安银行,000001,19.22,19.55,18.94,19.19,19.43,762365,1625461600.0,0.39,-1.24
2021-07-08,平安银行,000001,20.7,20.7,19.12,19.43,20.47,1457059,3140657440.0,0.75,-5.08
2021-07-07,平安银行,000001,20.6,20.97,20.42,20.47,20.7,468945,1063910096.0,0.24,-1.11
2021-07-06,平安银行,000001,20.0,20.92,19.77,20.7,19.98,791957,1784792784.0,0.41,3.6
2021-07-05,平安银行,000001,19.61,20.07,19.01,19.98,19.73,859341,1859394320.0,0.44,1.27
2021-07-02,平安银行,000001,20.64,20.66,19.68,19.73,21.12,1070678,2360189792.0,0.55,-6.58
2021-07-01,平安银行,000001,20.73,21.42,20.44,21.12,20.54,664833,1530548800.0,0.34,2.82
2021-06-30,平安银行,000001,20.28,20.85,20.27,20.54,20.26,403435,913285184.0,0.21,1.38
2021-06-29,平安银行,000001,20.5,20.71,19.92,20.26,20.7,1049749,2341926368.0,0.54,-2.13
2021-06-28,平安银行,000001,21.28,21.31,20.4,20.7,21.28,626257,1425702208.0,0.32,-2.73
2021-06-25,平安银行,000001,21.0,21.52,20.98,21.28,21.0,559973,1310287392.0,0.29,1.33
2021-06-24,平安银行,000001,20.95,21.04,20.6,21.0,21.06,390283,894502112.0,0.2,-0.28
2021-06-23,平安银行,000001,20.77,21.33,20.64,21.06,20.89,447908,1035835696.0,0.23,0.81
2021-06-22,平安银行,000001,20.3,21.01,20.17,20.89,20.08,757751,1720058048.0,0.39,4.03
2021-06-21,平安银行,000001,20.52,20.59,19.93,20.08,20.57,718273,1600119856.0,0.37,-2.38
2021-06-18,平安银行,000001,21.05,21.2,20.31,20.57,21.02,694099,1574437728.0,0.36,-2.14
2021-06-17,平安银行,000001,20.94,21.61,20.94,21.02,21.18,453282,1059121808.0,0.23,-0.76
2021-06-16,平安银行,000001,21.14,21.32,20.93,21.18,21.14,378208,878470832.0,0.19,0.19
2021-06-15,平安银行,000001,21.27,21.35,20.72,21.14,21.29,660623,1524503472.0,0.34,-0.7
2021-06-11,平安银行,000001,22.23,22.27,21.04,21.29,22.12,834665,1965393120.0,0.43,-3.75
2021-06-10,平安银行,000001,22.58,22.98,22.07,22.12,22.57,530215,1294972560.0,0.27,-1.99
2021-06-09,平安银行,000001,22.35,22.8,22.1,22.57,22.45,453832,1116771376.0,0.23,0.53
2021-06-08,平安银行,000001,22.07,22.49,21.87,22.45,22.22,570078,1384120304.0,0.29,1.04
2021-06-07,平安银行,000001,22.4,22.4,21.85,22.22,22.46,447914,1081738832.0,0.23,-1.07
2021-06-04,平安银行,000001,21.91,22.88,21.72,22.46,21.69,756739,1851425840.0,0.39,3.55
2021-06-03,平安银行,000001,21.64,22.06,21.6,21.69,21.81,400901,958876480.0,0.21,-0.55
2021-06-02,平安银行,000001,21.81,21.84,21.3,21.81,21.84,497527,1176608128.0,0.26,-0.14
2021-06-01,平安银行,000001,22.12,22.17,21.42,21.84,22.12,625018,1490476624.0,0.32,-1.27
2021-05-31,平安银行,000001,22.25,22.45,21.83,22.12,22.42,515351,1244209040.0,0.27,-1.34
2021-05-28,平安银行,000001,22.6,22.63,22.08,22.42,22.71,492401,1200523312.0,0.25,-1.28
2021-05-27,平安银行,000001,22.83,23.08,22.44,22.71,22.93,504091,1246712048.0,0.26,-0.96
2021-05-26,平安银行,000001,22.56,23.04,22.42,22.93,22.52,919264,2286540256.0,0.47,1.82
2021-05-25,平安银行,000001,21.46,22.65,21.37,22.52,21.4,972375,2363145904.0,0.5,5.23
2021-05-24,平安银行,000001,21.4,21.52,21.11,21.4,21.41,343936,806092208.0,0.18,-0.05
2021-05-21,平安银行,000001,21.8,22.01,20.95,21.41,21.74,539336,1263058112.0,0.28,-1.52
2021-05-20,平安银行,000001,21.33,21.76,21.19,21.74,21.52,405788,957478848.0,0.21,1.02
2021-05-19,平安银行,000001,21.74,22.05,21.44,21.52,21.82,429420,1022553744.0,0.22,-1.37
2021-05-18,平安银行,000001,21.77,22.03,21.32,21.82,21.52,395415,939786736.0,0.2,1.39
2021-05-17,平安银行,000001,21.07,21.74,20.87,21.52,21.24,527565,1241605200.0,0.27,1.32
2021-05-14,平安银行,000001,21.06,21.35,20.52,21.24,20.81,563785,1300250944.0,0.29,2.07
2021-05-13,平安银行,000001,21.26,21.33,20.58,20.81,21.29,549653,1271946304.0,0.28,-2.25
2021-05-12,平安银行,000001,21.03,21.38,20.62,21.29,21.27,533265,1245517712.0,0.27,0.09
2021-05-11,平安银行,000001,21.36,21.49,20.8,21.27,21.6,497223,1161846400.0,0.26,-1.53
2021-05-10,平安银行,000001,21.74,21.78,20.76,21.6,21.79,661439,1566860768.0,0.34,-0.87
2021-05-07,平安银行,000001,21.41,22.04,21.13,21.79,21.24,802214,1929112368.0,0.41,2.59
2021-05-06,平安银行,000001,20.84,21.44,20.84,21.24,21.03,500295,1174181616.0,0.26,1.0
2021-04-30,平安银行,000001,21.09,21.23,20.75,21.03,21.33,561981,1308177200.0,0.29,-1.41
2021-04-29,平安银行,000001,21.08,21.45,20.85,21.33,21.09,614837,1439823968.0,0.32,1.14
2021-04-28,平安银行,000001,21.03,21.19,20.52,21.09,20.68,593838,1375141408.0,0.31,1.98
2021-04-27,平安银行,000001,20.69,20.93,20.6,20.68,20.68,470431,1083043584.0,0.24,0.0
2021-04-26,平安银行,000001,21.61,21.97,20.64,20.68,21.03,872418,2037109600.0,0.45,-1.66
2021-04-23,平安银行,000001,21.06,21.39,20.81,21.03,20.72,823230,1920413504.0,0.42,1.5
2021-04-22,平安银行,000001,20.93,20.97,20.52,20.72,20.75,829694,1905208912.0,0.43,-0.14
2021-04-21,平安银行,000001,20.04,20.93,20.03,20.75,19.43,1597100,3644577536.0,0.82,6.79
2021-04-20,平安银行,000001,18.82,19.69,18.66,19.43,18.89,834773,1798249024.0,0.43,2.86
2021-04-19,平安银行,000001,17.77,18.98,17.65,18.89,18.0,1112283,2304021472.0,0.57,4.94
2021-04-16,平安银行,000001,18.1,18.17,17.55,18.0,18.1,729998,1466509056.0,0.38,-0.55
2021-04-15,平安银行,000001,18.5,18.51,17.82,18.1,18.41,735865,1494016048.0,0.38,-1.68
2021-04-14,平安银行,000001,18.53,18.68,18.16,18.41,18.52,537438,1113001536.0,0.28,-0.59
2021-04-13,平安银行,000001,18.46,18.62,18.33,18.52,18.44,499904,1036992688.0,0.26,0.43
2021-04-12,平安银行,000001,19.25,19.25,18.37,18.44,19.04,594743,1240067312.0,0.31,-3.15
2021-04-09,平安银行,000001,19.45,19.46,18.82,19.04,19.3,398960,849870880.0,0.21,-1.35
2021-04-08,平安银行,000001,19.2,19.47,19.07,19.3,19.38,383030,825170848.0,0.2,-0.41
2021-04-07,平安银行,000001,19.62,19.67,19.05,19.38,19.42,517605,1116774448.0,0.27,-0.21
2021-04-06,平安银行,000001,19.29,19.83,19.25,19.42,19.24,401103,873387024.0,0.21,0.94
2021-04-02,平安银行,000001,19.44,19.47,19.1,19.24,19.52,581084,1249405392.0,0.3,-1.43
2021-04-01,平安银行,000001,19.82,19.85,19.24,19.52,19.75,544449,1183868016.0,0.28,-1.16
2021-03-31,平安银行,000001,19.51,19.81,19.34,19.75,19.67,777028,1699922176.0,0.4,0.41
2021-03-30,平安银行,000001,19.12,19.67,18.95,19.67,19.23,738655,1601238496.0,0.38,2.29
2021-03-29,平安银行,000001,19.02,19.39,18.94,19.23,18.88,785667,1684397872.0,0.4,1.85
2021-03-26,平安银行,000001,18.58,19.14,18.5,18.88,18.49,822108,1733412576.0,0.42,2.11
2021-03-25,平安银行,000001,18.32,18.57,18.14,18.49,18.27,492666,1017166048.0,0.25,1.2
2021-03-24,平安银行,000001,18.95,19.02,18.19,18.27,18.97,850085,1757688576.0,0.44,-3.69
2021-03-23,平安银行,000001,19.31,19.39,18.7,18.97,19.29,682903,1448043616.0,0.35,-1.66
2021-03-22,平安银行,000001,18.29,19.29,18.27,19.29,18.21,1451190,3087549488.0,0.75,5.93
2021-03-19,平安银行,000001,19.27,19.39,18.11,18.21,19.47,1525622,3159181040.0,0.79,-6.47
2021-03-18,平安银行,000001,19.04,19.47,18.74,19.47,18.94,691610,1483801552.0,0.36,2.8
2021-03-17,平安银行,000001,19.19,19.29,18.64,18.94,19.4,821489,1738185856.0,0.42,-2.37
2021-03-16,平安银行,000001,19.34,19.85,19.01,19.4,19.34,939684,2038470656.0,0.48,0.31
2021-03-15,平安银行,000001,19.14,19.86,18.85,19.34,19.22,958749,2077984896.0,0.49,0.62
2021-03-12,平安银行,000001,19.11,19.44,18.94,19.22,19.01,697201,1494219072.0,0.36,1.1
2021-03-11,平安银行,000001,18.32,19.12,18.3,19.01,18.14,1048659,2213107792.0,0.54,4.8
2021-03-10,平安银行,000001,18.58,18.65,18.02,18.14,18.59,1149417,2356185008.0,0.59,-2.42
2021-03-09,平安银行,000001,19.42,19.66,18.32,18.59,19.34,1361895,2882931920.0,0.7,-3.88
2021-03-08,平安银行,000001,20.18,20.43,19.22,19.34,20.08,993774,2189190960.0,0.51,-3.69
2021-03-05,平安银行,000001,20.44,20.72,19.6,20.08,20.66,880171,1960439120.0,0.45,-2.81
2021-03-04,平安银行,000001,20.51,21.23,20.39,20.66,20.75,1213579,2799747152.0,0.63,-0.43
2021-03-03,平安银行,000001,19.32,20.82,19.2,20.75,19.39,1919635,4320024320.0,0.99,7.01
2021-03-02,平安银行,000001,19.36,19.89,19.0,19.39,19.19,1473425,3196536976.0,0.76,1.04
2021-03-01,平安银行,000001,19.28,19.42,18.92,19.19,19.12,1125387,2408050912.0,0.58,0.37
2021-02-26,平安银行,000001,19.34,19.7,18.95,19.12,19.83,1124977,2424653760.0,0.58,-3.58
2021-02-25,平安银行,000001,20.14,20.3,19.42,19.83,19.9,1593403,3524600800.0,0.82,-0.35
2021-02-24,平安银行,000001,20.01,20.02,19.3,19.9,19.67,1428500,3144209056.0,0.74,1.17
2021-02-23,平安银行,000001,20.12,20.42,19.56,19.67,20.12,1870460,4160776608.0,0.96,-2.24
2021-02-22,平安银行,000001,21.54,21.54,20.0,20.12,21.59,1956842,4445818624.0,1.01,-6.81
2021-02-19,平安银行,000001,21.7,21.93,21.31,21.59,22.04,922583,2197558288.0,0.48,-2.04
2021-02-18,平安银行,000001,21.74,22.29,21.22,22.04,21.56,1505231,3619387648.0,0.78,2.23
2021-02-10,平安银行,000001,22.34,22.7,21.12,21.56,22.32,1918867,4569742080.0,0.99,-3.41
2021-02-09,平安银行,000001,22.53,22.58,21.91,22.32,22.54,942094,2302978160.0,0.49,-0.98
2021-02-08,平安银行,000001,22.64,22.64,21.84,22.54,22.67,1084265,2650948256.0,0.56,-0.57
2021-02-05,平安银行,000001,22.34,23.05,22.01,22.67,22.34,1015576,2517804160.0,0.52,1.48
2021-02-04,平安银行,000001,21.92,22.98,21.78,22.34,22.69,1255248,3084553744.0,0.65,-1.54
2021-02-03,平安银行,000001,21.22,22.92,21.12,22.69,21.02,1923272,4690176512.0,0.99,7.94
2021-02-02,平安银行,000001,21.12,21.84,20.65,21.02,22.29,2416169,5679180032.0,1.25,-5.7
2021-02-01,平安银行,000001,20.74,22.73,20.44,22.29,20.83,1475239,3529556992.0,0.76,7.01
2021-01-29,平安银行,000001,20.55,21.28,20.45,20.83,20.55,1240258,2864101424.0,0.64,1.36
2021-01-28,平安银行,000001,20.52,20.92,20.19,20.55,20.82,857477,1948881152.0,0.44,-1.3
2021-01-27,平安银行,000001,20.05,21.21,20.05,20.82,20.11,1294153,2976800960.0,0.67,3.53
2021-01-26,平安银行,000001,20.04,21.06,20.04,20.11,20.23,1126721,2558575504.0,0.58,-0.59
2021-01-25,平安银行,000001,19.46,20.34,19.17,20.23,19.77,1028365,2269032816.0,0.53,2.33
2021-01-22,平安银行,000001,19.97,19.97,19.25,19.77,19.97,924434,2025834768.0,0.48,-1.0
2021-01-21,平安银行,000001,20.24,20.54,19.89,19.97,20.21,944779,2114252736.0,0.49,-1.19
2021-01-20,平安银行,000001,19.89,20.71,19.86,20.21,20.08,1280793,2889249856.0,0.66,0.65
2021-01-19,平安银行,000001,20.25,20.58,19.79,20.08,20.44,1242088,2790056608.0,0.64,-1.76
2021-01-18,平安银行,000001,18.94,20.52,18.94,20.44,18.74,2157302,4792909568.0,1.11,9.07
2021-01-15,平安银行,000001,18.74,19.69,18.56,18.74,17.91,2480689,5311218176.0,1.28,4.63
2021-01-14,平安银行,000001,18.42,18.63,17.69,17.91,18.44,1130156,2306404544.0,0.58,-2.87
2021-01-13,平安银行,000001,18.74,18.75,18.14,18.44,18.74,1049120,2161849712.0,0.54,-1.6
2021-01-12,平安银行,000001,18.13,18.74,17.92,18.74,18.12,1288166,2657687440.0,0.66,3.42
2021-01-11,平安银行,000001,17.74,18.38,17.74,18.12,17.59,1790457,3652546640.0,0.92,3.01
2021-01-08,平安银行,000001,17.64,17.84,17.05,17.59,17.64,1195473,2348316368.0,0.62,-0.28
2021-01-07,平安银行,000001,17.26,17.72,16.97,17.64,17.3,1584185,3111274624.0,0.82,1.97
2021-01-06,平安银行,000001,15.82,17.3,15.74,17.3,15.91,1934945,3648521904.0,1.0,8.74
2021-01-05,平安银行,000001,16.14,16.22,15.54,15.91,16.34,1821352,3284606912.0,0.94,-2.63
2021-01-04,平安银行,000001,16.84,16.84,16.18,16.34,17.08,1554216,2891682320.0,0.8,-4.33
2020-12-31,平安银行,000001,16.95,17.32,16.76,17.08,16.94,924503,1781736288.0,0.48,0.83
2020-12-30,平安银行,000001,16.74,16.94,16.46,16.94,16.91,978498,1854082816.0,0.5,0.18
2020-12-29,平安银行,000001,16.61,17.04,16.44,16.91,16.59,963092,1837947232.0,0.5,1.93
2020-12-28,平安银行,000001,15.76,16.6,15.7,16.59,15.78,1270337,2352947328.0,0.65,5.13
2020-12-25,平安银行,000001,16.0,16.0,15.54,15.78,16.0,577077,1038128192.0,0.3,-1.38
2020-12-24,平安银行,000001,15.89,16.23,15.79,16.0,15.74,632950,1155767280.0,0.33,1.65
2020-12-23,平安银行,000001,15.7,15.81,15.53,15.74,15.64,750083,1345650736.0,0.39,0.64
2020-12-22,平安银行,000001,16.1,16.39,15.62,15.64,16.02,1028738,1873638736.0,0.53,-2.37
2020-12-21,平安银行,000001,16.04,16.38,15.77,16.02,16.1,906878,1662649808.0,0.47,-0.5
2020-12-18,平安银行,000001,16.74,16.84,15.97,16.1,16.69,1058756,1959764080.0,0.55,-3.54
2020-12-17,平安银行,000001,16.65,16.81,16.34,16.69,16.75,686141,1294658304.0,0.35,-0.36
2020-12-16,平安银行,000001,16.54,16.84,16.32,16.75,16.48,689070,1302133808.0,0.36,1.64
2020-12-15,平安银行,000001,16.54,16.59,15.89,16.48,16.62,788858,1458268624.0,0.41,-0.84
2020-12-14,平安银行,000001,16.34,16.8,16.24,16.62,16.26,835992,1575396016.0,0.43,2.21
2020-12-11,平安银行,000001,16.45,16.54,15.96,16.26,16.39,887794,1642392320.0,0.46,-0.79
2020-12-10,平安银行,000001,16.47,16.62,16.19,16.39,16.45,607867,1130916256.0,0.31,-0.36
2020-12-09,平安银行,000001,16.53,16.79,16.42,16.45,16.45,677221,1277484448.0,0.35,0.0
2020-12-08,平安银行,000001,16.66,16.77,16.27,16.45,16.65,719648,1345951728.0,0.37,-1.2
2020-12-07,平安银行,000001,17.05,17.13,16.42,16.65,17.04,873807,1655173472.0,0.45,-2.29
2020-12-04,平安银行,000001,17.21,17.21,16.71,17.04,17.28,891348,1707639072.0,0.46,-1.39
2020-12-03,平安银行,000001,17.52,17.6,16.91,17.28,17.37,714452,1393085024.0,0.37,-0.52
2020-12-02,平安银行,000001,17.67,17.8,17.26,17.37,17.79,889385,1758639184.0,0.46,-2.36
2020-12-01,平安银行,000001,17.44,18.25,17.14,17.79,17.48,1263720,2516010784.0,0.65,1.77
2020-11-30,平安银行,000001,17.64,18.62,17.33,17.48,17.44,1581441,3213680464.0,0.81,0.23
2020-11-27,平安银行,000001,17.74,17.74,17.12,17.44,17.24,753774,1479430640.0,0.39,1.16
2020-11-26,平安银行,000001,16.79,17.35,16.77,17.24,16.8,639658,1240074384.0,0.33,2.62
2020-11-25,平安银行,000001,17.22,17.44,16.79,16.8,17.1,552585,1068352016.0,0.28,-1.75
2020-11-24,平安银行,000001,17.36,17.42,16.91,17.1,17.36,678543,1313496144.0,0.35,-1.5
2020-11-23,平安银行,000001,16.59,17.36,16.54,17.36,16.6,1165858,2252290576.0,0.6,4.58
2020-11-20,平安银行,000001,16.57,16.73,16.26,16.6,16.59,673919,1265262912.0,0.35,0.06
2020-11-19,平安银行,000001,16.33,16.72,16.04,16.59,16.2,1211741,2270476480.0,0.62,2.41
2020-11-18,平安银行,000001,15.52,16.24,15.49,16.2,15.57,1373401,2508632640.0,0.71,4.05
2020-11-17,平安银行,000001,15.12,15.67,14.99,15.57,15.11,852931,1509511584.0,0.44,3.04
2020-11-16,平安银行,000001,14.82,15.17,14.64,15.11,14.92,759857,1308190464.0,0.39,1.27
2020-11-13,平安银行,000001,15.16,15.21,14.43,14.92,15.4,1289189,2191492016.0,0.66,-3.12
2020-11-12,平安银行,000001,15.55,15.68,15.19,15.4,15.55,677258,1197284176.0,0.35,-0.96
2020-11-11,平安银行,000001,15.94,16.04,15.34,15.55,15.85,940130,1677811472.0,0.48,-1.89
2020-11-10,平安银行,000001,15.74,16.24,15.67,15.85,15.58,1021063,1854142816.0,0.53,1.73
2020-11-09,平安银行,000001,15.41,15.74,15.28,15.58,15.38,951424,1688807408.0,0.49,1.3
2020-11-06,平安银行,000001,15.45,15.49,14.96,15.38,15.44,848782,1486492208.0,0.44,-0.39
2020-11-05,平安银行,000001,16.11,16.24,15.28,15.44,16.06,1429469,2558562448.0,0.74,-3.86
2020-11-04,平安银行,000001,16.09,16.22,15.7,16.06,15.7,1247636,2275824960.0,0.64,2.29
2020-11-03,平安银行,000001,15.45,16.08,15.44,15.7,15.37,957869,1727488480.0,0.49,2.15
2020-11-02,平安银行,000001,15.39,15.79,15.07,15.37,15.49,968453,1702741440.0,0.5,-0.77
2020-10-30,平安银行,000001,15.48,16.1,15.34,15.49,15.51,1007804,1813064336.0,0.52,-0.13
2020-10-29,平安银行,000001,15.28,15.67,15.09,15.51,15.37,846604,1498040944.0,0.44,0.91
2020-10-28,平安银行,000001,15.5,15.64,15.03,15.37,15.5,1205824,2125604544.0,0.62,-0.84
2020-10-27,平安银行,000001,15.74,15.74,15.24,15.5,15.44,1034865,1839243232.0,0.53,0.39
2020-10-26,平安银行,000001,15.94,16.03,15.19,15.44,15.87,1175599,2085800592.0,0.61,-2.71
2020-10-23,平安银行,000001,15.27,16.52,15.27,15.87,15.3,1698502,3105623952.0,0.88,3.73
2020-10-22,平安银行,000001,15.68,16.24,15.04,15.3,15.65,1890519,3342069008.0,0.97,-2.24
2020-10-21,平安银行,000001,15.38,15.74,15.07,15.65,15.28,1244560,2204040368.0,0.64,2.42
2020-10-20,平安银行,000001,15.22,15.34,14.99,15.28,15.22,960072,1673173360.0,0.49,0.39
2020-10-19,平安银行,000001,15.04,15.84,15.04,15.22,14.84,2016106,3571336000.0,1.04,2.56
2020-10-16,平安银行,000001,14.3,15.11,14.28,14.84,14.3,2095614,3589229552.0,1.08,3.78
2020-10-15,平安银行,000001,13.94,14.66,13.89,14.3,13.77,1600062,2654379584.0,0.82,3.85
2020-10-14,平安银行,000001,13.78,13.86,13.54,13.77,13.8,662562,1057937824.0,0.34,-0.22
2020-10-13,平安银行,000001,13.64,13.85,13.51,13.8,13.64,908819,1453986336.0,0.47,1.17
2020-10-12,平安银行,000001,12.96,13.79,12.95,13.64,12.92,1591347,2509002880.0,0.82,5.57
2020-10-09,平安银行,000001,13.04,13.29,12.87,12.92,12.91,900426,1376995904.0,0.46,0.08
2020-09-30,平安银行,000001,12.54,13.01,12.54,12.91,12.54,1217065,1838547600.0,0.63,2.95
2020-09-29,平安银行,000001,13.13,13.15,12.5,12.54,13.05,1182374,1766848544.0,0.61,-3.91
2020-09-28,平安银行,000001,12.93,13.11,12.72,13.05,12.93,612711,932800768.0,0.32,0.93
2020-09-25,平安银行,000001,12.94,13.05,12.85,12.93,12.86,614087,933035040.0,0.32,0.54
2020-09-24,平安银行,000001,13.33,13.35,12.86,12.86,13.37,1061011,1623376208.0,0.55,-3.81
2020-09-23,平安银行,000001,13.33,13.57,13.25,13.37,13.31,599200,939763264.0,0.31,0.45
2020-09-22,平安银行,000001,13.41,13.58,13.13,13.31,13.6,867756,1354536272.0,0.45,-2.13
2020-09-21,平安银行,000001,13.74,13.79,13.45,13.6,13.81,896162,1418370976.0,0.46,-1.52
2020-09-18,平安银行,000001,13.36,13.83,13.26,13.81,13.31,1373193,2186759088.0,0.71,3.76
2020-09-17,平安银行,000001,13.28,13.46,13.14,13.31,13.18,988216,1543414496.0,0.51,0.99
2020-09-16,平安银行,000001,13.06,13.28,12.95,13.18,13.09,722415,1114667840.0,0.37,0.69
2020-09-15,平安银行,000001,12.94,13.22,12.89,13.09,13.04,657133,1007999040.0,0.34,0.38
2020-09-14,平安银行,000001,12.75,13.04,12.66,13.04,12.75,680251,1027508112.0,0.35,2.27
2020-09-11,平安银行,000001,12.92,13.04,12.56,12.75,13.08,954236,1431844016.0,0.49,-2.52
2020-09-10,平安银行,000001,13.06,13.22,12.94,13.08,12.95,957092,1469402768.0,0.49,1.0
2020-09-09,平安银行,000001,13.0,13.3,12.87,12.95,13.17,1013572,1554005568.0,0.52,-1.67
2020-09-08,平安银行,000001,12.74,13.17,12.74,13.17,12.68,1407602,2154220784.0,0.73,3.86
2020-09-07,平安银行,000001,12.62,12.98,12.57,12.68,12.7,1031377,1551971376.0,0.53,-0.16
2020-09-04,平安银行,000001,12.47,12.8,12.34,12.7,12.64,909890,1353550816.0,0.47,0.47
2020-09-03,平安银行,000001,13.06,13.07,12.58,12.64,13.06,1279842,1919266720.0,0.66,-3.22
2020-09-02,平安银行,000001,12.75,13.27,12.75,13.06,12.88,1679383,2575966640.0,0.87,1.4
2020-09-01,平安银行,000001,12.7,12.97,12.62,12.88,12.82,813643,1228342736.0,0.42,0.47
2020-08-31,平安银行,000001,13.04,13.42,12.73,12.82,12.87,1797130,2760350320.0,0.93,-0.39
2020-08-28,平安银行,000001,12.0,12.92,12.0,12.87,12.2,2410400,3599035696.0,1.24,5.49
2020-08-27,平安银行,000001,12.14,12.2,11.85,12.2,12.11,626667,895618656.0,0.32,0.74
2020-08-26,平安银行,000001,12.34,12.35,12.02,12.11,12.34,734118,1057274176.0,0.38,-1.86
2020-08-25,平安银行,000001,12.3,12.43,12.2,12.34,12.2,748320,1090756848.0,0.39,1.15
2020-08-24,平安银行,000001,12.24,12.45,12.15,12.2,12.19,919449,1338031968.0,0.47,0.08
2020-08-21,平安银行,000001,12.45,12.45,12.06,12.19,12.33,1234517,1787278576.0,0.64,-1.14
2020-08-20,平安银行,000001,12.75,12.88,12.27,12.33,12.84,1333802,1962605008.0,0.69,-3.97
2020-08-19,平安银行,000001,12.85,13.09,12.7,12.84,12.89,1420928,2154215104.0,0.73,-0.39
2020-08-18,平安银行,000001,12.94,13.04,12.65,12.89,12.93,1350261,2033477712.0,0.7,-0.31
2020-08-17,平安银行,000001,12.34,13.09,12.29,12.93,12.21,3268028,4923669248.0,1.68,5.9
2020-08-14,平安银行,000001,11.84,12.25,11.8,12.21,11.92,1103216,1578543600.0,0.57,2.43
2020-08-13,平安银行,000001,12.14,12.2,11.88,11.92,12.12,837262,1190139728.0,0.43,-1.65
2020-08-12,平安银行,000001,11.95,12.24,11.89,12.12,11.87,1596812,2287731088.0,0.82,2.11
2020-08-11,平安银行,000001,11.71,12.4,11.71,11.87,11.69,2603308,3748036832.0,1.34,1.54
2020-08-10,平安银行,000001,11.41,11.76,11.36,11.69,11.44,1587710,2208568320.0,0.82,2.19
2020-08-07,平安银行,000001,11.54,11.64,11.36,11.44,11.64,988678,1356305776.0,0.51,-1.72
2020-08-06,平安银行,000001,11.56,11.7,11.39,11.64,11.5,1352511,1868047344.0,0.7,1.22
2020-08-05,平安银行,000001,11.56,11.59,11.36,11.5,11.78,1440203,1980352976.0,0.74,-2.38
2020-08-04,平安银行,000001,11.4,11.89,11.22,11.78,11.33,2445663,3388510064.0,1.26,3.97
2020-08-03,平安银行,000001,11.21,11.36,11.17,11.33,11.08,1445096,1954607264.0,0.74,2.26
2020-07-31,平安银行,000001,11.02,11.27,10.99,11.08,11.11,1165822,1559068288.0,0.6,-0.27
2020-07-30,平安银行,000001,11.24,11.25,11.11,11.11,11.28,964068,1294444928.0,0.5,-1.51
2020-07-29,平安银行,000001,11.09,11.37,10.95,11.28,11.08,1519580,2043847472.0,0.78,1.81
2020-07-28,平安银行,000001,11.08,11.17,10.92,11.08,10.98,1217006,1618089552.0,0.63,0.91
2020-07-27,平安银行,000001,11.41,11.42,10.84,10.98,11.24,1880653,2497551472.0,0.97,-2.31
2020-07-24,平安银行,000001,11.71,11.73,11.16,11.24,11.75,1830882,2504647104.0,0.94,-4.34
2020-07-23,平安银行,000001,11.98,12.03,11.55,11.75,12.15,2027526,2838535216.0,1.04,-3.29
2020-07-22,平安银行,000001,12.23,12.39,12.01,12.15,12.23,1312952,1895447232.0,0.68,-0.65
2020-07-21,平安银行,000001,12.42,12.42,12.14,12.23,12.47,1252866,1815570304.0,0.65,-1.92
2020-07-20,平安银行,000001,11.97,12.51,11.84,12.47,11.88,1979632,2872758064.0,1.02,4.97
2020-07-17,平安银行,000001,11.91,12.02,11.69,11.88,11.89,1291347,1821043920.0,0.67,-0.08
2020-07-16,平安银行,000001,12.04,12.29,11.86,11.89,12.01,1930891,2771496384.0,1.0,-1.0
2020-07-15,平安银行,000001,12.52,12.6,11.97,12.01,12.42,2042563,2947173152.0,1.05,-3.3
2020-07-14,平安银行,000001,12.64,12.93,12.29,12.42,12.63,1953566,2891773824.0,1.01,-1.66
2020-07-13,平安银行,000001,12.44,12.82,12.24,12.63,12.6,1937160,2871414848.0,1.0,0.24
2020-07-10,平安银行,000001,13.09,13.22,12.5,12.6,13.27,2158773,3254272384.0,1.11,-5.05
2020-07-09,平安银行,000001,13.4,13.4,13.05,13.27,13.5,2243994,3469517328.0,1.16,-1.7
2020-07-08,平安银行,000001,12.97,13.74,12.97,13.5,13.22,2631339,4095447760.0,1.36,2.12
2020-07-07,平安银行,000001,14.04,14.37,12.77,13.22,13.42,3964428,6267919616.0,2.04,-1.49
2020-07-06,平安银行,000001,12.34,13.42,12.33,13.42,11.99,4711461,7168653312.0,2.43,11.93
2020-07-03,平安银行,000001,11.31,12.06,11.3,11.99,11.17,3768334,5280918016.0,1.94,7.34
2020-07-02,平安银行,000001,10.82,11.23,10.71,11.17,10.86,2590501,3433511088.0,1.33,2.85
2020-07-01,平安银行,000001,10.53,10.89,10.48,10.86,10.54,1697390,2202800848.0,0.87,3.04
2020-06-30,平安银行,000001,10.57,10.62,10.46,10.54,10.54,937940,1199181600.0,0.48,0.0
2020-06-29,平安银行,000001,10.66,10.71,10.45,10.54,10.54,1038480,1330678288.0,0.54,0.0
2020-06-24,平安银行,000001,10.38,10.62,10.34,10.54,10.34,1523220,1946329088.0,0.78,1.93
2020-06-23,平安银行,000001,10.39,10.43,10.26,10.34,10.38,990807,1248046640.0,0.51,-0.39
2020-06-22,平安银行,000001,10.48,10.5,10.36,10.38,10.54,1319080,1671023280.0,0.68,-1.52
2020-06-19,平安银行,000001,10.47,10.58,10.35,10.54,10.5,1539522,1954584912.0,0.79,0.38
2020-06-18,平安银行,000001,10.5,10.54,10.33,10.5,10.59,1119648,1419972016.0,0.58,-0.85
2020-06-17,平安银行,000001,10.63,10.66,10.5,10.59,10.63,716468,918251152.0,0.37,-0.38
2020-06-16,平安银行,000001,10.64,10.73,10.6,10.63,10.56,718059,927043680.0,0.37,0.66
2020-06-15,平安银行,000001,10.59,10.71,10.54,10.56,10.73,660313,850767504.0,0.34,-1.58
2020-06-12,平安银行,000001,10.64,10.76,10.61,10.73,10.82,1030551,1331618736.0,0.53,-0.83
2020-06-11,平安银行,000001,11.12,11.13,10.74,10.82,11.23,1349040,1774199984.0,0.7,-3.65
2020-06-10,平安银行,000001,11.45,11.45,11.14,11.23,11.41,580476,781995744.0,0.3,-1.58
2020-06-09,平安银行,000001,11.38,11.47,11.27,11.41,11.36,474300,646895840.0,0.24,0.44
2020-06-08,平安银行,000001,11.42,11.59,11.32,11.36,11.33,585972,802115792.0,0.3,0.26
2020-06-05,平安银行,000001,11.34,11.36,11.17,11.33,11.31,383027,517232128.0,0.2,0.18
2020-06-04,平安银行,000001,11.27,11.38,11.15,11.31,11.28,583066,788707632.0,0.3,0.27
2020-06-03,平安银行,000001,11.38,11.62,11.24,11.28,11.29,956803,1308782288.0,0.49,-0.09
2020-06-02,平安银行,000001,11.03,11.37,11.02,11.29,11.06,883459,1194375824.0,0.46,2.08
2020-06-01,平安银行,000001,10.84,11.13,10.82,11.06,10.74,882961,1173619008.0,0.46,2.98
2020-05-29,平安银行,000001,10.75,10.78,10.66,10.74,10.81,457808,594502128.0,0.24,-0.65
2020-05-28,平安银行,000001,10.61,10.92,10.55,10.81,10.53,960760,1255226992.0,0.5,2.66
2020-05-27,平安银行,000001,10.58,10.72,10.49,10.53,10.57,482963,630305872.0,0.25,-0.38
2020-05-26,平安银行,000001,10.55,10.6,10.47,10.57,10.49,396212,515451856.0,0.2,0.76
2020-05-25,平安银行,000001,10.5,10.51,10.29,10.49,10.45,410171,528769360.0,0.21,0.38
2020-05-22,平安银行,000001,10.86,10.87,10.45,10.45,10.93,856237,1119433488.0,0.44,-4.39
2020-05-21,平安银行,000001,11.05,11.1,10.89,10.93,11.04,552312,742797056.0,0.28,-1.0
2020-05-20,平安银行,000001,10.91,11.15,10.8,11.04,10.89,690851,929928880.0,0.36,1.38
2020-05-19,平安银行,000001,10.94,10.98,10.8,10.89,10.73,600369,801755664.0,0.31,1.49
2020-05-18,平安银行,000001,10.73,10.87,10.65,10.73,10.76,637209,843479664.0,0.33,-0.28
2020-05-15,平安银行,000001,10.92,10.96,10.67,10.76,10.83,756794,1004313264.0,0.39,-0.65
2020-05-14,平安银行,000001,11.08,11.12,10.75,10.83,11.16,944672,1259440848.0,0.49,-2.96
2020-05-13,平安银行,000001,11.28,11.31,11.06,11.16,11.32,640359,871062048.0,0.33,-1.41
2020-05-12,平安银行,000001,11.48,11.58,11.25,11.32,11.53,558511,772109504.0,0.29,-1.82
2020-05-11,平安银行,000001,11.45,11.66,11.43,11.53,11.48,612862,859156592.0,0.32,0.44
2020-05-08,平安银行,000001,11.29,11.55,11.21,11.48,11.22,934782,1297924592.0,0.48,2.32
2020-05-07,平安银行,000001,11.29,11.29,11.13,11.22,11.3,662749,904349536.0,0.34,-0.71
2020-05-06,平安银行,000001,11.29,11.42,11.14,11.3,11.46,1008998,1382727488.0,0.52,-1.4
2020-04-30,平安银行,000001,11.55,11.85,11.41,11.46,11.55,819540,1155968240.0,0.42,-0.78
2020-04-29,平安银行,000001,11.01,11.63,10.98,11.55,11.05,1108722,1541638208.0,0.57,4.52
2020-04-28,平安银行,000001,10.98,11.09,10.8,11.05,11.03,771564,1038718080.0,0.4,0.18
2020-04-27,平安银行,000001,10.83,11.17,10.78,11.03,10.77,936830,1263809744.0,0.48,2.41
2020-04-24,平安银行,000001,10.7,10.81,10.64,10.77,10.76,566002,747473776.0,0.29,0.09
2020-04-23,平安银行,000001,10.76,10.84,10.64,10.76,10.76,646990,855052112.0,0.33,0.0
2020-04-22,平安银行,000001,10.9,10.95,10.69,10.76,10.98,1032803,1368222848.0,0.53,-2.0
2020-04-21,平安银行,000001,10.83,11.23,10.83,10.98,10.52,2122448,2861879088.0,1.09,4.37
2020-04-20,平安银行,000001,10.39,10.58,10.3,10.52,10.42,818456,1058524016.0,0.42,0.96
2020-04-17,平安银行,000001,10.3,10.57,10.18,10.42,10.21,1331165,1713215760.0,0.69,2.06
2020-04-16,平安银行,000001,10.32,10.32,10.07,10.21,10.4,789155,997623824.0,0.41,-1.83
2020-04-15,平安银行,000001,10.39,10.46,10.31,10.4,10.39,656396,843649280.0,0.34,0.1
2020-04-14,平安银行,000001,10.18,10.39,10.1,10.39,10.12,686087,874856560.0,0.35,2.67
2020-04-13,平安银行,000001,10.2,10.24,10.0,10.12,10.32,446214,562008048.0,0.23,-1.94
2020-04-10,平安银行,000001,10.29,10.51,10.18,10.32,10.27,666675,853689952.0,0.34,0.49
2020-04-09,平安银行,000001,10.41,10.42,10.25,10.27,10.31,408554,522027888.0,0.21,-0.39
2020-04-08,平安银行,000001,10.41,10.45,10.25,10.31,10.41,528716,676604880.0,0.27,-0.96
2020-04-07,平安银行,000001,10.42,10.47,10.34,10.41,10.14,870314,1121200112.0,0.45,2.66
2020-04-03,平安银行,000001,10.35,10.42,10.08,10.14,10.5,825348,1047282400.0,0.43,-3.43
2020-04-02,平安银行,000001,10.28,10.5,10.19,10.5,10.42,518365,663197632.0,0.27,0.77
2020-04-01,平安银行,000001,10.39,10.66,10.35,10.42,10.33,520836,676070112.0,0.27,0.87
2020-03-31,平安银行,000001,10.58,10.62,10.31,10.33,10.47,513370,662915472.0,0.26,-1.34
2020-03-30,平安银行,000001,10.38,10.57,10.29,10.47,10.68,661739,852956240.0,0.34,-1.97
2020-03-27,平安银行,000001,10.78,10.91,10.61,10.68,10.59,653019,861618656.0,0.34,0.85
2020-03-26,平安银行,000001,10.31,10.87,10.25,10.59,10.4,1075192,1408651056.0,0.55,1.83
2020-03-25,平安银行,000001,10.41,10.6,10.23,10.4,10.14,1136958,1467534960.0,0.59,2.56
2020-03-24,平安银行,000001,9.93,10.21,9.8,10.14,9.68,1180200,1472909392.0,0.61,4.75
2020-03-23,平安银行,000001,9.53,9.88,9.46,9.68,10.05,1071114,1300469488.0,0.55,-3.68
2020-03-20,平安银行,000001,9.93,10.21,9.79,10.05,9.76,1578353,1967487824.0,0.81,2.97
2020-03-19,平安银行,000001,10.21,10.27,9.44,9.76,10.24,1891457,2313863664.0,0.97,-4.69
2020-03-18,平安银行,000001,10.94,11.08,10.18,10.24,10.94,1384784,1816836896.0,0.71,-6.4
2020-03-17,平安银行,000001,11.28,11.5,10.66,10.94,11.28,1177849,1582506080.0,0.61,-3.01
2020-03-16,平安银行,000001,11.98,11.99,11.28,11.28,12.05,1406202,1975824192.0,0.72,-6.39
2020-03-13,平安银行,000001,11.43,12.11,11.43,12.05,12.21,1169766,1669009840.0,0.6,-1.31
2020-03-12,平安银行,000001,12.18,12.37,12.06,12.21,12.22,986497,1447436640.0,0.51,-0.08
2020-03-11,平安银行,000001,12.3,12.41,12.15,12.22,12.29,814382,1201250688.0,0.42,-0.57
2020-03-10,平安银行,000001,11.91,12.38,11.91,12.29,11.98,1167865,1709084560.0,0.6,2.59
2020-03-09,平安银行,000001,12.24,12.26,11.95,11.98,12.56,1665794,2420392128.0,0.86,-4.62
2020-03-06,平安银行,000001,12.71,12.8,12.55,12.56,12.92,1228531,1858691264.0,0.63,-2.79
2020-03-05,平安银行,000001,12.33,13.17,12.26,12.92,12.22,2686602,4089493520.0,1.38,5.73
2020-03-04,平安银行,000001,12.21,12.31,12.04,12.22,12.25,862595,1261123056.0,0.44,-0.24
2020-03-03,平安银行,000001,12.49,12.52,12.16,12.25,12.32,1153584,1705816272.0,0.59,-0.57
2020-03-02,平安银行,000001,12.08,12.48,11.99,12.32,12.03,1116581,1647432272.0,0.58,2.41
2020-02-28,平安银行,000001,12.38,12.57,11.99,12.03,12.64,1300644,1906892416.0,0.67,-4.83
2020-02-27,平安银行,000001,12.49,12.68,12.42,12.64,12.52,975271,1464605744.0,0.5,0.96
2020-02-26,平安银行,000001,12.3,12.8,12.23,12.52,12.57,1176599,1769612240.0,0.61,-0.4
2020-02-25,平安银行,000001,12.53,12.66,12.31,12.57,12.76,1144575,1710369792.0,0.59,-1.49
2020-02-24,平安银行,000001,12.99,12.99,12.68,12.76,13.11,1191795,1820183856.0,0.61,-2.67
2020-02-21,平安银行,000001,13.02,13.25,12.98,13.11,13.12,995071,1546692928.0,0.51,-0.08
2020-02-20,平安银行,000001,12.8,13.15,12.63,13.12,12.77,1235444,1897923024.0,0.64,2.74
2020-02-19,平安银行,000001,12.63,12.9,12.61,12.77,12.73,874107,1333730224.0,0.45,0.31
2020-02-18,平安银行,000001,12.86,12.86,12.54,12.73,12.9,973612,1478274224.0,0.5,-1.32
2020-02-17,平安银行,000001,12.57,12.9,12.46,12.9,12.56,1543696,2337993584.0,0.8,2.71
2020-02-14,平安银行,000001,12.28,12.67,12.23,12.56,12.18,1512435,2253906448.0,0.78,3.12
2020-02-13,平安银行,000001,12.24,12.41,12.14,12.18,12.3,1013205,1491327712.0,0.52,-0.98
2020-02-12,平安银行,000001,12.32,12.35,12.13,12.3,12.32,1070503,1573229040.0,0.55,-0.16
2020-02-11,平安银行,000001,12.13,12.47,12.09,12.32,12.03,1407507,2077194144.0,0.73,2.41
2020-02-10,平安银行,000001,12.04,12.06,11.83,12.03,12.15,1339495,1931983488.0,0.69,-0.99
2020-02-07,平安银行,000001,12.13,12.22,11.94,12.15,12.3,924853,1345053248.0,0.48,-1.22
2020-02-06,平安银行,000001,12.34,12.4,12.04,12.3,12.16,1185816,1740107632.0,0.61,1.15
2020-02-05,平安银行,000001,12.12,12.42,11.85,12.16,12.13,1491380,2177632048.0,0.77,0.25
2020-02-04,平安银行,000001,11.58,12.19,11.55,12.13,11.52,1706172,2442932848.0,0.88,5.3
2020-02-03,平安银行,000001,11.52,12.23,11.52,11.52,13.07,2259195,3201454160.0,1.16,-11.86
2020-01-23,平安银行,000001,13.45,13.45,12.92,13.07,13.62,1100592,1723394336.0,0.57,-4.04
2020-01-22,平安银行,000001,13.45,13.69,13.24,13.62,13.53,719465,1150933392.0,0.37,0.67
2020-01-21,平安银行,000001,13.87,13.87,13.46,13.53,13.98,896603,1442171424.0,0.46,-3.22
2020-01-20,平安银行,000001,13.96,14.14,13.88,13.98,13.92,746075,1226464656.0,0.38,0.43
2020-01-17,平安银行,000001,13.91,14.08,13.88,13.92,13.86,605437,995909008.0,0.31,0.43
2020-01-16,平安银行,000001,14.05,14.1,13.73,13.86,14.05,1028105,1678888512.0,0.53,-1.35
2020-01-15,平安银行,000001,14.32,14.39,13.98,14.05,14.29,859439,1424889232.0,0.44,-1.68
2020-01-14,平安银行,000001,14.52,14.8,14.29,14.29,14.52,1304494,2217608848.0,0.67,-1.58
2020-01-13,平安银行,000001,14.28,14.56,14.14,14.52,14.22,872133,1468271680.0,0.45,2.11
2020-01-10,平安银行,000001,14.32,14.34,14.05,14.22,14.32,585548,975154816.0,0.3,-0.7
2020-01-09,平安银行,000001,14.34,14.46,14.06,14.32,14.19,1031637,1725326800.0,0.53,0.92
2020-01-08,平安银行,000001,14.53,14.58,14.16,14.19,14.68,847824,1423608816.0,0.44,-3.34
2020-01-07,平安银行,000001,14.66,14.81,14.48,14.68,14.6,728608,1247047136.0,0.38,0.55
2020-01-06,平安银行,000001,14.54,14.87,14.44,14.6,14.71,862084,1477930192.0,0.44,-0.75
2020-01-03,平安银行,000001,14.47,14.84,14.45,14.71,14.4,1116195,1914495472.0,0.58,2.15
2020-01-02,平安银行,000001,14.18,14.48,14.08,14.4,13.98,1530232,2571196480.0,0.79,3.0
2019-12-31,平安银行,000001,14.1,14.16,13.84,13.98,14.1,704442,1154704352.0,0.36,-0.85
2019-12-30,平安银行,000001,13.99,14.16,13.63,14.1,14.16,976970,1603152784.0,0.5,-0.42
2019-12-27,平安银行,000001,14.06,14.46,13.96,14.16,14.0,1042575,1741473184.0,0.54,1.14
2019-12-26,平安银行,000001,13.87,14.01,13.85,14.0,13.83,372034,610381760.0,0.19,1.23
2019-12-25,平安银行,000001,13.98,14.09,13.77,13.83,13.93,414918,679664592.0,0.21,-0.72
2019-12-24,平安银行,000001,13.76,14.03,13.76,13.93,13.77,459128,752351616.0,0.24,1.16
2019-12-23,平安银行,000001,14.21,14.21,13.7,13.77,14.12,715793,1173372080.0,0.37,-2.48
2019-12-20,平安银行,000001,14.08,14.21,13.97,14.12,14.08,644478,1067869776.0,0.33,0.28
2019-12-19,平安银行,000001,14.08,14.27,13.97,14.08,13.99,675537,1119925968.0,0.35,0.64
2019-12-18,平安银行,000001,13.96,14.19,13.94,13.99,14.03,797091,1317608544.0,0.41,-0.29
2019-12-17,平安银行,000001,13.53,14.16,13.51,14.03,13.66,1203105,1969891328.0,0.62,2.71
2019-12-16,平安银行,000001,13.65,13.67,13.4,13.66,13.65,787952,1262802464.0,0.41,0.07
2019-12-13,平安银行,000001,13.38,13.65,13.3,13.65,13.13,1053104,1680707280.0,0.54,3.96
2019-12-12,平安银行,000001,13.19,13.2,13.06,13.13,13.19,478999,747519504.0,0.25,-0.45
2019-12-11,平安银行,000001,12.91,13.21,12.83,13.19,12.86,871505,1351786528.0,0.45,2.57
2019-12-10,平安银行,000001,12.89,12.91,12.78,12.86,12.94,556384,851377536.0,0.29,-0.62
2019-12-09,平安银行,000001,13.15,13.15,12.88,12.94,13.13,605993,935135952.0,0.31,-1.45
2019-12-06,平安银行,000001,13.0,13.25,12.99,13.13,12.96,712615,1109423056.0,0.37,1.31
2019-12-05,平安银行,000001,12.88,13.01,12.83,12.96,12.84,557084,857682576.0,0.29,0.93
2019-12-04,平安银行,000001,12.87,12.94,12.74,12.84,12.98,524545,802110336.0,0.27,-1.08
2019-12-03,平安银行,000001,12.83,12.99,12.74,12.98,12.89,455418,700293552.0,0.23,0.7
2019-12-02,平安银行,000001,12.88,12.96,12.76,12.89,12.82,553877,849784128.0,0.29,0.55
2019-11-29,平安银行,000001,13.07,13.08,12.71,12.82,13.02,653867,1001451104.0,0.34,-1.54
2019-11-28,平安银行,000001,13.0,13.07,12.97,13.02,13.0,378017,585252048.0,0.19,0.15
2019-11-27,平安银行,000001,13.17,13.17,12.92,13.0,13.15,476170,736584288.0,0.25,-1.14
2019-11-26,平安银行,000001,13.42,13.42,13.02,13.15,13.33,815298,1271594656.0,0.42,-1.35
2019-11-25,平安银行,000001,13.17,13.37,13.07,13.33,13.12,783258,1233388880.0,0.4,1.6
2019-11-22,平安银行,000001,13.42,13.45,13.08,13.12,13.39,773474,1216064544.0,0.4,-2.02
2019-11-21,平安银行,000001,13.28,13.4,13.16,13.39,13.38,772563,1218516400.0,0.4,0.07
2019-11-20,平安银行,000001,13.83,13.83,13.3,13.38,13.94,1724384,2747598384.0,0.89,-4.02
2019-11-19,平安银行,000001,13.98,14.01,13.84,13.94,13.98,562120,920998208.0,0.29,-0.29
2019-11-18,平安银行,000001,13.88,14.08,13.76,13.98,13.87,557918,915983936.0,0.29,0.79
2019-11-15,平安银行,000001,13.92,14.08,13.77,13.87,13.85,569228,933539568.0,0.29,0.14
2019-11-14,平安银行,000001,13.96,14.01,13.78,13.85,13.86,468900,767006336.0,0.24,-0.07
2019-11-13,平安银行,000001,13.82,13.99,13.59,13.86,13.86,655121,1067975600.0,0.34,0.0
2019-11-12,平安银行,000001,13.82,13.9,13.69,13.86,13.81,516266,840769280.0,0.27,0.36
2019-11-11,平安银行,000001,14.03,14.06,13.73,13.81,14.18,953516,1556517248.0,0.49,-2.61
2019-11-08,平安银行,000001,14.51,14.55,14.17,14.18,14.42,849139,1421088320.0,0.44,-1.66
2019-11-07,平安银行,000001,14.46,14.6,14.28,14.42,14.49,711897,1200671648.0,0.37,-0.48
2019-11-06,平安银行,000001,14.59,14.79,14.41,14.49,14.68,863325,1470233504.0,0.44,-1.29
2019-11-05,平安银行,000001,14.33,14.97,14.32,14.68,14.45,1172486,2010924192.0,0.6,1.59
2019-11-04,平安银行,000001,14.51,14.78,14.3,14.45,14.39,889824,1507910816.0,0.46,0.42
2019-11-01,平安银行,000001,13.88,14.53,13.81,14.39,13.79,1254655,2096068960.0,0.65,4.35
2019-10-31,平安银行,000001,13.95,14.0,13.77,13.79,13.96,862569,1407006432.0,0.44,-1.22
2019-10-30,平安银行,000001,14.33,14.49,13.95,13.96,14.44,854317,1420644944.0,0.44,-3.32
2019-10-29,平安银行,000001,14.22,14.46,14.09,14.44,14.19,788865,1322036352.0,0.41,1.76
2019-10-28,平安银行,000001,14.51,14.57,14.01,14.19,14.41,1070131,1780873360.0,0.55,-1.53
2019-10-25,平安银行,000001,14.31,14.49,14.11,14.41,14.4,691436,1161100080.0,0.36,0.07
2019-10-24,平安银行,000001,14.03,14.53,13.97,14.4,13.98,1109215,1861032912.0,0.57,3.0
2019-10-23,平安银行,000001,13.85,14.2,13.76,13.98,13.95,967535,1590781968.0,0.5,0.22
2019-10-22,平安银行,000001,14.44,14.46,13.56,13.95,14.42,1883531,3072547168.0,0.97,-3.26
2019-10-21,平安银行,000001,13.96,14.5,13.96,14.42,14.04,945952,1589276080.0,0.49,2.71
2019-10-18,平安银行,000001,14.33,14.57,13.96,14.04,14.23,1196799,1999012672.0,0.62,-1.34
2019-10-17,平安银行,000001,14.43,14.53,14.08,14.23,14.32,1126182,1887045616.0,0.58,-0.63
2019-10-16,平安银行,000001,14.79,14.97,14.16,14.32,14.71,1267671,2146150624.0,0.65,-2.65
2019-10-15,平安银行,000001,14.78,14.88,14.35,14.71,14.75,881955,1503633376.0,0.45,-0.27
2019-10-14,平安银行,000001,14.5,15.13,14.45,14.75,14.34,1557637,2688929552.0,0.8,2.86
2019-10-11,平安银行,000001,13.73,14.48,13.73,14.34,13.77,1405423,2335030592.0,0.72,4.14
2019-10-10,平安银行,000001,13.8,13.8,13.52,13.77,13.78,879747,1418751872.0,0.45,-0.07
2019-10-09,平安银行,000001,13.63,14.05,13.55,13.78,13.73,1316693,2145061760.0,0.68,0.36
2019-10-08,平安银行,000001,13.13,13.76,13.13,13.73,13.12,1386676,2225024592.0,0.71,4.65
2019-09-30,平安银行,000001,13.28,13.42,13.1,13.12,13.43,1046363,1645828528.0,0.54,-2.31
2019-09-27,平安银行,000001,13.38,13.53,13.23,13.43,13.24,1007706,1598567056.0,0.52,1.44
2019-09-26,平安银行,000001,13.39,13.57,13.19,13.24,13.28,1686593,2673096944.0,0.87,-0.3
2019-09-25,平安银行,000001,12.73,13.38,12.72,13.28,12.71,1938893,3024598928.0,1.0,4.48
2019-09-24,平安银行,000001,13.0,13.07,12.71,12.71,12.91,1129103,1726238272.0,0.58,-1.55
2019-09-23,平安银行,000001,12.87,13.0,12.71,12.91,12.87,1403282,2148740448.0,0.72,0.31
2019-09-20,平安银行,000001,12.48,12.93,12.46,12.87,12.37,2644285,4020646528.0,1.36,4.04
2019-09-19,平安银行,000001,12.01,12.42,12.01,12.37,11.94,1884021,2777383504.0,0.97,3.6
2019-09-18,平安银行,000001,11.77,12.01,11.77,11.94,11.77,820436,1179079984.0,0.42,1.44
2019-09-17,平安银行,000001,11.89,11.98,11.71,11.77,11.98,882656,1261416560.0,0.47,-1.75
2019-09-16,平安银行,000001,12.23,12.25,11.93,11.98,12.21,929894,1349401488.0,0.49,-1.88
2019-09-12,平安银行,000001,12.19,12.31,12.06,12.21,12.09,1150688,1682911856.0,0.61,0.99
2019-09-11,平安银行,000001,12.13,12.24,11.99,12.09,12.08,818614,1192674256.0,0.48,0.08
2019-09-10,平安银行,000001,12.13,12.17,11.94,12.08,12.22,796871,1155180736.0,0.46,-1.15
2019-09-09,平安银行,000001,12.51,12.53,12.13,12.22,12.34,1299839,1918042304.0,0.76,-0.97
2019-09-06,平安银行,000001,12.24,12.34,12.15,12.34,12.11,986433,1451264912.0,0.57,1.9
2019-09-05,平安银行,000001,12.09,12.38,12.08,12.11,11.97,1768051,2599478256.0,1.03,1.17
2019-09-04,平安银行,000001,11.85,12.03,11.84,11.97,11.83,973965,1404037296.0,0.57,1.18
2019-09-03,平安银行,000001,12.01,12.04,11.78,11.83,11.98,858654,1230606480.0,0.5,-1.25
2019-09-02,平安银行,000001,11.68,12.03,11.64,11.98,11.69,1360201,1955673136.0,0.79,2.48
2019-08-30,平安银行,000001,11.82,11.92,11.63,11.69,11.66,798501,1136119664.0,0.47,0.26
2019-08-29,平安银行,000001,11.75,11.77,11.61,11.66,11.8,609034,861177488.0,0.35,-1.19
2019-08-28,平安银行,000001,11.79,11.81,11.58,11.8,11.84,829658,1176329088.0,0.48,-0.34
2019-08-27,平安银行,000001,11.89,12.01,11.77,11.84,11.78,1356713,1948127120.0,0.79,0.51
2019-08-26,平安银行,000001,11.95,12.03,11.68,11.78,12.18,1415123,2018498032.0,0.82,-3.28
2019-08-23,平安银行,000001,11.9,12.27,11.88,12.18,11.84,1636868,2388239088.0,0.95,2.87
2019-08-22,平安银行,000001,11.93,11.98,11.73,11.84,11.98,1353072,1935208496.0,0.79,-1.17
2019-08-21,平安银行,000001,12.4,12.42,11.91,11.98,12.52,1990132,2902251104.0,1.16,-4.31
2019-08-20,平安银行,000001,12.45,12.73,12.3,12.52,12.45,1921042,2872304208.0,1.12,0.56
2019-08-19,平安银行,000001,12.44,12.47,12.05,12.45,12.43,2292956,3368207936.0,1.34,0.16
2019-08-16,平安银行,000001,12.62,12.67,12.31,12.43,12.47,986903,1474900256.0,0.57,-0.32
2019-08-15,平安银行,000001,12.17,12.49,12.13,12.47,12.5,897376,1333117728.0,0.52,-0.24
2019-08-14,平安银行,000001,12.67,12.75,12.33,12.5,12.42,1360547,2038261152.0,0.79,0.64
2019-08-13,平安银行,000001,12.53,12.61,12.27,12.42,12.65,1293736,1925835296.0,0.75,-1.82
2019-08-12,平安银行,000001,12.14,12.65,12.13,12.65,12.05,2733425,4084497904.0,1.59,4.98
2019-08-09,平安银行,000001,12.08,12.38,11.96,12.05,11.91,2060575,3021884304.0,1.2,1.18
2019-08-08,平安银行,000001,11.43,12.03,11.38,11.91,11.07,2330715,3313302096.0,1.36,7.59
2019-08-07,平安银行,000001,11.02,11.17,10.9,11.07,10.9,793039,1070736944.0,0.46,1.56
2019-08-06,平安银行,000001,10.63,10.99,10.56,10.9,10.88,882499,1166971472.0,0.51,0.18
2019-08-05,平安银行,000001,11.13,11.17,10.8,10.88,11.27,893082,1201885392.0,0.52,-3.46
2019-08-02,平安银行,000001,11.3,11.41,11.19,11.27,11.63,969926,1333400768.0,0.56,-3.1
2019-08-01,平安银行,000001,11.59,11.72,11.47,11.63,11.66,527981,742308288.0,0.31,-0.26
2019-07-31,平安银行,000001,11.83,11.85,11.61,11.66,11.9,634723,899227872.0,0.37,-2.02
2019-07-30,平安银行,000001,11.84,12.08,11.82,11.9,11.82,796634,1148582416.0,0.46,0.68
2019-07-29,平安银行,000001,11.78,11.98,11.71,11.82,11.76,715576,1023261760.0,0.42,0.51
2019-07-26,平安银行,000001,11.71,11.78,11.61,11.76,11.73,635306,901074112.0,0.37,0.26
2019-07-25,平安银行,000001,11.45,11.8,11.38,11.73,11.41,1087826,1534889648.0,0.63,2.8
2019-07-24,平安银行,000001,11.4,11.54,11.32,11.41,11.29,570276,793387776.0,0.33,1.06
2019-07-23,平安银行,000001,11.39,11.4,11.18,11.29,11.38,504004,692328448.0,0.29,-0.79
2019-07-22,平安银行,000001,11.49,11.55,11.29,11.38,11.52,582283,807249424.0,0.34,-1.22
2019-07-19,平安银行,000001,11.27,11.61,11.21,11.52,11.2,866391,1207316528.0,0.5,2.86
2019-07-18,平安银行,000001,11.18,11.34,11.09,11.2,11.22,422826,578067488.0,0.25,-0.18
2019-07-17,平安银行,000001,11.23,11.34,11.14,11.22,11.28,410021,561944448.0,0.24,-0.53
2019-07-16,平安银行,000001,11.5,11.52,11.24,11.28,11.53,722781,998151584.0,0.42,-2.17
2019-07-15,平安银行,000001,11.56,11.65,11.37,11.53,11.65,841283,1175798112.0,0.49,-1.03
2019-07-12,平安银行,000001,11.13,11.76,11.11,11.65,11.07,1465367,2055749888.0,0.85,5.24
2019-07-11,平安银行,000001,11.21,11.31,11.06,11.07,11.09,484183,660588304.0,0.28,-0.18
2019-07-10,平安银行,000001,11.14,11.23,11.02,11.09,11.12,358221,487071872.0,0.21,-0.27
2019-07-09,平安银行,000001,11.16,11.24,10.97,11.12,11.12,494296,670391728.0,0.29,0.0
2019-07-08,平安银行,000001,11.35,11.41,10.98,11.12,11.45,778414,1061095712.0,0.45,-2.88
2019-07-05,平安银行,000001,11.48,11.51,11.22,11.45,11.52,749196,1037357168.0,0.44,-0.61
2019-07-04,平安银行,000001,11.54,11.81,11.41,11.52,11.54,621293,873624288.0,0.36,-0.17
2019-07-03,平安银行,000001,11.71,11.74,11.4,11.54,11.71,769078,1076744400.0,0.45,-1.45
2019-07-02,平安银行,000001,11.41,11.77,11.39,11.71,11.46,1052745,1481211360.0,0.61,2.18
2019-07-01,平安银行,000001,11.54,11.71,11.4,11.46,11.31,960636,1347792880.0,0.56,1.33
2019-06-28,平安银行,000001,11.26,11.32,11.11,11.31,11.24,498094,682679968.0,0.29,0.62
2019-06-27,平安银行,000001,11.03,11.38,10.98,11.24,10.9,925075,1270042464.0,0.54,3.12
2019-06-26,平安银行,000001,10.8,11.03,10.72,10.9,10.81,546505,731207280.0,0.32,0.83
2019-06-25,平安银行,000001,11.1,11.1,10.45,10.81,11.07,1469227,1954855792.0,0.86,-2.35
2019-06-24,平安银行,000001,11.07,11.21,10.99,11.07,11.02,659573,904433344.0,0.38,0.45
2019-06-21,平安银行,000001,11.14,11.25,10.96,11.02,11.18,1011129,1384099584.0,0.59,-1.43
2019-06-20,平安银行,000001,10.55,11.33,10.5,11.18,10.45,1529191,2083209232.0,0.89,6.99
2019-06-19,平安银行,000001,10.67,10.77,10.39,10.45,10.18,1143226,1504997840.0,0.67,2.65
2019-06-18,平安银行,000001,10.05,10.23,9.97,10.18,10.05,483555,616237568.0,0.28,1.29
2019-06-17,平安银行,000001,9.86,10.17,9.86,10.05,9.87,619816,786223584.0,0.36,1.82
2019-06-14,平安银行,000001,9.97,10.07,9.83,9.87,9.97,483192,606815216.0,0.28,-1.0
2019-06-13,平安银行,000001,9.92,10.06,9.81,9.97,9.95,530000,666277696.0,0.31,0.2
2019-06-12,平安银行,000001,10.01,10.04,9.82,9.95,10.03,657310,825178000.0,0.38,-0.8
2019-06-11,平安银行,000001,9.72,10.1,9.68,10.03,9.72,1251088,1574105216.0,0.73,3.19
2019-06-10,平安银行,000001,9.39,9.85,9.36,9.72,9.3,1144669,1404223616.0,0.67,4.52
2019-06-06,平安银行,000001,9.35,9.45,9.27,9.3,9.35,433665,519425120.0,0.25,-0.53
2019-06-05,平安银行,000001,9.35,9.52,9.3,9.35,9.23,748892,899331712.0,0.44,1.3
2019-06-04,平安银行,000001,9.27,9.32,8.98,9.23,9.28,974655,1147709584.0,0.57,-0.54
2019-06-03,平安银行,000001,9.6,9.71,9.2,9.28,9.56,1512719,1816591872.0,0.88,-2.93
2019-05-31,平安银行,000001,9.54,9.78,9.49,9.56,9.6,686794,839375712.0,0.4,-0.42
2019-05-30,平安银行,000001,9.7,9.76,9.49,9.6,9.78,646285,787801008.0,0.38,-1.84
2019-05-29,平安银行,000001,9.74,9.97,9.64,9.78,9.87,666412,827828656.0,0.39,-0.91
2019-05-28,平安银行,000001,9.69,9.93,9.64,9.87,9.75,880703,1094063184.0,0.51,1.23
2019-05-27,平安银行,000001,9.59,9.8,9.31,9.75,9.73,1048426,1275632720.0,0.61,0.21
2019-05-24,平安银行,000001,9.73,9.83,9.69,9.73,9.67,495526,613106256.0,0.29,0.62
2019-05-23,平安银行,000001,9.62,9.8,9.52,9.67,9.78,666855,817850528.0,0.39,-1.12
2019-05-22,平安银行,000001,9.95,9.95,9.7,9.78,9.94,506231,628437472.0,0.29,-1.61
2019-05-21,平安银行,000001,9.78,10.11,9.74,9.94,9.76,731211,919191248.0,0.43,1.84
2019-05-20,平安银行,000001,9.73,9.92,9.63,9.76,9.82,786435,971222480.0,0.46,-0.61
2019-05-17,平安银行,000001,10.3,10.31,9.74,9.82,10.23,965001,1208569904.0,0.56,-4.01
2019-05-16,平安银行,000001,10.31,10.37,10.16,10.23,10.3,634901,816740928.0,0.37,-0.68
2019-05-15,平安银行,000001,9.96,10.49,9.95,10.3,9.87,1103989,1417050112.0,0.64,4.36
2019-05-14,平安银行,000001,9.58,10.13,9.54,9.87,9.68,1182598,1477008368.0,0.69,1.96
2019-05-13,平安银行,000001,9.71,9.92,9.61,9.68,10.06,741918,916213712.0,0.43,-3.78
2019-05-10,平安银行,000001,9.72,10.13,9.48,10.06,9.54,1192399,1489975632.0,0.69,5.45
2019-05-09,平安银行,000001,9.9,9.96,9.43,9.54,9.98,1557152,1904905488.0,0.91,-4.41
2019-05-08,平安银行,000001,10.1,10.29,9.88,9.98,10.33,975451,1236655984.0,0.57,-3.39
2019-05-07,平安银行,000001,10.41,10.47,10.1,10.33,10.25,1072658,1386247072.0,0.62,0.78
2019-05-06,平安银行,000001,10.48,10.73,10.09,10.25,11.23,2108668,2742409408.0,1.23,-8.73
2019-04-30,平安银行,000001,11.37,11.43,10.97,11.23,11.48,1116570,1542958576.0,0.65,-2.18
2019-04-29,平安银行,000001,11.28,11.71,11.24,11.48,11.17,1030696,1450714128.0,0.6,2.78
2019-04-26,平安银行,000001,11.46,11.63,11.08,11.17,11.51,1009421,1407987360.0,0.59,-2.95
2019-04-25,平安银行,000001,11.76,12.02,11.51,11.51,11.82,1111476,1597895216.0,0.65,-2.62
2019-04-24,平安银行,000001,11.83,11.98,11.54,11.82,11.45,1949724,2811131024.0,1.14,3.23
2019-04-23,平安银行,000001,11.48,11.58,11.35,11.45,11.53,940687,1326465632.0,0.55,-0.69
2019-04-22,平安银行,000001,11.98,12.22,11.46,11.53,12.11,1322274,1899850000.0,0.77,-4.79
2019-04-19,平安银行,000001,11.83,12.18,11.68,12.11,11.72,1246036,1814875936.0,0.73,3.33
2019-04-18,平安银行,000001,11.68,11.75,11.49,11.72,11.73,507045,721908800.0,0.3,-0.09
2019-04-17,平安银行,000001,11.8,11.97,11.61,11.73,11.96,1004110,1443493488.0,0.58,-1.92
2019-04-16,平安银行,000001,11.05,11.96,10.93,11.96,11.07,2379375,3379550304.0,1.39,8.04
2019-04-15,平安银行,000001,11.1,11.47,11.04,11.07,10.8,1533891,2134708976.0,0.89,2.5
2019-04-12,平安银行,000001,10.87,10.97,10.59,10.8,10.92,774325,1035139680.0,0.45,-1.1
2019-04-11,平安银行,000001,11.11,11.34,10.87,10.92,11.11,655357,897382240.0,0.38,-1.71
2019-04-10,平安银行,000001,11.13,11.26,10.78,11.11,11.19,947135,1289475600.0,0.55,-0.71
2019-04-09,平安银行,000001,11.25,11.36,11.13,11.19,11.34,781332,1080549200.0,0.46,-1.32
2019-04-08,平安银行,000001,11.28,11.81,11.1,11.34,11.24,1743176,2464536240.0,1.02,0.89
2019-04-04,平安银行,000001,10.81,11.38,10.81,11.24,10.82,2034365,2796366352.0,1.18,3.88
2019-04-03,平安银行,000001,10.59,10.83,10.53,10.82,10.74,792916,1056166224.0,0.46,0.74
2019-04-02,平安银行,000001,10.66,10.86,10.61,10.74,10.56,1100384,1466040992.0,0.64,1.7
2019-04-01,平安银行,000001,10.21,10.93,10.21,10.56,10.2,1951401,2588268672.0,1.14,3.53
2019-03-29,平安银行,000001,9.64,10.2,9.59,10.2,9.6,1669506,2108295392.0,0.97,6.25
2019-03-28,平安银行,000001,9.69,9.69,9.48,9.6,9.76,732467,892530624.0,0.43,-1.64
2019-03-27,平安银行,000001,9.62,9.85,9.56,9.76,9.48,922827,1138302656.0,0.54,2.95
2019-03-26,平安银行,000001,9.61,9.67,9.39,9.48,9.49,935393,1136721264.0,0.54,-0.11
2019-03-25,平安银行,000001,9.78,9.78,9.48,9.49,9.97,1179883,1445560160.0,0.69,-4.81
2019-03-22,平安银行,000001,10.07,10.12,9.88,9.97,10.07,713502,898629424.0,0.42,-0.99
2019-03-21,平安银行,000001,10.15,10.18,9.96,10.07,10.13,860141,1092506480.0,0.5,-0.59
2019-03-20,平安银行,000001,10.06,10.26,10.0,10.13,10.17,929996,1185477056.0,0.54,-0.39
2019-03-19,平安银行,000001,10.3,10.32,9.99,10.17,10.29,957196,1221118288.0,0.56,-1.17
2019-03-18,平安银行,000001,9.91,10.32,9.7,10.29,9.88,1486455,1882483632.0,0.87,4.15
2019-03-15,平安银行,000001,9.72,10.06,9.72,9.88,9.81,1045406,1311323008.0,0.61,0.71
2019-03-14,平安银行,000001,9.71,10.0,9.65,9.81,9.75,1057468,1316372928.0,0.62,0.62
2019-03-13,平安银行,000001,9.72,9.93,9.51,9.75,9.74,1269427,1568387536.0,0.74,0.1
2019-03-12,平安银行,000001,9.87,10.02,9.62,9.74,9.7,1411795,1757797248.0,0.82,0.41
2019-03-11,平安银行,000001,9.68,9.87,9.43,9.7,9.68,1157651,1416000384.0,0.67,0.21
2019-03-08,平安银行,000001,9.87,10.08,9.63,9.68,10.12,1778162,2214572416.0,1.04,-4.35
2019-03-07,平安银行,000001,10.44,10.44,9.93,10.12,10.46,1782057,2274151008.0,1.04,-3.25
2019-03-06,平安银行,000001,10.44,10.53,10.22,10.46,10.44,1245760,1614670976.0,0.73,0.19
2019-03-05,平安银行,000001,10.29,10.67,10.22,10.44,10.37,1408422,1838251664.0,0.82,0.68
2019-03-04,平安银行,000001,10.08,10.76,10.0,10.37,10.14,2456830,3195011696.0,1.43,2.27
2019-03-01,平安银行,000001,9.86,10.16,9.58,10.14,9.74,1712679,2137669552.0,1.0,4.11
2019-02-28,平安银行,000001,9.82,9.99,9.65,9.74,9.78,1113100,1383110816.0,0.65,-0.41
2019-02-27,平安银行,000001,9.62,10.04,9.53,9.78,9.58,1979014,2454404416.0,1.15,2.09
2019-02-26,平安银行,000001,9.93,9.95,9.53,9.58,9.93,2017545,2485673360.0,1.18,-3.52
2019-02-25,平安银行,000001,9.08,10.02,8.95,9.93,8.92,2824935,3415946864.0,1.65,11.32
2019-02-22,平安银行,000001,8.73,8.95,8.53,8.92,8.74,1184048,1343020336.0,0.69,2.06
2019-02-21,平安银行,000001,8.76,8.93,8.66,8.74,8.79,754246,860591072.0,0.44,-0.57
2019-02-20,平安银行,000001,8.71,8.91,8.63,8.79,8.65,832630,949430816.0,0.48,1.62
2019-02-19,平安银行,000001,8.74,9.0,8.62,8.65,8.74,1270882,1445281376.0,0.74,-1.03
2019-02-18,平安银行,000001,8.43,8.74,8.42,8.74,8.33,1255522,1408279680.0,0.73,4.92
2019-02-15,平安银行,000001,8.61,8.61,8.28,8.33,8.63,1100127,1213914432.0,0.64,-3.48
2019-02-14,平安银行,000001,8.68,8.71,8.57,8.63,8.76,869185,977818096.0,0.51,-1.48
2019-02-13,平安银行,000001,8.57,8.79,8.5,8.76,8.57,1137366,1280182096.0,0.66,2.22
2019-02-12,平安银行,000001,8.58,8.69,8.41,8.57,8.59,959937,1071873088.0,0.56,-0.23
2019-02-11,平安银行,000001,8.46,8.59,8.35,8.59,8.58,801937,889951536.0,0.47,0.12
2019-02-01,平安银行,000001,8.58,8.63,8.34,8.58,8.48,1014270,1127216192.0,0.59,1.18
2019-01-31,平安银行,000001,8.36,8.58,8.32,8.48,8.33,831623,922602880.0,0.48,1.8
2019-01-30,平安银行,000001,8.33,8.56,8.24,8.33,8.38,712001,785204576.0,0.41,-0.6
2019-01-29,平安银行,000001,8.34,8.45,8.15,8.38,8.32,826631,904847856.0,0.48,0.72
2019-01-28,平安银行,000001,8.42,8.52,8.26,8.32,8.38,1035910,1141853840.0,0.6,-0.72
2019-01-25,平安银行,000001,7.94,8.42,7.93,8.38,7.9,2108362,2299718224.0,1.23,6.08
2019-01-24,平安银行,000001,7.78,7.93,7.75,7.9,7.73,679241,711495712.0,0.4,2.2
2019-01-23,平安银行,000001,7.67,7.85,7.67,7.73,7.66,537877,559384400.0,0.31,0.91
2019-01-22,平安银行,000001,7.72,7.82,7.64,7.66,7.72,424414,438991456.0,0.25,-0.78
2019-01-21,平安银行,000001,7.72,7.85,7.7,7.72,7.81,659356,684465648.0,0.38,-1.15
2019-01-18,平安银行,000001,7.72,7.87,7.66,7.81,7.63,738793,769973632.0,0.43,2.36
2019-01-17,平安银行,000001,7.92,7.95,7.55,7.63,7.86,882812,910212064.0,0.51,-2.93
2019-01-16,平安银行,000001,7.62,7.88,7.61,7.86,7.62,977699,1017495120.0,0.57,3.15
2019-01-15,平安银行,000001,7.49,7.66,7.47,7.62,7.49,542161,553027312.0,0.32,1.74
2019-01-14,平安银行,000001,7.6,7.63,7.45,7.49,7.58,500444,507862880.0,0.29,-1.19
2019-01-11,平安银行,000001,7.49,7.6,7.43,7.58,7.48,696365,708001808.0,0.41,1.34
2019-01-10,平安银行,000001,7.25,7.58,7.24,7.48,7.32,1071818,1079711040.0,0.62,2.19
2019-01-09,平安银行,000001,7.12,7.46,7.08,7.32,7.04,1233486,1229465120.0,0.72,3.98
2019-01-08,平安银行,000001,7.11,7.12,7.0,7.04,7.12,402388,389247792.0,0.23,-1.12
2019-01-07,平安银行,000001,7.22,7.23,7.01,7.12,7.13,865688,841166432.0,0.5,-0.14
2019-01-04,平安银行,000001,6.62,7.2,6.6,7.13,6.66,1481159,1422149888.0,0.86,7.06
2019-01-03,平安银行,000001,6.56,6.71,6.53,6.66,6.57,415538,384457712.0,0.24,1.37
2019-01-02,平安银行,000001,6.77,6.8,6.54,6.57,6.76,539386,498695104.0,0.31,-2.81
2018-12-28,平安银行,000001,6.69,6.84,6.69,6.76,6.66,576604,541571008.0,0.34,1.5
2018-12-27,平安银行,000001,6.83,6.87,6.66,6.66,6.68,624593,586343760.0,0.36,-0.3
2018-12-26,平安银行,000001,6.73,6.8,6.65,6.68,6.72,421141,393215136.0,0.25,-0.6
2018-12-25,平安银行,000001,6.67,6.81,6.59,6.72,6.8,586615,545235600.0,0.34,-1.18
2018-12-24,平安银行,000001,6.78,6.83,6.69,6.8,6.83,509118,477186912.0,0.3,-0.44
2018-12-21,平安银行,000001,7.06,7.08,6.71,6.83,7.09,1000617,944460336.0,0.58,-3.67
2018-12-20,平安银行,000001,7.3,7.35,7.01,7.09,7.32,990285,964202864.0,0.58,-3.14
2018-12-19,平安银行,000001,7.52,7.56,7.28,7.32,7.5,598007,600090176.0,0.35,-2.4
2018-12-18,平安银行,000001,7.58,7.7,7.48,7.5,7.67,537744,547157568.0,0.31,-2.22
2018-12-17,平安银行,000001,7.54,7.71,7.48,7.67,7.55,571275,584679520.0,0.33,1.59
2018-12-14,平安银行,000001,7.72,7.73,7.54,7.55,7.77,526675,539263008.0,0.31,-2.83
2018-12-13,平安银行,000001,7.63,7.86,7.58,7.77,7.62,790845,819920688.0,0.46,1.97
2018-12-12,平安银行,000001,7.68,7.7,7.58,7.62,7.61,366379,375402864.0,0.21,0.13
2018-12-11,平安银行,000001,7.59,7.64,7.55,7.61,7.55,299090,305389216.0,0.17,0.79
2018-12-10,平安银行,000001,7.6,7.65,7.51,7.55,7.66,494819,504040656.0,0.29,-1.44
2018-12-07,平安银行,000001,7.68,7.77,7.65,7.66,7.63,340216,351101376.0,0.2,0.39
2018-12-06,平安银行,000001,7.74,7.75,7.61,7.63,7.83,578866,594649680.0,0.34,-2.55
2018-12-05,平安银行,000001,7.87,7.89,7.78,7.83,7.97,581545,608133296.0,0.34,-1.76
2018-12-04,平安银行,000001,7.95,8.0,7.91,7.97,7.97,534813,565743744.0,0.31,0.0
2018-12-03,平安银行,000001,7.97,8.04,7.85,7.97,7.74,1064097,1126374832.0,0.62,2.97
2018-11-30,平安银行,000001,7.6,7.74,7.55,7.74,7.58,594715,610571536.0,0.35,2.11
2018-11-29,平安银行,000001,7.73,7.77,7.57,7.58,7.66,485284,499068832.0,0.28,-1.04
2018-11-28,平安银行,000001,7.55,7.69,7.54,7.66,7.56,537751,550820240.0,0.31,1.32
2018-11-27,平安银行,000001,7.73,7.77,7.54,7.56,7.72,733448,752824128.0,0.43,-2.07
2018-11-26,平安银行,000001,7.72,7.84,7.68,7.72,7.7,516569,535963344.0,0.3,0.26
2018-11-23,平安银行,000001,7.91,7.96,7.69,7.7,7.93,700358,730667664.0,0.41,-2.9
2018-11-22,平安银行,000001,8.05,8.05,7.86,7.93,7.99,500268,527103280.0,0.29,-0.75
2018-11-21,平安银行,000001,7.88,8.05,7.86,7.99,7.95,666157,705638352.0,0.39,0.5
2018-11-20,平安银行,000001,8.13,8.18,7.9,7.95,8.23,1033878,1099654688.0,0.6,-3.4
2018-11-19,平安银行,000001,7.95,8.26,7.95,8.23,7.95,1360887,1466899424.0,0.79,3.52
2018-11-16,平安银行,000001,7.99,8.1,7.87,7.95,8.0,1059593,1123173216.0,0.62,-0.63
2018-11-15,平安银行,000001,7.82,8.02,7.8,8.0,7.82,901462,949991808.0,0.53,2.3
2018-11-14,平安银行,000001,7.91,7.93,7.8,7.82,7.92,774240,810357744.0,0.45,-1.26
2018-11-13,平安银行,000001,7.79,8.03,7.76,7.92,7.94,1072498,1126736144.0,0.62,-0.25
2018-11-12,平安银行,000001,7.84,7.96,7.76,7.94,7.93,920334,965756512.0,0.54,0.13
2018-11-09,平安银行,000001,8.09,8.11,7.78,7.93,8.27,1629269,1716198384.0,0.95,-4.11
2018-11-08,平安银行,000001,8.26,8.35,8.2,8.27,8.19,793976,864744240.0,0.46,0.98
2018-11-07,平安银行,000001,8.21,8.33,8.13,8.19,8.22,785597,851487056.0,0.46,-0.36
2018-11-06,平安银行,000001,8.25,8.31,8.11,8.22,8.3,735726,795322640.0,0.43,-0.96
2018-11-05,平安银行,000001,8.33,8.42,8.2,8.3,8.47,1291924,1409457168.0,0.75,-2.01
2018-11-02,平安银行,000001,8.42,8.54,8.21,8.47,8.21,2212923,2439179136.0,1.29,3.17
2018-11-01,平安银行,000001,8.37,8.43,8.14,8.21,8.29,1542776,1679443456.0,0.9,-0.97
2018-10-31,平安银行,000001,8.33,8.37,8.13,8.29,8.28,1152684,1252156768.0,0.67,0.12
2018-10-30,平安银行,000001,8.16,8.46,8.11,8.28,8.13,1501828,1641371792.0,0.87,1.85
2018-10-29,平安银行,000001,8.58,8.62,8.0,8.13,8.56,1591629,1725932496.0,0.93,-5.02
2018-10-26,平安银行,000001,8.67,8.69,8.34,8.56,8.67,1299975,1448843520.0,0.76,-1.27
2018-10-25,平安银行,000001,8.18,8.67,8.09,8.67,8.42,1685011,1855823744.0,0.98,2.97
2018-10-24,平安银行,000001,8.28,8.71,8.18,8.42,8.22,1829425,2026171904.0,1.07,2.43
2018-10-23,平安银行,000001,8.58,8.6,8.11,8.22,8.53,1602546,1759265952.0,0.93,-3.63
2018-10-22,平安银行,000001,8.19,8.84,8.16,8.53,8.14,2645543,2932714464.0,1.54,4.79
2018-10-19,平安银行,000001,7.33,8.16,7.3,8.14,7.47,2083667,2173571248.0,1.21,8.97
2018-10-18,平安银行,000001,7.67,7.67,7.44,7.47,7.71,1001156,1015654816.0,0.58,-3.11
2018-10-17,平安银行,000001,7.88,7.93,7.52,7.71,7.75,1350890,1400306336.0,0.79,-0.52
2018-10-16,平安银行,000001,7.52,7.92,7.5,7.75,7.49,1396921,1450020368.0,0.81,3.47
2018-10-15,平安银行,000001,7.77,7.85,7.47,7.49,7.68,1402685,1443043056.0,0.82,-2.47
2018-10-12,平安银行,000001,7.35,7.72,7.25,7.68,7.24,1516810,1532651408.0,0.88,6.08
2018-10-11,平安银行,000001,7.43,7.54,7.08,7.24,7.83,1995144,1994186608.0,1.16,-7.54
2018-10-10,平安银行,000001,7.92,8.04,7.76,7.83,7.94,995200,1045666176.0,0.58,-1.39
2018-10-09,平安银行,000001,7.84,8.08,7.77,7.94,7.83,1064084,1117946544.0,0.62,1.4
2018-10-08,平安银行,000001,8.08,8.17,7.83,7.83,8.43,1686359,1793455280.0,0.98,-7.12
2018-09-28,平安银行,000001,8.16,8.65,8.16,8.43,8.12,2110243,2331358288.0,1.23,3.82
2018-09-27,平安银行,000001,8.03,8.22,7.95,8.12,8.09,880363,942200400.0,0.51,0.37
2018-09-26,平安银行,000001,7.99,8.3,7.9,8.09,7.93,1490513,1600626208.0,0.87,2.02
2018-09-25,平安银行,000001,7.9,8.06,7.86,7.93,8.05,977015,1030715792.0,0.57,-1.49
2018-09-21,平安银行,000001,7.64,8.08,7.56,8.05,7.61,1624518,1707850480.0,0.95,5.78
2018-09-20,平安银行,000001,7.65,7.74,7.57,7.61,7.62,620348,636742816.0,0.36,-0.13
2018-09-19,平安银行,000001,7.41,7.72,7.41,7.62,7.46,1231549,1257191504.0,0.72,2.14
2018-09-18,平安银行,000001,7.11,7.5,7.08,7.46,7.07,1126807,1120867536.0,0.66,5.52
2018-09-17,平安银行,000001,7.18,7.18,7.06,7.07,7.22,517082,502609648.0,0.3,-2.08
2018-09-14,平安银行,000001,7.36,7.36,7.19,7.22,7.34,619750,611422480.0,0.36,-1.63
2018-09-13,平安银行,000001,7.47,7.48,7.22,7.34,7.26,999726,993389968.0,0.58,1.1
2018-09-12,平安银行,000001,7.25,7.35,7.2,7.26,7.29,564829,558399568.0,0.33,-0.41
2018-09-11,平安银行,000001,7.28,7.41,7.19,7.29,7.26,712968,707337568.0,0.42,0.41
2018-09-10,平安银行,000001,7.39,7.45,7.22,7.26,7.39,636989,631174176.0,0.37,-1.76
2018-09-07,平安银行,000001,7.42,7.56,7.31,7.39,7.35,809035,815151728.0,0.47,0.54
2018-09-06,平安银行,000001,7.43,7.52,7.33,7.35,7.43,711778,713975744.0,0.41,-1.08
2018-09-05,平安银行,000001,7.68,7.71,7.43,7.43,7.81,1179453,1202345696.0,0.69,-4.87
2018-09-04,平安银行,000001,7.58,7.93,7.45,7.81,7.57,1296342,1339756560.0,0.75,3.17
2018-09-03,平安银行,000001,7.47,7.68,7.47,7.57,7.51,711696,725303296.0,0.41,0.8
2018-08-31,平安银行,000001,7.51,7.7,7.48,7.51,7.5,1310865,1337898864.0,0.76,0.13
2018-08-30,平安银行,000001,7.65,7.73,7.46,7.5,7.65,994918,1013877520.0,0.58,-1.96
2018-08-29,平安银行,000001,7.63,7.71,7.53,7.65,7.67,901883,923581552.0,0.53,-0.26
2018-08-28,平安银行,000001,7.72,7.81,7.62,7.67,7.81,1289777,1331917856.0,0.75,-1.79
2018-08-27,平安银行,000001,7.4,7.81,7.35,7.81,7.41,2218424,2251527728.0,1.29,5.4
2018-08-24,平安银行,000001,6.69,7.66,6.67,7.41,6.74,3040408,2995071984.0,1.77,9.94
2018-08-23,平安银行,000001,6.68,6.8,6.61,6.74,6.67,729075,680941392.0,0.42,1.05
2018-08-22,平安银行,000001,6.62,6.72,6.51,6.67,6.61,982434,909598736.0,0.57,0.91
2018-08-21,平安银行,000001,6.4,6.64,6.39,6.61,6.38,1264474,1163292800.0,0.74,3.61
2018-08-20,平安银行,000001,6.28,6.4,6.25,6.38,6.19,681322,609934720.0,0.4,3.07
2018-08-17,平安银行,000001,6.26,6.32,6.16,6.19,6.16,649477,576683264.0,0.38,0.49
2018-08-16,平安银行,000001,6.11,6.27,6.02,6.16,6.17,638273,559523120.0,0.37,-0.16
2018-08-15,平安银行,000001,6.4,6.4,6.13,6.17,6.38,670443,594759520.0,0.39,-3.29
2018-08-14,平安银行,000001,6.41,6.42,6.32,6.38,6.43,430240,386334624.0,0.25,-0.78
2018-08-13,平安银行,000001,6.5,6.54,6.28,6.43,6.61,818491,736947792.0,0.48,-2.72
2018-08-10,平安银行,000001,6.68,6.7,6.54,6.61,6.67,424168,391366336.0,0.25,-0.9
2018-08-09,平安银行,000001,6.42,6.73,6.4,6.67,6.43,806784,746469808.0,0.47,3.73
2018-08-08,平安银行,000001,6.54,6.54,6.42,6.43,6.55,578953,527526992.0,0.34,-1.83
2018-08-07,平安银行,000001,6.34,6.55,6.26,6.55,6.32,690423,624359664.0,0.4,3.64
2018-08-06,平安银行,000001,6.32,6.49,6.27,6.32,6.29,554010,497906688.0,0.32,0.48
2018-08-03,平安银行,000001,6.31,6.48,6.29,6.29,6.32,476547,428641520.0,0.28,-0.47
2018-08-02,平安银行,000001,6.51,6.53,6.26,6.32,6.53,931401,839272256.0,0.54,-3.22
2018-08-01,平安银行,000001,6.8,6.88,6.49,6.53,6.8,814082,759282224.0,0.47,-3.97
2018-07-31,平安银行,000001,6.75,6.87,6.63,6.8,6.77,720151,674484656.0,0.42,0.44
2018-07-30,平安银行,000001,6.7,6.87,6.64,6.77,6.63,706386,661767552.0,0.41,2.11
2018-07-27,平安银行,000001,6.68,6.74,6.56,6.63,6.63,515126,477527424.0,0.3,0.0
2018-07-26,平安银行,000001,6.78,6.86,6.59,6.63,6.76,833358,778429760.0,0.49,-1.92
2018-07-25,平安银行,000001,6.82,6.85,6.71,6.76,6.78,614123,575752176.0,0.36,-0.29
2018-07-24,平安银行,000001,6.77,6.97,6.71,6.78,6.8,1425894,1348746832.0,0.83,-0.29
2018-07-23,平安银行,000001,6.42,6.83,6.38,6.8,6.49,1781688,1646028016.0,1.04,4.78
2018-07-20,平安银行,000001,6.11,6.58,5.99,6.49,6.11,1754277,1576843936.0,1.02,6.22
2018-07-19,平安银行,000001,6.13,6.19,6.07,6.11,6.08,461372,403674304.0,0.27,0.49
2018-07-18,平安银行,000001,6.13,6.23,6.07,6.08,6.1,525153,460697376.0,0.31,-0.33
2018-07-17,平安银行,000001,6.12,6.13,6.04,6.1,6.11,375356,326396992.0,0.22,-0.16
2018-07-16,平安银行,000001,6.23,6.28,6.07,6.11,6.26,689846,603427712.0,0.4,-2.4
2018-07-13,平安银行,000001,6.3,6.32,6.2,6.26,6.26,603378,535401168.0,0.35,0.0
2018-07-12,平安银行,000001,5.98,6.35,5.96,6.26,6.03,1140492,1008658832.0,0.66,3.81
2018-07-11,平安银行,000001,6.01,6.08,5.93,6.03,6.23,851297,744765824.0,0.5,-3.21
2018-07-10,平安银行,000001,6.27,6.27,6.14,6.23,6.28,896862,803038960.0,0.52,-0.8
2018-07-09,平安银行,000001,5.94,6.28,5.93,6.28,5.91,1409955,1255007616.0,0.82,6.26
2018-07-06,平安银行,000001,5.86,6.03,5.7,5.91,5.85,988283,852071520.0,0.58,1.03
2018-07-05,平安银行,000001,5.87,5.98,5.8,5.85,5.86,835769,722169584.0,0.49,-0.17
2018-07-04,平安银行,000001,5.88,6.0,5.86,5.86,5.92,711153,617278560.0,0.41,-1.01
2018-07-03,平安银行,000001,5.94,5.95,5.7,5.92,5.86,1274839,1096657040.0,0.74,1.02
2018-07-02,平安银行,000001,6.3,6.3,5.8,5.86,6.34,1315520,1158545872.0,0.77,-7.57
2018-06-29,平安银行,000001,6.26,6.38,6.21,6.34,6.17,675300,611346096.0,0.39,2.76
2018-06-28,平安银行,000001,6.2,6.33,6.12,6.17,6.34,1110764,996801232.0,0.65,-2.68
2018-06-27,平安银行,000001,6.56,6.65,6.28,6.34,6.61,1045143,958871648.0,0.61,-4.08
2018-06-26,平安银行,000001,6.64,6.69,6.34,6.61,6.71,1124157,1042528544.0,0.65,-1.49
2018-06-25,平安银行,000001,7.16,7.17,6.63,6.71,7.1,1195213,1154559088.0,0.7,-5.49
2018-06-22,平安银行,000001,7.05,7.12,7.02,7.1,7.11,657819,645752912.0,0.38,-0.14
2018-06-21,平安银行,000001,7.18,7.29,7.11,7.11,7.16,840071,836014832.0,0.49,-0.7
2018-06-20,平安银行,000001,7.12,7.2,7.01,7.16,7.12,763637,752950704.0,0.44,0.56
2018-06-19,平安银行,000001,7.3,7.4,7.07,7.12,7.42,1565874,1565756560.0,0.91,-4.04
2018-06-15,平安银行,000001,7.33,7.54,7.31,7.42,7.32,1248708,1273412992.0,0.73,1.37
2018-06-14,平安银行,000001,7.2,7.4,7.17,7.32,7.2,866392,872487568.0,0.5,1.67
2018-06-13,平安银行,000001,7.29,7.31,7.2,7.2,7.31,530584,530483760.0,0.31,-1.5
2018-06-12,平安银行,000001,7.28,7.33,7.2,7.31,7.29,913301,914001696.0,0.53,0.27
2018-06-11,平安银行,000001,7.31,7.38,7.25,7.29,7.37,721375,724688000.0,0.42,-1.09
2018-06-08,平安银行,000001,7.58,7.58,7.31,7.37,7.62,1099380,1114968864.0,0.64,-3.28
2018-06-07,平安银行,000001,7.45,7.71,7.43,7.62,7.39,1262638,1306425472.0,0.74,3.11
2018-06-06,平安银行,000001,7.5,7.51,7.35,7.39,7.51,712743,724032800.0,0.42,-1.6
2018-06-05,平安银行,000001,7.54,7.55,7.36,7.51,7.52,656541,670740304.0,0.38,-0.13
2018-06-04,平安银行,000001,7.48,7.56,7.4,7.52,7.44,593038,608291984.0,0.35,1.08
2018-06-01,平安银行,000001,7.4,7.54,7.32,7.44,7.43,597211,608398864.0,0.35,0.13
2018-05-31,平安银行,000001,7.36,7.44,7.27,7.43,7.33,987360,999216336.0,0.58,1.36
2018-05-30,平安银行,000001,7.54,7.54,7.3,7.33,7.63,1124447,1139918752.0,0.65,-3.93
2018-05-29,平安银行,000001,7.83,7.88,7.6,7.63,7.84,889495,930386960.0,0.52,-2.68
2018-05-28,平安银行,000001,7.83,7.91,7.76,7.84,7.84,569401,602590752.0,0.33,0.0
2018-05-25,平安银行,000001,7.86,7.92,7.8,7.84,7.86,593336,629735456.0,0.35,-0.25
2018-05-24,平安银行,000001,7.91,7.93,7.83,7.86,7.9,688152,730678768.0,0.4,-0.51
2018-05-23,平安银行,000001,8.07,8.07,7.87,7.9,8.11,991016,1058587808.0,0.58,-2.59
2018-05-22,平安银行,000001,8.2,8.23,8.04,8.11,8.2,589872,639815248.0,0.34,-1.1
2018-05-21,平安银行,000001,8.32,8.36,8.18,8.2,8.21,763534,838750576.0,0.44,-0.12
2018-05-18,平安银行,000001,8.06,8.22,8.01,8.21,8.07,578385,628250192.0,0.34,1.73
2018-05-17,平安银行,000001,8.16,8.19,8.03,8.07,8.15,586494,635675440.0,0.35,-0.98
2018-05-16,平安银行,000001,8.32,8.32,8.14,8.15,8.37,714362,782694672.0,0.42,-2.63
2018-05-15,平安银行,000001,8.43,8.44,8.27,8.37,8.43,669261,742590448.0,0.4,-0.71
2018-05-14,平安银行,000001,8.34,8.48,8.28,8.43,8.26,1039297,1158064208.0,0.61,2.06
2018-05-11,平安银行,000001,8.29,8.38,8.21,8.26,8.26,772370,853271168.0,0.46,0.0
2018-05-10,平安银行,000001,8.28,8.34,8.16,8.26,8.22,552736,607350000.0,0.33,0.49
2018-05-09,平安银行,000001,8.23,8.28,8.13,8.22,8.26,627656,687036880.0,0.37,-0.48
2018-05-08,平安银行,000001,8.08,8.4,8.05,8.26,8.06,1373306,1511546688.0,0.81,2.48
2018-05-07,平安银行,000001,7.95,8.08,7.89,8.06,7.93,974310,1046743104.0,0.58,1.64
2018-05-04,平安银行,000001,7.98,8.08,7.91,7.93,8.0,710510,761302464.0,0.42,-0.88
2018-05-03,平安银行,000001,8.11,8.13,7.82,8.0,8.13,1281356,1372765840.0,0.76,-1.6
2018-05-02,平安银行,000001,8.22,8.28,8.05,8.13,8.1,1190523,1295804416.0,0.7,0.37
2018-04-27,平安银行,000001,8.74,8.76,7.88,8.1,8.67,2709796,2958464272.0,1.6,-6.57
2018-04-26,平安银行,000001,8.91,8.94,8.56,8.67,8.93,874236,1002483152.0,0.52,-2.91
2018-04-25,平安银行,000001,9.01,9.06,8.88,8.93,9.11,730286,854713248.0,0.43,-1.98
2018-04-24,平安银行,000001,8.88,9.19,8.83,9.11,8.82,1461099,1725152192.0,0.86,3.29
2018-04-23,平安银行,000001,8.55,8.86,8.51,8.82,8.6,1070289,1228544000.0,0.63,2.56
2018-04-20,平安银行,000001,8.76,8.83,8.45,8.6,8.72,958691,1090801312.0,0.57,-1.38
2018-04-19,平安银行,000001,8.77,8.94,8.67,8.72,8.75,849132,979593568.0,0.5,-0.34
2018-04-18,平安银行,000001,8.7,8.86,8.53,8.75,8.46,1475845,1692722928.0,0.87,3.43
2018-04-17,平安银行,000001,8.37,8.7,8.36,8.46,8.35,1301892,1468159344.0,0.77,1.32
2018-04-16,平安银行,000001,8.72,8.72,8.28,8.35,8.82,1427073,1593706080.0,0.84,-5.33
2018-04-13,平安银行,000001,8.89,9.04,8.7,8.82,8.77,1300256,1516155520.0,0.77,0.57
2018-04-12,平安银行,000001,9.05,9.08,8.67,8.77,9.08,1173128,1364675856.0,0.69,-3.41
2018-04-11,平安银行,000001,8.64,9.17,8.63,9.08,8.67,2095970,2458982160.0,1.24,4.73
2018-04-10,平安银行,000001,8.27,8.71,8.22,8.67,8.27,1390951,1562265088.0,0.82,4.84
2018-04-09,平安银行,000001,8.05,8.35,7.98,8.27,8.12,1074796,1180084368.0,0.64,1.85
2018-04-04,平安银行,000001,7.93,8.26,7.85,8.12,7.81,1602489,1737258896.0,0.95,3.97
2018-04-03,平安银行,000001,7.85,7.92,7.76,7.81,7.96,890746,942237808.0,0.53,-1.88
2018-04-02,平安银行,000001,8.12,8.24,7.95,7.96,8.15,1109316,1200911984.0,0.66,-2.33
2018-03-30,平安银行,000001,8.29,8.3,8.13,8.15,8.3,752174,823438176.0,0.44,-1.81
2018-03-29,平安银行,000001,8.17,8.42,7.8,8.3,8.14,1330602,1445281824.0,0.79,1.97
2018-03-28,平安银行,000001,8.1,8.39,8.04,8.14,8.19,1099023,1201023440.0,0.65,-0.61
2018-03-27,平安银行,000001,8.35,8.42,8.11,8.19,8.18,1103934,1213989936.0,0.65,0.12
2018-03-26,平安银行,000001,8.4,8.45,8.11,8.18,8.59,1383599,1519435008.0,0.82,-4.77
2018-03-23,平安银行,000001,8.5,8.6,8.17,8.59,8.91,1825691,2037734400.0,1.08,-3.59
2018-03-22,平安银行,000001,9.15,9.22,8.87,8.91,9.15,984278,1155741056.0,0.58,-2.62
2018-03-21,平安银行,000001,9.2,9.37,9.1,9.15,9.07,1445110,1736437408.0,0.85,0.88
2018-03-20,平安银行,000001,8.99,9.13,8.97,9.07,9.08,776150,916858480.0,0.46,-0.11
2018-03-19,平安银行,000001,8.91,9.09,8.86,9.08,8.89,808539,947664752.0,0.48,2.14
2018-03-16,平安银行,000001,8.97,9.1,8.89,8.89,8.96,962983,1130784176.0,0.57,-0.78
2018-03-15,平安银行,000001,9.04,9.1,8.91,8.96,9.17,1155695,1356878640.0,0.68,-2.29
2018-03-14,平安银行,000001,9.23,9.25,9.08,9.17,9.27,635594,757090752.0,0.38,-1.08
2018-03-13,平安银行,000001,9.29,9.47,9.25,9.27,9.28,1082267,1309543472.0,0.64,-0.11
2018-03-12,平安银行,000001,9.4,9.42,9.2,9.28,9.34,1268701,1526643472.0,0.75,-0.64
2018-03-09,平安银行,000001,9.4,9.45,9.23,9.34,9.36,943877,1139043568.0,0.56,-0.21
2018-03-08,平安银行,000001,9.3,9.4,9.2,9.36,9.3,689755,832153696.0,0.41,0.65
2018-03-07,平安银行,000001,9.4,9.59,9.29,9.3,9.35,1427570,1744085264.0,0.84,-0.53
2018-03-06,平安银行,000001,9.2,9.36,9.02,9.35,9.11,1150162,1373438384.0,0.68,2.63
2018-03-05,平安银行,000001,9.18,9.33,9.05,9.11,9.2,754183,897244272.0,0.45,-0.98
2018-03-02,平安银行,000001,9.17,9.29,9.1,9.2,9.29,663124,791736480.0,0.39,-0.97
2018-03-01,平安银行,000001,9.17,9.4,9.15,9.29,9.3,886957,1069354496.0,0.52,-0.11
2018-02-28,平安银行,000001,9.35,9.44,9.18,9.3,9.53,1214146,1463313696.0,0.72,-2.41
2018-02-27,平安银行,000001,9.89,9.95,9.44,9.53,9.88,1285869,1590018496.0,0.76,-3.54
2018-02-26,平安银行,000001,10.02,10.1,9.7,9.88,9.86,1045759,1318960464.0,0.62,0.2
2018-02-23,平安银行,000001,9.83,10.04,9.7,9.86,9.71,1013663,1278185728.0,0.6,1.54
2018-02-22,平安银行,000001,9.5,9.78,9.5,9.71,9.25,1268406,1573562576.0,0.75,4.97
2018-02-14,平安银行,000001,9.21,9.28,9.01,9.25,9.19,864190,1030474416.0,0.51,0.65
2018-02-13,平安银行,000001,9.12,9.46,9.09,9.19,8.97,1298179,1562420000.0,0.77,2.45
2018-02-12,平安银行,000001,9.03,9.09,8.81,8.97,8.94,1228782,1439644320.0,0.73,0.34
2018-02-09,平安银行,000001,9.33,9.33,8.63,8.94,9.79,2824950,3308553504.0,1.67,-8.68
2018-02-08,平安银行,000001,10.08,10.17,9.78,9.79,10.17,2137815,2711464880.0,1.26,-3.74
2018-02-07,平安银行,000001,11.47,11.55,10.01,10.17,11.25,3345717,4521586688.0,1.98,-9.6
2018-02-06,平安银行,000001,11.48,11.58,11.18,11.25,11.8,2582872,3641294704.0,1.53,-4.66
2018-02-05,平安银行,000001,11.05,11.82,10.98,11.8,11.3,2331998,3326355312.0,1.38,4.42
2018-02-02,平安银行,000001,11.16,11.35,10.88,11.3,11.28,1176513,1637619616.0,0.7,0.18
2018-02-01,平安银行,000001,11.2,11.55,11.09,11.28,11.3,2005615,2821583616.0,1.19,-0.18
2018-01-31,平安银行,000001,10.85,11.3,10.78,11.3,10.9,1747729,2423104768.0,1.03,3.67
2018-01-30,平安银行,000001,10.95,11.09,10.8,10.9,10.99,1094740,1497708880.0,0.65,-0.82
2018-01-29,平安银行,000001,11.3,11.5,10.85,10.99,11.3,2090547,2911452096.0,1.24,-2.74
2018-01-26,平安银行,000001,11.43,11.59,11.27,11.3,11.45,2032989,2885104624.0,1.2,-1.31
2018-01-25,平安银行,000001,11.7,11.72,11.25,11.45,11.89,2369985,3360822352.0,1.4,-3.7
2018-01-24,平安银行,000001,11.91,12.33,11.75,11.89,11.9,2591292,3838734928.0,1.53,-0.08
2018-01-23,平安银行,000001,11.61,12.15,11.58,11.9,11.69,2388792,3492462000.0,1.41,1.8
2018-01-22,平安银行,000001,11.85,12.19,11.68,11.69,12.05,2073867,3032799072.0,1.23,-2.99
2018-01-19,平安银行,000001,12.05,12.38,11.93,12.05,11.97,2571147,3832857440.0,1.52,0.67
2018-01-18,平安银行,000001,11.65,11.97,11.53,11.97,11.48,2148027,3120455744.0,1.27,4.27
2018-01-17,平安银行,000001,11.58,12.05,11.45,11.48,11.45,2656294,3849312880.0,1.57,0.26
2018-01-16,平安银行,000001,11.42,11.63,11.27,11.45,11.45,2444549,3479177088.0,1.44,0.0
2018-01-15,平安银行,000001,10.76,11.58,10.75,11.45,10.8,3122395,4376707072.0,1.85,6.02
2018-01-12,平安银行,000001,10.7,10.93,10.66,10.8,10.65,1353991,1833435680.0,0.8,1.41
2018-01-11,平安银行,000001,10.66,10.84,10.52,10.65,10.72,1443878,1937494288.0,0.85,-0.65
2018-01-10,平安银行,000001,10.29,10.74,10.17,10.72,10.33,2403277,3196055824.0,1.42,3.78
2018-01-09,平安银行,000001,10.21,10.45,10.17,10.33,10.21,1344345,1754315792.0,0.79,1.18
2018-01-08,平安银行,000001,10.5,10.54,10.11,10.21,10.55,2158621,2806099168.0,1.28,-3.22
2018-01-05,平安银行,000001,10.46,10.6,10.4,10.55,10.5,1210313,1603289520.0,0.72,0.48
2018-01-04,平安银行,000001,10.57,10.62,10.38,10.5,10.58,1854509,2454543520.0,1.1,-0.76
2018-01-03,平安银行,000001,10.98,11.11,10.45,10.58,10.95,2962498,4006220768.0,1.75,-3.38
2018-01-02,平安银行,000001,10.6,11.18,10.57,10.95,10.55,2081593,2856543824.0,1.23,3.79
2017-12-29,平安银行,000001,10.46,10.68,10.35,10.55,10.46,982916,1303222048.0,0.58,0.86
2017-12-28,平安银行,000001,10.53,10.71,10.27,10.46,10.54,1553030,2052944544.0,0.92,-0.76
2017-12-27,平安银行,000001,10.83,11.03,10.44,10.54,10.91,1366567,1848165008.0,0.81,-3.39
2017-12-26,平安银行,000001,10.51,10.94,10.44,10.91,10.5,1123688,1510826272.0,0.66,3.9
2017-12-25,平安银行,000001,10.77,11.11,10.41,10.5,10.77,1585567,2145040656.0,0.94,-2.51
2017-12-22,平安银行,000001,10.75,10.88,10.7,10.77,10.79,742901,1004525776.0,0.44,-0.19
2017-12-21,平安银行,000001,10.43,10.93,10.41,10.79,10.51,1485203,2005617680.0,0.88,2.66
2017-12-20,平安银行,000001,10.45,10.56,10.38,10.51,10.53,1106245,1463802112.0,0.65,-0.19
2017-12-19,平安银行,000001,10.04,10.57,9.99,10.53,10.0,2397943,3138687568.0,1.42,5.3
2017-12-18,平安银行,000001,9.98,10.16,9.89,10.0,9.97,805465,1029422752.0,0.48,0.3
2017-12-15,平安银行,000001,10.15,10.18,9.92,9.97,10.25,1099953,1405372000.0,0.65,-2.73
2017-12-14,平安银行,000001,10.4,10.56,10.16,10.25,10.38,1001998,1311131920.0,0.59,-1.25
2017-12-13,平安银行,000001,10.25,10.45,10.13,10.38,10.27,1289248,1679022032.0,0.76,1.07
2017-12-12,平安银行,000001,10.65,10.73,10.27,10.27,10.75,1743406,2302354896.0,1.03,-4.47
2017-12-11,平安银行,000001,10.33,10.82,10.13,10.75,10.34,2261953,2980735568.0,1.34,3.97
2017-12-08,平安银行,000001,10.14,10.34,10.0,10.34,10.08,1351315,1751423120.0,0.8,2.58
2017-12-07,平安银行,000001,10.3,10.39,10.0,10.08,10.33,1181958,1526953344.0,0.7,-2.42
2017-12-06,平安银行,000001,10.51,10.52,10.04,10.33,10.55,1619845,2104168544.0,0.96,-2.09
2017-12-05,平安银行,000001,10.4,10.74,10.35,10.55,10.55,1723681,2301867648.0,1.02,0.0
2017-12-04,平安银行,000001,10.3,10.62,10.25,10.55,10.25,1454023,1923315712.0,0.86,2.93
2017-12-01,平安银行,000001,10.65,10.73,10.21,10.25,10.63,1784933,2354299664.0,1.06,-3.57
2017-11-30,平安银行,000001,10.95,10.98,10.51,10.63,11.07,1379636,1866700880.0,0.82,-3.97
2017-11-29,平安银行,000001,10.98,11.18,10.72,11.07,10.95,1564095,2148312656.0,0.92,1.1
2017-11-28,平安银行,000001,11.1,11.1,10.65,10.95,11.18,1766433,2396540128.0,1.04,-2.06
2017-11-27,平安银行,000001,11.55,11.55,11.0,11.18,11.81,2064085,2878491904.0,1.22,-5.33
2017-11-24,平安银行,000001,11.54,11.84,11.03,11.81,11.6,2630190,3732597280.0,1.55,1.81
2017-11-23,平安银行,000001,12.4,12.49,11.32,11.6,12.35,2429142,3562843392.0,1.44,-6.07
2017-11-22,平安银行,000001,11.73,12.49,11.73,12.35,11.7,2570231,3839501152.0,1.52,5.56
2017-11-21,平安银行,000001,11.32,12.04,11.26,11.7,11.5,2495328,3609849024.0,1.47,1.74
2017-11-20,平安银行,000001,10.38,11.5,10.3,11.5,10.43,2843926,3860145472.0,1.68,10.26
2017-11-17,平安银行,000001,10.42,10.71,10.28,10.43,10.35,2064150,2731215936.0,1.22,0.77
2017-11-16,平安银行,000001,10.15,10.37,9.92,10.35,10.15,1200815,1550701792.0,0.71,1.97
2017-11-15,平安银行,000001,10.15,10.38,10.02,10.15,10.2,1263052,1627912720.0,0.75,-0.49
2017-11-14,平安银行,000001,10.2,10.51,10.06,10.2,10.15,1780302,2318092528.0,1.05,0.49
2017-11-13,平安银行,000001,9.6,10.35,9.6,10.15,9.55,2566906,3307955296.0,1.52,6.28
2017-11-10,平安银行,000001,9.62,9.8,9.4,9.55,9.58,1757552,2167126592.0,1.04,-0.31
2017-11-09,平安银行,000001,9.45,9.82,9.4,9.58,9.38,2295289,2839861728.0,1.36,2.13
2017-11-08,平安银行,000001,9.25,9.84,9.18,9.38,9.17,4262826,5199224320.0,2.52,2.29
2017-11-07,平安银行,000001,8.52,9.34,8.5,9.17,8.53,2477163,2914269168.0,1.46,7.5
2017-11-06,平安银行,000001,8.67,8.67,8.34,8.53,8.64,1029903,1157303984.0,0.61,-1.27
2017-11-03,平安银行,000001,8.74,8.93,8.6,8.64,8.79,743343,852032112.0,0.44,-1.71
2017-11-02,平安银行,000001,8.61,8.83,8.51,8.79,8.65,604308,689229872.0,0.36,1.62
2017-11-01,平安银行,000001,8.81,8.84,8.57,8.65,8.79,692618,792881040.0,0.41,-1.59
2017-10-31,平安银行,000001,8.8,8.83,8.64,8.79,8.81,627491,721237472.0,0.37,-0.23
2017-10-30,平安银行,000001,8.8,8.98,8.7,8.81,8.81,1278247,1484495472.0,0.76,0.0
2017-10-27,平安银行,000001,8.44,8.81,8.43,8.81,8.43,1360086,1548543728.0,0.8,4.51
2017-10-26,平安银行,000001,8.5,8.57,8.37,8.43,8.52,928996,1041707024.0,0.55,-1.06
2017-10-25,平安银行,000001,8.61,8.62,8.5,8.52,8.64,418574,472708176.0,0.25,-1.39
2017-10-24,平安银行,000001,8.45,8.67,8.43,8.64,8.44,618872,700896864.0,0.37,2.37
2017-10-23,平安银行,000001,8.64,8.65,8.4,8.44,8.73,1074465,1206888288.0,0.64,-3.32
2017-10-20,平安银行,000001,8.84,8.84,8.66,8.73,8.88,461808,529747056.0,0.27,-1.69
2017-10-19,平安银行,000001,8.89,8.97,8.82,8.88,8.94,722765,841546800.0,0.43,-0.67
2017-10-18,平安银行,000001,8.78,8.95,8.76,8.94,8.76,871365,1011050928.0,0.52,2.05
2017-10-17,平安银行,000001,8.87,8.9,8.73,8.76,8.84,506372,585334000.0,0.3,-0.9
2017-10-16,平安银行,000001,8.61,8.85,8.54,8.84,8.61,1036251,1190724208.0,0.61,2.67
2017-10-13,平安银行,000001,8.81,8.81,8.5,8.61,8.8,737376,839662736.0,0.44,-2.16
2017-10-12,平安银行,000001,8.79,8.83,8.72,8.8,8.78,578065,667148384.0,0.34,0.23
2017-10-11,平安银行,000001,8.73,8.83,8.59,8.78,8.72,658078,756203408.0,0.39,0.69
2017-10-10,平安银行,000001,8.58,8.75,8.58,8.72,8.55,747925,853665856.0,0.44,1.99
2017-10-09,平安银行,000001,8.82,8.89,8.51,8.55,8.36,1325227,1520609504.0,0.78,2.27
2017-09-29,平安银行,000001,8.17,8.41,8.11,8.36,8.13,682280,753852528.0,0.4,2.83
2017-09-28,平安银行,000001,8.23,8.23,8.07,8.13,8.18,517220,563485120.0,0.31,-0.61
2017-09-27,平安银行,000001,8.26,8.33,8.15,8.18,8.3,727188,798377280.0,0.43,-1.45
2017-09-26,平安银行,000001,8.51,8.55,8.21,8.3,8.54,967461,1074228192.0,0.57,-2.81
2017-09-25,平安银行,000001,8.69,8.7,8.43,8.54,8.69,532391,602270304.0,0.31,-1.73
2017-09-22,平安银行,000001,8.68,8.77,8.56,8.69,8.71,593928,677622496.0,0.35,-0.23
2017-09-21,平安银行,000001,8.51,8.76,8.45,8.71,8.54,692408,788605296.0,0.41,1.99
2017-09-20,平安银行,000001,8.39,8.62,8.3,8.54,8.38,787155,884640960.0,0.47,1.91
2017-09-19,平安银行,000001,8.5,8.59,8.33,8.38,8.5,764213,853816000.0,0.45,-1.41
2017-09-18,平安银行,000001,8.5,8.57,8.45,8.5,8.54,607613,684223024.0,0.36,-0.47
2017-09-15,平安银行,000001,8.54,8.57,8.4,8.54,8.57,646095,726061104.0,0.38,-0.35
2017-09-14,平安银行,000001,8.68,8.84,8.49,8.57,8.68,883088,1005775584.0,0.52,-1.27
2017-09-13,平安银行,000001,8.74,8.79,8.59,8.68,8.79,668237,765028192.0,0.39,-1.25
2017-09-12,平安银行,000001,8.63,8.79,8.52,8.79,8.63,846183,962032176.0,0.5,1.85
2017-09-11,平安银行,000001,8.79,8.94,8.55,8.63,8.74,699473,801825008.0,0.41,-1.26
2017-09-08,平安银行,000001,8.71,8.89,8.63,8.74,8.69,481276,553644528.0,0.28,0.58
2017-09-07,平安银行,000001,8.9,9.0,8.64,8.69,8.95,614187,711036416.0,0.36,-2.91
2017-09-06,平安银行,000001,8.84,9.13,8.73,8.95,8.89,791622,925519040.0,0.47,0.67
2017-09-05,平安银行,000001,8.93,9.19,8.85,8.89,8.97,1287519,1513759536.0,0.76,-0.89
2017-09-04,平安银行,000001,8.43,8.97,8.42,8.97,8.46,1352326,1551875040.0,0.8,6.03
2017-09-01,平安银行,000001,8.53,8.64,8.4,8.46,8.53,959977,1080996320.0,0.57,-0.82
2017-08-31,平安银行,000001,8.64,8.69,8.4,8.53,8.68,1151786,1297730592.0,0.68,-1.73
2017-08-30,平安银行,000001,8.93,8.95,8.6,8.68,8.92,1096675,1264128144.0,0.65,-2.69
2017-08-29,平安银行,000001,8.55,8.99,8.53,8.92,8.6,1357984,1569230032.0,0.8,3.72
2017-08-28,平安银行,000001,8.35,8.79,8.35,8.6,8.36,1603938,1828380080.0,0.95,2.87
2017-08-25,平安银行,000001,8.19,8.42,8.15,8.36,8.18,963940,1068994544.0,0.57,2.2
2017-08-24,平安银行,000001,8.14,8.36,8.09,8.18,8.15,924249,1014933648.0,0.55,0.37
2017-08-23,平安银行,000001,7.88,8.23,7.84,8.15,7.9,1319152,1430051904.0,0.78,3.16
2017-08-22,平安银行,000001,7.73,7.91,7.62,7.9,7.71,875682,922881872.0,0.52,2.46
2017-08-21,平安银行,000001,7.68,7.77,7.64,7.71,7.69,399155,417653104.0,0.24,0.26
2017-08-18,平安银行,000001,7.61,7.85,7.54,7.69,7.67,616520,643188720.0,0.36,0.26
2017-08-17,平安银行,000001,7.6,7.67,7.54,7.67,7.59,553642,573093952.0,0.33,1.05
2017-08-16,平安银行,000001,7.54,7.62,7.4,7.59,7.56,756806,778517616.0,0.45,0.4
2017-08-15,平安银行,000001,7.49,7.76,7.46,7.56,7.47,1075162,1116750000.0,0.64,1.2
2017-08-14,平安银行,000001,7.38,7.5,7.29,7.47,7.27,1157665,1175479136.0,0.68,2.75
2017-08-11,平安银行,000001,7.73,7.79,7.24,7.27,7.87,2440643,2501779376.0,1.44,-7.62
2017-08-10,平安银行,000001,7.95,8.07,7.79,7.87,7.98,959880,1026676000.0,0.57,-1.38
2017-08-09,平安银行,000001,8.21,8.27,7.93,7.98,8.3,1042322,1126512112.0,0.62,-3.86
2017-08-08,平安银行,000001,8.25,8.36,8.16,8.3,8.25,689567,758872032.0,0.41,0.61
2017-08-07,平安银行,000001,8.31,8.42,8.15,8.25,8.42,860644,946975696.0,0.51,-2.02
2017-08-04,平安银行,000001,8.25,8.54,8.18,8.42,8.26,1353952,1511389824.0,0.8,1.94
2017-08-03,平安银行,000001,8.39,8.47,8.22,8.26,8.4,984219,1090954128.0,0.58,-1.67
2017-08-02,平安银行,000001,8.3,8.59,8.21,8.4,8.29,2062069,2307726688.0,1.22,1.33
2017-08-01,平安银行,000001,7.89,8.33,7.85,8.29,7.92,2035710,2222887936.0,1.2,4.67
2017-07-31,平安银行,000001,8.05,8.07,7.7,7.92,7.99,1575864,1671814032.0,0.93,-0.88
2017-07-28,平安银行,000001,7.86,8.06,7.83,7.99,7.84,819195,877769280.0,0.48,1.91
2017-07-27,平安银行,000001,7.97,8.02,7.78,7.84,7.99,1194490,1273888880.0,0.71,-1.88
2017-07-26,平安银行,000001,8.17,8.43,7.91,7.99,8.25,1697412,1846282144.0,1.0,-3.15
2017-07-25,平安银行,000001,8.23,8.52,8.2,8.25,8.2,1954768,2172114592.0,1.16,0.61
2017-07-24,平安银行,000001,8.07,8.31,7.98,8.2,8.14,1692664,1846886672.0,1.0,0.74
2017-07-21,平安银行,000001,8.08,8.2,7.94,8.14,8.06,1501020,1625416432.0,0.89,0.99
2017-07-20,平安银行,000001,8.17,8.31,8.0,8.06,8.18,1537339,1695060976.0,0.91,-1.47
2017-07-19,平安银行,000001,8.08,8.28,7.97,8.18,8.14,1933076,2131336288.0,1.14,0.49
2017-07-18,平安银行,000001,7.84,8.23,7.71,8.14,7.9,2349432,2558433984.0,1.39,3.04
2017-07-17,平安银行,000001,8.04,8.42,7.81,7.9,7.99,3273123,3608692272.0,1.93,-1.13
2017-07-14,平安银行,000001,7.9,8.03,7.75,7.99,7.99,1722570,1864449200.0,1.02,0.0
2017-07-13,平安银行,000001,7.39,7.99,7.33,7.99,7.43,2994534,3180144560.0,1.77,7.54
2017-07-12,平安银行,000001,7.36,7.67,7.29,7.43,7.34,2998844,3113681344.0,1.77,1.23
2017-07-11,平安银行,000001,6.7,7.55,6.7,7.34,6.68,3812087,3842010176.0,2.25,9.88
2017-07-10,平安银行,000001,6.54,6.75,6.53,6.68,6.56,1360816,1303090000.0,0.8,1.83
2017-07-07,平安银行,000001,6.46,6.57,6.43,6.56,6.49,760370,717084352.0,0.45,1.08
2017-07-06,平安银行,000001,6.45,6.5,6.4,6.49,6.46,738912,691387184.0,0.44,0.46
2017-07-05,平安银行,000001,6.38,6.47,6.36,6.46,6.43,567720,529294112.0,0.34,0.47
2017-07-04,平安银行,000001,6.49,6.5,6.39,6.43,6.49,488363,456577024.0,0.29,-0.92
2017-07-03,平安银行,000001,6.49,6.52,6.43,6.49,6.48,388349,364465840.0,0.23,0.15
2017-06-30,平安银行,000001,6.49,6.52,6.4,6.48,6.52,499633,468003520.0,0.3,-0.61
2017-06-29,平安银行,000001,6.52,6.54,6.46,6.52,6.52,488805,459810416.0,0.29,0.0
2017-06-28,平安银行,000001,6.44,6.58,6.42,6.52,6.45,1168796,1102438096.0,0.69,1.09
2017-06-27,平安银行,000001,6.39,6.48,6.36,6.45,6.39,546016,509162016.0,0.32,0.94
2017-06-26,平安银行,000001,6.35,6.49,6.35,6.39,6.34,710770,663762848.0,0.42,0.79
2017-06-23,平安银行,000001,6.32,6.36,6.25,6.34,6.34,584004,538303568.0,0.35,0.0
2017-06-22,平安银行,000001,6.24,6.49,6.23,6.34,6.24,1426958,1325210560.0,0.84,1.6
2017-06-21,平安银行,000001,6.26,6.27,6.2,6.24,6.21,496932,454488896.0,0.29,0.48
2017-06-20,平安银行,000001,6.21,6.25,6.18,6.21,6.22,313616,286053888.0,0.19,-0.16
2017-06-19,平安银行,000001,6.12,6.24,6.11,6.22,6.11,489705,446000768.0,0.29,1.8
2017-06-16,平安银行,000001,6.13,6.17,6.1,6.11,6.13,285991,258559005.0,0.17,-0.33
2017-06-15,平安银行,000001,6.17,6.17,6.12,6.13,6.17,337798,305610496.0,0.2,-0.65
2017-06-14,平安银行,000001,6.21,6.22,6.13,6.17,6.21,375444,340596128.0,0.22,-0.64
2017-06-13,平安银行,000001,6.2,6.23,6.14,6.21,6.2,448435,407876688.0,0.27,0.16
2017-06-12,平安银行,000001,6.24,6.28,6.19,6.2,6.24,504578,461493696.0,0.3,-0.64
2017-06-09,平安银行,000001,6.24,6.31,6.21,6.24,6.22,685468,628281696.0,0.41,0.32
2017-06-08,平安银行,000001,6.2,6.24,6.17,6.22,6.22,383004,348860768.0,0.23,0.0
2017-06-07,平安银行,000001,6.11,6.24,6.1,6.22,6.13,645723,587357664.0,0.38,1.47
2017-06-06,平安银行,000001,6.1,6.15,6.08,6.13,6.12,355342,320520912.0,0.21,0.16
2017-06-05,平安银行,000001,6.22,6.26,6.08,6.12,6.26,634133,573460400.0,0.37,-2.24
2017-06-02,平安银行,000001,6.27,6.38,6.23,6.26,6.28,770757,710119504.0,0.46,-0.32
2017-06-01,平安银行,000001,6.29,6.32,6.21,6.28,6.29,566183,519544672.0,0.33,-0.16
2017-05-31,平安银行,000001,6.19,6.32,6.15,6.29,6.19,1033211,948741888.0,0.61,1.62
2017-05-26,平安银行,000001,6.17,6.22,6.13,6.19,6.19,895366,813387168.0,0.53,0.0
2017-05-25,平安银行,000001,5.88,6.23,5.87,6.19,5.9,1621544,1462763024.0,0.96,4.92
2017-05-24,平安银行,000001,5.87,5.92,5.77,5.9,5.88,532377,466560640.0,0.31,0.34
2017-05-23,平安银行,000001,5.76,5.93,5.73,5.88,5.77,800040,702123776.0,0.47,1.91
2017-05-22,平安银行,000001,5.77,5.82,5.7,5.77,5.78,679120,588546720.0,0.4,-0.17
2017-05-19,平安银行,000001,5.83,5.85,5.77,5.78,5.82,294271,256396867.0,0.17,-0.69
2017-05-18,平安银行,000001,5.81,5.86,5.8,5.82,5.86,227401,198765579.0,0.13,-0.68
2017-05-17,平安银行,000001,5.9,5.9,5.84,5.86,5.93,417338,365987536.0,0.25,-1.18
2017-05-16,平安银行,000001,5.93,5.94,5.82,5.93,5.95,524872,461069296.0,0.31,-0.34
2017-05-15,平安银行,000001,5.98,6.04,5.9,5.95,5.99,536578,476417664.0,0.32,-0.67
2017-05-12,平安银行,000001,5.77,5.99,5.73,5.99,5.79,917968,809131904.0,0.54,3.45
2017-05-11,平安银行,000001,5.74,5.81,5.69,5.79,5.76,503644,436444288.0,0.3,0.52
2017-05-10,平安银行,000001,5.72,5.89,5.71,5.76,5.73,573078,498675312.0,0.34,0.52
2017-05-09,平安银行,000001,5.65,5.73,5.64,5.73,5.66,324194,279119680.0,0.19,1.24
2017-05-08,平安银行,000001,5.69,5.71,5.63,5.66,5.72,460090,394424112.0,0.27,-1.05
2017-05-05,平安银行,000001,5.83,5.85,5.67,5.72,5.83,623701,539541744.0,0.37,-1.89
2017-05-04,平安银行,000001,5.98,5.98,5.81,5.83,6.0,696517,613783440.0,0.41,-2.83
2017-05-03,平安银行,000001,6.01,6.02,5.98,6.0,6.03,280311,249660877.0,0.17,-0.5
2017-05-02,平安银行,000001,6.05,6.05,5.99,6.03,6.08,311026,277665888.0,0.18,-0.82
2017-04-28,平安银行,000001,6.05,6.08,6.01,6.08,6.06,286446,256106698.0,0.17,0.33
2017-04-27,平安银行,000001,6.06,6.07,6.0,6.06,6.08,387393,346186992.0,0.23,-0.33
2017-04-26,平安银行,000001,6.09,6.1,6.05,6.08,6.09,382147,343316096.0,0.23,-0.16
2017-04-25,平安银行,000001,6.02,6.1,6.02,6.09,6.02,377933,339230144.0,0.22,1.16
2017-04-24,平安银行,000001,6.06,6.07,5.98,6.02,6.06,394995,352926400.0,0.23,-0.66
2017-04-21,平安银行,000001,6.01,6.08,5.99,6.06,6.01,325408,291126080.0,0.19,0.83
2017-04-20,平安银行,000001,5.99,6.03,5.98,6.01,6.0,437630,390063536.0,0.26,0.17
2017-04-19,平安银行,000001,6.12,6.13,5.99,6.0,6.14,799669,714963680.0,0.47,-2.28
2017-04-18,平安银行,000001,6.18,6.19,6.14,6.14,6.19,335377,304162864.0,0.2,-0.81
2017-04-17,平安银行,000001,6.17,6.2,6.14,6.19,6.17,531892,483130496.0,0.31,0.32
2017-04-14,平安银行,000001,6.2,6.21,6.15,6.17,6.21,490501,445637456.0,0.29,-0.64
2017-04-13,平安银行,000001,6.2,6.23,6.19,6.21,6.21,357443,325949856.0,0.21,0.0
2017-04-12,平安银行,000001,6.25,6.26,6.19,6.21,6.24,455337,416101248.0,0.27,-0.48
2017-04-11,平安银行,000001,6.26,6.28,6.18,6.24,6.27,612438,560304080.0,0.36,-0.48
2017-04-10,平安银行,000001,6.29,6.3,6.26,6.27,6.29,401344,368682032.0,0.24,-0.32
2017-04-07,平安银行,000001,6.28,6.31,6.26,6.29,6.29,514845,473366400.0,0.3,0.0
2017-04-06,平安银行,000001,6.29,6.31,6.26,6.29,6.3,434391,399118976.0,0.26,-0.16
2017-04-05,平安银行,000001,6.25,6.31,6.24,6.3,6.26,499150,458567840.0,0.3,0.64
2017-03-31,平安银行,000001,6.17,6.27,6.17,6.26,6.17,633121,578579040.0,0.37,1.46
2017-03-30,平安银行,000001,6.21,6.21,6.15,6.17,6.2,687286,623995520.0,0.41,-0.48
2017-03-29,平安银行,000001,6.22,6.24,6.18,6.2,6.21,601141,548060688.0,0.36,-0.16
2017-03-28,平安银行,000001,6.25,6.26,6.19,6.21,6.23,481373,439405824.0,0.28,-0.32
2017-03-27,平安银行,000001,6.21,6.28,6.17,6.23,6.28,985012,900094464.0,0.58,-0.8
2017-03-24,平安银行,000001,6.29,6.33,6.25,6.28,6.29,710828,653533824.0,0.42,-0.16
2017-03-23,平安银行,000001,6.25,6.33,6.24,6.29,6.25,433588,398986560.0,0.26,0.64
2017-03-22,平安银行,000001,6.29,6.31,6.23,6.25,6.33,566124,519331024.0,0.33,-1.26
2017-03-21,平安银行,000001,6.34,6.35,6.29,6.33,6.34,554649,511914336.0,0.33,-0.16
2017-03-20,平安银行,000001,6.38,6.4,6.31,6.34,6.4,715022,661887008.0,0.42,-0.94
2017-03-17,平安银行,000001,6.54,6.55,6.39,6.4,6.61,1583647,1482736992.0,0.94,-3.18
2017-03-16,平安银行,000001,6.57,6.62,6.54,6.61,6.57,635954,603450064.0,0.38,0.61
2017-03-15,平安银行,000001,6.51,6.57,6.51,6.57,6.53,546561,515943744.0,0.32,0.61
2017-03-14,平安银行,000001,6.52,6.55,6.5,6.53,6.53,404484,381594064.0,0.24,0.0
2017-03-13,平安银行,000001,6.48,6.54,6.46,6.53,6.49,545304,513148480.0,0.32,0.62
2017-03-10,平安银行,000001,6.47,6.5,6.45,6.49,6.47,390182,366140048.0,0.23,0.31
2017-03-09,平安银行,000001,6.5,6.52,6.45,6.47,6.51,378170,354813680.0,0.22,-0.61
2017-03-08,平安银行,000001,6.52,6.54,6.49,6.51,6.54,244438,230425150.0,0.14,-0.46
2017-03-07,平安银行,000001,6.53,6.55,6.49,6.54,6.54,294673,277747408.0,0.17,0.0
2017-03-06,平安银行,000001,6.49,6.55,6.48,6.54,6.49,404511,381212304.0,0.24,0.77
2017-03-03,平安银行,000001,6.5,6.52,6.45,6.49,6.52,342655,321952544.0,0.2,-0.46
2017-03-02,平安银行,000001,6.6,6.63,6.51,6.52,6.58,403629,382395888.0,0.24,-0.91
2017-03-01,平安银行,000001,6.58,6.64,6.56,6.58,6.57,346994,330157968.0,0.21,0.15
2017-02-28,平安银行,000001,6.52,6.6,6.51,6.57,6.52,369720,350366896.0,0.22,0.77
2017-02-27,平安银行,000001,6.59,6.59,6.51,6.52,6.59,407341,384781008.0,0.24,-1.06
2017-02-24,平安银行,000001,6.59,6.63,6.57,6.59,6.6,332500,316020784.0,0.2,-0.15
2017-02-23,平安银行,000001,6.64,6.66,6.57,6.6,6.66,335328,319293840.0,0.2,-0.9
2017-02-22,平安银行,000001,6.66,6.66,6.59,6.66,6.66,462966,441528336.0,0.27,0.0
2017-02-21,平安银行,000001,6.64,6.71,6.63,6.66,6.65,646584,618761072.0,0.38,0.15
2017-02-20,平安银行,000001,6.49,6.67,6.49,6.65,6.48,898755,855710800.0,0.53,2.62
2017-02-17,平安银行,000001,6.55,6.58,6.46,6.48,6.55,423775,400161792.0,0.25,-1.07
2017-02-16,平安银行,000001,6.54,6.59,6.51,6.55,6.54,411161,388636224.0,0.24,0.15
2017-02-15,平安银行,000001,6.49,6.63,6.48,6.54,6.49,756613,716759648.0,0.45,0.77
2017-02-14,平安银行,000001,6.5,6.51,6.46,6.49,6.5,362405,340318432.0,0.21,-0.15
2017-02-13,平安银行,000001,6.43,6.53,6.42,6.5,6.42,638365,599951024.0,0.38,1.25
2017-02-10,平安银行,000001,6.41,6.45,6.4,6.42,6.4,482743,450701344.0,0.29,0.31
2017-02-09,平安银行,000001,6.39,6.42,6.37,6.4,6.39,342855,319201024.0,0.2,0.16
2017-02-08,平安银行,000001,6.38,6.39,6.33,6.39,6.39,360272,333975408.0,0.21,0.0
2017-02-07,平安银行,000001,6.4,6.41,6.36,6.39,6.4,396885,368755280.0,0.23,-0.16
2017-02-06,平安银行,000001,6.35,6.41,6.35,6.4,6.35,516786,480441328.0,0.31,0.79
2017-02-03,平安银行,000001,6.43,6.45,6.32,6.35,6.42,315472,292617936.0,0.19,-1.09
2017-01-26,平安银行,000001,6.36,6.43,6.35,6.42,6.35,420713,391844288.0,0.25,1.1
2017-01-25,平安银行,000001,6.36,6.37,6.34,6.35,6.36,304402,281976288.0,0.18,-0.16
2017-01-24,平安银行,000001,6.32,6.37,6.29,6.36,6.31,470244,434787728.0,0.28,0.79
2017-01-23,平安银行,000001,6.31,6.35,6.29,6.31,6.31,420299,388019072.0,0.25,0.0
2017-01-20,平安银行,000001,6.26,6.32,6.26,6.31,6.27,393329,361865152.0,0.23,0.64
2017-01-19,平安银行,000001,6.24,6.33,6.24,6.27,6.26,437713,402445632.0,0.26,0.16
2017-01-18,平安银行,000001,6.23,6.28,6.22,6.26,6.24,574269,526426592.0,0.34,0.32
2017-01-17,平安银行,000001,6.21,6.25,6.19,6.24,6.23,545552,498179696.0,0.32,0.16
2017-01-16,平安银行,000001,6.24,6.25,6.16,6.23,6.25,683166,623025824.0,0.4,-0.32
2017-01-13,平安银行,000001,6.23,6.28,6.21,6.25,6.24,434301,397601904.0,0.26,0.16
2017-01-12,平安银行,000001,6.22,6.26,6.22,6.24,6.23,428007,391869408.0,0.25,0.16
2017-01-11,平安银行,000001,6.23,6.26,6.22,6.23,6.24,303431,277553200.0,0.18,-0.16
2017-01-10,平安银行,000001,6.24,6.25,6.23,6.24,6.24,241054,220575131.0,0.14,0.0
2017-01-09,平安银行,000001,6.22,6.26,6.2,6.24,6.22,361082,329994608.0,0.21,0.32
2017-01-06,平安银行,000001,6.26,6.26,6.2,6.22,6.26,358154,327176432.0,0.24,-0.64
2017-01-05,平安银行,000001,6.26,6.27,6.24,6.26,6.25,344373,315769696.0,0.24,0.16
2017-01-04,平安银行,000001,6.24,6.27,6.23,6.25,6.25,449330,411503440.0,0.31,0.0
2017-01-03,平安银行,000001,6.2,6.27,6.18,6.25,6.19,459840,420595184.0,0.31,0.97
2016-12-30,平安银行,000001,6.17,6.19,6.15,6.19,6.17,302607,274882704.0,0.21,0.32
2016-12-29,平安银行,000001,6.16,6.18,6.14,6.17,6.15,338759,307183504.0,0.23,0.33
2016-12-28,平安银行,000001,6.17,6.2,6.13,6.15,6.17,336055,304898608.0,0.23,-0.32
2016-12-27,平安银行,000001,6.21,6.22,6.16,6.17,6.21,268841,244788273.0,0.18,-0.64
2016-12-26,平安银行,000001,6.15,6.22,6.11,6.21,6.17,302059,273934288.0,0.21,0.65
2016-12-23,平安银行,000001,6.23,6.23,6.16,6.17,6.23,382912,348140448.0,0.26,-0.96
2016-12-22,平安银行,000001,6.24,6.25,6.2,6.23,6.25,341341,311546864.0,0.23,-0.32
2016-12-21,平安银行,000001,6.21,6.25,6.2,6.25,6.2,369921,338201440.0,0.25,0.81
2016-12-20,平安银行,000001,6.29,6.29,6.17,6.2,6.29,636638,580118160.0,0.44,-1.43
2016-12-19,平安银行,000001,6.31,6.32,6.26,6.29,6.34,494011,453899744.0,0.34,-0.79
2016-12-16,平安银行,000001,6.33,6.38,6.3,6.34,6.34,396814,366925344.0,0.27,0.0
2016-12-15,平安银行,000001,6.46,6.5,6.3,6.34,6.49,827613,767751840.0,0.57,-2.31
2016-12-14,平安银行,000001,6.51,6.6,6.49,6.49,6.51,597706,564787520.0,0.41,-0.31
2016-12-13,平安银行,000001,6.57,6.59,6.42,6.51,6.59,645772,607769968.0,0.44,-1.21
2016-12-12,平安银行,000001,6.74,6.86,6.53,6.59,6.74,1256874,1206662624.0,0.86,-2.23
2016-12-09,平安银行,000001,6.59,6.84,6.57,6.74,6.61,1514199,1460778336.0,1.03,1.97
2016-12-08,平安银行,000001,6.59,6.64,6.52,6.61,6.57,671452,638058512.0,0.46,0.61
2016-12-07,平安银行,000001,6.57,6.58,6.5,6.57,6.58,493405,466085504.0,0.34,-0.15
2016-12-06,平安银行,000001,6.57,6.61,6.54,6.58,6.55,602903,571585184.0,0.41,0.46
2016-12-05,平安银行,000001,6.59,6.63,6.5,6.55,6.64,764366,723222048.0,0.52,-1.36
2016-12-02,平安银行,000001,6.69,6.69,6.53,6.64,6.69,829687,790044448.0,0.57,-0.75
2016-12-01,平安银行,000001,6.66,6.72,6.64,6.69,6.64,646004,619633744.0,0.44,0.75
2016-11-30,平安银行,000001,6.74,6.81,6.59,6.64,6.71,1025963,985758448.0,0.7,-1.04
2016-11-29,平安银行,000001,6.68,6.79,6.64,6.71,6.72,887779,854308656.0,0.61,-0.15
2016-11-28,平安银行,000001,6.78,6.87,6.69,6.72,6.71,1279689,1240686240.0,0.87,0.15
2016-11-25,平安银行,000001,6.57,6.71,6.55,6.71,6.56,1013675,968127760.0,0.69,2.29
2016-11-24,平安银行,000001,6.53,6.61,6.51,6.56,6.54,779749,738580576.0,0.53,0.31
2016-11-23,平安银行,000001,6.43,6.65,6.43,6.54,6.45,1752869,1660465712.0,1.2,1.4
2016-11-22,平安银行,000001,6.33,6.45,6.32,6.45,6.33,1180257,1097408720.0,0.81,1.9
2016-11-21,平安银行,000001,6.27,6.37,6.26,6.33,6.27,850243,785475680.0,0.58,0.96
2016-11-18,平安银行,000001,6.3,6.3,6.25,6.27,6.3,517597,475289968.0,0.35,-0.48
2016-11-17,平安银行,000001,6.31,6.31,6.27,6.3,6.32,505324,464611136.0,0.35,-0.32
2016-11-16,平安银行,000001,6.32,6.33,6.29,6.32,6.32,415842,383425744.0,0.28,0.0
2016-11-15,平安银行,000001,6.29,6.33,6.27,6.32,6.31,554343,510596176.0,0.38,0.16
2016-11-14,平安银行,000001,6.25,6.34,6.25,6.31,6.27,975079,898058352.0,0.67,0.64
2016-11-11,平安银行,000001,6.23,6.27,6.2,6.27,6.23,812270,742969904.0,0.56,0.64
2016-11-10,平安银行,000001,6.19,6.25,6.19,6.23,6.16,631999,576898448.0,0.43,1.14
2016-11-09,平安银行,000001,6.23,6.23,6.1,6.16,6.24,722617,656061968.0,0.49,-1.28
2016-11-08,平安银行,000001,6.21,6.24,6.19,6.24,6.21,806695,736747216.0,0.55,0.48
2016-11-07,平安银行,000001,6.19,6.21,6.16,6.21,6.2,497240,452447936.0,0.34,0.16
2016-11-04,平安银行,000001,6.2,6.26,6.19,6.2,6.22,508118,463831936.0,0.35,-0.32
2016-11-03,平安银行,000001,6.15,6.23,6.14,6.22,6.16,616871,561464944.0,0.42,0.97
2016-11-02,平安银行,000001,6.23,6.23,6.14,6.16,6.23,633586,576083792.0,0.43,-1.12
2016-11-01,平安银行,000001,6.23,6.25,6.2,6.23,6.24,525416,480117536.0,0.36,-0.16
2016-10-31,平安银行,000001,6.24,6.25,6.18,6.24,6.26,493597,450148880.0,0.34,-0.32
2016-10-28,平安银行,000001,6.25,6.32,6.23,6.26,6.25,541998,497615056.0,0.37,0.16
2016-10-27,平安银行,000001,6.25,6.26,6.21,6.25,6.24,324141,296216912.0,0.22,0.16
2016-10-26,平安银行,000001,6.31,6.31,6.22,6.24,6.3,440452,403750816.0,0.3,-0.95
2016-10-25,平安银行,000001,6.34,6.35,6.27,6.3,6.33,500753,461542704.0,0.34,-0.47
2016-10-24,平安银行,000001,6.22,6.39,6.21,6.33,6.22,915677,844746080.0,0.63,1.77
2016-10-21,平安银行,000001,6.17,6.22,6.15,6.22,6.16,683897,621549840.0,0.47,0.97
2016-10-20,平安银行,000001,6.17,6.18,6.14,6.16,6.17,342845,310966016.0,0.23,-0.16
2016-10-19,平安银行,000001,6.18,6.2,6.14,6.17,6.18,482636,438299024.0,0.33,-0.16
2016-10-18,平安银行,000001,6.12,6.18,6.12,6.18,6.14,593737,537784128.0,0.41,0.65
2016-10-17,平安银行,000001,6.17,6.18,6.12,6.14,6.18,359223,325582448.0,0.25,-0.65
2016-10-14,平安银行,000001,6.15,6.18,6.13,6.18,6.16,335412,304218672.0,0.23,0.32
2016-10-13,平安银行,000001,6.17,6.2,6.14,6.16,6.22,632368,574142480.0,0.43,-0.96
2016-10-12,平安银行,000001,6.23,6.25,6.21,6.22,6.24,270316,246995531.0,0.18,-0.32
2016-10-11,平安银行,000001,6.22,6.24,6.2,6.24,6.21,363371,331886512.0,0.25,0.48
2016-10-10,平安银行,000001,6.19,6.26,6.17,6.21,6.16,611382,557122272.0,0.42,0.81
2016-09-30,平安银行,000001,6.15,6.19,6.14,6.16,6.15,308085,279526480.0,0.21,0.16
2016-09-29,平安银行,000001,6.14,6.17,6.14,6.15,6.14,303664,275239664.0,0.21,0.16
2016-09-28,平安银行,000001,6.15,6.15,6.12,6.14,6.15,271366,245499467.0,0.19,-0.16
2016-09-27,平安银行,000001,6.13,6.16,6.1,6.15,6.13,401324,362769232.0,0.27,0.33
2016-09-26,平安银行,000001,6.22,6.22,6.13,6.13,6.24,439482,398771872.0,0.3,-1.76
2016-09-23,平安银行,000001,6.25,6.28,6.23,6.24,6.25,288799,264699513.0,0.2,-0.16
2016-09-22,平安银行,000001,6.19,6.27,6.18,6.25,6.17,494613,451909024.0,0.34,1.3
2016-09-21,平安银行,000001,6.17,6.19,6.12,6.17,6.17,405665,367767504.0,0.28,0.0
2016-09-20,平安银行,000001,6.21,6.21,6.13,6.17,6.21,436679,396359328.0,0.3,-0.64
2016-09-19,平安银行,000001,6.14,6.23,6.14,6.21,6.15,354349,322575920.0,0.24,0.98
2016-09-14,平安银行,000001,6.26,6.27,6.14,6.15,6.28,421481,384081264.0,0.29,-2.07
2016-09-13,平安银行,000001,6.27,6.3,6.23,6.28,6.25,460931,423113840.0,0.32,0.48
2016-09-12,平安银行,000001,6.38,6.41,6.22,6.25,6.47,756582,697759184.0,0.52,-3.4
2016-09-09,平安银行,000001,6.49,6.52,6.45,6.47,6.49,327431,307527264.0,0.22,-0.31
2016-09-08,平安银行,000001,6.48,6.51,6.47,6.49,6.49,295218,277503760.0,0.2,0.0
2016-09-07,平安银行,000001,6.5,6.51,6.46,6.49,6.5,459373,431984160.0,0.31,-0.15
2016-09-06,平安银行,000001,6.51,6.52,6.45,6.5,6.51,574738,539813280.0,0.39,-0.15
2016-09-05,平安银行,000001,6.55,6.55,6.49,6.51,6.54,469937,443204800.0,0.32,-0.46
2016-09-02,平安银行,000001,6.52,6.55,6.51,6.54,6.54,368796,348054368.0,0.25,0.0
2016-09-01,平安银行,000001,6.58,6.61,6.51,6.54,6.58,480131,454848640.0,0.33,-0.61
2016-08-31,平安银行,000001,6.55,6.59,6.52,6.58,6.56,489747,463875760.0,0.33,0.3
2016-08-30,平安银行,000001,6.51,6.56,6.5,6.56,6.51,595081,561854064.0,0.41,0.77
2016-08-29,平安银行,000001,6.5,6.54,6.47,6.51,6.54,565232,532295360.0,0.39,-0.46
2016-08-26,平安银行,000001,6.54,6.56,6.49,6.54,6.53,502234,473688080.0,0.34,0.15
2016-08-25,平安银行,000001,6.51,6.54,6.43,6.53,6.52,617390,580648480.0,0.42,0.15
2016-08-24,平安银行,000001,6.5,6.52,6.47,6.52,6.49,732281,688971680.0,0.5,0.46
2016-08-23,平安银行,000001,6.47,6.54,6.46,6.49,6.49,890657,838185904.0,0.61,0.0
2016-08-22,平安银行,000001,6.59,6.6,6.45,6.49,6.6,979433,922426432.0,0.67,-1.67
2016-08-19,平安银行,000001,6.58,6.61,6.52,6.6,6.59,505335,478779728.0,0.35,0.15
2016-08-18,平安银行,000001,6.65,6.68,6.52,6.59,6.64,691504,658183952.0,0.47,-0.75
2016-08-17,平安银行,000001,6.61,6.69,6.57,6.64,6.61,560725,534926048.0,0.38,0.45
2016-08-16,平安银行,000001,6.77,6.77,6.55,6.61,6.77,1099559,1050479552.0,0.75,-2.36
2016-08-15,平安银行,000001,6.64,6.89,6.6,6.77,6.59,1897552,1835196864.0,1.3,2.73
2016-08-12,平安银行,000001,6.29,6.62,6.27,6.59,6.31,1370022,1282336288.0,0.94,4.44
2016-08-11,平安银行,000001,6.23,6.44,6.22,6.31,6.23,935576,866594864.0,0.64,1.28
2016-08-10,平安银行,000001,6.24,6.27,6.21,6.23,6.24,436655,399656992.0,0.3,-0.16
2016-08-09,平安银行,000001,6.18,6.24,6.16,6.24,6.2,415676,378720688.0,0.28,0.65
2016-08-08,平安银行,000001,6.13,6.2,6.1,6.2,6.13,398479,361191040.0,0.27,1.14
2016-08-05,平安银行,000001,6.08,6.16,6.04,6.13,6.08,725948,654998096.0,0.5,0.82
2016-08-04,平安银行,000001,6.26,6.27,6.02,6.08,6.27,1344462,1210346976.0,0.92,-3.03
2016-08-03,平安银行,000001,6.3,6.31,6.24,6.27,6.34,424622,389817536.0,0.29,-1.1
2016-08-02,平安银行,000001,6.33,6.35,6.26,6.34,6.37,449165,413484592.0,0.31,-0.47
2016-08-01,平安银行,000001,6.27,6.43,6.26,6.37,6.29,759324,702466624.0,0.52,1.27
2016-07-29,平安银行,000001,6.17,6.33,6.12,6.29,6.17,671425,614972672.0,0.46,1.94
2016-07-28,平安银行,000001,6.07,6.2,6.06,6.17,6.1,479910,434490544.0,0.33,1.15
2016-07-27,平安银行,000001,6.21,6.26,6.0,6.1,6.2,818678,741263296.0,0.56,-1.61
2016-07-26,平安银行,000001,6.06,6.21,6.06,6.2,6.07,546557,494506416.0,0.37,2.14
2016-07-25,平安银行,000001,6.02,6.07,6.0,6.07,6.03,264683,236937494.0,0.18,0.66
2016-07-22,平安银行,000001,6.08,6.08,6.01,6.03,6.08,295550,264379250.0,0.2,-0.82
2016-07-21,平安银行,000001,6.04,6.1,6.04,6.08,6.05,340261,305710336.0,0.23,0.5
2016-07-20,平安银行,000001,6.05,6.08,6.04,6.05,6.06,310926,278737200.0,0.21,-0.17
2016-07-19,平安银行,000001,6.13,6.14,6.04,6.06,6.13,362788,326046528.0,0.25,-1.14
2016-07-18,平安银行,000001,6.08,6.17,6.06,6.13,6.08,506935,457358032.0,0.35,0.82
2016-07-15,平安银行,000001,6.04,6.09,6.0,6.08,6.03,352034,315555248.0,0.24,0.83
2016-07-14,平安银行,000001,6.06,6.09,6.0,6.03,6.08,359699,321889344.0,0.25,-0.82
2016-07-13,平安银行,000001,5.97,6.14,5.95,6.08,5.97,798289,716797024.0,0.55,1.84
2016-07-12,平安银行,000001,5.84,5.98,5.83,5.97,5.84,711832,627505584.0,0.49,2.23
2016-07-11,平安银行,000001,5.84,5.88,5.83,5.84,5.83,365373,320333760.0,0.25,0.17
2016-07-08,平安银行,000001,5.88,5.88,5.82,5.83,5.87,261342,228778674.0,0.18,-0.68
2016-07-07,平安银行,000001,5.88,5.89,5.83,5.87,5.88,312853,274337184.0,0.21,-0.17
2016-07-06,平安银行,000001,5.89,5.91,5.85,5.88,5.9,322950,283827376.0,0.22,-0.34
2016-07-05,平安银行,000001,5.89,5.92,5.86,5.9,5.9,422037,371422816.0,0.29,0.0
2016-07-04,平安银行,000001,5.78,5.95,5.76,5.9,5.8,608257,534656912.0,0.42,1.72
2016-07-01,平安银行,000001,5.78,5.82,5.77,5.8,5.79,348930,303652368.0,0.24,0.17
2016-06-30,平安银行,000001,5.78,5.83,5.75,5.79,5.78,362205,315051856.0,0.25,0.17
2016-06-29,平安银行,000001,5.72,5.78,5.71,5.78,5.72,369612,319908688.0,0.25,1.05
2016-06-28,平安银行,000001,5.67,5.73,5.65,5.72,5.7,336519,289122208.0,0.23,0.35
2016-06-27,平安银行,000001,5.66,5.73,5.63,5.7,5.66,325214,280044080.0,0.22,0.71
2016-06-24,平安银行,000001,5.73,5.79,5.61,5.66,5.75,427664,367771056.0,0.29,-1.57
2016-06-23,平安银行,000001,5.76,5.79,5.72,5.75,5.82,335614,290490400.0,0.23,-1.2
2016-06-22,平安银行,000001,5.69,5.82,5.67,5.82,5.7,478002,413947376.0,0.33,2.11
2016-06-21,平安银行,000001,5.7,5.74,5.67,5.7,5.69,380750,327940704.0,0.26,0.18
2016-06-20,平安银行,000001,5.68,5.69,5.65,5.69,5.67,270732,232205297.0,0.19,0.35
2016-06-17,平安银行,000001,5.66,5.7,5.63,5.67,5.66,315173,270236704.0,0.22,0.18
2016-06-16,平安银行,000001,5.66,5.69,5.62,5.66,5.66,386670,331192448.0,0.26,0.0
2016-06-15,平安银行,000001,5.57,5.69,5.56,5.66,5.63,378172,394033680.0,0.31,0.53
2016-06-14,平安银行,000001,5.58,5.63,5.56,5.63,5.57,273637,283578304.0,0.22,1.08
2016-06-13,平安银行,000001,5.68,5.68,5.57,5.57,5.71,344817,358996272.0,0.28,-2.45
2016-06-08,平安银行,000001,5.74,5.74,5.68,5.71,5.73,268188,281651744.0,0.22,-0.35
2016-06-07,平安银行,000001,5.73,5.73,5.69,5.73,5.72,229282,240887148.0,0.19,0.17
2016-06-06,平安银行,000001,5.72,5.73,5.67,5.72,5.71,338332,354998368.0,0.28,0.18
2016-06-03,平安银行,000001,5.68,5.73,5.63,5.71,5.68,423389,443039584.0,0.35,0.53
2016-06-02,平安银行,000001,5.68,5.69,5.64,5.68,5.69,293036,306269376.0,0.24,-0.18
2016-06-01,平安银行,000001,5.72,5.75,5.66,5.69,5.75,556751,584161152.0,0.46,-1.04
2016-05-31,平安银行,000001,5.51,5.77,5.51,5.75,5.53,946467,991668176.0,0.78,3.98
2016-05-30,平安银行,000001,5.5,5.53,5.46,5.53,5.52,380947,390119744.0,0.31,0.18
2016-05-27,平安银行,000001,5.48,5.53,5.45,5.52,5.48,222819,228377555.0,0.18,0.73
2016-05-26,平安银行,000001,5.48,5.52,5.43,5.48,5.48,261397,266736775.0,0.21,0.0
2016-05-25,平安银行,000001,5.5,5.53,5.45,5.48,5.47,204235,209019882.0,0.17,0.18
2016-05-24,平安银行,000001,5.52,5.53,5.45,5.47,5.53,259294,265042286.0,0.21,-1.08
2016-05-23,平安银行,000001,5.57,5.58,5.5,5.53,5.54,323647,333300176.0,0.27,-0.18
2016-05-20,平安银行,000001,5.49,5.57,5.45,5.54,5.5,206704,212277642.0,0.18,0.73
2016-05-19,平安银行,000001,5.52,5.56,5.5,5.5,5.54,170778,175591500.0,0.14,-0.72
2016-05-18,平安银行,000001,5.53,5.56,5.43,5.54,5.54,534151,547076640.0,0.45,0.0
2016-05-17,平安银行,000001,5.59,5.6,5.49,5.54,5.59,250424,257859628.0,0.21,-0.89
2016-05-16,平安银行,000001,5.56,5.59,5.5,5.59,5.58,215225,221931208.0,0.18,0.18
2016-05-13,平安银行,000001,5.58,5.63,5.57,5.58,5.61,184266,191007255.0,0.16,-0.53
2016-05-12,平安银行,000001,5.55,5.63,5.5,5.61,5.6,325886,336792704.0,0.28,0.18
2016-05-11,平安银行,000001,5.54,5.66,5.54,5.6,5.53,327290,339005280.0,0.28,1.27
2016-05-10,平安银行,000001,5.58,5.6,5.52,5.53,5.58,292600,301767200.0,0.25,-0.9
2016-05-09,平安银行,000001,5.71,5.73,5.56,5.58,5.73,411171,428356624.0,0.35,-2.62
2016-05-06,平安银行,000001,5.9,5.9,5.73,5.73,5.89,346545,367408592.0,0.29,-2.72
2016-05-05,平安银行,000001,5.87,5.89,5.83,5.89,5.89,239517,256002095.0,0.2,0.0
2016-05-04,平安银行,000001,5.86,5.92,5.84,5.89,5.86,412436,441848160.0,0.35,0.51
2016-05-03,平安银行,000001,5.78,5.89,5.73,5.86,5.77,489102,521137504.0,0.41,1.56
2016-04-29,平安银行,000001,5.83,5.83,5.75,5.77,5.84,404978,428582160.0,0.34,-1.2
2016-04-28,平安银行,000001,5.78,5.93,5.74,5.84,5.77,457460,487261216.0,0.39,1.21
2016-04-27,平安银行,000001,5.78,5.8,5.73,5.77,5.78,239554,253308584.0,0.2,-0.17
2016-04-26,平安银行,000001,5.69,5.79,5.68,5.78,5.71,291699,306962512.0,0.25,1.23
2016-04-25,平安银行,000001,5.76,5.76,5.64,5.71,5.75,349258,366533376.0,0.3,-0.7
2016-04-22,平安银行,000001,5.68,5.81,5.63,5.75,5.72,359677,379176144.0,0.3,0.52
2016-04-21,平安银行,000001,5.73,5.82,5.67,5.72,5.73,558799,588731552.0,0.47,-0.17
2016-04-20,平安银行,000001,5.93,5.94,5.59,5.73,5.93,606586,640149680.0,0.51,-3.37
2016-04-19,平安银行,000001,5.93,5.97,5.88,5.93,5.9,218240,234479844.0,0.18,0.51
2016-04-18,平安银行,000001,5.98,6.0,5.9,5.9,6.03,350654,377791440.0,0.3,-2.16
2016-04-15,平安银行,000001,5.99,6.08,5.96,6.03,5.99,497224,541052864.0,0.42,0.67
2016-04-14,平安银行,000001,6.03,6.04,5.95,5.99,5.97,323646,350702736.0,0.27,0.34
2016-04-13,平安银行,000001,5.9,6.1,5.88,5.97,5.85,856760,929858592.0,0.73,2.05
2016-04-12,平安银行,000001,5.88,5.88,5.81,5.85,5.89,298600,318538000.0,0.25,-0.68
2016-04-11,平安银行,000001,5.79,5.96,5.79,5.89,5.77,786386,840486352.0,0.67,2.08
2016-04-08,平安银行,000001,5.75,5.85,5.71,5.77,5.78,376554,397998240.0,0.32,-0.17
2016-04-07,平安银行,000001,5.89,5.9,5.78,5.78,5.89,377720,401949056.0,0.32,-1.87
2016-04-06,平安银行,000001,5.86,5.92,5.8,5.89,5.88,435260,464962432.0,0.37,0.17
2016-04-05,平安银行,000001,5.81,5.97,5.71,5.88,5.84,592309,632378864.0,0.5,0.68
2016-04-01,平安银行,000001,5.81,5.87,5.71,5.84,5.83,369342,391830400.0,0.31,0.17
2016-03-31,平安银行,000001,5.88,5.92,5.83,5.83,5.88,418388,447266288.0,0.35,-0.85
2016-03-30,平安银行,000001,5.69,5.88,5.68,5.88,5.65,539700,572627424.0,0.46,4.07
2016-03-29,平安银行,000001,5.72,5.73,5.61,5.65,5.69,318318,332422400.0,0.27,-0.7
2016-03-28,平安银行,000001,5.81,5.83,5.67,5.69,5.78,358621,378973328.0,0.3,-1.56
2016-03-25,平安银行,000001,5.72,5.79,5.71,5.78,5.73,237070,250338489.0,0.2,0.87
2016-03-24,平安银行,000001,5.8,5.82,5.71,5.73,5.88,372406,393411552.0,0.32,-2.55
2016-03-23,平安银行,000001,5.88,5.93,5.8,5.88,5.89,430278,458963280.0,0.36,-0.17
2016-03-22,平安银行,000001,5.93,6.08,5.87,5.89,5.96,625482,675406608.0,0.53,-1.17
2016-03-21,平安银行,000001,5.75,6.01,5.75,5.96,5.74,920433,987764464.0,0.78,3.83
2016-03-18,平安银行,000001,5.64,5.77,5.63,5.74,5.64,797216,836565552.0,0.68,1.77
2016-03-17,平安银行,000001,5.59,5.69,5.54,5.64,5.58,610996,635181312.0,0.52,1.08
2016-03-16,平安银行,000001,5.52,5.67,5.5,5.58,5.56,664886,690087712.0,0.56,0.36
2016-03-15,平安银行,000001,5.53,5.59,5.43,5.56,5.51,417920,428786688.0,0.35,0.91
2016-03-14,平安银行,000001,5.47,5.68,5.47,5.51,5.43,655158,679161312.0,0.56,1.47
2016-03-11,平安银行,000001,5.38,5.48,5.33,5.43,5.42,383737,389638928.0,0.33,0.18
2016-03-10,平安银行,000001,5.49,5.58,5.4,5.42,5.43,474020,486414240.0,0.4,-0.18
2016-03-09,平安银行,000001,5.41,5.48,5.33,5.43,5.53,325901,330124896.0,0.28,-1.81
2016-03-08,平安银行,000001,5.59,5.59,5.24,5.53,5.58,643156,650471600.0,0.54,-0.9
2016-03-07,平安银行,000001,5.58,5.7,5.54,5.58,5.63,606353,630155600.0,0.51,-0.89
2016-03-04,平安银行,000001,5.37,5.71,5.35,5.63,5.38,1381249,1429273056.0,1.17,4.65
2016-03-03,平安银行,000001,5.37,5.44,5.33,5.38,5.38,553089,559045200.0,0.47,0.0
2016-03-02,平安银行,000001,5.08,5.4,5.06,5.38,5.04,676614,673626224.0,0.57,6.75
2016-03-01,平安银行,000001,4.98,5.1,4.94,5.04,4.93,377911,365149008.0,0.32,2.23
2016-02-29,平安银行,000001,5.12,5.13,4.81,4.93,5.12,566896,542183968.0,0.48,-3.71
2016-02-26,平安银行,000001,5.1,5.15,5.01,5.12,5.02,392154,382634656.0,0.33,1.99
2016-02-25,平安银行,000001,5.39,5.4,4.96,5.02,5.42,622073,615004736.0,0.53,-7.38
2016-02-24,平安银行,000001,5.34,5.42,5.3,5.42,5.39,300104,302498032.0,0.25,0.56
2016-02-23,平安银行,000001,5.53,5.53,5.33,5.39,5.53,425874,432315312.0,0.36,-2.53
2016-02-22,平安银行,000001,5.4,5.55,5.34,5.53,5.33,617739,630251520.0,0.52,3.75
2016-02-19,平安银行,000001,5.37,5.41,5.28,5.33,5.37,318898,320939648.0,0.27,-0.74
2016-02-18,平安银行,000001,5.44,5.48,5.37,5.37,5.42,406178,412337568.0,0.34,-0.92
2016-02-17,平安银行,000001,5.32,5.48,5.28,5.42,5.3,585167,590538912.0,0.5,2.26
2016-02-16,平安银行,000001,5.16,5.32,5.15,5.3,5.12,428386,427507776.0,0.36,3.52
2016-02-15,平安银行,000001,5.01,5.17,5.0,5.12,5.23,278499,271173376.0,0.24,-2.1
2016-02-05,平安银行,000001,5.26,5.27,5.22,5.23,5.25,270893,269184384.0,0.23,-0.38
2016-02-04,平安银行,000001,5.2,5.29,5.19,5.25,5.17,373099,370586192.0,0.32,1.55
2016-02-03,平安银行,000001,5.17,5.2,5.1,5.17,5.25,274572,269997840.0,0.23,-1.52
2016-02-02,平安银行,000001,5.13,5.32,5.11,5.25,5.13,369104,367360496.0,0.31,2.34
2016-02-01,平安银行,000001,5.28,5.3,5.08,5.13,5.29,417732,412635648.0,0.35,-3.02
2016-01-29,平安银行,000001,5.08,5.36,5.03,5.29,5.03,544436,540544464.0,0.46,5.17
2016-01-28,平安银行,000001,5.14,5.2,5.0,5.03,5.19,302541,296055312.0,0.26,-3.08
2016-01-27,平安银行,000001,5.23,5.28,4.96,5.19,5.18,569037,558510640.0,0.48,0.19
2016-01-26,平安银行,000001,5.56,5.56,5.18,5.18,5.6,647901,653561600.0,0.55,-7.5
2016-01-25,平安银行,000001,5.63,5.66,5.57,5.6,5.63,376432,390734880.0,0.32,-0.53
2016-01-22,平安银行,000001,5.63,5.67,5.48,5.63,5.56,466752,482984448.0,0.4,1.26
2016-01-21,平安银行,000001,5.69,5.92,5.56,5.56,5.74,606145,638127872.0,0.51,-3.14
2016-01-20,平安银行,000001,5.88,5.96,5.66,5.74,5.88,603753,640968944.0,0.51,-2.38
2016-01-19,平安银行,000001,5.67,5.94,5.63,5.88,5.63,501109,532074704.0,0.42,4.44
2016-01-18,平安银行,000001,5.58,5.76,5.54,5.63,5.68,421041,439917824.0,0.36,-0.88
2016-01-15,平安银行,000001,5.84,5.96,5.64,5.68,5.93,448202,474908144.0,0.38,-4.22
2016-01-14,平安银行,000001,5.78,5.96,5.69,5.93,5.88,666315,708535008.0,0.56,0.85
2016-01-13,平安银行,000001,6.03,6.08,5.88,5.88,5.97,391709,424371696.0,0.33,-1.51
2016-01-12,平安银行,000001,5.98,6.05,5.83,5.97,5.93,561642,605970832.0,0.48,0.67
2016-01-11,平安银行,000001,6.13,6.19,5.86,5.93,6.23,732014,800683648.0,0.62,-4.82
2016-01-08,平安银行,000001,6.3,6.37,6.04,6.23,6.08,747528,831334544.0,0.63,2.47
2016-01-07,平安银行,000001,6.47,6.47,6.05,6.08,6.57,174761,194869493.0,0.15,-7.46
2016-01-06,平安银行,000001,6.48,6.59,6.45,6.57,6.46,515706,591698528.0,0.44,1.7
2016-01-05,平安银行,000001,6.35,6.6,6.25,6.46,6.4,663270,755531360.0,0.56,0.94
2016-01-04,平安银行,000001,6.96,6.98,6.32,6.4,6.95,563498,660376160.0,0.48,-7.91
2015-12-31,平安银行,000001,7.04,7.07,6.94,6.95,7.04,491259,591643584.0,0.42,-1.28
2015-12-30,平安银行,000001,7.03,7.05,6.92,7.04,7.03,532667,641277264.0,0.45,0.14
2015-12-29,平安银行,000001,6.95,7.04,6.93,7.03,6.94,619802,744718416.0,0.53,1.3
2015-12-28,平安银行,000001,7.32,7.34,6.94,6.94,7.3,822409,1003010208.0,0.7,-4.93
2015-12-25,平安银行,000001,7.28,7.35,7.23,7.3,7.24,399845,495638048.0,0.34,0.83
2015-12-24,平安银行,000001,7.34,7.43,7.16,7.24,7.36,640230,791975824.0,0.54,-1.63
2015-12-23,平安银行,000001,7.35,7.61,7.29,7.36,7.32,1039018,1302341536.0,0.88,0.55
2015-12-22,平安银行,000001,7.38,7.48,7.28,7.32,7.38,698091,870121728.0,0.59,-0.81
2015-12-21,平安银行,000001,7.08,7.56,7.05,7.38,7.15,1281142,1595741312.0,1.09,3.22
2015-12-18,平安银行,000001,6.98,7.42,6.98,7.15,7.02,1022945,1257360352.0,0.87,1.85
2015-12-17,平安银行,000001,6.93,7.08,6.93,7.02,6.87,648275,780891808.0,0.55,2.18
2015-12-16,平安银行,000001,6.94,6.97,6.86,6.87,6.89,392763,468510256.0,0.33,-0.29
2015-12-15,平安银行,000001,6.98,7.03,6.84,6.89,7.02,364487,436557696.0,0.31,-1.85
2015-12-14,平安银行,000001,6.73,7.05,6.72,7.02,6.82,587237,698791984.0,0.5,2.93
2015-12-11,平安银行,000001,6.88,6.89,6.73,6.82,6.93,379508,448800944.0,0.32,-1.59
2015-12-10,平安银行,000001,6.92,7.08,6.88,6.93,6.95,417604,502326080.0,0.35,-0.29
2015-12-09,平安银行,000001,6.89,7.06,6.88,6.95,6.93,429384,515596480.0,0.36,0.29
2015-12-08,平安银行,000001,7.02,7.03,6.88,6.93,7.08,503102,602568624.0,0.43,-2.12
2015-12-07,平安银行,000001,7.11,7.17,6.99,7.08,7.06,402793,488370704.0,0.34,0.28
2015-12-04,平安银行,000001,7.22,7.28,7.03,7.06,7.33,764532,934906576.0,0.65,-3.68
2015-12-03,平安银行,000001,7.28,7.58,7.17,7.33,7.38,1425977,1786008976.0,1.21,-0.68
2015-12-02,平安银行,000001,6.71,7.49,6.68,7.38,6.75,1615761,1978750512.0,1.37,9.33
2015-12-01,平安银行,000001,6.71,6.84,6.55,6.75,6.74,680254,793118208.0,0.58,0.15
2015-11-30,平安银行,000001,6.73,6.85,6.54,6.74,6.73,658494,770221392.0,0.56,0.15
2015-11-27,平安银行,000001,7.11,7.13,6.57,6.73,7.15,728026,867702432.0,0.62,-5.87
2015-11-26,平安银行,000001,7.26,7.28,7.13,7.15,7.23,552210,679692128.0,0.47,-1.11
2015-11-25,平安银行,000001,7.13,7.27,7.1,7.23,7.19,513463,629507056.0,0.43,0.56
2015-11-24,平安银行,000001,7.3,7.33,7.09,7.19,7.33,664215,812675936.0,0.56,-1.91
2015-11-23,平安银行,000001,7.42,7.46,7.28,7.33,7.42,607975,760493344.0,0.52,-1.21
2015-11-20,平安银行,000001,7.38,7.45,7.31,7.42,7.38,598036,747487168.0,0.51,0.54
2015-11-19,平安银行,000001,7.29,7.38,7.23,7.38,7.31,471121,585570976.0,0.4,0.96
2015-11-18,平安银行,000001,7.34,7.54,7.22,7.31,7.38,793705,991513840.0,0.67,-0.95
2015-11-17,平安银行,000001,7.3,7.54,7.26,7.38,7.24,1046487,1315319792.0,0.89,1.93
2015-11-16,平安银行,000001,7.07,7.28,7.03,7.24,7.16,559849,685977376.0,0.47,1.12
2015-11-13,平安银行,000001,7.14,7.36,7.12,7.16,7.29,587555,722252992.0,0.5,-1.78
2015-11-12,平安银行,000001,7.46,7.5,7.19,7.29,7.42,671140,833753296.0,0.57,-1.75
2015-11-11,平安银行,000001,7.54,7.61,7.28,7.42,7.58,1021735,1280174416.0,0.87,-2.11
2015-11-10,平安银行,000001,7.63,7.85,7.47,7.58,7.74,1125028,1438707536.0,0.95,-2.07
2015-11-09,平安银行,000001,7.38,8.11,7.34,7.74,7.28,2413888,3137641552.0,2.04,6.32
2015-11-06,平安银行,000001,6.98,7.3,6.89,7.28,7.02,1463195,1781331280.0,1.24,3.7
2015-11-05,平安银行,000001,6.63,7.43,6.58,7.02,6.7,2292190,2780266752.0,1.94,4.78
2015-11-04,平安银行,000001,6.19,6.71,6.17,6.7,6.17,1307244,1493255536.0,1.11,8.59
2015-11-03,平安银行,000001,6.25,6.3,6.13,6.17,6.24,391265,434818768.0,0.33,-1.12
2015-11-02,平安银行,000001,6.35,6.39,6.21,6.24,6.43,484436,544000192.0,0.41,-2.95
2015-10-30,平安银行,000001,6.38,6.48,6.35,6.43,6.35,535931,607980992.0,0.45,1.26
2015-10-29,平安银行,000001,6.38,6.43,6.33,6.35,6.35,316704,357830448.0,0.27,0.0
2015-10-28,平安银行,000001,6.51,6.53,6.33,6.35,6.53,544811,619790800.0,0.46,-2.76
2015-10-27,平安银行,000001,6.54,6.66,6.41,6.53,6.56,580436,664648832.0,0.49,-0.46
2015-10-26,平安银行,000001,6.63,6.8,6.49,6.56,6.52,1085918,1260872032.0,0.92,0.61
2015-10-23,平安银行,000001,6.45,6.57,6.41,6.52,6.4,937425,1073981536.0,0.79,1.88
2015-10-22,平安银行,000001,6.33,6.46,6.28,6.4,6.31,822806,928960032.0,0.7,1.43
2015-10-21,平安银行,000001,6.37,6.75,6.28,6.31,6.39,1332629,1523591984.0,1.13,-1.25
2015-10-20,平安银行,000001,6.29,6.44,6.28,6.39,6.34,715163,807642384.0,0.61,0.79
2015-10-19,平安银行,000001,6.35,6.42,6.25,6.34,6.32,723372,814910976.0,0.61,0.32
2015-10-16,平安银行,000001,6.3,6.38,6.26,6.32,6.27,570001,640488896.0,0.48,0.8
2015-10-15,平安银行,000001,6.08,6.27,6.08,6.27,6.11,485901,539103664.0,0.41,2.62
2015-10-14,平安银行,000001,6.16,6.25,6.08,6.11,6.23,418981,462963472.0,0.35,-1.93
2015-10-13,平安银行,000001,6.29,6.34,6.2,6.23,6.32,359798,401600928.0,0.3,-1.42
2015-10-12,平安银行,000001,6.09,6.44,6.05,6.32,6.04,849665,950602304.0,0.72,4.64
2015-10-09,平安银行,000001,5.92,6.08,5.89,6.04,5.88,474612,516310496.0,0.4,2.72
2015-10-08,平安银行,000001,6.0,6.03,5.88,5.88,5.7,494071,533806128.0,0.42,3.16
2015-09-30,平安银行,000001,5.63,5.78,5.62,5.7,5.61,364660,383230176.0,0.31,1.6
2015-09-29,平安银行,000001,5.67,5.76,5.56,5.61,5.73,333604,347612304.0,0.28,-2.09
2015-09-28,平安银行,000001,5.76,5.78,5.65,5.73,5.75,199087,209186171.0,0.17,-0.35
2015-09-25,平安银行,000001,5.87,5.88,5.67,5.75,5.88,446421,471537648.0,0.38,-2.21
2015-09-24,平安银行,000001,5.93,5.97,5.85,5.88,5.88,258633,277274192.0,0.22,0.0
2015-09-23,平安银行,000001,6.01,6.05,5.86,5.88,6.09,371151,399583552.0,0.31,-3.45
2015-09-22,平安银行,000001,5.98,6.18,5.98,6.09,5.98,492956,541007296.0,0.42,1.84
2015-09-21,平安银行,000001,5.88,6.03,5.83,5.98,5.97,386111,416851088.0,0.33,0.17
2015-09-18,平安银行,000001,5.99,6.09,5.9,5.97,5.93,318273,345063776.0,0.27,0.67
2015-09-17,平安银行,000001,6.0,6.24,5.93,5.93,6.04,620799,682338192.0,0.53,-1.82
2015-09-16,平安银行,000001,5.78,6.19,5.73,6.04,5.77,569244,612767024.0,0.48,4.68
2015-09-15,平安银行,000001,5.87,6.0,5.71,5.77,6.02,542839,579042240.0,0.46,-4.15
2015-09-14,平安银行,000001,6.12,6.13,5.67,6.02,6.09,756453,813927120.0,0.64,-1.15
2015-09-11,平安银行,000001,6.14,6.23,6.03,6.09,6.17,426451,469297504.0,0.36,-1.3
2015-09-10,平安银行,000001,6.13,6.28,6.08,6.17,6.21,465206,514578384.0,0.39,-0.64
2015-09-09,平安银行,000001,6.15,6.28,6.03,6.21,6.13,851074,940582960.0,0.72,1.31
2015-09-08,平安银行,000001,6.03,6.25,5.78,6.13,6.03,747292,815241856.0,0.63,1.66
2015-09-07,平安银行,000001,6.58,6.59,6.03,6.03,6.83,1376111,1544055072.0,1.17,-11.71
2015-09-02,平安银行,000001,6.28,6.96,6.18,6.83,6.6,2815747,3273803296.0,2.39,3.48
2015-09-01,平安银行,000001,6.04,6.63,5.8,6.6,6.18,2657661,3003860704.0,2.25,6.8
2015-08-31,平安银行,000001,5.88,6.18,5.69,6.18,5.98,1464297,1578261440.0,1.24,3.34
2015-08-28,平安银行,000001,6.03,6.2,5.75,5.98,5.96,1608030,1728745632.0,1.36,0.34
2015-08-27,平安银行,000001,5.43,6.04,5.18,5.96,5.22,1849236,1912163264.0,1.57,14.18
2015-08-26,平安银行,000001,4.96,5.48,4.71,5.22,4.84,2491920,2460482144.0,2.11,7.85
2015-08-25,平安银行,000001,5.17,5.58,4.73,4.84,5.58,2192334,2122788592.0,1.86,-13.26
2015-08-24,平安银行,000001,6.21,6.27,5.58,5.58,6.54,1518030,1601529040.0,1.29,-14.68
2015-08-21,平安银行,000001,6.88,6.95,6.51,6.54,7.0,933368,1095668272.0,0.79,-6.57
2015-08-20,平安银行,000001,7.1,7.1,6.88,7.0,7.15,677634,815652768.0,0.57,-2.1
2015-08-19,平安银行,000001,7.04,7.15,6.88,7.15,7.18,958894,1157078544.0,0.81,-0.42
2015-08-18,平安银行,000001,7.38,7.58,6.92,7.18,7.41,1176324,1459671040.0,1.0,-3.1
2015-08-17,平安银行,000001,7.47,7.53,7.33,7.41,7.49,679643,852588992.0,0.58,-1.07
2015-08-14,平安银行,000001,7.53,7.58,7.44,7.49,7.43,823789,1043762736.0,0.7,0.81
2015-08-13,平安银行,000001,7.38,7.52,7.31,7.43,7.43,606344,760265712.0,0.51,0.0
2015-08-12,平安银行,000001,7.53,7.6,7.43,7.43,7.66,686822,869580816.0,0.58,-3.0
2015-08-11,平安银行,000001,7.72,7.75,7.62,7.66,7.73,828493,1065323952.0,0.7,-0.91
2015-08-10,平安银行,000001,7.51,7.78,7.42,7.73,7.47,1053112,1346325152.0,0.89,3.48
2015-08-07,平安银行,000001,7.47,7.56,7.41,7.47,7.4,622010,785501392.0,0.53,0.95
2015-08-06,平安银行,000001,7.38,7.57,7.32,7.4,7.45,450218,567208512.0,0.38,-0.67
2015-08-05,平安银行,000001,7.63,7.75,7.43,7.45,7.68,551802,704539360.0,0.47,-2.99
2015-08-04,平安银行,000001,7.6,7.78,7.45,7.68,7.64,774938,988843504.0,0.66,0.52
2015-08-03,平安银行,000001,7.13,7.67,7.08,7.64,7.26,1405123,1757739728.0,1.19,5.23
2015-07-31,平安银行,000001,7.09,7.31,6.98,7.26,7.18,1202747,1472860288.0,1.02,1.11
2015-07-30,平安银行,000001,7.47,7.49,7.15,7.18,7.46,770279,962337456.0,0.65,-3.75
2015-07-29,平安银行,000001,7.46,7.48,7.28,7.46,7.48,971683,1210759104.0,0.82,-0.27
2015-07-28,平安银行,000001,7.12,7.59,7.08,7.48,7.33,2011201,2509971536.0,1.7,2.05
2015-07-27,平安银行,000001,8.0,8.06,6.99,7.33,8.11,1787859,2289450160.0,1.51,-9.62
2015-07-24,平安银行,000001,8.36,8.38,8.06,8.11,8.35,1339310,1815658960.0,1.13,-2.87
2015-07-23,平安银行,000001,8.18,8.42,8.13,8.35,8.23,1483696,2022035344.0,1.26,1.46
2015-07-22,平安银行,000001,8.2,8.24,8.08,8.23,8.27,1138091,1528783824.0,0.96,-0.48
2015-07-21,平安银行,000001,8.22,8.33,8.11,8.27,8.29,1131644,1529148272.0,0.96,-0.24
2015-07-20,平安银行,000001,8.46,8.46,8.23,8.29,8.48,1358683,1852316448.0,1.15,-2.24
2015-07-17,平安银行,000001,8.34,8.58,8.23,8.48,8.29,1680638,2304999344.0,1.42,2.29
2015-07-16,平安银行,000001,8.29,8.43,8.14,8.29,8.28,1388940,1884221632.0,1.18,0.12
2015-07-15,平安银行,000001,8.34,8.59,8.13,8.28,8.52,1626423,2225696912.0,1.38,-2.82
2015-07-14,平安银行,000001,8.79,8.94,8.22,8.52,8.99,2580230,3608580672.0,2.19,-5.23
2015-07-13,平安银行,000001,8.96,9.37,8.73,8.99,9.34,3268196,4737400576.0,2.77,-3.75
2015-07-10,平安银行,000001,8.5,9.76,8.3,9.34,8.84,4650988,6891581184.0,3.94,5.66
2015-07-09,平安银行,000001,7.95,8.99,7.05,8.84,7.95,4344355,5904698624.0,3.68,11.19
2015-07-08,平安银行,000001,8.47,8.63,7.95,7.95,9.17,4996697,6762103296.0,4.23,-13.3
2015-07-07,平安银行,000001,8.34,9.17,7.97,9.17,8.53,4808312,6808003840.0,4.07,7.5
2015-07-06,平安银行,000001,8.88,8.88,8.03,8.53,7.85,3381527,4660186368.0,2.86,8.66
2015-07-03,平安银行,000001,8.61,8.62,7.62,7.85,8.42,2597458,3473335632.0,2.2,-6.77
2015-07-02,平安银行,000001,8.54,8.88,8.11,8.42,8.56,1982826,2762337232.0,1.68,-1.64
2015-07-01,平安银行,000001,8.92,9.12,8.41,8.56,9.08,1835406,2629096352.0,1.55,-5.73
2015-06-30,平安银行,000001,8.24,9.08,8.11,9.08,8.26,2548103,3572978448.0,2.16,9.93
2015-06-29,平安银行,000001,8.69,8.75,7.58,8.26,8.43,2612943,3570319312.0,2.21,-2.02
2015-06-26,平安银行,000001,9.16,9.42,8.11,8.43,9.35,2555322,3623880480.0,2.16,-9.84
2015-06-25,平安银行,000001,9.94,9.98,9.26,9.35,9.56,2079165,3179774400.0,1.76,-2.2
2015-06-24,平安银行,000001,9.46,9.57,9.21,9.56,9.42,1531996,2290363600.0,1.3,1.49
2015-06-23,平安银行,000001,9.16,9.43,8.72,9.42,9.15,1805488,2643179920.0,1.53,2.95
2015-06-19,平安银行,000001,9.67,9.78,9.04,9.15,9.78,1565520,2345768672.0,1.33,-6.44
2015-06-18,平安银行,000001,10.03,10.03,9.47,9.78,10.07,1602555,2468466176.0,1.36,-2.88
2015-06-17,平安银行,000001,10.15,10.2,9.83,10.07,9.99,1715942,2689990224.0,1.45,0.8
2015-06-16,平安银行,000001,10.13,10.34,9.88,9.99,10.23,1812180,2858213728.0,1.54,-2.35
2015-06-15,平安银行,000001,10.73,10.79,10.21,10.23,10.72,2192177,3547149536.0,1.86,-4.57
2015-06-12,平安银行,000001,10.69,10.82,10.55,10.72,10.69,1903389,3131996560.0,1.61,0.28
2015-06-11,平安银行,000001,10.86,10.93,10.58,10.69,10.86,1706960,2811189680.0,1.45,-1.57
2015-06-10,平安银行,000001,10.96,11.07,10.73,10.86,11.11,2198387,3679460608.0,1.86,-2.25
2015-06-09,平安银行,000001,11.43,11.5,10.86,11.11,11.37,3286968,5601775872.0,2.78,-2.29
2015-06-08,平安银行,000001,10.56,11.5,10.45,11.37,10.54,5086050,8596942080.0,4.31,7.87
2015-06-05,平安银行,000001,10.88,10.96,10.32,10.54,10.6,2855456,4681142528.0,2.42,-0.57
2015-06-04,平安银行,000001,10.17,10.78,10.01,10.6,10.15,3682533,5971846144.0,3.12,4.43
2015-06-03,平安银行,000001,10.1,10.25,9.88,10.15,10.1,1975232,3103860656.0,1.67,0.5
2015-06-02,平安银行,000001,10.2,10.21,9.89,10.1,10.21,1904822,2991564976.0,1.61,-1.08
2015-06-01,平安银行,000001,9.73,10.28,9.62,10.21,9.73,2158362,3365459280.0,1.83,4.93
2015-05-29,平安银行,000001,9.88,10.02,9.55,9.73,9.88,2014933,3103543664.0,1.71,-1.52
2015-05-28,平安银行,000001,10.71,10.72,9.82,9.88,10.69,2733061,4404154624.0,2.32,-7.58
2015-05-27,平安银行,000001,10.81,11.05,10.63,10.69,10.81,2341218,3888992240.0,1.98,-1.11
2015-05-26,平安银行,000001,10.82,10.88,10.53,10.81,10.79,2792209,4607493632.0,2.37,0.19
2015-05-25,平安银行,000001,10.58,10.88,10.58,10.79,10.52,2730369,4518316544.0,2.31,2.57
2015-05-22,平安银行,000001,10.22,10.54,10.14,10.52,10.12,2621908,4233675712.0,2.22,3.95
2015-05-21,平安银行,000001,10.13,10.2,9.98,10.12,10.08,1405847,2214024928.0,1.19,0.4
2015-05-20,平安银行,000001,10.3,10.42,9.96,10.08,9.95,2589667,4115472704.0,2.19,1.31
2015-05-19,平安银行,000001,9.6,10.08,9.5,9.95,9.61,1917813,2959557088.0,1.62,3.54
2015-05-18,平安银行,000001,9.63,9.75,9.43,9.61,9.83,1537084,2327558368.0,1.3,-2.24
2015-05-15,平安银行,000001,10.13,10.19,9.68,9.83,10.2,1752717,2718885232.0,1.48,-3.63
2015-05-14,平安银行,000001,10.29,10.33,10.03,10.2,10.19,1438028,2283604816.0,1.22,0.1
2015-05-13,平安银行,000001,10.44,10.5,10.08,10.19,10.26,1756562,2807445568.0,1.49,-0.68
2015-05-12,平安银行,000001,10.28,10.44,10.0,10.26,10.32,1989656,3166864480.0,1.69,-0.58
2015-05-11,平安银行,000001,10.13,10.39,9.87,10.32,10.17,2123077,3349066832.0,1.8,1.47
2015-05-08,平安银行,000001,10.05,10.28,9.88,10.17,10.02,1374468,2163108912.0,1.16,1.5
2015-05-07,平安银行,000001,10.06,10.19,9.88,10.02,10.06,1258708,1968941840.0,1.07,-0.4
2015-05-06,平安银行,000001,10.14,10.54,9.87,10.06,10.18,1949911,3107565648.0,1.65,-1.18
2015-05-05,平安银行,000001,10.63,10.73,9.88,10.18,10.73,2299342,3685372400.0,1.95,-5.13
2015-05-04,平安银行,000001,10.88,10.88,10.53,10.73,10.88,1427575,2351547456.0,1.21,-1.38
2015-04-30,平安银行,000001,10.98,11.34,10.86,10.88,10.83,2890635,4899379968.0,2.45,0.46
2015-04-29,平安银行,000001,10.84,10.92,10.46,10.83,10.88,2151188,3550493344.0,1.82,-0.46
2015-04-28,平安银行,000001,10.67,11.44,10.48,10.88,10.64,4763544,8014319360.0,4.04,2.26
2015-04-27,平安银行,000001,10.47,10.79,10.46,10.64,10.41,2460564,4027939232.0,2.08,2.21
2015-04-24,平安银行,000001,10.54,10.72,10.3,10.41,10.84,2442837,3959606496.0,2.07,-3.97
2015-04-23,平安银行,000001,11.11,11.16,10.76,10.84,11.08,2319688,3893522080.0,1.97,-2.17
2015-04-22,平安银行,000001,10.78,11.11,10.71,11.08,10.76,2773142,4640335872.0,2.35,2.97
2015-04-21,平安银行,000001,10.56,10.88,10.28,10.76,10.54,2415937,3943357056.0,2.05,2.09
2015-04-20,平安银行,000001,11.21,11.29,10.43,10.54,11.07,3447257,5776438016.0,2.92,-4.79
2015-04-17,平安银行,000001,11.54,11.54,10.96,11.07,11.13,2609523,4447333120.0,2.21,-0.54
2015-04-16,平安银行,000001,10.58,11.21,10.5,11.13,10.83,2467407,4102824560.0,2.09,2.77
2015-04-15,平安银行,000001,10.54,11.36,10.38,10.83,10.54,3417642,5746875136.0,2.9,2.75
2015-04-14,平安银行,000001,10.71,10.71,10.38,10.54,10.74,2472375,4020209600.0,2.09,-1.86
2015-04-13,平安银行,000001,11.13,11.26,10.42,10.74,10.59,4807153,8021097216.0,4.07,1.42
2015-04-10,平安银行,000001,9.34,10.59,9.23,10.59,9.34,3340210,6339648768.0,3.4,13.38
2015-04-09,平安银行,000001,9.3,10.07,9.15,9.34,9.28,3173063,5794631936.0,3.23,0.65
2015-04-08,平安银行,000001,8.6,9.39,8.4,9.28,8.51,3371646,5784459008.0,3.43,9.05
2015-04-07,平安银行,000001,8.05,8.62,8.05,8.51,7.85,2960472,4898119424.0,3.01,8.41
2015-04-03,平安银行,000001,7.74,7.91,7.68,7.85,7.81,1434941,2262844480.0,1.46,0.51
2015-04-02,平安银行,000001,8.01,8.05,7.69,7.81,7.92,1405837,2222670592.0,1.43,-1.39
2015-04-01,平安银行,000001,7.82,8.05,7.64,7.92,7.78,1643316,2608976848.0,1.67,1.8
2015-03-31,平安银行,000001,7.98,8.37,7.69,7.78,7.71,2733183,4393135104.0,2.78,0.91
2015-03-30,平安银行,000001,7.42,7.91,7.32,7.71,7.31,2582614,4014724432.0,2.63,5.47
2015-03-27,平安银行,000001,7.32,7.46,7.16,7.31,7.33,1047639,1577607056.0,1.07,-0.27
2015-03-26,平安银行,000001,7.16,7.55,7.05,7.33,7.19,1487892,2246003760.0,1.51,1.95
2015-03-25,平安银行,000001,7.45,7.48,7.18,7.19,7.5,1591468,2396614000.0,1.62,-4.13
2015-03-24,平安银行,000001,7.55,7.67,7.41,7.5,7.55,1559193,2396553392.0,1.59,-0.66
2015-03-23,平安银行,000001,7.48,7.64,7.48,7.55,7.48,1782056,2750596672.0,1.81,0.94
2015-03-20,平安银行,000001,7.39,7.64,7.3,7.48,7.39,1976394,3027315328.0,2.01,1.22
2015-03-19,平安银行,000001,7.59,7.59,7.34,7.39,7.61,1580300,2413982128.0,1.61,-2.89
2015-03-18,平安银行,000001,7.51,7.66,7.46,7.61,7.53,1831001,2823982784.0,1.86,1.06
2015-03-17,平安银行,000001,7.61,7.81,7.43,7.53,7.54,1959842,3020408704.0,1.99,-0.13
2015-03-16,平安银行,000001,7.32,7.6,7.2,7.54,7.25,2218472,3387198608.0,2.26,4.0
2015-03-13,平安银行,000001,7.19,7.68,7.12,7.25,6.98,3163988,4799935232.0,3.22,3.87
2015-03-12,平安银行,000001,6.7,7.23,6.62,6.98,6.46,3305137,4805590272.0,3.36,8.05
2015-03-11,平安银行,000001,6.42,6.62,6.42,6.46,6.4,903354,1258356128.0,0.92,0.94
2015-03-10,平安银行,000001,6.56,6.64,6.4,6.4,6.67,1385706,1927581936.0,1.41,-4.05
2015-03-09,平安银行,000001,6.19,6.8,6.09,6.67,6.17,2205324,3067985536.0,2.24,8.1
2015-03-06,平安银行,000001,6.12,6.22,6.11,6.17,6.13,557048,748959120.0,0.57,0.65
2015-03-05,平安银行,000001,6.21,6.23,6.07,6.13,6.26,828605,1109151968.0,0.84,-2.08
2015-03-04,平安银行,000001,6.3,6.37,6.21,6.26,6.28,814973,1108145424.0,0.83,-0.32
2015-03-03,平安银行,000001,6.55,6.55,6.28,6.28,6.58,1059476,1457305040.0,1.08,-4.56
2015-03-02,平安银行,000001,6.58,6.62,6.47,6.58,6.55,1018797,1423603264.0,1.04,0.46
2015-02-27,平安银行,000001,6.6,6.67,6.53,6.55,6.61,793570,1115146048.0,0.81,-0.91
2015-02-26,平安银行,000001,6.42,6.62,6.28,6.61,6.42,1025544,1424064864.0,1.04,2.96
2015-02-25,平安银行,000001,6.59,6.6,6.39,6.42,6.55,577392,799193632.0,0.59,-1.98
2015-02-17,平安银行,000001,6.53,6.64,6.51,6.55,6.51,680492,954430240.0,0.69,0.61
2015-02-16,平安银行,000001,6.53,6.57,6.37,6.51,6.53,721202,999898464.0,0.73,-0.31
2015-02-13,平安银行,000001,6.51,6.69,6.45,6.53,6.46,887743,1244514800.0,0.9,1.08
2015-02-12,平安银行,000001,6.39,6.49,6.3,6.46,6.37,608716,838611232.0,0.62,1.41
2015-02-11,平安银行,000001,6.41,6.46,6.34,6.37,6.4,554350,763414576.0,0.56,-0.47
2015-02-10,平安银行,000001,6.21,6.44,6.16,6.4,6.23,724875,991823744.0,0.74,2.73
2015-02-09,平安银行,000001,6.21,6.34,6.02,6.23,6.22,946586,1273141152.0,0.96,0.16
2015-02-06,平安银行,000001,6.35,6.53,6.14,6.22,6.42,1030409,1411298592.0,1.05,-3.12
2015-02-05,平安银行,000001,6.77,6.86,6.39,6.42,6.36,1913729,2710523888.0,1.95,0.94
2015-02-04,平安银行,000001,6.56,6.59,6.35,6.36,6.53,807623,1122666752.0,0.82,-2.6
2015-02-03,平安银行,000001,6.41,6.55,6.3,6.53,6.3,883349,1217876592.0,0.9,3.65
2015-02-02,平安银行,000001,6.28,6.42,6.25,6.3,6.51,860932,1176949552.0,0.88,-3.23
2015-01-30,平安银行,000001,6.51,6.64,6.39,6.51,6.49,930117,1298735712.0,0.95,0.31
2015-01-29,平安银行,000001,6.44,6.57,6.39,6.49,6.6,1016753,1408825360.0,1.03,-1.67
2015-01-28,平安银行,000001,6.47,6.77,6.42,6.6,6.55,1240878,1742175728.0,1.26,0.76
2015-01-27,平安银行,000001,6.8,6.82,6.44,6.55,6.8,1339495,1881058960.0,1.36,-3.68
2015-01-26,平安银行,000001,6.81,6.87,6.67,6.8,6.84,1057606,1508446592.0,1.08,-0.58
2015-01-23,平安银行,000001,6.81,7.0,6.77,6.84,6.77,1459182,2108746800.0,1.48,1.03
2015-01-22,平安银行,000001,6.8,6.92,6.67,6.77,6.85,1255016,1801436256.0,1.28,-1.17
2015-01-21,平安银行,000001,6.48,6.98,6.39,6.85,6.44,1940530,2758192752.0,1.97,6.37
2015-01-20,平安银行,000001,6.44,6.6,6.26,6.44,6.44,1491018,2064280560.0,1.52,0.0
2015-01-19,平安银行,000001,6.57,6.96,6.44,6.44,7.51,2137124,3016203088.0,2.17,-14.25
2015-01-16,平安银行,000001,7.53,7.69,7.38,7.51,7.5,1555846,2403346192.0,1.58,0.13
2015-01-15,平安银行,000001,7.15,7.5,7.05,7.5,7.12,1242170,1868795904.0,1.26,5.34
2015-01-14,平安银行,000001,7.1,7.39,7.05,7.12,7.03,1263030,1889296672.0,1.28,1.28
2015-01-13,平安银行,000001,7.01,7.19,6.98,7.03,7.1,816875,1204987152.0,0.83,-0.99
2015-01-12,平安银行,000001,7.17,7.29,6.91,7.1,7.31,1553291,2293104608.0,1.58,-2.87
2015-01-09,平安银行,000001,7.19,7.86,7.05,7.31,7.23,2508500,3835378096.0,2.55,1.11
2015-01-08,平安银行,000001,7.6,7.65,7.19,7.23,7.59,1407714,2128003424.0,1.43,-4.74
2015-01-07,平安银行,000001,7.64,7.83,7.46,7.59,7.8,1700121,2634796416.0,1.73,-2.69
2015-01-06,平安银行,000001,7.85,8.22,7.64,7.8,7.96,2166421,3453446160.0,2.2,-2.01
2015-01-05,平安银行,000001,7.94,8.14,7.67,7.96,7.84,2860436,4565387776.0,2.91,1.53
2014-12-31,平安银行,000001,7.68,7.87,7.46,7.84,7.6,2400066,3760218240.0,2.44,3.16
2014-12-30,平安银行,000001,7.21,7.67,7.17,7.6,7.2,2366078,3637484224.0,2.41,5.56
2014-12-29,平安银行,000001,7.68,7.98,7.08,7.2,7.32,2586148,3983923216.0,2.63,-1.64
2014-12-26,平安银行,000001,6.98,7.38,6.92,7.32,7.04,2437073,3625690256.0,2.48,3.98
2014-12-25,平安银行,000001,6.8,7.08,6.59,7.04,6.61,1997276,2887581456.0,2.03,6.51
2014-12-24,平安银行,000001,7.07,7.15,6.34,6.61,7.08,2010271,2854207872.0,2.04,-6.64
2014-12-23,平安银行,000001,7.25,7.45,6.91,7.08,7.49,1797851,2688160560.0,1.83,-5.47
2014-12-22,平安银行,000001,7.19,8.06,7.12,7.49,7.26,3467391,5383744768.0,3.52,3.17
2014-12-19,平安银行,000001,7.13,7.39,6.87,7.26,7.18,1935406,2880581200.0,1.97,1.11
2014-12-18,平安银行,000001,7.54,7.64,6.98,7.18,7.51,2470251,3714889568.0,2.51,-4.39
2014-12-17,平安银行,000001,6.84,7.72,6.7,7.51,6.83,4400166,6579202304.0,4.47,9.96
2014-12-16,平安银行,000001,6.21,6.83,6.17,6.83,6.27,2469073,3433988624.0,2.51,8.93
2014-12-15,平安银行,000001,6.39,6.39,6.05,6.27,6.52,1800937,2428185632.0,1.83,-3.83
2014-12-12,平安银行,000001,6.49,6.7,6.34,6.52,6.51,1643909,2291244464.0,1.67,0.15
2014-12-11,平安银行,000001,6.43,6.96,6.35,6.51,6.69,2237996,3153661808.0,2.28,-2.69
2014-12-10,平安银行,000001,6.28,6.81,5.88,6.69,6.36,3527844,4800983040.0,3.59,5.19
2014-12-09,平安银行,000001,7.23,7.62,6.36,6.36,7.42,4045420,6002900224.0,4.11,-14.29
2014-12-08,平安银行,000001,6.71,7.6,6.56,7.42,6.93,3928343,5883664384.0,3.99,7.07
2014-12-05,平安银行,000001,6.6,7.42,6.23,6.93,6.53,4413697,6338168064.0,4.49,6.13
2014-12-04,平安银行,000001,5.96,6.54,5.8,6.53,5.94,3450181,4674285056.0,3.51,9.93
2014-12-03,平安银行,000001,5.95,6.48,5.67,5.94,5.95,3997530,5328329984.0,4.06,-0.17
2014-12-02,平安银行,000001,5.27,6.14,5.23,5.95,5.3,3490411,4436545280.0,3.55,12.26
2014-12-01,平安银行,000001,5.59,5.89,5.28,5.3,5.48,4465214,5600612352.0,4.54,-3.28
2014-11-28,平安银行,000001,4.67,5.48,4.6,5.48,4.69,4844839,5793392128.0,4.93,16.84
2014-11-27,平安银行,000001,4.72,4.83,4.56,4.69,4.62,2103857,2386849904.0,2.14,1.52
2014-11-26,平安银行,000001,4.47,4.73,4.42,4.62,4.46,2184919,2437181264.0,2.22,3.59
2014-11-25,平安银行,000001,4.3,4.49,4.26,4.46,4.32,1567803,1704413984.0,1.59,3.24
2014-11-24,平安银行,000001,4.21,4.44,4.14,4.32,4.34,2227369,2397290896.0,2.26,-0.46
2014-11-21,平安银行,000001,4.21,4.38,4.13,4.34,4.22,1146732,1223438992.0,1.17,2.84
2014-11-20,平安银行,000001,4.19,4.26,4.13,4.22,4.22,683545,724359504.0,0.69,0.0
2014-11-19,平安银行,000001,4.2,4.24,4.16,4.22,4.21,591657,627088000.0,0.6,0.24
2014-11-18,平安银行,000001,4.3,4.35,4.17,4.21,4.31,930296,989520784.0,0.95,-2.32
2014-11-17,平安银行,000001,4.44,4.47,4.28,4.31,4.43,889594,961843456.0,0.9,-2.71
2014-11-14,平安银行,000001,4.48,4.48,4.34,4.43,4.51,901527,980490608.0,0.92,-1.77
2014-11-13,平安银行,000001,4.6,4.73,4.5,4.51,4.62,1340384,1498070416.0,1.36,-2.38
2014-11-12,平安银行,000001,4.61,4.62,4.47,4.62,4.67,1389463,1538194096.0,1.41,-1.07
2014-11-11,平安银行,000001,4.55,4.92,4.53,4.67,4.57,2981391,3390990144.0,3.03,2.19
2014-11-10,平安银行,000001,4.51,4.65,4.38,4.57,4.42,1621348,1792128608.0,1.65,3.39
2014-11-07,平安银行,000001,4.35,4.74,4.32,4.42,4.37,2234369,2470577744.0,2.27,1.14
2014-11-06,平安银行,000001,4.35,4.41,4.3,4.37,4.35,645124,697762480.0,0.66,0.46
2014-11-05,平安银行,000001,4.37,4.44,4.24,4.35,4.37,1285877,1386577312.0,1.31,-0.46
2014-11-04,平安银行,000001,4.58,4.6,4.32,4.37,4.55,1318992,1443563424.0,1.34,-3.96
2014-11-03,平安银行,000001,4.59,4.66,4.46,4.55,4.5,1916835,2129642928.0,1.95,1.11
2014-10-31,平安银行,000001,4.13,4.72,4.1,4.5,4.08,3593084,3900875152.0,3.65,10.29
2014-10-30,平安银行,000001,4.0,4.17,3.93,4.08,3.99,1520633,1578266416.0,1.55,2.26
2014-10-29,平安银行,000001,3.92,4.05,3.88,3.99,3.9,1065276,1093979408.0,1.08,2.31
2014-10-28,平安银行,000001,3.82,3.92,3.82,3.9,3.8,530651,536920624.0,0.54,2.63
2014-10-27,平安银行,000001,3.85,3.87,3.77,3.8,3.91,729569,732278928.0,0.74,-2.81
2014-10-24,平安银行,000001,4.01,4.03,3.89,3.91,3.95,820989,842529664.0,0.83,-1.01
2014-10-23,平安银行,000001,3.87,4.02,3.87,3.95,3.85,1585480,1625133856.0,1.61,2.6
2014-10-22,平安银行,000001,3.84,3.92,3.82,3.85,3.85,559460,566148288.0,0.57,0.0
2014-10-21,平安银行,000001,3.88,3.89,3.83,3.85,3.9,486323,491186144.0,0.49,-1.28
2014-10-20,平安银行,000001,3.89,3.92,3.85,3.9,3.87,611170,619515024.0,0.62,0.78
2014-10-17,平安银行,000001,3.92,3.94,3.82,3.87,3.92,700511,709337184.0,0.71,-1.28
2014-10-16,平安银行,000001,3.85,4.03,3.84,3.92,3.89,1323735,1355834912.0,1.35,0.77
2014-10-15,平安银行,000001,3.86,3.91,3.8,3.89,3.87,597660,604421664.0,0.61,0.52
2014-10-14,平安银行,000001,3.85,3.92,3.83,3.87,3.85,575883,582555040.0,0.59,0.52
2014-10-13,平安银行,000001,3.87,3.88,3.81,3.85,3.89,519875,524142432.0,0.53,-1.03
2014-10-10,平安银行,000001,3.89,3.92,3.87,3.89,3.92,659349,669474240.0,0.67,-0.77
2014-10-09,平安银行,000001,3.96,3.98,3.89,3.92,3.96,662394,676601232.0,0.67,-1.01
2014-10-08,平安银行,000001,3.9,3.96,3.88,3.96,3.88,674687,688179616.0,0.69,2.06
2014-09-30,平安银行,000001,3.88,3.89,3.85,3.88,3.87,483982,490091136.0,0.49,0.26
2014-09-29,平安银行,000001,3.88,3.92,3.85,3.87,3.87,605359,613587488.0,0.62,0.0
2014-09-26,平安银行,000001,3.89,3.9,3.82,3.87,3.91,453633,458477952.0,0.46,-1.02
2014-09-25,平安银行,000001,4.01,4.01,3.89,3.91,3.98,677167,693101936.0,0.69,-1.76
2014-09-24,平安银行,000001,3.83,3.99,3.81,3.98,3.85,760553,774981744.0,0.77,3.38
2014-09-23,平安银行,000001,3.82,3.88,3.82,3.85,3.82,462158,466701920.0,0.47,0.79
2014-09-22,平安银行,000001,4.01,4.02,3.8,3.82,4.05,790192,802793600.0,0.8,-5.68
2014-09-19,平安银行,000001,3.99,4.06,3.96,4.05,4.01,570754,590539504.0,0.58,1.0
2014-09-18,平安银行,000001,3.93,4.1,3.91,4.01,3.96,768309,793783232.0,0.78,1.26
2014-09-17,平安银行,000001,3.99,4.03,3.92,3.96,3.96,556748,570332048.0,0.57,0.0
2014-09-16,平安银行,000001,4.01,4.1,3.95,3.96,4.0,828340,855746032.0,0.84,-1.0
2014-09-15,平安银行,000001,4.01,4.01,3.96,4.0,4.04,515418,530216256.0,0.52,-0.99
2014-09-12,平安银行,000001,4.04,4.05,3.97,4.04,4.04,408654,421465552.0,0.42,0.0
2014-09-11,平安银行,000001,4.01,4.17,3.99,4.04,4.01,713461,743736352.0,0.73,0.75
2014-09-10,平安银行,000001,4.06,4.07,4.0,4.01,4.1,531593,549288848.0,0.54,-2.2
2014-09-09,平安银行,000001,4.17,4.19,4.07,4.1,4.18,566698,593195200.0,0.58,-1.91
2014-09-05,平安银行,000001,4.17,4.23,4.13,4.18,4.17,597878,631001552.0,0.61,0.24
2014-09-04,平安银行,000001,4.13,4.17,4.05,4.17,4.13,628159,657751216.0,0.64,0.97
2014-09-03,平安银行,000001,4.11,4.19,4.08,4.13,4.1,766929,807419392.0,0.78,0.73
2014-09-02,平安银行,000001,4.03,4.12,3.95,4.1,3.99,788005,816712368.0,0.8,2.76
2014-09-01,平安银行,000001,3.95,4.01,3.9,3.99,3.96,487782,501154064.0,0.5,0.76
2014-08-29,平安银行,000001,3.89,3.96,3.88,3.96,3.89,343726,350689088.0,0.51,1.8
2014-08-28,平安银行,000001,3.95,3.96,3.88,3.89,3.95,438970,447046656.0,0.66,-1.52
2014-08-27,平安银行,000001,3.92,4.05,3.9,3.95,3.92,573147,588959904.0,0.86,0.77
2014-08-26,平安银行,000001,3.92,3.97,3.88,3.92,3.93,461165,469882624.0,0.69,-0.25
2014-08-25,平安银行,000001,4.03,4.03,3.91,3.93,4.03,509434,521445424.0,0.76,-2.48
2014-08-22,平安银行,000001,3.98,4.07,3.96,4.03,4.02,481562,497919616.0,0.72,0.25
2014-08-21,平安银行,000001,4.1,4.11,3.96,4.02,4.11,632231,653438880.0,0.94,-2.19
2014-08-20,平安银行,000001,4.18,4.18,4.09,4.11,4.19,573286,600953664.0,0.86,-1.91
2014-08-19,平安银行,000001,4.23,4.25,4.14,4.19,4.23,580822,613961760.0,0.87,-0.95
2014-08-18,平安银行,000001,4.19,4.26,4.17,4.23,4.19,589023,625059408.0,0.88,0.95
2014-08-15,平安银行,000001,4.16,4.22,4.1,4.19,4.16,675090,711373264.0,1.01,0.72
2014-08-14,平安银行,000001,4.26,4.3,4.14,4.16,4.23,523693,556638928.0,0.78,-1.65
2014-08-13,平安银行,000001,4.19,4.28,4.12,4.23,4.2,533365,564717120.0,0.8,0.71
2014-08-12,平安银行,000001,4.23,4.24,4.14,4.2,4.28,480852,508251840.0,0.72,-1.87
2014-08-11,平安银行,000001,4.17,4.3,4.17,4.28,4.16,621332,663290432.0,0.93,2.88
2014-08-08,平安银行,000001,4.15,4.21,4.1,4.16,4.13,555652,586028464.0,0.83,0.73
2014-08-07,平安银行,000001,4.23,4.26,4.12,4.13,4.23,596435,629404560.0,0.89,-2.36
2014-08-06,平安银行,000001,4.3,4.3,4.14,4.23,4.35,834648,884436928.0,1.25,-2.76
2014-08-05,平安银行,000001,4.44,4.54,4.28,4.35,4.43,752175,817861952.0,1.12,-1.81
2014-08-04,平安银行,000001,4.27,4.43,4.2,4.43,4.27,830624,896723504.0,1.24,3.75
2014-08-01,平安银行,000001,4.37,4.53,4.27,4.27,4.39,854510,930971504.0,1.28,-2.73
2014-07-31,平安银行,000001,4.3,4.41,4.23,4.39,4.3,637784,685541104.0,0.95,2.09
2014-07-30,平安银行,000001,4.35,4.55,4.29,4.3,4.35,810026,880625360.0,1.21,-1.15
2014-07-29,平安银行,000001,4.35,4.55,4.29,4.35,4.32,1201827,1306061728.0,1.8,0.69
2014-07-28,平安银行,000001,3.96,4.41,3.95,4.32,3.94,1867879,1997922400.0,2.79,9.64
2014-07-25,平安银行,000001,3.92,3.96,3.84,3.94,3.89,853914,868778304.0,1.28,1.29
2014-07-24,平安银行,000001,3.62,3.99,3.62,3.89,3.62,1805824,1820306624.0,2.7,7.46
2014-07-23,平安银行,000001,3.57,3.67,3.56,3.62,3.6,555704,541821216.0,0.83,0.56
2014-07-22,平安银行,000001,3.46,3.64,3.45,3.6,3.47,613699,594111760.0,0.92,3.75
2014-07-21,平安银行,000001,3.51,3.51,3.46,3.47,3.51,272995,260823464.0,0.41,-1.14
2014-07-18,平安银行,000001,3.47,3.54,3.46,3.51,3.5,375115,360507376.0,0.56,0.29
2014-07-17,平安银行,000001,3.51,3.52,3.46,3.5,3.51,320073,306409296.0,0.48,-0.28
2014-07-16,平安银行,000001,3.57,3.58,3.45,3.51,3.59,617703,592431488.0,0.92,-2.23
2014-07-14,平安银行,000001,3.56,3.59,3.48,3.59,3.55,463116,446246576.0,0.69,1.13
2014-07-11,平安银行,000001,3.55,3.57,3.53,3.55,3.55,318320,307776976.0,0.48,0.0
2014-07-10,平安银行,000001,3.55,3.6,3.51,3.55,3.54,360258,348040176.0,0.54,0.28
2014-07-09,平安银行,000001,3.73,3.73,3.49,3.54,3.73,587891,573417344.0,0.88,-5.09
2014-07-08,平安银行,000001,3.67,3.73,3.62,3.73,3.69,346087,341179824.0,0.52,1.08
2014-07-07,平安银行,000001,3.72,3.73,3.64,3.69,3.72,343062,337859952.0,0.51,-0.81
2014-07-04,平安银行,000001,3.76,3.79,3.69,3.72,3.76,342311,339852544.0,0.51,-1.06
2014-07-03,平安银行,000001,3.71,3.78,3.67,3.76,3.71,446905,443709920.0,0.67,1.35
2014-07-02,平安银行,000001,3.69,3.71,3.65,3.71,3.69,286042,281857232.0,0.43,0.54
2014-07-01,平安银行,000001,3.72,3.75,3.67,3.69,3.72,284944,281216688.0,0.43,-0.81
2014-06-30,平安银行,000001,3.64,3.76,3.64,3.72,3.66,447238,442037488.0,0.67,1.64
2014-06-27,平安银行,000001,3.64,3.69,3.58,3.66,3.66,367521,359856080.0,0.55,0.0
2014-06-26,平安银行,000001,3.58,3.67,3.58,3.66,3.62,342885,335699952.0,0.51,1.1
2014-06-25,平安银行,000001,3.64,3.65,3.53,3.62,3.64,271263,263555598.0,0.41,-0.55
2014-06-24,平安银行,000001,3.63,3.68,3.62,3.64,3.62,284593,279235072.0,0.43,0.55
2014-06-23,平安银行,000001,3.68,3.75,3.62,3.62,3.68,430860,423339312.0,0.64,-1.63
2014-06-20,平安银行,000001,3.62,3.68,3.6,3.68,3.63,372071,364390000.0,0.56,1.38
2014-06-19,平安银行,000001,3.69,3.74,3.56,3.63,3.69,483081,474545264.0,0.72,-1.63
2014-06-18,平安银行,000001,3.81,3.82,3.65,3.69,3.81,538550,534087760.0,0.8,-3.15
2014-06-17,平安银行,000001,3.82,3.91,3.77,3.81,3.87,541848,546274864.0,0.81,-1.55
2014-06-16,平安银行,000001,3.82,3.95,3.8,3.87,3.87,878182,889629936.0,1.31,0.0
2014-06-13,平安银行,000001,3.57,4.05,3.56,3.87,3.58,1239505,1246107216.0,1.85,8.1
2014-06-12,平安银行,000001,3.52,3.62,3.51,3.58,3.56,367442,355905024.0,0.55,0.56
2014-06-11,平安银行,000001,3.51,3.6,3.48,3.56,3.55,433233,509141984.0,0.78,0.28
2014-06-10,平安银行,000001,3.41,3.55,3.38,3.55,3.39,621983,723590240.0,1.12,4.72
2014-06-09,平安银行,000001,3.31,3.42,3.3,3.39,3.33,313522,359580576.0,0.56,1.8
2014-06-06,平安银行,000001,3.37,3.39,3.28,3.33,3.36,186436,212129090.0,0.33,-0.89
2014-06-05,平安银行,000001,3.29,3.37,3.28,3.36,3.3,246291,280049632.0,0.44,1.82
2014-06-04,平安银行,000001,3.41,3.41,3.26,3.3,3.41,323890,367011920.0,0.58,-3.23
2014-06-03,平安银行,000001,3.4,3.51,3.4,3.41,3.4,278114,322371184.0,0.5,0.29
2014-05-30,平安银行,000001,3.4,3.47,3.38,3.4,3.4,318773,367350848.0,0.57,0.0
2014-05-29,平安银行,000001,3.45,3.54,3.4,3.4,3.46,362238,420664544.0,0.65,-1.73
2014-05-28,平安银行,000001,3.44,3.48,3.34,3.46,3.45,427038,491816864.0,0.77,0.29
2014-05-27,平安银行,000001,3.42,3.52,3.4,3.45,3.45,284408,329865264.0,0.51,0.0
2014-05-26,平安银行,000001,3.49,3.49,3.38,3.45,3.45,315989,365020288.0,0.57,0.0
2014-05-23,平安银行,000001,3.34,3.46,3.32,3.45,3.34,415356,478107232.0,0.74,3.29
2014-05-22,平安银行,000001,3.3,3.49,3.28,3.34,3.3,619142,713100720.0,1.11,1.21
2014-05-21,平安银行,000001,3.23,3.33,3.16,3.3,3.25,263168,297218368.0,0.47,1.54
2014-05-20,平安银行,000001,3.26,3.31,3.21,3.25,3.27,205766,231625054.0,0.37,-0.61
2014-05-19,平安银行,000001,3.27,3.27,3.19,3.27,3.27,261106,292426272.0,0.47,0.0
2014-05-16,平安银行,000001,3.22,3.31,3.22,3.27,3.22,311773,351626480.0,0.56,1.55
2014-05-15,平安银行,000001,3.29,3.31,3.2,3.22,3.29,312628,351067760.0,0.56,-2.13
2014-05-14,平安银行,000001,3.23,3.37,3.23,3.29,3.24,416122,471890560.0,0.75,1.54
2014-05-13,平安银行,000001,3.3,3.32,3.22,3.24,3.31,305833,344109440.0,0.55,-2.11
2014-05-12,平安银行,000001,3.2,3.34,3.12,3.31,3.14,601992,678608672.0,1.08,5.41
2014-05-09,平安银行,000001,3.07,3.19,3.05,3.14,3.07,321915,354936720.0,0.58,2.28
2014-05-08,平安银行,000001,3.01,3.2,3.0,3.07,3.03,379621,418459584.0,0.68,1.32
2014-05-07,平安银行,000001,3.06,3.08,3.03,3.03,3.08,241910,263547089.0,0.43,-1.62
2014-05-06,平安银行,000001,3.07,3.16,3.05,3.08,3.11,267771,294197728.0,0.48,-0.96
2014-05-05,平安银行,000001,3.17,3.18,3.01,3.11,3.19,403271,440413664.0,0.72,-2.51
2014-04-30,平安银行,000001,3.22,3.24,3.16,3.19,3.2,259596,289386160.0,0.47,-0.31
2014-04-29,平安银行,000001,3.12,3.26,3.07,3.2,3.13,413622,458216048.0,0.74,2.24
2014-04-28,平安银行,000001,3.26,3.27,3.09,3.13,3.26,526045,582533600.0,0.94,-3.99
2014-04-25,平安银行,000001,3.24,3.41,3.18,3.26,3.24,714335,810796672.0,1.28,0.62
2014-04-24,平安银行,000001,3.35,3.37,3.18,3.24,3.29,634005,712292432.0,1.14,-1.52
2014-04-23,平安银行,000001,3.16,3.37,3.16,3.29,3.15,1191028,1346115072.0,2.14,4.44
2014-04-22,平安银行,000001,2.94,3.22,2.93,3.15,2.93,523282,569433680.0,0.94,7.51
2014-04-21,平安银行,000001,2.97,3.05,2.92,2.93,3.0,298156,321959264.0,0.53,-2.33
2014-04-18,平安银行,000001,3.03,3.04,2.95,3.0,3.05,323544,349102656.0,0.58,-1.64
2014-04-17,平安银行,000001,3.12,3.16,3.01,3.05,3.11,304885,333305072.0,0.55,-1.93
2014-04-16,平安银行,000001,3.07,3.19,3.03,3.11,3.09,376646,414022000.0,0.68,0.65
2014-04-15,平安银行,000001,3.23,3.24,3.06,3.09,3.27,534689,589940432.0,0.96,-5.5
2014-04-14,平安银行,000001,3.31,3.37,3.22,3.27,3.34,421741,476278768.0,0.76,-2.1
2014-04-11,平安银行,000001,3.31,3.4,3.26,3.34,3.32,593255,674562208.0,1.06,0.6
2014-04-10,平安银行,000001,3.23,3.46,3.2,3.32,3.22,770068,876018000.0,1.38,3.11
2014-04-09,平安银行,000001,3.27,3.31,3.2,3.22,3.27,557347,626176128.0,1.0,-1.53
2014-04-08,平安银行,000001,2.98,3.4,2.98,3.27,2.99,1342921,1503024032.0,2.41,9.36
2014-04-04,平安银行,000001,2.94,3.01,2.87,2.99,2.98,342090,366585728.0,0.61,0.34
2014-04-03,平安银行,000001,3.09,3.12,2.97,2.98,3.06,453651,494227824.0,0.81,-2.61
2014-04-02,平安银行,000001,2.99,3.12,2.96,3.06,3.0,460397,500530400.0,0.83,2.0
2014-04-01,平安银行,000001,2.95,3.05,2.94,3.0,2.98,281243,303939600.0,0.5,0.67
2014-03-31,平安银行,000001,3.03,3.08,2.92,2.98,2.98,321131,346029600.0,0.58,0.0
2014-03-28,平安银行,000001,2.94,3.09,2.92,2.98,2.98,532650,576611632.0,0.96,0.0
2014-03-27,平安银行,000001,2.9,3.13,2.83,2.98,2.94,803134,867999456.0,1.44,1.36
2014-03-26,平安银行,000001,2.92,2.97,2.85,2.94,2.88,360206,383229648.0,0.65,2.08
2014-03-25,平安银行,000001,2.98,3.0,2.86,2.88,2.99,415754,444839376.0,0.75,-3.68
2014-03-24,平安银行,000001,2.98,3.07,2.9,2.99,2.99,842539,908755216.0,1.51,0.0
2014-03-21,平安银行,000001,2.57,3.08,2.55,2.99,2.59,1251812,1316754800.0,2.25,15.44
2014-03-20,平安银行,000001,2.66,2.7,2.56,2.59,2.67,454882,462702992.0,0.82,-3.0
2014-03-19,平安银行,000001,2.74,2.74,2.62,2.67,2.75,363029,370332016.0,0.65,-2.91
2014-03-18,平安银行,000001,2.81,2.83,2.72,2.75,2.81,431815,449377632.0,0.77,-2.14
2014-03-17,平安银行,000001,2.77,2.82,2.73,2.81,2.72,372979,388751072.0,0.67,3.31
2014-03-14,平安银行,000001,2.78,2.84,2.69,2.72,2.86,450393,466403744.0,0.81,-4.9
2014-03-13,平安银行,000001,2.81,2.99,2.75,2.86,2.74,626625,663461520.0,1.12,4.38
2014-03-12,平安银行,000001,2.69,2.81,2.64,2.74,2.67,515107,532491152.0,0.92,2.62
2014-03-11,平安银行,000001,2.71,2.76,2.59,2.67,2.71,450789,462135328.0,0.81,-1.48
2014-03-10,平安银行,000001,2.94,2.95,2.68,2.71,3.0,544321,567573136.0,0.98,-9.67
2014-03-07,平安银行,000001,2.97,3.08,2.95,3.0,2.98,488654,529718064.0,0.88,0.67
2014-03-06,平安银行,000001,2.94,3.03,2.83,2.98,2.94,527383,564310352.0,0.95,1.36
2014-03-05,平安银行,000001,3.05,3.1,2.9,2.94,3.1,533017,575251312.0,0.96,-5.16
2014-03-04,平安银行,000001,3.11,3.12,3.0,3.1,3.13,527585,575054320.0,0.95,-0.96
2014-03-03,平安银行,000001,3.12,3.16,3.07,3.13,3.19,427432,470295904.0,0.77,-1.88
2014-02-28,平安银行,000001,3.21,3.25,3.04,3.19,3.25,446238,493549152.0,0.8,-1.85
2014-02-27,平安银行,000001,3.2,3.31,3.12,3.25,3.18,555086,621811168.0,1.0,2.2
2014-02-26,平安银行,000001,3.13,3.24,3.11,3.18,3.12,407938,453164480.0,0.73,1.92
2014-02-25,平安银行,000001,3.21,3.31,3.11,3.12,3.2,548387,611611824.0,0.98,-2.5
2014-02-24,平安银行,000001,3.37,3.39,3.19,3.2,3.46,667820,750803472.0,1.2,-7.51
2014-02-21,平安银行,000001,3.59,3.6,3.45,3.46,3.55,479997,559681280.0,0.86,-2.54
2014-02-20,平安银行,000001,3.65,3.84,3.55,3.55,3.69,766324,919006400.0,1.37,-3.79
2014-02-19,平安银行,000001,3.46,3.77,3.46,3.69,3.49,988175,1177763504.0,1.77,5.73
2014-02-18,平安银行,000001,3.64,3.65,3.47,3.49,3.67,596062,700246032.0,1.07,-4.9
2014-02-17,平安银行,000001,3.75,3.79,3.62,3.67,3.74,608922,727601216.0,1.09,-1.87
2014-02-14,平安银行,000001,3.75,3.8,3.67,3.74,3.82,582339,701905712.0,1.04,-2.09
2014-02-13,平安银行,000001,3.59,3.98,3.57,3.82,3.66,1218193,1480576864.0,2.18,4.37
2014-02-12,平安银行,000001,3.62,3.81,3.6,3.66,3.69,694622,831733264.0,1.25,-0.81
2014-02-11,平安银行,000001,3.42,3.88,3.36,3.69,3.44,1310465,1569553136.0,2.35,7.27
2014-02-10,平安银行,000001,3.33,3.45,3.31,3.44,3.33,581226,670008704.0,1.04,3.3
2014-02-07,平安银行,000001,3.3,3.33,3.17,3.33,3.34,418757,470138336.0,0.75,-0.3
2014-01-30,平安银行,000001,3.43,3.43,3.33,3.34,3.44,291413,332618208.0,0.52,-2.91
2014-01-29,平安银行,000001,3.42,3.48,3.4,3.44,3.4,312104,361575344.0,0.56,1.18
2014-01-28,平安银行,000001,3.37,3.45,3.33,3.4,3.34,389683,446213136.0,0.7,1.8
2014-01-27,平安银行,000001,3.44,3.48,3.31,3.34,3.49,442997,508343008.0,0.79,-4.3
2014-01-24,平安银行,000001,3.48,3.58,3.44,3.49,3.52,485283,567516080.0,0.87,-0.85
2014-01-23,平安银行,000001,3.56,3.57,3.49,3.52,3.57,375535,439497024.0,0.67,-1.4
2014-01-22,平安银行,000001,3.32,3.61,3.31,3.57,3.32,619084,723523200.0,1.11,7.53
2014-01-21,平安银行,000001,3.3,3.44,3.3,3.32,3.29,265795,303578624.0,0.48,0.91
2014-01-20,平安银行,000001,3.39,3.39,3.26,3.29,3.39,307220,349154112.0,0.55,-2.95
2014-01-17,平安银行,000001,3.47,3.48,3.37,3.39,3.51,423514,487423216.0,0.76,-3.42
2014-01-16,平安银行,000001,3.49,3.57,3.45,3.51,3.5,299593,350027744.0,0.54,0.29
2014-01-15,平安银行,000001,3.52,3.54,3.44,3.5,3.53,297988,346733008.0,0.53,-0.85
2014-01-14,平安银行,000001,3.44,3.56,3.37,3.53,3.46,362427,420715248.0,0.65,2.02
2014-01-13,平安银行,000001,3.57,3.64,3.4,3.46,3.59,478875,559375168.0,0.86,-3.62
2014-01-10,平安银行,000001,3.56,3.66,3.49,3.59,3.59,381198,450487728.0,0.68,0.0
2014-01-09,平安银行,000001,3.51,3.68,3.49,3.59,3.55,485518,576870544.0,0.87,1.13
2014-01-08,平安银行,000001,3.48,3.66,3.42,3.55,3.48,457768,538436176.0,0.82,2.01
2014-01-07,平安银行,000001,3.42,3.55,3.41,3.48,3.5,338407,393977584.0,0.61,-0.57
2014-01-06,平安银行,000001,3.63,3.69,3.4,3.5,3.65,582118,679280384.0,1.04,-4.11
2014-01-03,平安银行,000001,3.78,3.78,3.56,3.65,3.82,551115,656631296.0,0.99,-4.45
2014-01-02,平安银行,000001,3.76,3.86,3.72,3.82,3.84,489911,596223744.0,0.88,-0.52
2013-12-31,平安银行,000001,3.53,3.92,3.49,3.84,3.54,826864,1002632464.0,1.48,8.47
2013-12-30,平安银行,000001,3.57,3.6,3.52,3.54,3.55,435745,512282784.0,0.78,-0.28
2013-12-27,平安银行,000001,3.38,3.63,3.36,3.55,3.37,630662,733105808.0,1.13,5.34
2013-12-26,平安银行,000001,3.52,3.52,3.36,3.37,3.53,402301,463847184.0,0.72,-4.53
2013-12-25,平安银行,000001,3.52,3.57,3.42,3.53,3.52,505899,589596288.0,0.91,0.28
2013-12-24,平安银行,000001,3.69,3.76,3.46,3.52,3.66,519365,617009184.0,0.93,-3.83
2013-12-23,平安银行,000001,3.64,3.79,3.57,3.66,3.64,412153,495535280.0,0.74,0.55
2013-12-20,平安银行,000001,3.99,4.03,3.64,3.64,3.98,681334,826323824.0,1.22,-8.54
2013-12-19,平安银行,000001,4.14,4.18,3.98,3.98,4.13,356201,450676320.0,0.64,-3.63
2013-12-18,平安银行,000001,4.1,4.18,4.07,4.13,4.11,232740,296740176.0,0.42,0.49
2013-12-17,平安银行,000001,4.15,4.2,4.05,4.11,4.12,367680,470046208.0,0.66,-0.24
2013-12-16,平安银行,000001,3.98,4.17,3.98,4.12,4.01,555668,704816720.0,1.0,2.74
2013-12-13,平安银行,000001,4.08,4.09,3.95,4.01,4.11,430344,540933936.0,0.77,-2.43
2013-12-12,平安银行,000001,4.1,4.19,4.07,4.11,4.18,398062,507708736.0,0.71,-1.67
2013-12-11,平安银行,000001,4.38,4.41,4.08,4.18,4.44,925204,1192542528.0,1.66,-5.86
2013-12-10,平安银行,000001,4.44,4.47,4.38,4.44,4.38,324034,429632576.0,0.58,1.37
2013-12-09,平安银行,000001,4.44,4.49,4.37,4.38,4.44,418045,553192464.0,0.75,-1.35
2013-12-06,平安银行,000001,4.54,4.55,4.41,4.44,4.52,481103,640155440.0,0.86,-1.77
2013-12-05,平安银行,000001,4.6,4.63,4.48,4.52,4.62,607480,818132160.0,1.09,-2.16
2013-12-04,平安银行,000001,4.56,4.76,4.48,4.62,4.58,891805,1217121584.0,1.6,0.87
2013-12-03,平安银行,000001,4.66,4.74,4.44,4.58,4.7,802436,1081622688.0,1.44,-2.55
2013-12-02,平安银行,000001,4.64,4.88,4.59,4.7,4.62,1222332,1682918352.0,2.19,1.73
2013-11-29,平安银行,000001,4.73,4.78,4.59,4.62,4.63,620163,850388528.0,1.11,-0.22
2013-11-28,平安银行,000001,4.6,4.73,4.58,4.63,4.6,619040,845915744.0,1.11,0.65
2013-11-27,平安银行,000001,4.51,4.74,4.48,4.6,4.54,576657,783820160.0,1.03,1.32
2013-11-26,平安银行,000001,4.56,4.63,4.5,4.54,4.56,392020,528774480.0,0.7,-0.44
2013-11-25,平安银行,000001,4.5,4.73,4.48,4.56,4.66,532329,722870928.0,0.95,-2.15
2013-11-22,平安银行,000001,4.78,4.79,4.66,4.66,4.81,538784,741591600.0,0.97,-3.12
2013-11-21,平安银行,000001,4.77,4.82,4.55,4.81,4.84,944674,1289349312.0,1.69,-0.62
2013-11-20,平安银行,000001,4.85,4.96,4.7,4.84,4.74,705238,984763584.0,1.26,2.11
2013-11-19,平安银行,000001,4.87,4.92,4.71,4.74,4.9,835384,1161254240.0,1.5,-3.27
2013-11-18,平安银行,000001,4.55,4.93,4.41,4.9,4.48,1281562,1761157744.0,2.3,9.38
2013-11-15,平安银行,000001,4.37,4.71,4.3,4.48,4.35,967030,1306569808.0,1.73,2.99
2013-11-14,平安银行,000001,4.41,4.48,4.25,4.35,4.46,964413,1262294176.0,1.73,-2.47
2013-11-13,平安银行,000001,4.77,4.81,4.43,4.46,4.88,826422,1127155616.0,1.48,-8.61
2013-11-12,平安银行,000001,4.51,4.91,4.51,4.88,4.5,1087326,1510757328.0,1.95,8.44
2013-11-11,平安银行,000001,4.46,4.58,4.33,4.5,4.46,615851,823194160.0,1.24,0.9
2013-11-08,平安银行,000001,4.33,4.58,4.32,4.46,4.43,720082,958253488.0,1.45,0.68
2013-11-07,平安银行,000001,4.39,4.54,4.33,4.43,4.36,686504,913998384.0,1.38,1.61
2013-11-06,平安银行,000001,4.51,4.55,4.3,4.36,4.65,715289,951290016.0,1.44,-6.24
2013-11-05,平安银行,000001,4.44,4.67,4.25,4.65,4.59,987035,1305185648.0,1.99,1.31
2013-11-04,平安银行,000001,4.84,4.9,4.54,4.59,4.77,739668,1013876784.0,1.49,-3.77
2013-11-01,平安银行,000001,4.78,4.91,4.65,4.77,4.79,844922,1175747328.0,1.7,-0.42
2013-10-31,平安银行,000001,4.99,5.03,4.7,4.79,5.08,1112969,1558479712.0,2.24,-5.71
2013-10-30,平安银行,000001,4.85,5.13,4.74,5.08,4.92,1325822,1871874560.0,2.67,3.25
2013-10-29,平安银行,000001,4.36,5.08,4.36,4.92,4.34,2141540,2981260816.0,4.31,13.36
2013-10-28,平安银行,000001,4.5,4.51,4.25,4.34,4.52,878763,1154607552.0,1.77,-3.98
2013-10-25,平安银行,000001,4.23,4.73,4.19,4.52,4.27,1441107,1935859104.0,2.9,5.85
2013-10-24,平安银行,000001,4.04,4.36,3.92,4.27,4.03,1477784,1909977920.0,2.97,5.96
2013-10-23,平安银行,000001,3.79,4.36,3.78,4.03,3.72,1543357,1957187888.0,3.11,8.33
2013-10-22,平安银行,000001,3.85,3.85,3.7,3.72,3.88,514900,623986656.0,1.04,-4.12
2013-10-21,平安银行,000001,3.81,3.91,3.7,3.88,3.81,603013,736781232.0,1.21,1.84
2013-10-18,平安银行,000001,3.7,3.95,3.67,3.81,3.69,515653,631501168.0,1.04,3.25
2013-10-17,平安银行,000001,3.77,3.83,3.69,3.69,3.7,313616,378747296.0,0.63,-0.27
2013-10-16,平安银行,000001,3.78,3.78,3.65,3.7,3.81,452396,544119392.0,0.91,-2.89
2013-10-15,平安银行,000001,3.97,3.98,3.77,3.81,3.97,484463,594407024.0,0.98,-4.03
2013-10-14,平安银行,000001,4.04,4.09,3.96,3.97,4.09,552939,693548128.0,1.11,-2.93
2013-10-11,平安银行,000001,3.93,4.14,3.9,4.09,3.85,922987,1165261984.0,1.86,6.23
2013-10-10,平安银行,000001,4.04,4.12,3.81,3.85,4.01,776268,967348784.0,1.56,-3.99
2013-10-09,平安银行,000001,3.76,4.12,3.7,4.01,3.81,844084,1054297728.0,1.7,5.25
2013-10-08,平安银行,000001,3.62,3.89,3.41,3.81,3.62,737575,888899056.0,1.48,5.25
2013-09-30,平安银行,000001,3.63,3.71,3.59,3.62,3.63,373602,445333344.0,0.75,-0.28
2013-09-27,平安银行,000001,3.48,3.7,3.46,3.63,3.49,687520,810756848.0,1.38,4.01
2013-09-26,平安银行,000001,3.67,3.67,3.4,3.49,3.71,860712,1002417072.0,1.73,-5.93
2013-09-25,平安银行,000001,3.79,3.95,3.68,3.71,3.85,779931,949782704.0,1.57,-3.64
2013-09-24,平安银行,000001,4.19,4.19,3.67,3.85,4.2,1456189,1786488320.0,2.93,-8.33
2013-09-23,平安银行,000001,4.15,4.25,4.05,4.2,4.15,723795,928672800.0,1.46,1.2
2013-09-18,平安银行,000001,4.12,4.26,3.99,4.15,4.15,617003,786897824.0,1.24,0.0
2013-09-17,平安银行,000001,4.36,4.48,4.12,4.15,4.38,940026,1224996832.0,1.89,-5.25
2013-09-16,平安银行,000001,4.4,4.64,4.08,4.38,4.39,1434366,1874388800.0,2.89,-0.23
2013-09-13,平安银行,000001,4.4,4.67,4.29,4.39,4.54,1191320,1587326736.0,2.4,-3.3
2013-09-12,平安银行,000001,3.99,4.77,3.92,4.54,4.09,1830540,2418432400.0,3.68,11.0
2013-09-11,平安银行,000001,3.92,4.36,3.81,4.09,3.95,1708230,2186675904.0,3.44,3.54
2013-09-10,平安银行,000001,3.93,4.07,3.68,3.95,3.77,2085294,2574801568.0,4.2,4.77
2013-09-09,平安银行,000001,3.27,3.77,3.27,3.77,3.13,2204494,2639382240.0,4.44,20.45
2013-09-05,平安银行,000001,3.16,3.19,3.1,3.13,3.16,343230,379657104.0,0.69,-0.95
2013-09-04,平安银行,000001,3.2,3.34,3.14,3.16,3.23,892620,1001844640.0,1.8,-2.17
2013-09-03,平安银行,000001,2.99,3.23,2.95,3.23,2.97,1157572,1276796976.0,2.33,8.75
2013-09-02,平安银行,000001,2.96,3.01,2.9,2.97,2.89,500232,537024096.0,1.01,2.77
2013-08-30,平安银行,000001,2.85,3.03,2.83,2.89,2.9,520291,555844992.0,1.05,-0.34
2013-08-29,平安银行,000001,3.0,3.05,2.88,2.9,2.9,551253,590423920.0,1.11,0.0
2013-08-28,平安银行,000001,2.96,3.02,2.84,2.9,3.04,682203,728468800.0,1.37,-4.61
2013-08-27,平安银行,000001,3.05,3.12,2.97,3.04,3.05,586884,638179744.0,1.18,-0.33
2013-08-26,平安银行,000001,2.9,3.08,2.82,3.05,2.89,743274,803066320.0,1.5,5.54
2013-08-23,平安银行,000001,3.08,3.15,2.79,2.89,3.08,1043961,1116168176.0,2.1,-6.17
2013-08-22,平安银行,000001,3.03,3.26,3.0,3.08,3.06,790807,874059824.0,1.59,0.65
2013-08-21,平安银行,000001,3.09,3.17,2.97,3.06,3.11,626805,682275392.0,1.26,-1.61
2013-08-20,平安银行,000001,2.94,3.26,2.87,3.11,2.99,1531867,1676956560.0,3.08,4.01
2013-08-19,平安银行,000001,2.66,3.08,2.66,2.99,2.87,1585604,1677377440.0,3.19,4.18
2013-08-16,平安银行,000001,2.64,3.24,2.54,2.87,2.65,2531434,2723081520.0,5.09,8.3
2013-08-15,平安银行,000001,2.78,2.83,2.64,2.65,2.78,586757,605654336.0,1.18,-4.68
2013-08-14,平安银行,000001,2.83,3.01,2.75,2.78,2.82,1164745,1237080464.0,2.34,-1.42
2013-08-13,平安银行,000001,2.71,2.86,2.68,2.82,2.72,1203497,1252254432.0,2.42,3.68
2013-08-12,平安银行,000001,2.46,2.79,2.45,2.72,2.45,1348363,1373703616.0,2.71,11.02
2013-08-09,平安银行,000001,2.52,2.54,2.39,2.45,2.47,497634,491213376.0,1.0,-0.81
2013-08-08,平安银行,000001,2.45,2.56,2.43,2.47,2.49,545859,542967008.0,1.1,-0.8
2013-08-07,平安银行,000001,2.46,2.6,2.45,2.49,2.49,743764,743841168.0,1.5,0.0
2013-08-06,平安银行,000001,2.46,2.53,2.41,2.49,2.5,596180,588829760.0,1.2,-0.4
2013-08-05,平安银行,000001,2.43,2.5,2.4,2.5,2.43,531431,524425088.0,1.07,2.88
2013-08-02,平安银行,000001,2.54,2.59,2.41,2.43,2.49,577417,571090992.0,1.16,-2.41
2013-08-01,平安银行,000001,2.38,2.49,2.31,2.49,2.3,762750,748544176.0,1.54,8.26
2013-07-31,平安银行,000001,2.42,2.53,2.27,2.3,2.35,454469,442922512.0,0.91,-2.13
2013-07-30,平安银行,000001,2.24,2.49,2.22,2.35,2.19,674541,655829216.0,1.36,7.31
2013-07-29,平安银行,000001,2.23,2.26,2.16,2.19,2.32,498130,469746112.0,1.0,-5.6
2013-07-26,平安银行,000001,2.37,2.39,2.27,2.32,2.42,465051,448749600.0,0.94,-4.13
2013-07-25,平安银行,000001,2.41,2.54,2.36,2.42,2.39,689874,681137680.0,1.39,1.26
2013-07-24,平安银行,000001,2.41,2.46,2.27,2.39,2.51,899722,872706960.0,1.81,-4.78
2013-07-23,平安银行,000001,2.23,2.67,2.19,2.51,2.2,1247443,1234752064.0,2.51,14.09
2013-07-22,平安银行,000001,2.09,2.24,2.02,2.2,2.2,658377,613752240.0,1.33,0.0
2013-07-19,平安银行,000001,2.43,2.48,2.19,2.2,2.43,827368,797155408.0,1.67,-9.47
2013-07-18,平安银行,000001,2.58,2.64,2.41,2.43,2.61,806687,798982768.0,1.62,-6.9
2013-07-17,平安银行,000001,2.75,2.8,2.59,2.61,2.75,673689,691750080.0,1.36,-5.09
2013-07-16,平安银行,000001,2.74,2.79,2.61,2.75,2.83,1016228,1045499600.0,2.05,-2.83
2013-07-15,平安银行,000001,2.82,2.97,2.56,2.83,2.73,1341659,1397980256.0,2.7,3.66
2013-07-12,平安银行,000001,2.82,3.02,2.68,2.73,2.73,2118544,2237236032.0,4.26,0.0
2013-07-11,平安银行,000001,2.24,2.73,2.24,2.73,2.19,1733611,1737228160.0,3.49,24.66
2013-07-10,平安银行,000001,1.96,2.19,1.95,2.19,1.95,747242,686265856.0,1.5,12.31
2013-07-09,平安银行,000001,1.96,2.02,1.94,1.95,1.95,512151,463017600.0,1.03,0.0
2013-07-08,平安银行,000001,2.06,2.1,1.94,1.95,2.17,595007,542811648.0,1.2,-10.14
2013-07-05,平安银行,000001,2.16,2.28,2.15,2.17,2.17,641446,606232512.0,1.29,0.0
2013-07-04,平安银行,000001,2.08,2.28,1.96,2.17,2.15,805160,750347520.0,1.62,0.93
2013-07-03,平安银行,000001,2.27,2.27,2.11,2.15,2.3,771158,723582000.0,1.55,-6.52
2013-07-02,平安银行,000001,2.41,2.42,2.17,2.3,2.39,813754,776186592.0,1.64,-3.77
2013-07-01,平安银行,000001,2.42,2.5,2.21,2.39,2.52,800197,775396048.0,1.61,-5.16
2013-06-28,平安银行,000001,2.24,2.61,2.13,2.52,2.3,926644,909148144.0,1.87,9.57
2013-06-27,平安银行,000001,2.45,2.53,2.27,2.3,2.39,835867,819712912.0,1.68,-3.77
2013-06-26,平安银行,000001,2.53,2.53,2.29,2.39,2.52,1017151,992741104.0,2.05,-5.16
2013-06-25,平安银行,000001,2.42,2.59,2.04,2.52,2.62,1717163,1643643136.0,3.46,-3.82
2013-06-24,平安银行,000001,3.18,3.18,2.62,2.62,3.27,1166672,1210827536.0,2.35,-19.88
2013-06-21,平安银行,000001,3.08,3.34,3.03,3.27,3.22,614003,687937856.0,1.24,1.55
2013-06-20,平安银行,000001,3.65,3.66,3.15,3.22,3.64,903067,1029738096.0,1.82,-11.54
2013-06-19,平安银行,000001,3.76,3.76,3.61,3.64,3.82,369978,714070032.0,1.19,-4.71
2013-06-18,平安银行,000001,3.72,3.93,3.72,3.82,3.64,389599,770155936.0,1.25,4.95
2013-06-17,平安银行,000001,3.61,3.76,3.54,3.64,3.58,309210,596190240.0,1.0,1.68
2013-06-14,平安银行,000001,3.56,3.63,3.48,3.58,3.48,328553,625125440.0,1.06,2.87
2013-06-13,平安银行,000001,3.67,3.68,3.39,3.48,3.75,381343,717936640.0,1.23,-7.2
2013-06-07,平安银行,000001,3.97,4.01,3.7,3.75,3.97,402001,795705792.0,1.29,-5.54
2013-06-06,平安银行,000001,4.13,4.2,3.93,3.97,4.21,435270,883833840.0,1.4,-5.7
2013-06-05,平安银行,000001,4.28,4.32,4.14,4.21,4.33,305745,636042480.0,0.98,-2.77
2013-06-04,平安银行,000001,4.25,4.4,4.2,4.33,4.25,442157,930180288.0,1.42,1.88
2013-06-03,平安银行,000001,4.25,4.35,4.2,4.25,4.28,343793,720122816.0,1.11,-0.7
2013-05-31,平安银行,000001,4.37,4.46,4.27,4.28,4.35,361862,767274336.0,1.17,-1.61
2013-05-30,平安银行,000001,4.36,4.49,4.3,4.35,4.38,425442,905433840.0,1.37,-0.68
2013-05-29,平安银行,000001,4.5,4.53,4.36,4.38,4.5,532598,1140654688.0,1.72,-2.67
2013-05-28,平安银行,000001,4.07,4.53,4.01,4.5,4.07,783617,1653684464.0,2.52,10.57
2013-05-27,平安银行,000001,4.13,4.24,4.02,4.07,4.17,358546,737775168.0,1.15,-2.4
2013-05-24,平安银行,000001,4.12,4.26,4.03,4.17,4.11,332810,686838480.0,1.07,1.46
2013-05-23,平安银行,000001,4.28,4.35,4.1,4.11,4.34,507409,1054439744.0,1.63,-5.3
2013-05-22,平安银行,000001,4.32,4.38,4.25,4.34,4.32,413113,872231920.0,1.33,0.46
2013-05-21,平安银行,000001,4.21,4.36,4.19,4.32,4.27,447575,938805120.0,1.44,1.17
2013-05-20,平安银行,000001,4.09,4.46,4.06,4.27,4.06,876975,1842617472.0,2.82,5.17
2013-05-17,平安银行,000001,4.02,4.11,3.89,4.06,4.03,595807,1207256064.0,1.92,0.74
2013-05-16,平安银行,000001,3.63,4.09,3.57,4.03,3.67,813116,1620143088.0,2.62,9.81
2013-05-15,平安银行,000001,3.66,3.71,3.61,3.67,3.66,242083,466686512.0,0.78,0.27
2013-05-14,平安银行,000001,3.89,3.89,3.6,3.66,3.89,498161,963271664.0,1.6,-5.91
2013-05-13,平安银行,000001,3.96,3.99,3.85,3.89,3.99,323880,645920624.0,1.04,-2.51
2013-05-10,平安银行,000001,3.92,4.07,3.88,3.99,3.97,386248,779054960.0,1.24,0.5
2013-05-09,平安银行,000001,4.02,4.02,3.85,3.97,4.06,483613,967721584.0,1.56,-2.22
2013-05-08,平安银行,000001,4.04,4.23,3.89,4.06,4.01,628787,1286250144.0,2.02,1.25
2013-05-07,平安银行,000001,3.98,4.06,3.87,4.01,4.03,424171,854343024.0,1.37,-0.5
2013-05-06,平安银行,000001,3.86,4.12,3.8,4.03,3.82,840545,1700266272.0,2.71,5.5
2013-05-03,平安银行,000001,3.55,3.99,3.51,3.82,3.52,720126,1419670064.0,2.32,8.52
2013-05-02,平安银行,000001,3.41,3.53,3.34,3.52,3.45,237573,445019632.0,0.77,2.03
2013-04-26,平安银行,000001,3.55,3.64,3.43,3.45,3.5,336739,637945792.0,1.08,-1.43
2013-04-25,平安银行,000001,3.56,3.69,3.46,3.5,3.7,446856,847664656.0,1.44,-5.41
2013-04-24,平安银行,000001,3.47,3.84,3.39,3.7,3.59,733380,1397785376.0,2.36,3.06
2013-04-23,平安银行,000001,4.04,4.06,3.57,3.59,4.0,802659,1559983312.0,2.58,-10.25
2013-04-22,平安银行,000001,3.92,4.05,3.89,4.0,4.01,692914,1396575712.0,2.23,-0.25
2013-04-19,平安银行,000001,3.56,4.14,3.53,4.01,3.59,1478380,2902667296.0,4.76,11.7
2013-04-18,平安银行,000001,3.27,3.63,3.23,3.59,3.37,901245,1685861520.0,2.9,6.53
2013-04-17,平安银行,000001,3.45,3.47,3.21,3.37,3.47,642703,1180893504.0,2.07,-2.88
2013-04-16,平安银行,000001,3.31,3.47,3.23,3.47,3.4,655492,1213261312.0,2.11,2.06
2013-04-15,平安银行,000001,3.53,3.58,3.34,3.4,3.52,570957,1065287824.0,1.84,-3.41
2013-04-12,平安银行,000001,3.72,3.73,3.48,3.52,3.7,805323,1535799808.0,2.59,-4.86
2013-04-11,平安银行,000001,3.77,3.81,3.66,3.7,3.7,311789,607690400.0,1.0,0.0
2013-04-10,平安银行,000001,3.87,3.88,3.6,3.7,3.9,507767,988314144.0,1.64,-5.13
2013-04-09,平安银行,000001,3.91,4.01,3.89,3.9,3.89,380491,763834464.0,1.23,0.26
2013-04-08,平安银行,000001,3.84,3.95,3.77,3.89,4.08,407715,808525760.0,1.31,-4.66
2013-04-03,平安银行,000001,4.12,4.2,4.03,4.08,4.08,224590,461545648.0,0.72,0.0
2013-04-02,平安银行,000001,4.06,4.24,3.99,4.08,4.06,463055,952838176.0,1.49,0.49
2013-04-01,平安银行,000001,3.99,4.14,3.95,4.06,3.96,385542,786200272.0,1.24,2.53
2013-03-29,平安银行,000001,3.93,4.05,3.79,3.96,3.93,569848,1139477696.0,1.84,0.76
2013-03-28,平安银行,000001,4.28,4.28,3.9,3.93,4.7,1175043,2385878240.0,3.78,-16.38
2013-03-27,平安银行,000001,4.7,4.88,4.61,4.7,4.69,385997,859815728.0,1.24,0.21
2013-03-26,平安银行,000001,4.86,4.86,4.67,4.69,4.92,559773,1248606032.0,1.8,-4.67
2013-03-25,平安银行,000001,5.05,5.1,4.88,4.92,5.01,452894,1037164944.0,1.46,-1.8
2013-03-22,平安银行,000001,4.99,5.05,4.92,5.01,4.99,411825,947445344.0,1.33,0.4
2013-03-21,平安银行,000001,5.0,5.08,4.89,4.99,5.04,715318,1640675056.0,2.3,-0.99
2013-03-20,平安银行,000001,4.44,5.1,4.42,5.04,4.46,1309370,2950191936.0,4.22,13.0
2013-03-19,平安银行,000001,4.39,4.54,4.29,4.46,4.41,529771,1135421200.0,1.71,1.13
2013-03-18,平安银行,000001,4.53,4.64,4.36,4.41,4.71,745295,1605426352.0,2.4,-6.37
2013-03-15,平安银行,000001,4.52,4.87,4.21,4.71,4.52,943574,2057527328.0,3.04,4.2
2013-03-14,平安银行,000001,4.64,4.67,4.39,4.52,4.67,577854,1259573680.0,1.86,-3.21
2013-03-13,平安银行,000001,4.53,4.85,4.5,4.67,4.54,836902,1857825760.0,2.7,2.86
2013-03-12,平安银行,000001,4.86,4.93,4.39,4.54,4.87,840769,1845179568.0,2.71,-6.78
2013-03-11,平安银行,000001,4.9,5.0,4.59,4.87,4.95,573293,1288820736.0,1.85,-1.62
2013-03-08,平安银行,000001,5.29,5.36,4.81,4.95,5.27,925868,2138191040.0,2.98,-6.07
2013-03-07,平安银行,000001,5.35,5.41,4.91,5.27,5.46,892671,2106340352.0,2.87,-3.48
2013-03-06,平安银行,000001,5.55,5.62,5.34,5.46,5.34,1138281,2762182928.0,3.67,2.25
2013-03-05,平安银行,000001,4.57,5.34,4.57,5.34,4.55,1168987,2700253296.0,3.76,17.36
2013-03-04,平安银行,000001,4.8,5.0,4.47,4.55,5.03,1098780,2429985328.0,3.54,-9.54
2013-03-01,平安银行,000001,4.98,5.09,4.78,5.03,5.0,1037824,2371270416.0,3.34,0.6
2013-02-28,平安银行,000001,4.33,5.0,4.29,5.0,4.29,1119892,2487830672.0,3.61,16.55
2013-02-27,平安银行,000001,4.28,4.58,4.23,4.29,4.23,700677,1492890624.0,2.26,1.42
2013-02-26,平安银行,000001,3.85,4.63,3.81,4.23,3.92,1034815,2186227776.0,3.33,7.91
2013-02-25,平安银行,000001,3.65,4.03,3.64,3.92,3.6,616301,1218835616.0,1.98,8.89
2013-02-22,平安银行,000001,3.74,3.81,3.54,3.6,3.77,468595,907188832.0,1.51,-4.51
2013-02-21,平安银行,000001,3.92,3.92,3.58,3.77,4.03,740245,1445657248.0,2.38,-6.45
2013-02-20,平安银行,000001,4.23,4.28,3.81,4.03,4.21,659158,1324230512.0,2.12,-4.28
2013-02-19,平安银行,000001,4.21,4.32,4.16,4.21,4.24,486508,1017085040.0,1.57,-0.71
2013-02-18,平安银行,000001,4.25,4.46,4.18,4.24,4.19,421813,887486896.0,1.36,1.19
2013-02-08,平安银行,000001,4.2,4.3,4.06,4.19,4.23,462025,958773536.0,1.49,-0.95
2013-02-07,平安银行,000001,4.53,4.57,4.03,4.23,4.59,586127,1230117760.0,1.89,-7.84
2013-02-06,平安银行,000001,4.53,4.63,4.44,4.59,4.56,380827,827479696.0,1.23,0.66
2013-02-05,平安银行,000001,4.55,4.7,4.35,4.56,4.65,426891,927037952.0,1.37,-1.94
2013-02-04,平安银行,000001,4.74,4.93,4.54,4.65,4.8,857420,1906659488.0,2.76,-3.13
2013-02-01,平安银行,000001,4.29,4.84,4.2,4.8,4.32,824080,1793445728.0,2.65,11.11
2013-01-31,平安银行,000001,4.38,4.4,4.21,4.32,4.4,415884,873902880.0,1.34,-1.82
2013-01-30,平安银行,000001,4.32,4.4,4.21,4.4,4.42,583625,1233766336.0,1.88,-0.45
2013-01-29,平安银行,000001,4.39,4.48,4.15,4.42,4.31,1082895,2288064736.0,3.49,2.55
2013-01-28,平安银行,000001,3.61,4.31,3.61,4.31,3.61,1163995,2365203184.0,3.75,19.39
2013-01-25,平安银行,000001,3.74,3.77,3.53,3.61,3.72,614312,1178016304.0,1.98,-2.96
2013-01-24,平安银行,000001,3.93,4.13,3.67,3.72,3.94,857236,1709191456.0,2.76,-5.58
2013-01-23,平安银行,000001,3.92,4.07,3.67,3.94,4.09,635698,1266082624.0,2.05,-3.67
2013-01-22,平安银行,000001,3.72,4.24,3.68,4.09,3.81,1068770,2167549632.0,3.44,7.35
2013-01-21,平安银行,000001,3.3,3.81,3.19,3.81,3.31,782136,1465651632.0,2.52,15.11
2013-01-18,平安银行,000001,3.15,3.35,3.05,3.31,3.1,665368,1201751664.0,2.14,6.77
2013-01-17,平安银行,000001,3.09,3.3,3.0,3.1,3.13,675772,1206432384.0,2.18,-0.96
2013-01-16,平安银行,000001,3.05,3.16,2.91,3.13,3.05,682701,1198986576.0,2.2,2.62
2013-01-15,平安银行,000001,2.88,3.17,2.87,3.05,2.87,984064,1719308608.0,3.17,6.27
2013-01-14,平安银行,000001,2.29,2.87,2.29,2.87,2.31,939896,1568842032.0,3.03,24.24
2013-01-11,平安银行,000001,2.42,2.49,2.27,2.31,2.42,251269,396184768.0,0.81,-4.55
2013-01-10,平安银行,000001,2.42,2.51,2.4,2.42,2.42,240030,383347728.0,0.77,0.0
2013-01-09,平安银行,000001,2.46,2.48,2.4,2.42,2.47,251329,399696176.0,0.81,-2.02
2013-01-08,平安银行,000001,2.58,2.61,2.42,2.47,2.58,312479,501360096.0,1.01,-4.26
2013-01-07,平安银行,000001,2.46,2.6,2.43,2.58,2.47,357169,578450480.0,1.15,4.45
2013-01-04,平安银行,000001,2.59,2.63,2.44,2.47,2.48,443851,717567552.0,1.43,-0.4
2012-12-31,平安银行,000001,2.37,2.53,2.35,2.48,2.33,378684,605187328.0,1.22,6.44
2012-12-28,平安银行,000001,2.27,2.39,2.24,2.33,2.28,242349,377652112.0,0.78,2.19
2012-12-27,平安银行,000001,2.27,2.31,2.21,2.28,2.24,283630,436845776.0,0.91,1.79
2012-12-26,平安银行,000001,2.25,2.27,2.2,2.24,2.26,308014,472347392.0,0.99,-0.88
2012-12-25,平安银行,000001,2.07,2.32,2.04,2.26,2.08,449881,691035808.0,1.45,8.65
2012-12-24,平安银行,000001,2.05,2.19,2.04,2.08,2.06,217778,327128896.0,0.7,0.97
2012-12-21,平安银行,000001,2.14,2.16,2.06,2.06,2.15,245272,366606688.0,0.79,-4.19
2012-12-20,平安银行,000001,2.15,2.16,2.03,2.15,2.18,293475,438977120.0,0.95,-1.38
2012-12-19,平安银行,000001,2.18,2.23,2.16,2.18,2.2,271576,413928576.0,0.87,-0.91
2012-12-18,平安银行,000001,2.16,2.28,2.12,2.2,2.19,411630,630112656.0,1.33,0.46
2012-12-17,平安银行,000001,2.18,2.23,2.11,2.19,2.18,487780,740677392.0,1.57,0.46
2012-12-14,平安银行,000001,1.76,2.18,1.76,2.18,1.77,774138,1143057888.0,2.49,23.16
2012-12-13,平安银行,000001,1.82,1.83,1.77,1.77,1.84,189649,268485664.0,0.61,-3.8
2012-12-12,平安银行,000001,1.8,1.89,1.78,1.84,1.79,227397,323505184.0,0.73,2.79
2012-12-11,平安银行,000001,1.82,1.88,1.78,1.79,1.86,260683,370736000.0,0.84,-3.76
2012-12-10,平安银行,000001,1.8,1.9,1.7,1.86,1.76,481814,681366288.0,1.55,5.68
2012-12-07,平安银行,000001,1.57,1.76,1.56,1.76,1.57,456568,632609120.0,1.47,12.1
2012-12-06,平安银行,000001,1.51,1.59,1.5,1.57,1.53,361015,486216800.0,1.16,2.61
2012-12-05,平安银行,000001,1.26,1.56,1.25,1.53,1.28,402364,532826192.0,1.3,19.53
2012-12-04,平安银行,000001,1.23,1.3,1.2,1.28,1.23,116924,147537061.0,0.38,4.07
2012-12-03,平安银行,000001,1.32,1.33,1.21,1.23,1.31,140728,177383533.0,0.45,-6.11
2012-11-30,平安银行,000001,1.28,1.34,1.28,1.31,1.29,96646,123711328.0,0.31,1.55
2012-11-29,平安银行,000001,1.42,1.42,1.29,1.29,1.42,204974,263156032.0,0.66,-9.15
2012-11-28,平安银行,000001,1.43,1.46,1.42,1.42,1.45,72136,94731376.0,0.23,-2.07
2012-11-27,平安银行,000001,1.42,1.46,1.41,1.45,1.43,88752,116511888.0,0.29,1.4
2012-11-26,平安银行,000001,1.47,1.48,1.42,1.43,1.48,57373,75519848.0,0.18,-3.38
2012-11-23,平安银行,000001,1.46,1.51,1.44,1.48,1.44,80318,106505904.0,0.26,2.78
2012-11-22,平安银行,000001,1.47,1.48,1.43,1.44,1.48,48589,63994756.0,0.16,-2.7
2012-11-21,平安银行,000001,1.4,1.5,1.38,1.48,1.42,107927,141558176.0,0.35,4.23
2012-11-20,平安银行,000001,1.42,1.43,1.36,1.42,1.42,79758,104041952.0,0.26,0.0
2012-11-19,平安银行,000001,1.39,1.43,1.36,1.42,1.42,98369,128001552.0,0.32,0.0
2012-11-16,平安银行,000001,1.42,1.44,1.36,1.42,1.44,147559,192143856.0,0.48,-1.39
2012-11-15,平安银行,000001,1.5,1.53,1.42,1.44,1.52,76520,101637296.0,0.25,-5.26
2012-11-14,平安银行,000001,1.57,1.57,1.51,1.52,1.54,75264,100889376.0,0.24,-1.3
2012-11-13,平安银行,000001,1.61,1.61,1.52,1.54,1.61,99935,134504032.0,0.32,-4.35
2012-11-12,平安银行,000001,1.53,1.61,1.52,1.61,1.54,145349,196914080.0,0.47,4.55
2012-11-09,平安银行,000001,1.52,1.55,1.51,1.54,1.52,62171,83239024.0,0.2,1.32
2012-11-08,平安银行,000001,1.55,1.58,1.52,1.52,1.59,84728,113907728.0,0.27,-4.4
2012-11-07,平安银行,000001,1.57,1.61,1.54,1.59,1.6,88169,119251176.0,0.28,-0.63
2012-11-06,平安银行,000001,1.6,1.61,1.52,1.6,1.61,130179,175738848.0,0.42,-0.62
2012-11-05,平安银行,000001,1.58,1.64,1.57,1.61,1.58,146755,199475088.0,0.47,1.9
2012-11-02,平安银行,000001,1.52,1.59,1.52,1.58,1.52,163337,219877328.0,0.53,3.95
2012-11-01,平安银行,000001,1.44,1.57,1.44,1.52,1.44,138003,184644048.0,0.44,5.56
2012-10-31,平安银行,000001,1.43,1.46,1.41,1.44,1.42,75125,98717440.0,0.24,1.41
2012-10-30,平安银行,000001,1.36,1.44,1.36,1.42,1.36,142922,186512272.0,0.46,4.41
2012-10-29,平安银行,000001,1.35,1.4,1.34,1.36,1.36,129642,167853280.0,0.42,0.0
2012-10-26,平安银行,000001,1.48,1.5,1.35,1.36,1.46,171380,224201696.0,0.55,-6.85
2012-10-25,平安银行,000001,1.5,1.51,1.46,1.46,1.49,123378,163551584.0,0.4,-2.01
2012-10-24,平安银行,000001,1.48,1.53,1.47,1.49,1.5,89953,119926216.0,0.29,-0.67
2012-10-23,平安银行,000001,1.56,1.57,1.48,1.5,1.56,116808,156357632.0,0.38,-3.85
2012-10-22,平安银行,000001,1.52,1.57,1.49,1.56,1.54,134089,179787008.0,0.43,1.3
2012-10-19,平安银行,000001,1.54,1.55,1.52,1.54,1.53,100713,135099120.0,0.32,0.65
2012-10-18,平安银行,000001,1.49,1.55,1.48,1.53,1.48,159179,214090080.0,0.51,3.38
2012-10-17,平安银行,000001,1.45,1.49,1.43,1.48,1.43,121881,162229776.0,0.39,3.5
2012-10-16,平安银行,000001,1.4,1.48,1.38,1.43,1.39,126346,167235920.0,0.41,2.88
2012-10-15,平安银行,000001,1.46,1.46,1.37,1.39,1.46,89119,117114360.0,0.29,-4.79
2012-10-12,平安银行,000001,1.45,1.51,1.43,1.46,1.43,101452,135067776.0,0.33,2.1
2012-10-11,平安银行,000001,1.46,1.46,1.42,1.43,1.46,95748,126809880.0,0.31,-2.05
2012-10-10,平安银行,000001,1.46,1.46,1.42,1.46,1.46,99766,132165224.0,0.32,0.0
2012-10-09,平安银行,000001,1.35,1.47,1.35,1.46,1.34,164816,218229440.0,0.53,8.96
2012-10-08,平安银行,000001,1.4,1.43,1.31,1.34,1.4,106386,138955168.0,0.34,-4.29
2012-09-28,平安银行,000001,1.33,1.4,1.31,1.4,1.36,150958,196802880.0,0.49,2.94
2012-09-27,平安银行,000001,1.22,1.44,1.22,1.36,1.22,215387,279689536.0,0.69,11.48
2012-09-26,平安银行,000001,1.26,1.27,1.21,1.22,1.26,70789,89861904.0,0.23,-3.17
2012-09-25,平安银行,000001,1.31,1.31,1.24,1.26,1.32,98826,126342880.0,0.32,-4.55
2012-09-24,平安银行,000001,1.29,1.35,1.2,1.32,1.31,179056,228728960.0,0.58,0.76
2012-09-21,平安银行,000001,1.35,1.36,1.29,1.31,1.35,157513,203492208.0,0.51,-2.96
2012-09-20,平安银行,000001,1.46,1.46,1.35,1.35,1.47,181346,237807072.0,0.58,-8.16
2012-09-19,平安银行,000001,1.54,1.56,1.43,1.47,1.53,184346,245924736.0,0.59,-3.92
2012-09-18,平安银行,000001,1.6,1.6,1.53,1.53,1.61,122502,166389840.0,0.39,-4.97
2012-09-17,平安银行,000001,1.72,1.72,1.6,1.61,1.73,114714,158729296.0,0.37,-6.94
2012-09-14,平安银行,000001,1.7,1.76,1.66,1.73,1.67,153273,214681376.0,0.49,3.59
2012-09-13,平安银行,000001,1.7,1.72,1.67,1.67,1.7,82443,115132800.0,0.27,-1.76
2012-09-12,平安银行,000001,1.74,1.77,1.66,1.7,1.72,122453,171431984.0,0.39,-1.16
2012-09-11,平安银行,000001,1.72,1.73,1.68,1.72,1.74,87437,122118848.0,0.28,-1.15
2012-09-10,平安银行,000001,1.78,1.8,1.69,1.74,1.79,236778,332644832.0,0.76,-2.79
2012-09-07,平安银行,000001,1.64,1.86,1.63,1.79,1.61,281738,398458816.0,0.91,11.18
2012-09-06,平安银行,000001,1.58,1.62,1.55,1.61,1.57,103560,141626688.0,0.33,2.55
2012-09-05,平安银行,000001,1.66,1.67,1.55,1.57,1.67,172190,235084944.0,0.55,-5.99
2012-09-04,平安银行,000001,1.79,1.8,1.65,1.67,1.79,207756,290805056.0,0.67,-6.7
2012-09-03,平安银行,000001,1.79,1.82,1.78,1.79,1.78,101130,143818624.0,0.33,0.56
2012-08-31,平安银行,000001,1.8,1.87,1.78,1.78,1.81,85619,122564448.0,0.28,-1.66
2012-08-30,平安银行,000001,1.77,1.85,1.77,1.81,1.81,89873,128124856.0,0.29,0.0
2012-08-29,平安银行,000001,1.82,1.83,1.78,1.81,1.85,69484,99043800.0,0.22,-2.16
2012-08-28,平安银行,000001,1.76,1.88,1.72,1.85,1.75,159109,226308464.0,0.51,5.71
2012-08-27,平安银行,000001,1.84,1.85,1.73,1.75,1.85,167759,237771008.0,0.54,-5.41
2012-08-24,平安银行,000001,1.93,1.93,1.84,1.85,1.94,188179,271872000.0,0.61,-4.64
2012-08-23,平安银行,000001,1.96,1.98,1.91,1.94,1.95,131289,191921632.0,0.42,-0.51
2012-08-22,平安银行,000001,2.0,2.01,1.93,1.95,2.0,125183,183731120.0,0.4,-2.5
2012-08-21,平安银行,000001,2.02,2.03,1.98,2.0,2.02,130220,192757792.0,0.42,-0.99
2012-08-20,平安银行,000001,2.07,2.07,1.98,2.02,2.1,155795,231016480.0,0.5,-3.81
2012-08-17,平安银行,000001,2.04,2.11,2.03,2.1,2.04,103997,156222176.0,0.33,2.94
2012-08-16,平安银行,000001,2.08,2.09,2.02,2.04,2.11,146816,219340224.0,0.47,-3.32
2012-08-15,平安银行,000001,2.13,2.16,2.08,2.11,2.17,116142,175631856.0,0.37,-2.76
2012-08-14,平安银行,000001,2.08,2.18,2.05,2.17,2.08,180370,273064256.0,0.58,4.33
2012-08-13,平安银行,000001,2.11,2.14,2.08,2.08,2.1,107991,163090048.0,0.35,-0.95
2012-08-10,平安银行,000001,2.1,2.14,2.1,2.1,2.09,105498,159571472.0,0.34,0.48
2012-08-09,平安银行,000001,2.08,2.09,2.04,2.09,2.09,85751,128443488.0,0.28,0.0
2012-08-08,平安银行,000001,2.06,2.09,2.05,2.09,2.06,117542,176391104.0,0.38,1.46
2012-08-07,平安银行,000001,2.11,2.13,2.05,2.06,2.11,159826,239640608.0,0.51,-2.37
2012-08-06,平安银行,000001,2.12,2.15,2.11,2.11,2.13,153312,232307808.0,0.49,-0.94
2012-08-03,平安银行,000001,2.13,2.14,2.08,2.13,2.13,94387,142870688.0,0.3,0.0
2012-08-02,平安银行,000001,2.13,2.15,2.1,2.13,2.13,89077,134826272.0,0.29,0.0
2012-08-01,平安银行,000001,2.1,2.15,2.07,2.13,2.11,121867,184236832.0,0.39,0.95
2012-07-31,平安银行,000001,2.03,2.12,2.02,2.11,2.02,153135,230444672.0,0.49,4.46
2012-07-30,平安银行,000001,1.99,2.1,1.99,2.02,1.98,118426,176839232.0,0.38,2.02
2012-07-27,平安银行,000001,1.97,2.05,1.95,1.98,1.95,109661,162335584.0,0.35,1.54
2012-07-26,平安银行,000001,1.94,2.01,1.93,1.95,1.94,72903,107285512.0,0.23,0.52
2012-07-25,平安银行,000001,2.0,2.03,1.94,1.94,2.0,98405,144875472.0,0.32,-3.0
2012-07-24,平安银行,000001,1.98,2.06,1.98,2.0,2.01,100943,149950272.0,0.33,-0.5
2012-07-23,平安银行,000001,1.99,2.01,1.95,2.01,2.02,150494,221835968.0,0.48,-0.5
2012-07-20,平安银行,000001,2.03,2.06,2.01,2.02,2.08,106734,158679776.0,0.34,-2.88
2012-07-19,平安银行,000001,2.07,2.11,2.03,2.08,2.08,136264,204768496.0,0.44,0.0
2012-07-18,平安银行,000001,2.07,2.08,2.02,2.08,2.08,75612,112967984.0,0.24,0.0
2012-07-17,平安银行,000001,2.02,2.09,2.01,2.08,2.02,91601,136786576.0,0.29,2.97
2012-07-16,平安银行,000001,2.07,2.1,2.02,2.02,2.07,108603,162268368.0,0.35,-2.42
2012-07-13,平安银行,000001,2.0,2.12,1.98,2.07,2.03,110700,165726976.0,0.36,1.97
2012-07-12,平安银行,000001,2.01,2.05,1.95,2.03,2.02,194731,287704672.0,0.63,0.5
2012-07-11,平安银行,000001,2.02,2.06,1.99,2.02,2.04,75444,112224824.0,0.24,-0.98
2012-07-10,平安银行,000001,1.97,2.08,1.97,2.04,1.97,123710,183975552.0,0.4,3.55
2012-07-09,平安银行,000001,2.1,2.1,1.97,1.97,2.12,160952,238871824.0,0.52,-7.08
2012-07-06,平安银行,000001,2.06,2.15,1.98,2.12,2.14,165455,247858064.0,0.53,-0.93
2012-07-05,平安银行,000001,2.16,2.19,2.13,2.14,2.18,102897,156808688.0,0.33,-1.83
2012-07-04,平安银行,000001,2.12,2.25,2.12,2.18,2.12,197670,302421600.0,0.64,2.83
2012-07-03,平安银行,000001,2.11,2.18,2.08,2.12,2.13,123728,187834400.0,0.4,-0.47
2012-07-02,平安银行,000001,2.16,2.16,2.07,2.13,2.13,155645,234575312.0,0.5,0.0
2012-06-29,平安银行,000001,1.99,2.16,1.97,2.13,1.98,184555,278224192.0,0.59,7.58
2012-06-28,平安银行,000001,2.02,2.06,1.97,1.98,2.02,100847,149964624.0,0.32,-1.98
2012-06-27,平安银行,000001,2.04,2.06,2.0,2.02,2.04,81776,121766280.0,0.26,-0.98
2012-06-26,平安银行,000001,2.01,2.08,2.0,2.04,1.99,134924,201321552.0,0.43,2.51
2012-06-25,平安银行,000001,2.03,2.1,1.99,1.99,2.04,164358,245383808.0,0.53,-2.45
2012-06-21,平安银行,000001,2.15,2.16,2.02,2.04,2.16,144833,217217296.0,0.47,-5.56
2012-06-20,平安银行,000001,2.19,2.25,2.15,2.16,2.16,143707,220127616.0,0.46,0.0
2012-06-19,平安银行,000001,2.13,2.21,2.11,2.16,2.15,149925,228553088.0,0.48,0.47
2012-06-18,平安银行,000001,2.12,2.16,2.1,2.15,2.13,198733,301170880.0,0.64,0.94
2012-06-15,平安银行,000001,1.97,2.2,1.97,2.13,1.94,422952,636342592.0,1.36,9.79
2012-06-14,平安银行,000001,1.99,2.01,1.93,1.94,2.02,130478,191929248.0,0.42,-3.96
2012-06-13,平安银行,000001,1.92,2.04,1.89,2.02,1.9,260117,383736096.0,0.84,6.32
2012-06-12,平安银行,000001,1.97,1.99,1.87,1.9,2.0,298155,434459168.0,0.96,-5.0
2012-06-11,平安银行,000001,2.02,2.05,1.97,2.0,2.01,265509,393125600.0,0.86,-0.5
2012-06-08,平安银行,000001,2.16,2.17,1.99,2.01,2.15,397557,593133504.0,1.28,-6.51
2012-06-07,平安银行,000001,2.23,2.25,2.14,2.15,2.19,131302,201455936.0,0.42,-1.83
2012-06-06,平安银行,000001,2.18,2.2,2.16,2.19,2.17,188860,288959584.0,0.61,0.92
2012-06-05,平安银行,000001,2.23,2.24,2.17,2.17,2.22,246144,377715360.0,0.79,-2.25
2012-06-04,平安银行,000001,2.29,2.31,2.21,2.22,2.36,171778,266890992.0,0.55,-5.93
2012-06-01,平安银行,000001,2.33,2.39,2.31,2.36,2.32,158353,249589888.0,0.51,1.72
2012-05-31,平安银行,000001,2.32,2.35,2.28,2.32,2.33,153251,239888128.0,0.49,-0.43
2012-05-30,平安银行,000001,2.38,2.39,2.29,2.33,2.41,217126,341898720.0,0.7,-3.32
2012-05-29,平安银行,000001,2.36,2.42,2.31,2.41,2.37,286809,453701952.0,0.92,1.69
2012-05-28,平安银行,000001,2.3,2.37,2.26,2.37,2.3,137202,215529424.0,0.44,3.04
2012-05-25,平安银行,000001,2.33,2.35,2.29,2.3,2.33,98929,154918944.0,0.32,-1.29
2012-05-24,平安银行,000001,2.39,2.4,2.32,2.33,2.42,194074,305714016.0,0.62,-3.72
2012-05-22,平安银行,000001,2.37,2.43,2.37,2.42,2.35,113599,180941168.0,0.37,2.98
2012-05-21,平安银行,000001,2.33,2.38,2.33,2.35,2.33,85695,135114976.0,0.28,0.86
2012-05-18,平安银行,000001,2.36,2.4,2.31,2.33,2.41,157863,248755808.0,0.51,-3.32
2012-05-17,平安银行,000001,2.36,2.42,2.35,2.41,2.35,133390,211749264.0,0.43,2.55
2012-05-16,平安银行,000001,2.44,2.44,2.35,2.35,2.44,150305,238216896.0,0.48,-3.69
2012-05-15,平安银行,000001,2.4,2.46,2.36,2.44,2.41,134455,213764768.0,0.43,1.24
2012-05-14,平安银行,000001,2.49,2.49,2.4,2.41,2.44,206960,332240256.0,0.67,-1.23
2012-05-11,平安银行,000001,2.48,2.51,2.44,2.44,2.48,162520,261354032.0,0.52,-1.61
2012-05-10,平安银行,000001,2.49,2.53,2.46,2.48,2.49,129428,209027536.0,0.42,-0.4
2012-05-09,平安银行,000001,2.6,2.61,2.48,2.49,2.63,213677,347527136.0,0.69,-5.32
2012-05-08,平安银行,000001,2.64,2.65,2.6,2.63,2.65,175130,289312160.0,0.56,-0.75
2012-05-07,平安银行,000001,2.66,2.7,2.61,2.65,2.69,255731,423783680.0,0.82,-1.49
2012-05-04,平安银行,000001,2.66,2.7,2.64,2.69,2.66,140296,233813680.0,0.45,1.13
2012-05-03,平安银行,000001,2.72,2.74,2.66,2.66,2.72,161487,269467360.0,0.52,-2.21
2012-05-02,平安银行,000001,2.7,2.78,2.67,2.72,2.64,261172,438591392.0,0.84,3.03
2012-04-27,平安银行,000001,2.66,2.71,2.61,2.64,2.65,166617,277246080.0,0.54,-0.38
2012-04-26,平安银行,000001,2.75,2.76,2.6,2.65,2.75,283414,470733984.0,0.91,-3.64
2012-04-25,平安银行,000001,2.66,2.75,2.65,2.75,2.71,208924,350401184.0,0.67,1.48
2012-04-24,平安银行,000001,2.58,2.84,2.57,2.71,2.59,478040,802959360.0,1.54,4.63
2012-04-23,平安银行,000001,2.63,2.66,2.56,2.59,2.65,197381,325312448.0,0.64,-2.26
2012-04-20,平安银行,000001,2.54,2.65,2.53,2.65,2.57,258075,426240160.0,0.83,3.11
2012-04-19,平安银行,000001,2.54,2.57,2.51,2.57,2.53,137392,223742896.0,0.44,1.58
2012-04-18,平安银行,000001,2.44,2.55,2.44,2.53,2.43,159601,258852704.0,0.51,4.12
2012-04-17,平安银行,000001,2.49,2.52,2.43,2.43,2.5,118951,191093632.0,0.38,-2.8
2012-04-16,平安银行,000001,2.5,2.56,2.46,2.5,2.54,133673,216401792.0,0.43,-1.57
2012-04-13,平安银行,000001,2.56,2.66,2.51,2.54,2.55,337745,554098560.0,1.09,-0.39
2012-04-12,平安银行,000001,2.38,2.56,2.35,2.55,2.37,275779,443771872.0,0.89,7.59
2012-04-11,平安银行,000001,2.32,2.41,2.31,2.37,2.39,105144,166106128.0,0.34,-0.84
2012-04-10,平安银行,000001,2.33,2.4,2.28,2.39,2.35,196999,308914112.0,0.63,1.7
2012-04-09,平安银行,000001,2.4,2.4,2.33,2.35,2.43,93197,147459888.0,0.3,-3.29
2012-04-06,平安银行,000001,2.33,2.44,2.3,2.43,2.34,193876,306955616.0,0.62,3.85
2012-04-05,平安银行,000001,2.33,2.36,2.24,2.34,2.33,183793,287161664.0,0.59,0.43
2012-03-30,平安银行,000001,2.3,2.34,2.29,2.33,2.28,106312,166628768.0,0.34,2.19
2012-03-29,平安银行,000001,2.36,2.36,2.24,2.28,2.36,188866,295267360.0,0.61,-3.39
2012-03-28,平安银行,000001,2.46,2.47,2.35,2.36,2.46,204483,325213024.0,0.66,-4.07
2012-03-27,平安银行,000001,2.48,2.49,2.45,2.46,2.45,111209,179214160.0,0.36,0.41
2012-03-26,平安银行,000001,2.44,2.46,2.43,2.45,2.44,82461,132200784.0,0.27,0.41
2012-03-23,平安银行,000001,2.48,2.48,2.42,2.44,2.5,119016,190843184.0,0.38,-2.4
2012-03-22,平安银行,000001,2.48,2.54,2.42,2.5,2.47,179388,288804704.0,0.58,1.21
2012-03-21,平安银行,000001,2.51,2.52,2.44,2.47,2.46,150404,242481936.0,0.48,0.41
2012-03-20,平安银行,000001,2.55,2.55,2.45,2.46,2.56,203040,328052064.0,0.65,-3.91
2012-03-19,平安银行,000001,2.56,2.58,2.51,2.56,2.58,167465,272964672.0,0.54,-0.78
2012-03-16,平安银行,000001,2.53,2.58,2.49,2.58,2.53,167866,273741696.0,0.54,1.98
2012-03-15,平安银行,000001,2.61,2.65,2.53,2.53,2.61,258049,423785024.0,0.83,-3.07
2012-03-14,平安银行,000001,2.77,2.81,2.59,2.61,2.74,439964,738597760.0,1.42,-4.74
2012-03-13,平安银行,000001,2.71,2.75,2.68,2.74,2.69,237531,398818624.0,0.76,1.86
2012-03-12,平安银行,000001,2.75,2.75,2.67,2.69,2.75,270648,451971840.0,0.87,-2.18
2012-03-09,平安银行,000001,2.76,2.78,2.67,2.75,2.81,530536,891070592.0,1.71,-2.14
2012-03-08,平安银行,000001,2.77,2.86,2.74,2.81,2.72,288783,491703680.0,0.93,3.31
2012-03-07,平安银行,000001,2.72,2.81,2.71,2.72,2.78,201371,339797440.0,0.65,-2.16
2012-03-06,平安银行,000001,2.87,2.91,2.76,2.78,2.89,331374,565065408.0,1.07,-3.81
2012-03-05,平安银行,000001,2.99,3.08,2.88,2.89,2.97,350417,614488192.0,1.13,-2.69
2012-03-02,平安银行,000001,2.88,2.98,2.88,2.97,2.88,290973,505353984.0,0.94,3.13
2012-03-01,平安银行,000001,2.83,2.96,2.82,2.88,2.83,291621,504303648.0,0.94,1.77
2012-02-29,平安银行,000001,2.89,2.89,2.8,2.83,2.89,263025,451402720.0,0.85,-2.08
2012-02-28,平安银行,000001,2.77,2.97,2.76,2.89,2.77,460142,793134976.0,1.48,4.33
2012-02-27,平安银行,000001,2.76,2.87,2.71,2.77,2.75,447617,759502528.0,1.44,0.73
2012-02-24,平安银行,000001,2.69,2.75,2.63,2.75,2.66,364105,609181824.0,1.17,3.38
2012-02-23,平安银行,000001,2.66,2.71,2.65,2.66,2.66,226268,376851584.0,0.73,0.0
2012-02-22,平安银行,000001,2.61,2.67,2.59,2.66,2.61,317398,525337440.0,1.02,1.92
2012-02-21,平安银行,000001,2.61,2.63,2.56,2.61,2.6,150265,247188096.0,0.48,0.38
2012-02-20,平安银行,000001,2.7,2.71,2.59,2.6,2.6,224206,372071616.0,0.72,0.0
2012-02-17,平安银行,000001,2.63,2.64,2.58,2.6,2.6,150690,248573520.0,0.49,0.0
2012-02-16,平安银行,000001,2.66,2.69,2.57,2.6,2.66,273692,451825408.0,0.88,-2.26
2012-02-15,平安银行,000001,2.65,2.71,2.6,2.66,2.65,201306,334137664.0,0.65,0.38
2012-02-14,平安银行,000001,2.67,2.7,2.61,2.65,2.68,108546,179835120.0,0.35,-1.12
2012-02-13,平安银行,000001,2.72,2.73,2.65,2.68,2.76,215067,359692320.0,0.69,-2.9
2012-02-10,平安银行,000001,2.72,2.79,2.72,2.76,2.76,182118,307363104.0,0.59,0.0
2012-02-08,平安银行,000001,2.65,2.8,2.65,2.76,2.65,172273,290646912.0,0.55,4.15
2012-02-07,平安银行,000001,2.7,2.72,2.63,2.65,2.74,122086,203101568.0,0.39,-3.28
2012-02-06,平安银行,000001,2.8,2.8,2.71,2.74,2.79,157808,266559520.0,0.51,-1.79
2012-02-03,平安银行,000001,2.75,2.81,2.69,2.79,2.77,229964,388800512.0,0.74,0.72
2012-02-02,平安银行,000001,2.62,2.78,2.6,2.77,2.6,244623,410098464.0,0.79,6.54
2012-02-01,平安银行,000001,2.65,2.72,2.59,2.6,2.67,185159,307694784.0,0.6,-2.62
2012-01-31,平安银行,000001,2.7,2.72,2.62,2.67,2.69,173265,288275840.0,0.56,-0.74
2012-01-30,平安银行,000001,2.73,2.78,2.66,2.69,2.72,332988,558095296.0,1.07,-1.1
2012-01-20,平安银行,000001,2.7,2.78,2.55,2.72,2.36,586676,972826816.0,1.89,15.25
2012-01-09,平安银行,000001,2.2,2.37,2.16,2.36,2.2,221139,345938688.0,0.71,7.27
2012-01-06,平安银行,000001,2.2,2.26,2.13,2.2,2.21,133151,204143664.0,0.43,-0.45
2012-01-05,平安银行,000001,2.13,2.27,2.12,2.21,2.13,244080,375880608.0,0.79,3.76
2012-01-04,平安银行,000001,2.29,2.29,2.13,2.13,2.29,147911,227563712.0,0.48,-6.99
2011-12-30,平安银行,000001,2.2,2.29,2.18,2.29,2.19,261487,402708864.0,0.84,4.57
2011-12-29,平安银行,000001,2.16,2.23,2.15,2.19,2.18,128593,197105648.0,0.41,0.46
2011-12-28,平安银行,000001,2.23,2.28,2.11,2.18,2.25,113179,173347072.0,0.36,-3.11
2011-12-27,平安银行,000001,2.22,2.29,2.22,2.25,2.23,138798,214959824.0,0.45,0.9
2011-12-26,平安银行,000001,2.22,2.27,2.2,2.23,2.23,73776,113827424.0,0.24,0.0
2011-12-23,平安银行,000001,2.23,2.29,2.2,2.23,2.24,99465,153908336.0,0.32,-0.45
2011-12-22,平安银行,000001,2.19,2.28,2.15,2.24,2.2,109849,168904816.0,0.35,1.82
2011-12-21,平安银行,000001,2.24,2.3,2.19,2.2,2.19,146609,227230416.0,0.47,0.46
2011-12-20,平安银行,000001,2.18,2.28,2.17,2.19,2.2,94638,146041760.0,0.3,-0.45
2011-12-19,平安银行,000001,2.14,2.24,2.08,2.2,2.18,128101,194558352.0,0.41,0.92
2011-12-16,平安银行,000001,2.1,2.21,2.05,2.18,2.09,157378,238364624.0,0.51,4.31
2011-12-15,平安银行,000001,2.26,2.28,2.08,2.09,2.29,192737,294609856.0,0.62,-8.73
2011-12-14,平安银行,000001,2.32,2.35,2.25,2.29,2.32,84931,132825568.0,0.27,-1.29
2011-12-13,平安银行,000001,2.36,2.41,2.31,2.32,2.38,190004,300294560.0,0.61,-2.52
2011-12-12,平安银行,000001,2.38,2.42,2.33,2.38,2.38,86331,137072016.0,0.28,0.0
2011-12-09,平安银行,000001,2.39,2.42,2.36,2.38,2.41,86863,137984144.0,0.28,-1.24
2011-12-08,平安银行,000001,2.45,2.48,2.37,2.41,2.45,187052,298946848.0,0.6,-1.63
2011-12-07,平安银行,000001,2.4,2.49,2.38,2.45,2.42,148624,238162240.0,0.48,1.24
2011-12-05,平安银行,000001,2.41,2.45,2.33,2.42,2.42,113491,180714656.0,0.37,0.0
2011-12-02,平安银行,000001,2.37,2.44,2.34,2.42,2.39,181860,289399904.0,0.59,1.26
2011-12-01,平安银行,000001,2.41,2.53,2.38,2.39,2.26,411832,660688128.0,1.33,5.75
2011-11-30,平安银行,000001,2.42,2.42,2.25,2.26,2.42,191657,299555296.0,0.62,-6.61
2011-11-29,平安银行,000001,2.41,2.44,2.36,2.42,2.36,156495,249152272.0,0.5,2.54
2011-11-28,平安银行,000001,2.37,2.41,2.33,2.36,2.36,98132,155001376.0,0.32,0.0
2011-11-25,平安银行,000001,2.34,2.38,2.32,2.36,2.38,84463,133224384.0,0.27,-0.84
2011-11-24,平安银行,000001,2.33,2.41,2.29,2.38,2.35,121464,191344448.0,0.39,1.28
2011-11-23,平安银行,000001,2.47,2.49,2.33,2.35,2.45,188944,299733088.0,0.61,-4.08
2011-11-22,平安银行,000001,2.4,2.48,2.37,2.45,2.42,132818,212748304.0,0.43,1.24
2011-11-21,平安银行,000001,2.42,2.42,2.36,2.42,2.42,136737,217304752.0,0.44,0.0
2011-11-18,平安银行,000001,2.4,2.46,2.38,2.42,2.43,143869,229649104.0,0.46,-0.41
2011-11-17,平安银行,000001,2.46,2.48,2.41,2.43,2.45,109619,175962320.0,0.35,-0.82
2011-11-16,平安银行,000001,2.61,2.61,2.42,2.45,2.61,199272,322231072.0,0.64,-6.13
2011-11-15,平安银行,000001,2.68,2.7,2.57,2.61,2.7,217089,357983648.0,0.7,-3.33
2011-11-14,平安银行,000001,2.68,2.74,2.64,2.7,2.64,179251,299361824.0,0.58,2.27
2011-11-11,平安银行,000001,2.71,2.74,2.62,2.64,2.72,165267,274797632.0,0.53,-2.94
2011-11-10,平安银行,000001,2.72,2.79,2.69,2.72,2.78,158437,266509040.0,0.51,-2.16
2011-11-09,平安银行,000001,2.72,2.78,2.68,2.78,2.7,113553,190845600.0,0.37,2.96
2011-11-08,平安银行,000001,2.7,2.75,2.67,2.7,2.7,96705,162043536.0,0.31,0.0
2011-11-07,平安银行,000001,2.74,2.77,2.66,2.7,2.79,129577,217220448.0,0.42,-3.23
2011-11-04,平安银行,000001,2.8,2.82,2.74,2.79,2.75,133396,226230000.0,0.43,1.45
2011-11-03,平安银行,000001,2.84,2.87,2.72,2.75,2.84,262329,445806720.0,0.84,-3.17
2011-11-02,平安银行,000001,2.67,2.84,2.66,2.84,2.74,190694,320967360.0,0.61,3.65
2011-11-01,平安银行,000001,2.71,2.84,2.68,2.74,2.75,179310,303128864.0,0.58,-0.36
2011-10-31,平安银行,000001,2.81,2.83,2.66,2.75,2.81,141767,238721168.0,0.46,-2.14
2011-10-28,平安银行,000001,2.8,2.87,2.75,2.81,2.7,284957,484862592.0,0.92,4.07
2011-10-27,平安银行,000001,2.71,2.77,2.66,2.7,2.71,146501,245495552.0,0.47,-0.37
2011-10-26,平安银行,000001,2.67,2.77,2.65,2.71,2.67,244162,410238816.0,0.79,1.5
2011-10-25,平安银行,000001,2.62,2.71,2.58,2.67,2.63,199574,331621152.0,0.64,1.52
2011-10-24,平安银行,000001,2.47,2.68,2.41,2.63,2.45,240590,394450688.0,0.77,7.35
2011-10-21,平安银行,000001,2.4,2.5,2.35,2.45,2.36,140827,225852448.0,0.45,3.81
2011-10-20,平安银行,000001,2.44,2.45,2.33,2.36,2.46,92459,146319936.0,0.3,-4.07
2011-10-19,平安银行,000001,2.48,2.54,2.44,2.46,2.44,82374,132855568.0,0.27,0.82
2011-10-18,平安银行,000001,2.58,2.59,2.43,2.44,2.63,138013,223255648.0,0.44,-7.22
2011-10-17,平安银行,000001,2.61,2.69,2.59,2.63,2.57,117115,194055200.0,0.38,2.33
2011-10-14,平安银行,000001,2.54,2.59,2.48,2.57,2.56,86953,141751920.0,0.28,0.39
2011-10-13,平安银行,000001,2.53,2.59,2.52,2.56,2.57,145065,236989024.0,0.47,-0.39
2011-10-12,平安银行,000001,2.27,2.58,2.25,2.57,2.31,274472,442778752.0,0.88,11.26
2011-10-11,平安银行,000001,2.44,2.47,2.27,2.31,2.25,214649,339237344.0,0.69,2.67
2011-10-10,平安银行,000001,2.42,2.45,2.24,2.25,2.45,209656,326892320.0,0.68,-8.16
2011-09-30,平安银行,000001,2.46,2.52,2.44,2.45,2.45,142040,228902896.0,0.46,0.0
2011-09-29,平安银行,000001,2.4,2.48,2.38,2.45,2.44,113158,181407712.0,0.36,0.41
2011-09-28,平安银行,000001,2.54,2.54,2.4,2.44,2.5,96703,155237152.0,0.31,-2.4
2011-09-27,平安银行,000001,2.51,2.54,2.4,2.5,2.45,137618,221845888.0,0.44,2.04
2011-09-26,平安银行,000001,2.59,2.71,2.43,2.45,2.66,198138,322611456.0,0.64,-7.89
2011-09-23,平安银行,000001,2.58,2.74,2.55,2.66,2.69,151811,250805296.0,0.49,-1.12
2011-09-22,平安银行,000001,2.75,2.78,2.68,2.69,2.82,156448,262524752.0,0.5,-4.61
2011-09-21,平安银行,000001,2.7,2.87,2.66,2.82,2.7,183686,312327648.0,0.59,4.44
2011-09-20,平安银行,000001,2.63,2.77,2.62,2.7,2.65,77127,128974784.0,0.25,1.89
2011-09-19,平安银行,000001,2.73,2.73,2.64,2.65,2.8,105998,176591136.0,0.34,-5.36
2011-09-16,平安银行,000001,2.67,2.83,2.66,2.8,2.64,369535,626906560.0,1.19,6.06
2011-09-15,平安银行,000001,2.6,2.68,2.58,2.64,2.59,170642,282498720.0,0.55,1.93
2011-09-14,平安银行,000001,2.63,2.65,2.49,2.59,2.62,147227,241207200.0,0.47,-1.15
2011-09-13,平安银行,000001,2.51,2.63,2.49,2.62,2.61,103205,168927616.0,0.33,0.38
2011-09-09,平安银行,000001,2.67,2.75,2.57,2.61,2.64,106629,176663296.0,0.34,-1.14
2011-09-08,平安银行,000001,2.67,2.7,2.62,2.64,2.67,100767,167311104.0,0.32,-1.12
2011-09-07,平安银行,000001,2.61,2.71,2.56,2.67,2.57,130072,215260560.0,0.42,3.89
2011-09-06,平安银行,000001,2.56,2.62,2.54,2.57,2.6,113506,185902896.0,0.37,-1.15
2011-09-05,平安银行,000001,2.65,2.68,2.57,2.6,2.77,138286,228178080.0,0.45,-6.14
2011-09-01,平安银行,000001,2.74,2.82,2.72,2.77,2.74,114654,193932848.0,0.37,1.09
2011-08-31,平安银行,000001,2.69,2.8,2.63,2.74,2.68,130434,218858304.0,0.42,2.24
2011-08-30,平安银行,000001,2.73,2.84,2.68,2.68,2.7,220005,371612128.0,0.71,-0.74
2011-08-29,平安银行,000001,2.8,2.8,2.64,2.7,2.93,451871,755956224.0,1.46,-7.85
2011-08-26,平安银行,000001,2.87,2.94,2.84,2.93,2.92,258558,446200768.0,0.83,0.34
2011-08-25,平安银行,000001,2.62,2.93,2.58,2.92,2.58,465354,793665408.0,1.5,13.18
2011-08-24,平安银行,000001,2.68,2.7,2.56,2.58,2.67,125209,207818928.0,0.4,-3.37
2011-08-23,平安银行,000001,2.59,2.69,2.57,2.67,2.59,104655,173121392.0,0.34,3.09
2011-08-22,平安银行,000001,2.63,2.67,2.53,2.59,2.65,128073,210393776.0,0.41,-2.26
2011-08-19,平安银行,000001,2.58,2.66,2.54,2.65,2.7,155451,255822480.0,0.5,-1.85
2011-08-18,平安银行,000001,2.83,2.92,2.68,2.7,2.82,252460,427197376.0,0.81,-4.26
2011-08-16,平安银行,000001,2.83,2.9,2.79,2.82,2.84,197818,338285312.0,0.64,-0.7
2011-08-15,平安银行,000001,2.67,2.89,2.57,2.84,2.67,308528,519120704.0,0.99,6.37
2011-08-12,平安银行,000001,2.61,2.69,2.58,2.67,2.59,180534,297982240.0,0.58,3.09
2011-08-11,平安银行,000001,2.37,2.61,2.36,2.59,2.47,189874,308443424.0,0.61,4.86
2011-08-10,平安银行,000001,2.53,2.58,2.46,2.47,2.45,182984,297294720.0,0.59,0.82
2011-08-09,平安银行,000001,2.34,2.52,2.27,2.45,2.44,270886,430794176.0,0.87,0.41
2011-08-08,平安银行,000001,2.52,2.62,2.35,2.44,2.54,250348,403626912.0,0.81,-3.94
2011-08-05,平安银行,000001,2.63,2.66,2.54,2.54,2.76,248270,408435584.0,0.8,-7.97
2011-08-04,平安银行,000001,2.76,2.87,2.75,2.76,2.75,115023,195599888.0,0.37,0.36
2011-08-03,平安银行,000001,2.72,2.83,2.7,2.75,2.8,141945,240147616.0,0.46,-1.79
2011-08-02,平安银行,000001,2.82,2.84,2.7,2.8,2.87,193883,327409984.0,0.62,-2.44
2011-08-01,平安银行,000001,2.87,2.99,2.79,2.87,2.92,207920,358426368.0,0.67,-1.71
2011-07-29,平安银行,000001,2.77,3.07,2.69,2.92,2.74,313508,541258944.0,1.01,6.57
2011-07-28,平安银行,000001,2.8,2.8,2.7,2.74,2.86,187806,316189440.0,0.6,-4.2
2011-07-27,平安银行,000001,2.82,2.92,2.8,2.86,2.88,150079,258034528.0,0.48,-0.69
2011-07-26,平安银行,000001,2.75,2.91,2.72,2.88,2.75,173242,296943872.0,0.56,4.73
2011-07-25,平安银行,000001,2.83,2.89,2.71,2.75,2.87,197070,335512640.0,0.63,-4.18
2011-07-22,平安银行,000001,2.89,2.96,2.85,2.87,2.86,122733,211870048.0,0.4,0.35
2011-07-21,平安银行,000001,2.99,3.0,2.86,2.86,2.99,188971,326948288.0,0.61,-4.35
2011-07-20,平安银行,000001,3.05,3.06,2.93,2.99,2.99,145935,255516288.0,0.47,0.0
2011-07-19,平安银行,000001,3.07,3.07,2.97,2.99,3.14,219355,385645088.0,0.71,-4.78
2011-07-18,平安银行,000001,3.16,3.21,3.08,3.14,3.16,197815,354921792.0,0.64,-0.63
2011-07-15,平安银行,000001,3.0,3.23,2.94,3.16,3.01,375738,671466240.0,1.21,4.98
2011-07-14,平安银行,000001,3.0,3.03,2.93,3.01,2.99,244478,428448992.0,0.79,0.67
2011-07-13,平安银行,000001,2.89,3.06,2.84,2.99,2.8,324294,566412224.0,1.04,6.79
2011-07-12,平安银行,000001,2.89,2.9,2.78,2.8,2.94,245143,418118336.0,0.79,-4.76
2011-07-11,平安银行,000001,2.94,3.03,2.92,2.94,2.99,161735,282634272.0,0.52,-1.67
2011-07-08,平安银行,000001,2.9,3.09,2.88,2.99,2.9,269604,473536544.0,0.87,3.1
2011-07-07,平安银行,000001,2.98,3.03,2.85,2.9,2.88,337855,588625664.0,1.09,0.69
2011-07-06,平安银行,000001,2.91,2.93,2.82,2.88,2.94,206476,354627552.0,0.66,-2.04
2011-07-05,平安银行,000001,2.98,2.99,2.9,2.94,3.0,190560,331713600.0,0.61,-2.0
2011-07-04,平安银行,000001,2.79,3.0,2.79,3.0,2.77,378249,655990848.0,1.22,8.3
2011-07-01,平安银行,000001,2.85,2.85,2.74,2.77,2.82,248789,422094944.0,0.8,-1.77
2011-06-30,平安银行,000001,2.69,2.87,2.68,2.82,2.66,275840,468824288.0,0.89,6.02
2011-06-29,平安银行,000001,2.84,2.86,2.65,2.66,2.81,258982,435681888.0,0.83,-5.34
2011-06-28,平安银行,000001,2.94,2.94,2.72,2.81,2.83,206529,350987392.0,0.67,-0.71
2011-06-27,平安银行,000001,2.79,2.99,2.77,2.83,2.79,280933,483915168.0,0.9,1.43
2011-06-24,平安银行,000001,2.62,2.87,2.62,2.79,2.65,322826,547045568.0,1.04,5.28
2011-06-23,平安银行,000001,2.51,2.68,2.49,2.65,2.53,165889,272357056.0,0.53,4.74
2011-06-22,平安银行,000001,2.54,2.58,2.5,2.53,2.54,151940,247618688.0,0.49,-0.39
2011-06-21,平安银行,000001,2.46,2.55,2.43,2.54,2.44,193912,313896320.0,0.62,4.1
2011-06-20,平安银行,000001,2.4,2.45,2.35,2.44,2.4,122691,195132656.0,0.4,1.67
2011-06-17,平安银行,000001,2.45,2.48,2.38,2.4,2.42,191330,305942720.0,0.62,-0.83
2011-06-16,平安银行,000001,2.49,2.52,2.41,2.42,2.53,173851,279148928.0,0.56,-4.35
2011-06-15,平安银行,000001,2.6,2.66,2.53,2.53,2.62,168677,275973984.0,0.54,-3.44
2011-06-14,平安银行,000001,2.54,2.73,2.53,2.62,2.55,278984,463185184.0,0.9,2.75
2011-06-13,平安银行,000001,2.58,2.6,2.48,2.55,2.63,162823,265033184.0,0.52,-3.04
2011-06-10,平安银行,000001,2.62,2.71,2.58,2.63,2.63,145571,240550240.0,0.47,0.0
2011-06-09,平安银行,000001,2.65,2.73,2.63,2.63,2.69,120222,200273664.0,0.39,-2.23
2011-06-08,平安银行,000001,2.73,2.73,2.61,2.69,2.74,160759,267290816.0,0.52,-1.82
2011-06-07,平安银行,000001,2.63,2.77,2.6,2.74,2.69,146089,244067280.0,0.47,1.86
2011-06-03,平安银行,000001,2.66,2.72,2.61,2.69,2.69,154537,257350016.0,0.5,0.0
2011-06-02,平安银行,000001,2.87,2.92,2.61,2.69,2.95,439601,739553856.0,1.42,-8.81
2011-06-01,平安银行,000001,3.03,3.03,2.92,2.95,3.04,181035,316218016.0,0.58,-2.96
2011-05-31,平安银行,000001,3.0,3.06,2.86,3.04,3.0,193608,338686784.0,0.62,1.33
2011-05-30,平安银行,000001,2.97,3.05,2.89,3.0,3.01,150901,263972800.0,0.49,-0.33
2011-05-27,平安银行,000001,3.05,3.15,3.01,3.01,3.08,238331,423279648.0,0.77,-2.27
2011-05-26,平安银行,000001,3.13,3.2,3.02,3.08,3.22,294740,525548160.0,0.95,-4.35
2011-05-24,平安银行,000001,3.09,3.28,3.09,3.22,3.12,291587,528778304.0,0.94,3.21
2011-05-23,平安银行,000001,3.26,3.27,3.03,3.12,3.28,329121,588700864.0,1.06,-4.88
2011-05-20,平安银行,000001,3.13,3.37,3.12,3.28,3.13,311900,572652160.0,1.0,4.79
2011-05-19,平安银行,000001,3.22,3.29,3.12,3.13,3.2,164600,297958656.0,0.53,-2.19
2011-05-18,平安银行,000001,3.06,3.31,3.04,3.2,3.11,294153,532338144.0,0.95,2.89
2011-05-17,平安银行,000001,2.85,3.15,2.85,3.11,2.85,319709,565242752.0,1.03,9.12
2011-05-16,平安银行,000001,2.96,3.03,2.85,2.85,3.04,197105,342549024.0,0.63,-6.25
2011-05-13,平安银行,000001,2.98,3.06,2.8,3.04,2.99,367984,638079680.0,1.18,1.67
2011-05-06,平安银行,000001,3.0,3.1,2.96,2.99,3.06,241119,425935552.0,0.78,-2.29
2011-05-05,平安银行,000001,3.03,3.13,3.02,3.06,3.11,246038,437563136.0,0.79,-1.61
2011-05-04,平安银行,000001,3.16,3.28,3.04,3.11,3.24,393820,708758016.0,1.27,-4.01
2011-05-03,平安银行,000001,3.21,3.29,3.18,3.24,3.23,221058,402350144.0,0.71,0.31
2011-04-29,平安银行,000001,3.38,3.38,3.13,3.23,3.38,500496,911382592.0,1.61,-4.44
2011-04-28,平安银行,000001,3.31,3.52,3.29,3.38,3.26,648958,1215618304.0,2.09,3.68
2011-04-27,平安银行,000001,3.31,3.44,3.19,3.26,3.31,532705,985540096.0,1.72,-1.51
2011-04-26,平安银行,000001,3.17,3.32,3.15,3.31,3.19,389431,711900608.0,1.25,3.76
2011-04-25,平安银行,000001,3.12,3.26,3.05,3.19,3.11,358647,646189952.0,1.15,2.57
2011-04-22,平安银行,000001,3.16,3.21,3.06,3.11,3.2,306669,548689920.0,0.99,-2.81
2011-04-21,平安银行,000001,3.23,3.31,3.18,3.2,3.18,318062,579304640.0,1.02,0.63
2011-04-20,平安银行,000001,3.31,3.36,3.13,3.18,3.31,489257,891280640.0,1.58,-3.93
2011-04-19,平安银行,000001,3.39,3.43,3.28,3.31,3.47,525777,975147520.0,1.69,-4.61
2011-04-18,平安银行,000001,3.4,3.48,3.32,3.47,3.42,580149,1082012928.0,1.87,1.46
2011-04-15,平安银行,000001,3.23,3.44,3.21,3.42,3.23,670794,1242600448.0,2.16,5.88
2011-04-14,平安银行,000001,3.33,3.38,3.2,3.23,3.18,1049251,1921868288.0,3.38,1.57
2011-04-13,平安银行,000001,2.8,3.18,2.76,3.18,2.82,723851,1268537472.0,2.33,12.77
2011-04-12,平安银行,000001,2.83,2.92,2.79,2.82,2.81,386182,662860224.0,1.24,0.36
2011-04-11,平安银行,000001,2.86,3.0,2.8,2.81,2.86,563818,974852480.0,1.82,-1.75
2011-04-08,平安银行,000001,2.86,2.88,2.78,2.86,2.87,268118,458985760.0,0.86,-0.35
2011-04-07,平安银行,000001,2.8,2.93,2.74,2.87,2.8,648811,1112314112.0,2.09,2.5
2011-04-06,平安银行,000001,2.65,2.83,2.65,2.8,2.64,745244,1263488256.0,2.4,6.06
2011-04-01,平安银行,000001,2.46,2.65,2.46,2.64,2.46,323240,530034240.0,1.04,7.32
2011-03-31,平安银行,000001,2.57,2.6,2.44,2.46,2.57,213368,345191104.0,0.69,-4.28
2011-03-30,平安银行,000001,2.61,2.69,2.56,2.57,2.62,275077,453620672.0,0.89,-1.91
2011-03-29,平安银行,000001,2.57,2.71,2.55,2.62,2.55,482587,798647424.0,1.55,2.75
2011-03-28,平安银行,000001,2.57,2.66,2.55,2.55,2.53,367932,605067456.0,1.18,0.79
2011-03-25,平安银行,000001,2.43,2.56,2.42,2.53,2.43,360863,585086400.0,1.16,4.12
2011-03-24,平安银行,000001,2.47,2.47,2.42,2.43,2.47,160125,256090880.0,0.52,-1.62
2011-03-23,平安银行,000001,2.42,2.49,2.41,2.47,2.44,226799,363809600.0,0.73,1.23
2011-03-22,平安银行,000001,2.37,2.45,2.31,2.44,2.35,251944,401085856.0,0.81,3.83
2011-03-21,平安银行,000001,2.36,2.4,2.33,2.35,2.37,160158,252850944.0,0.52,-0.84
2011-03-18,平安银行,000001,2.4,2.4,2.35,2.37,2.33,145243,229686240.0,0.47,1.72
2011-03-17,平安银行,000001,2.37,2.4,2.32,2.33,2.42,207262,327039744.0,0.67,-3.72
2011-03-16,平安银行,000001,2.38,2.44,2.34,2.42,2.38,242076,384301440.0,0.78,1.68
2011-03-15,平安银行,000001,2.44,2.47,2.33,2.38,2.5,284381,451454528.0,0.92,-4.8
2011-03-14,平安银行,000001,2.44,2.5,2.43,2.5,2.45,218000,350756128.0,0.7,2.04
2011-03-11,平安银行,000001,2.5,2.54,2.45,2.45,2.53,230167,371901344.0,0.74,-3.16
2011-03-10,平安银行,000001,2.65,2.65,2.52,2.53,2.69,308494,504165760.0,0.99,-5.95
2011-03-09,平安银行,000001,2.69,2.75,2.68,2.69,2.67,323648,542959232.0,1.04,0.75
2011-03-08,平安银行,000001,2.7,2.75,2.64,2.67,2.7,321813,537368704.0,1.04,-1.11
2011-03-07,平安银行,000001,2.72,2.79,2.63,2.7,2.68,497625,834013056.0,1.6,0.75
2011-03-04,平安银行,000001,2.6,2.71,2.55,2.68,2.58,505396,833234944.0,1.63,3.88
2011-03-03,平安银行,000001,2.51,2.71,2.5,2.58,2.5,980489,1616932480.0,3.16,3.2
2011-03-02,平安银行,000001,2.42,2.54,2.4,2.5,2.45,488107,786881408.0,1.57,2.04
2011-03-01,平安银行,000001,2.42,2.5,2.39,2.45,2.41,482776,774219072.0,1.55,1.66
2011-02-28,平安银行,000001,2.37,2.43,2.3,2.41,2.4,307637,486809440.0,0.99,0.42
2011-02-25,平安银行,000001,2.29,2.5,2.24,2.4,2.28,509264,807238720.0,1.64,5.26
2011-02-24,平安银行,000001,2.28,2.29,2.22,2.28,2.28,202308,313473088.0,0.65,0.0
2011-02-23,平安银行,000001,2.25,2.33,2.24,2.28,2.24,357434,555794816.0,1.15,1.79
2011-02-22,平安银行,000001,2.43,2.43,2.24,2.24,2.42,343959,538516416.0,1.11,-7.44
2011-02-21,平安银行,000001,2.36,2.44,2.35,2.42,2.43,316543,502016608.0,1.02,-0.41
2011-02-18,平安银行,000001,2.4,2.47,2.36,2.43,2.43,228802,363416320.0,0.74,0.0
2011-02-17,平安银行,000001,2.42,2.5,2.38,2.43,2.39,253810,405836832.0,0.82,1.67
2011-02-16,平安银行,000001,2.37,2.42,2.33,2.39,2.37,183206,289815296.0,0.59,0.84
2011-02-15,平安银行,000001,2.44,2.46,2.37,2.37,2.44,321099,512496480.0,1.03,-2.87
2011-02-14,平安银行,000001,2.25,2.47,2.25,2.44,2.25,417657,661743872.0,1.34,8.44
2011-02-11,平安银行,000001,2.21,2.29,2.18,2.25,2.24,225828,348149600.0,0.73,0.45
2011-02-10,平安银行,000001,2.16,2.24,2.15,2.24,2.16,136822,210138992.0,0.44,3.7
2011-02-09,平安银行,000001,2.2,2.27,2.16,2.16,2.23,166508,255979312.0,0.54,-3.14
2011-02-01,平安银行,000001,2.19,2.25,2.17,2.23,2.19,151698,233656080.0,0.49,1.83
2011-01-31,平安银行,000001,2.15,2.19,2.11,2.19,2.15,140245,213770064.0,0.45,1.86
2011-01-28,平安银行,000001,2.19,2.2,2.1,2.15,2.19,185419,281316480.0,0.6,-1.83
2011-01-27,平安银行,000001,2.13,2.22,2.07,2.19,2.17,255511,389319904.0,0.82,0.92
2011-01-26,平安银行,000001,2.13,2.18,2.12,2.17,2.14,105060,160007840.0,0.34,1.4
2011-01-25,平安银行,000001,2.11,2.16,2.07,2.14,2.09,134201,203198256.0,0.43,2.39
2011-01-24,平安银行,000001,2.13,2.15,2.06,2.09,2.13,153827,231930928.0,0.5,-1.88
2011-01-21,平安银行,000001,2.03,2.29,2.02,2.13,2.04,229977,349887104.0,0.74,4.41
2011-01-20,平安银行,000001,2.25,2.25,2.04,2.04,2.25,287579,435524160.0,0.93,-9.33
2011-01-19,平安银行,000001,2.2,2.26,2.16,2.25,2.2,167945,258415152.0,0.54,2.27
2011-01-18,平安银行,000001,2.22,2.24,2.17,2.2,2.21,155555,238789232.0,0.5,-0.45
2011-01-17,平安银行,000001,2.37,2.41,2.2,2.21,2.43,266165,415802336.0,0.86,-9.05
2011-01-14,平安银行,000001,2.54,2.54,2.43,2.43,2.56,206915,332810208.0,0.67,-5.08
2011-01-13,平安银行,000001,2.61,2.63,2.55,2.56,2.58,194811,319664064.0,0.63,-0.78
2011-01-12,平安银行,000001,2.52,2.59,2.48,2.58,2.5,277133,451290816.0,0.89,3.2
2011-01-11,平安银行,000001,2.4,2.54,2.39,2.5,2.43,208201,335260352.0,0.67,2.88
2011-01-10,平安银行,000001,2.52,2.58,2.4,2.43,2.58,361872,584172480.0,1.17,-5.81
2011-01-07,平安银行,000001,2.36,2.72,2.33,2.58,2.37,770482,1263299328.0,2.48,8.86
2011-01-06,平安银行,000001,2.41,2.46,2.33,2.37,2.41,206531,327148864.0,0.67,-1.66
2011-01-05,平安银行,000001,2.43,2.48,2.4,2.41,2.44,237463,379869056.0,0.76,-1.23
2011-01-04,平安银行,000001,2.37,2.5,2.31,2.44,2.36,358841,573343744.0,1.16,3.39
2010-12-31,平安银行,000001,2.32,2.39,2.29,2.36,2.32,240891,378317760.0,0.78,1.72
2010-12-30,平安银行,000001,2.35,2.36,2.26,2.32,2.35,178267,278979200.0,0.57,-1.28
2010-12-29,平安银行,000001,2.42,2.43,2.29,2.35,2.42,236833,372484736.0,0.76,-2.89
2010-12-28,平安银行,000001,2.46,2.52,2.42,2.42,2.46,265566,426320128.0,0.86,-1.63
2010-12-27,平安银行,000001,2.66,2.7,2.44,2.46,2.59,308658,505246592.0,0.99,-5.02
2010-12-24,平安银行,000001,2.51,2.65,2.49,2.59,2.52,286127,469742368.0,0.92,2.78
2010-12-22,平安银行,000001,2.66,2.66,2.51,2.52,2.64,227036,371863968.0,0.73,-4.55
2010-12-21,平安银行,000001,2.5,2.67,2.46,2.64,2.48,306854,503881600.0,0.99,6.45
2010-12-20,平安银行,000001,2.58,2.59,2.43,2.48,2.56,256205,414236384.0,0.83,-3.13
2010-12-17,平安银行,000001,2.6,2.62,2.54,2.56,2.6,173021,283291968.0,0.56,-1.54
2010-12-16,平安银行,000001,2.66,2.7,2.59,2.6,2.65,220556,365485600.0,0.71,-1.89
2010-12-15,平安银行,000001,2.65,2.72,2.62,2.65,2.63,281277,467398016.0,0.91,0.76
2010-12-14,平安银行,000001,2.66,2.67,2.61,2.63,2.66,237517,392885312.0,0.76,-1.13
2010-12-13,平安银行,000001,2.56,2.67,2.53,2.66,2.56,280804,461224128.0,0.9,3.91
2010-12-10,平安银行,000001,2.51,2.57,2.47,2.56,2.51,198341,322263488.0,0.64,1.99
2010-12-09,平安银行,000001,2.61,2.61,2.51,2.51,2.61,240294,391356096.0,0.77,-3.83
2010-12-08,平安银行,000001,2.69,2.7,2.6,2.61,2.7,172886,286846720.0,0.56,-3.33
2010-12-07,平安银行,000001,2.69,2.74,2.59,2.7,2.7,199545,331262912.0,0.64,0.0
2010-12-06,平安银行,000001,2.65,2.75,2.62,2.7,2.64,217924,364205376.0,0.7,2.27
2010-12-03,平安银行,000001,2.64,2.67,2.6,2.64,2.62,157006,259727664.0,0.51,0.76
2010-12-02,平安银行,000001,2.69,2.72,2.61,2.62,2.61,202700,336507104.0,0.65,0.38
2010-12-01,平安银行,000001,2.58,2.64,2.54,2.61,2.58,154273,253584576.0,0.5,1.16
2010-11-30,平安银行,000001,2.67,2.72,2.5,2.58,2.7,282621,464292192.0,0.91,-4.44
2010-11-29,平安银行,000001,2.65,2.75,2.61,2.7,2.69,200640,333489664.0,0.65,0.37
2010-11-26,平安银行,000001,2.77,2.77,2.67,2.69,2.78,237031,396929824.0,0.76,-3.24
2010-11-25,平安银行,000001,2.73,2.84,2.65,2.78,2.71,382940,645536512.0,1.23,2.58
2010-11-24,平安银行,000001,2.6,2.76,2.58,2.71,2.63,318367,531391648.0,1.03,3.04
2010-11-23,平安银行,000001,2.65,2.69,2.53,2.63,2.68,329385,540215936.0,1.06,-1.87
2010-11-22,平安银行,000001,2.72,2.74,2.65,2.68,2.8,353499,591130240.0,1.14,-4.29
2010-11-19,平安银行,000001,2.87,2.88,2.65,2.8,2.86,433015,730445056.0,1.39,-2.1
2010-11-18,平安银行,000001,2.77,2.89,2.74,2.86,2.72,437340,745421248.0,1.41,5.15
2010-11-17,平安银行,000001,2.64,2.82,2.62,2.72,2.69,339274,571087168.0,1.09,1.12
2010-11-16,平安银行,000001,2.91,2.91,2.67,2.69,2.91,442667,749307648.0,1.43,-7.56
2010-11-15,平安银行,000001,2.89,2.91,2.79,2.91,2.87,439918,754704064.0,1.42,1.39
2010-11-12,平安银行,000001,3.23,3.26,2.84,2.87,3.32,616257,1095115008.0,1.98,-13.55
2010-11-11,平安银行,000001,3.23,3.4,3.19,3.32,3.21,679687,1241063168.0,2.19,3.43
2010-11-10,平安银行,000001,3.35,3.36,3.2,3.21,3.39,571205,1042355968.0,1.84,-5.31
2010-11-09,平安银行,000001,3.58,3.59,3.38,3.39,3.57,566926,1066476288.0,1.83,-5.04
2010-11-08,平安银行,000001,3.51,3.66,3.51,3.57,3.5,625194,1197820416.0,2.01,2.0
2010-11-05,平安银行,000001,3.56,3.59,3.44,3.5,3.49,503959,953355904.0,1.62,0.29
2010-11-04,平安银行,000001,3.5,3.57,3.43,3.49,3.54,613458,1160505984.0,1.98,-1.41
2010-11-03,平安银行,000001,3.39,3.63,3.31,3.54,3.4,910796,1727427712.0,2.93,4.12
2010-11-02,平安银行,000001,3.36,3.47,3.29,3.4,3.36,639817,1190657920.0,2.06,1.19
2010-11-01,平安银行,000001,3.34,3.43,3.31,3.36,3.31,591273,1097857664.0,1.9,1.51
2010-10-29,平安银行,000001,3.44,3.45,3.28,3.31,3.44,358577,663509376.0,1.15,-3.78
2010-10-28,平安银行,000001,3.38,3.48,3.31,3.44,3.36,384631,719877440.0,1.24,2.38
2010-10-27,平安银行,000001,3.37,3.55,3.29,3.36,3.4,395032,739953152.0,1.27,-1.18
2010-10-26,平安银行,000001,3.52,3.61,3.36,3.4,3.49,422300,795987328.0,1.36,-2.58
2010-10-25,平安银行,000001,3.36,3.51,3.25,3.49,3.35,468306,874475200.0,1.51,4.18
2010-10-22,平安银行,000001,3.36,3.45,3.28,3.35,3.47,538222,999166144.0,1.73,-3.46
2010-10-21,平安银行,000001,3.69,3.7,3.44,3.47,3.69,555000,1052712896.0,1.79,-5.96
2010-10-20,平安银行,000001,3.57,3.87,3.57,3.69,3.72,739727,1448845952.0,2.38,-0.81
2010-10-19,平安银行,000001,3.56,3.75,3.46,3.72,3.58,580719,1107907840.0,1.87,3.91
2010-10-18,平安银行,000001,3.67,3.9,3.56,3.58,3.57,1074082,2102793984.0,3.46,0.28
2010-10-15,平安银行,000001,3.23,3.66,3.22,3.57,3.28,1168938,2220512256.0,3.76,8.84
2010-10-14,平安银行,000001,3.39,3.63,3.27,3.28,3.35,1003749,1889045248.0,3.23,-2.09
2010-10-13,平安银行,000001,3.16,3.36,3.15,3.35,3.15,825962,1514394496.0,2.66,6.35
2010-10-12,平安银行,000001,3.18,3.21,3.09,3.15,3.17,477594,856881088.0,1.54,-0.63
2010-10-11,平安银行,000001,2.91,3.29,2.91,3.17,2.88,874030,1564391680.0,2.81,10.07
2010-10-08,平安银行,000001,2.69,2.92,2.62,2.88,2.52,536716,914838848.0,1.73,14.29
2010-09-29,平安银行,000001,2.52,2.59,2.48,2.52,2.53,213476,347260768.0,0.69,-0.4
2010-09-28,平安银行,000001,2.68,2.68,2.53,2.53,2.69,246526,404817184.0,0.79,-5.95
2010-09-27,平安银行,000001,2.67,2.71,2.59,2.69,2.66,188332,312453344.0,0.61,1.13
2010-09-21,平安银行,000001,2.72,2.74,2.63,2.66,2.69,133992,223281920.0,0.43,-1.12
2010-09-20,平安银行,000001,2.68,2.78,2.62,2.69,2.67,197687,330479008.0,0.64,0.75
2010-09-17,平安银行,000001,2.68,2.76,2.66,2.67,2.66,220793,369835360.0,0.71,0.38
2010-09-16,平安银行,000001,2.8,2.85,2.63,2.66,2.77,286076,478304192.0,0.92,-3.97
2010-09-15,平安银行,000001,2.87,2.9,2.77,2.77,2.86,259236,443804448.0,0.83,-3.15
2010-09-14,平安银行,000001,2.85,2.93,2.83,2.86,2.83,299495,516196352.0,0.96,1.06
2010-09-13,平安银行,000001,2.87,2.94,2.72,2.83,2.87,502228,856767616.0,1.62,-1.39
2010-09-10,平安银行,000001,2.86,2.95,2.8,2.87,2.88,251848,432519200.0,0.81,-0.35
2010-09-09,平安银行,000001,3.03,3.03,2.86,2.88,3.03,469898,816937856.0,1.51,-4.95
2010-09-08,平安银行,000001,3.13,3.13,2.98,3.03,3.17,490036,865664640.0,1.58,-4.42
2010-09-07,平安银行,000001,3.28,3.28,3.14,3.17,3.23,392853,711274624.0,1.27,-1.86
2010-09-06,平安银行,000001,3.11,3.3,3.08,3.23,3.07,609070,1106419456.0,1.96,5.21
2010-09-03,平安银行,000001,3.22,3.22,3.04,3.07,3.23,624129,1110873728.0,2.01,-4.95
2010-09-02,平安银行,000001,3.52,3.52,3.12,3.23,2.98,1634542,2984708608.0,5.26,8.39
2010-06-29,平安银行,000001,3.35,3.35,2.98,2.98,3.34,306683,549134848.0,0.99,-10.78
2010-06-28,平安银行,000001,3.18,3.38,3.18,3.34,3.2,244148,448791840.0,0.79,4.38
2010-06-25,平安银行,000001,3.3,3.34,3.17,3.2,3.35,227503,415194016.0,0.78,-4.48
2010-06-24,平安银行,000001,3.27,3.45,3.24,3.35,3.29,233515,432905280.0,0.8,1.82
2010-06-23,平安银行,000001,3.27,3.38,3.21,3.29,3.35,324680,597274368.0,1.11,-1.79
2010-06-22,平安银行,000001,3.25,3.46,3.2,3.35,3.27,417138,770488704.0,1.43,2.45
2010-06-21,平安银行,000001,2.91,3.35,2.91,3.27,2.91,589807,1063389312.0,2.02,12.37
2010-06-18,平安银行,000001,2.87,3.07,2.85,2.91,2.85,448493,785248768.0,1.53,2.11
2010-06-11,平安银行,000001,2.87,2.96,2.8,2.85,2.84,209983,362292832.0,0.72,0.35
2010-06-10,平安银行,000001,2.89,2.97,2.83,2.84,3.04,284641,489563040.0,0.97,-6.58
2010-06-09,平安银行,000001,2.72,3.08,2.65,3.04,2.69,495744,857978624.0,1.7,13.01
2010-06-08,平安银行,000001,2.77,2.8,2.62,2.69,2.76,170330,286156160.0,0.58,-2.54
2010-06-07,平安银行,000001,2.83,2.91,2.73,2.76,2.91,241493,410550912.0,0.83,-5.15
2010-06-04,平安银行,000001,2.87,2.98,2.86,2.91,2.88,134735,232824768.0,0.46,1.04
2010-06-03,平安银行,000001,2.91,3.05,2.88,2.88,2.88,287562,501143168.0,0.98,0.0
2010-06-02,平安银行,000001,2.89,2.95,2.77,2.88,2.91,251256,430720704.0,0.86,-1.03
2010-06-01,平安银行,000001,2.95,3.05,2.87,2.91,2.98,218091,379058912.0,0.75,-2.35
2010-05-31,平安银行,000001,3.12,3.23,2.98,2.98,3.19,270458,480683776.0,0.92,-6.58
2010-05-28,平安银行,000001,3.25,3.3,3.17,3.19,3.18,253974,461689408.0,0.87,0.31
2010-05-27,平安银行,000001,3.11,3.2,2.96,3.18,3.12,278167,496702080.0,0.95,1.92
2010-05-26,平安银行,000001,3.12,3.22,3.09,3.12,3.08,171611,308368928.0,0.59,1.3
2010-05-25,平安银行,000001,3.23,3.25,3.07,3.08,3.3,245946,441872576.0,0.84,-6.67
2010-05-24,平安银行,000001,3.13,3.38,3.13,3.3,3.09,317916,582619392.0,1.09,6.8
2010-05-21,平安银行,000001,2.83,3.11,2.8,3.09,3.0,220795,386738336.0,0.76,3.0
2010-05-20,平安银行,000001,3.0,3.18,2.97,3.0,3.07,218289,387168256.0,0.75,-2.28
2010-05-19,平安银行,000001,3.06,3.22,2.95,3.07,3.15,256356,456208288.0,0.88,-2.54
2010-05-18,平安银行,000001,2.98,3.2,2.91,3.15,2.95,361901,641553728.0,1.24,6.78
2010-05-17,平安银行,000001,3.16,3.17,2.92,2.95,3.29,326608,574713344.0,1.12,-10.33
2010-05-14,平安银行,000001,3.4,3.41,3.23,3.29,3.4,265628,487732512.0,0.91,-3.24
2010-05-13,平安银行,000001,3.16,3.49,3.16,3.4,3.2,567527,1049525952.0,1.94,6.25
2010-05-12,平安银行,000001,2.91,3.27,2.86,3.2,2.97,521041,931251264.0,1.78,7.74
2010-05-11,平安银行,000001,3.47,3.48,2.96,2.97,3.31,561717,1017121600.0,1.92,-10.27
2010-05-10,平安银行,000001,3.29,3.4,3.23,3.31,3.25,386417,710974016.0,1.32,1.85
2010-05-07,平安银行,000001,3.17,3.36,3.14,3.25,3.3,412580,752185920.0,1.41,-1.52
2010-05-06,平安银行,000001,3.77,3.77,3.27,3.3,3.85,685797,1296218496.0,2.35,-14.29
2010-05-05,平安银行,000001,3.91,3.96,3.65,3.85,3.88,650422,1283692544.0,2.22,-0.77
2010-05-04,平安银行,000001,3.92,3.99,3.8,3.88,4.08,286747,574413568.0,0.98,-4.9
2010-04-30,平安银行,000001,3.97,4.1,3.93,4.08,3.94,324345,662829184.0,1.11,3.55
2010-04-29,平安银行,000001,4.0,4.11,3.93,3.94,3.93,368242,749244096.0,1.26,0.25
2010-04-28,平安银行,000001,3.79,3.95,3.74,3.93,3.83,334939,668218624.0,1.15,2.61
2010-04-27,平安银行,000001,3.8,3.96,3.72,3.83,3.86,348904,692500032.0,1.19,-0.78
2010-04-26,平安银行,000001,3.88,4.01,3.77,3.86,3.94,322315,647506048.0,1.1,-2.03
2010-04-23,平安银行,000001,3.75,4.08,3.66,3.94,3.73,556046,1106582144.0,1.9,5.63
2010-04-22,平安银行,000001,3.88,3.88,3.63,3.73,3.93,452210,884329088.0,1.55,-5.09
2010-04-21,平安银行,000001,3.81,3.94,3.74,3.93,3.8,373588,742144448.0,1.28,3.42
2010-04-20,平安银行,000001,3.93,4.0,3.7,3.8,3.91,435134,858886272.0,1.49,-2.81
2010-04-19,平安银行,000001,4.44,4.45,3.88,3.91,4.61,826874,1708546688.0,2.83,-15.18
2010-04-16,平安银行,000001,4.71,4.71,4.6,4.61,4.75,286468,632291264.0,0.98,-2.95
2010-04-15,平安银行,000001,4.71,4.75,4.6,4.75,4.69,357018,790372992.0,1.22,1.28
2010-04-14,平安银行,000001,4.75,4.77,4.62,4.69,4.75,331852,734720512.0,1.13,-1.26
2010-04-13,平安银行,000001,4.67,4.83,4.62,4.75,4.64,449187,1003910784.0,1.54,2.37
2010-04-12,平安银行,000001,4.87,4.88,4.58,4.64,4.84,494771,1098010880.0,1.69,-4.13
2010-04-09,平安银行,000001,4.81,4.87,4.79,4.84,4.81,220410,498836800.0,0.75,0.62
2010-04-08,平安银行,000001,4.9,4.91,4.72,4.81,4.91,448387,1009933568.0,1.53,-2.04
2010-04-07,平安银行,000001,5.09,5.12,4.85,4.91,5.1,318422,730335808.0,1.09,-3.73
2010-04-06,平安银行,000001,5.17,5.28,5.06,5.1,5.12,236509,556583872.0,0.81,-0.39
2010-04-02,平安银行,000001,5.13,5.15,5.04,5.12,5.11,195900,457640288.0,0.67,0.2
2010-04-01,平安银行,000001,5.06,5.18,4.99,5.11,5.04,305159,712145600.0,1.04,1.39
2010-03-31,平安银行,000001,5.2,5.21,5.0,5.04,5.2,305550,710514240.0,1.04,-3.08
2010-03-30,平安银行,000001,5.2,5.25,5.09,5.2,5.17,253043,595446912.0,0.87,0.58
2010-03-29,平安银行,000001,4.95,5.28,4.89,5.17,4.9,444163,1044826240.0,1.52,5.51
2010-03-26,平安银行,000001,4.71,5.0,4.67,4.9,4.71,223461,509149248.0,0.76,4.03
2010-03-25,平安银行,000001,4.88,4.88,4.71,4.71,4.89,166074,372184256.0,0.57,-3.68
2010-03-24,平安银行,000001,4.91,5.04,4.87,4.89,4.91,210983,484336288.0,0.72,-0.41
2010-03-23,平安银行,000001,5.04,5.06,4.86,4.91,5.02,159349,365560032.0,0.54,-2.19
2010-03-22,平安银行,000001,4.94,5.12,4.94,5.02,4.98,195257,453198688.0,0.67,0.8
2010-03-19,平安银行,000001,4.99,5.04,4.86,4.98,4.99,176615,404284736.0,0.6,-0.2
2010-03-18,平安银行,000001,5.06,5.15,4.96,4.99,5.04,218152,507527264.0,0.75,-0.99
2010-03-17,平安银行,000001,4.83,5.04,4.77,5.04,4.8,192860,441162464.0,0.66,5.0
2010-03-16,平安银行,000001,4.75,4.83,4.69,4.8,4.75,196849,441221888.0,0.67,1.05
2010-03-15,平安银行,000001,4.92,4.92,4.68,4.75,4.94,189090,424857088.0,0.65,-3.85
2010-03-12,平安银行,000001,5.17,5.17,4.92,4.94,5.21,283073,655910208.0,0.97,-5.18
2010-03-11,平安银行,000001,5.17,5.32,5.11,5.21,5.11,241218,571453952.0,0.82,1.96
2010-03-10,平安银行,000001,5.22,5.36,5.09,5.11,5.26,211059,499356448.0,0.72,-2.85
2010-03-09,平安银行,000001,5.29,5.43,5.15,5.26,5.27,394360,943966336.0,1.35,-0.19
2010-03-08,平安银行,000001,5.08,5.35,4.99,5.27,5.06,441054,1045698944.0,1.51,4.15
2010-03-05,平安银行,000001,5.0,5.14,4.99,5.06,5.0,291842,681193920.0,1.0,1.2
2010-03-04,平安银行,000001,5.08,5.2,4.97,5.0,5.08,376321,877389760.0,1.29,-1.57
2010-03-03,平安银行,000001,5.01,5.09,4.89,5.08,5.01,284111,655444672.0,0.97,1.4
2010-03-02,平安银行,000001,4.93,5.31,4.93,5.01,4.77,684647,1599219840.0,2.34,5.03
2010-02-26,平安银行,000001,4.61,4.83,4.6,4.77,4.66,450217,1008966464.0,1.54,2.36
2010-02-25,平安银行,000001,4.49,4.75,4.46,4.66,4.5,347879,770836544.0,1.19,3.56
2010-02-24,平安银行,000001,4.39,4.53,4.32,4.5,4.44,231486,497531456.0,0.79,1.35
2010-02-23,平安银行,000001,4.62,4.62,4.39,4.44,4.64,237781,513377920.0,0.81,-4.31
2010-02-22,平安银行,000001,4.72,4.77,4.63,4.64,4.77,165778,367933696.0,0.57,-2.73
2010-02-12,平安银行,000001,4.67,4.82,4.67,4.77,4.65,188386,422488288.0,0.64,2.58
2010-02-11,平安银行,000001,4.68,4.73,4.63,4.65,4.71,139102,308844864.0,0.48,-1.27
2010-02-10,平安银行,000001,4.68,4.74,4.61,4.71,4.61,253840,564177472.0,0.87,2.17
2010-02-09,平安银行,000001,4.46,4.66,4.44,4.61,4.45,248170,543120256.0,0.85,3.6
2010-02-08,平安银行,000001,4.56,4.63,4.41,4.45,4.61,206423,447137536.0,0.71,-3.47
2010-02-05,平安银行,000001,4.47,4.72,4.39,4.61,4.68,276174,601515200.0,0.94,-1.5
2010-02-04,平安银行,000001,4.72,4.77,4.61,4.68,4.82,303346,675283328.0,1.04,-2.9
2010-02-03,平安银行,000001,4.44,4.82,4.33,4.82,4.38,549006,1214267904.0,1.88,10.05
2010-02-02,平安银行,000001,4.34,4.59,4.34,4.38,4.33,286734,620475776.0,0.98,1.15
2010-02-01,平安银行,000001,4.5,4.52,4.24,4.33,4.5,283180,602675200.0,0.97,-3.78
2010-01-29,平安银行,000001,4.46,4.73,4.36,4.5,4.52,240688,528437728.0,0.82,-0.44
2010-01-28,平安银行,000001,4.53,4.62,4.28,4.52,4.57,262132,567566976.0,0.9,-1.09
2010-01-27,平安银行,000001,4.75,4.82,4.5,4.57,4.62,401035,892337344.0,1.37,-1.08
2010-01-26,平安银行,000001,4.67,4.82,4.46,4.62,4.67,345326,760432384.0,1.18,-1.07
2010-01-25,平安银行,000001,4.82,5.0,4.64,4.67,5.0,356059,803320192.0,1.22,-6.6
2010-01-22,平安银行,000001,4.76,5.13,4.56,5.0,4.85,882539,2002921984.0,3.02,3.09
2010-01-21,平安银行,000001,4.45,4.89,4.38,4.85,4.38,632301,1405279488.0,2.16,10.73
2010-01-20,平安银行,000001,4.69,4.82,4.35,4.38,4.69,490836,1079325952.0,1.68,-6.61
2010-01-19,平安银行,000001,4.45,4.73,4.45,4.69,4.41,650715,1438886656.0,2.23,6.35
2010-01-18,平安银行,000001,4.4,4.52,4.32,4.41,4.4,349127,749941248.0,1.19,0.23
2010-01-15,平安银行,000001,4.25,4.48,4.12,4.4,4.23,539508,1146375296.0,1.85,4.02
2010-01-14,平安银行,000001,4.24,4.3,4.1,4.23,4.23,521195,1089329408.0,1.78,0.0
2010-01-13,平安银行,000001,4.56,4.57,4.17,4.23,4.77,935039,1990492672.0,3.2,-11.32
2010-01-12,平安银行,000001,4.81,4.84,4.53,4.77,4.82,591796,1310068992.0,2.02,-1.04
2010-01-11,平安银行,000001,5.15,5.21,4.71,4.82,4.82,442846,1009985536.0,1.51,0.0
2010-01-08,平安银行,000001,4.79,4.88,4.73,4.82,4.84,288543,650667392.0,0.99,-0.41
2010-01-07,平安银行,000001,4.93,4.99,4.75,4.84,4.93,355337,804166336.0,1.22,-1.83
2010-01-06,平安银行,000001,5.06,5.06,4.87,4.93,5.08,412143,944453696.0,1.41,-2.95
2010-01-05,平安银行,000001,5.24,5.29,4.88,5.08,5.22,556500,1293476992.0,1.9,-2.68
2010-01-04,平安银行,000001,5.52,5.54,5.21,5.22,5.46,241923,580249472.0,0.83,-4.4
2009-12-31,平安银行,000001,5.47,5.58,5.36,5.46,5.47,214762,523456320.0,0.73,-0.18
2009-12-30,平安银行,000001,5.18,5.52,5.12,5.47,5.18,363330,877732160.0,1.24,5.6
2009-12-29,平安银行,000001,5.11,5.26,4.97,5.18,5.07,243439,571177472.0,0.83,2.17
2009-12-24,平安银行,000001,4.84,5.08,4.77,5.07,4.8,294029,672728256.0,1.01,5.63
2009-12-23,平安银行,000001,4.88,4.99,4.71,4.8,4.87,213402,483286336.0,0.73,-1.44
2009-12-22,平安银行,000001,5.2,5.21,4.84,4.87,5.17,147319,339795424.0,0.5,-5.8
2009-12-21,平安银行,000001,5.27,5.38,4.97,5.17,5.3,172649,405556992.0,0.59,-2.45
2009-12-18,平安银行,000001,5.43,5.53,5.3,5.3,5.51,197863,478154144.0,0.68,-3.81
2009-12-17,平安银行,000001,5.65,5.76,5.47,5.51,5.64,181397,448143104.0,0.62,-2.3
2009-12-16,平安银行,000001,5.65,5.85,5.61,5.64,5.72,160091,401527616.0,0.55,-1.4
2009-12-15,平安银行,000001,5.78,5.94,5.69,5.72,5.87,248534,628406656.0,0.85,-2.56
2009-12-14,平安银行,000001,5.6,5.98,5.33,5.87,5.69,400293,1000935168.0,1.37,3.16
2009-12-11,平安银行,000001,5.65,5.78,5.59,5.69,5.65,174437,436689792.0,0.6,0.71
2009-12-10,平安银行,000001,5.62,5.76,5.55,5.65,5.56,191283,476462784.0,0.65,1.62
2009-12-09,平安银行,000001,5.58,5.63,5.47,5.56,5.61,202844,499576640.0,0.69,-0.89
2009-12-08,平安银行,000001,5.85,5.85,5.55,5.61,5.82,312474,778444672.0,1.07,-3.61
2009-12-07,平安银行,000001,5.72,5.98,5.65,5.82,5.8,421710,1068545152.0,1.44,0.34
2009-12-04,平安银行,000001,5.31,5.82,5.17,5.8,5.31,790960,1960035200.0,2.7,9.23
2009-12-03,平安银行,000001,5.4,5.46,5.22,5.31,5.47,339209,812890752.0,1.16,-2.93
2009-12-02,平安银行,000001,5.43,5.6,5.42,5.47,5.4,341100,836075200.0,1.17,1.3
2009-12-01,平安银行,000001,5.38,5.4,5.08,5.4,5.42,533853,1268305408.0,1.83,-0.37
2009-11-30,平安银行,000001,5.19,5.45,5.16,5.42,5.09,281862,676858368.0,0.96,6.48
2009-11-27,平安银行,000001,5.13,5.29,5.0,5.09,5.23,387948,909588096.0,1.33,-2.68
2009-11-26,平安银行,000001,5.76,5.76,5.15,5.23,5.76,423686,1033181056.0,1.45,-9.2
2009-11-25,平安银行,000001,5.75,5.86,5.46,5.76,5.74,309765,773227776.0,1.06,0.35
2009-11-24,平安银行,000001,5.96,6.11,5.69,5.74,5.89,372236,956197696.0,1.27,-2.55
2009-11-23,平安银行,000001,5.91,5.95,5.8,5.89,5.91,252657,644587904.0,0.86,-0.34
2009-11-20,平安银行,000001,5.96,6.04,5.86,5.91,6.03,266284,683580544.0,0.91,-1.99
2009-11-19,平安银行,000001,6.03,6.12,5.91,6.03,5.98,197731,511511008.0,0.68,0.84
2009-11-18,平安银行,000001,6.07,6.12,5.92,5.98,6.06,181940,471343648.0,0.62,-1.32
2009-11-17,平安银行,000001,6.15,6.32,5.91,6.06,6.13,339757,896886720.0,1.16,-1.14
2009-11-16,平安银行,000001,5.89,6.17,5.85,6.13,5.84,339575,880393408.0,1.16,4.97
2009-11-13,平安银行,000001,5.74,5.84,5.62,5.84,5.75,226480,568337280.0,0.77,1.57
2009-11-12,平安银行,000001,5.91,6.02,5.71,5.75,5.9,213039,541542272.0,0.73,-2.54
2009-11-11,平安银行,000001,5.88,5.95,5.8,5.9,5.98,192092,490000800.0,0.66,-1.34
2009-11-10,平安银行,000001,5.7,6.06,5.69,5.98,5.64,502087,1285853184.0,1.72,6.03
2009-11-09,平安银行,000001,5.66,5.76,5.43,5.64,5.73,327967,810528320.0,1.12,-1.57
2009-11-06,平安银行,000001,5.83,5.94,5.62,5.73,5.71,302975,762726336.0,1.04,0.35
2009-11-05,平安银行,000001,5.83,5.86,5.64,5.71,5.84,289312,727022400.0,0.99,-2.23
2009-11-04,平安银行,000001,5.58,6.11,5.58,5.84,5.67,499131,1276594304.0,1.71,3.0
2009-11-03,平安银行,000001,5.51,5.78,5.49,5.67,5.59,539027,1345694848.0,1.84,1.43
2009-11-02,平安银行,000001,4.57,5.59,4.53,5.59,4.78,762862,1830348544.0,2.61,16.95
2009-10-30,平安银行,000001,4.89,4.95,4.69,4.78,4.68,260405,590492352.0,0.89,2.14
2009-10-29,平安银行,000001,4.46,4.83,4.42,4.68,4.56,373127,829904128.0,1.28,2.63
2009-10-28,平安银行,000001,4.58,4.64,4.4,4.56,4.61,165094,359633600.0,0.56,-1.08
2009-10-27,平安银行,000001,4.85,4.85,4.56,4.61,4.9,224129,497956736.0,0.77,-5.92
2009-10-26,平安银行,000001,4.96,5.01,4.81,4.9,4.9,162386,371247200.0,0.56,0.0
2009-10-23,平安银行,000001,4.75,4.99,4.72,4.9,4.69,249409,569395584.0,0.85,4.48
2009-10-22,平安银行,000001,4.79,4.86,4.68,4.69,4.83,223513,501296672.0,0.76,-2.9
2009-10-21,平安银行,000001,4.75,4.99,4.69,4.83,4.75,289999,657002752.0,0.99,1.68
2009-10-20,平安银行,000001,4.68,4.79,4.61,4.75,4.62,298993,666569600.0,1.02,2.81
2009-10-19,平安银行,000001,4.37,4.63,4.24,4.62,4.36,348413,756880640.0,1.19,5.96
2009-10-16,平安银行,000001,4.4,4.49,4.19,4.36,4.4,195516,414123552.0,0.67,-0.91
2009-10-15,平安银行,000001,4.41,4.56,4.33,4.4,4.33,245157,528984512.0,0.84,1.62
2009-10-14,平安银行,000001,4.3,4.5,4.25,4.33,4.29,290702,621909568.0,0.99,0.93
2009-10-13,平安银行,000001,4.19,4.32,4.15,4.29,4.24,126962,267367264.0,0.43,1.18
2009-10-12,平安银行,000001,4.32,4.42,4.21,4.24,4.26,240983,509669632.0,0.82,-0.47
2009-10-09,平安银行,000001,4.06,4.32,3.96,4.26,3.89,257463,535696800.0,0.88,9.51
2009-09-30,平安银行,000001,3.84,3.96,3.82,3.89,3.79,182522,365527776.0,0.62,2.64
2009-09-29,平安银行,000001,3.7,3.86,3.63,3.79,3.68,187961,368535552.0,0.64,2.99
2009-09-28,平安银行,000001,3.94,4.0,3.64,3.68,3.94,145860,290298496.0,0.5,-6.6
2009-09-25,平安银行,000001,3.88,3.98,3.77,3.94,4.0,211870,423648256.0,0.72,-1.5
2009-09-24,平安银行,000001,3.7,4.15,3.64,4.0,3.7,481661,965753792.0,1.65,8.11
2009-09-23,平安银行,000001,3.78,3.88,3.64,3.7,3.78,248899,488930432.0,0.85,-2.12
2009-09-22,平安银行,000001,3.92,4.04,3.76,3.78,4.04,353983,710314112.0,1.21,-6.44
2009-09-21,平安银行,000001,3.97,4.06,3.69,4.04,4.06,413421,823299392.0,1.41,-0.49
2009-09-18,平安银行,000001,4.46,4.47,3.92,4.06,4.42,544506,1134002944.0,1.86,-8.14
2009-09-17,平安银行,000001,4.37,4.49,4.37,4.42,4.35,220036,473194336.0,0.75,1.61
2009-09-16,平安银行,000001,4.47,4.52,4.23,4.35,4.57,282733,602675456.0,0.97,-4.81
2009-09-15,平安银行,000001,4.61,4.68,4.46,4.57,4.6,207386,453400640.0,0.71,-0.65
2009-09-14,平安银行,000001,4.53,4.67,4.44,4.6,4.53,293257,641851520.0,1.0,1.55
2009-09-11,平安银行,000001,4.07,4.6,4.07,4.53,4.14,451816,965618432.0,1.55,9.42
2009-09-10,平安银行,000001,4.18,4.24,4.08,4.14,4.23,233548,485233600.0,0.8,-2.13
2009-09-09,平安银行,000001,4.26,4.32,4.06,4.23,4.23,208786,435507936.0,0.71,0.0
2009-09-08,平安银行,000001,4.12,4.24,4.06,4.23,4.18,335538,695914368.0,1.15,1.2
2009-09-07,平安银行,000001,4.19,4.31,4.1,4.18,4.15,270209,564654400.0,0.92,0.72
2009-09-04,平安银行,000001,4.17,4.3,4.09,4.15,4.12,288675,600230912.0,0.99,0.73
2009-09-03,平安银行,000001,3.84,4.2,3.76,4.12,3.82,394377,803812224.0,1.35,7.85
2009-09-02,平安银行,000001,3.4,3.88,3.34,3.82,3.52,417757,822035776.0,1.43,8.52
2009-09-01,平安银行,000001,3.23,3.62,3.23,3.52,3.23,361589,683604928.0,1.24,8.98
2009-08-31,平安银行,000001,3.5,3.51,3.17,3.23,3.58,360353,667617792.0,1.23,-9.78
2009-08-28,平安银行,000001,3.92,3.99,3.55,3.58,3.93,375599,728308992.0,1.28,-8.91
2009-08-27,平安银行,000001,3.99,4.2,3.91,3.93,4.11,290752,592686080.0,0.99,-4.38
2009-08-26,平安银行,000001,3.88,4.2,3.7,4.11,4.01,363893,739250240.0,1.24,2.49
2009-08-25,平安银行,000001,4.57,4.57,3.78,4.01,4.58,550337,1130510848.0,1.88,-12.45
2009-08-24,平安银行,000001,4.68,4.75,4.52,4.58,4.63,290076,638338176.0,0.99,-1.08
2009-08-21,平安银行,000001,4.47,4.79,4.44,4.63,4.45,473641,1044471808.0,1.62,4.04
2009-08-20,平安银行,000001,4.18,4.45,4.07,4.45,4.16,344394,728855232.0,1.18,6.97
2009-08-19,平安银行,000001,4.45,4.58,4.04,4.16,4.4,281513,599317184.0,0.96,-5.45
2009-08-18,平安银行,000001,4.33,4.48,4.21,4.4,4.32,281472,601150720.0,0.96,1.85
2009-08-17,平安银行,000001,4.71,5.0,4.31,4.32,4.86,445874,989872256.0,1.53,-11.11
2009-08-14,平安银行,000001,5.0,5.12,4.71,4.86,5.06,306721,701501184.0,1.05,-3.95
2009-08-13,平安银行,000001,4.72,5.08,4.64,5.06,4.74,386029,881036928.0,1.32,6.75
2009-08-12,平安银行,000001,4.96,5.13,4.66,4.74,5.0,364689,833650688.0,1.25,-5.2
2009-08-11,平安银行,000001,4.99,5.08,4.79,5.0,4.95,245180,563547840.0,0.84,1.01
2009-08-10,平安银行,000001,5.29,5.36,4.79,4.95,5.16,460193,1065654848.0,1.57,-4.07
2009-08-07,平安银行,000001,5.33,5.53,5.13,5.16,5.33,323961,777062528.0,1.11,-3.19
2009-08-06,平安银行,000001,5.59,5.6,5.17,5.33,5.75,485382,1171305472.0,1.66,-7.3
2009-08-05,平安银行,000001,5.64,5.96,5.58,5.75,5.71,466407,1177478144.0,1.6,0.7
2009-08-04,平安银行,000001,5.91,5.94,5.53,5.71,6.0,687545,1713961856.0,2.35,-4.83
2009-08-03,平安银行,000001,6.0,6.01,5.66,6.0,6.12,994984,2517751552.0,3.4,-1.96
2009-07-30,平安银行,000001,5.46,6.12,5.46,6.12,5.26,1871718,4821611008.0,6.4,16.35
2009-07-29,平安银行,000001,5.08,5.76,4.88,5.26,5.0,1365059,3296629504.0,4.67,5.2
2009-07-28,平安银行,000001,5.03,5.29,4.89,5.0,5.0,603280,1412429952.0,2.06,0.0
2009-07-27,平安银行,000001,4.9,5.16,4.89,5.0,4.86,381863,884331776.0,1.31,2.88
2009-07-24,平安银行,000001,5.09,5.11,4.79,4.86,5.03,448279,1026109248.0,1.53,-3.38
2009-07-23,平安银行,000001,4.99,5.16,4.8,5.03,5.0,544134,1253467264.0,1.86,0.6
2009-07-22,平安银行,000001,4.92,5.06,4.86,5.0,4.95,417013,955451712.0,1.43,1.01
2009-07-21,平安银行,000001,5.16,5.33,4.95,4.95,5.21,469600,1097625088.0,1.61,-4.99
2009-07-20,平安银行,000001,5.14,5.21,4.95,5.21,5.14,377519,878859648.0,1.29,1.36
2009-07-17,平安银行,000001,5.17,5.24,4.97,5.14,5.17,284194,663508352.0,0.97,-0.58
2009-07-16,平安银行,000001,5.06,5.28,4.94,5.17,4.96,545872,1285357824.0,1.87,4.23
2009-07-15,平安银行,000001,4.93,5.08,4.88,4.96,4.91,280882,645874880.0,0.96,1.02
2009-07-14,平安银行,000001,4.7,4.94,4.7,4.91,4.65,289466,658655488.0,0.99,5.59
2009-07-13,平安银行,000001,4.84,4.84,4.65,4.65,4.89,279276,623127040.0,0.96,-4.91
2009-07-10,平安银行,000001,4.85,4.99,4.79,4.89,4.84,294774,673110976.0,1.01,1.03
2009-07-09,平安银行,000001,4.81,4.88,4.66,4.84,4.82,319593,716148672.0,1.09,0.41
2009-07-08,平安银行,000001,4.75,4.91,4.63,4.82,4.89,375571,840308608.0,1.28,-1.43
2009-07-07,平安银行,000001,5.25,5.25,4.82,4.89,5.29,517277,1195541504.0,1.77,-7.56
2009-07-06,平安银行,000001,5.19,5.52,5.12,5.29,5.18,351974,844831232.0,1.2,2.12
2009-07-03,平安银行,000001,4.95,5.22,4.93,5.18,5.07,376414,878856832.0,1.29,2.17
2009-07-02,平安银行,000001,5.04,5.2,4.97,5.07,5.06,489429,1142173184.0,1.67,0.2
2009-07-01,平安银行,000001,4.53,5.11,4.45,5.06,4.54,798579,1808460032.0,2.73,11.45
2009-06-30,平安银行,000001,4.61,4.68,4.46,4.54,4.46,412013,904244096.0,1.41,1.79
2009-06-26,平安银行,000001,4.42,4.5,4.37,4.46,4.38,341174,735726144.0,1.17,1.83
2009-06-25,平安银行,000001,4.39,4.52,4.33,4.38,4.4,383516,823792192.0,1.31,-0.45
2009-06-24,平安银行,000001,4.56,4.57,4.28,4.4,4.64,657157,1407276032.0,2.25,-5.17
2009-06-23,平安银行,000001,4.5,4.84,4.43,4.64,4.64,624698,1377111680.0,2.14,0.0
2009-06-22,平安银行,000001,4.64,4.76,4.46,4.64,4.63,663086,1465552896.0,2.27,0.22
2009-06-19,平安银行,000001,4.55,4.75,4.47,4.63,4.58,579874,1275968128.0,2.08,1.09
2009-06-18,平安银行,000001,4.62,4.82,4.52,4.58,4.68,670967,1484658816.0,2.41,-2.14
2009-06-17,平安银行,000001,4.75,4.79,4.5,4.68,4.82,652224,1438301568.0,2.34,-2.9
2009-06-16,平安银行,000001,4.42,4.91,4.39,4.82,4.61,1499769,3349282048.0,5.39,4.56
2009-06-15,平安银行,000001,4.61,4.61,4.24,4.61,3.88,1896382,4087878144.0,6.81,18.81
2009-06-05,平安银行,000001,3.97,4.1,3.83,3.88,4.02,348529,703018752.0,1.25,-3.48
2009-06-04,平安银行,000001,3.81,4.2,3.77,4.02,3.87,618459,1263708672.0,2.22,3.88
2009-06-03,平安银行,000001,3.33,3.9,3.33,3.87,3.33,646897,1263200512.0,2.32,16.22
2009-06-02,平安银行,000001,3.32,3.4,3.27,3.33,3.27,432957,800652352.0,1.55,1.83
2009-06-01,平安银行,000001,3.19,3.34,3.14,3.27,3.1,300236,548654464.0,1.08,5.48
2009-05-27,平安银行,000001,2.89,3.1,2.89,3.1,2.83,348116,615492608.0,1.25,9.54
2009-05-26,平安银行,000001,2.87,2.92,2.77,2.83,2.86,174704,299362592.0,0.63,-1.05
2009-05-25,平安银行,000001,2.74,2.96,2.65,2.86,2.83,295555,504422912.0,1.06,1.06
2009-05-22,平安银行,000001,2.75,2.9,2.68,2.83,2.78,234041,395973408.0,0.84,1.8
2009-05-21,平安银行,000001,3.0,3.02,2.75,2.78,3.01,254240,435761376.0,0.91,-7.64
2009-05-20,平安银行,000001,3.13,3.15,3.0,3.01,3.12,140421,248650624.0,0.5,-3.53
2009-05-19,平安银行,000001,3.09,3.22,3.09,3.12,2.98,292115,524995968.0,1.05,4.7
2009-05-15,平安银行,000001,3.01,3.03,2.91,2.98,2.95,146352,256399248.0,0.53,1.02
2009-05-14,平安银行,000001,3.08,3.09,2.89,2.95,3.1,315018,547898112.0,1.13,-4.84
2009-05-13,平安银行,000001,3.16,3.23,3.04,3.1,3.12,233912,418430784.0,0.84,-0.64
2009-05-12,平安银行,000001,3.01,3.16,2.96,3.12,3.03,207026,367649728.0,0.74,2.97
2009-05-11,平安银行,000001,3.23,3.59,3.02,3.03,3.22,673288,1249003904.0,2.42,-5.9
2009-05-08,平安银行,000001,3.04,3.26,3.01,3.22,3.14,579946,1043097088.0,2.08,2.55
2009-05-07,平安银行,000001,2.88,3.18,2.88,3.14,2.89,610114,1083382912.0,2.19,8.65
2009-05-06,平安银行,000001,2.69,2.92,2.66,2.89,2.72,471289,804699520.0,1.69,6.25
2009-05-05,平安银行,000001,2.75,2.87,2.69,2.72,2.71,314032,531835040.0,1.13,0.37
2009-05-04,平安银行,000001,2.59,2.76,2.53,2.71,2.55,383778,640081728.0,1.38,6.27
2009-04-30,平安银行,000001,2.58,2.66,2.48,2.55,2.62,342254,559033024.0,1.23,-2.67
2009-04-29,平安银行,000001,2.29,2.77,2.29,2.62,2.29,587092,955554240.0,2.11,14.41
2009-04-28,平安银行,000001,2.14,2.33,2.14,2.29,2.13,375917,585159168.0,1.35,7.51
2009-04-27,平安银行,000001,2.13,2.24,2.08,2.13,2.19,206665,314098816.0,0.74,-2.74
2009-04-24,平安银行,000001,2.23,2.42,2.17,2.19,2.15,340103,531858080.0,1.22,1.86
2009-04-23,平安银行,000001,2.16,2.23,2.07,2.15,2.17,220364,335080480.0,0.79,-0.92
2009-04-22,平安银行,000001,2.37,2.46,2.15,2.17,2.36,351649,552663552.0,1.26,-8.05
2009-04-21,平安银行,000001,2.42,2.43,2.24,2.36,2.49,353317,556042944.0,1.27,-5.22
2009-04-20,平安银行,000001,2.38,2.5,2.34,2.49,2.39,320627,512547648.0,1.15,4.18
2009-04-17,平安银行,000001,2.52,2.52,2.38,2.39,2.56,416703,665845184.0,1.5,-6.64
2009-04-16,平安银行,000001,2.54,2.6,2.41,2.56,2.54,404319,654320128.0,1.45,0.79
2009-04-15,平安银行,000001,2.65,2.66,2.44,2.54,2.67,424378,689311808.0,1.52,-4.87
2009-04-14,平安银行,000001,2.66,2.71,2.61,2.67,2.7,264977,440280096.0,0.95,-1.11
2009-04-13,平安银行,000001,2.68,2.74,2.62,2.7,2.66,333867,556322496.0,1.2,1.5
2009-04-10,平安银行,000001,2.62,2.66,2.53,2.66,2.56,329640,543590656.0,1.18,3.91
2009-04-09,平安银行,000001,2.46,2.58,2.45,2.56,2.46,307976,499445888.0,1.11,4.07
2009-04-08,平安银行,000001,2.63,2.76,2.44,2.46,2.67,448200,736657216.0,1.61,-7.87
2009-04-07,平安银行,000001,2.71,2.87,2.61,2.67,2.71,326795,548561536.0,1.17,-1.48
2009-04-03,平安银行,000001,2.73,2.88,2.65,2.71,2.69,607705,1025483136.0,2.18,0.74
2009-04-02,平安银行,000001,2.52,2.74,2.52,2.69,2.51,565854,943747200.0,2.03,7.17
2009-04-01,平安银行,000001,2.44,2.62,2.43,2.51,2.41,403239,653598016.0,1.45,4.15
2009-03-31,平安银行,000001,2.33,2.47,2.27,2.41,2.45,323448,509961184.0,1.16,-1.63
2009-03-30,平安银行,000001,2.58,2.61,2.37,2.45,2.57,405768,650878080.0,1.46,-4.67
2009-03-27,平安银行,000001,2.62,2.67,2.52,2.57,2.62,387551,635156672.0,1.39,-1.91
2009-03-26,平安银行,000001,2.38,2.65,2.33,2.62,2.36,717028,1161662464.0,2.57,11.02
2009-03-25,平安银行,000001,2.27,2.45,2.26,2.36,2.32,488148,773482624.0,1.75,1.72
2009-03-24,平安银行,000001,2.38,2.51,2.31,2.32,2.29,842965,1342706304.0,3.03,1.31
2009-03-23,平安银行,000001,2.11,2.31,2.11,2.29,2.19,711227,1096019712.0,2.55,4.57
2009-03-20,平安银行,000001,2.25,2.32,2.07,2.19,2.36,637377,974719488.0,2.29,-7.2
2009-03-19,平安银行,000001,2.34,2.42,2.18,2.36,2.33,570505,891205120.0,2.05,1.29
2009-03-18,平安银行,000001,2.44,2.46,2.31,2.33,2.4,537785,851286464.0,1.93,-2.92
2009-03-17,平安银行,000001,2.13,2.45,2.09,2.4,2.16,660101,1034028288.0,2.37,11.11
2009-03-16,平安银行,000001,1.97,2.21,1.89,2.16,2.01,415651,625111104.0,1.49,7.46
2009-03-13,平安银行,000001,2.14,2.17,2.0,2.01,2.12,268562,403403840.0,0.96,-5.19
2009-03-12,平安银行,000001,1.95,2.14,1.86,2.12,1.95,347934,514788832.0,1.25,8.72
2009-03-11,平安银行,000001,2.22,2.25,1.95,1.95,2.02,451200,682414336.0,1.62,-3.47
2009-03-10,平安银行,000001,1.87,2.02,1.83,2.02,1.96,251376,367283936.0,0.9,3.06
2009-03-09,平安银行,000001,2.18,2.32,1.9,1.96,2.07,561382,851579648.0,2.02,-5.31
2009-03-06,平安银行,000001,1.98,2.2,1.97,2.07,2.13,454396,683511168.0,1.63,-2.82
2009-03-05,平安银行,000001,2.05,2.35,1.96,2.13,2.01,913143,1382553984.0,3.28,5.97
2009-03-04,平安银行,000001,1.56,2.02,1.56,2.01,1.53,678979,979017344.0,2.44,31.37
2009-03-03,平安银行,000001,1.5,1.7,1.48,1.53,1.71,295642,403854592.0,1.06,-10.53
2009-03-02,平安银行,000001,1.42,1.78,1.34,1.71,1.64,592782,801972736.0,2.13,4.27
2009-02-26,平安银行,000001,2.0,2.16,1.58,1.64,2.13,871138,1250457472.0,3.13,-23.0
2009-02-25,平安银行,000001,1.86,2.43,1.65,2.13,2.07,1434626,2090937472.0,5.15,2.9
2009-02-23,平安银行,000001,1.52,2.07,1.5,2.07,1.58,693366,1001283968.0,2.49,31.01
2009-02-20,平安银行,000001,1.46,1.6,1.39,1.58,1.51,408430,549270144.0,1.47,4.64
2009-02-19,平安银行,000001,1.71,1.78,1.35,1.51,1.71,634736,861836672.0,2.28,-11.7
2009-02-18,平安银行,000001,1.78,2.03,1.6,1.71,1.84,977476,1383613312.0,3.51,-7.07
2009-02-17,平安银行,000001,1.84,2.1,1.67,1.84,1.84,727352,1053926144.0,2.61,0.0
2009-02-16,平安银行,000001,1.6,1.86,1.6,1.84,1.57,691810,973517952.0,2.48,17.2
2009-02-13,平安银行,000001,1.41,1.6,1.35,1.57,1.45,512960,689403008.0,1.84,8.28
2009-02-12,平安银行,000001,1.67,1.67,1.31,1.45,1.64,559957,741834816.0,2.01,-11.59
2009-02-11,平安银行,000001,1.52,1.81,1.37,1.64,1.59,822193,1112270080.0,2.95,3.14
2009-02-10,平安银行,000001,1.57,1.64,1.42,1.59,1.62,533706,719521472.0,1.92,-1.85
2009-02-09,平安银行,000001,1.51,1.73,1.51,1.62,1.42,474283,652256512.0,1.7,14.08
2009-02-06,平安银行,000001,1.29,1.51,1.29,1.42,1.28,324698,427737248.0,1.17,10.94
2009-02-05,平安银行,000001,1.38,1.42,1.22,1.28,1.36,373428,483389216.0,1.34,-5.88
2009-02-04,平安银行,000001,1.0,1.4,1.0,1.36,0.97,540952,687869184.0,1.94,40.21
2009-02-03,平安银行,000001,0.87,1.01,0.84,0.97,0.87,368640,438563936.0,1.32,11.49
2009-02-02,平安银行,000001,0.9,0.99,0.81,0.87,0.86,329749,386448384.0,1.18,1.16
2009-01-23,平安银行,000001,0.84,0.96,0.84,0.86,0.91,345713,406089408.0,1.24,-5.49
2009-01-22,平安银行,000001,0.92,0.99,0.77,0.91,0.91,469410,549913088.0,1.69,0.0
2009-01-21,平安银行,000001,0.68,1.06,0.63,0.91,0.76,824456,965184768.0,2.96,19.74
2009-01-20,平安银行,000001,0.65,0.77,0.63,0.76,0.67,472975,532378880.0,1.7,13.43
2009-01-19,平安银行,000001,0.5,0.75,0.5,0.67,0.49,936335,1046119936.0,3.36,36.73
2009-01-16,平安银行,000001,0.39,0.61,0.39,0.49,0.37,664370,710657408.0,2.39,32.43
2009-01-15,平安银行,000001,0.27,0.48,0.25,0.37,0.34,895014,928498880.0,3.21,8.82
2009-01-14,平安银行,000001,0.01,0.36,0.01,0.34,0.07,765325,752488576.0,2.75,385.71
2009-01-13,平安银行,000001,-0.14,0.13,-0.14,0.07,0.21,1730708,1592403456.0,6.22,-66.67
2009-01-12,平安银行,000001,0.19,0.29,0.15,0.21,0.21,415480,409864352.0,1.49,0.0
2009-01-09,平安银行,000001,0.12,0.24,0.12,0.21,0.12,604457,589480448.0,2.17,75.0
2009-01-08,平安银行,000001,0.17,0.18,0.08,0.12,0.26,392572,379270688.0,1.41,-53.85
2009-01-07,平安银行,000001,0.34,0.41,0.26,0.26,0.37,611960,622328640.0,2.2,-29.73
2009-01-06,平安银行,000001,0.19,0.42,0.17,0.37,0.16,635330,644107968.0,2.28,131.25
2009-01-05,平安银行,000001,0.11,0.17,0.09,0.16,0.07,340827,327584256.0,1.22,128.57
2008-12-31,平安银行,000001,0.1,0.12,0.01,0.07,0.08,232262,219748176.0,0.83,-12.5
2008-12-30,平安银行,000001,0.07,0.13,0.03,0.08,0.07,327193,310284256.0,1.18,14.29
2008-12-29,平安银行,000001,0.12,0.13,-0.02,0.07,0.16,277931,260911104.0,1.0,-56.25
2008-12-26,平安银行,000001,0.17,0.23,0.14,0.16,0.19,265881,259658880.0,0.95,-15.79
2008-12-25,平安银行,000001,0.36,0.36,0.15,0.19,0.31,306840,305689632.0,1.1,-38.71
2008-12-24,平安银行,000001,0.25,0.4,0.24,0.31,0.33,346035,351841920.0,1.24,-6.06
2008-12-23,平安银行,000001,0.38,0.49,0.26,0.33,0.37,505692,517378336.0,1.82,-10.81
2008-12-22,平安银行,000001,0.45,0.48,0.33,0.37,0.46,340562,352120672.0,1.22,-19.57
2008-12-19,平安银行,000001,0.44,0.57,0.42,0.46,0.48,551088,585389824.0,1.98,-4.17
2008-12-18,平安银行,000001,0.27,0.5,0.22,0.48,0.27,623344,646179712.0,2.24,77.78
2008-12-17,平安银行,000001,0.34,0.37,0.23,0.27,0.32,518092,522745216.0,1.86,-15.63
2008-12-16,平安银行,000001,0.29,0.34,0.17,0.32,0.34,403336,402624512.0,1.45,-5.88
2008-12-15,平安银行,000001,0.45,0.48,0.19,0.34,0.35,558989,566912640.0,2.01,-2.86
2008-12-12,平安银行,000001,0.5,0.53,0.3,0.35,0.56,491301,509399616.0,1.76,-37.5
2008-12-11,平安银行,000001,0.63,0.74,0.55,0.56,0.71,675100,743099840.0,2.42,-21.13
2008-12-10,平安银行,000001,0.42,0.75,0.42,0.71,0.42,1017261,1107176448.0,3.65,69.05
2008-12-09,平安银行,000001,0.63,0.63,0.41,0.42,0.57,691030,738684800.0,2.48,-26.32
2008-12-08,平安银行,000001,0.48,0.62,0.45,0.57,0.38,873829,941639808.0,3.14,50.0
2008-12-05,平安银行,000001,0.25,0.4,0.25,0.38,0.27,672298,686355840.0,2.41,40.74
2008-12-04,平安银行,000001,0.26,0.43,0.23,0.27,0.14,1174169,1195770112.0,4.22,92.86
2008-12-03,平安银行,000001,0.0,0.14,-0.01,0.14,-0.05,863899,818587776.0,3.1,380.0
2008-12-02,平安银行,000001,-0.14,-0.03,-0.17,-0.05,-0.05,340894,307018592.0,1.22,0.0
2008-12-01,平安银行,000001,-0.14,-0.04,-0.14,-0.05,-0.1,318611,287548160.0,1.14,50.0
2008-11-28,平安银行,000001,0.02,0.02,-0.17,-0.1,0.07,495142,445436160.0,1.78,-242.86
2008-11-27,平安银行,000001,0.3,0.33,0.07,0.07,0.08,834056,819263360.0,3.0,-12.5
2008-11-26,平安银行,000001,0.15,0.15,0.01,0.08,0.14,313663,298018080.0,1.13,-42.86
2008-11-25,平安银行,000001,0.27,0.3,0.08,0.14,0.19,370937,362505952.0,1.33,-26.32
2008-11-24,平安银行,000001,0.35,0.36,0.17,0.19,0.35,451107,446222080.0,1.62,-45.71
2008-11-21,平安银行,000001,0.3,0.51,0.21,0.35,0.45,546568,558293312.0,1.96,-22.22
2008-11-20,平安银行,000001,0.51,0.6,0.41,0.45,0.61,611339,648795008.0,2.2,-26.23
2008-11-19,平安银行,000001,0.31,0.64,0.28,0.61,0.3,545663,575104256.0,1.96,103.33
2008-11-18,平安银行,000001,0.58,0.75,0.24,0.3,0.63,726605,774392960.0,2.61,-52.38
2008-11-17,平安银行,000001,0.48,0.65,0.42,0.63,0.49,651754,701432832.0,2.34,28.57
2008-11-14,平安银行,000001,0.41,0.54,0.32,0.49,0.37,688606,718879424.0,2.47,32.43
2008-11-13,平安银行,000001,0.12,0.43,0.08,0.37,0.19,648836,646979328.0,2.33,94.74
2008-11-12,平安银行,000001,0.04,0.23,0.02,0.19,0.09,364711,354006368.0,1.31,111.11
2008-11-11,平安银行,000001,0.1,0.22,0.05,0.09,0.14,515000,496466912.0,1.85,-35.71
2008-11-10,平安银行,000001,-0.06,0.14,-0.1,0.14,-0.17,565849,531007200.0,2.03,182.35
2008-11-07,平安银行,000001,-0.36,-0.1,-0.38,-0.17,-0.3,318945,278272192.0,1.15,43.33
2008-11-06,平安银行,000001,-0.28,-0.22,-0.33,-0.3,-0.15,233618,197855632.0,0.84,-100.0
2008-11-05,平安银行,000001,-0.3,-0.04,-0.31,-0.15,-0.33,472622,416404736.0,1.7,54.55
2008-11-04,平安银行,000001,-0.35,-0.29,-0.46,-0.33,-0.31,195276,161018400.0,0.7,-6.45
2008-11-03,平安银行,000001,-0.37,-0.22,-0.4,-0.31,-0.32,201981,170813008.0,0.73,3.13
2008-10-31,平安银行,000001,-0.2,-0.18,-0.35,-0.32,-0.21,244054,208945376.0,0.88,-52.38
2008-10-30,平安银行,000001,-0.3,-0.14,-0.33,-0.21,-0.29,342020,387916896.0,1.6,27.59
2008-10-29,平安银行,000001,-0.12,-0.12,-0.3,-0.29,-0.16,282279,319639488.0,1.32,-81.25
2008-10-28,平安银行,000001,-0.44,-0.09,-0.46,-0.16,-0.35,418838,470876544.0,1.96,54.29
2008-10-27,平安银行,000001,-0.11,-0.11,-0.35,-0.35,-0.01,306553,342612512.0,1.43,-3400.0
2008-10-24,平安银行,000001,0.13,0.16,-0.06,-0.01,0.13,287751,350582208.0,1.34,-107.69
2008-10-23,平安银行,000001,0.2,0.2,-0.05,0.13,0.3,357685,438513600.0,1.67,-56.67
2008-10-22,平安银行,000001,0.26,0.42,0.26,0.3,0.33,136978,182835536.0,0.64,-9.09
2008-10-21,平安银行,000001,0.42,0.5,0.33,0.33,0.42,150516,204932800.0,0.7,-21.43
2008-10-20,平安银行,000001,0.19,0.48,0.14,0.42,0.23,152017,201089264.0,0.71,82.61
2008-10-17,平安银行,000001,0.13,0.23,0.08,0.23,0.09,188300,238347952.0,0.88,155.56
2008-10-16,平安银行,000001,0.13,0.19,0.03,0.09,0.31,258597,323126880.0,1.21,-70.97
2008-10-14,平安银行,000001,0.5,0.56,0.29,0.31,0.33,504096,691503104.0,2.35,-6.06
2008-10-13,平安银行,000001,0.03,0.33,0.01,0.33,-0.01,511123,662164800.0,2.39,3400.0
2008-10-10,平安银行,000001,0.09,0.13,-0.03,-0.01,0.25,158856,194138944.0,0.74,-104.0
2008-10-09,平安银行,000001,0.42,0.43,0.22,0.25,0.31,158574,208970240.0,0.74,-19.35
2008-10-08,平安银行,000001,0.34,0.4,0.19,0.31,0.53,300445,395906976.0,1.4,-41.51
2008-10-07,平安银行,000001,0.35,0.63,0.31,0.53,0.51,190886,263179264.0,0.89,3.92
2008-10-06,平安银行,000001,0.75,0.75,0.39,0.51,0.81,296758,414885312.0,1.39,-37.04
2008-09-26,平安银行,000001,0.95,0.98,0.64,0.81,0.9,253028,376995232.0,1.18,-10.0
2008-09-25,平安银行,000001,0.75,1.0,0.72,0.9,0.73,246201,375387840.0,1.15,23.29
2008-09-24,平安银行,000001,0.73,0.77,0.64,0.73,0.84,195686,286085920.0,0.91,-13.1
2008-09-23,平安银行,000001,0.92,1.05,0.81,0.84,1.12,205717,316776928.0,0.96,-25.0
2008-09-22,平安银行,000001,1.11,1.12,0.83,1.12,0.71,603467,965465792.0,2.82,57.75
2008-09-19,平安银行,000001,0.71,0.71,0.67,0.71,0.34,111368,162823424.0,0.52,108.82
2008-09-18,平安银行,000001,0.12,0.53,0.09,0.34,0.28,290192,374958752.0,1.35,21.43
2008-09-17,平安银行,000001,0.51,0.57,0.24,0.28,0.64,298090,394824128.0,1.39,-56.25
2008-09-16,平安银行,000001,1.01,1.01,0.64,0.64,1.09,278834,403052192.0,1.3,-41.28
2008-09-12,平安银行,000001,1.12,1.2,1.06,1.09,1.12,48542,78310528.0,0.23,-2.68
2008-09-11,平安银行,000001,1.42,1.42,1.1,1.12,1.42,94133,154977360.0,0.44,-21.13
2008-09-10,平安银行,000001,1.47,1.56,1.34,1.42,1.49,62207,107032600.0,0.29,-4.7
2008-09-09,平安银行,000001,1.59,1.62,1.47,1.49,1.56,78720,138427968.0,0.37,-4.49
2008-09-08,平安银行,000001,1.81,1.81,1.51,1.56,1.71,61712,110649600.0,0.29,-8.77
2008-09-05,平安银行,000001,1.62,1.79,1.55,1.71,1.73,106254,191459024.0,0.5,-1.16
2008-09-04,平安银行,000001,1.69,1.78,1.62,1.73,1.7,52388,94909184.0,0.24,1.76
2008-09-03,平安银行,000001,1.84,1.86,1.63,1.7,1.84,85825,156530592.0,0.4,-7.61
2008-09-02,平安银行,000001,1.89,1.94,1.79,1.84,1.91,111061,208084688.0,0.52,-3.66
2008-09-01,平安银行,000001,2.23,2.23,1.91,1.91,2.26,110328,213113040.0,0.52,-15.49
2008-08-29,平安银行,000001,2.26,2.37,2.16,2.26,2.22,153030,309625664.0,0.71,1.8
2008-08-28,平安银行,000001,2.2,2.33,2.16,2.22,2.19,72657,146549344.0,0.34,1.37
2008-08-27,平安银行,000001,2.19,2.3,2.13,2.19,2.21,67921,136582336.0,0.32,-0.9
2008-08-26,平安银行,000001,2.17,2.3,2.12,2.21,2.24,80552,161453056.0,0.38,-1.34
2008-08-25,平安银行,000001,2.21,2.33,2.09,2.24,2.18,79996,161250528.0,0.37,2.75
2008-08-22,平安银行,000001,2.25,2.31,2.07,2.18,2.26,64210,127911320.0,0.3,-3.54
2008-08-21,平安银行,000001,2.48,2.48,2.2,2.26,2.44,83313,170344992.0,0.39,-7.38
2008-08-20,平安银行,000001,1.96,2.5,1.94,2.44,1.99,175587,357636992.0,0.82,22.61
2008-08-19,平安银行,000001,1.91,2.12,1.84,1.99,1.93,44324,85448456.0,0.21,3.11
2008-08-18,平安银行,000001,2.1,2.14,1.93,1.93,2.09,77410,150178736.0,0.36,-7.66
2008-08-15,平安银行,000001,2.01,2.17,1.89,2.09,2.01,72816,142601760.0,0.34,3.98
2008-08-14,平安银行,000001,1.94,2.06,1.88,2.01,2.01,32030,61442320.0,0.15,0.0
2008-08-13,平安银行,000001,1.99,2.06,1.84,2.01,2.01,70405,133439056.0,0.33,0.0
2008-08-12,平安银行,000001,1.99,2.09,1.96,2.01,2.01,77308,149263456.0,0.36,0.0
2008-08-11,平安银行,000001,2.2,2.39,1.98,2.01,2.2,99390,197994224.0,0.46,-8.64
2008-08-08,平安银行,000001,2.46,2.46,2.19,2.2,2.47,93034,189331712.0,0.43,-10.93
2008-08-07,平安银行,000001,2.4,2.53,2.34,2.47,2.44,74914,156494448.0,0.35,1.23
2008-08-06,平安银行,000001,2.54,2.64,2.3,2.44,2.48,103675,217979424.0,0.48,-1.61
2008-08-05,平安银行,000001,2.68,2.76,2.47,2.48,2.61,137615,295564704.0,0.64,-4.98
2008-08-04,平安银行,000001,2.64,2.79,2.61,2.61,2.73,136208,297606912.0,0.64,-4.4
2008-08-01,平安银行,000001,2.42,2.84,2.37,2.73,2.43,141673,304838656.0,0.66,12.35
2008-07-31,平安银行,000001,2.58,2.63,2.43,2.43,2.63,103168,218859984.0,0.48,-7.6
2008-07-30,平安银行,000001,2.66,2.7,2.53,2.63,2.55,107335,230508688.0,0.5,3.14
2008-07-29,平安银行,000001,2.57,2.63,2.48,2.55,2.7,105774,224814304.0,0.49,-5.56
2008-07-28,平安银行,000001,2.58,2.8,2.55,2.7,2.5,272128,595038336.0,1.27,8.0
2008-07-25,平安银行,000001,2.32,2.6,2.27,2.5,2.43,223513,470310112.0,1.04,2.88
2008-07-24,平安银行,000001,2.2,2.44,1.95,2.43,2.13,205121,418890816.0,0.96,14.08
2008-07-23,平安银行,000001,2.25,2.34,2.1,2.13,2.19,86314,173514752.0,0.4,-2.74
2008-07-22,平安银行,000001,2.18,2.28,2.15,2.19,2.17,65447,130773608.0,0.31,0.92
2008-07-21,平安银行,000001,1.96,2.2,1.93,2.17,2.03,129473,254927984.0,0.6,6.9
2008-07-18,平安银行,000001,1.95,2.04,1.79,2.03,1.83,164241,312376288.0,0.77,10.93
2008-07-17,平安银行,000001,1.99,2.02,1.78,1.83,1.87,100904,190898880.0,0.47,-2.14
2008-07-16,平安银行,000001,2.09,2.09,1.71,1.87,2.16,150234,284146400.0,0.7,-13.43
2008-07-15,平安银行,000001,2.54,2.55,2.14,2.16,2.52,150710,304248672.0,0.7,-14.29
2008-07-14,平安银行,000001,2.31,2.58,2.3,2.52,2.45,92466,194173152.0,0.43,2.86
2008-07-11,平安银行,000001,2.55,2.61,2.35,2.45,2.55,94225,196647904.0,0.44,-3.92
2008-07-10,平安银行,000001,2.45,2.75,2.42,2.55,2.56,162635,348748288.0,0.76,-0.39
2008-07-09,平安银行,000001,2.31,2.69,2.31,2.56,2.25,232756,494841952.0,1.09,13.78
2008-07-08,平安银行,000001,2.33,2.37,2.2,2.25,2.3,121758,245832080.0,0.57,-2.17
2008-07-07,平安银行,000001,1.97,2.31,1.96,2.3,1.93,171936,343651392.0,0.8,19.17
2008-07-04,平安银行,000001,1.98,2.01,1.92,1.93,1.91,146089,278948928.0,0.68,1.05
2008-07-03,平安银行,000001,1.79,2.05,1.58,1.91,1.84,168088,313262880.0,0.78,3.8
2008-07-02,平安银行,000001,1.83,1.91,1.78,1.84,1.86,104927,195999232.0,0.49,-1.08
2008-07-01,平安银行,000001,2.02,2.06,1.76,1.86,2.02,219730,413741728.0,1.03,-7.92
2008-06-30,平安银行,000001,1.93,2.12,1.93,2.02,2.05,187490,361839840.0,0.88,-1.46
2008-06-27,平安银行,000001,2.44,2.44,2.05,2.05,2.65,456001,903065856.0,2.13,-22.64
2008-06-26,平安银行,000001,2.66,2.84,2.57,2.65,2.73,258869,563796608.0,1.26,-2.93
2008-06-25,平安银行,000001,2.54,2.81,2.44,2.73,2.63,339986,735661440.0,1.94,3.8
2008-06-24,平安银行,000001,2.45,2.74,2.4,2.63,2.61,173554,371483328.0,0.99,0.77
2008-06-23,平安银行,000001,2.53,2.73,2.48,2.61,2.48,127738,274218144.0,0.73,5.24
2008-06-20,平安银行,000001,2.2,2.8,2.18,2.48,2.26,199090,423584480.0,1.13,9.73
2008-06-19,平安银行,000001,2.75,2.8,2.21,2.26,2.78,153587,327375904.0,0.87,-18.71
2008-06-18,平安银行,000001,2.48,2.84,2.38,2.78,2.54,178119,385958304.0,1.01,9.45
2008-06-17,平安银行,000001,2.61,2.73,2.45,2.54,2.64,111786,238013312.0,0.64,-3.79
2008-06-16,平安银行,000001,2.55,2.79,2.45,2.64,2.53,106273,228695984.0,0.6,4.35
2008-06-13,平安银行,000001,2.51,2.59,2.38,2.53,2.54,142908,300625984.0,0.81,-0.39
2008-06-11,平安银行,000001,2.72,2.81,2.53,2.54,2.84,189953,410763552.0,1.08,-10.56
2008-06-10,平安银行,000001,3.12,3.12,2.84,2.84,3.53,175271,396986176.0,1.0,-19.55
2008-06-06,平安银行,000001,3.68,3.71,3.5,3.53,3.65,76340,190255200.0,0.43,-3.29
2008-06-05,平安银行,000001,3.66,3.76,3.56,3.65,3.76,79015,198896320.0,0.45,-2.93
2008-06-04,平安银行,000001,3.7,3.78,3.48,3.76,3.71,96706,242826864.0,0.55,1.35
2008-06-03,平安银行,000001,3.78,3.9,3.66,3.71,3.84,80441,206197424.0,0.46,-3.39
2008-06-02,平安银行,000001,3.66,3.89,3.55,3.84,3.66,146239,371610944.0,0.83,4.92
2008-05-30,平安银行,000001,3.66,3.75,3.57,3.66,3.58,81334,204994976.0,0.46,2.23
2008-05-29,平安银行,000001,3.87,3.9,3.57,3.58,3.92,78627,201982000.0,0.45,-8.67
2008-05-28,平安银行,000001,3.61,3.98,3.59,3.92,3.6,126199,325909408.0,0.72,8.89
2008-05-27,平安银行,000001,3.56,3.68,3.5,3.6,3.55,58446,145988640.0,0.33,1.41
2008-05-26,平安银行,000001,3.59,3.66,3.37,3.55,3.73,131530,325161408.0,0.75,-4.83
2008-05-23,平安银行,000001,3.79,3.9,3.62,3.73,3.78,115654,296325920.0,0.66,-1.32
2008-05-22,平安银行,000001,3.9,4.03,3.75,3.78,3.98,148514,384939552.0,0.85,-5.03
2008-05-21,平安银行,000001,3.82,4.08,3.71,3.98,3.92,140835,363837632.0,0.8,1.53
2008-05-20,平安银行,000001,4.43,4.54,3.88,3.92,4.43,152569,417147712.0,0.87,-11.51
2008-05-19,平安银行,000001,4.29,4.48,4.21,4.43,4.36,130263,363248640.0,0.74,1.61
2008-05-16,平安银行,000001,4.2,4.43,4.2,4.36,4.2,165718,457886464.0,0.94,3.81
2008-05-15,平安银行,000001,4.5,4.56,4.2,4.2,4.4,154544,431630240.0,0.88,-4.55
2008-05-14,平安银行,000001,3.9,4.43,3.9,4.4,3.91,221406,604388928.0,1.26,12.53
2008-05-13,平安银行,000001,3.87,4.07,3.85,3.91,4.11,191553,502046976.0,1.09,-4.87
2008-05-12,平安银行,000001,3.76,4.25,3.62,4.11,3.9,218329,568819328.0,1.24,5.38
2008-05-09,平安银行,000001,4.32,4.39,3.81,3.9,4.3,323222,853456128.0,1.84,-9.3
2008-05-08,平安银行,000001,4.01,4.31,3.85,4.3,4.12,179478,481840832.0,1.02,4.37
2008-05-07,平安银行,000001,4.59,4.72,4.12,4.12,4.63,302205,840335488.0,1.72,-11.02
2008-05-06,平安银行,000001,4.74,4.8,4.57,4.63,4.88,190562,550140864.0,1.08,-5.12
2008-05-05,平安银行,000001,4.93,5.03,4.69,4.88,4.88,237304,699203072.0,1.35,0.0
2008-04-30,平安银行,000001,4.43,4.98,4.43,4.88,4.42,308760,902970496.0,1.76,10.41
2008-04-29,平安银行,000001,4.35,4.51,4.28,4.42,4.39,150811,422900032.0,0.86,0.68
2008-04-28,平安银行,000001,4.27,4.47,4.18,4.39,4.42,200708,556851968.0,1.14,-0.68
2008-04-25,平安银行,000001,4.32,4.69,4.16,4.42,4.29,391893,1099907072.0,2.23,3.03
2008-04-24,平安银行,000001,4.28,4.29,4.04,4.29,3.59,494546,1348041216.0,2.82,19.5
2008-04-23,平安银行,000001,3.15,3.63,3.1,3.59,3.19,245281,601125248.0,1.4,12.54
2008-04-22,平安银行,000001,2.82,3.26,2.62,3.19,2.87,239570,544237504.0,1.36,11.15
2008-04-21,平安银行,000001,3.54,3.54,2.83,2.87,3.0,282010,658192768.0,1.61,-4.33
2008-04-18,平安银行,000001,2.98,3.18,2.76,3.0,3.09,157429,358581280.0,0.9,-2.91
2008-04-17,平安银行,000001,3.5,3.76,2.98,3.09,3.55,251217,599452160.0,1.43,-12.96
2008-04-16,平安银行,000001,3.7,3.83,3.55,3.55,3.76,151237,382049504.0,0.86,-5.59
2008-04-15,平安银行,000001,3.73,3.78,3.41,3.76,3.78,168337,417869376.0,0.96,-0.53
2008-04-14,平安银行,000001,4.37,4.43,3.78,3.78,4.57,222417,586425856.0,1.27,-17.29
2008-04-11,平安银行,000001,4.6,4.67,4.43,4.57,4.44,122283,346391232.0,0.7,2.93
2008-04-10,平安银行,000001,4.35,4.48,4.17,4.44,4.35,180718,500369728.0,1.03,2.07
2008-04-09,平安银行,000001,4.74,4.82,4.33,4.35,4.89,263140,751083776.0,1.5,-11.04
2008-04-08,平安银行,000001,5.01,5.01,4.69,4.89,4.99,201700,595111296.0,1.15,-2.0
2008-04-07,平安银行,000001,4.7,5.08,4.59,4.99,4.78,255769,759409728.0,1.46,4.39
2008-04-03,平安银行,000001,4.57,4.79,4.36,4.78,4.68,233758,668824128.0,1.33,2.14
2008-04-02,平安银行,000001,4.59,4.97,4.43,4.68,4.4,435992,1265319168.0,2.48,6.36
2008-04-01,平安银行,000001,4.43,4.75,4.15,4.4,4.48,301862,854289472.0,1.72,-1.79
2008-03-31,平安银行,000001,4.42,4.72,4.35,4.48,4.72,216671,615586176.0,1.23,-5.08
2008-03-28,平安银行,000001,4.17,4.86,3.96,4.72,4.29,463007,1317889152.0,2.64,10.02
2008-03-27,平安银行,000001,4.24,4.53,4.15,4.29,4.4,212981,591752640.0,1.21,-2.5
2008-03-26,平安银行,000001,4.35,4.7,4.29,4.4,4.29,232803,658557248.0,1.33,2.56
2008-03-25,平安银行,000001,3.9,4.38,3.79,4.29,4.01,238018,636462464.0,1.35,6.98
2008-03-24,平安银行,000001,4.56,4.64,4.01,4.01,4.52,178752,488004032.0,1.02,-11.28
2008-03-21,平安银行,000001,4.64,4.74,4.4,4.52,4.71,280018,801884032.0,1.59,-4.03
2008-03-20,平安银行,000001,3.78,4.82,3.49,4.71,4.16,479227,1326190848.0,2.73,13.22
2008-03-19,平安银行,000001,3.9,4.21,3.85,4.16,3.65,328240,871755648.0,1.87,13.97
2008-03-18,平安银行,000001,3.6,3.86,3.48,3.65,3.6,258033,651083584.0,1.47,1.39
2008-03-17,平安银行,000001,3.53,3.82,3.45,3.6,3.57,206309,517284832.0,1.17,0.84
2008-03-14,平安银行,000001,3.87,3.87,3.51,3.57,3.89,286787,719480896.0,1.63,-8.23
2008-03-13,平安银行,000001,3.73,4.0,3.68,3.89,3.85,254544,658979456.0,1.45,1.04
2008-03-12,平安银行,000001,4.4,4.43,3.81,3.85,4.15,277629,741610432.0,1.58,-7.23
2008-03-11,平安银行,000001,4.17,4.36,4.03,4.15,4.29,261499,706947520.0,1.49,-3.26
2008-03-10,平安银行,000001,4.81,4.82,4.23,4.29,4.9,276107,773107712.0,1.57,-12.45
2008-03-07,平安银行,000001,4.93,5.26,4.82,4.9,5.07,140396,419821376.0,0.8,-3.35
2008-03-06,平安银行,000001,4.85,5.35,4.8,5.07,4.82,275662,841079808.0,1.57,5.19
2008-03-05,平安银行,000001,4.97,5.07,4.51,4.82,4.92,307091,899375360.0,1.75,-2.03
2008-03-04,平安银行,000001,5.84,5.84,4.9,4.92,5.82,930517,2841377536.0,5.3,-15.46
2008-03-03,平安银行,000001,5.79,5.98,5.51,5.82,5.86,343850,1134439808.0,1.96,-0.68
2008-02-29,平安银行,000001,5.74,5.94,5.68,5.86,5.76,68604,226789984.0,0.39,1.74
2008-02-28,平安银行,000001,5.82,5.9,5.68,5.76,5.76,96326,318004544.0,0.55,0.0
2008-02-27,平安银行,000001,5.43,5.87,5.43,5.76,5.39,185904,607664960.0,1.06,6.86
2008-02-26,平安银行,000001,5.54,5.61,5.19,5.39,5.19,217547,685714560.0,1.24,3.85
2008-02-25,平安银行,000001,5.55,5.71,5.15,5.19,5.61,211106,658642048.0,1.2,-7.49
2008-02-22,平安银行,000001,5.99,6.01,5.46,5.61,6.1,227557,739232000.0,1.3,-8.03
2008-02-21,平安银行,000001,6.35,6.36,5.9,6.1,6.32,258838,877311424.0,1.47,-3.48
2008-02-20,平安银行,000001,6.93,6.98,6.26,6.32,7.01,402624,1419914240.0,2.29,-9.84
2008-02-19,平安银行,000001,6.86,7.04,6.71,7.01,6.79,110735,405380864.0,0.63,3.24
2008-02-18,平安银行,000001,6.84,6.89,6.66,6.79,6.67,83872,306414560.0,0.48,1.8
2008-02-15,平安银行,000001,6.87,6.87,6.47,6.67,6.93,69904,250463808.0,0.4,-3.75
2008-02-14,平安银行,000001,6.89,7.03,6.88,6.93,6.76,43478,161568576.0,0.25,2.51
2008-02-13,平安银行,000001,6.79,6.92,6.66,6.76,7.02,45397,165790288.0,0.26,-3.7
2008-02-05,平安银行,000001,7.21,7.3,6.95,7.02,7.19,100763,380401152.0,0.57,-2.36
2008-02-04,平安银行,000001,6.62,7.21,6.62,7.19,6.25,248834,931200832.0,1.42,15.04
2008-02-01,平安银行,000001,5.97,6.51,5.82,6.25,5.9,155477,536802112.0,0.88,5.93
2008-01-31,平安银行,000001,6.1,6.29,5.87,5.9,6.08,156792,532842880.0,0.89,-2.96
2008-01-30,平安银行,000001,6.77,6.79,5.77,6.08,6.58,195318,677674240.0,1.11,-7.6
2008-01-29,平安银行,000001,6.6,6.85,6.37,6.58,6.5,98873,352020160.0,0.56,1.23
2008-01-28,平安银行,000001,7.08,7.1,6.48,6.5,7.24,120425,437361344.0,0.69,-10.22
2008-01-25,平安银行,000001,6.94,7.51,6.74,7.24,7.04,178860,675607488.0,1.02,2.84
2008-01-24,平安银行,000001,7.35,7.35,6.71,7.04,7.15,183021,682211328.0,1.04,-1.54
2008-01-23,平安银行,000001,6.88,7.19,6.71,7.15,6.6,215654,802576512.0,1.23,8.33
2008-01-22,平安银行,000001,6.87,7.27,6.35,6.6,7.16,264571,962125440.0,1.51,-7.82
2008-01-21,平安银行,000001,7.91,7.99,7.04,7.16,8.02,211875,823186944.0,1.21,-10.72
2008-01-18,平安银行,000001,8.05,8.24,7.85,8.02,8.02,115586,474717888.0,0.68,0.0
2008-01-17,平安银行,000001,7.63,8.14,7.47,8.02,7.71,240762,964622912.0,1.41,4.02
2008-01-16,平安银行,000001,8.13,8.25,7.69,7.71,8.33,301230,1216729600.0,1.77,-7.44
2008-01-15,平安银行,000001,8.73,8.88,8.32,8.33,8.73,177041,760841728.0,1.04,-4.58
2008-01-14,平安银行,000001,8.92,8.94,8.61,8.73,8.9,208571,911745216.0,1.22,-1.91
2008-01-11,平安银行,000001,8.29,9.02,8.27,8.9,8.31,358430,1555168256.0,2.1,7.1
2008-01-10,平安银行,000001,8.13,8.46,7.94,8.31,8.08,244700,1016737536.0,1.44,2.85
2008-01-09,平安银行,000001,7.88,8.1,7.88,8.08,7.88,192495,786313024.0,1.13,2.54
2008-01-08,平安银行,000001,7.61,8.14,7.6,7.88,7.54,499924,2029248384.0,2.94,4.51
2008-01-07,平安银行,000001,7.26,7.71,7.21,7.54,7.31,315140,1236910336.0,1.85,3.15
2008-01-04,平安银行,000001,7.04,7.41,7.04,7.31,7.03,198704,762161152.0,1.17,3.98
2008-01-03,平安银行,000001,7.21,7.23,6.8,7.03,7.21,275648,1023422976.0,1.62,-2.5
2008-01-02,平安银行,000001,7.35,7.42,7.11,7.21,7.38,200525,763465728.0,1.18,-2.3
2007-12-28,平安银行,000001,7.46,7.56,7.38,7.38,7.49,261567,1019671360.0,1.54,-1.47
2007-12-27,平安银行,000001,7.16,7.54,6.93,7.49,7.13,367216,1403599360.0,2.37,5.05
2007-12-26,平安银行,000001,7.21,7.36,7.08,7.13,7.23,164915,625417856.0,1.06,-1.38
2007-12-25,平安银行,000001,7.25,7.38,7.16,7.23,7.23,185194,708107776.0,1.19,0.0
2007-12-24,平安银行,000001,6.94,7.27,6.89,7.23,6.86,239351,896900416.0,1.54,5.39
2007-12-21,平安银行,000001,6.77,7.02,6.73,6.86,6.85,290418,1068493440.0,1.87,0.15
2007-12-20,平安银行,000001,6.85,6.94,6.7,6.85,6.58,181968,666067328.0,1.17,4.1
2007-12-18,平安银行,000001,6.42,6.72,6.37,6.58,6.47,125610,447961344.0,0.81,1.7
2007-12-17,平安银行,000001,6.93,6.93,6.46,6.47,7.02,150845,541917440.0,0.97,-7.83
2007-12-14,平安银行,000001,6.8,7.03,6.66,7.02,6.85,184265,673349056.0,1.19,2.48
2007-12-13,平安银行,000001,6.88,7.02,6.81,6.85,6.93,198995,734574464.0,1.28,-1.15
2007-12-12,平安银行,000001,7.32,7.32,6.81,6.93,7.41,336813,1253047680.0,2.17,-6.48
2007-12-11,平安银行,000001,7.6,7.79,7.2,7.41,7.52,274252,1067083008.0,1.77,-1.46
2007-12-10,平安银行,000001,7.43,7.58,7.35,7.52,7.71,306032,1190791680.0,1.97,-2.46
2007-12-07,平安银行,000001,7.56,7.79,7.56,7.71,7.55,133341,529860704.0,0.86,2.12
2007-12-06,平安银行,000001,7.64,7.76,7.42,7.55,7.6,121442,478345952.0,0.78,-0.66
2007-12-05,平安银行,000001,7.35,7.66,7.27,7.6,7.35,165926,648699968.0,1.07,3.4
2007-12-04,平安银行,000001,7.43,7.68,7.3,7.35,7.3,230819,900748928.0,1.49,0.68
2007-12-03,平安银行,000001,7.1,7.68,6.93,7.3,6.68,333513,1281146368.0,2.15,9.28
2007-11-30,平安银行,000001,6.93,6.94,6.66,6.68,6.95,149487,545215936.0,0.96,-3.88
2007-11-29,平安银行,000001,6.38,6.96,6.33,6.95,6.15,304971,1097701504.0,1.97,13.01
2007-11-28,平安银行,000001,6.42,6.49,5.99,6.15,6.4,209265,725442944.0,1.35,-3.91
2007-11-27,平安银行,000001,6.63,6.79,6.38,6.4,6.73,123742,441296928.0,0.8,-4.9
2007-11-26,平安银行,000001,7.09,7.15,6.72,6.73,6.93,130209,482552768.0,0.84,-2.89
2007-11-23,平安银行,000001,6.62,7.02,6.6,6.93,6.63,126017,461108160.0,0.81,4.52
2007-11-22,平安银行,000001,6.88,7.23,6.62,6.63,7.16,119397,438673152.0,0.77,-7.4
2007-11-21,平安银行,000001,7.53,7.59,6.96,7.16,7.52,223704,853682432.0,1.44,-4.79
2007-11-20,平安银行,000001,7.05,7.52,6.9,7.52,7.17,163554,617752064.0,1.06,4.88
2007-11-19,平安银行,000001,7.46,7.56,7.1,7.17,7.38,129699,494762848.0,0.84,-2.85
2007-11-16,平安银行,000001,7.74,7.77,7.31,7.38,7.91,177530,691470976.0,1.15,-6.7
2007-11-15,平安银行,000001,7.96,8.19,7.72,7.91,8.04,165618,673806080.0,1.07,-1.62
2007-11-14,平安银行,000001,8.07,8.13,7.59,8.04,7.77,196073,788767872.0,1.26,3.47
2007-11-13,平安银行,000001,8.44,8.57,7.69,7.77,8.24,213746,873836800.0,1.38,-5.7
2007-11-12,平安银行,000001,8.19,8.46,8.02,8.24,8.41,128816,536234848.0,0.83,-2.02
2007-11-09,平安银行,000001,8.37,8.77,8.27,8.41,8.47,105625,451231360.0,0.68,-0.71
2007-11-08,平安银行,000001,8.95,8.96,8.41,8.47,9.05,134171,581040192.0,0.87,-6.41
2007-11-07,平安银行,000001,8.87,9.05,8.51,9.05,8.73,97632,427142784.0,0.63,3.67
2007-11-06,平安银行,000001,8.63,8.99,8.5,8.73,8.81,103918,451763968.0,0.67,-0.91
2007-11-05,平安银行,000001,9.16,9.49,8.74,8.81,9.3,162833,730234432.0,1.05,-5.27
2007-11-02,平安银行,000001,9.49,9.96,9.16,9.3,9.77,181462,841694080.0,1.17,-4.81
2007-11-01,平安银行,000001,9.75,10.27,9.72,9.77,10.01,223319,1072296832.0,1.44,-2.4
2007-10-31,平安银行,000001,9.43,10.22,9.24,10.01,9.19,309697,1440424704.0,2.0,8.92
2007-10-30,平安银行,000001,9.23,9.33,8.94,9.19,9.23,188120,842647744.0,1.21,-0.43
2007-10-29,平安银行,000001,9.14,9.88,9.05,9.23,9.04,342003,1578727424.0,2.21,2.1
2007-10-26,平安银行,000001,8.24,9.2,8.21,9.04,8.08,347518,1509456640.0,2.24,11.88
2007-10-25,平安银行,000001,8.29,8.6,8.0,8.08,8.27,219245,919352960.0,1.41,-2.3
2007-10-24,平安银行,000001,8.13,8.64,8.12,8.27,8.07,250498,1062998848.0,1.62,2.48
2007-10-23,平安银行,000001,7.8,8.16,7.78,8.07,7.72,170140,693256960.0,1.1,4.53
2007-10-22,平安银行,000001,7.66,7.93,7.35,7.72,7.72,127442,504347200.0,0.82,0.0
2007-10-19,平安银行,000001,7.77,8.04,7.49,7.72,7.63,100400,403075680.0,0.65,1.18
2007-10-18,平安银行,000001,8.32,8.38,7.62,7.63,8.28,187332,752555136.0,1.21,-7.85
2007-10-17,平安银行,000001,8.27,8.68,8.04,8.28,8.31,201077,852784256.0,1.3,-0.36
2007-10-16,平安银行,000001,7.8,8.46,7.7,8.31,7.71,279012,1149469568.0,1.8,7.78
2007-10-15,平安银行,000001,7.77,7.96,7.41,7.71,7.6,212364,844443392.0,1.37,1.45
2007-10-12,平安银行,000001,8.13,8.16,7.24,7.6,8.05,186956,736596672.0,1.21,-5.59
2007-10-11,平安银行,000001,7.75,8.12,7.63,8.05,7.77,157028,636738752.0,1.01,3.6
2007-10-10,平安银行,000001,8.0,8.49,7.73,7.77,8.0,210380,869430720.0,1.36,-2.88
2007-10-09,平安银行,000001,8.07,8.39,7.93,8.0,8.22,145217,598597440.0,0.94,-2.68
2007-10-08,平安银行,000001,8.19,8.5,7.94,8.22,7.76,276229,1153482368.0,1.78,5.93
2007-09-28,平安银行,000001,7.52,7.85,7.52,7.76,7.44,352944,1408135936.0,2.28,4.3
2007-09-27,平安银行,000001,7.21,7.55,7.18,7.44,7.22,242677,943870208.0,1.57,3.05
2007-09-26,平安银行,000001,6.96,7.53,6.94,7.22,7.06,285476,1104154624.0,1.84,2.27
2007-09-25,平安银行,000001,7.28,7.35,7.02,7.06,7.24,147705,558945984.0,0.95,-2.49
2007-09-24,平安银行,000001,6.7,7.25,6.57,7.24,6.7,243303,910931712.0,1.57,8.06
2007-09-21,平安银行,000001,6.65,6.75,6.37,6.7,6.65,158115,560067392.0,1.02,0.75
2007-09-20,平安银行,000001,6.71,6.88,6.63,6.65,6.71,135966,494855232.0,0.88,-0.89
2007-09-19,平安银行,000001,6.53,6.86,6.52,6.71,6.46,190339,691880576.0,1.23,3.87
2007-09-18,平安银行,000001,6.81,6.89,6.37,6.46,6.77,199071,707943168.0,1.28,-4.58
2007-09-17,平安银行,000001,7.03,7.03,6.71,6.77,6.76,135773,498729312.0,0.88,0.15
2007-09-14,平安银行,000001,6.91,6.97,6.61,6.76,6.9,138488,505725216.0,0.89,-2.03
2007-09-13,平安银行,000001,6.54,6.9,6.46,6.9,6.52,146460,527528960.0,0.94,5.83
2007-09-12,平安银行,000001,6.49,6.74,6.26,6.52,6.62,161189,569745216.0,1.04,-1.51
2007-09-11,平安银行,000001,7.04,7.18,6.62,6.62,7.09,196231,723824768.0,1.27,-6.63
2007-09-10,平安银行,000001,6.81,7.18,6.7,7.09,6.96,168446,626875776.0,1.09,1.87
2007-09-07,平安银行,000001,7.02,7.21,6.93,6.96,6.99,157485,588261760.0,1.02,-0.43
2007-09-06,平安银行,000001,6.94,7.24,6.85,6.99,6.87,190721,712622784.0,1.23,1.75
2007-09-05,平安银行,000001,6.93,7.01,6.67,6.87,6.93,218303,799279168.0,1.41,-0.87
2007-09-04,平安银行,000001,7.16,7.17,6.85,6.93,7.18,231529,865134272.0,1.49,-3.48
2007-09-03,平安银行,000001,7.24,7.37,7.17,7.18,7.21,193697,741200576.0,1.25,-0.42
2007-08-31,平安银行,000001,7.11,7.24,6.92,7.21,7.13,173835,655288064.0,1.12,1.12
2007-08-30,平安银行,000001,7.01,7.23,6.82,7.13,6.89,246827,918011648.0,1.59,3.48
2007-08-29,平安银行,000001,7.07,7.12,6.82,6.89,7.21,267209,989245440.0,1.72,-4.44
2007-08-28,平安银行,000001,7.36,7.43,7.07,7.21,7.55,313336,1187909760.0,2.02,-4.5
2007-08-27,平安银行,000001,7.65,8.01,7.33,7.55,7.66,275096,1093845504.0,1.77,-1.44
2007-08-24,平安银行,000001,7.31,7.77,7.27,7.66,7.32,389457,1538402560.0,2.51,4.64
2007-08-23,平安银行,000001,7.32,7.43,7.13,7.32,7.38,264578,1004795776.0,1.71,-0.81
2007-08-22,平安银行,000001,7.17,7.65,7.11,7.38,7.37,315342,1224443904.0,2.03,0.14
2007-08-21,平安银行,000001,7.34,7.56,7.13,7.37,7.18,335990,1299416192.0,2.17,2.65
2007-08-20,平安银行,000001,6.66,7.25,6.66,7.18,6.34,366386,1371154944.0,2.36,13.25
2007-08-17,平安银行,000001,6.65,6.91,6.2,6.34,6.72,420685,1492588032.0,2.71,-5.65
2007-08-16,平安银行,000001,7.22,7.23,6.59,6.72,7.21,385348,1417127680.0,2.49,-6.8
2007-08-15,平安银行,000001,7.32,7.48,7.06,7.21,7.31,246045,936157952.0,1.59,-1.37
2007-08-14,平安银行,000001,7.55,7.58,6.93,7.31,7.52,349274,1320118784.0,2.25,-2.79
2007-08-13,平安银行,000001,7.35,7.77,7.21,7.52,7.49,260558,1013334144.0,1.68,0.4
2007-08-10,平安银行,000001,7.71,7.8,7.35,7.49,7.77,185782,728871680.0,1.2,-3.6
2007-08-09,平安银行,000001,7.44,7.8,7.36,7.77,7.44,308030,1224242048.0,1.99,4.44
2007-08-08,平安银行,000001,7.3,7.91,7.21,7.44,7.52,261425,1027444224.0,1.69,-1.06
2007-08-07,平安银行,000001,7.48,7.61,7.29,7.52,7.54,156322,608291776.0,1.01,-0.27
2007-08-06,平安银行,000001,7.49,7.74,7.28,7.54,7.52,258178,1005318336.0,1.67,0.27
2007-08-03,平安银行,000001,7.21,7.64,7.18,7.52,7.13,438272,1706257536.0,2.83,5.47
2007-08-02,平安银行,000001,6.46,7.17,6.46,7.13,6.38,396584,1452566144.0,2.56,11.76
2007-08-01,平安银行,000001,6.72,6.96,6.21,6.38,6.72,291433,1042756544.0,1.88,-5.06
2007-07-31,平安银行,000001,6.06,6.77,6.0,6.72,6.15,418204,1479465856.0,2.7,9.27
2007-07-30,平安银行,000001,6.02,6.4,5.99,6.15,6.06,244882,844941696.0,1.58,1.49
2007-07-27,平安银行,000001,6.31,6.34,5.96,6.06,6.37,337391,1148577920.0,2.18,-4.87
2007-07-26,平安银行,000001,6.38,6.52,6.31,6.37,6.43,267511,939092032.0,1.73,-0.93
2007-07-25,平安银行,000001,5.92,6.48,5.92,6.43,5.92,348527,1207820800.0,2.25,8.61
2007-07-24,平安银行,000001,5.81,6.28,5.68,5.92,5.81,349243,1177780992.0,2.25,1.89
2007-07-23,平安银行,000001,5.93,5.93,5.48,5.81,5.12,528016,1728640640.0,3.41,13.48
2007-07-19,平安银行,000001,4.96,5.34,4.9,5.12,5.05,303029,932526464.0,1.95,1.39
2007-07-18,平安银行,000001,4.71,5.32,4.6,5.05,4.75,563890,1703256320.0,3.64,6.32
2007-07-17,平安银行,000001,4.26,4.76,4.21,4.75,4.03,329571,931946112.0,2.13,17.87
2007-07-16,平安银行,000001,4.48,4.48,4.02,4.03,4.53,176135,478271840.0,1.14,-11.04
2007-07-13,平安银行,000001,4.71,4.71,4.44,4.53,4.64,75289,212984512.0,0.49,-2.37
2007-07-12,平安银行,000001,4.5,4.75,4.5,4.64,4.46,152058,437502720.0,0.98,4.04
2007-07-11,平安银行,000001,4.54,4.61,4.43,4.46,4.55,114248,322761760.0,0.74,-1.98
2007-07-10,平安银行,000001,4.43,4.8,4.43,4.55,4.46,335471,964135168.0,2.16,2.02
2007-07-09,平安银行,000001,4.23,4.57,4.15,4.46,4.15,272595,760716288.0,1.76,7.47
2007-07-06,平安银行,000001,3.73,4.18,3.71,4.15,3.65,440714,1166873344.0,2.84,13.7
2007-07-05,平安银行,000001,3.79,4.11,3.63,3.65,3.93,371588,971989952.0,2.4,-7.12
2007-07-04,平安银行,000001,4.28,4.3,3.9,3.93,4.22,243960,652710592.0,1.57,-6.87
2007-07-03,平安银行,000001,4.3,4.47,4.08,4.22,4.26,252533,693645120.0,1.63,-0.94
2007-07-02,平安银行,000001,4.1,4.39,4.03,4.26,4.3,323761,875614720.0,2.09,-0.93
2007-06-29,平安银行,000001,4.93,4.98,4.21,4.3,5.02,489687,1410757760.0,3.16,-14.34
2007-06-28,平安银行,000001,5.4,5.65,4.99,5.02,5.6,521165,1617433984.0,3.36,-10.36
2007-06-27,平安银行,000001,5.45,6.04,5.45,5.6,6.43,757751,2446555648.0,4.89,-12.91
2007-06-25,平安银行,000001,6.66,6.82,6.2,6.43,6.49,660120,2324186112.0,4.26,-0.92
2007-06-22,平安银行,000001,6.54,6.6,6.04,6.49,6.18,789944,2761567232.0,5.1,5.02
2007-06-21,平安银行,000001,5.66,6.18,5.33,6.18,5.32,681682,2285484544.0,4.4,16.17
2007-06-20,平安银行,000001,5.82,5.9,5.17,5.32,3.89,1302527,4182345216.0,8.4,36.76
2007-05-31,平安银行,000001,3.47,3.89,3.29,3.89,3.55,905029,2545382656.0,6.42,9.58
2007-05-30,平安银行,000001,3.55,3.74,3.55,3.55,3.91,505098,1387346944.0,3.58,-9.21
2007-05-29,平安银行,000001,3.97,4.07,3.73,3.91,3.87,444210,1270286976.0,3.15,1.03
2007-05-28,平安银行,000001,4.35,4.35,3.87,3.87,4.03,603316,1769983232.0,4.28,-3.97
2007-05-25,平安银行,000001,4.03,4.03,4.02,4.03,3.68,479684,1402575360.0,3.4,9.51
2007-05-11,平安银行,000001,3.34,3.74,3.22,3.68,3.42,259313,712695424.0,1.84,7.6
2007-05-10,平安银行,000001,3.42,3.64,3.34,3.42,3.57,277530,747504704.0,1.97,-4.2
2007-05-09,平安银行,000001,3.72,3.78,3.19,3.57,3.53,499264,1357693440.0,3.54,1.13
2007-05-08,平安银行,000001,3.26,3.53,3.26,3.53,3.2,253741,689417024.0,1.8,10.31
2007-04-26,平安银行,000001,3.16,3.2,3.01,3.2,2.89,470778,1215873536.0,3.34,10.73
2007-04-25,平安银行,000001,2.57,2.89,2.46,2.89,2.59,459180,1116248064.0,3.26,11.58
2007-04-24,平安银行,000001,2.75,2.78,2.57,2.59,2.64,340334,812324928.0,2.41,-1.89
2007-04-23,平安银行,000001,2.37,2.64,2.28,2.64,2.35,381384,886722816.0,2.71,12.34
2007-04-20,平安银行,000001,2.04,2.42,2.04,2.35,2.16,229268,513912256.0,1.63,8.8
2007-04-19,平安银行,000001,2.38,2.47,2.16,2.16,2.45,352642,780768640.0,2.5,-11.84
2007-04-18,平安银行,000001,2.42,2.56,2.34,2.45,2.44,204692,471600992.0,1.45,0.41
2007-04-17,平安银行,000001,2.59,2.64,2.34,2.44,2.64,355391,817622656.0,2.52,-7.58
2007-04-16,平安银行,000001,2.7,2.83,2.43,2.64,2.57,368260,869212480.0,2.61,2.72
2007-04-13,平安银行,000001,2.38,2.57,2.38,2.57,2.29,361488,846929472.0,2.56,12.23
2007-04-12,平安银行,000001,2.05,2.29,2.02,2.29,2.02,463826,1025244416.0,3.29,13.37
2007-04-11,平安银行,000001,1.78,2.02,1.78,2.02,1.77,594110,1259700096.0,4.22,14.12
2007-04-10,平安银行,000001,1.62,1.77,1.6,1.77,1.62,347516,698547456.0,2.47,9.26
2007-04-09,平安银行,000001,1.59,1.69,1.54,1.62,1.59,223763,440992992.0,1.59,1.89
2007-04-06,平安银行,000001,1.61,1.67,1.53,1.59,1.69,265541,520492064.0,1.88,-5.92
2007-04-05,平安银行,000001,1.67,1.71,1.58,1.69,1.67,290756,575979904.0,2.06,1.2
2007-04-04,平安银行,000001,1.54,1.75,1.54,1.67,1.53,402437,798945728.0,2.86,9.15
2007-04-03,平安银行,000001,1.52,1.61,1.49,1.53,1.51,253284,491256960.0,1.8,1.32
2007-04-02,平安银行,000001,1.44,1.59,1.43,1.51,1.41,313603,609052928.0,2.23,7.09
2007-03-30,平安银行,000001,1.41,1.44,1.33,1.41,1.48,216382,406970912.0,1.54,-4.73
2007-03-29,平安银行,000001,1.46,1.7,1.42,1.48,1.46,589516,1149695744.0,4.18,1.37
2007-03-28,平安银行,000001,1.42,1.54,1.2,1.46,1.44,415384,785154816.0,2.95,1.39
2007-03-27,平安银行,000001,1.44,1.47,1.38,1.44,1.48,235662,445686080.0,1.67,-2.7
2007-03-26,平安银行,000001,1.44,1.53,1.32,1.48,1.54,281825,535392768.0,2.0,-3.9
2007-03-23,平安银行,000001,1.61,1.63,1.43,1.54,1.68,358620,694815296.0,2.54,-8.33
2007-03-22,平安银行,000001,1.77,1.92,1.57,1.68,1.67,548988,1121148800.0,3.9,0.6
2007-03-21,平安银行,000001,1.48,1.67,1.46,1.67,1.43,358621,706176896.0,2.54,16.78
2007-03-20,平安银行,000001,1.54,1.54,1.42,1.43,1.43,250243,478599968.0,1.78,0.0
2007-03-19,平安银行,000001,1.13,1.43,1.09,1.43,1.2,275958,516975872.0,1.96,19.17
2007-03-16,平安银行,000001,1.29,1.32,1.17,1.2,1.28,186416,339576416.0,1.32,-6.25
2007-03-15,平安银行,000001,1.18,1.29,1.18,1.28,1.19,142483,259448784.0,1.01,7.56
2007-03-14,平安银行,000001,1.27,1.27,1.14,1.19,1.32,182520,328372448.0,1.3,-9.85
2007-03-13,平安银行,000001,1.29,1.38,1.28,1.32,1.29,135208,251016032.0,0.96,2.33
2007-03-12,平安银行,000001,1.43,1.44,1.2,1.29,1.43,159822,295400544.0,1.13,-9.79
2007-03-09,平安银行,000001,1.42,1.49,1.34,1.43,1.42,219544,414411872.0,1.56,0.7
2007-03-08,平安银行,000001,1.36,1.56,1.34,1.42,1.34,185520,352256704.0,1.32,5.97
2007-03-07,平安银行,000001,1.29,1.42,1.27,1.34,1.29,280296,520049152.0,1.99,3.88
2007-03-06,平安银行,000001,1.07,1.29,1.07,1.29,1.07,285078,518521184.0,2.02,20.56
2007-03-05,平安银行,000001,1.2,1.26,1.01,1.07,1.24,313850,553921856.0,2.23,-13.71
2007-03-02,平安银行,000001,1.17,1.28,1.08,1.24,1.21,207507,374155488.0,1.47,2.48
2007-03-01,平安银行,000001,1.44,1.44,1.21,1.21,1.46,229275,418404544.0,1.63,-17.12
2007-02-28,平安银行,000001,1.25,1.49,1.25,1.46,1.49,438115,808293440.0,3.11,-2.01
2007-02-27,平安银行,000001,1.75,1.9,1.49,1.49,1.75,227466,449230080.0,1.61,-14.86
2007-02-26,平安银行,000001,1.8,1.82,1.65,1.75,1.9,213936,430798240.0,1.52,-7.89
2007-02-16,平安银行,000001,1.87,2.05,1.84,1.9,1.82,279751,587215168.0,1.98,4.4
2007-02-15,平安银行,000001,1.86,1.99,1.75,1.82,1.83,319723,663331456.0,2.27,-0.55
2007-02-14,平安银行,000001,1.67,1.84,1.59,1.83,1.61,279993,568001024.0,1.99,13.66
2007-02-13,平安银行,000001,1.7,1.75,1.54,1.61,1.52,243945,482550368.0,1.73,5.92
2007-02-12,平安银行,000001,1.28,1.52,1.28,1.52,1.29,251598,482695232.0,1.79,17.83
2007-02-09,平安银行,000001,1.49,1.49,1.26,1.29,1.47,309263,576342144.0,2.19,-12.24
2007-02-08,平安银行,000001,1.29,1.52,1.21,1.47,1.29,647279,1225465344.0,4.59,13.95
2007-02-07,平安银行,000001,1.29,1.29,1.29,1.29,1.07,59166,108866304.0,0.42,20.56
2007-02-06,平安银行,000001,0.86,1.07,0.85,1.07,0.86,282377,484248896.0,2.0,24.42
2007-02-05,平安银行,000001,1.01,1.1,0.85,0.86,1.07,399274,679882752.0,2.83,-19.63
2007-02-02,平安银行,000001,1.24,1.36,1.07,1.07,1.31,396110,709006976.0,2.81,-18.32
2007-02-01,平安银行,000001,1.33,1.43,1.23,1.31,1.48,662855,1222286976.0,4.7,-11.49
2007-01-31,平安银行,000001,1.94,1.94,1.48,1.48,1.73,731960,1459524480.0,5.19,-14.45
2007-01-30,平安银行,000001,1.73,1.73,1.67,1.73,1.49,296356,595829376.0,2.1,16.11
2007-01-29,平安银行,000001,1.42,1.49,1.42,1.49,1.26,270144,517616064.0,1.92,18.25
2007-01-26,平安银行,000001,1.24,1.26,1.09,1.26,1.04,624255,1127756288.0,4.43,21.15
2007-01-25,平安银行,000001,1.14,1.21,1.03,1.04,1.12,484363,861761536.0,3.44,-7.14
2007-01-24,平安银行,000001,1.19,1.32,1.07,1.12,1.21,442486,794955328.0,3.14,-7.44
2007-01-23,平安银行,000001,1.06,1.27,1.02,1.21,1.13,503695,895826304.0,3.57,7.08
2007-01-22,平安银行,000001,0.96,1.14,0.96,1.13,0.92,540389,958069056.0,3.83,22.83
2007-01-19,平安银行,000001,0.73,0.93,0.73,0.92,0.73,479328,802892928.0,3.4,26.03
2007-01-18,平安银行,000001,0.92,0.97,0.73,0.73,0.94,489695,801280768.0,3.47,-22.34
2007-01-17,平安银行,000001,0.94,1.09,0.78,0.94,0.94,459108,779058432.0,3.26,0.0
2007-01-16,平安银行,000001,0.81,0.97,0.81,0.94,0.76,525236,893096128.0,3.73,23.68
2007-01-15,平安银行,000001,0.56,0.76,0.44,0.76,0.56,552365,873682688.0,3.92,35.71
2007-01-12,平安银行,000001,0.46,0.56,0.41,0.56,0.38,909021,1399725056.0,6.45,47.37
2007-01-11,平安银行,000001,0.22,0.38,0.2,0.38,0.2,409961,599350528.0,2.91,90.0
2007-01-10,平安银行,000001,0.12,0.24,0.08,0.2,0.13,447374,619003200.0,3.17,53.85
2007-01-09,平安银行,000001,0.02,0.15,0.0,0.13,0.02,479680,650410176.0,3.4,550.0
2007-01-08,平安银行,000001,-0.06,0.06,-0.07,0.02,-0.06,317616,421819392.0,2.25,133.33
2007-01-05,平安银行,000001,0.16,0.16,-0.08,-0.06,0.21,537329,715011008.0,3.81,-128.57
2007-01-04,平安银行,000001,0.34,0.51,0.13,0.21,0.3,692071,1016722880.0,4.91,-30.0
2006-12-29,平安银行,000001,0.22,0.35,0.2,0.3,0.18,502428,727135040.0,3.56,66.67
2006-12-28,平安银行,000001,0.11,0.3,0.1,0.18,0.1,534760,754610496.0,3.79,80.0
2006-12-27,平安银行,000001,-0.02,0.15,-0.05,0.1,-0.02,367875,500640416.0,2.61,600.0
2006-12-26,平安银行,000001,0.03,0.05,-0.05,-0.02,0.01,201862,267769280.0,1.43,-300.0
2006-12-25,平安银行,000001,-0.09,0.13,-0.1,0.01,-0.07,387657,520909600.0,2.75,114.29
2006-12-22,平安银行,000001,-0.04,0.02,-0.1,-0.07,-0.03,216853,283431808.0,1.54,-133.33
2006-12-21,平安银行,000001,0.05,0.06,-0.05,-0.03,0.05,358036,476466336.0,2.54,-160.0
2006-12-20,平安银行,000001,0.07,0.09,-0.02,0.05,0.07,186723,250714384.0,1.32,-28.57
2006-12-19,平安银行,000001,0.06,0.21,0.02,0.07,0.07,350939,481865280.0,2.49,0.0
2006-12-18,平安银行,000001,0.01,0.11,-0.03,0.07,0.01,273344,367086176.0,1.94,600.0
2006-12-15,平安银行,000001,0.05,0.05,-0.09,0.01,0.02,294849,389877664.0,2.09,-50.0
2006-12-14,平安银行,000001,0.01,0.08,-0.03,0.02,0.03,358913,476514496.0,2.55,-33.33
2006-12-13,平安银行,000001,0.18,0.2,-0.02,0.03,0.16,412283,558764928.0,2.93,-81.25
2006-12-12,平安银行,000001,0.1,0.24,0.06,0.16,0.06,406326,565319616.0,2.88,166.67
2006-12-11,平安银行,000001,-0.04,0.11,-0.05,0.06,-0.04,301581,407620704.0,2.14,250.0
2006-12-08,平安银行,000001,-0.05,0.07,-0.09,-0.04,0.03,340473,450406368.0,2.42,-233.33
2006-12-07,平安银行,000001,-0.05,0.21,-0.05,0.03,-0.05,533402,728859008.0,3.78,160.0
2006-12-06,平安银行,000001,-0.08,0.05,-0.2,-0.05,-0.09,410502,536588448.0,2.91,44.44
2006-12-05,平安银行,000001,-0.04,0.0,-0.13,-0.09,-0.04,407792,532345376.0,2.89,-125.0
2006-12-04,平安银行,000001,-0.23,0.02,-0.27,-0.04,-0.22,425453,550707840.0,3.02,81.82
2006-12-01,平安银行,000001,-0.16,-0.13,-0.23,-0.22,-0.16,230395,288315488.0,1.63,-37.5
2006-11-30,平安银行,000001,-0.23,-0.16,-0.27,-0.16,-0.23,327176,407057216.0,2.32,30.43
2006-11-29,平安银行,000001,-0.38,-0.2,-0.38,-0.23,-0.25,295240,358277856.0,2.09,8.0
2006-11-28,平安银行,000001,-0.2,-0.16,-0.26,-0.25,-0.18,204731,254090240.0,1.45,-38.89
2006-11-27,平安银行,000001,-0.19,-0.11,-0.27,-0.18,-0.16,343376,429537952.0,2.44,-12.5
2006-11-24,平安银行,000001,-0.17,-0.08,-0.26,-0.16,-0.16,417448,524634400.0,2.96,0.0
2006-11-23,平安银行,000001,-0.11,-0.03,-0.2,-0.16,-0.11,483995,623603328.0,3.43,-45.45
2006-11-22,平安银行,000001,-0.36,-0.08,-0.39,-0.11,-0.37,678914,836698368.0,4.82,70.27
2006-11-21,平安银行,000001,-0.65,-0.37,-0.71,-0.37,-0.64,820098,932196992.0,5.82,42.19
2006-11-20,平安银行,000001,-0.76,-0.63,-0.76,-0.64,-0.76,327200,346155168.0,2.32,15.79
2006-11-17,平安银行,000001,-0.73,-0.71,-0.79,-0.76,-0.73,180364,185432576.0,1.28,-4.11
2006-11-16,平安银行,000001,-0.73,-0.66,-0.75,-0.73,-0.73,329765,347317344.0,2.34,0.0
2006-11-15,平安银行,000001,-0.81,-0.73,-0.84,-0.73,-0.82,237712,242609600.0,1.69,10.98
2006-11-14,平安银行,000001,-0.8,-0.76,-0.86,-0.82,-0.81,284726,286451040.0,2.02,-1.23
2006-11-13,平安银行,000001,-0.77,-0.69,-0.84,-0.81,-0.75,227192,233866000.0,1.61,-8.0
2006-11-10,平安银行,000001,-0.71,-0.64,-0.79,-0.75,-0.72,379301,398473984.0,2.69,-4.17
2006-11-09,平安银行,000001,-0.83,-0.68,-0.85,-0.72,-0.82,390469,404884992.0,2.77,12.2
2006-11-08,平安银行,000001,-0.83,-0.79,-0.87,-0.82,-0.83,266517,267855008.0,1.89,1.2
2006-11-07,平安银行,000001,-0.86,-0.8,-0.87,-0.83,-0.87,238973,238848000.0,1.7,4.6
2006-11-06,平安银行,000001,-0.98,-0.84,-0.99,-0.87,-0.94,232251,226980000.0,1.65,7.45
2006-11-03,平安银行,000001,-1.0,-0.89,-1.02,-0.94,-1.0,244062,233758000.0,1.73,6.0
2006-11-02,平安银行,000001,-1.01,-1.0,-1.06,-1.0,-1.01,185904,171511008.0,1.32,0.99
2006-11-01,平安银行,000001,-0.95,-0.94,-1.03,-1.01,-0.95,211911,198876992.0,1.5,-6.32
2006-10-31,平安银行,000001,-0.99,-0.92,-1.0,-0.95,-0.99,219550,209224992.0,1.56,4.04
2006-10-30,平安银行,000001,-0.94,-0.88,-1.02,-0.99,-0.89,308727,291952992.0,2.19,-11.24
2006-10-27,平安银行,000001,-0.89,-0.77,-0.91,-0.89,-0.88,431651,429460992.0,3.06,-1.14
2006-10-26,平安银行,000001,-0.95,-0.86,-0.98,-0.88,-0.96,410791,399375008.0,2.91,8.33
2006-10-25,平安银行,000001,-0.98,-0.92,-0.99,-0.96,-0.98,300209,286049984.0,2.13,2.04
2006-10-24,平安银行,000001,-1.08,-0.96,-1.09,-0.98,-1.08,348735,323768000.0,2.47,9.26
2006-10-23,平安银行,000001,-1.07,-1.01,-1.11,-1.08,-1.07,245658,224924000.0,1.74,-0.93
2006-10-20,平安银行,000001,-1.11,-1.05,-1.11,-1.07,-1.1,184404,167203008.0,1.31,2.73
2006-10-19,平安银行,000001,-1.06,-1.06,-1.11,-1.1,-1.06,130705,117801000.0,0.93,-3.77
2006-10-18,平安银行,000001,-1.09,-1.04,-1.11,-1.06,-1.09,174779,158167008.0,1.24,2.75
2006-10-17,平安银行,000001,-1.13,-1.07,-1.16,-1.09,-1.13,201490,179342000.0,1.43,3.54
2006-10-16,平安银行,000001,-1.08,-1.04,-1.13,-1.13,-1.08,246459,221180992.0,1.75,-4.63
2006-10-13,平安银行,000001,-1.17,-0.97,-1.18,-1.08,-1.17,540445,489180000.0,3.83,7.69
2006-10-09,平安银行,000001,-1.26,-1.15,-1.26,-1.17,-1.3,354072,302136992.0,2.51,10.0
2006-09-29,平安银行,000001,-1.35,-1.27,-1.36,-1.3,-1.35,263771,214527008.0,1.87,3.7
2006-09-28,平安银行,000001,-1.34,-1.33,-1.38,-1.35,-1.34,155723,123553000.0,1.1,-0.75
2006-09-27,平安银行,000001,-1.45,-1.32,-1.46,-1.34,-1.45,253061,199228000.0,1.8,7.59
2006-09-26,平安银行,000001,-1.45,-1.44,-1.47,-1.45,-1.44,64160,48444000.0,0.46,-0.69
2006-09-25,平安银行,000001,-1.49,-1.43,-1.49,-1.44,-1.47,101755,76750000.0,0.72,2.04
2006-09-22,平安银行,000001,-1.41,-1.39,-1.49,-1.47,-1.41,164154,124453000.0,1.16,-4.26
2006-09-21,平安银行,000001,-1.42,-1.38,-1.42,-1.41,-1.42,110191,85330000.0,0.78,0.7
2006-09-20,平安银行,000001,-1.42,-1.41,-1.43,-1.42,-1.41,84746,65001000.0,0.6,-0.71
2006-09-19,平安银行,000001,-1.44,-1.39,-1.45,-1.41,-1.44,155532,120214000.0,1.1,2.08
2006-09-18,平安银行,000001,-1.42,-1.41,-1.45,-1.44,-1.43,119216,90988000.0,0.85,-0.7
2006-09-15,平安银行,000001,-1.47,-1.43,-1.48,-1.43,-1.47,195950,148740992.0,1.39,2.72
2006-09-14,平安银行,000001,-1.49,-1.42,-1.49,-1.47,-1.49,192155,144576000.0,1.36,1.34
2006-09-13,平安银行,000001,-1.49,-1.45,-1.5,-1.49,-1.48,173605,130265000.0,1.23,-0.68
2006-09-12,平安银行,000001,-1.49,-1.46,-1.5,-1.48,-1.49,132605,98758000.0,0.94,0.67
2006-09-11,平安银行,000001,-1.56,-1.48,-1.56,-1.49,-1.53,202466,148930000.0,1.44,2.61
2006-09-08,平安银行,000001,-1.54,-1.53,-1.55,-1.53,-1.54,76396,55096000.0,0.54,0.65
2006-09-07,平安银行,000001,-1.55,-1.51,-1.57,-1.54,-1.55,132162,95753000.0,0.94,0.65
2006-09-06,平安银行,000001,-1.56,-1.55,-1.57,-1.55,-1.56,59361,42259000.0,0.42,0.64
2006-09-05,平安银行,000001,-1.56,-1.53,-1.58,-1.56,-1.57,113257,81033000.0,0.8,0.64
2006-09-04,平安银行,000001,-1.58,-1.56,-1.58,-1.57,-1.58,46042,32643000.0,0.33,0.63
2006-09-01,平安银行,000001,-1.54,-1.53,-1.59,-1.58,-1.53,61895,43900000.0,0.44,-3.27
2006-08-31,平安银行,000001,-1.54,-1.51,-1.55,-1.53,-1.54,72032,52130000.0,0.51,0.65
2006-08-30,平安银行,000001,-1.54,-1.53,-1.55,-1.54,-1.54,51177,36871000.0,0.36,0.0
2006-08-29,平安银行,000001,-1.52,-1.49,-1.55,-1.54,-1.52,104885,76297000.0,0.74,-1.32
2006-08-28,平安银行,000001,-1.59,-1.5,-1.6,-1.52,-1.6,159357,114795000.0,1.13,5.0
2006-08-25,平安银行,000001,-1.58,-1.57,-1.6,-1.6,-1.58,38200,26733000.0,0.27,-1.27
2006-08-24,平安银行,000001,-1.57,-1.57,-1.61,-1.58,-1.58,82649,57908000.0,0.59,0.0
2006-08-23,平安银行,000001,-1.59,-1.55,-1.59,-1.58,-1.58,71034,50492000.0,0.5,0.0
2006-08-22,平安银行,000001,-1.58,-1.55,-1.59,-1.58,-1.57,57785,40989000.0,0.41,-0.64
2006-08-21,平安银行,000001,-1.64,-1.57,-1.68,-1.57,-1.61,68353,47495000.0,0.48,2.48
2006-08-18,平安银行,000001,-1.57,-1.57,-1.62,-1.61,-1.57,67611,47248000.0,0.48,-2.55
2006-08-17,平安银行,000001,-1.59,-1.57,-1.62,-1.57,-1.59,55224,38682000.0,0.39,1.26
2006-08-16,平安银行,000001,-1.61,-1.58,-1.62,-1.59,-1.62,71283,49959000.0,0.51,1.85
2006-08-15,平安银行,000001,-1.64,-1.61,-1.66,-1.62,-1.64,46837,32108000.0,0.33,1.22
2006-08-14,平安银行,000001,-1.64,-1.61,-1.65,-1.64,-1.64,60740,41631000.0,0.43,0.0
2006-08-11,平安银行,000001,-1.62,-1.62,-1.64,-1.64,-1.63,32001,21891000.0,0.23,-0.61
2006-08-10,平安银行,000001,-1.66,-1.63,-1.67,-1.63,-1.66,47798,32607000.0,0.34,1.81
2006-08-09,平安银行,000001,-1.64,-1.64,-1.66,-1.66,-1.65,38996,26382000.0,0.28,-0.61
2006-08-08,平安银行,000001,-1.69,-1.64,-1.69,-1.65,-1.7,63086,42337000.0,0.45,2.94
2006-08-07,平安银行,000001,-1.68,-1.65,-1.71,-1.7,-1.68,54028,36052000.0,0.38,-1.19
2006-08-04,平安银行,000001,-1.63,-1.62,-1.68,-1.68,-1.63,40715,27579000.0,0.29,-3.07
2006-08-03,平安银行,000001,-1.63,-1.62,-1.66,-1.63,-1.64,47455,32417000.0,0.34,0.61
2006-08-02,平安银行,000001,-1.67,-1.63,-1.68,-1.64,-1.67,64418,43451000.0,0.46,1.8
2006-08-01,平安银行,000001,-1.66,-1.64,-1.69,-1.67,-1.66,68052,45597000.0,0.48,-0.6
2006-07-31,平安银行,000001,-1.62,-1.61,-1.67,-1.66,-1.6,114640,77544000.0,0.81,-3.75
2006-07-28,平安银行,000001,-1.58,-1.56,-1.63,-1.6,-1.58,111252,77385000.0,0.79,-1.27
2006-07-27,平安银行,000001,-1.55,-1.53,-1.59,-1.58,-1.55,142410,101244000.0,1.01,-1.94
2006-07-26,平安银行,000001,-1.53,-1.53,-1.56,-1.55,-1.53,81597,58427000.0,0.58,-1.31
2006-07-25,平安银行,000001,-1.53,-1.51,-1.54,-1.53,-1.53,70549,51096000.0,0.5,0.0
2006-07-24,平安银行,000001,-1.55,-1.52,-1.58,-1.53,-1.54,41847,30064000.0,0.3,0.65
2006-07-21,平安银行,000001,-1.55,-1.5,-1.55,-1.54,-1.55,64034,46545000.0,0.45,0.65
2006-07-20,平安银行,000001,-1.55,-1.53,-1.56,-1.55,-1.55,59909,42991000.0,0.43,0.0
2006-07-19,平安银行,000001,-1.5,-1.47,-1.58,-1.55,-1.41,123883,89717000.0,0.88,-9.93
2006-07-07,平安银行,000001,-1.35,-1.35,-1.45,-1.41,-1.35,261447,203779008.0,1.86,-4.44
2006-07-06,平安银行,000001,-1.33,-1.33,-1.37,-1.35,-1.33,211302,167412992.0,1.5,-1.5
2006-07-05,平安银行,000001,-1.33,-1.28,-1.34,-1.33,-1.33,267597,216430000.0,1.9,0.0
2006-07-04,平安银行,000001,-1.31,-1.3,-1.38,-1.33,-1.31,229465,183715008.0,1.63,-1.53
2006-07-03,平安银行,000001,-1.45,-1.29,-1.45,-1.31,-1.45,325488,258392000.0,2.31,9.66
2006-06-30,平安银行,000001,-1.47,-1.42,-1.47,-1.45,-1.47,223635,169300992.0,1.59,1.36
2006-06-29,平安银行,000001,-1.52,-1.47,-1.52,-1.47,-1.51,222134,164791008.0,1.58,2.65
2006-06-28,平安银行,000001,-1.49,-1.49,-1.52,-1.51,-1.49,194498,142650000.0,1.38,-1.34
2006-06-27,平安银行,000001,-1.52,-1.48,-1.52,-1.49,-1.52,209260,153652992.0,1.48,1.97
2006-06-23,平安银行,000001,-1.5,-1.5,-1.53,-1.52,-1.49,187236,136584992.0,1.33,-2.01
2006-06-22,平安银行,000001,-1.55,-1.47,-1.55,-1.49,-1.55,361339,266218000.0,2.56,3.87
2006-06-21,平安银行,000001,-1.56,-1.54,-1.57,-1.55,-1.56,238934,171000992.0,1.7,0.64
2006-06-20,平安银行,000001,-1.58,-1.55,-1.6,-1.56,-1.57,202263,143171008.0,1.44,0.64
2006-06-19,平安银行,000001,-1.58,-1.55,-1.64,-1.57,-1.56,200856,141334000.0,1.43,-0.64
2006-06-16,平安银行,000001,-1.54,-1.52,-1.57,-1.56,-1.56,292451,208844000.0,2.08,0.0
2006-06-14,平安银行,000001,-1.57,-1.55,-1.63,-1.56,-1.56,304772,214766000.0,2.16,0.0
2006-06-13,平安银行,000001,-1.56,-1.52,-1.56,-1.56,-1.37,867240,618648000.0,6.15,-13.87
2006-06-12,平安银行,000001,-1.37,-1.37,-1.37,-1.37,-1.14,22687,17922000.0,0.16,-20.18
2006-05-26,平安银行,000001,-1.28,-1.09,-1.28,-1.14,-1.29,709075,612342976.0,5.03,11.63
2006-05-25,平安银行,000001,-1.33,-1.28,-1.37,-1.29,-1.33,211028,171703008.0,1.5,3.01
2006-05-24,平安银行,000001,-1.38,-1.27,-1.38,-1.33,-1.38,262901,211920992.0,1.87,3.62
2006-05-23,平安银行,000001,-1.3,-1.3,-1.38,-1.38,-1.29,233881,186638000.0,1.66,-6.98
2006-05-22,平安银行,000001,-1.27,-1.26,-1.31,-1.29,-1.26,256455,210183008.0,1.82,-2.38
2006-05-19,平安银行,000001,-1.31,-1.24,-1.33,-1.26,-1.31,252505,208534000.0,1.79,3.82
2006-05-18,平安银行,000001,-1.28,-1.28,-1.37,-1.31,-1.28,232857,187544992.0,1.65,-2.34
2006-05-17,平安银行,000001,-1.29,-1.22,-1.31,-1.28,-1.29,265215,219568992.0,1.88,0.78
2006-05-16,平安银行,000001,-1.2,-1.19,-1.32,-1.29,-1.18,352574,291836000.0,2.5,-9.32
2006-05-15,平安银行,000001,-1.21,-1.16,-1.26,-1.18,-1.2,351064,297640000.0,2.49,1.67
2006-05-12,平安银行,000001,-1.26,-1.16,-1.27,-1.2,-1.26,375639,319976000.0,2.67,4.76
2006-05-11,平安银行,000001,-1.28,-1.15,-1.3,-1.26,-1.27,457817,390102016.0,3.25,0.79
2006-05-10,平安银行,000001,-1.26,-1.17,-1.32,-1.27,-1.24,417477,349094016.0,2.96,-2.42
2006-05-09,平安银行,000001,-1.37,-1.21,-1.43,-1.24,-1.38,495567,394876000.0,3.52,10.14
2006-05-08,平安银行,000001,-1.37,-1.33,-1.42,-1.38,-1.37,411771,324024992.0,2.92,-0.73
2006-04-28,平安银行,000001,-1.42,-1.32,-1.53,-1.37,-1.5,684980,523033984.0,4.86,8.67
2006-04-27,平安银行,000001,-1.52,-1.46,-1.56,-1.5,-1.59,858524,630296000.0,6.09,5.66
2006-04-26,平安银行,000001,-1.73,-1.59,-1.74,-1.59,-1.75,228455,158274000.0,1.62,9.14
2006-04-25,平安银行,000001,-1.72,-1.72,-1.77,-1.75,-1.72,170603,109468000.0,1.21,-1.74
2006-04-24,平安银行,000001,-1.64,-1.63,-1.72,-1.72,-1.63,237667,158330000.0,1.69,-5.52
2006-04-21,平安银行,000001,-1.65,-1.62,-1.67,-1.63,-1.65,174793,119113000.0,1.24,1.21
2006-04-20,平安银行,000001,-1.63,-1.61,-1.66,-1.65,-1.62,139801,95454000.0,0.99,-1.85
2006-04-19,平安银行,000001,-1.65,-1.6,-1.68,-1.62,-1.66,221367,151203008.0,1.57,2.41
2006-04-18,平安银行,000001,-1.64,-1.62,-1.66,-1.66,-1.64,109311,73985000.0,0.78,-1.22
2006-04-17,平安银行,000001,-1.63,-1.62,-1.66,-1.64,-1.63,133423,91209000.0,0.95,-0.61
2006-04-14,平安银行,000001,-1.69,-1.63,-1.7,-1.63,-1.69,140248,94447000.0,1.0,3.55
2006-04-13,平安银行,000001,-1.67,-1.63,-1.69,-1.69,-1.66,152970,102462000.0,1.09,-1.81
2006-04-12,平安银行,000001,-1.61,-1.61,-1.66,-1.66,-1.61,160220,109360000.0,1.14,-3.11
2006-04-11,平安银行,000001,-1.66,-1.59,-1.68,-1.61,-1.66,312124,213419008.0,2.21,3.01
2006-04-10,平安银行,000001,-1.72,-1.66,-1.72,-1.66,-1.73,200389,133943000.0,1.42,4.05
2006-04-07,平安银行,000001,-1.71,-1.7,-1.74,-1.73,-1.71,119630,77509000.0,0.85,-1.17
2006-04-06,平安银行,000001,-1.69,-1.67,-1.72,-1.71,-1.69,178045,116712000.0,1.26,-1.18
2006-04-05,平安银行,000001,-1.7,-1.68,-1.72,-1.69,-1.7,192601,127274000.0,1.37,0.59
2006-04-04,平安银行,000001,-1.74,-1.69,-1.75,-1.7,-1.74,201242,131220000.0,1.43,2.3
2006-04-03,平安银行,000001,-1.76,-1.73,-1.77,-1.74,-1.75,125978,80419000.0,0.89,0.57
2006-03-31,平安银行,000001,-1.77,-1.73,-1.78,-1.75,-1.75,103648,65720000.0,0.74,0.0
2006-03-30,平安银行,000001,-1.72,-1.71,-1.77,-1.75,-1.72,129191,82853000.0,0.92,-1.74
2006-03-29,平安银行,000001,-1.74,-1.7,-1.75,-1.72,-1.75,190397,123464000.0,1.35,1.71
2006-03-28,平安银行,000001,-1.76,-1.74,-1.76,-1.75,-1.76,91951,58630000.0,0.65,0.57
2006-03-27,平安银行,000001,-1.77,-1.75,-1.8,-1.76,-1.77,88769,55648000.0,0.63,0.56
2006-03-24,平安银行,000001,-1.74,-1.74,-1.77,-1.77,-1.74,71661,45433000.0,0.51,-1.72
2006-03-23,平安银行,000001,-1.76,-1.73,-1.76,-1.74,-1.76,92361,59044000.0,0.66,1.14
2006-03-22,平安银行,000001,-1.75,-1.74,-1.77,-1.76,-1.76,73080,46371000.0,0.52,0.0
2006-03-21,平安银行,000001,-1.77,-1.74,-1.79,-1.76,-1.77,162677,103448000.0,1.15,0.56
2006-03-20,平安银行,000001,-1.8,-1.77,-1.81,-1.77,-1.8,67418,42004000.0,0.48,1.67
2006-03-17,平安银行,000001,-1.77,-1.77,-1.8,-1.8,-1.77,59477,37054000.0,0.42,-1.69
2006-03-16,平安银行,000001,-1.77,-1.75,-1.78,-1.77,-1.77,76519,48290000.0,0.54,0.0
2006-03-15,平安银行,000001,-1.8,-1.77,-1.8,-1.77,-1.8,59902,37442000.0,0.43,1.67
2006-03-14,平安银行,000001,-1.78,-1.78,-1.8,-1.8,-1.78,74336,46088000.0,0.53,-1.12
2006-03-13,平安银行,000001,-1.8,-1.77,-1.8,-1.78,-1.8,86845,54041000.0,0.62,1.11
2006-03-10,平安银行,000001,-1.79,-1.77,-1.81,-1.8,-1.78,105557,65528000.0,0.75,-1.12
2006-03-09,平安银行,000001,-1.75,-1.75,-1.8,-1.78,-1.75,96819,60652000.0,0.69,-1.71
2006-03-08,平安银行,000001,-1.77,-1.74,-1.78,-1.75,-1.76,87535,55516000.0,0.62,0.57
2006-03-07,平安银行,000001,-1.7,-1.7,-1.77,-1.76,-1.7,115104,73589000.0,0.82,-3.53
2006-03-06,平安银行,000001,-1.71,-1.68,-1.72,-1.7,-1.71,90699,59617000.0,0.64,0.58
2006-03-03,平安银行,000001,-1.71,-1.69,-1.74,-1.71,-1.7,154893,100863000.0,1.1,-0.59
2006-03-02,平安银行,000001,-1.65,-1.65,-1.72,-1.7,-1.65,208867,138276992.0,1.48,-3.03
2006-03-01,平安银行,000001,-1.63,-1.62,-1.66,-1.65,-1.63,142523,96867000.0,1.01,-1.23
2006-02-28,平安银行,000001,-1.64,-1.62,-1.69,-1.63,-1.64,182256,123162000.0,1.29,0.61
2006-02-27,平安银行,000001,-1.58,-1.57,-1.64,-1.64,-1.59,228343,157472992.0,1.62,-3.14
2006-02-24,平安银行,000001,-1.59,-1.58,-1.62,-1.59,-1.59,265480,185344992.0,1.88,0.0
2006-02-23,平安银行,000001,-1.64,-1.58,-1.65,-1.59,-1.65,464860,323756992.0,3.3,3.64
2006-02-22,平安银行,000001,-1.65,-1.63,-1.68,-1.65,-1.65,366174,248056000.0,2.6,0.0
2006-02-21,平安银行,000001,-1.77,-1.63,-1.78,-1.65,-1.77,448756,296836000.0,3.18,6.78
2006-02-20,平安银行,000001,-1.78,-1.75,-1.8,-1.77,-1.78,111640,70511000.0,0.79,0.56
2006-02-17,平安银行,000001,-1.8,-1.77,-1.81,-1.78,-1.8,86068,53456000.0,0.61,1.11
2006-02-16,平安银行,000001,-1.77,-1.77,-1.8,-1.8,-1.76,94300,58602000.0,0.67,-2.27
2006-02-15,平安银行,000001,-1.78,-1.73,-1.78,-1.76,-1.79,151888,96683000.0,1.08,1.68
2006-02-14,平安银行,000001,-1.8,-1.77,-1.81,-1.79,-1.79,54176,33789000.0,0.38,0.0
2006-02-13,平安银行,000001,-1.79,-1.78,-1.81,-1.79,-1.79,54384,33694000.0,0.39,0.0
2006-02-10,平安银行,000001,-1.8,-1.78,-1.81,-1.79,-1.8,59488,36875000.0,0.42,0.56
2006-02-09,平安银行,000001,-1.77,-1.77,-1.8,-1.8,-1.77,72779,45127000.0,0.52,-1.69
2006-02-08,平安银行,000001,-1.78,-1.77,-1.8,-1.77,-1.77,76537,47678000.0,0.54,0.0
2006-02-07,平安银行,000001,-1.74,-1.74,-1.8,-1.77,-1.74,120944,76012000.0,0.86,-1.72
2006-02-06,平安银行,000001,-1.76,-1.73,-1.76,-1.74,-1.76,107031,68383000.0,0.76,1.14
2006-01-25,平安银行,000001,-1.78,-1.75,-1.79,-1.76,-1.78,115598,72851000.0,0.82,1.12
2006-01-24,平安银行,000001,-1.81,-1.78,-1.81,-1.78,-1.8,83739,51929000.0,0.59,1.11
2006-01-23,平安银行,000001,-1.79,-1.78,-1.81,-1.8,-1.79,70773,43698000.0,0.5,-0.56
2006-01-20,平安银行,000001,-1.76,-1.76,-1.8,-1.79,-1.77,62290,38794000.0,0.44,-1.13
2006-01-19,平安银行,000001,-1.79,-1.77,-1.8,-1.77,-1.79,79591,49647000.0,0.56,1.12
2006-01-18,平安银行,000001,-1.81,-1.78,-1.82,-1.79,-1.81,67116,41664000.0,0.48,1.1
2006-01-17,平安银行,000001,-1.82,-1.8,-1.83,-1.81,-1.82,54548,33457000.0,0.39,0.55
2006-01-16,平安银行,000001,-1.8,-1.8,-1.83,-1.82,-1.79,97704,59761000.0,0.69,-1.68
2006-01-13,平安银行,000001,-1.78,-1.76,-1.8,-1.79,-1.77,79966,49797000.0,0.57,-1.13
2006-01-12,平安银行,000001,-1.79,-1.77,-1.8,-1.77,-1.79,67205,41928000.0,0.48,1.12
2006-01-11,平安银行,000001,-1.77,-1.76,-1.8,-1.79,-1.77,97492,60874000.0,0.69,-1.13
2006-01-10,平安银行,000001,-1.76,-1.75,-1.81,-1.77,-1.75,214267,133992000.0,1.52,-1.14
2006-01-09,平安银行,000001,-1.74,-1.73,-1.76,-1.75,-1.74,110221,70422000.0,0.78,-0.57
2006-01-06,平安银行,000001,-1.74,-1.72,-1.76,-1.74,-1.76,238663,153652000.0,1.69,1.14
2006-01-05,平安银行,000001,-1.77,-1.76,-1.78,-1.76,-1.77,153855,96812000.0,1.09,0.56
2006-01-04,平安银行,000001,-1.81,-1.76,-1.82,-1.77,-1.81,154450,96989000.0,1.1,2.21
2005-12-30,平安银行,000001,-1.79,-1.78,-1.81,-1.81,-1.79,56389,34766000.0,0.4,-1.12
2005-12-29,平安银行,000001,-1.8,-1.78,-1.81,-1.79,-1.8,79597,49418000.0,0.56,0.56
2005-12-28,平安银行,000001,-1.8,-1.8,-1.81,-1.8,-1.8,48707,29975000.0,0.35,0.0
2005-12-27,平安银行,000001,-1.79,-1.79,-1.81,-1.8,-1.79,55933,34568000.0,0.4,-0.56
2005-12-26,平安银行,000001,-1.8,-1.78,-1.81,-1.79,-1.81,158728,98606000.0,1.13,1.1
2005-12-23,平安银行,000001,-1.83,-1.81,-1.83,-1.81,-1.83,73090,44653000.0,0.52,1.09
2005-12-22,平安银行,000001,-1.83,-1.82,-1.84,-1.83,-1.83,48509,29346000.0,0.34,0.0
2005-12-21,平安银行,000001,-1.82,-1.79,-1.83,-1.83,-1.82,112303,68925000.0,0.8,-0.55
2005-12-20,平安银行,000001,-1.85,-1.81,-1.85,-1.82,-1.85,93815,56894000.0,0.67,1.62
2005-12-19,平安银行,000001,-1.84,-1.84,-1.86,-1.85,-1.84,41006,24564000.0,0.29,-0.54
2005-12-16,平安银行,000001,-1.85,-1.84,-1.86,-1.84,-1.85,56907,34144000.0,0.4,0.54
2005-12-15,平安银行,000001,-1.83,-1.82,-1.85,-1.85,-1.83,130722,78839000.0,0.93,-1.09
2005-12-14,平安银行,000001,-1.87,-1.81,-1.88,-1.83,-1.87,144803,87156000.0,1.03,2.14
2005-12-13,平安银行,000001,-1.88,-1.87,-1.89,-1.87,-1.87,36789,21586000.0,0.26,0.0
2005-12-12,平安银行,000001,-1.87,-1.85,-1.88,-1.87,-1.88,64411,38175000.0,0.46,0.53
2005-12-09,平安银行,000001,-1.89,-1.87,-1.9,-1.88,-1.89,74728,43866000.0,0.53,0.53
2005-12-08,平安银行,000001,-1.9,-1.88,-1.9,-1.89,-1.89,35024,20417000.0,0.25,0.0
2005-12-07,平安银行,000001,-1.91,-1.89,-1.91,-1.89,-1.91,40862,23680000.0,0.29,1.05
2005-12-06,平安银行,000001,-1.95,-1.88,-1.95,-1.91,-1.94,49805,28708000.0,0.35,1.55
2005-12-05,平安银行,000001,-1.9,-1.9,-1.94,-1.94,-1.89,44641,25507000.0,0.32,-2.65
2005-12-02,平安银行,000001,-1.9,-1.88,-1.91,-1.89,-1.9,43237,25178000.0,0.31,0.53
2005-12-01,平安银行,000001,-1.89,-1.88,-1.9,-1.9,-1.89,26393,15323000.0,0.19,-0.53
2005-11-30,平安银行,000001,-1.91,-1.88,-1.91,-1.89,-1.9,36485,21214000.0,0.26,0.53
2005-11-29,平安银行,000001,-1.91,-1.88,-1.91,-1.9,-1.9,31657,18330000.0,0.22,0.0
2005-11-28,平安银行,000001,-1.88,-1.88,-1.9,-1.9,-1.88,46564,27068000.0,0.33,-1.06
2005-11-25,平安银行,000001,-1.92,-1.87,-1.93,-1.88,-1.92,137612,80344000.0,0.98,2.08
2005-11-24,平安银行,000001,-1.93,-1.91,-1.95,-1.92,-1.93,35105,20055000.0,0.25,0.52
2005-11-23,平安银行,000001,-1.95,-1.93,-1.96,-1.93,-1.95,23204,13092000.0,0.16,1.03
2005-11-22,平安银行,000001,-1.91,-1.91,-1.95,-1.95,-1.91,29898,16881000.0,0.21,-2.09
2005-11-21,平安银行,000001,-1.9,-1.9,-1.92,-1.91,-1.9,34461,19781000.0,0.24,-0.53
2005-11-18,平安银行,000001,-1.92,-1.89,-1.94,-1.9,-1.93,75598,43453000.0,0.54,1.55
2005-11-17,平安银行,000001,-1.93,-1.92,-1.94,-1.93,-1.93,33795,19175000.0,0.24,0.0
2005-11-16,平安银行,000001,-1.95,-1.93,-1.95,-1.93,-1.94,23543,13207000.0,0.17,0.52
2005-11-15,平安银行,000001,-1.94,-1.93,-1.95,-1.94,-1.95,27866,15686000.0,0.2,0.51
2005-11-14,平安银行,000001,-1.96,-1.93,-1.96,-1.95,-1.96,16786,9389000.0,0.12,0.51
2005-11-11,平安银行,000001,-1.96,-1.95,-1.97,-1.96,-1.96,26238,14597000.0,0.19,0.0
2005-11-10,平安银行,000001,-1.92,-1.92,-1.96,-1.96,-1.92,43691,24437000.0,0.31,-2.08
2005-11-09,平安银行,000001,-1.91,-1.9,-1.93,-1.92,-1.91,26814,15312000.0,0.19,-0.52
2005-11-08,平安银行,000001,-1.92,-1.9,-1.93,-1.91,-1.92,32793,18778000.0,0.23,0.52
2005-11-07,平安银行,000001,-1.92,-1.91,-1.94,-1.92,-1.92,31234,17758000.0,0.22,0.0
2005-11-04,平安银行,000001,-1.93,-1.92,-1.95,-1.92,-1.93,31272,17654000.0,0.22,0.52
2005-11-03,平安银行,000001,-1.9,-1.9,-1.94,-1.93,-1.91,42851,24301000.0,0.3,-1.05
2005-11-02,平安银行,000001,-1.92,-1.9,-1.93,-1.91,-1.92,44386,25518000.0,0.31,0.52
2005-11-01,平安银行,000001,-1.92,-1.91,-1.95,-1.92,-1.92,44721,25340000.0,0.32,0.0
2005-10-31,平安银行,000001,-1.95,-1.9,-1.95,-1.92,-1.95,90950,51856000.0,0.65,1.54
2005-10-28,平安银行,000001,-1.89,-1.88,-1.97,-1.95,-1.89,102124,58016000.0,0.72,-3.17
2005-10-27,平安银行,000001,-1.87,-1.86,-1.9,-1.89,-1.87,100135,58863000.0,0.71,-1.07
2005-10-26,平安银行,000001,-1.82,-1.81,-1.88,-1.87,-1.83,134733,80724000.0,0.96,-2.19
2005-10-25,平安银行,000001,-1.79,-1.77,-1.84,-1.83,-1.78,174573,106832000.0,1.24,-2.81
2005-10-24,平安银行,000001,-1.7,-1.7,-1.79,-1.78,-1.76,378669,241903008.0,2.69,-1.14
2005-10-21,平安银行,000001,-1.77,-1.76,-1.84,-1.76,-1.91,177062,111927000.0,1.26,7.85
2005-09-27,平安银行,000001,-1.85,-1.85,-1.91,-1.91,-1.86,50313,29231000.0,0.36,-2.69
2005-09-26,平安银行,000001,-1.88,-1.86,-1.89,-1.86,-1.88,41001,24081000.0,0.29,1.06
2005-09-23,平安银行,000001,-1.87,-1.86,-1.89,-1.88,-1.87,47111,27713000.0,0.33,-0.53
2005-09-22,平安银行,000001,-1.84,-1.84,-1.89,-1.87,-1.84,93892,55674000.0,0.67,-1.63
2005-09-21,平安银行,000001,-1.81,-1.8,-1.84,-1.84,-1.81,83603,50898000.0,0.59,-1.66
2005-09-20,平安银行,000001,-1.78,-1.78,-1.81,-1.81,-1.77,105659,65257000.0,0.75,-2.26
2005-09-19,平安银行,000001,-1.77,-1.76,-1.79,-1.77,-1.77,69513,43485000.0,0.49,0.0
2005-09-16,平安银行,000001,-1.77,-1.75,-1.78,-1.77,-1.77,72815,45986000.0,0.52,0.0
2005-09-15,平安银行,000001,-1.75,-1.75,-1.78,-1.77,-1.75,82729,52137000.0,0.59,-1.14
2005-09-14,平安银行,000001,-1.76,-1.74,-1.77,-1.75,-1.76,134423,85405000.0,0.95,0.57
2005-09-13,平安银行,000001,-1.78,-1.76,-1.8,-1.76,-1.78,82124,51399000.0,0.58,1.12
2005-09-12,平安银行,000001,-1.78,-1.77,-1.8,-1.78,-1.78,49573,30873000.0,0.35,0.0
2005-09-09,平安银行,000001,-1.77,-1.74,-1.79,-1.78,-1.76,99116,62725000.0,0.7,-1.14
2005-09-08,平安银行,000001,-1.79,-1.74,-1.8,-1.76,-1.79,179956,113567000.0,1.28,1.68
2005-09-07,平安银行,000001,-1.81,-1.79,-1.82,-1.79,-1.81,84238,51833000.0,0.6,1.1
2005-09-06,平安银行,000001,-1.76,-1.76,-1.81,-1.81,-1.77,90479,56411000.0,0.64,-2.26
2005-09-05,平安银行,000001,-1.78,-1.76,-1.8,-1.77,-1.78,77980,48765000.0,0.55,0.56
2005-09-02,平安银行,000001,-1.76,-1.73,-1.78,-1.78,-1.77,132731,83999000.0,0.94,-0.56
2005-09-01,平安银行,000001,-1.78,-1.76,-1.8,-1.77,-1.79,152859,95897000.0,1.08,1.12
2005-08-31,平安银行,000001,-1.81,-1.78,-1.83,-1.79,-1.81,100912,62215000.0,0.72,1.1
2005-08-30,平安银行,000001,-1.81,-1.79,-1.83,-1.81,-1.83,88404,54477000.0,0.63,1.09
2005-08-29,平安银行,000001,-1.8,-1.78,-1.83,-1.83,-1.81,76834,47182000.0,0.55,-1.1
2005-08-26,平安银行,000001,-1.85,-1.8,-1.85,-1.81,-1.84,99172,60867000.0,0.7,1.63
2005-08-25,平安银行,000001,-1.84,-1.83,-1.86,-1.84,-1.84,43178,25921000.0,0.31,0.0
2005-08-24,平安银行,000001,-1.85,-1.83,-1.85,-1.84,-1.85,49655,29951000.0,0.35,0.54
2005-08-23,平安银行,000001,-1.84,-1.83,-1.88,-1.85,-1.84,66127,39431000.0,0.47,-0.54
2005-08-22,平安银行,000001,-1.85,-1.83,-1.86,-1.84,-1.85,46587,28052000.0,0.33,0.54
2005-08-19,平安银行,000001,-1.84,-1.81,-1.87,-1.85,-1.84,78197,46883000.0,0.55,-0.54
2005-08-18,平安银行,000001,-1.8,-1.77,-1.85,-1.84,-1.8,134629,82577000.0,0.96,-2.22
2005-08-17,平安银行,000001,-1.81,-1.8,-1.85,-1.8,-1.81,104519,63761000.0,0.74,0.55
2005-08-16,平安银行,000001,-1.77,-1.76,-1.82,-1.81,-1.77,110893,68620000.0,0.79,-2.26
2005-08-15,平安银行,000001,-1.8,-1.76,-1.8,-1.77,-1.8,97681,60947000.0,0.69,1.67
2005-08-12,平安银行,000001,-1.73,-1.72,-1.8,-1.8,-1.73,168574,106591000.0,1.2,-4.05
2005-08-11,平安银行,000001,-1.77,-1.72,-1.78,-1.73,-1.77,225320,144216992.0,1.6,2.26
2005-08-10,平安银行,000001,-1.77,-1.75,-1.79,-1.77,-1.78,115491,72491000.0,0.82,0.56
2005-08-09,平安银行,000001,-1.78,-1.77,-1.81,-1.78,-1.78,84561,52556000.0,0.6,0.0
2005-08-08,平安银行,000001,-1.78,-1.77,-1.8,-1.78,-1.79,97054,60519000.0,0.69,0.56
2005-08-05,平安银行,000001,-1.84,-1.78,-1.84,-1.79,-1.84,149192,92365000.0,1.06,2.72
2005-08-04,平安银行,000001,-1.82,-1.81,-1.84,-1.84,-1.82,68460,41579000.0,0.49,-1.1
2005-08-03,平安银行,000001,-1.84,-1.76,-1.84,-1.82,-1.84,155431,96121000.0,1.1,1.09
2005-08-02,平安银行,000001,-1.86,-1.84,-1.88,-1.84,-1.86,62683,37227000.0,0.44,1.08
2005-08-01,平安银行,000001,-1.87,-1.85,-1.89,-1.86,-1.86,53322,31453000.0,0.38,0.0
2005-07-29,平安银行,000001,-1.85,-1.84,-1.87,-1.86,-1.84,60472,35946000.0,0.43,-1.09
2005-07-28,平安银行,000001,-1.83,-1.81,-1.85,-1.84,-1.83,95220,57827000.0,0.68,-0.55
2005-07-27,平安银行,000001,-1.84,-1.83,-1.86,-1.83,-1.84,72875,43727000.0,0.52,0.54
2005-07-26,平安银行,000001,-1.86,-1.82,-1.87,-1.84,-1.86,86025,51893000.0,0.61,1.08
2005-07-25,平安银行,000001,-1.86,-1.84,-1.88,-1.86,-1.86,54791,32591000.0,0.39,0.0
2005-07-22,平安银行,000001,-1.89,-1.83,-1.89,-1.86,-1.9,126141,75059000.0,0.9,2.11
2005-07-21,平安银行,000001,-1.9,-1.9,-1.92,-1.9,-1.9,26089,14990000.0,0.19,0.0
2005-07-20,平安银行,000001,-1.91,-1.89,-1.93,-1.9,-1.92,55713,32182000.0,0.4,1.04
2005-07-19,平安银行,000001,-1.93,-1.9,-1.96,-1.92,-1.93,51449,29200000.0,0.37,0.52
2005-07-18,平安银行,000001,-1.93,-1.92,-1.97,-1.93,-1.93,44365,24948000.0,0.31,0.0
2005-07-15,平安银行,000001,-1.91,-1.9,-1.95,-1.93,-1.91,31852,18141000.0,0.23,-1.05
2005-07-14,平安银行,000001,-1.91,-1.89,-1.92,-1.91,-1.91,34052,19648000.0,0.24,0.0
2005-07-13,平安银行,000001,-1.9,-1.89,-1.92,-1.91,-1.89,42077,24175000.0,0.3,-1.06
2005-07-12,平安银行,000001,-1.97,-1.88,-1.99,-1.89,-1.97,80901,46324000.0,0.57,4.06
2005-07-11,平安银行,000001,-1.97,-1.93,-1.98,-1.97,-1.98,44165,24514000.0,0.31,0.51
2005-07-08,平安银行,000001,-1.93,-1.93,-1.98,-1.98,-1.93,67665,37220000.0,0.48,-2.59
2005-07-07,平安银行,000001,-1.94,-1.91,-1.94,-1.93,-1.93,27167,15400000.0,0.19,0.0
2005-07-06,平安银行,000001,-1.91,-1.89,-1.94,-1.93,-1.91,42108,24070000.0,0.3,-1.05
2005-07-05,平安银行,000001,-1.9,-1.88,-1.92,-1.91,-1.89,27548,15924000.0,0.2,-1.06
2005-07-04,平安银行,000001,-1.91,-1.88,-1.93,-1.89,-1.9,55687,31891000.0,0.4,0.53
2005-07-01,平安银行,000001,-1.87,-1.86,-1.91,-1.9,-1.86,76134,44347000.0,0.54,-2.15
2005-06-30,平安银行,000001,-1.79,-1.79,-1.87,-1.86,-1.79,111055,66944000.0,0.79,-3.91
2005-06-29,平安银行,000001,-1.77,-1.76,-1.79,-1.79,-1.78,31683,19801000.0,0.22,-0.56
2005-06-28,平安银行,000001,-1.74,-1.74,-1.79,-1.78,-1.74,71990,45167000.0,0.51,-2.3
2005-06-27,平安银行,000001,-1.75,-1.72,-1.75,-1.74,-1.77,112689,72527000.0,0.8,1.69
2005-06-24,平安银行,000001,-1.79,-1.77,-1.8,-1.77,-1.79,52761,32967000.0,0.37,1.12
2005-06-23,平安银行,000001,-1.73,-1.71,-1.8,-1.79,-1.72,114949,72681000.0,0.82,-4.07
2005-06-22,平安银行,000001,-1.74,-1.71,-1.75,-1.72,-1.75,87667,56644000.0,0.62,1.71
2005-06-21,平安银行,000001,-1.74,-1.71,-1.77,-1.75,-1.75,94895,61052000.0,0.67,0.0
2005-06-20,平安银行,000001,-1.75,-1.72,-1.83,-1.75,-1.75,152498,96519000.0,1.08,0.0
2005-06-16,平安银行,000001,-1.79,-1.74,-1.79,-1.75,-1.79,66953,42332000.0,0.48,2.23
2005-06-15,平安银行,000001,-1.76,-1.74,-1.8,-1.79,-1.75,72632,45629000.0,0.52,-2.29
2005-06-14,平安银行,000001,-1.72,-1.67,-1.75,-1.75,-1.72,103633,67648000.0,0.74,-1.74
2005-06-13,平安银行,000001,-1.7,-1.67,-1.75,-1.72,-1.7,137635,89578000.0,0.98,-1.18
2005-06-10,平安银行,000001,-1.73,-1.61,-1.74,-1.7,-1.72,257083,171604000.0,1.82,1.16
2005-06-09,平安银行,000001,-1.72,-1.68,-1.75,-1.72,-1.72,212710,138010000.0,1.51,0.0
2005-06-08,平安银行,000001,-1.86,-1.71,-1.86,-1.72,-1.86,220116,138782000.0,1.56,7.53
2005-06-07,平安银行,000001,-1.85,-1.82,-1.87,-1.86,-1.86,69658,41759000.0,0.49,0.0
2005-06-06,平安银行,000001,-1.89,-1.86,-1.92,-1.86,-1.89,49616,29060000.0,0.35,1.59
2005-06-03,平安银行,000001,-1.9,-1.85,-1.92,-1.89,-1.9,66447,38920000.0,0.47,0.53
2005-06-02,平安银行,000001,-1.86,-1.84,-1.92,-1.9,-1.86,78764,45884000.0,0.56,-2.15
2005-06-01,平安银行,000001,-1.84,-1.84,-1.86,-1.86,-1.84,38591,23047000.0,0.27,-1.09
2005-05-31,平安银行,000001,-1.82,-1.81,-1.86,-1.84,-1.82,59995,36305000.0,0.43,-1.1
2005-05-30,平安银行,000001,-1.82,-1.81,-1.87,-1.82,-1.81,58045,35028000.0,0.41,-0.55
2005-05-27,平安银行,000001,-1.81,-1.77,-1.82,-1.81,-1.81,54319,33668000.0,0.39,0.0
2005-05-26,平安银行,000001,-1.81,-1.79,-1.82,-1.81,-1.8,43689,26903000.0,0.31,-0.56
2005-05-25,平安银行,000001,-1.8,-1.77,-1.82,-1.8,-1.81,55267,34222000.0,0.39,0.55
2005-05-24,平安银行,000001,-1.86,-1.79,-1.87,-1.81,-1.86,69936,42826000.0,0.5,2.69
2005-05-23,平安银行,000001,-1.81,-1.81,-1.86,-1.86,-1.79,82638,49957000.0,0.59,-3.91
2005-05-20,平安银行,000001,-1.79,-1.76,-1.82,-1.79,-1.8,98810,61928000.0,0.7,0.56
2005-05-19,平安银行,000001,-1.81,-1.78,-1.84,-1.8,-1.81,72994,45054000.0,0.52,0.55
2005-05-18,平安银行,000001,-1.83,-1.8,-1.84,-1.81,-1.83,52046,31843000.0,0.37,1.09
2005-05-17,平安银行,000001,-1.87,-1.81,-1.89,-1.83,-1.87,60944,36815000.0,0.43,2.14
2005-05-16,平安银行,000001,-1.84,-1.84,-1.91,-1.87,-1.84,54461,32003000.0,0.39,-1.63
2005-05-13,平安银行,000001,-1.8,-1.78,-1.87,-1.84,-1.8,111481,67292000.0,0.79,-2.22
2005-05-12,平安银行,000001,-1.8,-1.76,-1.81,-1.8,-1.8,79396,49387000.0,0.56,0.0
2005-05-11,平安银行,000001,-1.77,-1.74,-1.82,-1.8,-1.77,106868,66813000.0,0.76,-1.69
2005-05-10,平安银行,000001,-1.82,-1.75,-1.85,-1.77,-1.82,108414,67332000.0,0.77,2.75
2005-05-09,平安银行,000001,-1.79,-1.78,-1.85,-1.82,-1.8,96939,59428000.0,0.69,-1.11
2005-04-29,平安银行,000001,-1.88,-1.73,-1.9,-1.8,-1.88,236273,146846000.0,1.68,4.26
2005-04-28,平安银行,000001,-1.92,-1.84,-1.98,-1.88,-1.92,132633,77119000.0,0.94,2.08
2005-04-27,平安银行,000001,-1.83,-1.83,-1.93,-1.92,-1.83,109798,63958000.0,0.78,-4.92
2005-04-26,平安银行,000001,-1.9,-1.81,-1.92,-1.83,-1.9,144874,85802000.0,1.03,3.68
2005-04-25,平安银行,000001,-1.9,-1.88,-2.0,-1.9,-1.85,164400,92417000.0,1.17,-2.7
2005-04-22,平安银行,000001,-1.81,-1.74,-1.85,-1.85,-1.69,249130,152338000.0,1.77,-9.47
2005-04-20,平安银行,000001,-1.69,-1.66,-1.73,-1.69,-1.66,132125,87204000.0,0.94,-1.81
2005-04-19,平安银行,000001,-1.74,-1.65,-1.74,-1.66,-1.74,192045,127516000.0,1.36,4.6
2005-04-18,平安银行,000001,-1.7,-1.7,-1.76,-1.74,-1.69,101993,65648000.0,0.72,-2.96
2005-04-15,平安银行,000001,-1.72,-1.65,-1.75,-1.69,-1.69,184026,121206000.0,1.31,0.0
2005-04-14,平安银行,000001,-1.63,-1.63,-1.71,-1.69,-1.62,203301,135472992.0,1.44,-4.32
2005-04-13,平安银行,000001,-1.67,-1.56,-1.67,-1.62,-1.68,410495,284352992.0,2.91,3.57
2005-04-12,平安银行,000001,-1.62,-1.62,-1.69,-1.68,-1.61,291348,196698000.0,2.07,-4.35
2005-04-11,平安银行,000001,-1.64,-1.49,-1.69,-1.61,-1.65,557051,390768000.0,3.95,2.42
2005-04-08,平安银行,000001,-1.77,-1.65,-1.8,-1.65,-1.8,497164,320032992.0,3.53,8.33
2005-04-07,平安银行,000001,-1.92,-1.8,-1.92,-1.8,-1.94,250415,152371008.0,1.78,7.22
2005-04-06,平安银行,000001,-1.97,-1.93,-2.0,-1.94,-1.97,52851,29248000.0,0.38,1.52
2005-04-05,平安银行,000001,-1.99,-1.94,-2.0,-1.97,-1.99,45102,24840000.0,0.32,1.01
2005-04-04,平安银行,000001,-1.97,-1.95,-2.01,-1.99,-1.95,53689,29392000.0,0.38,-2.05
2005-04-01,平安银行,000001,-2.05,-1.91,-2.07,-1.95,-2.05,70046,38229000.0,0.5,4.88
2005-03-31,平安银行,000001,-2.08,-2.04,-2.08,-2.05,-2.07,34085,17553000.0,0.24,0.97
2005-03-30,平安银行,000001,-2.02,-2.02,-2.09,-2.07,-2.02,42336,21780000.0,0.3,-2.48
2005-03-29,平安银行,000001,-2.02,-2.0,-2.03,-2.02,-2.02,19248,10245000.0,0.14,0.0
2005-03-28,平安银行,000001,-2.0,-2.0,-2.04,-2.02,-2.0,27450,14545000.0,0.19,-1.0
2005-03-25,平安银行,000001,-2.0,-1.99,-2.01,-2.0,-2.0,25488,13743000.0,0.18,0.0
2005-03-24,平安银行,000001,-2.0,-1.98,-2.02,-2.0,-2.01,53108,28537000.0,0.38,0.5
2005-03-23,平安银行,000001,-1.96,-1.95,-2.01,-2.01,-1.96,59658,32514000.0,0.42,-2.55
2005-03-22,平安银行,000001,-1.85,-1.85,-1.97,-1.96,-1.86,52362,29748000.0,0.37,-5.38
2005-03-21,平安银行,000001,-1.86,-1.85,-1.87,-1.86,-1.86,18410,10936000.0,0.13,0.0
2005-03-18,平安银行,000001,-1.85,-1.83,-1.87,-1.86,-1.85,32110,19121000.0,0.23,-0.54
2005-03-17,平安银行,000001,-1.86,-1.84,-1.86,-1.85,-1.86,28749,17202000.0,0.2,0.54
2005-03-16,平安银行,000001,-1.85,-1.85,-1.87,-1.86,-1.85,32009,19019000.0,0.23,-0.54
2005-03-15,平安银行,000001,-1.82,-1.81,-1.86,-1.85,-1.83,43329,26068000.0,0.31,-1.09
2005-03-14,平安银行,000001,-1.82,-1.8,-1.84,-1.83,-1.82,36933,22469000.0,0.26,-0.55
2005-03-11,平安银行,000001,-1.82,-1.8,-1.83,-1.82,-1.81,36265,22164000.0,0.26,-0.55
2005-03-10,平安银行,000001,-1.77,-1.77,-1.81,-1.81,-1.77,41145,25487000.0,0.29,-2.26
2005-03-09,平安银行,000001,-1.75,-1.75,-1.78,-1.77,-1.76,43561,27405000.0,0.31,-0.57
2005-03-08,平安银行,000001,-1.75,-1.75,-1.78,-1.76,-1.78,45619,28709000.0,0.32,1.12
2005-03-07,平安银行,000001,-1.76,-1.75,-1.79,-1.78,-1.75,31734,19970000.0,0.23,-1.71
2005-03-04,平安银行,000001,-1.73,-1.73,-1.76,-1.75,-1.73,21761,13861000.0,0.15,-1.16
2005-03-03,平安银行,000001,-1.75,-1.73,-1.76,-1.73,-1.75,17799,11399000.0,0.13,1.14
2005-03-02,平安银行,000001,-1.74,-1.73,-1.75,-1.75,-1.74,30798,19739000.0,0.22,-0.57
2005-03-01,平安银行,000001,-1.72,-1.72,-1.75,-1.74,-1.72,33636,21592000.0,0.24,-1.16
2005-02-28,平安银行,000001,-1.68,-1.68,-1.73,-1.72,-1.68,51587,33546000.0,0.37,-2.38
2005-02-25,平安银行,000001,-1.69,-1.65,-1.69,-1.68,-1.69,56578,37865000.0,0.4,0.59
2005-02-24,平安银行,000001,-1.67,-1.67,-1.7,-1.69,-1.68,49872,32969000.0,0.35,-0.6
2005-02-23,平安银行,000001,-1.66,-1.65,-1.69,-1.68,-1.66,51198,34215000.0,0.36,-1.2
2005-02-22,平安银行,000001,-1.67,-1.65,-1.69,-1.66,-1.67,78425,52460000.0,0.56,0.6
2005-02-21,平安银行,000001,-1.69,-1.65,-1.69,-1.67,-1.69,64608,43335000.0,0.46,1.18
2005-02-18,平安银行,000001,-1.7,-1.67,-1.71,-1.69,-1.7,39646,26213000.0,0.28,0.59
2005-02-17,平安银行,000001,-1.69,-1.68,-1.72,-1.7,-1.7,30279,19839000.0,0.21,0.0
2005-02-16,平安银行,000001,-1.69,-1.67,-1.71,-1.7,-1.69,42316,27970000.0,0.3,-0.59
2005-02-04,平安银行,000001,-1.77,-1.66,-1.78,-1.69,-1.77,89179,58460000.0,0.63,4.52
2005-02-03,平安银行,000001,-1.74,-1.73,-1.77,-1.77,-1.74,41407,26337000.0,0.29,-1.72
2005-02-02,平安银行,000001,-1.82,-1.74,-1.82,-1.74,-1.82,56966,35957000.0,0.4,4.4
2005-02-01,平安银行,000001,-1.83,-1.8,-1.83,-1.82,-1.83,21267,13006000.0,0.15,0.55
2005-01-31,平安银行,000001,-1.81,-1.81,-1.84,-1.83,-1.8,18578,11288000.0,0.13,-1.67
2005-01-28,平安银行,000001,-1.81,-1.8,-1.83,-1.8,-1.81,23312,14212000.0,0.17,0.55
2005-01-27,平安银行,000001,-1.77,-1.77,-1.82,-1.81,-1.77,25250,15671000.0,0.18,-2.26
2005-01-26,平安银行,000001,-1.77,-1.73,-1.78,-1.77,-1.77,25375,16124000.0,0.18,0.0
2005-01-25,平安银行,000001,-1.73,-1.73,-1.78,-1.77,-1.73,35001,22142000.0,0.25,-2.31
2005-01-24,平安银行,000001,-1.69,-1.68,-1.75,-1.73,-1.74,64583,41761000.0,0.46,0.57
2005-01-21,平安银行,000001,-1.85,-1.72,-1.88,-1.74,-1.84,100378,62408000.0,0.71,5.43
2005-01-20,平安银行,000001,-1.81,-1.81,-1.85,-1.84,-1.81,39489,23815000.0,0.28,-1.66
2005-01-19,平安银行,000001,-1.79,-1.78,-1.81,-1.81,-1.79,16853,10416000.0,0.12,-1.12
2005-01-18,平安银行,000001,-1.78,-1.77,-1.81,-1.79,-1.78,25917,16109000.0,0.18,-0.56
2005-01-17,平安银行,000001,-1.73,-1.73,-1.79,-1.78,-1.72,31714,20039000.0,0.23,-3.49
2005-01-14,平安银行,000001,-1.7,-1.69,-1.72,-1.72,-1.7,16047,10476000.0,0.11,-1.18
2005-01-13,平安银行,000001,-1.71,-1.69,-1.72,-1.7,-1.71,16007,10504000.0,0.11,0.58
2005-01-12,平安银行,000001,-1.69,-1.69,-1.73,-1.71,-1.7,16386,10672000.0,0.12,-0.59
2005-01-10,平安银行,000001,-1.72,-1.7,-1.75,-1.7,-1.72,26320,17111000.0,0.19,1.16
2005-01-07,平安银行,000001,-1.7,-1.69,-1.73,-1.72,-1.71,18861,12302000.0,0.13,-0.58
2005-01-06,平安银行,000001,-1.72,-1.7,-1.73,-1.71,-1.73,26664,17333000.0,0.19,1.16
2005-01-05,平安银行,000001,-1.71,-1.71,-1.76,-1.73,-1.71,32221,20718000.0,0.23,-1.17
2005-01-04,平安银行,000001,-1.7,-1.7,-1.73,-1.71,-1.7,17608,11465000.0,0.12,-0.59
2004-12-31,平安银行,000001,-1.7,-1.68,-1.7,-1.7,-1.7,17521,11594000.0,0.12,0.0
2004-12-30,平安银行,000001,-1.68,-1.67,-1.71,-1.7,-1.68,36785,24351000.0,0.26,-1.19
2004-12-29,平安银行,000001,-1.67,-1.66,-1.68,-1.68,-1.67,20575,13723000.0,0.15,-0.6
2004-12-28,平安银行,000001,-1.66,-1.66,-1.68,-1.67,-1.66,18509,12380000.0,0.13,-0.6
2004-12-27,平安银行,000001,-1.64,-1.64,-1.67,-1.66,-1.64,27009,18215000.0,0.19,-1.22
2004-12-24,平安银行,000001,-1.62,-1.61,-1.64,-1.64,-1.62,17691,12124000.0,0.13,-1.23
2004-12-23,平安银行,000001,-1.61,-1.59,-1.62,-1.62,-1.6,17384,12059000.0,0.12,-1.25
2004-12-22,平安银行,000001,-1.63,-1.6,-1.64,-1.6,-1.63,38337,26424000.0,0.27,1.84
2004-12-21,平安银行,000001,-1.63,-1.61,-1.64,-1.63,-1.63,24203,16560000.0,0.17,0.0
2004-12-20,平安银行,000001,-1.62,-1.62,-1.63,-1.63,-1.62,30022,20649000.0,0.21,-0.62
2004-12-17,平安银行,000001,-1.61,-1.58,-1.62,-1.62,-1.6,20595,14309000.0,0.15,-1.25
2004-12-16,平安银行,000001,-1.61,-1.55,-1.63,-1.6,-1.6,36225,25486000.0,0.26,0.0
2004-12-15,平安银行,000001,-1.63,-1.6,-1.63,-1.6,-1.63,24050,16630000.0,0.17,1.84
2004-12-14,平安银行,000001,-1.61,-1.6,-1.63,-1.63,-1.61,22628,15609000.0,0.16,-1.24
2004-12-10,平安银行,000001,-1.57,-1.57,-1.61,-1.61,-1.57,22710,15873000.0,0.16,-2.55
2004-12-09,平安银行,000001,-1.6,-1.53,-1.62,-1.57,-1.6,43280,30590000.0,0.31,1.88
2004-12-08,平安银行,000001,-1.59,-1.57,-1.61,-1.6,-1.59,25975,18171000.0,0.18,-0.63
2004-12-07,平安银行,000001,-1.59,-1.58,-1.6,-1.59,-1.6,19666,13807000.0,0.14,0.63
2004-12-06,平安银行,000001,-1.59,-1.58,-1.61,-1.6,-1.59,19089,13330000.0,0.14,-0.63
2004-12-03,平安银行,000001,-1.59,-1.58,-1.6,-1.59,-1.59,21542,15098000.0,0.15,0.0
2004-12-02,平安银行,000001,-1.61,-1.59,-1.62,-1.59,-1.61,20756,14404000.0,0.15,1.24
2004-12-01,平安银行,000001,-1.59,-1.59,-1.62,-1.61,-1.58,37528,26063000.0,0.27,-1.9
2004-11-30,平安银行,000001,-1.59,-1.57,-1.6,-1.58,-1.58,28607,20121000.0,0.2,0.0
2004-11-29,平安银行,000001,-1.55,-1.54,-1.58,-1.58,-1.55,23465,16665000.0,0.17,-1.94
2004-11-26,平安银行,000001,-1.54,-1.53,-1.55,-1.55,-1.54,17372,12498000.0,0.12,-0.65
2004-11-25,平安银行,000001,-1.56,-1.53,-1.56,-1.54,-1.55,22767,16362000.0,0.16,0.65
2004-11-24,平安银行,000001,-1.52,-1.51,-1.55,-1.55,-1.52,33549,24280000.0,0.24,-1.97
2004-11-23,平安银行,000001,-1.5,-1.5,-1.53,-1.52,-1.5,33867,24631000.0,0.24,-1.33
2004-11-22,平安银行,000001,-1.49,-1.48,-1.51,-1.5,-1.49,44725,32959000.0,0.32,-0.67
2004-11-19,平安银行,000001,-1.54,-1.47,-1.54,-1.49,-1.54,149050,109945000.0,1.06,3.25
2004-11-18,平安银行,000001,-1.57,-1.54,-1.58,-1.54,-1.57,30271,21573000.0,0.21,1.91
2004-11-17,平安银行,000001,-1.54,-1.53,-1.58,-1.57,-1.54,26569,18883000.0,0.19,-1.95
2004-11-16,平安银行,000001,-1.56,-1.53,-1.56,-1.54,-1.57,51791,37169000.0,0.37,1.91
2004-11-15,平安银行,000001,-1.59,-1.54,-1.59,-1.57,-1.59,32894,23379000.0,0.23,1.26
2004-11-12,平安银行,000001,-1.58,-1.57,-1.6,-1.59,-1.58,35971,25249000.0,0.26,-0.63
2004-11-11,平安银行,000001,-1.55,-1.54,-1.58,-1.58,-1.57,75715,54047000.0,0.54,-0.64
2004-11-10,平安银行,000001,-1.63,-1.56,-1.64,-1.57,-1.63,54545,38232000.0,0.39,3.68
2004-11-09,平安银行,000001,-1.62,-1.61,-1.65,-1.63,-1.63,24319,16641000.0,0.17,0.0
2004-11-08,平安银行,000001,-1.6,-1.59,-1.64,-1.63,-1.6,28867,19754000.0,0.2,-1.88
2004-11-05,平安银行,000001,-1.57,-1.56,-1.61,-1.6,-1.61,21632,15121000.0,0.15,0.62
2004-11-04,平安银行,000001,-1.56,-1.54,-1.61,-1.61,-1.56,36709,25937000.0,0.26,-3.21
2004-11-03,平安银行,000001,-1.57,-1.55,-1.59,-1.56,-1.57,32333,22902000.0,0.23,0.64
2004-11-02,平安银行,000001,-1.55,-1.53,-1.59,-1.57,-1.53,38456,27293000.0,0.27,-2.61
2004-11-01,平安银行,000001,-1.55,-1.51,-1.59,-1.53,-1.55,65881,46973000.0,0.47,1.29
2004-10-29,平安银行,000001,-1.59,-1.45,-1.59,-1.55,-1.59,156950,114849000.0,1.11,2.52
2004-10-28,平安银行,000001,-1.59,-1.57,-1.61,-1.59,-1.6,55857,39240000.0,0.4,0.63
2004-10-27,平安银行,000001,-1.6,-1.59,-1.64,-1.6,-1.6,48139,33244000.0,0.34,0.0
2004-10-26,平安银行,000001,-1.62,-1.59,-1.65,-1.6,-1.61,43069,29592000.0,0.31,0.62
2004-10-25,平安银行,000001,-1.59,-1.55,-1.62,-1.61,-1.63,71177,49579000.0,0.51,1.23
2004-10-22,平安银行,000001,-1.59,-1.59,-1.69,-1.63,-1.59,116362,79058000.0,0.83,-2.52
2004-10-21,平安银行,000001,-1.44,-1.43,-1.62,-1.59,-1.43,185231,131908000.0,1.32,-11.19
2004-10-20,平安银行,000001,-1.39,-1.39,-1.46,-1.43,-1.39,48639,37156000.0,0.35,-2.88
2004-10-19,平安银行,000001,-1.4,-1.35,-1.4,-1.39,-1.4,35560,27898000.0,0.25,0.71
2004-10-18,平安银行,000001,-1.37,-1.35,-1.43,-1.4,-1.37,51710,40149000.0,0.37,-2.19
2004-10-15,平安银行,000001,-1.38,-1.34,-1.39,-1.37,-1.37,42269,33368000.0,0.3,0.0
2004-10-14,平安银行,000001,-1.3,-1.3,-1.38,-1.37,-1.3,64187,51068000.0,0.46,-5.38
2004-10-13,平安银行,000001,-1.33,-1.29,-1.33,-1.3,-1.33,31298,25353000.0,0.22,2.26
2004-10-12,平安银行,000001,-1.28,-1.28,-1.33,-1.33,-1.28,55840,45079000.0,0.4,-3.91
2004-10-11,平安银行,000001,-1.26,-1.22,-1.28,-1.28,-1.29,75608,63240000.0,0.54,0.78
2004-10-08,平安银行,000001,-1.29,-1.28,-1.35,-1.29,-1.3,45990,37094000.0,0.33,0.77
2004-09-30,平安银行,000001,-1.31,-1.29,-1.31,-1.3,-1.31,34359,27963000.0,0.24,0.76
2004-09-29,平安银行,000001,-1.28,-1.27,-1.32,-1.31,-1.28,77385,63014000.0,0.55,-2.34
2004-09-28,平安银行,000001,-1.26,-1.24,-1.29,-1.28,-1.26,66121,54731000.0,0.47,-1.59
2004-09-27,平安银行,000001,-1.19,-1.14,-1.27,-1.26,-1.19,75411,63850000.0,0.54,-5.88
2004-09-24,平安银行,000001,-1.11,-1.09,-1.19,-1.19,-1.1,132408,116636000.0,0.94,-8.18
2004-09-23,平安银行,000001,-1.16,-1.1,-1.22,-1.1,-1.16,99278,85824000.0,0.7,5.17
2004-09-22,平安银行,000001,-1.12,-1.03,-1.16,-1.16,-1.17,252434,226239008.0,1.79,0.85
2004-09-21,平安银行,000001,-1.14,-1.12,-1.19,-1.17,-1.14,105926,91720000.0,0.75,-2.63
2004-09-20,平安银行,000001,-1.21,-1.14,-1.22,-1.14,-1.21,126191,108731000.0,0.9,5.79
2004-09-17,平安银行,000001,-1.25,-1.2,-1.26,-1.21,-1.25,94130,79464000.0,0.67,3.2
2004-09-16,平安银行,000001,-1.24,-1.22,-1.27,-1.25,-1.26,65189,54568000.0,0.46,0.79
2004-09-15,平安银行,000001,-1.32,-1.22,-1.33,-1.26,-1.32,104848,86959000.0,0.74,4.55
2004-09-14,平安银行,000001,-1.36,-1.3,-1.36,-1.32,-1.36,32961,26611000.0,0.23,2.94
2004-09-13,平安银行,000001,-1.33,-1.33,-1.38,-1.36,-1.32,17247,13656000.0,0.12,-3.03
2004-09-10,平安银行,000001,-1.37,-1.32,-1.38,-1.32,-1.36,22217,17722000.0,0.16,2.94
2004-09-09,平安银行,000001,-1.32,-1.32,-1.37,-1.36,-1.32,19926,15860000.0,0.14,-3.03
2004-09-08,平安银行,000001,-1.31,-1.31,-1.34,-1.32,-1.31,15764,12724000.0,0.11,-0.76
2004-09-07,平安银行,000001,-1.34,-1.3,-1.34,-1.31,-1.35,10652,8559000.0,0.08,2.96
2004-09-06,平安银行,000001,-1.34,-1.34,-1.36,-1.35,-1.34,8748,6962000.0,0.06,-0.75
2004-09-03,平安银行,000001,-1.34,-1.33,-1.35,-1.34,-1.34,12033,9632000.0,0.09,0.0
2004-09-02,平安银行,000001,-1.34,-1.32,-1.36,-1.34,-1.33,19697,15708000.0,0.14,-0.75
2004-09-01,平安银行,000001,-1.3,-1.3,-1.34,-1.33,-1.3,13631,10951000.0,0.1,-2.31
2004-08-31,平安银行,000001,-1.3,-1.29,-1.32,-1.3,-1.32,30172,24552000.0,0.21,1.52
2004-08-30,平安银行,000001,-1.35,-1.31,-1.36,-1.32,-1.35,13893,11121000.0,0.1,2.22
2004-08-27,平安银行,000001,-1.34,-1.33,-1.36,-1.35,-1.34,18342,14611000.0,0.13,-0.75
2004-08-26,平安银行,000001,-1.32,-1.31,-1.34,-1.34,-1.32,22762,18262000.0,0.16,-1.52
2004-08-25,平安银行,000001,-1.3,-1.3,-1.32,-1.32,-1.31,10011,8111000.0,0.07,-0.76
2004-08-24,平安银行,000001,-1.33,-1.3,-1.33,-1.31,-1.32,16104,13078000.0,0.11,0.76
2004-08-23,平安银行,000001,-1.29,-1.29,-1.32,-1.32,-1.3,16326,13228000.0,0.12,-1.54
2004-08-20,平安银行,000001,-1.32,-1.29,-1.33,-1.3,-1.32,20919,17003000.0,0.15,1.52
2004-08-19,平安银行,000001,-1.31,-1.3,-1.33,-1.32,-1.31,22110,17831000.0,0.16,-0.76
2004-08-18,平安银行,000001,-1.31,-1.28,-1.32,-1.31,-1.32,37891,30946000.0,0.27,0.76
2004-08-17,平安银行,000001,-1.31,-1.31,-1.34,-1.32,-1.32,11603,9347000.0,0.08,0.0
2004-08-16,平安银行,000001,-1.33,-1.29,-1.35,-1.32,-1.33,18274,14687000.0,0.13,0.75
2004-08-13,平安银行,000001,-1.34,-1.3,-1.35,-1.33,-1.35,21908,17612000.0,0.16,1.48
2004-08-12,平安银行,000001,-1.32,-1.32,-1.37,-1.35,-1.32,31741,25327000.0,0.23,-2.27
2004-08-11,平安银行,000001,-1.3,-1.3,-1.33,-1.32,-1.3,13760,11127000.0,0.1,-1.54
2004-08-10,平安银行,000001,-1.31,-1.3,-1.33,-1.3,-1.31,19173,15523000.0,0.14,0.76
2004-08-09,平安银行,000001,-1.31,-1.29,-1.33,-1.31,-1.31,16164,13079000.0,0.11,0.0
2004-08-06,平安银行,000001,-1.32,-1.3,-1.32,-1.31,-1.32,13945,11302000.0,0.1,0.76
2004-08-05,平安银行,000001,-1.3,-1.27,-1.32,-1.32,-1.29,17883,14573000.0,0.13,-2.33
2004-08-04,平安银行,000001,-1.33,-1.27,-1.34,-1.29,-1.33,31044,25240000.0,0.22,3.01
2004-08-03,平安银行,000001,-1.32,-1.32,-1.34,-1.33,-1.32,17099,13737000.0,0.12,-0.76
2004-08-02,平安银行,000001,-1.32,-1.31,-1.34,-1.32,-1.31,14772,11888000.0,0.1,-0.76
2004-07-30,平安银行,000001,-1.29,-1.28,-1.32,-1.31,-1.29,16340,13265000.0,0.12,-1.55
2004-07-29,平安银行,000001,-1.31,-1.29,-1.31,-1.29,-1.31,19589,15967000.0,0.14,1.53
2004-07-28,平安银行,000001,-1.33,-1.3,-1.33,-1.31,-1.33,15678,12683000.0,0.11,1.5
2004-07-27,平安银行,000001,-1.31,-1.3,-1.34,-1.33,-1.31,22089,17836000.0,0.16,-1.53
2004-07-26,平安银行,000001,-1.3,-1.28,-1.32,-1.31,-1.3,21197,17251000.0,0.15,-0.77
2004-07-23,平安银行,000001,-1.28,-1.28,-1.34,-1.3,-1.28,59088,47645000.0,0.42,-1.56
2004-07-22,平安银行,000001,-1.24,-1.23,-1.29,-1.28,-1.24,37571,31070000.0,0.27,-3.23
2004-07-21,平安银行,000001,-1.22,-1.22,-1.24,-1.24,-1.22,18619,15642000.0,0.13,-1.64
2004-07-20,平安银行,000001,-1.19,-1.19,-1.23,-1.22,-1.19,23021,19522000.0,0.16,-2.52
2004-07-19,平安银行,000001,-1.19,-1.17,-1.22,-1.19,-1.19,24753,21239000.0,0.18,0.0
2004-07-16,平安银行,000001,-1.24,-1.18,-1.24,-1.19,-1.24,52502,44831000.0,0.37,4.03
2004-07-15,平安银行,000001,-1.27,-1.23,-1.27,-1.24,-1.27,21130,17657000.0,0.15,2.36
2004-07-14,平安银行,000001,-1.25,-1.24,-1.29,-1.27,-1.25,23814,19667000.0,0.17,-1.6
2004-07-13,平安银行,000001,-1.26,-1.24,-1.27,-1.25,-1.26,13792,11495000.0,0.1,0.79
2004-07-12,平安银行,000001,-1.23,-1.22,-1.27,-1.26,-1.23,35563,29650000.0,0.25,-2.44
2004-07-09,平安银行,000001,-1.2,-1.16,-1.23,-1.23,-1.21,23202,19911000.0,0.16,-1.65
2004-07-08,平安银行,000001,-1.2,-1.19,-1.21,-1.21,-1.2,18288,15596000.0,0.13,-0.83
2004-07-07,平安银行,000001,-1.17,-1.16,-1.21,-1.2,-1.17,19232,16468000.0,0.14,-2.56
2004-07-06,平安银行,000001,-1.18,-1.15,-1.18,-1.17,-1.18,20886,18185000.0,0.15,0.85
2004-07-05,平安银行,000001,-1.16,-1.15,-1.19,-1.18,-1.17,16821,14500000.0,0.12,-0.85
2004-07-02,平安银行,000001,-1.14,-1.14,-1.18,-1.17,-1.15,27356,23777000.0,0.19,-1.74
2004-07-01,平安银行,000001,-1.21,-1.14,-1.23,-1.15,-1.19,36506,31763000.0,0.26,3.36
2004-06-29,平安银行,000001,-1.24,-1.18,-1.24,-1.19,-1.24,35767,30385000.0,0.25,4.03
2004-06-28,平安银行,000001,-1.13,-1.11,-1.24,-1.24,-1.12,59999,52004000.0,0.43,-10.71
2004-06-25,平安银行,000001,-1.11,-1.06,-1.12,-1.12,-1.11,31038,27688000.0,0.22,-0.9
2004-06-24,平安银行,000001,-1.08,-1.06,-1.11,-1.11,-1.07,27591,24773000.0,0.2,-3.74
2004-06-23,平安银行,000001,-1.05,-1.04,-1.09,-1.07,-1.06,17311,15688000.0,0.12,-0.94
2004-06-22,平安银行,000001,-1.07,-1.04,-1.09,-1.06,-1.07,24738,22491000.0,0.18,0.93
2004-06-21,平安银行,000001,-1.08,-1.06,-1.12,-1.07,-1.06,19164,17245000.0,0.14,-0.94
2004-06-18,平安银行,000001,-1.09,-1.05,-1.1,-1.06,-1.09,27005,24410000.0,0.19,2.75
2004-06-17,平安银行,000001,-1.03,-1.03,-1.1,-1.09,-1.03,29137,26345000.0,0.21,-5.83
2004-06-16,平安银行,000001,-1.01,-1.01,-1.05,-1.03,-1.01,33170,30608000.0,0.24,-1.98
2004-06-15,平安银行,000001,-1.12,-0.97,-1.14,-1.01,-1.11,52952,48564000.0,0.38,9.01
2004-06-14,平安银行,000001,-1.09,-1.07,-1.14,-1.11,-1.07,36667,32776000.0,0.26,-3.74
2004-06-11,平安银行,000001,-1.06,-1.0,-1.09,-1.07,-1.07,37255,34106000.0,0.26,0.0
2004-06-10,平安银行,000001,-1.06,-1.05,-1.08,-1.07,-1.06,31712,28869000.0,0.23,-0.94
2004-06-09,平安银行,000001,-1.04,-1.03,-1.07,-1.06,-1.04,38877,35461000.0,0.28,-1.92
2004-06-08,平安银行,000001,-0.99,-0.97,-1.04,-1.04,-0.98,40314,37510000.0,0.29,-6.12
2004-06-07,平安银行,000001,-0.93,-0.92,-0.99,-0.98,-0.93,40770,38571000.0,0.29,-5.38
2004-06-04,平安银行,000001,-0.91,-0.89,-0.94,-0.93,-0.91,45387,43946000.0,0.32,-2.2
2004-06-03,平安银行,000001,-0.86,-0.86,-0.92,-0.91,-0.85,68781,66906000.0,0.49,-7.06
2004-06-02,平安银行,000001,-0.91,-0.82,-0.92,-0.85,-0.92,161922,160024000.0,1.15,7.61
2004-06-01,平安银行,000001,-0.9,-0.88,-0.93,-0.92,-0.93,97675,94709000.0,0.69,1.08
2004-05-31,平安银行,000001,-0.94,-0.86,-0.97,-0.93,-1.02,148339,142888992.0,1.05,8.82
2004-05-28,平安银行,000001,-1.04,-1.02,-1.06,-1.02,-1.04,31930,29334000.0,0.23,1.92
2004-05-27,平安银行,000001,-1.12,-1.02,-1.12,-1.04,-1.12,62807,57319000.0,0.45,7.14
2004-05-26,平安银行,000001,-1.08,-1.07,-1.13,-1.12,-1.08,44053,39325000.0,0.31,-3.7
2004-05-25,平安银行,000001,-1.06,-1.04,-1.09,-1.08,-1.06,27583,25051000.0,0.2,-1.89
2004-05-24,平安银行,000001,-1.04,-1.01,-1.06,-1.06,-1.04,21384,19694000.0,0.15,-1.92
2004-05-21,平安银行,000001,-1.06,-1.04,-1.06,-1.04,-1.05,13791,12600000.0,0.1,0.95
2004-05-20,平安银行,000001,-1.03,-1.01,-1.06,-1.05,-1.03,20270,18592000.0,0.14,-1.94
2004-05-19,平安银行,000001,-1.02,-1.0,-1.05,-1.03,-1.02,31655,29328000.0,0.22,-0.98
2004-05-18,平安银行,000001,-1.07,-1.02,-1.08,-1.02,-1.08,22349,20342000.0,0.16,5.56
2004-05-17,平安银行,000001,-1.06,-1.03,-1.08,-1.08,-1.06,28649,26032000.0,0.2,-1.89
2004-05-14,平安银行,000001,-1.01,-1.0,-1.06,-1.06,-1.01,29368,26903000.0,0.21,-4.95
2004-05-13,平安银行,000001,-1.0,-0.99,-1.02,-1.01,-1.0,27313,25451000.0,0.19,-1.0
2004-05-12,平安银行,000001,-1.05,-1.0,-1.05,-1.0,-1.05,29979,27831000.0,0.21,4.76
2004-05-11,平安银行,000001,-1.07,-1.04,-1.09,-1.05,-1.07,24431,22210000.0,0.17,1.87
2004-05-10,平安银行,000001,-1.0,-0.99,-1.07,-1.07,-1.0,35909,32901000.0,0.25,-7.0
2004-04-30,平安银行,000001,-1.03,-0.96,-1.03,-1.0,-1.03,47714,44539000.0,0.34,2.91
2004-04-29,平安银行,000001,-1.03,-0.98,-1.04,-1.03,-1.03,54112,50269000.0,0.38,0.0
2004-04-28,平安银行,000001,-1.04,-1.0,-1.11,-1.03,-1.04,67745,61603000.0,0.48,0.96
2004-04-27,平安银行,000001,-1.0,-0.97,-1.05,-1.04,-1.0,52707,48851000.0,0.37,-4.0
2004-04-26,平安银行,000001,-0.99,-0.97,-1.01,-1.0,-0.99,27611,25853000.0,0.2,-1.01
2004-04-23,平安银行,000001,-0.93,-0.92,-0.99,-0.99,-0.94,37827,35682000.0,0.27,-5.32
2004-04-22,平安银行,000001,-0.96,-0.93,-0.97,-0.94,-0.96,36172,34509000.0,0.26,2.08
2004-04-21,平安银行,000001,-0.98,-0.92,-0.98,-0.96,-0.99,61018,58235000.0,0.43,3.03
2004-04-20,平安银行,000001,-1.01,-0.96,-1.03,-0.99,-1.0,62361,58329000.0,0.44,1.0
2004-04-19,平安银行,000001,-0.9,-0.88,-1.01,-1.0,-0.9,86189,81792000.0,0.61,-11.11
2004-04-16,平安银行,000001,-0.88,-0.85,-0.95,-0.9,-0.89,69106,67079000.0,0.49,-1.12
2004-04-15,平安银行,000001,-0.92,-0.79,-0.93,-0.89,-0.93,146639,145360992.0,1.04,4.3
2004-04-14,平安银行,000001,-0.86,-0.86,-0.96,-0.93,-0.86,165610,159047008.0,1.18,-8.14
2004-04-13,平安银行,000001,-0.76,-0.75,-0.86,-0.86,-0.76,160660,161352992.0,1.14,-13.16
2004-04-12,平安银行,000001,-0.78,-0.76,-0.8,-0.76,-0.77,78287,79929000.0,0.56,1.3
2004-04-09,平安银行,000001,-0.74,-0.7,-0.79,-0.77,-0.74,116520,120145000.0,0.83,-4.05
2004-04-08,平安银行,000001,-0.71,-0.7,-0.74,-0.74,-0.7,114684,119349000.0,0.81,-5.71
2004-04-07,平安银行,000001,-0.67,-0.67,-0.71,-0.7,-0.67,95708,100777000.0,0.68,-4.48
2004-04-06,平安银行,000001,-0.68,-0.66,-0.72,-0.67,-0.68,113220,119232000.0,0.8,1.47
2004-04-05,平安银行,000001,-0.64,-0.64,-0.7,-0.68,-0.65,86786,92281000.0,0.62,-4.62
2004-04-02,平安银行,000001,-0.66,-0.65,-0.68,-0.65,-0.66,86759,92679000.0,0.62,1.52
2004-04-01,平安银行,000001,-0.67,-0.64,-0.7,-0.66,-0.67,88962,94624000.0,0.63,1.49
2004-03-31,平安银行,000001,-0.66,-0.66,-0.7,-0.67,-0.68,64075,68043000.0,0.45,1.47
2004-03-30,平安银行,000001,-0.69,-0.66,-0.71,-0.68,-0.7,69280,73287000.0,0.49,2.86
2004-03-29,平安银行,000001,-0.63,-0.62,-0.71,-0.7,-0.62,192535,204298000.0,1.37,-12.9
2004-03-26,平安银行,000001,-0.61,-0.59,-0.64,-0.62,-0.61,87430,94583000.0,0.62,-1.64
2004-03-25,平安银行,000001,-0.61,-0.57,-0.64,-0.61,-0.61,94722,102988000.0,0.67,0.0
2004-03-24,平安银行,000001,-0.57,-0.57,-0.64,-0.61,-0.56,161013,175176992.0,1.14,-8.93
2004-03-23,平安银行,000001,-0.5,-0.5,-0.59,-0.56,-0.5,173691,192195008.0,1.23,-12.0
2004-03-22,平安银行,000001,-0.53,-0.49,-0.54,-0.5,-0.54,151927,170724000.0,1.08,7.41
2004-03-19,平安银行,000001,-0.58,-0.53,-0.59,-0.54,-0.58,142155,157903008.0,1.01,6.9
2004-03-18,平安银行,000001,-0.52,-0.48,-0.59,-0.58,-0.52,295091,330512000.0,2.1,-11.54
2004-03-17,平安银行,000001,-0.6,-0.49,-0.62,-0.52,-0.61,385343,429352992.0,2.74,14.75
2004-03-16,平安银行,000001,-0.58,-0.57,-0.63,-0.61,-0.59,124580,135955008.0,0.88,-3.39
2004-03-15,平安银行,000001,-0.68,-0.58,-0.68,-0.59,-0.67,203827,221928000.0,1.45,11.94
2004-03-12,平安银行,000001,-0.64,-0.64,-0.69,-0.67,-0.63,80749,85983000.0,0.57,-6.35
2004-03-11,平安银行,000001,-0.65,-0.61,-0.67,-0.63,-0.66,121751,131239000.0,0.86,4.55
2004-03-10,平安银行,000001,-0.73,-0.66,-0.73,-0.66,-0.73,80594,85266000.0,0.57,9.59
2004-03-09,平安银行,000001,-0.74,-0.67,-0.74,-0.73,-0.73,87718,92045000.0,0.62,0.0
2004-03-08,平安银行,000001,-0.66,-0.62,-0.74,-0.73,-0.66,132802,140727008.0,0.94,-10.61
2004-03-05,平安银行,000001,-0.54,-0.53,-0.67,-0.66,-0.57,224487,245038000.0,1.59,-15.79
2004-03-04,平安银行,000001,-0.69,-0.56,-0.69,-0.57,-0.68,340664,369808992.0,2.42,16.18
2004-03-03,平安银行,000001,-0.75,-0.63,-0.76,-0.68,-0.72,182110,192808000.0,1.29,5.56
2004-03-02,平安银行,000001,-0.73,-0.69,-0.75,-0.72,-0.74,98743,103314000.0,0.7,2.7
2004-03-01,平安银行,000001,-0.75,-0.73,-0.82,-0.74,-0.74,95836,97767000.0,0.68,0.0
2004-02-27,平安银行,000001,-0.75,-0.72,-0.78,-0.74,-0.75,81800,84445000.0,0.58,1.33
2004-02-26,平安银行,000001,-0.76,-0.73,-0.8,-0.75,-0.76,135667,139412992.0,0.96,1.32
2004-02-25,平安银行,000001,-0.68,-0.64,-0.77,-0.76,-0.68,188105,197563008.0,1.34,-11.76
2004-02-24,平安银行,000001,-0.61,-0.61,-0.72,-0.68,-0.6,219511,233196992.0,1.56,-13.33
2004-02-23,平安银行,000001,-0.54,-0.48,-0.61,-0.6,-0.55,315295,350455008.0,2.24,-9.09
2004-02-20,平安银行,000001,-0.68,-0.52,-0.69,-0.55,-0.68,597570,657841024.0,4.24,19.12
2004-02-19,平安银行,000001,-0.7,-0.64,-0.71,-0.68,-0.7,117972,124969000.0,0.84,2.86
2004-02-18,平安银行,000001,-0.7,-0.65,-0.72,-0.7,-0.69,121684,128583000.0,0.86,-1.45
2004-02-17,平安银行,000001,-0.68,-0.64,-0.7,-0.69,-0.68,119303,126621000.0,0.85,-1.47
2004-02-16,平安银行,000001,-0.77,-0.67,-0.77,-0.68,-0.77,126195,131898000.0,0.9,11.69
2004-02-13,平安银行,000001,-0.72,-0.69,-0.78,-0.77,-0.7,144236,149172992.0,1.02,-10.0
2004-02-12,平安银行,000001,-0.67,-0.63,-0.71,-0.7,-0.68,148276,157931008.0,1.05,-2.94
2004-02-11,平安银行,000001,-0.64,-0.62,-0.72,-0.68,-0.65,201991,213547008.0,1.43,-4.62
2004-02-10,平安银行,000001,-0.67,-0.59,-0.7,-0.65,-0.68,232602,249108992.0,1.65,4.41
2004-02-09,平安银行,000001,-0.7,-0.65,-0.73,-0.68,-0.7,196300,207036992.0,1.39,2.86
2004-02-06,平安银行,000001,-0.81,-0.59,-0.86,-0.7,-0.82,438125,459816992.0,3.11,14.63
2004-02-05,平安银行,000001,-0.82,-0.76,-0.84,-0.82,-0.83,174839,176604992.0,1.24,1.2
2004-02-04,平安银行,000001,-0.86,-0.81,-0.87,-0.83,-0.88,193975,193900992.0,1.38,5.68
2004-02-03,平安银行,000001,-0.92,-0.85,-0.95,-0.88,-0.92,175446,171743008.0,1.25,4.35
2004-02-02,平安银行,000001,-0.99,-0.89,-1.0,-0.92,-1.02,235196,226424992.0,1.67,9.8
2004-01-30,平安银行,000001,-0.95,-0.94,-1.02,-1.02,-0.95,82342,77301000.0,0.58,-7.37
2004-01-29,平安银行,000001,-1.02,-0.94,-1.04,-0.95,-1.02,113268,106591000.0,0.8,6.86
2004-01-16,平安银行,000001,-1.06,-1.0,-1.07,-1.02,-1.06,89077,82305000.0,0.63,3.77
2004-01-15,平安银行,000001,-1.08,-1.04,-1.09,-1.06,-1.08,61678,56127000.0,0.44,1.85
2004-01-14,平安银行,000001,-1.03,-1.03,-1.09,-1.08,-1.04,73269,66271000.0,0.52,-3.85
2004-01-13,平安银行,000001,-1.02,-0.99,-1.07,-1.04,-1.04,108653,100501000.0,0.77,0.0
2004-01-12,平安银行,000001,-1.09,-1.04,-1.1,-1.04,-1.08,90856,82441000.0,0.65,3.7
2004-01-09,平安银行,000001,-0.98,-0.97,-1.09,-1.08,-0.98,160459,147739008.0,1.14,-10.2
2004-01-08,平安银行,000001,-0.99,-0.97,-1.03,-0.98,-0.99,127015,118499000.0,0.9,1.01
2004-01-07,平安银行,000001,-1.0,-0.95,-1.02,-0.99,-1.0,195362,183458000.0,1.39,1.0
2004-01-06,平安银行,000001,-1.09,-0.95,-1.09,-1.0,-1.11,375917,351523008.0,2.67,9.91
2004-01-05,平安银行,000001,-1.18,-1.09,-1.19,-1.11,-1.18,120577,106529000.0,0.86,5.93
2004-01-02,平安银行,000001,-1.21,-1.18,-1.24,-1.18,-1.21,58047,49634000.0,0.41,2.48
2003-12-31,平安银行,000001,-1.16,-1.15,-1.22,-1.21,-1.16,56588,48689000.0,0.4,-4.31
2003-12-30,平安银行,000001,-1.19,-1.15,-1.19,-1.16,-1.19,35061,30468404.0,0.25,2.52
2003-12-29,平安银行,000001,-1.16,-1.16,-1.19,-1.19,-1.15,40511,34964000.0,0.29,-3.48
2003-12-26,平安银行,000001,-1.14,-1.13,-1.18,-1.15,-1.14,42120,36763000.0,0.3,-0.88
2003-12-25,平安银行,000001,-1.1,-1.1,-1.15,-1.14,-1.1,65261,57578000.0,0.46,-3.64
2003-12-24,平安银行,000001,-1.09,-1.06,-1.11,-1.1,-1.14,143706,129142000.0,1.02,3.51
2003-12-23,平安银行,000001,-1.14,-1.11,-1.17,-1.14,-1.16,95910,84531000.0,0.68,1.72
2003-12-22,平安银行,000001,-1.24,-1.16,-1.28,-1.16,-1.23,88373,74874000.0,0.63,5.69
2003-12-19,平安银行,000001,-1.19,-1.17,-1.25,-1.23,-1.18,92039,77845000.0,0.65,-4.24
2003-12-18,平安银行,000001,-1.16,-1.16,-1.21,-1.18,-1.16,57982,49928000.0,0.41,-1.72
2003-12-17,平安银行,000001,-1.14,-1.11,-1.16,-1.16,-1.14,49913,43969000.0,0.35,-1.75
2003-12-16,平安银行,000001,-1.11,-1.11,-1.18,-1.14,-1.11,62970,55086000.0,0.45,-2.7
2003-12-15,平安银行,000001,-1.08,-1.07,-1.12,-1.11,-1.08,85529,76620000.0,0.61,-2.78
2003-12-12,平安银行,000001,-1.12,-1.05,-1.15,-1.08,-1.14,216467,194374000.0,1.54,5.26
2003-12-11,平安银行,000001,-1.17,-1.12,-1.18,-1.14,-1.18,122435,107561000.0,0.87,3.39
2003-12-10,平安银行,000001,-1.22,-1.12,-1.22,-1.18,-1.23,75689,65336000.0,0.54,4.07
2003-12-09,平安银行,000001,-1.23,-1.22,-1.25,-1.23,-1.22,38698,32466000.0,0.27,-0.82
2003-12-08,平安银行,000001,-1.19,-1.16,-1.22,-1.22,-1.19,35820,30756000.0,0.25,-2.52
2003-12-05,平安银行,000001,-1.17,-1.15,-1.2,-1.19,-1.18,46332,40029000.0,0.33,-0.85
2003-12-04,平安银行,000001,-1.21,-1.14,-1.21,-1.18,-1.21,86614,74979000.0,0.61,2.48
2003-12-03,平安银行,000001,-1.21,-1.18,-1.25,-1.21,-1.21,57203,48537000.0,0.41,0.0
2003-12-02,平安银行,000001,-1.17,-1.15,-1.21,-1.21,-1.19,55223,47501000.0,0.39,-1.68
2003-12-01,平安银行,000001,-1.24,-1.18,-1.24,-1.19,-1.24,53134,45426000.0,0.38,4.03
2003-11-28,平安银行,000001,-1.27,-1.22,-1.28,-1.24,-1.26,41497,34701000.0,0.29,1.59
2003-11-27,平安银行,000001,-1.19,-1.18,-1.26,-1.26,-1.19,71145,60097000.0,0.51,-5.88
2003-11-26,平安银行,000001,-1.17,-1.17,-1.21,-1.19,-1.17,73571,63241000.0,0.52,-1.71
2003-11-25,平安银行,000001,-1.22,-1.09,-1.22,-1.17,-1.25,216832,189700000.0,1.54,6.4
2003-11-24,平安银行,000001,-1.32,-1.24,-1.32,-1.25,-1.32,81546,67742000.0,0.58,5.3
2003-11-21,平安银行,000001,-1.26,-1.22,-1.33,-1.32,-1.27,91262,75487000.0,0.65,-3.94
2003-11-20,平安银行,000001,-1.37,-1.27,-1.37,-1.27,-1.37,104669,85098000.0,0.74,7.3
2003-11-19,平安银行,000001,-1.43,-1.34,-1.44,-1.37,-1.43,52142,40964000.0,0.37,4.2
2003-11-18,平安银行,000001,-1.4,-1.4,-1.43,-1.43,-1.41,28151,21604000.0,0.2,-1.42
2003-11-17,平安银行,000001,-1.38,-1.37,-1.42,-1.41,-1.38,36937,28690000.0,0.26,-2.17
2003-11-14,平安银行,000001,-1.39,-1.36,-1.41,-1.38,-1.4,50959,39766000.0,0.36,1.43
2003-11-13,平安银行,000001,-1.39,-1.37,-1.4,-1.4,-1.39,28132,21993000.0,0.2,-0.72
2003-11-12,平安银行,000001,-1.34,-1.34,-1.39,-1.39,-1.34,30573,23994000.0,0.22,-3.73
2003-11-11,平安银行,000001,-1.34,-1.33,-1.37,-1.34,-1.34,21934,17488000.0,0.16,0.0
2003-11-10,平安银行,000001,-1.37,-1.34,-1.39,-1.34,-1.37,34275,27160000.0,0.24,2.19
2003-11-07,平安银行,000001,-1.33,-1.33,-1.42,-1.37,-1.33,91393,71581000.0,0.65,-3.01
2003-11-06,平安银行,000001,-1.29,-1.29,-1.33,-1.33,-1.29,76188,61514000.0,0.54,-3.1
2003-11-05,平安银行,000001,-1.24,-1.23,-1.31,-1.29,-1.24,68053,56421000.0,0.48,-4.03
2003-11-04,平安银行,000001,-1.29,-1.19,-1.29,-1.24,-1.3,97853,81960000.0,0.69,4.62
2003-11-03,平安银行,000001,-1.31,-1.27,-1.34,-1.3,-1.3,52425,42610000.0,0.37,0.0
2003-10-31,平安银行,000001,-1.29,-1.25,-1.35,-1.3,-1.29,64828,52661000.0,0.46,-0.78
2003-10-30,平安银行,000001,-1.19,-1.18,-1.3,-1.29,-1.19,84110,69660000.0,0.6,-8.4
2003-10-29,平安银行,000001,-1.14,-1.12,-1.21,-1.19,-1.14,55731,48116000.0,0.4,-4.39
2003-10-28,平安银行,000001,-1.16,-1.13,-1.18,-1.14,-1.16,41432,36126000.0,0.29,1.72
2003-10-27,平安银行,000001,-1.12,-1.12,-1.17,-1.16,-1.12,53474,46726000.0,0.38,-3.57
2003-10-24,平安银行,000001,-1.1,-1.09,-1.13,-1.12,-1.1,32692,29009000.0,0.23,-1.82
2003-10-23,平安银行,000001,-1.07,-1.06,-1.1,-1.1,-1.08,41529,37462000.0,0.29,-1.85
2003-10-22,平安银行,000001,-1.11,-1.05,-1.13,-1.08,-1.12,52572,47328000.0,0.37,3.57
2003-10-21,平安银行,000001,-1.1,-1.09,-1.15,-1.12,-1.1,31713,28048000.0,0.23,-1.82
2003-10-20,平安银行,000001,-1.09,-1.08,-1.11,-1.1,-1.09,24399,21893000.0,0.17,-0.92
2003-10-17,平安银行,000001,-1.09,-1.07,-1.11,-1.09,-1.08,38525,34567000.0,0.27,-0.93
2003-10-15,平安银行,000001,-1.05,-0.99,-1.09,-1.08,-1.05,56442,51669000.0,0.4,-2.86
2003-10-14,平安银行,000001,-1.01,-1.0,-1.05,-1.05,-1.0,32195,29555000.0,0.23,-5.0
2003-10-13,平安银行,000001,-0.98,-0.97,-1.01,-1.0,-0.99,31836,29878000.0,0.23,-1.01
2003-10-10,平安银行,000001,-1.05,-0.97,-1.05,-0.99,-1.04,38129,35518000.0,0.27,4.81
2003-10-09,平安银行,000001,-1.04,-1.02,-1.04,-1.04,-1.04,13874,12787000.0,0.1,0.0
2003-10-08,平安银行,000001,-1.02,-1.02,-1.05,-1.04,-1.04,18282,16824000.0,0.13,0.0
2003-09-30,平安银行,000001,-1.07,-1.04,-1.09,-1.04,-1.07,30767,28016000.0,0.22,2.8
2003-09-29,平安银行,000001,-1.0,-1.0,-1.07,-1.07,-1.04,36789,33635000.0,0.26,-2.88
2003-09-26,平安银行,000001,-1.04,-1.02,-1.04,-1.04,-1.04,19031,17814000.0,0.14,0.0
2003-09-25,平安银行,000001,-1.0,-0.99,-1.05,-1.04,-1.0,34923,32688000.0,0.25,-4.0
2003-09-24,平安银行,000001,-0.99,-0.98,-1.02,-1.0,-0.99,37493,35572000.0,0.27,-1.01
2003-09-23,平安银行,000001,-1.03,-0.99,-1.05,-0.99,-1.03,51319,48380000.0,0.36,3.88
2003-09-22,平安银行,000001,-1.0,-1.0,-1.04,-1.03,-1.0,21938,20619000.0,0.16,-3.0
2003-09-19,平安银行,000001,-1.0,-0.98,-1.04,-1.0,-1.0,47030,44367000.0,0.33,0.0
2003-09-18,平安银行,000001,-1.02,-1.0,-1.03,-1.0,-1.02,42901,40442000.0,0.3,1.96
2003-09-17,平安银行,000001,-0.95,-0.95,-1.04,-1.02,-0.95,60214,57077000.0,0.43,-7.37
2003-09-16,平安银行,000001,-0.97,-0.94,-1.0,-0.95,-0.97,41047,39525000.0,0.29,2.06
2003-09-15,平安银行,000001,-0.88,-0.87,-0.98,-0.97,-0.88,76639,74742000.0,0.54,-10.23
2003-09-12,平安银行,000001,-0.82,-0.82,-0.88,-0.88,-0.82,67410,67500000.0,0.48,-7.32
2003-09-11,平安银行,000001,-0.84,-0.8,-0.85,-0.82,-0.84,37482,38246000.0,0.27,2.38
2003-09-10,平安银行,000001,-0.86,-0.84,-0.87,-0.84,-0.86,25776,26029000.0,0.18,2.33
2003-09-09,平安银行,000001,-0.84,-0.82,-0.87,-0.86,-0.84,62125,62723000.0,0.44,-2.38
2003-09-08,平安银行,000001,-0.82,-0.82,-0.87,-0.84,-0.82,62012,62579000.0,0.44,-2.44
2003-09-05,平安银行,000001,-0.78,-0.78,-0.83,-0.82,-0.78,36688,37557000.0,0.26,-5.13
2003-09-04,平安银行,000001,-0.78,-0.76,-0.79,-0.78,-0.78,21611,22468000.0,0.15,0.0
2003-09-03,平安银行,000001,-0.8,-0.77,-0.8,-0.78,-0.79,17599,18235000.0,0.12,1.27
2003-09-02,平安银行,000001,-0.76,-0.74,-0.8,-0.79,-0.77,37510,39017000.0,0.27,-2.6
2003-09-01,平安银行,000001,-0.8,-0.75,-0.81,-0.77,-0.79,40864,42325000.0,0.29,2.53
2003-08-29,平安银行,000001,-0.83,-0.78,-0.85,-0.79,-0.82,49054,50065000.0,0.35,3.66
2003-08-28,平安银行,000001,-0.76,-0.75,-0.83,-0.82,-0.75,58366,60261000.0,0.41,-9.33
2003-08-27,平安银行,000001,-0.75,-0.71,-0.76,-0.75,-0.74,24950,26256000.0,0.18,-1.35
2003-08-25,平安银行,000001,-0.69,-0.69,-0.75,-0.74,-0.68,46106,48687000.0,0.33,-8.82
2003-08-22,平安银行,000001,-0.67,-0.62,-0.69,-0.68,-0.66,75007,81520000.0,0.53,-3.03
2003-08-21,平安银行,000001,-0.68,-0.66,-0.69,-0.66,-0.69,22940,24754000.0,0.16,4.35
2003-08-20,平安银行,000001,-0.65,-0.64,-0.7,-0.69,-0.65,29006,31189000.0,0.21,-6.15
2003-08-19,平安银行,000001,-0.64,-0.63,-0.66,-0.65,-0.65,29141,31775000.0,0.21,0.0
2003-08-18,平安银行,000001,-0.67,-0.63,-0.69,-0.65,-0.67,41645,45220000.0,0.3,2.99
2003-08-15,平安银行,000001,-0.72,-0.62,-0.73,-0.67,-0.72,55755,60062000.0,0.4,6.94
2003-08-14,平安银行,000001,-0.72,-0.69,-0.73,-0.72,-0.72,28693,30426000.0,0.2,0.0
2003-08-13,平安银行,000001,-0.68,-0.66,-0.72,-0.72,-0.68,21433,22881000.0,0.15,-5.88
2003-08-12,平安银行,000001,-0.68,-0.65,-0.69,-0.68,-0.68,12351,13312000.0,0.09,0.0
2003-08-11,平安银行,000001,-0.7,-0.66,-0.73,-0.68,-0.69,18577,19925000.0,0.13,1.45
2003-08-08,平安银行,000001,-0.63,-0.62,-0.7,-0.69,-0.63,39368,42435000.0,0.28,-9.52
2003-08-07,平安银行,000001,-0.67,-0.58,-0.69,-0.63,-0.67,70015,76998000.0,0.5,5.97
2003-08-06,平安银行,000001,-0.67,-0.66,-0.7,-0.67,-0.67,43075,46193000.0,0.31,0.0
2003-08-05,平安银行,000001,-0.65,-0.64,-0.67,-0.67,-0.65,28138,30517000.0,0.2,-3.08
2003-08-04,平安银行,000001,-0.67,-0.63,-0.69,-0.65,-0.67,38014,41229000.0,0.27,2.99
2003-08-01,平安银行,000001,-0.72,-0.65,-0.73,-0.67,-0.72,47115,50649000.0,0.33,6.94
2003-07-31,平安银行,000001,-0.71,-0.69,-0.73,-0.72,-0.71,30556,32493000.0,0.22,-1.41
2003-07-30,平安银行,000001,-0.75,-0.7,-0.75,-0.71,-0.76,39307,41648000.0,0.28,6.58
2003-07-29,平安银行,000001,-0.77,-0.75,-0.78,-0.76,-0.77,28837,30047000.0,0.2,1.3
2003-07-28,平安银行,000001,-0.75,-0.75,-0.79,-0.77,-0.75,29345,30503000.0,0.21,-2.67
2003-07-25,平安银行,000001,-0.72,-0.68,-0.75,-0.75,-0.73,49957,52760000.0,0.35,-2.74
2003-07-24,平安银行,000001,-0.68,-0.68,-0.74,-0.73,-0.68,40068,42526000.0,0.28,-7.35
2003-07-23,平安银行,000001,-0.72,-0.67,-0.73,-0.68,-0.73,43261,46276000.0,0.31,6.85
2003-07-22,平安银行,000001,-0.69,-0.66,-0.75,-0.73,-0.7,81311,85965000.0,0.58,-4.29
2003-07-21,平安银行,000001,-0.69,-0.65,-0.73,-0.7,-0.64,78219,83718000.0,0.56,-9.38
2003-07-18,平安银行,000001,-0.54,-0.54,-0.65,-0.64,-0.54,114032,125770000.0,0.81,-18.52
2003-07-17,平安银行,000001,-0.56,-0.53,-0.59,-0.54,-0.56,80657,90717000.0,0.57,3.57
2003-07-16,平安银行,000001,-0.57,-0.54,-0.57,-0.56,-0.57,29378,32972000.0,0.21,1.75
2003-07-15,平安银行,000001,-0.58,-0.55,-0.59,-0.57,-0.58,29876,33402000.0,0.21,1.72
2003-07-14,平安银行,000001,-0.55,-0.54,-0.59,-0.58,-0.54,45049,50240000.0,0.32,-7.41
2003-07-11,平安银行,000001,-0.52,-0.51,-0.55,-0.54,-0.52,35883,40686000.0,0.25,-3.85
2003-07-10,平安银行,000001,-0.57,-0.5,-0.59,-0.52,-0.58,66504,75471000.0,0.47,10.34
2003-07-09,平安银行,000001,-0.54,-0.53,-0.59,-0.58,-0.54,23845,26731000.0,0.17,-7.41
2003-07-08,平安银行,000001,-0.57,-0.54,-0.58,-0.54,-0.58,28254,31836000.0,0.2,6.9
2003-07-07,平安银行,000001,-0.57,-0.56,-0.6,-0.58,-0.57,21344,23748000.0,0.15,-1.75
2003-07-04,平安银行,000001,-0.54,-0.54,-0.58,-0.57,-0.54,24058,27018000.0,0.17,-5.56
2003-07-03,平安银行,000001,-0.54,-0.52,-0.57,-0.54,-0.54,33220,37584000.0,0.24,0.0
2003-07-02,平安银行,000001,-0.59,-0.52,-0.61,-0.54,-0.6,41675,46828000.0,0.3,10.0
2003-07-01,平安银行,000001,-0.6,-0.54,-0.61,-0.6,-0.6,31806,35512000.0,0.23,0.0
2003-06-30,平安银行,000001,-0.59,-0.54,-0.62,-0.6,-0.59,30499,33897000.0,0.22,-1.69
2003-06-27,平安银行,000001,-0.53,-0.52,-0.59,-0.59,-0.53,34991,39235000.0,0.25,-11.32
2003-06-26,平安银行,000001,-0.54,-0.5,-0.61,-0.53,-0.53,58103,65437000.0,0.41,0.0
2003-06-25,平安银行,000001,-0.48,-0.47,-0.54,-0.53,-0.49,24357,27781000.0,0.17,-8.16
2003-06-24,平安银行,000001,-0.45,-0.45,-0.52,-0.49,-0.52,32195,36950000.0,0.23,5.77
2003-06-23,平安银行,000001,-0.51,-0.49,-0.52,-0.52,-0.5,32020,36566000.0,0.23,-4.0
2003-06-20,平安银行,000001,-0.46,-0.43,-0.51,-0.5,-0.46,71302,82366000.0,0.51,-8.7
2003-06-19,平安银行,000001,-0.4,-0.38,-0.48,-0.46,-0.4,111700,130342000.0,0.79,-15.0
2003-06-18,平安银行,000001,-0.4,-0.37,-0.41,-0.4,-0.4,34357,40858000.0,0.24,0.0
2003-06-17,平安银行,000001,-0.38,-0.36,-0.41,-0.4,-0.37,41720,49610000.0,0.3,-8.11
2003-06-16,平安银行,000001,-0.33,-0.33,-0.38,-0.37,-0.33,26145,31340000.0,0.19,-12.12
2003-06-13,平安银行,000001,-0.37,-0.33,-0.38,-0.33,-0.37,35573,42845000.0,0.25,10.81
2003-06-12,平安银行,000001,-0.34,-0.32,-0.38,-0.37,-0.34,35586,42820000.0,0.25,-8.82
2003-06-11,平安银行,000001,-0.39,-0.33,-0.39,-0.34,-0.39,56262,67820000.0,0.4,12.82
2003-06-10,平安银行,000001,-0.4,-0.37,-0.41,-0.39,-0.4,37941,45194000.0,0.27,2.5
2003-06-09,平安银行,000001,-0.37,-0.34,-0.4,-0.4,-0.36,65068,77782000.0,0.46,-11.11
2003-06-06,平安银行,000001,-0.29,-0.29,-0.36,-0.36,-0.29,90445,109696000.0,0.64,-24.14
2003-06-05,平安银行,000001,-0.25,-0.24,-0.3,-0.29,-0.24,65622,81071000.0,0.47,-20.83
2003-06-04,平安银行,000001,-0.3,-0.23,-0.32,-0.24,-0.3,68637,84827000.0,0.49,20.0
2003-06-03,平安银行,000001,-0.26,-0.25,-0.3,-0.3,-0.26,93602,115298000.0,0.66,-15.38
2003-06-02,平安银行,000001,-0.23,-0.23,-0.3,-0.26,-0.23,93487,115447000.0,0.66,-13.04
2003-05-30,平安银行,000001,-0.19,-0.17,-0.27,-0.23,-0.2,142588,179128000.0,1.01,-15.0
2003-05-29,平安银行,000001,-0.22,-0.2,-0.29,-0.2,-0.21,131734,164470000.0,0.94,4.76
2003-05-28,平安银行,000001,-0.18,-0.11,-0.21,-0.21,-0.18,164541,210516992.0,1.17,-16.67
2003-05-27,平安银行,000001,-0.17,-0.14,-0.2,-0.18,-0.18,94506,120421000.0,0.67,0.0
2003-05-26,平安银行,000001,-0.22,-0.16,-0.22,-0.18,-0.22,134299,170336992.0,0.95,18.18
2003-05-23,平安银行,000001,-0.22,-0.15,-0.24,-0.22,-0.23,176734,224626000.0,1.25,4.35
2003-05-22,平安银行,000001,-0.27,-0.21,-0.32,-0.23,-0.27,104103,128755000.0,0.74,14.81
2003-05-21,平安银行,000001,-0.24,-0.17,-0.27,-0.27,-0.23,95788,119972000.0,0.68,-17.39
2003-05-20,平安银行,000001,-0.17,-0.17,-0.25,-0.23,-0.16,101987,128469000.0,0.72,-43.75
2003-05-19,平安银行,000001,-0.2,-0.13,-0.25,-0.16,-0.21,201208,255752000.0,1.43,23.81
2003-05-16,平安银行,000001,-0.3,-0.07,-0.3,-0.21,-0.3,343255,438512992.0,2.44,30.0
2003-05-15,平安银行,000001,-0.34,-0.29,-0.39,-0.3,-0.35,149002,181092000.0,1.06,14.29
2003-05-14,平安银行,000001,-0.39,-0.32,-0.42,-0.35,-0.38,117951,141668000.0,0.84,7.89
2003-05-13,平安银行,000001,-0.21,-0.18,-0.39,-0.38,-0.22,236236,289105984.0,1.68,-72.73
2003-05-12,平安银行,000001,-0.32,-0.17,-0.37,-0.22,-0.26,168397,209422000.0,1.2,15.38
2003-04-30,平安银行,000001,-0.28,-0.16,-0.28,-0.26,-0.28,175598,220040000.0,1.25,7.14
2003-04-29,平安银行,000001,-0.24,-0.17,-0.3,-0.28,-0.19,234414,292256000.0,1.66,-47.37
2003-04-28,平安银行,000001,-0.42,-0.15,-0.47,-0.19,-0.39,310875,385060000.0,2.21,51.28
2003-04-25,平安银行,000001,-0.38,-0.33,-0.41,-0.39,-0.38,159954,191848000.0,1.14,-2.63
2003-04-24,平安银行,000001,-0.22,-0.22,-0.42,-0.38,-0.22,300902,363422016.0,2.14,-72.73
2003-04-23,平安银行,000001,-0.13,-0.09,-0.24,-0.22,-0.14,213290,271404992.0,1.51,-57.14
2003-04-22,平安银行,000001,-0.15,-0.09,-0.17,-0.14,-0.2,245264,318009984.0,1.74,30.0
2003-04-21,平安银行,000001,-0.09,-0.08,-0.27,-0.2,-0.14,278042,351067008.0,1.97,-42.86
2003-04-18,平安银行,000001,0.0,0.01,-0.15,-0.14,0.0,309949,403940992.0,2.2,0.0
2003-04-17,平安银行,000001,0.07,0.11,-0.07,0.0,0.08,581354,783243008.0,4.13,-100.0
2003-04-16,平安银行,000001,-0.23,0.08,-0.23,0.08,-0.23,1207705,1648743040.0,8.57,134.78
2003-04-15,平安银行,000001,-0.21,-0.19,-0.27,-0.23,-0.23,251816,314356000.0,1.79,0.0
2003-04-14,平安银行,000001,-0.28,-0.14,-0.33,-0.23,-0.28,310395,386631008.0,2.2,17.86
2003-04-11,平安银行,000001,-0.3,-0.25,-0.33,-0.28,-0.3,217062,266876992.0,1.54,6.67
2003-04-10,平安银行,000001,-0.26,-0.19,-0.31,-0.3,-0.27,258586,321155008.0,1.84,-11.11
2003-04-09,平安银行,000001,-0.37,-0.24,-0.39,-0.27,-0.36,206881,252120992.0,1.47,25.0
2003-04-08,平安银行,000001,-0.36,-0.33,-0.4,-0.36,-0.36,131428,157856992.0,0.93,0.0
2003-04-07,平安银行,000001,-0.33,-0.27,-0.36,-0.36,-0.34,185885,226955008.0,1.32,-5.88
2003-04-04,平安银行,000001,-0.42,-0.32,-0.42,-0.34,-0.41,155872,187540992.0,1.11,17.07
2003-04-03,平安银行,000001,-0.37,-0.35,-0.41,-0.41,-0.37,104679,124704000.0,0.74,-10.81
2003-04-02,平安银行,000001,-0.42,-0.32,-0.43,-0.37,-0.42,255505,307503008.0,1.81,11.9
2003-04-01,平安银行,000001,-0.41,-0.37,-0.44,-0.42,-0.42,195301,231568000.0,1.39,0.0
2003-03-31,平安银行,000001,-0.47,-0.41,-0.48,-0.42,-0.47,143964,168906000.0,1.02,10.64
2003-03-28,平安银行,000001,-0.47,-0.4,-0.5,-0.47,-0.46,240722,280748992.0,1.71,-2.17
2003-03-27,平安银行,000001,-0.61,-0.43,-0.62,-0.46,-0.61,278260,319174016.0,1.98,24.59
2003-03-26,平安银行,000001,-0.64,-0.57,-0.64,-0.61,-0.62,54863,60787000.0,0.39,1.61
2003-03-25,平安银行,000001,-0.56,-0.56,-0.63,-0.62,-0.56,49871,55129000.0,0.35,-10.71
2003-03-24,平安银行,000001,-0.56,-0.54,-0.58,-0.56,-0.57,43988,49427000.0,0.31,1.75
2003-03-21,平安银行,000001,-0.63,-0.55,-0.64,-0.57,-0.63,122729,136799008.0,0.87,9.52
2003-03-20,平安银行,000001,-0.62,-0.59,-0.64,-0.63,-0.62,32467,35655000.0,0.23,-1.61
2003-03-19,平安银行,000001,-0.67,-0.57,-0.68,-0.62,-0.67,66876,73649000.0,0.47,7.46
2003-03-18,平安银行,000001,-0.66,-0.61,-0.67,-0.67,-0.65,33057,36127000.0,0.23,-3.08
2003-03-17,平安银行,000001,-0.65,-0.65,-0.68,-0.65,-0.65,24471,26439000.0,0.17,0.0
2003-03-14,平安银行,000001,-0.67,-0.63,-0.68,-0.65,-0.67,26497,28796000.0,0.19,2.99
2003-03-13,平安银行,000001,-0.66,-0.64,-0.69,-0.67,-0.66,25405,27502000.0,0.18,-1.52
2003-03-12,平安银行,000001,-0.66,-0.66,-0.7,-0.66,-0.66,29942,32243000.0,0.21,0.0
2003-03-11,平安银行,000001,-0.68,-0.65,-0.69,-0.66,-0.67,31474,33974000.0,0.22,1.49
2003-03-10,平安银行,000001,-0.62,-0.6,-0.67,-0.67,-0.61,63399,69000000.0,0.45,-9.84
2003-03-07,平安银行,000001,-0.6,-0.58,-0.62,-0.61,-0.6,44920,49701000.0,0.32,-1.67
2003-03-06,平安银行,000001,-0.54,-0.54,-0.6,-0.6,-0.54,63133,70464000.0,0.45,-11.11
2003-03-05,平安银行,000001,-0.52,-0.5,-0.55,-0.54,-0.52,42837,48448000.0,0.3,-3.85
2003-03-04,平安银行,000001,-0.53,-0.49,-0.54,-0.52,-0.53,71065,81179000.0,0.5,1.89
2003-03-03,平安银行,000001,-0.55,-0.52,-0.55,-0.53,-0.55,53350,60371000.0,0.38,3.64
2003-02-28,平安银行,000001,-0.53,-0.52,-0.58,-0.55,-0.6,139580,157344000.0,0.99,8.33
2003-02-25,平安银行,000001,-0.66,-0.59,-0.67,-0.6,-0.66,64821,71396000.0,0.46,9.09
2003-02-24,平安银行,000001,-0.64,-0.62,-0.66,-0.66,-0.64,53717,58558000.0,0.38,-3.13
2003-02-21,平安银行,000001,-0.56,-0.55,-0.64,-0.64,-0.55,103241,114032000.0,0.73,-16.36
2003-02-20,平安银行,000001,-0.54,-0.52,-0.56,-0.55,-0.54,33161,37478000.0,0.24,-1.85
2003-02-19,平安银行,000001,-0.57,-0.54,-0.6,-0.54,-0.57,54747,61261000.0,0.39,5.26
2003-02-18,平安银行,000001,-0.57,-0.56,-0.59,-0.57,-0.57,38953,43460000.0,0.28,0.0
2003-02-17,平安银行,000001,-0.53,-0.52,-0.57,-0.57,-0.54,45108,50820000.0,0.32,-5.56
2003-02-14,平安银行,000001,-0.56,-0.51,-0.57,-0.54,-0.56,58209,65734000.0,0.41,3.57
2003-02-13,平安银行,000001,-0.51,-0.47,-0.57,-0.56,-0.51,120667,136838000.0,0.86,-9.8
2003-02-12,平安银行,000001,-0.52,-0.51,-0.55,-0.51,-0.52,43813,49943000.0,0.31,1.92
2003-02-11,平安银行,000001,-0.54,-0.52,-0.56,-0.52,-0.54,29239,33080000.0,0.21,3.7
2003-02-10,平安银行,000001,-0.47,-0.47,-0.56,-0.54,-0.46,49477,56358000.0,0.35,-17.39
2003-01-29,平安银行,000001,-0.47,-0.42,-0.49,-0.46,-0.47,141810,165876992.0,1.01,2.13
2003-01-28,平安银行,000001,-0.47,-0.44,-0.5,-0.47,-0.47,74577,86235000.0,0.53,0.0
2003-01-27,平安银行,000001,-0.51,-0.45,-0.53,-0.47,-0.53,107222,123603000.0,0.76,11.32
2003-01-24,平安银行,000001,-0.58,-0.51,-0.62,-0.53,-0.58,71262,80316000.0,0.51,8.62
2003-01-23,平安银行,000001,-0.57,-0.53,-0.58,-0.58,-0.57,39501,44412000.0,0.28,-1.75
2003-01-22,平安银行,000001,-0.57,-0.55,-0.6,-0.57,-0.57,44440,49717000.0,0.32,0.0
2003-01-21,平安银行,000001,-0.48,-0.44,-0.57,-0.57,-0.48,163002,185980992.0,1.16,-18.75
2003-01-20,平安银行,000001,-0.52,-0.44,-0.55,-0.48,-0.52,141736,163119008.0,1.01,7.69
2003-01-17,平安银行,000001,-0.53,-0.48,-0.56,-0.52,-0.53,111068,126229000.0,0.79,1.89
2003-01-16,平安银行,000001,-0.57,-0.51,-0.6,-0.53,-0.57,144444,163164000.0,1.03,7.02
2003-01-15,平安银行,000001,-0.48,-0.44,-0.6,-0.57,-0.51,274935,312851008.0,1.95,-11.76
2003-01-14,平安银行,000001,-0.77,-0.51,-0.78,-0.51,-0.77,542036,611846976.0,3.85,33.77
2003-01-13,平安银行,000001,-0.75,-0.72,-0.78,-0.77,-0.74,47354,49492000.0,0.34,-4.05
2003-01-10,平安银行,000001,-0.71,-0.66,-0.75,-0.74,-0.7,127885,136604000.0,0.91,-5.71
2003-01-09,平安银行,000001,-0.73,-0.64,-0.78,-0.7,-0.74,191721,203174000.0,1.36,5.41
2003-01-08,平安银行,000001,-0.87,-0.68,-0.87,-0.74,-0.86,80421,83768000.0,0.57,13.95
2003-01-07,平安银行,000001,-0.86,-0.83,-0.87,-0.86,-0.86,27149,27361000.0,0.19,0.0
2003-01-06,平安银行,000001,-0.86,-0.84,-0.89,-0.86,-0.87,36553,36626000.0,0.26,1.15
2003-01-03,平安银行,000001,-0.87,-0.85,-0.89,-0.87,-0.86,49594,49522000.0,0.35,-1.16
2003-01-02,平安银行,000001,-0.78,-0.78,-0.87,-0.86,-0.75,64848,65629000.0,0.46,-14.67
2002-12-31,平安银行,000001,-0.77,-0.72,-0.81,-0.75,-0.74,137552,143379008.0,0.98,-1.35
2002-12-30,平安银行,000001,-0.76,-0.73,-0.82,-0.74,-0.74,78881,81273000.0,0.56,0.0
2002-12-27,平安银行,000001,-0.75,-0.71,-0.78,-0.74,-0.71,94456,99419000.0,0.67,-4.23
2002-12-26,平安银行,000001,-0.59,-0.59,-0.72,-0.71,-0.59,114627,123812000.0,0.81,-20.34
2002-12-25,平安银行,000001,-0.57,-0.55,-0.6,-0.59,-0.57,50848,56533000.0,0.36,-3.51
2002-12-24,平安银行,000001,-0.54,-0.54,-0.59,-0.57,-0.54,35920,40191000.0,0.26,-5.56
2002-12-23,平安银行,000001,-0.54,-0.5,-0.55,-0.54,-0.54,50300,57238000.0,0.36,0.0
2002-12-20,平安银行,000001,-0.57,-0.53,-0.61,-0.54,-0.58,53845,60406000.0,0.38,6.9
2002-12-19,平安银行,000001,-0.58,-0.57,-0.62,-0.58,-0.58,24851,27632000.0,0.18,0.0
2002-12-18,平安银行,000001,-0.57,-0.52,-0.58,-0.58,-0.57,42350,47770000.0,0.3,-1.75
2002-12-17,平安银行,000001,-0.58,-0.55,-0.59,-0.57,-0.59,40235,45098000.0,0.29,3.39
2002-12-16,平安银行,000001,-0.58,-0.57,-0.62,-0.59,-0.59,49290,54691000.0,0.35,0.0
2002-12-13,平安银行,000001,-0.63,-0.57,-0.66,-0.59,-0.6,61259,67743000.0,0.43,1.67
2002-12-12,平安银行,000001,-0.56,-0.56,-0.62,-0.6,-0.58,89123,98931000.0,0.63,-3.45
2002-12-11,平安银行,000001,-0.51,-0.51,-0.61,-0.58,-0.51,71729,80099000.0,0.51,-13.73
2002-12-10,平安银行,000001,-0.47,-0.44,-0.51,-0.51,-0.47,41209,47569000.0,0.29,-8.51
2002-12-09,平安银行,000001,-0.47,-0.43,-0.49,-0.47,-0.46,18369,21293000.0,0.13,-2.17
2002-12-06,平安银行,000001,-0.46,-0.42,-0.49,-0.46,-0.46,31934,37171000.0,0.23,0.0
2002-12-05,平安银行,000001,-0.42,-0.42,-0.49,-0.46,-0.42,45503,52768000.0,0.32,-9.52
2002-12-04,平安银行,000001,-0.43,-0.38,-0.45,-0.42,-0.43,39232,46291000.0,0.28,2.33
2002-12-03,平安银行,000001,-0.46,-0.42,-0.47,-0.43,-0.46,28435,33301000.0,0.2,6.52
2002-12-02,平安银行,000001,-0.34,-0.34,-0.47,-0.46,-0.34,57460,68006000.0,0.41,-35.29
2002-11-29,平安银行,000001,-0.37,-0.28,-0.39,-0.34,-0.37,138772,168526000.0,0.99,8.11
2002-11-28,平安银行,000001,-0.44,-0.37,-0.47,-0.37,-0.44,58725,69439000.0,0.42,15.91
2002-11-27,平安银行,000001,-0.49,-0.43,-0.52,-0.44,-0.47,61374,71092000.0,0.44,6.38
2002-11-26,平安银行,000001,-0.41,-0.38,-0.48,-0.47,-0.41,36198,42409000.0,0.26,-14.63
2002-11-25,平安银行,000001,-0.42,-0.39,-0.45,-0.41,-0.42,33846,39870000.0,0.24,2.38
2002-11-22,平安银行,000001,-0.41,-0.37,-0.47,-0.42,-0.41,74498,87920000.0,0.53,-2.44
2002-11-21,平安银行,000001,-0.34,-0.33,-0.42,-0.41,-0.33,101723,121587000.0,0.72,-24.24
2002-11-20,平安银行,000001,-0.3,-0.29,-0.35,-0.33,-0.29,64257,78182000.0,0.46,-13.79
2002-11-19,平安银行,000001,-0.32,-0.28,-0.37,-0.29,-0.31,82277,100185000.0,0.58,6.45
2002-11-18,平安银行,000001,-0.19,-0.17,-0.32,-0.31,-0.19,93956,115935000.0,0.67,-63.16
2002-11-15,平安银行,000001,-0.2,-0.12,-0.23,-0.19,-0.19,94535,120436000.0,0.67,0.0
2002-11-14,平安银行,000001,-0.13,-0.12,-0.2,-0.19,-0.11,71784,91861000.0,0.51,-72.73
2002-11-13,平安银行,000001,-0.13,-0.1,-0.19,-0.11,-0.13,72043,92825000.0,0.51,15.38
2002-11-12,平安银行,000001,-0.1,-0.05,-0.15,-0.13,-0.11,97605,127202000.0,0.69,-18.18
2002-11-11,平安银行,000001,-0.04,-0.02,-0.13,-0.11,-0.04,79066,103445000.0,0.56,-175.0
2002-11-08,平安银行,000001,0.12,0.12,-0.09,-0.04,0.06,225121,302436000.0,1.6,-166.67
2002-11-07,平安银行,000001,0.0,0.09,0.0,0.06,0.02,116430,158855008.0,0.83,200.0
2002-11-06,平安银行,000001,0.03,0.04,0.0,0.02,0.03,58750,79436000.0,0.42,-33.33
2002-11-05,平安银行,000001,-0.02,0.09,-0.04,0.03,-0.02,217887,294513984.0,1.55,250.0
2002-11-04,平安银行,000001,-0.1,-0.02,-0.12,-0.02,-0.14,114902,151107008.0,0.82,85.71
2002-11-01,平安银行,000001,-0.12,-0.11,-0.17,-0.14,-0.13,51613,66416000.0,0.37,-7.69
2002-10-31,平安银行,000001,-0.11,-0.08,-0.14,-0.13,-0.11,62291,81136000.0,0.44,-18.18
2002-10-30,平安银行,000001,-0.11,-0.08,-0.16,-0.11,-0.11,53273,69078000.0,0.38,0.0
2002-10-29,平安银行,000001,-0.15,-0.09,-0.18,-0.11,-0.15,53093,68458000.0,0.38,26.67
2002-10-28,平安银行,000001,-0.11,-0.1,-0.16,-0.15,-0.1,43406,56063000.0,0.31,-50.0
2002-10-25,平安银行,000001,-0.04,-0.02,-0.12,-0.1,-0.06,62036,81322000.0,0.44,-66.67
2002-10-24,平安银行,000001,-0.01,-0.01,-0.07,-0.06,-0.01,39352,52231000.0,0.28,-500.0
2002-10-23,平安银行,000001,0.01,0.03,-0.05,-0.01,0.02,81773,109108000.0,0.58,-150.0
2002-10-22,平安银行,000001,0.0,0.04,-0.02,0.02,0.01,97515,131497000.0,0.69,100.0
2002-10-21,平安银行,000001,-0.04,0.03,-0.09,0.01,-0.04,61773,82464000.0,0.44,125.0
2002-10-18,平安银行,000001,-0.16,-0.01,-0.18,-0.04,-0.17,88934,116875000.0,0.63,76.47
2002-10-17,平安银行,000001,-0.09,-0.08,-0.17,-0.17,-0.12,72801,94390000.0,0.52,-41.67
2002-10-15,平安银行,000001,-0.14,-0.11,-0.16,-0.12,-0.14,50367,65174000.0,0.36,14.29
2002-10-14,平安银行,000001,-0.12,-0.11,-0.23,-0.14,-0.14,44482,56874000.0,0.32,0.0
2002-10-11,平安银行,000001,-0.08,-0.05,-0.15,-0.14,-0.09,53530,69409000.0,0.38,-55.56
2002-10-10,平安银行,000001,-0.04,0.0,-0.11,-0.09,-0.04,32098,42702000.0,0.23,-125.0
2002-10-09,平安银行,000001,-0.01,0.03,-0.06,-0.04,0.0,33820,45119000.0,0.24,0.0
2002-10-08,平安银行,000001,0.01,0.06,-0.03,0.0,0.08,48269,64848000.0,0.34,-100.0
2002-09-27,平安银行,000001,0.26,0.26,0.04,0.08,0.21,172405,240262000.0,1.22,-61.9
2002-09-26,平安银行,000001,0.2,0.26,0.2,0.21,0.2,55544,79657000.0,0.39,5.0
2002-09-25,平安银行,000001,0.16,0.23,0.13,0.2,0.15,44254,62905000.0,0.31,33.33
2002-09-24,平安银行,000001,0.2,0.21,0.14,0.15,0.2,37628,53235000.0,0.27,-25.0
2002-09-23,平安银行,000001,0.14,0.22,0.14,0.2,0.19,27825,39561000.0,0.2,5.26
2002-09-20,平安银行,000001,0.24,0.25,0.17,0.19,0.24,41838,59645000.0,0.3,-20.83
2002-09-19,平安银行,000001,0.13,0.28,0.11,0.24,0.14,109129,154500000.0,0.77,71.43
2002-09-18,平安银行,000001,0.2,0.2,0.13,0.14,0.21,49626,69604000.0,0.35,-33.33
2002-09-17,平安银行,000001,0.2,0.25,0.1,0.21,0.19,119857,169132992.0,0.85,10.53
2002-09-16,平安银行,000001,0.4,0.41,0.19,0.19,0.4,180916,261252000.0,1.28,-52.5
2002-09-13,平安银行,000001,0.41,0.41,0.38,0.4,0.39,28521,42792000.0,0.2,2.56
2002-09-12,平安银行,000001,0.38,0.41,0.35,0.39,0.38,35606,53264000.0,0.25,2.63
2002-09-11,平安银行,000001,0.39,0.42,0.32,0.38,0.37,92871,137924000.0,0.66,2.7
2002-09-10,平安银行,000001,0.36,0.4,0.33,0.37,0.36,66598,99210000.0,0.47,2.78
2002-09-09,平安银行,000001,0.38,0.4,0.33,0.36,0.41,111071,165268992.0,0.79,-12.2
2002-09-06,平安银行,000001,0.44,0.47,0.39,0.41,0.45,110142,166531008.0,0.78,-8.89
2002-09-05,平安银行,000001,0.53,0.55,0.4,0.45,0.54,238468,364665984.0,1.69,-16.67
2002-09-04,平安银行,000001,0.57,0.61,0.53,0.54,0.54,132789,207896992.0,0.94,0.0
2002-09-02,平安银行,000001,0.5,0.56,0.48,0.54,0.49,79728,123992000.0,0.57,10.2
2002-08-30,平安银行,000001,0.49,0.52,0.48,0.49,0.5,33284,51282000.0,0.24,-2.0
2002-08-29,平安银行,000001,0.52,0.59,0.49,0.5,0.52,114578,178640000.0,0.81,-3.85
2002-08-28,平安银行,000001,0.47,0.55,0.47,0.52,0.46,105129,162678000.0,0.75,13.04
2002-08-27,平安银行,000001,0.47,0.5,0.45,0.46,0.47,82316,125922000.0,0.58,-2.13
2002-08-26,平安银行,000001,0.54,0.54,0.46,0.47,0.53,127724,196286000.0,0.91,-11.32
2002-08-23,平安银行,000001,0.52,0.57,0.51,0.53,0.52,101807,158518000.0,0.72,1.92
2002-08-22,平安银行,000001,0.52,0.57,0.49,0.52,0.52,162050,251550000.0,1.15,0.0
2002-08-21,平安银行,000001,0.57,0.6,0.49,0.52,0.56,190625,298054016.0,1.35,-7.14
2002-08-20,平安银行,000001,0.41,0.57,0.4,0.56,0.4,485535,749798976.0,3.45,40.0
2002-08-19,平安银行,000001,0.33,0.44,0.31,0.4,0.33,179366,269700992.0,1.27,21.21
2002-08-16,平安银行,000001,0.34,0.36,0.27,0.33,0.35,72015,105937000.0,0.51,-5.71
2002-08-15,平安银行,000001,0.36,0.37,0.33,0.35,0.35,53070,78582000.0,0.38,0.0
2002-08-14,平安银行,000001,0.32,0.35,0.32,0.35,0.31,43354,64086000.0,0.31,12.9
2002-08-13,平安银行,000001,0.29,0.34,0.29,0.31,0.31,61293,89997000.0,0.44,0.0
2002-08-12,平安银行,000001,0.34,0.36,0.3,0.31,0.35,77247,113779000.0,0.55,-11.43
2002-08-09,平安银行,000001,0.37,0.4,0.34,0.35,0.37,63841,94976000.0,0.45,-5.41
2002-08-08,平安银行,000001,0.39,0.41,0.35,0.37,0.39,64983,97066000.0,0.46,-5.13
2002-08-07,平安银行,000001,0.4,0.4,0.34,0.39,0.39,84138,125343000.0,0.6,0.0
2002-08-06,平安银行,000001,0.35,0.45,0.33,0.39,0.35,108130,162323008.0,0.77,11.43
2002-08-05,平安银行,000001,0.44,0.44,0.35,0.35,0.44,123644,184818000.0,0.88,-20.45
2002-08-02,平安银行,000001,0.44,0.46,0.42,0.44,0.44,124972,190035008.0,0.89,0.0
2002-08-01,平安银行,000001,0.38,0.46,0.35,0.44,0.4,164850,248642000.0,1.17,10.0
2002-07-31,平安银行,000001,0.45,0.51,0.39,0.4,0.39,380134,578121024.0,2.7,2.56
2002-07-29,平安银行,000001,0.33,0.41,0.32,0.39,0.34,127518,190852992.0,0.91,14.71
2002-07-26,平安银行,000001,0.34,0.41,0.3,0.34,0.34,129442,192519008.0,0.92,0.0
2002-07-25,平安银行,000001,0.41,0.43,0.31,0.34,0.41,137319,203608000.0,0.97,-17.07
2002-07-24,平安银行,000001,0.41,0.48,0.37,0.41,0.41,332178,502156992.0,2.36,0.0
2002-07-23,平安银行,000001,0.23,0.47,0.22,0.41,0.23,478520,717881984.0,3.4,78.26
2002-07-22,平安银行,000001,0.35,0.35,0.22,0.23,0.35,153702,226151008.0,1.09,-34.29
2002-07-19,平安银行,000001,0.34,0.38,0.29,0.35,0.34,201623,301489984.0,1.43,2.94
2002-07-18,平安银行,000001,0.22,0.35,0.19,0.34,0.21,301154,445254016.0,2.14,61.9
2002-07-17,平安银行,000001,0.1,0.21,0.09,0.21,0.1,62382,88266000.0,0.44,110.0
2002-07-16,平安银行,000001,0.1,0.2,0.08,0.1,0.11,68212,96210000.0,0.48,-9.09
2002-07-15,平安银行,000001,0.15,0.15,0.09,0.11,0.16,95340,133978000.0,0.68,-31.25
2002-07-12,平安银行,000001,0.18,0.2,0.15,0.16,0.18,62118,88622000.0,0.44,-11.11
2002-07-11,平安银行,000001,0.18,0.22,0.14,0.18,0.2,129835,186082000.0,0.92,-10.0
2002-07-10,平安银行,000001,0.34,0.35,0.17,0.2,0.33,296248,429851008.0,2.1,-39.39
2002-07-09,平安银行,000001,0.33,0.38,0.3,0.33,0.32,118113,176207008.0,0.84,3.13
2002-07-08,平安银行,000001,0.34,0.38,0.31,0.32,0.33,110526,164899008.0,0.78,-3.03
2002-07-05,平安银行,000001,0.29,0.34,0.27,0.33,0.3,76053,112616000.0,0.54,10.0
2002-07-04,平安银行,000001,0.41,0.46,0.29,0.3,0.39,216896,326230016.0,1.54,-23.08
2002-07-03,平安银行,000001,0.33,0.48,0.33,0.39,0.34,232846,354551008.0,1.65,14.71
2002-07-02,平安银行,000001,0.29,0.35,0.24,0.34,0.31,139774,205950000.0,0.99,9.68
2002-07-01,平安银行,000001,0.37,0.38,0.29,0.31,0.35,180048,267704992.0,1.28,-11.43
2002-06-28,平安银行,000001,0.31,0.48,0.29,0.35,0.3,615102,931425024.0,4.37,16.67
2002-06-27,平安银行,000001,0.2,0.38,0.2,0.3,0.21,526997,783208000.0,3.74,42.86
2002-06-26,平安银行,000001,0.15,0.38,0.13,0.21,0.21,814647,1195457024.0,5.78,0.0
2002-06-25,平安银行,000001,0.2,0.21,0.03,0.21,-0.13,1176848,1683309952.0,8.36,261.54
2002-06-24,平安银行,000001,-0.13,-0.13,-0.2,-0.13,-0.43,575771,753049984.0,4.09,69.77
2002-06-21,平安银行,000001,-0.59,-0.38,-0.59,-0.43,-0.6,321467,380398016.0,2.28,28.33
2002-06-20,平安银行,000001,-0.62,-0.56,-0.62,-0.6,-0.62,20745,23375000.0,0.15,3.23
2002-06-19,平安银行,000001,-0.57,-0.54,-0.62,-0.62,-0.57,48417,54554000.0,0.34,-8.77
2002-06-18,平安银行,000001,-0.61,-0.54,-0.61,-0.57,-0.61,33824,38387000.0,0.24,6.56
2002-06-17,平安银行,000001,-0.63,-0.61,-0.64,-0.61,-0.61,18520,20656000.0,0.13,0.0
2002-06-14,平安银行,000001,-0.57,-0.57,-0.63,-0.61,-0.57,34068,38374000.0,0.24,-7.02
2002-06-13,平安银行,000001,-0.51,-0.51,-0.57,-0.57,-0.51,20105,23018000.0,0.14,-11.76
2002-06-12,平安银行,000001,-0.53,-0.51,-0.57,-0.51,-0.53,33311,38103000.0,0.24,3.77
2002-06-11,平安银行,000001,-0.52,-0.49,-0.55,-0.53,-0.52,25962,29893000.0,0.18,-1.92
2002-06-10,平安银行,000001,-0.55,-0.45,-0.57,-0.52,-0.55,68047,79086000.0,0.48,5.45
2002-06-07,平安银行,000001,-0.56,-0.51,-0.59,-0.55,-0.56,78452,89973000.0,0.56,1.79
2002-06-06,平安银行,000001,-0.66,-0.54,-0.68,-0.56,-0.64,66910,75097000.0,0.48,12.5
2002-06-05,平安银行,000001,-0.55,-0.54,-0.65,-0.64,-0.55,39444,44111000.0,0.28,-16.36
2002-06-04,平安银行,000001,-0.61,-0.51,-0.61,-0.55,-0.62,69857,79869000.0,0.5,11.29
2002-06-03,平安银行,000001,-0.62,-0.58,-0.64,-0.62,-0.62,38155,42559000.0,0.27,0.0
2002-05-31,平安银行,000001,-0.59,-0.54,-0.62,-0.62,-0.59,39313,44443000.0,0.28,-5.08
2002-05-30,平安银行,000001,-0.66,-0.58,-0.67,-0.59,-0.65,42861,47762000.0,0.3,9.23
2002-05-29,平安银行,000001,-0.61,-0.61,-0.66,-0.65,-0.63,25399,28031000.0,0.18,-3.17
2002-05-28,平安银行,000001,-0.66,-0.6,-0.68,-0.63,-0.68,29559,32895000.0,0.21,7.35
2002-05-27,平安银行,000001,-0.68,-0.64,-0.71,-0.68,-0.67,22483,24438000.0,0.16,-1.49
2002-05-24,平安银行,000001,-0.61,-0.61,-0.68,-0.67,-0.61,45130,49758000.0,0.32,-9.84
2002-05-23,平安银行,000001,-0.58,-0.53,-0.63,-0.61,-0.55,51567,58130000.0,0.37,-10.91
2002-05-21,平安银行,000001,-0.58,-0.51,-0.6,-0.55,-0.62,56984,65273000.0,0.4,11.29
2002-05-20,平安银行,000001,-0.58,-0.57,-0.63,-0.62,-0.58,31594,35249000.0,0.22,-6.9
2002-05-17,平安银行,000001,-0.6,-0.56,-0.62,-0.58,-0.6,51529,57970000.0,0.37,3.33
2002-05-16,平安银行,000001,-0.64,-0.6,-0.68,-0.6,-0.63,65627,72575000.0,0.47,4.76
2002-05-15,平安银行,000001,-0.61,-0.59,-0.67,-0.63,-0.6,35218,39061000.0,0.25,-5.0
2002-05-14,平安银行,000001,-0.58,-0.53,-0.61,-0.6,-0.57,26344,29842000.0,0.19,-5.26
2002-05-13,平安银行,000001,-0.53,-0.51,-0.58,-0.57,-0.53,49230,56115000.0,0.35,-7.55
2002-05-10,平安银行,000001,-0.46,-0.46,-0.56,-0.53,-0.45,69409,80699000.0,0.49,-17.78
2002-05-09,平安银行,000001,-0.55,-0.42,-0.55,-0.45,-0.53,120076,141088992.0,0.85,15.09
2002-05-08,平安银行,000001,-0.52,-0.47,-0.55,-0.53,-0.53,79135,91729000.0,0.56,0.0
2002-04-30,平安银行,000001,-0.66,-0.46,-0.68,-0.53,-0.67,197516,225426000.0,1.4,20.9
2002-04-29,平安银行,000001,-0.69,-0.66,-0.73,-0.67,-0.71,36360,39504000.0,0.26,5.63
2002-04-26,平安银行,000001,-0.73,-0.67,-0.74,-0.71,-0.73,29650,32127000.0,0.21,2.74
2002-04-25,平安银行,000001,-0.78,-0.72,-0.79,-0.73,-0.79,25428,26943000.0,0.18,7.59
2002-04-24,平安银行,000001,-0.78,-0.74,-0.8,-0.79,-0.78,25372,26651000.0,0.18,-1.28
2002-04-23,平安银行,000001,-0.78,-0.68,-0.78,-0.78,-0.79,28682,30635000.0,0.2,1.27
2002-04-22,平安银行,000001,-0.79,-0.78,-0.82,-0.79,-0.79,24760,25802000.0,0.18,0.0
2002-04-19,平安银行,000001,-0.74,-0.74,-0.8,-0.79,-0.72,54656,57404000.0,0.39,-9.72
2002-04-17,平安银行,000001,-0.72,-0.69,-0.73,-0.72,-0.71,19398,20907000.0,0.14,-1.41
2002-04-16,平安银行,000001,-0.71,-0.67,-0.72,-0.71,-0.68,25418,27467000.0,0.18,-4.41
2002-04-15,平安银行,000001,-0.64,-0.62,-0.7,-0.68,-0.63,24409,26679000.0,0.17,-7.94
2002-04-12,平安银行,000001,-0.66,-0.62,-0.68,-0.63,-0.65,28848,31837000.0,0.2,3.08
2002-04-11,平安银行,000001,-0.63,-0.62,-0.66,-0.65,-0.63,35898,39711000.0,0.25,-3.17
2002-04-10,平安银行,000001,-0.62,-0.61,-0.67,-0.63,-0.62,52035,57299000.0,0.37,-1.61
2002-04-09,平安银行,000001,-0.59,-0.58,-0.68,-0.62,-0.59,69026,76176000.0,0.49,-5.08
2002-04-08,平安银行,000001,-0.61,-0.57,-0.63,-0.59,-0.62,31058,34923000.0,0.22,4.84
2002-04-05,平安银行,000001,-0.62,-0.59,-0.65,-0.62,-0.63,27113,30153000.0,0.19,1.59
2002-04-04,平安银行,000001,-0.7,-0.62,-0.73,-0.63,-0.71,29912,32793000.0,0.21,11.27
2002-04-03,平安银行,000001,-0.74,-0.69,-0.77,-0.71,-0.74,22735,24454000.0,0.16,4.05
2002-04-02,平安银行,000001,-0.66,-0.65,-0.74,-0.74,-0.66,25417,27495000.0,0.18,-12.12
2002-04-01,平安银行,000001,-0.65,-0.64,-0.7,-0.66,-0.65,27331,29857000.0,0.19,-1.54
2002-03-29,平安银行,000001,-0.57,-0.56,-0.66,-0.65,-0.58,39688,44235000.0,0.28,-12.07
2002-03-28,平安银行,000001,-0.59,-0.53,-0.59,-0.58,-0.59,24931,28377000.0,0.18,1.69
2002-03-27,平安银行,000001,-0.59,-0.55,-0.61,-0.59,-0.58,24968,28170000.0,0.18,-1.72
2002-03-26,平安银行,000001,-0.53,-0.53,-0.61,-0.58,-0.53,41994,47472000.0,0.3,-9.43
2002-03-25,平安银行,000001,-0.54,-0.52,-0.56,-0.53,-0.54,32796,37577000.0,0.23,1.85
2002-03-22,平安银行,000001,-0.47,-0.46,-0.56,-0.54,-0.46,63435,73206000.0,0.45,-17.39
2002-03-21,平安银行,000001,-0.42,-0.4,-0.46,-0.46,-0.43,61965,73509000.0,0.44,-6.98
2002-03-20,平安银行,000001,-0.42,-0.39,-0.46,-0.43,-0.42,92908,110858000.0,0.66,-2.38
2002-03-19,平安银行,000001,-0.43,-0.39,-0.47,-0.42,-0.43,99549,118662000.0,0.71,2.33
2002-03-18,平安银行,000001,-0.53,-0.42,-0.55,-0.43,-0.57,165283,194138000.0,1.17,24.56
2002-03-15,平安银行,000001,-0.47,-0.44,-0.58,-0.57,-0.49,98778,114508000.0,0.7,-16.33
2002-03-14,平安银行,000001,-0.53,-0.46,-0.55,-0.49,-0.52,89993,104348000.0,0.64,5.77
2002-03-13,平安银行,000001,-0.62,-0.35,-0.64,-0.52,-0.59,264321,311956000.0,1.88,11.86
2002-03-12,平安银行,000001,-0.52,-0.47,-0.59,-0.59,-0.52,110899,127298000.0,0.79,-13.46
2002-03-11,平安银行,000001,-0.54,-0.51,-0.58,-0.52,-0.55,90161,103359000.0,0.64,5.45
2002-03-08,平安银行,000001,-0.53,-0.48,-0.61,-0.55,-0.55,155733,177803008.0,1.11,0.0
2002-03-07,平安银行,000001,-0.71,-0.55,-0.73,-0.55,-0.71,146089,161408992.0,1.04,22.54
2002-03-06,平安银行,000001,-0.76,-0.64,-0.78,-0.71,-0.76,115324,125274000.0,0.82,6.58
2002-03-05,平安银行,000001,-0.81,-0.73,-0.82,-0.76,-0.82,59252,62515000.0,0.42,7.32
2002-03-04,平安银行,000001,-0.86,-0.82,-0.88,-0.82,-0.86,21196,21749000.0,0.15,4.65
2002-03-01,平安银行,000001,-0.87,-0.81,-0.88,-0.86,-0.87,34547,35315000.0,0.25,1.15
2002-02-28,平安银行,000001,-0.83,-0.83,-0.88,-0.87,-0.83,27547,28132000.0,0.2,-4.82
2002-02-27,平安银行,000001,-0.86,-0.79,-0.86,-0.83,-0.86,33362,34486000.0,0.24,3.49
2002-02-26,平安银行,000001,-0.81,-0.8,-0.89,-0.86,-0.79,45629,46606000.0,0.32,-8.86
2002-02-25,平安银行,000001,-0.69,-0.68,-0.81,-0.79,-0.74,58945,62017000.0,0.42,-6.76
2002-02-08,平安银行,000001,-0.69,-0.69,-0.76,-0.74,-0.73,34232,36670000.0,0.24,-1.37
2002-02-07,平安银行,000001,-0.81,-0.72,-0.81,-0.73,-0.81,37699,40069000.0,0.27,9.88
2002-02-06,平安银行,000001,-0.69,-0.69,-0.81,-0.81,-0.71,38547,40758000.0,0.27,-14.08
2002-02-05,平安银行,000001,-0.77,-0.66,-0.78,-0.71,-0.77,56953,61446000.0,0.4,7.79
2002-02-04,平安银行,000001,-0.81,-0.76,-0.85,-0.77,-0.81,34694,36277000.0,0.25,4.94
2002-02-01,平安银行,000001,-0.78,-0.71,-0.83,-0.81,-0.78,49506,51981000.0,0.35,-3.85
2002-01-31,平安银行,000001,-0.94,-0.75,-0.94,-0.78,-0.94,90681,94665000.0,0.64,17.02
2002-01-30,平安银行,000001,-0.96,-0.94,-1.0,-0.94,-0.96,17524,17162000.0,0.12,2.08
2002-01-29,平安银行,000001,-1.04,-0.94,-1.05,-0.96,-1.0,26379,25631000.0,0.19,4.0
2002-01-28,平安银行,000001,-0.85,-0.82,-1.01,-1.0,-0.86,42525,41783000.0,0.3,-16.28
2002-01-25,平安银行,000001,-0.82,-0.81,-0.87,-0.86,-0.82,24722,25369000.0,0.18,-4.88
2002-01-24,平安银行,000001,-0.86,-0.76,-0.94,-0.82,-0.82,53538,55613000.0,0.38,0.0
2002-01-23,平安银行,000001,-1.01,-0.82,-1.03,-0.82,-1.01,40742,40302000.0,0.29,18.81
2002-01-22,平安银行,000001,-1.03,-0.94,-1.04,-1.01,-1.01,34656,33522000.0,0.25,0.0
2002-01-21,平安银行,000001,-0.86,-0.86,-1.02,-1.01,-0.86,50244,49446000.0,0.36,-17.44
2002-01-18,平安银行,000001,-0.86,-0.81,-0.91,-0.86,-0.83,55843,56711000.0,0.4,-3.61
2002-01-17,平安银行,000001,-0.66,-0.66,-0.85,-0.83,-0.66,39280,41505000.0,0.28,-25.76
2002-01-16,平安银行,000001,-0.68,-0.63,-0.71,-0.66,-0.69,23518,25771000.0,0.17,4.35
2002-01-15,平安银行,000001,-0.68,-0.62,-0.69,-0.69,-0.65,33789,37102000.0,0.24,-6.15
2002-01-14,平安银行,000001,-0.55,-0.55,-0.66,-0.65,-0.53,47988,53365000.0,0.34,-22.64
2002-01-11,平安银行,000001,-0.45,-0.45,-0.53,-0.53,-0.45,27036,31269000.0,0.19,-17.78
2002-01-10,平安银行,000001,-0.44,-0.43,-0.54,-0.45,-0.43,58288,67518000.0,0.41,-4.65
2002-01-09,平安银行,000001,-0.4,-0.39,-0.44,-0.43,-0.4,23650,28219000.0,0.17,-7.5
2002-01-08,平安银行,000001,-0.4,-0.36,-0.4,-0.4,-0.39,14385,17352000.0,0.1,-2.56
2002-01-07,平安银行,000001,-0.38,-0.35,-0.42,-0.39,-0.38,16117,19372000.0,0.11,-2.63
2002-01-04,平安银行,000001,-0.33,-0.33,-0.39,-0.38,-0.34,12540,15274000.0,0.09,-11.76
2001-12-31,平安银行,000001,-0.35,-0.33,-0.38,-0.34,-0.36,21158,25781000.0,0.15,5.56
2001-12-28,平安银行,000001,-0.38,-0.34,-0.38,-0.36,-0.38,23829,28919000.0,0.17,5.26
2001-12-27,平安银行,000001,-0.33,-0.3,-0.38,-0.38,-0.33,22537,27534000.0,0.16,-15.15
2001-12-26,平安银行,000001,-0.37,-0.33,-0.39,-0.33,-0.37,18084,21976000.0,0.13,10.81
2001-12-25,平安银行,000001,-0.4,-0.36,-0.41,-0.37,-0.38,22477,27149000.0,0.16,2.63
2001-12-24,平安银行,000001,-0.3,-0.3,-0.39,-0.38,-0.32,29927,36322000.0,0.21,-18.75
2001-12-21,平安银行,000001,-0.33,-0.32,-0.33,-0.32,-0.33,19775,24338000.0,0.14,3.03
2001-12-20,平安银行,000001,-0.28,-0.27,-0.34,-0.33,-0.27,30866,38043000.0,0.22,-22.22
2001-12-19,平安银行,000001,-0.22,-0.2,-0.28,-0.27,-0.23,24639,31157000.0,0.17,-17.39
2001-12-18,平安银行,000001,-0.25,-0.23,-0.26,-0.23,-0.25,16559,20927000.0,0.12,8.0
2001-12-17,平安银行,000001,-0.23,-0.21,-0.26,-0.25,-0.22,22050,27850000.0,0.16,-13.64
2001-12-14,平安银行,000001,-0.23,-0.19,-0.24,-0.22,-0.22,20302,25850000.0,0.14,0.0
2001-12-13,平安银行,000001,-0.2,-0.17,-0.23,-0.22,-0.19,26717,34256000.0,0.19,-15.79
2001-12-12,平安银行,000001,-0.14,-0.14,-0.2,-0.19,-0.14,34074,43912000.0,0.24,-35.71
2001-12-11,平安银行,000001,-0.11,-0.09,-0.15,-0.14,-0.12,21822,28533000.0,0.15,-16.67
2001-12-10,平安银行,000001,-0.11,-0.11,-0.14,-0.12,-0.1,18770,24583000.0,0.13,-20.0
2001-12-07,平安银行,000001,-0.09,-0.05,-0.12,-0.1,-0.09,23498,30980000.0,0.17,-11.11
2001-12-06,平安银行,000001,-0.09,-0.05,-0.12,-0.09,-0.09,34154,45149000.0,0.24,0.0
2001-12-05,平安银行,000001,0.0,0.0,-0.1,-0.09,0.0,46200,61795000.0,0.33,0.0
2001-12-04,平安银行,000001,-0.02,0.01,-0.04,0.0,-0.02,25995,35226000.0,0.18,100.0
2001-12-03,平安银行,000001,-0.04,0.01,-0.05,-0.02,-0.04,31014,41900000.0,0.22,50.0
2001-11-30,平安银行,000001,-0.06,-0.02,-0.08,-0.04,-0.05,23024,30819000.0,0.16,20.0
2001-11-29,平安银行,000001,-0.02,-0.01,-0.06,-0.05,-0.02,22331,29958000.0,0.16,-150.0
2001-11-28,平安银行,000001,-0.03,0.04,-0.04,-0.02,-0.04,25681,34837000.0,0.18,50.0
2001-11-27,平安银行,000001,-0.05,-0.03,-0.06,-0.04,-0.05,15114,20267000.0,0.11,20.0
2001-11-26,平安银行,000001,-0.02,-0.02,-0.06,-0.05,-0.01,18437,24732000.0,0.13,-400.0
2001-11-23,平安银行,000001,0.03,0.03,-0.02,-0.01,0.03,19831,26963000.0,0.14,-133.33
2001-11-22,平安银行,000001,0.02,0.05,0.0,0.03,0.02,28119,38578000.0,0.2,50.0
2001-11-21,平安银行,000001,-0.01,0.03,-0.05,0.02,-0.03,27758,37454982.0,0.2,166.67
2001-11-20,平安银行,000001,-0.06,-0.01,-0.09,-0.03,-0.09,13229,17502011.0,0.09,66.67
2001-11-19,平安银行,000001,-0.05,-0.05,-0.11,-0.09,-0.09,56402,76492351.0,0.4,0.0
2001-11-16,平安银行,000001,0.07,0.15,-0.1,-0.09,-0.13,56401,76492000.0,0.4,30.77
2001-11-15,平安银行,000001,-0.11,-0.08,-0.15,-0.13,-0.1,14455,18922000.0,0.1,-30.0
2001-11-14,平安银行,000001,-0.08,-0.06,-0.11,-0.1,-0.08,11156,14804000.0,0.08,-25.0
2001-11-13,平安银行,000001,-0.09,-0.03,-0.11,-0.08,-0.08,12828,17117000.0,0.09,0.0
2001-11-12,平安银行,000001,-0.06,-0.05,-0.11,-0.08,-0.07,22648,30083000.0,0.16,-14.29
2001-11-09,平安银行,000001,-0.15,-0.05,-0.19,-0.07,-0.15,42662,56287000.0,0.3,53.33
2001-11-08,平安银行,000001,-0.23,-0.13,-0.26,-0.15,-0.2,33479,43102000.0,0.24,25.0
2001-11-07,平安银行,000001,-0.09,-0.04,-0.26,-0.2,-0.05,51570,67442000.0,0.37,-300.0
2001-11-06,平安银行,000001,-0.04,-0.01,-0.07,-0.05,-0.04,19944,26784000.0,0.14,-25.0
2001-11-05,平安银行,000001,-0.01,0.0,-0.05,-0.04,0.0,24612,33088000.0,0.17,0.0
2001-11-02,平安银行,000001,0.06,0.06,-0.01,0.0,0.05,23722,32338000.0,0.17,-100.0
2001-11-01,平安银行,000001,0.05,0.1,0.03,0.05,0.05,21908,30310000.0,0.16,0.0
2001-10-31,平安银行,000001,0.0,0.06,-0.02,0.05,0.01,27271,37243000.0,0.19,400.0
2001-10-30,平安银行,000001,0.07,0.08,0.0,0.01,0.07,42077,57538000.0,0.3,-85.71
2001-10-29,平安银行,000001,0.08,0.13,0.05,0.07,0.08,35707,49833000.0,0.25,-12.5
2001-10-26,平安银行,000001,0.05,0.1,0.02,0.08,0.05,52168,72146000.0,0.37,60.0
2001-10-25,平安银行,000001,0.1,0.12,0.04,0.05,0.13,83517,115800000.0,0.59,-61.54
2001-10-24,平安银行,000001,0.19,0.23,0.05,0.13,0.12,269604,382936992.0,1.91,8.33
2001-10-23,平安银行,000001,0.12,0.12,-0.02,0.12,-0.2,288159,403208992.0,2.05,160.0
2001-10-22,平安银行,000001,-0.23,-0.13,-0.26,-0.2,-0.22,56638,73022000.0,0.4,9.09
2001-10-19,平安银行,000001,-0.14,-0.14,-0.32,-0.22,-0.13,93921,119883000.0,0.67,-69.23
2001-10-18,平安银行,000001,-0.13,-0.05,-0.15,-0.13,-0.14,87073,114648000.0,0.62,7.14
2001-10-17,平安银行,000001,-0.2,-0.05,-0.22,-0.14,-0.2,104854,137723008.0,0.74,30.0
2001-10-16,平安银行,000001,-0.16,-0.15,-0.24,-0.2,-0.16,30025,38497000.0,0.21,-25.0
2001-10-15,平安银行,000001,-0.25,-0.13,-0.3,-0.16,-0.25,70961,91299000.0,0.5,36.0
2001-10-12,平安银行,000001,-0.38,-0.19,-0.43,-0.25,-0.38,58225,72607000.0,0.42,34.21
2001-10-11,平安银行,000001,-0.33,-0.29,-0.43,-0.38,-0.31,33521,40628000.0,0.24,-22.58
2001-10-10,平安银行,000001,-0.29,-0.27,-0.4,-0.31,-0.19,21277,26286000.0,0.15,-63.16
2001-10-09,平安银行,000001,-0.26,-0.16,-0.29,-0.19,-0.26,22102,28267000.0,0.16,26.92
2001-10-08,平安银行,000001,-0.21,-0.19,-0.29,-0.26,-0.21,14681,18546000.0,0.11,-23.81
2001-09-28,平安银行,000001,-0.25,-0.2,-0.26,-0.21,-0.28,21822,27766000.0,0.16,25.0
2001-09-27,平安银行,000001,-0.3,-0.23,-0.32,-0.28,-0.3,14468,18109000.0,0.1,6.67
2001-09-26,平安银行,000001,-0.25,-0.25,-0.3,-0.3,-0.25,11419,14252000.0,0.08,-20.0
2001-09-25,平安银行,000001,-0.26,-0.2,-0.28,-0.25,-0.28,14115,17808000.0,0.1,10.71
2001-09-24,平安银行,000001,-0.24,-0.24,-0.3,-0.28,-0.24,11867,14884000.0,0.09,-16.67
2001-09-21,平安银行,000001,-0.25,-0.21,-0.27,-0.24,-0.24,18927,23931000.0,0.14,0.0
2001-09-20,平安银行,000001,-0.18,-0.14,-0.25,-0.24,-0.18,57348,73850000.0,0.41,-33.33
2001-09-19,平安银行,000001,-0.38,-0.15,-0.39,-0.18,-0.38,52579,66430000.0,0.38,52.63
2001-09-18,平安银行,000001,-0.4,-0.33,-0.41,-0.38,-0.4,22364,27098000.0,0.16,5.0
2001-09-17,平安银行,000001,-0.32,-0.32,-0.4,-0.4,-0.31,50960,61735000.0,0.37,-29.03
2001-09-14,平安银行,000001,-0.25,-0.23,-0.32,-0.31,-0.25,22289,27721000.0,0.16,-24.0
2001-09-13,平安银行,000001,-0.23,-0.2,-0.26,-0.25,-0.24,11031,13954000.0,0.08,-4.17
2001-09-12,平安银行,000001,-0.32,-0.23,-0.38,-0.24,-0.18,47979,60072000.0,0.34,-33.33
2001-09-11,平安银行,000001,-0.13,-0.13,-0.19,-0.18,-0.15,15839,20482000.0,0.11,-20.0
2001-09-10,平安银行,000001,-0.26,-0.14,-0.28,-0.15,-0.23,20550,26472000.0,0.15,34.78
2001-09-07,平安银行,000001,-0.15,-0.15,-0.25,-0.23,-0.15,23369,29751000.0,0.17,-53.33
2001-09-06,平安银行,000001,-0.17,-0.14,-0.19,-0.15,-0.17,13026,16884000.0,0.09,11.76
2001-09-05,平安银行,000001,-0.14,-0.12,-0.19,-0.17,-0.16,17692,23069000.0,0.13,-6.25
2001-09-04,平安银行,000001,-0.28,-0.14,-0.28,-0.16,-0.26,21234,27291000.0,0.15,38.46
2001-09-03,平安银行,000001,-0.21,-0.19,-0.26,-0.26,-0.22,13092,16526000.0,0.09,-18.18
2001-08-31,平安银行,000001,-0.23,-0.19,-0.23,-0.22,-0.23,9271,11782000.0,0.07,4.35
2001-08-30,平安银行,000001,-0.2,-0.2,-0.23,-0.23,-0.2,9265,11784000.0,0.07,-15.0
2001-08-29,平安银行,000001,-0.19,-0.16,-0.2,-0.2,-0.2,15802,20302000.0,0.11,0.0
2001-08-28,平安银行,000001,-0.23,-0.19,-0.28,-0.2,-0.21,24978,31612000.0,0.18,4.76
2001-08-27,平安银行,000001,-0.15,-0.14,-0.25,-0.21,-0.15,30753,39338000.0,0.22,-40.0
2001-08-24,平安银行,000001,-0.11,-0.08,-0.15,-0.15,-0.12,13335,17445000.0,0.1,-25.0
2001-08-23,平安银行,000001,-0.13,-0.11,-0.15,-0.12,-0.11,16623,21713000.0,0.12,-9.09
2001-08-22,平安银行,000001,-0.09,-0.08,-0.14,-0.11,-0.07,17110,22439000.0,0.12,-57.14
2001-08-21,平安银行,000001,-0.08,-0.03,-0.09,-0.07,-0.1,13534,18099000.0,0.1,30.0
2001-08-20,平安银行,000001,-0.1,-0.08,-0.13,-0.1,-0.1,13489,17742000.0,0.1,0.0
2001-08-17,平安银行,000001,-0.13,-0.06,-0.14,-0.1,-0.13,12351,16303000.0,0.09,23.08
2001-08-16,平安银行,000001,-0.06,-0.06,-0.14,-0.13,-0.06,29097,38296000.0,0.21,-116.67
2001-08-15,平安银行,000001,-0.06,-0.05,-0.08,-0.06,-0.07,12583,16792000.0,0.09,14.29
2001-08-14,平安银行,000001,-0.05,0.0,-0.1,-0.07,-0.03,20427,27399000.0,0.15,-133.33
2001-08-13,平安银行,000001,-0.03,0.01,-0.06,-0.03,-0.04,22956,30971000.0,0.16,25.0
2001-08-10,平安银行,000001,0.0,0.0,-0.08,-0.04,-0.13,24964,33496000.0,0.18,69.23
2001-08-09,平安银行,000001,-0.15,-0.11,-0.15,-0.13,-0.15,26722,34910000.0,0.19,13.33
2001-08-08,平安银行,000001,-0.11,-0.1,-0.17,-0.15,-0.11,27902,36322000.0,0.2,-36.36
2001-08-07,平安银行,000001,-0.15,-0.1,-0.21,-0.11,-0.14,35797,46623000.0,0.26,21.43
2001-08-06,平安银行,000001,0.04,0.05,-0.25,-0.14,0.05,76041,99291000.0,0.55,-380.0
2001-08-03,平安银行,000001,0.09,0.1,0.01,0.05,0.09,37632,51911000.0,0.27,-44.44
2001-08-02,平安银行,000001,0.16,0.16,0.05,0.09,0.16,29005,40401000.0,0.21,-43.75
2001-08-01,平安银行,000001,0.06,0.16,0.06,0.16,0.06,36467,51147000.0,0.26,166.67
2001-07-31,平安银行,000001,0.05,0.15,0.04,0.06,0.1,40376,56392000.0,0.29,-40.0
2001-07-30,平安银行,000001,0.33,0.33,0.0,0.1,0.35,75980,108007000.0,0.55,-71.43
2001-07-27,平安银行,000001,0.32,0.36,0.26,0.35,0.3,32433,48053000.0,0.23,16.67
2001-07-26,平安银行,000001,0.3,0.32,0.26,0.3,0.3,29724,43631000.0,0.21,0.0
2001-07-25,平安银行,000001,0.35,0.36,0.29,0.3,0.35,32353,48066000.0,0.23,-14.29
2001-07-24,平安银行,000001,0.38,0.38,0.34,0.35,0.38,31326,46923000.0,0.23,-7.89
2001-07-23,平安银行,000001,0.42,0.45,0.38,0.38,0.41,26996,40926000.0,0.19,-7.32
2001-07-20,平安银行,000001,0.41,0.45,0.37,0.41,0.39,36420,55244000.0,0.26,5.13
2001-07-19,平安银行,000001,0.4,0.41,0.32,0.39,0.4,20263,30429000.0,0.15,-2.5
2001-07-18,平安银行,000001,0.32,0.61,0.32,0.4,0.3,22853,34621000.0,0.16,33.33
2001-07-17,平安银行,000001,0.34,0.34,0.27,0.3,0.34,33506,49315000.0,0.24,-11.76
2001-07-16,平安银行,000001,0.41,0.45,0.33,0.34,0.38,28337,42683000.0,0.2,-10.53
2001-07-13,平安银行,000001,0.4,0.43,0.38,0.38,0.4,21891,33142581.0,0.16,-5.0
2001-07-12,平安银行,000001,0.42,0.43,0.37,0.4,0.42,45039,68186000.0,0.32,-4.76
2001-07-11,平安银行,000001,0.47,0.48,0.41,0.42,0.47,41445,63359000.0,0.3,-10.64
2001-07-10,平安银行,000001,0.45,0.48,0.45,0.47,0.45,14205,21890000.0,0.1,4.44
2001-07-09,平安银行,000001,0.53,0.53,0.44,0.45,0.48,17663,27237000.0,0.13,-6.25
2001-07-06,平安银行,000001,0.53,0.56,0.47,0.48,0.52,24026,37503000.0,0.17,-7.69
2001-07-05,平安银行,000001,0.52,0.62,0.52,0.52,0.5,80325,127473000.0,0.58,4.0
2001-07-04,平安银行,000001,0.46,0.53,0.46,0.5,0.45,22095,34398000.0,0.16,11.11
2001-07-03,平安银行,000001,0.44,0.46,0.43,0.45,0.44,16216,24899000.0,0.12,2.27
2001-07-02,平安银行,000001,0.45,0.51,0.43,0.44,0.43,22439,34537000.0,0.16,2.33
2001-06-28,平安银行,000001,0.48,0.5,0.43,0.43,0.47,34889,53645000.0,0.25,-8.51
2001-06-27,平安银行,000001,0.48,0.5,0.45,0.47,0.49,33555,51803000.0,0.24,-4.08
2001-06-26,平安银行,000001,0.53,0.53,0.48,0.49,0.53,33490,52098000.0,0.24,-7.55
2001-06-25,平安银行,000001,0.51,0.56,0.5,0.53,0.5,29092,45637000.0,0.21,6.0
2001-06-22,平安银行,000001,0.45,0.52,0.41,0.5,0.44,33045,50776000.0,0.24,13.64
2001-06-21,平安银行,000001,0.43,0.46,0.41,0.44,0.43,44313,67836000.0,0.32,2.33
2001-06-20,平安银行,000001,0.47,0.5,0.4,0.43,0.46,49580,75939000.0,0.36,-6.52
2001-06-19,平安银行,000001,0.46,0.48,0.43,0.46,0.47,29865,45936000.0,0.21,-2.13
2001-06-18,平安银行,000001,0.55,0.56,0.44,0.47,0.55,41755,64927000.0,0.3,-14.55
2001-06-15,平安银行,000001,0.53,0.58,0.51,0.55,0.54,29632,46501000.0,0.21,1.85
2001-06-14,平安银行,000001,0.61,0.66,0.53,0.54,0.58,66614,106511000.0,0.48,-6.9
2001-06-13,平安银行,000001,0.51,0.62,0.51,0.58,0.51,41233,65259000.0,0.3,13.73
2001-06-12,平安银行,000001,0.5,0.55,0.48,0.51,0.5,30371,47482000.0,0.22,2.0
2001-06-11,平安银行,000001,0.54,0.56,0.49,0.5,0.54,41376,64590000.0,0.3,-7.41
2001-06-08,平安银行,000001,0.56,0.57,0.48,0.54,0.57,38217,60046000.0,0.27,-5.26
2001-06-07,平安银行,000001,0.59,0.61,0.55,0.57,0.59,52996,84033000.0,0.38,-3.39
2001-06-06,平安银行,000001,0.59,0.63,0.57,0.59,0.59,43113,68730000.0,0.31,0.0
2001-06-05,平安银行,000001,0.62,0.66,0.57,0.59,0.63,52559,83808000.0,0.38,-6.35
2001-06-04,平安银行,000001,0.69,0.72,0.61,0.63,0.68,54364,87825000.0,0.39,-7.35
2001-06-01,平安银行,000001,0.66,0.76,0.65,0.68,0.66,96910,159154000.0,0.7,3.03
2001-05-31,平安银行,000001,0.7,0.72,0.65,0.66,0.68,68527,111426000.0,0.49,-2.94
2001-05-30,平安银行,000001,0.58,0.7,0.58,0.68,0.57,144197,233935008.0,1.04,19.3
2001-05-29,平安银行,000001,0.57,0.62,0.57,0.57,0.57,71346,113863000.0,0.51,0.0
2001-05-28,平安银行,000001,0.51,0.61,0.51,0.57,0.5,109881,174535008.0,0.79,14.0
2001-05-25,平安银行,000001,0.49,0.53,0.46,0.5,0.49,28424,44110000.0,0.2,2.04
2001-05-24,平安银行,000001,0.54,0.57,0.48,0.49,0.54,57709,90424000.0,0.41,-9.26
2001-05-23,平安银行,000001,0.48,0.56,0.44,0.54,0.47,72872,113614000.0,0.52,14.89
2001-05-22,平安银行,000001,0.41,0.54,0.41,0.47,0.41,73003,113669000.0,0.52,14.63
2001-05-21,平安银行,000001,0.45,0.46,0.4,0.41,0.45,91222,139034000.0,0.66,-8.89
2001-05-18,平安银行,000001,0.49,0.49,0.44,0.45,0.49,69729,107323000.0,0.5,-8.16
2001-05-17,平安银行,000001,0.54,0.55,0.48,0.49,0.54,34574,53838000.0,0.25,-9.26
2001-05-16,平安银行,000001,0.52,0.55,0.48,0.54,0.52,48507,75690000.0,0.35,3.85
2001-05-15,平安银行,000001,0.56,0.59,0.5,0.52,0.56,31979,50195000.0,0.23,-7.14
2001-05-14,平安银行,000001,0.53,0.6,0.47,0.56,0.53,42033,65600000.0,0.3,5.66
2001-05-11,平安银行,000001,0.53,0.56,0.5,0.53,0.53,22410,35011000.0,0.16,0.0
2001-05-10,平安银行,000001,0.49,0.61,0.49,0.53,0.48,35342,55602000.0,0.25,10.42
2001-05-09,平安银行,000001,0.49,0.51,0.48,0.48,0.48,45627,70902000.0,0.33,0.0
2001-05-08,平安银行,000001,0.49,0.52,0.47,0.48,0.49,23696,36833578.0,0.17,-2.04
2001-04-30,平安银行,000001,0.52,0.54,0.48,0.49,0.52,38319,59566000.0,0.28,-5.77
2001-04-27,平安银行,000001,0.48,0.56,0.48,0.52,0.49,54906,85784000.0,0.39,6.12
2001-04-26,平安银行,000001,0.53,0.56,0.48,0.49,0.54,69619,108651000.0,0.5,-9.26
2001-04-25,平安银行,000001,0.65,0.68,0.53,0.54,0.65,123479,196499008.0,0.89,-16.92
2001-04-24,平安银行,000001,0.65,0.69,0.64,0.65,0.64,41858,67783000.0,0.3,1.56
2001-04-23,平安银行,000001,0.66,0.67,0.63,0.64,0.66,62462,100879000.0,0.45,-3.03
2001-04-20,平安银行,000001,0.71,0.73,0.65,0.66,0.71,105891,172436992.0,0.76,-7.04
2001-04-19,平安银行,000001,0.76,0.76,0.68,0.71,0.76,86040,141135008.0,0.62,-6.58
2001-04-18,平安银行,000001,0.77,0.82,0.75,0.76,0.8,81575,136003008.0,0.59,-5.0
2001-04-17,平安银行,000001,0.86,0.86,0.77,0.8,0.84,89307,150031008.0,0.64,-4.76
2001-04-16,平安银行,000001,0.86,0.89,0.81,0.84,0.82,175754,297996992.0,1.26,2.44
2001-04-13,平安银行,000001,0.73,0.85,0.71,0.82,0.72,222942,373304992.0,1.6,13.89
2001-04-12,平安银行,000001,0.73,0.77,0.69,0.72,0.73,72915,120149000.0,0.52,-1.37
2001-04-11,平安银行,000001,0.78,0.78,0.7,0.73,0.71,39723,65525000.0,0.29,2.82
2001-04-10,平安银行,000001,0.68,0.75,0.68,0.71,0.68,39710,65183000.0,0.29,4.41
2001-04-09,平安银行,000001,0.69,0.71,0.65,0.68,0.69,43284,70248000.0,0.31,-1.45
2001-04-06,平安银行,000001,0.72,0.75,0.66,0.69,0.68,45613,74695000.0,0.33,1.47
2001-04-05,平安银行,000001,0.66,0.69,0.64,0.68,0.66,57501,93211000.0,0.41,3.03
2001-04-04,平安银行,000001,0.73,0.81,0.61,0.66,0.73,97682,161312000.0,0.7,-9.59
2001-04-03,平安银行,000001,0.75,0.76,0.7,0.73,0.74,56464,93006000.0,0.41,-1.35
2001-04-02,平安银行,000001,0.67,0.77,0.64,0.74,0.66,88258,144640992.0,0.63,12.12
2001-03-30,平安银行,000001,0.69,0.72,0.63,0.66,0.69,85320,138536992.0,0.61,-4.35
2001-03-29,平安银行,000001,0.71,0.75,0.67,0.69,0.7,66202,108531000.0,0.48,-1.43
2001-03-28,平安银行,000001,0.68,0.72,0.66,0.7,0.68,81723,133262000.0,0.59,2.94
2001-03-27,平安银行,000001,0.73,0.75,0.64,0.68,0.69,75360,122854000.0,0.54,-1.45
2001-03-26,平安银行,000001,0.62,0.73,0.61,0.69,0.63,98645,160815008.0,0.71,9.52
2001-03-23,平安银行,000001,0.8,0.82,0.62,0.63,0.8,245737,403145984.0,1.77,-21.25
2001-03-22,平安银行,000001,0.86,0.89,0.78,0.8,0.85,138282,232902000.0,0.99,-5.88
2001-03-21,平安银行,000001,0.79,0.88,0.73,0.85,0.78,194989,329230016.0,1.4,8.97
2001-03-20,平安银行,000001,0.78,0.85,0.75,0.78,0.77,89125,149000000.0,0.64,1.3
2001-03-19,平安银行,000001,0.75,0.8,0.7,0.77,0.75,120279,199294000.0,0.86,2.67
2001-03-16,平安银行,000001,0.78,0.86,0.74,0.75,0.78,184004,308007008.0,1.32,-3.85
2001-03-15,平安银行,000001,0.76,0.81,0.73,0.78,0.76,190425,317040992.0,1.37,2.63
2001-03-14,平安银行,000001,0.6,0.82,0.58,0.76,0.61,320527,532169984.0,2.3,24.59
2001-03-13,平安银行,000001,0.64,0.67,0.58,0.61,0.64,130946,210222000.0,0.94,-4.69
2001-03-12,平安银行,000001,0.66,0.68,0.59,0.64,0.66,138881,223758000.0,1.0,-3.03
2001-03-09,平安银行,000001,0.66,0.72,0.61,0.66,0.66,315035,511896000.0,2.26,0.0
2001-03-08,平安银行,000001,0.48,0.72,0.43,0.66,0.46,477047,763859008.0,3.43,43.48
2001-03-07,平安银行,000001,0.39,0.49,0.38,0.46,0.38,153459,236435008.0,1.1,21.05
2001-03-06,平安银行,000001,0.37,0.39,0.31,0.38,0.37,60021,89882000.0,0.43,2.7
2001-03-05,平安银行,000001,0.38,0.46,0.36,0.37,0.37,186756,284499008.0,1.34,0.0
2001-03-02,平安银行,000001,0.21,0.43,0.21,0.37,0.18,277292,416886016.0,1.99,105.56
2001-03-01,平安银行,000001,0.15,0.23,0.13,0.18,0.12,21856,31308000.0,0.16,50.0
2001-02-28,平安银行,000001,0.15,0.15,0.11,0.12,0.13,14854,20954000.0,0.11,-7.69
2001-02-27,平安银行,000001,0.17,0.17,0.11,0.13,0.16,23521,33177000.0,0.17,-18.75
2001-02-26,平安银行,000001,0.14,0.19,0.14,0.16,0.13,18624,26492000.0,0.13,23.08
2001-02-23,平安银行,000001,0.05,0.13,0.05,0.13,0.07,18374,25558000.0,0.13,85.71
2001-02-22,平安银行,000001,0.08,0.1,0.06,0.07,0.1,34421,47856000.0,0.25,-30.0
2001-02-21,平安银行,000001,0.17,0.17,0.09,0.1,0.17,36539,51274000.0,0.26,-41.18
2001-02-20,平安银行,000001,0.22,0.24,0.15,0.17,0.23,15961,22972000.0,0.11,-26.09
2001-02-19,平安银行,000001,0.15,0.23,0.13,0.23,0.15,15319,21857000.0,0.11,53.33
2001-02-16,平安银行,000001,0.14,0.15,0.11,0.15,0.14,16732,23641000.0,0.12,7.14
2001-02-15,平安银行,000001,0.17,0.19,0.14,0.14,0.16,13692,19457000.0,0.1,-12.5
2001-02-14,平安银行,000001,0.17,0.18,0.15,0.16,0.18,13593,19399000.0,0.1,-11.11
2001-02-13,平安银行,000001,0.21,0.22,0.18,0.18,0.2,15092,21663000.0,0.11,-10.0
2001-02-12,平安银行,000001,0.2,0.23,0.13,0.2,0.2,23028,32847000.0,0.17,0.0
2001-02-09,平安银行,000001,0.14,0.23,0.14,0.2,0.13,20286,29095000.0,0.15,53.85
2001-02-08,平安银行,000001,0.24,0.25,0.1,0.13,0.24,24233,34689000.0,0.17,-45.83
2001-02-07,平安银行,000001,0.28,0.3,0.23,0.24,0.27,13508,19732000.0,0.1,-11.11
2001-02-06,平安银行,000001,0.25,0.3,0.2,0.27,0.25,22101,32148000.0,0.16,8.0
2001-02-05,平安银行,000001,0.35,0.38,0.24,0.25,0.35,24415,36108000.0,0.18,-28.57
2001-01-19,平安银行,000001,0.35,0.38,0.33,0.35,0.33,62236,93350000.0,0.45,6.06
2001-01-18,平安银行,000001,0.28,0.38,0.28,0.33,0.27,53659,80080000.0,0.39,22.22
2001-01-17,平安银行,000001,0.23,0.35,0.23,0.27,0.22,46971,69421000.0,0.34,22.73
2001-01-16,平安银行,000001,0.15,0.24,0.13,0.22,0.15,23367,33634000.0,0.17,46.67
2001-01-15,平安银行,000001,0.3,0.3,0.13,0.15,0.3,29981,43491000.0,0.22,-50.0
2001-01-12,平安银行,000001,0.3,0.34,0.27,0.3,0.3,38902,57510000.0,0.28,0.0
2001-01-11,平安银行,000001,0.22,0.41,0.21,0.3,0.21,81211,120765000.0,0.58,42.86
2001-01-10,平安银行,000001,0.24,0.25,0.18,0.21,0.24,34503,49823000.0,0.25,-12.5
2001-01-09,平安银行,000001,0.1,0.25,0.06,0.24,0.1,52336,74344000.0,0.38,140.0
2001-01-08,平安银行,000001,0.15,0.15,0.1,0.1,0.15,69944,98044000.0,0.5,-33.33
2001-01-05,平安银行,000001,0.19,0.19,0.13,0.15,0.19,66419,94154000.0,0.48,-21.05
2001-01-04,平安银行,000001,0.22,0.23,0.18,0.19,0.21,48404,69573000.0,0.35,-9.52
2001-01-03,平安银行,000001,0.24,0.26,0.2,0.21,0.24,54294,78304000.0,0.39,-12.5
2001-01-02,平安银行,000001,0.24,0.28,0.2,0.24,0.23,34122,49505000.0,0.25,4.35
2000-12-29,平安银行,000001,0.19,0.26,0.19,0.23,0.19,23630,34243000.0,0.17,21.05
2000-12-28,平安银行,000001,0.2,0.21,0.18,0.19,0.2,38827,55779000.0,0.28,-5.0
2000-12-27,平安银行,000001,0.2,0.23,0.19,0.2,0.2,36036,51933000.0,0.26,0.0
2000-12-26,平安银行,000001,0.2,0.26,0.18,0.2,0.2,45157,65023000.0,0.32,0.0
2000-12-25,平安银行,000001,0.27,0.27,0.19,0.2,0.27,47117,67947000.0,0.34,-25.93
2000-12-22,平安银行,000001,0.31,0.32,0.25,0.27,0.31,58951,86405000.0,0.42,-12.9
2000-12-21,平安银行,000001,0.32,0.35,0.31,0.31,0.32,28314,42063000.0,0.2,-3.13
2000-12-20,平安银行,000001,0.35,0.35,0.3,0.32,0.34,30879,45892000.0,0.22,-5.88
2000-12-19,平安银行,000001,0.43,0.43,0.32,0.34,0.42,55099,82689000.0,0.4,-19.05
2000-12-18,平安银行,000001,0.42,0.44,0.33,0.42,0.42,47902,72757000.0,0.34,0.0
2000-12-15,平安银行,000001,0.37,0.45,0.34,0.42,0.34,39232,59415000.0,0.28,23.53
2000-12-14,平安银行,000001,0.35,0.4,0.31,0.34,0.31,24805,37186000.0,0.18,9.68
2000-12-13,平安银行,000001,0.35,0.38,0.31,0.31,0.35,19574,29097000.0,0.14,-11.43
2000-12-12,平安银行,000001,0.3,0.35,0.27,0.35,0.3,37330,55102000.0,0.27,16.67
2000-12-11,平安银行,000001,0.4,0.41,0.29,0.3,0.4,52914,79107000.0,0.38,-25.0
2000-12-08,平安银行,000001,0.39,0.43,0.38,0.4,0.43,51548,78289000.0,0.37,-6.98
2000-12-07,平安银行,000001,0.45,0.46,0.42,0.43,0.45,23709,36295000.0,0.17,-4.44
2000-12-06,平安银行,000001,0.49,0.5,0.44,0.45,0.48,24500,37793000.0,0.18,-6.25
2000-12-05,平安银行,000001,0.48,0.52,0.48,0.48,0.48,19406,30161000.0,0.14,0.0
2000-12-04,平安银行,000001,0.48,0.49,0.46,0.48,0.48,24560,37895000.0,0.18,0.0
2000-12-01,平安银行,000001,0.48,0.51,0.47,0.48,0.48,24196,37467000.0,0.17,0.0
2000-11-30,平安银行,000001,0.48,0.52,0.47,0.48,0.49,25790,39999000.0,0.19,-2.04
2000-11-29,平安银行,000001,0.52,0.53,0.48,0.49,0.52,32303,50190000.0,0.23,-5.77
2000-11-28,平安银行,000001,0.51,0.54,0.51,0.52,0.51,21900,34302000.0,0.16,1.96
2000-11-27,平安银行,000001,0.56,0.56,0.51,0.51,0.56,29513,46202000.0,0.21,-8.93
2000-11-24,平安银行,000001,0.6,0.7,0.53,0.56,0.58,119390,192508000.0,0.86,-3.45
2000-11-23,平安银行,000001,0.56,0.61,0.55,0.58,0.55,40003,63487000.0,0.29,5.45
2000-11-22,平安银行,000001,0.52,0.57,0.52,0.55,0.52,27633,43495000.0,0.2,5.77
2000-11-21,平安银行,000001,0.52,0.57,0.49,0.52,0.52,26534,41619000.0,0.19,0.0
2000-11-20,平安银行,000001,0.53,0.53,0.48,0.52,0.53,42288,65853000.0,0.3,-1.89
2000-11-17,平安银行,000001,0.61,0.62,0.52,0.53,0.6,49313,77763000.0,0.35,-11.67
2000-11-16,平安银行,000001,0.61,0.65,0.58,0.6,0.6,44899,71885000.0,0.32,0.0
2000-11-15,平安银行,000001,0.55,0.66,0.55,0.6,0.55,84687,135846000.0,0.61,9.09
2000-11-14,平安银行,000001,0.54,0.57,0.51,0.55,0.52,39505,62095000.0,0.28,5.77
2000-11-13,平安银行,000001,0.49,0.56,0.48,0.52,0.49,52375,81950000.0,0.38,6.12
2000-11-10,平安银行,000001,0.48,0.53,0.46,0.49,0.48,43949,68324000.0,0.32,2.08
2000-11-09,平安银行,000001,0.48,0.49,0.46,0.48,0.47,29967,46367000.0,0.22,2.13
2000-11-08,平安银行,000001,0.41,0.49,0.41,0.47,0.41,29459,45520000.0,0.21,14.63
2000-11-07,平安银行,000001,0.49,0.51,0.4,0.41,0.49,55642,85125000.0,0.4,-16.33
2000-11-06,平安银行,000001,0.54,0.54,0.46,0.49,0.47,53002,82600000.0,0.38,4.26
2000-11-03,平安银行,000001,0.51,0.53,0.46,0.47,0.5,118124,209812992.0,1.1,-6.0
2000-11-02,平安银行,000001,0.49,0.53,0.48,0.5,0.47,95078,170040000.0,0.89,6.38
2000-11-01,平安银行,000001,0.44,0.49,0.44,0.47,0.44,52602,93184000.0,0.49,6.82
2000-10-31,平安银行,000001,0.44,0.47,0.43,0.44,0.44,34862,61256000.0,0.33,0.0
2000-10-30,平安银行,000001,0.43,0.46,0.43,0.44,0.43,27639,48467000.0,0.26,2.33
2000-10-27,平安银行,000001,0.41,0.45,0.39,0.43,0.41,30590,53190000.0,0.29,4.88
2000-10-26,平安银行,000001,0.48,0.49,0.4,0.41,0.48,32601,57207000.0,0.3,-14.58
2000-10-25,平安银行,000001,0.44,0.5,0.43,0.48,0.44,64760,114336000.0,0.6,9.09
2000-10-24,平安银行,000001,0.43,0.45,0.4,0.44,0.42,37856,66167000.0,0.35,4.76
2000-10-23,平安银行,000001,0.42,0.47,0.39,0.42,0.35,101335,177172992.0,0.95,20.0
2000-10-20,平安银行,000001,0.3,0.37,0.29,0.35,0.29,22719,38463000.0,0.21,20.69
2000-10-19,平安银行,000001,0.34,0.35,0.28,0.29,0.33,16768,28261000.0,0.16,-12.12
2000-10-18,平安银行,000001,0.34,0.38,0.32,0.33,0.32,18160,30976000.0,0.17,3.13
2000-10-17,平安银行,000001,0.3,0.35,0.28,0.32,0.29,11647,19620000.0,0.11,10.34
2000-10-16,平安银行,000001,0.35,0.37,0.29,0.29,0.37,20977,35438000.0,0.2,-21.62
2000-10-13,平安银行,000001,0.35,0.41,0.35,0.37,0.37,22832,39341000.0,0.21,0.0
2000-10-12,平安银行,000001,0.42,0.44,0.36,0.37,0.42,32432,55922000.0,0.3,-11.9
2000-10-11,平安银行,000001,0.47,0.5,0.41,0.42,0.45,129996,229744992.0,1.21,-6.67
2000-10-10,平安银行,000001,0.3,0.47,0.28,0.45,0.29,77650,133587000.0,0.73,55.17
2000-10-09,平安银行,000001,0.34,0.37,0.27,0.29,0.33,15295,25598000.0,0.14,-12.12
2000-09-29,平安银行,000001,0.33,0.35,0.32,0.33,0.31,19144,32513000.0,0.18,6.45
2000-09-28,平安银行,000001,0.35,0.39,0.31,0.31,0.35,44541,75950000.0,0.42,-11.43
2000-09-27,平安银行,000001,0.27,0.38,0.27,0.35,0.26,47382,80215000.0,0.44,34.62
2000-09-26,平安银行,000001,0.23,0.29,0.23,0.26,0.22,19059,31759000.0,0.18,18.18
2000-09-25,平安银行,000001,0.2,0.26,0.2,0.22,0.19,20270,33271000.0,0.19,15.79
2000-09-22,平安银行,000001,0.23,0.25,0.18,0.19,0.23,25148,41079000.0,0.23,-17.39
2000-09-21,平安银行,000001,0.25,0.3,0.19,0.23,0.24,38490,63437000.0,0.36,-4.17
2000-09-20,平安银行,000001,0.21,0.27,0.16,0.24,0.22,35193,57459000.0,0.33,9.09
2000-09-19,平安银行,000001,0.3,0.3,0.21,0.22,0.3,30940,51015000.0,0.29,-26.67
2000-09-18,平安银行,000001,0.35,0.35,0.3,0.3,0.34,24368,41141000.0,0.23,-11.76
2000-09-15,平安银行,000001,0.35,0.37,0.34,0.34,0.36,18135,30908000.0,0.17,-5.56
2000-09-14,平安银行,000001,0.41,0.43,0.35,0.36,0.41,17967,30928000.0,0.17,-12.2
2000-09-13,平安银行,000001,0.37,0.49,0.37,0.41,0.37,71459,124987000.0,0.67,10.81
2000-09-12,平安银行,000001,0.32,0.39,0.32,0.37,0.32,30613,52443000.0,0.29,15.63
2000-09-11,平安银行,000001,0.33,0.39,0.31,0.32,0.33,21988,37347000.0,0.21,-3.03
2000-09-08,平安银行,000001,0.34,0.35,0.32,0.33,0.34,24171,41027000.0,0.23,-2.94
2000-09-07,平安银行,000001,0.3,0.37,0.3,0.34,0.3,30112,51218000.0,0.28,13.33
2000-09-06,平安银行,000001,0.37,0.37,0.3,0.3,0.38,52028,88342000.0,0.49,-21.05
2000-09-05,平安银行,000001,0.48,0.48,0.36,0.38,0.46,39139,68170000.0,0.37,-17.39
2000-09-04,平安银行,000001,0.47,0.49,0.43,0.46,0.48,36981,65053000.0,0.35,-4.17
2000-09-01,平安银行,000001,0.47,0.5,0.46,0.48,0.48,38580,68413000.0,0.36,0.0
2000-08-31,平安银行,000001,0.51,0.52,0.48,0.48,0.51,43600,77650000.0,0.41,-5.88
2000-08-30,平安银行,000001,0.54,0.55,0.5,0.51,0.54,50504,90554000.0,0.47,-5.56
2000-08-29,平安银行,000001,0.55,0.56,0.53,0.54,0.55,37677,67929000.0,0.35,-1.82
2000-08-28,平安银行,000001,0.56,0.59,0.53,0.55,0.55,33713,61097000.0,0.31,0.0
2000-08-25,平安银行,000001,0.56,0.57,0.53,0.55,0.55,31017,56040000.0,0.29,0.0
2000-08-24,平安银行,000001,0.55,0.61,0.52,0.55,0.55,50125,90965000.0,0.47,0.0
2000-08-23,平安银行,000001,0.55,0.59,0.47,0.55,0.56,87616,157344000.0,0.82,-1.79
2000-08-22,平安银行,000001,0.61,0.63,0.55,0.56,0.61,44340,81234000.0,0.41,-8.2
2000-08-21,平安银行,000001,0.63,0.67,0.6,0.61,0.62,51395,94992000.0,0.48,-1.61
2000-08-18,平安银行,000001,0.65,0.67,0.62,0.62,0.64,34539,63937000.0,0.32,-3.13
2000-08-17,平安银行,000001,0.61,0.71,0.61,0.64,0.61,83083,155420000.0,0.78,4.92
2000-08-16,平安银行,000001,0.61,0.64,0.58,0.61,0.59,46560,85710000.0,0.43,3.39
2000-08-15,平安银行,000001,0.63,0.64,0.58,0.59,0.63,28553,52501000.0,0.27,-6.35
2000-08-14,平安银行,000001,0.6,0.7,0.59,0.63,0.59,67842,125764000.0,0.63,6.78
2000-08-11,平安银行,000001,0.57,0.62,0.57,0.59,0.57,46668,85484000.0,0.44,3.51
2000-08-10,平安银行,000001,0.6,0.61,0.57,0.57,0.6,44990,82069000.0,0.42,-5.0
2000-08-09,平安银行,000001,0.57,0.64,0.56,0.6,0.57,44070,80766000.0,0.41,5.26
2000-08-08,平安银行,000001,0.6,0.61,0.55,0.57,0.59,45152,82147000.0,0.42,-3.39
2000-08-07,平安银行,000001,0.59,0.65,0.57,0.59,0.58,31379,57672000.0,0.29,1.72
2000-08-04,平安银行,000001,0.58,0.61,0.53,0.58,0.58,99677,181012992.0,0.93,0.0
2000-08-03,平安银行,000001,0.59,0.64,0.55,0.58,0.58,72859,133099000.0,0.68,0.0
2000-08-02,平安银行,000001,0.65,0.68,0.57,0.58,0.64,54390,99672000.0,0.51,-9.38
2000-08-01,平安银行,000001,0.64,0.7,0.63,0.64,0.63,48331,90129000.0,0.45,1.59
2000-07-31,平安银行,000001,0.63,0.7,0.62,0.63,0.62,82135,153192000.0,0.77,1.61
2000-07-28,平安银行,000001,0.69,0.72,0.62,0.62,0.72,176273,329043008.0,1.65,-13.89
2000-07-27,平安银行,000001,0.51,0.82,0.5,0.72,0.47,644710,1228249984.0,6.02,53.19
2000-07-26,平安银行,000001,0.45,0.52,0.45,0.47,0.49,31042,55097000.0,0.29,-4.08
2000-07-25,平安银行,000001,0.48,0.51,0.47,0.49,0.48,40268,71493000.0,0.38,2.08
2000-07-24,平安银行,000001,0.5,0.5,0.47,0.48,0.5,36401,64565000.0,0.34,-4.0
2000-07-21,平安银行,000001,0.51,0.54,0.49,0.5,0.51,35228,62952000.0,0.33,-1.96
2000-07-20,平安银行,000001,0.55,0.56,0.49,0.51,0.54,26775,47919000.0,0.25,-5.56
2000-07-19,平安银行,000001,0.52,0.59,0.5,0.54,0.5,36573,65937000.0,0.34,8.0
2000-07-18,平安银行,000001,0.5,0.53,0.49,0.5,0.49,15672,27931000.0,0.15,2.04
2000-07-17,平安银行,000001,0.53,0.53,0.48,0.49,0.52,38887,69247000.0,0.36,-5.77
2000-07-14,平安银行,000001,0.53,0.55,0.5,0.52,0.53,38262,68523000.0,0.36,-1.89
2000-07-13,平安银行,000001,0.57,0.61,0.52,0.53,0.57,43212,78240282.0,0.4,-7.02
2000-07-12,平安银行,000001,0.54,0.64,0.53,0.57,0.54,70926,129735000.0,0.66,5.56
2000-07-11,平安银行,000001,0.48,0.56,0.48,0.54,0.47,44331,79494000.0,0.41,14.89
2000-07-10,平安银行,000001,0.53,0.55,0.47,0.47,0.52,43051,76428000.0,0.4,-9.62
2000-07-07,平安银行,000001,0.48,0.54,0.47,0.52,0.48,23887,42708000.0,0.22,8.33
2000-07-06,平安银行,000001,0.47,0.5,0.46,0.48,0.47,24370,43182000.0,0.23,2.13
2000-07-05,平安银行,000001,0.5,0.5,0.45,0.47,0.5,36828,65252000.0,0.34,-6.0
2000-07-04,平安银行,000001,0.47,0.53,0.45,0.5,0.48,50343,89437000.0,0.47,4.17
2000-07-03,平安银行,000001,0.53,0.54,0.47,0.48,0.56,55229,98410000.0,0.52,-14.29
2000-06-30,平安银行,000001,0.55,0.58,0.51,0.56,0.54,72800,131085000.0,0.68,3.7
2000-06-29,平安银行,000001,0.56,0.57,0.53,0.54,0.56,61503,111064000.0,0.57,-3.57
2000-06-28,平安银行,000001,0.56,0.59,0.55,0.56,0.56,48394,87916000.0,0.45,0.0
2000-06-27,平安银行,000001,0.57,0.59,0.54,0.56,0.57,74005,134153000.0,0.69,-1.75
2000-06-26,平安银行,000001,0.57,0.59,0.55,0.57,0.57,64624,117511000.0,0.6,0.0
2000-06-23,平安银行,000001,0.63,0.63,0.55,0.57,0.57,42445,77357000.0,0.4,0.0
2000-06-21,平安银行,000001,0.57,0.6,0.55,0.57,0.57,31678,57588000.0,0.3,0.0
2000-06-20,平安银行,000001,0.58,0.61,0.54,0.57,0.58,48203,87845000.0,0.45,-1.72
2000-06-19,平安银行,000001,0.63,0.64,0.57,0.58,0.63,50467,92356000.0,0.47,-7.94
2000-06-16,平安银行,000001,0.68,0.72,0.6,0.63,0.68,46886,87274000.0,0.44,-7.35
2000-06-15,平安银行,000001,0.66,0.74,0.63,0.68,0.66,76365,143492992.0,0.71,3.03
2000-06-14,平安银行,000001,0.67,0.72,0.64,0.66,0.64,87898,165480000.0,0.82,3.13
2000-06-13,平安银行,000001,0.63,0.67,0.61,0.64,0.62,45091,83585000.0,0.42,3.23
2000-06-12,平安银行,000001,0.59,0.65,0.57,0.62,0.6,44212,81191000.0,0.41,3.33
2000-06-09,平安银行,000001,0.7,0.72,0.58,0.6,0.67,70452,130540000.0,0.66,-10.45
2000-06-08,平安银行,000001,0.65,0.77,0.65,0.67,0.63,240442,454825984.0,2.25,6.35
2000-06-07,平安银行,000001,0.59,0.66,0.58,0.63,0.58,96722,178507008.0,0.9,8.62
2000-06-06,平安银行,000001,0.56,0.59,0.53,0.58,0.55,58625,106444000.0,0.55,5.45
2000-06-05,平安银行,000001,0.57,0.62,0.54,0.55,0.57,75602,137512000.0,0.71,-3.51
2000-06-02,平安银行,000001,0.54,0.63,0.53,0.57,0.54,71680,130463000.0,0.67,5.56
2000-06-01,平安银行,000001,0.53,0.59,0.52,0.54,0.53,44001,79414000.0,0.41,1.89
2000-05-31,平安银行,000001,0.54,0.58,0.51,0.53,0.54,54169,97498000.0,0.51,-1.85
2000-05-30,平安银行,000001,0.6,0.62,0.53,0.54,0.58,52872,95727000.0,0.49,-6.9
2000-05-29,平安银行,000001,0.59,0.63,0.53,0.58,0.59,95648,173296992.0,0.89,-1.69
2000-05-26,平安银行,000001,0.69,0.7,0.59,0.59,0.65,58532,108164000.0,0.55,-9.23
2000-05-25,平安银行,000001,0.55,0.72,0.55,0.65,0.54,122278,228292000.0,1.14,20.37
2000-05-24,平安银行,000001,0.56,0.58,0.52,0.54,0.56,56906,102758000.0,0.53,-3.57
2000-05-23,平安银行,000001,0.55,0.57,0.47,0.56,0.55,54321,97403000.0,0.51,1.82
2000-05-22,平安银行,000001,0.52,0.59,0.51,0.55,0.51,56730,102295000.0,0.53,7.84
2000-05-19,平安银行,000001,0.51,0.57,0.49,0.51,0.5,41384,74248000.0,0.39,2.0
2000-05-18,平安银行,000001,0.46,0.5,0.43,0.5,0.46,31972,56475000.0,0.3,8.7
2000-05-17,平安银行,000001,0.48,0.52,0.43,0.46,0.48,31219,55064000.0,0.29,-4.17
2000-05-16,平安银行,000001,0.43,0.5,0.43,0.48,0.43,28772,50852000.0,0.27,11.63
2000-05-15,平安银行,000001,0.53,0.54,0.43,0.43,0.53,42799,75823000.0,0.4,-18.87
2000-05-12,平安银行,000001,0.53,0.56,0.49,0.53,0.53,46386,83417000.0,0.43,0.0
2000-05-11,平安银行,000001,0.55,0.61,0.52,0.53,0.56,52101,94298000.0,0.49,-5.36
2000-05-10,平安银行,000001,0.59,0.61,0.54,0.56,0.6,51816,93915000.0,0.48,-6.67
2000-05-09,平安银行,000001,0.69,0.71,0.57,0.6,0.69,58130,107205000.0,0.54,-13.04
2000-05-08,平安银行,000001,0.75,0.76,0.67,0.69,0.73,43998,82869000.0,0.41,-5.48
2000-04-28,平安银行,000001,0.67,0.76,0.66,0.73,0.68,69124,130823000.0,0.65,7.35
2000-04-27,平安银行,000001,0.78,0.8,0.67,0.68,0.75,48162,91328000.0,0.45,-9.33
2000-04-26,平安银行,000001,0.69,0.88,0.66,0.75,0.66,102232,196202000.0,0.95,13.64
2000-04-25,平安银行,000001,0.64,0.71,0.64,0.66,0.64,40296,75276000.0,0.38,3.13
2000-04-24,平安银行,000001,0.69,0.71,0.63,0.64,0.69,61721,115057000.0,0.58,-7.25
2000-04-21,平安银行,000001,0.73,0.74,0.68,0.69,0.73,37235,70556385.0,0.35,-5.48
2000-04-20,平安银行,000001,0.76,0.79,0.71,0.73,0.75,92860,176624992.0,0.87,-2.67
2000-04-19,平安银行,000001,0.82,0.86,0.74,0.75,0.74,68779,133048000.0,0.64,1.35
2000-04-18,平安银行,000001,0.77,0.81,0.72,0.74,0.77,75959,145108992.0,0.71,-3.9
2000-04-17,平安银行,000001,0.83,0.92,0.71,0.77,0.82,212811,415862016.0,1.99,-6.1
2000-04-14,平安银行,000001,0.75,0.92,0.75,0.82,0.75,317630,622422016.0,2.97,9.33
2000-04-13,平安银行,000001,0.75,0.77,0.71,0.75,0.74,95699,182244000.0,0.89,1.35
2000-04-12,平安银行,000001,0.72,0.82,0.71,0.74,0.71,157649,302648992.0,1.47,4.23
2000-04-11,平安银行,000001,0.7,0.78,0.67,0.71,0.69,100332,190863008.0,0.94,2.9
2000-04-10,平安银行,000001,0.73,0.78,0.67,0.69,0.71,105058,199596000.0,0.98,-2.82
2000-04-07,平安银行,000001,0.64,0.76,0.61,0.71,0.62,221066,418217984.0,2.06,14.52
2000-04-06,平安银行,000001,0.61,0.63,0.58,0.62,0.6,52444,96256000.0,0.49,3.33
2000-04-05,平安银行,000001,0.55,0.66,0.54,0.6,0.55,58978,107869000.0,0.55,9.09
2000-04-04,平安银行,000001,0.58,0.6,0.54,0.55,0.58,63563,115426000.0,0.59,-5.17
2000-04-03,平安银行,000001,0.6,0.63,0.57,0.58,0.6,61355,112469000.0,0.57,-3.33
2000-03-31,平安银行,000001,0.64,0.65,0.59,0.6,0.64,71787,131989000.0,0.67,-6.25
2000-03-30,平安银行,000001,0.62,0.67,0.6,0.64,0.63,73107,135296992.0,0.68,1.59
2000-03-29,平安银行,000001,0.69,0.7,0.59,0.63,0.66,76414,141508000.0,0.71,-4.55
2000-03-28,平安银行,000001,0.7,0.72,0.65,0.66,0.68,93154,174864992.0,0.87,-2.94
2000-03-27,平安银行,000001,0.63,0.69,0.61,0.68,0.63,98717,183487008.0,0.92,7.94
2000-03-24,平安银行,000001,0.75,0.82,0.62,0.63,0.65,117626,223136000.0,1.1,-3.08
2000-03-23,平安银行,000001,0.63,0.67,0.58,0.65,0.62,82300,152316992.0,0.77,4.84
2000-03-22,平安银行,000001,0.58,0.66,0.56,0.62,0.58,73829,135504992.0,0.69,6.9
2000-03-21,平安银行,000001,0.57,0.61,0.53,0.58,0.57,69673,126477000.0,0.65,1.75
2000-03-20,平安银行,000001,0.51,0.6,0.47,0.57,0.56,75644,137068000.0,0.71,1.79
2000-03-17,平安银行,000001,0.49,0.59,0.49,0.56,0.51,88670,160128992.0,0.83,9.8
2000-03-16,平安银行,000001,0.6,0.6,0.5,0.51,0.62,168057,303393984.0,1.57,-17.74
2000-03-15,平安银行,000001,0.63,0.71,0.59,0.62,0.64,73010,134828000.0,0.68,-3.13
2000-03-14,平安银行,000001,0.7,0.72,0.59,0.64,0.75,172199,318663008.0,1.61,-14.67
2000-03-13,平安银行,000001,0.72,0.84,0.71,0.75,0.73,112334,215746000.0,1.05,2.74
2000-03-10,平安银行,000001,0.92,0.92,0.72,0.73,0.93,287432,560296000.0,2.68,-21.51
2000-03-09,平安银行,000001,0.68,1.03,0.62,0.93,0.67,780590,1544929024.0,7.29,38.81
2000-03-08,平安银行,000001,0.74,0.76,0.63,0.67,0.73,108354,202976992.0,1.01,-8.22
2000-03-07,平安银行,000001,0.53,0.78,0.53,0.73,0.58,277554,521233984.0,2.59,25.86
2000-03-06,平安银行,000001,0.69,0.8,0.57,0.58,0.64,180097,339648000.0,1.68,-9.38
2000-03-03,平安银行,000001,0.61,0.71,0.6,0.64,0.6,120727,225128000.0,1.13,6.67
2000-03-02,平安银行,000001,0.67,0.68,0.57,0.6,0.69,118860,218828000.0,1.11,-13.04
2000-03-01,平安银行,000001,0.61,0.82,0.56,0.69,0.59,302414,571840000.0,2.82,16.95
2000-02-29,平安银行,000001,0.65,0.72,0.54,0.59,0.64,143895,264902000.0,1.34,-7.81
2000-02-28,平安银行,000001,0.55,0.68,0.49,0.64,0.55,154358,279276000.0,1.44,16.36
2000-02-25,平安银行,000001,0.57,0.57,0.53,0.55,0.57,97624,176012992.0,0.91,-3.51
2000-02-24,平安银行,000001,0.54,0.59,0.53,0.57,0.55,63338,114762000.0,0.59,3.64
2000-02-23,平安银行,000001,0.57,0.64,0.53,0.55,0.58,88176,160031008.0,0.82,-5.17
2000-02-22,平安银行,000001,0.72,0.77,0.57,0.58,0.71,124888,232056000.0,1.17,-18.31
2000-02-21,平安银行,000001,0.61,0.82,0.53,0.71,0.61,237916,446412000.0,2.22,16.39
2000-02-18,平安银行,000001,0.68,0.68,0.56,0.61,0.69,139293,255056992.0,1.3,-11.59
2000-02-17,平安银行,000001,0.69,0.86,0.57,0.69,0.69,358841,677313024.0,3.35,0.0
2000-02-16,平安银行,000001,0.78,0.78,0.64,0.69,0.81,215392,404820000.0,2.01,-14.81
2000-02-15,平安银行,000001,1.02,1.12,0.74,0.81,0.99,350732,703966016.0,3.28,-18.18
2000-02-14,平安银行,000001,0.76,0.99,0.67,0.99,0.63,233709,460704992.0,2.18,57.14
2000-01-28,平安银行,000001,0.53,0.64,0.46,0.63,0.51,167366,305519008.0,1.56,23.53
2000-01-27,平安银行,000001,0.46,0.56,0.44,0.51,0.46,73569,131076000.0,0.69,10.87
2000-01-26,平安银行,000001,0.48,0.51,0.43,0.46,0.48,47723,83862000.0,0.45,-4.17
2000-01-25,平安银行,000001,0.43,0.59,0.43,0.48,0.43,83718,149259008.0,0.78,11.63
2000-01-24,平安银行,000001,0.51,0.52,0.37,0.43,0.52,112516,196243008.0,1.05,-17.31
2000-01-21,平安银行,000001,0.49,0.58,0.46,0.52,0.49,86262,154067008.0,0.81,6.12
2000-01-20,平安银行,000001,0.49,0.51,0.44,0.49,0.49,58437,103508000.0,0.55,0.0
2000-01-19,平安银行,000001,0.43,0.5,0.43,0.49,0.47,37811,67007000.0,0.35,4.26
2000-01-18,平安银行,000001,0.53,0.55,0.45,0.47,0.55,46563,82818000.0,0.43,-14.55
2000-01-17,平安银行,000001,0.51,0.55,0.43,0.55,0.51,34501,61534000.0,0.32,7.84
2000-01-14,平安银行,000001,0.56,0.61,0.48,0.51,0.56,55972,100267000.0,0.52,-8.93
2000-01-13,平安银行,000001,0.57,0.61,0.51,0.56,0.58,50058,90723000.0,0.47,-3.45
2000-01-12,平安银行,000001,0.72,0.76,0.56,0.58,0.72,91752,169418000.0,0.86,-19.44
2000-01-11,平安银行,000001,0.95,0.96,0.69,0.72,0.95,126663,245867008.0,1.18,-24.21
2000-01-10,平安银行,000001,0.88,1.01,0.87,0.95,0.83,185210,372294016.0,1.73,14.46
2000-01-07,平安银行,000001,0.72,0.87,0.71,0.83,0.68,229346,443592000.0,2.14,22.06
2000-01-06,平安银行,000001,0.53,0.73,0.48,0.68,0.54,120222,221192000.0,1.12,25.93
2000-01-05,平安银行,000001,0.6,0.7,0.53,0.54,0.59,93993,173475008.0,0.88,-8.47
2000-01-04,平安银行,000001,0.43,0.64,0.37,0.59,,82160,147324992.0,0.77,40.48
