日期,股票名称,代码,开盘,最高,最低,收盘,前收盘,成交量,成交额,换手率,涨跌幅
2026-05-14,比亚迪,002594,99.0,100.0,98.45,99.0,98.6,132844,1318828684.92,0.38,0.41
2026-05-13,比亚迪,002594,99.23,99.25,97.81,98.6,99.23,456194,4481395883.54,1.31,-0.63
2026-05-12,比亚迪,002594,99.97,100.1,99.1,99.23,100.44,353441,3514548835.63,1.01,-1.2
2026-05-11,比亚迪,002594,100.02,100.73,99.0,100.44,100.02,482810,4812920714.72,1.38,0.42
2026-05-08,比亚迪,002594,100.47,101.0,99.8,100.02,100.46,382158,3823821997.57,1.1,-0.44
2026-05-07,比亚迪,002594,101.05,101.26,100.01,100.46,100.75,468846,4708289850.76,1.34,-0.29
2026-05-06,比亚迪,002594,101.7,101.89,100.2,100.75,102.98,670487,6746578445.37,1.92,-2.17
2026-04-30,比亚迪,002594,104.54,105.45,102.37,102.98,105.4,600979,6206126903.48,1.72,-2.3
2026-04-29,比亚迪,002594,101.47,105.64,101.0,105.4,101.48,1056558,11021927729.24,3.03,3.86
2026-04-28,比亚迪,002594,101.85,103.3,101.34,101.48,102.34,361550,3687912785.41,1.04,-0.84
2026-04-27,比亚迪,002594,100.0,104.0,99.88,102.34,99.46,601670,6169037081.86,1.73,2.9
2026-04-24,比亚迪,002594,99.91,99.91,98.7,99.46,99.98,337739,3348015918.73,0.97,-0.52
2026-04-23,比亚迪,002594,101.57,101.59,99.01,99.98,101.62,492164,4915554212.21,1.41,-1.61
2026-04-22,比亚迪,002594,101.11,102.38,100.6,101.62,101.53,343733,3485648244.02,0.99,0.09
2026-04-21,比亚迪,002594,102.91,103.19,101.33,101.53,102.91,432258,4398233494.97,1.24,-1.34
2026-04-20,比亚迪,002594,103.78,103.95,102.62,102.91,103.78,383677,3957213043.27,1.1,-0.84
2026-04-17,比亚迪,002594,104.99,105.46,103.12,103.78,105.54,442048,4595671718.33,1.27,-1.67
2026-04-16,比亚迪,002594,103.28,105.97,103.28,105.54,103.03,643661,6763624066.88,1.85,2.44
2026-04-15,比亚迪,002594,103.82,104.77,102.5,103.03,103.82,428719,4431952619.71,1.23,-0.76
2026-04-14,比亚迪,002594,103.0,104.19,102.5,103.82,104.25,543343,5614541232.06,1.56,-0.41
2026-04-13,比亚迪,002594,101.57,104.99,100.81,104.25,101.67,663136,6887089022.36,1.9,2.54
2026-04-10,比亚迪,002594,99.39,102.2,99.03,101.67,99.03,605731,6130392651.86,1.74,2.67
2026-04-09,比亚迪,002594,100.21,100.21,98.81,99.03,101.22,379063,3764528220.2,1.09,-2.16
2026-04-08,比亚迪,002594,98.5,101.28,98.11,101.22,97.98,562818,5621410290.06,1.61,3.31
2026-04-07,比亚迪,002594,99.5,99.77,97.45,97.98,99.01,379697,3731963029.9,1.09,-1.04
2026-04-03,比亚迪,002594,101.8,102.3,99.0,99.01,101.65,491745,4921224065.51,1.41,-2.6
2026-04-02,比亚迪,002594,102.49,103.48,100.5,101.65,102.65,604349,6153958207.6,1.73,-0.97
2026-04-01,比亚迪,002594,105.9,106.5,102.37,102.65,105.25,715198,7383168511.54,2.05,-2.47
2026-03-31,比亚迪,002594,107.0,108.49,105.1,105.25,106.05,588659,6283345063.15,1.69,-0.75
2026-03-30,比亚迪,002594,103.51,108.0,103.25,106.05,105.3,727557,7713482118.31,2.09,0.71
2026-03-27,比亚迪,002594,103.99,105.89,102.75,105.3,103.14,658455,6893710025.99,1.89,2.09
2026-03-26,比亚迪,002594,106.62,107.68,102.7,103.14,106.6,828121,8655663075.43,2.38,-3.25
2026-03-25,比亚迪,002594,106.72,107.66,105.28,106.6,106.64,662665,7061311677.57,1.9,-0.04
2026-03-24,比亚迪,002594,108.4,108.4,104.93,106.64,107.63,921446,9784806490.81,2.64,-0.92
2026-03-23,比亚迪,002594,103.87,111.82,103.18,107.63,103.03,1782446,19284919428.95,5.11,4.46
2026-03-20,比亚迪,002594,102.0,104.45,101.56,103.03,102.31,628783,6495105103.63,1.8,0.7
2026-03-19,比亚迪,002594,100.99,103.88,100.47,102.31,101.69,531059,5450382395.36,1.52,0.61
2026-03-18,比亚迪,002594,102.82,102.82,100.05,101.69,102.87,617996,6257459329.85,1.77,-1.15
2026-03-17,比亚迪,002594,104.63,106.66,102.71,102.87,104.62,841389,8793237612.73,2.41,-1.67
2026-03-16,比亚迪,002594,99.67,105.0,98.79,104.62,99.67,1087814,11184164654.67,3.12,4.97
2026-03-13,比亚迪,002594,99.0,100.79,98.3,99.67,99.1,519765,5199004697.47,1.49,0.58
2026-03-12,比亚迪,002594,99.23,100.69,98.7,99.1,99.22,502524,4995016177.19,1.44,-0.12
2026-03-11,比亚迪,002594,96.75,100.34,95.67,99.22,96.6,903744,8925093667.94,2.59,2.71
2026-03-10,比亚迪,002594,97.18,97.49,96.08,96.6,97.52,507462,4907397250.96,1.46,-0.94
2026-03-09,比亚迪,002594,93.62,98.0,93.0,97.52,93.62,1093409,10562485734.53,3.14,4.17
2026-03-06,比亚迪,002594,96.0,96.0,93.25,93.62,94.47,503540,4743654924.93,1.44,-0.9
2026-03-05,比亚迪,002594,96.8,96.82,93.89,94.47,95.99,552440,5235746090.45,1.58,-1.58
2026-03-04,比亚迪,002594,95.2,96.8,93.7,95.99,95.21,700969,6674964517.79,2.01,0.82
2026-03-03,比亚迪,002594,96.39,96.99,93.99,95.21,96.79,865741,8272503575.74,2.48,-1.63
2026-03-02,比亚迪,002594,88.0,97.25,87.72,96.79,89.32,1435137,13507227574.29,4.12,8.36
2026-02-27,比亚迪,002594,89.4,89.94,89.1,89.32,89.85,219341,1962319079.4,0.63,-0.59
2026-02-26,比亚迪,002594,91.4,91.4,89.61,89.85,91.45,291019,2619922211.49,0.83,-1.75
2026-02-25,比亚迪,002594,90.89,92.79,90.89,91.45,90.87,324780,2985714580.09,0.93,0.64
2026-02-24,比亚迪,002594,91.98,91.99,90.61,90.87,90.27,206445,1879888761.45,0.59,0.66
2026-02-13,比亚迪,002594,90.05,91.09,89.88,90.27,91.16,217339,1963579416.68,0.62,-0.98
2026-02-12,比亚迪,002594,92.29,92.35,91.08,91.16,92.28,230313,2106032227.12,0.66,-1.21
2026-02-11,比亚迪,002594,90.88,92.95,90.88,92.28,90.81,396950,3662117778.54,1.14,1.62
2026-02-10,比亚迪,002594,90.0,91.57,89.84,90.81,90.06,267605,2434219974.85,0.77,0.83
2026-02-09,比亚迪,002594,90.5,90.65,89.83,90.06,89.82,208180,1875980039.28,0.6,0.27
2026-02-06,比亚迪,002594,89.39,90.66,89.0,89.82,90.11,247088,2217096985.32,0.71,-0.32
2026-02-05,比亚迪,002594,88.5,91.23,88.33,90.11,89.14,354240,3184480192.98,1.02,1.09
2026-02-04,比亚迪,002594,86.99,89.33,86.45,89.14,87.37,376505,3322530225.39,1.08,2.03
2026-02-03,比亚迪,002594,87.2,87.4,85.88,87.37,87.05,377827,3275997178.85,1.08,0.37
2026-02-02,比亚迪,002594,88.0,89.09,86.97,87.05,90.89,646974,5676850726.51,1.86,-4.22
2026-01-30,比亚迪,002594,92.27,92.27,90.7,90.89,92.31,329176,3001871204.27,0.94,-1.54
2026-01-29,比亚迪,002594,92.66,92.92,91.61,92.31,93.34,371825,3423462524.93,1.07,-1.1
2026-01-28,比亚迪,002594,91.8,93.5,90.01,93.34,91.81,715566,6553150013.29,2.05,1.67
2026-01-27,比亚迪,002594,92.67,92.99,91.8,91.81,92.63,362981,3340756010.26,1.04,-0.89
2026-01-26,比亚迪,002594,93.65,93.66,92.5,92.63,93.65,375460,3485372554.28,1.08,-1.09
2026-01-23,比亚迪,002594,94.24,94.36,93.51,93.65,94.12,383303,3598066420.86,1.1,-0.5
2026-01-22,比亚迪,002594,94.72,95.13,93.89,94.12,94.1,291014,2741536605.29,0.83,0.02
2026-01-21,比亚迪,002594,94.01,94.94,94.0,94.1,94.74,308334,2910327666.12,0.88,-0.68
2026-01-20,比亚迪,002594,96.22,96.26,94.68,94.74,96.19,389149,3699337566.25,1.12,-1.51
2026-01-19,比亚迪,002594,96.81,97.3,95.77,96.19,95.86,334927,3227653861.74,0.96,0.34
2026-01-16,比亚迪,002594,96.7,97.44,95.6,95.86,95.67,384588,3705328915.52,1.1,0.2
2026-01-15,比亚迪,002594,96.08,96.64,95.6,95.67,96.1,295635,2835803089.86,0.85,-0.45
2026-01-14,比亚迪,002594,96.81,97.74,95.51,96.1,97.19,514750,4975154616.41,1.48,-1.12
2026-01-13,比亚迪,002594,99.0,99.6,96.88,97.19,97.47,498723,4905229941.76,1.43,-0.29
2026-01-12,比亚迪,002594,97.01,98.0,96.3,97.47,97.01,425257,4125432529.12,1.22,0.47
2026-01-09,比亚迪,002594,97.05,97.95,96.9,97.01,96.88,350341,3412630184.79,1.0,0.13
2026-01-08,比亚迪,002594,97.2,97.2,96.33,96.88,97.6,300655,2908439428.93,0.86,-0.74
2026-01-07,比亚迪,002594,99.96,99.96,97.06,97.6,99.99,560849,5502570730.88,1.61,-2.39
2026-01-06,比亚迪,002594,98.22,100.5,98.12,99.99,98.11,521785,5185026166.42,1.5,1.92
2026-01-05,比亚迪,002594,98.4,99.48,97.9,98.11,97.72,382625,3762797878.26,1.1,0.4
2025-12-31,比亚迪,002594,99.98,100.2,97.38,97.72,99.75,402859,3955310311.36,1.16,-2.04
2025-12-30,比亚迪,002594,99.26,100.15,98.74,99.75,100.21,318756,3174697985.99,0.91,-0.46
2025-12-29,比亚迪,002594,100.5,101.3,99.6,100.21,100.01,519167,5209488142.03,1.49,0.2
2025-12-26,比亚迪,002594,95.28,101.45,95.25,100.01,94.84,1020959,10178557961.83,2.93,5.45
2025-12-25,比亚迪,002594,94.43,95.23,94.12,94.84,94.42,182202,1725723850.6,0.52,0.44
2025-12-24,比亚迪,002594,94.8,94.8,94.05,94.42,94.81,192810,1819358258.51,0.55,-0.41
2025-12-23,比亚迪,002594,94.5,95.5,94.5,94.81,94.37,236617,2247679864.35,0.68,0.47
2025-12-22,比亚迪,002594,94.7,95.36,94.25,94.37,94.23,206235,1952361858.31,0.59,0.15
2025-12-19,比亚迪,002594,94.0,95.27,93.73,94.23,93.53,272068,2573037717.75,0.78,0.75
2025-12-18,比亚迪,002594,94.39,94.6,93.5,93.53,95.21,252797,2376126962.27,0.72,-1.76
2025-12-17,比亚迪,002594,94.5,95.7,93.68,95.21,94.25,272825,2584139144.72,0.78,1.02
2025-12-16,比亚迪,002594,95.5,95.7,94.14,94.25,95.53,258768,2450336536.01,0.74,-1.34
2025-12-15,比亚迪,002594,96.55,97.16,95.53,95.53,97.0,293301,2824248327.37,0.84,-1.52
2025-12-12,比亚迪,002594,96.2,97.7,95.65,97.0,96.23,554621,5390456375.38,1.59,0.8
2025-12-11,比亚迪,002594,96.98,97.12,95.85,96.23,96.47,250908,2422448208.27,0.72,-0.25
2025-12-10,比亚迪,002594,95.6,96.65,94.9,96.47,96.03,198402,1902988179.72,0.57,0.46
2025-12-09,比亚迪,002594,96.21,96.66,95.7,96.03,96.53,163227,1568057388.33,0.47,-0.52
2025-12-08,比亚迪,002594,96.21,97.15,96.21,96.53,95.98,247805,2397261754.42,0.71,0.57
2025-12-05,比亚迪,002594,95.29,96.22,94.71,95.98,95.24,211618,2021250208.5,0.61,0.78
2025-12-04,比亚迪,002594,94.92,95.29,94.2,95.24,95.05,166142,1576759405.22,0.48,0.2
2025-12-03,比亚迪,002594,96.64,96.65,94.89,95.05,96.62,231573,2207429345.9,0.66,-1.62
2025-12-02,比亚迪,002594,96.42,97.8,96.25,96.62,95.77,359217,3483571735.4,1.03,0.89
2025-12-01,比亚迪,002594,95.39,96.3,95.14,95.77,95.17,233713,2237016414.3,0.67,0.63
2025-11-28,比亚迪,002594,94.6,95.23,94.2,95.17,94.29,219351,2080615710.1,0.63,0.93
2025-11-27,比亚迪,002594,94.6,95.16,94.22,94.29,95.09,202280,1915349541.08,0.58,-0.84
2025-11-26,比亚迪,002594,94.75,95.44,94.45,95.09,93.91,306577,2914626392.7,0.88,1.26
2025-11-25,比亚迪,002594,94.0,95.38,93.7,93.91,93.93,277489,2620855758.23,0.8,-0.02
2025-11-24,比亚迪,002594,93.1,94.41,92.2,93.93,92.7,327302,3064736738.52,0.94,1.33
2025-11-21,比亚迪,002594,92.49,94.39,91.7,92.7,93.61,451713,4182916492.54,1.3,-0.97
2025-11-20,比亚迪,002594,95.17,95.5,93.5,93.61,95.17,391811,3692348084.89,1.12,-1.64
2025-11-19,比亚迪,002594,96.4,96.66,95.01,95.17,96.49,348292,3327809283.94,1.0,-1.37
2025-11-18,比亚迪,002594,97.54,97.85,96.02,96.49,98.08,304756,2949162764.52,0.87,-1.62
2025-11-17,比亚迪,002594,97.8,98.59,97.25,98.08,98.37,207248,2029207778.62,0.59,-0.29
2025-11-14,比亚迪,002594,99.0,100.5,98.33,98.37,99.83,342985,3396134915.94,0.98,-1.46
2025-11-13,比亚迪,002594,97.01,100.5,97.01,99.83,97.77,579990,5759429263.98,1.66,2.11
2025-11-12,比亚迪,002594,98.8,98.99,97.54,97.77,98.71,260643,2555847684.22,0.75,-0.95
2025-11-11,比亚迪,002594,99.5,99.78,98.14,98.71,99.39,319858,3161124109.67,0.92,-0.68
2025-11-10,比亚迪,002594,97.35,100.35,97.35,99.39,97.2,554877,5513238812.76,1.59,2.25
2025-11-07,比亚迪,002594,97.0,98.15,96.83,97.2,97.52,322561,3145817990.54,0.92,-0.33
2025-11-06,比亚迪,002594,95.58,97.75,95.4,97.52,95.8,402004,3897723836.01,1.15,1.8
2025-11-05,比亚迪,002594,96.66,96.66,94.73,95.8,97.8,587215,5617215879.19,1.68,-2.04
2025-11-04,比亚迪,002594,99.0,99.54,97.71,97.8,99.6,435017,4274197473.75,1.25,-1.81
2025-11-03,比亚迪,002594,100.79,100.99,98.5,99.6,100.79,551670,5472679664.54,1.58,-1.18
2025-10-31,比亚迪,002594,101.0,101.32,100.0,100.79,103.61,637053,6418551106.33,1.83,-2.72
2025-10-30,比亚迪,002594,104.0,104.86,103.5,103.61,104.52,358989,3733925602.84,1.03,-0.87
2025-10-29,比亚迪,002594,103.73,105.18,103.0,104.52,103.72,397340,4128608368.72,1.14,0.77
2025-10-28,比亚迪,002594,104.02,104.32,103.5,103.72,104.01,265416,2755526046.73,0.76,-0.28
2025-10-27,比亚迪,002594,104.0,104.97,103.88,104.01,103.76,345988,3607756848.47,0.99,0.24
2025-10-24,比亚迪,002594,103.98,104.37,103.61,103.76,103.69,305543,3173964302.23,0.88,0.07
2025-10-23,比亚迪,002594,103.3,103.73,102.0,103.69,103.78,378603,3889661810.81,1.09,-0.09
2025-10-22,比亚迪,002594,104.1,104.32,103.37,103.78,104.76,357874,3715302135.68,1.03,-0.94
2025-10-21,比亚迪,002594,104.69,105.07,104.24,104.76,104.52,299074,3133789475.42,0.86,0.23
2025-10-20,比亚迪,002594,105.22,105.63,104.08,104.52,104.43,355615,3721699722.1,1.02,0.09
2025-10-17,比亚迪,002594,106.6,106.63,104.26,104.43,106.96,625725,6576614911.1,1.79,-2.37
2025-10-16,比亚迪,002594,107.0,109.3,106.51,106.96,107.1,523096,5628738804.39,1.5,-0.13
2025-10-15,比亚迪,002594,106.45,107.51,105.5,107.1,105.99,475791,5063179652.06,1.36,1.05
2025-10-14,比亚迪,002594,106.68,109.36,105.62,105.99,105.69,767786,8244228528.63,2.2,0.28
2025-10-13,比亚迪,002594,105.0,105.98,104.1,105.69,107.79,744430,7841774365.12,2.13,-1.95
2025-10-10,比亚迪,002594,110.55,110.55,107.58,107.79,110.6,590103,6420415513.32,1.69,-2.54
2025-10-09,比亚迪,002594,108.67,112.48,108.07,110.6,109.21,1008722,11196004666.78,2.89,1.27
2025-09-30,比亚迪,002594,108.19,109.98,107.76,109.21,108.61,567756,6200518749.86,1.63,0.55
2025-09-29,比亚迪,002594,107.0,109.14,106.39,108.61,107.29,613984,6621874267.35,1.76,1.23
2025-09-26,比亚迪,002594,107.45,111.23,107.0,107.29,107.5,756612,8250492997.18,2.17,-0.2
2025-09-25,比亚迪,002594,105.34,108.8,104.87,107.5,105.71,693482,7421942404.64,1.99,1.69
2025-09-24,比亚迪,002594,105.0,105.83,104.0,105.71,105.6,548162,5758922304.81,1.57,0.1
2025-09-23,比亚迪,002594,107.45,107.69,104.64,105.6,107.99,650963,6888232045.71,1.87,-2.21
2025-09-22,比亚迪,002594,108.87,108.91,107.15,107.99,109.09,491559,5293961578.02,1.41,-1.01
2025-09-19,比亚迪,002594,109.8,110.8,109.0,109.09,109.71,472977,5188176204.4,1.36,-0.57
2025-09-18,比亚迪,002594,110.99,112.8,108.56,109.71,110.99,934014,10362193293.46,2.68,-1.15
2025-09-17,比亚迪,002594,108.2,112.0,108.2,110.99,107.8,981240,10827682692.16,2.81,2.96
2025-09-16,比亚迪,002594,109.0,109.0,107.22,107.8,108.7,533160,5753437964.22,1.53,-0.83
2025-09-15,比亚迪,002594,106.0,110.85,106.0,108.7,105.91,974804,10620465040.63,2.8,2.63
2025-09-12,比亚迪,002594,106.6,107.58,105.9,105.91,106.59,455910,4859782579.06,1.31,-0.64
2025-09-11,比亚迪,002594,105.25,106.6,104.89,106.59,105.2,537781,5683446688.51,1.54,1.32
2025-09-10,比亚迪,002594,105.52,106.45,105.02,105.2,105.49,322369,3401353898.36,0.92,-0.27
2025-09-09,比亚迪,002594,106.0,107.2,105.27,105.49,106.25,381636,4049249506.54,1.09,-0.72
2025-09-08,比亚迪,002594,106.15,107.13,105.51,106.25,107.26,555923,5910440231.73,1.59,-0.94
2025-09-05,比亚迪,002594,103.86,107.5,103.11,107.26,104.0,787524,8307907947.57,2.26,3.13
2025-09-04,比亚迪,002594,106.59,107.09,103.71,104.0,107.21,815741,8588835880.93,2.34,-2.99
2025-09-03,比亚迪,002594,110.5,110.73,107.01,107.21,110.02,735223,7975948715.56,2.11,-2.55
2025-09-02,比亚迪,002594,108.79,111.1,108.6,110.02,109.7,773224,8495472755.14,2.22,0.29
2025-09-01,比亚迪,002594,108.5,111.48,108.5,109.7,114.06,1329867,14546890246.63,3.81,-3.82
2025-08-29,比亚迪,002594,108.88,116.59,108.12,114.06,109.32,1144902,12973326090.99,3.28,4.34
2025-08-28,比亚迪,002594,109.39,110.19,107.11,109.32,110.68,762522,8278465955.83,2.19,-1.23
2025-08-27,比亚迪,002594,113.96,114.06,110.66,110.68,113.75,689747,7761766930.98,1.98,-2.7
2025-08-26,比亚迪,002594,111.75,114.69,110.71,113.75,111.61,692916,7850511029.36,1.99,1.92
2025-08-25,比亚迪,002594,111.31,112.49,110.31,111.61,110.66,611628,6803182882.92,1.75,0.86
2025-08-22,比亚迪,002594,107.11,110.97,107.11,110.66,107.1,763120,8351469725.95,2.19,3.32
2025-08-21,比亚迪,002594,107.8,108.83,107.0,107.1,108.25,449464,4843670255.1,1.29,-1.06
2025-08-20,比亚迪,002594,107.18,108.26,106.01,108.25,107.63,385053,4130459251.5,1.1,0.58
2025-08-19,比亚迪,002594,108.67,108.92,107.18,107.63,108.37,389735,4205349328.86,1.12,-0.68
2025-08-18,比亚迪,002594,105.66,109.49,105.66,108.37,106.07,619252,6680761816.28,1.78,2.17
2025-08-15,比亚迪,002594,105.85,106.64,105.32,106.07,106.37,361353,3831047052.11,1.04,-0.28
2025-08-14,比亚迪,002594,107.37,107.5,105.79,106.37,106.83,419548,4478119017.41,1.2,-0.43
2025-08-13,比亚迪,002594,106.29,107.65,105.84,106.83,105.67,459830,4908744877.15,1.32,1.1
2025-08-12,比亚迪,002594,105.4,106.43,104.7,105.67,105.52,312195,3302639096.41,0.9,0.14
2025-08-11,比亚迪,002594,103.88,105.66,103.23,105.52,103.93,356698,3741329572.1,1.02,1.53
2025-08-08,比亚迪,002594,105.0,105.03,103.91,103.93,105.33,326615,3405317252.01,0.94,-1.33
2025-08-07,比亚迪,002594,104.27,106.43,104.16,105.33,104.35,428763,4526612773.43,1.23,0.94
2025-08-06,比亚迪,002594,104.86,105.0,103.9,104.35,104.86,305620,3184784992.59,0.88,-0.49
2025-08-05,比亚迪,002594,104.88,105.21,103.78,104.86,104.88,338350,3539636639.53,0.97,-0.02
2025-08-04,比亚迪,002594,104.0,105.14,102.57,104.88,105.8,412937,4293903589.58,1.18,-0.87
2025-08-01,比亚迪,002594,104.95,106.24,104.36,105.8,105.24,362337,3816659557.87,1.04,0.53
2025-07-31,比亚迪,002594,108.2,108.2,105.0,105.24,108.7,599499,6344900790.83,1.72,-3.18
2025-07-30,比亚迪,002594,108.05,111.16,107.12,108.7,111.42,524834,5743878668.38,1.51,-2.44
2025-07-29,比亚迪,002594,112.01,112.5,109.77,111.42,111.01,387360,4322742015.41,1.11,0.37
2025-07-28,比亚迪,002594,111.32,111.71,110.52,111.01,111.32,117057,3947000993.53,1.01,-0.28
2025-07-25,比亚迪,002594,112.34,112.48,110.34,111.32,112.92,157041,5307866610.59,1.35,-1.42
2025-07-24,比亚迪,002594,111.37,114.19,111.22,112.92,111.37,189063,6489370095.95,1.63,1.39
2025-07-23,比亚迪,002594,112.71,113.01,111.01,111.37,112.57,158907,5395840274.18,1.37,-1.07
2025-07-22,比亚迪,002594,110.34,112.68,109.75,112.57,110.05,214164,7227731006.63,1.84,2.29
2025-07-21,比亚迪,002594,108.01,110.05,107.76,110.05,108.38,153945,5102459145.61,1.32,1.54
2025-07-18,比亚迪,002594,108.39,108.51,107.09,108.38,108.02,136866,4482466755.08,1.18,0.33
2025-07-17,比亚迪,002594,107.01,108.25,106.71,108.02,106.58,156891,5138610960.73,1.35,1.35
2025-07-16,比亚迪,002594,106.36,107.31,106.36,106.58,106.36,110758,3594544238.09,0.95,0.21
2025-07-15,比亚迪,002594,104.74,107.01,104.68,106.36,104.84,162791,5252631321.92,1.4,1.45
2025-07-14,比亚迪,002594,106.65,106.65,104.53,104.84,106.65,172309,5502331853.72,1.48,-1.7
2025-07-11,比亚迪,002594,105.31,107.63,105.02,106.65,105.75,168270,5456832017.95,1.45,0.85
2025-07-10,比亚迪,002594,107.28,107.37,104.96,105.75,107.28,210022,6741345468.09,1.81,-1.43
2025-07-09,比亚迪,002594,107.64,108.08,107.27,107.28,107.64,121633,3969384130.1,1.05,-0.33
2025-07-08,比亚迪,002594,107.68,108.6,107.25,107.64,108.21,116918,3825413668.2,1.01,-0.53
2025-07-07,比亚迪,002594,108.41,108.84,108.16,108.21,109.01,88208,2901015557.38,0.76,-0.73
2025-07-04,比亚迪,002594,109.53,110.34,108.6,109.01,110.2,104104,3454495463.05,0.9,-1.08
2025-07-03,比亚迪,002594,109.0,110.43,108.9,110.2,108.9,123498,4123732531.23,1.06,1.19
2025-07-02,比亚迪,002594,109.34,109.96,108.32,108.9,109.12,93270,3083342650.35,0.8,-0.2
2025-07-01,比亚迪,002594,108.78,109.79,108.27,109.12,109.31,88518,2931303336.66,0.76,-0.17
2025-06-30,比亚迪,002594,110.09,110.09,108.21,109.31,110.09,144003,4768270278.13,1.24,-0.71
2025-06-27,比亚迪,002594,110.01,110.92,109.82,110.09,111.16,138617,4633461708.45,1.19,-0.96
2025-06-26,比亚迪,002594,113.45,113.45,110.95,111.16,115.1,204932,6967640374.17,1.76,-3.42
2025-06-25,比亚迪,002594,114.01,115.25,113.02,115.1,113.14,125738,4352301719.65,1.08,1.73
2025-06-24,比亚迪,002594,112.42,114.08,112.42,113.14,111.41,144713,4979495319.17,1.24,1.55
2025-06-23,比亚迪,002594,110.96,111.91,109.88,111.41,112.09,94593,3185477391.05,0.81,-0.61
2025-06-20,比亚迪,002594,112.02,113.0,111.94,112.09,112.18,73538,2507526429.81,0.63,-0.08
2025-06-19,比亚迪,002594,113.35,113.77,112.13,112.18,114.33,100381,3437688886.94,0.86,-1.88
2025-06-18,比亚迪,002594,112.95,115.08,112.67,114.33,113.26,102897,3565398001.68,0.89,0.94
2025-06-17,比亚迪,002594,113.34,114.14,112.81,113.26,113.49,70045,2408912943.95,0.6,-0.2
2025-06-16,比亚迪,002594,114.01,114.36,112.28,113.49,114.01,102284,3508947839.19,0.88,-0.46
2025-06-13,比亚迪,002594,115.18,115.31,112.51,114.01,116.42,210240,7256548253.58,1.81,-2.07
2025-06-12,比亚迪,002594,118.64,118.64,116.35,116.42,119.34,144047,5117764843.95,1.24,-2.45
2025-06-11,比亚迪,002594,116.68,120.67,116.68,119.34,116.39,203107,7326544793.73,1.75,2.53
2025-06-10,比亚迪,002594,115.21,117.01,114.75,116.39,114.72,171786,6042960183.12,1.48,1.46
2025-06-09,比亚迪,002594,117.38,117.48,113.71,114.72,118.66,255091,8932441522.56,2.19,-3.32
2025-06-06,比亚迪,002594,119.01,119.47,117.84,118.66,118.93,89698,3228098167.59,0.77,-0.23
2025-06-05,比亚迪,002594,119.47,119.59,117.35,118.93,118.85,108613,3908084317.51,0.93,0.07
2025-06-04,比亚迪,002594,118.51,120.12,118.06,118.85,117.34,146904,5311224036.65,1.26,1.29
2025-06-03,比亚迪,002594,115.76,118.01,115.01,117.34,116.11,181893,6453885813.19,1.56,1.06
2025-05-30,比亚迪,002594,117.68,118.28,115.78,116.11,119.05,190560,6733498590.72,1.64,-2.47
2025-05-29,比亚迪,002594,118.54,120.68,117.04,119.05,119.64,192061,6942900394.87,1.65,-0.49
2025-05-28,比亚迪,002594,122.81,122.99,119.37,119.64,122.81,177754,6513230208.83,1.53,-2.58
2025-05-27,比亚迪,002594,123.97,125.68,121.64,122.81,125.68,230275,8594833865.33,1.98,-2.28
2025-05-26,比亚迪,002594,132.61,133.01,125.34,125.68,133.68,309551,12014228946.46,2.66,-5.98
2025-05-23,比亚迪,002594,131.68,137.67,131.39,133.68,131.61,235574,9627525188.04,2.03,1.57
2025-05-22,比亚迪,002594,132.0,133.86,131.34,131.61,132.01,146363,5868800084.14,1.26,-0.3
2025-05-21,比亚迪,002594,129.99,133.34,129.01,132.01,130.28,199479,7967115092.16,1.72,1.33
2025-05-20,比亚迪,002594,126.51,130.28,125.84,130.28,126.28,172100,6705400029.45,1.48,3.17
2025-05-19,比亚迪,002594,128.01,128.01,124.34,126.28,128.4,161373,6159126224.05,1.39,-1.65
2025-05-16,比亚迪,002594,123.69,129.01,123.2,128.4,124.28,229328,8858484483.81,1.97,3.32
2025-05-15,比亚迪,002594,123.01,127.01,121.77,124.28,123.04,208801,7894571014.52,1.8,1.01
2025-05-14,比亚迪,002594,120.84,123.04,119.8,123.04,120.84,135693,5012059706.8,1.17,1.82
2025-05-13,比亚迪,002594,124.01,124.2,120.69,120.84,122.1,131771,4874657843.91,1.13,-1.03
2025-05-12,比亚迪,002594,120.34,122.1,118.87,122.1,119.75,161370,5890708994.27,1.39,1.96
2025-05-09,比亚迪,002594,118.93,120.68,118.44,119.75,118.44,143726,5218995470.89,1.24,1.11
2025-05-08,比亚迪,002594,117.52,119.34,117.24,118.44,118.41,83382,2994908337.11,0.72,0.03
2025-05-07,比亚迪,002594,120.34,120.57,118.06,118.41,118.66,108840,3937980382.23,0.94,-0.21
2025-05-06,比亚迪,002594,118.68,119.44,117.32,118.66,116.37,148294,5326196143.28,1.28,1.97
2025-04-30,比亚迪,002594,116.98,116.99,115.11,116.37,117.01,130479,4599074534.65,1.12,-0.55
2025-04-29,比亚迪,002594,118.38,118.89,116.34,117.01,118.68,118983,4237606410.13,1.02,-1.41
2025-04-28,比亚迪,002594,121.05,121.05,117.53,118.68,122.29,179783,6459136359.64,1.55,-2.95
2025-04-25,比亚迪,002594,122.01,123.78,121.38,122.29,120.68,133869,4975314905.12,1.15,1.33
2025-04-24,比亚迪,002594,122.84,123.54,119.79,120.68,122.67,150892,5557113198.78,1.3,-1.62
2025-04-23,比亚迪,002594,124.34,124.68,121.09,122.67,116.96,247927,9216822110.03,2.13,4.88
2025-04-22,比亚迪,002594,114.93,117.65,114.27,116.96,114.93,112122,3956085869.05,0.96,1.77
2025-04-21,比亚迪,002594,114.01,115.3,113.76,114.93,114.01,74953,2609226235.17,0.64,0.81
2025-04-18,比亚迪,002594,114.64,114.64,113.34,114.01,115.24,73860,2553879766.85,0.64,-1.07
2025-04-17,比亚迪,002594,115.32,116.49,114.23,115.24,116.06,85289,2985985218.94,0.73,-0.71
2025-04-16,比亚迪,002594,117.55,117.68,114.71,116.06,118.67,131828,4618462218.32,1.13,-2.2
2025-04-15,比亚迪,002594,120.21,120.34,117.79,118.67,118.34,116516,4195947008.5,1.0,0.28
2025-04-14,比亚迪,002594,119.74,119.91,117.21,118.34,117.0,142069,5115484102.7,1.22,1.15
2025-04-11,比亚迪,002594,111.01,117.86,110.81,117.0,110.81,189945,6621821826.86,1.63,5.59
2025-04-10,比亚迪,002594,110.18,114.36,110.01,110.81,106.88,210896,7165511480.53,1.81,3.68
2025-04-09,比亚迪,002594,105.28,108.01,103.23,106.88,107.85,211939,6822376377.27,1.82,-0.9
2025-04-08,比亚迪,002594,105.93,110.64,104.68,107.85,105.93,274644,8924529992.96,2.36,1.81
2025-04-07,比亚迪,002594,109.79,111.24,105.93,105.93,117.85,273498,8911483833.66,2.35,-10.11
2025-04-03,比亚迪,002594,117.18,119.19,116.76,117.85,118.84,101023,3618676870.28,0.87,-0.83
2025-04-02,比亚迪,002594,120.34,120.57,118.3,118.84,120.51,117100,4226638862.52,1.01,-1.39
2025-04-01,比亚迪,002594,124.6,124.63,120.13,120.51,123.64,154072,5663384880.32,1.33,-2.53
2025-03-31,比亚迪,002594,125.34,126.44,123.34,123.64,126.18,115784,4370400299.42,1.0,-2.01
2025-03-28,比亚迪,002594,127.51,128.94,125.84,126.18,127.51,114940,4428715749.31,0.99,-1.04
2025-03-27,比亚迪,002594,124.04,129.1,124.04,127.51,124.01,144394,5554865370.91,1.24,2.82
2025-03-26,比亚迪,002594,121.87,125.01,121.34,124.01,121.87,120205,4503762855.04,1.03,1.76
2025-03-25,比亚迪,002594,124.67,125.21,121.67,121.87,123.8,123085,4595791802.18,1.06,-1.56
2025-03-24,比亚迪,002594,124.34,124.84,121.3,123.8,122.68,147894,5522974120.0,1.27,0.91
2025-03-21,比亚迪,002594,129.68,129.78,122.01,122.68,132.01,282107,10685254370.83,2.43,-7.07
2025-03-20,比亚迪,002594,132.01,133.14,130.67,132.01,131.03,159413,6372989565.18,1.37,0.75
2025-03-19,比亚迪,002594,126.85,131.68,126.19,131.03,126.87,188352,7404859764.84,1.62,3.28
2025-03-18,比亚迪,002594,128.19,128.68,125.35,126.87,125.43,173339,6672881109.13,1.49,1.15
2025-03-17,比亚迪,002594,126.12,126.34,124.0,125.43,123.99,133069,5060211612.55,1.14,1.16
2025-03-14,比亚迪,002594,117.68,124.4,117.22,123.99,116.84,224697,8292987453.86,1.93,6.12
2025-03-13,比亚迪,002594,115.97,117.8,115.72,116.84,115.68,102211,3624758940.84,0.88,1.0
2025-03-12,比亚迪,002594,116.83,118.64,115.68,115.68,115.47,129511,4593312533.26,1.11,0.18
2025-03-11,比亚迪,002594,113.68,115.93,113.64,115.47,115.68,95370,3314689326.43,0.82,-0.18
2025-03-10,比亚迪,002594,117.31,117.81,115.01,115.68,117.48,99177,3484351089.32,0.85,-1.53
2025-03-07,比亚迪,002594,118.31,119.01,117.09,117.48,118.32,87584,3131517605.2,0.75,-0.71
2025-03-06,比亚迪,002594,118.74,119.4,117.68,118.32,116.66,114601,4120637644.5,0.99,1.42
2025-03-05,比亚迪,002594,114.34,117.07,114.34,116.66,113.62,139069,4885879812.39,1.2,2.68
2025-03-04,比亚迪,002594,112.02,114.68,111.35,113.62,118.75,263453,9062924960.49,2.27,-4.32
2025-03-03,比亚迪,002594,121.68,122.01,117.94,118.75,119.28,152078,5524500397.17,1.31,-0.44
2025-02-28,比亚迪,002594,122.38,123.6,118.35,119.28,123.84,239304,8762214821.87,2.06,-3.68
2025-02-27,比亚迪,002594,126.01,126.67,122.35,123.84,122.71,168446,6350435990.24,1.45,0.92
2025-02-26,比亚迪,002594,122.84,123.94,120.34,122.71,122.84,138529,5125594765.18,1.19,-0.11
2025-02-25,比亚迪,002594,122.01,125.34,121.61,122.84,124.1,161103,6008878409.26,1.39,-1.02
2025-02-24,比亚迪,002594,127.01,128.23,123.17,124.1,126.34,199407,7586289373.78,1.72,-1.77
2025-02-21,比亚迪,002594,120.68,127.51,120.42,126.34,119.6,239292,9089497618.41,2.06,5.64
2025-02-20,比亚迪,002594,119.84,121.23,118.08,119.6,118.18,156937,5695876654.95,1.35,1.2
2025-02-19,比亚迪,002594,116.52,118.68,116.34,118.18,117.42,161918,5784129670.21,1.39,0.65
2025-02-18,比亚迪,002594,115.81,119.84,114.96,117.42,114.84,251797,8977762526.02,2.17,2.25
2025-02-17,比亚迪,002594,117.36,118.28,113.51,114.84,117.36,232015,8111345838.94,2.0,-2.15
2025-02-14,比亚迪,002594,112.52,118.54,112.52,117.36,112.44,243645,8574633633.17,2.1,4.38
2025-02-13,比亚迪,002594,112.41,114.13,111.84,112.44,113.69,199840,6859997620.51,1.72,-1.1
2025-02-12,比亚迪,002594,107.84,114.32,106.23,113.69,108.64,279357,9451048634.3,2.4,4.65
2025-02-11,比亚迪,002594,111.78,112.11,107.35,108.64,108.72,280364,9315885530.05,2.41,-0.07
2025-02-10,比亚迪,002594,107.65,109.34,105.87,108.72,107.64,272711,8908518536.6,2.35,1.0
2025-02-07,比亚迪,002594,105.34,108.68,103.34,107.64,102.37,487075,15691989047.57,4.19,5.15
2025-02-06,比亚迪,002594,92.95,102.37,92.83,102.37,92.94,381459,11416508784.31,3.28,10.15
2025-02-05,比亚迪,002594,92.92,94.26,92.54,92.94,90.18,145351,4128876836.05,1.25,3.06
2025-01-27,比亚迪,002594,91.71,92.05,90.18,90.18,91.7,63408,1755529339.7,0.55,-1.66
2025-01-24,比亚迪,002594,90.85,92.18,90.68,91.7,91.05,68144,1898979250.77,0.59,0.71
2025-01-23,比亚迪,002594,93.67,93.68,91.01,91.05,92.84,96174,2690601164.04,0.83,-1.93
2025-01-22,比亚迪,002594,93.68,94.11,91.94,92.84,94.03,81057,2287303620.42,0.7,-1.27
2025-01-21,比亚迪,002594,93.68,94.49,93.01,94.03,93.49,76441,2184132797.3,0.66,0.58
2025-01-20,比亚迪,002594,91.68,94.15,91.65,93.49,90.88,135797,3863727458.08,1.17,2.87
2025-01-17,比亚迪,002594,89.85,91.74,89.5,90.88,89.6,86142,2376770800.05,0.74,1.43
2025-01-16,比亚迪,002594,90.24,91.12,88.85,89.6,90.24,72572,1984685717.9,0.62,-0.71
2025-01-15,比亚迪,002594,90.74,91.11,90.18,90.24,90.78,62336,1718769123.17,0.54,-0.59
2025-01-14,比亚迪,002594,87.46,91.06,87.35,90.78,87.34,125790,3438827616.87,1.08,3.94
2025-01-13,比亚迪,002594,86.34,88.17,86.08,87.34,87.35,67214,1787448697.26,0.58,-0.01
2025-01-10,比亚迪,002594,88.34,88.81,86.94,87.35,88.47,80548,2147363099.92,0.69,-1.27
2025-01-09,比亚迪,002594,88.34,89.24,87.56,88.47,88.4,65613,1766873664.35,0.56,0.08
2025-01-08,比亚迪,002594,89.67,90.01,87.28,88.4,90.02,109082,2933447141.97,0.94,-1.8
2025-01-07,比亚迪,002594,89.1,91.25,87.84,90.02,89.1,95722,2627167272.83,0.82,1.03
2025-01-06,比亚迪,002594,89.32,89.97,88.35,89.1,88.92,82447,2236590143.88,0.71,0.2
2025-01-03,比亚迪,002594,89.18,90.21,88.09,88.92,89.04,99365,2693072230.19,0.85,-0.13
2025-01-02,比亚迪,002594,93.01,93.04,88.48,89.04,92.9,168784,4624073917.86,1.45,-4.16
2024-12-31,比亚迪,002594,93.68,94.18,92.68,92.9,93.67,77620,2201903440.1,0.67,-0.82
2024-12-30,比亚迪,002594,94.41,95.18,93.12,93.67,94.1,82947,2371257353.79,0.71,-0.46
2024-12-27,比亚迪,002594,94.28,94.53,93.01,94.1,93.63,78683,2249658028.46,0.68,0.5
2024-12-26,比亚迪,002594,93.98,94.28,93.34,93.63,93.98,67605,1928774413.55,0.58,-0.37
2024-12-25,比亚迪,002594,94.92,95.8,93.91,93.98,94.82,83391,2405517152.19,0.72,-0.89
2024-12-24,比亚迪,002594,91.97,94.85,91.72,94.82,92.24,142287,4072070487.74,1.22,2.8
2024-12-23,比亚迪,002594,92.18,93.11,91.64,92.24,92.08,81516,2291275853.09,0.7,0.17
2024-12-20,比亚迪,002594,93.68,94.26,92.08,92.08,93.81,96707,2730666916.66,0.83,-1.84
2024-12-19,比亚迪,002594,92.61,94.32,92.01,93.81,93.56,86729,2465377213.9,0.75,0.27
2024-12-18,比亚迪,002594,93.09,94.3,92.89,93.56,92.94,84106,2397657885.43,0.72,0.67
2024-12-17,比亚迪,002594,90.32,93.9,90.0,92.94,90.33,175682,4960329885.56,1.51,2.89
2024-12-16,比亚迪,002594,90.85,91.4,89.87,90.33,90.85,71490,1967314539.05,0.61,-0.57
2024-12-13,比亚迪,002594,92.45,92.55,90.82,90.85,93.24,112359,3130392699.07,0.97,-2.56
2024-12-12,比亚迪,002594,92.04,93.24,91.48,93.24,92.27,100134,2816818034.74,0.86,1.05
2024-12-11,比亚迪,002594,92.69,93.3,91.81,92.27,92.86,93360,2623997225.72,0.8,-0.64
2024-12-10,比亚迪,002594,96.34,96.68,92.68,92.86,92.17,175929,5057037510.83,1.51,0.75
2024-12-09,比亚迪,002594,91.75,93.34,91.24,92.17,92.1,92153,2590143544.39,0.79,0.08
2024-12-06,比亚迪,002594,90.57,92.67,90.01,92.1,90.43,124698,3469413044.88,1.07,1.85
2024-12-05,比亚迪,002594,91.07,91.5,90.11,90.43,92.0,90268,2486214937.29,0.78,-1.71
2024-12-04,比亚迪,002594,92.46,93.12,91.61,92.0,92.89,85013,2389151937.26,0.73,-0.96
2024-12-03,比亚迪,002594,93.61,93.97,92.2,92.89,92.81,91450,2585320048.37,0.79,0.09
2024-12-02,比亚迪,002594,90.88,93.34,90.04,92.81,90.29,151357,4255616768.38,1.3,2.79
2024-11-29,比亚迪,002594,89.68,91.3,89.36,90.29,90.2,128005,3516186178.74,1.1,0.1
2024-11-28,比亚迪,002594,92.41,92.53,89.68,90.2,92.34,158589,4365779156.54,1.36,-2.32
2024-11-27,比亚迪,002594,91.77,92.34,91.01,92.34,92.35,110003,3068303752.07,0.95,-0.01
2024-11-26,比亚迪,002594,92.01,94.01,91.3,92.35,93.01,95206,2686423189.13,0.82,-0.71
2024-11-25,比亚迪,002594,93.01,95.13,92.31,93.01,91.51,174533,4981714331.78,1.5,1.64
2024-11-22,比亚迪,002594,93.84,93.96,91.34,91.51,94.01,125142,3529973028.97,1.08,-2.66
2024-11-21,比亚迪,002594,94.83,94.84,93.34,94.01,94.83,95533,2727230001.41,0.82,-0.86
2024-11-20,比亚迪,002594,94.68,95.48,93.84,94.83,94.67,106017,3049973686.34,0.91,0.17
2024-11-19,比亚迪,002594,94.9,95.84,92.68,94.67,94.9,131947,3785016710.44,1.14,-0.24
2024-11-18,比亚迪,002594,95.35,96.33,94.23,94.9,95.34,116206,3364288894.42,1.0,-0.46
2024-11-15,比亚迪,002594,96.94,97.27,94.68,95.34,96.93,153236,4471450174.24,1.32,-1.64
2024-11-14,比亚迪,002594,98.68,98.78,96.68,96.93,98.87,124583,3690676831.42,1.07,-1.96
2024-11-13,比亚迪,002594,98.01,99.12,97.11,98.87,98.95,145116,4326957543.62,1.25,-0.08
2024-11-12,比亚迪,002594,98.73,102.01,98.45,98.95,98.44,246557,7520312653.8,2.12,0.52
2024-11-11,比亚迪,002594,97.01,98.5,96.21,98.44,97.98,180859,5349190917.28,1.56,0.47
2024-11-08,比亚迪,002594,101.05,101.18,97.68,97.98,99.27,166716,5022195686.37,1.43,-1.3
2024-11-07,比亚迪,002594,97.02,99.3,96.68,99.27,98.8,150676,4484370171.83,1.3,0.48
2024-11-06,比亚迪,002594,101.34,101.93,98.01,98.8,101.18,184861,5611830833.85,1.59,-2.35
2024-11-05,比亚迪,002594,100.03,101.49,98.84,101.18,101.0,167820,5124245708.8,1.44,0.18
2024-11-04,比亚迪,002594,97.34,101.65,97.21,101.0,95.45,217319,6600399617.25,1.87,5.81
2024-11-01,比亚迪,002594,96.41,97.21,95.38,95.45,96.41,143041,4174457395.28,1.23,-1.0
2024-10-31,比亚迪,002594,99.35,99.67,96.34,96.41,100.53,240852,7127704551.25,2.07,-4.1
2024-10-30,比亚迪,002594,99.68,101.18,99.18,100.53,100.48,108448,3301164357.47,0.93,0.05
2024-10-29,比亚迪,002594,101.68,102.1,99.94,100.48,100.38,118546,3635542203.37,1.02,0.1
2024-10-28,比亚迪,002594,101.68,101.68,99.26,100.38,101.39,109324,3323177977.18,0.94,-1.0
2024-10-25,比亚迪,002594,100.01,102.61,100.01,101.39,99.9,139820,4306245200.84,1.2,1.49
2024-10-24,比亚迪,002594,101.64,102.0,99.54,99.9,101.64,96885,2959755260.68,0.83,-1.71
2024-10-23,比亚迪,002594,100.26,102.61,99.57,101.64,100.26,126695,3911383612.4,1.09,1.38
2024-10-22,比亚迪,002594,100.34,102.05,99.68,100.26,100.83,103733,3174859558.84,0.89,-0.57
2024-10-21,比亚迪,002594,99.68,101.54,98.98,100.83,98.78,157816,4819617233.25,1.36,2.08
2024-10-18,比亚迪,002594,95.16,100.74,94.7,98.78,95.15,191092,5674148204.69,1.64,3.82
2024-10-17,比亚迪,002594,96.18,97.96,95.05,95.15,95.27,102457,3005198739.74,0.88,-0.13
2024-10-16,比亚迪,002594,96.34,97.34,94.34,95.27,98.01,150322,4362898826.78,1.29,-2.8
2024-10-15,比亚迪,002594,100.51,101.47,98.01,98.01,101.01,122149,3695577335.23,1.05,-2.97
2024-10-14,比亚迪,002594,99.01,102.0,98.74,101.01,98.69,172365,5268100404.73,1.48,2.35
2024-10-11,比亚迪,002594,103.35,103.35,97.35,98.69,103.97,186418,5671879376.72,1.6,-5.08
2024-10-10,比亚迪,002594,102.01,106.01,102.0,103.97,100.57,250167,7918647495.83,2.15,3.38
2024-10-09,比亚迪,002594,103.68,105.58,98.84,100.57,107.8,325919,10166970123.49,2.8,-6.71
2024-10-08,比亚迪,002594,111.36,111.36,101.11,107.8,101.11,443439,14484952068.34,3.81,6.62
2024-09-30,比亚迪,002594,95.34,101.37,95.34,101.11,93.34,388805,11640545413.1,3.34,8.32
2024-09-27,比亚迪,002594,89.68,96.01,89.18,93.34,88.55,309922,8683447958.42,2.67,5.41
2024-09-26,比亚迪,002594,86.68,88.58,86.04,88.55,86.28,149066,3960197853.87,1.28,2.63
2024-09-25,比亚迪,002594,84.68,88.56,84.56,86.28,83.44,205710,5442651982.01,1.77,3.4
2024-09-24,比亚迪,002594,83.01,83.84,80.93,83.44,82.01,156495,3949080823.05,1.35,1.74
2024-09-23,比亚迪,002594,83.99,84.33,81.61,82.01,84.04,107583,2712153559.79,0.93,-2.42
2024-09-20,比亚迪,002594,83.8,84.94,82.97,84.04,83.8,89898,2292829764.93,0.77,0.29
2024-09-19,比亚迪,002594,85.01,85.14,83.11,83.8,84.82,91043,2326365318.9,0.78,-1.2
2024-09-18,比亚迪,002594,83.68,85.12,83.38,84.82,83.67,66820,1715595537.64,0.57,1.37
2024-09-13,比亚迪,002594,84.41,84.68,83.63,83.67,84.35,56992,1458587905.76,0.49,-0.81
2024-09-12,比亚迪,002594,84.91,85.34,84.34,84.35,84.71,77251,1995755898.51,0.66,-0.42
2024-09-11,比亚迪,002594,82.01,85.54,81.82,84.71,81.89,155361,4001603969.48,1.34,3.44
2024-09-10,比亚迪,002594,82.01,82.94,81.55,81.89,82.0,61248,1533462723.87,0.53,-0.13
2024-09-09,比亚迪,002594,81.84,83.33,81.54,82.0,82.54,70851,1774845243.84,0.61,-0.65
2024-09-06,比亚迪,002594,82.96,83.71,82.48,82.54,82.96,78142,1982245013.05,0.67,-0.51
2024-09-05,比亚迪,002594,82.01,83.88,81.88,82.96,82.12,100126,2542189362.96,0.86,1.02
2024-09-04,比亚迪,002594,80.51,82.64,80.49,82.12,81.04,100606,2506778350.99,0.87,1.33
2024-09-03,比亚迪,002594,78.81,81.16,78.81,81.04,79.04,101820,2497421913.25,0.88,2.53
2024-09-02,比亚迪,002594,81.35,82.15,79.01,79.04,81.82,101135,2468600915.45,0.87,-3.4
2024-08-30,比亚迪,002594,78.0,82.61,77.76,81.82,76.96,193028,4764660206.01,1.66,6.31
2024-08-29,比亚迪,002594,76.45,77.51,75.78,76.96,77.63,79385,1858678051.41,0.68,-0.86
2024-08-28,比亚迪,002594,78.77,78.77,76.28,77.63,78.94,89041,2098577189.51,0.77,-1.66
2024-08-27,比亚迪,002594,77.85,79.1,77.51,78.94,78.48,50926,1219258016.16,0.44,0.59
2024-08-26,比亚迪,002594,78.51,79.68,77.91,78.48,78.46,56513,1354660288.18,0.49,0.03
2024-08-23,比亚迪,002594,78.61,79.11,78.06,78.46,78.85,49786,1193437029.74,0.43,-0.49
2024-08-22,比亚迪,002594,79.01,79.6,78.55,78.85,79.01,62488,1506260848.31,0.54,-0.2
2024-08-21,比亚迪,002594,76.9,79.72,76.01,79.01,77.5,111043,2658947673.91,0.96,1.95
2024-08-20,比亚迪,002594,77.34,77.79,76.49,77.5,77.15,62484,1475807675.68,0.54,0.45
2024-08-19,比亚迪,002594,77.09,78.34,77.01,77.15,77.05,70182,1662452527.07,0.6,0.13
2024-08-16,比亚迪,002594,76.05,78.12,75.51,77.05,75.84,102219,2406276093.84,0.88,1.6
2024-08-15,比亚迪,002594,74.2,76.18,73.64,75.84,74.21,88545,2039684342.39,0.76,2.2
2024-08-14,比亚迪,002594,74.88,74.88,73.74,74.21,74.92,56330,1276584732.1,0.48,-0.95
2024-08-13,比亚迪,002594,75.46,75.47,74.01,74.92,75.48,60437,1378452593.36,0.52,-0.74
2024-08-12,比亚迪,002594,76.01,76.51,75.18,75.48,75.88,53779,1242071532.34,0.46,-0.53
2024-08-09,比亚迪,002594,74.7,77.3,74.69,75.88,74.16,119852,2790790707.01,1.03,2.32
2024-08-08,比亚迪,002594,74.61,74.61,73.18,74.16,74.99,85357,1925911439.18,0.73,-1.11
2024-08-07,比亚迪,002594,75.02,75.68,74.17,74.99,74.99,82022,1882919963.49,0.71,0.0
2024-08-06,比亚迪,002594,76.68,76.88,74.0,74.99,75.74,129102,2955783827.37,1.11,-0.99
2024-08-05,比亚迪,002594,75.62,77.57,75.35,75.74,76.94,105268,2457359662.24,0.91,-1.56
2024-08-02,比亚迪,002594,79.34,79.43,76.88,76.94,80.08,145671,3453944602.55,1.25,-3.92
2024-08-01,比亚迪,002594,81.34,81.59,78.68,80.08,81.03,103635,2519341335.4,0.89,-1.17
2024-07-31,比亚迪,002594,79.55,81.35,79.53,81.03,79.98,87490,2153504528.39,0.75,1.31
2024-07-30,比亚迪,002594,81.21,81.28,79.22,79.98,81.71,110393,2686057413.63,0.95,-2.12
2024-07-29,比亚迪,002594,82.99,83.01,80.87,81.71,82.63,78859,1960649994.07,0.68,-1.11
2024-07-26,比亚迪,002594,81.97,83.52,81.36,82.63,81.11,124842,3180235006.51,1.07,1.87
2024-07-25,比亚迪,002594,80.97,82.49,80.14,81.11,80.97,101104,2533958369.11,0.87,0.17
2024-07-24,比亚迪,002594,82.05,82.69,80.47,80.97,82.05,118640,2976544505.07,1.02,-1.32
2024-07-23,比亚迪,002594,85.97,86.11,81.98,82.05,86.18,167410,4318283785.42,1.44,-4.79
2024-07-22,比亚迪,002594,85.68,87.68,85.68,86.18,85.66,100750,2688874276.28,0.87,0.61
2024-07-19,比亚迪,002594,84.48,86.31,84.22,85.66,84.79,136214,3593320511.78,1.17,1.03
2024-07-18,比亚迪,002594,83.61,85.28,83.48,84.79,84.15,95322,2487441703.58,0.82,0.76
2024-07-17,比亚迪,002594,83.98,84.82,83.18,84.15,83.97,105192,2726321475.46,0.9,0.21
2024-07-16,比亚迪,002594,84.51,85.04,83.09,83.97,84.88,117588,3043326155.82,1.01,-1.07
2024-07-15,比亚迪,002594,85.08,85.91,84.51,84.88,85.18,98716,2590423501.88,0.85,-0.35
2024-07-12,比亚迪,002594,82.15,85.64,81.61,85.18,82.0,188863,4891988725.17,1.62,3.88
2024-07-11,比亚迪,002594,82.64,83.06,81.54,82.0,81.81,100359,2546645361.94,0.86,0.23
2024-07-10,比亚迪,002594,81.81,83.15,81.48,81.81,81.84,109283,2767913672.44,0.94,-0.04
2024-07-09,比亚迪,002594,79.38,82.15,78.15,81.84,79.31,140763,3506898661.22,1.21,3.19
2024-07-08,比亚迪,002594,78.24,80.38,78.04,79.31,78.32,105375,2591239966.71,0.91,1.26
2024-07-05,比亚迪,002594,78.7,79.14,77.27,78.32,79.19,95665,2308221433.2,0.82,-1.1
2024-07-04,比亚迪,002594,79.31,80.87,79.14,79.19,78.68,99196,2449191850.83,0.85,0.65
2024-07-03,比亚迪,002594,78.96,79.44,77.64,78.68,78.97,96574,2340645421.07,0.83,-0.37
2024-07-02,比亚迪,002594,79.93,80.21,78.66,78.97,79.91,102627,2515326294.99,0.88,-1.18
2024-07-01,比亚迪,002594,81.06,81.59,78.48,79.91,81.06,129273,3179627870.49,1.11,-1.42
2024-06-28,比亚迪,002594,80.31,81.69,79.94,81.06,80.81,92982,2324520983.89,0.8,0.31
2024-06-27,比亚迪,002594,81.32,81.76,80.45,80.81,81.88,82911,2074271452.09,0.71,-1.31
2024-06-26,比亚迪,002594,81.64,82.41,80.77,81.88,82.31,111917,2814435213.53,0.96,-0.52
2024-06-25,比亚迪,002594,81.64,83.89,81.1,82.31,80.96,195746,4998561939.22,1.68,1.67
2024-06-24,比亚迪,002594,80.98,82.3,80.24,80.96,81.2,108423,2719528810.03,0.93,-0.3
2024-06-21,比亚迪,002594,81.64,82.43,80.25,81.2,81.48,116330,2916085593.76,1.0,-0.34
2024-06-20,比亚迪,002594,81.94,82.23,80.74,81.48,82.31,116200,2921098947.88,1.0,-1.01
2024-06-19,比亚迪,002594,82.98,83.64,82.11,82.31,82.86,99108,2529117363.53,0.85,-0.66
2024-06-18,比亚迪,002594,82.84,83.41,81.98,82.86,83.38,128789,3282495366.5,1.11,-0.62
2024-06-17,比亚迪,002594,81.64,84.27,81.27,83.38,81.99,208649,5371512599.82,1.79,1.7
2024-06-14,比亚迪,002594,81.47,82.29,79.82,81.99,81.97,202610,5066109116.72,1.74,0.02
2024-06-13,比亚迪,002594,80.58,83.74,80.35,81.97,78.61,292519,7423395269.91,2.52,4.27
2024-06-12,比亚迪,002594,78.19,80.16,78.19,78.61,79.19,187332,4573251956.69,1.61,-0.73
2024-06-11,比亚迪,002594,75.85,79.64,75.75,79.19,76.14,221597,5386278075.64,1.91,4.01
2024-06-07,比亚迪,002594,77.32,78.11,75.02,76.14,77.14,182594,4304211408.71,1.57,-1.3
2024-06-06,比亚迪,002594,78.04,78.91,76.81,77.14,77.91,175865,4227834836.23,1.51,-0.99
2024-06-05,比亚迪,002594,77.14,79.74,77.14,77.91,77.03,194434,4732184009.34,1.67,1.14
2024-06-04,比亚迪,002594,76.61,77.58,76.29,77.03,76.68,157429,3744672009.99,1.35,0.46
2024-06-03,比亚迪,002594,73.98,77.8,72.97,76.68,73.98,270146,6370453739.0,2.32,3.65
2024-05-31,比亚迪,002594,73.91,74.84,73.31,73.98,73.6,185430,4264400521.58,1.6,0.52
2024-05-30,比亚迪,002594,72.45,74.1,72.28,73.6,72.54,223792,5070762670.7,1.93,1.46
2024-05-29,比亚迪,002594,67.98,72.98,67.97,72.54,66.77,302648,6633165250.97,2.6,8.64
2024-05-28,比亚迪,002594,67.24,67.28,66.5,66.77,67.09,60946,1265112510.56,0.52,-0.48
2024-05-27,比亚迪,002594,67.64,67.91,66.51,67.09,67.41,76046,1580461907.49,0.65,-0.47
2024-05-24,比亚迪,002594,68.97,68.98,67.24,67.41,69.29,102876,2166851356.35,0.88,-2.71
2024-05-23,比亚迪,002594,69.59,69.59,68.81,69.29,69.95,62287,1336506236.87,0.54,-0.94
2024-05-22,比亚迪,002594,70.37,70.81,69.36,69.95,70.57,88398,1916325810.23,0.76,-0.88
2024-05-21,比亚迪,002594,71.64,71.64,70.12,70.57,71.93,84080,1838619340.95,0.72,-1.89
2024-05-20,比亚迪,002594,70.47,72.31,70.47,71.93,70.84,75959,1688534368.27,0.65,1.54
2024-05-17,比亚迪,002594,70.77,71.09,70.2,70.84,70.41,71487,1564639157.87,0.61,0.61
2024-05-16,比亚迪,002594,70.69,70.96,69.85,70.41,70.69,87157,1901165661.74,0.75,-0.4
2024-05-15,比亚迪,002594,72.48,72.98,70.41,70.69,72.61,99734,2204936672.77,0.86,-2.64
2024-05-14,比亚迪,002594,72.88,73.5,72.35,72.61,72.88,62619,1414943425.01,0.54,-0.37
2024-05-13,比亚迪,002594,72.71,73.43,71.84,72.88,73.58,82481,1857506899.26,0.71,-0.95
2024-05-10,比亚迪,002594,73.31,74.15,72.98,73.58,73.69,80613,1833828035.67,0.69,-0.15
2024-05-09,比亚迪,002594,73.08,73.78,73.03,73.69,73.05,79007,1796491172.59,0.68,0.88
2024-05-08,比亚迪,002594,73.82,73.94,72.98,73.05,74.27,91132,2070673827.4,0.78,-1.64
2024-05-07,比亚迪,002594,73.08,74.97,72.32,74.27,73.08,144190,3301364339.72,1.24,1.63
2024-05-06,比亚迪,002594,72.64,73.77,72.14,73.08,70.48,186779,4226418539.22,1.6,3.69
2024-04-30,比亚迪,002594,72.14,72.44,70.48,70.48,71.44,115560,2542063035.11,0.99,-1.34
2024-04-29,比亚迪,002594,71.34,72.78,70.55,71.44,70.77,191676,4256800047.75,1.65,0.95
2024-04-26,比亚迪,002594,67.64,70.9,67.64,70.77,67.29,253454,5502292294.48,2.18,5.17
2024-04-25,比亚迪,002594,66.78,68.15,66.52,67.29,66.78,94684,1980120669.24,0.81,0.76
2024-04-24,比亚迪,002594,66.61,67.24,65.81,66.78,65.99,74979,1546983915.54,0.64,1.2
2024-04-23,比亚迪,002594,67.16,67.16,65.64,65.99,67.16,87300,1793533842.51,0.75,-1.74
2024-04-22,比亚迪,002594,67.64,68.15,67.01,67.16,67.69,64695,1353615963.08,0.56,-0.78
2024-04-19,比亚迪,002594,68.37,68.6,66.66,67.69,68.84,111770,2342512356.49,0.96,-1.67
2024-04-18,比亚迪,002594,68.31,69.81,67.44,68.84,68.64,133998,2863779538.22,1.15,0.29
2024-04-17,比亚迪,002594,67.98,68.7,67.51,68.64,68.19,96922,2046775944.73,0.83,0.66
2024-04-16,比亚迪,002594,68.44,69.43,67.88,68.19,68.85,98323,2090984650.23,0.84,-0.96
2024-04-15,比亚迪,002594,67.64,69.48,67.34,68.85,67.84,113332,2418635356.92,0.97,1.49
2024-04-12,比亚迪,002594,68.31,70.04,67.49,67.84,68.64,114918,2453371047.11,0.99,-1.17
2024-04-11,比亚迪,002594,67.31,69.46,66.91,68.64,68.26,100854,2130444827.97,0.87,0.56
2024-04-10,比亚迪,002594,69.08,69.14,67.64,68.26,68.34,72411,1537375543.48,0.62,-0.12
2024-04-09,比亚迪,002594,68.23,69.31,68.09,68.34,68.31,84208,1791256312.56,0.72,0.04
2024-04-08,比亚迪,002594,66.64,69.31,66.44,68.31,67.03,128227,2722271577.79,1.1,1.91
2024-04-03,比亚迪,002594,67.81,68.01,66.83,67.03,68.42,83634,1747159207.03,0.72,-2.03
2024-04-02,比亚迪,002594,68.31,70.08,68.24,68.42,68.31,107585,2301699125.87,0.92,0.16
2024-04-01,比亚迪,002594,65.33,68.64,65.33,68.31,65.33,142909,2995671850.58,1.23,4.56
2024-03-29,比亚迪,002594,67.12,67.15,64.7,65.33,67.1,141381,2873380485.75,1.21,-2.64
2024-03-28,比亚迪,002594,67.59,68.26,66.31,67.1,68.3,159435,3327175192.21,1.37,-1.76
2024-03-27,比亚迪,002594,70.85,70.88,67.65,68.3,70.84,188849,4058093219.72,1.62,-3.59
2024-03-26,比亚迪,002594,69.64,70.97,69.4,70.84,69.04,131346,2864082716.93,1.13,2.61
2024-03-25,比亚迪,002594,69.77,70.24,68.59,69.04,69.96,99109,2133902461.97,0.85,-1.32
2024-03-22,比亚迪,002594,70.63,70.63,69.38,69.96,70.63,104672,2266796544.33,0.9,-0.95
2024-03-21,比亚迪,002594,70.62,70.91,69.98,70.63,70.47,88667,1938901107.67,0.76,0.23
2024-03-20,比亚迪,002594,69.98,71.24,69.98,70.47,69.91,96805,2118610339.15,0.83,0.8
2024-03-19,比亚迪,002594,70.32,70.93,69.11,69.91,70.32,146973,3194716172.75,1.26,-0.58
2024-03-18,比亚迪,002594,68.26,70.39,68.18,70.32,67.47,196982,4250885883.53,1.69,4.22
2024-03-15,比亚迪,002594,67.64,68.1,66.37,67.47,68.34,146628,3057950743.5,1.26,-1.27
2024-03-14,比亚迪,002594,67.12,69.43,67.12,68.34,66.43,211352,4497086169.98,1.82,2.88
2024-03-13,比亚迪,002594,66.62,67.78,66.25,66.43,66.01,177813,3691839468.95,1.53,0.64
2024-03-12,比亚迪,002594,64.64,66.53,63.57,66.01,63.89,245029,4958824423.44,2.1,3.32
2024-03-11,比亚迪,002594,60.31,64.28,60.31,63.89,60.34,278080,5440726382.81,2.39,5.88
2024-03-08,比亚迪,002594,60.41,61.03,60.06,60.34,60.61,67150,1263993368.05,0.58,-0.45
2024-03-07,比亚迪,002594,61.66,62.3,60.58,60.61,61.53,101327,1935953171.65,0.87,-1.5
2024-03-06,比亚迪,002594,60.98,61.97,60.64,61.53,61.25,100100,1914828108.58,0.86,0.46
2024-03-05,比亚迪,002594,60.14,61.53,59.48,61.25,60.73,149624,2826124074.26,1.29,0.86
2024-03-04,比亚迪,002594,60.98,61.54,60.34,60.73,61.7,126865,2401200046.06,1.09,-1.57
2024-03-01,比亚迪,002594,61.28,61.97,60.57,61.7,61.38,122158,2336111333.57,1.05,0.52
2024-02-29,比亚迪,002594,59.98,61.51,59.71,61.38,60.31,122363,2323915656.97,1.05,1.77
2024-02-28,比亚迪,002594,62.98,63.15,60.31,60.31,62.21,168292,3223632042.64,1.45,-3.05
2024-02-27,比亚迪,002594,60.13,62.29,60.04,62.21,59.64,206343,3958101886.88,1.77,4.31
2024-02-26,比亚迪,002594,59.64,61.02,59.49,59.64,58.54,155461,2912982360.47,1.34,1.88
2024-02-23,比亚迪,002594,58.64,58.97,57.92,58.54,58.64,91175,1660682308.43,0.78,-0.17
2024-02-22,比亚迪,002594,58.61,58.86,58.06,58.64,58.64,80906,1476863326.44,0.69,0.0
2024-02-21,比亚迪,002594,56.68,59.51,56.53,58.64,57.32,147693,2700340930.5,1.27,2.3
2024-02-20,比亚迪,002594,58.81,58.87,56.64,57.32,58.81,113357,2023820071.64,0.97,-2.53
2024-02-19,比亚迪,002594,58.94,59.43,58.26,58.81,58.03,119687,2192419553.49,1.03,1.34
2024-02-08,比亚迪,002594,58.14,58.76,57.88,58.03,57.5,119246,2168509150.22,1.02,0.92
2024-02-07,比亚迪,002594,56.73,58.64,56.34,57.5,56.27,160094,2880398921.91,1.38,2.19
2024-02-06,比亚迪,002594,52.98,56.35,52.81,56.27,53.64,176190,3054635572.85,1.51,4.9
2024-02-05,比亚迪,002594,52.64,54.9,51.9,53.64,53.31,186216,3122618402.6,1.6,0.62
2024-02-02,比亚迪,002594,54.63,54.94,51.98,53.31,54.61,147992,2485326236.05,1.27,-2.38
2024-02-01,比亚迪,002594,54.31,55.31,53.76,54.61,54.55,116651,1996429636.62,1.0,0.11
2024-01-31,比亚迪,002594,54.67,56.07,54.42,54.55,54.97,125368,2155163736.0,1.08,-0.76
2024-01-30,比亚迪,002594,55.34,56.14,54.41,54.97,57.12,190761,3296016841.46,1.64,-3.76
2024-01-29,比亚迪,002594,59.61,59.64,57.08,57.12,59.6,146043,2647388165.71,1.25,-4.16
2024-01-26,比亚迪,002594,60.64,60.64,59.48,59.6,60.94,115855,2160578276.22,1.0,-2.2
2024-01-25,比亚迪,002594,60.6,61.28,59.53,60.94,60.54,130769,2470818453.07,1.12,0.66
2024-01-24,比亚迪,002594,60.74,60.93,59.0,60.54,60.26,96641,1805379382.4,0.83,0.46
2024-01-23,比亚迪,002594,59.31,60.63,59.08,60.26,59.42,110726,2072060503.59,0.95,1.41
2024-01-22,比亚迪,002594,60.6,61.41,59.16,59.42,60.76,132240,2487370788.56,1.14,-2.21
2024-01-19,比亚迪,002594,60.81,61.96,60.54,60.76,61.14,80905,1540978198.75,0.69,-0.62
2024-01-18,比亚迪,002594,59.53,61.31,59.28,61.14,59.91,114592,2150839668.13,0.98,2.05
2024-01-17,比亚迪,002594,62.38,62.49,59.91,59.91,62.74,160795,3050944390.44,1.38,-4.51
2024-01-16,比亚迪,002594,62.28,63.16,62.0,62.74,62.51,83809,1633959522.52,0.72,0.37
2024-01-15,比亚迪,002594,62.55,63.31,61.78,62.51,62.93,70220,1364639692.18,0.6,-0.67
2024-01-12,比亚迪,002594,63.24,63.73,62.74,62.93,63.24,87023,1711086655.61,0.75,-0.49
2024-01-11,比亚迪,002594,61.04,63.88,60.58,63.24,61.07,159862,3120354835.76,1.37,3.55
2024-01-10,比亚迪,002594,61.54,62.08,60.84,61.07,61.93,71416,1364589161.69,0.61,-1.39
2024-01-09,比亚迪,002594,61.31,62.98,61.04,61.93,60.78,112187,2167747851.79,0.96,1.89
2024-01-08,比亚迪,002594,61.91,62.2,60.69,60.78,61.87,81078,1543893918.74,0.7,-1.76
2024-01-05,比亚迪,002594,61.8,63.48,61.35,61.87,61.98,112402,2187835615.06,0.97,-0.18
2024-01-04,比亚迪,002594,62.42,62.53,61.34,61.98,62.03,89870,1731882120.2,0.77,-0.08
2024-01-03,比亚迪,002594,61.81,62.27,61.21,62.03,61.84,84486,1624093056.05,0.73,0.31
2024-01-02,比亚迪,002594,64.18,64.18,61.77,61.84,63.64,113928,2212162400.36,0.98,-2.83
2023-12-29,比亚迪,002594,63.97,64.24,63.36,63.64,63.66,80367,1591969845.9,0.69,-0.03
2023-12-28,比亚迪,002594,61.32,63.86,61.2,63.66,61.46,138778,2722971139.94,1.19,3.58
2023-12-27,比亚迪,002594,61.98,62.14,61.21,61.46,61.56,61364,1174486108.27,0.53,-0.16
2023-12-26,比亚迪,002594,61.7,61.7,60.98,61.56,61.7,41380,790091023.1,0.36,-0.23
2023-12-25,比亚迪,002594,61.98,62.38,61.05,61.7,61.73,53770,1032287275.25,0.46,-0.05
2023-12-22,比亚迪,002594,60.94,62.77,60.32,61.73,60.87,117998,2267509852.29,1.01,1.41
2023-12-21,比亚迪,002594,58.75,60.97,58.59,60.87,59.27,133149,2494208947.45,1.14,2.7
2023-12-20,比亚迪,002594,60.42,60.75,59.27,59.27,60.31,84925,1585187696.77,0.73,-1.72
2023-12-19,比亚迪,002594,60.49,60.54,59.7,60.31,60.66,79370,1487629708.83,0.68,-0.58
2023-12-18,比亚迪,002594,61.33,61.81,60.41,60.66,62.07,100511,1906643035.57,0.86,-2.27
2023-12-15,比亚迪,002594,62.0,62.44,61.34,62.07,61.37,101841,1966549057.21,0.87,1.14
2023-12-14,比亚迪,002594,61.98,63.04,61.35,61.37,61.58,92497,1787086925.23,0.79,-0.34
2023-12-13,比亚迪,002594,62.92,62.92,61.55,61.58,63.09,117535,2270646820.88,1.01,-2.39
2023-12-12,比亚迪,002594,63.7,63.89,63.02,63.09,64.04,79797,1572793711.16,0.69,-1.48
2023-12-11,比亚迪,002594,63.23,64.17,62.52,64.04,63.83,101086,1989856427.67,0.87,0.33
2023-12-08,比亚迪,002594,63.99,64.43,63.75,63.83,64.13,77700,1547061882.45,0.67,-0.47
2023-12-07,比亚迪,002594,64.71,64.71,63.41,64.13,64.71,103169,2051259486.34,0.89,-0.9
2023-12-06,比亚迪,002594,63.09,64.72,62.98,64.71,63.09,176347,3523669817.72,1.51,2.57
2023-12-05,比亚迪,002594,63.31,64.3,62.85,63.09,63.11,152372,3021632365.0,1.31,-0.03
2023-12-04,比亚迪,002594,63.33,64.07,62.18,63.11,63.33,117613,2317283540.3,1.01,-0.35
2023-12-01,比亚迪,002594,64.47,64.58,61.91,63.33,64.03,194190,3799477664.21,1.67,-1.09
2023-11-30,比亚迪,002594,64.84,65.22,63.79,64.03,64.97,187242,3745049005.82,1.61,-1.45
2023-11-29,比亚迪,002594,67.6,67.61,64.77,64.97,67.61,219246,4464902232.03,1.88,-3.9
2023-11-28,比亚迪,002594,67.28,68.23,66.65,67.61,67.28,122211,2562912238.29,1.05,0.49
2023-11-27,比亚迪,002594,68.31,68.31,65.98,67.28,69.93,215481,4487132026.79,1.85,-3.79
2023-11-24,比亚迪,002594,73.91,73.91,69.44,69.93,73.92,280659,6162803841.07,2.41,-5.4
2023-11-23,比亚迪,002594,74.48,74.74,73.35,73.92,74.31,105764,2425947586.33,0.91,-0.52
2023-11-22,比亚迪,002594,75.48,75.48,74.27,74.31,75.71,105571,2440478826.77,0.91,-1.85
2023-11-21,比亚迪,002594,76.21,76.54,75.53,75.71,75.98,82386,1937039109.31,0.71,-0.36
2023-11-20,比亚迪,002594,76.24,76.48,75.84,75.98,76.56,76771,1804923944.25,0.66,-0.76
2023-11-17,比亚迪,002594,76.64,77.17,76.31,76.56,77.08,59462,1408060177.59,0.51,-0.67
2023-11-16,比亚迪,002594,77.58,77.58,76.72,77.08,77.19,61690,1471253077.4,0.53,-0.14
2023-11-15,比亚迪,002594,77.61,77.64,77.08,77.19,76.85,78692,1881360640.9,0.68,0.44
2023-11-14,比亚迪,002594,76.74,77.04,76.51,76.85,76.68,55217,1310694854.05,0.47,0.22
2023-11-13,比亚迪,002594,76.94,77.04,76.01,76.68,76.63,69738,1649215950.55,0.6,0.07
2023-11-10,比亚迪,002594,77.31,77.31,76.2,76.63,77.41,81902,1940054002.55,0.7,-1.01
2023-11-09,比亚迪,002594,77.64,77.89,77.09,77.41,77.64,73183,1750698708.03,0.63,-0.3
2023-11-08,比亚迪,002594,77.76,77.93,77.37,77.64,77.97,80128,1921682141.44,0.69,-0.42
2023-11-07,比亚迪,002594,78.64,79.08,77.81,77.97,78.61,94513,2287202177.21,0.81,-0.81
2023-11-06,比亚迪,002594,77.81,78.79,77.64,78.61,77.19,143548,3472633480.41,1.23,1.84
2023-11-03,比亚迪,002594,76.15,77.36,75.94,77.19,75.91,90679,2154652391.25,0.78,1.69
2023-11-02,比亚迪,002594,76.93,76.94,75.91,75.91,76.38,85414,2015702321.15,0.73,-0.62
2023-11-01,比亚迪,002594,76.98,76.98,76.12,76.38,77.16,93390,2206820550.57,0.8,-1.01
2023-10-31,比亚迪,002594,78.81,78.97,76.81,77.16,79.18,127205,3044814889.04,1.09,-2.55
2023-10-30,比亚迪,002594,77.48,79.31,77.21,79.18,78.29,117295,2849732929.01,1.01,1.14
2023-10-27,比亚迪,002594,76.98,78.81,76.82,78.29,77.18,103206,2490630304.57,0.89,1.44
2023-10-26,比亚迪,002594,76.33,77.24,76.21,77.18,76.78,73199,1738279509.52,0.63,0.52
2023-10-25,比亚迪,002594,76.97,77.65,76.38,76.78,76.16,83676,1993861827.76,0.72,0.81
2023-10-24,比亚迪,002594,77.41,77.81,75.87,76.16,77.19,110779,2614866693.57,0.95,-1.33
2023-10-23,比亚迪,002594,77.64,77.64,76.38,77.19,77.38,73537,1747793907.15,0.63,-0.25
2023-10-20,比亚迪,002594,77.64,78.24,77.05,77.38,77.84,85659,2050294970.85,0.74,-0.59
2023-10-19,比亚迪,002594,79.96,80.3,77.76,77.84,80.67,147753,3595894522.39,1.27,-3.51
2023-10-18,比亚迪,002594,79.51,81.31,78.98,80.67,76.98,307863,7646061770.59,2.64,4.79
2023-10-17,比亚迪,002594,76.82,77.64,76.48,76.98,76.81,49164,1169236111.59,0.42,0.22
2023-10-16,比亚迪,002594,77.78,78.0,76.48,76.81,77.76,66022,1573224653.24,0.57,-1.22
2023-10-13,比亚迪,002594,78.28,78.57,77.58,77.76,79.13,66445,1598611951.89,0.57,-1.73
2023-10-12,比亚迪,002594,77.78,79.48,77.31,79.13,77.17,139341,3391600251.18,1.2,2.54
2023-10-11,比亚迪,002594,78.3,78.48,76.98,77.17,76.95,76684,1838352973.98,0.66,0.29
2023-10-10,比亚迪,002594,76.96,77.65,76.64,76.95,76.97,63937,1524841110.79,0.55,-0.03
2023-10-09,比亚迪,002594,76.54,77.15,74.2,76.97,76.54,91791,2162900146.9,0.79,0.56
2023-09-28,比亚迪,002594,77.24,77.48,76.33,76.54,76.92,85258,2022931183.51,0.73,-0.49
2023-09-27,比亚迪,002594,77.35,78.38,76.91,76.92,77.14,75734,1808518865.65,0.65,-0.29
2023-09-26,比亚迪,002594,79.31,79.31,77.08,77.14,79.58,118463,2846103699.66,1.02,-3.07
2023-09-25,比亚迪,002594,79.92,79.97,79.09,79.58,79.33,64787,1592828380.15,0.56,0.32
2023-09-22,比亚迪,002594,77.48,79.53,77.14,79.33,77.54,96764,2356419361.2,0.83,2.31
2023-09-21,比亚迪,002594,78.64,78.93,77.16,77.54,78.98,92965,2232606210.05,0.8,-1.82
2023-09-20,比亚迪,002594,79.31,79.74,78.98,78.98,80.03,54497,1332673932.91,0.47,-1.31
2023-09-19,比亚迪,002594,79.64,80.4,78.91,80.03,80.1,62397,1533948926.6,0.54,-0.09
2023-09-18,比亚迪,002594,79.14,81.38,79.07,80.1,79.07,96405,2395846502.98,0.83,1.3
2023-09-15,比亚迪,002594,78.98,79.92,78.15,79.07,78.85,82256,2010812283.73,0.71,0.28
2023-09-14,比亚迪,002594,79.91,79.96,78.31,78.85,81.49,152580,3722930909.04,1.31,-3.24
2023-09-13,比亚迪,002594,81.64,82.4,81.11,81.49,81.64,91479,2305291959.71,0.79,-0.18
2023-09-12,比亚迪,002594,80.54,82.1,80.01,81.64,79.98,119532,3004363229.2,1.03,2.08
2023-09-11,比亚迪,002594,78.88,80.48,78.38,79.98,78.99,76513,1876707032.36,0.66,1.25
2023-09-08,比亚迪,002594,79.98,79.98,78.54,78.99,80.44,67634,1651599177.69,0.58,-1.8
2023-09-07,比亚迪,002594,81.12,81.12,80.35,80.44,81.13,60913,1517662851.65,0.52,-0.85
2023-09-06,比亚迪,002594,80.98,81.74,80.74,81.13,80.65,65929,1653726026.59,0.57,0.6
2023-09-05,比亚迪,002594,81.71,81.71,80.54,80.65,81.79,74571,1864915960.48,0.64,-1.39
2023-09-04,比亚迪,002594,81.51,81.98,80.6,81.79,80.68,96512,2427791468.68,0.83,1.38
2023-09-01,比亚迪,002594,81.98,82.47,80.31,80.68,80.78,77772,1949444068.95,0.67,-0.12
2023-08-31,比亚迪,002594,81.15,81.31,80.31,80.78,80.91,88734,2214559038.93,0.76,-0.16
2023-08-30,比亚迪,002594,80.75,81.47,80.26,80.91,79.88,152187,3798606951.32,1.31,1.29
2023-08-29,比亚迪,002594,76.58,80.14,76.58,79.88,76.15,213223,5201525920.49,1.83,4.9
2023-08-28,比亚迪,002594,80.31,80.31,75.73,76.15,75.18,133527,3189524811.18,1.15,1.29
2023-08-25,比亚迪,002594,75.4,75.75,74.81,75.18,75.94,66775,1554437026.78,0.57,-1.0
2023-08-24,比亚迪,002594,74.65,76.64,74.65,75.94,74.34,106811,2501734160.95,0.92,2.15
2023-08-23,比亚迪,002594,75.82,75.82,74.32,74.34,75.82,81238,1882331986.32,0.7,-1.95
2023-08-22,比亚迪,002594,76.97,77.14,74.61,75.82,75.78,112116,2620973083.49,0.96,0.05
2023-08-21,比亚迪,002594,77.58,77.6,75.66,75.78,77.74,127879,3022536162.14,1.1,-2.52
2023-08-18,比亚迪,002594,79.5,79.5,77.64,77.74,79.65,98467,2385483842.91,0.85,-2.4
2023-08-17,比亚迪,002594,78.77,79.76,77.78,79.65,79.04,86836,2118628433.05,0.75,0.77
2023-08-16,比亚迪,002594,78.74,79.48,78.38,79.04,79.16,79979,1953463841.64,0.69,-0.15
2023-08-15,比亚迪,002594,79.58,79.69,78.28,79.16,79.58,115021,2804377792.91,0.99,-0.53
2023-08-14,比亚迪,002594,82.64,83.31,78.81,79.58,84.06,252890,6237439722.0,2.17,-5.33
2023-08-11,比亚迪,002594,85.21,85.21,83.98,84.06,85.21,86125,2242256361.19,0.74,-1.35
2023-08-10,比亚迪,002594,85.31,85.93,84.56,85.21,85.28,60016,1575799641.46,0.52,-0.08
2023-08-09,比亚迪,002594,84.98,85.48,84.39,85.28,85.41,72499,1897124687.56,0.62,-0.15
2023-08-08,比亚迪,002594,86.04,86.48,85.15,85.41,86.64,91712,2419517104.52,0.79,-1.42
2023-08-07,比亚迪,002594,86.95,86.95,86.04,86.64,87.08,64204,1710317723.01,0.55,-0.51
2023-08-04,比亚迪,002594,87.31,87.67,86.53,87.08,87.05,88053,2358257628.14,0.76,0.03
2023-08-03,比亚迪,002594,86.74,87.14,86.15,87.05,86.98,66170,1766952896.19,0.57,0.08
2023-08-02,比亚迪,002594,87.88,88.31,86.43,86.98,87.14,87394,2346829431.29,0.75,-0.18
2023-08-01,比亚迪,002594,88.23,88.56,86.48,87.14,88.31,120340,3239067594.49,1.03,-1.32
2023-07-31,比亚迪,002594,87.64,89.84,87.6,88.31,86.64,215060,5874722582.93,1.85,1.93
2023-07-28,比亚迪,002594,84.31,86.86,83.72,86.64,84.47,173308,4584230665.56,1.49,2.57
2023-07-27,比亚迪,002594,85.43,85.85,84.2,84.47,84.63,112651,2962230531.88,0.97,-0.19
2023-07-26,比亚迪,002594,85.18,85.18,84.13,84.63,85.46,65865,1723363551.36,0.57,-0.97
2023-07-25,比亚迪,002594,84.82,86.26,84.81,85.46,83.1,173883,4604657751.54,1.49,2.84
2023-07-24,比亚迪,002594,84.27,84.85,83.09,83.1,85.37,95950,2491708305.58,0.82,-2.66
2023-07-21,比亚迪,002594,85.26,85.53,84.45,85.37,85.58,75287,1979318622.2,0.65,-0.25
2023-07-20,比亚迪,002594,85.76,87.1,85.26,85.58,85.54,91271,2434017185.02,0.78,0.05
2023-07-19,比亚迪,002594,85.76,85.9,84.84,85.54,85.76,50250,1328126186.9,0.43,-0.26
2023-07-18,比亚迪,002594,85.68,86.45,84.1,85.76,85.43,98456,2603934532.06,0.85,0.39
2023-07-17,比亚迪,002594,86.26,86.26,84.71,85.43,85.4,78927,2086663750.62,0.68,0.04
2023-07-14,比亚迪,002594,86.53,86.53,85.1,85.4,86.54,102722,2718639360.54,0.88,-1.32
2023-07-13,比亚迪,002594,86.43,87.1,85.6,86.54,85.8,82753,2213414441.05,0.71,0.86
2023-07-12,比亚迪,002594,87.43,87.65,85.48,85.8,87.04,87032,2328017075.51,0.75,-1.42
2023-07-11,比亚迪,002594,85.6,87.49,85.2,87.04,85.11,102405,2744333128.69,0.88,2.27
2023-07-10,比亚迪,002594,86.26,87.1,84.85,85.11,85.4,68878,1824432454.29,0.59,-0.34
2023-07-07,比亚迪,002594,86.26,86.48,85.3,85.4,86.63,62192,1650354364.44,0.53,-1.42
2023-07-06,比亚迪,002594,86.26,87.93,86.2,86.63,86.26,83712,2249759122.78,0.72,0.43
2023-07-05,比亚迪,002594,87.77,88.09,85.83,86.26,87.76,93033,2493339683.16,0.8,-1.71
2023-07-04,比亚迪,002594,86.76,88.93,86.1,87.76,86.42,157120,4271284305.32,1.35,1.55
2023-07-03,比亚迪,002594,83.56,87.02,83.56,86.42,83.35,162565,4313305226.43,1.4,3.68
2023-06-30,比亚迪,002594,81.97,83.93,81.83,83.35,82.5,75724,1952424866.32,0.65,1.03
2023-06-29,比亚迪,002594,84.01,84.19,82.34,82.5,84.01,83485,2148587117.07,0.72,-1.8
2023-06-28,比亚迪,002594,83.93,84.76,83.3,84.01,83.95,57270,1489543300.79,0.49,0.07
2023-06-27,比亚迪,002594,84.6,85.21,82.96,83.95,84.89,99029,2570404963.75,0.85,-1.11
2023-06-26,比亚迪,002594,84.74,86.83,84.7,84.89,86.52,101512,2681452521.69,0.87,-1.88
2023-06-21,比亚迪,002594,86.27,88.36,86.01,86.52,86.68,107812,2906861071.14,0.93,-0.18
2023-06-20,比亚迪,002594,86.93,87.0,85.56,86.68,87.0,102366,2734002024.93,0.88,-0.37
2023-06-19,比亚迪,002594,87.62,88.93,86.56,87.0,87.62,123565,3342857528.61,1.06,-0.71
2023-06-16,比亚迪,002594,88.55,89.22,87.26,87.62,87.89,152297,4146755899.36,1.31,-0.31
2023-06-15,比亚迪,002594,85.1,88.93,85.03,87.89,84.93,243961,6622887119.05,2.09,3.49
2023-06-14,比亚迪,002594,84.82,85.73,84.43,84.93,84.34,125776,3318766725.93,1.08,0.7
2023-06-13,比亚迪,002594,84.1,84.6,82.97,84.34,84.1,81511,2117925895.65,0.7,0.29
2023-06-12,比亚迪,002594,82.76,84.93,82.43,84.1,83.26,102891,2682484319.81,0.88,1.01
2023-06-09,比亚迪,002594,83.53,83.63,81.43,83.26,82.26,107484,2753073834.57,0.92,1.22
2023-06-08,比亚迪,002594,82.66,83.54,82.09,82.26,82.78,64454,1650438581.6,0.55,-0.63
2023-06-07,比亚迪,002594,84.6,85.08,82.43,82.78,84.22,100490,2598158541.15,0.86,-1.71
2023-06-06,比亚迪,002594,83.25,85.6,82.66,84.22,83.37,128981,3371155484.97,1.11,1.02
2023-06-05,比亚迪,002594,83.6,83.62,81.15,83.37,83.62,104795,2682476683.9,0.9,-0.3
2023-06-02,比亚迪,002594,83.22,83.79,82.46,83.62,82.41,110680,2854069098.12,0.95,1.47
2023-06-01,比亚迪,002594,81.82,83.22,81.67,82.41,81.82,86736,2217698925.98,0.74,0.72
2023-05-31,比亚迪,002594,81.33,82.23,80.48,81.82,81.33,118381,2995495153.94,1.02,0.6
2023-05-30,比亚迪,002594,79.25,82.26,79.21,81.33,78.91,166881,4201064907.25,1.43,3.07
2023-05-29,比亚迪,002594,80.6,80.78,77.93,78.91,79.59,124723,3051361332.85,1.07,-0.85
2023-05-26,比亚迪,002594,81.6,81.6,78.2,79.59,82.46,185813,4583193890.32,1.6,-3.48
2023-05-25,比亚迪,002594,84.58,85.21,82.31,82.46,84.57,132079,3413072493.97,1.13,-2.49
2023-05-24,比亚迪,002594,84.46,85.6,83.77,84.57,84.91,68093,1787131273.37,0.58,-0.4
2023-05-23,比亚迪,002594,85.61,86.22,84.91,84.91,85.63,90619,2401159868.83,0.78,-0.84
2023-05-22,比亚迪,002594,84.24,85.93,82.96,85.63,83.66,120165,3160916356.91,1.03,2.35
2023-05-19,比亚迪,002594,83.32,84.24,82.7,83.66,83.62,60106,1557739695.36,0.52,0.05
2023-05-18,比亚迪,002594,84.7,85.22,82.78,83.62,84.26,100697,2610927790.57,0.86,-0.76
2023-05-17,比亚迪,002594,85.59,85.86,83.6,84.26,85.64,89556,2336687603.08,0.77,-1.61
2023-05-16,比亚迪,002594,85.39,86.4,85.0,85.64,85.56,81639,2162966660.8,0.7,0.09
2023-05-15,比亚迪,002594,83.96,86.11,83.5,85.56,83.96,136926,3615695775.88,1.18,1.91
2023-05-12,比亚迪,002594,85.93,86.68,83.77,83.96,85.18,104574,2750523183.88,0.9,-1.43
2023-05-11,比亚迪,002594,84.19,87.2,83.49,85.18,83.86,214237,5669565807.84,1.84,1.57
2023-05-10,比亚迪,002594,80.93,84.66,80.33,83.86,80.63,253691,6542224182.82,2.18,4.01
2023-05-09,比亚迪,002594,80.61,81.72,80.26,80.63,81.94,89885,2253697878.87,0.77,-1.6
2023-05-08,比亚迪,002594,81.6,83.63,81.44,81.94,80.62,121626,3104234523.95,1.04,1.64
2023-05-05,比亚迪,002594,81.45,81.86,79.91,80.62,81.44,102440,2560075787.17,0.88,-1.01
2023-05-04,比亚迪,002594,82.26,83.13,81.06,81.44,82.55,118124,3002183826.95,1.01,-1.34
2023-04-28,比亚迪,002594,84.42,84.92,81.93,82.55,83.57,191945,4933612984.11,1.65,-1.22
2023-04-27,比亚迪,002594,80.6,83.59,80.45,83.57,80.93,242464,6228404692.62,2.08,3.26
2023-04-26,比亚迪,002594,78.26,82.11,77.6,80.93,78.7,174492,4353221179.83,1.5,2.83
2023-04-25,比亚迪,002594,80.93,81.2,78.0,78.7,81.76,187419,4589549733.2,1.61,-3.74
2023-04-24,比亚迪,002594,78.63,83.46,78.32,81.76,78.26,267017,6747607047.4,2.29,4.47
2023-04-21,比亚迪,002594,78.76,80.25,78.26,78.26,78.94,104052,2553937672.05,0.89,-0.86
2023-04-20,比亚迪,002594,80.57,80.57,78.93,78.94,80.88,100308,2470721410.23,0.86,-2.4
2023-04-19,比亚迪,002594,80.26,81.66,79.29,80.88,80.26,111927,2793037791.07,0.96,0.77
2023-04-18,比亚迪,002594,80.73,81.32,80.08,80.26,80.41,78432,1961474846.37,0.67,-0.19
2023-04-17,比亚迪,002594,78.93,80.49,78.67,80.41,79.28,90394,2244153586.58,0.78,1.43
2023-04-14,比亚迪,002594,78.4,79.75,78.26,79.28,78.2,105506,2589957802.96,0.91,1.38
2023-04-13,比亚迪,002594,77.46,78.26,76.52,78.2,78.4,80965,1952037226.04,0.7,-0.26
2023-04-12,比亚迪,002594,80.2,80.2,78.37,78.4,80.54,112330,2751446164.0,0.96,-2.66
2023-04-11,比亚迪,002594,81.31,82.09,80.13,80.54,80.93,87455,2194591845.3,0.75,-0.48
2023-04-10,比亚迪,002594,80.36,81.0,79.26,80.93,80.36,98058,2436804938.71,0.84,0.71
2023-04-07,比亚迪,002594,80.61,81.31,80.04,80.36,80.6,68723,1718631440.72,0.59,-0.3
2023-04-06,比亚迪,002594,79.93,80.89,79.16,80.6,80.9,81942,2036216982.21,0.7,-0.37
2023-04-04,比亚迪,002594,82.53,82.53,79.93,80.9,82.57,137744,3448255050.96,1.18,-2.02
2023-04-03,比亚迪,002594,82.6,83.34,81.35,82.57,82.6,133691,3412119592.75,1.15,-0.04
2023-03-31,比亚迪,002594,83.59,84.22,82.26,82.6,83.0,167008,4304295451.65,1.43,-0.48
2023-03-30,比亚迪,002594,80.6,83.0,80.6,83.0,79.83,209267,5317797712.17,1.8,3.97
2023-03-29,比亚迪,002594,79.45,80.68,79.45,79.83,78.93,144303,3588758349.33,1.24,1.14
2023-03-28,比亚迪,002594,78.76,79.15,78.06,78.93,78.48,81845,1998797290.67,0.7,0.57
2023-03-27,比亚迪,002594,79.26,79.26,77.36,78.48,79.27,92495,2246213086.39,0.79,-1.0
2023-03-24,比亚迪,002594,79.1,79.81,78.43,79.27,79.09,81018,1990565427.15,0.7,0.23
2023-03-23,比亚迪,002594,78.26,79.1,77.1,79.09,78.33,97461,2374450292.86,0.84,0.97
2023-03-22,比亚迪,002594,78.0,79.79,77.96,78.33,77.1,155339,3800940795.9,1.33,1.6
2023-03-21,比亚迪,002594,76.23,77.1,75.53,77.1,75.79,108873,2585297267.87,0.93,1.73
2023-03-20,比亚迪,002594,76.57,77.05,75.46,75.79,76.57,86323,2041533811.33,0.74,-1.02
2023-03-17,比亚迪,002594,76.19,77.59,75.77,76.57,75.53,135003,3213067915.67,1.16,1.38
2023-03-16,比亚迪,002594,75.6,77.14,75.26,75.53,76.8,118370,2793057410.9,1.02,-1.65
2023-03-15,比亚迪,002594,77.76,78.09,76.4,76.8,77.26,120715,2895736124.32,1.04,-0.6
2023-03-14,比亚迪,002594,77.26,78.1,74.94,77.26,77.43,198568,4715842057.42,1.7,-0.22
2023-03-13,比亚迪,002594,77.84,78.25,76.26,77.43,78.31,167343,4010230472.09,1.44,-1.12
2023-03-10,比亚迪,002594,81.26,81.6,78.03,78.31,82.62,283464,6951755744.42,2.43,-5.22
2023-03-09,比亚迪,002594,82.76,83.87,81.93,82.62,82.93,96731,2481897868.2,0.83,-0.37
2023-03-08,比亚迪,002594,83.43,83.86,82.26,82.93,84.16,120898,3104294281.17,1.04,-1.46
2023-03-07,比亚迪,002594,85.32,86.26,84.1,84.16,85.35,105933,2789608646.13,0.91,-1.39
2023-03-06,比亚迪,002594,85.26,85.47,83.26,85.35,85.19,112124,2932174904.51,0.96,0.19
2023-03-03,比亚迪,002594,85.59,85.67,84.62,85.19,85.17,63982,1686348718.11,0.55,0.02
2023-03-02,比亚迪,002594,85.97,86.64,84.6,85.17,85.76,114905,3043464760.13,0.99,-0.69
2023-03-01,比亚迪,002594,84.18,86.11,83.18,85.76,84.2,143658,3781045100.69,1.23,1.85
2023-02-28,比亚迪,002594,84.26,84.6,83.12,84.2,83.87,120330,3122819223.88,1.03,0.39
2023-02-27,比亚迪,002594,85.6,85.89,83.26,83.87,86.46,169704,4428436083.08,1.46,-3.0
2023-02-24,比亚迪,002594,86.94,87.22,86.26,86.46,87.41,66868,1790064871.94,0.57,-1.09
2023-02-23,比亚迪,002594,87.23,87.82,86.76,87.41,87.4,100358,2705234150.25,0.86,0.01
2023-02-22,比亚迪,002594,87.9,88.14,86.9,87.4,88.85,85088,2301668445.48,0.73,-1.63
2023-02-21,比亚迪,002594,87.93,89.45,87.36,88.85,88.2,113690,3115649014.03,0.98,0.74
2023-02-20,比亚迪,002594,87.79,88.36,86.26,88.2,87.82,130701,3524868434.68,1.12,0.43
2023-02-17,比亚迪,002594,89.43,89.96,87.69,87.82,89.6,100997,2764372531.12,0.87,-1.99
2023-02-16,比亚迪,002594,90.6,91.19,88.88,89.6,90.26,103348,2883947589.31,0.89,-0.73
2023-02-15,比亚迪,002594,91.6,91.9,90.12,90.26,91.25,90832,2549250813.75,0.78,-1.08
2023-02-14,比亚迪,002594,91.93,92.1,90.3,91.25,91.37,73644,2068766543.49,0.63,-0.13
2023-02-13,比亚迪,002594,90.27,91.69,89.62,91.37,91.22,93461,2628940179.13,0.8,0.16
2023-02-10,比亚迪,002594,92.56,92.56,90.6,91.22,93.37,129708,3659502383.76,1.11,-2.3
2023-02-09,比亚迪,002594,91.93,93.54,91.36,93.37,92.48,90649,2602093563.52,0.78,0.96
2023-02-08,比亚迪,002594,93.6,93.6,91.53,92.48,93.6,92901,2653105085.39,0.8,-1.2
2023-02-07,比亚迪,002594,94.59,94.76,93.13,93.6,93.92,76835,2223584357.9,0.66,-0.34
2023-02-06,比亚迪,002594,94.49,94.49,93.13,93.92,95.6,100447,2906251550.27,0.86,-1.76
2023-02-03,比亚迪,002594,97.25,97.25,94.86,95.6,98.14,152948,4517779880.13,1.31,-2.59
2023-02-02,比亚迪,002594,99.22,99.31,97.25,98.14,98.71,148030,4485489933.08,1.27,-0.58
2023-02-01,比亚迪,002594,93.26,98.71,92.64,98.71,92.53,272987,8144001077.42,2.34,6.68
2023-01-31,比亚迪,002594,92.26,93.53,90.73,92.53,91.26,187110,5339962478.48,1.61,1.39
2023-01-30,比亚迪,002594,92.26,93.26,90.93,91.26,87.29,281854,8014418507.92,2.42,4.55
2023-01-20,比亚迪,002594,87.6,87.89,86.27,87.29,87.43,104649,2819530181.01,0.9,-0.16
2023-01-19,比亚迪,002594,86.56,87.55,86.1,87.43,86.93,81239,2185520061.14,0.7,0.58
2023-01-18,比亚迪,002594,87.21,88.1,86.09,86.93,87.26,86108,2315435132.64,0.74,-0.38
2023-01-17,比亚迪,002594,88.53,88.76,86.91,87.26,88.53,111666,3020383061.27,0.96,-1.43
2023-01-16,比亚迪,002594,90.12,90.19,87.93,88.53,90.12,165000,4536354778.25,1.42,-1.76
2023-01-13,比亚迪,002594,89.73,90.57,88.93,90.12,89.7,128411,3556565563.29,1.1,0.47
2023-01-12,比亚迪,002594,87.77,92.08,87.5,89.7,86.93,223479,6213489747.34,1.92,3.19
2023-01-11,比亚迪,002594,85.56,87.6,84.4,86.93,86.13,128364,3429408754.48,1.1,0.93
2023-01-10,比亚迪,002594,84.61,87.12,83.03,86.13,85.06,173513,4568518534.9,1.49,1.26
2023-01-09,比亚迪,002594,86.6,86.6,84.69,85.06,86.0,114169,3020383479.88,0.98,-1.09
2023-01-06,比亚迪,002594,86.57,87.66,85.63,86.0,85.62,138855,3726792588.77,1.19,0.44
2023-01-05,比亚迪,002594,84.77,86.46,84.28,85.62,83.63,118936,3143084205.35,1.02,2.38
2023-01-04,比亚迪,002594,83.93,84.09,82.76,83.63,84.09,72675,1881537611.89,0.62,-0.55
2023-01-03,比亚迪,002594,82.73,84.57,80.6,84.09,82.92,121374,3108609040.59,1.04,1.41
2022-12-30,比亚迪,002594,83.43,84.05,82.77,82.92,82.18,74890,1931977379.46,0.64,0.9
2022-12-29,比亚迪,002594,81.93,83.55,81.31,82.18,82.14,72256,1841122253.64,0.62,0.05
2022-12-28,比亚迪,002594,83.1,83.66,81.6,82.14,84.64,102564,2612261022.46,0.88,-2.95
2022-12-27,比亚迪,002594,85.08,85.26,83.86,84.64,84.74,55537,1453871979.26,0.48,-0.12
2022-12-26,比亚迪,002594,81.33,85.1,81.33,84.74,81.32,93548,2430254724.83,0.8,4.21
2022-12-23,比亚迪,002594,82.63,82.73,80.76,81.32,83.66,90819,2294101017.91,0.78,-2.8
2022-12-22,比亚迪,002594,84.93,85.1,83.43,83.66,84.2,59210,1543323319.1,0.51,-0.64
2022-12-21,比亚迪,002594,84.46,84.88,83.8,84.2,84.46,41966,1095313221.68,0.36,-0.31
2022-12-20,比亚迪,002594,85.9,85.9,83.49,84.46,86.1,84908,2218820934.7,0.73,-1.9
2022-12-19,比亚迪,002594,86.93,88.93,85.8,86.1,87.43,84039,2264390154.86,0.72,-1.52
2022-12-16,比亚迪,002594,87.29,87.72,86.45,87.43,87.75,56197,1512400641.37,0.48,-0.36
2022-12-15,比亚迪,002594,86.04,88.02,85.1,87.75,86.06,97123,2610706543.72,0.83,1.96
2022-12-14,比亚迪,002594,87.07,87.08,85.13,86.06,87.2,94365,2507895816.83,0.81,-1.31
2022-12-13,比亚迪,002594,87.93,88.93,87.1,87.2,87.22,61384,1667300817.76,0.53,-0.02
2022-12-12,比亚迪,002594,87.92,88.42,86.6,87.22,88.83,80128,2168695196.08,0.69,-1.81
2022-12-09,比亚迪,002594,89.09,89.83,87.75,88.83,88.69,100992,2768392889.38,0.87,0.16
2022-12-08,比亚迪,002594,88.51,88.93,87.55,88.69,88.51,94581,2587392485.85,0.81,0.2
2022-12-07,比亚迪,002594,86.48,90.02,86.48,88.51,86.46,192666,5284876702.79,1.65,2.37
2022-12-06,比亚迪,002594,84.11,87.81,83.93,86.46,85.05,123007,3283672654.46,1.06,1.66
2022-12-05,比亚迪,002594,85.91,86.46,84.56,85.05,84.62,105233,2776465998.91,0.9,0.51
2022-12-02,比亚迪,002594,85.57,86.45,84.09,84.62,86.15,116075,3062453851.98,1.0,-1.78
2022-12-01,比亚迪,002594,86.6,87.58,85.57,86.15,83.77,257986,6927128718.24,2.21,2.84
2022-11-30,比亚迪,002594,80.05,83.93,79.42,83.77,80.03,212873,5434244562.94,1.83,4.67
2022-11-29,比亚迪,002594,79.36,80.49,78.26,80.03,78.97,123581,3051509362.17,1.06,1.34
2022-11-28,比亚迪,002594,77.26,78.97,76.34,78.97,78.95,99109,2387430972.84,0.85,0.03
2022-11-25,比亚迪,002594,80.26,80.26,78.93,78.95,80.39,87822,2160628974.42,0.75,-1.79
2022-11-24,比亚迪,002594,81.71,82.26,80.02,80.39,81.1,85314,2137710347.92,0.73,-0.88
2022-11-23,比亚迪,002594,80.76,81.1,79.66,81.1,80.76,88469,2209509305.64,0.76,0.42
2022-11-22,比亚迪,002594,82.26,82.35,80.6,80.76,82.0,80146,2013576333.06,0.69,-1.51
2022-11-21,比亚迪,002594,81.54,82.13,80.1,82.0,82.16,82515,2082807824.6,0.71,-0.19
2022-11-18,比亚迪,002594,83.19,83.78,81.76,82.16,82.93,101184,2595461705.13,0.87,-0.93
2022-11-17,比亚迪,002594,83.9,83.9,81.79,82.93,84.29,111261,2842104512.8,0.96,-1.61
2022-11-16,比亚迪,002594,85.86,86.13,83.96,84.29,86.26,103549,2719934793.35,0.89,-2.28
2022-11-15,比亚迪,002594,85.26,86.7,83.96,86.26,85.19,112848,2985500713.78,0.97,1.26
2022-11-14,比亚迪,002594,87.01,88.11,84.85,85.19,86.86,115237,3071390410.29,0.99,-1.92
2022-11-11,比亚迪,002594,87.43,88.25,85.65,86.86,84.02,166100,4467701122.29,1.43,3.38
2022-11-10,比亚迪,002594,85.47,85.59,82.53,84.02,87.14,155497,4039239830.46,1.34,-3.58
2022-11-09,比亚迪,002594,89.98,90.22,86.81,87.14,89.4,111946,3038705770.15,0.96,-2.53
2022-11-08,比亚迪,002594,90.41,91.46,88.43,89.4,90.22,105634,2925766812.0,0.91,-0.91
2022-11-07,比亚迪,002594,88.93,91.27,88.26,90.22,90.66,135842,3781158419.5,1.17,-0.49
2022-11-04,比亚迪,002594,86.92,91.6,86.6,90.66,86.59,224887,6270505264.36,1.93,4.7
2022-11-03,比亚迪,002594,85.6,87.85,85.3,86.59,86.45,102384,2747240766.43,0.88,0.16
2022-11-02,比亚迪,002594,84.26,87.8,83.38,86.45,84.54,187319,4980989814.63,1.61,2.26
2022-11-01,比亚迪,002594,79.63,84.66,79.6,84.54,79.49,219283,5620272304.03,1.88,6.35
2022-10-31,比亚迪,002594,76.43,80.93,76.3,79.49,77.23,187942,4625511532.23,1.61,2.93
2022-10-28,比亚迪,002594,81.6,81.6,75.87,77.23,82.26,263164,6372054067.38,2.26,-6.11
2022-10-27,比亚迪,002594,83.59,84.17,82.26,82.26,83.22,97766,2516238985.32,0.84,-1.15
2022-10-26,比亚迪,002594,83.93,85.28,82.36,83.22,83.23,126415,3279130695.61,1.09,-0.01
2022-10-25,比亚迪,002594,81.6,84.13,80.61,83.23,82.45,113243,2897739554.19,0.97,0.95
2022-10-24,比亚迪,002594,85.56,86.03,81.79,82.45,86.03,167413,4324097663.28,1.44,-4.16
2022-10-21,比亚迪,002594,85.1,87.56,84.6,86.03,85.1,104786,2794657481.96,0.9,1.09
2022-10-20,比亚迪,002594,85.26,85.79,83.06,85.1,86.43,128417,3355270263.24,1.1,-1.54
2022-10-19,比亚迪,002594,88.49,89.41,86.22,86.43,88.49,134004,3642369173.85,1.15,-2.33
2022-10-18,比亚迪,002594,90.26,90.26,88.1,88.49,84.15,244142,6717206760.96,2.1,5.16
2022-10-17,比亚迪,002594,84.93,84.93,82.83,84.15,85.44,109678,2842978644.52,0.94,-1.51
2022-10-14,比亚迪,002594,84.62,86.96,83.91,85.44,83.32,145695,3854443048.81,1.25,2.54
2022-10-13,比亚迪,002594,83.93,84.93,83.29,83.32,84.71,96187,2497932932.31,0.83,-1.64
2022-10-12,比亚迪,002594,81.93,85.01,80.58,84.71,82.27,144871,3708582158.11,1.24,2.97
2022-10-11,比亚迪,002594,81.26,83.06,80.37,82.27,81.0,132820,3370369988.09,1.14,1.57
2022-10-10,比亚迪,002594,81.35,82.73,80.41,81.0,81.27,117479,2967008053.9,1.01,-0.33
2022-09-30,比亚迪,002594,84.93,85.11,80.26,81.27,85.45,214036,5421385039.32,1.84,-4.89
2022-09-29,比亚迪,002594,87.26,87.86,85.26,85.45,85.8,88357,2355802795.76,0.76,-0.41
2022-09-28,比亚迪,002594,88.26,88.26,85.76,85.8,88.58,85620,2293531516.44,0.74,-3.14
2022-09-27,比亚迪,002594,88.25,88.87,87.28,88.58,88.25,83096,2262822665.47,0.71,0.37
2022-09-26,比亚迪,002594,86.06,89.26,85.12,88.25,86.06,143606,3911414126.97,1.23,2.54
2022-09-23,比亚迪,002594,86.29,87.19,85.36,86.06,86.78,79644,2125444094.97,0.68,-0.83
2022-09-22,比亚迪,002594,86.43,87.06,84.36,86.78,87.26,92800,2468839436.32,0.8,-0.55
2022-09-21,比亚迪,002594,87.86,88.13,86.26,87.26,88.67,83754,2258898397.52,0.72,-1.59
2022-09-20,比亚迪,002594,88.53,89.76,87.93,88.67,87.38,111245,3058894058.59,0.96,1.48
2022-09-19,比亚迪,002594,86.6,88.56,86.16,87.38,85.92,110950,3006108121.18,0.95,1.7
2022-09-16,比亚迪,002594,86.6,87.75,85.38,85.92,87.1,104476,2797971959.02,0.9,-1.35
2022-09-15,比亚迪,002594,90.6,90.76,86.23,87.1,90.04,152395,4126260384.99,1.31,-3.27
2022-09-14,比亚迪,002594,91.26,91.86,89.35,90.04,92.2,105151,2935617132.72,0.9,-2.34
2022-09-13,比亚迪,002594,91.26,92.83,90.39,92.2,90.5,111524,3162351106.79,0.96,1.88
2022-09-09,比亚迪,002594,90.93,91.09,89.59,90.5,90.02,76098,2125233636.1,0.65,0.53
2022-09-08,比亚迪,002594,91.6,92.26,89.6,90.02,91.5,116429,3267426058.84,1.0,-1.62
2022-09-07,比亚迪,002594,87.93,92.28,87.46,91.5,88.24,190873,5345727757.12,1.64,3.69
2022-09-06,比亚迪,002594,86.85,88.75,86.33,88.24,86.85,189903,5154529157.93,1.63,1.6
2022-09-05,比亚迪,002594,86.93,87.56,84.3,86.85,91.26,351208,9364600412.1,3.02,-4.83
2022-09-02,比亚迪,002594,93.5,93.8,89.96,91.26,92.83,161662,4561284361.67,1.39,-1.69
2022-09-01,比亚迪,002594,92.26,95.46,91.94,92.83,93.26,192582,5566420144.72,1.65,-0.46
2022-08-31,比亚迪,002594,94.26,96.13,91.93,93.26,100.88,408060,11841919126.44,3.5,-7.55
2022-08-30,比亚迪,002594,102.43,103.43,100.6,100.88,101.78,110247,3454778559.87,0.95,-0.88
2022-08-29,比亚迪,002594,101.82,102.89,101.09,101.78,102.51,85912,2696123150.78,0.74,-0.71
2022-08-26,比亚迪,002594,101.59,103.24,100.6,102.51,100.46,122127,3849213721.03,1.05,2.04
2022-08-25,比亚迪,002594,100.45,100.96,98.15,100.46,100.43,140221,4308297636.81,1.2,0.03
2022-08-24,比亚迪,002594,104.49,104.92,100.36,100.43,104.47,186783,5854016197.05,1.6,-3.87
2022-08-23,比亚迪,002594,105.26,105.78,103.59,104.47,104.96,93000,2989844194.59,0.8,-0.47
2022-08-22,比亚迪,002594,102.6,105.96,101.34,104.96,103.73,147668,4747212897.21,1.27,1.19
2022-08-19,比亚迪,002594,105.61,106.41,102.93,103.73,105.94,124289,3993178339.9,1.07,-2.09
2022-08-18,比亚迪,002594,106.26,107.26,105.21,105.94,106.57,142790,4659424798.77,1.23,-0.59
2022-08-17,比亚迪,002594,103.93,107.13,102.84,106.57,103.57,210871,6808620193.78,1.81,2.9
2022-08-16,比亚迪,002594,102.53,104.56,102.43,103.57,102.33,157243,5029761317.39,1.35,1.21
2022-08-15,比亚迪,002594,101.33,103.67,101.0,102.33,101.24,135119,4265356111.56,1.16,1.08
2022-08-12,比亚迪,002594,102.27,102.69,100.6,101.24,102.27,101338,3165436406.24,0.87,-1.01
2022-08-11,比亚迪,002594,101.07,102.56,99.13,102.27,100.05,165445,5159742999.32,1.42,2.22
2022-08-10,比亚迪,002594,103.83,103.83,98.93,100.05,103.84,258499,7998810820.76,2.22,-3.65
2022-08-09,比亚迪,002594,104.32,105.2,103.31,103.84,104.38,116107,3719885520.15,1.0,-0.52
2022-08-08,比亚迪,002594,104.63,105.56,103.6,104.38,105.43,129488,4158491944.2,1.11,-1.0
2022-08-05,比亚迪,002594,107.26,107.89,103.36,105.43,106.2,157564,5115620394.38,1.35,-0.73
2022-08-04,比亚迪,002594,106.6,107.75,104.63,106.2,104.59,186637,6098858888.61,1.6,1.54
2022-08-03,比亚迪,002594,106.16,108.88,103.56,104.59,106.13,188723,6197191078.22,1.62,-1.45
2022-08-02,比亚迪,002594,105.56,107.42,104.36,106.13,107.44,156643,5110091377.52,1.34,-1.22
2022-08-01,比亚迪,002594,103.26,107.96,102.7,107.44,104.05,187584,6141512246.28,1.61,3.26
2022-07-29,比亚迪,002594,104.93,106.53,103.25,104.05,105.7,114854,3695131506.07,0.99,-1.56
2022-07-28,比亚迪,002594,106.9,107.71,105.23,105.7,105.83,109065,3572559081.57,0.94,-0.12
2022-07-27,比亚迪,002594,105.23,107.16,104.23,105.83,105.56,91056,2961812248.59,0.78,0.26
2022-07-26,比亚迪,002594,104.72,106.45,103.89,105.56,104.88,107656,3493834391.48,0.92,0.65
2022-07-25,比亚迪,002594,105.89,106.23,103.89,104.88,107.1,115017,3705167359.35,0.99,-2.07
2022-07-22,比亚迪,002594,105.9,108.78,105.89,107.1,105.39,141774,4687025063.19,1.22,1.62
2022-07-21,比亚迪,002594,106.89,107.56,104.87,105.39,107.79,132003,4303073903.06,1.13,-2.23
2022-07-20,比亚迪,002594,108.22,108.51,106.92,107.79,107.59,103263,3425066981.27,0.89,0.19
2022-07-19,比亚迪,002594,109.59,109.59,106.43,107.59,109.59,158180,5239778187.42,1.36,-1.82
2022-07-18,比亚迪,002594,112.23,112.56,106.56,109.59,109.96,238912,8007559906.57,2.05,-0.34
2022-07-15,比亚迪,002594,108.89,113.86,108.23,109.96,104.89,444508,15284697866.33,3.82,4.83
2022-07-14,比亚迪,002594,100.2,104.89,99.56,104.89,100.52,272489,8631732044.24,2.34,4.35
2022-07-13,比亚迪,002594,100.23,101.84,96.15,100.52,100.23,341067,10439432846.37,2.93,0.29
2022-07-12,比亚迪,002594,103.89,104.23,97.25,100.23,105.33,450515,13935271930.66,3.87,-4.84
2022-07-11,比亚迪,002594,109.19,109.19,103.52,105.33,109.89,254317,8284856832.0,2.18,-4.15
2022-07-08,比亚迪,002594,113.69,114.52,109.89,109.89,113.69,190478,6547698944.0,1.64,-3.34
2022-07-07,比亚迪,002594,109.79,114.54,108.35,113.69,109.26,304649,10511816704.0,2.62,4.05
2022-07-06,比亚迪,002594,108.49,110.76,107.89,109.26,108.52,183434,6179119616.0,1.57,0.68
2022-07-05,比亚迪,002594,109.56,110.76,107.09,108.52,109.28,173757,5819208192.0,1.49,-0.7
2022-07-04,比亚迪,002594,107.89,109.96,107.29,109.28,106.96,209512,7020823808.0,1.8,2.17
2022-07-01,比亚迪,002594,107.95,108.23,103.93,106.96,108.39,234113,7658689280.0,2.01,-1.32
2022-06-30,比亚迪,002594,107.56,110.34,107.23,108.39,107.76,220145,7372602880.0,1.89,0.58
2022-06-29,比亚迪,002594,113.89,113.89,107.72,107.76,114.86,361146,12246017280.0,3.1,-6.18
2022-06-28,比亚迪,002594,112.89,116.83,111.46,114.86,113.79,269635,9447959040.0,2.31,0.94
2022-06-27,比亚迪,002594,114.58,116.23,113.34,113.79,114.24,217155,7630684928.0,1.86,-0.39
2022-06-24,比亚迪,002594,114.89,115.99,112.56,114.24,115.06,235984,8273168128.0,2.03,-0.71
2022-06-23,比亚迪,002594,112.13,115.24,109.89,115.06,110.52,323142,11251776000.0,2.77,4.11
2022-06-22,比亚迪,002594,111.37,113.1,109.89,110.52,110.89,186788,6412052224.0,1.6,-0.33
2022-06-21,比亚迪,002594,110.48,111.16,107.96,110.89,111.29,197827,6666969600.0,1.7,-0.36
2022-06-20,比亚迪,002594,109.92,113.45,108.9,111.29,109.89,245416,8405361664.0,2.11,1.27
2022-06-17,比亚迪,002594,107.26,110.96,106.25,109.89,109.23,262148,8830738944.0,2.25,0.6
2022-06-16,比亚迪,002594,109.06,111.46,108.36,109.23,108.89,190172,6410739456.0,1.63,0.31
2022-06-15,比亚迪,002594,111.88,112.64,108.07,108.89,111.76,303948,10285857792.0,2.61,-2.57
2022-06-14,比亚迪,002594,111.23,112.16,106.3,111.76,113.49,404789,13634616576.0,3.48,-1.52
2022-06-13,比亚迪,002594,112.56,116.85,110.76,113.49,113.49,360681,12573534208.0,3.1,0.0
2022-06-10,比亚迪,002594,104.39,113.89,104.25,113.49,104.7,438249,14790622464.0,3.76,8.4
2022-06-09,比亚迪,002594,108.57,108.83,104.23,104.7,106.36,307542,10050640384.0,2.64,-1.56
2022-06-08,比亚迪,002594,103.43,106.58,101.56,106.36,102.19,290513,9321932800.0,2.49,4.08
2022-06-07,比亚迪,002594,103.23,103.85,100.93,102.19,103.3,200221,6296538112.0,1.72,-1.07
2022-06-06,比亚迪,002594,98.56,104.05,98.08,103.3,97.57,294757,9260502528.0,2.53,5.87
2022-06-02,比亚迪,002594,95.89,98.89,95.63,97.57,97.22,177728,5355773696.0,1.53,0.36
2022-06-01,比亚迪,002594,96.56,98.83,94.93,97.22,95.86,216912,6501902080.0,1.86,1.42
2022-05-31,比亚迪,002594,97.23,97.55,95.06,95.86,96.6,177011,5242211072.0,1.52,-0.77
2022-05-30,比亚迪,002594,94.56,97.13,94.25,96.6,93.52,218524,6485732096.0,1.88,3.29
2022-05-27,比亚迪,002594,94.88,96.43,92.78,93.52,92.77,153187,4467796224.0,1.32,0.81
2022-05-26,比亚迪,002594,93.02,94.3,91.39,92.77,92.96,143095,4106312144.0,1.23,-0.2
2022-05-25,比亚迪,002594,90.98,93.44,89.9,92.96,90.89,230858,6563212032.0,1.98,2.28
2022-05-24,比亚迪,002594,93.89,94.88,90.89,90.89,95.63,290497,8303003904.0,2.49,-4.96
2022-05-23,比亚迪,002594,94.79,96.56,93.16,95.63,93.13,255588,7496178176.0,2.19,2.68
2022-05-20,比亚迪,002594,92.9,94.43,90.96,93.13,92.06,178683,5125699584.0,1.53,1.16
2022-05-19,比亚迪,002594,89.0,92.34,88.66,92.06,91.03,173637,4879756544.0,1.49,1.13
2022-05-18,比亚迪,002594,91.39,93.23,90.23,91.03,91.39,205303,5812001024.0,1.76,-0.39
2022-05-17,比亚迪,002594,86.89,92.23,86.73,91.39,86.27,293489,8193618944.0,2.52,5.93
2022-05-16,比亚迪,002594,87.6,88.23,85.66,86.27,87.25,202369,5441551616.0,1.74,-1.12
2022-05-13,比亚迪,002594,83.83,87.73,82.53,87.25,81.92,367121,9733352448.0,3.15,6.51
2022-05-12,比亚迪,002594,80.56,83.13,80.13,81.92,81.46,241156,6107994880.0,2.07,0.56
2022-05-11,比亚迪,002594,74.56,82.78,74.39,81.46,75.0,459526,11482476032.0,3.95,8.61
2022-05-10,比亚迪,002594,71.93,75.11,71.32,75.0,74.8,209697,4792958464.0,1.8,0.27
2022-05-09,比亚迪,002594,74.23,76.19,74.23,74.8,77.92,175116,4086613984.0,1.5,-4.0
2022-05-06,比亚迪,002594,77.57,79.23,77.26,77.92,80.16,145489,3530097264.0,1.25,-2.79
2022-05-05,比亚迪,002594,79.29,81.36,77.82,80.16,78.23,253259,6282897408.0,2.17,2.47
2022-04-29,比亚迪,002594,75.16,78.5,74.14,78.23,74.55,248163,5912448256.0,2.13,4.94
2022-04-28,比亚迪,002594,75.43,75.73,73.89,74.55,75.56,146372,3405250080.0,1.26,-1.34
2022-04-27,比亚迪,002594,72.76,75.83,70.16,75.56,74.5,254342,5794106624.0,2.18,1.42
2022-04-26,比亚迪,002594,73.56,75.84,73.37,74.5,73.06,158176,3670084736.0,1.36,1.97
2022-04-25,比亚迪,002594,73.89,76.04,72.77,73.06,75.69,161889,3741670656.0,1.39,-3.47
2022-04-22,比亚迪,002594,73.9,75.78,73.58,75.69,75.24,108162,2522975072.0,0.94,0.6
2022-04-21,比亚迪,002594,76.48,77.48,74.59,75.24,77.82,154049,3625535264.0,1.33,-3.32
2022-04-20,比亚迪,002594,79.78,80.0,77.51,77.82,78.85,130781,3187144240.0,1.13,-1.31
2022-04-19,比亚迪,002594,78.28,80.86,78.27,78.85,76.93,207782,5140377856.0,1.8,2.5
2022-04-18,比亚迪,002594,75.49,77.56,73.89,76.93,75.96,110592,2613800704.0,0.96,1.28
2022-04-15,比亚迪,002594,76.73,77.23,74.81,75.96,77.66,129239,3049510864.0,1.12,-2.19
2022-04-14,比亚迪,002594,77.89,78.89,77.52,77.66,76.23,131638,3198011072.0,1.14,1.88
2022-04-13,比亚迪,002594,75.57,77.88,74.9,76.23,76.61,109673,2614119776.0,0.95,-0.5
2022-04-12,比亚迪,002594,74.56,76.75,74.29,76.61,74.89,128889,3034073568.0,1.12,2.3
2022-04-11,比亚迪,002594,77.23,77.72,73.73,74.89,78.55,193070,4519392512.0,1.67,-4.66
2022-04-08,比亚迪,002594,77.23,79.39,76.93,78.55,77.23,171719,4185742784.0,1.49,1.71
2022-04-07,比亚迪,002594,77.23,78.99,76.9,77.23,77.86,122700,2964659968.0,1.06,-0.81
2022-04-06,比亚迪,002594,78.89,79.23,77.1,77.86,75.88,205293,4976485376.0,1.78,2.61
2022-04-01,比亚迪,002594,72.82,77.08,72.76,75.88,73.83,182948,4301758464.0,1.58,2.78
2022-03-31,比亚迪,002594,75.3,75.56,72.86,73.83,76.23,161731,3721363312.0,1.4,-3.15
2022-03-30,比亚迪,002594,72.89,76.23,71.3,76.23,74.23,251260,5807876352.0,2.18,2.69
2022-03-29,比亚迪,002594,74.87,76.06,73.49,74.23,74.03,138587,3224438272.0,1.2,0.27
2022-03-28,比亚迪,002594,75.53,75.53,73.52,74.03,75.66,143104,3306510720.0,1.24,-2.15
2022-03-25,比亚迪,002594,79.59,80.21,75.23,75.66,79.59,208024,4984988416.0,1.8,-4.94
2022-03-24,比亚迪,002594,78.46,80.56,78.03,79.59,79.62,113681,2794432832.0,0.98,-0.04
2022-03-23,比亚迪,002594,80.56,80.89,79.32,79.62,78.83,148501,3696654256.0,1.29,1.0
2022-03-22,比亚迪,002594,78.89,79.69,77.9,78.83,79.02,115079,2815900944.0,1.0,-0.24
2022-03-21,比亚迪,002594,77.23,80.18,76.62,79.02,75.39,279178,6829415168.0,2.42,4.81
2022-03-18,比亚迪,002594,75.53,76.85,74.58,75.39,75.53,150549,3530653264.0,1.3,-0.19
2022-03-17,比亚迪,002594,77.35,77.52,75.45,75.53,73.7,315844,7518685440.0,2.73,2.48
2022-03-16,比亚迪,002594,70.89,73.89,68.63,73.7,68.16,333766,7432043520.0,2.89,8.13
2022-03-15,比亚迪,002594,67.6,71.23,67.04,68.16,70.23,198204,4269341888.0,1.72,-2.95
2022-03-14,比亚迪,002594,72.23,72.23,70.23,70.23,73.84,150841,3336922832.0,1.31,-4.89
2022-03-11,比亚迪,002594,71.23,74.49,70.57,73.84,73.59,186116,4186645904.0,1.61,0.34
2022-03-10,比亚迪,002594,74.86,75.04,73.56,73.59,71.76,248343,5744788992.0,2.15,2.55
2022-03-09,比亚迪,002594,69.56,71.76,67.23,71.76,69.29,251135,5484773632.0,2.17,3.56
2022-03-08,比亚迪,002594,70.92,72.39,67.23,69.29,71.76,291499,6317187584.0,2.52,-3.44
2022-03-07,比亚迪,002594,72.86,73.12,70.57,71.76,75.16,236129,5286036224.0,2.04,-4.52
2022-03-04,比亚迪,002594,76.33,77.85,73.89,75.16,78.96,291706,6857430784.0,2.53,-4.81
2022-03-03,比亚迪,002594,80.4,80.85,78.56,78.96,80.09,99633,2449485392.0,0.86,-1.41
2022-03-02,比亚迪,002594,80.23,80.35,78.55,80.09,81.15,121242,2998567648.0,1.05,-1.31
2022-03-01,比亚迪,002594,82.23,82.76,80.31,81.15,80.43,176520,4476715008.0,1.53,0.9
2022-02-28,比亚迪,002594,79.53,80.62,79.23,80.43,79.84,118291,2936223648.0,1.02,0.74
2022-02-25,比亚迪,002594,80.53,81.35,79.84,79.84,78.85,146014,3646918800.0,1.26,1.26
2022-02-24,比亚迪,002594,79.93,81.15,77.75,78.85,81.23,238220,5865805824.0,2.06,-2.93
2022-02-23,比亚迪,002594,77.86,81.4,76.9,81.23,76.38,291149,7232162048.0,2.52,6.35
2022-02-22,比亚迪,002594,76.89,76.89,75.33,76.38,77.86,125452,2966441424.0,1.09,-1.9
2022-02-21,比亚迪,002594,77.56,79.16,77.11,77.86,78.21,109538,2657589024.0,0.95,-0.45
2022-02-18,比亚迪,002594,77.56,79.02,77.23,78.21,79.03,99105,2407158416.0,0.86,-1.04
2022-02-17,比亚迪,002594,77.97,80.14,76.89,79.03,77.43,191064,4670631680.0,1.65,2.07
2022-02-16,比亚迪,002594,77.89,78.89,77.36,77.43,76.66,128725,3117890736.0,1.11,1.0
2022-02-15,比亚迪,002594,74.62,77.21,74.62,76.66,74.55,158524,3757722224.0,1.37,2.83
2022-02-14,比亚迪,002594,73.96,75.56,72.23,74.55,73.96,133199,3079221408.0,1.15,0.8
2022-02-11,比亚迪,002594,75.91,77.27,73.39,73.96,77.27,199439,4646312960.0,1.73,-4.28
2022-02-10,比亚迪,002594,79.48,79.89,76.59,77.27,78.95,146285,3521519984.0,1.27,-2.13
2022-02-09,比亚迪,002594,76.91,79.36,75.57,78.95,76.22,199929,4854528768.0,1.73,3.58
2022-02-08,比亚迪,002594,78.23,78.23,74.11,76.22,78.69,199040,4669049088.0,1.72,-3.14
2022-02-07,比亚迪,002594,77.49,80.32,76.56,78.69,72.83,251125,6117950208.0,2.17,8.05
2022-01-28,比亚迪,002594,77.22,77.89,70.48,72.83,77.65,324373,7392709632.0,2.81,-6.21
2022-01-27,比亚迪,002594,79.56,80.33,77.56,77.65,80.39,132650,3242987824.0,1.15,-3.41
2022-01-26,比亚迪,002594,78.89,81.02,78.0,80.39,77.33,174446,4321964288.0,1.51,3.96
2022-01-25,比亚迪,002594,79.89,80.89,77.23,77.33,81.03,172772,4222848976.0,1.5,-4.57
2022-01-24,比亚迪,002594,79.25,81.52,78.65,81.03,80.69,108377,2706367136.0,0.94,0.42
2022-01-21,比亚迪,002594,80.92,82.47,79.34,80.69,80.92,112394,2822719632.0,0.97,-0.28
2022-01-20,比亚迪,002594,81.26,81.8,79.56,80.92,81.55,149986,3759819344.0,1.3,-0.77
2022-01-19,比亚迪,002594,85.88,86.52,80.66,81.55,85.92,231882,5960665088.0,2.01,-5.09
2022-01-18,比亚迪,002594,86.03,86.88,84.66,85.92,86.06,125054,3325099872.0,1.08,-0.16
2022-01-17,比亚迪,002594,81.57,86.39,81.57,86.06,81.61,241145,6349270784.0,2.09,5.45
2022-01-14,比亚迪,002594,80.83,82.99,80.56,81.61,82.33,149548,3798549600.0,1.29,-0.87
2022-01-13,比亚迪,002594,83.14,83.41,80.1,82.33,82.56,217104,5516666112.0,1.88,-0.28
2022-01-12,比亚迪,002594,79.23,82.56,78.66,82.56,76.92,323602,8103336192.0,2.8,7.33
2022-01-11,比亚迪,002594,79.32,79.32,76.49,76.92,79.33,212441,5100240640.0,1.84,-3.04
2022-01-10,比亚迪,002594,78.89,80.38,76.9,79.33,79.39,162142,3964485472.0,1.4,-0.08
2022-01-07,比亚迪,002594,81.16,81.55,78.89,79.39,80.57,161934,4009535488.0,1.4,-1.46
2022-01-06,比亚迪,002594,80.56,82.07,79.86,80.57,81.65,175908,4396413696.0,1.52,-1.32
2022-01-05,比亚迪,002594,85.41,86.05,81.13,81.65,87.56,301709,7725244416.0,2.61,-6.75
2022-01-04,比亚迪,002594,89.23,90.38,85.63,87.56,86.6,244661,6673692672.0,2.12,1.11
2021-12-31,比亚迪,002594,88.23,88.62,86.23,86.6,86.27,116292,3136714688.0,1.01,0.38
2021-12-30,比亚迪,002594,86.56,88.22,85.89,86.27,86.89,117327,3158736176.0,1.02,-0.71
2021-12-29,比亚迪,002594,87.94,87.97,84.89,86.89,87.51,141603,3783958096.0,1.23,-0.71
2021-12-28,比亚迪,002594,86.61,87.56,85.96,87.51,86.24,118543,3183320992.0,1.03,1.47
2021-12-27,比亚迪,002594,86.89,87.74,85.89,86.24,87.23,107190,2874395600.0,0.93,-1.13
2021-12-24,比亚迪,002594,91.22,91.23,85.55,87.23,90.56,209969,5675961344.0,1.82,-3.68
2021-12-23,比亚迪,002594,91.24,92.19,89.61,90.56,90.3,123021,3451820144.0,1.07,0.29
2021-12-22,比亚迪,002594,90.56,92.29,89.56,90.3,89.3,144442,4061024224.0,1.25,1.12
2021-12-21,比亚迪,002594,87.39,89.49,87.03,89.3,87.39,149653,4098708736.0,1.3,2.19
2021-12-20,比亚迪,002594,90.3,91.05,86.65,87.39,90.22,217845,5964658176.0,1.89,-3.14
2021-12-17,比亚迪,002594,91.89,92.52,90.1,90.22,92.63,151118,4240478256.0,1.31,-2.6
2021-12-16,比亚迪,002594,94.89,95.06,90.23,92.63,95.01,278665,7928142080.0,2.41,-2.51
2021-12-15,比亚迪,002594,95.03,95.73,94.46,95.01,95.03,98150,2877855920.0,0.85,-0.02
2021-12-14,比亚迪,002594,95.73,96.25,94.46,95.03,96.69,157111,4609509632.0,1.36,-1.72
2021-12-13,比亚迪,002594,98.22,98.23,96.56,96.69,97.7,142941,4278869488.0,1.24,-1.03
2021-12-10,比亚迪,002594,95.89,97.9,94.83,97.7,97.06,144873,4325991168.0,1.25,0.66
2021-12-09,比亚迪,002594,97.23,97.44,96.24,97.06,97.49,112957,3375316208.0,0.98,-0.44
2021-12-08,比亚迪,002594,95.9,97.56,95.39,97.49,95.49,154382,4606774784.0,1.34,2.09
2021-12-07,比亚迪,002594,99.23,99.34,94.25,95.49,97.81,227679,6727287040.0,1.97,-2.37
2021-12-06,比亚迪,002594,97.56,101.06,97.51,97.81,99.53,178801,5465317632.0,1.55,-1.73
2021-12-03,比亚迪,002594,99.56,100.49,96.85,99.53,100.16,210327,6367075328.0,1.82,-0.63
2021-12-02,比亚迪,002594,98.89,101.91,98.26,100.16,99.0,180072,5567674880.0,1.56,1.17
2021-12-01,比亚迪,002594,98.96,99.73,97.35,99.0,98.79,108279,3295906128.0,0.94,0.21
2021-11-30,比亚迪,002594,99.56,99.89,98.23,98.79,98.71,131788,4023809744.0,1.14,0.08
2021-11-29,比亚迪,002594,94.49,99.58,93.87,98.71,96.45,200157,6053231104.0,1.73,2.34
2021-11-26,比亚迪,002594,95.56,98.82,95.24,96.45,96.56,122494,3671367392.0,1.06,-0.11
2021-11-25,比亚迪,002594,98.29,98.72,94.33,96.56,98.29,170971,5070667520.0,1.48,-1.76
2021-11-24,比亚迪,002594,99.04,100.43,97.56,98.29,100.05,141938,4319710976.0,1.23,-1.76
2021-11-23,比亚迪,002594,99.85,100.47,98.55,100.05,100.89,150363,4609989376.0,1.3,-0.83
2021-11-22,比亚迪,002594,96.69,101.06,96.63,100.89,96.17,287020,8785850112.0,2.48,4.91
2021-11-19,比亚迪,002594,95.8,97.23,93.23,96.17,95.69,175159,5144668928.0,1.52,0.5
2021-11-18,比亚迪,002594,95.49,96.85,93.89,95.69,96.18,129097,3802420928.0,1.12,-0.51
2021-11-17,比亚迪,002594,97.23,98.31,95.23,96.18,95.06,163378,4875749120.0,1.41,1.18
2021-11-16,比亚迪,002594,95.23,96.46,93.23,95.06,95.54,151808,4462067712.0,1.31,-0.5
2021-11-15,比亚迪,002594,99.49,99.49,94.04,95.54,99.49,225372,6667949824.0,1.95,-3.97
2021-11-12,比亚迪,002594,102.49,102.81,99.06,99.49,101.22,148884,4590558720.0,1.29,-1.71
2021-11-11,比亚迪,002594,101.56,102.89,99.91,101.22,100.65,138852,4327235840.0,1.2,0.57
2021-11-10,比亚迪,002594,101.89,102.43,97.75,100.65,104.12,274879,8480095744.0,2.38,-3.33
2021-11-09,比亚迪,002594,102.24,107.22,102.24,104.12,102.23,203305,6580787712.0,1.76,1.85
2021-11-08,比亚迪,002594,99.92,103.76,99.56,102.23,101.89,169849,5344230912.0,1.47,0.33
2021-11-05,比亚迪,002594,105.23,106.23,101.56,101.89,105.56,194183,6178126080.0,1.68,-3.48
2021-11-04,比亚迪,002594,100.94,106.89,100.24,105.56,98.23,349964,11223980544.0,3.03,7.46
2021-11-03,比亚迪,002594,101.6,101.84,97.18,98.23,101.85,197248,6017080320.0,1.71,-3.55
2021-11-02,比亚迪,002594,100.56,103.83,99.77,101.85,97.89,290087,9102548480.0,2.51,4.05
2021-11-01,比亚迪,002594,97.7,100.03,95.17,97.89,101.0,284786,8570609664.0,2.47,-3.08
2021-10-29,比亚迪,002594,98.94,101.81,95.15,101.0,99.89,347160,10585996544.0,3.01,1.11
2021-10-28,比亚迪,002594,103.76,105.16,99.03,99.89,104.47,298267,9334453504.0,2.58,-4.38
2021-10-27,比亚迪,002594,101.56,106.14,100.99,104.47,103.56,219068,7024365568.0,1.9,0.88
2021-10-26,比亚迪,002594,107.39,108.34,103.15,103.56,103.01,313244,10148404480.0,2.71,0.53
2021-10-25,比亚迪,002594,98.26,103.44,97.97,103.01,97.23,335190,10469605376.0,2.9,5.94
2021-10-22,比亚迪,002594,94.63,97.56,93.56,97.23,92.9,336549,10022899456.0,2.91,4.66
2021-10-21,比亚迪,002594,94.23,94.76,91.9,92.9,94.09,180626,5184267776.0,1.56,-1.26
2021-10-20,比亚迪,002594,92.56,95.56,92.31,94.09,92.16,217045,6300647168.0,1.88,2.09
2021-10-19,比亚迪,002594,93.23,95.53,91.89,92.16,92.53,193858,5581983488.0,1.68,-0.4
2021-10-18,比亚迪,002594,91.98,93.44,90.57,92.53,91.67,216214,6155819008.0,1.87,0.94
2021-10-15,比亚迪,002594,88.89,93.06,87.56,91.67,88.21,287845,8089636864.0,2.49,3.92
2021-10-14,比亚迪,002594,87.56,89.22,86.61,88.21,87.63,177799,4844827904.0,1.54,0.66
2021-10-13,比亚迪,002594,82.9,88.43,82.0,87.63,82.9,321978,8631470848.0,2.79,5.71
2021-10-12,比亚迪,002594,82.23,84.86,81.56,82.9,82.48,211651,5464868608.0,1.83,0.51
2021-10-11,比亚迪,002594,81.59,84.93,79.89,82.48,81.56,211973,5448306944.0,1.84,1.13
2021-10-08,比亚迪,002594,83.22,83.89,80.56,81.56,80.4,194104,4939109120.0,1.68,1.44
2021-09-30,比亚迪,002594,76.63,80.46,76.29,80.4,75.89,225038,5528259584.0,1.95,5.94
2021-09-29,比亚迪,002594,78.23,78.85,75.56,75.89,79.51,245555,5859195904.0,2.13,-4.55
2021-09-28,比亚迪,002594,81.19,81.83,79.32,79.51,81.39,162444,4060118400.0,1.41,-2.31
2021-09-27,比亚迪,002594,81.89,83.06,79.49,81.39,81.15,179991,4548951296.0,1.56,0.3
2021-09-24,比亚迪,002594,80.88,83.06,79.56,81.15,80.53,158267,4002973168.0,1.37,0.77
2021-09-23,比亚迪,002594,81.84,83.07,80.19,80.53,79.63,149784,3773864368.0,1.3,1.13
2021-09-22,比亚迪,002594,79.89,81.04,78.57,79.63,82.27,163413,4037944336.0,1.41,-3.21
2021-09-17,比亚迪,002594,81.56,82.89,80.72,82.27,80.89,139421,3544731216.0,1.21,1.71
2021-09-16,比亚迪,002594,84.28,85.48,80.74,80.89,84.28,220810,5613770496.0,1.91,-4.02
2021-09-15,比亚迪,002594,86.52,87.23,83.89,84.28,86.97,218809,5742276864.0,1.89,-3.09
2021-09-14,比亚迪,002594,84.36,89.23,82.91,86.97,84.35,354690,9581432832.0,3.07,3.11
2021-09-13,比亚迪,002594,86.67,87.89,83.62,84.35,85.76,213492,5623333376.0,1.85,-1.64
2021-09-10,比亚迪,002594,87.8,88.07,84.77,85.76,87.8,238757,6341377792.0,2.07,-2.32
2021-09-09,比亚迪,002594,87.89,90.42,85.83,87.8,87.09,216256,5891876608.0,1.87,0.82
2021-09-08,比亚迪,002594,89.86,90.32,86.76,87.09,89.21,182578,4971116544.0,1.58,-2.38
2021-09-07,比亚迪,002594,89.76,90.93,88.32,89.21,89.76,207634,5743962112.0,1.8,-0.61
2021-09-06,比亚迪,002594,83.89,90.23,83.56,89.76,81.93,397789,10725519616.0,3.44,9.56
2021-09-03,比亚迪,002594,86.23,87.56,80.69,81.93,86.23,287964,7420408832.0,2.49,-4.99
2021-09-02,比亚迪,002594,86.23,87.89,84.79,86.23,85.99,165244,4421950976.0,1.43,0.28
2021-09-01,比亚迪,002594,89.56,89.88,83.09,85.99,89.56,287674,7678475264.0,2.49,-3.99
2021-08-31,比亚迪,002594,92.85,92.85,86.08,89.56,91.22,329668,9041075456.0,2.85,-1.82
2021-08-30,比亚迪,002594,89.71,93.23,88.55,91.22,93.28,419092,11735714816.0,3.63,-2.21
2021-08-27,比亚迪,002594,90.89,95.9,90.56,93.28,91.39,262889,7628216320.0,2.28,2.07
2021-08-26,比亚迪,002594,96.23,96.82,91.39,91.39,95.96,263682,7570972672.0,2.28,-4.76
2021-08-25,比亚迪,002594,96.49,97.16,94.23,95.96,96.64,179145,5272706560.0,1.55,-0.7
2021-08-24,比亚迪,002594,94.82,97.89,93.91,96.64,93.83,274399,8152952064.0,2.38,2.99
2021-08-23,比亚迪,002594,91.06,95.37,89.08,93.83,92.26,295827,8526532864.0,2.56,1.7
2021-08-20,比亚迪,002594,93.56,95.09,91.23,92.26,95.13,247173,7084185344.0,2.14,-3.02
2021-08-19,比亚迪,002594,91.78,96.79,90.08,95.13,91.78,361672,10474777856.0,3.13,3.65
2021-08-18,比亚迪,002594,92.36,93.26,89.96,91.78,90.66,221723,6281190912.0,1.92,1.24
2021-08-17,比亚迪,002594,91.71,94.06,89.89,90.66,92.36,272058,7713091840.0,2.36,-1.84
2021-08-16,比亚迪,002594,96.23,96.23,92.23,92.36,97.23,305067,8815872768.0,2.64,-5.01
2021-08-13,比亚迪,002594,98.23,101.39,96.56,97.23,100.22,246906,7475335936.0,2.14,-2.98
2021-08-12,比亚迪,002594,94.89,101.69,93.68,100.22,95.56,382779,11687505152.0,3.31,4.88
2021-08-11,比亚迪,002594,93.56,96.84,92.61,95.56,94.56,263994,7742097408.0,2.29,1.06
2021-08-10,比亚迪,002594,95.08,98.0,91.23,94.56,95.08,331035,9604456960.0,2.87,-0.55
2021-08-09,比亚迪,002594,95.56,96.36,91.56,95.08,98.39,341621,9914944512.0,2.96,-3.36
2021-08-06,比亚迪,002594,101.56,102.99,96.73,98.39,97.0,453626,13945125888.0,3.93,1.43
2021-08-05,比亚迪,002594,97.51,99.26,95.47,97.0,99.87,368823,11063466240.0,3.19,-2.87
2021-08-04,比亚迪,002594,91.51,99.87,91.18,99.87,90.54,534306,16003137024.0,4.63,10.3
2021-08-03,比亚迪,002594,96.84,96.84,88.85,90.54,94.24,489349,13975748864.0,4.24,-3.93
2021-08-02,比亚迪,002594,89.18,94.24,88.28,94.24,85.41,622259,17648921344.0,5.39,10.34
2021-07-30,比亚迪,002594,82.91,86.61,81.22,85.41,82.91,457994,11995907840.0,3.97,3.02
2021-07-29,比亚迪,002594,79.49,82.94,78.12,82.91,76.01,428851,10764228864.0,3.71,9.08
2021-07-28,比亚迪,002594,73.84,77.54,71.84,76.01,76.75,332199,7758094336.0,2.88,-0.96
2021-07-27,比亚迪,002594,79.18,83.14,76.24,76.75,80.03,377707,9406136832.0,3.27,-4.1
2021-07-26,比亚迪,002594,80.7,83.76,77.51,80.03,83.4,404428,10130660096.0,3.5,-4.04
2021-07-23,比亚迪,002594,79.66,84.51,78.87,83.4,80.16,460562,11846110464.0,3.99,4.04
2021-07-22,比亚迪,002594,79.28,80.32,77.23,80.16,77.59,374773,9242619136.0,3.24,3.31
2021-07-21,比亚迪,002594,74.24,78.84,73.85,77.59,73.01,471511,11232169472.0,4.08,6.27
2021-07-20,比亚迪,002594,70.51,73.66,70.21,73.01,71.83,246750,5582671872.0,2.14,1.64
2021-07-19,比亚迪,002594,70.51,74.51,68.61,71.83,71.48,372187,8367318528.0,3.22,0.49
2021-07-16,比亚迪,002594,75.76,75.76,70.85,71.48,75.98,562741,12801309440.0,4.87,-5.92
2021-07-15,比亚迪,002594,76.84,78.36,73.84,75.98,78.94,551899,13026880768.0,4.78,-3.75
2021-07-14,比亚迪,002594,84.18,84.18,78.84,78.94,85.54,612717,15300069376.0,5.3,-7.72
2021-07-13,比亚迪,002594,86.01,87.09,83.92,85.54,86.0,277314,7330680576.0,2.4,-0.53
2021-07-12,比亚迪,002594,81.61,88.15,81.01,86.0,80.12,560057,14759940096.0,4.85,7.34
2021-07-09,比亚迪,002594,80.8,82.17,77.8,80.12,81.16,364947,9057948672.0,3.16,-1.28
2021-07-08,比亚迪,002594,81.51,84.36,80.88,81.16,82.21,393910,10127585792.0,3.41,-1.28
2021-07-07,比亚迪,002594,78.51,83.38,77.47,82.21,80.68,386387,9711793920.0,3.35,1.9
2021-07-06,比亚迪,002594,82.18,84.18,77.51,80.68,80.36,517917,13098185984.0,4.48,0.4
2021-07-05,比亚迪,002594,75.86,80.51,75.7,80.36,76.86,324901,7984671232.0,2.81,4.55
2021-07-02,比亚迪,002594,74.84,78.34,73.47,76.86,76.04,374260,8897622528.0,3.24,1.08
2021-07-01,比亚迪,002594,80.84,81.34,75.71,76.04,80.84,422603,10182009856.0,3.66,-5.94
2021-06-30,比亚迪,002594,80.51,82.68,79.18,80.84,81.61,285407,7146112768.0,2.47,-0.94
2021-06-29,比亚迪,002594,82.98,83.71,80.51,81.61,81.72,306258,7778037760.0,2.67,-0.13
2021-06-28,比亚迪,002594,78.84,82.18,78.35,81.72,78.84,347272,8732379648.0,3.03,3.65
2021-06-25,比亚迪,002594,79.51,80.06,76.51,78.84,78.81,296502,7205570816.0,2.59,0.04
2021-06-24,比亚迪,002594,78.51,81.13,77.24,78.81,78.28,312285,7696250368.0,2.73,0.68
2021-06-23,比亚迪,002594,74.84,80.44,74.68,78.28,76.47,394501,9605891840.0,3.44,2.37
2021-06-22,比亚迪,002594,78.18,79.51,75.84,76.47,78.04,316428,7571777536.0,2.76,-2.01
2021-06-21,比亚迪,002594,78.47,80.36,74.55,78.04,78.84,430526,10400538880.0,3.76,-1.01
2021-06-18,比亚迪,002594,75.84,81.28,75.39,78.84,74.54,571896,13931101440.0,4.99,5.77
2021-06-17,比亚迪,002594,67.5,74.54,67.45,74.54,67.51,519978,11627218176.0,4.54,10.41
2021-06-16,比亚迪,002594,72.51,74.4,67.4,67.51,74.62,618176,13579272704.0,5.39,-9.53
2021-06-15,比亚迪,002594,74.36,76.44,72.13,74.62,72.85,518101,12090497024.0,4.52,2.43
2021-06-11,比亚迪,002594,68.61,73.83,67.87,72.85,68.55,540085,11985830144.0,4.71,6.27
2021-06-10,比亚迪,002594,64.53,69.19,64.18,68.55,64.51,441000,9339300352.0,3.85,6.26
2021-06-09,比亚迪,002594,64.81,65.01,62.85,64.51,64.78,316556,6342951424.0,2.76,-0.42
2021-06-08,比亚迪,002594,61.84,65.71,61.59,64.78,60.63,559239,11191286016.0,4.88,6.84
2021-06-07,比亚迪,002594,60.84,61.47,59.51,60.63,60.31,254518,4842637568.0,2.22,0.53
2021-06-04,比亚迪,002594,57.71,61.18,57.35,60.31,58.48,319848,6004827136.0,2.79,3.13
2021-06-03,比亚迪,002594,59.38,59.68,57.24,58.48,59.34,250801,4608194816.0,2.19,-1.45
2021-06-02,比亚迪,002594,60.51,61.13,58.91,59.34,60.33,294350,5527643648.0,2.57,-1.64
2021-06-01,比亚迪,002594,56.75,60.81,56.75,60.33,56.74,513604,9530431744.0,4.48,6.33
2021-05-31,比亚迪,002594,55.6,56.88,53.9,56.74,57.74,437553,7660152320.0,3.82,-1.73
2021-05-28,比亚迪,002594,56.33,58.84,55.87,57.74,56.33,371195,6754993920.0,3.24,2.5
2021-05-27,比亚迪,002594,56.84,57.07,55.34,56.33,55.9,234026,4146048384.0,2.04,0.77
2021-05-26,比亚迪,002594,56.51,58.7,55.84,55.9,56.02,345578,6206769408.0,3.02,-0.21
2021-05-25,比亚迪,002594,55.51,56.51,54.74,56.02,55.0,331523,5830353664.0,2.89,1.85
2021-05-24,比亚迪,002594,54.48,55.68,53.84,55.0,54.91,271723,4685927168.0,2.37,0.16
2021-05-21,比亚迪,002594,55.18,56.51,53.88,54.91,54.82,334966,5822862592.0,2.92,0.16
2021-05-20,比亚迪,002594,53.84,56.36,53.54,54.82,54.77,499888,8686052352.0,4.36,0.09
2021-05-19,比亚迪,002594,50.48,55.18,50.47,54.77,50.08,596491,10150054912.0,5.21,9.37
2021-05-18,比亚迪,002594,50.51,51.11,49.47,50.08,50.44,194952,3094498224.0,1.7,-0.71
2021-05-17,比亚迪,002594,48.99,50.8,48.66,50.44,48.35,363003,5761021696.0,3.17,4.32
2021-05-14,比亚迪,002594,46.48,48.54,45.95,48.35,46.84,300279,4532481536.0,2.62,3.22
2021-05-13,比亚迪,002594,47.43,47.51,46.7,46.84,48.42,212696,3180710320.0,1.86,-3.26
2021-05-12,比亚迪,002594,46.6,48.84,46.6,48.42,46.03,384659,5872804608.0,3.36,5.19
2021-05-11,比亚迪,002594,45.08,46.76,44.17,46.03,46.18,269640,3893703680.0,2.35,-0.32
2021-05-10,比亚迪,002594,45.16,46.63,44.32,46.18,45.16,260739,3802268896.0,2.28,2.26
2021-05-07,比亚迪,002594,46.55,47.16,44.97,45.16,47.18,377980,5528741120.0,3.3,-4.28
2021-05-06,比亚迪,002594,49.51,49.51,47.18,47.18,50.03,423158,6423783424.0,3.69,-5.7
2021-04-30,比亚迪,002594,51.01,51.24,49.41,50.03,51.49,359899,5715463936.0,3.14,-2.84
2021-04-29,比亚迪,002594,51.51,52.15,51.24,51.49,52.34,275854,4496785152.0,2.41,-1.62
2021-04-28,比亚迪,002594,52.13,53.36,51.5,52.34,52.16,218412,3621682448.0,1.91,0.35
2021-04-27,比亚迪,002594,52.51,52.98,51.64,52.16,53.01,255639,4211994736.0,2.23,-1.6
2021-04-26,比亚迪,002594,53.84,54.84,52.93,53.01,53.59,319514,5432612096.0,2.79,-1.08
2021-04-23,比亚迪,002594,52.9,54.3,52.6,53.59,53.41,228828,3878511216.0,2.0,0.34
2021-04-22,比亚迪,002594,53.84,54.44,52.92,53.41,53.37,197508,3336754768.0,1.72,0.07
2021-04-21,比亚迪,002594,53.51,54.04,52.9,53.37,54.26,230489,3880491424.0,2.01,-1.64
2021-04-20,比亚迪,002594,55.51,55.51,53.77,54.26,55.86,375677,6460740608.0,3.28,-2.86
2021-04-19,比亚迪,002594,52.18,56.18,51.9,55.86,52.28,507351,8764759552.0,4.43,6.85
2021-04-16,比亚迪,002594,52.31,52.64,50.62,52.28,52.34,234599,3837152368.0,2.05,-0.11
2021-04-15,比亚迪,002594,53.34,53.39,51.68,52.34,54.16,249912,4136742976.0,2.18,-3.36
2021-04-14,比亚迪,002594,52.84,54.18,52.84,54.16,51.85,298473,5057752064.0,2.6,4.46
2021-04-13,比亚迪,002594,51.67,53.05,51.67,51.85,51.66,158579,2617908976.0,1.38,0.37
2021-04-12,比亚迪,002594,52.75,53.64,51.38,51.66,52.75,201268,3320602672.0,1.76,-2.07
2021-04-09,比亚迪,002594,54.48,54.54,52.51,52.75,54.0,204996,3436476688.0,1.79,-2.31
2021-04-08,比亚迪,002594,53.51,54.34,52.88,54.0,54.17,160043,2723993024.0,1.4,-0.31
2021-04-07,比亚迪,002594,56.23,56.54,53.68,54.17,55.87,281704,4848029952.0,2.46,-3.04
2021-04-06,比亚迪,002594,56.11,56.92,54.78,55.87,55.8,255910,4492985600.0,2.23,0.13
2021-04-02,比亚迪,002594,54.17,56.58,53.37,55.8,53.53,349532,6083577344.0,3.05,4.24
2021-04-01,比亚迪,002594,53.18,54.48,52.85,53.53,52.01,299958,5089544704.0,2.62,2.92
2021-03-31,比亚迪,002594,53.58,54.72,51.36,52.01,53.51,270153,4488285696.0,2.36,-2.8
2021-03-30,比亚迪,002594,50.84,53.51,50.21,53.51,53.21,338931,5574391552.0,2.96,0.56
2021-03-29,比亚迪,002594,53.85,54.0,52.11,53.21,54.17,234729,3941708912.0,2.05,-1.77
2021-03-26,比亚迪,002594,51.51,54.51,51.48,54.17,50.91,328530,5528686080.0,2.87,6.4
2021-03-25,比亚迪,002594,49.51,51.66,49.04,50.91,51.42,256191,4082120992.0,2.24,-0.99
2021-03-24,比亚迪,002594,53.17,53.59,51.18,51.42,53.5,248269,4082242400.0,2.17,-3.89
2021-03-23,比亚迪,002594,55.78,55.9,52.61,53.5,55.11,226649,3844462848.0,1.98,-2.92
2021-03-22,比亚迪,002594,54.62,55.67,53.85,55.11,54.23,185683,3221954912.0,1.62,1.62
2021-03-19,比亚迪,002594,54.84,55.63,53.73,54.23,56.69,258227,4438615808.0,2.25,-4.34
2021-03-18,比亚迪,002594,56.77,57.39,56.27,56.69,56.14,201064,3593541024.0,1.75,0.98
2021-03-17,比亚迪,002594,55.18,57.17,54.34,56.14,56.0,213705,3770679568.0,1.86,0.25
2021-03-16,比亚迪,002594,56.37,56.88,54.97,56.0,55.26,197056,3474844992.0,1.72,1.34
2021-03-15,比亚迪,002594,56.69,57.51,54.51,55.26,57.74,295602,5187723264.0,2.58,-4.3
2021-03-12,比亚迪,002594,59.23,59.84,56.81,57.74,58.17,301848,5517620480.0,2.63,-0.74
2021-03-11,比亚迪,002594,56.16,58.84,55.21,58.17,56.24,367828,6671343360.0,3.21,3.43
2021-03-10,比亚迪,002594,57.18,57.8,55.77,56.24,54.07,431507,7706833408.0,3.77,4.01
2021-03-09,比亚迪,002594,54.65,56.71,51.19,54.07,56.09,599205,10247665408.0,5.23,-3.6
2021-03-08,比亚迪,002594,62.63,62.95,56.09,56.09,62.63,591328,10922889216.0,5.16,-10.44
2021-03-05,比亚迪,002594,59.63,63.68,59.24,62.63,63.34,325319,6313240576.0,2.84,-1.12
2021-03-04,比亚迪,002594,65.51,65.54,62.94,63.34,67.09,346850,6955695360.0,3.03,-5.59
2021-03-03,比亚迪,002594,65.51,67.28,64.5,67.09,67.64,263062,5431739392.0,2.3,-0.81
2021-03-02,比亚迪,002594,68.73,69.11,65.58,67.64,67.48,387928,8178912000.0,3.39,0.24
2021-03-01,比亚迪,002594,64.18,67.51,63.01,67.48,62.93,444294,9087918592.0,3.88,7.23
2021-02-26,比亚迪,002594,62.68,65.18,61.84,62.93,66.93,503616,9978745856.0,4.39,-5.98
2021-02-25,比亚迪,002594,69.1,69.13,65.78,66.93,66.84,369532,7788184320.0,3.22,0.13
2021-02-24,比亚迪,002594,72.18,73.37,65.04,66.84,72.18,676485,14532205312.0,5.9,-7.4
2021-02-23,比亚迪,002594,73.71,75.52,71.48,72.18,77.02,476510,10877530624.0,4.16,-6.28
2021-02-22,比亚迪,002594,82.71,82.73,76.99,77.02,82.96,427131,10558143232.0,3.73,-7.16
2021-02-19,比亚迪,002594,82.14,83.06,79.09,82.96,83.51,382587,9607262976.0,3.34,-0.66
2021-02-18,比亚迪,002594,86.8,86.8,82.29,83.51,86.16,472646,12353076480.0,4.12,-3.08
2021-02-10,比亚迪,002594,84.18,87.4,81.51,86.16,82.84,418939,10995341312.0,3.66,4.01
2021-02-09,比亚迪,002594,81.54,83.52,79.68,82.84,80.58,374954,9540424192.0,3.27,2.8
2021-02-08,比亚迪,002594,80.17,81.5,77.18,80.58,80.18,372462,9210843648.0,3.25,0.5
2021-02-05,比亚迪,002594,84.51,86.6,79.68,80.18,83.81,480551,12356334336.0,4.19,-4.33
2021-02-04,比亚迪,002594,83.18,85.47,82.29,83.81,84.84,310351,8061146624.0,2.71,-1.21
2021-02-03,比亚迪,002594,86.54,88.3,83.94,84.84,86.34,384030,10231620608.0,3.35,-1.74
2021-02-02,比亚迪,002594,81.18,86.51,80.68,86.34,79.47,471100,12220620032.0,4.11,8.64
2021-02-01,比亚迪,002594,78.84,80.55,76.84,79.47,79.51,263795,6500021760.0,2.3,-0.05
2021-01-29,比亚迪,002594,80.18,80.65,76.34,79.51,78.63,335983,8182542080.0,2.93,1.12
2021-01-28,比亚迪,002594,79.17,81.34,78.17,78.63,82.84,326462,8081858816.0,2.85,-5.08
2021-01-27,比亚迪,002594,80.58,83.66,75.34,82.84,81.92,521351,12813495040.0,4.55,1.12
2021-01-26,比亚迪,002594,82.84,84.71,80.84,81.92,83.84,394555,10115832064.0,3.44,-2.29
2021-01-25,比亚迪,002594,79.34,84.83,78.84,83.84,78.15,559389,14213433344.0,4.88,7.28
2021-01-22,比亚迪,002594,75.75,78.4,74.35,78.15,75.68,423887,10112061184.0,3.7,3.26
2021-01-21,比亚迪,002594,70.51,77.04,69.45,75.68,71.18,585710,13384594688.0,5.11,6.32
2021-01-20,比亚迪,002594,70.48,72.61,69.85,71.18,69.24,381401,8483028992.0,3.33,2.8
2021-01-19,比亚迪,002594,71.2,72.24,68.36,69.24,71.07,276250,6035553024.0,2.41,-2.57
2021-01-18,比亚迪,002594,70.51,71.84,69.26,71.07,72.24,263789,5826658816.0,2.3,-1.62
2021-01-15,比亚迪,002594,71.18,73.48,69.34,72.24,71.83,377050,8420560896.0,3.29,0.57
2021-01-14,比亚迪,002594,74.51,75.66,71.29,71.83,76.94,445955,10176085760.0,3.89,-6.64
2021-01-13,比亚迪,002594,76.51,80.47,73.74,76.94,76.17,480348,11590836992.0,4.19,1.01
2021-01-12,比亚迪,002594,74.44,77.09,70.51,76.17,75.46,433125,9980651776.0,3.78,0.94
2021-01-11,比亚迪,002594,75.37,78.84,74.17,75.46,73.01,534255,12681067520.0,4.66,3.36
2021-01-08,比亚迪,002594,74.84,75.28,70.74,73.01,72.19,426758,9705879808.0,3.72,1.14
2021-01-07,比亚迪,002594,69.38,73.28,68.58,72.19,69.28,428603,9516502272.0,3.74,4.2
2021-01-06,比亚迪,002594,70.42,71.24,67.84,69.28,70.48,434652,9376648704.0,3.79,-1.7
2021-01-05,比亚迪,002594,65.84,70.92,64.51,70.48,66.1,545306,11642247936.0,4.76,6.63
2021-01-04,比亚迪,002594,60.18,67.56,59.54,66.1,61.94,589502,11803190784.0,5.14,6.72
2020-12-31,比亚迪,002594,60.13,62.45,58.6,61.94,59.18,505119,9665582080.0,4.41,4.66
2020-12-30,比亚迪,002594,57.4,61.16,57.4,59.18,56.71,510431,9559070976.0,4.46,4.36
2020-12-29,比亚迪,002594,59.18,59.18,56.66,56.71,59.82,361178,6530622464.0,3.15,-5.2
2020-12-28,比亚迪,002594,58.61,60.63,58.04,59.82,58.92,303384,5674752256.0,2.65,1.53
2020-12-25,比亚迪,002594,58.28,59.23,57.54,58.92,58.18,211331,3892733280.0,1.84,1.27
2020-12-24,比亚迪,002594,58.84,58.84,57.18,58.18,59.44,260454,4739171584.0,2.27,-2.12
2020-12-23,比亚迪,002594,58.47,60.78,58.16,59.44,58.51,427079,7982526976.0,3.73,1.59
2020-12-22,比亚迪,002594,61.5,61.5,58.4,58.51,61.71,586810,11044848384.0,5.12,-5.19
2020-12-21,比亚迪,002594,56.01,61.71,55.68,61.71,55.84,667798,12342924032.0,5.83,10.51
2020-12-18,比亚迪,002594,54.68,57.21,54.25,55.84,54.44,488485,8625943296.0,4.26,2.57
2020-12-17,比亚迪,002594,54.24,54.82,53.51,54.44,54.47,189773,3245175552.0,1.66,-0.06
2020-12-16,比亚迪,002594,55.84,56.08,54.14,54.47,55.41,238154,4110951040.0,2.08,-1.7
2020-12-15,比亚迪,002594,53.93,55.53,53.34,55.41,53.91,362218,6234488576.0,3.16,2.78
2020-12-14,比亚迪,002594,52.78,54.14,51.51,53.91,52.84,302132,5064250880.0,2.64,2.02
2020-12-11,比亚迪,002594,53.63,53.63,51.44,52.84,53.68,354878,5902635264.0,3.1,-1.56
2020-12-10,比亚迪,002594,53.18,54.4,52.52,53.68,54.92,370436,6243808768.0,3.23,-2.26
2020-12-09,比亚迪,002594,56.84,57.52,54.84,54.92,56.5,315714,5563503360.0,2.76,-2.8
2020-12-08,比亚迪,002594,56.54,57.84,56.08,56.5,55.61,445743,7995315200.0,3.89,1.6
2020-12-07,比亚迪,002594,54.28,56.06,53.55,55.61,54.46,322186,5617848576.0,2.81,2.11
2020-12-04,比亚迪,002594,54.38,56.78,53.98,54.46,54.21,394490,6888910848.0,3.44,0.46
2020-12-03,比亚迪,002594,53.76,55.06,52.83,54.21,53.76,365581,6251136000.0,3.19,0.84
2020-12-02,比亚迪,002594,54.21,54.68,53.18,53.76,56.11,492401,8354836224.0,4.3,-4.19
2020-12-01,比亚迪,002594,53.41,56.18,52.84,56.11,54.56,401564,6983133440.0,3.51,2.84
2020-11-30,比亚迪,002594,54.34,56.09,52.51,54.56,55.21,379213,6493585152.0,3.31,-1.18
2020-11-27,比亚迪,002594,55.61,56.48,53.62,55.21,55.78,397476,6868605952.0,3.47,-1.02
2020-11-26,比亚迪,002594,58.38,58.78,54.25,55.78,58.35,496538,8751195136.0,4.33,-4.4
2020-11-25,比亚迪,002594,58.18,61.08,57.38,58.35,58.57,473858,8798105856.0,4.14,-0.38
2020-11-24,比亚迪,002594,61.1,62.17,57.41,58.57,58.58,646752,12193378560.0,5.65,-0.02
2020-11-23,比亚迪,002594,56.14,58.85,54.53,58.58,55.86,604027,10841292032.0,5.27,4.87
2020-11-20,比亚迪,002594,52.06,56.26,51.58,55.86,51.05,707527,12067220480.0,6.18,9.42
2020-11-19,比亚迪,002594,53.18,53.41,50.35,51.05,52.84,470054,7652210688.0,4.1,-3.39
2020-11-18,比亚迪,002594,52.47,53.57,51.26,52.84,52.84,417033,6941379072.0,3.64,0.0
2020-11-17,比亚迪,002594,55.01,55.57,52.0,52.84,53.85,568409,9641027072.0,4.96,-1.88
2020-11-16,比亚迪,002594,54.19,54.34,51.68,53.85,55.81,542565,9094656000.0,4.74,-3.51
2020-11-13,比亚迪,002594,57.18,57.85,54.94,55.81,53.62,609194,10790305792.0,5.32,4.08
2020-11-12,比亚迪,002594,53.18,54.94,52.44,53.62,51.96,586640,9953360384.0,5.12,3.19
2020-11-11,比亚迪,002594,56.14,57.81,51.95,51.96,58.04,805675,13840949760.0,7.03,-10.48
2020-11-10,比亚迪,002594,59.46,59.47,56.14,58.04,60.83,635350,11543486464.0,5.55,-4.59
2020-11-09,比亚迪,002594,61.04,61.73,58.55,60.83,60.66,525016,9934097152.0,4.58,0.28
2020-11-06,比亚迪,002594,60.34,63.46,57.14,60.66,58.79,807667,15261971968.0,7.05,3.18
2020-11-05,比亚迪,002594,55.51,58.79,54.18,58.79,53.19,674092,11951954688.0,5.88,10.53
2020-11-04,比亚迪,002594,52.84,53.95,51.51,53.19,51.87,460948,7689440256.0,4.02,2.54
2020-11-03,比亚迪,002594,54.51,54.66,50.37,51.87,53.17,661617,10960743424.0,5.77,-2.44
2020-11-02,比亚迪,002594,50.81,53.43,50.68,53.17,50.45,524911,8660252672.0,4.58,5.39
2020-10-30,比亚迪,002594,50.51,53.94,48.58,50.45,49.97,673292,10882457088.0,5.88,0.96
2020-10-29,比亚迪,002594,46.48,52.76,46.48,49.97,47.71,634705,10022998784.0,5.54,4.74
2020-10-28,比亚迪,002594,43.68,48.34,43.52,47.71,43.94,517974,7669731584.0,4.52,8.58
2020-10-27,比亚迪,002594,42.98,44.34,42.45,43.94,43.83,296545,4122784512.0,2.59,0.25
2020-10-26,比亚迪,002594,42.68,44.79,41.54,43.83,43.4,309796,4319369728.0,2.7,0.99
2020-10-23,比亚迪,002594,44.52,45.77,42.68,43.4,45.11,400994,5645291264.0,3.5,-3.79
2020-10-22,比亚迪,002594,42.92,45.51,41.2,45.11,43.01,434389,6061014016.0,3.79,4.88
2020-10-21,比亚迪,002594,43.17,43.74,41.9,43.01,43.84,380567,5212917504.0,3.32,-1.89
2020-10-20,比亚迪,002594,39.24,43.95,39.24,43.84,39.87,541679,7240427520.0,4.73,9.96
2020-10-19,比亚迪,002594,39.84,40.45,39.28,39.87,39.78,222006,2832538848.0,1.94,0.23
2020-10-16,比亚迪,002594,41.36,41.79,38.84,39.78,41.03,413536,5301212672.0,3.61,-3.05
2020-10-15,比亚迪,002594,42.04,43.09,40.95,41.03,40.68,402893,5425288448.0,3.52,0.86
2020-10-14,比亚迪,002594,40.23,41.28,39.88,40.68,40.27,310472,4041272256.0,2.71,1.02
2020-10-13,比亚迪,002594,39.84,41.14,38.84,40.27,40.01,460527,5958597888.0,4.02,0.65
2020-10-12,比亚迪,002594,38.44,40.19,37.33,40.01,37.29,528089,6521180672.0,4.61,7.29
2020-10-09,比亚迪,002594,38.21,39.22,36.91,37.29,35.92,559678,6870685696.0,4.89,3.81
2020-09-30,比亚迪,002594,33.37,36.59,32.88,35.92,33.14,444201,5073415168.0,3.88,8.39
2020-09-29,比亚迪,002594,33.37,33.68,31.93,33.14,32.64,270046,2884125024.0,2.36,1.53
2020-09-28,比亚迪,002594,32.57,33.21,32.39,32.64,32.21,211883,2260356208.0,1.85,1.33
2020-09-25,比亚迪,002594,33.24,33.77,31.78,32.21,32.64,324363,3457966848.0,2.83,-1.32
2020-09-24,比亚迪,002594,33.14,33.85,32.51,32.64,33.98,266126,2864183120.0,2.32,-3.94
2020-09-23,比亚迪,002594,33.51,34.18,32.61,33.98,32.77,381409,4146613360.0,3.33,3.69
2020-09-22,比亚迪,002594,32.68,34.06,31.85,32.77,32.43,462882,4971987456.0,4.04,1.05
2020-09-21,比亚迪,002594,35.84,36.95,31.96,32.43,35.68,588771,6535043584.0,5.14,-9.11
2020-09-18,比亚迪,002594,35.17,35.68,34.34,35.68,35.82,473754,5363840000.0,4.14,-0.39
2020-09-17,比亚迪,002594,32.35,35.82,32.23,35.82,32.31,602351,6707262720.0,5.26,10.86
2020-09-16,比亚迪,002594,30.6,33.13,30.18,32.31,30.94,493789,5154280704.0,4.31,4.43
2020-09-15,比亚迪,002594,28.51,31.09,28.34,30.94,28.01,579221,5761285376.0,5.06,10.46
2020-09-14,比亚迪,002594,27.61,28.68,27.61,28.01,27.58,223839,2078549008.0,1.95,1.56
2020-09-11,比亚迪,002594,26.46,27.58,26.25,27.58,26.21,205764,1843068560.0,1.8,5.23
2020-09-10,比亚迪,002594,26.46,27.23,26.14,26.21,25.84,217063,1923920288.0,1.89,1.43
2020-09-09,比亚迪,002594,26.51,26.74,25.46,25.84,27.51,263292,2281813616.0,2.3,-6.07
2020-09-08,比亚迪,002594,29.14,29.14,27.41,27.51,28.76,279084,2590896624.0,2.44,-4.35
2020-09-07,比亚迪,002594,27.0,29.68,26.98,28.76,27.18,409987,3862436336.0,3.58,5.81
2020-09-04,比亚迪,002594,26.78,27.37,26.52,27.18,28.04,222021,1979126656.0,1.94,-3.07
2020-09-03,比亚迪,002594,28.14,28.9,27.89,28.04,28.61,227795,2129704432.0,1.99,-1.99
2020-09-02,比亚迪,002594,29.14,29.18,27.72,28.61,28.34,397047,3719378784.0,3.47,0.95
2020-09-01,比亚迪,002594,26.17,28.34,25.95,28.34,25.51,394613,3573272704.0,3.44,11.09
2020-08-31,比亚迪,002594,26.18,26.58,25.47,25.51,25.64,215347,1864842720.0,1.88,-0.51
2020-08-28,比亚迪,002594,25.51,25.86,24.85,25.64,25.65,186470,1572760240.0,1.63,-0.04
2020-08-27,比亚迪,002594,26.01,26.36,25.41,25.65,24.98,252035,2168640352.0,2.2,2.68
2020-08-26,比亚迪,002594,24.51,25.61,24.4,24.98,24.26,320472,2691953344.0,2.8,2.97
2020-08-25,比亚迪,002594,24.18,24.8,24.01,24.26,24.32,145106,1182126000.0,1.27,-0.25
2020-08-24,比亚迪,002594,23.81,24.6,23.74,24.32,23.7,171281,1384872480.0,1.5,2.62
2020-08-21,比亚迪,002594,23.84,24.06,23.48,23.7,23.36,111905,893244016.0,0.98,1.46
2020-08-20,比亚迪,002594,23.72,23.84,23.21,23.36,23.73,122724,967851104.0,1.07,-1.56
2020-08-19,比亚迪,002594,24.31,24.39,23.68,23.73,24.57,187358,1504274096.0,1.64,-3.42
2020-08-18,比亚迪,002594,25.18,25.35,24.44,24.57,24.8,161553,1335564960.0,1.41,-0.93
2020-08-17,比亚迪,002594,24.56,24.9,24.27,24.8,24.47,151032,1246372800.0,1.32,1.35
2020-08-14,比亚迪,002594,24.52,24.69,23.82,24.47,24.42,120620,981262736.0,1.05,0.2
2020-08-13,比亚迪,002594,24.99,25.09,24.37,24.42,24.48,135828,1119875376.0,1.19,-0.25
2020-08-12,比亚迪,002594,24.22,24.48,23.31,24.48,24.16,220972,1768144496.0,1.93,1.32
2020-08-11,比亚迪,002594,24.46,24.89,24.14,24.16,24.48,194173,1596334592.0,1.69,-1.31
2020-08-10,比亚迪,002594,25.09,25.27,23.82,24.48,25.62,336539,2752165152.0,2.94,-4.45
2020-08-07,比亚迪,002594,26.36,26.74,25.09,25.62,26.73,245974,2120266848.0,2.15,-4.15
2020-08-06,比亚迪,002594,26.76,27.02,26.16,26.73,26.54,205333,1815887520.0,1.79,0.72
2020-08-05,比亚迪,002594,26.82,26.82,26.02,26.54,26.82,190227,1667411296.0,1.66,-1.04
2020-08-04,比亚迪,002594,26.14,27.49,26.12,26.82,25.88,383956,3414415344.0,3.35,3.63
2020-08-03,比亚迪,002594,25.63,25.99,25.29,25.88,25.62,280304,2394349088.0,2.45,1.01
2020-07-31,比亚迪,002594,25.48,26.04,24.98,25.62,25.49,258123,2201963264.0,2.25,0.51
2020-07-30,比亚迪,002594,26.16,26.37,25.26,25.49,26.13,224493,1917850496.0,1.96,-2.45
2020-07-29,比亚迪,002594,24.93,26.32,24.66,26.13,25.13,287976,2464892400.0,2.51,3.98
2020-07-28,比亚迪,002594,25.82,26.04,24.82,25.13,25.0,216441,1829407616.0,1.89,0.52
2020-07-27,比亚迪,002594,24.99,25.56,24.59,25.0,24.82,208828,1753284464.0,1.82,0.73
2020-07-24,比亚迪,002594,26.42,26.54,24.66,24.82,26.82,388174,3298033872.0,3.39,-7.46
2020-07-23,比亚迪,002594,25.84,26.82,25.68,26.82,26.22,327287,2869841088.0,2.86,2.29
2020-07-22,比亚迪,002594,25.82,26.98,25.66,26.22,26.52,269545,2367987136.0,2.35,-1.13
2020-07-21,比亚迪,002594,27.12,27.6,26.38,26.52,26.21,317222,2834375728.0,2.77,1.18
2020-07-20,比亚迪,002594,25.06,26.92,24.36,26.21,24.35,431730,3684539648.0,3.77,7.64
2020-07-17,比亚迪,002594,24.83,25.61,23.85,24.35,25.51,430969,3549101616.0,3.76,-4.55
2020-07-16,比亚迪,002594,28.62,28.99,25.51,25.51,28.66,560467,4984540928.0,4.89,-10.99
2020-07-15,比亚迪,002594,29.49,29.59,28.05,28.66,29.34,388696,3699030992.0,3.39,-2.32
2020-07-14,比亚迪,002594,29.79,29.79,27.35,29.34,29.79,536389,5075817472.0,4.68,-1.51
2020-07-13,比亚迪,002594,28.02,29.79,27.92,29.79,26.82,579871,5536512768.0,5.06,11.07
2020-07-10,比亚迪,002594,25.31,27.94,24.84,26.82,25.31,396029,3495161216.0,3.46,5.97
2020-07-09,比亚迪,002594,24.74,25.92,24.31,25.31,24.74,327974,2764110592.0,2.86,2.3
2020-07-08,比亚迪,002594,24.47,25.25,24.44,24.74,24.82,319156,2647763136.0,2.79,-0.32
2020-07-07,比亚迪,002594,25.41,26.66,24.82,24.82,24.12,466706,3978641296.0,4.07,2.9
2020-07-06,比亚迪,002594,23.6,24.35,22.96,24.12,23.61,461224,3661516240.0,4.03,2.16
2020-07-03,比亚迪,002594,21.59,23.61,21.57,23.61,21.2,455388,3497719616.0,3.97,11.37
2020-07-02,比亚迪,002594,21.37,22.03,21.09,21.2,21.31,214074,1559734672.0,1.87,-0.52
2020-07-01,比亚迪,002594,21.56,22.31,20.83,21.31,21.09,235093,1726221248.0,2.05,1.04
2020-06-30,比亚迪,002594,20.96,21.44,20.78,21.09,20.69,169831,1223207520.0,1.48,1.93
2020-06-29,比亚迪,002594,20.99,21.3,20.59,20.69,21.06,173376,1233307824.0,1.52,-1.76
2020-06-24,比亚迪,002594,20.86,21.51,20.74,21.06,20.83,196681,1414432112.0,1.72,1.1
2020-06-23,比亚迪,002594,19.68,21.19,19.49,20.83,19.82,260375,1812606800.0,2.28,5.1
2020-06-22,比亚迪,002594,19.36,20.08,19.25,19.82,19.49,196255,1325805168.0,1.72,1.69
2020-06-19,比亚迪,002594,19.39,20.05,19.26,19.49,19.4,220619,1487253008.0,1.93,0.46
2020-06-18,比亚迪,002594,18.42,19.41,18.14,19.4,18.53,279033,1829902640.0,2.44,4.7
2020-06-17,比亚迪,002594,18.49,18.53,17.94,18.53,18.52,144378,912074336.0,1.26,0.05
2020-06-16,比亚迪,002594,18.42,18.64,18.2,18.52,17.99,214116,1367780384.0,1.88,2.95
2020-06-15,比亚迪,002594,17.99,18.45,17.57,17.99,17.65,195740,1225432624.0,1.71,1.93
2020-06-12,比亚迪,002594,17.62,17.8,17.37,17.65,18.1,175497,1075893056.0,1.54,-2.49
2020-06-11,比亚迪,002594,17.78,18.56,17.66,18.1,17.51,280233,1764678736.0,2.45,3.37
2020-06-10,比亚迪,002594,17.91,17.96,17.38,17.51,17.82,186194,1140629408.0,1.63,-1.74
2020-06-09,比亚迪,002594,18.16,18.63,17.72,17.82,18.09,204431,1285542240.0,1.79,-1.49
2020-06-08,比亚迪,002594,18.16,18.43,17.97,18.09,18.22,172441,1087013120.0,1.51,-0.71
2020-06-05,比亚迪,002594,17.49,18.25,17.27,18.22,17.19,265451,1643855456.0,2.33,5.99
2020-06-04,比亚迪,002594,17.32,17.56,17.06,17.19,17.13,105743,637797408.0,0.93,0.35
2020-06-03,比亚迪,002594,17.42,17.51,16.98,17.13,17.49,146357,882603744.0,1.28,-2.06
2020-06-02,比亚迪,002594,17.01,17.88,16.78,17.49,16.93,204796,1235513472.0,1.79,3.31
2020-06-01,比亚迪,002594,16.41,17.05,16.3,16.93,16.29,161068,949983296.0,1.41,3.93
2020-05-29,比亚迪,002594,16.2,16.5,16.09,16.29,16.32,68036,390882864.0,0.6,-0.18
2020-05-28,比亚迪,002594,16.27,16.57,15.96,16.32,16.26,86300,494679184.0,0.76,0.37
2020-05-27,比亚迪,002594,17.02,17.14,16.18,16.26,16.59,113617,662802624.0,1.0,-1.99
2020-05-26,比亚迪,002594,16.09,16.62,16.09,16.59,16.0,98544,570419232.0,0.86,3.69
2020-05-25,比亚迪,002594,15.83,16.01,15.59,16.0,15.83,59697,334368704.0,0.52,1.07
2020-05-22,比亚迪,002594,16.21,16.38,15.66,15.83,16.21,92350,522767760.0,0.81,-2.34
2020-05-21,比亚迪,002594,16.86,16.95,16.16,16.21,16.83,120968,697047200.0,1.06,-3.68
2020-05-20,比亚迪,002594,16.72,17.26,16.71,16.83,16.56,164708,981282464.0,1.44,1.63
2020-05-19,比亚迪,002594,16.49,16.69,16.41,16.56,16.22,94042,547143040.0,0.82,2.1
2020-05-18,比亚迪,002594,16.29,16.62,15.96,16.22,16.48,104743,601110768.0,0.92,-1.58
2020-05-15,比亚迪,002594,16.42,16.68,16.26,16.48,16.39,102771,595823312.0,0.9,0.55
2020-05-14,比亚迪,002594,16.79,16.79,16.34,16.39,16.82,118363,688315264.0,1.04,-2.56
2020-05-13,比亚迪,002594,16.87,17.07,16.66,16.82,16.87,111115,657744000.0,0.97,-0.3
2020-05-12,比亚迪,002594,16.79,16.87,16.56,16.87,16.78,104020,610124976.0,0.91,0.54
2020-05-11,比亚迪,002594,16.92,17.04,16.53,16.78,17.08,190716,1121805584.0,1.67,-1.76
2020-05-08,比亚迪,002594,17.19,17.32,16.92,17.08,17.19,171472,1025569472.0,1.5,-0.64
2020-05-07,比亚迪,002594,17.88,17.88,17.15,17.19,17.88,225118,1362997616.0,1.97,-3.86
2020-05-06,比亚迪,002594,16.96,17.99,16.86,17.88,17.14,231906,1420097904.0,2.03,4.32
2020-04-30,比亚迪,002594,16.76,17.35,16.66,17.14,16.49,218876,1303496240.0,1.92,3.94
2020-04-29,比亚迪,002594,16.56,16.97,16.34,16.49,16.15,165126,964564480.0,1.45,2.11
2020-04-28,比亚迪,002594,16.16,16.35,15.41,16.15,16.15,128658,725365008.0,1.13,0.0
2020-04-27,比亚迪,002594,16.83,16.85,16.12,16.15,16.73,138265,799777328.0,1.21,-3.47
2020-04-24,比亚迪,002594,16.71,17.32,16.66,16.73,16.57,135949,806969232.0,1.19,0.97
2020-04-23,比亚迪,002594,17.15,17.34,16.5,16.57,16.97,116028,686078400.0,1.02,-2.36
2020-04-22,比亚迪,002594,16.62,17.16,16.45,16.97,16.95,121458,715492480.0,1.06,0.12
2020-04-21,比亚迪,002594,16.66,17.05,16.42,16.95,16.78,147148,864113088.0,1.29,1.01
2020-04-20,比亚迪,002594,16.96,16.96,16.54,16.78,16.76,107474,630616736.0,0.94,0.12
2020-04-17,比亚迪,002594,17.36,17.48,16.72,16.76,17.16,156490,931863472.0,1.37,-2.33
2020-04-16,比亚迪,002594,17.19,17.59,16.84,17.16,17.2,165259,992639136.0,1.45,-0.23
2020-04-15,比亚迪,002594,16.94,17.95,16.62,17.2,16.46,306227,1847393280.0,2.68,4.5
2020-04-14,比亚迪,002594,15.76,16.49,15.62,16.46,15.76,233863,1338857696.0,2.05,4.44
2020-04-13,比亚迪,002594,15.4,15.8,15.4,15.76,15.35,102560,569833088.0,0.9,2.67
2020-04-10,比亚迪,002594,15.92,15.92,15.21,15.35,15.71,131855,727755056.0,1.15,-2.29
2020-04-09,比亚迪,002594,15.76,16.0,15.67,15.71,15.6,133338,746729504.0,1.17,0.71
2020-04-08,比亚迪,002594,15.76,15.76,15.5,15.6,15.93,129543,717031920.0,1.13,-2.07
2020-04-07,比亚迪,002594,15.97,16.13,15.69,15.93,15.49,189116,1061432560.0,1.66,2.84
2020-04-03,比亚迪,002594,16.02,16.02,15.46,15.49,16.02,169190,940495664.0,1.48,-3.31
2020-04-02,比亚迪,002594,16.06,16.06,15.42,16.02,16.2,233842,1300691376.0,2.05,-1.11
2020-04-01,比亚迪,002594,17.12,17.38,16.16,16.2,17.15,365565,2139092112.0,3.2,-5.54
2020-03-31,比亚迪,002594,16.08,17.15,15.64,17.15,15.9,350174,2037070400.0,3.07,7.86
2020-03-30,比亚迪,002594,15.49,16.42,15.45,15.9,15.42,328937,1855914320.0,2.88,3.11
2020-03-27,比亚迪,002594,15.62,15.84,15.3,15.42,15.25,229972,1269534016.0,2.01,1.11
2020-03-26,比亚迪,002594,14.66,15.55,14.36,15.25,14.57,296621,1588496992.0,2.6,4.67
2020-03-25,比亚迪,002594,14.34,14.76,14.17,14.57,13.73,289787,1504804544.0,2.54,6.12
2020-03-24,比亚迪,002594,13.58,13.78,12.95,13.73,13.21,205027,1002130016.0,1.8,3.94
2020-03-23,比亚迪,002594,13.91,14.09,13.12,13.21,14.66,242740,1190535680.0,2.13,-9.89
2020-03-20,比亚迪,002594,14.59,14.75,14.29,14.66,14.28,148296,772921088.0,1.3,2.66
2020-03-19,比亚迪,002594,14.53,14.66,13.78,14.28,14.52,194450,993678528.0,1.7,-1.65
2020-03-18,比亚迪,002594,15.02,15.38,14.5,14.52,14.84,172684,925695056.0,1.51,-2.16
2020-03-17,比亚迪,002594,15.12,15.48,14.45,14.84,15.12,180919,961588992.0,1.58,-1.85
2020-03-16,比亚迪,002594,16.02,16.27,15.12,15.12,15.71,238773,1326361264.0,2.09,-3.76
2020-03-13,比亚迪,002594,15.09,15.99,14.61,15.71,16.17,213198,1162290576.0,1.87,-2.84
2020-03-12,比亚迪,002594,16.26,16.38,15.79,16.17,16.74,232383,1319050416.0,2.04,-3.41
2020-03-11,比亚迪,002594,17.41,17.54,16.69,16.74,17.21,222212,1327803136.0,1.95,-2.73
2020-03-10,比亚迪,002594,16.36,17.66,16.27,17.21,16.97,266805,1578089168.0,2.34,1.41
2020-03-09,比亚迪,002594,18.25,18.25,16.88,16.97,18.94,292479,1789143872.0,2.56,-10.4
2020-03-06,比亚迪,002594,18.99,19.67,18.93,18.94,19.43,147210,972613008.0,1.29,-2.52
2020-03-05,比亚迪,002594,19.5,19.7,18.99,19.43,19.35,170004,1128290416.0,1.49,0.41
2020-03-04,比亚迪,002594,19.47,19.76,18.73,19.35,19.78,180933,1198529232.0,1.58,-2.17
2020-03-03,比亚迪,002594,20.42,20.56,19.64,19.78,19.44,274253,1880749808.0,2.4,1.75
2020-03-02,比亚迪,002594,19.02,19.57,18.49,19.44,18.95,225643,1492112192.0,1.98,2.59
2020-02-28,比亚迪,002594,19.38,20.15,18.81,18.95,20.51,338254,2251947904.0,2.96,-7.61
2020-02-27,比亚迪,002594,21.05,21.54,19.85,20.51,21.06,272700,1912686992.0,2.39,-2.61
2020-02-26,比亚迪,002594,20.42,22.42,20.16,21.06,20.77,522768,3774510848.0,4.58,1.4
2020-02-25,比亚迪,002594,18.62,21.22,18.55,20.77,19.22,407434,2786635360.0,3.57,8.06
2020-02-24,比亚迪,002594,18.96,19.54,18.81,19.22,19.66,357969,2351741648.0,3.14,-2.24
2020-02-21,比亚迪,002594,19.49,19.91,19.05,19.66,19.86,455189,3046190976.0,3.99,-1.01
2020-02-20,比亚迪,002594,18.21,19.86,18.19,19.86,17.79,649391,4366081792.0,5.69,11.64
2020-02-19,比亚迪,002594,18.65,18.65,17.71,17.79,16.98,437477,2773613072.0,3.83,4.77
2020-02-18,比亚迪,002594,16.42,17.16,16.41,16.98,16.65,228365,1350970752.0,2.0,1.98
2020-02-17,比亚迪,002594,16.13,16.68,16.13,16.65,16.12,209889,1215249648.0,1.84,3.29
2020-02-14,比亚迪,002594,16.34,16.46,15.97,16.12,16.34,211174,1205977328.0,1.85,-1.35
2020-02-13,比亚迪,002594,16.66,17.2,16.32,16.34,16.89,236947,1387055824.0,2.08,-3.26
2020-02-12,比亚迪,002594,16.84,17.36,16.61,16.89,16.84,197456,1171671712.0,1.73,0.3
2020-02-11,比亚迪,002594,17.16,17.2,16.58,16.84,17.47,196176,1162310512.0,1.72,-3.61
2020-02-10,比亚迪,002594,16.89,18.28,16.77,17.47,16.46,352796,2143782480.0,3.09,6.14
2020-02-07,比亚迪,002594,17.4,17.4,16.04,16.46,17.41,321282,1868897088.0,2.81,-5.46
2020-02-06,比亚迪,002594,16.64,17.44,16.62,17.41,17.43,301132,1792085760.0,2.64,-0.11
2020-02-05,比亚迪,002594,16.39,17.82,16.15,17.43,15.94,446230,2698234960.0,3.91,9.35
2020-02-04,比亚迪,002594,15.16,16.32,15.16,15.94,15.11,367775,2057907664.0,3.22,5.49
2020-02-03,比亚迪,002594,15.11,15.32,15.11,15.11,17.1,100398,540735184.0,0.88,-11.64
2020-01-23,比亚迪,002594,16.49,17.78,16.33,17.1,16.91,291585,1735366432.0,2.55,1.12
2020-01-22,比亚迪,002594,15.99,17.32,15.86,16.91,16.06,327980,1927419440.0,2.87,5.29
2020-01-21,比亚迪,002594,16.4,16.4,16.01,16.06,16.74,203837,1161444864.0,1.79,-4.06
2020-01-20,比亚迪,002594,16.26,17.12,15.99,16.74,16.47,300776,1742179872.0,2.63,1.64
2020-01-17,比亚迪,002594,15.11,16.99,14.89,16.47,15.19,530600,3022542416.0,4.65,8.43
2020-01-16,比亚迪,002594,14.99,15.34,14.42,15.19,14.93,335737,1778235680.0,2.94,1.74
2020-01-15,比亚迪,002594,15.16,15.41,14.58,14.93,14.97,298705,1594534512.0,2.62,-0.27
2020-01-14,比亚迪,002594,15.49,15.82,14.82,14.97,14.36,614976,3356918720.0,5.39,4.25
2020-01-13,比亚迪,002594,14.36,14.36,13.99,14.36,12.8,518828,2662873920.0,4.54,12.19
2020-01-10,比亚迪,002594,13.04,13.04,12.69,12.8,13.04,109295,512929712.0,0.96,-1.84
2020-01-09,比亚迪,002594,13.07,13.22,12.95,13.04,12.92,89217,425352464.0,0.78,0.93
2020-01-08,比亚迪,002594,13.01,13.27,12.87,12.92,13.17,110974,529249408.0,0.97,-1.9
2020-01-07,比亚迪,002594,13.26,13.32,13.08,13.17,13.25,93401,449013440.0,0.82,-0.6
2020-01-06,比亚迪,002594,12.95,13.55,12.89,13.25,13.17,169871,822172480.0,1.49,0.61
2020-01-03,比亚迪,002594,13.22,13.49,13.05,13.17,13.21,129936,628361968.0,1.14,-0.3
2020-01-02,比亚迪,002594,13.05,13.31,12.99,13.21,13.05,159346,765516496.0,1.4,1.23
2019-12-31,比亚迪,002594,12.99,13.19,12.79,13.05,13.04,132166,626863840.0,1.16,0.08
2019-12-30,比亚迪,002594,12.61,13.09,12.5,13.04,12.49,196477,925707984.0,1.72,4.4
2019-12-27,比亚迪,002594,12.56,12.77,12.49,12.49,12.63,109621,507597024.0,0.96,-1.11
2019-12-26,比亚迪,002594,12.56,12.91,12.54,12.63,12.77,110346,513102000.0,0.97,-1.1
2019-12-25,比亚迪,002594,12.84,13.2,12.66,12.77,12.75,191833,906693872.0,1.68,0.16
2019-12-24,比亚迪,002594,12.41,12.77,12.41,12.75,12.34,156602,725017632.0,1.37,3.32
2019-12-23,比亚迪,002594,12.6,12.63,12.31,12.34,12.7,132775,608250688.0,1.16,-2.83
2019-12-20,比亚迪,002594,12.23,12.92,12.17,12.7,12.15,289838,1344330944.0,2.54,4.53
2019-12-19,比亚迪,002594,12.06,12.16,11.91,12.15,12.06,101163,451499536.0,0.89,0.75
2019-12-18,比亚迪,002594,12.18,12.18,12.0,12.06,12.17,113229,506519520.0,0.99,-0.9
2019-12-17,比亚迪,002594,11.88,12.34,11.88,12.17,11.87,190472,857264000.0,1.67,2.53
2019-12-16,比亚迪,002594,11.63,11.87,11.57,11.87,11.61,125263,547285344.0,1.1,2.24
2019-12-13,比亚迪,002594,11.75,11.79,11.57,11.61,11.65,141601,614076976.0,1.24,-0.34
2019-12-12,比亚迪,002594,11.85,11.85,11.57,11.65,11.86,80923,353467376.0,0.71,-1.77
2019-12-11,比亚迪,002594,11.61,11.9,11.55,11.86,11.63,88873,389740624.0,0.78,1.98
2019-12-10,比亚迪,002594,11.67,11.67,11.56,11.63,11.62,42173,182927320.0,0.37,0.09
2019-12-09,比亚迪,002594,11.73,11.76,11.58,11.62,11.73,58260,252881168.0,0.51,-0.94
2019-12-06,比亚迪,002594,11.84,11.87,11.65,11.73,11.84,68146,297440944.0,0.6,-0.93
2019-12-05,比亚迪,002594,11.89,11.96,11.79,11.84,11.87,62865,277165408.0,0.55,-0.25
2019-12-04,比亚迪,002594,11.73,11.97,11.64,11.87,11.75,68960,303525488.0,0.6,1.02
2019-12-03,比亚迪,002594,11.54,11.77,11.49,11.75,11.54,47048,204097553.0,0.41,1.82
2019-12-02,比亚迪,002594,11.62,11.67,11.51,11.54,11.62,43311,187308255.0,0.38,-0.69
2019-11-29,比亚迪,002594,11.58,11.7,11.5,11.62,11.55,44104,190926826.0,0.39,0.61
2019-11-28,比亚迪,002594,11.68,11.73,11.54,11.55,11.79,48120,208644192.0,0.42,-2.04
2019-11-27,比亚迪,002594,11.98,11.98,11.77,11.79,12.02,48331,212902105.0,0.42,-1.91
2019-11-26,比亚迪,002594,12.08,12.19,11.74,12.02,12.11,99568,442825712.0,0.87,-0.74
2019-11-25,比亚迪,002594,11.88,12.25,11.67,12.11,11.76,121727,541772288.0,1.07,2.98
2019-11-22,比亚迪,002594,11.73,12.02,11.64,11.76,11.7,70269,309191776.0,0.62,0.51
2019-11-21,比亚迪,002594,11.56,11.78,11.42,11.7,11.52,57000,247633914.0,0.5,1.56
2019-11-20,比亚迪,002594,11.69,11.69,11.49,11.52,11.74,39387,170527992.0,0.35,-1.87
2019-11-19,比亚迪,002594,11.34,11.74,11.34,11.74,11.43,53463,231949857.0,0.47,2.71
2019-11-18,比亚迪,002594,11.46,11.5,11.33,11.43,11.53,53686,229761352.0,0.47,-0.87
2019-11-15,比亚迪,002594,11.67,11.7,11.42,11.53,11.66,46149,199139088.0,0.4,-1.11
2019-11-14,比亚迪,002594,11.66,11.76,11.6,11.66,11.58,40398,175929259.0,0.35,0.69
2019-11-13,比亚迪,002594,11.86,11.88,11.49,11.58,11.86,57978,251998384.0,0.51,-2.36
2019-11-12,比亚迪,002594,11.8,11.93,11.67,11.86,11.81,44569,196281802.0,0.39,0.42
2019-11-11,比亚迪,002594,12.09,12.09,11.7,11.81,12.12,61674,272426320.0,0.54,-2.56
2019-11-08,比亚迪,002594,12.45,12.47,12.09,12.12,12.05,91373,414639248.0,0.8,0.58
2019-11-07,比亚迪,002594,11.83,12.37,11.72,12.05,11.93,96836,433523296.0,0.85,1.01
2019-11-06,比亚迪,002594,11.86,12.11,11.67,11.93,11.81,96714,429240480.0,0.85,1.02
2019-11-05,比亚迪,002594,11.66,11.94,11.5,11.81,11.63,76990,336061248.0,0.67,1.55
2019-11-04,比亚迪,002594,11.68,11.76,11.53,11.63,11.68,54119,234941651.0,0.47,-0.43
2019-11-01,比亚迪,002594,11.42,11.74,11.26,11.68,11.44,67305,291051696.0,0.59,2.1
2019-10-31,比亚迪,002594,11.81,11.81,11.36,11.44,11.81,110684,475701008.0,0.97,-3.13
2019-10-30,比亚迪,002594,12.46,12.46,11.66,11.81,12.87,172419,764931680.0,1.51,-8.24
2019-10-29,比亚迪,002594,12.94,13.12,12.86,12.87,12.92,55109,261660444.0,0.48,-0.39
2019-10-28,比亚迪,002594,12.83,12.98,12.83,12.92,12.84,52592,248669255.0,0.46,0.62
2019-10-25,比亚迪,002594,12.76,12.88,12.64,12.84,12.71,37076,173422874.0,0.33,1.02
2019-10-24,比亚迪,002594,12.66,12.76,12.66,12.71,12.69,31569,147314379.0,0.28,0.16
2019-10-23,比亚迪,002594,12.75,12.81,12.68,12.69,12.76,30368,141635932.0,0.27,-0.55
2019-10-22,比亚迪,002594,12.69,12.78,12.66,12.76,12.68,33224,155146533.0,0.29,0.63
2019-10-21,比亚迪,002594,12.79,12.82,12.56,12.68,12.79,52825,245221092.0,0.46,-0.86
2019-10-18,比亚迪,002594,13.15,13.15,12.76,12.79,13.0,75010,353826128.0,0.66,-1.62
2019-10-17,比亚迪,002594,13.0,13.07,12.96,13.0,13.0,38510,183173449.0,0.34,0.0
2019-10-16,比亚迪,002594,13.16,13.24,12.98,13.0,13.16,71504,340699056.0,0.63,-1.22
2019-10-15,比亚迪,002594,13.46,13.49,13.12,13.16,13.44,76611,369180672.0,0.67,-2.08
2019-10-14,比亚迪,002594,13.48,13.62,13.32,13.44,13.3,83882,410269728.0,0.74,1.05
2019-10-11,比亚迪,002594,13.32,13.48,13.15,13.3,13.49,75742,368013984.0,0.66,-1.41
2019-10-10,比亚迪,002594,13.29,13.56,13.28,13.49,13.19,62553,306006464.0,0.55,2.27
2019-10-09,比亚迪,002594,13.26,13.26,12.92,13.19,13.3,50471,241379431.0,0.44,-0.83
2019-10-08,比亚迪,002594,13.42,13.58,13.26,13.3,13.42,48615,237568931.0,0.43,-0.89
2019-09-30,比亚迪,002594,13.37,13.53,13.34,13.42,13.35,49145,240165086.0,0.43,0.52
2019-09-27,比亚迪,002594,13.32,13.43,13.28,13.35,13.32,40681,197703060.0,0.36,0.23
2019-09-26,比亚迪,002594,13.59,13.66,13.32,13.32,13.5,69524,339274800.0,0.61,-1.33
2019-09-25,比亚迪,002594,13.77,13.77,13.46,13.5,13.78,80753,396537328.0,0.71,-2.03
2019-09-24,比亚迪,002594,13.62,13.96,13.55,13.78,13.55,79834,398163616.0,0.7,1.7
2019-09-23,比亚迪,002594,13.79,13.81,13.44,13.55,13.85,95935,471134528.0,0.84,-2.17
2019-09-20,比亚迪,002594,13.96,13.97,13.82,13.85,13.89,68763,344745440.0,0.6,-0.29
2019-09-19,比亚迪,002594,13.88,13.91,13.76,13.89,13.84,61708,308751024.0,0.54,0.36
2019-09-18,比亚迪,002594,13.82,13.87,13.76,13.84,13.81,53283,266325727.0,0.47,0.22
2019-09-17,比亚迪,002594,14.22,14.23,13.72,13.81,14.21,105598,529991136.0,0.93,-2.81
2019-09-16,比亚迪,002594,14.27,14.28,14.11,14.21,14.09,83788,428267712.0,0.73,0.85
2019-09-12,比亚迪,002594,14.26,14.28,13.94,14.09,14.19,99145,503285200.0,0.87,-0.7
2019-09-11,比亚迪,002594,14.24,14.38,14.12,14.19,14.21,116357,595551888.0,1.02,-0.14
2019-09-10,比亚迪,002594,14.39,14.45,14.11,14.21,14.35,128374,656697456.0,1.13,-0.98
2019-09-09,比亚迪,002594,14.11,14.38,14.01,14.35,13.99,194828,997120928.0,1.71,2.57
2019-09-06,比亚迪,002594,13.94,14.22,13.89,13.99,13.87,146574,741340592.0,1.28,0.87
2019-09-05,比亚迪,002594,13.66,13.96,13.65,13.87,13.61,174907,875402272.0,1.53,1.91
2019-09-04,比亚迪,002594,13.65,13.65,13.49,13.61,13.65,107035,525959120.0,0.94,-0.29
2019-09-03,比亚迪,002594,13.82,13.82,13.54,13.65,13.73,95675,472364320.0,0.84,-0.58
2019-09-02,比亚迪,002594,13.82,13.82,13.6,13.73,13.64,118337,587224048.0,1.04,0.66
2019-08-30,比亚迪,002594,13.68,13.79,13.54,13.64,13.52,101825,504256096.0,0.89,0.89
2019-08-29,比亚迪,002594,13.75,13.75,13.42,13.52,13.76,97409,478134192.0,0.85,-1.74
2019-08-28,比亚迪,002594,13.92,14.27,13.75,13.76,13.67,176510,890016560.0,1.55,0.66
2019-08-27,比亚迪,002594,13.53,13.7,13.52,13.67,13.5,144792,715147680.0,1.27,1.26
2019-08-26,比亚迪,002594,13.16,13.51,13.07,13.5,13.45,142274,690592160.0,1.25,0.37
2019-08-23,比亚迪,002594,13.82,13.83,13.24,13.45,13.89,246969,1209220000.0,2.17,-3.17
2019-08-22,比亚迪,002594,14.12,14.12,13.71,13.89,14.36,211089,1057906192.0,1.85,-3.27
2019-08-21,比亚迪,002594,14.27,14.36,14.12,14.36,14.3,85678,438446560.0,0.75,0.42
2019-08-20,比亚迪,002594,14.42,14.52,14.26,14.3,14.52,87996,454068928.0,0.77,-1.52
2019-08-19,比亚迪,002594,14.49,14.55,14.22,14.52,14.18,106806,553165936.0,0.94,2.4
2019-08-16,比亚迪,002594,13.92,14.34,13.86,14.18,13.86,90301,461801376.0,0.79,2.31
2019-08-15,比亚迪,002594,13.64,13.95,13.5,13.86,13.92,66447,330083344.0,0.58,-0.43
2019-08-14,比亚迪,002594,13.89,13.99,13.74,13.92,13.66,92687,465589312.0,0.81,1.9
2019-08-13,比亚迪,002594,13.99,14.05,13.62,13.66,14.22,135333,674159664.0,1.19,-3.94
2019-08-12,比亚迪,002594,14.12,14.22,13.76,14.22,14.15,90739,458849776.0,0.8,0.49
2019-08-09,比亚迪,002594,14.26,14.48,14.11,14.15,14.11,85773,440459424.0,0.75,0.28
2019-08-08,比亚迪,002594,14.2,14.26,13.99,14.11,14.09,71456,363707712.0,0.63,0.14
2019-08-07,比亚迪,002594,14.37,14.46,14.01,14.09,14.28,71131,363369328.0,0.62,-1.33
2019-08-06,比亚迪,002594,14.29,14.48,13.97,14.28,14.62,108362,554889920.0,0.95,-2.33
2019-08-05,比亚迪,002594,15.22,15.31,14.56,14.62,15.29,104575,555556896.0,0.92,-4.38
2019-08-02,比亚迪,002594,15.18,15.5,15.11,15.29,15.73,84180,458483264.0,0.74,-2.8
2019-08-01,比亚迪,002594,15.72,15.92,15.55,15.73,15.81,88670,493036928.0,0.78,-0.51
2019-07-31,比亚迪,002594,16.09,16.09,15.65,15.81,16.18,89720,502687424.0,0.79,-2.29
2019-07-30,比亚迪,002594,16.24,16.31,16.0,16.18,16.23,75485,429968224.0,0.66,-0.31
2019-07-29,比亚迪,002594,16.44,16.47,16.02,16.23,16.3,63434,362394960.0,0.56,-0.43
2019-07-26,比亚迪,002594,15.91,16.45,15.82,16.3,16.02,105884,605449728.0,0.93,1.75
2019-07-25,比亚迪,002594,15.87,16.08,15.7,16.02,15.87,69023,389643344.0,0.61,0.95
2019-07-24,比亚迪,002594,16.02,16.18,15.82,15.87,15.87,106124,602258064.0,0.93,0.0
2019-07-23,比亚迪,002594,15.36,16.17,15.21,15.87,15.39,141072,790277024.0,1.24,3.12
2019-07-22,比亚迪,002594,15.26,15.57,15.1,15.39,15.07,115344,632700576.0,1.01,2.12
2019-07-19,比亚迪,002594,14.96,15.17,14.88,15.07,14.91,60072,323902160.0,0.53,1.07
2019-07-18,比亚迪,002594,15.21,15.21,14.78,14.91,15.31,89584,478991312.0,0.79,-2.61
2019-07-17,比亚迪,002594,15.35,15.49,15.22,15.31,15.35,62129,340228560.0,0.54,-0.26
2019-07-16,比亚迪,002594,15.47,15.51,15.29,15.35,15.54,53946,295764352.0,0.47,-1.22
2019-07-15,比亚迪,002594,15.18,15.72,14.96,15.54,15.18,122207,672943696.0,1.07,2.37
2019-07-12,比亚迪,002594,14.86,15.35,14.82,15.18,14.84,103750,562711504.0,0.91,2.29
2019-07-11,比亚迪,002594,15.06,15.14,14.72,14.84,15.06,92304,493283920.0,0.81,-1.46
2019-07-10,比亚迪,002594,15.29,15.29,14.93,15.06,15.39,119792,645839744.0,1.05,-2.14
2019-07-09,比亚迪,002594,14.49,15.44,14.45,15.39,14.53,181053,978273328.0,1.59,5.92
2019-07-08,比亚迪,002594,14.85,14.85,14.18,14.53,14.84,97308,509579136.0,0.85,-2.09
2019-07-05,比亚迪,002594,14.84,15.01,14.48,14.84,14.84,82513,437855984.0,0.72,0.0
2019-07-04,比亚迪,002594,14.9,15.13,14.7,14.84,14.89,81471,435697728.0,0.71,-0.34
2019-07-03,比亚迪,002594,14.82,15.16,14.68,14.89,14.82,118723,636771040.0,1.04,0.47
2019-07-02,比亚迪,002594,14.39,15.22,14.27,14.82,14.39,158556,845973984.0,1.39,2.99
2019-07-01,比亚迪,002594,14.29,14.47,14.12,14.39,14.0,114364,591468288.0,1.0,2.79
2019-06-28,比亚迪,002594,13.94,14.03,13.83,14.0,13.94,55171,278912032.0,0.48,0.43
2019-06-27,比亚迪,002594,13.82,14.04,13.78,13.94,13.77,81181,410302464.0,0.71,1.23
2019-06-26,比亚迪,002594,13.61,13.96,13.56,13.77,13.72,57139,286425552.0,0.5,0.36
2019-06-25,比亚迪,002594,13.92,13.98,13.66,13.72,14.01,78742,393724880.0,0.69,-2.07
2019-06-24,比亚迪,002594,13.94,14.05,13.83,14.01,13.94,65401,331224640.0,0.57,0.5
2019-06-21,比亚迪,002594,13.82,13.98,13.76,13.94,13.85,106525,537052464.0,0.93,0.65
2019-06-20,比亚迪,002594,13.62,13.92,13.45,13.85,13.62,121169,604664112.0,1.06,1.69
2019-06-19,比亚迪,002594,13.8,13.87,13.58,13.62,13.49,92550,461559440.0,0.81,0.96
2019-06-18,比亚迪,002594,13.46,13.62,13.41,13.49,13.46,54724,269093632.0,0.48,0.22
2019-06-17,比亚迪,002594,13.59,13.73,13.42,13.46,13.54,53005,261630786.0,0.46,-0.59
2019-06-14,比亚迪,002594,13.86,13.92,13.52,13.54,13.83,62553,311449184.0,0.55,-2.1
2019-06-13,比亚迪,002594,13.99,13.99,13.72,13.83,14.01,68059,341679824.0,0.6,-1.28
2019-06-12,比亚迪,002594,14.28,14.28,13.94,14.01,14.27,93791,476661984.0,0.82,-1.82
2019-06-11,比亚迪,002594,13.95,14.32,13.81,14.27,14.06,119686,611970768.0,1.05,1.49
2019-06-10,比亚迪,002594,14.09,14.39,13.98,14.06,13.55,131082,671025776.0,1.15,3.76
2019-06-06,比亚迪,002594,13.65,13.8,13.42,13.55,13.39,106348,527701776.0,0.93,1.19
2019-06-05,比亚迪,002594,13.42,13.54,13.29,13.39,13.26,67271,329419968.0,0.59,0.98
2019-06-04,比亚迪,002594,13.24,13.29,12.99,13.26,13.35,49331,237326287.0,0.43,-0.67
2019-06-03,比亚迪,002594,13.33,13.48,13.1,13.35,13.17,53962,261923867.0,0.47,1.37
2019-05-31,比亚迪,002594,13.3,13.4,13.05,13.17,13.21,53591,259382616.0,0.47,-0.3
2019-05-30,比亚迪,002594,13.59,13.59,13.17,13.21,13.62,55404,269187296.0,0.49,-3.01
2019-05-29,比亚迪,002594,13.59,13.74,13.51,13.62,13.92,56659,281063744.0,0.5,-2.16
2019-05-28,比亚迪,002594,13.36,13.92,13.33,13.92,13.36,122525,610836944.0,1.07,4.19
2019-05-27,比亚迪,002594,13.19,13.42,12.86,13.36,13.29,79567,383543248.0,0.7,0.53
2019-05-24,比亚迪,002594,12.99,13.65,12.76,13.29,12.95,93766,451740400.0,0.82,2.63
2019-05-23,比亚迪,002594,13.52,13.58,12.91,12.95,13.4,107057,514288096.0,0.94,-3.36
2019-05-22,比亚迪,002594,13.59,13.59,13.29,13.4,13.56,52623,257348049.0,0.46,-1.18
2019-05-21,比亚迪,002594,13.48,13.63,13.32,13.56,13.42,59861,295136976.0,0.52,1.04
2019-05-20,比亚迪,002594,13.89,13.9,13.26,13.42,13.83,78296,383243536.0,0.69,-2.96
2019-05-17,比亚迪,002594,14.19,14.24,13.76,13.83,14.25,67505,340767744.0,0.59,-2.95
2019-05-16,比亚迪,002594,14.17,14.39,14.16,14.25,14.19,58377,300715984.0,0.51,0.42
2019-05-15,比亚迪,002594,13.96,14.2,13.87,14.19,13.82,68027,346688288.0,0.6,2.68
2019-05-14,比亚迪,002594,13.91,14.09,13.79,13.82,14.1,62975,318067056.0,0.55,-1.99
2019-05-13,比亚迪,002594,14.49,14.49,13.92,14.1,14.51,64961,331705664.0,0.57,-2.83
2019-05-10,比亚迪,002594,14.38,14.53,13.66,14.51,14.13,90465,467950640.0,0.79,2.69
2019-05-09,比亚迪,002594,14.39,14.51,13.98,14.13,14.37,74264,380777296.0,0.65,-1.67
2019-05-08,比亚迪,002594,14.43,14.86,14.23,14.37,14.76,98147,511300544.0,0.86,-2.64
2019-05-07,比亚迪,002594,14.56,14.95,14.45,14.76,14.44,85742,454014000.0,0.75,2.22
2019-05-06,比亚迪,002594,15.38,15.52,14.37,14.44,16.06,135544,725208720.0,1.19,-10.09
2019-04-30,比亚迪,002594,15.61,16.06,15.51,16.06,15.64,79274,447723216.0,0.69,2.69
2019-04-29,比亚迪,002594,15.92,16.08,15.57,15.64,15.54,105128,591529424.0,0.92,0.64
2019-04-26,比亚迪,002594,15.79,15.95,15.47,15.54,15.81,82089,457693824.0,0.72,-1.71
2019-04-25,比亚迪,002594,16.32,16.32,15.76,15.81,16.47,92925,526376240.0,0.81,-4.01
2019-04-24,比亚迪,002594,16.24,16.48,15.97,16.47,16.08,112923,651607904.0,0.99,2.43
2019-04-23,比亚迪,002594,16.34,16.39,15.96,16.08,16.33,99686,569865392.0,0.87,-1.53
2019-04-22,比亚迪,002594,17.09,17.13,16.15,16.33,17.13,152525,888126624.0,1.34,-4.67
2019-04-19,比亚迪,002594,16.76,17.69,16.59,17.13,16.86,174364,1050880592.0,1.53,1.6
2019-04-18,比亚迪,002594,17.86,17.86,16.72,16.86,17.89,314697,1902702640.0,2.76,-5.76
2019-04-17,比亚迪,002594,16.46,17.89,16.46,17.89,16.0,491714,2999382080.0,4.3,11.81
2019-04-16,比亚迪,002594,14.94,16.11,14.86,16.0,14.94,210096,1165362384.0,1.84,7.1
2019-04-15,比亚迪,002594,15.24,15.5,14.87,14.94,15.12,100201,544377824.0,0.88,-1.19
2019-04-12,比亚迪,002594,15.34,15.34,14.98,15.12,15.4,89460,484592128.0,0.78,-1.82
2019-04-11,比亚迪,002594,15.68,16.22,15.33,15.4,15.6,183873,1031866080.0,1.61,-1.28
2019-04-10,比亚迪,002594,15.41,15.86,14.98,15.6,15.4,176455,976494640.0,1.54,1.3
2019-04-09,比亚迪,002594,14.94,15.52,14.94,15.4,14.9,133049,724828848.0,1.16,3.36
2019-04-08,比亚迪,002594,15.58,15.63,14.72,14.9,15.49,165600,896323904.0,1.45,-3.81
2019-04-04,比亚迪,002594,15.27,15.64,15.23,15.49,15.22,147706,814495088.0,1.29,1.77
2019-04-03,比亚迪,002594,15.33,15.39,15.15,15.22,15.32,101703,554172128.0,0.89,-0.65
2019-04-02,比亚迪,002594,15.29,15.42,15.09,15.32,15.24,128437,697294560.0,1.12,0.52
2019-04-01,比亚迪,002594,14.94,15.35,14.86,15.24,14.92,160698,870253120.0,1.41,2.14
2019-03-29,比亚迪,002594,14.71,14.94,14.48,14.92,14.68,128354,680888784.0,1.12,1.63
2019-03-28,比亚迪,002594,15.64,15.64,14.59,14.68,15.33,167947,895034576.0,1.47,-4.24
2019-03-27,比亚迪,002594,15.35,15.94,14.99,15.33,15.51,147450,804456208.0,1.29,-1.16
2019-03-26,比亚迪,002594,16.09,16.27,15.45,15.51,15.92,105549,594394976.0,0.92,-2.58
2019-03-25,比亚迪,002594,15.76,16.41,15.66,15.92,16.09,124562,709514800.0,1.09,-1.06
2019-03-22,比亚迪,002594,15.47,16.28,15.42,16.09,15.44,173033,982926480.0,1.51,4.21
2019-03-21,比亚迪,002594,15.56,15.75,15.3,15.44,15.56,109002,603820544.0,0.95,-0.77
2019-03-20,比亚迪,002594,15.84,15.98,15.37,15.56,15.75,122723,685243136.0,1.07,-1.21
2019-03-19,比亚迪,002594,15.81,15.98,15.59,15.75,15.64,124060,695763504.0,1.09,0.7
2019-03-18,比亚迪,002594,15.59,15.9,15.55,15.64,15.55,154589,863433536.0,1.35,0.58
2019-03-15,比亚迪,002594,15.44,15.82,15.13,15.55,15.28,255426,1416034160.0,2.24,1.77
2019-03-14,比亚迪,002594,14.43,15.47,14.43,15.28,14.42,350367,1889955264.0,3.07,5.96
2019-03-13,比亚迪,002594,14.35,14.68,14.19,14.42,14.42,127210,662997520.0,1.11,0.0
2019-03-12,比亚迪,002594,14.56,14.72,14.33,14.42,14.55,138615,725665664.0,1.21,-0.89
2019-03-11,比亚迪,002594,14.12,14.58,14.12,14.55,14.13,126197,654575664.0,1.1,2.97
2019-03-08,比亚迪,002594,14.76,14.76,14.11,14.13,14.88,185282,962751248.0,1.62,-5.04
2019-03-07,比亚迪,002594,15.12,15.12,14.76,14.88,15.24,182839,976603632.0,1.6,-2.36
2019-03-06,比亚迪,002594,15.26,15.41,14.92,15.24,15.12,220522,1195892016.0,1.93,0.79
2019-03-05,比亚迪,002594,14.98,15.17,14.76,15.12,14.98,196306,1054132208.0,1.72,0.93
2019-03-04,比亚迪,002594,15.09,15.35,14.67,14.98,15.02,302258,1617182256.0,2.65,-0.27
2019-03-01,比亚迪,002594,15.38,15.42,14.72,15.02,15.26,174563,935733504.0,1.53,-1.57
2019-02-28,比亚迪,002594,15.46,15.5,15.14,15.26,15.41,94237,515781616.0,0.83,-0.97
2019-02-27,比亚迪,002594,15.82,15.84,15.14,15.41,16.0,228543,1257964256.0,2.0,-3.69
2019-02-26,比亚迪,002594,16.16,16.65,15.9,16.0,15.44,291996,1676147792.0,2.56,3.63
2019-02-25,比亚迪,002594,14.38,15.47,14.26,15.44,14.38,258382,1389428016.0,2.26,7.37
2019-02-22,比亚迪,002594,14.36,14.38,14.06,14.38,14.4,119678,614630400.0,1.05,-0.14
2019-02-21,比亚迪,002594,14.52,14.76,14.28,14.4,14.54,126056,659357728.0,1.1,-0.96
2019-02-20,比亚迪,002594,14.36,14.69,14.27,14.54,14.34,124999,653706176.0,1.09,1.39
2019-02-19,比亚迪,002594,14.59,14.64,14.09,14.34,14.57,144365,746470480.0,1.26,-1.58
2019-02-18,比亚迪,002594,14.4,14.69,14.3,14.57,14.31,168185,878505552.0,1.47,1.82
2019-02-15,比亚迪,002594,14.89,14.89,14.26,14.31,15.0,152916,798355776.0,1.34,-4.6
2019-02-14,比亚迪,002594,14.37,15.11,14.37,15.0,14.28,169124,900048080.0,1.48,5.04
2019-02-13,比亚迪,002594,13.95,14.45,13.86,14.28,13.95,122965,631189936.0,1.08,2.37
2019-02-12,比亚迪,002594,13.83,14.14,13.72,13.95,13.82,102992,520271536.0,0.9,0.94
2019-02-11,比亚迪,002594,13.36,13.87,13.36,13.82,13.18,128871,643280480.0,1.13,4.86
2019-02-01,比亚迪,002594,12.67,13.19,12.59,13.18,12.56,91780,437206880.0,0.8,4.94
2019-01-31,比亚迪,002594,12.79,12.92,12.51,12.56,12.81,71885,336548864.0,0.63,-1.95
2019-01-30,比亚迪,002594,13.07,13.18,12.72,12.81,13.09,83426,395168912.0,0.73,-2.14
2019-01-29,比亚迪,002594,13.24,13.24,12.77,13.09,13.24,61503,294079280.0,0.54,-1.13
2019-01-28,比亚迪,002594,13.49,13.71,13.18,13.24,13.48,86254,421062144.0,0.76,-1.78
2019-01-25,比亚迪,002594,13.27,13.64,13.15,13.48,13.26,100929,495909168.0,0.88,1.66
2019-01-24,比亚迪,002594,13.4,13.41,12.98,13.26,13.36,71712,346868848.0,0.63,-0.75
2019-01-23,比亚迪,002594,12.9,13.38,12.87,13.36,12.99,96620,468388880.0,0.85,2.85
2019-01-22,比亚迪,002594,13.11,13.36,12.96,12.99,13.16,84094,405187152.0,0.74,-1.29
2019-01-21,比亚迪,002594,12.68,13.18,12.46,13.16,12.7,131233,623110352.0,1.15,3.62
2019-01-18,比亚迪,002594,12.92,12.92,12.44,12.7,12.92,125996,587354336.0,1.1,-1.7
2019-01-17,比亚迪,002594,13.39,13.39,12.87,12.92,13.4,98744,471791920.0,0.86,-3.58
2019-01-16,比亚迪,002594,13.36,13.46,13.2,13.4,13.36,65924,321851888.0,0.58,0.3
2019-01-15,比亚迪,002594,13.22,13.41,13.04,13.36,13.36,83531,405053072.0,0.73,0.0
2019-01-14,比亚迪,002594,13.49,13.49,12.86,13.36,13.43,109746,527419472.0,0.96,-0.52
2019-01-11,比亚迪,002594,13.26,13.52,13.22,13.43,13.37,96800,472494720.0,0.85,0.45
2019-01-10,比亚迪,002594,13.72,13.82,13.3,13.37,13.91,153456,757175104.0,1.34,-3.88
2019-01-09,比亚迪,002594,14.36,14.76,13.26,13.91,14.72,262205,1327590608.0,2.3,-5.5
2019-01-08,比亚迪,002594,14.52,14.97,14.44,14.72,14.22,147052,777381424.0,1.29,3.52
2019-01-07,比亚迪,002594,14.04,14.38,13.76,14.22,13.97,136046,693197808.0,1.19,1.79
2019-01-04,比亚迪,002594,13.02,14.09,12.93,13.97,13.11,126538,627892544.0,1.11,6.56
2019-01-03,比亚迪,002594,13.51,13.71,13.08,13.11,13.48,83478,407386240.0,0.73,-2.74
2019-01-02,比亚迪,002594,14.1,14.22,13.42,13.48,14.09,85554,424670608.0,0.75,-4.33
2018-12-28,比亚迪,002594,14.04,14.22,13.79,14.09,14.04,82507,419993120.0,0.72,0.36
2018-12-27,比亚迪,002594,14.46,14.57,14.01,14.04,14.09,100762,519075088.0,0.88,-0.35
2018-12-26,比亚迪,002594,14.5,14.65,14.09,14.09,14.5,77391,401148288.0,0.68,-2.83
2018-12-25,比亚迪,002594,14.62,14.75,14.05,14.5,14.83,112456,584096976.0,0.98,-2.23
2018-12-24,比亚迪,002594,14.67,14.9,14.45,14.83,14.75,81601,431280128.0,0.71,0.54
2018-12-21,比亚迪,002594,14.96,15.15,14.4,14.75,15.05,103209,545598256.0,0.9,-1.99
2018-12-20,比亚迪,002594,14.93,15.2,14.7,15.05,14.92,104322,560669536.0,0.91,0.87
2018-12-19,比亚迪,002594,15.49,15.74,14.88,14.92,15.44,113363,617053248.0,0.99,-3.37
2018-12-18,比亚迪,002594,15.11,15.79,15.08,15.44,15.39,91365,504509552.0,0.8,0.32
2018-12-17,比亚迪,002594,15.98,16.09,15.09,15.39,16.19,142956,786141536.0,1.25,-4.94
2018-12-14,比亚迪,002594,16.55,16.75,16.06,16.19,16.56,92911,537878640.0,0.81,-2.23
2018-12-13,比亚迪,002594,16.51,16.61,16.13,16.56,16.51,101065,585047648.0,0.89,0.3
2018-12-12,比亚迪,002594,15.99,16.58,15.96,16.51,15.81,131204,756589984.0,1.15,4.43
2018-12-11,比亚迪,002594,15.66,16.2,15.66,15.81,15.55,111478,630306944.0,0.98,1.67
2018-12-10,比亚迪,002594,15.76,15.94,15.44,15.55,16.05,115499,642323328.0,1.01,-3.12
2018-12-07,比亚迪,002594,15.72,16.39,15.61,16.05,15.54,126354,718653312.0,1.11,3.28
2018-12-06,比亚迪,002594,16.26,16.36,15.38,15.54,16.4,135825,759428432.0,1.19,-5.24
2018-12-05,比亚迪,002594,15.64,16.47,15.47,16.4,15.86,156248,887736688.0,1.37,3.4
2018-12-04,比亚迪,002594,15.56,16.04,15.46,15.86,15.78,118280,663603376.0,1.04,0.51
2018-12-03,比亚迪,002594,16.54,16.73,15.62,15.78,16.09,194258,1110534656.0,1.7,-1.93
2018-11-30,比亚迪,002594,16.23,16.56,15.9,16.09,16.31,89648,514882192.0,0.79,-1.35
2018-11-29,比亚迪,002594,16.37,16.79,16.12,16.31,16.31,104920,609939040.0,0.92,0.0
2018-11-28,比亚迪,002594,16.17,16.65,15.86,16.31,16.17,120959,695702144.0,1.06,0.87
2018-11-27,比亚迪,002594,15.27,16.22,15.27,16.17,15.14,159156,898849520.0,1.39,6.8
2018-11-26,比亚迪,002594,15.06,15.52,14.92,15.14,15.09,82746,449937040.0,0.72,0.33
2018-11-23,比亚迪,002594,15.52,15.65,14.86,15.09,15.52,95171,515611648.0,0.83,-2.77
2018-11-22,比亚迪,002594,15.31,16.08,15.31,15.52,15.42,102002,570471568.0,0.89,0.65
2018-11-21,比亚迪,002594,15.34,15.76,15.12,15.42,15.56,94101,516953984.0,0.82,-0.9
2018-11-20,比亚迪,002594,15.09,16.08,14.89,15.56,15.32,173211,959224880.0,1.52,1.57
2018-11-19,比亚迪,002594,14.33,15.52,14.28,15.32,14.27,162488,875664704.0,1.42,7.36
2018-11-16,比亚迪,002594,14.42,14.66,14.05,14.27,14.36,113241,586888032.0,0.99,-0.63
2018-11-15,比亚迪,002594,14.31,14.52,14.21,14.36,14.39,69458,359591472.0,0.61,-0.21
2018-11-14,比亚迪,002594,14.07,14.69,14.05,14.39,14.09,102129,532606592.0,0.89,2.13
2018-11-13,比亚迪,002594,13.96,14.57,13.92,14.09,14.29,105875,544505056.0,0.93,-1.4
2018-11-12,比亚迪,002594,13.75,14.46,13.66,14.29,13.76,133712,686089552.0,1.17,3.85
2018-11-09,比亚迪,002594,13.36,14.05,13.2,13.76,13.42,146773,733720352.0,1.29,2.53
2018-11-08,比亚迪,002594,12.98,13.61,12.98,13.42,12.84,142159,691476016.0,1.25,4.52
2018-11-07,比亚迪,002594,12.62,13.11,12.62,12.84,12.97,69529,328618544.0,0.61,-1.0
2018-11-06,比亚迪,002594,13.15,13.15,12.72,12.97,13.17,55658,263813779.0,0.49,-1.52
2018-11-05,比亚迪,002594,13.09,13.46,12.82,13.17,13.1,110088,530983600.0,0.96,0.53
2018-11-02,比亚迪,002594,12.57,13.14,12.32,13.1,12.32,139156,653896208.0,1.22,6.33
2018-11-01,比亚迪,002594,12.83,12.92,12.08,12.32,12.69,109020,506616960.0,0.95,-2.92
2018-10-31,比亚迪,002594,12.57,12.91,12.46,12.69,12.6,61159,286724576.0,0.54,0.71
2018-10-30,比亚迪,002594,12.91,13.0,12.05,12.6,12.88,96487,446449792.0,0.85,-2.17
2018-10-29,比亚迪,002594,13.3,13.42,12.72,12.88,13.3,69284,330502208.0,0.61,-3.16
2018-10-26,比亚迪,002594,13.75,13.8,13.08,13.3,13.62,76780,375759888.0,0.67,-2.35
2018-10-25,比亚迪,002594,12.87,13.67,12.72,13.62,13.35,110847,534735632.0,0.97,2.02
2018-10-24,比亚迪,002594,13.19,13.67,13.09,13.35,13.24,104537,511363120.0,0.92,0.83
2018-10-23,比亚迪,002594,13.71,13.75,12.86,13.24,13.76,115358,561568016.0,1.01,-3.78
2018-10-22,比亚迪,002594,12.96,13.82,12.94,13.76,12.76,168945,830863888.0,1.48,7.84
2018-10-19,比亚迪,002594,12.12,12.85,11.76,12.76,12.48,119986,548809984.0,1.05,2.24
2018-10-18,比亚迪,002594,12.76,12.86,12.33,12.48,12.86,83865,389252608.0,0.73,-2.95
2018-10-17,比亚迪,002594,12.66,12.98,12.38,12.86,12.41,110263,517523056.0,0.97,3.63
2018-10-16,比亚迪,002594,12.74,12.91,12.18,12.41,12.73,64697,298245840.0,0.57,-2.51
2018-10-15,比亚迪,002594,12.62,13.04,12.52,12.73,12.56,95431,449287104.0,0.84,1.35
2018-10-12,比亚迪,002594,11.49,12.69,11.49,12.56,11.36,129205,582234032.0,1.13,10.56
2018-10-11,比亚迪,002594,11.89,12.15,11.31,11.36,12.39,119795,525829648.0,1.05,-8.31
2018-10-10,比亚迪,002594,12.87,12.94,12.24,12.39,12.79,88215,406966960.0,0.77,-3.13
2018-10-09,比亚迪,002594,12.63,12.96,12.63,12.79,12.61,41623,196036934.0,0.36,1.43
2018-10-08,比亚迪,002594,12.76,13.07,12.56,12.61,13.46,111389,525032416.0,0.98,-6.32
2018-09-28,比亚迪,002594,13.09,13.52,13.06,13.46,13.02,76871,375320288.0,0.67,3.38
2018-09-27,比亚迪,002594,13.26,13.29,12.92,13.02,13.18,62774,301075056.0,0.55,-1.21
2018-09-26,比亚迪,002594,13.31,13.41,13.02,13.18,13.16,99682,481689824.0,0.87,0.15
2018-09-25,比亚迪,002594,12.86,13.31,12.86,13.16,12.76,102447,493193072.0,0.9,3.13
2018-09-21,比亚迪,002594,12.92,13.34,12.62,12.76,12.41,162412,771531280.0,1.42,2.82
2018-09-20,比亚迪,002594,12.74,12.92,12.41,12.41,12.74,82025,384946512.0,0.72,-2.59
2018-09-19,比亚迪,002594,12.12,12.88,11.99,12.74,12.12,130011,605521152.0,1.14,5.12
2018-09-18,比亚迪,002594,11.81,12.2,11.77,12.12,12.03,68125,305784416.0,0.6,0.75
2018-09-17,比亚迪,002594,11.76,12.24,11.59,12.03,12.03,85195,380849824.0,0.75,0.0
2018-09-14,比亚迪,002594,11.83,12.24,11.83,12.03,11.4,105337,470960352.0,0.92,5.53
2018-09-13,比亚迪,002594,11.33,11.44,11.12,11.4,11.1,55448,235991197.0,0.49,2.7
2018-09-12,比亚迪,002594,10.76,11.26,10.66,11.1,10.93,55876,233559547.0,0.49,1.56
2018-09-11,比亚迪,002594,10.94,11.04,10.73,10.93,11.0,35223,145958369.0,0.31,-0.64
2018-09-10,比亚迪,002594,11.42,11.57,10.81,11.0,11.36,52933,222230731.0,0.46,-3.17
2018-09-07,比亚迪,002594,11.52,11.78,11.31,11.36,11.29,68765,298371248.0,0.6,0.62
2018-09-06,比亚迪,002594,11.26,11.49,11.11,11.29,11.26,46916,200948426.0,0.41,0.27
2018-09-05,比亚迪,002594,11.78,11.93,11.26,11.26,11.93,82855,358289744.0,0.73,-5.62
2018-09-04,比亚迪,002594,11.72,11.95,11.63,11.93,11.65,59574,263787461.0,0.52,2.4
2018-09-03,比亚迪,002594,11.89,11.89,11.47,11.65,11.91,56080,244217934.0,0.49,-2.18
2018-08-31,比亚迪,002594,11.9,12.05,11.72,11.91,12.09,66898,296774480.0,0.59,-1.49
2018-08-30,比亚迪,002594,12.26,12.56,11.97,12.09,12.52,91241,413735712.0,0.8,-3.43
2018-08-29,比亚迪,002594,12.23,12.7,12.23,12.52,12.29,91448,423581632.0,0.8,1.87
2018-08-28,比亚迪,002594,12.11,12.47,12.06,12.29,12.09,80943,368320464.0,0.71,1.65
2018-08-27,比亚迪,002594,11.57,12.17,11.55,12.09,11.57,87641,392169184.0,0.77,4.49
2018-08-24,比亚迪,002594,11.87,11.87,11.36,11.57,11.86,78310,339680032.0,0.69,-2.45
2018-08-23,比亚迪,002594,12.03,12.22,11.63,11.86,12.02,83317,370017552.0,0.73,-1.33
2018-08-22,比亚迪,002594,12.27,12.36,11.81,12.02,12.06,90881,408588400.0,0.8,-0.33
2018-08-21,比亚迪,002594,12.17,12.28,11.89,12.06,12.17,98460,442864992.0,0.86,-0.9
2018-08-20,比亚迪,002594,11.41,12.21,11.39,12.17,11.24,147217,652700912.0,1.29,8.27
2018-08-17,比亚迪,002594,11.41,11.42,11.09,11.24,11.13,57460,244648242.0,0.5,0.99
2018-08-16,比亚迪,002594,10.86,11.44,10.79,11.13,11.09,74038,313880304.0,0.65,0.36
2018-08-15,比亚迪,002594,11.38,11.68,10.97,11.09,11.43,98823,422981152.0,0.87,-2.97
2018-08-14,比亚迪,002594,11.43,11.69,11.25,11.43,11.43,81991,354897696.0,0.72,0.0
2018-08-13,比亚迪,002594,10.74,11.56,10.67,11.43,10.94,132331,562164128.0,1.16,4.48
2018-08-10,比亚迪,002594,10.18,10.97,10.18,10.94,10.13,103584,422283648.0,0.91,8.0
2018-08-09,比亚迪,002594,9.67,10.23,9.65,10.13,9.81,74876,292537456.0,0.66,3.26
2018-08-08,比亚迪,002594,9.72,10.21,9.72,9.81,9.71,73070,282739392.0,0.64,1.03
2018-08-07,比亚迪,002594,9.6,9.71,9.29,9.71,9.47,68165,255655370.0,0.6,2.53
2018-08-06,比亚迪,002594,9.82,9.93,9.34,9.47,9.82,73788,279140176.0,0.65,-3.56
2018-08-03,比亚迪,002594,10.47,10.54,9.78,9.82,10.41,96516,378310912.0,0.85,-5.67
2018-08-02,比亚迪,002594,11.03,11.04,10.21,10.41,11.04,107980,434793680.0,0.95,-5.71
2018-08-01,比亚迪,002594,11.32,11.37,11.0,11.04,11.12,44292,187567711.0,0.39,-0.72
2018-07-31,比亚迪,002594,11.22,11.22,11.06,11.12,11.21,30212,127788053.0,0.26,-0.8
2018-07-30,比亚迪,002594,11.36,11.41,10.99,11.21,11.37,55930,236871679.0,0.49,-1.41
2018-07-27,比亚迪,002594,11.38,11.49,11.28,11.37,11.38,36790,158234195.0,0.32,-0.09
2018-07-26,比亚迪,002594,11.73,11.79,11.34,11.38,11.73,51790,224937888.0,0.45,-2.98
2018-07-25,比亚迪,002594,11.89,11.89,11.61,11.73,11.81,64749,285047296.0,0.57,-0.68
2018-07-24,比亚迪,002594,11.61,11.85,11.51,11.81,11.54,55480,244567193.0,0.49,2.34
2018-07-23,比亚迪,002594,11.27,11.66,11.21,11.54,11.35,51941,225317617.0,0.45,1.67
2018-07-20,比亚迪,002594,11.21,11.43,11.1,11.35,11.09,56935,243361983.0,0.5,2.34
2018-07-19,比亚迪,002594,11.57,11.57,11.04,11.09,11.48,61877,263568678.0,0.54,-3.4
2018-07-18,比亚迪,002594,11.56,11.79,11.45,11.48,11.56,44875,196079174.0,0.39,-0.69
2018-07-17,比亚迪,002594,11.53,11.68,11.3,11.56,11.69,69395,300926784.0,0.61,-1.11
2018-07-16,比亚迪,002594,11.98,11.98,11.31,11.69,12.36,125033,549450640.0,1.1,-5.42
2018-07-13,比亚迪,002594,12.58,12.58,12.31,12.36,12.55,53284,246023438.0,0.47,-1.51
2018-07-12,比亚迪,002594,12.31,12.71,12.27,12.55,12.2,69617,322903024.0,0.61,2.87
2018-07-11,比亚迪,002594,12.25,12.39,11.95,12.2,12.59,50743,230516244.0,0.44,-3.1
2018-07-10,比亚迪,002594,12.56,12.67,12.48,12.59,12.55,46391,216079243.0,0.41,0.32
2018-07-09,比亚迪,002594,12.51,12.69,12.35,12.55,12.39,72893,337170016.0,0.64,1.29
2018-07-06,比亚迪,002594,12.47,12.63,12.22,12.39,12.24,67812,314076544.0,0.59,1.23
2018-07-05,比亚迪,002594,12.31,12.67,12.18,12.24,12.31,55737,257799358.0,0.49,-0.57
2018-07-04,比亚迪,002594,12.16,12.42,12.04,12.31,12.16,63419,289309680.0,0.56,1.23
2018-07-03,比亚迪,002594,12.53,12.62,11.73,12.16,12.37,93103,421287424.0,0.82,-1.7
2018-07-02,比亚迪,002594,12.93,12.93,12.33,12.37,12.94,61757,288563472.0,0.54,-4.4
2018-06-29,比亚迪,002594,12.42,12.97,12.37,12.94,12.38,74976,351475136.0,0.66,4.52
2018-06-28,比亚迪,002594,12.74,12.86,12.31,12.38,12.74,61273,285276160.0,0.54,-2.83
2018-06-27,比亚迪,002594,12.57,13.08,12.54,12.74,12.5,95525,453690800.0,0.84,1.92
2018-06-26,比亚迪,002594,12.37,12.75,12.12,12.5,12.4,64116,297323008.0,0.56,0.81
2018-06-25,比亚迪,002594,12.94,12.94,12.35,12.4,12.66,57418,267602978.0,0.5,-2.05
2018-06-22,比亚迪,002594,12.32,12.79,12.22,12.66,12.3,60455,280666480.0,0.53,2.93
2018-06-21,比亚迪,002594,12.3,12.83,12.18,12.3,12.17,76183,353226544.0,0.67,1.07
2018-06-20,比亚迪,002594,11.86,12.45,11.86,12.17,12.04,56963,257906372.0,0.5,1.08
2018-06-19,比亚迪,002594,12.91,12.91,11.53,12.04,13.1,119739,544796160.0,1.05,-8.09
2018-06-15,比亚迪,002594,13.41,13.47,13.09,13.1,13.39,49376,239521337.0,0.43,-2.17
2018-06-14,比亚迪,002594,13.27,13.52,13.24,13.39,13.4,38126,186776441.0,0.33,-0.07
2018-06-13,比亚迪,002594,13.74,13.75,13.35,13.4,13.72,48820,240481696.0,0.43,-2.33
2018-06-12,比亚迪,002594,13.61,13.78,13.38,13.72,13.52,46212,229627048.0,0.41,1.48
2018-06-11,比亚迪,002594,13.75,13.75,13.48,13.52,13.75,42806,212520366.0,0.38,-1.67
2018-06-08,比亚迪,002594,14.02,14.04,13.68,13.75,14.02,51339,257351122.0,0.45,-1.93
2018-06-07,比亚迪,002594,14.21,14.23,14.01,14.02,14.08,43290,221696045.0,0.38,-0.43
2018-06-06,比亚迪,002594,13.99,14.31,13.91,14.08,14.12,64984,331700720.0,0.57,-0.28
2018-06-05,比亚迪,002594,13.78,14.12,13.64,14.12,13.78,55286,279721408.0,0.49,2.47
2018-06-04,比亚迪,002594,13.95,14.11,13.73,13.78,14.01,52796,265822585.0,0.46,-1.64
2018-06-01,比亚迪,002594,14.16,14.17,13.72,14.01,14.09,45159,229157934.0,0.4,-0.57
2018-05-31,比亚迪,002594,13.85,14.13,13.85,14.09,13.84,57929,295133232.0,0.51,1.81
2018-05-30,比亚迪,002594,14.71,14.72,13.71,13.84,14.88,103830,531139584.0,0.91,-6.99
2018-05-29,比亚迪,002594,14.55,15.14,14.52,14.88,14.64,72877,391219744.0,0.64,1.64
2018-05-28,比亚迪,002594,15.14,15.37,14.62,14.64,15.12,60132,322785120.0,0.53,-3.17
2018-05-25,比亚迪,002594,15.11,15.45,15.11,15.12,15.09,50606,276703120.0,0.44,0.2
2018-05-24,比亚迪,002594,15.21,15.37,14.98,15.09,15.27,50349,273646240.0,0.44,-1.18
2018-05-23,比亚迪,002594,15.21,15.64,14.95,15.27,15.38,78661,432530176.0,0.69,-0.72
2018-05-22,比亚迪,002594,15.23,15.44,15.09,15.38,15.22,56239,308464960.0,0.49,1.05
2018-05-21,比亚迪,002594,15.19,15.44,15.08,15.22,15.04,74495,406861056.0,0.65,1.2
2018-05-18,比亚迪,002594,14.7,15.13,14.64,15.04,14.63,88744,475746080.0,0.78,2.8
2018-05-17,比亚迪,002594,14.62,14.77,14.55,14.63,14.6,37620,198769278.0,0.33,0.21
2018-05-16,比亚迪,002594,14.73,14.86,14.49,14.6,14.73,54935,290527936.0,0.48,-0.88
2018-05-15,比亚迪,002594,14.65,14.86,14.55,14.73,14.6,55338,293343584.0,0.49,0.89
2018-05-14,比亚迪,002594,14.76,15.0,14.52,14.6,14.69,66234,351087632.0,0.58,-0.61
2018-05-11,比亚迪,002594,14.32,14.84,14.15,14.69,14.32,92193,485080672.0,0.81,2.58
2018-05-10,比亚迪,002594,14.26,14.49,14.1,14.32,14.21,41670,215527482.0,0.37,0.77
2018-05-09,比亚迪,002594,14.38,14.38,14.11,14.21,14.34,46744,240992244.0,0.41,-0.91
2018-05-08,比亚迪,002594,13.83,14.49,13.83,14.34,13.83,81143,418570272.0,0.71,3.69
2018-05-07,比亚迪,002594,13.67,13.98,13.38,13.83,13.46,74920,375182080.0,0.66,2.75
2018-05-04,比亚迪,002594,13.41,13.53,13.36,13.46,13.58,49591,243739610.0,0.44,-0.88
2018-05-03,比亚迪,002594,13.46,13.64,13.24,13.58,13.46,73998,363859040.0,0.65,0.89
2018-05-02,比亚迪,002594,13.98,13.98,13.34,13.46,14.7,140008,693760448.0,1.23,-8.44
2018-04-27,比亚迪,002594,14.75,14.84,14.56,14.7,14.55,41996,222444774.0,0.37,1.03
2018-04-26,比亚迪,002594,15.01,15.08,14.54,14.55,14.99,52536,278828640.0,0.46,-2.94
2018-04-25,比亚迪,002594,15.0,15.11,14.91,14.99,15.07,44871,241713280.0,0.39,-0.53
2018-04-24,比亚迪,002594,14.67,15.08,14.67,15.07,14.69,55426,297599248.0,0.49,2.59
2018-04-23,比亚迪,002594,14.46,14.77,14.41,14.69,14.46,53926,284605136.0,0.47,1.59
2018-04-20,比亚迪,002594,15.04,15.04,14.41,14.46,15.0,58544,309786720.0,0.51,-3.6
2018-04-19,比亚迪,002594,14.83,15.11,14.72,15.0,14.86,51363,276457856.0,0.45,0.94
2018-04-18,比亚迪,002594,15.11,15.14,14.37,14.86,14.91,92047,488104448.0,0.81,-0.34
2018-04-17,比亚迪,002594,15.42,15.48,14.88,14.91,15.35,72273,391578016.0,0.63,-2.87
2018-04-16,比亚迪,002594,15.54,15.73,15.28,15.35,15.58,53047,293221744.0,0.47,-1.48
2018-04-13,比亚迪,002594,15.78,15.84,15.53,15.58,15.68,41333,230903158.0,0.36,-0.64
2018-04-12,比亚迪,002594,15.76,15.84,15.64,15.68,15.75,52438,294093344.0,0.46,-0.44
2018-04-11,比亚迪,002594,15.94,16.0,15.64,15.75,15.93,74569,418713520.0,0.66,-1.13
2018-04-10,比亚迪,002594,15.82,16.29,15.67,15.93,15.82,108469,615247984.0,0.95,0.7
2018-04-09,比亚迪,002594,15.34,16.04,15.34,15.82,15.32,119841,672904832.0,1.05,3.26
2018-04-04,比亚迪,002594,15.23,15.49,15.16,15.32,15.13,81537,447590128.0,0.72,1.26
2018-04-03,比亚迪,002594,15.38,15.38,14.94,15.13,15.6,123634,669731888.0,1.09,-3.01
2018-04-02,比亚迪,002594,15.88,15.9,15.58,15.6,15.81,83266,465170816.0,0.73,-1.33
2018-03-30,比亚迪,002594,16.0,16.04,15.71,15.81,15.71,80901,456258464.0,0.71,0.64
2018-03-29,比亚迪,002594,15.61,15.81,15.21,15.71,15.77,140042,776010896.0,1.23,-0.38
2018-03-28,比亚迪,002594,15.43,16.39,15.43,15.77,17.48,330118,1857779376.0,2.9,-9.78
2018-03-27,比亚迪,002594,17.41,17.58,17.28,17.48,17.18,72053,440900080.0,0.63,1.75
2018-03-26,比亚迪,002594,16.71,17.21,16.38,17.18,16.87,84012,498479008.0,0.74,1.84
2018-03-23,比亚迪,002594,17.03,17.69,16.64,16.87,17.91,128223,769016432.0,1.13,-5.81
2018-03-22,比亚迪,002594,18.03,18.11,17.68,17.91,17.91,58977,368290688.0,0.52,0.0
2018-03-21,比亚迪,002594,18.04,18.32,17.84,17.91,17.98,83340,527104976.0,0.73,-0.39
2018-03-20,比亚迪,002594,18.28,18.28,17.71,17.98,18.46,108427,680033632.0,0.95,-2.6
2018-03-19,比亚迪,002594,18.46,18.66,18.34,18.46,18.45,50235,323461040.0,0.44,0.05
2018-03-16,比亚迪,002594,18.62,18.87,18.44,18.45,18.61,68415,443482224.0,0.6,-0.86
2018-03-15,比亚迪,002594,18.38,18.86,18.38,18.61,18.5,78053,505013104.0,0.69,0.59
2018-03-14,比亚迪,002594,18.94,19.01,18.5,18.5,19.04,99781,649479488.0,0.88,-2.84
2018-03-13,比亚迪,002594,19.33,19.54,18.94,19.04,19.33,118112,785220080.0,1.04,-1.5
2018-03-12,比亚迪,002594,19.05,19.43,18.88,19.33,18.89,137196,911208096.0,1.21,2.33
2018-03-09,比亚迪,002594,18.71,18.98,18.5,18.89,18.67,87515,570045136.0,0.77,1.18
2018-03-08,比亚迪,002594,18.65,18.91,18.41,18.67,18.55,64302,417031840.0,0.56,0.65
2018-03-07,比亚迪,002594,19.04,19.21,18.54,18.55,19.24,94942,620764976.0,0.83,-3.59
2018-03-06,比亚迪,002594,18.75,19.31,18.64,19.24,18.75,149686,986303920.0,1.31,2.61
2018-03-05,比亚迪,002594,18.04,19.01,18.01,18.75,18.0,149505,969390128.0,1.31,4.17
2018-03-02,比亚迪,002594,17.88,18.16,17.83,18.0,18.13,59277,372641744.0,0.52,-0.72
2018-03-01,比亚迪,002594,18.03,18.19,17.88,18.13,18.21,74935,472004144.0,0.66,-0.44
2018-02-28,比亚迪,002594,18.12,18.54,17.93,18.21,18.2,77371,491273056.0,0.68,0.05
2018-02-27,比亚迪,002594,18.54,18.69,18.17,18.2,18.68,100651,644261728.0,0.88,-2.57
2018-02-26,比亚迪,002594,18.34,18.94,18.34,18.68,17.98,156114,1015836688.0,1.37,3.89
2018-02-23,比亚迪,002594,17.82,18.15,17.65,17.98,17.82,59836,374402304.0,0.53,0.9
2018-02-22,比亚迪,002594,17.7,18.16,17.48,17.82,17.21,97413,608542080.0,0.86,3.54
2018-02-14,比亚迪,002594,17.44,17.54,17.11,17.21,16.88,55902,339523504.0,0.49,1.95
2018-02-13,比亚迪,002594,17.04,17.25,16.81,16.88,16.92,55081,330539312.0,0.48,-0.24
2018-02-12,比亚迪,002594,16.08,17.04,16.08,16.92,15.93,80515,475216160.0,0.71,6.21
2018-02-09,比亚迪,002594,16.34,16.53,15.82,15.93,16.88,93076,533844304.0,0.82,-5.63
2018-02-08,比亚迪,002594,16.68,17.0,16.55,16.88,16.68,45972,273521088.0,0.4,1.2
2018-02-07,比亚迪,002594,17.04,17.17,16.05,16.68,16.55,82085,483267920.0,0.72,0.79
2018-02-06,比亚迪,002594,17.04,17.34,16.54,16.55,17.53,103986,617879616.0,0.91,-5.59
2018-02-05,比亚迪,002594,17.14,17.64,17.12,17.53,17.68,40610,248908792.0,0.36,-0.85
2018-02-02,比亚迪,002594,17.24,17.8,17.1,17.68,17.26,69721,428724464.0,0.61,2.43
2018-02-01,比亚迪,002594,18.06,18.21,17.0,17.26,18.06,126984,773267408.0,1.12,-4.43
2018-01-31,比亚迪,002594,18.06,18.36,18.01,18.06,18.19,54298,343948048.0,0.48,-0.71
2018-01-30,比亚迪,002594,18.0,18.36,17.96,18.19,18.01,55877,354826320.0,0.49,1.0
2018-01-29,比亚迪,002594,19.0,19.0,17.98,18.01,18.88,125219,800199744.0,1.1,-4.61
2018-01-26,比亚迪,002594,18.92,19.14,18.71,18.88,18.92,63559,416434832.0,0.56,-0.21
2018-01-25,比亚迪,002594,19.22,19.53,18.9,18.92,19.21,80840,535708496.0,0.71,-1.51
2018-01-24,比亚迪,002594,19.39,19.41,18.88,19.21,19.31,76417,506242912.0,0.67,-0.52
2018-01-23,比亚迪,002594,19.26,19.5,19.06,19.31,19.24,123518,824929040.0,1.09,0.36
2018-01-22,比亚迪,002594,18.27,19.38,18.25,19.24,18.11,172657,1134014384.0,1.52,6.24
2018-01-19,比亚迪,002594,18.24,18.25,17.94,18.11,18.1,52370,330860112.0,0.46,0.06
2018-01-18,比亚迪,002594,18.44,18.57,18.0,18.1,18.29,73701,468859840.0,0.65,-1.04
2018-01-17,比亚迪,002594,18.6,18.6,17.88,18.29,18.64,116525,738922976.0,1.02,-1.88
2018-01-16,比亚迪,002594,18.54,18.96,18.53,18.64,18.76,95920,622943136.0,0.84,-0.64
2018-01-15,比亚迪,002594,19.46,19.74,18.67,18.76,19.4,151890,1006209952.0,1.33,-3.3
2018-01-12,比亚迪,002594,18.93,19.66,18.92,19.4,18.84,195979,1316801696.0,1.72,2.97
2018-01-11,比亚迪,002594,19.04,19.04,18.67,18.84,18.93,76299,498923648.0,0.67,-0.48
2018-01-10,比亚迪,002594,18.91,19.03,18.67,18.93,18.85,94265,615796960.0,0.83,0.42
2018-01-09,比亚迪,002594,18.78,19.1,18.61,18.85,18.78,94309,616396032.0,0.83,0.37
2018-01-08,比亚迪,002594,18.58,19.16,18.55,18.78,18.5,136740,894169184.0,1.2,1.51
2018-01-05,比亚迪,002594,18.68,18.78,18.32,18.5,18.73,104870,673396096.0,0.92,-1.23
2018-01-04,比亚迪,002594,19.04,19.16,18.68,18.73,19.08,118417,773631616.0,1.04,-1.83
2018-01-03,比亚迪,002594,18.7,19.41,18.51,19.08,18.99,151910,1000075488.0,1.33,0.47
2018-01-02,比亚迪,002594,18.8,19.23,18.7,18.99,18.73,127141,837153616.0,1.12,1.39
2017-12-29,比亚迪,002594,18.99,18.99,18.41,18.73,18.94,105533,684215264.0,0.93,-1.11
2017-12-28,比亚迪,002594,19.38,19.96,18.89,18.94,19.41,186040,1243510624.0,1.63,-2.42
2017-12-27,比亚迪,002594,18.29,20.21,18.17,19.41,18.16,267164,1769635664.0,2.35,6.88
2017-12-26,比亚迪,002594,17.84,18.36,17.71,18.16,17.71,102637,649400736.0,0.9,2.54
2017-12-25,比亚迪,002594,17.67,17.92,17.6,17.71,17.78,52652,327164192.0,0.46,-0.39
2017-12-22,比亚迪,002594,17.81,17.94,17.63,17.78,17.71,57613,359125184.0,0.51,0.4
2017-12-21,比亚迪,002594,17.28,17.85,17.04,17.71,17.31,79109,486446528.0,0.69,2.31
2017-12-20,比亚迪,002594,17.9,17.94,17.26,17.31,17.81,86651,531677168.0,0.76,-2.81
2017-12-19,比亚迪,002594,17.88,17.99,17.64,17.81,17.88,58169,361975728.0,0.51,-0.39
2017-12-18,比亚迪,002594,17.89,18.15,17.64,17.88,17.96,66223,414439328.0,0.58,-0.45
2017-12-15,比亚迪,002594,18.07,18.14,17.61,17.96,18.26,108269,676816592.0,0.95,-1.64
2017-12-14,比亚迪,002594,18.04,18.31,17.81,18.26,18.04,103337,654156608.0,0.91,1.22
2017-12-13,比亚迪,002594,17.75,18.05,17.59,18.04,17.73,88656,554367600.0,0.78,1.75
2017-12-12,比亚迪,002594,18.1,18.38,17.71,17.73,17.91,148572,933129072.0,1.31,-1.01
2017-12-11,比亚迪,002594,17.21,18.0,17.07,17.91,16.96,149139,922622272.0,1.31,5.6
2017-12-08,比亚迪,002594,16.78,17.23,16.78,16.96,16.73,123146,739118656.0,1.08,1.37
2017-12-07,比亚迪,002594,17.04,17.2,16.64,16.73,17.34,114122,678933552.0,1.0,-3.52
2017-12-06,比亚迪,002594,18.09,18.31,16.38,17.34,17.94,278179,1674009232.0,2.44,-3.34
2017-12-05,比亚迪,002594,17.92,18.51,17.71,17.94,18.19,107231,678552976.0,0.94,-1.37
2017-12-04,比亚迪,002594,18.21,18.6,18.04,18.19,18.16,93559,599016496.0,0.82,0.17
2017-12-01,比亚迪,002594,17.78,18.26,17.61,18.16,17.78,98389,620077088.0,0.86,2.14
2017-11-30,比亚迪,002594,18.24,18.39,17.75,17.78,18.49,135172,850257008.0,1.19,-3.84
2017-11-29,比亚迪,002594,18.65,18.7,18.04,18.49,18.62,144178,924072960.0,1.27,-0.7
2017-11-28,比亚迪,002594,18.21,18.66,17.61,18.62,18.25,224011,1419502848.0,1.97,2.03
2017-11-27,比亚迪,002594,20.45,20.47,18.25,18.25,20.61,345568,2290501552.0,3.04,-11.45
2017-11-24,比亚迪,002594,20.59,21.14,20.32,20.61,20.58,214564,1528520304.0,1.88,0.15
2017-11-23,比亚迪,002594,21.24,21.64,20.55,20.58,21.31,216168,1554460928.0,1.9,-3.43
2017-11-22,比亚迪,002594,21.14,21.64,20.91,21.31,21.14,288935,2098373488.0,2.54,0.8
2017-11-21,比亚迪,002594,20.24,21.53,20.05,21.14,20.21,362854,2606743584.0,3.19,4.6
2017-11-20,比亚迪,002594,18.54,20.22,18.33,20.21,18.24,282147,1898640800.0,2.48,10.8
2017-11-17,比亚迪,002594,18.71,19.03,18.24,18.24,18.45,117539,760782576.0,1.03,-1.14
2017-11-16,比亚迪,002594,18.31,18.68,17.96,18.45,18.36,117896,753593296.0,1.04,0.49
2017-11-15,比亚迪,002594,19.55,19.61,18.28,18.36,19.71,233004,1516989632.0,2.05,-6.85
2017-11-14,比亚迪,002594,20.41,20.46,19.61,19.71,20.41,172748,1188914352.0,1.52,-3.43
2017-11-13,比亚迪,002594,19.71,20.45,19.63,20.41,19.59,240138,1664811920.0,2.11,4.19
2017-11-10,比亚迪,002594,19.68,19.68,19.29,19.59,19.71,132076,889563472.0,1.16,-0.61
2017-11-09,比亚迪,002594,19.66,20.14,19.38,19.71,19.5,167087,1137272816.0,1.47,1.08
2017-11-08,比亚迪,002594,18.88,19.83,18.75,19.5,18.88,220709,1484376000.0,1.94,3.28
2017-11-07,比亚迪,002594,18.99,19.3,18.66,18.88,18.9,113896,746407104.0,1.0,-0.11
2017-11-06,比亚迪,002594,18.86,19.09,18.52,18.9,18.46,134878,882061776.0,1.18,2.38
2017-11-03,比亚迪,002594,18.15,18.93,18.05,18.46,18.15,139521,903065024.0,1.23,1.71
2017-11-02,比亚迪,002594,18.38,18.52,17.91,18.15,18.44,100879,639052784.0,0.89,-1.57
2017-11-01,比亚迪,002594,18.39,18.87,18.3,18.44,18.04,150591,975306224.0,1.32,2.22
2017-10-31,比亚迪,002594,17.86,18.17,17.72,18.04,17.89,103125,648127184.0,0.91,0.84
2017-10-30,比亚迪,002594,18.66,18.66,17.61,17.89,18.75,205127,1287173024.0,1.8,-4.59
2017-10-27,比亚迪,002594,19.03,19.21,18.64,18.75,18.98,116414,763542704.0,1.02,-1.21
2017-10-26,比亚迪,002594,18.64,19.29,18.4,18.98,18.87,159153,1039928784.0,1.4,0.58
2017-10-25,比亚迪,002594,18.74,19.04,18.55,18.87,18.73,118238,772896720.0,1.04,0.75
2017-10-24,比亚迪,002594,19.32,19.56,18.34,18.73,19.35,204807,1339470160.0,1.8,-3.2
2017-10-23,比亚迪,002594,19.8,19.93,19.25,19.35,19.89,173726,1168661904.0,1.53,-2.71
2017-10-20,比亚迪,002594,18.72,19.94,18.54,19.89,18.76,218079,1456656112.0,1.92,6.02
2017-10-19,比亚迪,002594,19.56,19.66,18.72,18.76,19.52,196881,1295850160.0,1.73,-3.89
2017-10-18,比亚迪,002594,19.64,19.98,19.48,19.52,19.5,141560,962447344.0,1.24,0.1
2017-10-17,比亚迪,002594,19.41,19.83,19.28,19.5,19.51,115800,780476720.0,1.02,-0.05
2017-10-16,比亚迪,002594,19.63,20.16,19.21,19.51,19.62,201484,1370037808.0,1.77,-0.56
2017-10-13,比亚迪,002594,19.84,19.91,19.24,19.62,19.81,160443,1079412944.0,1.41,-0.96
2017-10-12,比亚迪,002594,19.83,20.27,19.35,19.81,19.93,228826,1559906000.0,2.01,-0.6
2017-10-11,比亚迪,002594,20.79,20.91,19.74,19.93,20.58,229791,1584085232.0,2.02,-3.16
2017-10-10,比亚迪,002594,20.71,21.04,20.33,20.58,21.07,231070,1637321728.0,2.03,-2.33
2017-10-09,比亚迪,002594,21.24,21.54,20.54,21.07,19.81,378033,2727755024.0,3.32,6.36
2017-09-29,比亚迪,002594,19.79,20.2,19.33,19.81,20.03,294856,2005780688.0,2.59,-1.1
2017-09-28,比亚迪,002594,19.41,20.54,19.23,20.03,19.67,325264,2219983024.0,2.86,1.83
2017-09-27,比亚迪,002594,19.08,20.69,18.9,19.67,18.71,474804,3241461152.0,4.17,5.13
2017-09-26,比亚迪,002594,16.98,18.71,16.98,18.71,17.14,383173,2427224400.0,3.37,9.16
2017-09-25,比亚迪,002594,17.71,17.93,16.93,17.14,17.82,248954,1520891600.0,2.19,-3.82
2017-09-22,比亚迪,002594,17.81,18.54,17.61,17.82,17.9,290496,1831760256.0,2.55,-0.45
2017-09-21,比亚迪,002594,17.49,18.5,17.25,17.9,17.65,447494,2798742960.0,3.93,1.42
2017-09-20,比亚迪,002594,16.1,18.04,15.93,17.65,16.13,548300,3359873744.0,4.82,9.42
2017-09-19,比亚迪,002594,16.21,16.26,15.84,16.13,16.35,215410,1228898016.0,1.89,-1.35
2017-09-18,比亚迪,002594,14.84,16.56,14.84,16.35,14.84,372632,2105090640.0,3.27,10.18
2017-09-15,比亚迪,002594,15.1,15.11,14.71,14.84,15.2,125874,672584960.0,1.11,-2.37
2017-09-14,比亚迪,002594,15.58,15.67,15.04,15.2,15.34,146048,798992544.0,1.28,-0.91
2017-09-13,比亚迪,002594,15.38,15.49,15.04,15.34,15.65,236513,1291741264.0,2.08,-1.98
2017-09-12,比亚迪,002594,14.51,16.06,14.51,15.65,14.33,495529,2746256720.0,4.35,9.21
2017-09-11,比亚迪,002594,14.58,14.88,14.26,14.33,13.65,190194,993398560.0,1.67,4.98
2017-09-08,比亚迪,002594,13.59,13.66,13.51,13.65,13.57,42649,211530238.0,0.37,0.59
2017-09-07,比亚迪,002594,13.71,13.81,13.55,13.57,13.81,67109,334326432.0,0.59,-1.74
2017-09-06,比亚迪,002594,13.39,14.0,13.39,13.81,13.34,128701,644059296.0,1.13,3.52
2017-09-05,比亚迪,002594,13.31,13.35,13.27,13.34,13.3,32332,157831796.0,0.28,0.3
2017-09-04,比亚迪,002594,13.18,13.37,13.18,13.3,13.14,49332,240744075.0,0.43,1.22
2017-09-01,比亚迪,002594,13.21,13.24,13.08,13.14,13.21,33501,161731351.0,0.29,-0.53
2017-08-31,比亚迪,002594,13.15,13.27,13.14,13.21,13.17,29314,142056447.0,0.26,0.3
2017-08-30,比亚迪,002594,13.14,13.19,13.04,13.17,13.18,37789,182161660.0,0.33,-0.08
2017-08-29,比亚迪,002594,13.38,13.38,13.09,13.18,13.49,74521,360559696.0,0.65,-2.3
2017-08-28,比亚迪,002594,13.31,13.57,13.28,13.49,13.27,64106,316073104.0,0.56,1.66
2017-08-25,比亚迪,002594,13.21,13.37,13.07,13.27,13.04,53406,260138570.0,0.47,1.76
2017-08-24,比亚迪,002594,13.15,13.17,13.01,13.04,13.13,33927,163248155.0,0.3,-0.69
2017-08-23,比亚迪,002594,13.11,13.19,13.05,13.13,13.1,21112,101819233.0,0.19,0.23
2017-08-22,比亚迪,002594,13.31,13.36,13.08,13.1,13.26,37715,182505874.0,0.33,-1.21
2017-08-21,比亚迪,002594,13.21,13.4,13.2,13.26,13.23,33868,164854875.0,0.3,0.23
2017-08-18,比亚迪,002594,13.14,13.28,13.06,13.23,13.15,31674,153626476.0,0.28,0.61
2017-08-17,比亚迪,002594,13.14,13.17,13.06,13.15,13.13,26240,126497145.0,0.23,0.15
2017-08-16,比亚迪,002594,13.05,13.15,12.91,13.13,13.04,31573,151598581.0,0.28,0.69
2017-08-15,比亚迪,002594,13.14,13.17,13.0,13.04,13.11,32050,153941418.0,0.28,-0.53
2017-08-14,比亚迪,002594,13.04,13.14,13.01,13.11,12.99,27353,131646281.0,0.24,0.92
2017-08-11,比亚迪,002594,13.24,13.24,12.93,12.99,13.29,59257,284783568.0,0.52,-2.26
2017-08-10,比亚迪,002594,13.42,13.46,13.21,13.29,13.42,28966,141549382.0,0.25,-0.97
2017-08-09,比亚迪,002594,13.43,13.51,13.34,13.42,13.45,29892,146744557.0,0.26,-0.22
2017-08-08,比亚迪,002594,13.35,13.53,13.27,13.45,13.35,40119,196964970.0,0.35,0.75
2017-08-07,比亚迪,002594,13.23,13.39,13.23,13.35,13.21,30464,148872114.0,0.27,1.06
2017-08-04,比亚迪,002594,13.27,13.3,13.18,13.21,13.21,26730,129821463.0,0.23,0.0
2017-08-03,比亚迪,002594,13.16,13.26,13.12,13.21,13.15,50985,247641072.0,0.45,0.46
2017-08-02,比亚迪,002594,13.35,13.38,13.13,13.15,13.34,52435,255442363.0,0.46,-1.42
2017-08-01,比亚迪,002594,13.32,13.42,13.29,13.34,13.32,44986,220751525.0,0.4,0.15
2017-07-31,比亚迪,002594,13.52,13.54,13.27,13.32,13.47,51892,254905211.0,0.46,-1.11
2017-07-28,比亚迪,002594,13.35,13.5,13.35,13.47,13.35,29970,147881668.0,0.26,0.9
2017-07-27,比亚迪,002594,13.32,13.42,13.28,13.35,13.28,37925,186246195.0,0.33,0.53
2017-07-26,比亚迪,002594,13.57,13.57,13.19,13.28,13.45,52080,255136770.0,0.46,-1.26
2017-07-25,比亚迪,002594,13.65,13.67,13.42,13.45,13.61,38483,190503721.0,0.34,-1.18
2017-07-24,比亚迪,002594,13.82,13.92,13.43,13.61,13.81,56919,283645712.0,0.64,-1.45
2017-07-21,比亚迪,002594,13.69,13.96,13.56,13.81,13.68,57304,290041312.0,0.64,0.95
2017-07-20,比亚迪,002594,13.52,13.75,13.51,13.68,13.51,35919,179475930.0,0.4,1.26
2017-07-19,比亚迪,002594,13.35,13.55,13.31,13.51,13.31,32708,161628353.0,0.37,1.5
2017-07-18,比亚迪,002594,13.38,13.5,13.21,13.31,13.32,27430,134468591.0,0.31,-0.08
2017-07-17,比亚迪,002594,13.84,13.86,13.29,13.32,13.84,61434,304009424.0,0.69,-3.76
2017-07-14,比亚迪,002594,13.7,13.96,13.61,13.84,13.6,46878,236872536.0,0.53,1.76
2017-07-13,比亚迪,002594,13.58,13.68,13.54,13.6,13.6,24888,124118181.0,0.28,0.0
2017-07-12,比亚迪,002594,13.78,13.78,13.45,13.6,13.68,44339,220597889.0,0.5,-0.58
2017-07-11,比亚迪,002594,13.66,13.82,13.65,13.68,13.67,26513,133130713.0,0.3,0.07
2017-07-10,比亚迪,002594,13.87,13.87,13.65,13.67,13.87,38057,191155906.0,0.43,-1.44
2017-07-07,比亚迪,002594,13.91,13.95,13.76,13.87,13.93,32925,166618442.0,0.37,-0.43
2017-07-06,比亚迪,002594,13.98,14.16,13.82,13.93,14.04,57561,293959680.0,0.65,-0.78
2017-07-05,比亚迪,002594,13.82,14.14,13.82,14.04,13.82,51982,265549226.0,0.58,1.59
2017-07-04,比亚迪,002594,13.68,14.01,13.68,13.82,13.66,49469,250786936.0,0.56,1.17
2017-07-03,比亚迪,002594,13.57,13.74,13.56,13.66,13.63,25615,128078311.0,0.29,0.22
2017-06-30,比亚迪,002594,13.72,13.74,13.48,13.63,13.75,56516,281261808.0,0.64,-0.87
2017-06-29,比亚迪,002594,13.87,13.92,13.73,13.75,13.84,41202,207772933.0,0.48,-0.65
2017-06-28,比亚迪,002594,14.02,14.04,13.8,13.84,14.14,47055,238564224.0,0.55,-2.12
2017-06-27,比亚迪,002594,14.18,14.31,14.04,14.14,14.16,46282,238798256.0,0.54,-0.14
2017-06-26,比亚迪,002594,13.83,14.24,13.83,14.16,13.85,67568,346654544.0,0.79,2.24
2017-06-23,比亚迪,002594,13.88,13.94,13.7,13.85,13.91,45963,231809268.0,0.54,-0.43
2017-06-22,比亚迪,002594,13.96,14.07,13.9,13.91,13.97,55270,281679504.0,0.65,-0.43
2017-06-21,比亚迪,002594,13.9,14.07,13.82,13.97,13.84,53809,273301440.0,0.63,0.94
2017-06-20,比亚迪,002594,14.12,14.25,13.83,13.84,14.06,49972,255456823.0,0.59,-1.56
2017-06-19,比亚迪,002594,13.98,14.19,13.94,14.06,14.0,36318,186094832.0,0.43,0.43
2017-06-16,比亚迪,002594,14.27,14.35,13.98,14.0,14.22,51159,263461006.0,0.6,-1.55
2017-06-15,比亚迪,002594,14.22,14.3,14.1,14.22,14.18,39496,203844291.0,0.46,0.28
2017-06-14,比亚迪,002594,14.26,14.59,14.18,14.18,14.26,91070,476553920.0,1.07,-0.56
2017-06-13,比亚迪,002594,13.79,14.48,13.78,14.26,13.82,84470,436146400.0,0.99,3.18
2017-06-12,比亚迪,002594,13.65,13.94,13.55,13.82,13.73,55222,277483408.0,0.65,0.66
2017-06-09,比亚迪,002594,13.85,13.91,13.64,13.73,13.82,38682,194073372.0,0.46,-0.65
2017-06-08,比亚迪,002594,13.82,13.85,13.69,13.82,13.82,27474,138447553.0,0.32,0.0
2017-06-07,比亚迪,002594,13.67,13.84,13.62,13.82,13.65,46360,233517868.0,0.55,1.25
2017-06-06,比亚迪,002594,13.72,13.75,13.55,13.65,13.72,26958,134786202.0,0.32,-0.51
2017-06-05,比亚迪,002594,13.49,13.72,13.49,13.72,13.46,50895,254333825.0,0.6,1.93
2017-06-02,比亚迪,002594,13.45,13.55,13.25,13.46,13.43,25275,124282022.0,0.3,0.22
2017-06-01,比亚迪,002594,13.6,13.67,13.32,13.43,13.6,38640,191414290.0,0.45,-1.25
2017-05-31,比亚迪,002594,13.44,13.65,13.42,13.6,13.35,55753,276534560.0,0.66,1.87
2017-05-26,比亚迪,002594,13.27,13.4,13.24,13.35,13.23,40699,199387273.0,0.48,0.91
2017-05-25,比亚迪,002594,13.25,13.28,13.05,13.23,13.25,33790,163972121.0,0.4,-0.15
2017-05-24,比亚迪,002594,13.18,13.3,12.98,13.25,13.25,32911,160081850.0,0.39,0.0
2017-05-23,比亚迪,002594,13.11,13.29,12.8,13.25,13.11,45473,219324651.0,0.54,1.07
2017-05-22,比亚迪,002594,13.17,13.27,12.96,13.11,13.17,24705,119675389.0,0.29,-0.46
2017-05-19,比亚迪,002594,13.13,13.23,13.05,13.17,13.11,23363,113239155.0,0.27,0.46
2017-05-18,比亚迪,002594,13.15,13.36,13.09,13.11,13.27,20726,100790587.0,0.24,-1.21
2017-05-17,比亚迪,002594,13.2,13.5,13.17,13.27,13.2,42442,208618072.0,0.5,0.53
2017-05-16,比亚迪,002594,12.96,13.27,12.81,13.2,12.96,31107,149412636.0,0.37,1.85
2017-05-15,比亚迪,002594,13.06,13.14,12.95,12.96,12.99,19022,91739725.0,0.22,-0.23
2017-05-12,比亚迪,002594,12.93,13.02,12.82,12.99,12.93,29961,143557520.0,0.35,0.46
2017-05-11,比亚迪,002594,12.98,13.02,12.51,12.93,12.98,62121,294299920.0,0.73,-0.39
2017-05-10,比亚迪,002594,13.35,13.38,12.98,12.98,13.32,39103,190542978.0,0.46,-2.55
2017-05-09,比亚迪,002594,13.25,13.37,13.12,13.32,13.25,24827,121222122.0,0.29,0.53
2017-05-08,比亚迪,002594,13.1,13.38,13.1,13.25,13.1,34914,170485605.0,0.41,1.15
2017-05-05,比亚迪,002594,13.22,13.3,13.08,13.1,13.22,32301,156745226.0,0.38,-0.91
2017-05-04,比亚迪,002594,13.26,13.41,13.18,13.22,13.25,38078,186105336.0,0.45,-0.23
2017-05-03,比亚迪,002594,13.48,13.52,13.16,13.25,13.55,69199,338392880.0,0.81,-2.21
2017-05-02,比亚迪,002594,14.03,14.1,13.5,13.55,14.28,109293,548737552.0,1.29,-5.11
2017-04-28,比亚迪,002594,14.31,14.52,13.98,14.28,14.35,61989,320502400.0,0.73,-0.49
2017-04-27,比亚迪,002594,14.47,14.47,14.15,14.35,14.49,59490,308908016.0,0.7,-0.97
2017-04-26,比亚迪,002594,14.1,14.64,14.04,14.49,14.04,90525,473902064.0,1.07,3.21
2017-04-25,比亚迪,002594,13.98,14.14,13.87,14.04,13.93,43369,221889094.0,0.51,0.79
2017-04-24,比亚迪,002594,14.3,14.48,13.9,13.93,14.31,58738,302580816.0,0.69,-2.66
2017-04-21,比亚迪,002594,14.3,14.56,14.23,14.31,14.3,66685,348116560.0,0.78,0.07
2017-04-20,比亚迪,002594,14.08,14.3,13.78,14.3,14.07,58608,299802640.0,0.69,1.63
2017-04-19,比亚迪,002594,14.18,14.34,13.77,14.07,14.18,68488,350341680.0,0.81,-0.78
2017-04-18,比亚迪,002594,14.31,14.47,14.16,14.18,14.11,67517,351262624.0,0.79,0.5
2017-04-17,比亚迪,002594,13.99,14.22,13.89,14.11,14.1,46221,236677848.0,0.54,0.07
2017-04-14,比亚迪,002594,14.46,14.48,14.08,14.1,14.47,68710,355954000.0,0.81,-2.56
2017-04-13,比亚迪,002594,14.48,14.64,14.31,14.47,14.64,59103,309646880.0,0.7,-1.16
2017-04-12,比亚迪,002594,14.58,14.81,14.33,14.64,14.65,115415,609650832.0,1.36,-0.07
2017-04-11,比亚迪,002594,13.6,15.13,13.58,14.65,13.53,262272,1385995584.0,3.09,8.28
2017-04-10,比亚迪,002594,13.52,13.69,13.41,13.53,13.52,43366,215230590.0,0.51,0.07
2017-04-07,比亚迪,002594,13.48,13.59,13.45,13.52,13.48,43524,216135567.0,0.51,0.3
2017-04-06,比亚迪,002594,13.47,13.64,13.32,13.48,13.45,51306,254071603.0,0.6,0.22
2017-04-05,比亚迪,002594,13.19,13.54,13.19,13.45,12.99,76001,374764336.0,0.89,3.54
2017-03-31,比亚迪,002594,12.92,13.08,12.92,12.99,12.92,45984,221134026.0,0.54,0.54
2017-03-30,比亚迪,002594,13.24,13.24,12.88,12.92,13.25,67798,325765504.0,0.8,-2.49
2017-03-29,比亚迪,002594,13.32,13.42,13.15,13.25,13.62,85814,419686960.0,1.01,-2.72
2017-03-28,比亚迪,002594,13.56,13.65,13.52,13.62,13.52,39118,194960714.0,0.46,0.74
2017-03-27,比亚迪,002594,13.58,13.73,13.49,13.52,13.53,36710,182935046.0,0.43,-0.07
2017-03-24,比亚迪,002594,13.59,13.6,13.44,13.53,13.47,41431,205578832.0,0.49,0.45
2017-03-23,比亚迪,002594,13.29,13.57,13.29,13.47,13.28,55821,275918224.0,0.66,1.43
2017-03-22,比亚迪,002594,13.38,13.39,13.25,13.28,13.42,39045,191186268.0,0.46,-1.04
2017-03-21,比亚迪,002594,13.38,13.45,13.34,13.42,13.38,38820,191104216.0,0.46,0.3
2017-03-20,比亚迪,002594,13.47,13.47,13.31,13.38,13.48,52837,259912157.0,0.62,-0.74
2017-03-17,比亚迪,002594,13.7,13.74,13.48,13.48,13.66,57737,288105664.0,0.68,-1.32
2017-03-16,比亚迪,002594,13.57,13.7,13.55,13.66,13.47,49328,246285782.0,0.58,1.41
2017-03-15,比亚迪,002594,13.62,13.62,13.32,13.47,13.57,37819,187281184.0,0.44,-0.74
2017-03-14,比亚迪,002594,13.61,13.72,13.52,13.57,13.6,42290,210950302.0,0.5,-0.22
2017-03-13,比亚迪,002594,13.64,13.64,13.34,13.6,13.71,64984,323000224.0,0.76,-0.8
2017-03-10,比亚迪,002594,13.69,13.84,13.62,13.71,13.71,51984,260642993.0,0.61,0.0
2017-03-09,比亚迪,002594,13.92,13.93,13.68,13.71,13.93,47189,237145109.0,0.56,-1.58
2017-03-08,比亚迪,002594,14.0,14.1,13.92,13.93,13.98,52024,265455137.0,0.61,-0.36
2017-03-07,比亚迪,002594,13.95,14.08,13.88,13.98,13.95,49005,249591943.0,0.58,0.22
2017-03-06,比亚迪,002594,14.18,14.18,13.84,13.95,13.99,75698,385768336.0,0.89,-0.29
2017-03-03,比亚迪,002594,13.57,14.01,13.54,13.99,13.57,115375,583642784.0,1.36,3.1
2017-03-02,比亚迪,002594,13.77,13.82,13.56,13.57,13.71,46598,232762851.0,0.55,-1.02
2017-03-01,比亚迪,002594,13.68,13.81,13.62,13.71,13.69,50053,251094394.0,0.59,0.15
2017-02-28,比亚迪,002594,13.74,13.93,13.6,13.69,13.74,49203,247467411.0,0.58,-0.36
2017-02-27,比亚迪,002594,13.82,14.16,13.71,13.74,13.72,101590,517619632.0,1.2,0.15
2017-02-24,比亚迪,002594,13.73,13.75,13.62,13.72,13.75,34803,174310517.0,0.41,-0.22
2017-02-23,比亚迪,002594,13.68,13.78,13.57,13.75,13.64,58000,290350832.0,0.68,0.81
2017-02-22,比亚迪,002594,13.71,13.72,13.57,13.64,13.66,48580,242490259.0,0.57,-0.15
2017-02-21,比亚迪,002594,13.43,13.74,13.42,13.66,13.37,107344,536939616.0,1.26,2.17
2017-02-20,比亚迪,002594,13.18,13.41,13.18,13.37,13.17,36633,179319037.0,0.43,1.52
2017-02-17,比亚迪,002594,13.29,13.38,13.14,13.17,13.28,38078,185633830.0,0.45,-0.83
2017-02-16,比亚迪,002594,13.3,13.44,13.2,13.28,13.23,36929,180934599.0,0.43,0.38
2017-02-15,比亚迪,002594,13.52,13.61,13.17,13.23,13.5,74109,364115472.0,0.87,-2.0
2017-02-14,比亚迪,002594,13.58,13.64,13.45,13.5,13.56,42462,210712341.0,0.5,-0.44
2017-02-13,比亚迪,002594,13.53,13.71,13.42,13.56,13.53,50191,250044338.0,0.59,0.22
2017-02-10,比亚迪,002594,13.69,13.72,13.49,13.53,13.64,48339,240664687.0,0.57,-0.81
2017-02-09,比亚迪,002594,13.8,13.8,13.61,13.64,13.82,71269,357318480.0,0.84,-1.3
2017-02-08,比亚迪,002594,13.43,13.92,13.2,13.82,13.43,74522,368336384.0,0.88,2.9
2017-02-07,比亚迪,002594,13.25,13.61,13.25,13.43,13.21,81573,402822688.0,0.96,1.67
2017-02-06,比亚迪,002594,13.12,13.26,13.12,13.21,13.1,35550,172961702.0,0.42,0.84
2017-02-03,比亚迪,002594,13.22,13.24,13.09,13.1,13.21,29217,141629649.0,0.34,-0.83
2017-01-26,比亚迪,002594,13.41,13.41,13.17,13.21,13.28,38627,188188764.0,0.45,-0.53
2017-01-25,比亚迪,002594,13.2,13.37,13.13,13.28,13.2,30004,146682673.0,0.35,0.61
2017-01-24,比亚迪,002594,13.36,13.36,13.15,13.2,13.27,25628,124811910.0,0.3,-0.53
2017-01-23,比亚迪,002594,13.24,13.4,13.24,13.27,13.18,23733,116240578.0,0.28,0.68
2017-01-20,比亚迪,002594,13.0,13.22,13.0,13.18,13.02,24796,120324606.0,0.29,1.23
2017-01-19,比亚迪,002594,13.04,13.08,12.98,13.02,13.02,17478,84220141.0,0.21,0.0
2017-01-18,比亚迪,002594,13.14,13.14,12.99,13.02,13.05,22202,107149056.0,0.26,-0.23
2017-01-17,比亚迪,002594,12.98,13.13,12.85,13.05,12.9,27794,133517236.0,0.33,1.16
2017-01-16,比亚迪,002594,13.29,13.37,12.48,12.9,13.29,44754,215981347.0,0.53,-2.93
2017-01-13,比亚迪,002594,13.3,13.43,13.25,13.29,13.3,32050,157329022.0,0.38,-0.08
2017-01-12,比亚迪,002594,13.47,13.57,13.29,13.3,13.46,35498,174899617.0,0.42,-1.19
2017-01-11,比亚迪,002594,13.53,13.59,13.44,13.46,13.53,23979,118771245.0,0.28,-0.52
2017-01-10,比亚迪,002594,13.64,13.67,13.45,13.53,13.62,29611,147345868.0,0.35,-0.66
2017-01-09,比亚迪,002594,13.6,13.69,13.55,13.62,13.58,32205,160778322.0,0.38,0.29
2017-01-06,比亚迪,002594,13.8,13.85,13.58,13.58,13.79,42154,211167708.0,0.5,-1.52
2017-01-05,比亚迪,002594,13.92,13.93,13.78,13.79,13.92,39917,201824019.0,0.47,-0.93
2017-01-04,比亚迪,002594,13.62,13.98,13.55,13.92,13.59,76202,384790064.0,0.9,2.43
2017-01-03,比亚迪,002594,13.52,13.72,13.51,13.59,13.54,38005,189836309.0,0.45,0.37
2016-12-30,比亚迪,002594,13.5,13.58,13.45,13.54,13.43,20887,103682416.0,0.25,0.82
2016-12-29,比亚迪,002594,13.43,13.6,13.33,13.43,13.42,32107,158780359.0,0.38,0.07
2016-12-28,比亚迪,002594,13.49,13.63,13.38,13.42,13.47,27181,134413291.0,0.32,-0.37
2016-12-27,比亚迪,002594,13.7,13.71,13.47,13.47,13.7,41946,209496702.0,0.5,-1.68
2016-12-26,比亚迪,002594,13.65,13.73,13.39,13.7,13.71,38241,189851066.0,0.46,-0.07
2016-12-23,比亚迪,002594,14.13,14.13,13.69,13.71,14.11,41228,208839146.0,0.49,-2.83
2016-12-22,比亚迪,002594,13.93,14.18,13.75,14.11,13.9,46788,238670698.0,0.56,1.51
2016-12-21,比亚迪,002594,13.91,14.05,13.82,13.9,13.78,27339,138989740.0,0.33,0.87
2016-12-20,比亚迪,002594,13.79,13.92,13.7,13.78,13.78,28475,143523910.0,0.34,0.0
2016-12-19,比亚迪,002594,14.08,14.14,13.74,13.78,14.02,36896,186863666.0,0.44,-1.71
2016-12-16,比亚迪,002594,13.57,14.02,13.57,14.02,13.48,61736,311817040.0,0.73,4.01
2016-12-15,比亚迪,002594,13.32,13.58,13.29,13.48,13.35,39347,194498139.0,0.47,0.97
2016-12-14,比亚迪,002594,13.81,13.85,13.32,13.35,13.75,55462,275447376.0,0.66,-2.91
2016-12-13,比亚迪,002594,13.52,13.88,13.49,13.75,13.47,54448,273464816.0,0.65,2.08
2016-12-12,比亚迪,002594,14.44,14.55,13.37,13.47,14.44,90406,464114064.0,1.08,-6.72
2016-12-09,比亚迪,002594,14.54,14.56,14.36,14.44,14.54,38089,200980215.0,0.45,-0.69
2016-12-08,比亚迪,002594,14.52,14.69,14.46,14.54,14.52,39496,209985571.0,0.47,0.14
2016-12-07,比亚迪,002594,14.58,14.64,14.28,14.52,14.57,72522,381985040.0,0.86,-0.34
2016-12-06,比亚迪,002594,14.79,14.86,14.53,14.57,14.75,67613,359844496.0,0.8,-1.22
2016-12-05,比亚迪,002594,15.07,15.15,14.72,14.75,15.11,72362,391940784.0,0.86,-2.38
2016-12-02,比亚迪,002594,15.26,15.34,15.03,15.11,15.29,51678,283610544.0,0.61,-1.18
2016-12-01,比亚迪,002594,15.3,15.44,15.24,15.29,15.3,41913,232043878.0,0.5,-0.07
2016-11-30,比亚迪,002594,15.29,15.46,15.26,15.3,15.39,36678,203073929.0,0.44,-0.58
2016-11-29,比亚迪,002594,15.4,15.63,15.26,15.39,15.4,59208,329736288.0,0.7,-0.06
2016-11-28,比亚迪,002594,15.39,15.5,15.26,15.4,15.32,64679,359195216.0,0.77,0.52
2016-11-25,比亚迪,002594,15.44,15.49,15.15,15.32,15.42,45388,250854963.0,0.54,-0.65
2016-11-24,比亚迪,002594,15.63,15.66,15.36,15.42,15.7,65685,367478016.0,0.78,-1.78
2016-11-23,比亚迪,002594,15.33,15.86,15.33,15.7,15.27,123128,695633536.0,1.47,2.82
2016-11-22,比亚迪,002594,15.23,15.3,15.19,15.27,15.24,33005,181922926.0,0.39,0.2
2016-11-21,比亚迪,002594,15.29,15.39,15.19,15.24,15.29,37008,204459879.0,0.44,-0.33
2016-11-18,比亚迪,002594,15.45,15.52,15.26,15.29,15.44,30417,168976973.0,0.36,-0.97
2016-11-17,比亚迪,002594,15.43,15.45,15.31,15.44,15.44,29247,162483983.0,0.35,0.0
2016-11-16,比亚迪,002594,15.46,15.49,15.4,15.44,15.39,41843,233316152.0,0.5,0.32
2016-11-15,比亚迪,002594,15.33,15.45,15.3,15.39,15.36,30530,169396819.0,0.36,0.2
2016-11-14,比亚迪,002594,15.26,15.48,15.25,15.36,15.24,50942,283003008.0,0.61,0.79
2016-11-11,比亚迪,002594,15.19,15.31,15.11,15.24,15.31,54405,298972048.0,0.65,-0.46
2016-11-10,比亚迪,002594,15.36,15.4,15.26,15.31,15.22,35192,194849860.0,0.42,0.59
2016-11-09,比亚迪,002594,15.42,15.46,15.03,15.22,15.41,67008,369081088.0,0.8,-1.23
2016-11-08,比亚迪,002594,15.41,15.52,15.37,15.41,15.36,33228,185245339.0,0.4,0.33
2016-11-07,比亚迪,002594,15.32,15.51,15.31,15.36,15.31,38764,215738155.0,0.46,0.33
2016-11-04,比亚迪,002594,15.51,15.51,15.28,15.31,15.53,48575,270061968.0,0.58,-1.42
2016-11-03,比亚迪,002594,15.68,15.7,15.33,15.53,15.68,55170,308743280.0,0.66,-0.96
2016-11-02,比亚迪,002594,15.73,15.74,15.61,15.68,15.65,32493,183466556.0,0.39,0.19
2016-11-01,比亚迪,002594,15.58,15.69,15.51,15.65,15.58,26960,151548236.0,0.32,0.45
2016-10-31,比亚迪,002594,15.66,15.72,15.49,15.58,15.61,32512,182471960.0,0.39,-0.19
2016-10-28,比亚迪,002594,15.74,15.79,15.59,15.61,15.73,30203,170258229.0,0.36,-0.76
2016-10-27,比亚迪,002594,15.72,15.84,15.67,15.73,15.7,26431,149611380.0,0.31,0.19
2016-10-26,比亚迪,002594,15.82,15.89,15.68,15.7,15.82,29262,165646077.0,0.35,-0.76
2016-10-25,比亚迪,002594,15.82,15.93,15.76,15.82,15.85,34379,195725172.0,0.41,-0.19
2016-10-24,比亚迪,002594,15.82,16.02,15.69,15.85,15.7,54830,312442688.0,0.65,0.96
2016-10-21,比亚迪,002594,15.8,15.85,15.58,15.7,15.8,32392,183130727.0,0.39,-0.63
2016-10-20,比亚迪,002594,15.88,15.94,15.76,15.8,15.87,36277,206278673.0,0.43,-0.44
2016-10-19,比亚迪,002594,15.99,16.08,15.83,15.87,15.98,38213,218619641.0,0.45,-0.69
2016-10-18,比亚迪,002594,15.79,16.02,15.73,15.98,15.79,48364,276291392.0,0.58,1.2
2016-10-17,比亚迪,002594,15.98,16.08,15.74,15.79,15.95,44796,256419572.0,0.53,-1.0
2016-10-14,比亚迪,002594,16.01,16.11,15.74,15.95,15.96,36706,209800415.0,0.44,-0.06
2016-10-13,比亚迪,002594,16.06,16.27,15.91,15.96,16.04,44596,256548468.0,0.53,-0.5
2016-10-12,比亚迪,002594,16.14,16.18,15.92,16.04,16.16,48286,277516432.0,0.57,-0.74
2016-10-11,比亚迪,002594,15.82,16.31,15.73,16.16,15.79,90887,524781040.0,1.08,2.34
2016-10-10,比亚迪,002594,15.5,15.82,15.5,15.79,15.39,44048,248043569.0,0.52,2.6
2016-09-30,比亚迪,002594,15.24,15.45,15.2,15.39,15.26,30347,168334939.0,0.36,0.85
2016-09-29,比亚迪,002594,15.36,15.44,15.19,15.26,15.3,36814,204100746.0,0.44,-0.26
2016-09-28,比亚迪,002594,15.43,15.43,15.29,15.3,15.34,21690,120304810.0,0.26,-0.26
2016-09-27,比亚迪,002594,15.3,15.44,15.22,15.34,15.33,31539,174990754.0,0.38,0.07
2016-09-26,比亚迪,002594,15.85,15.86,15.25,15.33,15.85,50540,283005024.0,0.6,-3.28
2016-09-23,比亚迪,002594,15.91,15.93,15.8,15.85,15.89,27230,155163742.0,0.32,-0.25
2016-09-22,比亚迪,002594,15.83,15.92,15.8,15.89,15.78,46558,265300784.0,0.55,0.7
2016-09-21,比亚迪,002594,15.7,15.84,15.58,15.78,15.63,31946,180758690.0,0.38,0.96
2016-09-20,比亚迪,002594,15.81,15.88,15.57,15.63,15.75,30931,174746977.0,0.37,-0.76
2016-09-19,比亚迪,002594,15.56,15.83,15.56,15.75,15.53,41144,233140452.0,0.49,1.42
2016-09-14,比亚迪,002594,15.86,15.86,15.53,15.53,15.87,61515,346762080.0,0.73,-2.14
2016-09-13,比亚迪,002594,16.19,16.23,15.79,15.87,16.08,67381,385278784.0,0.8,-1.31
2016-09-12,比亚迪,002594,16.19,16.35,16.06,16.08,16.53,57353,332129584.0,0.68,-2.72
2016-09-09,比亚迪,002594,16.54,16.95,16.52,16.53,16.49,67664,403114816.0,0.81,0.24
2016-09-08,比亚迪,002594,16.52,16.61,16.44,16.49,16.52,32724,192775711.0,0.39,-0.18
2016-09-07,比亚迪,002594,16.69,16.73,16.49,16.52,16.7,51287,303663856.0,0.61,-1.08
2016-09-06,比亚迪,002594,16.23,16.7,16.12,16.7,16.17,84733,500155296.0,1.01,3.28
2016-09-05,比亚迪,002594,16.19,16.28,16.06,16.17,16.15,26713,154861351.0,0.32,0.12
2016-09-02,比亚迪,002594,16.34,16.34,16.13,16.15,16.35,44156,256123333.0,0.53,-1.22
2016-09-01,比亚迪,002594,16.41,16.43,16.34,16.35,16.38,31025,181784406.0,0.37,-0.18
2016-08-31,比亚迪,002594,16.4,16.41,16.26,16.38,16.35,28026,163867982.0,0.33,0.18
2016-08-30,比亚迪,002594,16.33,16.37,16.24,16.35,16.29,39552,230860855.0,0.47,0.37
2016-08-29,比亚迪,002594,16.48,16.57,16.24,16.29,16.31,67373,393911984.0,0.8,-0.12
2016-08-26,比亚迪,002594,16.36,16.36,16.19,16.31,16.26,44164,257151341.0,0.53,0.31
2016-08-25,比亚迪,002594,16.51,16.51,16.07,16.26,16.55,65348,380306848.0,0.78,-1.75
2016-08-24,比亚迪,002594,16.53,16.58,16.45,16.55,16.5,30901,182378753.0,0.37,0.3
2016-08-23,比亚迪,002594,16.51,16.55,16.38,16.5,16.42,34301,201622136.0,0.41,0.49
2016-08-22,比亚迪,002594,16.82,16.89,16.4,16.42,16.81,63053,373599840.0,0.75,-2.32
2016-08-19,比亚迪,002594,16.86,16.92,16.74,16.81,16.88,37769,225968692.0,0.45,-0.41
2016-08-18,比亚迪,002594,17.09,17.09,16.84,16.88,17.1,59420,358107536.0,0.71,-1.29
2016-08-17,比亚迪,002594,16.86,17.26,16.86,17.1,16.83,87138,529854432.0,1.04,1.6
2016-08-16,比亚迪,002594,16.93,16.98,16.79,16.83,16.88,78103,468587344.0,0.93,-0.3
2016-08-15,比亚迪,002594,16.69,17.06,16.53,16.88,16.62,96418,577711488.0,1.15,1.56
2016-08-12,比亚迪,002594,16.53,16.78,16.43,16.62,16.39,52718,312370960.0,0.63,1.4
2016-08-11,比亚迪,002594,16.49,16.66,16.39,16.39,16.49,48135,284372944.0,0.57,-0.61
2016-08-10,比亚迪,002594,16.58,16.68,16.45,16.49,16.58,33802,199634780.0,0.4,-0.54
2016-08-09,比亚迪,002594,16.51,16.59,16.38,16.58,16.5,47192,277422416.0,0.56,0.48
2016-08-08,比亚迪,002594,16.47,16.52,16.22,16.5,16.45,38193,223518508.0,0.45,0.3
2016-08-05,比亚迪,002594,16.56,16.69,16.43,16.45,16.55,42907,253389435.0,0.51,-0.6
2016-08-04,比亚迪,002594,16.48,16.58,16.43,16.55,16.47,31542,185958651.0,0.38,0.49
2016-08-03,比亚迪,002594,16.51,16.55,16.41,16.47,16.51,26518,155989734.0,0.32,-0.24
2016-08-02,比亚迪,002594,16.39,16.56,16.38,16.51,16.49,38070,223826937.0,0.45,0.12
2016-08-01,比亚迪,002594,16.65,16.78,16.43,16.49,16.64,34770,205289028.0,0.41,-0.9
2016-07-29,比亚迪,002594,16.78,16.94,16.59,16.64,16.78,37383,222997048.0,0.44,-0.83
2016-07-28,比亚迪,002594,16.69,16.97,16.53,16.78,16.65,52084,310691712.0,0.62,0.78
2016-07-27,比亚迪,002594,17.24,17.24,16.37,16.65,17.25,100834,603839088.0,1.2,-3.48
2016-07-26,比亚迪,002594,17.16,17.31,17.06,17.25,17.03,53647,327261264.0,0.64,1.29
2016-07-25,比亚迪,002594,17.36,17.52,16.96,17.03,17.36,76704,469124896.0,0.91,-1.9
2016-07-22,比亚迪,002594,17.74,17.79,17.19,17.36,17.51,76550,472178976.0,0.91,-0.86
2016-07-21,比亚迪,002594,17.74,17.81,17.46,17.51,17.69,66112,410895568.0,0.79,-1.02
2016-07-20,比亚迪,002594,17.8,17.96,17.69,17.69,17.79,54593,343176640.0,0.65,-0.56
2016-07-19,比亚迪,002594,17.78,17.85,17.59,17.79,17.74,51609,322840688.0,0.61,0.28
2016-07-18,比亚迪,002594,17.98,18.15,17.68,17.74,17.86,98432,620707248.0,1.17,-0.67
2016-07-15,比亚迪,002594,17.42,18.25,17.35,17.86,17.26,191155,1201518336.0,2.4,3.48
2016-07-14,比亚迪,002594,17.1,17.31,17.02,17.26,17.17,70836,431523264.0,0.89,0.52
2016-07-13,比亚迪,002594,17.19,17.23,17.01,17.17,17.22,89923,546125760.0,1.13,-0.29
2016-07-12,比亚迪,002594,17.19,17.35,16.92,17.22,17.27,88768,539495264.0,1.11,-0.29
2016-07-11,比亚迪,002594,17.72,17.83,17.24,17.27,17.59,68910,428221760.0,0.87,-1.82
2016-07-08,比亚迪,002594,17.58,17.89,17.47,17.59,17.5,91200,568456832.0,1.15,0.51
2016-07-07,比亚迪,002594,17.13,17.7,17.06,17.5,17.13,123338,763077232.0,1.55,2.16
2016-07-06,比亚迪,002594,17.12,17.26,16.99,17.13,17.13,49595,301374688.0,0.62,0.0
2016-07-05,比亚迪,002594,17.33,17.38,16.93,17.13,17.34,91867,557273872.0,1.15,-1.21
2016-07-04,比亚迪,002594,17.28,17.5,17.07,17.34,17.32,82443,505874256.0,1.04,0.12
2016-07-01,比亚迪,002594,17.19,17.54,17.01,17.32,17.2,91118,558680320.0,1.14,0.7
2016-06-30,比亚迪,002594,17.01,17.35,16.87,17.2,16.99,87860,533814944.0,1.16,1.24
2016-06-29,比亚迪,002594,16.87,17.03,16.78,16.99,16.96,67588,406484496.0,0.89,0.18
2016-06-28,比亚迪,002594,16.63,16.99,16.48,16.96,16.75,70131,417605440.0,0.93,1.25
2016-06-27,比亚迪,002594,16.53,16.84,16.48,16.75,16.56,47691,283438848.0,0.63,1.15
2016-06-24,比亚迪,002594,16.86,17.02,15.96,16.56,16.87,82357,487675520.0,1.09,-1.84
2016-06-23,比亚迪,002594,16.98,17.19,16.78,16.87,17.17,65657,395510304.0,0.87,-1.75
2016-06-22,比亚迪,002594,17.0,17.46,16.91,17.17,16.66,133208,813809728.0,1.76,3.06
2016-06-21,比亚迪,002594,16.84,17.06,16.6,16.66,16.73,98047,589060144.0,1.3,-0.42
2016-06-20,比亚迪,002594,16.7,16.91,16.62,16.73,16.6,44497,265601791.0,0.59,0.78
2016-06-17,比亚迪,002594,16.69,16.97,16.48,16.6,16.67,67172,400331856.0,0.89,-0.42
2016-06-16,比亚迪,002594,16.44,17.19,16.22,16.67,16.57,102583,609670096.0,1.36,0.6
2016-06-15,比亚迪,002594,15.7,16.82,15.7,16.57,15.88,112731,662195152.0,1.49,4.35
2016-06-14,比亚迪,002594,15.88,16.15,15.8,15.88,16.01,56651,324573776.0,0.75,-0.81
2016-06-13,比亚迪,002594,16.7,16.86,16.0,16.01,16.98,106828,625226928.0,1.41,-5.71
2016-06-08,比亚迪,002594,17.28,17.32,16.86,16.98,17.28,66884,404215072.0,0.88,-1.74
2016-06-07,比亚迪,002594,16.95,17.52,16.86,17.28,16.91,89951,549160784.0,1.19,2.19
2016-06-06,比亚迪,002594,17.01,17.17,16.79,16.91,16.86,58725,354139264.0,0.78,0.3
2016-06-03,比亚迪,002594,16.85,17.01,16.84,16.86,16.83,62745,377694624.0,0.83,0.18
2016-06-02,比亚迪,002594,16.81,16.9,16.53,16.83,16.77,49215,293575280.0,0.65,0.36
2016-06-01,比亚迪,002594,16.82,16.93,16.71,16.77,16.79,69499,416050000.0,0.92,-0.12
2016-05-31,比亚迪,002594,16.18,16.84,16.18,16.79,16.17,87393,517580080.0,1.16,3.83
2016-05-30,比亚迪,002594,16.13,16.31,15.99,16.17,16.12,42735,248092651.0,0.57,0.31
2016-05-27,比亚迪,002594,16.39,16.42,16.06,16.12,16.45,59010,342420464.0,0.78,-2.01
2016-05-26,比亚迪,002594,16.66,16.77,16.06,16.45,16.57,57423,334900608.0,0.76,-0.72
2016-05-25,比亚迪,002594,16.78,16.86,16.53,16.57,16.6,42040,250309431.0,0.56,-0.18
2016-05-24,比亚迪,002594,16.71,16.91,16.54,16.6,16.67,62206,370386512.0,0.82,-0.42
2016-05-23,比亚迪,002594,16.59,16.93,16.59,16.67,16.56,51619,307939024.0,0.68,0.66
2016-05-20,比亚迪,002594,16.29,16.58,16.19,16.56,16.38,36587,215447589.0,0.48,1.1
2016-05-19,比亚迪,002594,16.5,16.69,16.34,16.38,16.38,37542,221050181.0,0.5,0.0
2016-05-18,比亚迪,002594,16.79,16.79,16.23,16.38,16.97,58726,346260464.0,0.78,-3.48
2016-05-17,比亚迪,002594,17.05,17.19,16.75,16.97,17.05,54326,327224272.0,0.72,-0.47
2016-05-16,比亚迪,002594,16.64,17.05,16.54,17.05,16.58,65887,395406384.0,0.87,2.83
2016-05-13,比亚迪,002594,16.68,16.99,16.48,16.58,16.7,58160,346461680.0,0.77,-0.72
2016-05-12,比亚迪,002594,16.2,16.85,16.0,16.7,16.3,82474,487780112.0,1.09,2.45
2016-05-11,比亚迪,002594,16.53,16.65,16.13,16.3,16.43,69451,407011312.0,0.92,-0.79
2016-05-10,比亚迪,002594,16.53,16.69,16.34,16.43,16.53,56623,333635984.0,0.75,-0.6
2016-05-09,比亚迪,002594,16.9,17.13,16.28,16.53,17.26,101204,603200528.0,1.34,-4.23
2016-05-06,比亚迪,002594,17.86,18.02,17.19,17.26,18.02,102812,638044848.0,1.36,-4.22
2016-05-05,比亚迪,002594,18.03,18.04,17.73,18.02,18.04,71386,449741440.0,0.94,-0.11
2016-05-04,比亚迪,002594,18.17,18.42,17.98,18.04,18.29,96593,617598480.0,1.28,-1.37
2016-05-03,比亚迪,002594,18.13,18.3,17.78,18.29,18.1,135670,864598720.0,1.79,1.05
2016-04-29,比亚迪,002594,17.59,18.4,17.59,18.1,17.49,161383,1029449904.0,2.14,3.49
2016-04-28,比亚迪,002594,17.72,17.79,17.03,17.49,17.64,76025,467163472.0,1.01,-0.85
2016-04-27,比亚迪,002594,17.69,17.96,17.54,17.64,17.54,91475,573415744.0,1.21,0.57
2016-04-26,比亚迪,002594,17.03,17.85,17.03,17.54,17.11,72851,452928640.0,0.96,2.51
2016-04-25,比亚迪,002594,17.5,17.53,16.86,17.11,17.49,88200,535873840.0,1.17,-2.17
2016-04-22,比亚迪,002594,17.28,17.86,17.08,17.49,17.57,88990,551830752.0,1.18,-0.46
2016-04-21,比亚迪,002594,16.86,18.13,16.78,17.57,16.93,154118,961752336.0,2.04,3.78
2016-04-20,比亚迪,002594,17.53,17.63,16.21,16.93,17.67,171497,1039526640.0,2.27,-4.19
2016-04-19,比亚迪,002594,16.78,18.69,16.75,17.67,16.87,228642,1433670528.0,3.03,4.74
2016-04-18,比亚迪,002594,16.28,16.92,16.08,16.87,16.27,125881,743192192.0,1.67,3.69
2016-04-15,比亚迪,002594,16.39,16.49,16.06,16.27,16.44,65159,379622000.0,0.86,-1.03
2016-04-14,比亚迪,002594,16.46,16.55,16.3,16.44,16.39,65735,385405536.0,0.87,0.31
2016-04-13,比亚迪,002594,16.39,16.64,16.34,16.39,16.16,119291,702845536.0,1.58,1.42
2016-04-12,比亚迪,002594,16.11,16.33,15.79,16.16,16.14,89769,516656720.0,1.19,0.12
2016-04-11,比亚迪,002594,16.09,16.47,16.0,16.14,16.09,84676,491337520.0,1.12,0.31
2016-04-08,比亚迪,002594,15.73,16.18,15.72,16.09,15.88,71666,410464848.0,0.95,1.32
2016-04-07,比亚迪,002594,16.35,16.41,15.76,15.88,16.31,88806,510245312.0,1.17,-2.64
2016-04-06,比亚迪,002594,16.37,16.51,16.16,16.31,16.52,96696,563382672.0,1.28,-1.27
2016-04-05,比亚迪,002594,16.59,16.94,16.37,16.52,16.29,143295,853440960.0,1.9,1.41
2016-04-01,比亚迪,002594,16.46,16.46,15.95,16.29,16.46,58376,338765968.0,0.77,-1.03
2016-03-31,比亚迪,002594,16.47,16.78,16.32,16.46,16.46,101934,601474592.0,1.35,0.0
2016-03-30,比亚迪,002594,15.91,16.5,15.91,16.46,15.82,104242,605828128.0,1.38,4.05
2016-03-29,比亚迪,002594,16.29,16.65,15.81,15.82,16.21,145902,844984528.0,1.93,-2.41
2016-03-28,比亚迪,002594,16.05,16.81,15.93,16.21,15.85,140569,824880256.0,1.86,2.27
2016-03-25,比亚迪,002594,15.69,16.06,15.56,15.85,15.69,81351,462177840.0,1.08,1.02
2016-03-24,比亚迪,002594,15.83,16.32,15.56,15.69,15.96,91008,518424896.0,1.2,-1.69
2016-03-23,比亚迪,002594,15.93,16.19,15.75,15.96,16.1,82493,472493424.0,1.09,-0.87
2016-03-22,比亚迪,002594,15.83,16.26,15.56,16.1,15.87,132023,758552816.0,1.75,1.45
2016-03-21,比亚迪,002594,16.08,16.15,15.53,15.87,15.84,142482,810929552.0,1.89,0.19
2016-03-18,比亚迪,002594,15.21,15.99,15.21,15.84,15.21,150854,855458112.0,2.0,4.14
2016-03-17,比亚迪,002594,14.75,15.29,14.62,15.21,14.53,143350,783634288.0,1.9,4.68
2016-03-16,比亚迪,002594,15.07,15.11,14.49,14.53,15.01,86342,462486000.0,1.14,-3.2
2016-03-15,比亚迪,002594,14.59,15.36,14.59,15.01,14.64,161424,880730752.0,2.14,2.53
2016-03-14,比亚迪,002594,14.23,14.86,14.07,14.64,13.95,97799,519334832.0,1.29,4.95
2016-03-11,比亚迪,002594,13.99,14.23,13.73,13.95,14.03,40148,205633475.0,0.53,-0.57
2016-03-10,比亚迪,002594,14.19,14.34,13.94,14.03,14.19,52084,268636288.0,0.69,-1.13
2016-03-09,比亚迪,002594,14.23,14.43,14.13,14.19,14.56,56794,296179728.0,0.75,-2.54
2016-03-08,比亚迪,002594,14.86,14.86,14.04,14.56,14.84,77847,408570928.0,1.03,-1.89
2016-03-07,比亚迪,002594,15.04,15.19,14.73,14.84,14.76,68695,371520512.0,0.91,0.54
2016-03-04,比亚迪,002594,14.66,15.19,14.44,14.76,14.72,115790,625504320.0,1.53,0.27
2016-03-03,比亚迪,002594,14.86,15.17,14.71,14.72,14.83,97766,529712880.0,1.29,-0.74
2016-03-02,比亚迪,002594,13.89,14.93,13.89,14.83,14.04,118288,623608128.0,1.57,5.63
2016-03-01,比亚迪,002594,13.71,14.15,13.55,14.04,13.7,80230,409803600.0,1.06,2.48
2016-02-29,比亚迪,002594,14.56,14.63,13.19,13.7,14.31,124177,630542592.0,1.64,-4.26
2016-02-26,比亚迪,002594,14.46,14.56,13.93,14.31,14.13,88413,462164384.0,1.17,1.27
2016-02-25,比亚迪,002594,15.54,15.74,13.91,14.13,15.2,213720,1169319536.0,2.83,-7.04
2016-02-24,比亚迪,002594,14.94,15.28,14.53,15.2,15.09,99758,541977648.0,1.32,0.73
2016-02-23,比亚迪,002594,15.11,15.43,14.88,15.09,15.03,99202,543904064.0,1.31,0.4
2016-02-22,比亚迪,002594,15.26,15.36,14.86,15.03,14.96,109221,597064464.0,1.45,0.47
2016-02-19,比亚迪,002594,14.83,15.28,14.69,14.96,14.61,93275,506556688.0,1.23,2.4
2016-02-18,比亚迪,002594,15.06,15.11,14.56,14.61,14.8,67410,361546240.0,0.89,-1.28
2016-02-17,比亚迪,002594,14.26,15.19,14.26,14.8,14.22,129987,700028064.0,1.72,4.08
2016-02-16,比亚迪,002594,13.61,14.4,13.61,14.22,13.53,80021,415262224.0,1.06,5.1
2016-02-15,比亚迪,002594,12.92,13.68,12.83,13.53,13.55,52055,256365496.0,0.69,-0.15
2016-02-05,比亚迪,002594,14.03,14.16,13.53,13.55,13.93,65891,333300432.0,0.87,-2.73
2016-02-04,比亚迪,002594,13.86,14.29,13.76,13.93,13.66,71641,369396704.0,0.95,1.98
2016-02-03,比亚迪,002594,13.66,13.75,13.44,13.66,13.68,66780,334550928.0,0.88,-0.15
2016-02-02,比亚迪,002594,13.06,13.79,13.06,13.68,13.06,105173,528591536.0,1.39,4.75
2016-02-01,比亚迪,002594,12.81,13.39,12.63,13.06,12.72,116493,567275392.0,1.54,2.67
2016-01-29,比亚迪,002594,11.93,12.99,11.93,12.72,11.96,105753,494660848.0,1.4,6.35
2016-01-28,比亚迪,002594,12.53,12.93,11.88,11.96,12.92,94022,439850368.0,1.24,-7.43
2016-01-27,比亚迪,002594,13.69,13.75,11.86,12.92,13.52,132860,632329664.0,1.76,-4.44
2016-01-26,比亚迪,002594,14.92,15.16,13.36,13.52,15.19,151616,787099072.0,2.01,-10.99
2016-01-25,比亚迪,002594,15.43,15.53,14.94,15.19,15.25,89777,494629264.0,1.19,-0.39
2016-01-22,比亚迪,002594,15.59,15.81,14.66,15.25,15.53,123018,677639104.0,1.63,-1.8
2016-01-21,比亚迪,002594,15.89,16.29,15.53,15.53,16.11,115329,660993152.0,1.53,-3.6
2016-01-20,比亚迪,002594,16.53,16.76,15.89,16.11,16.48,113693,663507664.0,1.5,-2.25
2016-01-19,比亚迪,002594,16.03,16.56,15.85,16.48,16.09,137400,798925280.0,1.82,2.42
2016-01-18,比亚迪,002594,15.86,16.39,15.7,16.09,16.21,105705,607753584.0,1.4,-0.74
2016-01-15,比亚迪,002594,16.53,16.79,15.87,16.21,16.83,109584,639074960.0,1.45,-3.68
2016-01-14,比亚迪,002594,15.69,16.85,15.63,16.83,15.98,146239,853221312.0,1.93,5.32
2016-01-13,比亚迪,002594,17.02,17.29,15.98,15.98,16.8,148989,881214032.0,1.97,-4.88
2016-01-12,比亚迪,002594,16.44,16.92,16.18,16.8,16.15,153174,909233344.0,2.03,4.02
2016-01-11,比亚迪,002594,16.19,17.19,15.93,16.15,16.67,200494,1184370784.0,2.65,-3.12
2016-01-08,比亚迪,002594,16.19,17.09,15.76,16.67,15.33,203567,1201830688.0,2.69,8.74
2016-01-07,比亚迪,002594,16.53,16.68,15.19,15.33,17.0,41293,236717552.0,0.55,-9.82
2016-01-06,比亚迪,002594,16.69,17.12,16.65,17.0,16.64,98825,594339872.0,1.31,2.16
2016-01-05,比亚迪,002594,15.46,17.06,15.46,16.64,16.45,166705,983037056.0,2.21,1.16
2016-01-04,比亚迪,002594,18.33,18.33,16.33,16.45,18.33,114880,709177584.0,1.52,-10.26
2015-12-31,比亚迪,002594,18.86,19.18,18.2,18.33,18.86,143745,938969648.0,1.9,-2.81
2015-12-30,比亚迪,002594,18.53,19.19,18.53,18.86,18.38,223650,1478921072.0,2.97,2.61
2015-12-29,比亚迪,002594,17.56,18.68,17.29,18.38,17.57,194985,1241166288.0,2.59,4.61
2015-12-28,比亚迪,002594,18.01,18.25,17.54,17.57,18.01,126179,797895712.0,1.67,-2.44
2015-12-25,比亚迪,002594,18.03,18.18,17.72,18.01,18.02,100885,638018576.0,1.34,-0.06
2015-12-24,比亚迪,002594,17.86,18.36,17.78,18.02,17.54,211588,1353368384.0,2.81,2.74
2015-12-23,比亚迪,002594,17.86,17.89,17.53,17.54,17.8,96203,600272288.0,1.28,-1.46
2015-12-22,比亚迪,002594,17.89,17.95,17.54,17.8,17.87,104193,651366064.0,1.38,-0.39
2015-12-21,比亚迪,002594,18.14,18.49,17.73,17.87,18.12,184738,1181361872.0,2.45,-1.38
2015-12-18,比亚迪,002594,18.09,18.16,17.7,18.12,18.13,139513,882077792.0,1.85,-0.06
2015-12-17,比亚迪,002594,17.86,18.33,17.85,18.13,17.83,146786,936837088.0,1.95,1.68
2015-12-16,比亚迪,002594,17.73,17.86,17.54,17.83,17.71,77039,482091168.0,1.02,0.68
2015-12-15,比亚迪,002594,17.57,17.93,17.57,17.71,17.53,102444,643587392.0,1.36,1.03
2015-12-14,比亚迪,002594,17.13,17.53,17.03,17.53,17.39,81755,501215136.0,1.08,0.81
2015-12-11,比亚迪,002594,17.58,17.68,17.07,17.39,17.67,99867,610441952.0,1.32,-1.58
2015-12-10,比亚迪,002594,18.03,18.19,17.6,17.67,17.82,130993,825302144.0,1.74,-0.84
2015-12-09,比亚迪,002594,16.82,18.02,16.72,17.82,16.96,210746,1313684576.0,2.79,5.07
2015-12-08,比亚迪,002594,17.46,17.5,16.86,16.96,17.55,104372,635856912.0,1.38,-3.36
2015-12-07,比亚迪,002594,17.47,17.86,17.26,17.55,17.47,95078,590640192.0,1.26,0.46
2015-12-04,比亚迪,002594,17.91,17.91,17.36,17.47,17.96,109078,679399360.0,1.45,-2.73
2015-12-03,比亚迪,002594,17.9,18.16,17.73,17.96,17.9,115976,732490208.0,1.54,0.34
2015-12-02,比亚迪,002594,17.44,18.04,17.36,17.9,17.51,120696,756385472.0,1.6,2.23
2015-12-01,比亚迪,002594,17.74,17.75,17.31,17.51,17.75,90904,562915248.0,1.21,-1.35
2015-11-30,比亚迪,002594,17.13,17.8,16.29,17.75,16.96,203184,1241626368.0,2.69,4.66
2015-11-27,比亚迪,002594,17.88,18.34,16.86,16.96,18.1,201412,1257538800.0,2.67,-6.3
2015-11-26,比亚迪,002594,18.69,18.76,18.09,18.1,18.57,156348,1009955296.0,2.07,-2.53
2015-11-25,比亚迪,002594,18.26,18.76,18.13,18.57,18.36,157093,1019115472.0,2.08,1.14
2015-11-24,比亚迪,002594,18.52,18.52,17.81,18.36,18.49,187262,1194439520.0,2.48,-0.7
2015-11-23,比亚迪,002594,18.86,19.19,18.43,18.49,19.06,171632,1126657696.0,2.28,-2.99
2015-11-20,比亚迪,002594,19.57,19.59,18.95,19.06,19.66,169425,1133723904.0,2.25,-3.05
2015-11-19,比亚迪,002594,19.03,19.75,18.69,19.66,18.92,175349,1170532656.0,2.33,3.91
2015-11-18,比亚迪,002594,19.51,19.79,18.75,18.92,19.49,187859,1258937872.0,2.49,-2.92
2015-11-17,比亚迪,002594,20.29,20.39,19.09,19.49,20.02,302548,2077666432.0,4.01,-2.65
2015-11-16,比亚迪,002594,19.69,20.13,19.59,20.02,20.43,195330,1348563856.0,2.59,-2.01
2015-11-13,比亚迪,002594,20.19,21.8,19.59,20.43,20.39,402412,2876014432.0,5.34,0.2
2015-11-12,比亚迪,002594,19.84,20.62,19.53,20.39,19.79,322356,2256188880.0,4.27,3.03
2015-11-11,比亚迪,002594,20.19,20.53,19.33,19.79,20.13,265270,1825453984.0,3.52,-1.69
2015-11-10,比亚迪,002594,20.53,20.61,19.82,20.13,20.73,260701,1823695104.0,3.46,-2.89
2015-11-09,比亚迪,002594,19.24,21.21,19.09,20.73,19.44,352804,2465833648.0,4.68,6.64
2015-11-06,比亚迪,002594,19.13,19.79,19.06,19.44,19.29,251362,1695306544.0,3.33,0.78
2015-11-05,比亚迪,002594,19.86,20.03,19.26,19.29,20.16,267192,1820855792.0,3.54,-4.32
2015-11-04,比亚迪,002594,18.66,20.27,18.53,20.16,18.69,308797,2079295120.0,4.1,7.87
2015-11-03,比亚迪,002594,18.13,18.92,17.66,18.69,18.08,200332,1291132752.0,2.66,3.37
2015-11-02,比亚迪,002594,18.86,19.15,17.86,18.08,19.23,217541,1417507392.0,2.88,-5.98
2015-10-30,比亚迪,002594,19.58,20.11,18.79,19.23,19.82,183150,1243187520.0,2.43,-2.98
2015-10-29,比亚迪,002594,20.03,20.14,18.99,19.82,19.8,188264,1274021728.0,2.5,0.1
2015-10-28,比亚迪,002594,19.62,20.76,19.3,19.8,19.64,309746,2164859136.0,4.11,0.81
2015-10-27,比亚迪,002594,19.59,19.92,18.53,19.64,19.85,295275,2002712720.0,3.92,-1.06
2015-10-26,比亚迪,002594,18.19,19.85,17.78,19.85,17.76,633459,4287444592.0,8.4,11.77
2015-10-23,比亚迪,002594,17.86,18.41,17.43,17.76,17.34,301703,1898851296.0,4.0,2.42
2015-10-22,比亚迪,002594,16.79,17.63,16.09,17.34,16.78,306107,1846113328.0,4.06,3.34
2015-10-21,比亚迪,002594,18.7,18.84,16.73,16.78,18.93,338379,2113130272.0,4.49,-11.36
2015-10-20,比亚迪,002594,19.82,19.85,18.36,18.93,19.08,327913,2168912496.0,4.35,-0.79
2015-10-19,比亚迪,002594,17.36,19.08,17.32,19.08,17.06,323398,2074792560.0,4.29,11.84
2015-10-16,比亚迪,002594,17.16,17.7,16.8,17.06,16.98,200108,1219171040.0,2.65,0.47
2015-10-15,比亚迪,002594,16.29,17.07,16.26,16.98,16.41,170152,1019440400.0,2.26,3.47
2015-10-14,比亚迪,002594,17.01,17.01,16.31,16.41,17.01,170179,1006418480.0,2.26,-3.53
2015-10-13,比亚迪,002594,16.52,17.03,16.25,17.01,16.68,199955,1191402032.0,2.65,1.98
2015-10-12,比亚迪,002594,17.23,18.19,16.36,16.68,17.17,433965,2661699280.0,5.76,-2.85
2015-10-09,比亚迪,002594,17.09,17.59,16.61,17.17,17.09,149604,907526464.0,1.98,0.47
2015-10-08,比亚迪,002594,17.9,18.46,17.06,17.09,16.86,245788,1535450720.0,3.26,1.36
2015-09-30,比亚迪,002594,17.88,18.19,16.69,16.86,17.22,153534,948363040.0,2.04,-2.09
2015-09-29,比亚迪,002594,17.01,17.69,16.71,17.22,17.46,130594,793899264.0,1.73,-1.37
2015-09-28,比亚迪,002594,16.59,17.73,16.48,17.46,16.37,175365,1067749840.0,2.33,6.66
2015-09-25,比亚迪,002594,16.08,16.92,15.62,16.37,16.13,176074,1034477552.0,2.34,1.49
2015-09-24,比亚迪,002594,16.69,16.78,15.82,16.13,16.53,160830,933405344.0,2.13,-2.42
2015-09-23,比亚迪,002594,15.06,17.11,14.93,16.53,15.27,234873,1382839696.0,3.11,8.25
2015-09-22,比亚迪,002594,15.54,15.75,15.03,15.27,15.55,111336,617916800.0,1.48,-1.8
2015-09-21,比亚迪,002594,15.03,15.78,14.6,15.55,15.25,150531,831851584.0,2.0,1.97
2015-09-18,比亚迪,002594,14.86,15.79,14.68,15.25,14.48,184409,1019277408.0,2.45,5.32
2015-09-17,比亚迪,002594,14.53,15.6,14.4,14.48,14.15,241314,1317726176.0,3.2,2.33
2015-09-16,比亚迪,002594,12.87,14.15,12.63,14.15,12.58,135238,671951232.0,1.79,12.48
2015-09-15,比亚迪,002594,12.43,13.33,12.27,12.58,12.81,97656,465990896.0,1.3,-1.8
2015-09-14,比亚迪,002594,14.48,14.9,12.73,12.81,14.48,133427,672308576.0,1.77,-11.53
2015-09-11,比亚迪,002594,14.37,14.86,14.09,14.48,14.43,93251,492777424.0,1.24,0.35
2015-09-10,比亚迪,002594,14.79,15.19,14.33,14.43,15.36,134767,724323408.0,1.79,-6.05
2015-09-09,比亚迪,002594,14.39,15.53,14.25,15.36,14.13,221248,1208202784.0,2.93,8.7
2015-09-08,比亚迪,002594,12.99,14.18,12.61,14.13,12.76,148379,739834448.0,1.97,10.74
2015-09-07,比亚迪,002594,12.79,13.54,12.53,12.76,12.13,128833,624449504.0,1.71,5.19
2015-09-02,比亚迪,002594,12.59,14.03,12.11,12.13,13.39,135880,657789024.0,1.8,-9.41
2015-09-01,比亚迪,002594,13.19,13.41,11.97,13.39,13.48,196695,948461136.0,2.61,-0.67
2015-08-31,比亚迪,002594,13.82,14.45,13.19,13.48,13.86,178550,906500000.0,2.37,-2.74
2015-08-28,比亚迪,002594,13.69,14.28,12.81,13.86,13.13,230970,1149489552.0,3.06,5.56
2015-08-27,比亚迪,002594,12.19,13.13,12.19,13.13,11.65,209849,997453792.0,2.78,12.7
2015-08-26,比亚迪,002594,10.73,11.65,10.14,11.65,10.31,247529,1059971184.0,3.28,13.0
2015-08-25,比亚迪,002594,10.46,12.19,10.31,10.31,11.8,200305,840397072.0,2.66,-12.63
2015-08-24,比亚迪,002594,12.63,12.63,11.8,11.8,13.46,161168,734111808.0,2.14,-12.33
2015-08-21,比亚迪,002594,14.53,14.87,13.38,13.46,14.99,166083,852199776.0,2.2,-10.21
2015-08-20,比亚迪,002594,15.86,15.99,14.86,14.99,16.35,111733,624928496.0,1.48,-8.32
2015-08-19,比亚迪,002594,15.53,16.73,14.26,16.35,16.12,166605,926777152.0,2.21,1.43
2015-08-18,比亚迪,002594,18.25,18.25,16.12,16.12,18.26,171938,1039710144.0,2.28,-11.72
2015-08-17,比亚迪,002594,17.76,18.6,17.56,18.26,18.11,109520,699740848.0,1.45,0.83
2015-08-14,比亚迪,002594,18.06,18.98,18.06,18.11,18.14,134380,872372464.0,1.78,-0.17
2015-08-13,比亚迪,002594,17.52,18.26,17.19,18.14,17.52,131595,828197520.0,1.75,3.54
2015-08-12,比亚迪,002594,18.36,18.5,17.46,17.52,18.76,174192,1102034592.0,2.31,-6.61
2015-08-11,比亚迪,002594,18.71,19.72,18.55,18.76,19.13,204553,1357478480.0,2.71,-1.93
2015-08-10,比亚迪,002594,18.84,19.49,17.86,19.13,18.53,232231,1523307088.0,3.08,3.24
2015-08-07,比亚迪,002594,19.19,19.43,18.15,18.53,18.66,338396,2222391488.0,4.49,-0.7
2015-08-06,比亚迪,002594,16.51,18.66,15.92,18.66,16.68,360399,2319434864.0,4.78,11.87
2015-08-05,比亚迪,002594,16.42,17.86,16.33,16.68,16.75,200544,1220519328.0,2.66,-0.42
2015-08-04,比亚迪,002594,16.15,17.02,15.26,16.75,16.12,261999,1528937744.0,3.47,3.91
2015-08-03,比亚迪,002594,15.06,16.14,14.96,16.12,15.39,249985,1412324784.0,3.32,4.74
2015-07-31,比亚迪,002594,13.85,15.4,13.78,15.39,14.13,224726,1218020208.0,2.98,8.92
2015-07-30,比亚迪,002594,14.87,15.45,13.92,14.13,15.12,162351,878649056.0,2.15,-6.55
2015-07-29,比亚迪,002594,13.75,15.12,13.23,15.12,13.46,199882,1039550176.0,2.65,12.33
2015-07-28,比亚迪,002594,12.79,13.85,12.03,13.46,13.54,204326,982651408.0,2.71,-0.59
2015-07-27,比亚迪,002594,14.85,15.36,13.54,13.54,15.39,181208,954348256.0,2.4,-12.02
2015-07-24,比亚迪,002594,15.76,16.21,15.36,15.39,15.72,186910,1056946992.0,2.48,-2.1
2015-07-23,比亚迪,002594,15.38,15.92,14.92,15.72,15.38,167036,934727344.0,2.22,2.21
2015-07-22,比亚迪,002594,15.3,15.79,15.16,15.38,15.13,156527,874525504.0,2.08,1.65
2015-07-21,比亚迪,002594,14.86,15.69,14.36,15.13,15.19,154057,849698000.0,2.04,-0.39
2015-07-20,比亚迪,002594,15.38,15.66,14.8,15.19,15.38,191993,1056735840.0,2.55,-1.24
2015-07-17,比亚迪,002594,14.46,15.69,14.31,15.38,14.26,183379,996065504.0,2.43,7.85
2015-07-16,比亚迪,002594,13.72,14.68,12.86,14.26,13.72,184014,946006352.0,2.44,3.94
2015-07-15,比亚迪,002594,15.18,15.52,13.72,13.72,15.59,240411,1266540880.0,3.19,-11.99
2015-07-14,比亚迪,002594,16.19,17.2,15.47,15.59,16.69,330450,1931883600.0,4.38,-6.59
2015-07-13,比亚迪,002594,15.49,16.69,14.93,16.69,14.88,347982,1991226224.0,4.61,12.16
2015-07-10,比亚迪,002594,14.16,14.88,13.56,14.88,13.24,206392,1104304672.0,2.74,12.39
2015-07-09,比亚迪,002594,11.75,13.24,11.36,13.24,11.75,230353,1090391504.0,3.05,12.68
2015-07-08,比亚迪,002594,10.96,12.39,10.96,11.75,12.52,509342,2236149008.0,6.75,-6.15
2015-07-07,比亚迪,002594,13.16,13.48,12.09,12.52,13.78,436156,2037049440.0,5.78,-9.14
2015-07-06,比亚迪,002594,14.93,14.93,12.16,13.78,13.38,299274,1517176656.0,3.97,2.99
2015-07-03,比亚迪,002594,13.03,14.51,12.06,13.38,13.28,275336,1349516720.0,3.65,0.75
2015-07-02,比亚迪,002594,14.53,15.25,12.78,13.28,14.52,255483,1317805152.0,3.39,-8.54
2015-07-01,比亚迪,002594,15.23,16.18,14.39,14.52,15.27,245697,1368399088.0,3.26,-4.91
2015-06-30,比亚迪,002594,13.3,15.27,12.05,15.27,13.6,296002,1491820800.0,4.15,12.28
2015-06-29,比亚迪,002594,15.89,15.95,13.6,13.6,15.46,239643,1255322144.0,3.39,-12.03
2015-06-26,比亚迪,002594,16.83,17.16,15.46,15.46,17.52,202336,1169166512.0,2.87,-11.76
2015-06-25,比亚迪,002594,18.15,18.4,17.26,17.52,18.05,158427,1001999200.0,2.24,-2.94
2015-06-24,比亚迪,002594,17.98,18.36,17.36,18.05,17.9,183030,1157977840.0,2.59,0.84
2015-06-23,比亚迪,002594,17.46,17.98,16.22,17.9,17.49,196983,1204132976.0,2.79,2.34
2015-06-19,比亚迪,002594,19.14,19.15,17.39,17.49,19.41,204947,1307006560.0,2.9,-9.89
2015-06-18,比亚迪,002594,20.51,21.15,19.33,19.41,20.49,201249,1408885968.0,2.85,-5.27
2015-06-17,比亚迪,002594,21.16,21.45,20.22,20.49,21.15,184206,1316898208.0,2.61,-3.12
2015-06-16,比亚迪,002594,21.69,21.86,20.86,21.15,22.12,143026,1048463888.0,2.03,-4.39
2015-06-15,比亚迪,002594,21.85,22.69,21.04,22.12,21.83,303138,2263020784.0,4.29,1.33
2015-06-12,比亚迪,002594,21.53,22.36,21.36,21.83,21.53,206112,1547423888.0,2.92,1.39
2015-06-11,比亚迪,002594,22.08,22.08,21.16,21.53,22.14,194653,1437425056.0,2.76,-2.76
2015-06-10,比亚迪,002594,21.57,22.83,21.53,22.14,21.57,270899,2059268480.0,3.84,2.64
2015-06-09,比亚迪,002594,21.84,22.51,21.37,21.57,21.84,184408,1383725024.0,2.61,-1.24
2015-06-08,比亚迪,002594,23.11,23.11,21.28,21.84,23.36,278891,2105844368.0,3.95,-6.51
2015-06-05,比亚迪,002594,25.49,26.06,23.19,23.36,24.73,417002,3413771040.0,5.91,-5.54
2015-06-04,比亚迪,002594,24.73,24.73,23.53,24.73,22.19,266185,2220425744.0,3.77,11.45
2015-05-22,比亚迪,002594,21.91,23.55,21.91,22.19,21.13,352264,2729553184.0,4.99,5.02
2015-05-21,比亚迪,002594,19.19,21.13,18.86,21.13,18.92,258846,1847246080.0,3.67,11.68
2015-05-20,比亚迪,002594,18.38,19.75,18.33,18.92,18.38,275732,1839636800.0,3.9,2.94
2015-05-19,比亚迪,002594,18.04,19.16,17.79,18.38,17.69,252954,1640835296.0,3.58,3.9
2015-05-18,比亚迪,002594,17.31,17.73,17.02,17.69,17.13,208027,1284634192.0,2.95,3.27
2015-05-15,比亚迪,002594,17.73,17.93,16.99,17.13,17.78,148110,910362944.0,2.1,-3.66
2015-05-14,比亚迪,002594,17.9,18.19,17.22,17.78,17.9,153779,955488880.0,2.18,-0.67
2015-05-13,比亚迪,002594,18.26,18.35,17.45,17.9,18.36,176840,1116497824.0,2.5,-2.51
2015-05-12,比亚迪,002594,17.9,18.58,17.53,18.36,17.89,241221,1538169152.0,3.42,2.63
2015-05-11,比亚迪,002594,16.79,18.13,16.65,17.89,16.69,248832,1545565472.0,3.52,7.19
2015-05-08,比亚迪,002594,16.6,16.81,16.19,16.69,16.44,133633,787786240.0,1.89,1.52
2015-05-07,比亚迪,002594,16.12,16.63,15.88,16.44,16.24,112170,655754320.0,1.59,1.23
2015-05-06,比亚迪,002594,16.69,17.06,16.09,16.24,16.32,130049,771230992.0,1.84,-0.49
2015-05-05,比亚迪,002594,17.19,17.19,16.13,16.32,17.32,158617,937090848.0,2.25,-5.77
2015-05-04,比亚迪,002594,16.86,18.39,16.86,17.32,16.86,186162,1159606432.0,2.64,2.73
2015-04-30,比亚迪,002594,17.59,17.71,16.82,16.86,17.26,161950,994285712.0,2.29,-2.32
2015-04-29,比亚迪,002594,16.7,18.19,16.03,17.26,16.7,222429,1355397504.0,3.15,3.35
2015-04-28,比亚迪,002594,18.19,19.03,16.49,16.7,17.85,385419,2393255536.0,5.46,-6.44
2015-04-23,比亚迪,002594,16.19,17.85,16.19,17.85,15.94,440926,2724936944.0,6.24,11.98
2015-04-22,比亚迪,002594,15.69,16.45,15.63,15.94,15.56,155828,897460176.0,2.21,2.44
2015-04-21,比亚迪,002594,15.13,15.69,15.13,15.56,15.13,127653,713394192.0,1.81,2.84
2015-04-20,比亚迪,002594,15.72,15.72,15.09,15.13,15.91,169069,939476480.0,2.39,-4.9
2015-04-17,比亚迪,002594,16.4,16.52,15.86,15.91,16.09,163226,946480336.0,2.31,-1.12
2015-04-16,比亚迪,002594,15.48,16.29,15.34,16.09,15.53,150819,863928464.0,2.14,3.61
2015-04-15,比亚迪,002594,15.54,15.85,15.34,15.53,15.88,128143,719634976.0,1.81,-2.2
2015-04-14,比亚迪,002594,16.49,16.56,15.85,15.88,16.59,160445,930473616.0,2.27,-4.28
2015-04-13,比亚迪,002594,15.83,16.59,15.36,16.59,15.83,215658,1228043200.0,3.05,4.8
2015-04-10,比亚迪,002594,15.75,16.18,15.72,15.83,15.53,159685,911729568.0,2.26,1.93
2015-04-09,比亚迪,002594,16.09,16.09,14.65,15.53,16.15,224860,1250441984.0,3.18,-3.84
2015-04-08,比亚迪,002594,16.98,17.15,15.81,16.15,16.99,221233,1294200912.0,3.13,-4.94
2015-04-07,比亚迪,002594,17.31,17.39,16.76,16.99,17.31,193109,1163222560.0,2.73,-1.85
2015-04-03,比亚迪,002594,16.55,17.44,16.2,17.31,16.81,308114,1850824240.0,4.36,2.97
2015-04-02,比亚迪,002594,16.86,17.67,16.04,16.81,16.07,468449,2808275440.0,6.63,4.6
2015-04-01,比亚迪,002594,14.86,16.07,14.86,16.07,14.33,336530,1886140064.0,4.77,12.14
2015-03-31,比亚迪,002594,14.44,14.75,14.28,14.33,14.43,187405,989549216.0,2.65,-0.69
2015-03-30,比亚迪,002594,14.54,14.73,14.29,14.43,14.48,184940,975959920.0,2.62,-0.35
2015-03-27,比亚迪,002594,15.02,15.02,14.16,14.48,14.93,195416,1029417040.0,2.77,-3.01
2015-03-26,比亚迪,002594,14.32,15.19,14.2,14.93,14.26,295858,1583253408.0,4.19,4.7
2015-03-25,比亚迪,002594,14.59,14.75,14.18,14.26,14.66,213325,1120596448.0,3.02,-2.73
2015-03-24,比亚迪,002594,14.58,15.15,14.16,14.66,14.56,278551,1482318496.0,3.94,0.69
2015-03-23,比亚迪,002594,14.46,14.64,14.35,14.56,14.46,196599,1040592448.0,2.78,0.69
2015-03-20,比亚迪,002594,14.53,14.73,14.19,14.46,14.82,218476,1147790240.0,3.09,-2.43
2015-03-19,比亚迪,002594,14.64,15.46,14.56,14.82,14.64,262973,1430433232.0,3.72,1.23
2015-03-18,比亚迪,002594,14.03,14.86,13.86,14.64,14.03,269896,1429298672.0,3.82,4.35
2015-03-17,比亚迪,002594,13.96,14.41,13.69,14.03,13.91,223455,1149694464.0,3.16,0.86
2015-03-16,比亚迪,002594,13.71,14.02,13.53,13.91,13.52,201115,1022957568.0,2.85,2.88
2015-03-13,比亚迪,002594,13.36,13.64,13.13,13.52,13.23,175096,868710112.0,2.48,2.19
2015-03-12,比亚迪,002594,13.72,13.72,12.96,13.23,13.53,193815,951119696.0,2.74,-2.22
2015-03-11,比亚迪,002594,13.73,14.03,13.39,13.53,13.93,188309,949154720.0,2.67,-2.87
2015-03-10,比亚迪,002594,13.89,14.49,13.76,13.93,13.93,215636,1121268416.0,3.05,0.0
2015-03-09,比亚迪,002594,13.69,14.19,13.22,13.93,14.29,259237,1312632112.0,3.67,-2.52
2015-03-06,比亚迪,002594,16.58,16.73,14.13,14.29,15.92,514541,2803548240.0,7.29,-10.24
2015-03-05,比亚迪,002594,14.03,15.92,13.99,15.92,14.19,372516,2028158416.0,5.28,12.19
2015-03-04,比亚迪,002594,13.86,14.82,13.65,14.19,13.98,298977,1568522480.0,4.23,1.5
2015-03-03,比亚迪,002594,13.86,15.09,13.7,13.98,14.12,328627,1711219856.0,4.65,-0.99
2015-03-02,比亚迪,002594,14.23,15.41,13.96,14.12,13.72,502599,2681467536.0,7.12,2.92
2015-02-27,比亚迪,002594,13.18,13.79,12.89,13.72,13.29,368404,1824774368.0,5.22,3.24
2015-02-26,比亚迪,002594,13.49,13.79,12.95,13.29,13.49,330743,1637213888.0,4.68,-1.48
2015-02-25,比亚迪,002594,14.36,14.38,13.32,13.49,13.67,508311,2570060784.0,7.2,-1.32
2015-02-17,比亚迪,002594,13.13,13.67,12.14,13.67,12.14,350388,1740619760.0,4.96,12.6
2015-02-16,比亚迪,002594,11.48,12.14,11.39,12.14,10.75,377528,1698779312.0,5.35,12.93
2015-02-13,比亚迪,002594,9.69,10.75,9.55,10.75,9.49,369387,1494306000.0,5.23,13.28
2015-02-12,比亚迪,002594,9.08,9.52,9.01,9.49,9.06,102849,382626256.0,1.46,4.75
2015-02-11,比亚迪,002594,9.13,9.31,9.01,9.06,9.24,71371,263054406.0,1.01,-1.95
2015-02-10,比亚迪,002594,9.02,9.3,8.9,9.24,8.94,59570,218138692.0,0.84,3.36
2015-02-09,比亚迪,002594,8.98,9.06,8.87,8.94,8.94,48008,174416498.0,0.68,0.0
2015-02-06,比亚迪,002594,9.52,9.57,8.83,8.94,9.44,109645,401582864.0,1.55,-5.3
2015-02-05,比亚迪,002594,9.64,9.7,9.43,9.44,9.62,69630,265432073.0,0.99,-1.87
2015-02-04,比亚迪,002594,9.98,9.98,9.53,9.62,9.77,91585,354400016.0,1.3,-1.54
2015-02-03,比亚迪,002594,9.92,9.96,9.73,9.77,9.68,58743,227921781.0,0.83,0.93
2015-02-02,比亚迪,002594,9.53,9.83,9.36,9.68,9.61,52506,201662536.0,0.74,0.73
2015-01-30,比亚迪,002594,10.09,10.19,9.61,9.61,10.11,101893,395335120.0,1.44,-4.95
2015-01-29,比亚迪,002594,10.37,10.39,10.0,10.11,10.33,92448,368366464.0,1.31,-2.13
2015-01-28,比亚迪,002594,10.26,10.49,10.15,10.33,10.19,108934,440078880.0,1.54,1.37
2015-01-27,比亚迪,002594,10.23,10.33,10.06,10.19,10.23,106373,426213904.0,1.51,-0.39
2015-01-26,比亚迪,002594,10.29,10.46,10.05,10.23,10.23,95294,381414544.0,1.35,0.0
2015-01-23,比亚迪,002594,10.18,10.51,10.15,10.23,10.13,141481,571837152.0,2.0,0.99
2015-01-22,比亚迪,002594,10.08,10.18,9.93,10.13,10.02,95295,377569792.0,1.35,1.1
2015-01-21,比亚迪,002594,9.89,10.12,9.84,10.02,9.84,92544,364431920.0,1.31,1.83
2015-01-20,比亚迪,002594,9.67,9.98,9.62,9.84,9.63,87505,340120912.0,1.24,2.18
2015-01-19,比亚迪,002594,10.0,10.34,9.46,9.63,10.05,108004,421254544.0,1.53,-4.18
2015-01-16,比亚迪,002594,9.9,10.09,9.79,10.05,9.89,72732,285132384.0,1.03,1.62
2015-01-15,比亚迪,002594,10.06,10.15,9.72,9.89,10.02,59576,232630832.0,0.84,-1.3
2015-01-14,比亚迪,002594,10.29,10.43,9.86,10.02,10.3,69894,277811424.0,0.99,-2.72
2015-01-13,比亚迪,002594,10.19,10.49,10.03,10.3,10.02,133271,539057952.0,1.89,2.79
2015-01-12,比亚迪,002594,9.69,10.3,9.69,10.02,9.67,113489,447585488.0,1.61,3.62
2015-01-09,比亚迪,002594,9.71,10.03,9.64,9.67,9.7,85151,331242752.0,1.21,-0.31
2015-01-08,比亚迪,002594,9.84,9.93,9.65,9.7,9.84,68918,266454781.0,0.98,-1.42
2015-01-07,比亚迪,002594,10.28,10.28,9.83,9.84,10.3,111674,438781184.0,1.58,-4.47
2015-01-06,比亚迪,002594,9.99,10.68,9.88,10.3,10.28,138891,562214832.0,1.97,0.19
2015-01-05,比亚迪,002594,9.63,10.56,9.44,10.28,9.58,192149,749732272.0,2.72,7.31
2014-12-31,比亚迪,002594,9.55,9.81,9.36,9.58,9.55,106964,409463232.0,1.51,0.31
2014-12-30,比亚迪,002594,9.52,9.94,9.34,9.55,9.03,169037,647925600.0,2.44,5.76
2014-12-29,比亚迪,002594,9.13,9.29,8.87,9.03,9.11,91185,335076720.0,1.32,-0.88
2014-12-26,比亚迪,002594,9.24,9.24,8.93,9.11,9.24,90436,331042704.0,1.31,-1.41
2014-12-25,比亚迪,002594,9.21,9.52,9.03,9.24,9.09,120623,449960832.0,1.74,1.65
2014-12-24,比亚迪,002594,8.65,9.17,8.48,9.09,8.58,134518,485244064.0,1.94,5.94
2014-12-23,比亚迪,002594,8.44,8.86,8.37,8.58,8.46,106432,376762240.0,1.54,1.42
2014-12-22,比亚迪,002594,9.26,9.26,8.13,8.46,9.35,160885,562713856.0,2.32,-9.52
2014-12-19,比亚迪,002594,9.09,9.86,9.09,9.35,9.0,285313,1073647888.0,4.12,3.89
2014-12-18,比亚迪,002594,10.43,10.69,9.0,9.0,10.35,349596,1337368880.0,5.05,-13.04
2014-12-17,比亚迪,002594,10.67,10.69,10.2,10.35,10.77,105080,427093408.0,1.52,-3.9
2014-12-16,比亚迪,002594,10.9,10.92,10.66,10.77,10.92,105280,438667568.0,1.52,-1.37
2014-12-15,比亚迪,002594,11.0,11.07,10.56,10.92,10.95,85178,358141168.0,1.23,-0.27
2014-12-12,比亚迪,002594,10.24,11.19,10.16,10.95,10.25,186347,777808880.0,2.69,6.83
2014-12-11,比亚迪,002594,10.2,10.28,10.04,10.25,10.28,81295,325000608.0,1.17,-0.29
2014-12-10,比亚迪,002594,10.15,10.33,10.02,10.28,10.08,159387,637486560.0,2.3,1.98
2014-12-09,比亚迪,002594,10.81,10.81,10.04,10.08,10.85,183164,738368912.0,2.64,-7.1
2014-12-08,比亚迪,002594,11.19,11.25,10.76,10.85,11.31,163034,688408128.0,2.35,-4.07
2014-12-05,比亚迪,002594,11.75,11.77,11.19,11.31,11.72,128938,564595152.0,1.86,-3.5
2014-12-04,比亚迪,002594,11.26,11.81,11.26,11.72,11.24,175552,774405712.0,2.53,4.27
2014-12-03,比亚迪,002594,11.42,11.42,11.09,11.24,11.37,124525,536217600.0,1.8,-1.14
2014-12-02,比亚迪,002594,11.33,11.47,11.23,11.37,11.33,62345,271758144.0,0.9,0.35
2014-12-01,比亚迪,002594,11.29,11.58,11.19,11.33,11.29,52346,227036807.0,0.76,0.35
2014-11-28,比亚迪,002594,11.43,11.43,11.15,11.29,11.52,63554,274507072.0,0.92,-2.0
2014-11-27,比亚迪,002594,11.71,11.77,11.46,11.52,11.7,74295,327465184.0,1.07,-1.54
2014-11-26,比亚迪,002594,11.61,11.89,11.61,11.7,11.54,68488,306081872.0,0.99,1.39
2014-11-25,比亚迪,002594,11.51,11.78,11.43,11.54,11.48,64010,283078000.0,0.92,0.52
2014-11-24,比亚迪,002594,11.31,11.52,11.16,11.48,11.13,63556,276043040.0,0.92,3.14
2014-11-21,比亚迪,002594,11.12,11.16,11.03,11.13,11.06,33392,142550809.0,0.48,0.63
2014-11-20,比亚迪,002594,11.1,11.26,10.98,11.06,11.13,34151,146172205.0,0.49,-0.63
2014-11-19,比亚迪,002594,11.09,11.34,11.02,11.13,11.14,43144,184994758.0,0.62,-0.09
2014-11-18,比亚迪,002594,11.53,11.53,11.06,11.14,11.53,43171,185774595.0,0.62,-3.38
2014-11-17,比亚迪,002594,11.46,11.79,11.41,11.53,11.59,43589,192953094.0,0.63,-0.52
2014-11-14,比亚迪,002594,11.16,11.84,10.99,11.59,11.16,60821,266901119.0,0.88,3.85
2014-11-13,比亚迪,002594,11.43,11.47,10.94,11.16,11.49,67811,289922160.0,0.98,-2.87
2014-11-12,比亚迪,002594,11.69,11.81,11.19,11.49,11.74,58654,257856001.0,0.85,-2.13
2014-11-11,比亚迪,002594,12.39,12.41,11.69,11.74,12.37,60779,277231376.0,0.88,-5.09
2014-11-10,比亚迪,002594,12.23,12.38,12.18,12.37,12.22,42756,198373117.0,0.62,1.23
2014-11-07,比亚迪,002594,12.25,12.35,12.16,12.22,12.24,33180,153640342.0,0.48,-0.16
2014-11-06,比亚迪,002594,12.17,12.29,12.14,12.24,12.2,23659,108991128.0,0.34,0.33
2014-11-05,比亚迪,002594,12.29,12.29,12.18,12.2,12.31,25878,119361474.0,0.37,-0.89
2014-11-04,比亚迪,002594,12.26,12.38,12.25,12.31,12.25,27857,129152133.0,0.4,0.49
2014-11-03,比亚迪,002594,12.51,12.51,12.19,12.25,12.52,59168,274244528.0,0.85,-2.16
2014-10-31,比亚迪,002594,12.58,12.59,12.31,12.52,12.64,50544,235841917.0,0.73,-0.95
2014-10-30,比亚迪,002594,12.93,13.08,12.63,12.64,12.89,69117,330607248.0,1.0,-1.94
2014-10-29,比亚迪,002594,12.67,12.94,12.67,12.89,12.65,52269,250255836.0,0.75,1.9
2014-10-28,比亚迪,002594,12.45,12.73,12.43,12.65,12.45,42265,198888385.0,0.61,1.61
2014-10-27,比亚迪,002594,12.66,12.75,12.26,12.45,12.66,36263,169396512.0,0.52,-1.66
2014-10-24,比亚迪,002594,12.65,12.81,12.63,12.66,12.63,24241,115191986.0,0.35,0.24
2014-10-23,比亚迪,002594,12.63,12.79,12.56,12.63,12.63,26058,123686390.0,0.38,0.0
2014-10-22,比亚迪,002594,12.63,12.83,12.59,12.63,12.63,33379,158488819.0,0.48,0.0
2014-10-21,比亚迪,002594,12.93,13.0,12.63,12.63,12.93,38394,183028254.0,0.55,-2.32
2014-10-20,比亚迪,002594,12.8,13.04,12.78,12.93,12.82,36596,176673936.0,0.53,0.86
2014-10-17,比亚迪,002594,12.86,12.99,12.66,12.82,12.84,45701,218804575.0,0.66,-0.16
2014-10-16,比亚迪,002594,12.89,13.0,12.73,12.84,12.98,42323,203049398.0,0.61,-1.08
2014-10-15,比亚迪,002594,12.95,13.02,12.72,12.98,12.94,43521,208542595.0,0.63,0.31
2014-10-14,比亚迪,002594,13.28,13.29,12.89,12.94,13.22,49806,241958554.0,0.72,-2.12
2014-10-13,比亚迪,002594,13.36,13.36,12.97,13.22,13.36,42344,206322859.0,0.61,-1.05
2014-10-10,比亚迪,002594,13.63,13.63,13.34,13.36,13.63,47903,238248811.0,0.69,-1.98
2014-10-09,比亚迪,002594,13.38,13.81,13.37,13.63,13.34,77747,390501232.0,1.12,2.17
2014-10-08,比亚迪,002594,13.15,13.36,13.11,13.34,13.14,45329,222534985.0,0.65,1.52
2014-09-30,比亚迪,002594,13.24,13.32,13.09,13.14,13.21,35292,172464691.0,0.51,-0.53
2014-09-29,比亚迪,002594,13.16,13.43,13.16,13.21,13.15,43786,215882457.0,0.63,0.46
2014-09-26,比亚迪,002594,13.21,13.3,13.09,13.15,13.21,25730,125856361.0,0.37,-0.45
2014-09-25,比亚迪,002594,13.52,13.55,13.16,13.21,13.37,46779,231682417.0,0.68,-1.2
2014-09-24,比亚迪,002594,13.19,13.43,13.03,13.37,13.14,50305,246777244.0,0.73,1.75
2014-09-23,比亚迪,002594,12.99,13.21,12.96,13.14,13.01,30307,147469525.0,0.44,1.0
2014-09-22,比亚迪,002594,13.51,13.53,12.89,13.01,13.53,37467,183138830.0,0.54,-3.84
2014-09-19,比亚迪,002594,13.5,13.61,13.48,13.53,13.5,30537,152801094.0,0.44,0.22
2014-09-18,比亚迪,002594,13.48,13.66,13.4,13.5,13.61,29477,147207822.0,0.43,-0.81
2014-09-17,比亚迪,002594,13.62,13.81,13.34,13.61,13.52,41954,209811586.0,0.61,0.67
2014-09-16,比亚迪,002594,14.02,14.02,13.51,13.52,14.06,53351,269193968.0,0.77,-3.84
2014-09-15,比亚迪,002594,14.03,14.19,13.99,14.06,14.16,30796,159116388.0,0.44,-0.71
2014-09-12,比亚迪,002594,14.38,14.41,14.01,14.16,14.23,39678,205888833.0,0.57,-0.49
2014-09-11,比亚迪,002594,14.74,14.74,14.19,14.23,14.75,47561,251256829.0,0.69,-3.53
2014-09-10,比亚迪,002594,14.65,14.85,14.55,14.75,14.9,62157,333458976.0,0.9,-1.01
2014-09-09,比亚迪,002594,14.13,14.96,14.12,14.9,14.11,105488,555227376.0,1.52,5.6
2014-09-05,比亚迪,002594,14.11,14.17,13.92,14.11,14.06,34638,178641467.0,0.5,0.36
2014-09-04,比亚迪,002594,14.14,14.24,13.99,14.06,14.11,34054,175865834.0,0.49,-0.35
2014-09-03,比亚迪,002594,14.03,14.15,14.02,14.11,13.96,54860,283899824.0,0.79,1.07
2014-09-02,比亚迪,002594,13.89,13.96,13.8,13.96,13.89,51910,265306400.0,0.75,0.5
2014-09-01,比亚迪,002594,13.86,14.04,13.71,13.89,13.71,48679,248174971.0,0.7,1.31
2014-08-29,比亚迪,002594,13.41,13.75,13.33,13.71,13.27,36934,185304080.0,0.53,3.32
2014-08-28,比亚迪,002594,13.63,13.64,13.22,13.27,13.64,25673,127507913.0,0.37,-2.71
2014-08-27,比亚迪,002594,13.36,13.72,13.36,13.64,13.31,43653,218520045.0,0.63,2.48
2014-08-26,比亚迪,002594,13.43,13.51,13.17,13.31,13.48,26004,128330742.0,0.38,-1.26
2014-08-25,比亚迪,002594,13.19,13.57,12.99,13.48,13.52,58068,284571072.0,0.84,-0.3
2014-08-22,比亚迪,002594,13.83,13.83,13.47,13.52,13.84,43730,218923572.0,0.63,-2.31
2014-08-21,比亚迪,002594,13.73,13.85,13.52,13.84,13.73,33797,170149819.0,0.49,0.8
2014-08-20,比亚迪,002594,13.92,13.92,13.61,13.73,13.98,38910,197065413.0,0.56,-1.79
2014-08-19,比亚迪,002594,14.03,14.22,13.89,13.98,14.03,36451,187895916.0,0.53,-0.36
2014-08-18,比亚迪,002594,14.07,14.28,13.96,14.03,14.06,33620,174154980.0,0.49,-0.21
2014-08-15,比亚迪,002594,14.03,14.17,13.86,14.06,14.04,32477,167076022.0,0.47,0.14
2014-08-14,比亚迪,002594,13.83,14.16,13.74,14.04,13.93,39605,203878945.0,0.57,0.79
2014-08-13,比亚迪,002594,14.14,14.26,13.71,13.93,14.04,40772,208812762.0,0.59,-0.78
2014-08-12,比亚迪,002594,14.13,14.24,13.93,14.04,14.14,37075,191574736.0,0.54,-0.71
2014-08-11,比亚迪,002594,13.94,14.38,13.87,14.14,13.99,34471,179231723.0,0.5,1.07
2014-08-08,比亚迪,002594,14.01,14.27,13.92,13.99,13.94,33869,175394763.0,0.49,0.36
2014-08-07,比亚迪,002594,14.4,14.73,13.94,13.94,14.34,62287,325731632.0,0.9,-2.79
2014-08-06,比亚迪,002594,13.78,14.34,13.71,14.34,13.97,71172,370257712.0,1.03,2.65
2014-08-05,比亚迪,002594,14.0,14.11,13.64,13.97,14.0,35296,179941780.0,0.51,-0.21
2014-08-04,比亚迪,002594,13.51,14.01,13.44,14.0,13.41,51805,264549980.0,0.75,4.4
2014-08-01,比亚迪,002594,13.8,13.91,13.41,13.41,13.75,49991,252787461.0,0.72,-2.47
2014-07-31,比亚迪,002594,13.99,14.13,13.68,13.75,13.97,50825,259450457.0,0.73,-1.57
2014-07-30,比亚迪,002594,14.01,14.33,13.79,13.97,13.98,72719,375434656.0,1.05,-0.07
2014-07-29,比亚迪,002594,13.21,14.41,13.03,13.98,13.2,125138,638548240.0,1.81,5.91
2014-07-28,比亚迪,002594,13.06,13.31,13.06,13.2,12.99,69013,338823200.0,1.0,1.62
2014-07-25,比亚迪,002594,12.78,13.04,12.78,12.99,12.75,48532,234148862.0,0.7,1.88
2014-07-24,比亚迪,002594,12.81,12.92,12.44,12.75,12.74,39677,188541816.0,0.57,0.08
2014-07-23,比亚迪,002594,12.91,13.01,12.58,12.74,13.04,53187,254576006.0,0.77,-2.3
2014-07-22,比亚迪,002594,12.31,13.26,12.28,13.04,12.19,124710,602510112.0,1.8,6.97
2014-07-21,比亚迪,002594,12.3,12.34,12.15,12.19,12.3,38702,178588767.0,0.56,-0.89
2014-07-18,比亚迪,002594,12.35,12.48,12.27,12.3,12.34,30669,143083811.0,0.44,-0.32
2014-07-17,比亚迪,002594,12.71,12.72,12.28,12.34,12.54,35237,164428661.0,0.51,-1.59
2014-07-16,比亚迪,002594,12.74,12.94,12.44,12.54,12.75,40425,192249377.0,0.58,-1.65
2014-07-15,比亚迪,002594,13.07,13.07,12.62,12.75,13.09,68859,328972928.0,0.99,-2.6
2014-07-14,比亚迪,002594,12.68,13.34,12.67,13.09,12.48,115635,559960464.0,1.67,4.89
2014-07-11,比亚迪,002594,12.14,12.51,11.68,12.48,12.37,89036,408352208.0,1.29,0.89
2014-07-10,比亚迪,002594,13.18,13.33,12.37,12.37,12.83,137175,657638416.0,1.98,-3.59
2014-07-09,比亚迪,002594,13.25,13.26,12.71,12.83,13.25,73690,356088112.0,1.06,-3.17
2014-07-08,比亚迪,002594,12.75,13.33,12.75,13.25,12.76,103291,502775664.0,1.49,3.84
2014-07-07,比亚迪,002594,12.97,13.11,12.71,12.76,12.94,42013,201892486.0,0.61,-1.39
2014-07-04,比亚迪,002594,13.15,13.21,12.94,12.94,13.13,49951,242779840.0,0.72,-1.45
2014-07-03,比亚迪,002594,12.83,13.34,12.68,13.13,12.81,87857,427928032.0,1.27,2.5
2014-07-02,比亚迪,002594,12.67,12.9,12.55,12.81,12.74,41099,195965080.0,0.59,0.55
2014-07-01,比亚迪,002594,12.68,12.98,12.51,12.74,12.67,63514,304176016.0,0.92,0.55
2014-06-30,比亚迪,002594,12.84,12.93,12.31,12.67,13.15,86162,409053616.0,2.07,-3.65
2014-06-27,比亚迪,002594,13.51,13.87,13.01,13.15,13.34,94202,472773568.0,2.45,-1.42
2014-06-26,比亚迪,002594,13.03,13.51,12.93,13.34,13.13,49006,240679131.0,1.28,1.6
2014-06-25,比亚迪,002594,13.02,13.2,12.88,13.13,13.0,61968,301497136.0,1.61,1.0
2014-06-24,比亚迪,002594,12.66,13.04,12.49,13.0,12.44,79872,382208656.0,2.08,4.5
2014-06-23,比亚迪,002594,12.51,12.63,12.34,12.44,12.38,25604,120016815.0,0.67,0.48
2014-06-20,比亚迪,002594,12.28,12.59,12.01,12.38,12.11,45453,212481405.0,1.18,2.23
2014-06-19,比亚迪,002594,12.51,12.63,11.91,12.11,12.51,29174,135195900.0,0.76,-3.2
2014-06-18,比亚迪,002594,12.43,12.63,12.38,12.51,12.4,36709,172522750.0,0.96,0.89
2014-06-17,比亚迪,002594,12.48,12.74,12.37,12.4,12.56,46525,219405676.0,1.21,-1.27
2014-06-16,比亚迪,002594,12.7,12.83,12.38,12.56,12.78,60500,285677504.0,1.57,-1.72
2014-06-13,比亚迪,002594,12.08,12.84,11.9,12.78,11.89,104806,493899696.0,2.73,7.49
2014-06-12,比亚迪,002594,11.94,12.22,11.86,11.89,11.94,33457,152811940.0,0.87,-0.42
2014-06-11,比亚迪,002594,11.95,12.03,11.81,11.94,12.06,19576,88437285.0,0.51,-1.0
2014-06-10,比亚迪,002594,12.08,12.23,11.68,12.06,12.08,37503,169362251.0,0.98,-0.17
2014-06-09,比亚迪,002594,12.21,12.3,12.01,12.08,12.2,18917,86951720.0,0.49,-0.98
2014-06-06,比亚迪,002594,11.95,12.28,11.9,12.2,11.96,39217,180205975.0,1.02,2.01
2014-06-05,比亚迪,002594,11.62,11.96,11.55,11.96,11.74,28053,126027772.0,0.73,1.87
2014-06-04,比亚迪,002594,12.14,12.15,11.64,11.74,12.15,34683,155793347.0,0.9,-3.37
2014-06-03,比亚迪,002594,12.4,12.49,12.06,12.15,12.4,33227,153274626.0,0.86,-2.02
2014-05-30,比亚迪,002594,12.24,12.87,12.04,12.4,12.27,61014,286252000.0,1.59,1.06
2014-05-29,比亚迪,002594,12.79,12.84,12.24,12.27,12.78,47464,223183307.0,1.24,-3.99
2014-05-28,比亚迪,002594,12.39,13.14,12.26,12.78,12.39,97010,464148240.0,2.52,3.15
2014-05-27,比亚迪,002594,12.24,12.39,11.93,12.39,12.3,66330,304523008.0,1.73,0.73
2014-05-26,比亚迪,002594,11.66,12.3,11.61,12.3,10.9,122116,557563952.0,3.18,12.84
2014-05-23,比亚迪,002594,10.91,11.07,10.85,10.9,10.9,9197,38973149.0,0.24,0.0
2014-05-22,比亚迪,002594,10.71,11.25,10.71,10.9,10.7,39134,166359966.0,1.02,1.87
2014-05-21,比亚迪,002594,10.34,10.71,10.18,10.7,10.41,18362,75337008.0,0.48,2.79
2014-05-20,比亚迪,002594,10.54,10.72,10.35,10.41,10.48,18147,74330850.0,0.47,-0.67
2014-05-19,比亚迪,002594,10.51,10.58,10.31,10.48,10.5,13222,53905455.0,0.34,-0.19
2014-05-16,比亚迪,002594,10.44,10.69,10.44,10.5,10.53,15587,64026200.0,0.41,-0.28
2014-05-15,比亚迪,002594,10.86,10.99,10.48,10.53,10.85,20415,85160223.0,0.53,-2.95
2014-05-14,比亚迪,002594,10.78,10.98,10.68,10.85,10.78,16181,68148891.0,0.42,0.65
2014-05-13,比亚迪,002594,10.84,11.24,10.74,10.78,10.79,53109,225639365.0,1.38,-0.09
2014-05-12,比亚迪,002594,10.45,10.91,10.44,10.79,10.42,36767,152380680.0,0.96,3.55
2014-05-09,比亚迪,002594,10.51,10.64,10.13,10.42,10.87,52926,214866638.0,1.38,-4.14
2014-05-08,比亚迪,002594,11.18,11.39,10.56,10.87,11.28,62251,264584408.0,1.62,-3.63
2014-05-07,比亚迪,002594,12.11,12.11,11.17,11.28,12.14,55857,244919939.0,1.45,-7.08
2014-05-06,比亚迪,002594,12.06,12.32,12.06,12.14,12.06,21207,97525009.0,0.55,0.66
2014-05-05,比亚迪,002594,12.21,12.21,11.75,12.06,12.25,27640,125476116.0,0.72,-1.55
2014-04-30,比亚迪,002594,12.31,12.41,12.21,12.25,12.21,13544,62655412.0,0.35,0.33
2014-04-29,比亚迪,002594,12.27,12.36,12.01,12.21,12.26,19169,88162766.0,0.5,-0.41
2014-04-28,比亚迪,002594,12.24,12.51,12.01,12.26,12.22,29114,134312272.0,0.76,0.33
2014-04-25,比亚迪,002594,11.99,12.58,11.99,12.22,11.93,38861,180877738.0,1.01,2.43
2014-04-24,比亚迪,002594,12.12,12.29,11.84,11.93,12.23,30742,140505979.0,0.8,-2.45
2014-04-23,比亚迪,002594,12.88,12.91,12.04,12.23,12.84,56389,261200964.0,1.47,-4.75
2014-04-22,比亚迪,002594,13.21,13.37,12.51,12.84,13.2,43728,209655624.0,1.14,-2.73
2014-04-21,比亚迪,002594,13.34,13.6,13.14,13.2,13.27,31507,156325956.0,0.82,-0.53
2014-04-18,比亚迪,002594,13.01,13.31,12.91,13.27,13.06,25267,123737318.0,0.66,1.61
2014-04-17,比亚迪,002594,13.16,13.28,13.03,13.06,13.1,20692,100996805.0,0.54,-0.31
2014-04-16,比亚迪,002594,13.01,13.21,12.96,13.1,13.03,22506,109793352.0,0.59,0.54
2014-04-15,比亚迪,002594,13.51,13.75,13.02,13.03,13.53,38564,190314505.0,1.0,-3.7
2014-04-14,比亚迪,002594,13.44,13.76,13.39,13.53,13.43,21581,108508711.0,0.56,0.74
2014-04-11,比亚迪,002594,13.7,13.84,13.35,13.43,13.84,32434,162123183.0,0.84,-2.96
2014-04-10,比亚迪,002594,13.55,14.05,13.31,13.84,13.54,54157,274835616.0,1.41,2.22
2014-04-09,比亚迪,002594,13.13,13.62,13.13,13.54,13.41,25337,126411307.0,0.66,0.97
2014-04-08,比亚迪,002594,13.19,13.46,13.01,13.41,13.41,31248,153925035.0,0.81,0.0
2014-04-04,比亚迪,002594,13.16,13.44,13.06,13.41,13.16,21077,103833203.0,0.55,1.9
2014-04-03,比亚迪,002594,13.26,13.46,13.1,13.16,13.08,24853,122542607.0,0.65,0.61
2014-04-02,比亚迪,002594,13.1,13.44,13.0,13.08,13.01,22991,112801594.0,0.6,0.54
2014-04-01,比亚迪,002594,12.88,13.21,12.87,13.01,12.88,22967,111438147.0,0.6,1.01
2014-03-31,比亚迪,002594,13.14,13.51,12.75,12.88,13.21,43181,209355413.0,1.12,-2.5
2014-03-28,比亚迪,002594,13.51,13.61,13.14,13.21,13.56,34416,170151124.0,0.9,-2.58
2014-03-27,比亚迪,002594,13.91,14.05,13.34,13.56,13.91,47332,237768305.0,1.23,-2.52
2014-03-26,比亚迪,002594,13.68,14.15,13.5,13.91,13.5,57808,296281408.0,1.5,3.04
2014-03-25,比亚迪,002594,13.49,13.75,13.2,13.5,13.49,43803,219322903.0,1.14,0.07
2014-03-24,比亚迪,002594,14.17,14.17,13.41,13.49,13.98,54114,271999472.0,1.41,-3.51
2014-03-21,比亚迪,002594,13.51,14.29,12.85,13.98,13.65,91097,460050000.0,2.37,2.42
2014-03-20,比亚迪,002594,14.31,14.51,13.5,13.65,14.98,113730,587803184.0,2.96,-8.88
2014-03-19,比亚迪,002594,14.56,15.06,14.42,14.98,14.56,51444,278336704.0,1.34,2.88
2014-03-18,比亚迪,002594,14.66,15.15,14.5,14.56,14.67,64237,346076464.0,1.67,-0.75
2014-03-17,比亚迪,002594,13.61,14.71,13.61,14.67,13.59,89673,472444384.0,2.33,7.95
2014-03-14,比亚迪,002594,14.18,14.19,13.46,13.59,14.34,78315,398569648.0,2.04,-5.23
2014-03-13,比亚迪,002594,13.72,14.52,13.61,14.34,13.72,73949,382312544.0,1.92,4.52
2014-03-12,比亚迪,002594,14.01,14.4,13.28,13.72,14.15,90055,457313728.0,2.34,-3.04
2014-03-11,比亚迪,002594,15.0,15.49,13.74,14.15,15.09,108357,572298688.0,2.82,-6.23
2014-03-10,比亚迪,002594,15.18,16.04,14.84,15.09,15.51,81474,454110736.0,2.12,-2.71
2014-03-07,比亚迪,002594,15.12,16.17,15.05,15.51,15.21,82384,465786464.0,2.14,1.97
2014-03-06,比亚迪,002594,15.18,15.44,14.68,15.21,15.54,81868,446697648.0,2.13,-2.12
2014-03-05,比亚迪,002594,15.52,16.61,15.38,15.54,15.67,105950,609022320.0,2.76,-0.83
2014-03-04,比亚迪,002594,15.46,15.84,15.28,15.67,15.84,80021,449361600.0,2.08,-1.07
2014-03-03,比亚迪,002594,15.81,16.19,15.31,15.84,15.81,147360,834030592.0,3.83,0.19
2014-02-28,比亚迪,002594,14.6,16.14,14.01,15.81,14.49,221797,1239742992.0,5.77,9.11
2014-02-27,比亚迪,002594,15.48,15.84,14.45,14.49,14.65,261738,1443345968.0,6.81,-1.09
2014-02-26,比亚迪,002594,13.51,14.65,13.51,14.65,13.03,249911,1320899472.0,6.5,12.43
2014-02-25,比亚迪,002594,13.07,13.66,12.78,13.03,13.08,121966,600809808.0,3.17,-0.38
2014-02-24,比亚迪,002594,12.18,13.23,12.04,13.08,12.41,95699,454881360.0,2.49,5.4
2014-02-21,比亚迪,002594,12.85,13.0,12.28,12.41,12.84,73410,346626912.0,1.91,-3.35
2014-02-20,比亚迪,002594,12.6,13.18,12.6,12.84,12.86,104729,505710640.0,2.73,-0.16
2014-02-19,比亚迪,002594,13.4,13.51,12.43,12.86,12.82,111927,538941296.0,2.91,0.31
2014-02-18,比亚迪,002594,13.44,13.44,12.66,12.82,13.56,123191,594298448.0,3.21,-5.46
2014-02-17,比亚迪,002594,13.22,13.67,12.84,13.56,12.99,135797,668977312.0,3.53,4.39
2014-02-14,比亚迪,002594,12.84,13.58,12.67,12.99,13.18,132654,651997840.0,3.45,-1.44
2014-02-13,比亚迪,002594,12.24,13.44,12.18,13.18,11.93,225217,1092764560.0,5.86,10.48
2014-02-12,比亚迪,002594,11.58,12.25,11.34,11.93,11.61,130327,586214624.0,3.39,2.76
2014-02-11,比亚迪,002594,12.14,12.33,11.45,11.61,11.33,200754,904745296.0,5.22,2.47
2014-02-10,比亚迪,002594,10.28,11.33,10.28,11.33,10.01,110837,475592832.0,2.88,13.19
2014-02-07,比亚迪,002594,9.66,10.06,9.61,10.01,9.73,48155,187686321.0,1.25,2.88
2014-01-30,比亚迪,002594,10.15,10.33,9.68,9.73,10.1,47365,187597859.0,1.23,-3.66
2014-01-29,比亚迪,002594,10.28,10.29,10.02,10.1,10.24,55747,221854431.0,1.45,-1.37
2014-01-28,比亚迪,002594,10.08,10.4,9.88,10.24,9.7,132412,529618896.0,3.45,5.57
2014-01-27,比亚迪,002594,9.75,9.88,9.53,9.7,9.71,63881,247015577.0,1.66,-0.1
2014-01-24,比亚迪,002594,9.33,9.78,9.31,9.71,9.33,61649,236783430.0,1.6,4.07
2014-01-23,比亚迪,002594,9.54,9.6,9.18,9.33,9.52,41437,156108245.0,1.08,-2.0
2014-01-22,比亚迪,002594,9.33,9.54,9.2,9.52,9.23,38101,143335172.0,0.99,3.14
2014-01-21,比亚迪,002594,9.21,9.33,9.17,9.23,9.18,30966,115113526.0,0.81,0.54
2014-01-20,比亚迪,002594,9.32,9.5,9.08,9.18,9.31,30958,115369984.0,0.81,-1.4
2014-01-17,比亚迪,002594,9.51,9.61,9.3,9.31,9.51,32427,122435153.0,0.84,-2.1
2014-01-16,比亚迪,002594,9.9,9.9,9.51,9.51,9.84,43987,169226033.0,1.14,-3.35
2014-01-15,比亚迪,002594,9.64,9.94,9.64,9.84,9.57,42813,166542086.0,1.11,2.82
2014-01-14,比亚迪,002594,9.51,9.68,9.38,9.57,9.46,25696,98085041.0,0.67,1.16
2014-01-13,比亚迪,002594,9.2,9.5,9.18,9.46,9.18,32761,123123619.0,0.85,3.05
2014-01-10,比亚迪,002594,9.74,9.78,9.18,9.18,9.7,56432,213395662.0,1.47,-5.36
2014-01-09,比亚迪,002594,9.98,10.01,9.69,9.7,10.02,53817,210489653.0,1.4,-3.19
2014-01-08,比亚迪,002594,9.68,10.03,9.67,10.02,9.67,69399,271427920.0,1.81,3.62
2014-01-07,比亚迪,002594,9.48,9.83,9.41,9.67,9.51,39963,153426161.0,1.04,1.68
2014-01-06,比亚迪,002594,9.63,9.91,9.38,9.51,9.65,58809,226039521.0,1.53,-1.45
2014-01-03,比亚迪,002594,9.48,9.77,9.38,9.65,9.5,52345,199728873.0,1.36,1.58
2014-01-02,比亚迪,002594,9.4,9.53,9.24,9.5,9.4,53764,203707635.0,1.4,1.06
2013-12-31,比亚迪,002594,9.21,9.55,9.21,9.4,9.34,46718,176795922.0,1.22,0.64
2013-12-30,比亚迪,002594,9.21,9.41,9.17,9.34,9.16,45979,172151037.0,1.2,1.97
2013-12-27,比亚迪,002594,8.88,9.31,8.88,9.16,8.88,42831,158532579.0,1.11,3.15
2013-12-26,比亚迪,002594,9.25,9.33,8.84,8.88,9.25,33976,124356882.0,0.88,-4.0
2013-12-25,比亚迪,002594,9.2,9.41,9.12,9.25,9.18,25842,96198246.0,0.67,0.76
2013-12-24,比亚迪,002594,8.98,9.24,8.98,9.18,9.0,39985,147727714.0,1.04,2.0
2013-12-23,比亚迪,002594,9.11,9.23,8.88,9.0,9.03,29544,108208287.0,0.77,-0.33
2013-12-20,比亚迪,002594,9.38,9.46,8.94,9.03,9.36,41104,151772226.0,1.07,-3.53
2013-12-19,比亚迪,002594,9.38,9.56,9.26,9.36,9.28,48252,182118271.0,1.26,0.86
2013-12-18,比亚迪,002594,9.66,9.81,9.28,9.28,9.66,51212,194135999.0,1.33,-3.93
2013-12-17,比亚迪,002594,9.92,10.04,9.64,9.66,9.9,55648,216900145.0,1.45,-2.42
2013-12-16,比亚迪,002594,9.77,10.0,9.58,9.9,9.75,70280,273854240.0,1.83,1.54
2013-12-13,比亚迪,002594,9.45,9.84,9.42,9.75,9.62,62164,239904642.0,1.62,1.35
2013-12-12,比亚迪,002594,9.22,9.83,9.18,9.62,9.27,62497,238179899.0,1.63,3.78
2013-12-11,比亚迪,002594,9.45,9.46,9.15,9.27,9.51,37937,141839225.0,0.99,-2.52
2013-12-10,比亚迪,002594,9.57,9.76,9.42,9.51,9.49,49047,187068487.0,1.28,0.21
2013-12-09,比亚迪,002594,9.54,9.66,9.33,9.49,9.52,49974,189190846.0,1.3,-0.32
2013-12-06,比亚迪,002594,9.4,9.78,9.34,9.52,9.39,87849,335591520.0,2.29,1.38
2013-12-05,比亚迪,002594,8.85,9.5,8.81,9.39,8.85,102648,382382624.0,2.67,6.1
2013-12-04,比亚迪,002594,8.89,9.1,8.77,8.85,8.83,63072,228966973.0,1.64,0.23
2013-12-03,比亚迪,002594,8.58,8.91,8.51,8.83,8.64,49240,176377658.0,1.28,2.2
2013-12-02,比亚迪,002594,9.11,9.29,8.57,8.64,9.46,76965,278073984.0,2.0,-8.67
2013-11-29,比亚迪,002594,9.52,9.59,9.35,9.46,9.54,44623,168819839.0,1.16,-0.84
2013-11-28,比亚迪,002594,9.55,9.71,9.45,9.54,9.55,49105,186981108.0,1.28,-0.1
2013-11-27,比亚迪,002594,9.17,9.65,9.14,9.55,9.18,90145,341146416.0,2.35,4.03
2013-11-26,比亚迪,002594,9.02,9.34,8.93,9.18,9.02,53604,197196070.0,1.39,1.77
2013-11-25,比亚迪,002594,9.11,9.21,8.88,9.02,9.18,42248,154953108.0,1.1,-1.74
2013-11-22,比亚迪,002594,8.67,9.48,8.61,9.18,8.69,91763,339695488.0,2.39,5.64
2013-11-21,比亚迪,002594,8.84,8.89,8.57,8.69,8.96,54399,193318893.0,1.42,-3.01
2013-11-20,比亚迪,002594,8.96,9.03,8.81,8.96,8.88,32787,118631837.0,0.85,0.9
2013-11-19,比亚迪,002594,9.0,9.0,8.78,8.88,9.0,44069,158977115.0,1.15,-1.33
2013-11-18,比亚迪,002594,8.88,9.04,8.77,9.0,8.81,54418,197547444.0,1.42,2.16
2013-11-15,比亚迪,002594,8.63,9.04,8.53,8.81,8.52,49613,178491784.0,1.29,3.4
2013-11-14,比亚迪,002594,8.49,8.64,8.41,8.52,8.42,42453,148832235.0,1.1,1.19
2013-11-13,比亚迪,002594,8.94,8.97,8.41,8.42,8.87,38616,136701221.0,1.0,-5.07
2013-11-12,比亚迪,002594,8.91,9.06,8.74,8.87,8.85,28719,103690362.0,0.75,0.23
2013-11-11,比亚迪,002594,8.61,9.07,8.61,8.85,8.54,42863,155050132.0,1.12,3.63
2013-11-08,比亚迪,002594,8.56,8.7,8.35,8.54,8.71,43189,151665501.0,1.12,-1.95
2013-11-07,比亚迪,002594,9.18,9.18,8.51,8.71,9.46,92303,333913664.0,2.4,-7.93
2013-11-06,比亚迪,002594,9.81,9.91,9.44,9.46,9.79,47428,183023852.0,1.23,-3.37
2013-11-05,比亚迪,002594,9.56,9.91,9.34,9.79,9.68,70496,271130432.0,1.83,1.14
2013-11-04,比亚迪,002594,9.48,9.71,9.18,9.68,9.53,52087,197524584.0,1.36,1.57
2013-11-01,比亚迪,002594,9.61,9.83,9.45,9.53,9.5,46667,178686276.0,1.21,0.32
2013-10-31,比亚迪,002594,9.91,9.91,9.41,9.5,9.94,48692,186164415.0,1.27,-4.43
2013-10-30,比亚迪,002594,9.57,9.94,9.45,9.94,9.54,59540,230479037.0,1.55,4.19
2013-10-29,比亚迪,002594,10.0,10.14,9.27,9.54,9.99,81727,312776608.0,2.13,-4.5
2013-10-28,比亚迪,002594,10.59,10.67,9.76,9.99,10.49,70587,279315296.0,1.84,-4.77
2013-10-25,比亚迪,002594,10.5,10.89,10.12,10.49,10.4,81232,333122272.0,2.11,0.87
2013-10-24,比亚迪,002594,10.57,10.64,10.04,10.4,10.68,78276,316801072.0,2.04,-2.62
2013-10-23,比亚迪,002594,10.74,11.4,10.41,10.68,10.74,137882,585142368.0,3.59,-0.56
2013-10-22,比亚迪,002594,11.01,11.36,10.68,10.74,10.81,140480,596941408.0,3.66,-0.65
2013-10-21,比亚迪,002594,10.3,11.04,10.21,10.81,10.43,139729,578739520.0,3.64,3.64
2013-10-18,比亚迪,002594,9.46,10.58,9.44,10.43,9.46,124520,495888848.0,3.24,10.25
2013-10-17,比亚迪,002594,9.56,9.75,9.44,9.46,9.48,43855,167076883.0,1.14,-0.21
2013-10-16,比亚迪,002594,9.81,9.81,9.39,9.48,9.87,68017,259031358.0,1.77,-3.95
2013-10-15,比亚迪,002594,9.72,10.05,9.72,9.87,9.76,60557,236762260.0,1.58,1.13
2013-10-14,比亚迪,002594,10.18,10.18,9.67,9.76,10.14,84475,328610800.0,2.2,-3.75
2013-10-11,比亚迪,002594,10.08,10.21,9.81,10.14,10.01,80973,320374624.0,2.11,1.3
2013-10-10,比亚迪,002594,10.5,10.63,9.99,10.01,10.44,101034,406376016.0,2.63,-4.12
2013-10-09,比亚迪,002594,10.11,10.58,10.01,10.44,10.23,85636,348231568.0,2.23,2.05
2013-10-08,比亚迪,002594,10.51,10.68,10.18,10.23,9.96,97926,398088752.0,2.55,2.71
2013-09-30,比亚迪,002594,9.51,10.1,9.51,9.96,9.57,72025,282920320.0,1.87,4.08
2013-09-27,比亚迪,002594,9.81,10.12,9.5,9.57,9.89,79204,305907072.0,2.06,-3.24
2013-09-26,比亚迪,002594,9.69,10.13,9.54,9.89,9.84,102401,400311920.0,2.66,0.51
2013-09-25,比亚迪,002594,10.47,10.61,9.84,9.84,10.48,121111,482518464.0,3.15,-6.11
2013-09-24,比亚迪,002594,10.51,11.0,10.43,10.48,10.69,161260,671137072.0,4.2,-1.96
2013-09-23,比亚迪,002594,9.84,10.95,9.69,10.69,9.84,246986,1001651440.0,6.43,8.64
2013-09-18,比亚迪,002594,10.09,10.27,9.02,9.84,9.84,256320,974382512.0,6.67,0.0
2013-09-17,比亚迪,002594,10.17,10.34,9.68,9.84,10.04,125674,492353440.0,3.27,-1.99
2013-09-16,比亚迪,002594,10.27,10.67,9.94,10.04,10.35,145544,587800112.0,3.79,-3.0
2013-09-13,比亚迪,002594,10.39,10.6,10.11,10.35,10.35,169308,685531152.0,4.41,0.0
2013-09-12,比亚迪,002594,10.68,11.16,10.28,10.35,10.75,266404,1102287904.0,6.93,-3.72
2013-09-11,比亚迪,002594,9.98,10.75,9.49,10.75,9.48,350410,1409805008.0,9.12,13.4
2013-09-10,比亚迪,002594,9.34,9.94,9.16,9.48,9.38,215614,825355760.0,5.61,1.07
2013-09-09,比亚迪,002594,9.47,9.93,9.27,9.38,9.02,292995,1114430048.0,7.62,3.99
2013-09-06,比亚迪,002594,7.89,9.02,7.85,9.02,7.91,288451,1023390176.0,7.51,14.03
2013-09-05,比亚迪,002594,7.88,7.99,7.73,7.91,7.94,70237,232680263.0,1.83,-0.38
2013-09-04,比亚迪,002594,7.99,8.17,7.89,7.94,7.92,76559,256478102.0,1.99,0.25
2013-09-03,比亚迪,002594,7.59,8.0,7.53,7.92,7.49,103765,341800000.0,2.7,5.74
2013-09-02,比亚迪,002594,7.43,7.71,7.38,7.49,7.43,89709,288262864.0,2.33,0.81
2013-08-30,比亚迪,002594,7.97,8.01,7.17,7.43,7.9,149045,476847248.0,3.88,-5.95
2013-08-29,比亚迪,002594,7.92,8.16,7.87,7.9,7.93,75671,252822152.0,1.97,-0.38
2013-08-28,比亚迪,002594,8.22,8.23,7.91,7.93,8.33,139467,467127584.0,3.63,-4.8
2013-08-27,比亚迪,002594,8.48,8.48,8.13,8.33,8.54,132008,452197424.0,3.44,-2.46
2013-08-26,比亚迪,002594,8.78,8.78,8.38,8.54,8.83,173207,606759696.0,4.51,-3.28
2013-08-23,比亚迪,002594,8.63,8.9,8.43,8.83,8.6,142931,508302112.0,3.72,2.67
2013-08-22,比亚迪,002594,8.13,8.66,8.06,8.6,8.13,89487,308922896.0,2.33,5.78
2013-08-21,比亚迪,002594,8.16,8.2,7.99,8.13,8.09,41636,140188004.0,1.08,0.49
2013-08-20,比亚迪,002594,8.21,8.34,8.01,8.09,8.27,51040,173480422.0,1.33,-2.18
2013-08-19,比亚迪,002594,7.94,8.37,7.85,8.27,8.0,51525,175472742.0,1.34,3.38
2013-08-16,比亚迪,002594,8.27,8.51,7.95,8.0,8.33,68051,232989107.0,1.77,-3.96
2013-08-15,比亚迪,002594,8.63,8.71,8.33,8.33,8.74,78867,274932864.0,2.05,-4.69
2013-08-14,比亚迪,002594,8.85,9.07,8.68,8.74,8.87,71473,257357462.0,1.86,-1.47
2013-08-13,比亚迪,002594,8.68,8.94,8.54,8.87,8.76,88368,316751472.0,2.3,1.26
2013-08-12,比亚迪,002594,8.77,8.87,8.54,8.76,8.67,86226,305917440.0,2.24,1.04
2013-08-09,比亚迪,002594,9.15,9.24,8.51,8.67,8.94,102892,370041664.0,2.68,-3.02
2013-08-08,比亚迪,002594,8.96,9.16,8.84,8.94,8.84,95254,347464960.0,2.48,1.13
2013-08-07,比亚迪,002594,8.99,9.11,8.71,8.84,9.11,98675,355418544.0,2.57,-2.96
2013-08-06,比亚迪,002594,8.57,9.33,8.57,9.11,8.54,173194,630330480.0,4.51,6.67
2013-08-05,比亚迪,002594,8.35,8.64,8.29,8.54,8.35,72684,253598439.0,1.89,2.28
2013-08-02,比亚迪,002594,8.6,8.66,8.31,8.35,8.54,63971,223648761.0,1.66,-2.22
2013-08-01,比亚迪,002594,7.88,8.58,7.88,8.54,7.88,105809,361872576.0,2.75,8.38
2013-07-31,比亚迪,002594,8.04,8.2,7.84,7.88,8.04,59083,197413343.0,1.54,-1.99
2013-07-30,比亚迪,002594,8.36,8.45,7.91,8.04,8.2,64363,217796854.0,1.67,-1.95
2013-07-29,比亚迪,002594,8.27,8.47,8.11,8.2,8.23,53997,185342734.0,1.41,-0.36
2013-07-26,比亚迪,002594,8.47,8.67,8.15,8.23,8.64,87923,302190128.0,2.29,-4.75
2013-07-25,比亚迪,002594,8.63,9.04,8.58,8.64,8.64,112339,403675856.0,2.92,0.0
2013-07-24,比亚迪,002594,8.84,8.84,8.4,8.64,8.81,90547,319635440.0,2.36,-1.93
2013-07-23,比亚迪,002594,8.68,8.91,8.63,8.81,8.54,107115,384836240.0,2.79,3.16
2013-07-22,比亚迪,002594,8.43,8.6,8.3,8.54,8.61,69416,242097807.0,1.81,-0.81
2013-07-19,比亚迪,002594,8.57,8.77,8.19,8.61,8.58,122423,426767168.0,3.19,0.35
2013-07-18,比亚迪,002594,8.7,8.82,8.52,8.58,8.52,105701,375651360.0,2.75,0.7
2013-07-17,比亚迪,002594,8.98,8.99,8.47,8.52,9.4,208267,742474928.0,5.42,-9.36
2013-07-16,比亚迪,002594,9.29,9.6,9.21,9.4,9.15,130615,490726784.0,3.4,2.73
2013-07-15,比亚迪,002594,9.36,9.68,9.1,9.15,8.73,184197,692266992.0,4.79,4.81
2013-07-12,比亚迪,002594,8.68,9.09,8.61,8.73,8.74,126699,457512224.0,3.3,-0.11
2013-07-11,比亚迪,002594,8.74,9.09,8.62,8.74,8.84,159870,575168544.0,4.16,-1.13
2013-07-10,比亚迪,002594,8.47,8.88,8.41,8.84,8.49,145541,515553472.0,3.79,4.12
2013-07-09,比亚迪,002594,8.84,8.98,8.26,8.49,8.94,170070,597007088.0,4.43,-5.03
2013-07-08,比亚迪,002594,8.84,9.44,8.57,8.94,9.21,151529,552160256.0,3.94,-2.93
2013-07-05,比亚迪,002594,9.84,9.84,9.08,9.21,9.69,182267,688209680.0,4.74,-4.95
2013-07-04,比亚迪,002594,8.84,10.01,8.64,9.69,8.83,259708,982744928.0,6.76,9.74
2013-07-03,比亚迪,002594,8.54,8.98,8.26,8.83,8.57,192786,685296800.0,5.02,3.03
2013-07-02,比亚迪,002594,8.14,8.78,7.99,8.57,7.81,187463,652008416.0,4.88,9.73
2013-07-01,比亚迪,002594,6.94,7.81,6.84,7.81,6.81,143721,454158768.0,3.74,14.68
2013-06-28,比亚迪,002594,6.62,7.07,6.49,6.81,6.7,68766,205043987.0,2.0,1.64
2013-06-27,比亚迪,002594,7.15,7.25,6.52,6.7,7.08,102569,310677920.0,2.98,-5.37
2013-06-26,比亚迪,002594,6.88,7.14,6.69,7.08,6.83,116495,353382848.0,3.38,3.66
2013-06-25,比亚迪,002594,6.29,6.93,5.69,6.83,6.62,149075,432101008.0,4.33,3.17
2013-06-24,比亚迪,002594,7.61,7.61,6.62,6.62,7.71,115665,353537312.0,3.36,-14.14
2013-06-21,比亚迪,002594,7.04,7.8,6.69,7.71,7.46,120375,374956272.0,3.49,3.35
2013-06-20,比亚迪,002594,8.13,8.13,7.44,7.46,8.41,136134,446084544.0,3.95,-11.3
2013-06-19,比亚迪,002594,8.41,8.62,8.31,8.41,8.42,91472,318463056.0,2.66,-0.12
2013-06-18,比亚迪,002594,8.27,8.56,8.2,8.42,8.12,100006,346929712.0,2.9,3.69
2013-06-17,比亚迪,002594,8.01,8.51,7.84,8.12,8.01,116246,396434576.0,3.37,1.37
2013-06-14,比亚迪,002594,7.33,8.16,7.33,8.01,7.31,116210,383127152.0,3.37,9.58
2013-06-13,比亚迪,002594,7.61,7.62,6.85,7.31,7.81,96745,302828720.0,2.81,-6.4
2013-06-07,比亚迪,002594,7.87,8.08,7.59,7.81,7.98,77918,257875686.0,2.26,-2.13
2013-06-06,比亚迪,002594,7.99,8.11,7.73,7.98,7.92,105350,351526528.0,3.06,0.76
2013-06-05,比亚迪,002594,8.16,8.24,7.77,7.92,8.18,100612,336162688.0,2.92,-3.18
2013-06-04,比亚迪,002594,8.51,8.76,7.89,8.18,8.55,104998,361814352.0,3.05,-4.33
2013-06-03,比亚迪,002594,8.58,8.83,8.31,8.55,8.61,68673,242004305.0,1.99,-0.7
2013-05-31,比亚迪,002594,9.05,9.14,8.59,8.61,9.09,104421,374403440.0,3.03,-5.28
2013-05-30,比亚迪,002594,9.01,9.19,8.84,9.09,9.42,181106,660654960.0,5.26,-3.5
2013-05-29,比亚迪,002594,8.69,9.55,8.48,9.42,8.39,329076,1212347600.0,9.55,12.28
2013-05-28,比亚迪,002594,8.48,8.61,8.04,8.39,8.62,137516,475029280.0,3.99,-2.67
2013-05-27,比亚迪,002594,8.64,8.8,8.47,8.62,8.51,125832,445116656.0,3.65,1.29
2013-05-24,比亚迪,002594,8.48,8.62,8.28,8.51,8.45,107390,375091520.0,3.12,0.71
2013-05-23,比亚迪,002594,9.07,9.08,8.34,8.45,9.26,226419,800830592.0,6.57,-8.75
2013-05-22,比亚迪,002594,8.84,9.3,8.77,9.26,8.79,221871,812052496.0,6.44,5.35
2013-05-21,比亚迪,002594,8.89,9.34,8.68,8.79,8.89,178125,650549344.0,5.17,-1.12
2013-05-20,比亚迪,002594,8.76,9.13,8.61,8.89,8.98,192931,694139728.0,5.6,-1.0
2013-05-17,比亚迪,002594,9.22,9.44,8.88,8.98,9.25,210418,778123936.0,6.11,-2.92
2013-05-16,比亚迪,002594,9.07,9.35,8.83,9.25,9.08,197313,726134656.0,5.73,1.87
2013-05-15,比亚迪,002594,8.64,9.5,8.34,9.08,9.02,286839,1044143504.0,8.33,0.67
2013-05-14,比亚迪,002594,8.15,9.02,7.61,9.02,7.91,296804,1026137712.0,8.62,14.03
2013-05-13,比亚迪,002594,7.84,8.7,7.54,7.91,8.17,236417,801947488.0,6.86,-3.18
2013-05-10,比亚迪,002594,7.78,8.21,7.53,8.17,7.72,328830,1094651168.0,9.55,5.83
2013-05-09,比亚迪,002594,6.73,7.72,6.73,7.72,6.73,335712,1068622480.0,9.75,14.71
2013-05-08,比亚迪,002594,6.51,6.89,6.42,6.73,6.66,153535,451462768.0,4.46,1.05
2013-05-07,比亚迪,002594,6.58,6.96,6.42,6.66,6.45,259113,764331568.0,7.52,3.26
2013-05-06,比亚迪,002594,5.67,6.45,5.59,6.45,5.58,256017,720511888.0,7.43,15.59
2013-05-03,比亚迪,002594,5.16,5.84,5.14,5.58,5.04,145265,380915040.0,4.22,10.71
2013-05-02,比亚迪,002594,4.97,5.19,4.78,5.04,5.03,63377,155481270.0,1.84,0.2
2013-04-26,比亚迪,002594,5.1,5.21,4.96,5.03,4.78,78829,194928308.0,2.29,5.23
2013-04-25,比亚迪,002594,4.96,5.23,4.68,4.78,4.97,88541,216733074.0,2.57,-3.82
2013-04-24,比亚迪,002594,4.58,5.02,4.54,4.97,4.6,69404,167096657.0,2.01,8.04
2013-04-23,比亚迪,002594,4.81,4.84,4.56,4.6,4.81,63596,149046099.0,1.85,-4.37
2013-04-22,比亚迪,002594,4.34,4.82,4.33,4.81,4.39,82232,191601404.0,2.39,9.57
2013-04-19,比亚迪,002594,4.17,4.54,4.17,4.39,4.14,69801,157526794.0,2.03,6.04
2013-04-18,比亚迪,002594,3.86,4.17,3.84,4.14,3.92,38118,82138162.0,1.11,5.61
2013-04-17,比亚迪,002594,3.85,3.93,3.8,3.92,3.85,21857,46081494.0,0.63,1.82
2013-04-16,比亚迪,002594,3.58,3.89,3.5,3.85,3.69,28238,57905067.0,0.82,4.34
2013-04-15,比亚迪,002594,3.98,4.01,3.61,3.69,3.94,33654,69633312.0,0.98,-6.35
2013-04-12,比亚迪,002594,3.91,4.01,3.88,3.94,3.99,15690,33393971.0,0.46,-1.25
2013-04-11,比亚迪,002594,3.96,4.09,3.95,3.99,3.88,32686,70483535.0,0.95,2.84
2013-04-10,比亚迪,002594,3.98,4.1,3.85,3.88,3.99,31787,67948716.0,0.92,-2.76
2013-04-09,比亚迪,002594,3.97,4.13,3.96,3.99,3.97,28530,61438026.0,0.83,0.5
2013-04-08,比亚迪,002594,3.8,3.98,3.69,3.97,4.09,59569,124842596.0,1.73,-2.93
2013-04-03,比亚迪,002594,4.11,4.21,4.0,4.09,4.08,20249,44039284.0,0.59,0.25
2013-04-02,比亚迪,002594,4.13,4.3,4.04,4.08,4.04,35208,77364268.0,1.02,0.99
2013-04-01,比亚迪,002594,4.16,4.18,3.99,4.04,4.2,34610,74969527.0,1.0,-3.81
2013-03-29,比亚迪,002594,4.47,4.51,4.17,4.2,4.41,33413,74933461.0,0.97,-4.76
2013-03-28,比亚迪,002594,4.57,4.57,4.18,4.41,4.62,34519,78140318.0,1.0,-4.55
2013-03-27,比亚迪,002594,4.55,4.73,4.54,4.62,4.55,27340,63971266.0,0.79,1.54
2013-03-26,比亚迪,002594,4.64,4.64,4.48,4.55,4.68,30232,69854516.0,0.88,-2.78
2013-03-25,比亚迪,002594,4.85,4.89,4.63,4.68,4.64,38446,90952192.0,1.12,0.86
2013-03-22,比亚迪,002594,4.64,4.7,4.56,4.64,4.68,30955,72317963.0,0.9,-0.85
2013-03-21,比亚迪,002594,4.83,4.84,4.54,4.68,4.76,72049,169520601.0,2.09,-1.68
2013-03-20,比亚迪,002594,4.33,4.81,4.33,4.76,4.3,74418,174292109.0,2.16,10.7
2013-03-19,比亚迪,002594,4.26,4.34,4.14,4.3,4.24,33000,73195333.0,0.96,1.42
2013-03-18,比亚迪,002594,4.43,4.56,4.23,4.24,4.63,50972,114741258.0,1.48,-8.42
2013-03-15,比亚迪,002594,4.6,4.85,4.46,4.63,4.6,46011,108430219.0,1.34,0.65
2013-03-14,比亚迪,002594,4.57,4.63,4.46,4.6,4.52,38827,89720593.0,1.13,1.77
2013-03-13,比亚迪,002594,4.59,4.71,4.42,4.52,4.58,29771,68843897.0,0.86,-1.31
2013-03-12,比亚迪,002594,4.83,4.91,4.45,4.58,4.8,46400,108519545.0,1.35,-4.58
2013-03-11,比亚迪,002594,4.7,4.99,4.65,4.8,4.7,35913,86345675.0,1.04,2.13
2013-03-08,比亚迪,002594,4.86,4.96,4.64,4.7,4.77,47794,114672913.0,1.39,-1.47
2013-03-07,比亚迪,002594,5.27,5.28,4.6,4.77,5.31,105146,253934544.0,3.05,-10.17
2013-03-06,比亚迪,002594,5.37,5.44,5.21,5.31,5.38,55971,142180794.0,1.62,-1.3
2013-03-05,比亚迪,002594,5.18,5.38,5.11,5.38,5.19,46791,118145618.0,1.36,3.66
2013-03-04,比亚迪,002594,5.34,5.51,5.11,5.19,5.36,59676,151656356.0,1.73,-3.17
2013-03-01,比亚迪,002594,5.18,5.36,5.04,5.36,5.25,69118,174209887.0,2.01,2.1
2013-02-28,比亚迪,002594,5.06,5.34,5.06,5.25,5.14,52371,131770807.0,1.52,2.14
2013-02-27,比亚迪,002594,5.18,5.34,5.12,5.14,5.11,36332,91004433.0,1.05,0.59
2013-02-26,比亚迪,002594,5.18,5.41,5.11,5.11,5.24,43639,109981281.0,1.27,-2.48
2013-02-25,比亚迪,002594,5.26,5.39,5.04,5.24,5.23,42731,107210012.0,1.24,0.19
2013-02-22,比亚迪,002594,5.23,5.47,5.15,5.23,5.29,47781,120897594.0,1.39,-1.13
2013-02-21,比亚迪,002594,5.54,5.64,5.21,5.29,5.68,62814,161137059.0,1.82,-6.87
2013-02-20,比亚迪,002594,5.51,5.84,5.44,5.68,5.56,49574,131217192.0,1.44,2.16
2013-02-19,比亚迪,002594,5.84,5.91,5.49,5.56,5.9,67062,176302098.0,1.95,-5.76
2013-02-18,比亚迪,002594,5.84,6.17,5.7,5.9,5.32,110008,300089968.0,3.19,10.9
2013-02-08,比亚迪,002594,5.05,5.38,5.05,5.32,5.0,70966,178704474.0,2.06,6.4
2013-02-07,比亚迪,002594,4.84,5.0,4.82,5.0,4.82,52854,127902839.0,1.53,3.73
2013-02-06,比亚迪,002594,4.68,4.88,4.63,4.82,4.66,58696,140119628.0,1.7,3.43
2013-02-05,比亚迪,002594,4.63,4.79,4.5,4.66,4.69,39874,93119157.0,1.16,-0.64
2013-02-04,比亚迪,002594,4.88,5.04,4.64,4.69,4.71,60411,144970611.0,1.75,-0.42
2013-02-01,比亚迪,002594,4.68,4.9,4.59,4.71,4.67,55533,131748702.0,1.61,0.86
2013-01-31,比亚迪,002594,4.44,4.67,4.32,4.67,4.44,56829,130500737.0,1.65,5.18
2013-01-30,比亚迪,002594,4.35,4.48,4.28,4.44,4.35,52261,118490375.0,1.52,2.07
2013-01-29,比亚迪,002594,4.51,4.52,4.25,4.35,4.52,71541,160952010.0,2.08,-3.76
2013-01-28,比亚迪,002594,4.38,4.56,4.34,4.52,4.33,52813,120629414.0,1.53,4.39
2013-01-25,比亚迪,002594,4.35,4.51,4.31,4.33,4.32,38949,88147863.0,1.13,0.23
2013-01-24,比亚迪,002594,4.51,4.84,4.22,4.32,4.56,75246,174423943.0,2.18,-5.26
2013-01-23,比亚迪,002594,4.58,4.67,4.4,4.56,4.58,42205,96938010.0,1.23,-0.44
2013-01-22,比亚迪,002594,4.83,4.83,4.5,4.58,4.83,55273,129069386.0,1.6,-5.18
2013-01-21,比亚迪,002594,4.89,5.03,4.72,4.83,4.83,62314,149974756.0,1.81,0.0
2013-01-18,比亚迪,002594,4.27,4.93,4.27,4.83,4.27,97993,227492326.0,2.84,13.11
2013-01-17,比亚迪,002594,4.64,4.67,4.25,4.27,4.71,75522,171869846.0,2.19,-9.34
2013-01-16,比亚迪,002594,4.78,5.13,4.38,4.71,4.79,99371,236254816.0,2.88,-1.67
2013-01-15,比亚迪,002594,4.34,5.06,4.34,4.79,4.34,77385,182723749.0,2.25,10.37
2013-01-14,比亚迪,002594,3.98,4.34,3.98,4.34,4.03,54682,121378733.0,1.59,7.69
2013-01-11,比亚迪,002594,4.13,4.24,3.97,4.03,4.12,67767,146938253.0,1.97,-2.18
2013-01-10,比亚迪,002594,3.93,4.36,3.92,4.12,3.93,107497,236547021.0,3.12,4.83
2013-01-09,比亚迪,002594,3.59,4.08,3.58,3.93,3.58,92124,193045811.0,2.67,9.78
2013-01-08,比亚迪,002594,3.64,3.81,3.54,3.58,3.54,50964,103785563.0,1.48,1.13
2013-01-07,比亚迪,002594,3.51,3.68,3.47,3.54,3.51,52928,107077586.0,1.54,0.85
2013-01-04,比亚迪,002594,3.63,3.71,3.38,3.51,3.63,77213,154636023.0,2.24,-3.31
2012-12-31,比亚迪,002594,3.34,3.67,3.34,3.63,3.28,91501,183544149.0,2.66,10.67
2012-12-28,比亚迪,002594,3.16,3.37,3.13,3.28,3.16,63207,122304387.0,1.79,3.8
2012-12-27,比亚迪,002594,3.14,3.31,3.07,3.16,3.16,61031,116781510.0,1.73,0.0
2012-12-26,比亚迪,002594,3.31,3.31,3.11,3.16,3.32,68773,131028029.0,1.95,-4.82
2012-12-25,比亚迪,002594,3.3,3.42,3.18,3.32,3.29,75411,145878896.0,2.14,0.91
2012-12-24,比亚迪,002594,3.01,3.31,2.98,3.29,3.05,83075,158463731.0,2.36,7.87
2012-12-21,比亚迪,002594,3.03,3.21,2.94,3.05,3.03,66131,123927721.0,1.87,0.66
2012-12-20,比亚迪,002594,2.98,3.1,2.91,3.03,3.07,58417,107741789.0,1.66,-1.3
2012-12-19,比亚迪,002594,2.69,3.2,2.6,3.07,2.7,109700,200553760.0,3.11,13.7
2012-12-18,比亚迪,002594,2.47,2.74,2.4,2.7,2.48,104591,180866238.0,2.96,8.87
2012-12-17,比亚迪,002594,2.51,2.63,2.44,2.48,2.51,64042,109260162.0,1.82,-1.2
2012-12-14,比亚迪,002594,2.31,2.56,2.31,2.51,2.33,80375,135627419.0,2.28,7.73
2012-12-13,比亚迪,002594,2.24,2.5,2.21,2.33,2.26,50262,83635559.0,1.42,3.1
2012-12-12,比亚迪,002594,2.34,2.38,2.19,2.26,2.35,29785,48437079.0,0.84,-3.83
2012-12-11,比亚迪,002594,2.47,2.47,2.34,2.35,2.43,35783,59475956.0,1.01,-3.29
2012-12-10,比亚迪,002594,2.34,2.5,2.32,2.43,2.32,66165,110915546.0,1.88,4.74
2012-12-07,比亚迪,002594,2.18,2.35,2.18,2.32,2.18,56608,92605323.0,1.6,6.42
2012-12-06,比亚迪,002594,2.29,2.32,2.18,2.18,2.29,31792,51449257.0,0.9,-4.8
2012-12-05,比亚迪,002594,1.96,2.35,1.94,2.29,1.98,70559,113243231.0,2.0,15.66
2012-12-04,比亚迪,002594,2.0,2.02,1.84,1.98,2.0,26094,39928293.0,0.74,-1.0
2012-12-03,比亚迪,002594,1.97,2.07,1.88,2.0,1.99,34978,53883049.0,0.99,0.5
2012-11-30,比亚迪,002594,1.83,2.0,1.83,1.99,1.8,24881,38011479.0,0.71,10.56
2012-11-29,比亚迪,002594,1.86,1.96,1.78,1.8,1.86,18496,27891410.0,0.52,-3.23
2012-11-28,比亚迪,002594,1.99,1.99,1.75,1.86,2.02,38768,57991495.0,1.1,-7.92
2012-11-27,比亚迪,002594,2.13,2.16,2.01,2.02,2.13,29579,46255280.0,0.84,-5.16
2012-11-26,比亚迪,002594,2.33,2.34,2.13,2.13,2.34,25661,41531751.0,0.73,-8.97
2012-11-23,比亚迪,002594,2.27,2.41,2.25,2.34,2.27,59717,98639643.0,1.69,3.08
2012-11-22,比亚迪,002594,2.25,2.27,2.14,2.27,2.25,29972,48183933.0,0.85,0.89
2012-11-21,比亚迪,002594,2.08,2.25,2.08,2.25,2.09,43856,70438676.0,1.24,7.66
2012-11-20,比亚迪,002594,2.15,2.19,2.06,2.09,2.15,37896,59931304.0,1.07,-2.79
2012-11-19,比亚迪,002594,2.09,2.19,2.0,2.15,2.25,53322,83921635.0,1.51,-4.44
2012-11-16,比亚迪,002594,2.17,2.27,2.11,2.25,2.18,39528,63364397.0,1.12,3.21
2012-11-15,比亚迪,002594,2.26,2.27,2.11,2.18,2.26,48839,78081525.0,1.38,-3.54
2012-11-14,比亚迪,002594,2.3,2.49,2.21,2.26,2.31,70680,116664917.0,2.0,-2.16
2012-11-13,比亚迪,002594,2.48,2.54,2.3,2.31,2.53,83539,138873639.0,2.37,-8.7
2012-11-12,比亚迪,002594,2.3,2.68,2.3,2.53,2.26,168200,286375520.0,4.77,11.95
2012-11-09,比亚迪,002594,1.96,2.33,1.94,2.26,2.01,83426,133199483.0,2.37,12.44
2012-11-08,比亚迪,002594,2.21,2.24,2.01,2.01,2.28,74139,117354838.0,2.1,-11.84
2012-11-07,比亚迪,002594,2.03,2.34,1.97,2.28,2.03,111286,178165456.0,3.15,12.32
2012-11-06,比亚迪,002594,1.87,2.07,1.84,2.03,1.91,75763,117413029.0,2.15,6.28
2012-11-05,比亚迪,002594,1.76,1.94,1.75,1.91,1.75,52074,78714879.0,1.48,9.14
2012-11-02,比亚迪,002594,1.78,1.8,1.7,1.75,1.77,23950,35157035.0,0.68,-1.13
2012-11-01,比亚迪,002594,1.68,1.81,1.65,1.77,1.65,25304,37284806.0,0.72,7.27
2012-10-31,比亚迪,002594,1.56,1.68,1.51,1.65,1.57,20159,28746923.0,0.57,5.1
2012-10-30,比亚迪,002594,1.55,1.63,1.54,1.57,1.63,34966,49611437.0,0.99,-3.68
2012-10-29,比亚迪,002594,1.66,1.78,1.6,1.63,1.66,20812,30123074.0,0.59,-1.81
2012-10-26,比亚迪,002594,1.84,1.89,1.65,1.66,1.84,39486,57644772.0,1.12,-9.78
2012-10-25,比亚迪,002594,1.82,1.97,1.81,1.84,1.83,31744,48008525.0,0.9,0.55
2012-10-24,比亚迪,002594,1.88,1.9,1.81,1.83,1.9,30255,45501159.0,0.86,-3.68
2012-10-23,比亚迪,002594,1.97,2.01,1.87,1.9,1.97,36209,55244786.0,1.03,-3.55
2012-10-22,比亚迪,002594,1.99,1.99,1.93,1.97,2.01,23376,35862455.0,0.66,-1.99
2012-10-19,比亚迪,002594,1.96,2.1,1.93,2.01,1.95,53988,83945081.0,1.53,3.08
2012-10-18,比亚迪,002594,1.85,1.98,1.85,1.95,1.85,37120,56752015.0,1.05,5.41
2012-10-17,比亚迪,002594,1.84,1.89,1.8,1.85,1.84,17262,25893767.0,0.49,0.54
2012-10-16,比亚迪,002594,1.9,1.92,1.82,1.84,1.9,24305,36674952.0,0.69,-3.16
2012-10-15,比亚迪,002594,1.88,1.94,1.83,1.9,1.89,30336,45978494.0,0.86,0.53
2012-10-12,比亚迪,002594,1.85,1.97,1.76,1.89,1.87,35656,53825294.0,1.01,1.07
2012-10-11,比亚迪,002594,2.04,2.06,1.84,1.87,2.03,42704,65205186.0,1.21,-7.88
2012-10-10,比亚迪,002594,1.81,2.04,1.81,2.03,1.79,87237,134115557.0,2.47,13.41
2012-10-09,比亚迪,002594,1.61,1.83,1.61,1.79,1.61,45485,66935624.0,1.29,11.18
2012-10-08,比亚迪,002594,1.61,1.67,1.58,1.61,1.62,30042,43076767.0,0.85,-0.62
2012-09-28,比亚迪,002594,1.49,1.63,1.46,1.62,1.55,51113,72530123.0,1.45,4.52
2012-09-27,比亚迪,002594,1.59,1.62,1.35,1.55,1.51,68911,96101735.0,1.95,2.65
2012-09-26,比亚迪,002594,1.76,1.8,1.48,1.51,1.77,64932,92126752.0,1.84,-14.69
2012-09-25,比亚迪,002594,1.77,1.88,1.74,1.77,1.79,28437,42344436.0,0.81,-1.12
2012-09-24,比亚迪,002594,1.8,1.83,1.66,1.79,1.83,38455,56472493.0,1.09,-2.19
2012-09-21,比亚迪,002594,2.01,2.02,1.78,1.83,2.04,57410,86785598.0,1.63,-10.29
2012-09-20,比亚迪,002594,2.12,2.13,1.96,2.04,2.15,62782,97830429.0,1.78,-5.12
2012-09-19,比亚迪,002594,2.09,2.19,2.09,2.15,2.11,30040,47747544.0,0.85,1.9
2012-09-18,比亚迪,002594,2.31,2.31,2.08,2.11,2.33,54898,87662433.0,1.56,-9.44
2012-09-17,比亚迪,002594,2.49,2.57,2.31,2.33,2.4,88449,148793443.0,2.51,-2.92
2012-09-14,比亚迪,002594,2.34,2.43,2.25,2.4,2.29,67935,112335580.0,1.93,4.8
2012-09-13,比亚迪,002594,2.44,2.49,2.29,2.29,2.44,62319,104041399.0,1.77,-6.15
2012-09-12,比亚迪,002594,2.46,2.56,2.35,2.44,2.44,73462,123516551.0,2.08,0.0
2012-09-11,比亚迪,002594,2.37,2.51,2.26,2.44,2.4,86699,145167092.0,2.46,1.67
2012-09-10,比亚迪,002594,2.36,2.63,2.36,2.4,2.29,131594,221199828.0,3.73,4.8
2012-09-07,比亚迪,002594,2.13,2.35,2.09,2.29,2.1,141837,230452306.0,4.02,9.05
2012-09-06,比亚迪,002594,1.98,2.13,1.96,2.1,2.0,76969,120622415.0,2.18,5.0
2012-09-05,比亚迪,002594,2.01,2.11,1.95,2.0,2.04,66084,102732173.0,1.87,-1.96
2012-09-04,比亚迪,002594,2.04,2.06,1.94,2.04,2.05,89432,138351533.0,2.54,-0.49
2012-09-03,比亚迪,002594,2.06,2.17,2.03,2.05,2.06,115847,182750945.0,3.28,-0.49
2012-08-31,比亚迪,002594,2.01,2.09,1.99,2.06,2.03,82909,129438237.0,2.35,1.48
2012-08-30,比亚迪,002594,2.03,2.1,1.89,2.03,2.07,109784,170219261.0,3.11,-1.93
2012-08-29,比亚迪,002594,1.81,2.08,1.79,2.07,1.89,154392,238633669.0,4.38,9.52
2012-08-28,比亚迪,002594,1.74,1.97,1.68,1.89,1.87,84938,128090038.0,2.41,1.07
2012-08-27,比亚迪,002594,1.77,1.99,1.61,1.87,1.81,96502,143985792.0,2.74,3.31
2012-08-24,比亚迪,002594,1.88,1.91,1.78,1.81,1.89,55143,82510954.0,1.56,-4.23
2012-08-23,比亚迪,002594,1.83,1.92,1.81,1.89,1.79,60434,91057720.0,1.71,5.59
2012-08-22,比亚迪,002594,1.91,1.93,1.76,1.79,1.91,61500,92214928.0,1.74,-6.28
2012-08-21,比亚迪,002594,1.8,1.99,1.75,1.91,1.78,104419,158036031.0,2.96,7.3
2012-08-20,比亚迪,002594,1.69,1.8,1.62,1.78,1.69,57092,83525060.0,1.62,5.33
2012-08-17,比亚迪,002594,1.6,1.73,1.59,1.69,1.6,45306,65722771.0,1.28,5.63
2012-08-16,比亚迪,002594,1.64,1.68,1.58,1.6,1.65,29153,41951567.0,0.83,-3.03
2012-08-15,比亚迪,002594,1.74,1.74,1.65,1.65,1.75,31673,45996856.0,0.9,-5.71
2012-08-14,比亚迪,002594,1.7,1.8,1.59,1.75,1.75,53288,77684211.0,1.51,0.0
2012-08-13,比亚迪,002594,1.98,1.98,1.74,1.75,1.99,65281,97784940.0,1.85,-12.06
2012-08-10,比亚迪,002594,1.98,2.05,1.93,1.99,1.98,77746,119840278.0,2.2,0.51
2012-08-09,比亚迪,002594,1.83,2.06,1.74,1.98,1.85,120212,184361368.0,3.41,7.03
2012-08-08,比亚迪,002594,1.97,1.98,1.83,1.85,1.97,70481,106520768.0,2.0,-6.09
2012-08-07,比亚迪,002594,2.01,2.02,1.91,1.97,1.99,97620,149919328.0,2.77,-1.01
2012-08-06,比亚迪,002594,1.73,2.04,1.73,1.99,1.65,182926,277858224.0,5.19,20.61
2012-08-03,比亚迪,002594,1.63,1.67,1.48,1.65,1.61,66198,94384923.0,1.88,2.48
2012-08-02,比亚迪,002594,1.58,1.7,1.55,1.61,1.6,54662,78435106.0,1.55,0.63
2012-08-01,比亚迪,002594,1.5,1.68,1.48,1.6,1.58,52149,74648665.0,1.48,1.27
2012-07-31,比亚迪,002594,1.58,1.59,1.37,1.58,1.58,55478,77928812.0,1.57,0.0
2012-07-30,比亚迪,002594,1.84,1.84,1.48,1.58,1.89,132212,190590100.0,3.75,-16.4
2012-07-27,比亚迪,002594,1.96,2.0,1.76,1.89,1.94,82362,123945298.0,2.33,-2.58
2012-07-26,比亚迪,002594,2.14,2.16,1.91,1.94,2.28,109948,171077012.0,3.12,-14.91
2012-07-25,比亚迪,002594,2.47,2.48,2.25,2.28,2.46,45792,75476970.0,1.3,-7.32
2012-07-24,比亚迪,002594,2.39,2.51,2.34,2.46,2.39,26822,45168301.0,0.76,2.93
2012-07-23,比亚迪,002594,2.39,2.5,2.16,2.39,2.42,29872,49593251.0,0.85,-1.24
2012-07-20,比亚迪,002594,2.51,2.57,2.37,2.42,2.64,55341,93388467.0,1.57,-8.33
2012-07-19,比亚迪,002594,2.57,2.68,2.55,2.64,2.57,32480,56457415.0,0.92,2.72
2012-07-18,比亚迪,002594,2.5,2.59,2.43,2.57,2.5,33584,57447615.0,0.95,2.8
2012-07-17,比亚迪,002594,2.38,2.56,2.35,2.5,2.56,35745,60308257.0,1.01,-2.34
2012-07-16,比亚迪,002594,2.99,2.99,2.56,2.56,3.19,97449,170302952.0,2.76,-19.75
2012-07-13,比亚迪,002594,3.33,3.33,3.11,3.19,3.39,97914,186213959.0,2.78,-5.9
2012-07-12,比亚迪,002594,3.2,3.46,3.19,3.39,3.18,47471,91955839.0,1.35,6.6
2012-07-11,比亚迪,002594,3.21,3.36,3.03,3.18,3.2,40405,77261805.0,1.15,-0.63
2012-07-10,比亚迪,002594,3.21,3.29,3.16,3.2,3.19,33817,64719309.0,0.96,0.31
2012-07-09,比亚迪,002594,3.28,3.4,3.16,3.19,3.39,47781,91371348.0,1.35,-5.9
2012-07-06,比亚迪,002594,3.28,3.41,3.15,3.39,3.22,37028,71610144.0,1.05,5.28
2012-07-05,比亚迪,002594,3.08,3.29,3.03,3.22,3.2,32141,61046773.0,0.91,0.63
2012-07-04,比亚迪,002594,3.31,3.36,3.2,3.2,3.45,58770,113202567.0,1.67,-7.25
2012-07-03,比亚迪,002594,3.44,3.48,3.33,3.45,3.6,62131,122203002.0,1.76,-4.17
2012-07-02,比亚迪,002594,3.41,3.64,3.22,3.6,3.46,44873,88292269.0,1.27,4.05
2012-06-29,比亚迪,002594,3.63,3.63,3.06,3.46,3.64,34478,67254313.0,4.36,-4.95
2012-06-28,比亚迪,002594,3.99,4.07,3.61,3.64,3.99,29925,62411821.0,3.79,-8.77
2012-06-27,比亚迪,002594,3.92,4.1,3.92,3.99,4.04,13220,28514753.0,1.67,-1.24
2012-06-26,比亚迪,002594,4.01,4.11,3.89,4.04,4.11,17958,38505721.0,2.27,-1.7
2012-06-25,比亚迪,002594,4.39,4.39,4.11,4.11,4.42,19648,43431618.0,2.49,-7.01
2012-06-21,比亚迪,002594,4.57,4.58,4.37,4.42,4.57,18890,42904824.0,2.39,-3.28
2012-06-20,比亚迪,002594,4.58,4.69,4.52,4.57,4.58,16393,38035604.0,2.08,-0.22
2012-06-19,比亚迪,002594,4.67,4.74,4.58,4.58,4.7,20731,48380363.0,2.62,-2.55
2012-06-18,比亚迪,002594,4.62,4.9,4.61,4.7,4.55,36625,87152162.0,4.64,3.3
2012-06-15,比亚迪,002594,4.52,4.65,4.45,4.55,4.62,24297,56223234.0,3.08,-1.52
2012-06-14,比亚迪,002594,4.37,4.9,4.37,4.62,4.37,52912,124794595.0,6.7,5.72
2012-06-13,比亚迪,002594,4.29,4.4,4.24,4.37,4.3,19427,43627621.0,2.46,1.63
2012-06-12,比亚迪,002594,4.46,4.46,4.29,4.3,4.49,20288,45609619.0,2.57,-4.23
2012-06-11,比亚迪,002594,4.46,4.56,4.28,4.49,4.45,24915,56583690.0,3.15,0.9
2012-06-07,比亚迪,002594,4.65,4.68,4.43,4.45,4.57,17467,40352542.0,2.21,-2.63
2012-06-06,比亚迪,002594,4.6,4.73,4.51,4.57,4.58,17143,39938208.0,2.17,-0.22
2012-06-05,比亚迪,002594,4.78,4.81,4.51,4.58,4.73,24191,56368164.0,3.06,-3.17
2012-06-04,比亚迪,002594,4.77,4.95,4.68,4.73,4.94,32694,77772601.0,4.14,-4.25
2012-06-01,比亚迪,002594,5.06,5.06,4.84,4.94,5.04,31678,76729311.0,4.01,-1.98
2012-05-31,比亚迪,002594,5.11,5.11,4.99,5.04,5.0,47823,117811386.0,6.05,0.8
2012-05-30,比亚迪,002594,4.94,5.09,4.94,5.0,4.94,55939,137188633.0,7.08,1.21
2012-05-29,比亚迪,002594,4.75,5.08,4.44,4.94,4.76,85981,204299593.0,10.88,3.78
2012-05-28,比亚迪,002594,4.68,4.83,4.16,4.76,4.97,62823,144503737.0,7.95,-4.23
2012-05-25,比亚迪,002594,4.93,5.06,4.86,4.97,4.89,20545,49904448.0,2.6,1.64
2012-05-24,比亚迪,002594,5.11,5.18,4.87,4.89,5.11,33632,82738892.0,4.26,-4.31
2012-05-23,比亚迪,002594,5.1,5.21,5.02,5.11,5.13,32633,80804122.0,4.13,-0.39
2012-05-22,比亚迪,002594,5.04,5.13,5.04,5.13,5.04,27000,66868852.0,3.42,1.79
2012-05-21,比亚迪,002594,4.91,5.11,4.85,5.04,4.91,29951,73216637.0,3.79,2.65
2012-05-18,比亚迪,002594,5.14,5.21,4.9,4.91,5.22,37539,92469630.0,4.75,-5.94
2012-05-17,比亚迪,002594,4.92,5.29,4.92,5.22,4.89,65485,164091695.0,8.29,6.75
2012-05-16,比亚迪,002594,4.91,4.97,4.82,4.89,4.91,26989,65121131.0,3.42,-0.41
2012-05-15,比亚迪,002594,5.03,5.04,4.74,4.91,5.13,51410,123442459.0,6.51,-4.29
2012-05-14,比亚迪,002594,5.31,5.42,5.12,5.13,5.29,39069,98166519.0,4.95,-3.02
2012-05-11,比亚迪,002594,5.3,5.44,5.24,5.29,5.37,23281,59315490.0,2.95,-1.49
2012-05-10,比亚迪,002594,5.45,5.54,5.27,5.37,5.45,43666,111693182.0,5.53,-1.47
2012-05-09,比亚迪,002594,5.7,5.7,5.44,5.45,5.73,39321,102409032.0,4.98,-4.89
2012-05-08,比亚迪,002594,5.81,5.81,5.62,5.73,5.77,42471,112768729.0,5.38,-0.69
2012-05-07,比亚迪,002594,5.69,6.03,5.62,5.77,5.71,62595,169367221.0,7.92,1.05
2012-05-04,比亚迪,002594,5.64,5.75,5.63,5.71,5.62,28791,76562564.0,3.64,1.6
2012-05-03,比亚迪,002594,5.61,5.65,5.5,5.62,5.61,26711,69911790.0,3.38,0.18
2012-05-02,比亚迪,002594,5.43,5.72,5.43,5.61,5.43,46741,123018469.0,5.92,3.31
2012-04-27,比亚迪,002594,5.58,5.63,5.37,5.43,5.64,49551,128070226.0,6.27,-3.72
2012-04-26,比亚迪,002594,5.85,5.97,5.63,5.64,5.98,59030,157527944.0,7.47,-5.69
2012-04-25,比亚迪,002594,6.11,6.11,5.88,5.98,6.16,45103,123398872.0,5.71,-2.92
2012-04-24,比亚迪,002594,5.79,6.24,5.74,6.16,5.88,82789,228743903.0,10.48,4.76
2012-04-23,比亚迪,002594,6.11,6.14,5.84,5.88,6.11,56624,155304924.0,7.17,-3.76
2012-04-20,比亚迪,002594,6.24,6.28,6.01,6.11,6.44,106178,294956704.0,13.44,-5.12
2012-04-19,比亚迪,002594,7.45,7.74,6.34,6.44,7.29,198246,595122832.0,25.09,-11.66
2012-04-18,比亚迪,002594,7.01,7.39,6.94,7.29,7.06,72398,225640951.0,9.16,3.26
2012-04-17,比亚迪,002594,7.16,7.33,6.87,7.06,7.06,45713,140436173.0,5.79,0.0
2012-04-16,比亚迪,002594,7.07,7.26,6.86,7.06,7.13,43148,132559812.0,5.46,-0.98
2012-04-13,比亚迪,002594,7.28,7.38,7.08,7.13,7.31,43328,134673039.0,5.48,-2.46
2012-04-12,比亚迪,002594,6.85,7.48,6.84,7.31,7.04,74205,230078580.0,9.39,3.84
2012-04-11,比亚迪,002594,6.27,7.21,6.21,7.04,6.42,98959,299891024.0,12.53,9.66
2012-04-10,比亚迪,002594,6.24,6.45,6.01,6.42,6.31,42212,118870349.0,5.34,1.74
2012-04-09,比亚迪,002594,6.19,6.38,6.04,6.31,6.3,42903,120218312.0,5.43,0.16
2012-04-06,比亚迪,002594,6.44,6.58,6.24,6.3,6.49,67114,193116337.0,8.5,-2.93
2012-04-05,比亚迪,002594,6.24,6.54,6.05,6.49,6.28,86705,245273011.0,10.98,3.34
2012-03-30,比亚迪,002594,5.92,6.28,5.79,6.28,5.91,102459,283343136.0,12.97,6.26
2012-03-29,比亚迪,002594,5.51,5.96,5.28,5.91,5.59,80827,215625319.0,10.23,5.72
2012-03-28,比亚迪,002594,5.84,5.88,5.53,5.59,5.82,64156,171008034.0,8.12,-3.95
2012-03-27,比亚迪,002594,5.66,5.87,5.6,5.82,5.67,67032,179847330.0,8.49,2.65
2012-03-26,比亚迪,002594,5.26,5.67,5.18,5.67,5.51,51925,133654516.0,6.57,2.9
2012-03-23,比亚迪,002594,5.76,5.9,5.39,5.51,5.83,37175,98109878.0,4.71,-5.49
2012-03-22,比亚迪,002594,5.62,5.89,5.55,5.83,5.62,68658,183897267.0,8.69,3.74
2012-03-21,比亚迪,002594,5.52,5.66,5.38,5.62,5.5,34247,89134580.0,4.34,2.18
2012-03-20,比亚迪,002594,5.69,5.77,5.46,5.5,5.63,43940,115424676.0,5.56,-2.31
2012-03-19,比亚迪,002594,5.3,5.65,5.18,5.63,5.29,57589,149222472.0,7.29,6.43
2012-03-16,比亚迪,002594,5.04,5.32,5.02,5.29,5.05,36235,90642147.0,4.59,4.75
2012-03-15,比亚迪,002594,5.29,5.41,4.93,5.05,5.29,50747,125686098.0,6.42,-4.54
2012-03-14,比亚迪,002594,5.9,5.93,5.16,5.29,5.89,62835,165400158.0,7.95,-10.19
2012-03-13,比亚迪,002594,5.88,5.89,5.76,5.89,5.88,29496,79474879.0,3.73,0.17
2012-03-12,比亚迪,002594,5.97,5.97,5.81,5.88,5.97,34524,93546709.0,4.37,-1.51
2012-03-09,比亚迪,002594,5.84,6.06,5.74,5.97,5.89,51003,138429287.0,6.46,1.36
2012-03-08,比亚迪,002594,6.03,6.24,5.84,5.89,5.94,104936,289337824.0,13.28,-0.84
2012-03-07,比亚迪,002594,5.53,5.94,5.43,5.94,5.73,81430,216707817.0,10.31,3.66
2012-03-06,比亚迪,002594,5.67,5.97,5.67,5.73,5.64,72991,195776803.0,9.24,1.6
2012-03-05,比亚迪,002594,5.61,5.68,5.53,5.64,5.56,36594,96046724.0,4.63,1.44
2012-03-02,比亚迪,002594,5.43,5.56,5.43,5.56,5.42,32293,83958756.0,4.09,2.58
2012-03-01,比亚迪,002594,5.55,5.59,5.38,5.42,5.56,34152,88369088.0,4.32,-2.52
2012-02-29,比亚迪,002594,5.57,5.7,5.51,5.56,5.64,29951,78530112.0,3.79,-1.42
2012-02-28,比亚迪,002594,5.61,5.84,5.51,5.64,5.7,43356,114483216.0,5.49,-1.05
2012-02-27,比亚迪,002594,6.09,6.31,5.68,5.7,5.68,84438,231570721.0,10.69,0.35
2012-02-24,比亚迪,002594,5.71,5.74,5.51,5.68,5.68,46983,123487423.0,5.95,0.0
2012-02-23,比亚迪,002594,5.71,5.9,5.58,5.68,5.76,44276,117920673.0,5.6,-1.39
2012-02-22,比亚迪,002594,5.4,5.88,5.4,5.76,5.43,80359,214277552.0,10.17,6.08
2012-02-21,比亚迪,002594,5.28,5.46,5.28,5.43,5.38,26996,69059158.0,3.42,0.93
2012-02-20,比亚迪,002594,5.68,5.68,5.37,5.38,5.54,41224,107147841.0,5.22,-2.89
2012-02-17,比亚迪,002594,5.54,5.89,5.51,5.54,5.5,50112,132648027.0,6.34,0.73
2012-02-16,比亚迪,002594,5.54,5.68,5.45,5.5,5.61,44392,116198860.0,5.62,-1.96
2012-02-15,比亚迪,002594,5.53,5.65,5.46,5.61,5.53,44867,117460672.0,5.68,1.45
2012-02-14,比亚迪,002594,5.45,5.64,5.36,5.53,5.51,39011,101528898.0,4.94,0.36
2012-02-13,比亚迪,002594,5.44,5.68,5.34,5.51,5.5,42273,109958228.0,5.35,0.18
2012-02-10,比亚迪,002594,5.51,5.58,5.45,5.5,5.58,40725,105740243.0,5.16,-1.43
2012-02-09,比亚迪,002594,5.61,5.78,5.47,5.58,5.7,74851,196563140.0,9.47,-2.11
2012-02-08,比亚迪,002594,5.12,5.74,5.05,5.7,5.11,116559,301837520.0,14.75,11.55
2012-02-07,比亚迪,002594,4.82,5.36,4.71,5.11,4.85,71684,177178715.0,9.07,5.36
2012-02-06,比亚迪,002594,4.94,5.02,4.75,4.85,4.94,25644,61517773.0,3.25,-1.82
2012-02-03,比亚迪,002594,4.87,5.0,4.81,4.94,4.87,30822,74590175.0,3.9,1.44
2012-02-02,比亚迪,002594,4.58,4.87,4.58,4.87,4.67,27722,65966198.0,3.51,4.28
2012-02-01,比亚迪,002594,4.78,4.84,4.64,4.67,4.76,17326,41103839.0,2.19,-1.89
2012-01-31,比亚迪,002594,4.95,4.99,4.61,4.76,4.93,30486,72071839.0,3.86,-3.45
2012-01-30,比亚迪,002594,5.01,5.09,4.88,4.93,4.95,20747,50702772.0,2.63,-0.4
2012-01-20,比亚迪,002594,4.94,5.07,4.91,4.95,4.92,22150,54114390.0,2.8,0.61
2012-01-19,比亚迪,002594,5.03,5.15,4.8,4.92,5.07,33100,80692158.0,4.19,-2.96
2012-01-18,比亚迪,002594,5.27,5.44,4.95,5.07,5.28,45105,112990107.0,5.71,-3.98
2012-01-17,比亚迪,002594,4.74,5.33,4.74,5.28,4.69,57385,141487118.0,7.26,12.58
2012-01-16,比亚迪,002594,4.75,5.09,4.69,4.69,4.8,49841,120408937.0,6.31,-2.29
2012-01-13,比亚迪,002594,4.98,5.11,4.68,4.8,4.98,44988,108629768.0,5.69,-3.61
2012-01-12,比亚迪,002594,4.84,5.23,4.8,4.98,4.96,58184,143948390.0,7.37,0.4
2012-01-11,比亚迪,002594,4.68,5.48,4.66,4.96,4.76,76042,186988088.0,9.63,4.2
2012-01-10,比亚迪,002594,4.31,4.91,4.26,4.76,4.45,63688,149230089.0,8.06,6.97
2012-01-09,比亚迪,002594,4.09,4.48,3.64,4.45,4.14,47875,104956814.0,6.06,7.49
2012-01-06,比亚迪,002594,3.94,4.14,3.85,4.14,4.02,22514,48216941.0,2.85,2.99
2012-01-05,比亚迪,002594,4.18,4.35,4.01,4.02,4.32,29059,63797562.0,3.68,-6.94
2012-01-04,比亚迪,002594,4.64,4.65,4.27,4.32,4.44,40997,94161297.0,5.19,-2.7
2011-12-30,比亚迪,002594,4.31,4.44,4.26,4.44,4.26,39897,90019662.0,5.05,4.23
2011-12-29,比亚迪,002594,4.08,4.34,4.01,4.26,4.12,38408,85151959.0,4.86,3.4
2011-12-28,比亚迪,002594,3.85,4.15,3.81,4.12,4.08,30134,64545882.0,3.81,0.98
2011-12-27,比亚迪,002594,4.18,4.2,3.92,4.08,4.23,31198,67408201.0,3.95,-3.55
2011-12-26,比亚迪,002594,4.18,4.47,4.12,4.23,4.16,41861,93804455.0,5.3,1.68
2011-12-23,比亚迪,002594,4.04,4.38,4.03,4.16,4.16,37163,82163179.0,4.7,0.0
2011-12-22,比亚迪,002594,3.84,4.24,3.58,4.16,3.91,46182,97561233.0,5.85,6.39
2011-12-21,比亚迪,002594,4.45,4.5,3.9,3.91,4.37,35454,78590714.0,4.49,-10.53
2011-12-20,比亚迪,002594,4.34,4.57,4.31,4.37,4.46,43622,99402719.0,5.52,-2.02
2011-12-19,比亚迪,002594,3.97,4.56,3.81,4.46,3.99,80682,181381183.0,10.21,11.78
2011-12-16,比亚迪,002594,3.68,4.01,3.58,3.99,3.69,30494,63612934.0,3.86,8.13
2011-12-15,比亚迪,002594,4.01,4.01,3.51,3.69,4.06,31171,64718435.0,3.95,-9.11
2011-12-14,比亚迪,002594,4.18,4.34,4.04,4.06,4.19,30254,66729057.0,3.83,-3.1
2011-12-13,比亚迪,002594,4.41,4.43,4.01,4.19,4.52,33691,74647982.0,4.26,-7.3
2011-12-12,比亚迪,002594,4.51,4.98,4.51,4.52,4.38,57109,134749617.0,7.23,3.2
2011-12-09,比亚迪,002594,4.36,4.44,4.26,4.38,4.48,27342,61648747.0,3.46,-2.23
2011-12-08,比亚迪,002594,4.38,4.59,4.0,4.48,4.35,47623,106940040.0,6.03,2.99
2011-12-07,比亚迪,002594,4.27,4.37,4.18,4.35,4.27,21353,47817081.0,2.7,1.87
2011-12-06,比亚迪,002594,4.17,4.36,4.17,4.27,4.19,22643,50403461.0,2.87,1.91
2011-12-05,比亚迪,002594,4.58,4.59,4.18,4.19,4.61,28549,63877560.0,3.61,-9.11
2011-12-02,比亚迪,002594,4.78,4.87,4.53,4.61,4.81,32723,76633888.0,4.14,-4.16
2011-12-01,比亚迪,002594,4.94,5.13,4.75,4.81,4.63,49737,120475605.0,6.3,3.89
2011-11-30,比亚迪,002594,5.17,5.17,4.56,4.63,5.17,55964,134547566.0,7.08,-10.44
2011-11-29,比亚迪,002594,5.19,5.22,5.08,5.17,5.05,37960,94596184.0,4.81,2.38
2011-11-28,比亚迪,002594,5.02,5.19,4.97,5.05,5.01,31047,76715698.0,3.93,0.8
2011-11-25,比亚迪,002594,5.18,5.25,4.96,5.01,5.28,47612,117985421.0,6.03,-5.11
2011-11-24,比亚迪,002594,5.08,5.46,4.88,5.28,5.18,82081,205791031.0,10.39,1.93
2011-11-23,比亚迪,002594,5.31,5.37,5.18,5.18,5.31,47455,120153985.0,6.01,-2.45
2011-11-22,比亚迪,002594,5.11,5.32,4.95,5.31,5.33,60909,152078590.0,7.71,-0.38
2011-11-21,比亚迪,002594,5.24,5.59,5.2,5.33,5.22,73779,189062400.0,9.34,2.11
2011-11-18,比亚迪,002594,5.51,5.51,5.16,5.22,5.69,87043,220947515.0,11.02,-8.26
2011-11-17,比亚迪,002594,5.63,5.89,5.62,5.69,5.65,81370,217634490.0,10.3,0.71
2011-11-16,比亚迪,002594,5.89,5.9,5.58,5.65,6.01,120478,322319312.0,15.25,-5.99
2011-11-15,比亚迪,002594,6.01,6.23,5.68,6.01,5.39,240773,658952720.0,30.48,11.5
2011-11-14,比亚迪,002594,5.01,5.39,4.95,5.39,4.61,106507,268667952.0,13.48,16.92
2011-11-11,比亚迪,002594,4.74,4.84,4.59,4.61,4.78,49543,116849284.0,6.27,-3.56
2011-11-10,比亚迪,002594,4.78,4.86,4.69,4.78,4.98,71510,169817537.0,9.05,-4.02
2011-11-09,比亚迪,002594,4.96,5.06,4.64,4.98,4.96,68895,165665084.0,8.72,0.4
2011-11-08,比亚迪,002594,4.91,5.17,4.88,4.96,4.96,70744,174134789.0,8.95,0.0
2011-11-07,比亚迪,002594,5.11,5.11,4.81,4.96,5.19,74116,180182963.0,9.38,-4.43
2011-11-04,比亚迪,002594,5.29,5.34,5.13,5.19,5.29,77110,193524047.0,9.76,-1.89
2011-11-03,比亚迪,002594,5.31,5.37,5.16,5.29,5.45,126869,320353120.0,16.06,-2.94
2011-11-02,比亚迪,002594,5.2,5.56,5.13,5.45,5.22,181020,461834624.0,22.91,4.41
2011-11-01,比亚迪,002594,4.37,5.22,4.31,5.22,4.46,191982,468118080.0,24.3,17.04
2011-10-31,比亚迪,002594,4.15,4.58,4.15,4.46,4.09,119402,272001168.0,15.11,9.05
2011-10-28,比亚迪,002594,4.18,4.19,3.95,4.09,4.06,79810,172896218.0,10.1,0.74
2011-10-27,比亚迪,002594,3.84,4.3,3.78,4.06,3.77,121013,261296630.0,15.32,7.69
2011-10-26,比亚迪,002594,3.75,3.94,3.69,3.77,3.91,84788,176998267.0,10.73,-3.58
2011-10-25,比亚迪,002594,3.75,4.06,3.55,3.91,3.77,107218,223752474.0,13.57,3.71
2011-10-24,比亚迪,002594,3.32,3.89,3.32,3.77,3.31,114641,234132970.0,14.51,13.9
2011-10-21,比亚迪,002594,3.18,3.5,3.18,3.31,3.16,61085,119554778.0,7.73,4.75
2011-10-20,比亚迪,002594,3.21,3.3,2.95,3.16,3.31,33209,62801070.0,4.2,-4.53
2011-10-19,比亚迪,002594,3.03,3.54,2.99,3.31,3.04,64461,124724510.0,8.16,8.88
2011-10-18,比亚迪,002594,3.34,3.34,3.04,3.04,3.39,50845,95909677.0,6.44,-10.32
2011-10-17,比亚迪,002594,3.38,3.44,3.28,3.39,3.38,39250,76818559.0,4.97,0.3
2011-10-14,比亚迪,002594,3.34,3.4,3.25,3.38,3.46,63004,122617012.0,7.98,-2.31
2011-10-13,比亚迪,002594,3.01,3.6,2.93,3.46,3.04,104176,202740318.0,13.19,13.82
2011-10-12,比亚迪,002594,2.84,3.08,2.64,3.04,2.85,57690,105478569.0,7.3,6.67
2011-10-11,比亚迪,002594,3.04,3.16,2.77,2.85,2.87,55203,101359588.0,6.99,-0.7
2011-10-10,比亚迪,002594,3.28,3.34,2.84,2.87,3.28,77394,141509108.0,9.8,-12.5
2011-09-30,比亚迪,002594,3.24,3.36,3.18,3.28,3.41,54027,104445048.0,6.84,-3.81
2011-09-29,比亚迪,002594,3.51,3.7,3.34,3.41,3.63,41533,82909264.0,6.49,-6.06
2011-09-28,比亚迪,002594,3.83,3.95,3.58,3.63,3.83,78688,162621765.0,12.29,-5.22
2011-09-27,比亚迪,002594,3.26,3.88,3.24,3.83,3.24,99019,201724685.0,15.47,18.21
2011-09-26,比亚迪,002594,3.25,3.4,3.2,3.24,3.28,24209,46876229.0,3.78,-1.22
2011-09-23,比亚迪,002594,3.28,3.4,3.23,3.28,3.48,25275,48782242.0,3.95,-5.75
2011-09-22,比亚迪,002594,3.67,3.67,3.47,3.48,3.72,33515,67388145.0,5.24,-6.45
2011-09-21,比亚迪,002594,3.48,3.78,3.47,3.72,3.54,40636,82979389.0,6.35,5.08
2011-09-20,比亚迪,002594,3.25,3.64,3.24,3.54,3.39,39466,78759989.0,6.17,4.42
2011-09-19,比亚迪,002594,3.74,3.74,3.38,3.39,3.77,39875,79635510.0,6.23,-10.08
2011-09-16,比亚迪,002594,3.92,3.96,3.77,3.77,3.86,30066,62949125.0,4.7,-2.33
2011-09-15,比亚迪,002594,3.84,4.06,3.84,3.86,3.96,36669,78076319.0,5.73,-2.53
2011-09-14,比亚迪,002594,3.84,3.97,3.72,3.96,3.89,33721,71230770.0,5.27,1.8
2011-09-13,比亚迪,002594,3.88,4.0,3.68,3.89,4.36,43216,90861034.0,6.75,-10.78
2011-09-08,比亚迪,002594,4.67,4.68,4.34,4.36,4.67,37889,87172278.0,5.92,-6.64
2011-09-07,比亚迪,002594,4.48,4.8,4.48,4.67,4.45,45150,105666086.0,7.05,4.94
2011-09-06,比亚迪,002594,4.4,4.54,4.3,4.45,4.44,30110,68575715.0,4.7,0.23
2011-09-05,比亚迪,002594,4.89,4.89,4.4,4.44,4.87,39032,90812425.0,6.1,-8.83
2011-09-02,比亚迪,002594,4.84,4.93,4.72,4.87,4.88,31158,74780194.0,4.87,-0.2
2011-09-01,比亚迪,002594,5.1,5.2,4.84,4.88,5.1,47168,114918402.0,7.37,-4.31
2011-08-31,比亚迪,002594,5.4,5.4,4.95,5.1,5.42,54483,135470419.0,8.51,-5.9
2011-08-30,比亚迪,002594,5.43,5.68,5.38,5.42,5.38,54541,142259341.0,8.52,0.74
2011-08-29,比亚迪,002594,5.52,5.53,5.38,5.38,5.54,34795,89636483.0,5.44,-2.89
2011-08-26,比亚迪,002594,5.45,5.66,5.4,5.54,5.5,53237,139008104.0,8.32,0.73
2011-08-25,比亚迪,002594,5.36,5.55,5.2,5.5,5.42,60248,154614134.0,9.41,1.48
2011-08-24,比亚迪,002594,5.71,5.72,5.39,5.42,5.72,79057,205672342.0,12.35,-5.24
2011-08-23,比亚迪,002594,5.63,5.77,5.39,5.72,5.61,56652,148580317.0,8.85,1.96
2011-08-22,比亚迪,002594,5.55,5.72,5.48,5.61,5.55,34516,90872027.0,5.39,1.08
2011-08-19,比亚迪,002594,5.51,5.63,5.4,5.55,5.78,38502,100115453.0,6.02,-3.98
2011-08-18,比亚迪,002594,6.12,6.17,5.75,5.78,6.11,46994,127311203.0,7.34,-5.4
2011-08-17,比亚迪,002594,6.01,6.23,5.98,6.11,6.05,37897,105697707.0,5.92,0.99
2011-08-16,比亚迪,002594,6.28,6.28,6.01,6.05,6.33,66999,186667622.0,10.47,-4.42
2011-08-15,比亚迪,002594,5.84,6.56,5.84,6.33,5.8,116744,330605648.0,18.24,9.14
2011-08-12,比亚迪,002594,5.76,6.14,5.73,5.8,5.67,68325,186010041.0,10.68,2.29
2011-08-11,比亚迪,002594,5.19,5.69,5.19,5.67,5.66,52260,136539948.4,8.17,0.18
2011-08-10,比亚迪,002594,5.84,5.98,5.65,5.66,5.66,73566,197888411.66,11.49,0.0
2011-08-09,比亚迪,002594,5.19,5.74,4.87,5.66,5.59,89983,230757588.96,14.06,1.25
2011-08-08,比亚迪,002594,6.18,6.18,5.44,5.59,6.39,90571,243182930.57,14.15,-12.52
2011-08-05,比亚迪,002594,6.35,6.63,6.18,6.39,6.82,73093,209889849.51,11.42,-6.3
2011-08-04,比亚迪,002594,6.94,7.14,6.73,6.82,7.03,86576,259924071.07,13.53,-2.99
2011-08-03,比亚迪,002594,6.91,7.51,6.85,7.03,7.06,132820,411353363.75,20.75,-0.42
2011-08-02,比亚迪,002594,6.4,7.5,6.25,7.06,6.55,173749,524957816.66,27.15,7.79
2011-08-01,比亚迪,002594,6.2,6.7,6.18,6.55,6.23,83125,241332081.48,12.99,5.14
2011-07-29,比亚迪,002594,6.31,6.58,6.18,6.23,6.31,51225,146357835.84,8.0,-1.27
2011-07-28,比亚迪,002594,6.38,6.41,6.15,6.31,6.58,57659,163589283.23,9.01,-4.1
2011-07-27,比亚迪,002594,6.14,6.61,5.98,6.58,6.18,99176,284095006.27,15.5,6.47
2011-07-26,比亚迪,002594,6.07,6.28,5.95,6.18,6.06,54683,152789204.7,8.54,1.98
2011-07-25,比亚迪,002594,6.51,6.56,6.01,6.06,6.64,85729,242368968.45,13.4,-8.73
2011-07-22,比亚迪,002594,6.58,6.71,6.45,6.64,6.56,61437,180016380.37,9.6,1.22
2011-07-21,比亚迪,002594,6.86,6.88,6.51,6.56,6.98,100731,295566876.91,15.74,-6.02
2011-07-20,比亚迪,002594,7.01,7.26,6.87,6.98,6.86,110173,338149346.92,17.21,1.75
2011-07-19,比亚迪,002594,7.21,7.32,6.81,6.86,7.52,160857,488925108.62,25.13,-8.78
2011-07-18,比亚迪,002594,6.77,7.71,6.75,7.52,6.78,313659,976900506.29,49.01,10.91
2011-07-15,比亚迪,002594,6.78,6.9,6.55,6.78,6.84,139468,413502318.22,21.79,-0.88
2011-07-14,比亚迪,002594,7.24,7.37,6.62,6.84,7.24,193805,588273968.97,30.28,-5.52
2011-07-13,比亚迪,002594,7.12,7.28,7.02,7.24,7.35,167815,519016769.86,26.22,-1.5
2011-07-12,比亚迪,002594,7.67,7.72,7.24,7.35,7.79,180604,573997323.86,28.22,-5.65
2011-07-11,比亚迪,002594,7.78,8.05,7.68,7.79,7.87,130967,431480979.87,20.46,-1.02
2011-07-08,比亚迪,002594,7.98,8.06,7.46,7.87,8.04,175064,571756761.97,27.35,-2.11
2011-07-07,比亚迪,002594,7.88,8.17,7.7,8.04,7.98,226450,753817699.41,35.38,0.75
2011-07-06,比亚迪,002594,7.78,8.69,7.55,7.98,7.86,312967,1056613865.84,48.9,1.53
2011-07-05,比亚迪,002594,7.77,8.14,7.47,7.86,7.11,381081,1257045595.83,59.54,10.55
2011-07-04,比亚迪,002594,6.47,7.11,6.37,7.11,6.18,219646,653517902.24,34.32,15.05
2011-07-01,比亚迪,002594,5.43,6.18,5.18,6.18,5.33,335613,898679187.4,52.44,15.95
2011-06-30,比亚迪,002594,4.18,5.57,4.18,5.33,,562925,1349342268.22,87.96,87.68
