日期,股票名称,代码,开盘,最高,最低,收盘,前收盘,成交量,成交额,换手率,涨跌幅
2026-05-14,海康威视,002415,34.59,34.85,34.05,34.07,34.49,174041,600363518.6,0.19,-1.22
2026-05-13,海康威视,002415,34.5,34.69,33.79,34.49,34.56,721892,2469167517.89,0.8,-0.2
2026-05-12,海康威视,002415,35.36,35.51,34.55,34.56,35.36,790012,2755822924.45,0.87,-2.26
2026-05-11,海康威视,002415,35.8,36.86,35.17,35.36,35.55,946135,3393069491.8,1.05,-0.53
2026-05-08,海康威视,002415,35.88,35.88,35.2,35.55,35.96,576552,2043398379.1,0.64,-1.14
2026-05-07,海康威视,002415,35.92,36.45,35.56,35.96,36.04,630231,2268752402.45,0.7,-0.22
2026-05-06,海康威视,002415,36.68,37.09,35.79,36.04,36.29,930106,3381203623.04,1.03,-0.69
2026-04-30,海康威视,002415,34.75,36.84,34.57,36.29,34.81,1175309,4226180593.81,1.3,4.25
2026-04-29,海康威视,002415,34.5,35.3,34.29,34.81,34.65,585983,2036328451.37,0.65,0.46
2026-04-28,海康威视,002415,34.01,35.18,33.68,34.65,33.97,766107,2641005784.93,0.85,2.0
2026-04-27,海康威视,002415,33.55,34.39,33.51,33.97,33.6,500328,1701721545.0,0.55,1.1
2026-04-24,海康威视,002415,33.68,34.0,33.3,33.6,33.49,405259,1363939697.66,0.45,0.33
2026-04-23,海康威视,002415,33.5,34.13,33.35,33.49,33.63,496834,1674350427.23,0.55,-0.42
2026-04-22,海康威视,002415,33.56,33.95,33.41,33.63,33.73,485982,1633804245.52,0.54,-0.3
2026-04-21,海康威视,002415,34.5,34.65,33.69,33.73,34.51,729407,2473931322.63,0.81,-2.26
2026-04-20,海康威视,002415,34.81,35.29,34.4,34.51,33.13,1334411,4638404768.94,1.48,4.17
2026-04-17,海康威视,002415,33.49,33.75,32.75,33.13,33.54,798901,2654570773.16,0.88,-1.22
2026-04-16,海康威视,002415,33.29,33.59,33.05,33.54,33.2,479349,1600607706.41,0.53,1.02
2026-04-15,海康威视,002415,33.45,33.5,32.91,33.2,33.48,575623,1911958868.23,0.64,-0.84
2026-04-14,海康威视,002415,32.74,33.88,32.74,33.48,32.65,1243152,4133900017.47,1.37,2.54
2026-04-13,海康威视,002415,31.51,32.66,31.41,32.65,31.71,642490,2068425798.47,0.71,2.96
2026-04-10,海康威视,002415,30.88,32.1,30.83,31.71,30.76,622901,1966517737.01,0.69,3.09
2026-04-09,海康威视,002415,30.58,30.86,30.45,30.76,30.88,238773,731842429.18,0.26,-0.39
2026-04-08,海康威视,002415,30.55,30.98,30.44,30.88,30.2,345766,1062317913.57,0.38,2.25
2026-04-07,海康威视,002415,30.27,30.5,29.92,30.2,30.27,281594,849410644.67,0.31,-0.23
2026-04-03,海康威视,002415,30.49,30.65,30.19,30.27,30.4,196364,596933455.68,0.22,-0.43
2026-04-02,海康威视,002415,30.72,30.86,30.2,30.4,30.72,242198,737731056.67,0.27,-1.04
2026-04-01,海康威视,002415,30.75,30.84,30.52,30.72,30.42,211749,649690395.25,0.23,0.99
2026-03-31,海康威视,002415,30.35,30.68,30.26,30.42,30.53,233407,712089884.95,0.26,-0.36
2026-03-30,海康威视,002415,30.0,30.56,29.6,30.53,30.35,348653,1045696922.99,0.39,0.59
2026-03-27,海康威视,002415,30.07,30.6,30.03,30.35,30.37,197710,601179615.4,0.22,-0.07
2026-03-26,海康威视,002415,30.73,31.0,30.17,30.37,30.78,287777,881257877.44,0.32,-1.33
2026-03-25,海康威视,002415,30.28,30.83,30.21,30.78,30.28,315977,968493464.63,0.35,1.65
2026-03-24,海康威视,002415,30.38,30.48,29.56,30.28,30.01,418668,1256810298.76,0.46,0.9
2026-03-23,海康威视,002415,30.64,31.08,29.95,30.01,31.3,479521,1458279263.97,0.53,-4.12
2026-03-20,海康威视,002415,31.27,31.62,31.17,31.3,31.25,315698,991088740.72,0.35,0.16
2026-03-19,海康威视,002415,31.9,32.0,31.13,31.25,32.17,433232,1363673587.92,0.48,-2.86
2026-03-18,海康威视,002415,31.61,32.2,31.18,32.17,31.62,494308,1569298078.02,0.55,1.74
2026-03-17,海康威视,002415,31.81,32.05,31.52,31.62,31.76,348725,1109175277.65,0.39,-0.44
2026-03-16,海康威视,002415,31.92,32.04,31.63,31.76,31.94,314161,998942290.78,0.35,-0.56
2026-03-13,海康威视,002415,31.69,32.02,31.62,31.94,31.92,367074,1170137175.8,0.41,0.06
2026-03-12,海康威视,002415,31.53,31.93,31.45,31.92,31.65,345862,1095703456.81,0.38,0.85
2026-03-11,海康威视,002415,31.34,31.7,31.18,31.65,31.32,382859,1207713256.86,0.42,1.05
2026-03-10,海康威视,002415,31.3,31.37,31.05,31.32,31.16,310388,969915238.62,0.34,0.51
2026-03-09,海康威视,002415,30.61,31.19,30.44,31.16,31.07,412952,1273101780.04,0.46,0.29
2026-03-06,海康威视,002415,30.49,31.09,30.46,31.07,30.76,272439,842767524.31,0.3,1.01
2026-03-05,海康威视,002415,30.61,30.89,30.6,30.76,30.26,368056,1131908756.64,0.41,1.65
2026-03-04,海康威视,002415,30.03,30.55,29.95,30.26,30.31,427896,1294295424.88,0.47,-0.16
2026-03-03,海康威视,002415,31.18,31.28,30.25,30.31,31.16,741356,2262977957.51,0.82,-2.73
2026-03-02,海康威视,002415,31.01,31.41,30.81,31.16,31.44,484190,1508143165.4,0.54,-0.89
2026-02-27,海康威视,002415,31.4,31.45,31.14,31.44,31.56,399166,1249090104.64,0.44,-0.38
2026-02-26,海康威视,002415,31.87,31.99,31.2,31.56,31.93,657404,2068034156.16,0.73,-1.16
2026-02-25,海康威视,002415,32.32,32.51,31.85,31.93,32.34,535259,1721294072.97,0.59,-1.27
2026-02-24,海康威视,002415,32.58,32.89,32.27,32.34,32.38,381461,1240962278.63,0.42,-0.12
2026-02-13,海康威视,002415,32.4,32.7,32.2,32.38,32.49,317704,1033018334.98,0.35,-0.34
2026-02-12,海康威视,002415,32.38,32.66,32.33,32.49,32.4,381721,1241747087.66,0.42,0.28
2026-02-11,海康威视,002415,32.81,32.9,32.37,32.4,32.86,414714,1348595723.65,0.46,-1.4
2026-02-10,海康威视,002415,32.55,33.08,32.4,32.86,32.54,523966,1720479925.29,0.58,0.98
2026-02-09,海康威视,002415,32.8,32.84,32.35,32.54,32.64,509719,1656336391.84,0.56,-0.31
2026-02-06,海康威视,002415,32.3,32.71,32.26,32.64,32.5,586497,1909525722.85,0.65,0.43
2026-02-05,海康威视,002415,31.6,32.66,31.56,32.5,31.93,922449,2991347050.35,1.02,1.79
2026-02-04,海康威视,002415,31.61,31.97,31.25,31.93,31.86,477906,1512058963.77,0.53,0.22
2026-02-03,海康威视,002415,31.61,31.86,30.84,31.86,31.61,658925,2068478962.63,0.73,0.79
2026-02-02,海康威视,002415,31.3,31.81,31.23,31.61,31.33,699191,2206702949.73,0.77,0.89
2026-01-30,海康威视,002415,31.98,32.17,31.18,31.33,32.2,716842,2264810055.38,0.79,-2.7
2026-01-29,海康威视,002415,32.03,32.46,31.86,32.2,32.03,760728,2447988225.95,0.84,0.53
2026-01-28,海康威视,002415,31.96,32.32,31.83,32.03,31.9,606173,1943330057.97,0.67,0.41
2026-01-27,海康威视,002415,32.2,32.26,31.8,31.9,32.31,574297,1838612957.96,0.63,-1.27
2026-01-26,海康威视,002415,32.05,32.43,31.47,32.31,31.95,982147,3143057140.35,1.09,1.13
2026-01-23,海康威视,002415,32.09,32.43,31.92,31.95,32.09,743424,2385282978.1,0.82,-0.44
2026-01-22,海康威视,002415,32.7,32.79,32.01,32.09,32.6,858979,2772982981.53,0.95,-1.56
2026-01-21,海康威视,002415,32.03,32.99,31.81,32.6,31.14,1892094,6133973287.56,2.09,4.69
2026-01-20,海康威视,002415,31.06,31.22,30.59,31.14,31.01,553129,1706945444.19,0.61,0.42
2026-01-19,海康威视,002415,31.0,31.26,30.85,31.01,31.0,459179,1424836545.78,0.51,0.03
2026-01-16,海康威视,002415,31.42,31.47,30.75,31.0,31.29,651375,2020580354.55,0.72,-0.93
2026-01-15,海康威视,002415,31.25,31.54,31.08,31.29,31.43,556221,1739516760.42,0.61,-0.45
2026-01-14,海康威视,002415,31.02,32.0,31.02,31.43,30.87,1089643,3435757191.56,1.2,1.81
2026-01-13,海康威视,002415,31.85,31.88,30.77,30.87,31.64,899391,2803787613.0,0.99,-2.43
2026-01-12,海康威视,002415,30.5,31.86,30.48,31.64,30.26,1177043,3693297953.4,1.3,4.56
2026-01-09,海康威视,002415,29.98,30.3,29.9,30.26,30.01,466105,1404991697.0,0.52,0.83
2026-01-08,海康威视,002415,30.01,30.22,29.87,30.01,30.07,403194,1210748013.92,0.45,-0.2
2026-01-07,海康威视,002415,30.46,30.51,30.0,30.07,30.39,503242,1518569594.56,0.56,-1.05
2026-01-06,海康威视,002415,30.03,30.4,29.92,30.39,30.0,503623,1522876619.96,0.56,1.3
2026-01-05,海康威视,002415,29.88,30.12,29.87,30.0,29.84,543031,1629147314.19,0.6,0.54
2025-12-31,海康威视,002415,29.85,29.92,29.63,29.84,29.85,330214,983772804.82,0.37,-0.03
2025-12-30,海康威视,002415,29.51,29.94,29.46,29.85,29.6,270171,804085745.52,0.3,0.84
2025-12-29,海康威视,002415,29.82,29.89,29.53,29.6,29.82,305911,908336075.12,0.34,-0.74
2025-12-26,海康威视,002415,29.62,30.03,29.56,29.82,29.63,401721,1197977495.93,0.44,0.64
2025-12-25,海康威视,002415,29.34,29.67,29.3,29.63,29.33,361135,1066941016.29,0.4,1.02
2025-12-24,海康威视,002415,29.1,29.45,29.02,29.33,29.14,314941,922046480.67,0.35,0.65
2025-12-23,海康威视,002415,29.16,29.33,28.95,29.14,29.15,302355,880879442.75,0.33,-0.03
2025-12-22,海康威视,002415,29.25,29.38,29.08,29.15,29.19,339661,992189726.3,0.38,-0.14
2025-12-19,海康威视,002415,29.09,29.35,29.09,29.19,29.02,251168,734364021.22,0.28,0.59
2025-12-18,海康威视,002415,28.96,29.2,28.9,29.02,29.07,217351,632012643.82,0.24,-0.17
2025-12-17,海康威视,002415,28.69,29.19,28.65,29.07,28.69,269612,779553415.09,0.3,1.32
2025-12-16,海康威视,002415,29.0,29.02,28.61,28.69,29.02,354465,1018006502.15,0.39,-1.14
2025-12-15,海康威视,002415,29.42,29.57,29.0,29.02,29.63,434887,1271943118.71,0.48,-2.06
2025-12-12,海康威视,002415,29.4,29.69,29.13,29.63,29.4,491281,1445998276.82,0.54,0.78
2025-12-11,海康威视,002415,30.03,30.1,29.35,29.4,30.0,425618,1263635595.05,0.47,-2.0
2025-12-10,海康威视,002415,29.99,30.11,29.75,30.0,29.99,247831,740775488.35,0.27,0.03
2025-12-09,海康威视,002415,30.4,30.42,29.94,29.99,30.43,351850,1058664975.78,0.39,-1.45
2025-12-08,海康威视,002415,30.15,30.66,30.14,30.43,30.07,424773,1293161198.11,0.47,1.2
2025-12-05,海康威视,002415,30.35,30.38,29.86,30.07,30.35,397511,1193536335.67,0.44,-0.92
2025-12-04,海康威视,002415,30.3,30.55,30.24,30.35,30.34,184382,559477072.27,0.2,0.03
2025-12-03,海康威视,002415,30.49,30.55,30.23,30.34,30.52,208616,633782017.13,0.23,-0.59
2025-12-02,海康威视,002415,30.51,30.68,30.35,30.52,30.58,253690,773849369.92,0.28,-0.2
2025-12-01,海康威视,002415,30.01,30.58,29.93,30.58,30.02,423579,1285247626.84,0.47,1.87
2025-11-28,海康威视,002415,29.73,30.03,29.64,30.02,29.73,255311,761711725.08,0.28,0.98
2025-11-27,海康威视,002415,29.97,30.02,29.71,29.73,29.9,297374,888837157.01,0.33,-0.57
2025-11-26,海康威视,002415,30.02,30.08,29.85,29.9,29.99,299289,896599313.16,0.33,-0.3
2025-11-25,海康威视,002415,30.1,30.42,29.96,29.99,29.86,454322,1371641367.2,0.5,0.44
2025-11-24,海康威视,002415,29.9,30.09,29.7,29.86,29.82,406304,1214858257.84,0.45,0.13
2025-11-21,海康威视,002415,29.96,30.35,29.8,29.82,30.23,410856,1231660318.64,0.45,-1.36
2025-11-20,海康威视,002415,30.63,30.69,30.21,30.23,30.42,228812,696969113.22,0.25,-0.62
2025-11-19,海康威视,002415,30.73,30.9,30.28,30.42,30.73,284587,869432614.11,0.31,-1.01
2025-11-18,海康威视,002415,30.45,30.79,30.38,30.73,30.46,338439,1037641324.27,0.37,0.89
2025-11-17,海康威视,002415,31.2,31.28,30.46,30.46,31.31,631420,1941162272.68,0.7,-2.71
2025-11-14,海康威视,002415,31.5,31.58,31.31,31.31,31.69,364409,1145330572.42,0.4,-1.2
2025-11-13,海康威视,002415,31.4,31.95,31.36,31.69,31.43,377034,1197168604.77,0.42,0.83
2025-11-12,海康威视,002415,31.55,31.69,31.11,31.43,31.72,373169,1174338136.05,0.41,-0.91
2025-11-11,海康威视,002415,31.81,31.98,31.62,31.72,31.81,365490,1161834960.15,0.4,-0.28
2025-11-10,海康威视,002415,31.38,31.95,31.38,31.81,31.37,413663,1312089107.84,0.46,1.4
2025-11-07,海康威视,002415,31.55,31.67,31.35,31.37,31.8,396812,1249820793.72,0.44,-1.35
2025-11-06,海康威视,002415,31.7,31.95,31.6,31.8,31.5,450628,1432288356.1,0.5,0.95
2025-11-05,海康威视,002415,31.46,31.63,31.06,31.5,31.79,582252,1825640597.83,0.64,-0.91
2025-11-04,海康威视,002415,32.55,32.63,31.51,31.79,32.6,628534,2009488488.94,0.69,-2.48
2025-11-03,海康威视,002415,32.88,33.15,32.06,32.6,32.87,590340,1917342461.25,0.65,-0.82
2025-10-31,海康威视,002415,33.1,33.67,32.8,32.87,33.22,733807,2432170771.18,0.81,-1.05
2025-10-30,海康威视,002415,33.28,33.95,33.1,33.22,33.35,751046,2513012908.71,0.83,-0.39
2025-10-29,海康威视,002415,33.1,33.44,33.01,33.35,32.98,505885,1680721443.06,0.56,1.12
2025-10-28,海康威视,002415,33.55,33.74,32.95,32.98,33.9,747509,2489095789.55,0.83,-2.71
2025-10-27,海康威视,002415,33.63,34.28,33.38,33.9,33.29,947477,3206845210.82,1.05,1.83
2025-10-24,海康威视,002415,33.43,33.85,33.18,33.29,33.43,715806,2391640133.02,0.79,-0.42
2025-10-23,海康威视,002415,33.37,33.7,32.76,33.43,33.47,704130,2343588102.15,0.78,-0.12
2025-10-22,海康威视,002415,32.31,33.6,31.96,33.47,32.58,1003215,3304836689.05,1.11,2.73
2025-10-21,海康威视,002415,32.36,32.79,32.22,32.58,32.36,751995,2449246069.91,0.83,0.68
2025-10-20,海康威视,002415,33.89,34.0,32.05,32.36,33.06,1279132,4186908902.15,1.41,-2.12
2025-10-17,海康威视,002415,33.35,34.1,32.63,33.06,33.4,1161803,3857658496.57,1.28,-1.02
2025-10-16,海康威视,002415,33.21,34.22,32.8,33.4,33.37,1001571,3341044489.0,1.11,0.09
2025-10-15,海康威视,002415,33.11,33.81,32.56,33.37,33.25,1023012,3391789503.91,1.13,0.36
2025-10-14,海康威视,002415,33.52,34.78,33.05,33.25,33.36,1399432,4740161991.16,1.55,-0.33
2025-10-13,海康威视,002415,32.75,33.57,32.32,33.36,33.91,1541999,5075046931.17,1.7,-1.62
2025-10-10,海康威视,002415,33.78,34.48,33.27,33.91,33.77,1920925,6529742130.31,2.12,0.41
2025-10-09,海康威视,002415,31.4,34.27,31.4,33.77,31.12,2910955,9883137909.12,3.22,8.52
2025-09-30,海康威视,002415,30.82,31.49,30.68,31.12,30.82,785014,2470207367.4,0.87,0.97
2025-09-29,海康威视,002415,30.26,30.9,29.81,30.82,30.26,659294,2025428182.1,0.73,1.85
2025-09-26,海康威视,002415,30.79,30.94,30.16,30.26,30.84,551668,1702939762.08,0.61,-1.88
2025-09-25,海康威视,002415,30.6,31.1,30.48,30.84,30.57,764545,2388389969.55,0.85,0.88
2025-09-24,海康威视,002415,29.78,30.64,29.62,30.57,29.89,805147,2460617368.96,0.89,2.28
2025-09-23,海康威视,002415,30.01,30.26,29.48,29.89,30.01,585407,1768501191.14,0.65,-0.4
2025-09-22,海康威视,002415,30.25,30.37,29.8,30.01,30.31,560417,1704414624.51,0.62,-0.99
2025-09-19,海康威视,002415,30.52,30.66,30.26,30.31,30.52,574498,1770162061.2,0.64,-0.69
2025-09-18,海康威视,002415,30.35,31.7,30.19,30.52,30.35,1191373,3727138853.27,1.32,0.56
2025-09-17,海康威视,002415,30.47,30.56,29.98,30.35,30.47,480062,1472246994.1,0.53,-0.39
2025-09-16,海康威视,002415,30.01,30.56,29.91,30.47,30.09,521356,1599359737.81,0.58,1.26
2025-09-15,海康威视,002415,30.34,30.49,29.91,30.09,30.35,490990,1498757340.83,0.54,-0.86
2025-09-12,海康威视,002415,30.58,30.91,30.34,30.35,30.49,704978,2187807277.76,0.78,-0.46
2025-09-11,海康威视,002415,29.78,30.49,29.68,30.49,29.8,690172,2110916725.68,0.76,2.32
2025-09-10,海康威视,002415,29.9,30.3,29.55,29.8,29.78,495452,1499729560.5,0.55,0.07
2025-09-09,海康威视,002415,29.93,29.93,29.6,29.78,29.93,454187,1369352609.1,0.5,-0.5
2025-09-08,海康威视,002415,29.23,30.28,29.23,29.93,29.22,749521,2269926292.99,0.83,2.43
2025-09-05,海康威视,002415,28.9,29.26,28.59,29.22,28.9,557236,1637903223.45,0.62,1.11
2025-09-04,海康威视,002415,29.59,29.67,28.53,28.9,29.5,749056,2197851399.28,0.83,-2.03
2025-09-03,海康威视,002415,30.25,30.48,29.36,29.5,30.24,648237,1956421186.02,0.71,-2.45
2025-09-02,海康威视,002415,30.68,30.79,29.86,30.24,30.75,753069,2310385500.23,0.83,-1.66
2025-09-01,海康威视,002415,30.8,30.92,30.4,30.75,30.77,699327,2171963597.34,0.77,-0.06
2025-08-29,海康威视,002415,30.78,31.18,30.65,30.77,30.78,865002,2709144477.95,0.95,-0.03
2025-08-28,海康威视,002415,30.41,30.9,30.0,30.78,30.45,907168,2803129927.51,1.0,1.08
2025-08-27,海康威视,002415,31.15,31.87,30.42,30.45,30.88,1177366,3726441578.76,1.29,-1.39
2025-08-26,海康威视,002415,30.61,31.07,30.48,30.88,30.78,672901,2102228949.78,0.74,0.32
2025-08-25,海康威视,002415,31.08,31.15,30.41,30.78,30.69,1021059,3180160108.5,1.12,0.29
2025-08-22,海康威视,002415,29.85,30.75,29.76,30.69,29.93,998030,3073840134.2,1.09,2.54
2025-08-21,海康威视,002415,29.88,30.35,29.65,29.93,29.79,700483,2130708778.15,0.77,0.47
2025-08-20,海康威视,002415,29.4,29.79,29.21,29.79,29.46,602425,1805583307.96,0.66,1.12
2025-08-19,海康威视,002415,29.62,29.77,29.4,29.46,29.62,577845,1729825287.98,0.63,-0.54
2025-08-18,海康威视,002415,29.21,30.1,29.2,29.62,29.16,1093845,3296400496.67,1.2,1.58
2025-08-15,海康威视,002415,28.77,29.16,28.76,29.16,28.79,566379,1663746388.6,0.62,1.29
2025-08-14,海康威视,002415,29.1,29.25,28.7,28.79,29.12,573268,1685314835.48,0.63,-1.13
2025-08-13,海康威视,002415,28.9,29.25,28.83,29.12,28.85,655170,1931536929.03,0.72,0.94
2025-08-12,海康威视,002415,28.69,29.24,28.65,28.85,28.45,668916,1961048829.3,0.73,1.41
2025-08-11,海康威视,002415,28.4,28.57,28.29,28.45,28.37,493794,1424360683.14,0.54,0.28
2025-08-08,海康威视,002415,28.8,28.83,28.36,28.37,28.75,512567,1479854187.56,0.56,-1.32
2025-08-07,海康威视,002415,28.91,29.38,28.7,28.75,28.88,656133,1923263399.7,0.72,-0.45
2025-08-06,海康威视,002415,28.9,29.28,28.81,28.88,28.93,799404,2351431325.44,0.88,-0.17
2025-08-05,海康威视,002415,28.26,28.99,28.26,28.93,28.17,1076301,3133436709.17,1.18,2.7
2025-08-04,海康威视,002415,28.35,28.75,27.97,28.17,28.71,1141282,3266338733.26,1.25,-1.88
2025-08-01,海康威视,002415,27.86,29.16,27.7,28.71,27.7,1305644,3793419996.79,1.43,3.65
2025-07-31,海康威视,002415,28.04,28.07,27.6,27.7,28.09,542431,1530864325.35,0.6,-1.39
2025-07-30,海康威视,002415,28.15,28.29,27.85,28.09,28.16,483652,1378418518.15,0.53,-0.25
2025-07-29,海康威视,002415,28.1,28.19,27.84,28.16,28.19,443797,1261139262.84,0.49,-0.11
2025-07-28,海康威视,002415,28.35,28.42,28.06,28.19,28.26,464196,1328452395.2,0.51,-0.25
2025-07-25,海康威视,002415,28.32,28.42,28.19,28.26,28.24,386553,1108600549.33,0.42,0.07
2025-07-24,海康威视,002415,27.85,28.24,27.82,28.24,27.87,486126,1383918300.14,0.53,1.33
2025-07-23,海康威视,002415,28.01,28.4,27.8,27.87,28.0,657323,1873084917.51,0.72,-0.46
2025-07-22,海康威视,002415,27.73,28.1,27.62,28.0,27.74,636593,1798929052.14,0.7,0.94
2025-07-21,海康威视,002415,27.68,27.89,27.61,27.74,27.61,445394,1251130075.36,0.49,0.47
2025-07-18,海康威视,002415,27.59,27.76,27.52,27.61,27.54,429856,1205792652.88,0.47,0.25
2025-07-17,海康威视,002415,27.32,27.58,27.25,27.54,27.32,448502,1248362421.22,0.49,0.81
2025-07-16,海康威视,002415,27.41,27.45,27.28,27.32,27.53,366518,1017030735.36,0.4,-0.76
2025-07-15,海康威视,002415,27.36,27.55,27.23,27.53,27.36,462288,1284598500.65,0.51,0.62
2025-07-14,海康威视,002415,27.5,27.52,27.32,27.36,27.5,286367,795812812.94,0.31,-0.51
2025-07-11,海康威视,002415,27.39,27.65,27.39,27.5,27.38,489184,1366329581.42,0.54,0.44
2025-07-10,海康威视,002415,27.26,27.46,27.15,27.38,27.28,304835,844228428.0,0.33,0.37
2025-07-09,海康威视,002415,27.23,27.37,27.15,27.28,27.22,326503,903779820.93,0.36,0.22
2025-07-08,海康威视,002415,27.04,27.25,27.04,27.22,27.03,256150,706339653.9,0.28,0.7
2025-07-07,海康威视,002415,27.22,27.22,27.0,27.03,27.21,229587,629863850.35,0.25,-0.66
2025-07-04,海康威视,002415,27.32,27.4,27.19,27.21,27.31,299226,828603656.46,0.33,-0.37
2025-07-03,海康威视,002415,27.09,27.36,27.06,27.31,27.11,326892,905049835.34,0.36,0.74
2025-07-02,海康威视,002415,27.1,27.17,26.98,27.11,27.13,212872,584614298.29,0.23,-0.07
2025-07-01,海康威视,002415,27.2,27.23,26.98,27.13,27.33,328065,901660674.81,0.36,-0.73
2025-06-30,海康威视,002415,26.63,27.38,26.63,27.33,27.24,442301,1215035054.15,0.49,0.33
2025-06-27,海康威视,002415,27.19,27.44,27.16,27.24,27.19,282154,780884763.3,0.31,0.18
2025-06-26,海康威视,002415,27.4,27.58,27.14,27.19,27.41,314808,871626806.87,0.35,-0.8
2025-06-25,海康威视,002415,27.25,27.42,27.13,27.41,27.21,320566,887219822.31,0.35,0.74
2025-06-24,海康威视,002415,26.98,27.24,26.91,27.21,26.92,281276,774094086.48,0.31,1.08
2025-06-23,海康威视,002415,26.65,26.95,26.62,26.92,26.86,198879,540488460.19,0.22,0.22
2025-06-20,海康威视,002415,26.93,27.04,26.84,26.86,27.05,208001,568151398.87,0.23,-0.7
2025-06-19,海康威视,002415,27.18,27.22,26.9,27.05,27.25,305405,837238377.5,0.34,-0.73
2025-06-18,海康威视,002415,27.22,27.26,27.05,27.25,27.22,185746,512527937.66,0.2,0.11
2025-06-17,海康威视,002415,27.11,27.26,27.04,27.22,27.19,205254,566029532.96,0.23,0.11
2025-06-16,海康威视,002415,27.22,27.37,27.01,27.19,27.36,456678,1258522078.76,0.5,-0.62
2025-06-13,海康威视,002415,27.51,27.54,27.29,27.36,27.59,376609,1045624845.73,0.41,-0.83
2025-06-12,海康威视,002415,27.69,27.69,27.41,27.59,27.72,383732,1071476921.68,0.42,-0.47
2025-06-11,海康威视,002415,27.73,27.88,27.64,27.72,27.73,332891,936562782.44,0.37,-0.04
2025-06-10,海康威视,002415,28.05,28.06,27.57,27.73,28.05,393118,1106474618.06,0.43,-1.14
2025-06-09,海康威视,002415,28.17,28.25,27.95,28.05,28.15,363016,1033706098.9,0.4,-0.36
2025-06-06,海康威视,002415,28.15,28.25,27.91,28.15,28.08,232926,663638201.26,0.26,0.25
2025-06-05,海康威视,002415,27.89,28.13,27.8,28.08,27.85,265595,753867583.08,0.29,0.83
2025-06-04,海康威视,002415,27.68,27.89,27.65,27.85,27.64,200058,564200164.42,0.22,0.76
2025-06-03,海康威视,002415,27.64,27.79,27.53,27.64,27.73,215928,605673851.33,0.24,-0.32
2025-05-30,海康威视,002415,27.79,27.82,27.65,27.73,27.88,152289,428402303.04,0.17,-0.54
2025-05-29,海康威视,002415,27.67,27.94,27.61,27.88,27.61,236107,666452365.17,0.26,0.98
2025-05-28,海康威视,002415,27.7,27.78,27.6,27.61,27.71,161162,452466041.68,0.18,-0.36
2025-05-27,海康威视,002415,27.75,27.78,27.56,27.71,27.84,185945,521531860.57,0.2,-0.47
2025-05-26,海康威视,002415,27.78,27.87,27.64,27.84,27.78,189369,532483962.74,0.21,0.22
2025-05-23,海康威视,002415,27.89,27.99,27.72,27.78,27.91,237553,671120232.69,0.26,-0.47
2025-05-22,海康威视,002415,28.0,28.06,27.82,27.91,28.08,193578,548167945.55,0.21,-0.61
2025-05-21,海康威视,002415,27.78,28.26,27.71,28.08,27.78,303614,861690464.53,0.33,1.08
2025-05-20,海康威视,002415,27.7,27.8,27.5,27.78,27.67,258778,726235946.32,0.28,0.4
2025-05-19,海康威视,002415,27.71,27.76,27.51,27.67,27.7,194152,557555180.16,0.21,-0.11
2025-05-16,海康威视,002415,27.6,27.76,27.45,27.7,27.69,169305,486869068.79,0.19,0.04
2025-05-15,海康威视,002415,27.88,27.88,27.63,27.69,27.91,200996,578986284.91,0.22,-0.79
2025-05-14,海康威视,002415,27.73,27.98,27.6,27.91,27.72,318259,919245155.69,0.35,0.69
2025-05-13,海康威视,002415,28.17,28.19,27.63,27.72,27.84,311527,901057998.57,0.34,-0.43
2025-05-12,海康威视,002415,27.69,27.85,27.55,27.84,27.55,342352,987151433.49,0.38,1.05
2025-05-09,海康威视,002415,27.82,27.82,27.44,27.55,27.82,221948,636217185.25,0.24,-0.97
2025-05-08,海康威视,002415,27.58,27.9,27.57,27.82,27.74,263582,762003275.98,0.29,0.29
2025-05-07,海康威视,002415,27.95,28.17,27.54,27.74,27.73,345008,996400272.49,0.38,0.04
2025-05-06,海康威视,002415,27.25,27.73,27.2,27.73,27.11,388268,1110450579.87,0.43,2.29
2025-04-30,海康威视,002415,27.05,27.21,27.0,27.11,27.04,231297,652806908.45,0.25,0.26
2025-04-29,海康威视,002415,26.96,27.1,26.82,27.04,26.96,178708,502173920.4,0.2,0.3
2025-04-28,海康威视,002415,27.08,27.14,26.92,26.96,27.08,263723,741662946.17,0.29,-0.44
2025-04-25,海康威视,002415,27.22,27.23,27.03,27.08,27.23,333327,940056713.97,0.37,-0.55
2025-04-24,海康威视,002415,27.42,27.51,27.08,27.23,27.38,326178,924434717.8,0.36,-0.55
2025-04-23,海康威视,002415,27.53,27.59,27.28,27.38,27.39,307322,875683138.11,0.34,-0.04
2025-04-22,海康威视,002415,27.7,27.79,27.25,27.39,27.78,322237,920091094.02,0.35,-1.4
2025-04-21,海康威视,002415,27.48,28.27,27.35,27.78,27.27,428671,1240657671.81,0.47,1.87
2025-04-18,海康威视,002415,27.1,27.29,26.92,27.27,27.11,208472,587956611.12,0.23,0.59
2025-04-17,海康威视,002415,27.1,27.25,27.05,27.11,27.26,273242,771904146.53,0.3,-0.55
2025-04-16,海康威视,002415,27.41,27.41,26.91,27.26,27.48,307634,867674332.77,0.34,-0.8
2025-04-15,海康威视,002415,27.6,27.65,27.21,27.48,27.6,239012,679860098.52,0.26,-0.43
2025-04-14,海康威视,002415,27.7,27.95,27.56,27.6,27.4,305306,879383110.15,0.34,0.73
2025-04-11,海康威视,002415,27.5,27.72,27.09,27.4,27.73,419223,1194632598.98,0.46,-1.19
2025-04-10,海康威视,002415,27.32,27.87,27.15,27.73,27.07,492102,1412761968.78,0.54,2.44
2025-04-09,海康威视,002415,26.89,27.2,26.53,27.07,26.99,652885,1829621887.84,0.72,0.3
2025-04-08,海康威视,002415,26.85,27.56,26.43,26.99,26.79,574018,1607649749.26,0.63,0.75
2025-04-07,海康威视,002415,27.5,27.69,25.96,26.79,28.81,740912,2080174825.49,0.81,-7.01
2025-04-03,海康威视,002415,29.02,29.18,28.7,28.81,29.23,319971,958766000.09,0.35,-1.44
2025-04-02,海康威视,002415,29.39,29.4,29.11,29.23,29.36,227390,689268727.53,0.25,-0.44
2025-04-01,海康威视,002415,29.62,29.66,29.11,29.36,29.6,326592,995154265.15,0.36,-0.81
2025-03-31,海康威视,002415,29.8,29.99,29.04,29.6,29.87,352168,1074925784.72,0.39,-0.9
2025-03-28,海康威视,002415,29.97,30.07,29.85,29.87,29.98,143849,446367995.35,0.16,-0.37
2025-03-27,海康威视,002415,29.9,30.23,29.72,29.98,29.9,228978,712614508.92,0.25,0.27
2025-03-26,海康威视,002415,30.31,30.32,29.81,29.9,30.14,228278,709255664.34,0.25,-0.8
2025-03-25,海康威视,002415,30.31,30.4,30.07,30.14,30.31,170583,534154783.93,0.19,-0.56
2025-03-24,海康威视,002415,30.24,30.59,29.86,30.31,30.23,272458,853325085.85,0.3,0.26
2025-03-21,海康威视,002415,30.75,30.84,30.16,30.23,30.79,355063,1118983882.67,0.39,-1.82
2025-03-20,海康威视,002415,32.21,32.28,30.7,30.79,32.2,717862,2318088758.04,0.79,-4.38
2025-03-19,海康威视,002415,32.27,32.5,32.01,32.2,32.27,267416,892369832.75,0.29,-0.22
2025-03-18,海康威视,002415,32.55,32.76,32.1,32.27,32.25,337288,1131126681.21,0.37,0.06
2025-03-17,海康威视,002415,32.18,32.45,32.04,32.25,32.25,342187,1142088880.67,0.38,0.0
2025-03-14,海康威视,002415,31.86,32.28,31.78,32.25,32.06,459028,1521541840.68,0.5,0.59
2025-03-13,海康威视,002415,32.0,32.58,31.68,32.06,32.18,391959,1299112200.76,0.43,-0.37
2025-03-12,海康威视,002415,32.07,32.54,31.9,32.18,32.03,408676,1363500369.24,0.45,0.47
2025-03-11,海康威视,002415,32.06,32.37,31.7,32.03,32.53,513788,1698320829.66,0.56,-1.54
2025-03-10,海康威视,002415,32.29,32.69,31.61,32.53,32.46,663769,2208007667.96,0.73,0.22
2025-03-07,海康威视,002415,31.97,32.97,31.88,32.46,32.5,1029249,3451111466.39,1.13,-0.12
2025-03-06,海康威视,002415,30.19,32.66,30.15,32.5,30.06,1792938,5881985950.83,1.97,8.12
2025-03-05,海康威视,002415,29.7,30.19,29.66,30.06,29.75,369645,1145942744.71,0.41,1.04
2025-03-04,海康威视,002415,29.33,29.85,29.2,29.75,29.42,391544,1205393872.72,0.43,1.12
2025-03-03,海康威视,002415,29.09,29.72,29.09,29.42,29.04,353727,1080968524.1,0.39,1.31
2025-02-28,海康威视,002415,29.84,30.02,29.0,29.04,29.85,429248,1311411080.55,0.47,-2.71
2025-02-27,海康威视,002415,30.07,30.3,29.44,29.85,30.11,483799,1497388766.63,0.53,-0.86
2025-02-26,海康威视,002415,30.0,30.19,29.73,30.11,30.0,494811,1534882050.34,0.54,0.37
2025-02-25,海康威视,002415,30.36,30.36,29.75,30.0,30.75,743264,2315056405.03,0.82,-2.44
2025-02-24,海康威视,002415,31.06,31.69,30.55,30.75,31.59,1103666,3547916721.43,1.21,-2.66
2025-02-21,海康威视,002415,31.0,31.67,30.98,31.59,30.99,640663,2081999872.19,0.7,1.94
2025-02-20,海康威视,002415,31.09,31.67,30.88,30.99,31.15,394611,1272685901.53,0.43,-0.51
2025-02-19,海康威视,002415,30.9,31.22,30.61,31.15,31.0,514035,1648753114.5,0.56,0.48
2025-02-18,海康威视,002415,30.46,31.57,30.32,31.0,30.48,1053079,3400549816.19,1.16,1.71
2025-02-17,海康威视,002415,30.78,30.8,30.3,30.48,30.44,452273,1429731248.33,0.5,0.13
2025-02-14,海康威视,002415,29.38,30.75,29.3,30.44,29.39,683746,2136041243.83,0.75,3.57
2025-02-13,海康威视,002415,29.8,29.8,29.2,29.39,29.81,452335,1384001654.09,0.5,-1.41
2025-02-12,海康威视,002415,30.11,30.11,29.5,29.81,30.12,552004,1700023221.85,0.61,-1.03
2025-02-11,海康威视,002415,30.0,30.48,29.79,30.12,29.95,589687,1847552660.85,0.65,0.57
2025-02-10,海康威视,002415,29.78,30.15,29.57,29.95,29.78,553157,1715151422.4,0.61,0.57
2025-02-07,海康威视,002415,29.27,29.92,29.25,29.78,29.27,812889,2499200984.19,0.89,1.74
2025-02-06,海康威视,002415,28.8,29.35,28.56,29.27,28.9,562969,1696165829.69,0.62,1.28
2025-02-05,海康威视,002415,28.45,29.1,28.18,28.9,27.93,704038,2104193842.53,0.77,3.47
2025-01-27,海康威视,002415,28.03,28.15,27.83,27.93,27.92,268623,780936490.46,0.3,0.04
2025-01-24,海康威视,002415,27.4,27.97,27.35,27.92,27.53,373733,1078910142.2,0.41,1.42
2025-01-23,海康威视,002415,27.65,27.84,27.31,27.53,27.36,351262,1006360881.28,0.39,0.62
2025-01-22,海康威视,002415,27.29,27.48,26.93,27.36,27.29,325267,921169918.56,0.36,0.26
2025-01-21,海康威视,002415,27.31,27.37,27.1,27.29,27.18,229567,650598904.86,0.25,0.4
2025-01-20,海康威视,002415,27.27,27.44,27.12,27.18,27.1,301355,854751256.48,0.33,0.3
2025-01-17,海康威视,002415,26.92,27.27,26.8,27.1,27.03,215102,605876403.62,0.24,0.26
2025-01-16,海康威视,002415,27.04,27.36,26.85,27.03,27.0,275257,776562238.56,0.3,0.11
2025-01-15,海康威视,002415,27.27,27.27,26.8,27.0,27.26,327651,918633364.19,0.36,-0.95
2025-01-14,海康威视,002415,26.62,27.27,26.46,27.26,26.57,493002,1387307111.11,0.54,2.6
2025-01-13,海康威视,002415,26.49,27.0,26.41,26.57,26.7,264246,732285442.24,0.29,-0.49
2025-01-10,海康威视,002415,27.02,27.16,26.7,26.7,27.03,211258,592830952.47,0.23,-1.22
2025-01-09,海康威视,002415,26.9,27.31,26.78,27.03,26.99,282786,797075235.24,0.31,0.15
2025-01-08,海康威视,002415,27.26,27.27,26.43,26.99,27.31,390032,1088411639.8,0.43,-1.17
2025-01-07,海康威视,002415,27.23,27.37,27.1,27.31,27.22,293223,831108845.13,0.32,0.33
2025-01-06,海康威视,002415,27.74,27.79,27.1,27.22,27.73,389216,1108551659.35,0.43,-1.84
2025-01-03,海康威视,002415,28.56,28.68,27.6,27.73,28.5,429863,1253604683.61,0.47,-2.7
2025-01-02,海康威视,002415,29.48,29.48,28.31,28.5,29.6,489232,1463495011.76,0.54,-3.72
2024-12-31,海康威视,002415,29.95,29.97,29.26,29.6,29.92,511077,1566706226.41,0.56,-1.07
2024-12-30,海康威视,002415,29.85,30.11,29.8,29.92,29.96,288680,897020001.04,0.32,-0.13
2024-12-27,海康威视,002415,30.5,30.54,29.9,29.96,30.4,345618,1079996955.08,0.38,-1.45
2024-12-26,海康威视,002415,30.22,30.41,29.81,30.4,30.15,503498,1578220424.49,0.55,0.83
2024-12-25,海康威视,002415,29.7,30.29,29.56,30.15,29.64,532228,1656411489.9,0.58,1.72
2024-12-24,海康威视,002415,29.6,29.98,29.37,29.64,29.62,413838,1274467040.56,0.45,0.07
2024-12-23,海康威视,002415,29.78,29.99,29.5,29.62,29.78,391766,1209473303.15,0.43,-0.54
2024-12-20,海康威视,002415,29.91,29.97,29.65,29.78,29.94,312762,966377287.57,0.34,-0.53
2024-12-19,海康威视,002415,29.51,30.0,29.43,29.94,29.9,301415,930938607.8,0.33,0.13
2024-12-18,海康威视,002415,29.71,30.15,29.69,29.9,29.4,407450,1264497592.78,0.45,1.7
2024-12-17,海康威视,002415,29.3,29.74,29.16,29.4,29.3,327590,1002591633.87,0.36,0.34
2024-12-16,海康威视,002415,29.81,29.98,29.08,29.3,29.71,399771,1216719192.36,0.44,-1.38
2024-12-13,海康威视,002415,30.31,30.31,29.7,29.71,30.48,540361,1676811144.39,0.59,-2.53
2024-12-12,海康威视,002415,30.42,30.55,30.2,30.48,30.41,379419,1194004057.61,0.42,0.23
2024-12-11,海康威视,002415,30.87,31.0,30.25,30.41,30.87,476081,1505249970.49,0.52,-1.49
2024-12-10,海康威视,002415,31.77,31.86,30.83,30.87,30.17,1080024,3500129892.03,1.19,2.32
2024-12-09,海康威视,002415,29.55,30.67,29.36,30.17,29.54,707477,2216839036.52,0.78,2.13
2024-12-06,海康威视,002415,28.8,29.55,28.8,29.54,28.62,560277,1699146508.0,0.62,3.21
2024-12-05,海康威视,002415,28.57,28.68,28.35,28.62,28.57,255385,756445571.08,0.28,0.18
2024-12-04,海康威视,002415,28.84,28.85,28.53,28.57,28.89,266565,793373602.16,0.29,-1.11
2024-12-03,海康威视,002415,29.01,29.1,28.7,28.89,29.13,319601,956358652.89,0.35,-0.82
2024-12-02,海康威视,002415,28.9,29.2,28.81,29.13,28.98,451052,1358858325.31,0.5,0.52
2024-11-29,海康威视,002415,28.81,29.16,28.54,28.98,28.7,282653,848316007.77,0.31,0.98
2024-11-28,海康威视,002415,28.9,29.05,28.65,28.7,28.92,252513,755396034.62,0.28,-0.76
2024-11-27,海康威视,002415,28.41,28.92,28.35,28.92,28.49,280959,837838461.08,0.31,1.51
2024-11-26,海康威视,002415,28.5,28.77,28.44,28.49,28.49,181484,538592251.73,0.2,0.0
2024-11-25,海康威视,002415,28.91,28.97,28.28,28.49,28.92,327553,973550786.36,0.36,-1.49
2024-11-22,海康威视,002415,29.78,29.85,28.9,28.92,29.79,375540,1143837510.78,0.41,-2.92
2024-11-21,海康威视,002415,30.01,30.01,29.62,29.79,30.0,257343,795014851.2,0.28,-0.7
2024-11-20,海康威视,002415,29.95,30.18,29.78,30.0,29.99,273774,850623954.73,0.3,0.03
2024-11-19,海康威视,002415,29.62,30.04,29.34,29.99,29.62,386985,1194992641.22,0.42,1.25
2024-11-18,海康威视,002415,30.5,30.61,29.51,29.62,30.3,566350,1754034811.76,0.62,-2.24
2024-11-15,海康威视,002415,30.53,31.18,30.3,30.3,30.53,498724,1587994393.82,0.55,-0.75
2024-11-14,海康威视,002415,31.33,31.6,30.45,30.53,31.32,512331,1647396165.3,0.56,-2.52
2024-11-13,海康威视,002415,30.97,31.48,30.7,31.32,31.07,597571,1931136199.81,0.66,0.8
2024-11-12,海康威视,002415,31.9,31.9,30.9,31.07,31.78,733160,2384609381.56,0.81,-2.23
2024-11-11,海康威视,002415,30.38,32.1,30.08,31.78,30.5,1080826,3512640391.43,1.19,4.2
2024-11-08,海康威视,002415,30.91,31.26,30.34,30.5,30.73,714886,2278947032.37,0.79,-0.75
2024-11-07,海康威视,002415,29.9,30.75,29.71,30.73,30.15,646359,2032670272.19,0.71,1.92
2024-11-06,海康威视,002415,30.32,30.52,29.9,30.15,30.32,762275,2387311872.07,0.84,-0.56
2024-11-05,海康威视,002415,29.9,30.49,29.62,30.32,29.9,790511,2466094555.28,0.87,1.4
2024-11-04,海康威视,002415,29.03,29.9,28.92,29.9,29.02,652972,2006933905.02,0.72,3.03
2024-11-01,海康威视,002415,28.82,29.2,28.65,29.02,29.01,468641,1408295656.4,0.51,0.03
2024-10-31,海康威视,002415,28.89,29.2,28.26,29.01,28.91,564802,1690490290.47,0.62,0.35
2024-10-30,海康威视,002415,29.23,29.25,28.7,28.91,29.44,565877,1699960413.87,0.62,-1.8
2024-10-29,海康威视,002415,29.52,29.78,29.2,29.44,29.51,577099,1762534692.19,0.63,-0.24
2024-10-28,海康威视,002415,29.39,29.51,29.0,29.51,29.85,757095,2295201652.61,0.83,-1.14
2024-10-25,海康威视,002415,29.56,30.0,29.27,29.85,29.56,637222,1960951041.51,0.7,0.98
2024-10-24,海康威视,002415,29.64,29.7,29.25,29.56,29.8,520313,1592052169.3,0.57,-0.81
2024-10-23,海康威视,002415,29.75,30.05,29.51,29.8,29.74,712447,2202560817.81,0.78,0.2
2024-10-22,海康威视,002415,29.6,29.89,28.91,29.74,29.63,825399,2527713713.62,0.91,0.37
2024-10-21,海康威视,002415,29.7,30.39,28.91,29.63,27.77,2188494,6743963243.71,2.4,6.7
2024-10-18,海康威视,002415,26.8,28.55,26.62,27.77,26.89,999984,2854837627.43,1.1,3.27
2024-10-17,海康威视,002415,27.36,27.56,26.87,26.89,27.18,696249,1973198333.86,0.76,-1.07
2024-10-16,海康威视,002415,27.76,27.9,26.98,27.18,28.21,875208,2491709057.81,0.96,-3.65
2024-10-15,海康威视,002415,29.34,29.85,28.18,28.21,29.32,886973,2667339896.56,0.97,-3.79
2024-10-14,海康威视,002415,28.53,29.65,28.41,29.32,28.53,1096891,3326150655.26,1.2,2.77
2024-10-11,海康威视,002415,30.08,30.11,28.15,28.53,30.27,891878,2692718942.3,0.98,-5.75
2024-10-10,海康威视,002415,30.16,31.09,30.0,30.27,30.4,790535,2501204595.76,0.87,-0.43
2024-10-09,海康威视,002415,32.2,32.2,30.36,30.4,32.73,1189689,3814098800.35,1.31,-7.12
2024-10-08,海康威视,002415,34.42,34.42,31.2,32.73,31.19,2274300,7700155092.9,2.5,4.94
2024-09-30,海康威视,002415,29.92,31.22,29.5,31.19,28.59,1426073,4514701467.78,1.57,9.09
2024-09-27,海康威视,002415,27.9,29.14,27.89,28.59,27.12,1054625,3120097176.98,1.16,5.42
2024-09-26,海康威视,002415,25.81,27.12,25.8,27.12,25.81,619064,1712999961.27,0.68,5.08
2024-09-25,海康威视,002415,25.48,26.5,25.48,25.81,25.07,665837,1805529123.26,0.73,2.95
2024-09-24,海康威视,002415,24.4,25.07,24.24,25.07,24.25,409033,1057848635.05,0.45,3.38
2024-09-23,海康威视,002415,24.23,24.46,24.16,24.25,24.24,176577,448645675.01,0.19,0.04
2024-09-20,海康威视,002415,24.1,24.28,23.83,24.24,24.07,242693,611454564.05,0.27,0.71
2024-09-19,海康威视,002415,24.12,24.33,23.73,24.07,24.03,273412,687930250.18,0.3,0.17
2024-09-18,海康威视,002415,24.0,24.07,23.61,24.03,23.98,201371,501801908.44,0.22,0.21
2024-09-13,海康威视,002415,24.17,24.29,23.93,23.98,24.17,171472,431545375.0,0.19,-0.79
2024-09-12,海康威视,002415,24.64,24.85,24.16,24.17,24.63,199981,510785343.25,0.22,-1.87
2024-09-11,海康威视,002415,24.58,24.75,24.42,24.63,24.75,162024,415753503.93,0.18,-0.48
2024-09-10,海康威视,002415,24.29,24.77,23.93,24.75,24.23,280469,716034178.0,0.31,2.15
2024-09-09,海康威视,002415,25.01,25.02,24.21,24.23,25.05,330155,846010010.09,0.36,-3.27
2024-09-06,海康威视,002415,25.36,25.43,25.03,25.05,25.38,140628,369666348.2,0.15,-1.3
2024-09-05,海康威视,002415,25.45,25.5,25.26,25.38,25.44,187408,495888059.51,0.21,-0.24
2024-09-04,海康威视,002415,25.2,25.55,25.11,25.44,25.3,184831,490039917.83,0.2,0.55
2024-09-03,海康威视,002415,24.98,25.37,24.96,25.3,25.07,197814,521179362.34,0.22,0.92
2024-09-02,海康威视,002415,25.53,25.55,25.07,25.07,25.62,218001,574749063.82,0.24,-2.15
2024-08-30,海康威视,002415,25.05,25.85,24.94,25.62,25.07,371371,987425519.37,0.41,2.19
2024-08-29,海康威视,002415,25.04,25.21,24.91,25.07,25.1,195710,512835144.65,0.21,-0.12
2024-08-28,海康威视,002415,24.98,25.19,24.93,25.1,25.04,123991,324455857.56,0.14,0.24
2024-08-27,海康威视,002415,25.21,25.24,24.9,25.04,25.28,153665,400844449.78,0.17,-0.95
2024-08-26,海康威视,002415,25.58,25.59,25.03,25.28,25.45,200204,527743980.18,0.22,-0.67
2024-08-23,海康威视,002415,25.08,25.5,25.02,25.45,25.12,172015,454244271.59,0.19,1.31
2024-08-22,海康威视,002415,25.44,25.49,25.08,25.12,25.43,169285,446284445.78,0.19,-1.22
2024-08-21,海康威视,002415,25.34,25.58,25.3,25.43,25.34,177212,470852289.29,0.19,0.36
2024-08-20,海康威视,002415,25.6,25.65,25.1,25.34,25.61,332087,876669439.98,0.36,-1.05
2024-08-19,海康威视,002415,25.73,26.05,25.42,25.61,26.44,610220,1632420399.32,0.67,-3.14
2024-08-16,海康威视,002415,26.35,26.62,26.32,26.44,26.35,222362,612659097.0,0.24,0.34
2024-08-15,海康威视,002415,26.06,26.44,26.01,26.35,26.15,195196,534989976.72,0.21,0.76
2024-08-14,海康威视,002415,26.03,26.26,25.94,26.15,26.05,164620,448447828.74,0.18,0.38
2024-08-13,海康威视,002415,26.07,26.15,25.9,26.05,26.03,180813,490007743.48,0.2,0.08
2024-08-12,海康威视,002415,26.0,26.13,25.94,26.03,26.1,163721,443982372.7,0.18,-0.27
2024-08-09,海康威视,002415,26.49,26.64,26.04,26.1,26.49,218030,597075594.79,0.24,-1.47
2024-08-08,海康威视,002415,26.32,26.51,25.76,26.49,26.42,364182,993045138.4,0.4,0.26
2024-08-07,海康威视,002415,26.6,26.7,26.24,26.42,26.63,265708,731549366.76,0.29,-0.79
2024-08-06,海康威视,002415,26.6,26.8,26.44,26.63,26.43,257511,712425213.01,0.28,0.76
2024-08-05,海康威视,002415,27.12,27.34,26.37,26.43,27.28,461210,1284586049.76,0.51,-3.12
2024-08-02,海康威视,002415,27.41,27.64,27.26,27.28,27.67,289399,824830396.05,0.32,-1.41
2024-08-01,海康威视,002415,27.98,28.08,27.56,27.67,27.97,315119,908522134.07,0.35,-1.07
2024-07-31,海康威视,002415,27.4,28.11,27.23,27.97,27.57,449685,1298984791.09,0.49,1.45
2024-07-30,海康威视,002415,27.99,27.99,27.1,27.57,28.01,359028,1021902891.35,0.39,-1.57
2024-07-29,海康威视,002415,28.45,28.49,27.91,28.01,28.45,187007,545809975.41,0.21,-1.55
2024-07-26,海康威视,002415,28.2,28.46,28.01,28.45,28.2,187788,551120913.09,0.21,0.89
2024-07-25,海康威视,002415,28.1,28.23,27.82,28.2,28.22,183613,534964279.45,0.2,-0.07
2024-07-24,海康威视,002415,28.45,28.54,27.87,28.22,28.48,215102,628996831.43,0.24,-0.91
2024-07-23,海康威视,002415,29.15,29.2,28.48,28.48,29.27,227201,677818406.26,0.25,-2.7
2024-07-22,海康威视,002415,29.22,29.44,29.0,29.27,29.2,188283,572049208.85,0.21,0.24
2024-07-19,海康威视,002415,28.92,29.28,28.76,29.2,28.92,210241,634847645.6,0.23,0.97
2024-07-18,海康威视,002415,29.05,29.05,28.52,28.92,29.18,212389,635014118.36,0.23,-0.89
2024-07-17,海康威视,002415,29.14,29.38,28.88,29.18,29.15,188167,569135297.59,0.21,0.1
2024-07-16,海康威视,002415,28.88,29.2,28.72,29.15,28.93,186670,563135439.6,0.2,0.76
2024-07-15,海康威视,002415,28.88,29.04,28.65,28.93,28.93,135822,407068314.59,0.15,0.0
2024-07-12,海康威视,002415,29.05,29.05,28.65,28.93,29.0,173734,521112282.13,0.19,-0.24
2024-07-11,海康威视,002415,28.72,29.2,28.5,29.0,28.32,289079,868321777.18,0.32,2.4
2024-07-10,海康威视,002415,28.24,28.62,28.02,28.32,28.31,208487,614645701.74,0.23,0.04
2024-07-09,海康威视,002415,28.1,28.33,27.76,28.31,28.23,290273,845499744.78,0.32,0.28
2024-07-08,海康威视,002415,28.73,28.85,27.9,28.23,28.73,214069,627815332.16,0.24,-1.74
2024-07-05,海康威视,002415,28.56,28.76,28.25,28.73,28.65,156550,463627825.32,0.17,0.28
2024-07-04,海康威视,002415,29.06,29.43,28.5,28.65,29.07,239819,717446233.13,0.26,-1.44
2024-07-03,海康威视,002415,29.05,29.2,28.76,29.07,29.02,185850,559389452.93,0.2,0.17
2024-07-02,海康威视,002415,29.71,29.87,28.93,29.02,29.71,306422,929680366.19,0.34,-2.32
2024-07-01,海康威视,002415,29.83,29.86,29.31,29.71,29.81,160453,491852575.38,0.18,-0.34
2024-06-28,海康威视,002415,29.57,29.98,29.51,29.81,29.61,181627,560939351.13,0.2,0.68
2024-06-27,海康威视,002415,29.95,29.96,29.4,29.61,29.94,180629,555156433.16,0.2,-1.1
2024-06-26,海康威视,002415,29.9,30.04,29.55,29.94,29.82,217687,672897548.32,0.24,0.4
2024-06-25,海康威视,002415,30.32,30.51,29.61,29.82,30.32,210119,653158374.63,0.23,-1.65
2024-06-24,海康威视,002415,30.69,30.69,30.17,30.32,30.75,209074,657643649.06,0.23,-1.4
2024-06-21,海康威视,002415,30.42,30.8,30.33,30.75,30.55,136140,431623302.06,0.15,0.65
2024-06-20,海康威视,002415,31.02,31.13,30.21,30.55,31.13,302426,955747893.13,0.33,-1.86
2024-06-19,海康威视,002415,31.45,31.49,31.13,31.13,31.36,133568,432066271.66,0.15,-0.73
2024-06-18,海康威视,002415,31.13,31.49,30.98,31.36,31.1,166685,540384965.18,0.18,0.84
2024-06-17,海康威视,002415,31.66,32.19,30.97,31.1,31.83,351692,1145805809.52,0.39,-2.29
2024-06-14,海康威视,002415,31.3,32.0,31.22,31.83,31.38,222064,728399141.85,0.24,1.43
2024-06-13,海康威视,002415,31.69,31.71,30.82,31.38,31.78,343521,1111201246.48,0.38,-1.26
2024-06-12,海康威视,002415,32.31,32.6,31.75,31.78,32.4,285472,948089324.49,0.31,-1.91
2024-06-11,海康威视,002415,31.82,32.43,31.8,32.4,32.02,209564,696760268.62,0.23,1.19
2024-06-07,海康威视,002415,32.02,32.5,31.69,32.02,32.02,243998,810105306.8,0.27,0.0
2024-06-06,海康威视,002415,32.2,32.48,31.85,32.02,32.32,212835,705690801.09,0.23,-0.93
2024-06-05,海康威视,002415,31.9,32.54,31.87,32.32,31.85,337711,1128144692.79,0.37,1.48
2024-06-04,海康威视,002415,31.45,32.4,31.44,31.85,31.56,259617,858967388.51,0.29,0.92
2024-06-03,海康威视,002415,31.62,31.67,31.25,31.56,31.51,179986,585710448.04,0.2,0.16
2024-05-31,海康威视,002415,31.6,31.69,31.46,31.51,31.56,150474,491718849.37,0.17,-0.16
2024-05-30,海康威视,002415,31.45,31.7,31.24,31.56,31.6,140112,457153960.15,0.15,-0.13
2024-05-29,海康威视,002415,31.49,31.69,31.38,31.6,31.49,154515,505011004.57,0.17,0.35
2024-05-28,海康威视,002415,31.38,31.72,31.21,31.49,31.48,137925,449751728.73,0.15,0.03
2024-05-27,海康威视,002415,31.38,31.5,30.72,31.48,31.38,253465,816259578.23,0.28,0.32
2024-05-24,海康威视,002415,31.36,31.65,31.26,31.38,31.38,171170,557705552.95,0.19,0.0
2024-05-23,海康威视,002415,31.86,32.25,31.26,31.38,31.93,206130,673749610.74,0.23,-1.72
2024-05-22,海康威视,002415,31.62,32.04,31.62,31.93,31.82,156926,517806009.13,0.17,0.35
2024-05-21,海康威视,002415,32.1,32.17,31.65,31.82,31.88,249133,823212410.37,0.27,-0.19
2024-05-20,海康威视,002415,31.69,32.34,31.64,31.88,31.69,298027,1011146519.19,0.33,0.6
2024-05-17,海康威视,002415,31.1,31.69,31.0,31.69,31.09,214622,716731578.6,0.24,1.93
2024-05-16,海康威视,002415,31.32,31.42,30.99,31.09,31.21,231438,766753285.2,0.25,-0.38
2024-05-15,海康威视,002415,31.53,31.8,31.2,31.21,31.53,210766,707232817.12,0.23,-1.01
2024-05-14,海康威视,002415,31.22,31.68,31.19,31.53,31.22,241352,807010164.43,0.26,0.99
2024-05-13,海康威视,002415,31.06,31.39,30.67,31.22,31.17,221327,732160710.12,0.24,0.16
2024-05-10,海康威视,002415,31.07,31.45,30.91,31.17,31.05,283422,940821086.34,0.31,0.39
2024-05-09,海康威视,002415,30.73,31.17,30.71,31.05,30.74,218767,722651634.83,0.24,1.01
2024-05-08,海康威视,002415,31.64,31.64,30.73,30.74,31.63,422879,1396203859.22,0.46,-2.81
2024-05-07,海康威视,002415,31.67,31.85,31.55,31.63,31.76,225354,759423628.85,0.25,-0.41
2024-05-06,海康威视,002415,31.51,31.87,31.4,31.76,31.11,445451,1499389027.87,0.49,2.09
2024-04-30,海康威视,002415,31.24,31.24,30.93,31.11,31.26,236633,783068878.34,0.26,-0.48
2024-04-29,海康威视,002415,30.86,31.41,30.56,31.26,30.87,489537,1622842754.06,0.54,1.26
2024-04-26,海康威视,002415,30.52,30.92,30.45,30.87,30.64,466844,1528425988.7,0.51,0.75
2024-04-25,海康威视,002415,30.38,30.67,30.08,30.64,30.51,318441,1030645134.32,0.35,0.43
2024-04-24,海康威视,002415,30.53,30.61,30.07,30.51,30.6,309600,1002023702.56,0.34,-0.29
2024-04-23,海康威视,002415,30.9,30.97,30.3,30.6,30.85,346462,1125912657.68,0.38,-0.81
2024-04-22,海康威视,002415,29.7,31.1,29.67,30.85,30.1,627859,2053586165.6,0.69,2.49
2024-04-19,海康威视,002415,29.86,30.19,29.41,30.1,29.97,334379,1064415313.25,0.37,0.43
2024-04-18,海康威视,002415,30.01,30.32,29.8,29.97,30.11,366002,1174964271.8,0.4,-0.46
2024-04-17,海康威视,002415,29.62,30.14,29.1,30.11,29.56,397382,1263569084.14,0.44,1.86
2024-04-16,海康威视,002415,29.15,30.08,29.03,29.56,29.19,486558,1542460470.94,0.53,1.27
2024-04-15,海康威视,002415,28.63,29.46,28.63,29.19,28.92,308070,961643584.05,0.34,0.93
2024-04-12,海康威视,002415,29.4,29.47,28.85,28.92,29.24,249327,775707174.0,0.27,-1.09
2024-04-11,海康威视,002415,29.06,29.46,28.92,29.24,29.18,207557,648617906.04,0.23,0.21
2024-04-10,海康威视,002415,29.84,29.84,29.07,29.18,29.84,263664,826806665.66,0.29,-2.21
2024-04-09,海康威视,002415,29.58,29.94,29.31,29.84,29.6,256287,810828362.47,0.28,0.81
2024-04-08,海康威视,002415,29.76,29.9,29.53,29.6,29.78,227591,721381303.89,0.25,-0.6
2024-04-03,海康威视,002415,30.19,30.25,29.58,29.78,30.19,343147,1091570268.23,0.38,-1.36
2024-04-02,海康威视,002415,30.96,30.98,30.05,30.19,30.85,346442,1122457555.2,0.38,-2.14
2024-04-01,海康威视,002415,30.21,31.0,30.21,30.85,30.16,394809,1294665670.02,0.43,2.29
2024-03-29,海康威视,002415,30.42,30.69,30.0,30.16,30.55,295148,951453044.88,0.32,-1.28
2024-03-28,海康威视,002415,30.31,30.92,30.18,30.55,30.45,280732,913308087.86,0.31,0.33
2024-03-27,海康威视,002415,30.35,30.8,30.03,30.45,30.35,299124,973593189.42,0.33,0.33
2024-03-26,海康威视,002415,30.3,30.55,30.02,30.35,30.65,274264,885220718.23,0.3,-0.98
2024-03-25,海康威视,002415,30.7,31.45,30.51,30.65,30.73,297496,980130893.09,0.33,-0.26
2024-03-22,海康威视,002415,31.3,31.3,30.61,30.73,31.36,357877,1174244097.42,0.39,-2.01
2024-03-21,海康威视,002415,31.5,31.62,31.26,31.36,31.47,300981,1006108465.89,0.33,-0.35
2024-03-20,海康威视,002415,31.2,31.48,31.11,31.47,31.32,325440,1084146682.09,0.36,0.48
2024-03-19,海康威视,002415,31.4,31.57,31.21,31.32,31.51,330921,1104319651.3,0.36,-0.6
2024-03-18,海康威视,002415,31.38,31.52,31.06,31.51,31.26,403869,1342789699.77,0.44,0.8
2024-03-15,海康威视,002415,31.44,31.44,30.95,31.26,31.47,413389,1367763681.51,0.45,-0.67
2024-03-14,海康威视,002415,31.88,32.12,31.33,31.47,32.01,328459,1106884354.81,0.36,-1.69
2024-03-13,海康威视,002415,32.34,32.63,31.98,32.01,32.35,353514,1212384404.78,0.39,-1.05
2024-03-12,海康威视,002415,32.21,32.43,31.85,32.35,32.2,403847,1379150861.06,0.44,0.47
2024-03-11,海康威视,002415,31.74,32.3,31.6,32.2,31.93,347382,1180884368.68,0.38,0.85
2024-03-08,海康威视,002415,31.99,32.17,31.36,31.93,31.95,335910,1134157901.61,0.37,-0.06
2024-03-07,海康威视,002415,32.35,32.67,31.75,31.95,32.42,372159,1271517493.85,0.41,-1.45
2024-03-06,海康威视,002415,33.0,33.0,32.33,32.42,33.52,522810,1806324419.51,0.57,-3.28
2024-03-05,海康威视,002415,32.78,34.8,32.51,33.52,33.0,694961,2478546621.6,0.76,1.58
2024-03-04,海康威视,002415,33.69,34.1,32.63,33.0,33.68,517399,1817574718.19,0.57,-2.02
2024-03-01,海康威视,002415,32.93,33.87,32.73,33.68,32.95,470802,1670943779.68,0.52,2.22
2024-02-29,海康威视,002415,32.26,33.12,32.2,32.95,32.5,347575,1208384377.37,0.38,1.38
2024-02-28,海康威视,002415,33.05,33.63,32.5,32.5,32.95,423925,1487752585.99,0.47,-1.37
2024-02-27,海康威视,002415,32.11,32.95,31.85,32.95,32.29,385887,1329490554.07,0.42,2.04
2024-02-26,海康威视,002415,32.57,32.82,32.25,32.29,32.59,272814,941116695.16,0.3,-0.92
2024-02-23,海康威视,002415,32.38,32.64,32.0,32.59,32.32,278107,954374008.12,0.31,0.84
2024-02-22,海康威视,002415,32.24,32.66,32.11,32.32,31.98,262065,900734021.66,0.29,1.06
2024-02-21,海康威视,002415,31.61,32.48,31.51,31.98,31.91,321610,1096765759.81,0.35,0.22
2024-02-20,海康威视,002415,31.43,32.05,31.29,31.91,31.8,262659,885972732.49,0.29,0.35
2024-02-19,海康威视,002415,32.61,32.8,31.5,31.8,31.65,378765,1290757135.09,0.42,0.47
2024-02-08,海康威视,002415,31.5,31.99,31.02,31.65,30.93,414607,1397333087.26,0.46,2.33
2024-02-07,海康威视,002415,30.58,31.35,30.26,30.93,30.55,376516,1243565591.66,0.41,1.24
2024-02-06,海康威视,002415,28.8,30.8,28.72,30.55,29.1,417534,1340638403.83,0.46,4.98
2024-02-05,海康威视,002415,28.66,29.6,28.27,29.1,29.08,377249,1170458613.2,0.41,0.07
2024-02-02,海康威视,002415,29.87,30.2,27.82,29.08,29.88,335162,1041445949.03,0.37,-2.68
2024-02-01,海康威视,002415,29.75,30.2,29.16,29.88,29.92,256941,816353786.44,0.28,-0.13
2024-01-31,海康威视,002415,29.65,30.15,28.86,29.92,29.82,308749,976900404.44,0.34,0.34
2024-01-30,海康威视,002415,29.97,30.7,29.8,29.82,29.5,388196,1249025389.32,0.43,1.08
2024-01-29,海康威视,002415,29.88,30.12,29.46,29.5,29.7,185241,586931527.76,0.2,-0.67
2024-01-26,海康威视,002415,30.08,30.24,29.5,29.7,30.06,256807,818356192.71,0.28,-1.2
2024-01-25,海康威视,002415,29.38,30.18,29.19,30.06,29.38,277308,884704559.73,0.3,2.31
2024-01-24,海康威视,002415,28.71,29.38,28.18,29.38,28.74,267174,821964669.59,0.29,2.23
2024-01-23,海康威视,002415,28.89,29.09,28.11,28.74,28.89,330313,1009871427.33,0.36,-0.52
2024-01-22,海康威视,002415,29.65,29.78,28.64,28.89,29.68,314734,985293957.75,0.35,-2.66
2024-01-19,海康威视,002415,29.5,29.92,29.4,29.68,29.63,276198,874132260.48,0.3,0.17
2024-01-18,海康威视,002415,28.66,29.9,28.41,29.63,28.98,432608,1343406436.62,0.47,2.24
2024-01-17,海康威视,002415,28.83,29.24,28.75,28.98,28.67,359275,1113438307.35,0.39,1.08
2024-01-16,海康威视,002415,28.47,28.7,28.18,28.67,28.5,227740,695748353.19,0.25,0.6
2024-01-15,海康威视,002415,28.5,28.63,28.15,28.5,28.43,288362,876401002.5,0.32,0.25
2024-01-12,海康威视,002415,28.73,28.93,28.36,28.43,28.86,290265,886807429.13,0.32,-1.49
2024-01-11,海康威视,002415,28.35,29.2,28.21,28.86,28.35,324031,998882370.91,0.36,1.8
2024-01-10,海康威视,002415,28.93,28.99,28.2,28.35,29.15,292050,889987096.43,0.32,-2.74
2024-01-09,海康威视,002415,29.66,29.68,28.42,29.15,29.68,413645,1276313395.44,0.45,-1.79
2024-01-08,海康威视,002415,30.42,30.42,29.3,29.68,30.43,303620,961036038.22,0.33,-2.46
2024-01-05,海康威视,002415,30.36,30.94,30.14,30.43,30.58,234766,763550814.94,0.26,-0.49
2024-01-04,海康威视,002415,31.0,31.02,30.04,30.58,31.06,340313,1103184842.07,0.37,-1.55
2024-01-03,海康威视,002415,31.48,31.7,30.82,31.06,31.77,304836,1008315315.07,0.33,-2.23
2024-01-02,海康威视,002415,32.68,32.68,31.25,31.77,32.72,384246,1290363710.41,0.42,-2.9
2023-12-29,海康威视,002415,31.81,32.75,31.69,32.72,31.85,332343,1141916799.6,0.36,2.73
2023-12-28,海康威视,002415,30.94,32.03,30.79,31.85,30.94,294559,993731280.16,0.32,2.94
2023-12-27,海康威视,002415,30.76,31.07,30.7,30.94,30.8,167172,550386201.93,0.18,0.45
2023-12-26,海康威视,002415,30.94,31.03,30.71,30.8,30.94,163093,535699789.83,0.18,-0.45
2023-12-25,海康威视,002415,30.59,31.13,30.51,30.94,30.7,163162,536725200.12,0.18,0.78
2023-12-22,海康威视,002415,30.79,30.88,30.4,30.7,30.88,194133,633053523.46,0.21,-0.58
2023-12-21,海康威视,002415,30.67,31.08,30.61,30.88,30.8,178766,586256347.23,0.2,0.26
2023-12-20,海康威视,002415,31.31,31.42,30.72,30.8,31.32,156263,517117205.46,0.17,-1.66
2023-12-19,海康威视,002415,31.02,31.32,30.8,31.32,31.14,131522,435108898.62,0.14,0.58
2023-12-18,海康威视,002415,31.17,31.71,30.89,31.14,31.31,126942,422959126.25,0.14,-0.54
2023-12-15,海康威视,002415,31.32,31.58,31.11,31.31,31.32,113719,378807164.25,0.12,-0.03
2023-12-14,海康威视,002415,31.6,31.76,31.25,31.32,31.5,137704,460738649.05,0.15,-0.57
2023-12-13,海康威视,002415,31.98,32.02,31.4,31.5,32.02,178588,602268360.45,0.2,-1.62
2023-12-12,海康威视,002415,32.01,32.15,31.51,32.02,32.18,248031,838023430.36,0.27,-0.5
2023-12-11,海康威视,002415,30.67,32.25,30.51,32.18,30.65,412224,1378790831.82,0.45,4.99
2023-12-08,海康威视,002415,31.1,31.52,30.65,30.65,31.09,428556,1413581351.3,0.47,-1.42
2023-12-07,海康威视,002415,31.6,31.62,31.0,31.09,31.6,247689,821678041.25,0.27,-1.61
2023-12-06,海康威视,002415,31.77,32.05,31.35,31.6,31.8,170697,575107192.8,0.19,-0.63
2023-12-05,海康威视,002415,32.45,32.88,31.78,31.8,32.9,224489,766527950.34,0.25,-3.34
2023-12-04,海康威视,002415,33.6,33.99,32.88,32.9,33.5,198810,701561720.17,0.22,-1.79
2023-12-01,海康威视,002415,32.84,33.5,32.5,33.5,32.79,202543,709156816.57,0.22,2.17
2023-11-30,海康威视,002415,32.83,33.08,32.67,32.79,33.02,130609,455240320.06,0.14,-0.7
2023-11-29,海康威视,002415,33.28,33.44,32.88,33.02,33.28,124957,438948208.72,0.14,-0.78
2023-11-28,海康威视,002415,33.18,33.49,33.11,33.28,33.28,123269,434855887.38,0.14,0.0
2023-11-27,海康威视,002415,33.81,33.82,33.1,33.28,33.81,174932,617485196.6,0.19,-1.57
2023-11-24,海康威视,002415,34.3,34.35,33.56,33.81,33.85,150740,540096403.94,0.17,-0.12
2023-11-23,海康威视,002415,33.55,33.95,33.21,33.85,33.55,128442,458138372.11,0.14,0.89
2023-11-22,海康威视,002415,33.88,33.97,33.31,33.55,33.87,125945,448657017.4,0.14,-0.94
2023-11-21,海康威视,002415,33.83,34.36,33.72,33.87,33.79,175027,629365166.83,0.19,0.24
2023-11-20,海康威视,002415,33.7,34.06,33.47,33.79,33.71,179573,642473510.01,0.2,0.24
2023-11-17,海康威视,002415,33.95,34.28,33.62,33.71,34.0,198332,710774917.44,0.22,-0.85
2023-11-16,海康威视,002415,34.5,34.79,34.0,34.0,34.65,171762,622176914.2,0.19,-1.88
2023-11-15,海康威视,002415,34.95,35.14,34.21,34.65,34.49,191412,700813389.35,0.21,0.46
2023-11-14,海康威视,002415,35.16,35.43,34.45,34.49,35.24,234207,862896531.26,0.26,-2.13
2023-11-13,海康威视,002415,35.25,35.58,34.91,35.24,35.18,184447,688325089.48,0.2,0.17
2023-11-10,海康威视,002415,34.9,35.5,34.6,35.18,35.07,175802,652796921.98,0.19,0.31
2023-11-09,海康威视,002415,35.16,35.75,34.83,35.07,35.22,244293,908363661.76,0.27,-0.43
2023-11-08,海康威视,002415,34.67,35.53,34.59,35.22,34.86,255360,950399744.89,0.28,1.03
2023-11-07,海康威视,002415,34.89,35.31,34.64,34.86,34.93,253424,937293013.11,0.28,-0.2
2023-11-06,海康威视,002415,33.9,35.16,33.9,34.93,33.81,345642,1267792730.53,0.38,3.31
2023-11-03,海康威视,002415,34.0,34.31,33.76,33.81,33.87,164708,592987815.65,0.18,-0.18
2023-11-02,海康威视,002415,34.13,34.42,33.83,33.87,34.17,145799,525630240.59,0.16,-0.88
2023-11-01,海康威视,002415,34.49,34.59,33.9,34.17,34.45,207965,751491005.52,0.23,-0.81
2023-10-31,海康威视,002415,34.55,34.68,33.99,34.45,34.56,224206,813131573.67,0.25,-0.32
2023-10-30,海康威视,002415,33.83,35.0,33.59,34.56,33.9,364811,1331858046.2,0.4,1.95
2023-10-27,海康威视,002415,33.29,34.29,33.05,33.9,33.34,344520,1235553455.96,0.38,1.68
2023-10-26,海康威视,002415,33.0,33.4,32.76,33.34,33.27,246674,866354490.13,0.27,0.21
2023-10-25,海康威视,002415,32.8,33.69,32.72,33.27,31.87,447794,1580201713.11,0.49,4.39
2023-10-24,海康威视,002415,31.72,32.0,31.02,31.87,31.8,285297,958465642.68,0.31,0.22
2023-10-23,海康威视,002415,31.6,32.21,31.1,31.8,30.69,382144,1286515998.16,0.42,3.62
2023-10-20,海康威视,002415,31.16,31.3,30.58,30.69,31.24,147115,482503594.91,0.16,-1.76
2023-10-19,海康威视,002415,31.59,31.78,31.21,31.24,31.69,132760,444941714.4,0.15,-1.42
2023-10-18,海康威视,002415,31.93,32.04,31.6,31.69,31.94,125515,423439088.35,0.14,-0.78
2023-10-17,海康威视,002415,31.95,32.37,31.73,31.94,31.77,145755,496243214.29,0.16,0.54
2023-10-16,海康威视,002415,32.36,32.36,31.66,31.77,32.41,148581,502713702.8,0.16,-1.97
2023-10-13,海康威视,002415,32.44,32.7,32.1,32.41,32.6,162492,559055880.3,0.18,-0.58
2023-10-12,海康威视,002415,32.35,32.7,32.08,32.6,32.18,210843,727319830.11,0.23,1.31
2023-10-11,海康威视,002415,31.81,32.35,31.81,32.18,31.81,180791,618047197.18,0.2,1.16
2023-10-10,海康威视,002415,32.22,32.27,31.67,31.81,32.01,164097,557254078.97,0.18,-0.62
2023-10-09,海康威视,002415,31.79,32.15,31.18,32.01,31.8,218527,738476479.17,0.24,0.66
2023-09-28,海康威视,002415,31.45,31.87,31.38,31.8,31.45,194514,655828498.06,0.21,1.11
2023-09-27,海康威视,002415,31.29,31.51,31.02,31.45,31.49,148174,494387038.35,0.16,-0.13
2023-09-26,海康威视,002415,31.1,32.09,31.07,31.49,31.05,341075,1148435320.25,0.37,1.42
2023-09-25,海康威视,002415,31.2,31.34,30.9,31.05,31.2,178381,590719541.42,0.2,-0.48
2023-09-22,海康威视,002415,29.91,31.29,29.84,31.2,29.92,302880,992854049.76,0.33,4.28
2023-09-21,海康威视,002415,30.08,30.23,29.75,29.92,30.01,135381,433460907.47,0.15,-0.3
2023-09-20,海康威视,002415,29.85,30.05,29.66,30.01,29.85,168770,538803192.74,0.19,0.54
2023-09-19,海康威视,002415,30.51,30.53,29.72,29.85,30.49,357424,1139201403.95,0.39,-2.1
2023-09-18,海康威视,002415,30.4,31.01,30.19,30.49,30.55,200909,654819999.69,0.22,-0.2
2023-09-15,海康威视,002415,31.4,31.45,30.2,30.55,31.24,335845,1098109404.13,0.37,-2.21
2023-09-14,海康威视,002415,31.22,31.43,31.04,31.24,31.23,191118,635655115.18,0.21,0.03
2023-09-13,海康威视,002415,31.78,31.8,31.0,31.23,31.77,316079,1052486578.61,0.35,-1.7
2023-09-12,海康威视,002415,32.02,32.19,31.62,31.77,32.0,210378,710866019.27,0.23,-0.72
2023-09-11,海康威视,002415,32.0,32.5,31.8,32.0,31.98,269223,918532534.22,0.3,0.06
2023-09-08,海康威视,002415,32.31,32.44,31.92,31.98,32.3,162795,554665271.6,0.18,-0.99
2023-09-07,海康威视,002415,33.17,33.17,32.2,32.3,33.17,227249,786389006.44,0.25,-2.62
2023-09-06,海康威视,002415,33.41,33.7,32.7,33.17,33.53,243389,857981421.27,0.27,-1.07
2023-09-05,海康威视,002415,33.68,34.11,33.44,33.53,33.81,239584,855824916.05,0.26,-0.83
2023-09-04,海康威视,002415,33.7,34.2,33.66,33.81,33.55,276551,994070620.94,0.3,0.77
2023-09-01,海康威视,002415,33.27,33.8,33.0,33.55,33.28,182718,647925391.65,0.2,0.81
2023-08-31,海康威视,002415,33.37,33.64,33.04,33.28,33.45,137784,487171250.72,0.15,-0.51
2023-08-30,海康威视,002415,33.36,33.7,32.92,33.45,33.36,239541,845887614.24,0.26,0.27
2023-08-29,海康威视,002415,31.95,33.48,31.74,33.36,32.04,294234,1026723440.25,0.32,4.12
2023-08-28,海康威视,002415,33.03,33.26,31.8,32.04,31.28,373131,1281621747.69,0.41,2.43
2023-08-25,海康威视,002415,31.89,31.97,31.05,31.28,32.19,254663,851393166.2,0.28,-2.83
2023-08-24,海康威视,002415,32.35,32.68,31.8,32.19,32.18,182755,626529474.76,0.2,0.03
2023-08-23,海康威视,002415,33.1,33.5,32.17,32.18,33.19,270956,942754950.92,0.3,-3.04
2023-08-22,海康威视,002415,32.7,33.34,32.26,33.19,32.37,262269,913261254.82,0.29,2.53
2023-08-21,海康威视,002415,32.02,33.45,32.0,32.37,31.9,316680,1101333590.75,0.35,1.47
2023-08-18,海康威视,002415,32.43,32.9,31.85,31.9,32.4,168904,580431978.32,0.19,-1.54
2023-08-17,海康威视,002415,31.71,32.68,31.5,32.4,31.74,181998,623515224.76,0.2,2.08
2023-08-16,海康威视,002415,32.81,32.81,31.72,31.74,32.82,228999,781453409.0,0.25,-3.29
2023-08-15,海康威视,002415,32.96,33.3,32.42,32.82,32.96,204481,711752773.59,0.22,-0.42
2023-08-14,海康威视,002415,33.0,33.01,32.46,32.96,33.26,187467,651486655.7,0.21,-0.9
2023-08-11,海康威视,002415,34.18,34.38,33.11,33.26,34.2,288138,1025916594.43,0.32,-2.75
2023-08-10,海康威视,002415,33.9,34.55,33.9,34.2,33.98,141068,510692317.12,0.15,0.65
2023-08-09,海康威视,002415,34.12,34.55,33.95,33.98,34.33,133692,484082429.99,0.15,-1.02
2023-08-08,海康威视,002415,34.68,34.85,34.1,34.33,34.58,173045,629476261.14,0.19,-0.72
2023-08-07,海康威视,002415,34.54,35.65,34.25,34.58,34.55,384304,1419429977.97,0.42,0.09
2023-08-04,海康威视,002415,33.81,34.83,33.81,34.55,33.53,348024,1272450076.14,0.38,3.04
2023-08-03,海康威视,002415,33.53,33.99,33.27,33.53,33.66,193944,689634680.3,0.21,-0.39
2023-08-02,海康威视,002415,34.0,34.21,33.53,33.66,34.0,160862,575859418.02,0.18,-1.0
2023-08-01,海康威视,002415,34.32,34.66,33.63,34.0,34.32,264396,953915180.52,0.29,-0.93
2023-07-31,海康威视,002415,33.76,35.0,33.76,34.32,33.52,452361,1651852696.95,0.5,2.39
2023-07-28,海康威视,002415,32.5,33.79,32.45,33.52,32.69,374944,1324971943.83,0.41,2.54
2023-07-27,海康威视,002415,32.11,33.26,32.1,32.69,32.11,301694,1050305826.2,0.33,1.81
2023-07-26,海康威视,002415,32.4,32.59,31.96,32.11,32.49,174767,596645958.35,0.19,-1.17
2023-07-25,海康威视,002415,31.4,32.8,31.36,32.49,30.95,365992,1251282746.64,0.4,4.98
2023-07-24,海康威视,002415,31.34,31.47,30.7,30.95,31.42,194826,643044269.82,0.21,-1.5
2023-07-21,海康威视,002415,31.7,31.95,31.31,31.42,31.82,146683,492462326.03,0.16,-1.26
2023-07-20,海康威视,002415,32.62,32.76,31.8,31.82,32.29,185099,630801660.95,0.2,-1.46
2023-07-19,海康威视,002415,32.02,32.3,31.91,32.29,32.07,135276,461623538.96,0.15,0.69
2023-07-18,海康威视,002415,32.17,32.44,32.0,32.07,32.21,170717,583030477.2,0.19,-0.43
2023-07-17,海康威视,002415,32.6,32.65,31.99,32.21,32.65,169352,579343571.92,0.19,-1.35
2023-07-14,海康威视,002415,32.82,33.25,32.55,32.65,32.88,224811,784083373.51,0.25,-0.7
2023-07-13,海康威视,002415,32.29,32.95,32.29,32.88,32.29,256819,890722422.19,0.28,1.83
2023-07-12,海康威视,002415,32.21,32.68,31.75,32.29,32.2,299861,1026805635.8,0.33,0.28
2023-07-11,海康威视,002415,32.0,32.37,31.88,32.2,32.05,208076,711369264.04,0.23,0.47
2023-07-10,海康威视,002415,31.51,32.07,31.15,32.05,31.3,263892,890734459.8,0.29,2.4
2023-07-07,海康威视,002415,31.55,31.59,30.86,31.3,31.88,231790,769467123.86,0.25,-1.82
2023-07-06,海康威视,002415,32.08,32.51,31.68,31.88,32.27,278128,945843925.47,0.31,-1.21
2023-07-05,海康威视,002415,32.51,32.55,31.9,32.27,32.59,293648,1006405856.09,0.32,-0.98
2023-07-04,海康威视,002415,31.34,33.11,31.15,32.59,31.4,582922,2005900061.34,0.64,3.79
2023-07-03,海康威视,002415,31.12,31.67,31.08,31.4,31.11,346354,1155896420.0,0.38,0.93
2023-06-30,海康威视,002415,31.38,31.62,30.94,31.11,31.37,342204,1135996348.39,0.38,-0.83
2023-06-29,海康威视,002415,31.73,32.04,31.19,31.37,31.74,259115,869085694.42,0.28,-1.17
2023-06-28,海康威视,002415,32.15,32.22,30.85,31.74,32.1,369919,1238253502.17,0.41,-1.12
2023-06-27,海康威视,002415,32.02,32.5,31.81,32.1,31.84,347781,1187684146.61,0.38,0.82
2023-06-26,海康威视,002415,32.67,33.1,31.8,31.84,33.16,423554,1451251722.77,0.46,-3.98
2023-06-21,海康威视,002415,34.17,34.17,33.16,33.16,34.34,395455,1409074096.67,0.43,-3.44
2023-06-20,海康威视,002415,34.07,34.65,33.61,34.34,34.15,505903,1833538496.94,0.56,0.56
2023-06-19,海康威视,002415,33.14,34.58,32.76,34.15,33.14,704937,2535874656.99,0.77,3.05
2023-06-16,海康威视,002415,31.76,33.46,31.21,33.14,31.44,625822,2161041165.34,0.69,5.41
2023-06-15,海康威视,002415,31.38,31.87,30.9,31.44,31.37,369680,1235224261.92,0.41,0.22
2023-06-14,海康威视,002415,31.5,32.03,31.18,31.37,31.58,462297,1550844813.8,0.51,-0.66
2023-06-13,海康威视,002415,29.85,31.76,29.67,31.58,29.75,781269,2577306356.11,0.86,6.15
2023-06-12,海康威视,002415,30.16,30.56,29.21,29.75,30.36,813858,2588196300.63,0.89,-2.01
2023-06-09,海康威视,002415,32.6,32.64,29.39,30.36,32.55,1186535,3851762503.34,1.3,-6.73
2023-06-08,海康威视,002415,32.65,33.0,32.31,32.55,32.72,185684,641478094.96,0.2,-0.52
2023-06-07,海康威视,002415,32.86,33.2,32.5,32.72,32.9,244922,851616755.31,0.27,-0.55
2023-06-06,海康威视,002415,34.0,34.18,32.89,32.9,34.0,311117,1103335255.32,0.34,-3.24
2023-06-05,海康威视,002415,33.92,34.58,33.61,34.0,33.91,341780,1232902733.19,0.38,0.27
2023-06-02,海康威视,002415,33.9,34.08,33.48,33.91,33.9,296013,1059791897.46,0.32,0.03
2023-06-01,海康威视,002415,32.89,34.4,32.44,33.9,32.86,507622,1811833583.45,0.56,3.16
2023-05-31,海康威视,002415,33.17,33.48,32.6,32.86,33.16,257120,898775678.71,0.28,-0.9
2023-05-30,海康威视,002415,32.0,33.19,31.8,33.16,32.0,376374,1297536753.24,0.41,3.63
2023-05-29,海康威视,002415,33.44,33.67,31.7,32.0,33.44,577366,1980768901.13,0.63,-4.31
2023-05-26,海康威视,002415,33.2,33.61,32.46,33.44,32.95,348414,1219071413.81,0.38,1.49
2023-05-25,海康威视,002415,33.95,34.35,32.59,32.95,34.0,442214,1557377120.42,0.49,-3.09
2023-05-24,海康威视,002415,34.4,34.46,33.8,34.0,34.68,255378,920795502.73,0.28,-1.96
2023-05-23,海康威视,002415,33.88,35.0,33.83,34.68,33.88,450154,1646861935.01,0.49,2.36
2023-05-22,海康威视,002415,33.7,34.39,33.35,33.88,33.62,314084,1127705594.59,0.34,0.77
2023-05-19,海康威视,002415,33.0,33.87,32.35,33.62,32.83,483080,1698930155.36,0.53,2.41
2023-05-18,海康威视,002415,32.31,32.97,31.8,32.83,32.3,393148,1381185530.36,0.43,1.64
2023-05-17,海康威视,002415,32.55,32.59,32.07,32.3,32.75,265899,929146201.66,0.29,-1.37
2023-05-16,海康威视,002415,32.81,32.99,32.15,32.75,32.66,313996,1107451676.97,0.34,0.28
2023-05-15,海康威视,002415,32.78,32.9,31.9,32.66,32.75,414279,1448630038.06,0.45,-0.27
2023-05-12,海康威视,002415,33.61,33.85,32.55,32.75,33.57,331062,1179969016.93,0.36,-2.44
2023-05-11,海康威视,002415,33.72,33.98,33.31,33.57,33.7,238828,869517332.4,0.26,-0.39
2023-05-10,海康威视,002415,33.2,33.9,33.01,33.7,33.25,333926,1208723852.42,0.37,1.35
2023-05-09,海康威视,002415,33.25,33.7,32.52,33.25,33.22,397604,1431613007.17,0.44,0.09
2023-05-08,海康威视,002415,33.49,34.46,32.96,33.22,33.36,514451,1862099583.16,0.56,-0.42
2023-05-05,海康威视,002415,34.47,34.76,32.96,33.36,34.5,605513,2195611957.89,0.66,-3.3
2023-05-04,海康威视,002415,35.0,35.05,33.9,34.5,35.05,429395,1593912285.14,0.47,-1.57
2023-04-28,海康威视,002415,34.84,35.45,34.53,35.05,35.2,435613,1641296439.05,0.48,-0.43
2023-04-27,海康威视,002415,34.3,35.74,34.2,35.2,34.4,481494,1823913800.85,0.53,2.33
2023-04-26,海康威视,002415,34.77,35.1,33.73,34.4,34.75,716751,2655551156.34,0.79,-1.01
2023-04-25,海康威视,002415,36.5,36.77,34.26,34.75,36.55,1034495,3905401995.29,1.14,-4.92
2023-04-24,海康威视,002415,37.33,38.1,36.08,36.55,37.02,588258,2329736208.52,0.65,-1.27
2023-04-21,海康威视,002415,38.7,39.35,37.0,37.02,38.92,891762,3619640017.23,0.98,-4.88
2023-04-20,海康威视,002415,40.46,40.85,37.87,38.92,40.46,1367787,5651599198.1,1.5,-3.81
2023-04-19,海康威视,002415,40.78,41.5,40.11,40.46,40.84,466695,2030526193.44,0.51,-0.93
2023-04-18,海康威视,002415,41.15,41.65,39.75,40.84,41.25,546393,2365180596.21,0.6,-0.99
2023-04-17,海康威视,002415,40.59,41.8,39.38,41.25,41.86,754625,3294715524.01,0.83,-1.46
2023-04-14,海康威视,002415,42.38,42.47,40.4,41.86,42.5,682535,3004695552.78,0.75,-1.51
2023-04-13,海康威视,002415,43.03,43.55,42.2,42.5,43.67,438488,1989915773.95,0.48,-2.68
2023-04-12,海康威视,002415,41.61,43.98,41.61,43.67,41.68,654572,2992021442.42,0.72,4.77
2023-04-11,海康威视,002415,41.81,43.19,40.99,41.68,42.35,589569,2632625896.25,0.65,-1.58
2023-04-10,海康威视,002415,45.29,46.14,41.74,42.35,42.88,1023651,4775743347.98,1.12,-1.24
2023-04-07,海康威视,002415,41.2,44.1,41.2,42.88,41.16,784733,3572771702.38,0.86,4.18
2023-04-06,海康威视,002415,40.9,42.24,40.68,41.16,42.21,761112,3352414059.38,0.84,-2.49
2023-04-04,海康威视,002415,39.65,43.47,39.3,42.21,39.73,1111949,4904280240.62,1.22,6.24
2023-04-03,海康威视,002415,40.2,40.95,38.34,39.73,39.96,914916,3836277016.78,1.0,-0.58
2023-03-31,海康威视,002415,38.99,40.76,38.58,39.96,38.9,612882,2601304037.22,0.67,2.72
2023-03-30,海康威视,002415,39.89,40.0,38.02,38.9,40.1,705868,2924683332.84,0.77,-2.99
2023-03-29,海康威视,002415,39.75,40.81,38.89,40.1,39.75,494972,2111598013.85,0.54,0.88
2023-03-28,海康威视,002415,40.86,40.86,39.38,39.75,40.91,673982,2882374234.21,0.74,-2.84
2023-03-27,海康威视,002415,41.3,43.64,40.32,40.91,41.9,1020359,4506447596.77,1.12,-2.36
2023-03-24,海康威视,002415,42.1,42.31,40.64,41.9,42.1,674000,2989750204.24,0.74,-0.48
2023-03-23,海康威视,002415,39.85,42.3,39.65,42.1,40.1,1049297,4615118116.75,1.15,4.99
2023-03-22,海康威视,002415,38.3,40.18,38.29,40.1,38.3,721256,3047723462.84,0.79,4.7
2023-03-21,海康威视,002415,38.31,39.06,37.78,38.3,38.56,453716,1863444849.47,0.5,-0.67
2023-03-20,海康威视,002415,37.65,40.0,37.64,38.56,37.65,1120275,4694980851.33,1.23,2.42
2023-03-17,海康威视,002415,35.7,38.1,35.68,37.65,35.31,946185,3786373031.26,1.04,6.63
2023-03-16,海康威视,002415,36.01,36.51,35.15,35.31,36.38,415925,1596316536.41,0.46,-2.94
2023-03-15,海康威视,002415,36.69,38.18,36.23,36.38,36.2,717822,2868927645.42,0.79,0.5
2023-03-14,海康威视,002415,36.5,36.8,35.88,36.2,36.51,390504,1521646293.2,0.43,-0.85
2023-03-13,海康威视,002415,34.7,36.66,34.67,36.51,35.11,520131,2010794073.23,0.57,3.99
2023-03-10,海康威视,002415,35.41,36.06,34.9,35.11,35.62,404164,1535014720.78,0.44,-1.43
2023-03-09,海康威视,002415,36.3,36.39,35.41,35.62,36.3,349158,1341408235.03,0.38,-1.87
2023-03-08,海康威视,002415,36.1,36.4,35.42,36.3,36.22,324065,1249580788.34,0.36,0.22
2023-03-07,海康威视,002415,37.15,37.97,35.99,36.22,37.2,373176,1467586577.86,0.41,-2.63
2023-03-06,海康威视,002415,36.77,37.58,36.61,37.2,36.67,347939,1391047755.63,0.38,1.45
2023-03-03,海康威视,002415,36.8,36.89,36.05,36.67,36.7,285898,1118914824.45,0.31,-0.08
2023-03-02,海康威视,002415,36.9,37.63,36.5,36.7,37.11,420749,1668002117.54,0.46,-1.1
2023-03-01,海康威视,002415,35.68,37.2,35.6,37.11,35.68,666088,2630519538.42,0.73,4.01
2023-02-28,海康威视,002415,35.19,36.17,35.0,35.68,34.52,422214,1618936828.31,0.46,3.36
2023-02-27,海康威视,002415,34.82,35.15,34.41,34.52,34.98,262679,981883062.18,0.29,-1.32
2023-02-24,海康威视,002415,35.07,35.66,34.7,34.98,35.04,282331,1067144763.62,0.31,-0.17
2023-02-23,海康威视,002415,35.48,35.65,34.77,35.04,35.47,286157,1080396425.22,0.31,-1.21
2023-02-22,海康威视,002415,35.91,36.29,35.2,35.47,36.06,424493,1621875087.46,0.47,-1.64
2023-02-21,海康威视,002415,36.0,37.08,35.56,36.06,36.0,611728,2379282775.6,0.67,0.17
2023-02-20,海康威视,002415,33.3,36.25,33.15,36.0,33.81,923026,3514053209.74,1.01,6.48
2023-02-17,海康威视,002415,34.29,34.74,33.81,33.81,34.69,454479,1676368000.38,0.5,-2.54
2023-02-16,海康威视,002415,33.47,35.82,33.47,34.69,33.48,1050073,3946666196.9,1.15,3.61
2023-02-15,海康威视,002415,33.32,33.67,32.97,33.48,33.48,256272,923623983.13,0.28,0.0
2023-02-14,海康威视,002415,33.9,33.94,33.24,33.48,33.9,239805,867367222.81,0.26,-1.24
2023-02-13,海康威视,002415,33.78,34.05,33.15,33.9,34.0,345028,1254114214.4,0.38,-0.29
2023-02-10,海康威视,002415,35.03,35.04,33.7,34.0,35.03,403994,1490294048.67,0.44,-2.94
2023-02-09,海康威视,002415,33.98,35.15,33.7,35.03,34.2,382055,1428022864.19,0.42,2.43
2023-02-08,海康威视,002415,34.58,34.59,33.96,34.2,34.56,320581,1183532335.72,0.35,-1.04
2023-02-07,海康威视,002415,33.91,34.99,33.86,34.56,33.82,553709,2062122950.67,0.61,2.19
2023-02-06,海康威视,002415,33.9,34.85,33.53,33.82,34.0,498205,1838212362.98,0.55,-0.53
2023-02-03,海康威视,002415,33.6,34.18,33.03,34.0,33.69,349943,1270726772.18,0.38,0.92
2023-02-02,海康威视,002415,33.54,34.56,33.29,33.69,33.55,353843,1295657131.69,0.39,0.42
2023-02-01,海康威视,002415,33.16,33.95,32.96,33.55,33.15,327069,1180240718.53,0.36,1.21
2023-01-31,海康威视,002415,34.35,34.98,32.96,33.15,34.35,494704,1788753229.99,0.54,-3.49
2023-01-30,海康威视,002415,34.41,35.86,34.28,34.35,34.03,510443,1918690153.9,0.56,0.94
2023-01-20,海康威视,002415,33.96,35.3,33.91,34.03,34.09,469366,1746545501.58,0.52,-0.18
2023-01-19,海康威视,002415,32.44,34.2,32.3,34.09,32.46,615355,2232133544.95,0.68,5.02
2023-01-18,海康威视,002415,32.0,32.96,31.9,32.46,32.05,380380,1342497924.0,0.42,1.28
2023-01-17,海康威视,002415,32.0,32.55,31.93,32.05,31.97,285820,995956442.72,0.31,0.25
2023-01-16,海康威视,002415,30.92,32.33,30.74,31.97,30.94,584594,2021984249.22,0.64,3.33
2023-01-13,海康威视,002415,30.0,31.0,29.94,30.94,29.96,347173,1153396533.95,0.38,3.27
2023-01-12,海康威视,002415,30.19,30.45,29.81,29.96,30.19,280309,918373568.81,0.31,-0.76
2023-01-11,海康威视,002415,30.59,30.59,30.0,30.19,30.64,350216,1153769992.89,0.38,-1.47
2023-01-10,海康威视,002415,30.38,30.87,29.49,30.64,30.37,447534,1477216120.63,0.49,0.89
2023-01-09,海康威视,002415,30.8,31.1,30.31,30.37,31.05,454191,1509679045.08,0.49,-2.19
2023-01-06,海康威视,002415,31.65,31.65,30.97,31.05,31.65,271466,918474683.8,0.3,-1.9
2023-01-05,海康威视,002415,31.22,31.96,31.15,31.65,31.22,376571,1289628576.47,0.41,1.38
2023-01-04,海康威视,002415,31.46,31.77,30.65,31.22,31.59,345958,1168725298.39,0.38,-1.17
2023-01-03,海康威视,002415,31.9,32.24,31.31,31.59,31.98,300608,1035688643.7,0.33,-1.22
2022-12-30,海康威视,002415,31.7,32.09,31.39,31.98,31.55,297998,1028905814.78,0.32,1.36
2022-12-29,海康威视,002415,31.0,31.6,30.68,31.55,31.3,331507,1125561031.61,0.36,0.8
2022-12-28,海康威视,002415,31.84,31.85,30.85,31.3,31.81,378824,1283801075.19,0.41,-1.6
2022-12-27,海康威视,002415,32.28,32.56,31.64,31.81,32.22,324946,1124880524.49,0.35,-1.27
2022-12-26,海康威视,002415,31.93,32.5,31.71,32.22,31.93,276617,965475546.52,0.3,0.91
2022-12-23,海康威视,002415,31.3,32.23,30.9,31.93,31.3,306545,1060032356.36,0.33,2.01
2022-12-22,海康威视,002415,31.27,32.04,31.1,31.3,30.96,288722,992102962.34,0.31,1.1
2022-12-21,海康威视,002415,30.77,31.24,30.52,30.96,30.75,208267,702163118.33,0.23,0.68
2022-12-20,海康威视,002415,31.59,31.69,30.31,30.75,31.5,471980,1585403629.7,0.51,-2.38
2022-12-19,海康威视,002415,32.27,32.27,31.32,31.5,31.64,301657,1040430483.25,0.33,-0.44
2022-12-16,海康威视,002415,31.84,32.8,31.62,31.64,32.21,284113,989076533.63,0.31,-1.77
2022-12-15,海康威视,002415,32.3,32.51,31.72,32.21,32.29,286213,995850103.09,0.31,-0.25
2022-12-14,海康威视,002415,31.95,32.96,31.83,32.29,31.92,466705,1648362500.66,0.51,1.16
2022-12-13,海康威视,002415,31.66,32.29,31.66,31.92,31.69,310578,1080738766.07,0.34,0.73
2022-12-12,海康威视,002415,31.8,32.29,31.55,31.69,31.84,465357,1615073407.41,0.51,-0.47
2022-12-09,海康威视,002415,30.95,32.4,30.85,31.84,31.0,640499,2199212425.86,0.7,2.71
2022-12-08,海康威视,002415,31.0,31.26,30.6,31.0,31.1,345999,1164531166.08,0.38,-0.32
2022-12-07,海康威视,002415,31.41,31.7,30.87,31.1,31.42,354191,1199972504.37,0.39,-1.02
2022-12-06,海康威视,002415,30.52,32.18,30.48,31.42,30.73,808711,2783069779.37,0.88,2.25
2022-12-05,海康威视,002415,29.8,30.82,29.32,30.73,29.25,788563,2595966477.6,0.86,5.06
2022-12-02,海康威视,002415,29.12,29.56,29.12,29.25,29.35,237553,760972745.93,0.26,-0.34
2022-12-01,海康威视,002415,29.5,29.87,29.11,29.35,28.81,381121,1225279810.73,0.42,1.87
2022-11-30,海康威视,002415,28.89,29.58,28.53,28.81,28.94,371433,1176415266.87,0.4,-0.45
2022-11-29,海康威视,002415,27.68,29.1,27.68,28.94,27.67,420180,1315940515.16,0.46,4.59
2022-11-28,海康威视,002415,27.0,28.29,26.83,27.67,28.2,404537,1226979242.96,0.44,-1.88
2022-11-25,海康威视,002415,28.5,28.78,28.16,28.2,28.5,232385,723559256.7,0.25,-1.05
2022-11-24,海康威视,002415,28.7,28.78,28.38,28.5,28.61,196123,613223710.46,0.21,-0.38
2022-11-23,海康威视,002415,29.25,29.58,28.25,28.61,29.19,374304,1174692182.26,0.41,-1.99
2022-11-22,海康威视,002415,29.6,29.82,28.94,29.19,29.84,348375,1117426268.39,0.38,-2.18
2022-11-21,海康威视,002415,29.48,29.99,28.57,29.84,29.74,609378,1951696404.57,0.66,0.34
2022-11-18,海康威视,002415,28.95,30.26,28.91,29.74,28.87,888624,2891975557.76,0.97,3.01
2022-11-17,海康威视,002415,28.8,28.96,28.25,28.87,28.72,362666,1134422749.89,0.4,0.52
2022-11-16,海康威视,002415,29.01,29.2,28.66,28.72,29.08,497212,1571135812.14,0.54,-1.24
2022-11-15,海康威视,002415,27.85,29.1,27.52,29.08,27.89,899182,2803483712.57,0.98,4.27
2022-11-14,海康威视,002415,27.12,27.9,27.12,27.89,27.11,629945,1908445852.04,0.69,2.88
2022-11-11,海康威视,002415,26.87,27.35,26.16,27.11,25.98,655618,1937025804.36,0.71,4.35
2022-11-10,海康威视,002415,26.1,26.25,25.86,25.98,26.27,263089,755824650.63,0.29,-1.1
2022-11-09,海康威视,002415,26.7,26.91,26.15,26.27,26.87,319411,932577836.8,0.35,-2.23
2022-11-08,海康威视,002415,27.08,27.09,26.61,26.87,27.13,304936,900518612.98,0.33,-0.96
2022-11-07,海康威视,002415,27.11,27.45,26.98,27.13,27.32,357712,1068915873.09,0.39,-0.7
2022-11-04,海康威视,002415,26.5,27.5,26.42,27.32,26.61,570378,1701830979.1,0.62,2.67
2022-11-03,海康威视,002415,26.4,26.74,26.1,26.61,26.6,332390,967015060.74,0.36,0.04
2022-11-02,海康威视,002415,25.88,26.9,25.87,26.6,26.15,515792,1504482835.64,0.56,1.72
2022-11-01,海康威视,002415,25.68,26.17,25.22,26.15,25.72,398901,1138524851.14,0.43,1.67
2022-10-31,海康威视,002415,24.31,26.02,24.1,25.72,25.7,784491,2179270087.0,0.85,0.08
2022-10-28,海康威视,002415,27.05,27.07,25.41,25.7,27.17,799359,2285355056.67,0.87,-5.41
2022-10-27,海康威视,002415,26.7,27.45,26.54,27.17,26.66,364754,1086874374.58,0.4,1.91
2022-10-26,海康威视,002415,26.4,26.98,26.32,26.66,26.32,318774,937051057.17,0.35,1.29
2022-10-25,海康威视,002415,26.7,26.79,26.1,26.32,26.9,343959,1000868769.76,0.37,-2.16
2022-10-24,海康威视,002415,27.44,27.73,26.75,26.9,27.48,365916,1090868893.37,0.4,-2.11
2022-10-21,海康威视,002415,27.77,27.88,27.31,27.48,27.75,229183,693359042.42,0.25,-0.97
2022-10-20,海康威视,002415,27.3,28.17,27.26,27.75,27.46,349590,1065601779.1,0.38,1.06
2022-10-19,海康威视,002415,28.27,28.27,27.45,27.46,28.35,349938,1068147596.1,0.38,-3.14
2022-10-18,海康威视,002415,28.61,28.68,28.06,28.35,28.59,394320,1223186412.66,0.43,-0.84
2022-10-17,海康威视,002415,27.35,28.66,27.15,28.59,27.58,612672,1881734304.99,0.67,3.66
2022-10-14,海康威视,002415,27.03,27.9,26.65,27.58,26.8,544783,1639917704.17,0.59,2.91
2022-10-13,海康威视,002415,26.39,27.25,26.13,26.8,26.67,339930,997767009.56,0.37,0.49
2022-10-12,海康威视,002415,26.5,26.67,25.8,26.67,26.6,382797,1107718945.81,0.42,0.26
2022-10-11,海康威视,002415,26.4,26.99,25.91,26.6,26.4,322503,940438636.45,0.35,0.76
2022-10-10,海康威视,002415,27.72,27.72,26.35,26.4,27.72,475814,1404705046.32,0.52,-4.76
2022-09-30,海康威视,002415,27.52,27.99,27.34,27.72,27.71,415771,1268536887.7,0.45,0.04
2022-09-29,海康威视,002415,27.49,27.79,27.35,27.71,27.4,488332,1479249965.1,0.53,1.13
2022-09-28,海康威视,002415,26.6,27.76,26.54,27.4,26.75,741447,2234354696.0,0.81,2.43
2022-09-27,海康威视,002415,26.2,26.77,26.05,26.75,26.18,330106,961942119.87,0.36,2.18
2022-09-26,海康威视,002415,26.03,26.45,25.91,26.18,26.35,348585,1009048358.43,0.38,-0.65
2022-09-23,海康威视,002415,26.79,26.85,26.0,26.35,26.89,487608,1416022812.52,0.53,-2.01
2022-09-22,海康威视,002415,27.3,27.89,26.88,26.89,27.54,433541,1304324009.62,0.47,-2.36
2022-09-21,海康威视,002415,27.5,27.98,27.11,27.54,27.53,456445,1386427679.79,0.5,0.04
2022-09-20,海康威视,002415,26.99,27.68,26.83,27.53,26.95,498628,1500135935.01,0.54,2.15
2022-09-19,海康威视,002415,26.81,27.29,26.1,26.95,27.1,532512,1575243147.58,0.58,-0.55
2022-09-16,海康威视,002415,27.5,28.0,26.83,27.1,26.29,1157651,3494499556.71,1.26,3.08
2022-09-15,海康威视,002415,26.6,26.97,26.11,26.29,26.55,408220,1194927018.3,0.44,-0.98
2022-09-14,海康威视,002415,26.5,26.72,26.31,26.55,26.92,352421,1029001886.17,0.38,-1.37
2022-09-13,海康威视,002415,26.38,26.97,26.37,26.92,26.28,558434,1646972304.87,0.61,2.44
2022-09-09,海康威视,002415,25.91,26.4,25.8,26.28,25.95,443767,1283814255.07,0.48,1.27
2022-09-08,海康威视,002415,25.92,26.16,25.54,25.95,25.85,398821,1139941092.06,0.43,0.39
2022-09-07,海康威视,002415,26.0,26.31,25.69,25.85,26.17,435321,1247388936.76,0.47,-1.22
2022-09-06,海康威视,002415,25.72,26.35,25.41,26.17,25.69,562060,1604830546.72,0.61,1.87
2022-09-05,海康威视,002415,26.79,26.79,25.4,25.69,26.8,720354,2061412933.69,0.79,-4.14
2022-09-02,海康威视,002415,27.03,27.09,26.68,26.8,27.0,262828,775640446.3,0.29,-0.74
2022-09-01,海康威视,002415,27.09,27.33,26.95,27.0,27.17,315608,940276612.68,0.34,-0.63
2022-08-31,海康威视,002415,27.08,27.35,26.9,27.17,27.12,354560,1058705260.87,0.39,0.18
2022-08-30,海康威视,002415,27.15,27.45,27.0,27.12,27.25,271347,810503571.59,0.3,-0.48
2022-08-29,海康威视,002415,26.88,27.25,26.68,27.25,27.23,361385,1068868191.5,0.39,0.07
2022-08-26,海康威视,002415,26.83,27.54,26.56,27.23,26.74,533704,1595574251.86,0.58,1.83
2022-08-25,海康威视,002415,27.54,27.6,26.61,26.74,27.53,680811,2012621631.0,0.74,-2.87
2022-08-24,海康威视,002415,28.1,28.12,27.3,27.53,28.12,642143,1945695324.15,0.7,-2.1
2022-08-23,海康威视,002415,28.16,28.42,27.9,28.12,28.29,351184,1082248594.93,0.38,-0.6
2022-08-22,海康威视,002415,28.11,28.49,27.87,28.29,28.27,423629,1311805185.39,0.46,0.07
2022-08-19,海康威视,002415,28.6,28.69,28.21,28.27,28.6,462920,1439729791.46,0.5,-1.15
2022-08-18,海康威视,002415,28.86,28.86,28.55,28.6,28.95,383052,1200166227.95,0.42,-1.21
2022-08-17,海康威视,002415,28.75,29.01,28.41,28.95,28.72,479175,1506034290.74,0.52,0.8
2022-08-16,海康威视,002415,28.85,29.13,28.68,28.72,29.1,688535,2172028851.13,0.75,-1.31
2022-08-15,海康威视,002415,30.09,30.09,28.39,29.1,30.71,1623248,5154249210.0,1.77,-5.24
2022-08-12,海康威视,002415,30.64,30.96,30.16,30.71,30.63,518736,1727623252.6,0.57,0.26
2022-08-11,海康威视,002415,30.29,30.9,30.26,30.63,30.09,504344,1681041496.84,0.55,1.79
2022-08-10,海康威视,002415,29.96,30.3,29.46,30.09,29.96,391723,1278091679.73,0.43,0.43
2022-08-09,海康威视,002415,29.73,30.07,29.55,29.96,29.83,337623,1100028191.32,0.37,0.44
2022-08-08,海康威视,002415,29.8,30.27,29.63,29.83,29.8,349218,1136011771.91,0.38,0.1
2022-08-05,海康威视,002415,28.56,29.85,28.39,29.8,28.53,490826,1571746148.57,0.53,4.45
2022-08-04,海康威视,002415,28.3,28.53,28.13,28.53,28.17,222821,692266694.94,0.24,1.28
2022-08-03,海康威视,002415,27.82,28.65,27.82,28.17,27.81,352271,1089238855.71,0.38,1.29
2022-08-02,海康威视,002415,28.7,28.7,27.57,27.81,29.09,509838,1564370231.88,0.56,-4.4
2022-08-01,海康威视,002415,29.1,29.24,28.63,29.09,29.24,227829,722186174.48,0.25,-0.51
2022-07-29,海康威视,002415,29.96,30.16,29.1,29.24,30.03,374369,1202914377.89,0.41,-2.63
2022-07-28,海康威视,002415,29.98,30.63,29.77,30.03,29.98,408102,1343670102.22,0.44,0.17
2022-07-27,海康威视,002415,29.62,30.43,29.4,29.98,29.61,396815,1297700343.11,0.43,1.25
2022-07-26,海康威视,002415,29.38,29.72,29.3,29.61,29.62,320955,1035210493.51,0.35,-0.03
2022-07-25,海康威视,002415,28.75,29.74,28.3,29.62,28.73,526483,1669529075.23,0.57,3.1
2022-07-22,海康威视,002415,28.9,29.04,28.56,28.73,28.91,296323,931714316.97,0.32,-0.62
2022-07-21,海康威视,002415,29.2,29.2,28.91,28.91,29.21,361863,1148025471.98,0.39,-1.03
2022-07-20,海康威视,002415,29.39,29.47,28.95,29.21,29.17,427935,1363340843.04,0.47,0.14
2022-07-19,海康威视,002415,29.2,29.48,29.0,29.17,29.21,355735,1135432363.64,0.39,-0.14
2022-07-18,海康威视,002415,28.92,29.36,28.6,29.21,28.99,424975,1348381328.86,0.46,0.76
2022-07-15,海康威视,002415,29.72,29.89,28.93,28.99,30.04,594084,1901444072.46,0.65,-3.5
2022-07-14,海康威视,002415,29.99,30.34,29.75,30.04,30.11,294335,963699454.94,0.32,-0.23
2022-07-13,海康威视,002415,29.87,30.25,29.65,30.11,29.8,322602,1054205081.8,0.35,1.04
2022-07-12,海康威视,002415,30.2,30.51,29.65,29.8,30.21,380954,1244995850.24,0.42,-1.36
2022-07-11,海康威视,002415,31.32,31.34,30.12,30.21,31.42,598095,1976774096.0,0.65,-3.85
2022-07-08,海康威视,002415,31.25,31.78,31.15,31.42,31.27,404956,1382719664.0,0.44,0.48
2022-07-07,海康威视,002415,32.15,32.15,31.1,31.27,32.25,734626,2509901728.0,0.8,-3.04
2022-07-06,海康威视,002415,33.2,33.25,31.85,32.25,33.59,715284,2520820992.0,0.78,-3.99
2022-07-05,海康威视,002415,33.09,33.95,32.4,33.59,32.89,730899,2628098336.0,0.8,2.13
2022-07-04,海康威视,002415,33.2,33.26,32.6,32.89,33.1,487587,1730661664.0,0.53,-0.63
2022-07-01,海康威视,002415,33.51,33.92,32.98,33.1,33.5,514823,1855825680.0,0.56,-1.19
2022-06-30,海康威视,002415,33.5,33.85,33.39,33.5,33.5,630571,2288765104.0,0.69,0.0
2022-06-29,海康威视,002415,33.93,34.79,33.4,33.5,33.93,621688,2276808272.0,0.68,-1.27
2022-06-28,海康威视,002415,33.13,34.18,32.75,33.93,33.18,626745,2274601888.0,0.68,2.26
2022-06-27,海康威视,002415,33.1,33.9,32.68,33.18,32.99,627909,2257486816.0,0.68,0.58
2022-06-24,海康威视,002415,32.65,33.1,32.24,32.99,32.62,572934,2022513056.0,0.62,1.13
2022-06-23,海康威视,002415,32.32,32.62,31.85,32.62,32.36,432068,1511855104.0,0.47,0.8
2022-06-22,海康威视,002415,33.6,33.75,32.34,32.36,33.58,591494,2094619952.0,0.64,-3.63
2022-06-21,海康威视,002415,32.52,33.96,32.27,33.58,32.52,954209,3441640688.0,1.04,3.26
2022-06-20,海康威视,002415,32.8,33.35,32.4,32.52,31.85,694683,2462028800.0,0.76,2.1
2022-06-17,海康威视,002415,32.01,32.26,31.3,31.85,32.39,647332,2226327888.0,0.71,-1.67
2022-06-16,海康威视,002415,32.89,33.08,32.2,32.39,32.89,429126,1512104912.0,0.47,-1.52
2022-06-15,海康威视,002415,31.48,33.22,31.41,32.89,31.55,812878,2865810672.0,0.89,4.25
2022-06-14,海康威视,002415,30.95,31.72,30.5,31.55,31.54,405791,1368435264.0,0.44,0.03
2022-06-13,海康威视,002415,32.3,32.3,31.06,31.54,32.01,541374,1856448144.0,0.59,-1.47
2022-06-10,海康威视,002415,31.5,32.21,31.46,32.01,31.92,488344,1688957504.0,0.53,0.28
2022-06-09,海康威视,002415,33.04,33.07,31.8,31.92,32.99,638298,2239467552.0,0.7,-3.24
2022-06-08,海康威视,002415,32.22,34.64,32.22,32.99,32.19,1282517,4641764608.0,1.4,2.49
2022-06-07,海康威视,002415,32.28,32.3,31.5,32.19,32.16,601413,2083093872.0,0.66,0.09
2022-06-06,海康威视,002415,30.2,32.39,30.1,32.16,30.29,1247861,4236360208.0,1.36,6.17
2022-06-02,海康威视,002415,30.62,30.66,30.03,30.29,30.75,545259,1797334016.0,0.59,-1.5
2022-06-01,海康威视,002415,30.74,31.04,30.32,30.75,30.7,623284,2084706976.0,0.68,0.16
2022-05-31,海康威视,002415,30.2,30.77,30.04,30.7,30.29,692182,2297518064.0,0.75,1.35
2022-05-30,海康威视,002415,29.8,30.46,29.63,30.29,29.83,798070,2614946528.0,0.87,1.54
2022-05-27,海康威视,002415,30.9,31.19,29.48,29.83,29.29,1287772,4262351440.0,1.4,1.84
2022-05-26,海康威视,002415,28.98,29.64,28.8,29.29,28.81,723332,2314221760.0,0.79,1.67
2022-05-25,海康威视,002415,28.56,28.98,28.21,28.81,28.56,565207,1818138640.0,0.62,0.88
2022-05-24,海康威视,002415,29.95,30.08,28.51,28.56,29.92,793077,2608384816.0,0.86,-4.55
2022-05-23,海康威视,002415,29.81,30.39,29.62,29.92,29.8,773900,2599633328.0,0.84,0.4
2022-05-20,海康威视,002415,29.61,30.2,29.43,29.8,29.48,869991,2908166304.0,0.95,1.09
2022-05-19,海康威视,002415,28.92,29.7,28.73,29.48,29.7,785438,2584951584.0,0.86,-0.74
2022-05-18,海康威视,002415,28.59,30.3,27.91,29.7,28.59,1563886,5124739584.0,1.7,3.88
2022-05-17,海康威视,002415,28.7,29.5,27.76,28.59,29.06,1267679,4062190016.0,1.39,-1.62
2022-05-16,海康威视,002415,28.48,29.55,28.48,29.06,28.48,1309396,4282223904.0,1.43,2.04
2022-05-13,海康威视,002415,30.57,30.6,27.52,28.48,30.56,2204445,7122373376.0,2.41,-6.81
2022-05-12,海康威视,002415,31.16,31.23,30.26,30.56,31.83,1454922,4974746368.0,1.59,-3.99
2022-05-11,海康威视,002415,30.8,32.5,30.2,31.83,30.85,1384699,4860344576.0,1.51,3.18
2022-05-10,海康威视,002415,30.6,31.08,29.8,30.85,31.28,946390,3230542064.0,1.04,-1.37
2022-05-09,海康威视,002415,30.4,31.68,30.2,31.28,31.2,1270720,4421444608.0,1.39,0.26
2022-05-06,海康威视,002415,32.31,32.75,30.82,31.2,34.64,2452130,8571683840.0,2.68,-9.93
2022-05-05,海康威视,002415,34.64,35.2,34.64,34.64,38.89,1178749,4509976576.0,1.29,-10.93
2022-04-29,海康威视,002415,37.5,39.53,37.08,38.89,37.27,535907,2255664896.0,0.59,4.35
2022-04-28,海康威视,002415,37.9,38.27,36.91,37.27,37.9,337458,1386885712.0,0.37,-1.66
2022-04-27,海康威视,002415,35.41,38.37,35.38,37.9,35.91,523770,2154634608.0,0.57,5.54
2022-04-26,海康威视,002415,36.0,37.05,35.68,35.91,35.9,296571,1185073760.0,0.32,0.03
2022-04-25,海康威视,002415,36.9,37.06,35.9,35.9,37.2,365058,1464276464.0,0.4,-3.49
2022-04-22,海康威视,002415,37.15,37.63,36.86,37.2,37.21,305598,1249420752.0,0.33,-0.03
2022-04-21,海康威视,002415,37.63,38.08,36.71,37.21,37.95,295196,1207670736.0,0.32,-1.95
2022-04-20,海康威视,002415,38.0,38.99,37.6,37.95,37.92,278748,1167886032.0,0.3,0.08
2022-04-19,海康威视,002415,38.01,38.22,37.52,37.92,38.14,311624,1292355488.0,0.34,-0.58
2022-04-18,海康威视,002415,37.4,38.4,37.06,38.14,36.33,657584,2722416896.0,0.72,4.98
2022-04-15,海康威视,002415,35.6,36.6,35.34,36.33,35.98,178209,706009040.0,0.19,0.97
2022-04-14,海康威视,002415,35.64,36.38,34.73,35.98,35.07,370370,1455033904.0,0.41,2.59
2022-04-13,海康威视,002415,34.28,36.06,34.02,35.07,34.7,361638,1405496576.0,0.4,1.07
2022-04-12,海康威视,002415,33.8,34.71,32.79,34.7,33.76,401980,1494914992.0,0.44,2.78
2022-04-11,海康威视,002415,35.8,35.9,33.46,33.76,35.8,348573,1318639008.0,0.38,-5.7
2022-04-08,海康威视,002415,36.87,36.99,35.4,35.8,36.6,272104,1079689744.0,0.3,-2.19
2022-04-07,海康威视,002415,37.1,37.5,36.6,36.6,37.34,110404,448742656.0,0.12,-1.98
2022-04-06,海康威视,002415,37.18,37.67,36.98,37.34,37.61,139854,571696128.0,0.15,-0.72
2022-04-01,海康威视,002415,36.9,38.05,36.82,37.61,37.4,170418,703549248.0,0.19,0.56
2022-03-31,海康威视,002415,37.39,37.74,37.04,37.4,37.6,167409,685921360.0,0.18,-0.53
2022-03-30,海康威视,002415,36.88,38.08,36.42,37.6,36.4,320434,1307734016.0,0.35,3.3
2022-03-29,海康威视,002415,36.44,36.74,35.4,36.4,36.4,333615,1326104320.0,0.36,0.0
2022-03-28,海康威视,002415,36.7,36.9,36.11,36.4,37.46,207882,831313824.0,0.23,-2.83
2022-03-25,海康威视,002415,38.21,38.35,37.1,37.46,38.37,216123,889287824.0,0.24,-2.37
2022-03-24,海康威视,002415,39.28,39.29,38.18,38.37,39.55,172607,726476112.0,0.19,-2.98
2022-03-23,海康威视,002415,38.83,39.98,38.75,39.55,38.82,197639,851462576.0,0.22,1.88
2022-03-22,海康威视,002415,38.64,39.2,38.3,38.82,38.8,192365,812745440.0,0.21,0.05
2022-03-21,海康威视,002415,40.0,40.01,38.66,38.8,39.77,242415,1033399728.0,0.27,-2.44
2022-03-18,海康威视,002415,39.8,39.9,38.98,39.77,40.28,271454,1170326208.0,0.3,-1.27
2022-03-17,海康威视,002415,39.4,40.7,38.7,40.28,38.35,437404,1905310304.0,0.48,5.03
2022-03-16,海康威视,002415,38.2,38.9,35.8,38.35,37.64,520231,2118740480.0,0.57,1.89
2022-03-15,海康威视,002415,38.78,39.35,37.43,37.64,39.38,316685,1322417232.0,0.35,-4.42
2022-03-14,海康威视,002415,41.18,41.73,39.31,39.38,41.68,237220,1037828896.0,0.26,-5.52
2022-03-11,海康威视,002415,39.7,41.84,38.84,41.68,40.4,313067,1387234880.0,0.34,3.17
2022-03-10,海康威视,002415,40.21,40.87,39.56,40.4,39.41,248170,1088182496.0,0.27,2.51
2022-03-09,海康威视,002415,40.0,40.2,36.7,39.41,40.0,381883,1614237248.0,0.42,-1.48
2022-03-08,海康威视,002415,40.3,40.99,39.4,40.0,40.3,186375,813094416.0,0.2,-0.74
2022-03-07,海康威视,002415,41.83,41.83,39.96,40.3,42.17,332594,1466809184.0,0.36,-4.43
2022-03-04,海康威视,002415,42.83,43.03,41.9,42.17,43.21,228737,1050890272.0,0.25,-2.41
2022-03-03,海康威视,002415,43.93,43.99,43.08,43.21,43.6,104009,488677968.0,0.11,-0.89
2022-03-02,海康威视,002415,43.8,44.13,43.14,43.6,43.92,137215,648393760.0,0.15,-0.73
2022-03-01,海康威视,002415,44.6,44.88,43.7,43.92,44.6,194553,925202416.0,0.21,-1.52
2022-02-28,海康威视,002415,44.54,44.9,43.36,44.6,44.65,169370,811342544.0,0.19,-0.11
2022-02-25,海康威视,002415,44.39,45.56,44.38,44.65,44.39,222761,1085288832.0,0.24,0.59
2022-02-24,海康威视,002415,44.88,45.56,43.76,44.39,45.3,217887,1051041632.0,0.24,-2.01
2022-02-23,海康威视,002415,44.2,45.65,43.9,45.3,43.23,547624,2663071072.0,0.6,4.79
2022-02-22,海康威视,002415,43.9,43.94,42.9,43.23,44.07,159512,747155648.0,0.17,-1.91
2022-02-21,海康威视,002415,42.77,44.18,42.66,44.07,42.9,225386,1066463632.0,0.25,2.73
2022-02-18,海康威视,002415,42.36,42.94,42.1,42.9,42.49,135237,623087904.0,0.15,0.96
2022-02-17,海康威视,002415,42.11,42.65,42.08,42.49,42.39,128950,593357584.0,0.14,0.24
2022-02-16,海康威视,002415,42.63,42.89,42.26,42.39,42.61,113140,520589536.0,0.12,-0.52
2022-02-15,海康威视,002415,42.19,42.71,42.02,42.61,42.2,135413,623303440.0,0.15,0.97
2022-02-14,海康威视,002415,42.18,42.49,41.54,42.2,42.4,156697,714767040.0,0.17,-0.47
2022-02-11,海康威视,002415,42.8,43.34,42.2,42.4,43.39,266717,1234304064.0,0.29,-2.28
2022-02-10,海康威视,002415,43.39,43.72,42.6,43.39,43.38,190122,889104192.0,0.21,0.02
2022-02-09,海康威视,002415,42.41,43.45,42.4,43.38,42.64,221892,1036416192.0,0.24,1.74
2022-02-08,海康威视,002415,42.2,42.9,41.64,42.64,42.31,265859,1218848192.0,0.29,0.78
2022-02-07,海康威视,002415,44.34,44.38,42.2,42.31,43.86,329602,1536926080.0,0.36,-3.53
2022-01-28,海康威视,002415,44.63,45.0,43.4,43.86,44.63,226468,1078805696.0,0.25,-1.73
2022-01-27,海康威视,002415,45.82,45.9,43.94,44.63,45.63,289647,1393826944.0,0.32,-2.19
2022-01-26,海康威视,002415,44.65,45.89,44.65,45.63,44.65,172125,845250368.0,0.19,2.19
2022-01-25,海康威视,002415,45.2,45.75,44.61,44.65,45.39,189762,926551744.0,0.21,-1.63
2022-01-24,海康威视,002415,45.4,46.28,44.91,45.39,45.89,246329,1207170528.0,0.27,-1.09
2022-01-21,海康威视,002415,46.17,46.22,45.1,45.89,46.15,238910,1173101264.0,0.26,-0.56
2022-01-20,海康威视,002415,46.82,46.88,45.83,46.15,46.56,176454,879739296.0,0.19,-0.88
2022-01-19,海康威视,002415,47.14,48.25,46.11,46.56,47.13,316781,1601476272.0,0.35,-1.21
2022-01-18,海康威视,002415,45.41,48.61,45.28,47.13,45.4,455415,2317507440.0,0.5,3.81
2022-01-17,海康威视,002415,44.78,45.6,44.7,45.4,44.7,182090,888690352.0,0.2,1.57
2022-01-14,海康威视,002415,44.52,45.01,44.25,44.7,44.52,173157,834432752.0,0.19,0.4
2022-01-13,海康威视,002415,45.7,46.1,44.4,44.52,45.65,271283,1316781680.0,0.3,-2.48
2022-01-12,海康威视,002415,46.05,46.39,44.83,45.65,46.1,324066,1589520048.0,0.36,-0.98
2022-01-11,海康威视,002415,46.6,46.88,45.98,46.1,46.68,201172,1006252640.0,0.22,-1.24
2022-01-10,海康威视,002415,46.03,46.98,45.51,46.68,46.27,225874,1128294832.0,0.25,0.89
2022-01-07,海康威视,002415,46.38,47.09,46.1,46.27,46.37,184302,923379312.0,0.2,-0.22
2022-01-06,海康威视,002415,47.46,47.67,46.28,46.37,47.73,252298,1266976496.0,0.28,-2.85
2022-01-05,海康威视,002415,48.6,48.6,47.28,47.73,48.81,229581,1183390512.0,0.25,-2.21
2022-01-04,海康威视,002415,49.4,49.4,48.11,48.81,48.72,239136,1253035120.0,0.26,0.18
2021-12-31,海康威视,002415,48.28,48.95,47.25,48.72,47.79,283782,1465376800.0,0.31,1.95
2021-12-30,海康威视,002415,48.39,49.45,47.79,47.79,48.37,205799,1071270768.0,0.25,-1.2
2021-12-29,海康威视,002415,48.62,49.38,47.75,48.37,48.89,262272,1366394512.0,0.32,-1.06
2021-12-28,海康威视,002415,47.05,49.5,46.89,48.89,47.04,327258,1707957744.0,0.4,3.93
2021-12-27,海康威视,002415,47.2,47.28,46.26,47.04,46.95,176611,891066464.0,0.22,0.19
2021-12-24,海康威视,002415,46.85,47.4,46.1,46.95,47.09,247926,1246575552.0,0.3,-0.3
2021-12-23,海康威视,002415,47.32,47.74,46.84,47.09,47.31,215577,1094516064.0,0.26,-0.47
2021-12-22,海康威视,002415,48.22,48.47,47.1,47.31,47.99,247836,1270665216.0,0.3,-1.42
2021-12-21,海康威视,002415,47.76,48.55,47.58,47.99,47.77,178396,921418576.0,0.22,0.46
2021-12-20,海康威视,002415,48.3,48.75,47.55,47.77,48.55,196413,1015461072.0,0.24,-1.61
2021-12-17,海康威视,002415,48.3,49.02,47.67,48.55,48.63,241939,1256697184.0,0.3,-0.16
2021-12-16,海康威视,002415,48.56,49.0,47.5,48.63,48.4,265970,1380123024.0,0.33,0.48
2021-12-15,海康威视,002415,49.9,50.29,48.38,48.4,50.38,362140,1901903088.0,0.44,-3.93
2021-12-14,海康威视,002415,50.26,51.15,49.78,50.38,49.83,282714,1529454448.0,0.35,1.1
2021-12-13,海康威视,002415,50.12,51.7,49.75,49.83,49.9,383628,2077695456.0,0.47,-0.14
2021-12-10,海康威视,002415,50.42,50.73,49.4,49.9,50.67,460784,2469067328.0,0.57,-1.52
2021-12-09,海康威视,002415,47.6,51.95,47.6,50.67,48.08,887344,4791960320.0,1.09,5.39
2021-12-08,海康威视,002415,46.78,48.32,46.23,48.08,46.7,491147,2516184400.0,0.6,2.96
2021-12-07,海康威视,002415,45.9,46.85,45.9,46.7,45.69,400364,2007005376.0,0.49,2.21
2021-12-06,海康威视,002415,45.3,46.79,45.28,45.69,44.8,495321,2462301392.0,0.61,1.99
2021-12-03,海康威视,002415,43.9,44.93,43.61,44.8,43.83,292402,1402424592.0,0.36,2.21
2021-12-02,海康威视,002415,44.57,44.59,43.5,43.83,44.62,379972,1802294096.0,0.47,-1.77
2021-12-01,海康威视,002415,44.98,45.01,44.41,44.62,45.04,215800,1042291664.0,0.27,-0.93
2021-11-30,海康威视,002415,44.2,45.05,44.0,45.04,43.97,332682,1601347824.0,0.41,2.43
2021-11-29,海康威视,002415,43.6,44.07,43.41,43.97,44.2,359405,1704532368.0,0.44,-0.52
2021-11-26,海康威视,002415,45.0,45.23,43.77,44.2,45.13,559655,2678974992.0,0.69,-2.06
2021-11-25,海康威视,002415,46.06,46.2,44.81,45.13,46.05,347641,1697163584.0,0.43,-2.0
2021-11-24,海康威视,002415,45.39,47.11,45.06,46.05,44.9,602590,2995937296.0,0.74,2.56
2021-11-23,海康威视,002415,46.95,47.05,44.41,44.9,46.93,837779,4102480064.0,1.03,-4.33
2021-11-22,海康威视,002415,46.87,47.49,46.42,46.93,46.89,361973,1825229824.0,0.44,0.09
2021-11-19,海康威视,002415,46.59,47.09,46.38,46.89,46.58,279976,1406977104.0,0.34,0.67
2021-11-18,海康威视,002415,47.55,47.55,46.45,46.58,47.55,295857,1493009424.0,0.36,-2.04
2021-11-17,海康威视,002415,47.96,47.96,47.41,47.55,48.05,229638,1174624688.0,0.28,-1.04
2021-11-16,海康威视,002415,48.83,48.86,47.7,48.05,48.8,247639,1279313952.0,0.3,-1.54
2021-11-15,海康威视,002415,49.15,49.26,48.35,48.8,49.02,155371,812067424.0,0.19,-0.45
2021-11-12,海康威视,002415,48.8,49.15,48.7,49.02,48.7,192328,1011442512.0,0.24,0.66
2021-11-11,海康威视,002415,48.46,49.07,47.8,48.7,48.45,235487,1227543632.0,0.29,0.52
2021-11-10,海康威视,002415,48.61,49.09,47.95,48.45,48.6,293570,1531414336.0,0.36,-0.31
2021-11-09,海康威视,002415,47.0,48.76,46.6,48.6,47.45,312159,1604587696.0,0.38,2.42
2021-11-08,海康威视,002415,48.17,48.3,46.52,47.45,47.88,262899,1335949232.0,0.32,-0.9
2021-11-05,海康威视,002415,46.9,48.35,46.83,47.88,47.12,249183,1281268304.0,0.31,1.61
2021-11-04,海康威视,002415,47.39,47.74,46.9,47.12,47.35,204575,1041684160.0,0.25,-0.49
2021-11-03,海康威视,002415,47.77,48.23,46.94,47.35,47.77,219837,1120427504.0,0.27,-0.88
2021-11-02,海康威视,002415,49.42,49.43,47.7,47.77,49.42,337200,1747115824.0,0.41,-3.34
2021-11-01,海康威视,002415,48.36,49.57,48.0,49.42,48.66,241884,1273935712.0,0.3,1.56
2021-10-29,海康威视,002415,48.47,49.38,48.05,48.66,48.47,278050,1455706384.0,0.34,0.39
2021-10-28,海康威视,002415,49.1,49.83,48.33,48.47,49.2,269739,1418360960.0,0.33,-1.48
2021-10-27,海康威视,002415,49.9,49.9,48.91,49.2,50.0,211831,1118999232.0,0.26,-1.6
2021-10-26,海康威视,002415,50.4,50.57,49.4,50.0,50.63,320820,1715923296.0,0.39,-1.24
2021-10-25,海康威视,002415,52.0,52.1,49.26,50.63,51.84,422972,2283080224.0,0.52,-2.33
2021-10-22,海康威视,002415,51.9,51.9,50.6,51.84,51.65,176701,969232320.0,0.22,0.37
2021-10-21,海康威视,002415,50.9,51.65,50.21,51.65,50.87,195672,1066511824.0,0.24,1.53
2021-10-20,海康威视,002415,51.46,52.78,50.71,50.87,51.84,196356,1083365712.0,0.24,-1.87
2021-10-19,海康威视,002415,51.01,52.21,50.8,51.84,51.01,166270,917616384.0,0.2,1.63
2021-10-18,海康威视,002415,52.31,52.48,50.2,51.01,52.3,269763,1468248736.0,0.33,-2.47
2021-10-15,海康威视,002415,52.69,52.92,51.9,52.3,52.69,172149,963133408.0,0.21,-0.74
2021-10-14,海康威视,002415,52.41,53.77,52.32,52.69,52.32,207280,1172396288.0,0.25,0.71
2021-10-13,海康威视,002415,52.68,53.7,51.91,52.32,52.73,271491,1522997088.0,0.33,-0.78
2021-10-12,海康威视,002415,53.54,53.96,52.16,52.73,53.55,196968,1113692944.0,0.24,-1.53
2021-10-11,海康威视,002415,53.6,54.85,53.0,53.55,52.88,315470,1820445968.0,0.39,1.27
2021-10-08,海康威视,002415,52.4,53.64,51.84,52.88,51.4,382577,2154280496.0,0.47,2.88
2021-09-30,海康威视,002415,51.6,52.38,51.02,51.4,51.4,227403,1257419504.0,0.28,0.0
2021-09-29,海康威视,002415,50.7,51.95,50.0,51.4,51.0,218962,1198832320.0,0.27,0.78
2021-09-28,海康威视,002415,50.23,51.7,49.52,51.0,50.37,284427,1552450048.0,0.35,1.25
2021-09-27,海康威视,002415,48.76,51.29,48.01,50.37,48.88,391649,2106781728.0,0.48,3.05
2021-09-24,海康威视,002415,48.21,49.71,48.0,48.88,48.2,264183,1382688480.0,0.32,1.41
2021-09-23,海康威视,002415,49.49,50.0,47.47,48.2,49.5,378821,1960075136.0,0.47,-2.63
2021-09-22,海康威视,002415,50.67,51.27,48.92,49.5,51.49,263578,1405946064.0,0.32,-3.86
2021-09-17,海康威视,002415,50.57,51.78,50.4,51.49,50.62,179149,982772560.0,0.22,1.72
2021-09-16,海康威视,002415,50.69,51.6,50.07,50.62,51.06,165667,898080528.0,0.2,-0.86
2021-09-15,海康威视,002415,50.4,52.28,49.9,51.06,50.76,232393,1276442032.0,0.29,0.59
2021-09-14,海康威视,002415,51.78,51.99,50.59,50.76,51.79,223385,1223325824.0,0.27,-1.99
2021-09-13,海康威视,002415,50.22,52.6,49.58,51.79,50.12,486997,2692759152.0,0.6,3.33
2021-09-10,海康威视,002415,48.2,50.5,48.06,50.12,48.36,459627,2456623296.0,0.56,3.64
2021-09-09,海康威视,002415,49.34,49.85,48.01,48.36,49.35,297280,1554766720.0,0.37,-2.01
2021-09-08,海康威视,002415,49.33,49.62,48.7,49.35,49.32,323338,1707528512.0,0.4,0.06
2021-09-07,海康威视,002415,49.83,49.95,48.82,49.32,49.83,341515,1801530688.0,0.42,-1.02
2021-09-06,海康威视,002415,47.4,50.08,47.25,49.83,47.8,524125,2765137696.0,0.64,4.25
2021-09-03,海康威视,002415,47.52,47.87,46.09,47.8,47.81,407991,2068540640.0,0.5,-0.02
2021-09-02,海康威视,002415,49.38,49.38,47.4,47.81,49.61,603058,3114167888.0,0.74,-3.63
2021-09-01,海康威视,002415,48.0,49.68,46.97,49.61,47.8,586326,3063380768.0,0.72,3.79
2021-08-31,海康威视,002415,48.3,48.85,47.33,47.8,48.1,311701,1610004064.0,0.38,-0.62
2021-08-30,海康威视,002415,49.0,49.1,47.25,48.1,49.1,664477,3413023360.0,0.82,-2.04
2021-08-27,海康威视,002415,49.9,51.04,48.08,49.1,50.42,548340,2885940032.0,0.67,-2.62
2021-08-26,海康威视,002415,51.85,51.95,50.4,50.42,52.11,190020,1040037680.0,0.23,-3.24
2021-08-25,海康威视,002415,51.4,52.28,50.72,52.11,51.4,247074,1365698048.0,0.3,1.38
2021-08-24,海康威视,002415,51.49,52.18,50.9,51.4,51.42,251570,1387540912.0,0.31,-0.04
2021-08-23,海康威视,002415,49.8,52.06,49.18,51.42,49.97,333525,1823985648.0,0.41,2.9
2021-08-20,海康威视,002415,50.9,51.03,48.55,49.97,51.31,503825,2680172240.0,0.62,-2.61
2021-08-19,海康威视,002415,51.2,52.35,50.55,51.31,51.39,300690,1660933984.0,0.37,-0.16
2021-08-18,海康威视,002415,50.91,51.9,49.72,51.39,51.31,315572,1715703984.0,0.39,0.16
2021-08-17,海康威视,002415,53.1,53.12,50.4,51.31,53.13,463642,2562185328.0,0.57,-3.43
2021-08-16,海康威视,002415,52.7,53.5,52.28,53.13,53.05,309123,1755116448.0,0.38,0.15
2021-08-13,海康威视,002415,54.7,54.94,52.68,53.05,55.0,637712,3647207040.0,0.78,-3.55
2021-08-12,海康威视,002415,56.39,56.76,54.62,55.0,56.38,413775,2432491456.0,0.51,-2.45
2021-08-11,海康威视,002415,56.8,57.9,56.3,56.38,56.2,430323,2613660128.0,0.53,0.32
2021-08-10,海康威视,002415,55.57,56.28,54.9,56.2,55.92,343858,2031738208.0,0.42,0.5
2021-08-09,海康威视,002415,55.55,56.28,54.61,55.92,55.53,367181,2170425136.0,0.45,0.7
2021-08-06,海康威视,002415,56.41,56.78,54.96,55.53,56.84,439969,2608085600.0,0.54,-2.3
2021-08-05,海康威视,002415,57.41,57.58,56.28,56.84,58.02,289641,1751710080.0,0.36,-2.03
2021-08-04,海康威视,002415,56.77,58.37,55.92,58.02,56.84,414709,2513637616.0,0.51,2.08
2021-08-03,海康威视,002415,57.08,57.76,56.4,56.84,57.63,374013,2261999504.0,0.46,-1.37
2021-08-02,海康威视,002415,56.26,58.29,55.9,57.63,57.4,370528,2255831152.0,0.46,0.4
2021-07-30,海康威视,002415,58.82,58.87,56.34,57.4,59.29,500368,3039012112.0,0.61,-3.19
2021-07-29,海康威视,002415,58.86,60.05,58.35,59.29,57.4,421493,2650412992.0,0.52,3.29
2021-07-28,海康威视,002415,56.4,58.56,55.09,57.4,57.11,465785,2817447344.0,0.57,0.51
2021-07-27,海康威视,002415,61.23,61.28,57.0,57.11,61.5,907078,5637093888.0,1.11,-7.14
2021-07-26,海康威视,002415,66.4,66.84,59.89,61.5,63.8,859928,5623993344.0,1.06,-3.61
2021-07-23,海康威视,002415,64.2,65.05,62.43,63.8,63.93,432572,2910912416.0,0.53,-0.2
2021-07-22,海康威视,002415,64.6,66.08,63.33,63.93,63.88,487051,3312348128.0,0.6,0.08
2021-07-21,海康威视,002415,61.27,65.44,60.65,63.88,60.33,819199,5486843904.0,1.01,5.88
2021-07-20,海康威视,002415,59.03,61.54,58.72,60.33,59.78,302141,1938045536.0,0.37,0.92
2021-07-19,海康威视,002415,58.75,60.2,57.63,59.78,59.4,307934,1925770880.0,0.38,0.64
2021-07-16,海康威视,002415,60.1,60.15,58.8,59.4,59.74,264326,1664213632.0,0.32,-0.57
2021-07-15,海康威视,002415,58.21,60.2,57.43,59.74,58.59,357183,2245214928.0,0.44,1.96
2021-07-14,海康威视,002415,59.0,59.64,57.28,58.59,59.03,269654,1675177184.0,0.33,-0.75
2021-07-13,海康威视,002415,58.95,59.7,58.28,59.03,59.0,255159,1599603648.0,0.31,0.05
2021-07-12,海康威视,002415,56.76,59.28,55.27,59.0,56.76,524351,3195063120.0,0.64,3.95
2021-07-09,海康威视,002415,57.4,57.81,55.7,56.76,57.46,372911,2239805552.0,0.46,-1.22
2021-07-08,海康威视,002415,57.41,58.4,56.73,57.46,58.17,333810,2033880544.0,0.41,-1.22
2021-07-07,海康威视,002415,56.89,58.62,56.55,58.17,57.02,260907,1604016592.0,0.32,2.02
2021-07-06,海康威视,002415,57.4,58.12,56.14,57.02,57.57,359483,2173893984.0,0.44,-0.96
2021-07-05,海康威视,002415,58.5,59.01,56.5,57.57,58.62,339355,2073529168.0,0.42,-1.79
2021-07-02,海康威视,002415,60.4,60.5,58.61,58.62,61.54,409530,2568224336.0,0.5,-4.74
2021-07-01,海康威视,002415,61.29,61.6,59.88,61.54,60.9,384726,2476286848.0,0.47,1.05
2021-06-30,海康威视,002415,58.88,60.95,58.33,60.9,58.87,442455,2817703328.0,0.54,3.45
2021-06-29,海康威视,002415,59.52,60.15,58.76,58.87,59.54,390737,2451687616.0,0.48,-1.13
2021-06-28,海康威视,002415,59.65,59.69,57.74,59.54,59.91,476152,2969587264.0,0.57,-0.62
2021-06-25,海康威视,002415,59.7,60.15,58.34,59.91,59.8,435113,2741734288.0,0.52,0.18
2021-06-24,海康威视,002415,57.38,60.2,56.35,59.8,56.3,578100,3584291264.0,0.69,6.22
2021-06-23,海康威视,002415,56.4,57.05,54.99,56.3,56.34,286820,1710213408.0,0.34,-0.07
2021-06-22,海康威视,002415,56.2,56.65,54.9,56.34,56.12,255198,1526353648.0,0.31,0.39
2021-06-21,海康威视,002415,56.36,57.05,54.61,56.12,56.35,285533,1701071456.0,0.34,-0.41
2021-06-18,海康威视,002415,55.54,58.21,55.41,56.35,55.54,316260,1917138992.0,0.38,1.46
2021-06-17,海康威视,002415,54.9,56.35,54.45,55.54,55.08,207754,1226221248.0,0.25,0.84
2021-06-16,海康威视,002415,56.9,57.1,54.41,55.08,57.12,321403,1893730320.0,0.39,-3.57
2021-06-15,海康威视,002415,57.8,57.98,55.9,57.12,58.4,308289,1861534720.0,0.37,-2.19
2021-06-11,海康威视,002415,58.4,60.28,57.17,58.4,58.02,373478,2305317408.0,0.45,0.65
2021-06-10,海康威视,002415,56.1,58.08,55.75,58.02,56.39,304765,1864340016.0,0.37,2.89
2021-06-09,海康威视,002415,56.06,56.56,55.46,56.39,56.06,159099,951397552.0,0.19,0.59
2021-06-08,海康威视,002415,57.0,57.45,55.73,56.06,56.79,244101,1466414304.0,0.29,-1.29
2021-06-07,海康威视,002415,57.3,57.41,55.6,56.79,57.52,312945,1875020688.0,0.38,-1.27
2021-06-04,海康威视,002415,56.78,58.27,55.47,57.52,56.8,260837,1584923968.0,0.31,1.27
2021-06-03,海康威视,002415,57.98,58.46,56.64,56.8,58.02,302369,1839906048.0,0.36,-2.1
2021-06-02,海康威视,002415,59.44,60.0,56.6,58.02,59.88,473231,2899408496.0,0.57,-3.11
2021-06-01,海康威视,002415,60.42,62.33,58.9,59.88,60.98,325169,2072203888.0,0.39,-1.8
2021-05-31,海康威视,002415,60.29,61.0,59.43,60.98,60.4,235383,1504354992.0,0.28,0.96
2021-05-28,海康威视,002415,60.0,61.4,59.3,60.4,59.96,252654,1615648096.0,0.3,0.73
2021-05-27,海康威视,002415,60.4,60.5,58.8,59.96,60.78,318285,2032651616.0,0.38,-1.35
2021-05-26,海康威视,002415,60.9,61.1,59.8,60.78,60.91,201203,1305369968.0,0.24,-0.21
2021-05-25,海康威视,002415,60.6,61.5,60.06,60.91,60.6,335517,2187088944.0,0.4,0.51
2021-05-24,海康威视,002415,59.7,60.87,58.83,60.6,59.6,255527,1650248592.0,0.31,1.68
2021-05-21,海康威视,002415,58.78,59.8,58.22,59.6,58.37,232726,1480156112.0,0.28,2.11
2021-05-20,海康威视,002415,57.1,59.1,56.98,58.37,57.3,231837,1455404144.0,0.28,1.87
2021-05-19,海康威视,002415,57.4,58.1,56.9,57.3,58.0,150868,932847856.0,0.18,-1.21
2021-05-18,海康威视,002415,57.9,58.6,57.48,58.0,58.15,161689,1007521840.0,0.19,-0.26
2021-05-17,海康威视,002415,56.5,58.68,56.5,58.15,56.29,313760,1956787856.0,0.38,3.3
2021-05-14,海康威视,002415,55.99,56.65,54.48,56.29,55.69,269447,1618120560.0,0.32,1.08
2021-05-13,海康威视,002415,56.28,56.6,55.43,55.69,57.1,201160,1212917952.0,0.24,-2.47
2021-05-12,海康威视,002415,56.21,58.26,55.84,57.1,56.15,257868,1590070848.0,0.31,1.69
2021-05-11,海康威视,002415,55.6,56.48,54.08,56.15,56.2,220180,1312835952.0,0.26,-0.09
2021-05-10,海康威视,002415,55.01,57.6,54.96,56.2,54.92,243465,1481966448.0,0.29,2.33
2021-05-07,海康威视,002415,58.57,58.6,54.9,54.92,57.5,263114,1604124384.0,0.32,-4.49
2021-05-06,海康威视,002415,57.69,59.5,57.3,57.5,58.38,218713,1366455840.0,0.26,-1.51
2021-04-30,海康威视,002415,59.2,59.48,57.9,58.38,59.2,175820,1105756672.0,0.21,-1.39
2021-04-29,海康威视,002415,59.2,59.99,58.4,59.2,59.48,170813,1086257696.0,0.2,-0.47
2021-04-28,海康威视,002415,58.1,60.01,58.1,59.48,58.12,230442,1467752272.0,0.28,2.34
2021-04-27,海康威视,002415,58.9,58.9,57.0,58.12,59.6,350652,2178051696.0,0.42,-2.48
2021-04-26,海康威视,002415,58.86,60.19,57.94,59.6,58.83,340038,2171671584.0,0.41,1.31
2021-04-23,海康威视,002415,58.68,60.04,58.28,58.83,58.48,271316,1728203024.0,0.33,0.6
2021-04-22,海康威视,002415,58.26,60.13,57.12,58.48,57.6,374514,2370355296.0,0.45,1.53
2021-04-21,海康威视,002415,57.97,58.15,56.6,57.6,58.0,223319,1380250192.0,0.27,-0.69
2021-04-20,海康威视,002415,56.82,58.4,55.8,58.0,56.81,397065,2456260512.0,0.48,2.09
2021-04-19,海康威视,002415,55.2,58.15,55.2,56.81,52.63,686762,4197673376.0,0.82,7.94
2021-04-16,海康威视,002415,52.05,53.2,51.25,52.63,51.96,254640,1451264368.0,0.31,1.29
2021-04-15,海康威视,002415,50.32,52.1,50.0,51.96,50.27,219851,1219402176.0,0.26,3.36
2021-04-14,海康威视,002415,50.39,51.21,49.2,50.27,49.6,227532,1248677104.0,0.27,1.35
2021-04-13,海康威视,002415,49.26,50.46,48.82,49.6,49.26,160830,869567456.0,0.19,0.69
2021-04-12,海康威视,002415,51.1,51.35,48.91,49.26,51.11,189946,1023306064.0,0.23,-3.62
2021-04-09,海康威视,002415,53.1,53.1,50.81,51.11,53.11,210922,1181209408.0,0.25,-3.77
2021-04-08,海康威视,002415,50.86,53.66,50.69,53.11,51.41,249360,1427733024.0,0.3,3.31
2021-04-07,海康威视,002415,51.6,52.78,50.85,51.41,51.95,187327,1046702064.0,0.22,-1.04
2021-04-06,海康威视,002415,52.69,53.05,51.2,51.95,52.1,201120,1137675552.0,0.24,-0.29
2021-04-02,海康威视,002415,52.37,53.35,51.1,52.1,51.91,314695,1785461312.0,0.38,0.37
2021-04-01,海康威视,002415,51.52,52.22,50.94,51.91,51.5,185646,1040904144.0,0.22,0.8
2021-03-31,海康威视,002415,50.95,52.11,50.26,51.5,50.87,231248,1291534400.0,0.28,1.24
2021-03-30,海康威视,002415,49.48,52.08,48.88,50.87,49.15,365313,2020813840.0,0.44,3.5
2021-03-29,海康威视,002415,49.62,50.94,49.0,49.15,49.0,298325,1624508720.0,0.36,0.31
2021-03-26,海康威视,002415,46.49,50.1,46.18,49.0,45.99,362430,1910217264.0,0.43,6.54
2021-03-25,海康威视,002415,46.68,47.23,45.27,45.99,46.83,360017,1816768352.0,0.43,-1.79
2021-03-24,海康威视,002415,47.65,48.35,46.62,46.83,47.9,276951,1430148400.0,0.33,-2.23
2021-03-23,海康威视,002415,48.7,49.1,47.2,47.9,48.62,260374,1361179632.0,0.31,-1.48
2021-03-22,海康威视,002415,48.28,49.1,47.06,48.62,49.1,328726,1724350448.0,0.39,-0.98
2021-03-19,海康威视,002415,49.11,51.57,48.68,49.1,50.06,234683,1275394512.0,0.28,-1.92
2021-03-18,海康威视,002415,50.17,50.25,49.25,50.06,49.1,200554,1086393808.0,0.24,1.96
2021-03-17,海康威视,002415,48.9,50.0,47.98,49.1,48.9,245559,1318260064.0,0.29,0.41
2021-03-16,海康威视,002415,49.55,50.0,46.38,48.9,49.59,503589,2633734080.0,0.6,-1.39
2021-03-15,海康威视,002415,49.61,50.79,48.01,49.59,51.4,413001,2225417792.0,0.49,-3.52
2021-03-12,海康威视,002415,52.5,52.8,50.85,51.4,52.22,197074,1102585184.0,0.24,-1.57
2021-03-11,海康威视,002415,50.41,52.9,49.63,52.22,49.94,366170,2058729536.0,0.44,4.57
2021-03-10,海康威视,002415,50.06,51.03,49.56,49.94,49.08,333476,1823436304.0,0.4,1.75
2021-03-09,海康威视,002415,51.25,51.25,48.5,49.08,51.7,659482,3566533328.0,0.79,-5.07
2021-03-08,海康威视,002415,54.6,55.72,51.46,51.7,53.8,461497,2660372096.0,0.55,-3.9
2021-03-05,海康威视,002415,52.58,55.42,51.28,53.8,53.55,490157,2839053072.0,0.59,0.47
2021-03-04,海康威视,002415,54.42,54.46,52.98,53.55,55.28,272111,1574937488.0,0.33,-3.13
2021-03-03,海康威视,002415,55.05,55.52,53.4,55.28,55.01,258309,1528435264.0,0.31,0.49
2021-03-02,海康威视,002415,53.9,56.18,53.9,55.01,53.83,467381,2775047808.0,0.56,2.19
2021-03-01,海康威视,002415,53.3,55.2,53.26,53.83,51.16,497895,2911832672.0,0.6,5.22
2021-02-26,海康威视,002415,50.6,52.19,49.95,51.16,52.58,476523,2651193808.0,0.57,-2.7
2021-02-25,海康威视,002415,52.78,54.0,52.1,52.58,51.66,365980,2102497072.0,0.44,1.78
2021-02-24,海康威视,002415,54.58,54.62,50.81,51.66,53.96,698422,3965119328.0,0.84,-4.26
2021-02-23,海康威视,002415,54.15,55.39,52.71,53.96,54.24,444846,2593228960.0,0.53,-0.52
2021-02-22,海康威视,002415,57.0,57.0,53.4,54.24,57.28,668893,3944737232.0,0.8,-5.31
2021-02-19,海康威视,002415,56.2,57.79,55.12,57.28,56.91,416276,2547252016.0,0.5,0.65
2021-02-18,海康威视,002415,61.61,62.8,56.65,56.91,61.6,700399,4421816320.0,0.84,-7.61
2021-02-10,海康威视,002415,58.1,62.1,56.88,61.6,58.1,556860,3593450416.0,0.67,6.02
2021-02-09,海康威视,002415,56.44,59.25,55.81,58.1,55.48,556881,3462194272.0,0.67,4.72
2021-02-08,海康威视,002415,55.22,56.87,54.0,55.48,55.24,531110,3184120208.0,0.64,0.43
2021-02-05,海康威视,002415,56.42,56.9,53.66,55.24,56.38,565122,3363584288.0,0.68,-2.02
2021-02-04,海康威视,002415,56.61,58.24,55.5,56.38,55.5,635136,3881094944.0,0.76,1.59
2021-02-03,海康威视,002415,60.08,62.09,54.72,55.5,60.08,733881,4634693120.0,0.88,-7.62
2021-02-02,海康威视,002415,59.26,61.66,59.1,60.08,59.26,452638,2936284480.0,0.54,1.38
2021-02-01,海康威视,002415,59.19,60.1,56.9,59.26,58.6,502356,3157186160.0,0.6,1.13
2021-01-29,海康威视,002415,59.2,60.52,57.11,58.6,59.55,622610,3916791616.0,0.75,-1.6
2021-01-28,海康威视,002415,63.1,63.1,57.77,59.55,64.68,846186,5470475264.0,1.01,-7.93
2021-01-27,海康威视,002415,60.75,65.38,59.54,64.68,60.7,596291,3962059408.0,0.71,6.56
2021-01-26,海康威视,002415,62.33,62.98,60.3,60.7,63.25,484004,3175946144.0,0.58,-4.03
2021-01-25,海康威视,002415,62.41,66.08,60.13,63.25,62.34,629224,4255124848.0,0.75,1.46
2021-01-22,海康威视,002415,59.6,63.48,59.1,62.34,58.8,686165,4524129280.0,0.82,6.02
2021-01-21,海康威视,002415,56.23,60.17,56.2,58.8,56.0,746409,4690048512.0,0.89,5.0
2021-01-20,海康威视,002415,55.31,56.18,54.8,56.0,56.19,462393,2771744368.0,0.55,-0.34
2021-01-19,海康威视,002415,55.42,57.79,55.42,56.19,55.38,482539,2948151408.0,0.58,1.46
2021-01-18,海康威视,002415,53.81,56.7,52.67,55.38,54.5,459471,2736546480.0,0.56,1.61
2021-01-15,海康威视,002415,53.18,56.57,53.18,54.5,52.84,572560,3386754288.0,0.71,3.14
2021-01-14,海康威视,002415,54.72,55.29,52.4,52.84,55.51,624065,3629182992.0,0.77,-4.81
2021-01-13,海康威视,002415,56.4,57.04,54.6,55.51,56.85,720995,4349146880.0,0.89,-2.36
2021-01-12,海康威视,002415,54.64,57.15,54.61,56.85,54.6,841412,5112224512.0,1.04,4.12
2021-01-11,海康威视,002415,53.61,56.91,53.44,54.6,52.94,1293371,7708604416.0,1.6,3.14
2021-01-08,海康威视,002415,53.8,54.5,51.32,52.94,53.89,855450,4894349568.0,1.06,-1.76
2021-01-07,海康威视,002415,51.6,55.05,51.28,53.89,51.02,936097,5423116544.0,1.16,5.63
2021-01-06,海康威视,002415,51.1,53.92,50.4,51.02,50.38,1317527,7419141888.0,1.63,1.27
2021-01-05,海康威视,002415,45.1,50.38,45.0,50.38,45.4,1471561,7956690688.0,1.82,10.97
2021-01-04,海康威视,002415,43.7,46.25,42.52,45.4,44.11,1577934,7675782144.0,1.95,2.92
2020-12-31,海康威视,002415,41.7,44.74,41.7,44.11,42.55,1189437,5785848576.0,1.47,3.67
2020-12-30,海康威视,002415,41.91,43.26,41.58,42.55,42.21,461890,2175470224.0,0.57,0.81
2020-12-29,海康威视,002415,42.74,43.1,40.51,42.21,42.6,455530,2113307440.0,0.56,-0.92
2020-12-28,海康威视,002415,41.93,42.94,41.93,42.6,42.85,423222,1983876320.0,0.52,-0.58
2020-12-25,海康威视,002415,42.98,43.5,42.3,42.85,42.72,438999,2080711824.0,0.54,0.3
2020-12-24,海康威视,002415,41.65,43.1,41.65,42.72,41.36,599399,2812982480.0,0.74,3.29
2020-12-23,海康威视,002415,40.0,42.3,39.85,41.36,40.42,531273,2425960576.0,0.66,2.33
2020-12-22,海康威视,002415,40.58,41.32,40.28,40.42,40.79,326904,1478956160.0,0.4,-0.91
2020-12-21,海康威视,002415,41.09,41.21,39.21,40.79,41.48,479046,2149480400.0,0.59,-1.66
2020-12-18,海康威视,002415,40.3,41.48,40.14,41.48,40.47,568843,2577562464.0,0.7,2.5
2020-12-17,海康威视,002415,41.34,41.67,40.22,40.47,41.6,387467,1750203840.0,0.48,-2.72
2020-12-16,海康威视,002415,41.95,42.31,41.23,41.6,42.31,367432,1691696736.0,0.45,-1.68
2020-12-15,海康威视,002415,41.9,42.8,41.45,42.31,41.45,485532,2268365456.0,0.6,2.07
2020-12-14,海康威视,002415,40.08,41.9,40.02,41.45,40.07,510182,2331354752.0,0.63,3.44
2020-12-11,海康威视,002415,40.72,41.0,39.3,40.07,40.6,456454,2020677472.0,0.56,-1.31
2020-12-10,海康威视,002415,39.59,41.49,38.98,40.6,39.31,434982,1952422224.0,0.54,3.28
2020-12-09,海康威视,002415,40.1,40.23,39.15,39.31,39.88,352552,1549925488.0,0.44,-1.43
2020-12-08,海康威视,002415,40.55,40.8,39.28,39.88,40.4,502852,2234520128.0,0.62,-1.29
2020-12-07,海康威视,002415,40.6,41.12,39.14,40.4,41.47,503950,2263334016.0,0.62,-2.58
2020-12-04,海康威视,002415,40.74,41.6,40.74,41.47,41.1,307253,1403016064.0,0.38,0.9
2020-12-03,海康威视,002415,40.71,41.38,40.11,41.1,40.43,325369,1469920896.0,0.4,1.66
2020-12-02,海康威视,002415,41.1,41.28,40.4,40.43,41.08,305902,1375118464.0,0.38,-1.58
2020-12-01,海康威视,002415,41.5,41.88,40.65,41.08,41.27,416642,1890821904.0,0.51,-0.46
2020-11-30,海康威视,002415,42.3,42.51,41.23,41.27,42.6,353228,1626128176.0,0.44,-3.12
2020-11-27,海康威视,002415,42.15,42.81,40.82,42.6,41.63,397770,1851851728.0,0.49,2.33
2020-11-26,海康威视,002415,41.72,41.9,40.4,41.63,41.21,265792,1211364432.0,0.33,1.02
2020-11-25,海康威视,002415,41.43,42.38,41.21,41.21,41.73,273719,1263159760.0,0.34,-1.25
2020-11-24,海康威视,002415,42.36,42.45,41.18,41.73,42.36,358800,1653697568.0,0.44,-1.49
2020-11-23,海康威视,002415,43.6,43.7,41.79,42.36,43.23,420869,1968911744.0,0.52,-2.01
2020-11-20,海康威视,002415,43.71,43.8,42.63,43.23,43.7,353574,1684081216.0,0.44,-1.08
2020-11-19,海康威视,002415,42.35,43.85,41.45,43.7,41.45,468789,2217180576.0,0.58,5.43
2020-11-18,海康威视,002415,42.35,42.95,40.39,41.45,42.34,623353,2862410080.0,0.77,-2.1
2020-11-17,海康威视,002415,43.8,44.1,41.59,42.34,43.8,569460,2668247248.0,0.7,-3.33
2020-11-16,海康威视,002415,44.56,44.56,42.58,43.8,42.9,470580,2255578080.0,0.58,2.1
2020-11-13,海康威视,002415,42.6,43.58,41.4,42.9,43.6,631453,2970437904.0,0.78,-1.61
2020-11-12,海康威视,002415,43.61,44.45,43.04,43.6,42.91,426364,2049569776.0,0.53,1.61
2020-11-11,海康威视,002415,43.98,44.6,42.91,42.91,44.37,454882,2184005504.0,0.56,-3.29
2020-11-10,海康威视,002415,43.62,44.98,43.17,44.37,44.0,479377,2336442160.0,0.59,0.84
2020-11-09,海康威视,002415,44.35,45.67,43.6,44.0,44.71,687835,3359309952.0,0.85,-1.59
2020-11-06,海康威视,002415,43.6,45.23,43.17,44.71,43.72,537628,2622692384.0,0.66,2.26
2020-11-05,海康威视,002415,43.28,43.95,43.1,43.72,42.18,601989,2889935680.0,0.74,3.65
2020-11-04,海康威视,002415,41.56,43.1,41.27,42.18,41.22,442601,2065796480.0,0.55,2.33
2020-11-03,海康威视,002415,41.32,41.52,40.58,41.22,41.22,417210,1897097408.0,0.52,0.0
2020-11-02,海康威视,002415,40.45,41.47,40.4,41.22,40.5,467704,2124006368.0,0.58,1.78
2020-10-30,海康威视,002415,41.1,42.03,40.28,40.5,40.49,574298,2618665824.0,0.71,0.02
2020-10-29,海康威视,002415,39.4,41.16,39.4,40.49,39.81,582417,2606026784.0,0.72,1.71
2020-10-28,海康威视,002415,39.64,41.3,39.0,39.81,39.8,884571,3931322208.0,1.09,0.03
2020-10-27,海康威视,002415,37.9,40.45,37.64,39.8,38.39,1077916,4718255616.0,1.33,3.67
2020-10-26,海康威视,002415,35.12,38.67,34.8,38.39,34.75,1338373,5669104896.0,1.65,10.47
2020-10-23,海康威视,002415,34.74,36.22,34.52,34.75,34.74,459333,1829150384.0,0.57,0.03
2020-10-22,海康威视,002415,34.72,36.35,34.58,34.74,34.86,561602,2233263552.0,0.69,-0.34
2020-10-21,海康威视,002415,34.62,35.22,34.54,34.86,34.88,211275,830050288.0,0.26,-0.06
2020-10-20,海康威视,002415,34.95,35.35,34.45,34.88,34.87,225186,883239536.0,0.28,0.03
2020-10-19,海康威视,002415,34.35,35.21,34.23,34.87,34.08,345317,1355529440.0,0.43,2.32
2020-10-16,海康威视,002415,34.63,34.9,33.85,34.08,35.0,230403,889850768.0,0.28,-2.63
2020-10-15,海康威视,002415,34.5,35.28,34.37,35.0,34.6,369631,1456672208.0,0.46,1.16
2020-10-14,海康威视,002415,34.67,34.9,33.81,34.6,34.67,296683,1150475360.0,0.37,-0.2
2020-10-13,海康威视,002415,34.22,35.1,34.1,34.67,34.22,338164,1319746976.0,0.42,1.32
2020-10-12,海康威视,002415,33.77,34.28,33.46,34.22,33.75,405110,1550350944.0,0.5,1.39
2020-10-09,海康威视,002415,34.3,34.36,33.3,33.75,33.71,339391,1291934096.0,0.42,0.12
2020-09-30,海康威视,002415,32.9,33.74,32.8,33.71,32.81,434577,1646406368.0,0.54,2.74
2020-09-29,海康威视,002415,32.15,33.21,31.98,32.81,32.03,337801,1249830288.0,0.42,2.44
2020-09-28,海康威视,002415,31.61,32.22,31.56,32.03,31.67,251782,913960896.0,0.31,1.14
2020-09-25,海康威视,002415,32.38,32.8,31.53,31.67,32.39,266483,970688528.0,0.33,-2.22
2020-09-24,海康威视,002415,32.0,32.55,31.9,32.39,32.2,306035,1122270832.0,0.38,0.59
2020-09-23,海康威视,002415,31.94,32.48,31.87,32.2,31.65,270357,991402768.0,0.33,1.74
2020-09-22,海康威视,002415,31.68,32.06,31.53,31.65,31.86,186094,673004432.0,0.23,-0.66
2020-09-21,海康威视,002415,32.48,32.48,31.8,31.86,32.24,196714,717817520.0,0.24,-1.18
2020-09-18,海康威视,002415,32.29,32.29,31.6,32.24,31.95,252678,918577680.0,0.31,0.91
2020-09-17,海康威视,002415,32.64,32.83,31.82,31.95,33.07,278000,1016701360.0,0.34,-3.39
2020-09-16,海康威视,002415,33.2,33.29,32.43,33.07,33.24,299136,1112542816.0,0.37,-0.51
2020-09-15,海康威视,002415,32.1,33.26,31.9,33.24,32.1,327232,1219489344.0,0.4,3.55
2020-09-14,海康威视,002415,31.8,32.1,31.48,32.1,31.78,294877,1067982000.0,0.36,1.01
2020-09-11,海康威视,002415,31.49,31.9,30.9,31.78,31.5,320156,1146500704.0,0.4,0.89
2020-09-10,海康威视,002415,32.1,32.26,31.31,31.5,31.7,287601,1040125616.0,0.36,-0.63
2020-09-09,海康威视,002415,31.56,32.2,30.84,31.7,31.9,404687,1454115376.0,0.5,-0.63
2020-09-08,海康威视,002415,32.15,32.55,31.58,31.9,31.99,423209,1540964528.0,0.52,-0.28
2020-09-07,海康威视,002415,33.01,33.31,31.99,31.99,33.45,543978,2019889600.0,0.67,-4.36
2020-09-04,海康威视,002415,33.2,33.58,32.75,33.45,34.02,412487,1552098416.0,0.51,-1.68
2020-09-03,海康威视,002415,34.05,34.76,33.8,34.02,34.02,442050,1711355040.0,0.55,0.0
2020-09-02,海康威视,002415,33.4,34.22,32.6,34.02,33.42,529158,2011824560.0,0.65,1.8
2020-09-01,海康威视,002415,33.01,33.9,32.97,33.42,33.02,321539,1214196512.0,0.4,1.21
2020-08-31,海康威视,002415,33.65,34.0,33.02,33.02,33.56,394392,1494019776.0,0.49,-1.61
2020-08-28,海康威视,002415,32.65,33.8,32.43,33.56,32.59,461777,1729649312.0,0.57,2.98
2020-08-27,海康威视,002415,33.28,33.5,32.42,32.59,33.29,412648,1534680272.0,0.51,-2.1
2020-08-26,海康威视,002415,33.81,34.15,33.13,33.29,33.98,310979,1178325856.0,0.38,-2.03
2020-08-25,海康威视,002415,34.14,34.45,33.79,33.98,34.2,351538,1349095664.0,0.43,-0.64
2020-08-24,海康威视,002415,33.59,34.58,33.48,34.2,33.25,526930,2032691520.0,0.65,2.86
2020-08-21,海康威视,002415,33.99,34.1,32.98,33.25,33.41,376436,1420529776.0,0.47,-0.48
2020-08-20,海康威视,002415,33.73,34.13,33.28,33.41,33.74,432422,1643668704.0,0.53,-0.98
2020-08-19,海康威视,002415,34.58,34.89,33.58,33.74,34.67,668358,2561816896.0,0.83,-2.68
2020-08-18,海康威视,002415,35.64,35.64,34.05,34.67,35.64,743389,2898720096.0,0.92,-2.72
2020-08-17,海康威视,002415,35.1,36.1,34.81,35.64,35.44,826263,3291051360.0,1.02,0.56
2020-08-14,海康威视,002415,34.85,36.08,34.63,35.44,35.24,538824,2147291552.0,0.67,0.57
2020-08-13,海康威视,002415,35.71,35.84,34.78,35.24,35.6,554638,2188135504.0,0.69,-1.01
2020-08-12,海康威视,002415,35.1,36.04,34.78,35.6,34.95,957054,3813485824.0,1.18,1.86
2020-08-11,海康威视,002415,33.91,35.96,33.91,34.95,33.56,1099507,4377089024.0,1.36,4.14
2020-08-10,海康威视,002415,33.7,34.08,32.98,33.56,34.32,524032,1985331184.0,0.65,-2.21
2020-08-07,海康威视,002415,33.69,34.9,33.35,34.32,33.97,754535,2920881328.0,0.93,1.03
2020-08-06,海康威视,002415,34.61,34.61,33.45,33.97,34.61,492717,1886982960.0,0.61,-1.85
2020-08-05,海康威视,002415,34.8,34.94,33.6,34.61,34.53,592916,2298965168.0,0.73,0.23
2020-08-04,海康威视,002415,34.14,34.88,33.61,34.53,34.13,764622,2965267280.0,0.94,1.17
2020-08-03,海康威视,002415,32.91,34.6,32.91,34.13,32.59,1067539,4100537264.0,1.32,4.73
2020-07-31,海康威视,002415,32.8,33.38,31.9,32.59,32.89,753060,2785918912.0,0.93,-0.91
2020-07-30,海康威视,002415,33.4,33.55,32.68,32.89,33.4,576872,2160582512.0,0.71,-1.53
2020-07-29,海康威视,002415,32.1,33.67,31.79,33.4,32.32,1064419,3953389168.0,1.31,3.34
2020-07-28,海康威视,002415,33.67,33.67,31.55,32.32,32.59,1141029,4176469104.0,1.41,-0.83
2020-07-27,海康威视,002415,30.5,32.59,30.5,32.59,29.23,1604993,5877424896.0,1.98,11.5
2020-07-24,海康威视,002415,30.2,30.73,29.08,29.23,31.0,789560,2692092080.0,0.98,-5.71
2020-07-23,海康威视,002415,31.0,31.49,30.05,31.0,31.67,776829,2721527872.0,0.96,-2.12
2020-07-22,海康威视,002415,31.28,32.3,30.8,31.67,30.29,901255,3256950320.0,1.11,4.56
2020-07-21,海康威视,002415,30.85,31.1,29.89,30.29,30.63,659800,2293715888.0,0.82,-1.11
2020-07-20,海康威视,002415,31.0,31.03,29.96,30.63,30.71,506928,1767051344.0,0.63,-0.26
2020-07-17,海康威视,002415,30.39,31.06,30.1,30.71,30.39,609828,2130215664.0,0.75,1.05
2020-07-16,海康威视,002415,31.6,32.27,29.6,30.39,31.63,974379,3414969536.0,1.2,-3.92
2020-07-15,海康威视,002415,32.21,32.73,31.6,31.63,32.15,740301,2696476816.0,0.91,-1.62
2020-07-14,海康威视,002415,33.04,33.15,31.6,32.15,33.23,831015,3049701120.0,1.03,-3.25
2020-07-13,海康威视,002415,32.5,33.6,32.1,33.23,32.56,900980,3366992560.0,1.11,2.06
2020-07-10,海康威视,002415,33.2,33.48,32.35,32.56,33.96,865508,3231395536.0,1.07,-4.12
2020-07-09,海康威视,002415,31.28,34.36,30.96,33.96,31.05,1307431,4882801152.0,1.62,9.37
2020-07-08,海康威视,002415,30.99,31.32,30.46,31.05,31.0,777203,2731735712.0,0.96,0.16
2020-07-07,海康威视,002415,31.6,32.58,30.6,31.0,30.96,1157908,4161313328.0,1.43,0.13
2020-07-06,海康威视,002415,29.22,31.65,29.21,30.96,28.98,1084252,3819919040.0,1.34,6.83
2020-07-03,海康威视,002415,28.5,29.08,28.04,28.98,28.68,702007,2310649296.0,0.87,1.05
2020-07-02,海康威视,002415,28.0,28.9,27.58,28.68,27.72,1002239,3297940064.0,1.24,3.46
2020-07-01,海康威视,002415,26.09,27.8,25.97,27.72,25.95,1134802,3591072816.0,1.4,6.82
2020-06-30,海康威视,002415,25.28,25.96,25.22,25.95,25.02,507268,1526316816.0,0.63,3.72
2020-06-29,海康威视,002415,25.58,25.6,24.9,25.02,25.87,430522,1272691232.0,0.53,-3.29
2020-06-24,海康威视,002415,25.62,26.1,25.41,25.87,25.61,406526,1227929040.0,0.5,1.02
2020-06-23,海康威视,002415,25.28,25.65,24.88,25.61,25.38,475302,1407464832.0,0.59,0.91
2020-06-22,海康威视,002415,25.78,26.07,25.27,25.38,25.78,507237,1517855360.0,0.63,-1.55
2020-06-19,海康威视,002415,25.49,26.02,25.27,25.78,25.6,565106,1705915424.0,0.7,0.7
2020-06-18,海康威视,002415,25.1,25.81,24.82,25.6,25.1,619090,1848057504.0,0.77,1.99
2020-06-17,海康威视,002415,24.38,25.1,23.94,25.1,24.2,612444,1781522928.0,0.76,3.72
2020-06-16,海康威视,002415,24.3,24.56,23.92,24.2,23.91,354937,1015972496.0,0.44,1.21
2020-06-15,海康威视,002415,23.99,24.29,23.89,23.91,24.42,330684,940704080.0,0.41,-2.09
2020-06-12,海康威视,002415,23.7,24.65,23.54,24.42,24.33,451691,1285973744.0,0.56,0.37
2020-06-11,海康威视,002415,24.7,24.81,24.13,24.33,24.88,454454,1309193184.0,0.56,-2.21
2020-06-10,海康威视,002415,24.95,24.95,24.48,24.88,24.85,326778,950354928.0,0.4,0.12
2020-06-09,海康威视,002415,25.14,25.19,24.66,24.85,24.97,277116,811527472.0,0.34,-0.48
2020-06-08,海康威视,002415,24.37,25.33,24.36,24.97,24.37,470575,1378683968.0,0.58,2.46
2020-06-05,海康威视,002415,24.24,24.39,24.02,24.37,24.24,262113,750988240.0,0.32,0.54
2020-06-04,海康威视,002415,24.16,24.34,23.92,24.24,24.16,314401,895994880.0,0.39,0.33
2020-06-03,海康威视,002415,24.32,24.4,24.0,24.16,24.22,318409,910889440.0,0.39,-0.25
2020-06-02,海康威视,002415,24.2,24.57,23.81,24.22,24.3,470341,1342960976.0,0.58,-0.33
2020-06-01,海康威视,002415,23.2,24.41,23.2,24.3,23.07,640902,1808425152.0,0.79,5.33
2020-05-29,海康威视,002415,23.35,23.45,22.91,23.07,23.31,397048,1091959264.0,0.49,-1.03
2020-05-28,海康威视,002415,23.2,23.43,22.76,23.31,23.22,280537,791177072.0,0.35,0.39
2020-05-27,海康威视,002415,23.29,23.56,23.09,23.22,23.28,276971,785352224.0,0.34,-0.26
2020-05-26,海康威视,002415,22.91,23.75,22.91,23.28,22.88,504573,1438104368.0,0.62,1.75
2020-05-25,海康威视,002415,23.28,23.46,22.3,22.88,24.86,852734,2391961088.0,1.05,-7.96
2020-05-22,海康威视,002415,24.89,25.51,24.58,24.86,24.51,524123,1577161360.0,0.65,1.43
2020-05-21,海康威视,002415,25.24,25.24,24.41,24.51,24.93,301195,898751216.0,0.37,-1.68
2020-05-20,海康威视,002415,25.1,25.11,24.76,24.93,25.25,289566,868228320.0,0.36,-1.27
2020-05-19,海康威视,002415,25.08,25.3,24.71,25.25,24.8,444318,1335117776.0,0.55,1.81
2020-05-18,海康威视,002415,25.55,25.55,24.57,24.8,25.78,599299,1797113712.0,0.74,-3.8
2020-05-15,海康威视,002415,26.1,26.3,25.55,25.78,26.11,410569,1270148480.0,0.51,-1.26
2020-05-14,海康威视,002415,26.83,26.83,26.05,26.11,26.95,356144,1117866688.0,0.44,-3.12
2020-05-13,海康威视,002415,26.9,27.02,26.7,26.95,27.06,184934,590361168.0,0.23,-0.41
2020-05-12,海康威视,002415,26.99,27.07,26.64,27.06,26.92,293004,938153856.0,0.36,0.52
2020-05-11,海康威视,002415,26.86,27.16,26.68,26.92,26.74,384722,1231353536.0,0.48,0.67
2020-05-08,海康威视,002415,26.81,27.38,26.71,26.74,26.48,342267,1096892304.0,0.42,0.98
2020-05-07,海康威视,002415,27.1,27.56,26.45,26.48,27.1,377644,1204812992.0,0.47,-2.29
2020-05-06,海康威视,002415,26.4,27.19,26.3,27.1,26.96,592047,1887194016.0,0.73,0.52
2020-04-30,海康威视,002415,26.3,27.15,26.2,26.96,26.07,510924,1627991776.0,0.63,3.41
2020-04-29,海康威视,002415,25.8,26.07,25.58,26.07,25.9,269962,837026480.0,0.33,0.66
2020-04-28,海康威视,002415,26.12,26.32,25.1,25.9,25.98,504013,1554738688.0,0.62,-0.31
2020-04-27,海康威视,002415,25.53,26.28,25.35,25.98,24.63,811016,2518610464.0,1.0,5.48
2020-04-24,海康威视,002415,24.79,24.94,24.42,24.63,24.8,267002,794572864.0,0.33,-0.69
2020-04-23,海康威视,002415,25.13,25.13,24.71,24.8,24.88,226487,679114048.0,0.28,-0.32
2020-04-22,海康威视,002415,24.6,25.18,24.42,24.88,24.89,248339,743307808.0,0.31,-0.04
2020-04-21,海康威视,002415,25.63,25.63,24.62,24.89,25.77,505536,1519701984.0,0.62,-3.41
2020-04-20,海康威视,002415,25.2,25.9,25.14,25.77,25.14,436979,1341889392.0,0.54,2.51
2020-04-17,海康威视,002415,25.29,25.57,25.08,25.14,25.0,408855,1244494160.0,0.51,0.56
2020-04-16,海康威视,002415,24.7,25.02,24.55,25.0,24.93,274524,821841808.0,0.34,0.28
2020-04-15,海康威视,002415,25.2,25.35,24.82,24.93,25.12,323626,974453984.0,0.4,-0.76
2020-04-14,海康威视,002415,24.44,25.13,24.39,25.12,24.06,538630,1611108368.0,0.67,4.41
2020-04-13,海康威视,002415,23.9,24.26,23.71,24.06,24.3,275933,800761120.0,0.34,-0.99
2020-04-10,海康威视,002415,24.91,24.91,23.99,24.3,24.99,402788,1188959792.0,0.5,-2.76
2020-04-09,海康威视,002415,25.57,25.63,24.8,24.99,25.49,489981,1474664224.0,0.61,-1.96
2020-04-08,海康威视,002415,25.85,25.85,25.24,25.49,26.03,440123,1345505440.0,0.54,-2.07
2020-04-07,海康威视,002415,26.35,26.6,25.41,26.03,25.68,743036,2299332704.0,0.92,1.36
2020-04-03,海康威视,002415,25.5,26.02,25.03,25.68,25.35,700597,2144867632.0,0.87,1.3
2020-04-02,海康威视,002415,23.79,25.35,23.71,25.35,23.88,794235,2357986096.0,0.98,6.16
2020-04-01,海康威视,002415,23.0,23.99,22.77,23.88,22.8,736792,2116047232.0,0.91,4.74
2020-03-31,海康威视,002415,22.78,23.2,22.73,22.8,22.38,396359,1109958352.0,0.49,1.88
2020-03-30,海康威视,002415,22.7,22.7,21.96,22.38,23.3,534868,1462659312.0,0.66,-3.95
2020-03-27,海康威视,002415,23.8,23.84,23.19,23.3,23.22,447083,1278946208.0,0.55,0.34
2020-03-26,海康威视,002415,23.75,23.75,23.04,23.22,23.75,428422,1220961248.0,0.53,-2.23
2020-03-25,海康威视,002415,23.57,24.15,23.47,23.75,22.74,627535,1811433936.0,0.78,4.44
2020-03-24,海康威视,002415,23.14,23.15,21.9,22.74,22.08,608331,1677744384.0,0.75,2.99
2020-03-23,海康威视,002415,22.92,23.08,22.07,22.08,23.98,681959,1882167392.0,0.84,-7.92
2020-03-20,海康威视,002415,24.49,24.66,23.49,23.98,23.93,576836,1675295744.0,0.71,0.21
2020-03-19,海康威视,002415,23.9,24.2,22.66,23.93,23.9,779805,2230432960.0,0.96,0.13
2020-03-18,海康威视,002415,24.3,25.2,23.9,23.9,23.92,701733,2087429744.0,0.87,-0.08
2020-03-17,海康威视,002415,24.97,25.5,22.81,23.92,25.0,923419,2682843168.0,1.14,-4.32
2020-03-16,海康威视,002415,27.08,27.1,24.78,25.0,26.94,741183,2287783008.0,0.92,-7.2
2020-03-13,海康威视,002415,26.4,27.4,25.08,26.94,27.78,713952,2246520560.0,0.88,-3.02
2020-03-12,海康威视,002415,28.1,28.28,27.65,27.78,28.76,476429,1572588736.0,0.59,-3.41
2020-03-11,海康威视,002415,29.65,29.65,28.7,28.76,29.3,401468,1369682032.0,0.5,-1.84
2020-03-10,海康威视,002415,27.91,29.47,27.91,29.3,28.38,589911,1994628080.0,0.73,3.24
2020-03-09,海康威视,002415,29.58,29.59,28.3,28.38,30.12,824201,2795943328.0,1.02,-5.78
2020-03-06,海康威视,002415,30.6,30.77,29.98,30.12,31.08,482673,1709746672.0,0.6,-3.09
2020-03-05,海康威视,002415,31.25,31.4,30.24,31.08,30.43,599224,2152390768.0,0.74,2.14
2020-03-04,海康威视,002415,30.4,30.72,29.7,30.43,30.75,594339,2095559248.0,0.73,-1.04
2020-03-03,海康威视,002415,31.1,31.85,30.4,30.75,30.5,795899,2886939648.0,0.98,0.82
2020-03-02,海康威视,002415,29.88,31.08,29.21,30.5,29.9,948811,3346843904.0,1.17,2.01
2020-02-28,海康威视,002415,30.7,31.6,29.78,29.9,31.7,658688,2346742288.0,0.81,-5.68
2020-02-27,海康威视,002415,32.0,32.49,31.1,31.7,31.8,516605,1904767744.0,0.64,-0.31
2020-02-26,海康威视,002415,32.67,33.04,31.65,31.8,33.25,683806,2546204272.0,0.85,-4.36
2020-02-25,海康威视,002415,32.89,33.5,31.89,33.25,33.95,757623,2879413904.0,0.94,-2.06
2020-02-24,海康威视,002415,33.9,34.49,33.41,33.95,34.3,612974,2395026128.0,0.76,-1.02
2020-02-21,海康威视,002415,33.69,34.99,33.46,34.3,33.69,820724,3246530784.0,1.01,1.81
2020-02-20,海康威视,002415,32.91,34.03,32.8,33.69,33.07,690398,2663056800.0,0.85,1.87
2020-02-19,海康威视,002415,31.81,33.41,31.47,33.07,31.73,982809,3695422704.0,1.21,4.22
2020-02-18,海康威视,002415,31.98,31.98,31.16,31.73,32.05,510121,1870151056.0,0.63,-1.0
2020-02-17,海康威视,002415,30.5,32.14,30.5,32.05,30.64,660872,2414717648.0,0.82,4.6
2020-02-14,海康威视,002415,30.64,31.66,30.25,30.64,30.86,537127,1933923568.0,0.66,-0.71
2020-02-13,海康威视,002415,30.8,31.55,30.51,30.86,30.9,456288,1651770272.0,0.56,-0.13
2020-02-12,海康威视,002415,30.3,31.01,29.93,30.9,30.46,443683,1579577344.0,0.55,1.44
2020-02-11,海康威视,002415,30.05,30.75,29.48,30.46,29.93,518130,1827309504.0,0.64,1.77
2020-02-10,海康威视,002415,29.92,30.05,29.4,29.93,30.1,452661,1574848752.0,0.56,-0.56
2020-02-07,海康威视,002415,29.9,30.4,29.38,30.1,30.4,467804,1635388480.0,0.58,-0.99
2020-02-06,海康威视,002415,30.01,30.63,29.31,30.4,30.0,500356,1761107360.0,0.62,1.33
2020-02-05,海康威视,002415,29.2,31.0,28.83,30.0,29.08,735559,2591506576.0,0.91,3.16
2020-02-04,海康威视,002415,27.72,29.19,27.7,29.08,27.37,642323,2177880576.0,0.79,6.25
2020-02-03,海康威视,002415,27.3,29.1,27.3,27.37,30.9,842329,2796702688.0,1.04,-11.42
2020-01-23,海康威视,002415,30.91,31.72,30.02,30.9,31.51,570624,2057230928.0,0.71,-1.94
2020-01-22,海康威视,002415,29.7,31.7,29.51,31.51,29.89,554186,1993790512.0,0.69,5.42
2020-01-21,海康威视,002415,30.57,30.96,29.78,29.89,31.02,492151,1734473856.0,0.61,-3.64
2020-01-20,海康威视,002415,30.5,31.57,30.4,31.02,30.57,488033,1766903920.0,0.6,1.47
2020-01-17,海康威视,002415,31.19,31.45,30.5,30.57,31.7,480211,1732968992.0,0.6,-3.56
2020-01-16,海康威视,002415,31.4,31.8,31.06,31.7,31.6,458343,1677054400.0,0.57,0.32
2020-01-15,海康威视,002415,30.22,31.9,29.92,31.6,30.26,599460,2161517152.0,0.74,4.43
2020-01-14,海康威视,002415,30.47,30.5,29.75,30.26,30.13,377195,1330874960.0,0.47,0.43
2020-01-13,海康威视,002415,29.65,30.4,29.4,30.13,29.26,508553,1785657232.0,0.63,2.97
2020-01-10,海康威视,002415,29.37,29.56,28.91,29.26,29.55,364428,1249566928.0,0.45,-0.98
2020-01-09,海康威视,002415,29.36,29.68,29.03,29.55,28.98,378910,1305627472.0,0.47,1.97
2020-01-08,海康威视,002415,28.91,29.69,28.8,28.98,29.3,360490,1234135904.0,0.45,-1.09
2020-01-07,海康威视,002415,29.35,29.86,29.07,29.3,29.31,314562,1084694848.0,0.39,-0.03
2020-01-06,海康威视,002415,28.9,30.02,28.46,29.31,29.07,589125,2035676272.0,0.73,0.83
2020-01-03,海康威视,002415,28.8,29.2,28.59,29.07,28.81,479010,1630745424.0,0.59,0.9
2020-01-02,海康威视,002415,27.8,29.27,27.47,28.81,27.64,749842,2530294944.0,0.93,4.23
2019-12-31,海康威视,002415,27.22,27.78,27.22,27.64,27.48,303717,992047008.0,0.38,0.58
2019-12-30,海康威视,002415,26.8,27.55,26.51,27.48,26.9,388684,1256064192.0,0.48,2.16
2019-12-27,海康威视,002415,27.26,27.47,26.86,26.9,27.26,302900,977075760.0,0.38,-1.32
2019-12-26,海康威视,002415,27.21,27.49,27.04,27.26,27.11,186279,602109088.0,0.23,0.55
2019-12-25,海康威视,002415,26.65,27.42,26.56,27.11,26.7,302765,976919312.0,0.37,1.54
2019-12-24,海康威视,002415,26.18,26.83,26.18,26.7,26.31,239927,760734688.0,0.3,1.48
2019-12-23,海康威视,002415,26.91,27.0,26.27,26.31,27.11,383207,1213529328.0,0.47,-2.95
2019-12-20,海康威视,002415,27.4,27.52,26.95,27.11,27.47,308083,992240976.0,0.38,-1.31
2019-12-19,海康威视,002415,27.91,28.15,27.07,27.47,28.0,413378,1347718080.0,0.51,-1.89
2019-12-18,海康威视,002415,27.5,28.5,27.44,28.0,27.67,575879,1908605360.0,0.71,1.19
2019-12-17,海康威视,002415,27.03,28.0,26.72,27.67,27.03,689372,2235968704.0,0.85,2.37
2019-12-16,海康威视,002415,27.0,27.31,26.72,27.03,26.8,540446,1733859728.0,0.67,0.86
2019-12-13,海康威视,002415,27.1,27.14,26.41,26.8,26.03,656293,2088719216.0,0.81,2.96
2019-12-12,海康威视,002415,26.27,26.27,25.81,26.03,26.25,387579,1204697744.0,0.48,-0.84
2019-12-11,海康威视,002415,25.6,26.65,25.55,26.25,25.49,694006,2179805360.0,0.86,2.98
2019-12-10,海康威视,002415,25.6,25.6,25.03,25.49,25.59,457238,1389884560.0,0.57,-0.39
2019-12-09,海康威视,002415,26.1,26.18,25.41,25.59,26.18,563313,1731641168.0,0.7,-2.25
2019-12-06,海康威视,002415,25.98,26.23,25.71,26.18,26.03,358134,1112623072.0,0.44,0.58
2019-12-05,海康威视,002415,25.68,26.08,25.51,26.03,25.42,462239,1429202656.0,0.57,2.4
2019-12-04,海康威视,002415,25.98,25.98,25.21,25.42,25.93,451482,1379409840.0,0.56,-1.97
2019-12-03,海康威视,002415,25.81,25.95,25.46,25.93,25.98,299643,923147696.0,0.37,-0.19
2019-12-02,海康威视,002415,26.58,26.62,25.71,25.98,26.31,332871,1036578624.0,0.41,-1.25
2019-11-29,海康威视,002415,26.48,26.58,25.96,26.31,26.65,257518,806365600.0,0.32,-1.28
2019-11-28,海康威视,002415,26.63,26.84,26.44,26.65,26.69,171240,542914864.0,0.21,-0.15
2019-11-27,海康威视,002415,26.7,26.88,26.31,26.69,26.9,282000,893916624.0,0.35,-0.78
2019-11-26,海康威视,002415,26.71,27.27,26.4,26.9,26.61,382821,1223151600.0,0.47,1.09
2019-11-25,海康威视,002415,26.6,27.05,25.83,26.61,26.89,509919,1604016864.0,0.63,-1.04
2019-11-22,海康威视,002415,28.48,28.56,26.82,26.89,28.36,541259,1765097808.0,0.67,-5.18
2019-11-21,海康威视,002415,28.5,28.65,27.8,28.36,28.59,329994,1099841376.0,0.41,-0.8
2019-11-20,海康威视,002415,28.9,29.1,28.37,28.59,28.89,264924,896083104.0,0.33,-1.04
2019-11-19,海康威视,002415,28.09,29.24,27.99,28.89,28.0,406624,1376545600.0,0.5,3.18
2019-11-18,海康威视,002415,27.44,28.34,27.44,28.0,27.7,341981,1131685616.0,0.42,1.08
2019-11-15,海康威视,002415,28.1,28.44,27.69,27.7,28.27,532564,1764862896.0,0.66,-2.02
2019-11-14,海康威视,002415,28.41,28.6,27.56,28.27,29.11,964944,3202503104.0,1.2,-2.89
2019-11-13,海康威视,002415,28.88,29.12,28.6,29.11,28.93,284245,966996592.0,0.35,0.62
2019-11-12,海康威视,002415,29.3,29.64,28.44,28.93,29.1,361704,1233965376.0,0.45,-0.58
2019-11-11,海康威视,002415,29.15,29.65,28.79,29.1,29.3,417557,1435986608.0,0.52,-0.68
2019-11-08,海康威视,002415,28.94,30.0,28.94,29.3,28.58,592083,2050853376.0,0.73,2.52
2019-11-07,海康威视,002415,28.55,28.83,28.06,28.58,28.47,298360,1002523520.0,0.37,0.39
2019-11-06,海康威视,002415,28.45,28.8,28.22,28.47,28.2,316178,1063924640.0,0.39,0.96
2019-11-05,海康威视,002415,27.86,28.65,27.86,28.2,27.75,438041,1460246752.0,0.54,1.62
2019-11-04,海康威视,002415,27.9,28.02,27.58,27.75,27.8,296493,974932960.0,0.37,-0.18
2019-11-01,海康威视,002415,27.15,28.0,27.1,27.8,27.25,371046,1217269856.0,0.46,2.02
2019-10-31,海康威视,002415,27.44,27.64,27.08,27.25,27.43,258343,835288880.0,0.32,-0.66
2019-10-30,海康威视,002415,27.58,27.73,27.14,27.43,27.44,289346,939357968.0,0.36,-0.04
2019-10-29,海康威视,002415,27.73,28.05,27.35,27.44,27.7,377570,1235908144.0,0.47,-0.94
2019-10-28,海康威视,002415,27.32,27.87,27.01,27.7,27.16,432578,1412306608.0,0.54,1.99
2019-10-25,海康威视,002415,26.54,27.26,26.21,27.16,26.73,351979,1121345488.0,0.44,1.61
2019-10-24,海康威视,002415,26.68,26.78,26.4,26.73,26.58,253416,803812672.0,0.31,0.56
2019-10-23,海康威视,002415,26.7,26.84,26.28,26.58,26.6,328896,1042401712.0,0.41,-0.08
2019-10-22,海康威视,002415,26.75,26.9,26.14,26.6,26.51,413303,1305533520.0,0.51,0.34
2019-10-21,海康威视,002415,25.88,26.99,25.8,26.51,25.34,777528,2453963360.0,0.96,4.62
2019-10-18,海康威视,002415,25.95,25.99,25.15,25.34,25.83,344626,1054209296.0,0.43,-1.9
2019-10-17,海康威视,002415,25.6,25.89,25.28,25.83,25.57,346788,1065918080.0,0.43,1.02
2019-10-16,海康威视,002415,25.46,26.18,25.22,25.57,25.21,464912,1430394400.0,0.58,1.43
2019-10-15,海康威视,002415,25.81,25.82,25.03,25.21,25.87,439829,1335902880.0,0.54,-2.55
2019-10-14,海康威视,002415,26.22,26.3,25.66,25.87,25.58,761101,2361943456.0,0.94,1.13
2019-10-11,海康威视,002415,25.41,25.9,25.08,25.58,25.8,844110,2586919216.0,1.05,-0.85
2019-10-10,海康威视,002415,25.25,25.95,24.23,25.8,27.2,1694386,5121728512.0,2.1,-5.15
2019-09-30,海康威视,002415,27.88,28.18,27.12,27.2,28.09,296074,962668512.0,0.37,-3.17
2019-09-27,海康威视,002415,28.1,28.4,27.82,28.09,28.1,280396,928747312.0,0.35,-0.04
2019-09-26,海康威视,002415,28.2,28.71,27.74,28.1,27.96,352982,1176877168.0,0.44,0.5
2019-09-25,海康威视,002415,28.78,28.82,27.9,27.96,28.99,364872,1214562272.0,0.45,-3.55
2019-09-24,海康威视,002415,29.09,29.39,28.64,28.99,28.94,307351,1049530688.0,0.38,0.17
2019-09-23,海康威视,002415,29.2,29.32,28.51,28.94,29.31,301434,1023749440.0,0.37,-1.26
2019-09-20,海康威视,002415,29.38,29.63,29.1,29.31,29.35,322794,1111526112.0,0.4,-0.14
2019-09-19,海康威视,002415,28.8,29.38,28.68,29.35,28.66,294022,1004460000.0,0.36,2.41
2019-09-18,海康威视,002415,28.53,28.72,28.23,28.66,28.5,273292,918536064.0,0.34,0.56
2019-09-17,海康威视,002415,29.19,29.19,28.21,28.5,29.4,357132,1203634560.0,0.44,-3.06
2019-09-16,海康威视,002415,29.89,30.06,29.0,29.4,29.4,402829,1396083504.0,0.5,0.0
2019-09-12,海康威视,002415,29.16,29.5,28.8,29.4,28.9,276573,948259472.0,0.34,1.73
2019-09-11,海康威视,002415,29.65,29.75,28.4,28.9,29.81,453604,1544300512.0,0.56,-3.05
2019-09-10,海康威视,002415,29.61,30.08,28.87,29.81,29.61,446606,1543538096.0,0.55,0.68
2019-09-09,海康威视,002415,29.1,30.08,29.1,29.61,28.79,574235,1992039760.0,0.71,2.85
2019-09-06,海康威视,002415,28.37,29.19,27.99,28.79,27.96,501356,1695252928.0,0.62,2.97
2019-09-05,海康威视,002415,28.1,28.85,27.77,27.96,27.97,435755,1459116016.0,0.54,-0.04
2019-09-04,海康威视,002415,28.11,28.14,27.28,27.97,28.19,409805,1346124592.0,0.51,-0.78
2019-09-03,海康威视,002415,26.4,28.23,26.3,28.19,26.4,723414,2357147296.0,0.9,6.78
2019-09-02,海康威视,002415,25.82,26.68,25.61,26.4,25.82,402234,1261100752.0,0.5,2.25
2019-08-30,海康威视,002415,25.92,26.45,25.61,25.82,25.42,518804,1614743536.0,0.64,1.57
2019-08-29,海康威视,002415,25.9,26.05,25.37,25.42,25.95,338740,1041885760.0,0.42,-2.04
2019-08-28,海康威视,002415,26.28,26.3,25.55,25.95,26.23,368840,1143044976.0,0.46,-1.07
2019-08-27,海康威视,002415,25.77,26.84,25.63,26.23,25.55,591295,1859925312.0,0.73,2.66
2019-08-26,海康威视,002415,25.51,25.94,25.25,25.55,26.58,652062,2000077824.0,0.81,-3.88
2019-08-23,海康威视,002415,26.7,27.0,26.43,26.58,26.7,352491,1121966992.0,0.44,-0.45
2019-08-22,海康威视,002415,26.75,27.32,26.42,26.7,26.5,490528,1568071248.0,0.61,0.75
2019-08-21,海康威视,002415,26.0,26.85,25.89,26.5,26.06,479908,1520268992.0,0.59,1.69
2019-08-20,海康威视,002415,26.38,26.85,25.84,26.06,26.18,457079,1434550048.0,0.57,-0.46
2019-08-19,海康威视,002415,25.25,26.5,25.23,26.18,24.91,737759,2295670496.0,0.91,5.1
2019-08-16,海康威视,002415,24.58,25.48,24.46,24.91,24.73,578666,1747736416.0,0.72,0.73
2019-08-15,海康威视,002415,23.4,24.96,23.11,24.73,24.1,586393,1719967072.0,0.73,2.61
2019-08-14,海康威视,002415,24.8,25.11,24.04,24.1,23.86,689187,2051033520.0,0.85,1.01
2019-08-13,海康威视,002415,24.32,24.54,23.5,23.86,24.69,600458,1743865488.0,0.74,-3.36
2019-08-12,海康威视,002415,23.05,24.81,23.05,24.69,22.99,632515,1839127616.0,0.78,7.39
2019-08-09,海康威视,002415,23.7,23.77,22.48,22.99,23.8,724034,2039653760.0,0.9,-3.4
2019-08-08,海康威视,002415,23.68,24.03,23.28,23.8,23.63,454652,1307958720.0,0.56,0.72
2019-08-07,海康威视,002415,23.89,24.09,23.56,23.63,23.6,430775,1246205184.0,0.53,0.13
2019-08-06,海康威视,002415,22.95,23.99,22.52,23.6,23.61,818051,2315134432.0,1.01,-0.04
2019-08-05,海康威视,002415,24.31,24.63,23.54,23.61,24.52,722342,2105343184.0,0.89,-3.71
2019-08-02,海康威视,002415,24.3,24.81,23.95,24.52,25.61,862409,2544347744.0,1.07,-4.26
2019-08-01,海康威视,002415,25.41,25.9,25.07,25.61,25.77,511754,1564912352.0,0.63,-0.62
2019-07-31,海康威视,002415,25.3,25.94,24.87,25.77,25.32,635981,1947285504.0,0.79,1.78
2019-07-30,海康威视,002415,25.95,26.46,25.28,25.32,25.76,605940,1871177136.0,0.75,-1.71
2019-07-29,海康威视,002415,25.7,26.0,25.28,25.76,25.7,574430,1766256192.0,0.71,0.23
2019-07-26,海康威视,002415,25.07,26.44,24.78,25.7,25.15,1006564,3090908512.0,1.25,2.19
2019-07-25,海康威视,002415,23.75,25.57,23.7,25.15,23.79,1382308,4153467024.0,1.71,5.72
2019-07-24,海康威视,002415,23.8,24.16,23.55,23.79,23.96,825031,2389201856.0,1.02,-0.71
2019-07-23,海康威视,002415,23.48,24.03,23.31,23.96,23.45,1054666,3043452800.0,1.31,2.17
2019-07-22,海康威视,002415,22.5,23.78,22.1,23.45,21.38,1840297,5178358272.0,2.28,9.68
2019-07-19,海康威视,002415,21.11,21.7,21.11,21.38,21.07,352368,935725296.0,0.44,1.47
2019-07-18,海康威视,002415,21.5,21.51,21.01,21.07,21.8,602251,1586715520.0,0.75,-3.35
2019-07-17,海康威视,002415,21.5,22.07,21.2,21.8,21.67,411046,1103914576.0,0.51,0.6
2019-07-16,海康威视,002415,21.91,22.0,21.65,21.67,22.05,333211,894586048.0,0.41,-1.72
2019-07-15,海康威视,002415,21.7,22.16,20.94,22.05,21.87,614475,1640350672.0,0.76,0.82
2019-07-12,海康威视,002415,21.91,22.11,21.58,21.87,21.91,356679,963412288.0,0.44,-0.18
2019-07-11,海康威视,002415,22.15,22.4,21.82,21.91,21.82,440074,1196656352.0,0.55,0.41
2019-07-10,海康威视,002415,21.89,22.2,21.64,21.82,21.57,463063,1250822320.0,0.57,1.16
2019-07-09,海康威视,002415,22.0,22.27,21.4,21.57,22.18,734515,1963338896.0,0.91,-2.75
2019-07-08,海康威视,002415,22.77,22.8,21.8,22.18,23.05,738479,2011755552.0,0.91,-3.77
2019-07-05,海康威视,002415,22.89,23.32,22.8,23.05,22.99,444653,1252768352.0,0.55,0.26
2019-07-04,海康威视,002415,23.27,23.65,22.8,22.99,23.27,581365,1638236048.0,0.72,-1.2
2019-07-03,海康威视,002415,23.95,23.96,23.01,23.27,24.21,796770,2268979008.0,0.99,-3.88
2019-07-02,海康威视,002415,24.5,24.67,23.99,24.21,24.74,791324,2325595520.0,0.98,-2.14
2019-07-01,海康威视,002415,24.2,24.9,23.48,24.74,22.48,1252291,3653125088.0,1.55,10.05
2019-06-28,海康威视,002415,22.55,22.75,22.02,22.48,22.48,620824,1706130752.0,0.77,0.0
2019-06-27,海康威视,002415,21.65,22.55,21.55,22.48,21.33,1033785,2824964160.0,1.28,5.39
2019-06-26,海康威视,002415,20.88,21.54,20.74,21.33,21.1,474177,1250809200.0,0.59,1.09
2019-06-25,海康威视,002415,21.75,21.93,20.73,21.1,21.74,840908,2200956944.0,1.04,-2.94
2019-06-24,海康威视,002415,21.76,22.01,21.46,21.74,22.3,674083,1806911952.0,0.83,-2.51
2019-06-21,海康威视,002415,22.17,22.77,21.72,22.3,22.04,961334,2627742704.0,1.19,1.18
2019-06-20,海康威视,002415,21.55,22.29,21.09,22.04,21.25,1047340,2812478448.0,1.3,3.72
2019-06-19,海康威视,002415,22.15,22.3,21.03,21.25,19.87,1494771,3984225376.0,1.85,6.95
2019-06-18,海康威视,002415,19.57,20.08,19.57,19.87,19.57,443020,1104007120.0,0.55,1.53
2019-06-17,海康威视,002415,20.08,20.25,19.51,19.57,20.3,676716,1683960480.0,0.84,-3.6
2019-06-14,海康威视,002415,20.45,20.89,20.04,20.3,20.59,656546,1681908128.0,0.81,-1.41
2019-06-13,海康威视,002415,20.52,20.75,20.11,20.59,20.52,555983,1417617600.0,0.69,0.34
2019-06-12,海康威视,002415,20.88,20.88,20.35,20.52,20.95,633104,1627215168.0,0.78,-2.05
2019-06-11,海康威视,002415,20.05,21.03,19.65,20.95,19.86,1108078,2837198720.0,1.37,5.49
2019-06-10,海康威视,002415,18.86,20.21,18.78,19.86,18.6,1032732,2551224352.0,1.28,6.77
2019-06-06,海康威视,002415,19.31,19.37,18.45,18.6,19.32,746488,1786770704.0,0.92,-3.73
2019-06-05,海康威视,002415,19.88,19.9,19.02,19.32,19.58,620194,1521887152.0,0.77,-1.33
2019-06-04,海康威视,002415,20.12,20.15,19.4,19.58,20.2,668247,1657647248.0,0.83,-3.07
2019-06-03,海康威视,002415,19.8,20.4,19.74,20.2,19.74,918222,2314272560.0,1.14,2.33
2019-05-31,海康威视,002415,19.85,20.06,19.67,19.74,20.09,706879,1761879024.0,0.88,-1.74
2019-05-30,海康威视,002415,19.8,20.34,19.41,20.09,19.92,713531,1783758992.0,0.88,0.85
2019-05-29,海康威视,002415,19.91,20.16,19.78,19.92,20.28,561006,1407504624.0,0.69,-1.78
2019-05-28,海康威视,002415,19.88,20.38,19.7,20.28,20.05,899833,2259197104.0,1.11,1.15
2019-05-27,海康威视,002415,19.45,20.16,18.91,20.05,19.57,1053757,2598694336.0,1.31,2.45
2019-05-24,海康威视,002415,18.99,20.08,18.91,19.57,18.86,1086822,2659557024.0,1.35,3.76
2019-05-23,海康威视,002415,19.6,19.8,18.8,18.86,20.37,1585531,3936405200.0,1.96,-7.41
2019-05-22,海康威视,002415,19.25,21.29,19.14,20.37,21.9,1589445,4087223632.0,1.97,-6.99
2019-05-21,海康威视,002415,21.09,22.22,21.09,21.9,21.29,563499,1553602048.0,0.7,2.87
2019-05-20,海康威视,002415,22.4,22.45,20.97,21.29,22.32,749519,2033200192.0,0.93,-4.61
2019-05-17,海康威视,002415,23.17,23.48,22.08,22.32,22.93,500021,1417874800.0,0.62,-2.66
2019-05-16,海康威视,002415,23.3,23.4,22.56,22.93,23.08,415716,1193254848.0,0.51,-0.65
2019-05-15,海康威视,002415,23.03,23.5,22.88,23.08,22.32,549116,1586540224.0,0.68,3.41
2019-05-14,海康威视,002415,21.7,22.76,21.59,22.32,21.58,847646,2374480944.0,1.05,3.43
2019-05-13,海康威视,002415,23.3,23.3,21.3,21.58,24.1,1029612,2862068944.0,1.28,-10.46
2019-05-10,海康威视,002415,23.85,24.38,22.37,24.1,23.33,551015,1622274192.0,0.68,3.3
2019-05-09,海康威视,002415,23.89,24.28,23.13,23.33,24.17,354088,1034210512.0,0.44,-3.48
2019-05-08,海康威视,002415,24.33,25.0,23.93,24.17,24.92,322941,970009392.0,0.4,-3.01
2019-05-07,海康威视,002415,24.51,25.39,24.05,24.92,24.51,540096,1649899296.0,0.67,1.67
2019-05-06,海康威视,002415,25.2,25.48,24.48,24.51,26.98,656105,2014648848.0,0.81,-9.15
2019-04-30,海康威视,002415,26.49,27.12,26.12,26.98,26.33,326555,1063404128.0,0.4,2.47
2019-04-29,海康威视,002415,26.1,26.95,25.61,26.33,26.1,401315,1286786608.0,0.5,0.88
2019-04-26,海康威视,002415,26.1,26.57,25.99,26.1,26.64,502627,1602785632.0,0.62,-2.03
2019-04-25,海康威视,002415,27.11,27.61,26.4,26.64,26.92,479594,1567806880.0,0.59,-1.04
2019-04-24,海康威视,002415,27.49,27.7,25.96,26.92,27.43,726434,2350972992.0,0.9,-1.86
2019-04-23,海康威视,002415,28.7,28.71,27.41,27.43,28.45,559664,1876378336.0,0.69,-3.59
2019-04-22,海康威视,002415,28.25,29.02,28.0,28.45,29.2,563518,1928806176.0,0.7,-2.57
2019-04-19,海康威视,002415,28.58,29.3,28.32,29.2,28.56,259926,895769536.0,0.32,2.24
2019-04-18,海康威视,002415,28.9,28.92,28.43,28.56,28.89,172736,593496240.0,0.21,-1.14
2019-04-17,海康威视,002415,28.85,29.25,28.6,28.89,28.9,358968,1243327120.0,0.44,-0.03
2019-04-16,海康威视,002415,28.2,28.9,27.3,28.9,28.32,562031,1893883536.0,0.7,2.05
2019-04-15,海康威视,002415,29.3,29.7,28.29,28.32,28.8,461602,1604319728.0,0.57,-1.67
2019-04-12,海康威视,002415,28.68,28.97,28.47,28.8,28.46,237375,815969056.0,0.29,1.19
2019-04-11,海康威视,002415,29.1,29.4,28.33,28.46,29.35,409198,1408650480.0,0.51,-3.03
2019-04-10,海康威视,002415,29.4,29.64,29.02,29.35,29.64,393451,1374234720.0,0.49,-0.98
2019-04-09,海康威视,002415,29.53,30.0,29.3,29.64,29.82,439862,1553094224.0,0.54,-0.6
2019-04-08,海康威视,002415,29.9,30.7,29.3,29.82,30.07,485954,1727678992.0,0.6,-0.83
2019-04-04,海康威视,002415,30.3,30.6,29.9,30.07,30.76,573970,2063447008.0,0.71,-2.24
2019-04-03,海康威视,002415,31.03,31.05,30.19,30.76,30.89,371451,1348348368.0,0.46,-0.42
2019-04-02,海康威视,002415,31.5,31.54,30.56,30.89,31.15,367736,1347483952.0,0.46,-0.83
2019-04-01,海康威视,002415,29.72,31.25,29.7,31.15,29.37,806141,2939593840.0,1.0,6.06
2019-03-29,海康威视,002415,27.98,29.44,27.98,29.37,28.2,445592,1544020416.0,0.55,4.15
2019-03-28,海康威视,002415,28.37,28.88,28.1,28.2,28.77,234675,801091776.0,0.29,-1.98
2019-03-27,海康威视,002415,28.62,28.95,27.96,28.77,28.22,279367,954450848.0,0.35,1.95
2019-03-26,海康威视,002415,28.6,28.85,27.9,28.22,28.2,355118,1211614688.0,0.44,0.07
2019-03-25,海康威视,002415,28.29,28.69,28.1,28.2,28.9,378688,1288693024.0,0.47,-2.42
2019-03-22,海康威视,002415,29.6,29.65,28.5,28.9,29.44,443431,1534638752.0,0.55,-1.83
2019-03-21,海康威视,002415,29.72,29.72,29.3,29.44,29.58,333056,1169590400.0,0.41,-0.47
2019-03-20,海康威视,002415,30.47,30.47,29.3,29.58,30.48,357032,1264172544.0,0.44,-2.95
2019-03-19,海康威视,002415,30.7,30.7,30.11,30.48,30.81,277027,999606672.0,0.34,-1.07
2019-03-18,海康威视,002415,29.75,30.81,29.4,30.81,30.15,486957,1753497936.0,0.6,2.19
2019-03-15,海康威视,002415,29.1,30.5,28.8,30.15,28.93,474256,1688046992.0,0.59,4.22
2019-03-14,海康威视,002415,28.98,29.4,28.5,28.93,29.0,271690,939206848.0,0.34,-0.24
2019-03-13,海康威视,002415,30.27,30.3,28.9,29.0,30.41,480311,1686281824.0,0.59,-4.64
2019-03-12,海康威视,002415,29.76,30.68,29.64,30.41,29.8,608456,2180482144.0,0.75,2.05
2019-03-11,海康威视,002415,28.4,29.88,28.28,29.8,28.7,493267,1721829424.0,0.61,3.83
2019-03-08,海康威视,002415,28.7,29.96,27.85,28.7,29.45,599655,2073729728.0,0.74,-2.55
2019-03-07,海康威视,002415,30.6,30.61,29.22,29.45,30.74,604224,2138790688.0,0.75,-4.2
2019-03-06,海康威视,002415,30.66,31.33,30.11,30.74,30.08,753092,2743046528.0,0.93,2.19
2019-03-05,海康威视,002415,29.9,30.38,29.65,30.08,30.25,489666,1745342896.0,0.61,-0.56
2019-03-04,海康威视,002415,29.45,31.18,29.45,30.25,28.99,887260,3200362640.0,1.1,4.35
2019-03-01,海康威视,002415,29.5,29.58,28.34,28.99,28.8,351936,1215366224.0,0.44,0.66
2019-02-28,海康威视,002415,28.38,28.95,28.14,28.8,28.4,307038,1054329616.0,0.38,1.41
2019-02-27,海康威视,002415,28.88,29.43,28.01,28.4,29.66,609022,2098280368.0,0.75,-4.25
2019-02-26,海康威视,002415,30.3,30.35,29.08,29.66,30.74,662271,2348842992.0,0.82,-3.51
2019-02-25,海康威视,002415,29.98,31.4,29.98,30.74,29.4,832148,3023760784.0,1.03,4.56
2019-02-22,海康威视,002415,28.25,29.4,28.1,29.4,28.3,419927,1451740464.0,0.52,3.89
2019-02-21,海康威视,002415,28.22,29.16,27.67,28.3,28.27,394670,1350552832.0,0.49,0.11
2019-02-20,海康威视,002415,28.31,28.8,27.61,28.27,28.0,318488,1077721056.0,0.39,0.96
2019-02-19,海康威视,002415,27.95,29.3,27.61,28.0,27.73,585413,1994269120.0,0.72,0.97
2019-02-18,海康威视,002415,26.7,27.97,26.39,27.73,26.23,447302,1471474304.0,0.55,5.72
2019-02-15,海康威视,002415,27.09,27.09,26.1,26.23,27.25,495349,1593390848.0,0.61,-3.74
2019-02-14,海康威视,002415,27.18,27.63,26.88,27.25,27.17,247290,814711792.0,0.31,0.29
2019-02-13,海康威视,002415,26.6,27.9,26.59,27.17,26.59,447268,1472950832.0,0.55,2.18
2019-02-12,海康威视,002415,26.78,27.1,26.38,26.59,26.74,244219,789436176.0,0.3,-0.56
2019-02-11,海康威视,002415,25.9,27.3,25.65,26.74,25.83,413906,1336594528.0,0.51,3.52
2019-02-01,海康威视,002415,24.64,25.84,24.33,25.83,24.33,453920,1406706416.0,0.56,6.17
2019-01-31,海康威视,002415,22.99,24.5,22.91,24.33,22.86,416216,1240288656.0,0.52,6.43
2019-01-30,海康威视,002415,23.21,23.6,22.85,22.86,23.37,216758,624922064.0,0.27,-2.18
2019-01-29,海康威视,002415,23.76,23.78,22.88,23.37,23.81,320675,930710560.0,0.4,-1.85
2019-01-28,海康威视,002415,23.78,24.76,23.68,23.81,23.6,394286,1183031040.0,0.49,0.89
2019-01-25,海康威视,002415,23.19,23.75,23.0,23.6,23.16,276717,806702688.0,0.34,1.9
2019-01-24,海康威视,002415,23.05,23.55,22.6,23.16,22.66,284329,821096784.0,0.35,2.21
2019-01-23,海康威视,002415,22.4,23.17,22.38,22.66,22.9,210026,596886992.0,0.26,-1.05
2019-01-22,海康威视,002415,23.6,23.6,22.8,22.9,23.6,277975,797620672.0,0.34,-2.97
2019-01-21,海康威视,002415,23.6,24.26,22.98,23.6,23.76,332638,977529600.0,0.41,-0.67
2019-01-18,海康威视,002415,23.67,23.94,23.32,23.76,23.37,260384,762298128.0,0.32,1.67
2019-01-17,海康威视,002415,23.68,24.07,23.33,23.37,23.48,239282,703814416.0,0.3,-0.47
2019-01-16,海康威视,002415,23.8,23.98,23.39,23.48,23.73,299588,880162400.0,0.37,-1.05
2019-01-15,海康威视,002415,22.45,23.82,22.26,23.73,22.32,459860,1339728544.0,0.57,6.32
2019-01-14,海康威视,002415,22.38,22.74,22.2,22.32,22.75,199130,558952480.0,0.25,-1.89
2019-01-11,海康威视,002415,22.73,23.18,22.18,22.75,22.63,252082,716389184.0,0.31,0.53
2019-01-10,海康威视,002415,22.4,22.97,22.13,22.63,22.43,348537,988940992.0,0.43,0.89
2019-01-09,海康威视,002415,22.02,22.8,21.58,22.43,21.5,481812,1355821328.0,0.6,4.33
2019-01-08,海康威视,002415,21.46,22.03,21.0,21.5,21.46,298116,814788720.0,0.37,0.19
2019-01-07,海康威视,002415,20.6,21.47,20.52,21.46,20.21,511260,1371283312.0,0.64,6.19
2019-01-04,海康威视,002415,19.45,20.55,19.21,20.21,19.62,308262,793272560.0,0.39,3.01
2019-01-03,海康威视,002415,19.83,20.03,19.15,19.62,19.95,250165,632671568.0,0.32,-1.65
2019-01-02,海康威视,002415,20.11,20.42,19.82,19.95,20.06,190109,489761008.0,0.24,-0.55
2018-12-28,海康威视,002415,20.31,20.52,19.82,20.06,20.1,163800,422866448.0,0.21,-0.2
2018-12-27,海康威视,002415,20.9,20.92,20.1,20.1,20.21,230156,603161712.0,0.29,-0.54
2018-12-26,海康威视,002415,20.49,20.64,20.1,20.21,20.42,149603,389320752.0,0.19,-1.03
2018-12-25,海康威视,002415,20.05,20.54,19.6,20.42,20.49,200163,515715568.0,0.25,-0.34
2018-12-24,海康威视,002415,20.37,20.9,20.23,20.49,20.35,143533,376872800.0,0.18,0.69
2018-12-21,海康威视,002415,21.08,21.23,20.21,20.35,21.23,304159,797694288.0,0.38,-4.15
2018-12-20,海康威视,002415,21.34,21.62,21.07,21.23,21.45,245934,663510784.0,0.31,-1.03
2018-12-19,海康威视,002415,21.53,21.77,21.21,21.45,21.52,177716,481817728.0,0.22,-0.33
2018-12-18,海康威视,002415,21.63,22.18,21.35,21.52,22.04,260163,711530928.0,0.33,-2.36
2018-12-17,海康威视,002415,21.85,22.25,21.63,22.04,22.27,188695,522068496.0,0.24,-1.03
2018-12-14,海康威视,002415,22.5,22.65,22.09,22.27,22.5,294556,824818080.0,0.37,-1.02
2018-12-13,海康威视,002415,21.77,22.54,21.62,22.5,21.73,459442,1287060592.0,0.58,3.54
2018-12-12,海康威视,002415,21.46,21.82,21.29,21.73,21.17,422540,1153430544.0,0.53,2.65
2018-12-11,海康威视,002415,20.71,21.17,20.68,21.17,21.08,292635,778619648.0,0.37,0.43
2018-12-10,海康威视,002415,21.13,21.55,20.48,21.08,21.61,317582,849381792.0,0.4,-2.45
2018-12-07,海康威视,002415,21.4,21.94,21.4,21.61,21.45,234752,643036624.0,0.3,0.75
2018-12-06,海康威视,002415,21.62,22.03,21.18,21.45,22.75,623794,1699252400.0,0.79,-5.71
2018-12-05,海康威视,002415,22.4,23.03,22.12,22.75,23.11,302612,856901328.0,0.38,-1.56
2018-12-04,海康威视,002415,23.52,23.64,22.72,23.11,23.55,388900,1122535648.0,0.49,-1.87
2018-12-03,海康威视,002415,23.92,24.19,22.7,23.55,21.47,984263,2875558560.0,1.24,9.69
2018-11-30,海康威视,002415,20.58,21.51,20.4,21.47,20.62,337677,902874032.0,0.43,4.12
2018-11-29,海康威视,002415,21.59,21.68,20.42,20.62,21.02,360225,963388288.0,0.46,-1.9
2018-11-28,海康威视,002415,20.15,21.17,19.88,21.02,20.02,447896,1186765632.0,0.57,5.0
2018-11-27,海康威视,002415,20.3,20.36,19.7,20.02,20.74,377695,968759952.0,0.48,-3.47
2018-11-26,海康威视,002415,20.32,20.93,20.32,20.74,20.66,192929,508655104.0,0.24,0.39
2018-11-23,海康威视,002415,20.81,20.95,20.1,20.66,21.08,399568,1043277072.0,0.51,-1.99
2018-11-22,海康威视,002415,20.99,21.22,20.74,21.08,20.82,224850,600217984.0,0.28,1.25
2018-11-21,海康威视,002415,20.58,21.27,19.95,20.82,21.02,481692,1272759648.0,0.61,-0.95
2018-11-20,海康威视,002415,22.5,22.5,20.88,21.02,23.57,1067216,2902839728.0,1.35,-10.82
2018-11-19,海康威视,002415,23.0,23.92,22.8,23.57,23.1,513039,1496226304.0,0.65,2.03
2018-11-16,海康威视,002415,22.29,23.77,22.02,23.1,22.16,605668,1737925568.0,0.77,4.24
2018-11-15,海康威视,002415,21.58,22.2,21.5,22.16,21.8,289846,801023408.0,0.37,1.65
2018-11-14,海康威视,002415,22.4,22.5,21.62,21.8,22.5,406869,1123580304.0,0.51,-3.11
2018-11-13,海康威视,002415,21.3,22.78,21.2,22.5,22.08,562622,1568115904.0,0.71,1.9
2018-11-12,海康威视,002415,20.77,22.3,20.62,22.08,20.65,596319,1629597264.0,0.75,6.92
2018-11-09,海康威视,002415,21.3,21.31,20.51,20.65,21.24,403470,1071706016.0,0.51,-2.78
2018-11-08,海康威视,002415,21.76,21.81,21.2,21.24,21.44,298179,810551888.0,0.38,-0.93
2018-11-07,海康威视,002415,21.95,22.3,21.35,21.44,21.9,443758,1219809232.0,0.56,-2.1
2018-11-06,海康威视,002415,22.68,22.68,21.39,21.9,22.53,501255,1378419696.0,0.63,-2.8
2018-11-05,海康威视,002415,22.3,22.79,22.03,22.53,22.31,944305,2651254304.0,1.19,0.99
2018-11-02,海康威视,002415,22.3,22.31,21.5,22.31,19.76,1582592,4411162368.0,2.0,12.9
2018-11-01,海康威视,002415,19.44,20.44,19.11,19.76,18.5,901939,2297490224.0,1.14,6.81
2018-10-31,海康威视,002415,18.15,18.55,17.85,18.5,17.9,350255,840140416.0,0.44,3.35
2018-10-30,海康威视,002415,18.5,18.54,17.41,17.9,18.29,365003,865763520.0,0.46,-2.13
2018-10-29,海康威视,002415,18.71,19.07,18.05,18.29,18.66,488201,1182315776.0,0.62,-1.98
2018-10-26,海康威视,002415,18.69,18.89,18.26,18.66,18.05,476118,1156532544.0,0.6,3.38
2018-10-25,海康威视,002415,17.2,18.37,17.1,18.05,18.22,541847,1262683168.0,0.69,-0.93
2018-10-24,海康威视,002415,17.8,18.53,17.8,18.22,17.98,519903,1242799232.0,0.66,1.33
2018-10-23,海康威视,002415,19.1,19.1,17.45,17.98,19.46,998331,2382363072.0,1.26,-7.61
2018-10-22,海康威视,002415,17.8,19.72,17.43,19.46,18.3,1275639,3107933984.0,1.61,6.34
2018-10-19,海康威视,002415,18.5,18.7,16.59,18.3,18.5,817801,1919069952.0,1.03,-1.08
2018-10-18,海康威视,002415,18.92,19.1,18.35,18.5,19.1,334629,816631328.0,0.42,-3.14
2018-10-17,海康威视,002415,19.1,19.3,18.33,19.1,18.57,261515,645956944.0,0.33,2.85
2018-10-16,海康威视,002415,18.95,19.34,18.41,18.57,18.86,246606,603103424.0,0.31,-1.54
2018-10-15,海康威视,002415,19.16,19.58,18.75,18.86,18.94,419184,1043932032.0,0.53,-0.42
2018-10-12,海康威视,002415,18.34,19.3,18.16,18.94,18.11,754962,1853864288.0,0.95,4.58
2018-10-11,海康威视,002415,18.29,18.7,17.67,18.11,19.29,798060,1911978096.0,1.01,-6.12
2018-10-10,海康威视,002415,19.28,19.6,18.71,19.29,19.24,493184,1226442768.0,0.62,0.26
2018-10-09,海康威视,002415,19.67,20.25,18.93,19.24,20.17,821518,2063728080.0,1.04,-4.61
2018-10-08,海康威视,002415,21.9,21.9,20.17,20.17,23.04,1054025,2766870112.0,1.33,-12.46
2018-09-28,海康威视,002415,23.29,23.3,22.42,23.04,23.06,358018,1023554416.0,0.45,-0.09
2018-09-27,海康威视,002415,23.08,23.36,22.8,23.06,23.3,503510,1451293056.0,0.64,-1.03
2018-09-26,海康威视,002415,22.91,24.3,22.65,23.3,22.9,831650,2425200912.0,1.05,1.75
2018-09-25,海康威视,002415,22.85,22.99,22.55,22.9,23.23,273582,780157120.0,0.35,-1.42
2018-09-21,海康威视,002415,21.9,23.33,21.55,23.23,21.83,550540,1564769504.0,0.7,6.41
2018-09-20,海康威视,002415,22.1,22.36,21.7,21.83,22.17,429719,1193820976.0,0.54,-1.53
2018-09-19,海康威视,002415,21.3,22.48,21.3,22.17,21.88,635722,1759520976.0,0.8,1.33
2018-09-18,海康威视,002415,22.2,22.35,20.71,21.88,21.99,482460,1312983120.0,0.61,-0.5
2018-09-17,海康威视,002415,21.9,22.2,21.4,21.99,22.06,266652,735578240.0,0.34,-0.32
2018-09-14,海康威视,002415,22.23,22.38,21.76,22.06,21.75,360941,1003247792.0,0.46,1.43
2018-09-13,海康威视,002415,21.5,22.25,20.94,21.75,20.99,610619,1665442608.0,0.77,3.62
2018-09-12,海康威视,002415,23.5,23.61,20.69,20.99,23.61,881566,2415001776.0,1.11,-11.1
2018-09-11,海康威视,002415,23.68,23.93,23.45,23.61,23.56,166455,488507360.0,0.21,0.21
2018-09-10,海康威视,002415,24.02,24.03,23.21,23.56,24.5,267931,784774528.0,0.34,-3.84
2018-09-07,海康威视,002415,25.65,26.22,24.2,24.5,25.6,423924,1302275664.0,0.54,-4.3
2018-09-06,海康威视,002415,26.22,26.76,25.51,25.6,26.58,267797,849541488.0,0.34,-3.69
2018-09-05,海康威视,002415,25.9,26.9,25.77,26.58,26.23,326489,1048824592.0,0.41,1.33
2018-09-04,海康威视,002415,25.75,26.45,25.41,26.23,25.5,243623,773011696.0,0.31,2.86
2018-09-03,海康威视,002415,25.81,26.1,25.22,25.5,25.75,167402,524368912.0,0.21,-0.97
2018-08-31,海康威视,002415,25.4,26.05,25.17,25.75,25.75,220948,690711792.0,0.28,0.0
2018-08-30,海康威视,002415,26.49,26.55,25.51,25.75,26.66,289488,916992112.0,0.37,-3.41
2018-08-29,海康威视,002415,26.4,26.76,26.12,26.66,26.45,168423,541775104.0,0.21,0.79
2018-08-28,海康威视,002415,26.92,27.18,26.3,26.45,27.05,243982,787382160.0,0.31,-2.22
2018-08-27,海康威视,002415,26.26,27.17,25.99,27.05,25.9,286683,929157984.0,0.36,4.44
2018-08-24,海康威视,002415,26.55,26.55,25.84,25.9,26.65,167624,532882672.0,0.21,-2.81
2018-08-23,海康威视,002415,26.5,27.15,26.22,26.65,26.53,152993,495761328.0,0.19,0.45
2018-08-22,海康威视,002415,27.3,27.3,26.34,26.53,27.3,196085,633205200.0,0.25,-2.82
2018-08-21,海康威视,002415,26.05,27.3,25.77,27.3,25.91,543843,1755988016.0,0.69,5.36
2018-08-20,海康威视,002415,25.75,26.28,25.24,25.91,24.94,296222,934171712.0,0.37,3.89
2018-08-17,海康威视,002415,25.84,26.15,24.73,24.94,25.32,244318,762695920.0,0.31,-1.5
2018-08-16,海康威视,002415,24.3,26.16,24.1,25.32,24.69,383815,1197631360.0,0.49,2.55
2018-08-15,海康威视,002415,25.72,25.81,24.36,24.69,25.71,279492,854184752.0,0.35,-3.97
2018-08-14,海康威视,002415,26.29,26.3,25.55,25.71,26.5,248648,783133072.0,0.31,-2.98
2018-08-13,海康威视,002415,26.0,26.55,25.61,26.5,26.3,348478,1110616336.0,0.44,0.76
2018-08-10,海康威视,002415,26.55,26.66,25.86,26.3,26.45,435221,1391318384.0,0.55,-0.57
2018-08-09,海康威视,002415,23.8,26.45,23.5,26.45,23.53,656326,2050614704.0,0.83,12.41
2018-08-08,海康威视,002415,24.95,24.95,23.38,23.53,24.47,457921,1365345200.0,0.58,-3.84
2018-08-07,海康威视,002415,24.21,24.5,23.48,24.47,24.37,439191,1303769952.0,0.56,0.41
2018-08-06,海康威视,002415,24.3,24.83,23.5,24.37,24.33,418081,1255360624.0,0.53,0.16
2018-08-03,海康威视,002415,25.81,26.33,23.2,24.33,26.21,768256,2330377552.0,0.97,-7.17
2018-08-02,海康威视,002415,25.81,27.28,25.63,26.21,27.48,580302,1849896448.0,0.73,-4.62
2018-08-01,海康威视,002415,29.46,29.46,27.17,27.48,28.88,318464,1079686416.0,0.4,-4.85
2018-07-31,海康威视,002415,28.35,29.23,28.35,28.88,28.6,266167,916864032.0,0.34,0.98
2018-07-30,海康威视,002415,29.0,29.58,27.63,28.6,29.24,365673,1246322032.0,0.46,-2.19
2018-07-27,海康威视,002415,29.8,29.86,29.08,29.24,29.65,178402,624287808.0,0.23,-1.38
2018-07-26,海康威视,002415,31.05,31.05,29.61,29.65,30.26,211727,757779328.0,0.27,-2.02
2018-07-25,海康威视,002415,31.23,31.28,30.05,30.26,31.15,328649,1185612992.0,0.42,-2.86
2018-07-24,海康威视,002415,30.65,31.35,30.22,31.15,31.04,402456,1469561632.0,0.51,0.35
2018-07-23,海康威视,002415,30.7,31.28,30.22,31.04,31.23,300850,1097675536.0,0.38,-0.61
2018-07-20,海康威视,002415,30.9,31.41,30.65,31.23,31.07,222270,818130576.0,0.28,0.51
2018-07-19,海康威视,002415,30.51,31.36,30.51,31.07,30.2,257243,944416800.0,0.33,2.88
2018-07-18,海康威视,002415,30.57,31.26,30.2,30.2,30.37,130313,474257872.0,0.16,-0.56
2018-07-17,海康威视,002415,30.76,30.99,29.67,30.37,31.0,188532,675009456.0,0.24,-2.03
2018-07-16,海康威视,002415,31.09,31.8,30.64,31.0,31.09,158008,582411888.0,0.2,-0.29
2018-07-13,海康威视,002415,30.9,31.36,30.71,31.09,30.7,211282,778126432.0,0.27,1.27
2018-07-12,海康威视,002415,29.49,31.08,29.41,30.7,29.5,362706,1318020320.0,0.46,4.07
2018-07-11,海康威视,002415,28.78,29.67,28.41,29.5,29.99,246960,862039360.0,0.31,-1.63
2018-07-10,海康威视,002415,29.63,30.26,29.4,29.99,29.24,313047,1111757408.0,0.4,2.56
2018-07-09,海康威视,002415,27.3,29.39,27.28,29.24,26.8,379703,1300566752.0,0.48,9.1
2018-07-06,海康威视,002415,28.26,28.41,25.32,26.8,27.73,486226,1586890304.0,0.61,-3.35
2018-07-05,海康威视,002415,28.32,28.88,27.19,27.73,28.29,345285,1160454576.0,0.44,-1.98
2018-07-04,海康威视,002415,29.75,30.03,28.2,28.29,29.75,344175,1190895600.0,0.44,-4.91
2018-07-03,海康威视,002415,30.7,31.21,29.0,29.75,30.7,439478,1555260560.0,0.56,-3.09
2018-07-02,海康威视,002415,31.33,31.99,30.37,30.7,31.43,159491,588114320.0,0.2,-2.32
2018-06-29,海康威视,002415,30.08,31.55,30.08,31.43,30.03,215063,786493280.0,0.27,4.66
2018-06-28,海康威视,002415,30.82,31.33,30.0,30.03,31.15,267119,970428992.0,0.34,-3.6
2018-06-27,海康威视,002415,31.89,32.38,30.79,31.15,31.8,211948,788948560.0,0.27,-2.04
2018-06-26,海康威视,002415,31.23,31.92,30.88,31.8,31.23,210707,782648608.0,0.27,1.83
2018-06-25,海康威视,002415,31.86,31.97,31.17,31.23,31.55,109673,408265200.0,0.14,-1.01
2018-06-22,海康威视,002415,31.35,31.58,30.55,31.55,31.29,139355,516179920.0,0.18,0.83
2018-06-21,海康威视,002415,32.07,32.27,31.1,31.29,32.12,230514,857504000.0,0.29,-2.58
2018-06-20,海康威视,002415,31.72,32.38,31.6,32.12,31.78,167505,630917968.0,0.21,1.07
2018-06-19,海康威视,002415,31.8,32.4,31.18,31.78,32.32,389595,1462138496.0,0.49,-1.67
2018-06-15,海康威视,002415,33.08,33.08,32.3,32.32,32.75,174988,670637632.0,0.22,-1.31
2018-06-14,海康威视,002415,33.01,33.54,32.72,32.75,33.15,133115,515366608.0,0.17,-1.21
2018-06-13,海康威视,002415,33.65,33.67,33.1,33.15,33.89,145846,568576784.0,0.18,-2.18
2018-06-12,海康威视,002415,33.2,33.89,33.06,33.89,33.5,209943,821707712.0,0.27,1.16
2018-06-11,海康威视,002415,32.93,33.57,32.4,33.5,33.35,221965,860763984.0,0.28,0.45
2018-06-08,海康威视,002415,34.17,34.24,33.1,33.35,34.11,181316,711363840.0,0.23,-2.23
2018-06-07,海康威视,002415,34.48,34.48,33.8,34.11,34.18,146317,581868816.0,0.19,-0.2
2018-06-06,海康威视,002415,34.35,34.89,33.83,34.18,34.34,234318,936220944.0,0.3,-0.47
2018-06-05,海康威视,002415,33.55,34.5,33.2,34.34,33.42,267916,1062102752.0,0.34,2.75
2018-06-04,海康威视,002415,33.3,33.58,32.94,33.42,33.01,212089,827780752.0,0.27,1.24
2018-06-01,海康威视,002415,33.49,33.49,32.6,33.01,33.45,148659,576839632.0,0.19,-1.32
2018-05-31,海康威视,002415,32.7,33.83,32.68,33.45,32.28,322753,1257835584.0,0.41,3.62
2018-05-30,海康威视,002415,32.96,32.96,31.94,32.28,32.99,271622,1036132464.0,0.34,-2.15
2018-05-29,海康威视,002415,32.65,33.53,32.4,32.99,32.96,251238,977289536.0,0.32,0.09
2018-05-28,海康威视,002415,31.3,33.4,31.03,32.96,32.9,424494,1623463904.0,0.54,0.18
2018-05-25,海康威视,002415,34.09,34.09,32.8,32.9,34.21,351173,1364237840.0,0.44,-3.83
2018-05-24,海康威视,002415,34.74,34.97,33.65,34.21,35.03,265507,1059808640.0,0.34,-2.34
2018-05-23,海康威视,002415,36.01,36.15,34.85,35.03,35.88,193898,795018688.0,0.25,-2.37
2018-05-22,海康威视,002415,35.95,36.02,35.35,35.88,35.8,142063,587576672.0,0.18,0.22
2018-05-21,海康威视,002415,35.2,36.18,35.2,35.8,35.0,186951,785957280.0,0.24,2.29
2018-05-18,海康威视,002415,35.2,35.28,34.39,35.0,35.29,160869,659114560.0,0.2,-0.82
2018-05-17,海康威视,002415,35.3,35.53,34.6,35.29,35.2,188570,777183904.0,0.24,0.26
2018-05-16,海康威视,002415,35.45,35.9,35.1,35.2,35.67,202516,846579856.0,0.26,-1.32
2018-05-15,海康威视,002415,35.8,35.9,35.3,35.67,35.48,219721,918979152.0,0.28,0.54
2018-05-14,海康威视,002415,34.58,35.8,34.56,35.48,33.78,471804,1960167104.0,0.6,5.03
2018-05-11,海康威视,002415,34.49,34.65,33.75,33.78,34.25,219075,885911056.0,0.28,-1.37
2018-05-10,海康威视,002415,33.51,34.25,33.4,34.25,33.42,262784,1051919216.0,0.33,2.48
2018-05-09,海康威视,002415,33.6,33.68,33.17,33.42,33.51,177940,704193376.0,0.23,-0.27
2018-05-08,海康威视,002415,33.3,33.7,32.8,33.51,33.09,310905,1230289440.0,0.39,1.27
2018-05-07,海康威视,002415,33.0,33.46,32.42,33.09,33.03,243700,954768784.0,0.31,0.18
2018-05-04,海康威视,002415,32.8,33.31,32.62,33.03,33.1,191691,752644208.0,0.24,-0.21
2018-05-03,海康威视,002415,32.67,33.26,32.4,33.1,32.92,229502,898763344.0,0.29,0.55
2018-05-02,海康威视,002415,33.3,33.58,32.31,32.92,32.3,430682,1680924032.0,0.54,1.92
2018-04-27,海康威视,002415,32.16,32.7,31.83,32.3,31.8,255046,981825504.0,0.32,1.57
2018-04-26,海康威视,002415,33.48,33.5,31.58,31.8,33.35,338142,1297749152.0,0.43,-4.65
2018-04-25,海康威视,002415,33.1,33.79,33.0,33.35,33.48,261411,1032403568.0,0.33,-0.39
2018-04-24,海康威视,002415,32.8,33.6,32.57,33.48,32.88,363113,1427796048.0,0.46,1.82
2018-04-23,海康威视,002415,32.88,33.8,32.46,32.88,32.13,371271,1456436448.0,0.47,2.33
2018-04-20,海康威视,002415,33.15,33.43,31.74,32.13,33.05,349768,1351479488.0,0.44,-2.78
2018-04-19,海康威视,002415,32.52,33.41,32.52,33.05,31.82,353505,1386238976.0,0.45,3.87
2018-04-18,海康威视,002415,32.29,32.56,30.3,31.82,31.79,880889,3324446128.0,1.11,0.09
2018-04-17,海康威视,002415,34.15,34.5,30.48,31.79,34.55,1002661,3807700192.0,1.27,-7.99
2018-04-16,海康威视,002415,35.3,35.69,34.22,34.55,35.34,232909,956396976.0,0.29,-2.24
2018-04-13,海康威视,002415,35.53,35.8,35.01,35.34,35.08,109942,457309056.0,0.14,0.74
2018-04-12,海康威视,002415,36.11,36.3,34.9,35.08,35.76,134224,558186976.0,0.17,-1.9
2018-04-11,海康威视,002415,36.3,36.75,35.6,35.76,35.84,203407,861487408.0,0.26,-0.22
2018-04-10,海康威视,002415,34.94,35.84,34.53,35.84,34.49,234527,975920576.0,0.3,3.91
2018-04-09,海康威视,002415,34.9,35.32,34.3,34.49,34.9,153671,630311696.0,0.19,-1.17
2018-04-04,海康威视,002415,35.16,35.55,34.42,34.9,35.15,175035,721588240.0,0.22,-0.71
2018-04-03,海康威视,002415,34.56,35.39,34.19,35.15,34.63,244115,1003835088.0,0.31,1.5
2018-04-02,海康威视,002415,35.28,35.8,34.33,34.63,35.1,228243,939325424.0,0.29,-1.34
2018-03-30,海康威视,002415,35.32,35.79,34.88,35.1,35.3,176237,732904240.0,0.22,-0.57
2018-03-29,海康威视,002415,36.08,36.08,34.0,35.3,35.83,302681,1240884752.0,0.38,-1.48
2018-03-28,海康威视,002415,36.81,37.08,35.58,35.83,37.83,439963,1866515856.0,0.56,-5.29
2018-03-27,海康威视,002415,36.88,38.1,36.88,37.83,36.69,355809,1556670848.0,0.45,3.11
2018-03-26,海康威视,002415,36.3,36.85,34.86,36.69,36.59,295130,1244839664.0,0.37,0.27
2018-03-23,海康威视,002415,34.92,36.62,34.33,36.59,37.06,527767,2198182576.0,0.67,-1.27
2018-03-22,海康威视,002415,37.57,38.38,36.98,37.06,37.36,283783,1245667584.0,0.36,-0.8
2018-03-21,海康威视,002415,36.93,38.1,36.67,37.36,36.4,401112,1754924240.0,0.51,2.64
2018-03-20,海康威视,002415,35.84,36.65,35.69,36.4,36.3,165520,703081120.0,0.21,0.28
2018-03-19,海康威视,002415,35.51,36.78,35.51,36.3,35.46,226091,959282368.0,0.29,2.37
2018-03-16,海康威视,002415,36.76,36.79,35.39,35.46,36.89,331141,1396988832.0,0.45,-3.88
2018-03-15,海康威视,002415,36.45,37.46,36.4,36.89,36.75,196989,849843984.0,0.27,0.38
2018-03-14,海康威视,002415,37.12,37.48,36.39,36.75,37.39,206143,886325280.0,0.28,-1.71
2018-03-13,海康威视,002415,37.75,37.8,36.91,37.39,37.75,213975,932892896.0,0.29,-0.95
2018-03-12,海康威视,002415,37.9,38.39,37.21,37.75,37.53,294323,1293220016.0,0.4,0.59
2018-03-09,海康威视,002415,36.72,37.9,36.18,37.53,36.26,435254,1891232176.0,0.59,3.5
2018-03-08,海康威视,002415,35.47,36.6,34.93,36.26,35.4,262229,1104309456.0,0.36,2.43
2018-03-07,海康威视,002415,36.8,36.8,35.0,35.4,36.9,309861,1306295056.0,0.42,-4.07
2018-03-06,海康威视,002415,36.8,37.4,36.43,36.9,36.54,194412,837393936.0,0.26,0.99
2018-03-05,海康威视,002415,36.76,37.25,35.95,36.54,36.6,234506,1001083024.0,0.32,-0.16
2018-03-02,海康威视,002415,37.83,38.0,36.52,36.6,38.09,368528,1596061984.0,0.5,-3.91
2018-03-01,海康威视,002415,35.99,38.1,35.86,38.09,36.37,530295,2317379840.0,0.72,4.73
2018-02-28,海康威视,002415,35.91,36.99,35.82,36.37,36.35,269404,1149234192.0,0.37,0.06
2018-02-27,海康威视,002415,37.3,38.2,35.8,36.35,36.8,521031,2246306816.0,0.71,-1.22
2018-02-26,海康威视,002415,35.06,37.38,35.06,36.8,34.78,624765,2669265232.0,0.85,5.81
2018-02-23,海康威视,002415,34.6,35.1,34.24,34.78,34.24,263541,1078937424.0,0.36,1.58
2018-02-22,海康威视,002415,34.0,34.3,33.48,34.24,33.25,248291,998337584.0,0.34,2.98
2018-02-14,海康威视,002415,33.28,33.72,32.47,33.25,33.02,188523,742405104.0,0.26,0.7
2018-02-13,海康威视,002415,33.21,33.84,32.86,33.02,32.72,250267,987912288.0,0.34,0.92
2018-02-12,海康威视,002415,31.79,33.03,31.19,32.72,31.16,397619,1531775968.0,0.54,5.01
2018-02-09,海康威视,002415,30.95,31.61,30.3,31.16,32.33,450790,1674228288.0,0.61,-3.62
2018-02-08,海康威视,002415,30.39,32.42,30.3,32.33,30.2,498385,1886271968.0,0.68,7.05
2018-02-07,海康威视,002415,31.4,32.03,30.1,30.2,30.41,465443,1733454528.0,0.63,-0.69
2018-02-06,海康威视,002415,31.62,32.0,29.4,30.41,32.79,692116,2558966432.0,0.94,-7.26
2018-02-05,海康威视,002415,33.5,33.89,32.71,32.79,33.99,365325,1437607728.0,0.5,-3.53
2018-02-02,海康威视,002415,33.69,34.17,33.5,33.99,33.48,243625,974978464.0,0.33,1.52
2018-02-01,海康威视,002415,33.99,34.55,33.24,33.48,33.7,301169,1209515472.0,0.41,-0.65
2018-01-31,海康威视,002415,33.5,34.0,33.15,33.7,33.4,209623,835759200.0,0.28,0.9
2018-01-30,海康威视,002415,33.28,33.93,32.43,33.4,33.4,277015,1092851632.0,0.38,0.0
2018-01-29,海康威视,002415,35.1,35.25,33.3,33.4,34.88,459419,1838687952.0,0.62,-4.24
2018-01-26,海康威视,002415,34.9,35.43,34.64,34.88,35.09,231619,953480256.0,0.31,-0.6
2018-01-25,海康威视,002415,35.25,35.8,34.65,35.09,34.8,361963,1499174528.0,0.49,0.83
2018-01-24,海康威视,002415,36.4,36.5,34.8,34.8,36.0,419926,1751999760.0,0.57,-3.33
2018-01-23,海康威视,002415,35.61,37.04,35.61,36.0,35.35,420094,1785943424.0,0.57,1.84
2018-01-22,海康威视,002415,34.05,35.46,34.0,35.35,34.1,361192,1489855824.0,0.49,3.67
2018-01-19,海康威视,002415,34.39,34.65,33.65,34.1,34.4,303485,1223854080.0,0.41,-0.87
2018-01-18,海康威视,002415,35.55,35.57,34.2,34.4,35.16,395608,1615405120.0,0.54,-2.16
2018-01-17,海康威视,002415,36.45,36.67,34.2,35.16,36.39,454656,1879509568.0,0.62,-3.38
2018-01-16,海康威视,002415,36.3,37.59,36.18,36.39,36.39,403520,1740740544.0,0.55,0.0
2018-01-15,海康威视,002415,36.7,37.01,35.8,36.39,36.62,392886,1676775200.0,0.53,-0.63
2018-01-12,海康威视,002415,35.92,36.78,35.41,36.62,35.7,363777,1540282400.0,0.49,2.58
2018-01-11,海康威视,002415,35.61,36.35,35.28,35.7,35.42,319410,1340410256.0,0.43,0.79
2018-01-10,海康威视,002415,35.07,35.8,34.68,35.42,34.7,455704,1891878256.0,0.62,2.07
2018-01-09,海康威视,002415,34.7,35.1,34.09,34.7,34.6,338418,1382592144.0,0.46,0.29
2018-01-08,海康威视,002415,33.58,34.65,33.49,34.6,33.58,420682,1703500160.0,0.57,3.04
2018-01-05,海康威视,002415,34.3,34.3,33.48,33.58,34.3,339317,1353928112.0,0.46,-2.1
2018-01-04,海康威视,002415,33.79,34.4,33.44,34.3,33.44,421046,1693894496.0,0.58,2.57
2018-01-03,海康威视,002415,32.95,34.3,32.95,33.44,32.93,461042,1840326240.0,0.64,1.55
2018-01-02,海康威视,002415,33.09,33.45,32.35,32.93,32.8,242669,949143504.0,0.33,0.4
2017-12-29,海康威视,002415,32.2,33.24,32.2,32.8,32.4,278139,1086131168.0,0.38,1.23
2017-12-28,海康威视,002415,31.79,32.58,31.77,32.4,31.77,212948,819144928.0,0.29,1.98
2017-12-27,海康威视,002415,33.26,33.56,31.66,31.77,33.56,331255,1282769296.0,0.46,-5.33
2017-12-26,海康威视,002415,33.74,33.8,32.32,33.56,33.84,350502,1375803840.0,0.48,-0.83
2017-12-25,海康威视,002415,33.82,33.97,33.1,33.84,33.77,240812,958076272.0,0.33,0.21
2017-12-22,海康威视,002415,33.79,34.08,33.4,33.77,33.7,244285,975209408.0,0.34,0.21
2017-12-21,海康威视,002415,31.68,34.12,31.61,33.7,31.6,606540,2389555104.0,0.84,6.65
2017-12-20,海康威视,002415,31.98,32.06,31.33,31.6,31.83,281226,1067354688.0,0.39,-0.72
2017-12-19,海康威视,002415,31.73,32.06,31.35,31.83,31.43,240949,914239584.0,0.33,1.27
2017-12-18,海康威视,002415,31.54,31.82,30.98,31.43,31.75,201219,758477808.0,0.28,-1.01
2017-12-15,海康威视,002415,32.7,32.86,31.5,31.75,32.72,257764,985385888.0,0.36,-2.96
2017-12-14,海康威视,002415,33.39,33.46,32.37,32.72,33.21,293542,1141935552.0,0.4,-1.48
2017-12-13,海康威视,002415,32.65,33.32,32.36,33.21,32.65,298692,1169047152.0,0.41,1.72
2017-12-12,海康威视,002415,33.25,33.67,32.55,32.65,33.17,262528,1029490784.0,0.36,-1.57
2017-12-11,海康威视,002415,32.1,33.2,32.1,33.17,32.0,393502,1534063328.0,0.54,3.66
2017-12-08,海康威视,002415,30.64,32.06,30.63,32.0,30.84,326043,1230580512.0,0.45,3.76
2017-12-07,海康威视,002415,31.75,31.75,30.58,30.84,31.7,290324,1077696336.0,0.4,-2.71
2017-12-06,海康威视,002415,32.24,32.49,31.0,31.7,31.98,296133,1124140656.0,0.41,-0.88
2017-12-05,海康威视,002415,31.99,32.99,31.7,31.98,32.19,292385,1128247760.0,0.4,-0.65
2017-12-04,海康威视,002415,31.24,32.7,30.96,32.19,31.3,322262,1234000560.0,0.44,2.84
2017-12-01,海康威视,002415,30.8,31.43,30.29,31.3,30.81,274364,1023039008.0,0.38,1.59
2017-11-30,海康威视,002415,31.95,31.95,30.4,30.81,32.12,415570,1546741504.0,0.57,-4.08
2017-11-29,海康威视,002415,32.4,32.69,31.49,32.12,31.97,362562,1388841712.0,0.5,0.47
2017-11-28,海康威视,002415,31.35,32.03,31.0,31.97,31.05,330516,1247528256.0,0.46,2.96
2017-11-27,海康威视,002415,31.77,32.0,30.01,31.05,31.3,404355,1507450096.0,0.56,-0.8
2017-11-24,海康威视,002415,32.0,32.41,30.49,31.3,31.8,629147,2361082720.0,0.87,-1.57
2017-11-23,海康威视,002415,35.5,35.55,31.8,31.8,35.46,683763,2701059152.0,0.94,-10.32
2017-11-22,海康威视,002415,36.3,36.53,34.2,35.46,36.08,558343,2314915360.0,0.77,-1.72
2017-11-21,海康威视,002415,35.23,36.31,34.96,36.08,35.35,571199,2388644080.0,0.79,2.07
2017-11-20,海康威视,002415,33.9,35.43,33.07,35.35,33.6,524628,2132575472.0,0.72,5.21
2017-11-17,海康威视,002415,34.3,34.6,33.22,33.6,34.5,470761,1881846832.0,0.65,-2.61
2017-11-16,海康威视,002415,33.12,34.8,32.72,34.5,33.44,623535,2495996256.0,0.86,3.17
2017-11-15,海康威视,002415,35.0,35.18,32.69,33.44,35.5,920012,3668420224.0,1.27,-5.8
2017-11-14,海康威视,002415,36.83,37.46,35.5,35.5,36.8,488307,2069181168.0,0.67,-3.53
2017-11-13,海康威视,002415,36.32,37.31,35.86,36.8,36.33,358778,1539431920.0,0.49,1.29
2017-11-10,海康威视,002415,35.09,36.68,34.6,36.33,35.1,432349,1813633696.0,0.6,3.5
2017-11-09,海康威视,002415,33.78,35.46,33.47,35.1,33.5,352802,1432419104.0,0.49,4.78
2017-11-08,海康威视,002415,33.89,34.8,32.88,33.5,33.91,468785,1882424528.0,0.65,-1.21
2017-11-07,海康威视,002415,33.56,34.68,33.45,33.91,33.7,391315,1574033280.0,0.54,0.62
2017-11-06,海康威视,002415,32.42,34.8,32.42,33.7,32.75,523193,2089035904.0,0.72,2.9
2017-11-03,海康威视,002415,32.8,33.51,32.6,32.75,32.42,325279,1275775248.0,0.45,1.02
2017-11-02,海康威视,002415,32.42,32.79,31.6,32.42,32.45,251327,966723168.0,0.35,-0.09
2017-11-01,海康威视,002415,33.25,33.28,32.1,32.45,33.08,478012,1848732752.0,0.66,-1.9
2017-10-31,海康威视,002415,30.71,33.08,30.71,33.08,30.6,559299,2147717408.0,0.77,8.1
2017-10-30,海康威视,002415,30.1,31.28,30.1,30.6,29.8,437444,1619006368.0,0.6,2.68
2017-10-27,海康威视,002415,30.1,30.48,29.38,29.8,29.98,300531,1081919104.0,0.41,-0.6
2017-10-26,海康威视,002415,29.86,30.72,29.7,29.98,30.71,388251,1411419648.0,0.53,-2.38
2017-10-25,海康威视,002415,29.77,30.8,29.57,30.71,29.56,302001,1103282336.0,0.42,3.89
2017-10-24,海康威视,002415,29.35,29.68,29.0,29.56,29.5,194029,689985248.0,0.27,0.2
2017-10-23,海康威视,002415,29.45,30.1,29.3,29.5,29.4,201876,724299552.0,0.28,0.34
2017-10-20,海康威视,002415,29.86,29.9,29.15,29.4,29.86,200561,714194992.0,0.28,-1.54
2017-10-19,海康威视,002415,30.57,30.91,29.8,29.86,30.61,248744,907300064.0,0.34,-2.45
2017-10-18,海康威视,002415,30.15,30.61,29.42,30.61,29.9,322566,1165983872.0,0.44,2.37
2017-10-17,海康威视,002415,30.05,30.6,29.45,29.9,30.24,402017,1453487728.0,0.55,-1.12
2017-10-16,海康威视,002415,29.61,30.68,29.01,30.24,28.8,507922,1846618528.0,0.7,5.0
2017-10-13,海康威视,002415,28.99,29.38,28.4,28.8,28.6,316763,1111319552.0,0.44,0.7
2017-10-12,海康威视,002415,28.4,28.76,28.06,28.6,28.36,441501,1529146400.0,0.61,0.85
2017-10-11,海康威视,002415,26.28,28.36,26.28,28.36,26.21,827590,2796783504.0,1.14,8.2
2017-10-10,海康威视,002415,26.1,26.5,25.81,26.21,25.93,339905,1097370384.0,0.47,1.08
2017-10-09,海康威视,002415,26.46,26.6,25.76,25.93,25.8,507439,1644904176.0,0.7,0.5
2017-09-29,海康威视,002415,25.32,25.81,25.24,25.8,25.26,258151,820271376.0,0.36,2.14
2017-09-28,海康威视,002415,25.09,25.65,25.05,25.26,25.05,277389,874952528.0,0.38,0.84
2017-09-27,海康威视,002415,25.07,25.47,25.05,25.05,25.28,364563,1146032240.0,0.5,-0.91
2017-09-26,海康威视,002415,25.51,25.7,24.9,25.28,25.68,236479,743562576.0,0.33,-1.56
2017-09-25,海康威视,002415,26.66,26.68,25.3,25.68,26.57,284960,919611776.0,0.39,-3.35
2017-09-22,海康威视,002415,26.75,26.86,26.15,26.57,26.75,268192,877532528.0,0.37,-0.67
2017-09-21,海康威视,002415,26.29,26.78,25.96,26.75,25.94,342927,1121282288.0,0.47,3.12
2017-09-20,海康威视,002415,25.9,26.08,25.72,25.94,25.89,195084,626996320.0,0.27,0.19
2017-09-19,海康威视,002415,26.19,26.2,25.54,25.89,25.94,197798,635200240.0,0.27,-0.19
2017-09-18,海康威视,002415,26.63,26.91,25.92,25.94,26.39,397073,1297060864.0,0.55,-1.71
2017-09-15,海康威视,002415,26.69,26.71,26.28,26.39,26.25,179738,588098384.0,0.25,0.53
2017-09-14,海康威视,002415,26.91,26.91,26.24,26.25,26.85,191648,626050176.0,0.26,-2.23
2017-09-13,海康威视,002415,26.54,26.87,26.1,26.85,26.54,210896,691805328.0,0.29,1.17
2017-09-12,海康威视,002415,26.6,26.73,25.8,26.54,26.4,391181,1265666016.0,0.54,0.53
2017-09-11,海康威视,002415,27.02,27.48,26.12,26.4,26.83,351950,1157837088.0,0.48,-1.6
2017-09-08,海康威视,002415,26.85,27.27,26.64,26.83,26.98,223833,740952080.0,0.31,-0.56
2017-09-07,海康威视,002415,27.37,27.48,26.62,26.98,27.52,267931,888043760.0,0.37,-1.96
2017-09-06,海康威视,002415,27.98,27.98,27.11,27.52,27.92,296932,998666032.0,0.41,-1.43
2017-09-05,海康威视,002415,27.91,28.37,27.53,27.92,28.17,294313,1001540368.0,0.41,-0.89
2017-09-04,海康威视,002415,26.77,28.27,26.52,28.17,26.74,597398,2029704768.0,0.82,5.35
2017-09-01,海康威视,002415,25.96,27.06,25.96,26.74,25.95,608953,1998840176.0,0.84,3.04
2017-08-31,海康威视,002415,25.8,26.02,25.03,25.95,25.67,309666,985625424.0,0.43,1.09
2017-08-30,海康威视,002415,25.82,26.0,25.54,25.67,25.7,203460,649876224.0,0.28,-0.12
2017-08-29,海康威视,002415,25.97,26.13,25.5,25.7,25.81,262308,838448720.0,0.36,-0.43
2017-08-28,海康威视,002415,25.01,25.95,24.98,25.81,24.85,510120,1623213744.0,0.7,3.86
2017-08-25,海康威视,002415,24.33,25.0,24.33,24.85,24.3,216543,671632112.0,0.3,2.26
2017-08-24,海康威视,002415,24.79,25.03,24.24,24.3,24.83,294353,904417520.0,0.41,-2.13
2017-08-23,海康威视,002415,25.36,25.36,24.65,24.83,25.1,143176,445884976.0,0.2,-1.08
2017-08-22,海康威视,002415,24.92,25.42,24.91,25.1,24.85,275225,862695216.0,0.38,1.01
2017-08-21,海康威视,002415,25.08,25.32,24.42,24.85,24.96,332498,1029031440.0,0.46,-0.44
2017-08-18,海康威视,002415,24.95,25.48,24.82,24.96,25.25,214951,672014768.0,0.3,-1.15
2017-08-17,海康威视,002415,25.56,25.68,24.9,25.25,25.43,376637,1185923168.0,0.52,-0.71
2017-08-16,海康威视,002415,24.22,25.8,24.08,25.43,24.34,742238,2323111360.0,1.02,4.48
2017-08-15,海康威视,002415,24.04,24.62,23.81,24.34,23.95,446423,1360589408.0,0.62,1.63
2017-08-14,海康威视,002415,23.0,23.96,22.8,23.95,23.03,520606,1560876992.0,0.72,3.99
2017-08-11,海康威视,002415,23.25,23.84,22.94,23.03,23.44,263813,781035152.0,0.36,-1.75
2017-08-10,海康威视,002415,22.88,23.89,22.82,23.44,22.88,423747,1258722576.0,0.58,2.45
2017-08-09,海康威视,002415,22.38,23.16,22.23,22.88,22.36,332926,965285120.0,0.46,2.33
2017-08-08,海康威视,002415,22.7,22.98,22.3,22.36,22.73,202846,584104688.0,0.28,-1.63
2017-08-07,海康威视,002415,22.42,22.95,21.97,22.73,22.43,229337,662171808.0,0.32,1.34
2017-08-04,海康威视,002415,22.5,22.79,21.82,22.43,22.49,343181,977339472.0,0.47,-0.27
2017-08-03,海康威视,002415,23.5,23.55,22.38,22.49,23.42,499492,1444513728.0,0.69,-3.97
2017-08-02,海康威视,002415,23.5,23.87,23.27,23.42,23.5,273178,811075072.0,0.38,-0.34
2017-08-01,海康威视,002415,23.88,24.01,23.27,23.5,23.8,284599,848048976.0,0.39,-1.26
2017-07-31,海康威视,002415,23.68,24.1,23.13,23.8,23.67,318744,951702416.0,0.44,0.55
2017-07-28,海康威视,002415,23.8,23.9,23.39,23.67,23.78,204548,611466800.0,0.28,-0.46
2017-07-27,海康威视,002415,23.7,23.98,23.01,23.78,23.54,275823,821973584.0,0.38,1.02
2017-07-26,海康威视,002415,24.76,24.76,23.5,23.54,24.32,422396,1267649824.0,0.58,-3.21
2017-07-25,海康威视,002415,24.58,24.86,24.26,24.32,24.26,355430,1093876688.0,0.49,0.25
2017-07-24,海康威视,002415,24.68,24.68,23.58,24.26,24.39,462476,1403057120.0,0.64,-0.53
2017-07-21,海康威视,002415,24.26,25.07,24.2,24.39,23.8,671326,2072629392.0,0.92,2.48
2017-07-20,海康威视,002415,23.8,24.1,23.45,23.8,23.77,399976,1200711568.0,0.55,0.13
2017-07-19,海康威视,002415,22.78,23.9,22.68,23.77,22.67,574522,1702949552.0,0.79,4.85
2017-07-18,海康威视,002415,23.0,23.55,22.02,22.67,23.58,681116,1962102928.0,0.94,-3.86
2017-07-17,海康威视,002415,24.05,24.05,22.33,23.58,23.93,490712,1448037744.0,0.68,-1.46
2017-07-14,海康威视,002415,24.22,24.25,23.65,23.93,23.9,304299,916904240.0,0.42,0.13
2017-07-13,海康威视,002415,23.66,24.2,23.41,23.9,23.51,495409,1488912320.0,0.68,1.66
2017-07-12,海康威视,002415,24.61,24.72,23.21,23.51,24.41,562587,1689216368.0,0.78,-3.69
2017-07-11,海康威视,002415,23.41,24.57,23.33,24.41,23.21,686751,2075160176.0,0.95,5.17
2017-07-10,海康威视,002415,23.83,23.86,22.8,23.21,23.93,541222,1594761024.0,0.75,-3.01
2017-07-07,海康威视,002415,24.42,24.42,23.83,23.93,24.65,418317,1264305008.0,0.58,-2.92
2017-07-06,海康威视,002415,24.4,25.14,23.92,24.65,24.55,565152,1740376256.0,0.78,0.41
2017-07-05,海康威视,002415,23.85,24.76,23.62,24.55,24.01,564808,1722262224.0,0.78,2.25
2017-07-04,海康威视,002415,24.81,24.93,23.52,24.01,25.04,897116,2712893344.0,1.24,-4.11
2017-07-03,海康威视,002415,26.08,26.08,24.7,25.04,26.1,604942,1892758320.0,0.83,-4.06
2017-06-30,海康威视,002415,25.8,26.29,25.61,26.1,26.3,433873,1393901136.0,0.6,-0.76
2017-06-29,海康威视,002415,25.2,26.3,25.2,26.3,25.05,711942,2288859440.0,0.98,4.99
2017-06-28,海康威视,002415,25.21,25.76,24.8,25.05,25.48,639547,2003788944.0,0.88,-1.69
2017-06-27,海康威视,002415,25.94,25.94,25.03,25.48,25.83,682594,2164478608.0,0.94,-1.36
2017-06-26,海康威视,002415,25.77,26.34,25.53,25.83,25.5,822392,2642792288.0,1.13,1.29
2017-06-23,海康威视,002415,25.3,25.87,24.9,25.5,25.01,747462,2358424608.0,1.03,1.96
2017-06-22,海康威视,002415,24.93,25.44,24.68,25.01,24.95,964615,3012890080.0,1.33,0.24
2017-06-21,海康威视,002415,23.09,24.97,23.0,24.95,22.99,1075489,3265261328.0,1.48,8.53
2017-06-20,海康威视,002415,23.3,23.36,22.73,22.99,23.04,396797,1155609792.0,0.55,-0.22
2017-06-19,海康威视,002415,23.4,23.53,22.78,23.04,23.34,456557,1333527168.0,0.63,-1.29
2017-06-16,海康威视,002415,23.15,23.36,22.48,23.34,22.96,698397,2037154576.0,0.96,1.66
2017-06-15,海康威视,002415,23.08,23.35,22.5,22.96,23.1,685695,1989880368.0,0.94,-0.61
2017-06-14,海康威视,002415,24.48,24.48,23.09,23.1,24.52,801898,2381101824.0,1.1,-5.79
2017-06-13,海康威视,002415,24.1,25.0,23.81,24.52,24.5,553280,1697194608.0,0.76,0.08
2017-06-12,海康威视,002415,24.62,25.13,23.92,24.5,25.02,698625,2139908176.0,0.96,-2.08
2017-06-09,海康威视,002415,23.7,25.39,23.7,25.02,23.36,784172,2424212288.0,1.08,7.11
2017-06-08,海康威视,002415,23.34,23.71,23.03,23.36,23.35,456848,1349627664.0,0.63,0.04
2017-06-07,海康威视,002415,22.46,23.58,22.46,23.35,22.42,611332,1791860416.0,0.84,4.15
2017-06-06,海康威视,002415,21.75,22.45,21.48,22.42,21.79,392908,1113507968.0,0.54,2.89
2017-06-05,海康威视,002415,21.4,22.25,21.38,21.79,21.66,307236,859556960.0,0.42,0.6
2017-06-02,海康威视,002415,21.8,22.16,21.31,21.66,21.75,463138,1295495520.0,0.64,-0.41
2017-06-01,海康威视,002415,20.3,22.36,20.25,21.75,20.3,837976,2312995840.0,1.15,7.14
2017-05-31,海康威视,002415,20.55,20.87,19.7,20.3,20.54,571972,1509359472.0,0.79,-1.17
2017-05-26,海康威视,002415,21.21,21.36,20.25,20.54,21.11,572661,1531758384.0,0.79,-2.7
2017-05-25,海康威视,002415,21.55,21.83,20.61,21.11,21.73,478146,1309195008.0,0.66,-2.85
2017-05-24,海康威视,002415,21.6,21.92,21.17,21.73,21.93,413060,1146592320.0,0.57,-0.91
2017-05-23,海康威视,002415,21.69,22.6,21.48,21.93,21.72,635395,1792559616.0,0.88,0.97
2017-05-22,海康威视,002415,20.3,21.79,20.13,21.72,20.38,519290,1427233840.0,0.72,6.58
2017-05-19,海康威视,002415,20.09,20.85,19.63,20.38,20.08,392316,1042937856.0,0.54,1.49
2017-05-18,海康威视,002415,19.56,20.15,19.05,20.08,19.73,457291,1183527792.0,0.63,1.77
2017-05-17,海康威视,002415,20.85,20.86,19.6,19.73,20.97,669088,1762333280.0,0.92,-5.91
2017-05-16,海康威视,002415,20.25,21.07,19.83,20.97,20.18,478878,1278627056.0,0.66,3.91
2017-05-15,海康威视,002415,19.36,20.18,19.36,20.18,19.34,277157,1102876160.0,0.57,4.34
2017-05-12,海康威视,002415,19.2,19.65,18.85,19.34,19.2,180437,700717824.0,0.37,0.73
2017-05-11,海康威视,002415,18.82,19.4,18.75,19.2,19.04,283204,1093561872.0,0.59,0.84
2017-05-10,海康威视,002415,17.48,19.44,17.48,19.04,17.72,402866,1528952384.0,0.83,7.45
2017-05-09,海康威视,002415,17.24,17.78,16.91,17.72,17.14,228405,819592832.0,0.47,3.38
2017-05-08,海康威视,002415,18.34,18.34,17.09,17.14,18.07,245000,887603936.0,0.51,-5.15
2017-05-05,海康威视,002415,18.24,18.59,17.99,18.07,18.24,174096,648857680.0,0.36,-0.93
2017-05-04,海康威视,002415,17.6,18.39,17.14,18.24,17.4,227966,837061968.0,0.47,4.83
2017-05-03,海康威视,002415,17.19,17.74,17.08,17.4,17.26,180780,652422704.0,0.37,0.81
2017-05-02,海康威视,002415,17.11,17.59,16.74,17.26,17.78,160516,572979072.0,0.33,-2.92
2017-04-28,海康威视,002415,17.54,17.78,16.9,17.78,17.87,274941,983913872.0,0.57,-0.5
2017-04-27,海康威视,002415,18.27,18.3,17.06,17.87,18.47,367964,1342239024.0,0.76,-3.25
2017-04-26,海康威视,002415,18.44,18.84,18.12,18.47,18.44,288147,1078509088.0,0.6,0.16
2017-04-25,海康威视,002415,17.54,18.79,17.42,18.44,17.42,358844,1340474560.0,0.74,5.86
2017-04-24,海康威视,002415,17.68,18.0,16.74,17.42,17.6,262618,949779600.0,0.54,-1.02
2017-04-21,海康威视,002415,17.4,18.14,16.94,17.6,17.32,288331,1048588656.0,0.6,1.62
2017-04-20,海康威视,002415,16.44,17.72,16.34,17.32,16.35,432076,1546161632.0,0.89,5.93
2017-04-19,海康威视,002415,16.52,16.67,16.06,16.35,16.22,232475,798878032.0,0.48,0.8
2017-04-18,海康威视,002415,15.6,16.3,15.46,16.22,15.37,366464,1242831952.0,0.76,5.53
2017-04-17,海康威视,002415,15.27,15.6,15.12,15.37,15.14,182432,601220576.0,0.38,1.52
2017-04-14,海康威视,002415,15.44,15.78,15.06,15.14,14.99,276924,912139168.0,0.57,1.0
2017-04-13,海康威视,002415,14.78,15.04,14.64,14.99,14.77,139557,450804064.0,0.29,1.49
2017-04-12,海康威视,002415,14.83,15.08,14.53,14.77,14.82,135027,432557456.0,0.28,-0.34
2017-04-11,海康威视,002415,15.01,15.08,14.47,14.82,15.01,194551,622629600.0,0.4,-1.27
2017-04-10,海康威视,002415,15.0,15.24,14.75,15.01,15.0,116265,377524512.0,0.24,0.07
2017-04-07,海康威视,002415,14.78,15.08,14.74,15.0,14.79,171826,554819920.0,0.36,1.42
2017-04-06,海康威视,002415,14.68,14.96,14.6,14.79,14.67,210226,673134704.0,0.43,0.82
2017-04-05,海康威视,002415,14.77,15.42,14.58,14.67,14.67,386274,1240419200.0,0.8,0.0
2017-03-31,海康威视,002415,14.54,14.88,14.52,14.67,14.55,172475,550817120.0,0.36,0.82
2017-03-30,海康威视,002415,14.98,15.17,14.09,14.55,15.07,250486,795827472.0,0.52,-3.45
2017-03-29,海康威视,002415,15.07,15.52,15.0,15.07,15.04,144002,470725568.0,0.3,0.2
2017-03-28,海康威视,002415,14.98,15.37,14.89,15.04,15.04,126547,411678320.0,0.26,0.0
2017-03-27,海康威视,002415,15.25,15.58,14.94,15.04,15.15,172727,564652896.0,0.36,-0.73
2017-03-24,海康威视,002415,14.41,15.69,14.35,15.15,14.43,292615,957215472.0,0.6,4.99
2017-03-23,海康威视,002415,14.4,14.59,14.3,14.43,14.44,118404,373509552.0,0.24,-0.07
2017-03-22,海康威视,002415,13.67,14.53,13.64,14.44,13.86,197724,615629232.0,0.41,4.18
2017-03-21,海康威视,002415,13.54,13.86,13.36,13.86,13.52,143971,437238816.0,0.3,2.51
2017-03-20,海康威视,002415,13.51,13.8,13.37,13.52,13.51,75349,227585436.0,0.16,0.07
2017-03-17,海康威视,002415,13.64,13.85,13.5,13.51,13.62,120611,367309936.0,0.25,-0.81
2017-03-16,海康威视,002415,13.54,13.72,13.48,13.62,13.37,137717,417961168.0,0.28,1.87
2017-03-15,海康威视,002415,13.47,13.48,13.32,13.37,13.39,74104,222060147.0,0.15,-0.15
2017-03-14,海康威视,002415,13.54,13.64,13.27,13.39,13.52,113289,340738160.0,0.23,-0.96
2017-03-13,海康威视,002415,13.1,13.7,13.08,13.52,13.11,205430,618551712.0,0.42,3.13
2017-03-10,海康威视,002415,12.7,13.2,12.65,13.11,12.7,190073,556981952.0,0.39,3.23
2017-03-09,海康威视,002415,12.67,12.86,12.6,12.7,12.68,93158,269908288.0,0.19,0.16
2017-03-08,海康威视,002415,13.06,13.07,12.66,12.68,12.74,116167,338324800.0,0.24,-0.47
2017-03-07,海康威视,002415,12.74,13.24,12.66,12.74,12.66,199375,584465776.0,0.41,0.63
2017-03-06,海康威视,002415,12.74,12.86,12.6,12.66,12.7,138749,401427808.0,0.29,-0.31
2017-03-03,海康威视,002415,12.4,12.72,12.18,12.7,12.4,110668,317299936.0,0.23,2.42
2017-03-02,海康威视,002415,12.14,12.47,12.14,12.4,12.1,131959,374710848.0,0.27,2.48
2017-03-01,海康威视,002415,12.08,12.39,12.0,12.1,12.06,135795,381682288.0,0.28,0.33
2017-02-28,海康威视,002415,11.98,12.16,11.92,12.06,12.02,102728,287064960.0,0.21,0.33
2017-02-27,海康威视,002415,12.19,12.43,11.95,12.02,12.23,131778,370422192.0,0.27,-1.72
2017-02-24,海康威视,002415,12.58,12.66,12.19,12.23,12.66,144933,411390448.0,0.3,-3.4
2017-02-23,海康威视,002415,12.7,12.97,12.47,12.66,12.59,205129,596155744.0,0.42,0.56
2017-02-22,海康威视,002415,12.51,12.71,12.34,12.59,12.5,144355,413960592.0,0.3,0.72
2017-02-21,海康威视,002415,12.6,12.72,12.21,12.5,12.5,164884,469642832.0,0.34,0.0
2017-02-20,海康威视,002415,12.44,12.71,12.24,12.5,12.18,276831,792630496.0,0.57,2.63
2017-02-17,海康威视,002415,12.0,13.0,11.94,12.18,12.01,349618,995204720.0,0.72,1.42
2017-02-16,海康威视,002415,11.61,12.04,11.42,12.01,11.48,226268,626504048.0,0.47,4.62
2017-02-15,海康威视,002415,11.59,11.62,11.38,11.48,11.46,121626,330380672.0,0.25,0.17
2017-02-14,海康威视,002415,11.47,11.6,11.33,11.46,11.5,109140,294971936.0,0.23,-0.35
2017-02-13,海康威视,002415,10.95,11.6,10.94,11.5,10.88,196333,527997776.0,0.41,5.7
2017-02-10,海康威视,002415,11.04,11.06,10.87,10.88,11.0,125860,330744688.0,0.26,-1.09
2017-02-09,海康威视,002415,11.1,11.27,10.98,11.0,11.12,108456,288264032.0,0.23,-1.08
2017-02-08,海康威视,002415,10.69,11.16,10.54,11.12,10.64,136922,359745056.0,0.28,4.51
2017-02-07,海康威视,002415,10.8,10.84,10.54,10.64,10.74,118859,306966608.0,0.25,-0.93
2017-02-06,海康威视,002415,11.0,11.18,10.65,10.74,11.0,186635,487920608.0,0.39,-2.36
2017-02-03,海康威视,002415,10.92,11.07,10.78,11.0,10.82,179644,474334848.0,0.37,1.66
2017-01-26,海康威视,002415,10.81,10.96,10.66,10.82,10.78,112373,293696912.0,0.23,0.37
2017-01-25,海康威视,002415,10.47,10.96,10.44,10.78,10.54,185100,482533056.0,0.39,2.28
2017-01-24,海康威视,002415,10.27,10.59,10.24,10.54,10.22,198165,506415232.0,0.41,3.13
2017-01-23,海康威视,002415,10.18,10.4,10.11,10.22,10.15,115633,293157600.0,0.24,0.69
2017-01-20,海康威视,002415,10.06,10.2,9.98,10.15,10.06,93054,233512629.0,0.19,0.89
2017-01-19,海康威视,002415,10.08,10.18,9.97,10.06,10.07,161050,403326096.0,0.34,-0.1
2017-01-18,海康威视,002415,9.66,10.11,9.66,10.07,9.72,308553,765507664.0,0.64,3.6
2017-01-17,海康威视,002415,9.64,9.73,9.48,9.72,9.51,179203,436474816.0,0.37,2.21
2017-01-16,海康威视,002415,9.64,9.74,9.36,9.51,9.67,168336,407963232.0,0.35,-1.65
2017-01-13,海康威视,002415,9.7,9.83,9.55,9.67,9.6,138623,338180848.0,0.29,0.73
2017-01-12,海康威视,002415,9.73,9.8,9.46,9.6,9.78,106423,258507186.0,0.22,-1.84
2017-01-11,海康威视,002415,9.92,10.04,9.78,9.78,9.79,238922,589969136.0,0.5,-0.1
2017-01-10,海康威视,002415,9.6,9.94,9.59,9.79,9.58,230811,567698544.0,0.48,2.19
2017-01-09,海康威视,002415,9.34,9.74,9.3,9.58,9.47,167261,405631392.0,0.35,1.16
2017-01-06,海康威视,002415,9.62,9.7,9.42,9.47,9.6,163845,396836448.0,0.34,-1.35
2017-01-05,海康威视,002415,9.51,9.64,9.26,9.6,9.51,188674,453524064.0,0.4,0.95
2017-01-04,海康威视,002415,9.54,9.61,9.41,9.51,9.56,206741,499729408.0,0.44,-0.52
2017-01-03,海康威视,002415,9.37,9.66,9.26,9.56,9.28,133313,322501872.0,0.28,3.02
2016-12-30,海康威视,002415,9.38,9.45,9.26,9.28,9.26,68290,163086831.0,0.14,0.22
2016-12-29,海康威视,002415,9.18,9.36,9.12,9.26,9.19,97666,232544062.0,0.21,0.76
2016-12-28,海康威视,002415,9.04,9.38,9.01,9.19,8.87,204874,487631840.0,0.43,3.61
2016-12-27,海康威视,002415,9.08,9.14,8.84,8.87,8.72,130728,305687504.0,0.28,1.72
2016-12-26,海康威视,002415,8.88,8.88,8.54,8.72,8.91,95380,218208423.0,0.2,-2.13
2016-12-23,海康威视,002415,8.74,9.11,8.48,8.91,8.68,190550,441796224.0,0.4,2.65
2016-12-22,海康威视,002415,8.84,8.92,8.66,8.68,8.84,100174,230734573.0,0.21,-1.81
2016-12-21,海康威视,002415,8.82,9.03,8.79,8.84,8.82,94632,219856353.0,0.2,0.23
2016-12-20,海康威视,002415,8.98,8.98,8.74,8.82,8.99,83059,192213554.0,0.18,-1.89
2016-12-19,海康威视,002415,9.24,9.3,8.9,8.99,9.26,97857,229731230.0,0.21,-2.92
2016-12-16,海康威视,002415,9.14,9.44,9.14,9.26,9.38,136724,325920960.0,0.29,-1.28
2016-12-15,海康威视,002415,9.34,9.46,9.15,9.38,9.35,91528,218583009.0,0.19,0.32
2016-12-14,海康威视,002415,9.52,9.55,9.32,9.35,9.5,102648,246376643.0,0.22,-1.58
2016-12-13,海康威视,002415,9.58,9.65,9.34,9.5,9.49,226010,546197360.0,0.48,0.11
2016-12-12,海康威视,002415,10.16,10.22,9.42,9.49,10.17,237497,578760832.0,0.5,-6.69
2016-12-09,海康威视,002415,10.04,10.26,10.04,10.17,10.0,142753,359042752.0,0.3,1.7
2016-12-08,海康威视,002415,10.18,10.29,9.92,10.0,10.19,159695,400105248.0,0.34,-1.86
2016-12-07,海康威视,002415,10.36,10.48,10.07,10.19,10.38,180314,454962944.0,0.38,-1.83
2016-12-06,海康威视,002415,10.44,10.7,10.33,10.38,10.35,225009,578212096.0,0.48,0.29
2016-12-05,海康威视,002415,10.2,10.46,10.11,10.35,10.18,210707,533993552.0,0.45,1.67
2016-12-02,海康威视,002415,10.34,10.37,10.09,10.18,10.34,130729,329354176.0,0.28,-1.55
2016-12-01,海康威视,002415,10.26,10.4,9.99,10.34,10.07,208262,523743584.0,0.44,2.68
2016-11-30,海康威视,002415,10.3,10.56,10.04,10.07,10.31,234505,592683776.0,0.5,-2.33
2016-11-29,海康威视,002415,10.0,10.66,9.94,10.31,10.06,364632,927631664.0,0.77,2.49
2016-11-28,海康威视,002415,10.03,10.26,9.91,10.06,9.82,270639,676852400.0,0.57,2.44
2016-11-25,海康威视,002415,9.52,9.84,9.52,9.82,9.62,163095,398934208.0,0.35,2.08
2016-11-24,海康威视,002415,9.61,9.77,9.47,9.62,9.62,126165,307319408.0,0.27,0.0
2016-11-23,海康威视,002415,9.6,9.67,9.44,9.62,9.54,164145,397974560.0,0.35,0.84
2016-11-22,海康威视,002415,9.72,9.72,9.51,9.54,9.65,111017,268820704.0,0.24,-1.14
2016-11-21,海康威视,002415,9.7,9.77,9.58,9.65,9.65,108744,265485210.0,0.23,0.0
2016-11-18,海康威视,002415,9.62,9.7,9.58,9.65,9.65,61412,149665762.0,0.13,0.0
2016-11-17,海康威视,002415,9.78,9.78,9.47,9.65,9.78,87098,212000798.0,0.18,-1.33
2016-11-16,海康威视,002415,9.64,9.86,9.64,9.78,9.63,169489,416639584.0,0.36,1.56
2016-11-15,海康威视,002415,9.59,9.64,9.49,9.63,9.54,118480,287357936.0,0.25,0.94
2016-11-14,海康威视,002415,9.48,9.62,9.46,9.54,9.48,120944,292008544.0,0.26,0.63
2016-11-11,海康威视,002415,9.63,9.64,9.4,9.48,9.58,103368,248950181.0,0.22,-1.04
2016-11-10,海康威视,002415,9.59,9.74,9.4,9.58,9.41,172319,417415520.0,0.37,1.81
2016-11-09,海康威视,002415,9.73,9.74,9.2,9.41,9.74,154475,371754800.0,0.33,-3.39
2016-11-08,海康威视,002415,9.63,9.74,9.52,9.74,9.53,107931,262458933.0,0.23,2.2
2016-11-07,海康威视,002415,9.68,9.73,9.52,9.53,9.7,110396,268131913.0,0.23,-1.75
2016-11-04,海康威视,002415,9.77,9.95,9.67,9.7,9.77,118595,291378704.0,0.25,-0.72
2016-11-03,海康威视,002415,9.75,9.79,9.65,9.77,9.74,80734,197632467.0,0.17,0.31
2016-11-02,海康威视,002415,9.94,9.98,9.72,9.74,9.88,99440,244799467.0,0.21,-1.42
2016-11-01,海康威视,002415,9.76,9.92,9.76,9.88,9.76,60132,148370807.0,0.13,1.23
2016-10-31,海康威视,002415,10.02,10.02,9.69,9.76,10.01,110747,271794320.0,0.23,-2.5
2016-10-28,海康威视,002415,9.91,10.03,9.91,10.01,9.96,85864,213546195.0,0.18,0.5
2016-10-27,海康威视,002415,10.0,10.0,9.86,9.96,9.96,69099,171102919.0,0.15,0.0
2016-10-26,海康威视,002415,9.89,10.09,9.82,9.96,9.94,137381,340295360.0,0.29,0.2
2016-10-25,海康威视,002415,10.14,10.23,9.84,9.94,10.19,186549,463680976.0,0.4,-2.45
2016-10-24,海康威视,002415,10.27,10.45,10.06,10.19,10.28,156113,393030160.0,0.33,-0.88
2016-10-21,海康威视,002415,10.26,10.37,10.11,10.28,10.22,78319,198019496.0,0.17,0.59
2016-10-20,海康威视,002415,10.26,10.35,10.07,10.22,10.07,116852,295264160.0,0.25,1.49
2016-10-19,海康威视,002415,10.14,10.36,10.0,10.07,10.0,144405,364285584.0,0.31,0.7
2016-10-18,海康威视,002415,9.92,10.04,9.84,10.0,9.87,79752,198059526.0,0.17,1.32
2016-10-17,海康威视,002415,10.18,10.26,9.79,9.87,10.18,106538,266127706.0,0.23,-3.05
2016-10-14,海康威视,002415,10.2,10.38,10.1,10.18,10.16,106964,269689136.0,0.23,0.2
2016-10-13,海康威视,002415,10.15,10.4,10.04,10.16,10.07,237535,600195008.0,0.5,0.89
2016-10-12,海康威视,002415,9.37,10.07,9.34,10.07,9.34,252405,621479424.0,0.54,7.82
2016-10-11,海康威视,002415,9.14,9.38,9.14,9.34,9.27,131749,314010720.0,0.28,0.76
2016-10-10,海康威视,002415,9.72,9.91,9.12,9.27,9.72,277384,661523952.0,0.59,-4.63
2016-09-30,海康威视,002415,9.58,9.98,9.55,9.72,9.55,84474,207878993.0,0.18,1.78
2016-09-29,海康威视,002415,9.42,9.6,9.37,9.55,9.34,62301,150607387.0,0.13,2.25
2016-09-28,海康威视,002415,9.54,9.56,9.31,9.34,9.47,51399,123779086.0,0.11,-1.37
2016-09-27,海康威视,002415,9.38,9.52,9.2,9.47,9.4,79442,190161383.0,0.17,0.74
2016-09-26,海康威视,002415,9.72,9.72,9.34,9.4,9.75,80724,194275890.0,0.17,-3.59
2016-09-23,海康威视,002415,9.87,9.87,9.67,9.75,9.87,63779,156577764.0,0.14,-1.22
2016-09-22,海康威视,002415,9.82,10.04,9.81,9.87,9.78,83635,206910807.0,0.18,0.92
2016-09-21,海康威视,002415,9.84,9.86,9.74,9.78,9.83,40433,99358581.0,0.09,-0.51
2016-09-20,海康威视,002415,10.0,10.0,9.74,9.83,9.96,63054,155077657.0,0.13,-1.31
2016-09-19,海康威视,002415,9.87,10.24,9.83,9.96,9.88,113449,283477136.0,0.24,0.81
2016-09-14,海康威视,002415,9.48,9.9,9.41,9.88,9.48,107325,262914472.0,0.23,4.22
2016-09-13,海康威视,002415,9.45,9.66,9.45,9.48,9.4,55648,134618398.0,0.12,0.85
2016-09-12,海康威视,002415,9.41,9.74,9.32,9.4,9.78,113407,273716992.0,0.24,-3.89
2016-09-09,海康威视,002415,10.13,10.13,9.74,9.78,10.13,101684,251536435.0,0.22,-3.46
2016-09-08,海康威视,002415,10.21,10.23,10.08,10.13,10.27,58491,146926389.0,0.12,-1.36
2016-09-07,海康威视,002415,10.31,10.39,10.1,10.27,10.31,106554,268230536.0,0.23,-0.39
2016-09-06,海康威视,002415,9.86,10.38,9.74,10.31,9.86,150630,378688048.0,0.32,4.56
2016-09-05,海康威视,002415,9.74,9.9,9.61,9.86,9.61,88124,216521795.0,0.19,2.6
2016-09-02,海康威视,002415,9.98,10.04,9.54,9.61,10.05,173573,424717120.0,0.37,-4.38
2016-09-01,海康威视,002415,10.14,10.32,10.04,10.05,10.12,69655,175108825.0,0.15,-0.69
2016-08-31,海康威视,002415,10.0,10.17,9.96,10.12,10.05,99275,247960818.0,0.21,0.7
2016-08-30,海康威视,002415,10.64,10.66,9.99,10.05,10.6,203842,515750016.0,0.43,-5.19
2016-08-29,海康威视,002415,10.74,10.8,10.54,10.6,10.73,89016,229727676.0,0.19,-1.21
2016-08-26,海康威视,002415,10.9,10.97,10.66,10.73,10.84,73008,190736508.0,0.16,-1.01
2016-08-25,海康威视,002415,10.86,10.86,10.57,10.84,10.87,100948,261856966.0,0.21,-0.28
2016-08-24,海康威视,002415,10.66,10.91,10.54,10.87,10.66,140779,366796752.0,0.3,1.97
2016-08-23,海康威视,002415,10.36,10.8,10.36,10.66,10.42,106205,274775104.0,0.23,2.3
2016-08-22,海康威视,002415,10.67,10.86,10.4,10.42,10.67,115613,298347904.0,0.25,-2.34
2016-08-19,海康威视,002415,10.8,10.82,10.59,10.67,10.82,120583,312437264.0,0.26,-1.39
2016-08-18,海康威视,002415,11.18,11.27,10.67,10.82,11.07,185895,489329552.0,0.39,-2.26
2016-08-17,海康威视,002415,10.9,11.4,10.78,11.07,10.66,245231,652357648.0,0.52,3.85
2016-08-16,海康威视,002415,10.92,11.1,10.61,10.66,10.76,165202,432066688.0,0.35,-0.93
2016-08-15,海康威视,002415,10.61,11.0,10.42,10.76,10.46,204934,535002496.0,0.44,2.87
2016-08-12,海康威视,002415,10.26,10.47,10.13,10.46,10.15,116064,294407632.0,0.25,3.05
2016-08-11,海康威视,002415,10.25,10.49,10.12,10.15,10.22,98774,250782820.0,0.21,-0.68
2016-08-10,海康威视,002415,10.5,10.62,10.2,10.22,10.5,107476,272933216.0,0.23,-2.67
2016-08-09,海康威视,002415,10.32,10.61,10.22,10.5,10.34,91277,234159494.0,0.19,1.55
2016-08-08,海康威视,002415,10.21,10.39,9.88,10.34,10.21,92685,233672792.0,0.2,1.27
2016-08-05,海康威视,002415,10.38,10.59,10.2,10.21,10.4,124111,314911344.0,0.26,-1.83
2016-08-04,海康威视,002415,10.4,10.51,10.1,10.4,10.4,91135,230960493.0,0.19,0.0
2016-08-03,海康威视,002415,9.94,10.43,9.88,10.4,9.94,169467,428439392.0,0.36,4.63
2016-08-02,海康威视,002415,9.91,10.21,9.77,9.94,10.03,136294,337739760.0,0.29,-0.9
2016-08-01,海康威视,002415,10.62,10.62,9.94,10.03,10.64,225110,566749008.0,0.48,-5.73
2016-07-29,海康威视,002415,10.72,10.91,10.39,10.64,10.83,176217,455284224.0,0.37,-1.75
2016-07-28,海康威视,002415,10.4,10.9,10.29,10.83,10.28,292059,758074752.0,0.62,5.35
2016-07-27,海康威视,002415,10.4,11.12,9.88,10.28,10.37,481535,1240871488.0,1.02,-0.87
2016-07-26,海康威视,002415,9.86,10.38,9.86,10.37,9.82,218778,551795040.0,0.46,5.6
2016-07-25,海康威视,002415,9.78,10.06,9.75,9.82,9.93,153236,378574848.0,0.33,-1.11
2016-07-22,海康威视,002415,10.2,10.21,9.8,9.93,10.16,166366,413028976.0,0.35,-2.26
2016-07-21,海康威视,002415,9.74,10.38,9.74,10.16,9.71,226450,568541088.0,0.48,4.63
2016-07-20,海康威视,002415,9.72,9.94,9.6,9.71,9.67,116399,286026240.0,0.25,0.41
2016-07-19,海康威视,002415,9.96,10.17,9.53,9.67,9.97,217228,533479824.0,0.46,-3.01
2016-07-18,海康威视,002415,10.2,10.26,9.81,9.97,10.21,209624,522465632.0,0.45,-2.35
2016-07-15,海康威视,002415,9.6,10.27,9.6,10.21,9.51,316378,789874656.0,0.67,7.36
2016-07-14,海康威视,002415,9.39,9.54,9.28,9.51,9.39,111245,267046024.0,0.24,1.28
2016-07-13,海康威视,002415,9.59,9.59,9.31,9.39,9.36,148702,357879792.0,0.32,0.32
2016-07-12,海康威视,002415,9.06,9.43,9.01,9.36,9.01,177633,422383088.0,0.38,3.88
2016-07-11,海康威视,002415,9.51,9.51,8.96,9.01,9.34,204890,488630320.0,0.44,-3.53
2016-07-08,海康威视,002415,9.44,9.44,9.2,9.34,9.28,131134,313142016.0,0.28,0.65
2016-07-07,海康威视,002415,9.4,9.48,9.2,9.28,9.47,165133,393932336.0,0.35,-2.01
2016-07-06,海康威视,002415,9.0,9.67,8.79,9.47,8.98,365882,879173888.0,0.78,5.46
2016-07-05,海康威视,002415,9.18,9.18,8.94,8.98,9.18,227227,532547760.0,0.48,-2.18
2016-07-04,海康威视,002415,8.26,9.4,8.11,9.18,8.29,457448,1066730240.0,0.97,10.74
2016-07-01,海康威视,002415,7.72,8.4,7.71,8.29,7.71,321318,713485792.0,0.68,7.52
2016-06-30,海康威视,002415,7.65,7.86,7.6,7.71,7.65,148108,318547808.0,0.31,0.78
2016-06-29,海康威视,002415,7.66,7.77,7.56,7.65,7.56,164765,352565920.0,0.35,1.19
2016-06-28,海康威视,002415,7.53,7.62,7.44,7.56,7.55,110918,234878300.0,0.23,0.13
2016-06-27,海康威视,002415,7.27,7.6,7.26,7.55,7.4,118336,250464409.0,0.25,2.03
2016-06-24,海康威视,002415,7.47,7.7,7.08,7.4,7.52,166135,350965056.0,0.35,-1.6
2016-06-23,海康威视,002415,7.6,7.68,7.44,7.52,7.62,70788,150241394.0,0.15,-1.31
2016-06-22,海康威视,002415,7.51,7.64,7.42,7.62,7.52,76121,161582720.0,0.16,1.33
2016-06-21,海康威视,002415,7.66,7.73,7.48,7.52,7.63,128480,274358080.0,0.27,-1.44
2016-06-20,海康威视,002415,7.48,7.74,7.32,7.63,7.48,144175,306271040.0,0.31,2.01
2016-06-17,海康威视,002415,7.37,7.66,7.35,7.48,7.32,155155,329327616.0,0.33,2.19
2016-06-16,海康威视,002415,7.4,7.49,7.27,7.32,7.48,108613,227425823.0,0.23,-2.14
2016-06-15,海康威视,002415,7.02,7.54,7.01,7.48,7.27,191329,401379216.0,0.41,2.89
2016-06-14,海康威视,002415,7.09,7.32,7.07,7.27,7.07,127834,264521768.0,0.27,2.83
2016-06-13,海康威视,002415,7.39,7.49,7.07,7.07,7.4,188383,393485344.0,0.4,-4.46
2016-06-08,海康威视,002415,7.48,7.53,7.38,7.4,7.49,170741,359548144.0,0.36,-1.2
2016-06-07,海康威视,002415,7.52,7.6,7.42,7.49,7.52,152679,322786000.0,0.32,-0.4
2016-06-06,海康威视,002415,7.65,7.71,7.46,7.52,7.66,179597,381336784.0,0.38,-1.83
2016-06-03,海康威视,002415,7.37,7.78,7.32,7.66,7.38,199215,423013904.0,0.42,3.79
2016-06-02,海康威视,002415,7.5,7.52,7.2,7.38,7.5,159536,333960944.0,0.34,-1.6
2016-06-01,海康威视,002415,7.4,7.57,7.37,7.5,7.48,189949,401291680.0,0.4,0.27
2016-05-31,海康威视,002415,7.07,7.52,7.0,7.48,7.06,258094,540129152.0,0.55,5.95
2016-05-30,海康威视,002415,7.0,7.16,6.94,7.06,7.07,137934,282709120.0,0.29,-0.14
2016-05-27,海康威视,002415,7.12,7.29,7.04,7.07,7.14,125914,259454134.0,0.27,-0.98
2016-05-26,海康威视,002415,7.3,7.39,6.92,7.14,7.21,161743,332015552.0,0.34,-0.97
2016-05-25,海康威视,002415,7.39,7.56,7.2,7.21,7.3,128062,269043200.0,0.27,-1.23
2016-05-24,海康威视,002415,7.24,7.46,7.12,7.3,7.21,113038,235893342.0,0.24,1.25
2016-05-23,海康威视,002415,7.24,7.32,7.14,7.21,7.14,96284,199784976.0,0.2,0.98
2016-05-20,海康威视,002415,6.99,7.32,6.96,7.14,7.12,76507,157915108.0,0.16,0.28
2016-05-19,海康威视,002415,7.14,7.39,7.08,7.12,7.26,90739,188660520.0,0.19,-1.93
2016-05-18,海康威视,002415,7.66,7.66,6.94,7.26,7.65,175324,362180224.0,0.37,-5.1
2016-05-17,海康威视,002415,7.76,7.85,7.59,7.65,7.74,133714,440235600.0,0.42,-1.16
2016-05-16,海康威视,002415,7.2,7.75,7.18,7.74,7.2,151374,490061296.0,0.48,7.5
2016-05-13,海康威视,002415,7.31,7.38,7.1,7.2,7.33,109586,347987744.0,0.35,-1.77
2016-05-12,海康威视,002415,6.85,7.35,6.75,7.33,6.95,136458,431437600.0,0.43,5.47
2016-05-11,海康威视,002415,6.85,7.16,6.85,6.95,6.78,108396,339954144.0,0.34,2.51
2016-05-10,海康威视,002415,6.63,6.92,6.63,6.78,6.64,74406,229273199.0,0.24,2.11
2016-05-09,海康威视,002415,6.78,6.83,6.52,6.64,6.85,74471,226990239.0,0.23,-3.07
2016-05-06,海康威视,002415,7.36,7.37,6.83,6.85,7.37,117389,368089968.0,0.37,-7.06
2016-05-05,海康威视,002415,7.11,7.43,7.1,7.37,7.15,117414,375286880.0,0.37,3.08
2016-05-04,海康威视,002415,7.02,7.26,6.98,7.15,7.04,124535,394972192.0,0.39,1.56
2016-05-03,海康威视,002415,6.64,7.18,6.64,7.04,6.63,142783,447098128.0,0.45,6.18
2016-04-29,海康威视,002415,6.54,6.73,6.48,6.63,6.58,63488,193504399.0,0.2,0.76
2016-04-28,海康威视,002415,6.73,6.75,6.43,6.58,6.72,82279,249040591.0,0.26,-2.08
2016-04-27,海康威视,002415,6.83,6.95,6.7,6.72,6.83,53734,165327769.0,0.17,-1.61
2016-04-26,海康威视,002415,6.88,7.0,6.67,6.83,6.96,62985,194553826.0,0.2,-1.87
2016-04-25,海康威视,002415,6.98,7.03,6.59,6.96,6.95,120127,371539200.0,0.38,0.14
2016-04-22,海康威视,002415,6.63,7.0,6.54,6.95,6.63,113463,351084480.0,0.36,4.83
2016-04-21,海康威视,002415,6.2,6.69,6.19,6.63,6.52,163468,495291552.0,0.52,1.69
2016-04-20,海康威视,002415,6.79,6.83,6.11,6.52,6.74,221649,668414544.0,0.7,-3.26
2016-04-19,海康威视,002415,6.82,6.91,6.7,6.74,6.83,90842,279445664.0,0.29,-1.32
2016-04-18,海康威视,002415,6.97,6.97,6.72,6.83,7.05,96172,296391120.0,0.3,-3.12
2016-04-15,海康威视,002415,6.96,7.06,6.87,7.05,6.95,84518,263771211.0,0.27,1.44
2016-04-14,海康威视,002415,7.04,7.07,6.84,6.95,6.93,109006,339515248.0,0.35,0.29
2016-04-13,海康威视,002415,6.74,7.01,6.65,6.93,6.6,196770,610919424.0,0.62,5.0
2016-04-12,海康威视,002415,6.9,6.94,6.59,6.6,6.88,127173,389850896.0,0.4,-4.07
2016-04-11,海康威视,002415,6.78,7.04,6.78,6.88,6.72,184725,574401424.0,0.59,2.38
2016-04-08,海康威视,002415,6.65,6.84,6.56,6.72,6.74,115880,354555760.0,0.37,-0.3
2016-04-07,海康威视,002415,7.03,7.08,6.73,6.74,7.03,123512,383252304.0,0.39,-4.13
2016-04-06,海康威视,002415,6.91,7.07,6.84,7.03,7.05,102822,321085024.0,0.33,-0.28
2016-04-05,海康威视,002415,6.65,7.06,6.65,7.05,6.65,122718,381550176.0,0.39,6.02
2016-04-01,海康威视,002415,6.79,6.91,6.59,6.65,6.79,86995,266476481.0,0.28,-2.06
2016-03-31,海康威视,002415,7.01,7.19,6.76,6.79,6.91,129960,404937648.0,0.41,-1.74
2016-03-30,海康威视,002415,6.51,6.94,6.5,6.91,6.36,158811,485958064.0,0.5,8.65
2016-03-29,海康威视,002415,6.67,6.67,6.3,6.36,6.68,153536,462247728.0,0.49,-4.79
2016-03-28,海康威视,002415,6.81,7.12,6.54,6.68,6.71,128763,398661808.0,0.41,-0.45
2016-03-25,海康威视,002415,6.86,7.0,6.57,6.71,6.89,141774,436309040.0,0.45,-2.61
2016-03-24,海康威视,002415,7.1,7.13,6.81,6.89,7.27,136750,426860704.0,0.43,-5.23
2016-03-23,海康威视,002415,7.5,7.59,7.09,7.27,7.21,134124,428111392.0,0.43,0.83
2016-03-22,海康威视,002415,7.4,7.42,7.14,7.21,7.49,152244,485824272.0,0.48,-3.74
2016-03-21,海康威视,002415,6.9,7.5,6.9,7.49,6.82,273415,875530160.0,0.87,9.82
2016-03-18,海康威视,002415,6.52,6.95,6.51,6.82,6.43,202806,625421264.0,0.64,6.07
2016-03-17,海康威视,002415,6.24,6.51,6.11,6.43,6.07,115448,344341808.0,0.37,5.93
2016-03-16,海康威视,002415,6.3,6.38,6.02,6.07,6.25,95355,281060432.0,0.3,-2.88
2016-03-15,海康威视,002415,6.24,6.63,6.19,6.25,6.17,115199,345496128.0,0.37,1.3
2016-03-14,海康威视,002415,6.02,6.39,5.99,6.17,5.85,109436,323612112.0,0.35,5.47
2016-03-11,海康威视,002415,5.72,5.99,5.66,5.85,5.83,70172,201486387.0,0.22,0.34
2016-03-10,海康威视,002415,6.02,6.24,5.81,5.83,6.01,79956,232314596.0,0.25,-3.0
2016-03-09,海康威视,002415,6.0,6.25,5.9,6.01,6.27,92871,271691120.0,0.29,-4.15
2016-03-08,海康威视,002415,6.38,6.39,5.77,6.27,6.38,137117,401693776.0,0.43,-1.72
2016-03-07,海康威视,002415,6.43,6.99,6.27,6.38,6.42,196266,596778160.0,0.62,-0.62
2016-03-04,海康威视,002415,6.09,6.54,6.05,6.42,6.08,311027,925773120.0,0.99,5.59
2016-03-03,海康威视,002415,6.28,6.32,6.04,6.08,6.33,181227,533954352.0,0.57,-3.95
2016-03-02,海康威视,002415,6.07,6.37,5.87,6.33,5.88,249141,732368000.0,0.79,7.65
2016-03-01,海康威视,002415,5.42,5.96,5.32,5.88,5.42,182529,513478544.0,0.58,8.49
2016-02-29,海康威视,002415,5.65,5.65,5.14,5.42,5.8,196324,540310352.0,0.62,-6.55
2016-02-26,海康威视,002415,5.53,5.91,5.36,5.8,5.31,238589,672040992.0,0.76,9.23
2016-02-25,海康威视,002415,5.98,5.98,5.07,5.31,5.94,295929,833935920.0,0.94,-10.61
2016-02-24,海康威视,002415,5.79,6.41,5.78,5.94,5.36,370183,1079661408.0,1.17,10.82
2016-02-23,海康威视,002415,5.53,5.63,5.26,5.36,5.53,260804,724953680.0,0.83,-3.07
2016-02-22,海康威视,002415,5.0,5.67,4.9,5.53,4.76,392527,1077182048.0,1.24,16.18
2016-02-19,海康威视,002415,4.86,4.91,4.66,4.76,4.95,235652,618667168.0,0.75,-3.84
2016-02-18,海康威视,002415,5.68,5.75,4.91,4.95,5.41,317555,871264608.0,1.01,-8.5
2016-02-17,海康威视,002415,5.32,5.43,5.21,5.41,5.4,102066,281357824.0,0.32,0.19
2016-02-16,海康威视,002415,5.16,5.5,5.16,5.4,5.12,121803,337252400.0,0.39,5.47
2016-02-15,海康威视,002415,4.59,5.16,4.59,5.12,5.06,84141,223929370.0,0.27,1.19
2016-02-05,海康威视,002415,5.23,5.27,5.05,5.06,5.17,51098,138665421.0,0.16,-2.13
2016-02-04,海康威视,002415,5.05,5.38,5.05,5.17,5.02,117091,320329760.0,0.37,2.99
2016-02-03,海康威视,002415,5.0,5.15,4.91,5.02,5.12,81620,219062626.0,0.26,-1.95
2016-02-02,海康威视,002415,4.83,5.27,4.74,5.12,4.78,132967,360642720.0,0.42,7.11
2016-02-01,海康威视,002415,4.82,5.02,4.65,4.78,4.89,137444,362724176.0,0.44,-2.25
2016-01-29,海康威视,002415,3.96,5.03,3.96,4.89,3.97,265286,686699440.0,0.84,23.17
2016-01-28,海康威视,002415,4.07,4.19,3.9,3.97,4.19,141590,348695776.0,0.45,-5.25
2016-01-27,海康威视,002415,4.03,4.34,3.63,4.19,3.85,235337,576961968.0,0.75,8.83
2016-01-26,海康威视,002415,4.67,4.67,3.79,3.85,4.79,187902,477506320.0,0.6,-19.62
2016-01-25,海康威视,002415,4.74,4.91,4.67,4.79,4.63,128928,339432752.0,0.41,3.46
2016-01-22,海康威视,002415,4.87,4.87,4.36,4.63,4.65,182655,472057200.0,0.58,-0.43
2016-01-21,海康威视,002415,4.98,5.16,4.65,4.65,5.18,227323,605735568.0,0.72,-10.23
2016-01-20,海康威视,002415,5.53,5.68,5.16,5.18,5.79,276623,764926768.0,0.88,-10.54
2016-01-19,海康威视,002415,5.31,5.79,4.78,5.79,5.65,510705,1408072000.0,1.62,2.48
2016-01-18,海康威视,002415,5.41,5.82,5.36,5.65,5.67,126650,357590992.0,0.4,-0.35
2016-01-15,海康威视,002415,6.12,6.12,5.45,5.67,6.14,156583,445312320.0,0.5,-7.65
2016-01-14,海康威视,002415,5.53,6.15,5.4,6.14,5.76,178946,510359248.0,0.57,6.6
2016-01-13,海康威视,002415,6.11,6.17,5.67,5.76,5.95,118071,342647008.0,0.37,-3.19
2016-01-12,海康威视,002415,6.28,6.34,5.9,5.95,6.09,162453,475234400.0,0.51,-2.3
2016-01-11,海康威视,002415,6.69,6.99,5.98,6.09,6.85,180411,544075776.0,0.57,-11.09
2016-01-08,海康威视,002415,6.87,7.1,6.29,6.85,6.43,175404,540979856.0,0.56,6.53
2016-01-07,海康威视,002415,7.31,7.31,6.34,6.43,7.55,31114,96348823.0,0.1,-14.83
2016-01-06,海康威视,002415,7.49,7.71,7.32,7.55,7.5,111732,361869456.0,0.35,0.67
2016-01-05,海康威视,002415,6.69,7.52,6.52,7.5,6.98,236910,753167808.0,0.75,7.45
2016-01-04,海康威视,002415,8.43,8.46,6.93,6.98,8.38,144328,478929968.0,0.46,-16.71
2015-12-31,海康威视,002415,8.63,8.68,8.37,8.38,8.63,101674,352484080.0,0.32,-2.9
2015-12-30,海康威视,002415,8.55,8.78,8.48,8.63,8.49,146338,510272560.0,0.46,1.65
2015-12-29,海康威视,002415,8.47,8.63,8.35,8.49,8.48,97831,338767792.0,0.31,0.12
2015-12-28,海康威视,002415,8.85,9.0,8.48,8.48,8.78,152713,538722768.0,0.48,-3.42
2015-12-25,海康威视,002415,8.74,8.79,8.6,8.78,8.74,96475,338728128.0,0.31,0.46
2015-12-24,海康威视,002415,9.05,9.05,8.54,8.74,9.05,153520,539876816.0,0.49,-3.43
2015-12-23,海康威视,002415,9.06,9.31,8.97,9.05,9.06,185720,670818144.0,0.59,-0.11
2015-12-22,海康威视,002415,9.09,9.31,8.95,9.06,9.08,179791,647292176.0,0.57,-0.22
2015-12-21,海康威视,002415,8.42,9.26,8.35,9.08,8.4,395000,1414272848.0,1.25,8.1
2015-12-18,海康威视,002415,8.56,8.58,8.33,8.4,8.49,128910,445332352.0,0.41,-1.06
2015-12-17,海康威视,002415,8.29,8.55,8.28,8.49,8.2,174791,603806224.0,0.55,3.54
2015-12-16,海康威视,002415,8.31,8.38,8.16,8.2,8.23,122513,417449408.0,0.39,-0.36
2015-12-15,海康威视,002415,8.22,8.33,8.1,8.23,8.18,99291,337772080.0,0.31,0.61
2015-12-14,海康威视,002415,7.87,8.2,7.75,8.18,7.97,112060,375869376.0,0.36,2.63
2015-12-11,海康威视,002415,8.02,8.15,7.96,7.97,8.0,75167,252641504.0,0.24,-0.38
2015-12-10,海康威视,002415,8.04,8.18,7.97,8.0,8.04,92844,312627280.0,0.29,-0.5
2015-12-09,海康威视,002415,8.29,8.36,7.98,8.04,8.37,144882,489502752.0,0.46,-3.94
2015-12-08,海康威视,002415,8.63,8.77,8.32,8.37,8.62,116408,403829440.0,0.37,-2.9
2015-12-07,海康威视,002415,8.37,8.79,8.27,8.62,8.33,174303,607822656.0,0.55,3.48
2015-12-04,海康威视,002415,8.42,8.51,8.2,8.33,8.52,159087,546648048.0,0.5,-2.23
2015-12-03,海康威视,002415,8.55,8.63,8.35,8.52,8.55,126368,438184272.0,0.4,-0.35
2015-12-02,海康威视,002415,8.25,8.6,8.02,8.55,8.1,173315,590781504.0,0.55,5.56
2015-12-01,海康威视,002415,8.07,8.14,7.83,8.1,8.02,130976,439656672.0,0.42,1.0
2015-11-30,海康威视,002415,7.89,8.19,7.51,8.02,7.92,241076,805343312.0,0.76,1.26
2015-11-27,海康威视,002415,8.98,8.98,7.77,7.92,9.03,320396,1107083968.0,1.02,-12.29
2015-11-26,海康威视,002415,9.18,9.27,9.01,9.03,9.14,205520,741108608.0,0.65,-1.2
2015-11-25,海康威视,002415,9.05,9.21,9.02,9.14,9.04,199268,717931088.0,0.63,1.11
2015-11-24,海康威视,002415,9.14,9.18,8.89,9.04,9.12,158084,565642448.0,0.5,-0.88
2015-11-23,海康威视,002415,9.16,9.48,9.0,9.12,9.12,262328,952201040.0,0.83,0.0
2015-11-20,海康威视,002415,9.35,9.36,9.06,9.12,9.3,204729,741489456.0,0.65,-1.94
2015-11-19,海康威视,002415,8.92,9.39,8.86,9.3,8.89,243474,878398448.0,0.77,4.61
2015-11-18,海康威视,002415,9.27,9.39,8.87,8.89,9.27,229123,822843856.0,0.73,-4.1
2015-11-17,海康威视,002415,9.69,9.76,9.23,9.27,9.67,448983,1656932464.0,1.42,-4.14
2015-11-16,海康威视,002415,9.53,10.19,9.32,9.67,8.86,725284,2715065776.0,2.3,9.14
2015-11-13,海康威视,002415,9.16,9.31,8.85,8.86,9.38,221353,793691952.0,0.7,-5.54
2015-11-12,海康威视,002415,9.15,9.39,9.0,9.38,9.08,300963,1091264448.0,0.95,3.3
2015-11-11,海康威视,002415,9.14,9.32,8.91,9.08,9.14,271347,976543680.0,0.86,-0.66
2015-11-10,海康威视,002415,9.27,9.76,9.02,9.14,9.35,343491,1255170688.0,1.09,-2.25
2015-11-09,海康威视,002415,8.89,9.67,8.88,9.35,9.07,401678,1465734832.0,1.27,3.09
2015-11-06,海康威视,002415,9.24,9.24,8.91,9.07,8.83,300341,1079245008.0,0.95,2.72
2015-11-05,海康威视,002415,8.82,9.23,8.54,8.83,8.8,382449,1355497632.0,1.21,0.34
2015-11-04,海康威视,002415,8.26,8.82,8.2,8.8,8.19,317354,1107282736.0,1.01,7.45
2015-11-03,海康威视,002415,8.55,8.69,8.09,8.19,8.62,215066,737613472.0,0.68,-4.99
2015-11-02,海康威视,002415,8.28,9.07,8.2,8.62,8.48,324904,1146640448.0,1.03,1.65
2015-10-30,海康威视,002415,8.13,8.65,7.88,8.48,7.99,334566,1152323040.0,1.06,6.13
2015-10-29,海康威视,002415,7.97,8.11,7.79,7.99,8.02,186141,622591392.0,0.59,-0.37
2015-10-28,海康威视,002415,8.11,8.39,7.92,8.02,8.15,272024,922485312.0,0.86,-1.6
2015-10-27,海康威视,002415,8.19,8.2,7.77,8.15,8.2,259091,867338032.0,0.82,-0.61
2015-10-26,海康威视,002415,8.55,8.55,8.02,8.2,8.27,296296,1007987520.0,0.94,-0.85
2015-10-23,海康威视,002415,8.36,8.46,7.84,8.27,8.31,310165,1055802448.0,0.98,-0.48
2015-10-22,海康威视,002415,7.94,8.36,7.81,8.31,7.86,207322,700820368.0,0.66,5.73
2015-10-21,海康威视,002415,8.64,9.14,7.8,7.86,8.65,346371,1203861504.0,1.1,-9.13
2015-10-20,海康威视,002415,8.74,8.94,8.46,8.65,8.74,419572,1463724000.0,1.33,-1.03
2015-10-19,海康威视,002415,9.45,9.54,8.63,8.74,9.27,258569,923853664.0,0.82,-5.72
2015-10-16,海康威视,002415,9.18,9.7,9.18,9.27,9.04,203486,747111632.0,0.64,2.54
2015-10-15,海康威视,002415,8.64,9.04,8.51,9.04,8.56,178216,633220752.0,0.56,5.61
2015-10-14,海康威视,002415,9.0,9.18,8.56,8.56,9.07,164824,582413088.0,0.52,-5.62
2015-10-13,海康威视,002415,8.91,9.22,8.85,9.07,9.02,133628,480871744.0,0.42,0.55
2015-10-12,海康威视,002415,8.51,9.24,8.39,9.02,8.16,214389,762436416.0,0.68,10.54
2015-10-09,海康威视,002415,8.11,8.22,8.03,8.16,8.19,109161,369771184.0,0.35,-0.37
2015-10-08,海康威视,002415,8.21,8.43,8.1,8.19,7.57,277630,946568352.0,0.88,8.19
2015-09-30,海康威视,002415,7.22,7.69,7.1,7.57,7.07,141857,458122368.0,0.45,7.07
2015-09-29,海康威视,002415,6.92,7.32,6.87,7.07,7.15,95995,302285248.0,0.3,-1.12
2015-09-28,海康威视,002415,7.14,7.18,6.82,7.15,6.99,106471,334518352.0,0.34,2.29
2015-09-25,海康威视,002415,7.55,7.69,6.87,6.99,7.59,147342,470853600.0,0.47,-7.91
2015-09-24,海康威视,002415,7.75,7.93,7.49,7.59,7.58,160280,528512288.0,0.51,0.13
2015-09-23,海康威视,002415,7.5,7.91,7.46,7.58,7.69,152042,499254112.0,0.48,-1.43
2015-09-22,海康威视,002415,7.94,7.97,7.55,7.69,7.89,182054,601673552.0,0.58,-2.53
2015-09-21,海康威视,002415,7.2,8.01,7.03,7.89,7.27,255270,843084704.0,0.81,8.53
2015-09-18,海康威视,002415,7.23,7.46,7.09,7.27,6.88,217922,695960896.0,0.69,5.67
2015-09-17,海康威视,002415,6.46,7.71,6.43,6.88,6.78,396710,1258880576.0,1.26,1.47
2015-09-16,海康威视,002415,5.83,6.99,5.72,6.78,5.75,257100,758738768.0,0.81,17.91
2015-09-15,海康威视,002415,5.91,6.2,5.54,5.75,6.23,299586,860458704.0,0.95,-7.7
2015-09-14,海康威视,002415,7.89,8.02,6.23,6.23,7.69,308407,963114416.0,0.98,-18.99
2015-09-11,海康威视,002415,7.09,7.73,6.96,7.69,7.17,271175,881677680.0,0.86,7.25
2015-09-10,海康威视,002415,7.54,7.73,6.71,7.17,7.87,331263,1061289184.0,1.05,-8.89
2015-09-09,海康威视,002415,6.51,8.92,6.51,7.87,7.49,730383,2435960592.0,2.32,5.07
2015-07-08,海康威视,002415,6.56,8.15,6.39,7.49,7.87,1246108,3909242112.0,3.96,-4.83
2015-07-07,海康威视,002415,8.43,8.74,7.54,7.87,9.05,1040899,3464477808.0,3.3,-13.04
2015-07-06,海康威视,002415,11.75,11.75,8.45,9.05,10.11,965479,3611109808.0,3.06,-10.48
2015-07-03,海康威视,002415,11.31,12.21,9.81,10.11,11.67,726713,2872764896.0,2.31,-13.37
2015-07-02,海康威视,002415,11.98,12.59,10.87,11.67,12.11,634937,2689953280.0,2.02,-3.63
2015-07-01,海康威视,002415,12.78,13.71,11.54,12.11,13.0,802265,3599433600.0,2.55,-6.85
2015-06-30,海康威视,002415,10.87,13.03,10.2,13.0,11.22,941613,3982679168.0,2.99,15.86
2015-06-29,海康威视,002415,11.93,12.07,9.35,11.22,11.13,837816,3390004256.0,2.66,0.81
2015-06-26,海康威视,002415,12.04,12.43,10.58,11.13,12.51,636925,2617834432.0,2.02,-11.03
2015-06-25,海康威视,002415,12.65,13.43,12.2,12.51,12.76,589566,2620233152.0,1.87,-1.96
2015-06-24,海康威视,002415,12.7,13.09,12.22,12.76,12.07,611374,2701891728.0,1.94,5.72
2015-06-23,海康威视,002415,10.43,12.07,9.96,12.07,10.34,723245,2968522208.0,2.3,16.73
2015-06-19,海康威视,002415,11.58,11.58,10.26,10.34,11.69,432740,1720872896.0,1.37,-11.55
2015-06-18,海康威视,002415,12.11,12.59,11.63,11.69,12.4,340926,1460055568.0,1.08,-5.73
2015-06-17,海康威视,002415,11.61,12.65,11.58,12.4,11.75,387283,1650082800.0,1.23,5.53
2015-06-16,海康威视,002415,12.23,12.63,11.54,11.75,12.77,492972,2104527952.0,1.56,-7.99
2015-06-15,海康威视,002415,14.11,14.11,12.74,12.77,14.18,633547,2867563872.0,2.01,-9.94
2015-06-12,海康威视,002415,14.25,14.95,14.15,14.18,14.08,657990,3174524832.0,2.09,0.71
2015-06-11,海康威视,002415,13.8,14.27,13.63,14.08,13.85,590173,2775504160.0,1.87,1.66
2015-06-10,海康威视,002415,12.91,14.31,12.65,13.85,13.07,697130,3219969520.0,2.21,5.97
2015-06-09,海康威视,002415,13.14,13.71,12.9,13.07,13.35,453158,2057062592.0,1.44,-2.1
2015-06-08,海康威视,002415,13.54,13.74,12.47,13.35,13.47,545398,2452277376.0,1.73,-0.89
2015-06-05,海康威视,002415,12.99,13.97,12.99,13.47,12.83,605329,2784990480.0,1.92,4.99
2015-06-04,海康威视,002415,13.28,13.31,11.34,12.83,13.27,645122,2807269600.0,2.05,-3.32
2015-06-03,海康威视,002415,14.2,14.33,12.95,13.27,14.07,603675,2768232816.0,1.92,-5.69
2015-06-02,海康威视,002415,13.98,14.37,13.54,14.07,13.95,678945,3186020736.0,2.16,0.86
2015-06-01,海康威视,002415,13.31,14.24,12.96,13.95,13.25,723562,3381958592.0,2.3,5.28
2015-05-29,海康威视,002415,12.78,13.97,11.32,13.25,13.17,961448,4290757344.0,3.05,0.61
2015-05-28,海康威视,002415,15.76,15.92,13.17,13.17,15.4,1360806,6453740032.0,4.32,-14.48
2015-05-27,海康威视,002415,17.98,17.98,15.31,15.4,16.34,1396876,7288139264.0,4.43,-5.75
2015-05-26,海康威视,002415,16.2,18.19,15.09,16.34,15.95,1183760,6203240960.0,3.76,2.45
2015-05-25,海康威视,002415,13.87,15.95,13.47,15.95,13.87,1086487,5259050240.0,3.45,15.0
2015-05-22,海康威视,002415,14.43,15.14,13.32,13.87,13.14,933247,4421509888.0,2.96,5.56
2015-05-21,海康威视,002415,11.97,13.14,11.71,13.14,11.31,478359,2099198048.0,1.52,16.18
2015-05-20,海康威视,002415,11.13,12.35,10.78,11.31,10.64,610523,2542543872.0,1.94,6.3
2015-05-19,海康威视,002415,9.91,10.64,9.31,10.64,9.04,532428,2024567216.0,1.69,17.7
2015-05-18,海康威视,002415,8.55,9.24,8.46,9.04,8.59,361600,1291841264.0,1.15,5.24
2015-05-15,海康威视,002415,8.45,8.85,8.21,8.59,8.44,320685,1111078928.0,1.02,1.78
2015-05-14,海康威视,002415,9.3,9.31,8.42,8.44,8.95,368566,1300853824.0,1.17,-5.7
2015-05-13,海康威视,002415,8.79,9.48,8.49,8.95,8.8,478746,1718774368.0,1.52,1.7
2015-05-12,海康威视,002415,8.54,9.1,8.35,8.8,8.65,516337,1817984736.0,1.64,1.73
2015-05-11,海康威视,002415,8.3,8.78,8.07,8.65,8.32,524047,1816612848.0,1.66,3.97
2015-05-08,海康威视,002415,7.55,8.37,7.45,8.32,7.35,511315,1719335312.0,1.62,13.2
2015-05-07,海康威视,002415,7.05,7.54,6.99,7.35,7.03,290533,929136880.0,0.92,4.55
2015-05-06,海康威视,002415,7.09,7.53,6.95,7.03,6.92,300474,957711024.0,0.95,1.59
2015-05-05,海康威视,002415,7.57,7.58,6.86,6.92,7.64,320372,1017847280.0,1.02,-9.42
2015-05-04,海康威视,002415,7.74,7.88,7.54,7.64,7.65,300425,989844112.0,0.95,-0.13
2015-04-30,海康威视,002415,7.47,7.93,7.4,7.65,7.4,382071,1255873152.0,1.21,3.38
2015-04-29,海康威视,002415,7.25,7.63,7.14,7.4,7.27,300800,972073696.0,0.95,1.79
2015-04-28,海康威视,002415,7.85,8.14,7.07,7.27,7.63,444167,1430738800.0,1.41,-4.72
2015-04-27,海康威视,002415,7.65,8.3,7.5,7.63,7.58,429994,1426686224.0,1.36,0.66
2015-04-24,海康威视,002415,7.73,7.89,7.24,7.58,7.92,460426,1500715888.0,1.46,-4.29
2015-04-23,海康威视,002415,7.65,8.31,7.36,7.92,7.64,591610,1978006512.0,1.88,3.66
2015-04-22,海康威视,002415,7.34,7.75,7.23,7.64,7.03,575364,1865661856.0,1.83,8.68
2015-04-21,海康威视,002415,6.39,7.05,6.39,7.03,6.24,419764,1289336800.0,1.33,12.66
2015-04-20,海康威视,002415,6.57,6.57,6.15,6.24,6.65,401068,1198598128.0,1.27,-6.17
2015-04-17,海康威视,002415,6.93,7.16,6.59,6.65,6.78,423872,1308066080.0,1.35,-1.92
2015-04-16,海康威视,002415,6.27,6.89,5.99,6.78,6.31,364281,1109653248.0,1.16,7.45
2015-04-15,海康威视,002415,6.82,6.83,6.27,6.31,6.87,393428,1188284416.0,1.25,-8.15
2015-04-14,海康威视,002415,7.31,7.47,6.87,6.87,7.14,402230,1270218576.0,1.28,-3.78
2015-04-13,海康威视,002415,7.27,7.51,7.05,7.14,7.16,486443,1567781376.0,1.54,-0.28
2015-04-10,海康威视,002415,6.7,7.31,6.56,7.16,6.71,402082,1272129232.0,1.28,6.71
2015-04-09,海康威视,002415,7.01,7.01,6.43,6.71,7.0,429639,1324286512.0,1.36,-4.14
2015-04-08,海康威视,002415,7.14,7.25,6.51,7.0,7.14,578071,1816211408.0,1.83,-1.96
2015-04-07,海康威视,002415,7.27,7.84,7.14,7.14,7.21,635021,2067268400.0,2.02,-0.97
2015-04-03,海康威视,002415,7.23,7.45,6.91,7.21,7.21,427323,1369513184.0,1.36,0.0
2015-04-02,海康威视,002415,6.82,7.68,6.82,7.21,6.8,517745,1675366928.0,1.64,6.03
2015-04-01,海康威视,002415,6.51,6.85,6.38,6.8,6.56,595181,1841599376.0,1.89,3.66
2015-03-31,海康威视,002415,5.69,6.91,5.67,6.56,5.67,858606,2569345392.0,2.73,15.7
2015-03-30,海康威视,002415,5.62,5.8,5.61,5.67,5.61,393041,1132018816.0,1.25,1.07
2015-03-27,海康威视,002415,5.66,5.8,5.57,5.61,5.66,297248,850979376.0,0.94,-0.88
2015-03-26,海康威视,002415,5.95,5.95,5.63,5.66,5.96,326862,944238128.0,1.04,-5.03
2015-03-25,海康威视,002415,5.91,6.14,5.75,5.96,5.9,449819,1311233200.0,1.43,1.02
2015-03-24,海康威视,002415,6.18,6.19,5.71,5.9,6.18,498133,1460581264.0,1.58,-4.53
2015-03-23,海康威视,002415,5.85,6.19,5.76,6.18,5.81,567487,1667926688.0,1.8,6.37
2015-03-20,海康威视,002415,5.87,6.07,5.79,5.81,5.87,340644,994800480.0,1.08,-1.02
2015-03-19,海康威视,002415,5.79,5.91,5.69,5.87,5.79,410395,1192085808.0,1.3,1.38
2015-03-18,海康威视,002415,5.9,5.9,5.53,5.79,5.91,554882,1595040832.0,1.76,-2.03
2015-03-17,海康威视,002415,6.11,6.2,5.76,5.91,5.98,452971,1321097344.0,1.44,-1.17
2015-03-16,海康威视,002415,5.58,6.07,5.47,5.98,5.47,377137,1101032256.0,1.2,9.32
2015-03-13,海康威视,002415,5.48,5.64,5.35,5.47,5.37,269950,763135472.0,0.86,1.86
2015-03-12,海康威视,002415,5.54,5.69,5.27,5.37,5.29,242787,682813664.0,0.77,1.51
2015-03-11,海康威视,002415,5.47,5.47,5.18,5.29,5.51,235468,656476064.0,0.75,-3.99
2015-03-10,海康威视,002415,5.11,5.78,4.99,5.51,5.14,378395,1064026096.0,1.2,7.2
2015-03-09,海康威视,002415,4.87,5.19,4.59,5.14,4.83,256165,694585520.0,0.81,6.42
2015-03-06,海康威视,002415,5.03,5.06,4.83,4.83,5.01,207915,560608112.0,0.66,-3.59
2015-03-05,海康威视,002415,5.22,5.22,4.8,5.01,5.24,407344,1104013664.0,1.29,-4.39
2015-03-04,海康威视,002415,4.95,5.31,4.91,5.24,5.07,460412,1269950640.0,1.46,3.35
2015-03-03,海康威视,002415,4.91,5.7,4.75,5.07,6.06,1108498,3025729872.0,3.52,-16.34
2015-02-27,海康威视,002415,6.01,6.36,5.94,6.06,6.0,169001,502704880.0,0.54,1.0
2015-02-26,海康威视,002415,5.91,6.07,5.74,6.0,5.91,118006,343787424.0,0.37,1.52
2015-02-25,海康威视,002415,6.07,6.43,5.76,5.91,6.07,184635,548830448.0,0.59,-2.64
2015-02-17,海康威视,002415,6.36,6.37,6.06,6.07,6.29,141505,421091472.0,0.45,-3.5
2015-02-16,海康威视,002415,6.07,6.33,5.89,6.29,6.03,188625,561214000.0,0.6,4.31
2015-02-13,海康威视,002415,6.2,6.29,5.81,6.03,6.06,204561,601244496.0,0.65,-0.5
2015-02-12,海康威视,002415,5.93,6.18,5.84,6.06,6.03,194470,572926512.0,0.62,0.5
2015-02-11,海康威视,002415,5.79,6.45,5.67,6.03,5.65,420818,1254662912.0,1.34,6.73
2015-02-10,海康威视,002415,4.83,5.65,4.65,5.65,4.75,273070,761100144.0,0.87,18.95
2015-02-09,海康威视,002415,4.7,5.0,4.43,4.75,4.7,112800,300472688.0,0.36,1.06
2015-02-06,海康威视,002415,4.86,5.01,4.47,4.7,4.91,142852,379542192.0,0.45,-4.28
2015-02-05,海康威视,002415,5.38,5.48,4.78,4.91,5.28,217348,598338560.0,0.69,-7.01
2015-02-04,海康威视,002415,5.33,5.49,5.19,5.28,5.26,131252,366381680.0,0.42,0.38
2015-02-03,海康威视,002415,5.31,5.44,5.16,5.26,5.13,164972,460062320.0,0.52,2.53
2015-02-02,海康威视,002415,4.57,5.22,4.56,5.13,4.76,171531,466597168.0,0.54,7.77
2015-01-30,海康威视,002415,5.03,5.25,4.68,4.76,5.1,168097,455238832.0,0.53,-6.67
2015-01-29,海康威视,002415,5.14,5.31,5.02,5.1,5.36,147823,406547728.0,0.47,-4.85
2015-01-28,海康威视,002415,5.69,5.71,5.27,5.36,5.71,194000,548347104.0,0.62,-6.13
2015-01-27,海康威视,002415,5.59,5.75,5.22,5.71,5.32,275300,780979120.0,0.87,7.33
2015-01-26,海康威视,002415,5.31,5.54,4.95,5.32,5.15,172413,480121296.0,0.55,3.3
2015-01-23,海康威视,002415,5.78,5.8,5.05,5.15,5.65,267517,746910640.0,0.85,-8.85
2015-01-22,海康威视,002415,5.86,5.96,5.63,5.65,5.8,195836,566386048.0,0.62,-2.59
2015-01-21,海康威视,002415,5.65,6.09,5.41,5.8,5.65,273752,793480272.0,0.87,2.65
2015-01-20,海康威视,002415,5.11,5.79,5.03,5.65,5.03,288310,816785408.0,0.92,12.33
2015-01-19,海康威视,002415,4.83,5.8,4.65,5.03,5.17,340715,948443632.0,1.08,-2.71
2015-01-16,海康威视,002415,4.6,5.25,4.55,5.17,4.61,231018,624765344.0,0.73,12.15
2015-01-15,海康威视,002415,4.78,4.86,4.53,4.61,4.8,175948,464580480.0,0.56,-3.96
2015-01-14,海康威视,002415,5.2,5.29,4.64,4.8,5.25,205410,552140704.0,0.65,-8.57
2015-01-13,海康威视,002415,5.14,5.4,4.85,5.25,5.01,291500,802711280.0,0.93,4.79
2015-01-12,海康威视,002415,4.69,5.15,4.69,5.01,4.64,256563,697350224.0,0.81,7.97
2015-01-09,海康威视,002415,4.3,4.97,4.27,4.64,4.35,348528,932432272.0,1.11,6.67
2015-01-08,海康威视,002415,4.47,4.69,4.34,4.35,4.36,257543,673889696.0,0.82,-0.23
2015-01-07,海康威视,002415,4.38,4.59,4.03,4.36,4.44,261612,671999168.0,0.83,-1.8
2015-01-06,海康威视,002415,3.58,4.56,3.49,4.44,3.7,406523,1038732880.0,1.29,20.0
2015-01-05,海康威视,002415,2.89,3.85,2.79,3.7,2.86,389060,923695760.0,1.23,29.37
2014-12-31,海康威视,002415,2.7,2.99,2.66,2.86,2.77,187972,418338720.0,0.6,3.25
2014-12-30,海康威视,002415,2.96,3.19,2.6,2.77,2.99,211413,475168112.0,0.67,-7.36
2014-12-29,海康威视,002415,3.22,3.35,2.96,2.99,3.18,207479,479217520.0,0.66,-5.97
2014-12-26,海康威视,002415,2.95,3.24,2.79,3.18,2.92,219842,501706256.0,0.7,8.9
2014-12-25,海康威视,002415,2.82,3.02,2.7,2.92,2.79,159057,357827152.0,0.5,4.66
2014-12-24,海康威视,002415,2.79,2.84,2.48,2.79,2.72,172166,378369520.0,0.55,2.57
2014-12-23,海康威视,002415,2.73,3.03,2.69,2.72,2.78,168346,374089824.0,0.53,-2.16
2014-12-22,海康威视,002415,2.93,2.93,2.54,2.78,2.94,191857,423886112.0,0.61,-5.44
2014-12-19,海康威视,002415,3.17,3.19,2.85,2.94,3.17,179085,404262288.0,0.57,-7.26
2014-12-18,海康威视,002415,3.24,3.3,2.97,3.17,3.2,210549,484763728.0,0.67,-0.94
2014-12-17,海康威视,002415,3.26,3.36,2.83,3.2,3.26,225759,514833472.0,0.72,-1.84
2014-12-16,海康威视,002415,3.58,3.63,3.14,3.26,3.56,218385,513081904.0,0.69,-8.43
2014-12-15,海康威视,002415,3.36,3.65,3.31,3.56,3.35,207480,493568128.0,0.66,6.27
2014-12-12,海康威视,002415,3.72,3.72,3.31,3.35,3.6,199549,472170496.0,0.63,-6.94
2014-12-11,海康威视,002415,3.34,3.91,3.15,3.6,3.31,345247,824509648.0,1.1,8.76
2014-12-10,海康威视,002415,2.68,3.42,2.63,3.31,2.56,336237,768669680.0,1.07,29.3
2014-12-09,海康威视,002415,3.19,3.71,2.29,2.56,2.78,542972,1253720816.0,1.72,-7.91
2014-12-05,海康威视,002415,2.99,2.99,2.29,2.78,2.84,400091,876530816.0,1.27,-2.11
2014-12-04,海康威视,002415,2.64,2.95,2.56,2.84,2.54,381082,848059024.0,1.21,11.81
2014-12-03,海康威视,002415,2.06,2.64,2.05,2.54,2.06,425767,909175664.0,1.35,23.3
2014-12-02,海康威视,002415,1.98,2.15,1.9,2.06,2.03,278387,570354208.0,0.88,1.48
2014-12-01,海康威视,002415,1.51,2.07,1.43,2.03,1.51,439212,878960624.0,1.39,34.44
2014-11-28,海康威视,002415,1.69,1.74,1.44,1.51,1.69,248737,484650304.0,0.79,-10.65
2014-11-27,海康威视,002415,1.54,1.75,1.49,1.69,1.51,277215,543276448.0,0.88,11.92
2014-11-26,海康威视,002415,1.58,1.59,1.47,1.51,1.58,133809,258939126.0,0.42,-4.43
2014-11-25,海康威视,002415,1.38,1.59,1.37,1.58,1.37,170983,330188144.0,0.54,15.33
2014-11-24,海康威视,002415,1.43,1.49,1.32,1.37,1.34,156128,297222112.0,0.5,2.24
2014-11-21,海康威视,002415,1.27,1.35,1.24,1.34,1.24,74240,140102194.0,0.24,8.06
2014-11-20,海康威视,002415,1.31,1.32,1.22,1.24,1.33,77068,144366533.0,0.24,-6.77
2014-11-19,海康威视,002415,1.4,1.5,1.29,1.33,1.42,81225,155260369.0,0.26,-6.34
2014-11-18,海康威视,002415,1.46,1.52,1.39,1.42,1.46,72044,138248456.0,0.23,-2.74
2014-11-17,海康威视,002415,1.31,1.53,1.29,1.46,1.36,116288,223581917.0,0.37,7.35
2014-11-14,海康威视,002415,1.31,1.43,1.29,1.36,1.42,82935,157463575.0,0.26,-4.23
2014-11-13,海康威视,002415,1.65,1.65,1.21,1.42,1.65,281810,534193424.0,0.89,-13.94
2014-11-12,海康威视,002415,1.65,1.8,1.59,1.65,1.69,138813,273052656.0,0.44,-2.37
2014-11-11,海康威视,002415,1.84,1.87,1.63,1.69,1.8,213887,423166896.0,0.68,-6.11
2014-11-10,海康威视,002415,1.76,1.91,1.7,1.8,1.75,237160,476406832.0,0.78,2.86
2014-11-07,海康威视,002415,1.63,1.76,1.58,1.75,1.63,236617,464999328.0,0.78,7.36
2014-11-06,海康威视,002415,1.67,1.69,1.57,1.63,1.62,144636,283351840.0,0.47,0.62
2014-11-05,海康威视,002415,1.77,1.77,1.6,1.62,1.77,186397,366623392.0,0.61,-8.47
2014-11-04,海康威视,002415,1.89,1.91,1.66,1.77,1.88,191335,380344128.0,0.63,-5.85
2014-11-03,海康威视,002415,1.8,1.94,1.7,1.88,1.83,239355,479922640.0,0.79,2.73
2014-10-31,海康威视,002415,1.89,1.92,1.71,1.83,1.88,216229,432189328.0,0.71,-2.66
2014-10-30,海康威视,002415,1.75,1.89,1.64,1.88,1.71,311069,621699536.0,1.02,9.94
2014-10-29,海康威视,002415,1.7,1.8,1.67,1.71,1.68,184455,365547808.0,0.61,1.79
2014-10-28,海康威视,002415,1.45,1.69,1.44,1.68,1.42,186836,362683104.0,0.61,18.31
2014-10-27,海康威视,002415,1.51,1.52,1.36,1.42,1.54,136148,260864578.0,0.45,-7.79
2014-10-24,海康威视,002415,1.61,1.71,1.53,1.54,1.59,120914,236915790.0,0.4,-3.14
2014-10-23,海康威视,002415,1.72,1.76,1.51,1.59,1.73,139743,272902160.0,0.46,-8.09
2014-10-22,海康威视,002415,1.67,1.79,1.64,1.73,1.65,199140,394578000.0,0.65,4.85
2014-10-21,海康威视,002415,1.71,1.81,1.63,1.65,1.75,179423,355741952.0,0.59,-5.71
2014-10-20,海康威视,002415,1.69,1.85,1.68,1.75,1.66,347046,692478608.0,1.14,5.42
2014-10-17,海康威视,002415,1.48,1.69,1.26,1.66,1.42,376415,728258592.0,1.24,16.9
2014-10-16,海康威视,002415,1.51,1.75,1.39,1.42,1.24,421292,818614000.0,1.38,14.52
2014-10-15,海康威视,002415,1.14,1.26,1.1,1.24,1.14,108249,201716790.0,0.36,8.77
2014-10-14,海康威视,002415,1.21,1.26,1.09,1.14,1.21,163768,304600192.0,0.54,-5.79
2014-10-13,海康威视,002415,1.37,1.37,1.15,1.21,1.43,219637,410597376.0,0.72,-15.38
2014-10-10,海康威视,002415,1.44,1.47,1.26,1.43,1.5,243726,463120416.0,0.8,-4.67
2014-10-09,海康威视,002415,1.56,1.57,1.36,1.5,1.55,162751,313246480.0,0.53,-3.23
2014-10-08,海康威视,002415,1.55,1.56,1.44,1.55,1.48,158556,305880272.0,0.52,4.73
2014-09-30,海康威视,002415,1.51,1.55,1.36,1.48,1.49,187662,360472672.0,0.62,-0.67
2014-09-29,海康威视,002415,1.22,1.57,1.22,1.49,1.16,244493,467187200.0,0.8,28.45
2014-09-26,海康威视,002415,1.27,1.3,1.11,1.16,1.31,139652,259284609.0,0.46,-11.45
2014-09-25,海康威视,002415,1.39,1.47,1.28,1.31,1.34,150768,287477248.0,0.5,-2.24
2014-09-24,海康威视,002415,1.18,1.39,1.14,1.34,1.22,180745,340049392.0,0.59,9.84
2014-09-23,海康威视,002415,1.19,1.23,1.14,1.22,1.2,108270,201829031.0,0.36,1.67
2014-09-22,海康威视,002415,1.39,1.43,1.09,1.2,1.44,171458,320404320.0,0.56,-16.67
2014-09-19,海康威视,002415,1.27,1.47,1.27,1.44,1.27,141410,269120352.0,0.47,13.39
2014-09-18,海康威视,002415,1.18,1.34,1.1,1.27,1.25,125450,234445187.0,0.41,1.6
2014-09-17,海康威视,002415,1.52,1.55,1.17,1.25,1.29,240380,454025216.0,0.79,-3.1
2014-09-16,海康威视,002415,1.85,1.87,1.25,1.29,1.85,273142,529981456.0,0.9,-30.27
2014-09-15,海康威视,002415,1.79,1.88,1.65,1.85,1.78,192663,382555056.0,0.63,3.93
2014-09-12,海康威视,002415,1.73,1.79,1.69,1.78,1.75,95342,189475409.0,0.31,1.71
2014-09-11,海康威视,002415,1.8,1.93,1.71,1.75,1.85,136828,273605648.0,0.45,-5.41
2014-09-10,海康威视,002415,1.78,1.94,1.71,1.85,1.8,126002,253696678.0,0.41,2.78
2014-09-09,海康威视,002415,1.96,1.96,1.75,1.8,1.96,180152,360013216.0,0.59,-8.16
2014-09-05,海康威视,002415,2.12,2.2,1.91,1.96,2.1,179929,367809472.0,0.59,-6.67
2014-09-04,海康威视,002415,2.01,2.13,1.9,2.1,1.98,191288,392721296.0,0.63,6.06
2014-09-03,海康威视,002415,1.8,2.03,1.8,1.98,1.79,179351,363334304.0,0.59,10.61
2014-09-02,海康威视,002415,1.78,1.83,1.71,1.79,1.76,139693,278533344.0,0.46,1.7
2014-09-01,海康威视,002415,1.74,1.79,1.65,1.76,1.71,127050,251298639.0,0.42,2.92
2014-08-29,海康威视,002415,1.65,1.76,1.61,1.71,1.62,80659,159022548.0,0.27,5.56
2014-08-28,海康威视,002415,1.8,1.92,1.62,1.62,1.8,128420,255205973.0,0.42,-10.0
2014-08-27,海康威视,002415,1.79,2.09,1.77,1.8,1.64,192025,389121696.0,0.63,9.76
2014-08-26,海康威视,002415,1.66,1.88,1.59,1.64,1.72,138146,274114224.0,0.45,-4.65
2014-08-25,海康威视,002415,1.8,1.84,1.63,1.72,1.79,115352,228883492.0,0.38,-3.91
2014-08-22,海康威视,002415,1.53,1.92,1.53,1.79,1.5,244847,487654624.0,0.81,19.33
2014-08-21,海康威视,002415,1.45,1.51,1.38,1.5,1.45,113960,218850119.0,0.37,3.45
2014-08-20,海康威视,002415,1.5,1.56,1.38,1.45,1.51,124250,238938055.0,0.41,-3.97
2014-08-19,海康威视,002415,1.32,1.51,1.27,1.51,1.34,231751,444139520.0,0.76,12.69
2014-08-18,海康威视,002415,1.39,1.43,1.25,1.34,1.33,121693,230305354.0,0.4,0.75
2014-08-15,海康威视,002415,1.23,1.43,1.14,1.33,1.21,142063,268345745.0,0.47,9.92
2014-08-14,海康威视,002415,1.36,1.39,1.15,1.21,1.39,161410,302922240.0,0.53,-12.95
2014-08-13,海康威视,002415,1.43,1.53,1.29,1.39,1.42,155540,296597984.0,0.51,-2.11
2014-08-12,海康威视,002415,1.43,1.47,1.36,1.42,1.42,95406,182496322.0,0.31,0.0
2014-08-11,海康威视,002415,1.38,1.47,1.34,1.42,1.35,137252,262581866.0,0.45,5.19
2014-08-08,海康威视,002415,1.28,1.43,1.18,1.35,1.22,175583,332747600.0,0.58,10.66
2014-08-07,海康威视,002415,1.31,1.65,1.2,1.22,1.17,219372,417335072.0,0.72,4.27
2014-08-06,海康威视,002415,1.15,1.26,1.1,1.17,1.3,157576,293028464.0,0.52,-10.0
2014-08-05,海康威视,002415,1.13,1.3,0.98,1.3,1.13,200224,370354592.0,0.66,15.04
2014-08-04,海康威视,002415,1.23,1.31,1.05,1.13,1.23,199028,366916672.0,0.65,-8.13
2014-08-01,海康威视,002415,1.23,1.39,1.13,1.23,1.31,192909,362169568.0,0.63,-6.11
2014-07-31,海康威视,002415,1.18,1.34,1.0,1.31,1.19,192002,354134032.0,0.63,10.08
2014-07-30,海康威视,002415,1.07,1.42,1.03,1.19,1.17,376689,709600608.0,1.24,1.71
2014-07-29,海康威视,002415,0.71,1.22,0.64,1.17,0.7,480071,880228912.0,1.58,67.14
2014-07-28,海康威视,002415,0.56,0.84,0.49,0.7,0.51,324379,564765456.0,1.07,37.25
2014-07-25,海康威视,002415,0.41,0.55,0.41,0.51,0.41,147364,251273989.0,0.48,24.39
2014-07-24,海康威视,002415,0.5,0.59,0.31,0.41,0.51,193902,327611392.0,0.64,-19.61
2014-07-23,海康威视,002415,0.45,0.68,0.39,0.51,0.45,278783,480280352.0,0.92,13.33
2014-07-22,海康威视,002415,0.43,0.54,0.34,0.45,0.48,228666,386625968.0,0.75,-6.25
2014-07-21,海康威视,002415,0.11,0.51,0.05,0.48,-0.06,481108,802008560.0,1.58,900.0
2014-07-18,海康威视,002415,-0.23,-0.03,-0.24,-0.06,-0.21,156963,247235703.0,0.52,71.43
2014-07-17,海康威视,002415,-0.04,-0.03,-0.25,-0.21,-0.07,153543,237968634.0,0.51,-200.0
2014-07-16,海康威视,002415,0.02,0.04,-0.09,-0.07,0.03,102488,162279684.0,0.34,-333.33
2014-07-15,海康威视,002415,-0.06,0.06,-0.1,0.03,-0.09,131147,208672896.0,0.43,133.33
2014-07-14,海康威视,002415,-0.17,-0.09,-0.21,-0.09,-0.21,126328,197355771.0,0.42,57.14
2014-07-11,海康威视,002415,-0.18,-0.1,-0.24,-0.21,-0.14,145823,226106522.0,0.48,-50.0
2014-07-10,海康威视,002415,0.09,0.13,-0.26,-0.14,0.13,339858,529484704.0,1.12,-207.69
2014-07-09,海康威视,002415,0.35,0.35,0.05,0.13,0.31,278205,453126352.0,0.92,-58.06
2014-07-08,海康威视,002415,0.35,0.35,0.25,0.31,0.36,84511,142545080.0,0.28,-13.89
2014-07-07,海康威视,002415,0.36,0.44,0.26,0.36,0.35,112624,191553713.0,0.37,2.86
2014-07-04,海康威视,002415,0.35,0.4,0.34,0.35,0.35,99858,169781724.0,0.33,0.0
2014-07-03,海康威视,002415,0.33,0.43,0.33,0.35,0.33,176397,300763056.0,0.58,6.06
2014-07-02,海康威视,002415,0.45,0.46,0.29,0.33,0.43,154281,261668949.0,0.51,-23.26
2014-07-01,海康威视,002415,0.33,0.48,0.33,0.43,0.33,313276,536800512.0,1.03,30.3
2014-06-30,海康威视,002415,0.36,0.37,0.23,0.33,0.32,252933,427208016.0,0.83,3.13
2014-06-27,海康威视,002415,0.3,0.34,0.24,0.32,0.31,140896,237099195.0,0.46,3.23
2014-06-26,海康威视,002415,0.26,0.32,0.23,0.31,0.28,140590,236292097.0,0.46,10.71
2014-06-25,海康威视,002415,0.19,0.34,0.15,0.28,0.2,114598,192007733.0,0.38,40.0
2014-06-24,海康威视,002415,0.15,0.22,0.12,0.2,0.15,83177,137757093.0,0.27,33.33
2014-06-23,海康威视,002415,0.11,0.24,0.08,0.15,0.11,114364,189390616.0,0.38,36.36
2014-06-20,海康威视,002415,0.05,0.12,0.01,0.11,0.05,121141,197812133.0,0.4,120.0
2014-06-19,海康威视,002415,0.29,0.37,0.03,0.05,0.29,143581,239744317.0,0.47,-82.76
2014-06-18,海康威视,002415,0.27,0.37,0.19,0.29,0.27,128658,217209924.0,0.42,7.41
2014-06-17,海康威视,002415,0.4,0.41,0.23,0.27,0.39,140036,236501528.0,0.46,-30.77
2014-06-16,海康威视,002415,0.35,0.41,0.23,0.39,0.37,213700,361186128.0,0.7,5.41
2014-06-13,海康威视,002415,0.39,0.39,0.28,0.37,0.36,209156,354336592.0,0.69,2.78
2014-06-12,海康威视,002415,0.33,0.36,0.24,0.36,0.39,120241,202700803.0,0.4,-7.69
2014-06-11,海康威视,002415,0.45,0.49,0.23,0.39,0.48,169321,287403024.0,0.56,-18.75
2014-06-10,海康威视,002415,0.29,0.5,0.29,0.48,0.33,118334,203044596.0,0.39,45.45
2014-06-09,海康威视,002415,0.71,0.71,0.31,0.33,0.74,237494,407615392.0,0.78,-55.41
2014-06-06,海康威视,002415,0.85,0.87,0.71,0.74,0.8,48801,87438442.0,0.16,-7.5
2014-06-05,海康威视,002415,0.83,0.87,0.73,0.8,0.88,69913,125964791.0,0.23,-9.09
2014-06-04,海康威视,002415,0.93,0.95,0.65,0.88,0.93,74818,134151605.0,0.25,-5.38
2014-06-03,海康威视,002415,0.81,0.97,0.81,0.93,0.81,97688,178738828.0,0.32,14.81
2014-05-30,海康威视,002415,0.83,0.88,0.71,0.81,0.79,56920,102361592.0,0.19,2.53
2014-05-29,海康威视,002415,0.85,0.91,0.77,0.79,0.85,84330,152126913.0,0.28,-7.06
2014-05-28,海康威视,002415,0.63,0.91,0.57,0.85,0.63,175877,315106816.0,0.58,34.92
2014-05-27,海康威视,002415,0.57,0.69,0.52,0.63,0.6,125336,220946806.0,0.41,5.0
2014-05-26,海康威视,002415,0.71,0.75,0.48,0.6,0.71,257480,449696288.0,0.85,-15.49
2014-05-23,海康威视,002415,0.97,0.97,0.42,0.71,0.91,276210,485617232.0,0.91,-21.98
2014-05-22,海康威视,002415,1.25,1.25,0.89,0.91,1.25,166031,308036592.0,0.55,-27.2
2014-05-21,海康威视,002415,1.3,1.33,1.11,1.25,1.4,101246,191096833.0,0.33,-10.71
2014-05-20,海康威视,002415,1.33,1.49,1.32,1.4,1.29,68371,132245196.0,0.22,8.53
2014-05-19,海康威视,002415,1.39,1.42,1.25,1.29,1.39,43834,83973956.0,0.14,-7.19
2014-05-16,海康威视,002415,1.36,1.43,1.23,1.39,1.31,72748,140199050.0,0.24,6.11
2014-05-15,海康威视,002415,1.39,1.45,1.23,1.31,1.41,50946,97310359.0,0.17,-7.09
2014-05-14,海康威视,002415,1.45,1.51,1.31,1.41,1.45,45878,88662019.0,0.15,-2.76
2014-05-13,海康威视,002415,1.47,1.63,1.4,1.45,1.43,100187,196851921.0,0.33,1.4
2014-05-12,海康威视,002415,1.31,1.54,1.26,1.43,1.27,114816,223098877.0,0.38,12.6
2014-05-09,海康威视,002415,1.3,1.33,1.07,1.27,1.27,64418,122216529.0,0.21,0.0
2014-05-08,海康威视,002415,1.25,1.33,1.16,1.27,1.24,61298,116499384.0,0.2,2.42
2014-05-07,海康威视,002415,1.41,1.41,1.2,1.24,1.43,77368,147729826.0,0.25,-13.29
2014-05-06,海康威视,002415,1.2,1.62,1.16,1.43,1.22,199452,387479136.0,0.66,17.21
2014-05-05,海康威视,002415,1.26,1.31,1.03,1.22,1.26,82688,155434611.0,0.27,-3.17
2014-04-30,海康威视,002415,0.97,1.33,0.94,1.26,1.0,85898,162332734.0,0.28,26.0
2014-04-29,海康威视,002415,0.93,1.05,0.86,1.0,0.88,46258,85191777.0,0.15,13.64
2014-04-28,海康威视,002415,1.0,1.07,0.82,0.88,1.0,66678,121743006.0,0.22,-12.0
2014-04-25,海康威视,002415,1.18,1.24,0.98,1.0,1.18,69182,129108783.0,0.23,-15.25
2014-04-24,海康威视,002415,1.34,1.38,1.14,1.18,1.33,89156,169452938.0,0.29,-11.28
2014-04-23,海康威视,002415,1.42,1.49,1.16,1.33,1.39,88790,170578203.0,0.29,-4.32
2014-04-22,海康威视,002415,1.51,1.64,1.05,1.39,1.33,170937,330438784.0,0.56,4.51
2014-04-21,海康威视,002415,1.19,1.5,1.11,1.33,1.2,177754,343779584.0,0.58,10.83
2014-04-18,海康威视,002415,1.17,1.32,1.1,1.2,1.26,63975,120905356.0,0.21,-4.76
2014-04-17,海康威视,002415,1.31,1.4,1.03,1.26,1.31,97243,185328943.0,0.32,-3.82
2014-04-16,海康威视,002415,1.26,1.5,1.21,1.31,1.26,92129,177416929.0,0.3,3.97
2014-04-15,海康威视,002415,1.19,1.53,1.14,1.26,1.24,144142,278890128.0,0.47,1.61
2014-04-14,海康威视,002415,0.97,1.27,0.94,1.24,0.98,83082,156215898.0,0.27,26.53
2014-04-11,海康威视,002415,1.16,1.18,0.94,0.98,1.18,124120,229004847.0,0.41,-16.95
2014-04-10,海康威视,002415,1.25,1.34,1.15,1.18,1.27,102972,194690778.0,0.34,-7.09
2014-04-09,海康威视,002415,1.27,1.38,1.15,1.27,1.27,118108,224835893.0,0.39,0.0
2014-04-08,海康威视,002415,1.11,1.39,1.02,1.27,1.16,153908,292191792.0,0.51,9.48
2014-04-04,海康威视,002415,0.99,1.21,0.87,1.16,0.99,153808,286608064.0,0.51,17.17
2014-04-03,海康威视,002415,0.67,1.16,0.65,0.99,0.66,243558,447797808.0,0.8,50.0
2014-04-02,海康威视,002415,0.67,0.69,0.51,0.66,0.67,98630,172901121.0,0.32,-1.49
2014-04-01,海康威视,002415,0.56,0.68,0.51,0.67,0.56,131305,230506223.0,0.43,19.64
2014-03-31,海康威视,002415,0.55,0.57,0.45,0.56,0.45,101994,177310676.0,0.34,24.44
2014-03-28,海康威视,002415,0.51,0.56,0.4,0.45,0.54,94788,163868734.0,0.31,-16.67
2014-03-27,海康威视,002415,0.81,0.83,0.41,0.54,0.82,204589,355830192.0,0.67,-34.15
2014-03-26,海康威视,002415,0.74,0.87,0.74,0.82,0.73,108688,195642625.0,0.36,12.33
2014-03-25,海康威视,002415,0.87,0.96,0.71,0.73,0.87,135370,243729810.0,0.45,-16.09
2014-03-24,海康威视,002415,0.93,0.97,0.76,0.87,0.92,143635,260190046.0,0.47,-5.43
2014-03-21,海康威视,002415,0.67,1.0,0.58,0.92,0.7,184199,332797024.0,0.61,31.43
2014-03-20,海康威视,002415,0.98,0.99,0.67,0.7,1.08,418989,755107600.0,1.38,-35.19
2014-03-19,海康威视,002415,1.88,1.9,1.0,1.08,1.91,505558,955554352.0,1.66,-43.46
2014-03-18,海康威视,002415,2.08,2.17,1.89,1.91,2.06,140995,291332512.0,0.46,-7.28
2014-03-17,海康威视,002415,2.14,2.23,2.0,2.06,1.99,125245,262827686.0,0.41,3.52
2014-03-14,海康威视,002415,1.94,2.13,1.91,1.99,1.94,98067,203006284.0,0.32,2.58
2014-03-13,海康威视,002415,2.01,2.07,1.9,1.94,2.0,105962,218502147.0,0.35,-3.0
2014-03-12,海康威视,002415,2.14,2.17,1.96,2.0,2.18,93745,194919453.0,0.31,-8.26
2014-03-11,海康威视,002415,2.09,2.4,1.81,2.18,2.09,161686,340017040.0,0.53,4.31
2014-03-10,海康威视,002415,2.03,2.27,2.0,2.09,2.03,179375,375930000.0,0.59,2.96
2014-03-07,海康威视,002415,2.1,2.23,1.99,2.03,2.13,154606,322029664.0,0.51,-4.69
2014-03-06,海康威视,002415,2.48,2.48,2.07,2.13,2.55,218999,462923168.0,0.72,-16.47
2014-03-05,海康威视,002415,2.72,2.72,2.5,2.55,2.74,106151,233210815.0,0.35,-6.93
2014-03-04,海康威视,002415,2.92,2.93,2.47,2.74,2.98,163599,362587552.0,0.54,-8.05
2014-03-03,海康威视,002415,3.13,3.24,2.78,2.98,2.58,233753,535291616.0,0.77,15.5
2014-02-28,海康威视,002415,2.32,2.63,2.27,2.58,2.35,127287,276436096.0,0.42,9.79
2014-02-27,海康威视,002415,2.51,2.58,2.28,2.35,2.51,115567,250439129.0,0.38,-6.37
2014-02-26,海康威视,002415,2.4,2.59,2.17,2.51,2.62,165369,358004416.0,0.54,-4.2
2014-02-25,海康威视,002415,3.27,3.31,2.24,2.62,3.29,452673,994779120.0,1.49,-20.36
2014-02-24,海康威视,002415,3.36,3.45,3.11,3.29,3.23,215870,507270464.0,0.71,1.86
2014-02-21,海康威视,002415,2.78,3.7,2.76,3.23,2.74,328012,771971024.0,1.08,17.88
2014-02-20,海康威视,002415,3.03,3.16,2.6,2.74,2.99,230318,521275968.0,0.76,-8.36
2014-02-19,海康威视,002415,2.69,3.01,2.63,2.99,2.59,335299,757463600.0,1.1,15.44
2014-02-18,海康威视,002415,2.47,2.69,2.36,2.59,2.43,237323,522301072.0,0.78,6.58
2014-02-17,海康威视,002415,2.34,2.54,2.33,2.43,2.28,219113,473438880.0,0.72,6.58
2014-02-14,海康威视,002415,2.26,2.32,2.13,2.28,2.26,202359,427661056.0,0.67,0.88
2014-02-13,海康威视,002415,2.26,2.43,2.18,2.26,2.27,194322,415990704.0,0.64,-0.44
2014-02-12,海康威视,002415,2.42,2.44,2.12,2.27,2.42,259808,548576736.0,0.85,-6.2
2014-02-11,海康威视,002415,2.66,2.75,2.23,2.42,2.68,214681,467850464.0,0.71,-9.7
2014-02-10,海康威视,002415,2.39,2.8,2.23,2.68,2.25,207486,452663392.0,0.68,19.11
2014-02-07,海康威视,002415,2.13,2.27,2.1,2.25,2.23,97257,205502422.0,0.32,0.9
2014-01-30,海康威视,002415,2.23,2.3,2.13,2.23,2.23,61028,128796394.0,0.2,0.0
2014-01-29,海康威视,002415,2.34,2.48,2.18,2.23,2.35,98201,208610454.0,0.32,-5.11
2014-01-28,海康威视,002415,2.67,2.69,2.08,2.35,2.59,175523,373867712.0,0.58,-9.27
2014-01-27,海康威视,002415,2.84,2.98,2.51,2.59,2.83,150165,332347552.0,0.49,-8.48
2014-01-24,海康威视,002415,3.03,3.32,2.8,2.83,2.77,214296,493794528.0,0.7,2.17
2014-01-23,海康威视,002415,2.52,2.83,2.43,2.77,2.51,141976,316275504.0,0.47,10.36
2014-01-22,海康威视,002415,2.2,2.71,2.18,2.51,2.2,153986,335436496.0,0.51,14.09
2014-01-21,海康威视,002415,2.09,2.41,2.09,2.2,2.08,73592,156267844.0,0.24,5.77
2014-01-20,海康威视,002415,2.36,2.47,1.79,2.08,2.38,164543,341123968.0,0.54,-12.61
2014-01-17,海康威视,002415,2.52,2.71,2.36,2.38,2.57,78257,170304926.0,0.26,-7.39
2014-01-16,海康威视,002415,2.76,2.88,2.54,2.57,2.78,100198,223538698.0,0.33,-7.55
2014-01-15,海康威视,002415,2.39,2.91,2.36,2.78,2.32,107731,238135474.0,0.35,19.83
2014-01-14,海康威视,002415,2.18,2.34,2.16,2.32,2.18,67927,144881151.0,0.22,6.42
2014-01-13,海康威视,002415,2.16,2.37,2.09,2.18,2.16,131015,277920912.0,0.43,0.93
2014-01-10,海康威视,002415,2.31,2.4,2.02,2.16,2.31,145805,306013232.0,0.48,-6.49
2014-01-09,海康威视,002415,2.58,2.8,2.18,2.31,2.58,129739,284876736.0,0.43,-10.47
2014-01-08,海康威视,002415,2.83,2.96,2.5,2.58,2.83,142190,315871232.0,0.47,-8.83
2014-01-07,海康威视,002415,2.85,3.03,2.76,2.83,3.03,82300,186628500.0,0.27,-6.6
2014-01-06,海康威视,002415,3.2,3.2,2.9,3.03,3.2,80509,185151348.0,0.26,-5.31
2014-01-03,海康威视,002415,3.11,3.3,3.02,3.2,3.05,111590,259868400.0,0.37,4.92
2014-01-02,海康威视,002415,2.8,3.35,2.69,3.05,3.02,177190,406745312.0,0.58,0.99
2013-12-31,海康威视,002415,2.83,3.07,2.76,3.02,2.83,80460,183094520.0,0.27,6.71
2013-12-30,海康威视,002415,3.13,3.22,2.78,2.83,3.13,123807,280730144.0,0.42,-9.58
2013-12-27,海康威视,002415,3.03,3.31,2.98,3.13,2.97,91131,211929263.0,0.31,5.39
2013-12-26,海康威视,002415,3.36,3.4,2.96,2.97,3.5,110987,258048781.0,0.38,-15.14
2013-12-25,海康威视,002415,3.27,3.6,3.17,3.5,3.28,109939,264462822.0,0.37,6.71
2013-12-24,海康威视,002415,3.01,3.31,2.98,3.28,2.96,87604,205094068.0,0.3,10.81
2013-12-23,海康威视,002415,3.16,3.19,2.95,2.96,3.2,62671,144946914.0,0.21,-7.5
2013-12-20,海康威视,002415,3.13,3.2,2.94,3.2,3.04,103234,237706555.0,0.35,5.26
2013-12-19,海康威视,002415,3.09,3.16,2.99,3.04,3.16,83724,193333219.0,0.28,-3.8
2013-12-18,海康威视,002415,3.2,3.23,2.94,3.16,3.09,61468,142428005.0,0.21,2.27
2013-12-17,海康威视,002415,3.11,3.28,2.95,3.09,3.07,60209,139782298.0,0.2,0.65
2013-12-16,海康威视,002415,3.29,3.35,3.07,3.07,3.31,59667,139941983.0,0.2,-7.25
2013-12-13,海康威视,002415,3.02,3.34,3.02,3.31,3.21,49156,115271090.0,0.17,3.12
2013-12-12,海康威视,002415,3.13,3.29,3.07,3.21,3.11,49898,116533508.0,0.17,3.22
2013-12-11,海康威视,002415,3.11,3.2,3.03,3.11,3.15,61418,143044580.0,0.21,-1.27
2013-12-10,海康威视,002415,2.98,3.22,2.96,3.15,2.89,113921,264172194.0,0.39,9.0
2013-12-09,海康威视,002415,2.7,3.0,2.69,2.89,2.5,121170,273931296.0,0.41,15.6
2013-12-06,海康威视,002415,2.81,2.89,2.45,2.5,2.81,144477,319319216.0,0.49,-11.03
2013-12-05,海康威视,002415,3.23,3.3,2.8,2.81,3.21,139833,319234960.0,0.48,-12.46
2013-12-04,海康威视,002415,3.4,3.48,3.17,3.21,3.42,145617,343878864.0,0.49,-6.14
2013-12-03,海康威视,002415,3.17,3.52,2.98,3.42,3.19,93247,218675010.0,0.32,7.21
2013-12-02,海康威视,002415,3.51,3.56,3.07,3.19,3.79,127317,301891952.0,0.43,-15.83
2013-11-29,海康威视,002415,3.89,3.93,3.71,3.79,3.89,62049,153174859.0,0.21,-2.57
2013-11-28,海康威视,002415,3.8,3.96,3.67,3.89,3.75,84996,211037383.0,0.29,3.73
2013-11-27,海康威视,002415,3.47,3.78,3.45,3.75,3.5,78787,192247006.0,0.27,7.14
2013-11-26,海康威视,002415,3.51,3.63,3.36,3.5,3.51,74168,177547176.0,0.25,-0.28
2013-11-25,海康威视,002415,3.74,3.79,3.43,3.51,3.79,102025,247180650.0,0.35,-7.39
2013-11-22,海康威视,002415,3.97,3.99,3.74,3.79,3.91,47351,117289152.0,0.16,-3.07
2013-11-21,海康威视,002415,3.99,3.99,3.79,3.91,4.04,57391,142900512.0,0.2,-3.22
2013-11-20,海康威视,002415,4.02,4.11,3.82,4.04,3.9,74516,187062580.0,0.25,3.59
2013-11-19,海康威视,002415,4.14,4.26,3.87,3.9,4.15,95311,240502774.0,0.32,-6.02
2013-11-18,海康威视,002415,4.23,4.31,3.99,4.15,4.09,117530,299874576.0,0.4,1.47
2013-11-15,海康威视,002415,3.98,4.22,3.98,4.09,3.97,126508,321823408.0,0.43,3.02
2013-11-14,海康威视,002415,3.96,4.08,3.6,3.97,3.85,92455,230229050.0,0.31,3.12
2013-11-13,海康威视,002415,3.76,4.07,3.74,3.85,3.63,98300,244912065.0,0.33,6.06
2013-11-12,海康威视,002415,3.82,3.87,3.47,3.63,3.69,44717,109016701.0,0.15,-1.63
2013-11-11,海康威视,002415,3.38,3.91,3.3,3.69,3.34,70594,171231061.0,0.24,10.48
2013-11-08,海康威视,002415,3.17,3.42,3.17,3.34,3.36,55371,130348125.0,0.19,-0.6
2013-11-07,海康威视,002415,3.66,3.74,3.25,3.36,3.66,67298,160160490.0,0.23,-8.2
2013-11-06,海康威视,002415,3.84,3.98,3.66,3.66,3.87,66976,166106608.0,0.23,-5.43
2013-11-05,海康威视,002415,3.59,3.91,3.47,3.87,3.67,71097,175373558.0,0.24,5.45
2013-11-04,海康威视,002415,3.52,3.84,3.34,3.67,3.38,109516,266728685.0,0.37,8.58
2013-11-01,海康威视,002415,3.45,3.49,3.19,3.38,3.42,98381,232517594.0,0.33,-1.17
2013-10-31,海康威视,002415,3.43,3.51,3.11,3.42,3.44,77703,184140801.0,0.26,-0.58
2013-10-30,海康威视,002415,3.5,3.6,3.16,3.44,3.44,74610,176413883.0,0.25,0.0
2013-10-29,海康威视,002415,3.91,4.05,3.25,3.44,3.79,100300,242542539.0,0.34,-9.23
2013-10-28,海康威视,002415,3.49,3.95,3.49,3.79,3.49,71419,176358895.0,0.24,8.6
2013-10-25,海康威视,002415,3.86,3.94,3.3,3.49,3.86,126361,303273616.0,0.43,-9.59
2013-10-24,海康威视,002415,4.03,4.07,3.79,3.86,4.02,61564,153211945.0,0.21,-3.98
2013-10-23,海康威视,002415,4.02,4.18,3.82,4.02,4.03,80514,202530602.0,0.27,-0.25
2013-10-22,海康威视,002415,4.67,4.67,4.0,4.03,4.67,153170,392798528.0,0.52,-13.7
2013-10-21,海康威视,002415,4.38,4.72,4.31,4.67,4.38,87228,229948699.0,0.3,6.62
2013-10-18,海康威视,002415,4.49,4.51,4.11,4.38,4.27,67127,173117510.0,0.23,2.58
2013-10-17,海康威视,002415,4.35,4.75,4.18,4.27,4.29,95287,250538844.0,0.32,-0.47
2013-10-16,海康威视,002415,4.36,4.52,3.99,4.29,4.45,89196,230294103.0,0.3,-3.6
2013-10-15,海康威视,002415,4.63,4.86,4.07,4.45,4.63,134149,346992672.0,0.46,-3.89
2013-10-14,海康威视,002415,4.75,5.34,4.56,4.63,4.51,143249,389640816.0,0.49,2.66
2013-10-11,海康威视,002415,5.16,5.34,4.47,4.51,5.15,132072,356655824.0,0.45,-12.43
2013-10-10,海康威视,002415,4.84,5.4,4.8,5.15,4.84,107586,296472304.0,0.37,6.4
2013-10-09,海康威视,002415,4.76,5.03,4.69,4.84,4.8,91865,248945688.0,0.31,0.83
2013-10-08,海康威视,002415,4.58,4.89,4.4,4.8,4.54,91303,245790199.0,0.31,5.73
2013-09-30,海康威视,002415,4.58,4.76,4.31,4.54,4.52,53858,141865046.0,0.18,0.44
2013-09-27,海康威视,002415,4.35,4.63,4.15,4.52,4.35,107732,283000016.0,0.37,3.91
2013-09-26,海康威视,002415,4.1,4.54,3.87,4.35,4.15,105864,274541888.0,0.36,4.82
2013-09-25,海康威视,002415,4.36,4.43,4.09,4.15,4.36,72455,185808919.0,0.25,-4.82
2013-09-24,海康威视,002415,4.05,4.56,4.05,4.36,4.27,137817,360536768.0,0.47,2.11
2013-09-23,海康威视,002415,3.59,4.33,3.58,4.27,3.55,138484,350060272.0,0.47,20.28
2013-09-18,海康威视,002415,3.58,3.69,3.36,3.55,3.55,72444,174299272.0,0.25,0.0
2013-09-17,海康威视,002415,3.43,3.69,3.41,3.55,3.48,64414,155974920.0,0.22,2.01
2013-09-16,海康威视,002415,3.58,3.7,3.36,3.48,3.49,98321,237931775.0,0.33,-0.29
2013-09-13,海康威视,002415,3.25,3.69,3.2,3.49,3.25,90661,218046062.0,0.31,7.38
2013-09-12,海康威视,002415,3.25,3.58,3.11,3.25,3.37,91702,216264104.0,0.31,-3.56
2013-09-11,海康威视,002415,3.59,3.73,3.13,3.37,3.76,182025,429815456.0,0.62,-10.37
2013-09-10,海康威视,002415,3.88,3.96,3.52,3.76,3.87,104095,254260099.0,0.35,-2.84
2013-09-09,海康威视,002415,3.71,4.01,3.58,3.87,3.71,134154,335149360.0,0.46,4.31
2013-09-06,海康威视,002415,3.69,3.98,3.57,3.71,3.77,75051,183662010.0,0.26,-1.59
2013-09-05,海康威视,002415,4.15,4.15,3.67,3.77,4.06,76978,190399897.0,0.26,-7.14
2013-09-04,海康威视,002415,4.05,4.18,3.86,4.06,4.09,71626,179932185.0,0.24,-0.73
2013-09-03,海康威视,002415,4.23,4.58,4.01,4.09,4.14,122192,314296800.0,0.42,-1.21
2013-09-02,海康威视,002415,3.6,4.14,3.6,4.14,3.56,115135,289577952.0,0.39,16.29
2013-08-30,海康威视,002415,3.74,4.28,3.47,3.56,3.74,157266,393364560.0,0.53,-4.81
2013-08-29,海康威视,002415,3.76,3.9,3.61,3.74,3.71,66665,164020238.0,0.23,0.81
2013-08-28,海康威视,002415,3.87,3.91,3.58,3.71,3.95,143016,353155824.0,0.49,-6.08
2013-08-27,海康威视,002415,3.87,4.16,3.68,3.95,3.76,191428,478422640.0,0.65,5.05
2013-08-26,海康威视,002415,3.07,3.8,3.07,3.76,2.92,242966,585509296.0,0.83,28.77
2013-08-23,海康威视,002415,3.15,3.56,2.63,2.92,3.1,280727,651018608.0,0.95,-5.81
2013-08-22,海康威视,002415,3.01,3.22,2.94,3.1,2.99,224981,520734848.0,0.76,3.68
2013-08-21,海康威视,002415,2.4,3.11,2.4,2.99,2.44,301906,685807936.0,1.03,22.54
2013-08-20,海康威视,002415,2.33,2.58,2.31,2.44,2.33,146222,318525504.0,0.5,4.72
2013-08-19,海康威视,002415,2.02,2.33,1.88,2.33,1.85,134168,281374880.0,0.46,25.95
2013-08-16,海康威视,002415,2.3,2.39,1.83,1.85,2.31,150390,314438032.0,0.51,-19.91
2013-08-15,海康威视,002415,2.4,2.6,2.31,2.31,2.47,113217,246853900.0,0.38,-6.48
2013-08-14,海康威视,002415,2.13,2.47,2.07,2.47,2.11,146693,314695392.0,0.5,17.06
2013-08-13,海康威视,002415,2.16,2.23,1.94,2.11,2.18,86493,181327950.0,0.29,-3.21
2013-08-12,海康威视,002415,2.14,2.25,1.82,2.18,2.03,156273,324165648.0,0.53,7.39
2013-08-09,海康威视,002415,2.08,2.33,1.89,2.03,2.11,81967,170840664.0,0.28,-3.79
2013-08-08,海康威视,002415,2.15,2.26,2.0,2.11,2.26,82871,173987992.0,0.28,-6.64
2013-08-07,海康威视,002415,2.53,2.65,2.14,2.26,2.55,126468,270617120.0,0.43,-11.37
2013-08-06,海康威视,002415,2.45,2.66,2.28,2.55,2.42,122577,266634919.0,0.42,5.37
2013-08-05,海康威视,002415,2.25,2.48,2.22,2.42,2.29,123596,266306665.0,0.42,5.68
2013-08-02,海康威视,002415,2.16,2.42,2.16,2.29,2.1,196606,419344560.0,0.67,9.05
2013-08-01,海康威视,002415,1.58,2.27,1.51,2.1,1.59,231884,480023920.0,0.79,32.08
2013-07-31,海康威视,002415,1.83,1.94,1.48,1.59,1.88,286634,570389792.0,0.97,-15.43
2013-07-30,海康威视,002415,2.15,2.26,1.74,1.88,2.14,155185,321204544.0,0.53,-12.15
2013-07-29,海康威视,002415,2.23,2.47,1.96,2.14,2.36,115104,243789635.0,0.39,-9.32
2013-07-26,海康威视,002415,2.45,2.71,2.15,2.36,2.62,160012,344190864.0,0.54,-9.92
2013-07-25,海康威视,002415,2.95,3.0,2.51,2.62,3.1,232760,520397408.0,0.79,-15.48
2013-07-24,海康威视,002415,2.93,3.29,2.86,3.1,2.92,325962,751769808.0,1.11,6.16
2013-07-23,海康威视,002415,1.96,2.92,1.96,2.92,2.0,428046,947474096.0,1.46,46.0
2013-07-22,海康威视,002415,1.82,2.03,1.76,2.0,1.82,116942,240314486.0,0.4,9.89
2013-07-19,海康威视,002415,1.79,2.15,1.73,1.82,1.82,168642,347016544.0,0.57,0.0
2013-07-18,海康威视,002415,2.01,2.05,1.81,1.82,2.09,126796,259661078.0,0.43,-12.92
2013-07-17,海康威视,002415,2.21,2.21,1.84,2.09,2.21,163720,339011584.0,0.56,-5.43
2013-07-16,海康威视,002415,2.0,2.22,1.95,2.21,1.96,259580,542043008.0,0.88,12.76
2013-07-15,海康威视,002415,1.65,1.98,1.56,1.96,1.56,270190,549327312.0,0.92,25.64
2013-07-12,海康威视,002415,1.36,1.78,1.36,1.56,1.36,242192,478296656.0,0.82,14.71
2013-07-11,海康威视,002415,1.33,1.58,1.19,1.36,1.25,194467,375933680.0,0.66,8.8
2013-07-10,海康威视,002415,0.94,1.34,0.8,1.25,0.88,150311,281269392.0,0.51,42.05
2013-07-09,海康威视,002415,0.94,1.0,0.83,0.88,0.91,42202,154668170.0,0.29,-3.3
2013-07-08,海康威视,002415,1.07,1.13,0.87,0.91,1.2,59382,220772070.0,0.4,-24.17
2013-07-05,海康威视,002415,1.33,1.4,1.14,1.2,1.31,45760,175377811.0,0.31,-8.4
2013-07-04,海康威视,002415,1.34,1.54,1.29,1.31,1.45,68516,267086473.0,0.47,-9.66
2013-07-03,海康威视,002415,1.27,1.56,1.19,1.45,1.19,103465,402302592.0,0.7,21.85
2013-07-02,海康威视,002415,0.9,1.24,0.87,1.19,0.93,78794,297283392.0,0.54,27.96
2013-07-01,海康威视,002415,0.59,1.03,0.59,0.93,0.59,110132,404372368.0,0.75,57.63
2013-06-28,海康威视,002415,0.67,0.72,0.53,0.59,0.7,59595,211488178.0,0.41,-15.71
2013-06-27,海康威视,002415,0.74,0.93,0.63,0.7,0.74,83344,302571632.0,0.58,-5.41
2013-06-26,海康威视,002415,0.65,0.79,0.46,0.74,0.42,103056,368247696.0,0.71,76.19
2013-06-25,海康威视,002415,0.29,0.56,-0.11,0.42,0.42,80316,273330128.0,0.56,0.0
2013-06-24,海康威视,002415,0.79,0.82,0.29,0.42,0.82,77774,273688896.0,0.54,-48.78
2013-06-21,海康威视,002415,0.94,1.03,0.64,0.82,0.98,98243,360960544.0,0.68,-16.33
2013-06-20,海康威视,002415,1.0,1.09,0.92,0.98,1.02,54395,201723943.0,0.38,-3.92
2013-06-19,海康威视,002415,1.1,1.1,0.88,1.02,1.1,66945,248882235.0,0.46,-7.27
2013-06-18,海康威视,002415,1.37,1.38,1.09,1.1,1.39,73131,277733552.0,0.51,-20.86
2013-06-17,海康威视,002415,1.34,1.53,1.29,1.39,1.38,90253,352233888.0,0.63,0.72
2013-06-14,海康威视,002415,0.95,1.49,0.88,1.38,0.98,107323,411772736.0,0.74,40.82
2013-06-13,海康威视,002415,0.85,1.03,0.51,0.98,0.94,46928,169905431.0,0.33,4.26
2013-06-07,海康威视,002415,1.07,1.14,0.92,0.94,1.08,45032,167802225.0,0.31,-12.96
2013-06-06,海康威视,002415,1.1,1.2,1.03,1.08,1.1,49832,187509668.0,0.35,-1.82
2013-06-05,海康威视,002415,0.85,1.13,0.85,1.1,0.79,71815,267948362.0,0.5,39.24
2013-06-04,海康威视,002415,1.01,1.05,0.76,0.79,1.03,65611,239248405.0,0.45,-23.3
2013-06-03,海康威视,002415,1.06,1.2,0.97,1.03,1.07,87097,326920480.0,0.6,-3.74
2013-05-31,海康威视,002415,1.04,1.19,1.0,1.07,1.01,55030,207170903.0,0.38,5.94
2013-05-30,海康威视,002415,1.21,1.24,0.9,1.01,1.21,95307,356444320.0,0.66,-16.53
2013-05-29,海康威视,002415,1.25,1.25,1.04,1.21,1.21,68838,260291434.0,0.48,0.0
2013-05-28,海康威视,002415,1.16,1.28,1.0,1.21,1.21,87011,329816864.0,0.6,0.0
2013-05-27,海康威视,002415,1.46,1.47,1.09,1.21,1.52,137176,526431552.0,2.4,-20.39
2013-05-24,海康威视,002415,1.47,1.63,1.42,1.52,1.49,59822,236318660.0,1.05,2.01
2013-05-23,海康威视,002415,1.56,1.66,1.29,1.49,1.63,133451,523953744.0,2.34,-8.59
2013-05-22,海康威视,002415,2.0,2.0,1.48,1.63,2.02,142241,572267488.0,2.49,-19.31
2013-05-21,海康威视,002415,1.43,2.1,1.25,2.02,1.43,182330,730113248.0,3.19,41.26
2013-05-20,海康威视,002415,1.44,1.46,1.22,1.43,1.42,102763,397286848.0,1.8,0.7
2013-05-17,海康威视,002415,1.36,1.49,1.22,1.42,1.37,70201,272549152.0,1.23,3.65
2013-05-16,海康威视,002415,1.17,1.55,1.08,1.37,1.22,138019,538068688.0,2.42,12.3
2013-05-15,海康威视,002415,0.67,1.24,0.67,1.22,0.66,144271,540289104.0,2.53,84.85
2013-05-14,海康威视,002415,0.68,0.76,0.57,0.66,0.68,60979,217315505.0,1.07,-2.94
2013-05-13,海康威视,002415,0.65,0.7,0.56,0.68,0.61,72583,257951501.0,1.27,11.48
2013-05-10,海康威视,002415,0.57,0.74,0.53,0.61,0.54,59088,210367595.0,1.03,12.96
2013-05-09,海康威视,002415,0.76,0.83,0.49,0.54,0.82,108790,385623968.0,1.91,-34.15
2013-05-08,海康威视,002415,0.78,0.91,0.74,0.82,0.78,57743,210281905.0,1.01,5.13
2013-05-07,海康威视,002415,1.07,1.18,0.76,0.78,1.04,69041,253026220.0,1.21,-25.0
2013-05-06,海康威视,002415,0.97,1.19,0.96,1.04,0.96,63347,238025753.0,1.11,8.33
2013-05-03,海康威视,002415,0.96,1.09,0.91,0.96,0.96,72623,270500464.0,1.27,0.0
2013-05-02,海康威视,002415,0.79,1.06,0.74,0.96,0.79,48893,179989048.0,0.86,21.52
2013-04-26,海康威视,002415,0.94,1.06,0.69,0.79,0.93,58651,212854167.0,1.03,-15.05
2013-04-25,海康威视,002415,1.36,1.38,0.93,0.93,1.45,122843,464772528.0,2.15,-35.86
2013-04-24,海康威视,002415,1.38,1.59,1.03,1.45,1.38,121144,469019296.0,2.12,5.07
2013-04-23,海康威视,002415,1.34,1.45,1.18,1.38,1.34,51117,198402865.0,0.9,2.99
2013-04-22,海康威视,002415,1.22,1.47,1.12,1.34,1.22,72914,280005536.0,1.28,9.84
2013-04-19,海康威视,002415,1.0,1.32,0.95,1.22,0.98,74043,281260320.0,1.3,24.49
2013-04-18,海康威视,002415,1.05,1.32,0.96,0.98,1.09,67275,254391900.0,1.18,-10.09
2013-04-17,海康威视,002415,0.85,1.19,0.79,1.09,0.9,81793,305160768.0,1.43,21.11
2013-04-16,海康威视,002415,0.82,0.99,0.76,0.9,0.76,29730,108727826.0,0.52,18.42
2013-04-15,海康威视,002415,1.01,1.16,0.75,0.76,1.04,32780,119403651.0,0.57,-26.92
2013-04-12,海康威视,002415,1.03,1.16,0.99,1.04,1.03,20972,78453369.0,0.37,0.97
2013-04-11,海康威视,002415,1.07,1.13,0.98,1.03,1.07,25096,93783608.0,0.44,-3.74
2013-04-10,海康威视,002415,1.19,1.3,0.96,1.07,1.22,43869,165924579.0,0.77,-12.3
2013-04-09,海康威视,002415,1.5,1.53,1.08,1.22,1.49,66812,254849898.0,1.17,-18.12
2013-04-08,海康威视,002415,0.87,1.51,0.74,1.49,0.99,46689,179949881.0,0.82,50.51
2013-04-03,海康威视,002415,1.07,1.18,0.84,0.99,1.05,41881,155533211.0,0.73,-5.71
2013-04-02,海康威视,002415,1.51,1.6,1.04,1.05,1.51,63145,241880189.0,1.11,-30.46
2013-04-01,海康威视,002415,1.13,1.51,1.13,1.51,1.3,32727,126519769.0,0.57,16.15
2013-03-29,海康威视,002415,1.51,1.51,1.25,1.3,1.38,18071,70025707.0,0.32,-5.8
2013-03-28,海康威视,002415,1.4,1.54,1.27,1.38,1.5,29004,113119324.0,0.51,-8.0
2013-03-27,海康威视,002415,1.66,1.67,1.47,1.5,1.66,22563,89461179.0,0.4,-9.64
2013-03-26,海康威视,002415,1.47,1.7,1.39,1.66,1.56,27558,109396764.0,0.48,6.41
2013-03-25,海康威视,002415,1.58,1.63,1.31,1.56,1.57,36304,142502090.0,0.64,-0.64
2013-03-22,海康威视,002415,1.31,1.73,1.31,1.57,1.35,71569,283639472.0,1.25,16.3
2013-03-21,海康威视,002415,0.98,1.38,0.96,1.35,0.98,52971,203286008.0,0.93,37.76
2013-03-20,海康威视,002415,0.98,1.09,0.92,0.98,0.98,61613,229869087.0,1.08,0.0
2013-03-19,海康威视,002415,1.55,1.56,0.93,0.98,1.48,70590,266769233.0,1.24,-33.78
2013-03-18,海康威视,002415,1.18,1.51,1.11,1.48,1.19,54806,214108795.0,0.96,24.37
2013-03-15,海康威视,002415,1.1,1.51,1.02,1.19,1.13,47216,181429629.0,0.83,5.31
2013-03-14,海康威视,002415,0.7,1.23,0.63,1.13,0.69,64850,241985431.0,1.14,63.77
2013-03-13,海康威视,002415,0.47,0.77,0.34,0.69,0.46,46166,161773299.0,0.81,50.0
2013-03-12,海康威视,002415,0.6,0.8,0.31,0.46,0.63,43869,152959733.0,0.77,-26.98
2013-03-11,海康威视,002415,0.44,0.7,0.31,0.63,0.47,29636,103982756.0,0.52,34.04
2013-03-08,海康威视,002415,0.73,0.82,0.42,0.47,0.7,30104,106280344.0,0.53,-32.86
2013-03-07,海康威视,002415,0.85,1.05,0.51,0.7,0.96,47711,172381133.0,0.84,-27.08
2013-03-06,海康威视,002415,0.8,1.1,0.74,0.96,0.8,77717,290099376.0,1.36,20.0
2013-03-05,海康威视,002415,0.45,0.82,0.33,0.8,0.45,74444,263668538.0,1.3,77.78
2013-03-04,海康威视,002415,0.4,0.76,0.29,0.45,0.4,61577,215308675.0,1.08,12.5
2013-03-01,海康威视,002415,0.04,0.52,-0.08,0.4,0.05,61300,208267697.0,1.07,700.0
2013-02-28,海康威视,002415,0.07,0.2,-0.15,0.05,0.0,38870,127225943.0,0.68,0.0
2013-02-27,海康威视,002415,0.06,0.2,-0.12,0.0,0.05,39351,128219487.0,0.69,-100.0
2013-02-26,海康威视,002415,-0.11,0.27,-0.14,0.05,-0.09,101459,339480224.0,1.78,155.56
2013-02-25,海康威视,002415,-0.09,-0.04,-0.15,-0.09,-0.13,42720,137737733.0,0.75,30.77
2013-02-22,海康威视,002415,-0.13,0.03,-0.15,-0.13,-0.13,47339,154170800.0,0.83,0.0
2013-02-21,海康威视,002415,-0.18,0.04,-0.29,-0.13,-0.19,78217,251852843.0,1.37,31.58
2013-02-20,海康威视,002415,-0.38,-0.16,-0.38,-0.19,-0.38,42413,133864077.0,0.74,50.0
2013-02-19,海康威视,002415,-0.2,-0.2,-0.42,-0.38,-0.21,27235,84895613.0,0.48,-80.95
2013-02-18,海康威视,002415,-0.26,-0.18,-0.37,-0.21,-0.35,32276,101949425.0,0.57,40.0
2013-02-08,海康威视,002415,-0.37,-0.09,-0.42,-0.35,-0.37,73774,234938051.0,1.29,5.41
2013-02-07,海康威视,002415,-0.6,-0.36,-0.67,-0.37,-0.59,66834,204103255.0,1.17,37.29
2013-02-06,海康威视,002415,-0.53,-0.53,-0.64,-0.59,-0.57,45568,136974579.0,0.8,-3.51
2013-02-05,海康威视,002415,-0.7,-0.54,-0.84,-0.57,-0.77,62548,184996410.0,1.1,25.97
2013-02-04,海康威视,002415,-0.62,-0.54,-0.86,-0.77,-0.62,72625,211809868.0,1.27,-24.19
2013-02-01,海康威视,002415,-0.53,-0.46,-0.66,-0.62,-0.53,61301,183560238.0,1.07,-16.98
2013-01-31,海康威视,002415,-0.26,-0.2,-0.55,-0.53,-0.31,55778,171852359.0,0.98,-70.97
2013-01-30,海康威视,002415,-0.37,-0.12,-0.37,-0.31,-0.4,85722,269942832.0,1.5,22.5
2013-01-29,海康威视,002415,-0.51,-0.39,-0.72,-0.4,-0.51,89461,267638183.0,1.57,21.57
2013-01-28,海康威视,002415,-0.39,-0.27,-0.61,-0.51,-0.38,90258,276595008.0,1.58,-34.21
2013-01-25,海康威视,002415,-0.35,-0.26,-0.43,-0.38,-0.37,34999,109297645.0,0.61,-2.7
2013-01-24,海康威视,002415,-0.22,-0.15,-0.44,-0.37,-0.19,47900,149944362.0,0.84,-94.74
2013-01-23,海康威视,002415,-0.31,-0.04,-0.33,-0.19,-0.29,54563,173202491.0,0.96,34.48
2013-01-22,海康威视,002415,-0.22,0.03,-0.34,-0.29,-0.2,87984,281629712.0,1.54,-45.0
2013-01-21,海康威视,002415,0.09,0.18,-0.36,-0.2,0.15,116193,369182016.0,2.03,-233.33
2013-01-18,海康威视,002415,0.29,0.4,0.07,0.15,0.28,63053,211847274.0,1.17,-46.43
2013-01-17,海康威视,002415,0.29,0.38,0.09,0.28,0.28,63794,215788893.0,1.19,0.0
2013-01-16,海康威视,002415,-0.04,0.4,-0.1,0.28,-0.04,109701,370163504.0,2.04,800.0
2013-01-15,海康威视,002415,-0.51,0.07,-0.53,-0.04,-0.51,116020,367228736.0,2.16,92.16
2013-01-14,海康威视,002415,-0.71,-0.44,-0.74,-0.51,-0.71,67875,204619649.0,1.26,28.17
2013-01-11,海康威视,002415,-0.69,-0.6,-0.75,-0.71,-0.69,34040,100939665.0,0.63,-2.9
2013-01-10,海康威视,002415,-0.66,-0.59,-0.75,-0.69,-0.65,52842,156796537.0,0.98,-6.15
2013-01-09,海康威视,002415,-0.68,-0.51,-0.75,-0.65,-0.71,56654,168306029.0,1.05,8.45
2013-01-08,海康威视,002415,-0.73,-0.59,-0.85,-0.71,-0.73,77109,227907596.0,1.44,2.74
2013-01-07,海康威视,002415,-0.85,-0.62,-1.01,-0.73,-0.81,51978,150843453.0,0.97,9.88
2013-01-04,海康威视,002415,-0.37,-0.37,-1.04,-0.81,-0.35,114898,336267024.0,2.14,-131.43
2012-12-31,海康威视,002415,-0.29,-0.22,-0.43,-0.35,-0.29,63333,196934363.0,1.18,-20.69
2012-12-28,海康威视,002415,-0.33,-0.21,-0.35,-0.29,-0.29,40800,128135540.0,0.76,0.0
2012-12-27,海康威视,002415,-0.23,-0.16,-0.39,-0.29,-0.25,52918,166997768.0,0.99,-16.0
2012-12-26,海康威视,002415,-0.36,-0.23,-0.49,-0.25,-0.35,38519,119598152.0,0.72,28.57
2012-12-25,海康威视,002415,-0.54,-0.34,-0.55,-0.35,-0.52,47255,145128026.0,0.88,32.69
2012-12-24,海康威视,002415,-0.46,-0.31,-0.54,-0.52,-0.49,41730,127852974.0,0.78,-6.12
2012-12-21,海康威视,002415,-0.6,-0.48,-0.71,-0.49,-0.59,46481,139857655.0,0.87,16.95
2012-12-20,海康威视,002415,-0.69,-0.55,-0.73,-0.59,-0.63,24453,73162790.0,0.46,6.35
2012-12-19,海康威视,002415,-0.81,-0.61,-0.86,-0.63,-0.77,19449,57283219.0,0.36,18.18
2012-12-18,海康威视,002415,-0.62,-0.62,-0.89,-0.77,-0.7,42231,123329438.0,0.79,-10.0
2012-12-17,海康威视,002415,-0.55,-0.43,-0.84,-0.7,-0.57,39096,115293674.0,0.73,-22.81
2012-12-14,海康威视,002415,-0.85,-0.56,-0.89,-0.57,-0.85,50452,150147268.0,0.94,32.94
2012-12-13,海康威视,002415,-0.91,-0.81,-0.95,-0.85,-0.84,19932,57328454.0,0.37,-1.19
2012-12-12,海康威视,002415,-0.74,-0.69,-0.86,-0.84,-0.73,29680,86529031.0,0.55,-15.07
2012-12-11,海康威视,002415,-0.75,-0.68,-0.87,-0.73,-0.75,28033,81984408.0,0.52,2.67
2012-12-10,海康威视,002415,-0.78,-0.71,-0.9,-0.75,-0.85,23572,68816755.0,0.44,11.76
2012-12-07,海康威视,002415,-0.97,-0.8,-0.97,-0.85,-0.89,19587,56395401.0,0.36,4.49
2012-12-06,海康威视,002415,-0.89,-0.85,-1.11,-0.89,-1.02,23610,67246278.0,0.44,12.75
2012-12-05,海康威视,002415,-1.28,-0.82,-1.33,-1.02,-1.28,34185,96025677.0,0.64,20.31
2012-12-04,海康威视,002415,-1.31,-1.2,-1.34,-1.28,-1.31,16499,44628758.0,0.31,2.29
2012-12-03,海康威视,002415,-1.18,-1.18,-1.31,-1.31,-1.19,21385,57840515.0,0.4,-10.08
2012-11-30,海康威视,002415,-1.26,-1.15,-1.31,-1.19,-1.25,17117,46561890.0,0.32,4.8
2012-11-29,海康威视,002415,-1.37,-1.24,-1.38,-1.25,-1.35,12432,33587936.0,0.23,7.41
2012-11-28,海康威视,002415,-1.4,-1.3,-1.49,-1.35,-1.4,14375,38294058.0,0.27,3.57
2012-11-27,海康威视,002415,-1.63,-1.3,-1.63,-1.4,-1.51,39481,103080695.0,0.74,7.28
2012-11-26,海康威视,002415,-1.23,-1.23,-1.57,-1.51,-1.23,73980,193829276.0,1.38,-22.76
2012-11-23,海康威视,002415,-1.07,-1.05,-1.26,-1.23,-1.09,20026,54549290.0,0.37,-12.84
2012-11-22,海康威视,002415,-1.0,-1.0,-1.25,-1.09,-0.97,17668,48687182.0,0.33,-12.37
2012-11-21,海康威视,002415,-1.0,-0.93,-1.11,-0.97,-1.03,19044,53597062.0,0.35,5.83
2012-11-20,海康威视,002415,-0.94,-0.89,-1.07,-1.03,-0.98,11739,33124812.0,0.22,-5.1
2012-11-19,海康威视,002415,-1.0,-0.9,-1.13,-0.98,-1.0,18605,52346238.0,0.35,2.0
2012-11-16,海康威视,002415,-1.04,-0.93,-1.17,-1.0,-1.03,16993,47288091.0,0.32,2.91
2012-11-15,海康威视,002415,-1.12,-0.98,-1.22,-1.03,-1.09,25276,70625058.0,0.47,5.5
2012-11-14,海康威视,002415,-1.12,-1.04,-1.15,-1.09,-1.13,22424,62071100.0,0.42,3.54
2012-11-13,海康威视,002415,-0.93,-0.93,-1.15,-1.13,-0.93,36357,100943388.0,0.68,-21.51
2012-11-12,海康威视,002415,-0.77,-0.76,-0.94,-0.93,-0.82,26696,76572369.0,0.5,-13.41
2012-11-09,海康威视,002415,-0.67,-0.66,-0.85,-0.82,-0.66,22331,65145758.0,0.42,-24.24
2012-11-08,海康威视,002415,-0.54,-0.54,-0.76,-0.66,-0.54,18151,53984784.0,0.34,-22.22
2012-11-07,海康威视,002415,-0.57,-0.53,-0.67,-0.54,-0.58,16002,47958314.0,0.3,6.9
2012-11-06,海康威视,002415,-0.53,-0.51,-0.79,-0.58,-0.55,39874,118546076.0,0.74,-5.45
2012-11-05,海康威视,002415,-0.41,-0.31,-0.59,-0.55,-0.41,39851,120832298.0,0.74,-34.15
2012-11-02,海康威视,002415,-0.35,-0.35,-0.49,-0.41,-0.34,15620,48146363.0,0.29,-20.59
2012-11-01,海康威视,002415,-0.35,-0.2,-0.44,-0.34,-0.35,25292,78831971.0,0.47,2.86
2012-10-31,海康威视,002415,-0.44,-0.28,-0.48,-0.35,-0.42,44703,138383953.0,0.83,16.67
2012-10-30,海康威视,002415,-0.6,-0.41,-0.61,-0.42,-0.6,51893,158796700.0,0.97,30.0
2012-10-29,海康威视,002415,-0.79,-0.57,-0.86,-0.6,-0.72,23516,70284370.0,0.44,16.67
2012-10-26,海康威视,002415,-0.82,-0.72,-1.01,-0.72,-0.74,25422,72739201.0,0.47,2.7
2012-10-25,海康威视,002415,-0.57,-0.57,-0.82,-0.74,-0.61,15332,45119236.0,0.29,-21.31
2012-10-24,海康威视,002415,-0.8,-0.58,-0.81,-0.61,-0.75,21954,65595913.0,0.41,18.67
2012-10-23,海康威视,002415,-0.88,-0.52,-0.88,-0.75,-0.86,39962,117977960.0,0.74,12.79
2012-10-22,海康威视,002415,-0.95,-0.84,-1.04,-0.86,-0.95,18545,53017211.0,0.35,9.47
2012-10-19,海康威视,002415,-0.88,-0.88,-0.97,-0.95,-0.89,14084,40106737.0,0.26,-6.74
2012-10-18,海康威视,002415,-0.95,-0.89,-0.99,-0.89,-1.04,21004,59796445.0,0.39,14.42
2012-10-17,海康威视,002415,-0.88,-0.88,-1.08,-1.04,-0.93,16807,47115802.0,0.31,-11.83
2012-10-16,海康威视,002415,-1.04,-0.89,-1.05,-0.93,-1.0,16724,47498309.0,0.31,7.0
2012-10-15,海康威视,002415,-0.91,-0.91,-1.07,-1.0,-0.93,8215,23027774.0,0.15,-7.53
2012-10-12,海康威视,002415,-0.93,-0.87,-1.09,-0.93,-0.93,17110,48196431.0,0.32,0.0
2012-10-11,海康威视,002415,-0.88,-0.82,-0.98,-0.93,-0.82,29604,84561846.0,0.55,-13.41
2012-10-10,海康威视,002415,-0.91,-0.77,-0.96,-0.82,-0.89,21583,62333271.0,0.4,7.87
2012-10-09,海康威视,002415,-1.0,-0.87,-1.04,-0.89,-1.08,24463,69733406.0,0.46,17.59
2012-10-08,海康威视,002415,-1.2,-0.97,-1.2,-1.08,-1.1,12122,33725117.0,0.23,1.82
2012-09-28,海康威视,002415,-1.3,-1.09,-1.3,-1.1,-1.24,25711,70166497.0,0.48,11.29
2012-09-27,海康威视,002415,-1.31,-1.09,-1.37,-1.24,-1.33,14199,38706601.0,0.26,6.77
2012-09-26,海康威视,002415,-1.22,-1.22,-1.51,-1.33,-1.22,13755,36347386.0,0.26,-9.02
2012-09-25,海康威视,002415,-1.29,-1.19,-1.36,-1.22,-1.29,12377,33646037.0,0.23,5.43
2012-09-24,海康威视,002415,-1.38,-1.21,-1.56,-1.29,-1.38,35890,94686263.0,0.67,6.52
2012-09-21,海康威视,002415,-1.16,-1.16,-1.41,-1.38,-1.11,25727,69016608.0,0.48,-24.32
2012-09-20,海康威视,002415,-1.23,-1.07,-1.23,-1.11,-1.19,27829,76830975.0,0.52,6.72
2012-09-19,海康威视,002415,-1.17,-1.15,-1.24,-1.19,-1.17,12200,33379163.0,0.23,-1.71
2012-09-18,海康威视,002415,-1.26,-1.14,-1.26,-1.17,-1.21,12967,35392188.0,0.24,3.31
2012-09-17,海康威视,002415,-1.22,-1.15,-1.26,-1.21,-1.18,14735,40229241.0,0.27,-2.54
2012-09-14,海康威视,002415,-1.0,-1.0,-1.27,-1.18,-1.0,47111,128988942.0,0.88,-18.0
2012-09-13,海康威视,002415,-0.88,-0.88,-1.13,-1.0,-0.91,30453,85498660.0,0.57,-9.89
2012-09-12,海康威视,002415,-0.93,-0.89,-1.01,-0.91,-0.96,16294,46200264.0,0.3,5.21
2012-09-11,海康威视,002415,-0.98,-0.9,-1.02,-0.96,-0.86,24451,69134678.0,0.46,-11.63
2012-09-10,海康威视,002415,-0.82,-0.72,-1.04,-0.86,-0.84,44576,126866050.0,0.83,-2.38
2012-09-07,海康威视,002415,-1.08,-0.81,-1.08,-0.84,-1.08,40173,114983015.0,0.75,22.22
2012-09-06,海康威视,002415,-1.09,-1.01,-1.17,-1.08,-1.13,22225,61542130.0,0.41,4.42
2012-09-05,海康威视,002415,-1.2,-1.13,-1.26,-1.13,-1.21,18354,50031177.0,0.34,6.61
2012-09-04,海康威视,002415,-1.24,-1.06,-1.24,-1.21,-1.26,44822,123081969.0,0.83,3.97
2012-09-03,海康威视,002415,-1.45,-1.22,-1.46,-1.26,-1.47,21071,56573844.0,0.39,14.29
2012-08-31,海康威视,002415,-1.4,-1.31,-1.5,-1.47,-1.4,30202,79160201.0,0.56,-5.0
2012-08-30,海康威视,002415,-1.09,-1.09,-1.47,-1.4,-1.16,31516,83488069.0,0.59,-20.69
2012-08-29,海康威视,002415,-1.23,-1.09,-1.23,-1.16,-1.15,17339,47796163.0,0.32,-0.87
2012-08-28,海康威视,002415,-1.13,-1.0,-1.33,-1.15,-1.04,36427,99471347.0,0.68,-10.58
2012-08-27,海康威视,002415,-0.83,-0.83,-1.18,-1.04,-0.82,42277,118042700.0,0.79,-26.83
2012-08-24,海康威视,002415,-0.99,-0.81,-1.0,-0.82,-0.83,20287,58186347.0,0.38,1.2
2012-08-23,海康威视,002415,-0.82,-0.8,-1.09,-0.83,-0.89,23894,67780978.0,0.44,6.74
2012-08-22,海康威视,002415,-0.86,-0.75,-0.93,-0.89,-0.82,24399,70483979.0,0.45,-8.54
2012-08-21,海康威视,002415,-1.1,-0.79,-1.13,-0.82,-1.04,56889,163557834.0,1.06,21.15
2012-08-20,海康威视,002415,-1.27,-1.04,-1.33,-1.04,-1.2,29821,82129773.0,0.56,13.33
2012-08-17,海康威视,002415,-1.04,-0.96,-1.26,-1.2,-1.04,49558,135540593.0,0.92,-15.38
2012-08-16,海康威视,002415,-0.93,-0.89,-1.11,-1.04,-0.88,27427,77351933.0,0.51,-18.18
2012-08-15,海康威视,002415,-1.19,-0.79,-1.19,-0.88,-1.07,54699,156739495.0,1.02,17.76
2012-08-14,海康威视,002415,-0.51,-0.51,-1.18,-1.07,-0.51,132795,370121040.0,2.47,-109.8
2012-08-13,海康威视,002415,-0.45,-0.4,-0.57,-0.51,-0.49,18348,55915047.0,0.34,-4.08
2012-08-10,海康威视,002415,-0.46,-0.32,-0.56,-0.49,-0.41,18020,55092596.0,0.34,-19.51
2012-08-09,海康威视,002415,-0.65,-0.38,-0.65,-0.41,-0.66,25598,78429222.0,0.48,37.88
2012-08-08,海康威视,002415,-0.53,-0.5,-0.67,-0.66,-0.49,20187,60383825.0,0.38,-34.69
2012-08-07,海康威视,002415,-0.72,-0.44,-0.73,-0.49,-0.71,63122,190652805.0,1.18,30.99
2012-08-06,海康威视,002415,-1.06,-0.69,-1.12,-0.71,-1.04,68882,200194179.0,1.28,31.73
2012-08-03,海康威视,002415,-1.16,-1.01,-1.25,-1.04,-1.15,28928,80376721.0,0.54,9.57
2012-08-02,海康威视,002415,-1.26,-1.15,-1.35,-1.15,-1.22,21715,58733119.0,0.4,5.74
2012-08-01,海康威视,002415,-1.27,-1.13,-1.33,-1.22,-1.27,20561,55979978.0,0.38,3.94
2012-07-31,海康威视,002415,-1.36,-1.27,-1.42,-1.27,-1.33,24045,64160491.0,0.45,4.51
2012-07-30,海康威视,002415,-1.07,-1.06,-1.34,-1.33,-1.09,23958,64531198.0,0.45,-22.02
2012-07-27,海康威视,002415,-0.91,-0.86,-1.16,-1.09,-0.91,28578,79510157.0,0.53,-19.78
2012-07-26,海康威视,002415,-1.07,-0.86,-1.09,-0.91,-1.04,46453,132579584.0,0.86,12.5
2012-07-25,海康威视,002415,-1.26,-1.0,-1.26,-1.04,-1.24,27438,76218146.0,0.51,16.13
2012-07-24,海康威视,002415,-1.42,-1.2,-1.42,-1.24,-1.36,16958,45786604.0,0.32,8.82
2012-07-23,海康威视,002415,-1.24,-1.24,-1.4,-1.36,-1.23,15903,42460090.0,0.3,-10.57
2012-07-20,海康威视,002415,-1.23,-1.22,-1.31,-1.23,-1.21,16753,45116672.0,0.31,-1.65
2012-07-19,海康威视,002415,-1.21,-1.18,-1.34,-1.21,-1.25,29616,79892480.0,0.55,3.2
2012-07-18,海康威视,002415,-1.04,-0.99,-1.38,-1.25,-1.04,29710,80569663.0,0.55,-20.19
2012-07-17,海康威视,002415,-1.26,-1.02,-1.31,-1.04,-1.2,27127,75227791.0,0.51,13.33
2012-07-16,海康威视,002415,-1.09,-1.03,-1.26,-1.2,-1.07,17873,49022527.0,0.33,-12.15
2012-07-13,海康威视,002415,-1.04,-0.97,-1.15,-1.07,-1.04,17684,49362153.0,0.33,-2.88
2012-07-12,海康威视,002415,-1.37,-0.98,-1.45,-1.04,-1.31,60387,164238072.0,1.12,20.61
2012-07-11,海康威视,002415,-1.19,-1.19,-1.42,-1.31,-1.19,22283,59852736.0,0.41,-10.08
2012-07-10,海康威视,002415,-1.06,-1.06,-1.33,-1.19,-1.06,35582,96773209.0,0.66,-12.26
2012-07-09,海康威视,002415,-1.09,-0.89,-1.13,-1.06,-1.07,36530,103539058.0,0.68,0.93
2012-07-06,海康威视,002415,-1.26,-1.04,-1.31,-1.07,-1.27,29720,81527040.0,0.55,15.75
2012-07-05,海康威视,002415,-1.32,-1.23,-1.37,-1.27,-1.27,21363,57336129.0,0.4,0.0
2012-07-04,海康威视,002415,-0.92,-0.83,-1.34,-1.27,-0.91,76556,209199601.0,1.43,-39.56
2012-07-03,海康威视,002415,-1.04,-0.87,-1.11,-0.91,-1.01,45627,129431433.0,0.85,9.9
2012-07-02,海康威视,002415,-1.17,-0.93,-1.32,-1.01,-1.22,60779,166223127.0,1.13,17.21
2012-06-29,海康威视,002415,-1.33,-1.18,-1.33,-1.22,-1.28,39786,107846825.0,0.74,4.69
2012-06-28,海康威视,002415,-1.24,-1.11,-1.29,-1.28,-1.24,57322,156241656.0,1.07,-3.23
2012-06-27,海康威视,002415,-1.57,-1.19,-1.57,-1.24,-1.55,51513,137701040.0,0.96,20.0
2012-06-26,海康威视,002415,-1.49,-1.38,-1.59,-1.55,-1.5,27383,71016538.0,0.51,-3.33
2012-06-25,海康威视,002415,-1.53,-1.47,-1.56,-1.5,-1.47,24224,62755659.0,0.45,-2.04
2012-06-21,海康威视,002415,-1.49,-1.42,-1.6,-1.47,-1.45,29050,74974933.0,0.54,-1.38
2012-06-20,海康威视,002415,-1.36,-1.26,-1.5,-1.45,-1.33,31151,81669050.0,0.58,-9.02
2012-06-19,海康威视,002415,-1.31,-1.2,-1.42,-1.33,-1.31,44703,119363565.0,0.83,-1.53
2012-06-18,海康威视,002415,-1.47,-1.29,-1.53,-1.31,-1.49,37088,98496532.0,0.69,12.08
2012-06-15,海康威视,002415,-1.4,-1.31,-1.58,-1.49,-1.39,36772,95423481.0,0.68,-7.19
2012-06-14,海康威视,002415,-1.42,-1.26,-1.49,-1.39,-1.39,34299,90587850.0,0.64,0.0
2012-06-13,海康威视,002415,-1.55,-1.34,-1.55,-1.39,-1.56,43167,113489240.0,0.8,10.9
2012-06-12,海康威视,002415,-1.57,-1.51,-1.66,-1.56,-1.53,27626,142094802.0,1.05,-1.96
2012-06-11,海康威视,002415,-1.67,-1.5,-1.73,-1.53,-1.73,21738,111743923.0,0.83,11.56
2012-06-08,海康威视,002415,-1.86,-1.64,-1.97,-1.73,-1.91,27338,136541333.0,1.04,9.42
2012-06-07,海康威视,002415,-1.89,-1.72,-1.92,-1.91,-1.92,29381,145432910.0,1.12,0.52
2012-06-06,海康威视,002415,-2.13,-1.9,-2.13,-1.92,-2.13,28957,138943901.0,1.1,9.86
2012-06-05,海康威视,002415,-1.98,-1.97,-2.14,-2.13,-2.02,33199,155808892.0,1.27,-5.45
2012-06-04,海康威视,002415,-2.2,-1.89,-2.24,-2.02,-2.12,42372,202298199.0,1.62,4.72
2012-06-01,海康威视,002415,-2.09,-2.05,-2.18,-2.12,-2.06,21226,98935154.0,0.81,-2.91
2012-05-31,海康威视,002415,-2.14,-2.02,-2.14,-2.06,-2.09,14337,67634980.0,0.55,1.44
2012-05-30,海康威视,002415,-2.12,-2.03,-2.19,-2.09,-2.12,18732,87970596.0,0.75,1.42
2012-05-29,海康威视,002415,-2.25,-2.06,-2.35,-2.12,-2.25,23549,109359507.0,0.94,5.78
2012-05-28,海康威视,002415,-2.34,-2.24,-2.4,-2.25,-2.29,29424,132429925.0,1.18,1.75
2012-05-25,海康威视,002415,-2.22,-2.17,-2.36,-2.29,-2.19,7809,35509512.0,0.31,-4.57
2012-05-24,海康威视,002415,-2.29,-2.14,-2.29,-2.19,-2.29,15171,69742686.0,0.61,4.37
2012-05-23,海康威视,002415,-2.37,-2.28,-2.38,-2.29,-2.39,23716,106404610.0,0.95,4.18
2012-05-22,海康威视,002415,-2.27,-2.25,-2.42,-2.39,-2.31,41894,187371731.0,1.68,-3.46
2012-05-21,海康威视,002415,-2.19,-2.13,-2.31,-2.31,-2.17,15700,71313576.0,0.63,-6.45
2012-05-17,海康威视,002415,-2.22,-2.14,-2.24,-2.17,-2.23,4597,21200251.0,0.18,2.69
2012-05-16,海康威视,002415,-2.2,-2.11,-2.25,-2.23,-2.18,12183,56173128.0,0.49,-2.29
2012-05-15,海康威视,002415,-2.25,-2.18,-2.3,-2.18,-2.18,9462,43063459.0,0.38,0.0
2012-05-14,海康威视,002415,-2.18,-2.1,-2.25,-2.18,-2.11,13351,61538908.0,0.53,-3.32
2012-05-11,海康威视,002415,-2.03,-1.99,-2.11,-2.11,-1.98,11997,56557184.0,0.48,-6.57
2012-05-10,海康威视,002415,-2.07,-1.96,-2.13,-1.98,-2.09,19892,94935895.0,0.8,5.26
2012-05-09,海康威视,002415,-2.07,-2.01,-2.13,-2.09,-2.01,20992,98648757.0,0.84,-3.98
2012-05-08,海康威视,002415,-2.0,-1.91,-2.09,-2.01,-2.0,22697,107668193.0,0.91,-0.5
2012-05-07,海康威视,002415,-2.26,-2.0,-2.28,-2.0,-2.24,49405,231564161.0,1.98,10.71
2012-05-04,海康威视,002415,-2.28,-2.1,-2.28,-2.24,-2.27,35628,164236161.0,1.43,1.32
2012-05-03,海康威视,002415,-2.23,-2.22,-2.34,-2.27,-2.2,23460,105680472.0,0.94,-3.18
2012-05-02,海康威视,002415,-2.2,-2.18,-2.37,-2.2,-2.18,19079,86287095.0,0.76,-0.92
2012-04-27,海康威视,002415,-2.13,-2.13,-2.25,-2.18,-2.13,9906,45554944.0,0.4,-2.35
2012-04-26,海康威视,002415,-2.26,-2.07,-2.29,-2.13,-2.26,21270,99017228.0,0.85,5.75
2012-04-25,海康威视,002415,-2.3,-2.26,-2.36,-2.26,-2.3,17039,76673318.0,0.68,1.74
2012-04-24,海康威视,002415,-2.53,-2.25,-2.59,-2.3,-2.49,25553,113997389.0,1.02,7.63
2012-04-20,海康威视,002415,-2.56,-2.47,-2.63,-2.49,-2.56,10051,43213029.0,0.4,2.73
2012-04-19,海康威视,002415,-2.47,-2.47,-2.6,-2.56,-2.47,10365,44301621.0,0.42,-3.64
2012-04-18,海康威视,002415,-2.52,-2.44,-2.55,-2.47,-2.53,5955,25861171.0,0.24,2.37
2012-04-17,海康威视,002415,-2.49,-2.46,-2.55,-2.53,-2.49,4685,20139414.0,0.19,-1.61
2012-04-16,海康威视,002415,-2.49,-2.48,-2.58,-2.49,-2.48,7420,32016426.0,0.3,-0.4
2012-04-13,海康威视,002415,-2.42,-2.4,-2.51,-2.48,-2.44,13471,58607914.0,0.54,-1.64
2012-04-12,海康威视,002415,-2.44,-2.43,-2.53,-2.44,-2.43,9444,40965799.0,0.38,-0.41
2012-04-11,海康威视,002415,-2.5,-2.41,-2.55,-2.43,-2.41,11314,49048482.0,0.45,-0.83
2012-04-10,海康威视,002415,-2.34,-2.34,-2.58,-2.41,-2.39,17706,76816741.0,0.71,-0.84
2012-04-09,海康威视,002415,-2.49,-2.33,-2.53,-2.39,-2.47,13519,59803666.0,0.54,3.24
2012-04-06,海康威视,002415,-2.52,-2.42,-2.53,-2.47,-2.47,8296,36048355.0,0.33,0.0
2012-04-05,海康威视,002415,-2.59,-2.45,-2.59,-2.47,-2.57,9002,38701134.0,0.36,3.89
2012-03-30,海康威视,002415,-2.62,-2.57,-2.68,-2.57,-2.62,4890,20710906.0,0.2,1.91
2012-03-29,海康威视,002415,-2.62,-2.6,-2.68,-2.62,-2.62,4490,18878878.0,0.18,0.0
2012-03-28,海康威视,002415,-2.53,-2.44,-2.64,-2.62,-2.51,12292,53183676.0,0.49,-4.38
2012-03-27,海康威视,002415,-2.41,-2.31,-2.53,-2.51,-2.53,12615,55396432.0,0.51,0.79
2012-03-23,海康威视,002415,-2.64,-2.53,-2.64,-2.53,-2.59,5238,22288380.0,0.21,2.32
2012-03-22,海康威视,002415,-2.62,-2.58,-2.66,-2.59,-2.62,3561,15050332.0,0.14,1.15
2012-03-21,海康威视,002415,-2.52,-2.47,-2.69,-2.62,-2.52,19186,81463001.0,0.77,-3.97
2012-03-20,海康威视,002415,-2.44,-2.4,-2.53,-2.52,-2.4,13061,56920977.0,0.52,-5.0
2012-03-19,海康威视,002415,-2.62,-2.4,-2.64,-2.4,-2.59,25597,111311457.0,1.02,7.34
2012-03-16,海康威视,002415,-2.6,-2.59,-2.65,-2.59,-2.6,13500,56983584.0,0.54,0.38
2012-03-15,海康威视,002415,-2.53,-2.53,-2.68,-2.6,-2.55,20477,86168914.0,0.82,-1.96
2012-03-14,海康威视,002415,-2.43,-2.39,-2.55,-2.55,-2.42,33736,146830669.0,1.35,-5.37
2012-03-13,海康威视,002415,-2.46,-2.41,-2.51,-2.42,-2.42,21430,93765319.0,0.86,0.0
2012-03-12,海康威视,002415,-2.5,-2.32,-2.53,-2.42,-2.53,35120,154124235.0,1.41,4.35
2012-03-09,海康威视,002415,-2.54,-2.51,-2.55,-2.53,-2.53,5875,25238794.0,0.24,0.0
2012-03-08,海康威视,002415,-2.53,-2.48,-2.57,-2.53,-2.52,13384,57450268.0,0.54,-0.4
2012-03-07,海康威视,002415,-2.58,-2.47,-2.63,-2.52,-2.56,14899,64039360.0,0.6,1.56
2012-03-06,海康威视,002415,-2.67,-2.56,-2.68,-2.56,-2.67,19283,81308945.0,0.77,4.12
2012-03-05,海康威视,002415,-2.62,-2.62,-2.69,-2.67,-2.65,10268,42953573.0,0.41,-0.75
2012-03-02,海康威视,002415,-2.69,-2.62,-2.69,-2.65,-2.69,15293,64197672.0,0.61,1.49
2012-03-01,海康威视,002415,-2.75,-2.62,-2.77,-2.69,-2.73,18849,78595885.0,0.75,1.47
2012-02-29,海康威视,002415,-2.65,-2.65,-2.76,-2.73,-2.64,26949,110930069.0,1.08,-3.41
2012-02-28,海康威视,002415,-2.61,-2.57,-2.67,-2.64,-2.61,18754,78884698.0,0.75,-1.15
2012-02-27,海康威视,002415,-2.66,-2.54,-2.66,-2.61,-2.68,16048,68194584.0,0.64,2.61
2012-02-24,海康威视,002415,-2.64,-2.6,-2.7,-2.68,-2.64,9206,38525110.0,0.37,-1.52
2012-02-23,海康威视,002415,-2.65,-2.64,-2.74,-2.64,-2.64,11062,46063194.0,0.44,0.0
2012-02-22,海康威视,002415,-2.91,-2.64,-2.91,-2.64,-2.87,24464,100808858.0,0.98,8.01
2012-02-21,海康威视,002415,-2.86,-2.84,-2.95,-2.87,-2.93,20818,82990714.0,0.83,2.05
2012-02-20,海康威视,002415,-3.01,-2.86,-3.04,-2.93,-3.05,20093,79147889.0,0.8,3.93
2012-02-17,海康威视,002415,-3.01,-2.99,-3.06,-3.05,-3.02,9342,35889926.0,0.37,-0.99
2012-02-16,海康威视,002415,-2.99,-2.97,-3.06,-3.02,-3.0,12191,47114166.0,0.49,-0.67
2012-02-15,海康威视,002415,-3.0,-2.98,-3.08,-3.0,-3.01,24236,93467793.0,0.97,0.33
2012-02-14,海康威视,002415,-3.25,-3.01,-3.25,-3.01,-3.23,29652,112460649.0,1.19,6.81
2012-02-13,海康威视,002415,-3.22,-3.15,-3.37,-3.23,-3.18,39622,144599753.0,1.59,-1.57
2012-02-10,海康威视,002415,-3.09,-3.05,-3.25,-3.18,-3.08,26644,99358882.0,1.07,-3.25
2012-02-09,海康威视,002415,-3.02,-2.98,-3.09,-3.08,-3.03,10750,41202169.0,0.43,-1.65
2012-02-08,海康威视,002415,-3.12,-2.99,-3.13,-3.03,-3.11,6771,25926859.0,0.27,2.57
2012-02-07,海康威视,002415,-3.06,-3.05,-3.13,-3.11,-3.04,7330,27672854.0,0.29,-2.3
2012-02-06,海康威视,002415,-3.03,-2.97,-3.08,-3.04,-3.04,14612,56241773.0,0.59,0.0
2012-02-03,海康威视,002415,-3.16,-2.98,-3.16,-3.04,-3.16,12922,49142678.0,0.52,3.8
2012-02-02,海康威视,002415,-3.16,-3.14,-3.2,-3.16,-3.21,8141,30386163.0,0.33,1.56
2012-02-01,海康威视,002415,-3.23,-3.13,-3.24,-3.21,-3.2,9365,34767078.0,0.37,-0.31
2012-01-31,海康威视,002415,-3.15,-3.15,-3.33,-3.2,-3.21,15774,57379322.0,0.63,0.31
2012-01-30,海康威视,002415,-3.22,-3.14,-3.33,-3.21,-3.23,12402,45932441.0,0.5,0.62
2012-01-20,海康威视,002415,-3.24,-3.18,-3.25,-3.23,-3.24,16962,62468201.0,0.68,0.31
2012-01-19,海康威视,002415,-3.53,-3.2,-3.53,-3.24,-3.28,17852,64808648.0,0.71,1.22
2012-01-18,海康威视,002415,-2.87,-2.87,-3.28,-3.28,-2.83,34386,128297833.0,1.38,-15.9
2012-01-17,海康威视,002415,-2.9,-2.81,-3.14,-2.83,-2.91,33068,128056947.0,1.32,2.75
2012-01-16,海康威视,002415,-2.84,-2.84,-2.92,-2.91,-2.84,6044,24074669.0,0.24,-2.46
2012-01-13,海康威视,002415,-2.74,-2.66,-2.84,-2.84,-2.7,9692,39452169.0,0.39,-5.19
2012-01-12,海康威视,002415,-2.56,-2.53,-2.75,-2.7,-2.58,11805,49775740.0,0.47,-4.65
2012-01-11,海康威视,002415,-2.56,-2.52,-2.61,-2.58,-2.58,8113,34620928.0,0.32,0.0
2012-01-10,海康威视,002415,-2.69,-2.55,-2.71,-2.58,-2.71,9998,42078448.0,0.4,4.8
2012-01-09,海康威视,002415,-2.76,-2.66,-2.86,-2.71,-2.77,11987,49250243.0,0.48,2.17
2012-01-06,海康威视,002415,-2.86,-2.77,-2.94,-2.77,-2.86,10978,43831034.0,0.44,3.15
2012-01-05,海康威视,002415,-2.62,-2.62,-2.89,-2.86,-2.63,22671,92106272.0,0.91,-8.75
2012-01-04,海康威视,002415,-2.53,-2.42,-2.63,-2.63,-2.53,8879,38283386.0,0.36,-3.95
2011-12-30,海康威视,002415,-2.58,-2.53,-2.64,-2.53,-2.59,16355,69816133.0,0.65,2.32
2011-12-29,海康威视,002415,-2.58,-2.56,-2.69,-2.59,-2.55,5564,23606292.0,0.22,-1.57
2011-12-28,海康威视,002415,-2.58,-2.5,-2.85,-2.55,-2.51,20963,86137026.0,0.84,-1.59
2011-12-27,海康威视,002415,-2.51,-2.44,-2.58,-2.51,-2.5,8837,38135771.0,0.35,-0.4
2011-12-26,海康威视,002415,-2.52,-2.43,-2.59,-2.5,-2.5,8490,36826026.0,0.34,0.0
2011-12-23,海康威视,002415,-2.58,-2.4,-2.62,-2.5,-2.54,17141,74635184.0,0.69,1.57
2011-12-22,海康威视,002415,-2.6,-2.49,-2.63,-2.54,-2.61,18665,79846889.0,0.75,2.68
2011-12-21,海康威视,002415,-2.43,-2.35,-2.61,-2.61,-2.44,15863,69164807.0,0.64,-6.97
2011-12-20,海康威视,002415,-2.53,-2.41,-2.55,-2.44,-2.53,15558,67916877.0,0.62,3.56
2011-12-19,海康威视,002415,-2.64,-2.52,-2.64,-2.53,-2.59,19478,83234044.0,0.78,2.32
2011-12-16,海康威视,002415,-2.55,-2.53,-2.66,-2.59,-2.57,12978,55056143.0,0.52,-0.78
2011-12-15,海康威视,002415,-2.55,-2.53,-2.61,-2.57,-2.53,11171,47751400.0,0.45,-1.58
2011-12-14,海康威视,002415,-2.45,-2.45,-2.61,-2.53,-2.43,15803,67614396.0,0.63,-4.12
2011-12-12,海康威视,002415,-2.39,-2.34,-2.5,-2.43,-2.39,15039,65999033.0,0.6,-1.67
2011-12-09,海康威视,002415,-2.46,-2.37,-2.51,-2.39,-2.41,22766,99986605.0,0.91,0.83
2011-12-08,海康威视,002415,-2.48,-2.41,-2.59,-2.41,-2.53,47714,208321853.0,1.91,4.74
2011-12-07,海康威视,002415,-2.53,-2.4,-2.55,-2.53,-2.53,24016,104522436.0,0.96,0.0
2011-12-06,海康威视,002415,-2.69,-2.51,-2.7,-2.53,-2.64,27294,117018658.0,1.09,4.17
2011-12-05,海康威视,002415,-2.79,-2.59,-2.79,-2.64,-2.83,42528,178348781.0,1.7,6.71
2011-12-02,海康威视,002415,-2.71,-2.71,-2.87,-2.83,-2.71,15022,60480421.0,0.6,-4.43
2011-12-01,海康威视,002415,-2.66,-2.62,-2.75,-2.71,-2.78,10475,43676634.0,0.42,2.52
2011-11-30,海康威视,002415,-2.78,-2.69,-2.81,-2.78,-2.79,11071,45404956.0,0.44,0.36
2011-11-29,海康威视,002415,-2.75,-2.69,-2.83,-2.79,-2.76,12371,50384492.0,0.5,-1.09
2011-11-28,海康威视,002415,-2.7,-2.61,-2.77,-2.76,-2.67,9297,38391040.0,0.37,-3.37
2011-11-25,海康威视,002415,-2.61,-2.58,-2.68,-2.67,-2.6,4932,20770806.0,0.2,-2.69
2011-11-24,海康威视,002415,-2.67,-2.58,-2.69,-2.6,-2.63,4190,17721892.0,0.17,1.14
2011-11-23,海康威视,002415,-2.6,-2.59,-2.64,-2.63,-2.6,3785,15974811.0,0.15,-1.15
2011-11-22,海康威视,002415,-2.66,-2.6,-2.69,-2.6,-2.64,5665,23676127.0,0.23,1.52
2011-11-21,海康威视,002415,-2.67,-2.61,-2.72,-2.64,-2.67,8135,34031909.0,0.33,1.12
2011-11-18,海康威视,002415,-2.5,-2.46,-2.73,-2.67,-2.48,20626,86774448.0,0.83,-7.66
2011-11-17,海康威视,002415,-2.47,-2.4,-2.51,-2.48,-2.46,4833,21061450.0,0.19,-0.81
2011-11-16,海康威视,002415,-2.32,-2.31,-2.53,-2.46,-2.32,15514,68013546.0,0.62,-6.03
2011-11-15,海康威视,002415,-2.34,-2.3,-2.4,-2.32,-2.32,15014,67323249.0,0.6,0.0
2011-11-14,海康威视,002415,-2.38,-2.28,-2.4,-2.32,-2.41,19156,85451734.0,0.77,3.73
2011-11-11,海康威视,002415,-2.41,-2.39,-2.49,-2.41,-2.44,6363,27948027.0,0.25,1.23
2011-11-10,海康威视,002415,-2.48,-2.39,-2.51,-2.44,-2.43,8181,35868254.0,0.33,-0.41
2011-11-09,海康威视,002415,-2.54,-2.43,-2.54,-2.43,-2.54,10640,46053125.0,0.43,4.33
2011-11-08,海康威视,002415,-2.51,-2.49,-2.58,-2.54,-2.51,10982,47175304.0,0.44,-1.2
2011-11-07,海康威视,002415,-2.43,-2.41,-2.56,-2.51,-2.4,18974,82062320.0,0.76,-4.58
2011-11-04,海康威视,002415,-2.26,-2.26,-2.44,-2.4,-2.32,35417,157097223.0,1.42,-3.45
2011-11-03,海康威视,002415,-2.33,-2.21,-2.37,-2.32,-2.36,25298,114152798.0,1.01,1.69
2011-11-02,海康威视,002415,-2.49,-2.27,-2.56,-2.36,-2.45,25737,114144417.0,1.03,3.67
2011-11-01,海康威视,002415,-2.42,-2.38,-2.49,-2.45,-2.41,8418,36972241.0,0.34,-1.66
2011-10-31,海康威视,002415,-2.52,-2.36,-2.55,-2.41,-2.47,18176,79817350.0,0.73,2.43
2011-10-28,海康威视,002415,-2.5,-2.46,-2.57,-2.47,-2.55,8776,37886321.0,0.35,3.14
2011-10-27,海康威视,002415,-2.5,-2.45,-2.57,-2.55,-2.51,6176,26508985.0,0.25,-1.59
2011-10-26,海康威视,002415,-2.63,-2.45,-2.64,-2.51,-2.6,15943,69021875.0,0.64,3.46
2011-10-25,海康威视,002415,-2.86,-2.58,-2.86,-2.6,-2.81,8334,34707520.0,0.33,7.47
2011-10-24,海康威视,002415,-2.85,-2.78,-3.0,-2.81,-2.91,11163,44353017.0,0.45,3.44
2011-10-21,海康威视,002415,-2.69,-2.69,-2.91,-2.91,-2.75,7788,31491957.0,0.31,-5.82
2011-10-20,海康威视,002415,-2.72,-2.72,-2.86,-2.75,-2.7,11475,46753899.0,0.46,-1.85
2011-10-19,海康威视,002415,-2.62,-2.5,-2.75,-2.7,-2.55,8125,34039325.0,0.33,-5.88
2011-10-18,海康威视,002415,-2.5,-2.42,-2.57,-2.55,-2.47,7168,31217662.0,0.29,-3.24
2011-10-17,海康威视,002415,-2.46,-2.41,-2.51,-2.47,-2.46,10448,45714376.0,0.42,-0.41
2011-10-14,海康威视,002415,-2.53,-2.42,-2.55,-2.46,-2.48,12689,55249165.0,0.51,0.81
2011-10-13,海康威视,002415,-2.6,-2.4,-2.65,-2.48,-2.63,26731,115188657.0,1.07,5.7
2011-10-12,海康威视,002415,-2.86,-2.62,-2.86,-2.63,-2.75,16002,66479091.0,0.64,4.36
2011-10-11,海康威视,002415,-2.59,-2.54,-2.79,-2.75,-2.82,16403,67827568.0,0.66,2.48
2011-10-10,海康威视,002415,-2.87,-2.81,-2.87,-2.82,-2.89,5415,21770163.0,0.22,2.42
2011-09-30,海康威视,002415,-2.89,-2.84,-2.92,-2.89,-2.89,1750,6987552.0,0.07,0.0
2011-09-29,海康威视,002415,-2.92,-2.81,-2.98,-2.89,-2.89,8430,33274598.0,0.34,0.0
2011-09-28,海康威视,002415,-2.75,-2.72,-3.02,-2.89,-2.77,27452,108987506.0,1.1,-4.33
2011-09-27,海康威视,002415,-2.59,-2.55,-2.8,-2.77,-2.59,7504,31178215.0,0.3,-6.95
2011-09-26,海康威视,002415,-2.6,-2.49,-2.61,-2.59,-2.5,3134,13357288.0,0.13,-3.6
2011-09-23,海康威视,002415,-2.56,-2.24,-2.65,-2.5,-2.53,9503,40443143.0,0.38,1.19
2011-09-22,海康威视,002415,-2.52,-2.46,-2.59,-2.53,-2.5,15044,64873981.0,0.6,-1.2
2011-09-21,海康威视,002415,-2.6,-2.47,-2.64,-2.5,-2.6,8204,35191302.0,0.33,3.85
2011-09-20,海康威视,002415,-2.63,-2.59,-2.67,-2.6,-2.6,4475,18830109.0,0.18,0.0
2011-09-19,海康威视,002415,-2.62,-2.59,-2.65,-2.6,-2.57,7567,31937968.0,0.3,-1.17
2011-09-16,海康威视,002415,-2.55,-2.55,-2.64,-2.57,-2.58,6732,28454479.0,0.27,0.39
2011-09-15,海康威视,002415,-2.6,-2.55,-2.66,-2.58,-2.64,6818,28800770.0,0.27,2.27
2011-09-14,海康威视,002415,-2.67,-2.61,-2.73,-2.64,-2.68,11475,47929511.0,0.46,1.49
2011-09-13,海康威视,002415,-2.63,-2.59,-2.7,-2.68,-2.57,7953,33283859.0,0.32,-4.28
2011-09-09,海康威视,002415,-2.46,-2.43,-2.63,-2.57,-2.51,4638,19816222.0,0.19,-2.39
2011-09-08,海康威视,002415,-2.55,-2.44,-2.58,-2.51,-2.56,6849,29534829.0,0.27,1.95
2011-09-07,海康威视,002415,-2.53,-2.53,-2.64,-2.56,-2.6,5079,21566416.0,0.2,1.54
2011-09-06,海康威视,002415,-2.68,-2.59,-2.69,-2.6,-2.63,8676,36443717.0,0.35,1.14
2011-09-05,海康威视,002415,-2.61,-2.58,-2.66,-2.63,-2.56,16093,67607078.0,0.64,-2.73
2011-09-02,海康威视,002415,-2.53,-2.48,-2.64,-2.56,-2.52,11968,50747842.0,0.48,-1.59
2011-09-01,海康威视,002415,-2.5,-2.42,-2.54,-2.52,-2.5,14215,61541361.0,0.57,-0.8
2011-08-31,海康威视,002415,-2.53,-2.49,-2.65,-2.5,-2.53,15787,67106466.0,0.63,1.19
2011-08-30,海康威视,002415,-2.38,-2.33,-2.53,-2.53,-2.42,17144,75539541.0,0.69,-4.55
2011-08-29,海康威视,002415,-2.35,-2.34,-2.44,-2.42,-2.35,9147,40303341.0,0.37,-2.98
2011-08-26,海康威视,002415,-2.32,-2.29,-2.44,-2.35,-2.32,15873,70305005.0,0.64,-1.29
2011-08-25,海康威视,002415,-2.31,-2.28,-2.42,-2.32,-2.32,10534,47009856.0,0.42,0.0
2011-08-24,海康威视,002415,-2.34,-2.24,-2.34,-2.32,-2.39,16637,75003073.0,0.67,2.93
2011-08-23,海康威视,002415,-2.51,-2.35,-2.57,-2.39,-2.56,25282,109440652.0,1.01,6.64
2011-08-22,海康威视,002415,-2.49,-2.4,-2.57,-2.56,-2.5,17909,77603147.0,0.72,-2.4
2011-08-19,海康威视,002415,-2.59,-2.44,-2.62,-2.5,-2.52,48176,207917830.0,1.93,0.79
2011-08-18,海康威视,002415,-2.15,-2.15,-2.55,-2.52,-2.14,77456,339968768.0,3.1,-17.76
2011-08-17,海康威视,002415,-2.03,-1.99,-2.17,-2.14,-2.03,32848,153133248.0,1.32,-5.42
2011-08-16,海康威视,002415,-1.98,-1.94,-2.05,-2.03,-1.98,13824,65869762.0,0.55,-2.53
2011-08-15,海康威视,002415,-2.07,-1.95,-2.11,-1.98,-2.07,15144,72223317.0,0.61,4.35
2011-08-12,海康威视,002415,-2.09,-1.91,-2.09,-2.07,-2.08,22368,107432268.0,0.9,0.48
2011-08-11,海康威视,002415,-2.32,-2.07,-2.34,-2.08,-2.25,25966,120793609.38,1.04,7.56
2011-08-10,海康威视,002415,-2.28,-2.07,-2.28,-2.25,-2.29,18052,83347766.5,0.72,1.75
2011-08-09,海康威视,002415,-2.36,-2.23,-2.61,-2.29,-2.23,16049,71214100.75,0.64,-2.69
2011-08-08,海康威视,002415,-2.09,-1.9,-2.27,-2.23,-2.09,33430,156955916.17,1.34,-6.7
2011-08-05,海康威视,002415,-2.4,-1.97,-2.42,-2.09,-2.19,34925,163181516.32,1.4,4.57
2011-08-04,海康威视,002415,-2.17,-2.12,-2.25,-2.19,-2.17,11166,51624740.28,0.45,-0.92
2011-08-03,海康威视,002415,-2.43,-2.15,-2.47,-2.17,-2.37,28861,132304561.43,1.16,8.44
2011-08-02,海康威视,002415,-2.44,-2.36,-2.55,-2.37,-2.4,14262,62282933.04,0.57,1.25
2011-08-01,海康威视,002415,-2.25,-2.14,-2.53,-2.4,-2.18,33871,148773755.84,1.36,-10.09
2011-07-29,海康威视,002415,-2.08,-2.06,-2.19,-2.18,-2.08,24645,114510098.8,0.99,-4.81
2011-07-28,海康威视,002415,-2.31,-2.05,-2.31,-2.08,-2.27,32693,152415386.19,1.31,8.37
2011-07-27,海康威视,002415,-2.42,-2.14,-2.43,-2.27,-2.37,18334,83590969.32,0.73,4.22
2011-07-26,海康威视,002415,-2.55,-2.36,-2.55,-2.37,-2.55,17610,76953227.52,0.71,7.06
2011-07-25,海康威视,002415,-2.59,-2.47,-2.59,-2.55,-2.54,21483,91955879.04,0.86,-0.39
2011-07-22,海康威视,002415,-2.52,-2.41,-2.55,-2.54,-2.47,17033,74269761.69,0.68,-2.83
2011-07-21,海康威视,002415,-2.42,-2.41,-2.48,-2.47,-2.42,9157,39932410.98,0.37,-2.07
2011-07-20,海康威视,002415,-2.36,-2.34,-2.51,-2.42,-2.37,17585,77030545.02,0.7,-2.11
2011-07-19,海康威视,002415,-2.45,-2.33,-2.57,-2.37,-2.43,22505,98509676.94,0.9,2.47
2011-07-18,海康威视,002415,-2.33,-2.33,-2.43,-2.43,-2.32,19609,86608255.63,0.79,-4.74
2011-07-15,海康威视,002415,-2.53,-2.32,-2.57,-2.32,-2.53,33341,147536940.5,1.34,8.3
2011-07-14,海康威视,002415,-2.72,-2.51,-2.74,-2.53,-2.71,37147,157802011.46,1.49,6.64
2011-07-13,海康威视,002415,-2.65,-2.54,-2.73,-2.71,-2.65,35291,148678057.06,1.41,-2.26
2011-07-12,海康威视,002415,-2.76,-2.63,-2.79,-2.65,-2.74,17489,72811468.5,0.7,3.28
2011-07-11,海康威视,002415,-2.76,-2.68,-2.81,-2.74,-2.74,6452,26536058.22,0.26,0.0
2011-07-08,海康威视,002415,-2.75,-2.73,-2.86,-2.74,-2.74,10563,42920256.53,0.42,0.0
2011-07-07,海康威视,002415,-2.85,-2.66,-2.85,-2.74,-2.85,21229,87148006.21,0.85,3.86
2011-07-06,海康威视,002415,-2.87,-2.84,-2.93,-2.85,-2.86,11533,45991285.84,0.46,0.35
2011-07-05,海康威视,002415,-2.83,-2.83,-2.9,-2.86,-2.86,10558,42175927.03,0.42,0.0
2011-07-04,海康威视,002415,-2.88,-2.83,-2.95,-2.86,-2.91,14133,56272991.97,0.57,1.72
2011-07-01,海康威视,002415,-2.94,-2.85,-2.95,-2.91,-2.94,17226,68744950.6,0.69,1.02
2011-06-30,海康威视,002415,-3.03,-2.9,-3.03,-2.94,-3.02,12255,48222892.94,0.49,2.65
2011-06-29,海康威视,002415,-3.07,-2.95,-3.09,-3.02,-3.06,11552,44716250.2,0.46,1.31
2011-06-28,海康威视,002415,-3.1,-3.06,-3.15,-3.06,-3.12,10434,39528520.24,0.42,1.92
2011-06-27,海康威视,002415,-3.11,-3.0,-3.14,-3.12,-3.12,21613,82599177.6,0.87,0.0
2011-06-24,海康威视,002415,-3.25,-3.1,-3.28,-3.12,-3.25,18956,70918611.89,0.76,4.0
2011-06-23,海康威视,002415,-3.37,-3.24,-3.4,-3.25,-3.36,8839,31971369.27,0.35,3.27
2011-06-22,海康威视,002415,-3.42,-3.34,-3.47,-3.36,-3.47,11987,42199235.42,0.48,3.17
2011-06-21,海康威视,002415,-3.44,-3.44,-3.49,-3.47,-3.47,6951,24029749.14,0.28,0.0
2011-06-20,海康威视,002415,-3.37,-3.37,-3.51,-3.47,-3.42,9183,31821710.97,0.37,-1.46
2011-06-17,海康威视,002415,-3.39,-3.32,-3.42,-3.42,-3.39,4858,17143602.89,0.19,-0.88
2011-06-16,海康威视,002415,-3.36,-3.34,-3.41,-3.39,-3.33,3845,13576707.24,0.15,-1.8
2011-06-15,海康威视,002415,-3.22,-3.22,-3.33,-3.33,-3.22,5955,21642703.73,0.24,-3.42
2011-06-14,海康威视,002415,-3.35,-3.22,-3.35,-3.22,-3.32,8759,31772375.95,0.35,3.01
2011-06-13,海康威视,002415,-3.41,-3.27,-3.41,-3.32,-3.35,6822,24434226.19,0.27,0.9
2011-06-10,海康威视,002415,-3.34,-3.31,-3.42,-3.35,-3.36,8944,31814886.53,0.36,0.3
2011-06-09,海康威视,002415,-3.32,-3.26,-3.37,-3.36,-3.29,6538,23307361.26,0.26,-2.13
2011-06-08,海康威视,002415,-3.25,-3.25,-3.34,-3.29,-3.27,9533,34340614.61,0.38,-0.61
2011-06-07,海康威视,002415,-3.17,-3.14,-3.31,-3.27,-3.18,14481,53130273.04,0.58,-2.83
2011-06-03,海康威视,002415,-3.3,-3.17,-3.3,-3.18,-3.25,9351,34401960.64,0.37,2.15
2011-06-02,海康威视,002415,-3.34,-3.24,-3.37,-3.25,-3.33,11267,40612133.48,0.45,2.4
2011-06-01,海康威视,002415,-3.39,-3.31,-3.43,-3.33,-3.39,9307,33157101.23,0.37,1.77
2011-05-31,海康威视,002415,-3.5,-3.39,-3.53,-3.39,-3.53,9492,33012373.14,0.38,3.97
2011-05-30,海康威视,002415,-3.61,-3.44,-3.66,-3.53,-3.62,11394,39028330.82,0.46,2.49
2011-05-27,海康威视,002415,-3.49,-3.45,-3.64,-3.62,-3.46,11745,39523611.9,1.17,-4.62
2011-05-26,海康威视,002415,-3.33,-3.32,-3.46,-3.46,-3.33,15326,53876363.6,1.53,-3.9
2011-05-25,海康威视,002415,-3.34,-3.28,-3.41,-3.33,-3.34,7552,27107753.18,0.76,0.3
2011-05-24,海康威视,002415,-3.34,-3.27,-3.42,-3.34,-3.34,9169,32787053.12,0.92,0.0
2011-05-23,海康威视,002415,-3.28,-3.22,-3.34,-3.34,-3.27,8673,31409078.05,0.87,-2.14
2011-05-20,海康威视,002415,-3.16,-3.14,-3.31,-3.27,-3.15,17698,64399858.46,1.77,-3.81
2011-05-19,海康威视,002415,-3.06,-3.06,-3.15,-3.15,-3.08,7627,28814236.46,0.76,-2.27
2011-05-18,海康威视,002415,-3.09,-3.05,-3.12,-3.08,-3.09,5422,20703482.63,0.54,0.32
2011-05-17,海康威视,002415,-3.05,-3.04,-3.12,-3.09,-3.08,5764,21913678.03,0.58,-0.32
2011-05-16,海康威视,002415,-3.09,-3.04,-3.09,-3.08,-3.08,5056,19326040.36,0.51,0.0
2011-05-13,海康威视,002415,-3.1,-3.07,-3.2,-3.08,-3.09,9675,36237517.72,0.97,0.32
2011-05-12,海康威视,002415,-3.06,-3.03,-3.12,-3.09,-3.01,13279,50474081.37,1.33,-2.66
2011-05-11,海康威视,002415,-3.06,-2.97,-3.11,-3.01,-3.06,11781,45397798.84,1.18,1.63
2011-05-10,海康威视,002415,-3.11,-3.06,-3.17,-3.06,-3.09,8497,32255958.12,0.85,0.97
2011-05-09,海康威视,002415,-3.25,-3.08,-3.29,-3.09,-3.25,18960,71391236.74,1.9,4.92
2011-05-06,海康威视,002415,-3.34,-3.2,-3.38,-3.25,-3.31,10358,37752610.43,1.04,1.81
2011-05-05,海康威视,002415,-3.34,-3.3,-3.36,-3.31,-3.32,5513,19784051.01,0.55,0.3
2011-05-04,海康威视,002415,-3.28,-3.28,-3.35,-3.32,-3.24,6977,25012183.08,0.7,-2.47
2011-05-03,海康威视,002415,-3.37,-3.24,-3.43,-3.24,-3.36,11782,42200727.82,1.18,3.57
2011-04-29,海康威视,002415,-3.39,-3.29,-3.42,-3.36,-3.43,24532,86626922.76,2.45,2.04
2011-04-28,海康威视,002415,-3.19,-3.12,-3.55,-3.43,-3.15,33439,117801735.59,3.34,-8.89
2011-04-27,海康威视,002415,-3.02,-3.02,-3.17,-3.15,-3.05,8881,33503395.54,0.89,-3.28
2011-04-26,海康威视,002415,-3.1,-3.05,-3.14,-3.05,-3.1,13596,51670206.19,1.36,1.61
2011-04-25,海康威视,002415,-3.1,-3.05,-3.19,-3.1,-3.08,21950,82606604.13,2.2,-0.65
2011-04-22,海康威视,002415,-3.07,-2.99,-3.11,-3.08,-3.04,17152,65568671.62,1.72,-1.32
2011-04-21,海康威视,002415,-2.97,-2.91,-3.04,-3.04,-2.95,19763,76512054.47,1.98,-3.05
2011-04-20,海康威视,002415,-2.86,-2.77,-2.96,-2.95,-2.86,15007,59733514.05,1.5,-3.15
2011-04-19,海康威视,002415,-2.96,-2.84,-3.06,-2.86,-2.95,13749,108987020.18,2.75,3.05
2011-04-18,海康威视,002415,-2.9,-2.87,-2.95,-2.95,-2.9,10645,84796695.06,2.13,-1.72
2011-04-15,海康威视,002415,-2.92,-2.89,-2.96,-2.9,-2.93,7146,56815166.44,1.43,1.02
2011-04-14,海康威视,002415,-2.97,-2.91,-3.02,-2.93,-2.98,8779,68850021.05,1.76,1.68
2011-04-13,海康威视,002415,-3.08,-2.9,-3.12,-2.98,-3.12,13427,105375368.83,2.69,4.49
2011-04-12,海康威视,002415,-2.95,-2.95,-3.12,-3.12,-2.94,19400,149707159.04,3.88,-6.12
2011-04-08,海康威视,002415,-2.99,-2.9,-3.01,-2.94,-2.99,11908,94069557.02,2.38,1.67
2011-04-07,海康威视,002415,-2.99,-2.96,-3.04,-2.99,-2.99,10940,85576312.54,2.19,0.0
2011-04-06,海康威视,002415,-2.84,-2.84,-3.01,-2.99,-2.84,12860,100969051.87,2.57,-5.28
2011-04-01,海康威视,002415,-2.77,-2.73,-2.91,-2.84,-2.77,8664,69960801.17,1.73,-2.53
2011-03-31,海康威视,002415,-2.73,-2.69,-2.77,-2.77,-2.74,2436,20178907.45,0.49,-1.09
2011-03-30,海康威视,002415,-2.76,-2.68,-2.79,-2.74,-2.77,4159,34452618.21,0.83,1.08
2011-03-29,海康威视,002415,-2.68,-2.68,-2.8,-2.77,-2.69,9451,77800813.61,1.89,-2.97
2011-03-28,海康威视,002415,-2.52,-2.51,-2.7,-2.69,-2.52,17042,143946075.44,3.41,-6.75
2011-03-25,海康威视,002415,-2.53,-2.51,-2.55,-2.52,-2.54,9826,85011476.94,1.97,0.79
2011-03-24,海康威视,002415,-2.49,-2.49,-2.54,-2.54,-2.51,8463,73514346.09,1.69,-1.2
2011-03-23,海康威视,002415,-2.49,-2.49,-2.56,-2.51,-2.52,9255,80255417.22,1.85,0.4
2011-03-22,海康威视,002415,-2.42,-2.4,-2.54,-2.52,-2.43,10830,94397524.23,2.17,-3.7
2011-03-21,海康威视,002415,-2.42,-2.32,-2.43,-2.43,-2.4,7465,66570640.92,1.49,-1.25
2011-03-18,海康威视,002415,-2.31,-2.25,-2.42,-2.4,-2.32,9369,83530611.04,1.87,-3.45
2011-03-17,海康威视,002415,-2.29,-2.13,-2.35,-2.32,-2.25,17814,163992047.84,3.56,-3.11
2011-03-16,海康威视,002415,-2.38,-2.17,-2.43,-2.25,-2.4,14456,131168757.1,2.89,6.25
2011-03-15,海康威视,002415,-2.49,-2.37,-2.53,-2.4,-2.49,16096,141306393.53,3.22,3.61
2011-03-14,海康威视,002415,-2.58,-2.47,-2.58,-2.49,-2.56,10109,87924590.3,2.02,2.73
2011-03-11,海康威视,002415,-2.52,-2.46,-2.59,-2.56,-2.51,10816,93811092.82,2.16,-1.99
2011-03-10,海康威视,002415,-2.53,-2.49,-2.57,-2.51,-2.53,5782,50060367.07,1.16,0.79
2011-03-09,海康威视,002415,-2.46,-2.44,-2.54,-2.53,-2.45,8925,77717612.8,1.78,-3.27
2011-03-08,海康威视,002415,-2.6,-2.45,-2.67,-2.45,-2.6,12307,106171228.4,2.46,5.77
2011-03-07,海康威视,002415,-2.61,-2.58,-2.67,-2.6,-2.65,10805,91585444.4,2.16,1.89
2011-03-04,海康威视,002415,-2.66,-2.52,-2.68,-2.65,-2.61,6630,56085230.07,1.33,-1.53
2011-03-03,海康威视,002415,-2.56,-2.51,-2.68,-2.61,-2.54,11820,100523535.91,2.36,-2.76
2011-03-02,海康威视,002415,-2.5,-2.47,-2.6,-2.54,-2.46,5928,51074278.67,1.19,-3.25
2011-03-01,海康威视,002415,-2.54,-2.42,-2.56,-2.46,-2.55,10504,91783479.84,2.1,3.53
2011-02-28,海康威视,002415,-2.45,-2.39,-2.58,-2.55,-2.45,13026,112867686.71,2.61,-4.08
2011-02-25,海康威视,002415,-2.53,-2.34,-2.53,-2.45,-2.55,27799,246632958.7,5.56,3.92
2011-02-24,海康威视,002415,-2.71,-2.52,-2.71,-2.55,-2.72,24921,213070333.36,4.98,6.25
2011-02-23,海康威视,002415,-2.69,-2.65,-2.74,-2.72,-2.69,9579,79823494.87,1.92,-1.12
2011-02-22,海康威视,002415,-2.51,-2.49,-2.73,-2.69,-2.52,14334,121667726.54,2.87,-6.75
2011-02-21,海康威视,002415,-2.74,-2.52,-2.75,-2.52,-2.81,16323,138657121.45,3.26,10.32
2011-02-18,海康威视,002415,-2.71,-2.7,-2.84,-2.81,-2.7,7888,64797891.08,1.58,-4.07
2011-02-17,海康威视,002415,-2.68,-2.65,-2.74,-2.7,-2.69,8106,67728733.15,1.62,-0.37
2011-02-16,海康威视,002415,-2.69,-2.66,-2.79,-2.69,-2.67,9195,76206665.59,1.84,-0.75
2011-02-15,海康威视,002415,-2.58,-2.58,-2.69,-2.67,-2.62,7233,61089813.87,1.45,-1.91
2011-02-14,海康威视,002415,-2.76,-2.58,-2.78,-2.62,-2.76,7254,61342845.43,1.45,5.07
2011-02-11,海康威视,002415,-2.75,-2.72,-2.81,-2.76,-2.76,6257,51481564.28,1.25,0.0
2011-02-10,海康威视,002415,-2.94,-2.75,-2.94,-2.76,-2.91,5008,40425064.67,1.0,5.15
2011-02-09,海康威视,002415,-2.9,-2.87,-2.93,-2.91,-2.9,1992,15908255.64,0.4,-0.34
2011-02-01,海康威视,002415,-2.81,-2.8,-2.91,-2.9,-2.84,3789,30375742.36,0.76,-2.11
2011-01-31,海康威视,002415,-2.85,-2.81,-2.91,-2.84,-2.86,1951,15808302.45,0.39,0.7
2011-01-28,海康威视,002415,-2.84,-2.8,-2.95,-2.86,-2.86,2928,23396483.7,0.59,0.0
2011-01-27,海康威视,002415,-2.93,-2.82,-2.95,-2.86,-2.89,3329,26745594.14,0.67,1.04
2011-01-26,海康威视,002415,-3.02,-2.88,-3.02,-2.89,-2.96,3493,27888059.21,0.7,2.36
2011-01-25,海康威视,002415,-2.96,-2.9,-3.0,-2.96,-2.9,4687,36936643.51,0.94,-2.07
2011-01-24,海康威视,002415,-2.83,-2.69,-2.9,-2.9,-2.69,3910,31564612.43,0.78,-7.81
2011-01-21,海康威视,002415,-2.73,-2.66,-2.76,-2.69,-2.69,9120,76423908.23,1.82,0.0
2011-01-20,海康威视,002415,-2.62,-2.57,-2.78,-2.69,-2.61,5573,46862970.8,1.11,-3.07
2011-01-19,海康威视,002415,-2.79,-2.6,-2.84,-2.61,-2.76,6976,58065529.63,1.4,5.43
2011-01-18,海康威视,002415,-2.63,-2.56,-2.9,-2.76,-2.63,9486,78538275.59,1.9,-4.94
2011-01-17,海康威视,002415,-2.4,-2.31,-2.67,-2.63,-2.39,6317,55022160.28,1.26,-10.04
2011-01-14,海康威视,002415,-2.28,-2.26,-2.4,-2.39,-2.29,3181,28591163.08,0.64,-4.37
2011-01-13,海康威视,002415,-2.33,-2.2,-2.37,-2.29,-2.4,6178,56161322.56,1.24,4.58
2011-01-12,海康威视,002415,-2.41,-2.32,-2.45,-2.4,-2.41,3174,28363724.94,0.63,0.41
2011-01-11,海康威视,002415,-2.45,-2.34,-2.48,-2.41,-2.44,3983,35201135.79,0.8,1.23
2011-01-10,海康威视,002415,-2.3,-2.26,-2.45,-2.44,-2.3,5161,46081572.55,1.03,-6.09
2011-01-07,海康威视,002415,-2.33,-2.24,-2.33,-2.3,-2.3,5367,48714349.96,1.07,0.0
2011-01-06,海康威视,002415,-2.24,-2.16,-2.32,-2.3,-2.24,7891,72139377.1,1.58,-2.68
2011-01-05,海康威视,002415,-2.06,-2.06,-2.25,-2.24,-2.07,10889,101043008.63,2.18,-8.21
2011-01-04,海康威视,002415,-2.09,-2.07,-2.17,-2.07,-2.1,8160,76788691.61,1.63,1.43
2010-12-31,海康威视,002415,-2.23,-2.04,-2.23,-2.1,-2.22,9840,93105292.02,1.97,5.41
2010-12-30,海康威视,002415,-2.29,-2.19,-2.34,-2.22,-2.3,7981,72946700.68,1.6,3.48
2010-12-29,海康威视,002415,-2.4,-2.26,-2.45,-2.3,-2.45,10129,91457374.84,2.03,6.12
2010-12-28,海康威视,002415,-2.34,-2.29,-2.47,-2.45,-2.34,10665,94788580.78,2.13,-4.7
2010-12-27,海康威视,002415,-2.19,-2.01,-2.43,-2.34,-2.19,10418,95456726.75,2.08,-6.85
2010-12-24,海康威视,002415,-2.01,-2.0,-2.23,-2.19,-1.99,7365,68799454.14,1.47,-10.05
2010-12-23,海康威视,002415,-1.94,-1.86,-1.99,-1.99,-1.86,6308,61164830.53,1.26,-6.99
2010-12-22,海康威视,002415,-1.76,-1.7,-1.95,-1.86,-1.74,7405,73034039.59,1.48,-6.9
2010-12-21,海康威视,002415,-1.82,-1.67,-1.84,-1.74,-1.87,11635,116874513.77,2.33,6.95
2010-12-20,海康威视,002415,-1.82,-1.68,-2.01,-1.87,-1.8,11761,116095799.85,2.35,-3.89
2010-12-17,海康威视,002415,-1.84,-1.68,-1.87,-1.8,-1.79,5900,58849143.6,1.18,-0.56
2010-12-16,海康威视,002415,-1.87,-1.62,-1.87,-1.79,-1.86,10075,101177717.07,2.02,3.76
2010-12-15,海康威视,002415,-1.9,-1.76,-1.9,-1.86,-1.84,12294,121913926.22,2.46,-1.09
2010-12-14,海康威视,002415,-2.11,-1.76,-2.11,-1.84,-2.27,34771,342619337.02,6.95,18.94
2010-12-10,海康威视,002415,-2.34,-2.23,-2.39,-2.27,-2.36,13408,121331974.19,2.68,3.81
2010-12-09,海康威视,002415,-2.19,-2.17,-2.36,-2.36,-2.2,6836,62246702.21,1.37,-7.27
2010-12-08,海康威视,002415,-2.15,-2.09,-2.21,-2.2,-2.19,8585,80087036.03,1.72,-0.46
2010-12-07,海康威视,002415,-2.37,-2.13,-2.38,-2.19,-2.34,13794,126351031.46,2.76,6.41
2010-12-06,海康威视,002415,-2.12,-2.1,-2.46,-2.34,-2.15,12384,111774546.78,2.48,-8.84
2010-12-03,海康威视,002415,-1.95,-1.93,-2.17,-2.15,-1.95,12441,117541247.32,2.49,-10.26
2010-12-02,海康威视,002415,-1.91,-1.9,-1.99,-1.95,-1.96,6981,67655778.39,1.4,0.51
2010-12-01,海康威视,002415,-1.81,-1.81,-2.05,-1.96,-1.9,10078,97560003.71,2.02,-3.16
2010-11-30,海康威视,002415,-1.99,-1.73,-2.16,-1.9,-1.98,22181,215713953.28,4.44,4.04
2010-11-29,海康威视,002415,-2.01,-1.92,-2.09,-1.98,-1.97,15497,148234207.47,3.1,-0.51
2010-11-26,海康威视,002415,-2.04,-1.93,-2.06,-1.97,-1.94,9629,92660245.87,1.93,-1.55
2010-11-25,海康威视,002415,-1.76,-1.59,-2.06,-1.94,-1.76,23887,235993128.12,4.78,-10.23
2010-11-24,海康威视,002415,-1.84,-1.7,-1.92,-1.76,-1.72,26877,268479614.98,5.38,-2.33
2010-11-23,海康威视,002415,-1.51,-1.4,-1.76,-1.72,-1.78,45715,473755312.66,9.14,3.37
2010-11-19,海康威视,002415,-2.06,-1.76,-2.16,-1.78,-2.17,16383,158232150.66,3.28,17.97
2010-11-18,海康威视,002415,-2.12,-2.12,-2.25,-2.17,-2.2,10522,97753910.84,2.1,1.36
2010-11-17,海康威视,002415,-1.94,-1.76,-2.23,-2.2,-1.86,12596,120827017.85,2.52,-18.28
2010-11-16,海康威视,002415,-1.74,-1.51,-2.06,-1.86,-1.84,15575,155641262.44,3.12,-1.09
2010-11-15,海康威视,002415,-2.01,-1.8,-2.11,-1.84,-2.11,13236,128935330.91,2.65,12.8
2010-11-12,海康威视,002415,-1.9,-1.57,-2.12,-2.11,-1.9,23735,232877365.65,4.75,-11.05
2010-11-11,海康威视,002415,-2.19,-1.73,-2.26,-1.9,-2.16,16440,160838837.3,3.29,12.04
2010-11-10,海康威视,002415,-2.29,-1.95,-2.32,-2.16,-2.32,13190,124403437.71,2.64,6.9
2010-11-09,海康威视,002415,-2.34,-2.21,-2.37,-2.32,-2.27,12228,110968713.94,2.45,-2.2
2010-11-08,海康威视,002415,-2.34,-2.24,-2.47,-2.27,-2.39,22059,197837282.08,4.41,5.02
2010-11-05,海康威视,002415,-2.4,-2.3,-2.48,-2.39,-2.34,21578,192071147.95,4.32,-2.14
2010-11-04,海康威视,002415,-2.58,-2.3,-2.65,-2.34,-2.58,27895,246779169.34,5.58,9.3
2010-11-03,海康威视,002415,-2.72,-2.55,-2.84,-2.58,-2.67,20653,174411067.52,4.13,3.37
2010-11-02,海康威视,002415,-2.61,-2.61,-2.78,-2.67,-2.61,17105,142695568.64,3.42,-2.3
2010-11-01,海康威视,002415,-2.7,-2.55,-2.73,-2.61,-2.69,28698,243750915.17,5.74,2.97
2010-10-29,海康威视,002415,-2.84,-2.51,-2.87,-2.69,-2.9,50418,423549707.55,10.08,7.24
2010-10-28,海康威视,002415,-3.32,-2.9,-3.32,-2.9,-3.3,47191,371393271.15,9.44,12.12
2010-10-27,海康威视,002415,-3.2,-3.17,-3.34,-3.3,-3.23,14560,107363265.42,2.91,-2.17
2010-10-26,海康威视,002415,-3.29,-3.2,-3.31,-3.23,-3.28,17556,129380771.5,3.51,1.52
2010-10-25,海康威视,002415,-3.39,-3.26,-3.39,-3.28,-3.4,26726,194008199.77,5.35,3.53
2010-10-22,海康威视,002415,-3.39,-3.34,-3.44,-3.4,-3.41,14182,101060489.73,2.84,0.29
2010-10-21,海康威视,002415,-3.43,-3.31,-3.43,-3.41,-3.42,18199,130549000.61,3.64,0.29
2010-10-20,海康威视,002415,-3.51,-3.35,-3.51,-3.42,-3.42,10584,75181204.67,2.12,0.0
2010-10-19,海康威视,002415,-3.57,-3.4,-3.58,-3.42,-3.57,15323,107140314.23,3.06,4.2
2010-10-18,海康威视,002415,-3.46,-3.46,-3.66,-3.57,-3.45,19407,129605886.98,3.88,-3.48
2010-10-15,海康威视,002415,-3.46,-3.42,-3.57,-3.45,-3.46,18534,127742256.21,3.71,0.29
2010-10-14,海康威视,002415,-3.28,-3.27,-3.46,-3.46,-3.27,11735,83448975.64,2.35,-5.81
2010-10-13,海康威视,002415,-3.37,-3.25,-3.39,-3.27,-3.34,11691,84515551.43,2.34,2.1
2010-10-12,海康威视,002415,-3.37,-3.33,-3.42,-3.34,-3.37,13345,95151718.34,2.67,0.89
2010-10-11,海康威视,002415,-3.29,-3.18,-3.41,-3.37,-3.26,23227,168350669.88,4.65,-3.37
2010-10-08,海康威视,002415,-3.29,-3.24,-3.34,-3.26,-3.32,16777,122686321.19,3.36,1.81
2010-09-30,海康威视,002415,-3.37,-3.29,-3.4,-3.32,-3.4,10862,78226597.08,2.17,2.35
2010-09-29,海康威视,002415,-3.31,-3.3,-3.41,-3.4,-3.31,8584,61640057.18,1.72,-2.72
2010-09-28,海康威视,002415,-3.36,-3.29,-3.41,-3.31,-3.35,13122,94519071.8,2.62,1.19
2010-09-27,海康威视,002415,-3.41,-3.31,-3.43,-3.35,-3.43,9010,64607093.04,1.8,2.33
2010-09-21,海康威视,002415,-3.43,-3.41,-3.51,-3.43,-3.44,8295,57750299.94,1.66,0.29
2010-09-20,海康威视,002415,-3.46,-3.41,-3.48,-3.44,-3.46,12400,86880690.25,2.48,0.58
2010-09-17,海康威视,002415,-3.45,-3.4,-3.54,-3.46,-3.46,13104,91428016.63,2.62,0.0
2010-09-16,海康威视,002415,-3.38,-3.32,-3.49,-3.46,-3.39,17024,119822861.8,3.4,-2.06
2010-09-15,海康威视,002415,-3.17,-3.17,-3.39,-3.39,-3.19,13981,101541845.75,2.8,-6.27
2010-09-14,海康威视,002415,-3.26,-3.16,-3.3,-3.19,-3.29,17110,126869845.56,3.42,3.04
2010-09-13,海康威视,002415,-3.42,-3.28,-3.43,-3.29,-3.44,21124,152856407.46,4.22,4.36
2010-09-10,海康威视,002415,-3.36,-3.31,-3.47,-3.44,-3.35,15984,112849109.19,3.2,-2.69
2010-09-09,海康威视,002415,-3.27,-3.25,-3.38,-3.35,-3.26,17966,129653477.26,3.59,-2.76
2010-09-08,海康威视,002415,-3.32,-3.26,-3.35,-3.26,-3.32,13322,96854892.37,2.66,1.81
2010-09-07,海康威视,002415,-3.31,-3.29,-3.36,-3.32,-3.28,13627,98390450.92,2.73,-1.22
2010-09-06,海康威视,002415,-3.22,-3.2,-3.4,-3.28,-3.23,23461,169572610.08,4.69,-1.55
2010-09-03,海康威视,002415,-3.31,-3.18,-3.31,-3.23,-3.31,13673,101075392.74,2.73,2.42
2010-09-02,海康威视,002415,-3.24,-3.17,-3.33,-3.31,-3.34,37059,273093658.31,7.41,0.9
2010-09-01,海康威视,002415,-2.9,-2.88,-3.35,-3.34,-2.91,47897,356998760.02,9.58,-14.78
2010-08-31,海康威视,002415,-2.91,-2.86,-2.99,-2.91,-2.88,16239,129319179.85,3.25,-1.04
2010-08-30,海康威视,002415,-3.02,-2.86,-3.07,-2.88,-3.02,31282,246728180.35,6.26,4.64
2010-08-27,海康威视,002415,-3.03,-2.94,-3.08,-3.02,-3.03,10777,84221242.97,2.69,0.33
2010-08-26,海康威视,002415,-3.13,-2.97,-3.13,-3.03,-3.13,7618,59091565.29,1.9,3.19
2010-08-25,海康威视,002415,-3.12,-2.99,-3.17,-3.13,-3.09,8377,64743244.33,2.09,-1.29
2010-08-24,海康威视,002415,-3.14,-3.05,-3.19,-3.09,-3.14,5927,45349563.28,1.48,1.59
2010-08-23,海康威视,002415,-3.12,-3.09,-3.23,-3.14,-3.12,10198,76538029.34,2.55,-0.64
2010-08-20,海康威视,002415,-3.06,-3.02,-3.14,-3.12,-3.05,7205,55012489.46,1.8,-2.3
2010-08-19,海康威视,002415,-3.06,-2.98,-3.07,-3.05,-3.05,6408,49742595.33,1.6,0.0
2010-08-18,海康威视,002415,-2.93,-2.91,-3.05,-3.05,-2.93,9147,71483951.89,2.29,-4.1
2010-08-17,海康威视,002415,-2.99,-2.78,-2.99,-2.93,-3.0,11074,89068591.57,2.77,2.33
2010-08-16,海康威视,002415,-3.01,-2.99,-3.07,-3.0,-3.04,8574,66640873.81,2.14,1.32
2010-08-13,海康威视,002415,-3.11,-3.03,-3.13,-3.04,-3.13,6460,49614632.1,1.62,2.88
2010-08-12,海康威视,002415,-3.03,-3.0,-3.15,-3.13,-3.01,6114,46917757.78,1.53,-3.99
2010-08-11,海康威视,002415,-3.06,-2.94,-3.12,-3.01,-3.03,5975,46418603.84,1.49,0.66
2010-08-10,海康威视,002415,-2.88,-2.84,-3.06,-3.03,-2.86,9616,75454397.76,2.4,-5.94
2010-08-09,海康威视,002415,-2.93,-2.8,-2.95,-2.86,-2.92,8743,70593486.73,2.19,2.05
2010-08-06,海康威视,002415,-3.1,-2.88,-3.11,-2.92,-3.08,13801,108745426.11,3.45,5.19
2010-08-05,海康威视,002415,-3.05,-3.02,-3.11,-3.08,-3.05,8129,62380567.72,2.03,-0.98
2010-08-04,海康威视,002415,-3.17,-3.05,-3.2,-3.05,-3.16,12326,93296690.01,3.08,3.48
2010-08-03,海康威视,002415,-3.21,-3.11,-3.24,-3.16,-3.21,15329,115667544.79,3.83,1.56
2010-08-02,海康威视,002415,-3.37,-3.21,-3.38,-3.21,-3.37,15154,111261386.0,3.79,4.75
2010-07-30,海康威视,002415,-3.34,-3.34,-3.42,-3.37,-3.34,9142,65169610.27,2.29,-0.9
2010-07-29,海康威视,002415,-3.38,-3.3,-3.38,-3.34,-3.38,13925,100273532.86,3.48,1.18
2010-07-28,海康威视,002415,-3.5,-3.37,-3.51,-3.38,-3.46,13489,94893853.35,3.37,2.31
2010-07-27,海康威视,002415,-3.42,-3.39,-3.46,-3.46,-3.41,9075,63868020.93,2.27,-1.47
2010-07-26,海康威视,002415,-3.45,-3.4,-3.48,-3.41,-3.46,15350,107870603.0,3.84,1.45
2010-07-23,海康威视,002415,-3.42,-3.37,-3.49,-3.46,-3.44,8561,60157895.9,2.14,-0.58
2010-07-22,海康威视,002415,-3.48,-3.44,-3.52,-3.44,-3.45,6230,43477271.96,1.56,0.29
2010-07-21,海康威视,002415,-3.5,-3.39,-3.52,-3.45,-3.5,13002,91299889.22,3.25,1.43
2010-07-20,海康威视,002415,-3.67,-3.49,-3.67,-3.5,-3.66,10752,73404685.06,2.69,4.37
2010-07-19,海康威视,002415,-3.73,-3.65,-3.74,-3.66,-3.7,7426,48763234.66,1.86,1.08
2010-07-16,海康威视,002415,-3.61,-3.61,-3.74,-3.7,-3.6,11961,78296796.75,2.99,-2.78
2010-07-15,海康威视,002415,-3.53,-3.49,-3.6,-3.6,-3.53,5017,34141488.48,1.25,-1.98
2010-07-14,海康威视,002415,-3.51,-3.49,-3.58,-3.53,-3.54,8361,57294779.94,2.09,0.28
2010-07-13,海康威视,002415,-3.45,-3.45,-3.56,-3.54,-3.41,6009,41324835.4,1.5,-3.81
2010-07-12,海康威视,002415,-3.37,-3.37,-3.48,-3.41,-3.39,12880,90510936.49,3.22,-0.59
2010-07-09,海康威视,002415,-3.49,-3.34,-3.54,-3.39,-3.49,8821,62462360.48,2.21,2.87
2010-07-08,海康威视,002415,-3.48,-3.45,-3.56,-3.49,-3.51,9383,64832447.07,2.35,0.57
2010-07-07,海康威视,002415,-3.53,-3.51,-3.64,-3.51,-3.56,8628,58507842.65,2.16,1.4
2010-07-06,海康威视,002415,-3.65,-3.51,-3.68,-3.56,-3.6,10107,68965579.06,2.53,1.11
2010-07-05,海康威视,002415,-3.76,-3.59,-3.8,-3.6,-3.67,10424,69480919.72,2.61,1.91
2010-07-02,海康威视,002415,-3.58,-3.56,-3.84,-3.67,-3.57,17593,115177321.04,4.4,-2.8
2010-07-01,海康威视,002415,-3.54,-3.49,-3.59,-3.57,-3.52,7048,48559085.73,1.76,-1.42
2010-06-30,海康威视,002415,-3.55,-3.45,-3.7,-3.52,-3.5,12763,86760722.27,3.19,-0.57
2010-06-29,海康威视,002415,-3.2,-3.2,-3.53,-3.5,-3.2,19273,138013174.82,4.82,-9.38
2010-06-28,海康威视,002415,-3.01,-3.01,-3.21,-3.2,-3.0,22415,170509628.34,5.6,-6.67
2010-06-24,海康威视,002415,-3.05,-2.99,-3.05,-3.0,-3.02,11781,92352740.63,2.95,0.66
2010-06-23,海康威视,002415,-3.12,-3.01,-3.14,-3.02,-3.06,12902,100205370.88,3.23,1.31
2010-06-22,海康威视,002415,-3.04,-2.96,-3.1,-3.06,-2.98,11907,93032928.27,2.98,-2.68
2010-06-21,海康威视,002415,-2.98,-2.96,-3.26,-2.98,-2.95,23655,182506388.51,5.91,-1.02
2010-06-18,海康威视,002415,-2.98,-2.87,-3.01,-2.95,-2.92,19239,152940856.33,4.81,-1.03
2010-06-17,海康威视,002415,-2.69,-2.66,-2.96,-2.92,-2.69,33015,269617211.08,8.25,-8.55
2010-06-11,海康威视,002415,-2.7,-2.65,-2.78,-2.69,-2.73,37851,317148112.56,9.46,1.47
2010-06-10,海康威视,002415,-2.9,-2.69,-2.91,-2.73,-2.86,36192,299970079.37,9.05,4.55
2010-06-09,海康威视,002415,-2.97,-2.79,-3.01,-2.86,-2.96,44958,362423032.88,11.24,3.38
2010-06-08,海康威视,002415,-2.89,-2.79,-3.07,-2.96,-2.86,55143,437974172.44,13.79,-3.5
2010-06-07,海康威视,002415,-3.01,-2.78,-3.01,-2.86,-2.87,46768,377475869.21,11.69,0.35
2010-06-04,海康威视,002415,-2.92,-2.76,-2.92,-2.87,-2.84,50878,412869122.66,12.72,-1.06
2010-06-03,海康威视,002415,-2.59,-2.55,-2.87,-2.84,-2.59,75605,635491828.89,18.9,-9.65
2010-06-02,海康威视,002415,-2.67,-2.57,-2.8,-2.59,-2.52,94963,800740000.73,23.74,-2.78
2010-06-01,海康威视,002415,-2.59,-2.48,-2.69,-2.52,-2.65,109947,945440217.67,27.49,4.91
2010-05-31,海康威视,002415,-2.6,-2.49,-2.73,-2.65,-2.82,172279,1471291655.97,43.07,6.03
2010-05-28,海康威视,002415,-3.04,-2.76,-3.1,-2.82,,340984,2723697239.0,85.25,21.45
