日期,股票名称,代码,开盘,最高,最低,收盘,前收盘,成交量,成交额,换手率,涨跌幅
2026-05-14,立讯精密,002475,79.29,79.35,76.0,76.1,80.15,819298,6336592541.49,1.13,-5.05
2026-05-13,立讯精密,002475,75.75,81.78,75.11,80.15,77.19,2263665,18021923741.57,3.11,3.83
2026-05-12,立讯精密,002475,77.39,78.78,75.5,77.19,76.06,1980246,15270074422.91,2.72,1.49
2026-05-11,立讯精密,002475,75.5,78.42,74.46,76.06,71.29,2700154,20583695883.98,3.71,6.69
2026-05-08,立讯精密,002475,68.13,72.08,67.11,71.29,69.52,2150710,15166942308.33,2.96,2.55
2026-05-07,立讯精密,002475,67.5,70.3,66.29,69.52,67.08,2141885,14678541090.85,2.95,3.64
2026-05-06,立讯精密,002475,68.27,71.0,66.87,67.08,67.0,2130544,14608440724.32,2.93,0.12
2026-04-30,立讯精密,002475,69.48,69.48,66.8,67.0,68.64,1550475,10467151555.82,2.13,-2.39
2026-04-29,立讯精密,002475,68.0,69.77,66.5,68.64,69.88,2103918,14341701763.35,2.89,-1.77
2026-04-28,立讯精密,002475,71.02,72.4,68.95,69.88,71.97,2159908,15245939861.64,2.97,-2.9
2026-04-27,立讯精密,002475,67.98,72.6,67.5,71.97,66.0,3273500,23372375963.97,4.5,9.05
2026-04-24,立讯精密,002475,67.51,67.8,64.37,66.0,67.77,2622791,17251346198.78,3.61,-2.61
2026-04-23,立讯精密,002475,69.0,70.68,67.3,67.77,68.03,2322371,15938711238.57,3.19,-0.38
2026-04-22,立讯精密,002475,65.39,68.69,64.6,68.03,65.75,2366656,15963581222.05,3.26,3.47
2026-04-21,立讯精密,002475,64.86,66.0,62.9,65.75,65.73,2625733,16943576025.43,3.61,0.03
2026-04-20,立讯精密,002475,62.64,65.73,60.91,65.73,59.75,3929269,25188235806.75,5.41,10.01
2026-04-17,立讯精密,002475,59.85,60.88,59.25,59.75,60.45,1343424,8048223622.84,1.85,-1.16
2026-04-16,立讯精密,002475,58.76,60.65,58.0,60.45,58.78,1996422,11903948271.64,2.75,2.84
2026-04-15,立讯精密,002475,59.0,60.98,58.45,58.78,59.14,1980038,11789558134.96,2.72,-0.61
2026-04-14,立讯精密,002475,59.0,60.65,58.55,59.14,58.6,2432745,14486703394.41,3.35,0.92
2026-04-13,立讯精密,002475,57.78,59.52,57.5,58.6,58.18,2388132,13958472897.32,3.29,0.72
2026-04-10,立讯精密,002475,55.42,59.18,54.9,58.18,55.09,3868969,22240373572.75,5.32,5.61
2026-04-09,立讯精密,002475,51.5,55.78,51.3,55.09,52.27,2996031,16300584856.34,4.12,5.4
2026-04-08,立讯精密,002475,49.56,52.57,49.56,52.27,48.39,2019287,10341801422.42,2.78,8.02
2026-04-07,立讯精密,002475,49.0,49.95,48.11,48.39,48.8,799878,3915337448.61,1.1,-0.84
2026-04-03,立讯精密,002475,50.3,50.38,48.64,48.8,49.89,745145,3668426746.51,1.03,-2.18
2026-04-02,立讯精密,002475,50.1,50.9,49.57,49.89,50.4,859659,4306449474.23,1.18,-1.01
2026-04-01,立讯精密,002475,50.48,51.11,49.8,50.4,49.26,1109777,5578244766.45,1.53,2.31
2026-03-31,立讯精密,002475,48.4,50.62,48.0,49.26,48.76,1671505,8302284089.63,2.3,1.03
2026-03-30,立讯精密,002475,49.8,50.0,48.1,48.76,50.61,1596406,7806460835.04,2.2,-3.66
2026-03-27,立讯精密,002475,48.18,51.29,48.18,50.61,50.19,1749811,8737181237.92,2.41,0.84
2026-03-26,立讯精密,002475,51.71,51.71,49.96,50.19,50.97,2200194,11164299112.99,3.03,-1.53
2026-03-25,立讯精密,002475,47.38,50.97,47.0,50.97,46.34,2608861,13043880636.87,3.59,9.99
2026-03-24,立讯精密,002475,46.8,46.94,44.57,46.34,46.3,1105607,5039460248.03,1.52,0.09
2026-03-23,立讯精密,002475,47.53,47.75,45.95,46.3,48.22,1017446,4757499916.6,1.4,-3.98
2026-03-20,立讯精密,002475,48.39,49.7,48.22,48.22,48.04,1004845,4918969446.47,1.38,0.37
2026-03-19,立讯精密,002475,48.38,48.8,47.85,48.04,49.34,918059,4422841913.89,1.26,-2.63
2026-03-18,立讯精密,002475,49.66,49.89,48.9,49.34,49.83,861205,4245300751.81,1.18,-0.98
2026-03-17,立讯精密,002475,50.18,51.76,49.76,49.83,49.26,1850095,9421830948.68,2.55,1.16
2026-03-16,立讯精密,002475,49.01,49.27,47.51,49.26,49.33,965272,4675886931.16,1.33,-0.14
2026-03-13,立讯精密,002475,49.35,50.28,49.05,49.33,49.7,819833,4071284135.66,1.13,-0.74
2026-03-12,立讯精密,002475,49.9,50.43,49.28,49.7,50.17,860416,4282954479.72,1.18,-0.94
2026-03-11,立讯精密,002475,49.45,50.88,49.28,50.17,49.39,1686484,8476553856.34,2.32,1.58
2026-03-10,立讯精密,002475,47.2,49.7,47.2,49.39,46.5,1814094,8875107862.07,2.5,6.22
2026-03-09,立讯精密,002475,46.27,46.62,45.43,46.5,47.3,973749,4484441009.82,1.34,-1.69
2026-03-06,立讯精密,002475,46.59,47.42,46.47,47.3,47.0,732496,3447363240.97,1.01,0.64
2026-03-05,立讯精密,002475,47.0,47.76,46.88,47.0,46.28,1008733,4765363060.18,1.39,1.56
2026-03-04,立讯精密,002475,46.67,47.09,45.8,46.28,47.39,1198906,5557272421.46,1.65,-2.34
2026-03-03,立讯精密,002475,49.16,49.74,47.2,47.39,49.11,1360265,6548505877.7,1.87,-3.5
2026-03-02,立讯精密,002475,49.31,49.72,48.38,49.11,50.22,1289834,6329687454.75,1.77,-2.21
2026-02-27,立讯精密,002475,50.65,50.69,49.32,50.22,51.16,1272716,6349492767.13,1.75,-1.84
2026-02-26,立讯精密,002475,51.59,51.63,51.04,51.16,51.58,1064251,5454795825.16,1.46,-0.81
2026-02-25,立讯精密,002475,50.55,51.93,50.47,51.58,50.63,1247048,6391742055.69,1.72,1.88
2026-02-24,立讯精密,002475,51.41,51.49,50.51,50.63,50.8,844153,4300015328.23,1.16,-0.33
2026-02-13,立讯精密,002475,49.91,51.08,49.26,50.8,50.43,1144926,5776476637.6,1.58,0.73
2026-02-12,立讯精密,002475,51.1,51.33,50.3,50.43,50.99,970240,4903262372.2,1.33,-1.1
2026-02-11,立讯精密,002475,51.23,51.76,50.86,50.99,51.53,689452,3542639012.38,0.95,-1.05
2026-02-10,立讯精密,002475,51.53,51.82,51.21,51.53,51.56,746831,3859138593.7,1.03,-0.06
2026-02-09,立讯精密,002475,51.83,51.84,51.17,51.56,51.01,775300,4004057332.88,1.07,1.08
2026-02-06,立讯精密,002475,51.21,51.85,50.54,51.01,51.54,724911,3723195003.07,1.0,-1.03
2026-02-05,立讯精密,002475,51.34,52.42,51.26,51.54,51.74,759859,3948087323.12,1.05,-0.39
2026-02-04,立讯精密,002475,51.85,51.89,50.49,51.74,52.3,1244424,6390867495.34,1.71,-1.07
2026-02-03,立讯精密,002475,52.67,53.23,51.09,52.3,52.06,1046638,5464439702.45,1.44,0.46
2026-02-02,立讯精密,002475,51.83,53.44,51.83,52.06,51.53,1384862,7315678565.28,1.91,1.03
2026-01-30,立讯精密,002475,51.45,52.34,50.86,51.53,51.73,1085588,5631865240.67,1.49,-0.39
2026-01-29,立讯精密,002475,52.84,52.97,51.57,51.73,53.12,1472606,7686631742.49,2.03,-2.62
2026-01-28,立讯精密,002475,53.54,54.79,52.66,53.12,53.56,1511949,8124725547.7,2.08,-0.82
2026-01-27,立讯精密,002475,54.16,54.63,52.7,53.56,53.93,1227843,6608414372.13,1.69,-0.69
2026-01-26,立讯精密,002475,55.22,55.24,53.85,53.93,55.34,1271112,6917918136.7,1.75,-2.55
2026-01-23,立讯精密,002475,56.47,56.47,54.84,55.34,56.25,1449254,8052423540.84,1.99,-1.62
2026-01-22,立讯精密,002475,57.27,58.19,55.94,56.25,56.9,1498042,8531018705.84,2.06,-1.14
2026-01-21,立讯精密,002475,56.49,58.14,56.44,56.9,57.3,1117199,6424873922.41,1.54,-0.7
2026-01-20,立讯精密,002475,57.74,58.17,55.15,57.3,57.7,1772260,10048349855.01,2.44,-0.69
2026-01-19,立讯精密,002475,57.94,60.32,57.64,57.7,57.92,1957200,11530425069.31,2.69,-0.38
2026-01-16,立讯精密,002475,58.12,59.75,57.75,57.92,57.21,2599903,15284928361.27,3.58,1.24
2026-01-15,立讯精密,002475,53.18,57.41,53.07,57.21,53.42,2628471,14597266865.4,3.62,7.09
2026-01-14,立讯精密,002475,54.04,54.64,53.3,53.42,54.42,1699139,9190861212.14,2.34,-1.84
2026-01-13,立讯精密,002475,55.49,56.39,54.18,54.42,55.27,1334982,7385100188.92,1.84,-1.54
2026-01-12,立讯精密,002475,55.04,55.44,53.84,55.27,55.49,1883905,10301185319.24,2.59,-0.4
2026-01-09,立讯精密,002475,54.69,56.14,53.84,55.49,55.0,1540790,8518973944.28,2.12,0.89
2026-01-08,立讯精密,002475,56.86,56.9,54.61,55.0,57.39,2401117,13264652378.37,3.3,-4.16
2026-01-07,立讯精密,002475,58.84,58.94,56.64,57.39,59.06,1873574,10829848831.94,2.58,-2.83
2026-01-06,立讯精密,002475,58.72,59.34,57.66,59.06,58.39,1415400,8330556573.49,1.95,1.15
2026-01-05,立讯精密,002475,56.96,59.33,56.95,58.39,56.55,1594553,9358442264.95,2.19,3.25
2025-12-31,立讯精密,002475,58.39,58.49,56.24,56.55,57.91,1049052,6003869904.54,1.44,-2.35
2025-12-30,立讯精密,002475,57.82,59.22,57.02,57.91,58.06,991647,5783619694.07,1.36,-0.26
2025-12-29,立讯精密,002475,57.94,59.2,57.75,58.06,58.24,930551,5441701495.9,1.28,-0.31
2025-12-26,立讯精密,002475,59.02,59.04,58.21,58.24,59.27,742665,4354917584.27,1.02,-1.74
2025-12-25,立讯精密,002475,58.84,59.79,58.09,59.27,59.13,794110,4697050389.57,1.09,0.24
2025-12-24,立讯精密,002475,58.02,59.46,57.45,59.13,57.89,918593,5404246112.55,1.26,2.14
2025-12-23,立讯精密,002475,57.39,58.44,57.27,57.89,57.57,775056,4507631681.01,1.07,0.56
2025-12-22,立讯精密,002475,56.94,58.1,56.83,57.57,56.62,777263,4485816558.94,1.07,1.68
2025-12-19,立讯精密,002475,57.05,57.71,56.59,56.62,56.82,618461,3534311769.75,0.85,-0.35
2025-12-18,立讯精密,002475,57.67,58.01,56.8,56.82,58.5,599647,3442857270.89,0.83,-2.87
2025-12-17,立讯精密,002475,56.99,58.63,56.92,58.5,57.17,761786,4427953756.65,1.05,2.33
2025-12-16,立讯精密,002475,56.54,57.73,56.16,57.17,57.2,724960,4138588437.85,1.0,-0.05
2025-12-15,立讯精密,002475,59.39,59.51,57.13,57.2,60.22,1226735,7143771177.94,1.69,-5.01
2025-12-12,立讯精密,002475,58.07,60.72,57.44,60.22,58.09,1321919,7900964056.27,1.82,3.67
2025-12-11,立讯精密,002475,59.32,61.14,58.03,58.09,59.37,876398,5200843714.19,1.21,-2.16
2025-12-10,立讯精密,002475,59.74,59.74,57.86,59.37,60.44,956685,5632613695.61,1.32,-1.77
2025-12-09,立讯精密,002475,59.91,61.35,59.44,60.44,59.92,1106581,6714668916.94,1.52,0.87
2025-12-08,立讯精密,002475,58.94,60.55,58.58,59.92,59.09,1114481,6690195483.32,1.53,1.4
2025-12-05,立讯精密,002475,59.46,59.52,58.55,59.09,59.47,716996,4248662542.27,0.99,-0.64
2025-12-04,立讯精密,002475,58.45,59.57,56.95,59.47,58.66,1038909,6085818536.72,1.43,1.38
2025-12-03,立讯精密,002475,59.92,60.24,58.29,58.66,59.84,1080866,6408961263.18,1.49,-1.97
2025-12-02,立讯精密,002475,58.41,61.34,58.02,59.84,58.45,1813965,10920312512.16,2.5,2.38
2025-12-01,立讯精密,002475,57.69,59.13,56.24,58.45,57.62,1377362,7969904521.0,1.9,1.44
2025-11-28,立讯精密,002475,56.66,58.02,56.59,57.62,56.8,962578,5543542167.49,1.32,1.44
2025-11-27,立讯精密,002475,57.54,58.97,56.64,56.8,57.44,1263804,7319810271.34,1.74,-1.11
2025-11-26,立讯精密,002475,55.16,58.69,54.75,57.44,55.54,1591539,9136365853.14,2.19,3.42
2025-11-25,立讯精密,002475,54.06,56.23,53.88,55.54,53.09,1450760,8050188476.02,2.0,4.61
2025-11-24,立讯精密,002475,53.03,53.69,52.04,53.09,52.69,957030,5077293740.6,1.32,0.76
2025-11-21,立讯精密,002475,53.84,54.12,52.64,52.69,55.59,1499996,8020601930.15,2.06,-5.22
2025-11-20,立讯精密,002475,57.94,58.04,55.52,55.59,56.59,959812,5436030225.7,1.32,-1.77
2025-11-19,立讯精密,002475,56.84,57.78,56.25,56.59,56.45,935330,5330936919.98,1.29,0.25
2025-11-18,立讯精密,002475,55.96,57.59,55.24,56.45,56.39,1054029,5974063196.94,1.45,0.11
2025-11-17,立讯精密,002475,56.33,57.28,55.96,56.39,56.35,741856,4205657009.93,1.02,0.07
2025-11-14,立讯精密,002475,56.5,58.07,55.94,56.35,57.22,1017544,5829324295.15,1.4,-1.52
2025-11-13,立讯精密,002475,57.04,58.19,56.72,57.22,57.61,939953,5397445321.58,1.29,-0.68
2025-11-12,立讯精密,002475,56.28,58.3,56.21,57.61,56.33,1357175,7815417070.27,1.87,2.27
2025-11-11,立讯精密,002475,58.82,58.99,56.07,56.33,58.24,1084897,6189292993.16,1.49,-3.28
2025-11-10,立讯精密,002475,59.34,60.04,57.05,58.24,59.74,1535276,8911656167.75,2.11,-2.51
2025-11-07,立讯精密,002475,60.56,60.84,59.68,59.74,61.5,1053634,6346313297.13,1.45,-2.86
2025-11-06,立讯精密,002475,60.82,61.7,59.64,61.5,60.82,1324713,8075585073.58,1.82,1.12
2025-11-05,立讯精密,002475,58.44,61.3,58.2,60.82,60.38,1121729,6760397260.59,1.54,0.73
2025-11-04,立讯精密,002475,62.34,62.68,59.9,60.38,62.76,1289906,7901104869.97,1.78,-3.79
2025-11-03,立讯精密,002475,62.64,62.8,60.53,62.76,62.84,1404143,8693261073.64,1.93,-0.13
2025-10-31,立讯精密,002475,66.04,66.72,62.84,62.84,64.88,1734152,11158675824.26,2.39,-3.14
2025-10-30,立讯精密,002475,66.94,67.13,63.5,64.88,67.12,1787884,11675786637.92,2.46,-3.34
2025-10-29,立讯精密,002475,65.75,67.32,65.01,67.12,64.5,1800528,11983703877.96,2.48,4.06
2025-10-28,立讯精密,002475,64.54,65.64,63.84,64.5,65.24,1426328,9262740420.21,1.96,-1.13
2025-10-27,立讯精密,002475,65.72,65.83,63.37,65.24,63.75,2339921,15195422273.5,3.22,2.34
2025-10-24,立讯精密,002475,60.73,63.99,60.5,63.75,59.98,2344458,14736755293.41,3.23,6.29
2025-10-23,立讯精密,002475,59.14,60.29,58.12,59.98,59.95,1097410,6524692836.62,1.51,0.05
2025-10-22,立讯精密,002475,59.94,60.99,59.37,59.95,60.99,1324250,7986543311.54,1.82,-1.71
2025-10-21,立讯精密,002475,58.84,62.71,58.79,60.99,56.99,2929366,17821150490.1,4.03,7.02
2025-10-20,立讯精密,002475,56.7,57.69,56.28,56.99,55.33,1625196,9272508356.11,2.24,3.0
2025-10-17,立讯精密,002475,59.09,59.09,55.24,55.33,59.04,1792402,10165620025.18,2.47,-6.28
2025-10-16,立讯精密,002475,57.88,61.44,57.57,59.04,58.04,2563255,15334036992.44,3.53,1.72
2025-10-15,立讯精密,002475,54.88,58.22,53.72,58.04,54.85,2425274,13673494568.74,3.34,5.82
2025-10-14,立讯精密,002475,58.64,59.81,54.39,54.85,57.59,2485991,14241316173.45,3.42,-4.76
2025-10-13,立讯精密,002475,54.96,58.21,54.96,57.59,60.64,2672903,15306475401.06,3.68,-5.03
2025-10-10,立讯精密,002475,64.34,64.79,60.05,60.64,65.14,2609551,16258524771.09,3.59,-6.91
2025-10-09,立讯精密,002475,63.68,65.99,63.2,65.14,64.53,2616510,17046509786.28,3.6,0.95
2025-09-30,立讯精密,002475,65.24,66.22,63.6,64.53,64.64,2295291,14884453178.74,3.16,-0.17
2025-09-29,立讯精密,002475,64.09,65.2,62.52,64.64,64.09,2628525,16918393241.98,3.63,0.86
2025-09-26,立讯精密,002475,68.56,68.62,64.0,64.09,68.58,3320909,21965504720.0,4.59,-6.55
2025-09-25,立讯精密,002475,69.64,71.42,68.04,68.58,70.04,3317715,22988862614.8,4.58,-2.08
2025-09-24,立讯精密,002475,64.07,72.04,63.54,70.04,65.54,4516356,29906689611.36,6.24,6.87
2025-09-23,立讯精密,002475,66.89,66.89,63.5,65.54,60.79,5541239,36353840907.96,7.65,7.81
2025-09-22,立讯精密,002475,60.79,60.79,59.97,60.79,55.25,902794,5501600824.85,1.25,10.03
2025-09-19,立讯精密,002475,54.15,57.75,53.87,55.25,52.95,3197040,17827566857.06,4.42,4.34
2025-09-18,立讯精密,002475,51.34,54.78,50.94,52.95,51.85,3155362,16692440412.28,4.36,2.12
2025-09-17,立讯精密,002475,52.47,52.83,51.34,51.85,52.23,1949552,10192389841.67,2.69,-0.73
2025-09-16,立讯精密,002475,52.5,54.04,51.99,52.23,52.58,2003490,10610989503.32,2.77,-0.67
2025-09-15,立讯精密,002475,51.98,54.07,51.91,52.58,52.55,2494998,13237384440.3,3.45,0.06
2025-09-12,立讯精密,002475,54.04,55.5,52.3,52.55,52.74,4258492,23093057572.31,5.88,-0.36
2025-09-11,立讯精密,002475,47.04,52.74,46.35,52.74,47.93,2842144,14306453448.3,3.93,10.04
2025-09-10,立讯精密,002475,46.12,48.81,45.66,47.93,47.55,2018773,9549391987.4,2.79,0.8
2025-09-09,立讯精密,002475,49.62,50.59,47.32,47.55,49.59,1881293,9103502527.69,2.6,-4.11
2025-09-08,立讯精密,002475,48.93,51.76,48.62,49.59,47.04,2891255,14557101683.63,3.99,5.42
2025-09-05,立讯精密,002475,44.2,47.04,43.54,47.04,44.23,2281915,10489291675.56,3.15,6.35
2025-09-04,立讯精密,002475,43.55,45.53,43.34,44.23,43.06,2006377,8941490726.86,2.77,2.72
2025-09-03,立讯精密,002475,43.85,44.27,42.83,43.06,43.64,1008899,4402641695.16,1.39,-1.33
2025-09-02,立讯精密,002475,44.92,45.43,43.34,43.64,45.11,1480183,6557335183.89,2.04,-3.26
2025-09-01,立讯精密,002475,45.94,46.64,44.74,45.11,45.82,1406210,6401671200.62,1.94,-1.55
2025-08-29,立讯精密,002475,45.93,47.2,45.01,45.82,45.94,1730294,7971168565.5,2.39,-0.26
2025-08-28,立讯精密,002475,44.83,45.94,44.19,45.94,44.82,1653241,7484800173.91,2.28,2.5
2025-08-27,立讯精密,002475,44.86,47.01,44.74,44.82,45.44,2009690,9278340405.3,2.78,-1.36
2025-08-26,立讯精密,002475,43.04,46.64,43.04,45.44,42.79,2223220,10000629712.32,3.07,6.19
2025-08-25,立讯精密,002475,43.22,44.13,41.97,42.79,42.54,1523545,6570702103.87,2.1,0.59
2025-08-22,立讯精密,002475,41.3,42.72,41.17,42.54,42.03,1401673,5900362776.11,1.94,1.21
2025-08-21,立讯精密,002475,39.94,42.27,39.65,42.03,39.89,2006844,8301490958.09,2.77,5.36
2025-08-20,立讯精密,002475,38.83,40.59,38.06,39.89,38.94,1327847,5282232776.27,1.83,2.44
2025-08-19,立讯精密,002475,39.44,39.59,38.45,38.94,39.43,1088496,4259042373.05,1.5,-1.24
2025-08-18,立讯精密,002475,38.44,40.2,38.13,39.43,38.43,1538959,6098343355.45,2.13,2.6
2025-08-15,立讯精密,002475,37.94,38.66,37.82,38.43,38.32,874170,3363990014.38,1.21,0.29
2025-08-14,立讯精密,002475,38.34,38.89,38.05,38.32,38.19,979235,3779698853.45,1.35,0.34
2025-08-13,立讯精密,002475,38.18,38.82,37.66,38.19,38.01,1058070,4068295553.64,1.46,0.47
2025-08-12,立讯精密,002475,37.8,38.46,37.58,38.01,37.85,764526,2921966269.09,1.06,0.42
2025-08-11,立讯精密,002475,36.33,38.04,36.33,37.85,36.28,1414797,5351015629.5,1.95,4.33
2025-08-08,立讯精密,002475,36.84,36.84,36.27,36.28,36.86,742804,2722198489.37,1.03,-1.57
2025-08-07,立讯精密,002475,37.84,38.5,36.84,36.86,36.05,1831705,6922956075.74,2.53,2.25
2025-08-06,立讯精密,002475,36.22,36.22,35.72,36.05,36.31,639854,2310885965.65,0.88,-0.72
2025-08-05,立讯精密,002475,36.22,36.45,35.97,36.31,36.08,568648,2069672758.9,0.79,0.64
2025-08-04,立讯精密,002475,35.96,36.23,35.64,36.08,36.48,802426,2891254070.48,1.11,-1.1
2025-08-01,立讯精密,002475,36.56,37.21,36.12,36.48,36.47,750004,2757967414.28,1.04,0.03
2025-07-31,立讯精密,002475,37.27,37.84,36.3,36.47,37.58,1006222,3740230940.93,1.39,-2.95
2025-07-30,立讯精密,002475,37.14,38.24,36.75,37.58,37.41,924273,3487636330.08,1.28,0.45
2025-07-29,立讯精密,002475,37.39,37.45,36.67,37.41,37.6,952940,3548773907.17,1.32,-0.51
2025-07-28,立讯精密,002475,38.24,38.31,37.25,37.6,38.17,937408,3540657758.92,1.29,-1.49
2025-07-25,立讯精密,002475,37.73,38.39,37.63,38.17,37.71,819627,3137604861.65,1.13,1.22
2025-07-24,立讯精密,002475,37.64,37.84,37.14,37.71,37.8,980315,3684466150.11,1.35,-0.24
2025-07-23,立讯精密,002475,37.75,38.34,37.52,37.8,37.93,682219,2601928802.81,0.94,-0.34
2025-07-22,立讯精密,002475,38.03,38.29,37.62,37.93,38.5,914188,3481265539.51,1.26,-1.48
2025-07-21,立讯精密,002475,38.59,38.82,37.66,38.5,38.57,1026899,3932374605.48,1.42,-0.18
2025-07-18,立讯精密,002475,39.19,39.67,38.38,38.57,39.24,1359441,5315102284.87,1.88,-1.71
2025-07-17,立讯精密,002475,36.84,39.46,36.73,39.24,36.89,1694453,6562532357.79,2.34,6.37
2025-07-16,立讯精密,002475,36.45,37.53,36.34,36.89,36.62,1186525,4422970731.63,1.64,0.74
2025-07-15,立讯精密,002475,35.24,36.74,35.18,36.62,35.2,1455287,5279131620.05,2.01,4.03
2025-07-14,立讯精密,002475,35.42,35.51,34.75,35.2,35.4,506331,1789863007.19,0.7,-0.56
2025-07-11,立讯精密,002475,35.52,35.64,35.05,35.4,35.4,802635,2870070346.82,1.11,0.0
2025-07-10,立讯精密,002475,34.84,35.63,34.77,35.4,34.94,837024,2982205575.83,1.16,1.32
2025-07-09,立讯精密,002475,35.03,35.59,34.76,34.94,35.0,844987,2998487616.72,1.17,-0.17
2025-07-08,立讯精密,002475,34.24,35.11,34.23,35.0,34.39,885172,3118524498.05,1.22,1.77
2025-07-07,立讯精密,002475,34.92,34.92,33.89,34.39,34.93,883633,3056920477.91,1.22,-1.55
2025-07-04,立讯精密,002475,35.26,35.31,34.89,34.93,35.41,863846,3057264304.36,1.19,-1.36
2025-07-03,立讯精密,002475,33.63,35.82,33.63,35.41,33.56,1918363,6774927116.5,2.65,5.51
2025-07-02,立讯精密,002475,34.23,34.23,33.49,33.56,34.35,711858,2419827415.61,0.98,-2.3
2025-07-01,立讯精密,002475,34.43,34.6,33.9,34.35,34.33,781658,2703071305.96,1.08,0.06
2025-06-30,立讯精密,002475,33.59,34.42,33.59,34.33,33.51,1266863,4377077239.3,1.75,2.45
2025-06-27,立讯精密,002475,32.62,33.74,32.33,33.51,32.61,1549364,5218421988.98,2.14,2.76
2025-06-26,立讯精密,002475,32.88,33.19,32.59,32.61,32.88,837725,2786154335.06,1.16,-0.82
2025-06-25,立讯精密,002475,32.9,32.92,32.41,32.88,32.87,1049008,3460741467.5,1.45,0.03
2025-06-24,立讯精密,002475,32.94,33.2,32.65,32.87,32.83,1005406,3337390355.26,1.39,0.12
2025-06-23,立讯精密,002475,32.63,33.41,32.52,32.83,32.85,936487,3121733431.64,1.29,-0.06
2025-06-20,立讯精密,002475,32.29,33.13,32.23,32.85,32.36,1191427,3949672870.01,1.65,1.51
2025-06-19,立讯精密,002475,32.6,32.98,32.26,32.36,32.58,1061692,3497212069.68,1.47,-0.68
2025-06-18,立讯精密,002475,32.05,32.69,32.04,32.58,32.31,1183175,3886671307.52,1.64,0.84
2025-06-17,立讯精密,002475,31.55,32.44,31.47,32.31,31.55,1536131,4998428887.19,2.12,2.41
2025-06-16,立讯精密,002475,30.69,31.69,30.66,31.55,30.89,960958,3052267760.95,1.33,2.14
2025-06-13,立讯精密,002475,31.24,31.62,30.84,30.89,31.48,800575,2517333047.28,1.11,-1.87
2025-06-12,立讯精密,002475,31.29,31.8,31.19,31.48,31.61,718273,2291824377.74,0.99,-0.41
2025-06-11,立讯精密,002475,31.54,32.18,31.44,31.61,31.42,989540,3179019576.67,1.37,0.6
2025-06-10,立讯精密,002475,31.43,31.84,30.99,31.42,31.57,1198222,3810618393.43,1.66,-0.48
2025-06-09,立讯精密,002475,31.34,31.72,31.17,31.57,30.96,960082,3058275405.5,1.33,1.97
2025-06-06,立讯精密,002475,31.05,31.19,30.81,30.96,31.27,853423,2672851414.58,1.18,-0.99
2025-06-05,立讯精密,002475,30.49,31.5,30.47,31.27,30.44,1420893,4455372111.18,1.96,2.73
2025-06-04,立讯精密,002475,30.02,30.62,29.94,30.44,29.96,839239,2579308768.48,1.16,1.6
2025-06-03,立讯精密,002475,29.83,30.1,29.76,29.96,30.04,589993,1789426646.35,0.82,-0.27
2025-05-30,立讯精密,002475,30.53,30.53,29.99,30.04,31.05,1108521,3382102389.27,1.53,-3.25
2025-05-29,立讯精密,002475,30.65,31.16,30.65,31.05,30.03,1487913,4661225819.31,2.06,3.4
2025-05-28,立讯精密,002475,30.35,30.53,29.95,30.03,30.16,662413,2024475646.31,0.92,-0.43
2025-05-27,立讯精密,002475,30.67,30.75,30.07,30.16,30.88,987978,3027491578.42,1.37,-2.33
2025-05-26,立讯精密,002475,30.14,30.92,30.02,30.88,30.94,1102679,3404917098.24,1.52,-0.19
2025-05-23,立讯精密,002475,31.34,31.67,30.94,30.94,31.41,940135,2970257973.64,1.3,-1.5
2025-05-22,立讯精密,002475,31.49,31.71,31.38,31.41,31.76,678683,2161876192.18,0.94,-1.1
2025-05-21,立讯精密,002475,32.04,32.06,31.7,31.76,32.24,959794,3086281303.02,1.33,-1.49
2025-05-20,立讯精密,002475,31.72,32.29,31.5,32.24,31.87,952181,3077663929.27,1.32,1.16
2025-05-19,立讯精密,002475,32.03,32.03,31.34,31.87,32.14,1032061,3296746779.88,1.43,-0.84
2025-05-16,立讯精密,002475,32.14,32.42,32.05,32.14,32.3,839028,2734254057.53,1.16,-0.5
2025-05-15,立讯精密,002475,33.19,33.19,32.26,32.3,33.16,1194601,3927343841.88,1.65,-2.59
2025-05-14,立讯精密,002475,33.29,33.58,32.67,33.16,33.44,1822080,6094580543.44,2.52,-0.84
2025-05-13,立讯精密,002475,35.13,35.13,33.27,33.44,33.76,2869196,9870473583.6,3.97,-0.95
2025-05-12,立讯精密,002475,32.99,34.11,32.52,33.76,31.72,2752466,9200878068.51,3.8,6.43
2025-05-09,立讯精密,002475,32.15,32.16,31.34,31.72,32.38,1312280,4206692095.3,1.81,-2.04
2025-05-08,立讯精密,002475,31.05,32.64,30.96,32.38,31.16,2102536,6843239366.34,2.91,3.92
2025-05-07,立讯精密,002475,32.09,32.8,30.86,31.16,31.45,1638627,5223223649.38,2.27,-0.92
2025-05-06,立讯精密,002475,30.63,31.49,30.54,31.45,30.49,1376577,4326017981.21,1.9,3.15
2025-04-30,立讯精密,002475,30.23,30.74,30.03,30.49,30.17,1238443,3812272580.12,1.71,1.06
2025-04-29,立讯精密,002475,30.44,30.59,30.03,30.17,30.59,887066,2716087534.99,1.23,-1.37
2025-04-28,立讯精密,002475,31.45,31.57,30.54,30.59,31.25,1009146,3151247228.28,1.39,-2.11
2025-04-25,立讯精密,002475,30.64,31.64,30.64,31.25,30.4,1624304,5144752379.76,2.25,2.8
2025-04-24,立讯精密,002475,31.14,31.15,30.36,30.4,31.17,1075001,3333508537.83,1.49,-2.47
2025-04-23,立讯精密,002475,31.54,31.82,30.6,31.17,29.94,2013354,6343222065.22,2.78,4.11
2025-04-22,立讯精密,002475,30.27,30.71,29.81,29.94,30.51,1031460,3139583730.13,1.43,-1.87
2025-04-21,立讯精密,002475,29.63,30.63,29.41,30.51,29.59,1193436,3632231353.97,1.65,3.11
2025-04-18,立讯精密,002475,29.1,29.69,29.1,29.59,29.1,992199,2961451143.82,1.37,1.68
2025-04-17,立讯精密,002475,29.13,29.52,28.99,29.1,29.23,1003293,2967875216.99,1.39,-0.44
2025-04-16,立讯精密,002475,29.7,29.81,28.89,29.23,30.45,1814178,5385566085.92,2.51,-4.01
2025-04-15,立讯精密,002475,31.24,31.26,30.14,30.45,31.84,1966044,6077454172.09,2.72,-4.37
2025-04-14,立讯精密,002475,33.55,34.07,31.13,31.84,31.82,3528631,11506239053.56,4.88,0.06
2025-04-11,立讯精密,002475,29.65,32.64,29.28,31.82,30.37,2762099,8623901339.61,3.82,4.77
2025-04-10,立讯精密,002475,31.19,31.19,29.99,30.37,28.32,2898769,9030336179.79,4.01,7.24
2025-04-09,立讯精密,002475,27.48,29.1,26.75,28.32,28.64,2635132,7469385701.48,3.64,-1.12
2025-04-08,立讯精密,002475,28.83,29.64,28.33,28.64,31.52,2823765,8156305835.04,3.9,-9.14
2025-04-07,立讯精密,002475,31.52,31.52,31.52,31.52,35.06,454870,1450125560.0,0.63,-10.1
2025-04-03,立讯精密,002475,36.87,37.07,35.06,35.06,38.99,2233027,8003539895.77,3.09,-10.08
2025-04-02,立讯精密,002475,40.06,40.34,38.34,38.99,40.08,1028381,4058599131.37,1.42,-2.72
2025-04-01,立讯精密,002475,40.53,40.79,40.05,40.08,40.53,380610,1546945685.06,0.53,-1.11
2025-03-31,立讯精密,002475,40.64,41.03,40.05,40.53,40.85,412134,1684704253.95,0.57,-0.78
2025-03-28,立讯精密,002475,40.44,41.14,40.16,40.85,40.42,497873,2045454662.91,0.69,1.06
2025-03-27,立讯精密,002475,40.32,40.74,39.97,40.42,40.4,292038,1191469511.62,0.4,0.05
2025-03-26,立讯精密,002475,40.42,40.71,40.29,40.4,40.42,303314,1238959999.3,0.42,-0.05
2025-03-25,立讯精密,002475,40.65,40.84,40.1,40.42,40.7,416234,1695844788.6,0.58,-0.69
2025-03-24,立讯精密,002475,39.58,40.98,39.52,40.7,39.5,903183,3693446598.22,1.25,3.04
2025-03-21,立讯精密,002475,40.29,40.83,39.24,39.5,40.06,644422,2592809766.74,0.89,-1.4
2025-03-20,立讯精密,002475,40.5,40.51,39.96,40.06,40.37,376801,1530040598.45,0.52,-0.77
2025-03-19,立讯精密,002475,40.26,40.52,39.64,40.37,40.5,584473,2363325242.05,0.81,-0.32
2025-03-18,立讯精密,002475,40.35,40.63,40.02,40.5,40.31,598912,2440209990.19,0.83,0.47
2025-03-17,立讯精密,002475,40.94,41.01,40.17,40.31,40.64,589084,2400289271.37,0.81,-0.81
2025-03-14,立讯精密,002475,39.84,40.88,39.65,40.64,40.01,859912,3515359694.45,1.19,1.57
2025-03-13,立讯精密,002475,40.24,40.5,39.88,40.01,40.19,540422,2188742249.63,0.75,-0.45
2025-03-12,立讯精密,002475,39.87,40.6,39.2,40.19,39.91,837443,3374346259.74,1.16,0.7
2025-03-11,立讯精密,002475,40.14,40.29,39.34,39.91,40.72,799444,3205706430.84,1.11,-1.99
2025-03-10,立讯精密,002475,40.94,41.28,40.21,40.72,41.17,721416,2947723361.75,1.0,-1.09
2025-03-07,立讯精密,002475,42.05,42.22,40.96,41.17,42.01,665116,2786193023.25,0.92,-2.0
2025-03-06,立讯精密,002475,41.79,42.59,41.79,42.01,41.55,655338,2784636588.88,0.91,1.11
2025-03-05,立讯精密,002475,41.61,42.13,41.08,41.55,41.49,491781,2061881286.47,0.68,0.14
2025-03-04,立讯精密,002475,41.57,41.86,41.11,41.49,41.95,466196,1951184570.39,0.65,-1.1
2025-03-03,立讯精密,002475,43.62,43.62,41.54,41.95,42.79,532953,2274783984.82,0.74,-1.96
2025-02-28,立讯精密,002475,43.96,44.09,42.64,42.79,44.22,535684,2339938726.64,0.74,-3.23
2025-02-27,立讯精密,002475,44.65,44.84,43.72,44.22,44.59,550014,2453864638.46,0.76,-0.83
2025-02-26,立讯精密,002475,45.68,45.82,44.32,44.59,45.82,670234,3031406283.72,0.93,-2.68
2025-02-25,立讯精密,002475,43.84,46.64,43.63,45.82,44.54,911927,4187616242.26,1.26,2.87
2025-02-24,立讯精密,002475,44.62,45.78,43.99,44.54,44.62,634777,2867210759.06,0.88,-0.18
2025-02-21,立讯精密,002475,43.6,45.02,43.41,44.62,43.59,987271,4402765056.88,1.37,2.36
2025-02-20,立讯精密,002475,42.24,43.97,42.17,43.59,42.39,835036,3660808373.65,1.16,2.83
2025-02-19,立讯精密,002475,41.75,42.51,41.62,42.39,41.73,581224,2462531718.15,0.81,1.58
2025-02-18,立讯精密,002475,42.35,42.82,41.57,41.73,42.41,568752,2425228793.81,0.79,-1.6
2025-02-17,立讯精密,002475,43.44,43.61,42.06,42.41,43.17,722703,3102003919.89,1.0,-1.76
2025-02-14,立讯精密,002475,43.04,43.63,42.84,43.17,43.05,424748,1849179113.89,0.59,0.28
2025-02-13,立讯精密,002475,44.0,44.08,42.94,43.05,43.99,662625,2900819047.44,0.92,-2.14
2025-02-12,立讯精密,002475,42.62,44.0,42.26,43.99,41.87,1080245,4727512281.39,1.5,5.06
2025-02-11,立讯精密,002475,42.32,42.61,41.52,41.87,42.3,438637,1855163677.62,0.61,-1.02
2025-02-10,立讯精密,002475,42.64,42.9,42.02,42.3,42.24,591800,2531358791.15,0.82,0.14
2025-02-07,立讯精密,002475,41.22,42.84,41.14,42.24,41.22,1090346,4633013766.05,1.51,2.47
2025-02-06,立讯精密,002475,39.44,41.27,39.42,41.22,40.06,876795,3600238475.18,1.21,2.9
2025-02-05,立讯精密,002475,40.34,41.0,39.55,40.06,39.83,715985,2915141628.99,0.99,0.58
2025-01-27,立讯精密,002475,40.39,40.86,39.74,39.83,40.61,473248,1915915319.09,0.66,-1.92
2025-01-24,立讯精密,002475,39.32,40.92,39.32,40.61,39.26,886929,3603808742.44,1.23,3.44
2025-01-23,立讯精密,002475,40.34,40.4,39.22,39.26,39.73,698160,2799986340.71,0.97,-1.18
2025-01-22,立讯精密,002475,41.14,41.53,39.34,39.73,41.53,1193905,4822425427.23,1.65,-4.33
2025-01-21,立讯精密,002475,40.56,42.22,40.47,41.53,40.43,849346,3536767857.13,1.18,2.72
2025-01-20,立讯精密,002475,39.5,40.81,39.49,40.43,38.8,898748,3663689664.2,1.24,4.2
2025-01-17,立讯精密,002475,38.38,39.35,38.27,38.8,38.86,434593,1703744563.3,0.6,-0.15
2025-01-16,立讯精密,002475,39.11,39.38,38.44,38.86,38.71,426706,1674538754.24,0.59,0.39
2025-01-15,立讯精密,002475,38.79,39.1,38.18,38.71,39.25,540128,2106706097.42,0.75,-1.38
2025-01-14,立讯精密,002475,37.78,39.26,37.04,39.25,37.5,840034,3247577927.86,1.16,4.67
2025-01-13,立讯精密,002475,37.34,38.34,37.25,37.5,37.8,414231,1578515754.65,0.57,-0.79
2025-01-10,立讯精密,002475,38.54,38.65,37.44,37.8,38.65,698491,2667795341.99,0.97,-2.2
2025-01-09,立讯精密,002475,38.73,39.13,38.3,38.65,38.79,513048,2006498054.88,0.71,-0.36
2025-01-08,立讯精密,002475,39.78,39.84,38.49,38.79,40.1,793783,3121740431.49,1.1,-3.27
2025-01-07,立讯精密,002475,38.83,40.66,38.74,40.1,38.63,859222,3474460649.82,1.19,3.81
2025-01-06,立讯精密,002475,38.88,39.63,38.36,38.63,38.87,477535,1872510845.57,0.66,-0.62
2025-01-03,立讯精密,002475,38.85,40.02,38.32,38.87,38.85,758414,2999349150.77,1.05,0.05
2025-01-02,立讯精密,002475,40.23,40.4,38.47,38.85,40.4,691999,2745078821.72,0.96,-3.84
2024-12-31,立讯精密,002475,41.74,41.74,40.09,40.4,41.29,640873,2629811163.93,0.89,-2.16
2024-12-30,立讯精密,002475,40.99,41.74,40.79,41.29,40.99,585295,2441348731.62,0.81,0.73
2024-12-27,立讯精密,002475,41.92,41.93,40.87,40.99,41.96,826370,3444499183.59,1.14,-2.31
2024-12-26,立讯精密,002475,40.6,42.02,40.27,41.96,40.71,905243,3803538746.62,1.25,3.07
2024-12-25,立讯精密,002475,41.04,41.62,40.56,40.71,41.04,468934,1944421155.38,0.65,-0.8
2024-12-24,立讯精密,002475,40.2,41.09,39.89,41.04,40.1,595175,2443465108.14,0.82,2.34
2024-12-23,立讯精密,002475,40.92,41.47,39.94,40.1,40.92,569719,2328081978.29,0.79,-2.0
2024-12-20,立讯精密,002475,41.36,41.59,40.82,40.92,41.31,614387,2548121263.65,0.85,-0.94
2024-12-19,立讯精密,002475,39.29,41.49,38.98,41.31,39.7,1084658,4462268149.78,1.5,4.06
2024-12-18,立讯精密,002475,40.17,40.33,39.6,39.7,39.94,454735,1824141817.95,0.63,-0.6
2024-12-17,立讯精密,002475,39.42,40.99,39.33,39.94,39.42,720024,2924980197.48,1.0,1.32
2024-12-16,立讯精密,002475,40.04,40.3,39.29,39.42,40.22,523916,2094235044.57,0.73,-1.99
2024-12-13,立讯精密,002475,40.64,40.72,40.04,40.22,41.01,662496,2695769595.97,0.92,-1.93
2024-12-12,立讯精密,002475,41.03,41.84,40.57,41.01,40.89,706574,2925719291.51,0.98,0.29
2024-12-11,立讯精密,002475,40.55,41.71,39.84,40.89,40.53,958063,3948090976.66,1.33,0.89
2024-12-10,立讯精密,002475,40.89,41.47,40.29,40.53,39.52,1310042,5402388324.53,1.82,2.56
2024-12-09,立讯精密,002475,39.85,40.23,39.29,39.52,39.85,425672,1705033837.67,0.59,-0.83
2024-12-06,立讯精密,002475,39.34,40.14,39.14,39.85,39.01,885410,3558019205.13,1.23,2.15
2024-12-05,立讯精密,002475,39.14,39.44,38.55,39.01,39.23,524039,2060728937.42,0.73,-0.56
2024-12-04,立讯精密,002475,39.99,40.14,38.97,39.23,39.95,571380,2269379054.87,0.79,-1.8
2024-12-03,立讯精密,002475,40.2,40.38,39.56,39.95,40.2,700547,2828060681.35,0.97,-0.62
2024-12-02,立讯精密,002475,38.83,40.49,38.82,40.2,38.32,1366204,5524834212.76,1.89,4.91
2024-11-29,立讯精密,002475,37.69,38.92,37.69,38.32,37.84,901146,3495824651.19,1.25,1.27
2024-11-28,立讯精密,002475,38.5,38.58,37.78,37.84,38.77,729523,2804772468.27,1.01,-2.4
2024-11-27,立讯精密,002475,36.67,39.14,36.54,38.77,36.8,1495365,5771038359.28,2.07,5.35
2024-11-26,立讯精密,002475,36.45,37.52,36.3,36.8,36.3,755554,2826202313.99,1.05,1.38
2024-11-25,立讯精密,002475,37.3,37.44,35.95,36.3,37.29,987550,3640404673.5,1.37,-2.65
2024-11-22,立讯精密,002475,38.64,39.27,37.24,37.29,38.87,902723,3483981189.53,1.25,-4.06
2024-11-21,立讯精密,002475,38.15,39.27,37.64,38.87,38.23,970589,3767308387.43,1.35,1.67
2024-11-20,立讯精密,002475,38.18,38.36,37.82,38.23,38.17,802781,3085803304.19,1.11,0.16
2024-11-19,立讯精密,002475,38.24,38.53,37.38,38.17,38.15,868379,3319633660.19,1.2,0.05
2024-11-18,立讯精密,002475,38.94,39.45,37.96,38.15,38.94,801792,3125441187.36,1.11,-2.03
2024-11-15,立讯精密,002475,39.54,39.96,38.94,38.94,39.74,770599,3071696125.07,1.07,-2.01
2024-11-14,立讯精密,002475,41.22,41.22,39.64,39.74,41.23,828706,3378252844.8,1.15,-3.61
2024-11-13,立讯精密,002475,40.64,41.32,40.14,41.23,41.18,1043251,4287516984.25,1.45,0.12
2024-11-12,立讯精密,002475,40.39,42.33,39.74,41.18,40.34,1991681,8259616975.25,2.76,2.08
2024-11-11,立讯精密,002475,39.66,40.46,39.15,40.34,39.94,1372196,5520264021.3,1.9,1.0
2024-11-08,立讯精密,002475,41.14,41.19,39.78,39.94,40.57,1270298,5178888518.73,1.76,-1.55
2024-11-07,立讯精密,002475,40.19,40.59,39.64,40.57,40.97,1459966,5888382813.87,2.02,-0.98
2024-11-06,立讯精密,002475,42.85,42.89,40.73,40.97,42.84,1870470,7817062351.69,2.59,-4.37
2024-11-05,立讯精密,002475,42.35,43.19,41.76,42.84,42.45,859137,3698184436.47,1.19,0.92
2024-11-04,立讯精密,002475,41.83,42.89,41.75,42.45,41.83,490870,2096422339.82,0.68,1.48
2024-11-01,立讯精密,002475,41.87,42.94,41.72,41.83,41.86,594388,2533553742.6,0.82,-0.07
2024-10-31,立讯精密,002475,42.62,42.83,41.55,41.86,42.62,758899,3220955107.1,1.05,-1.78
2024-10-30,立讯精密,002475,42.74,43.5,42.44,42.62,43.06,586563,2536235915.29,0.81,-1.02
2024-10-29,立讯精密,002475,43.27,44.04,42.86,43.06,43.27,656411,2873779547.7,0.91,-0.49
2024-10-28,立讯精密,002475,43.24,43.61,41.97,43.27,42.99,603622,2613416856.0,0.84,0.65
2024-10-25,立讯精密,002475,43.59,43.79,42.24,42.99,43.59,785824,3392614768.35,1.09,-1.38
2024-10-24,立讯精密,002475,44.14,44.2,43.26,43.59,44.85,732181,3219872263.1,1.02,-2.81
2024-10-23,立讯精密,002475,45.41,45.97,44.57,44.85,45.69,534754,2437777061.84,0.74,-1.84
2024-10-22,立讯精密,002475,45.06,46.63,44.06,45.69,45.06,665568,3045018324.86,0.92,1.4
2024-10-21,立讯精密,002475,44.51,46.79,43.55,45.06,44.09,1260193,5778409421.87,1.75,2.2
2024-10-18,立讯精密,002475,41.64,44.85,41.64,44.09,41.6,1222074,5381693425.86,1.7,5.99
2024-10-17,立讯精密,002475,41.96,42.73,41.59,41.6,41.95,542293,2303664924.04,0.75,-0.83
2024-10-16,立讯精密,002475,42.52,42.64,41.42,41.95,43.24,656478,2779632344.23,0.91,-2.98
2024-10-15,立讯精密,002475,43.63,44.64,42.94,43.24,43.63,729663,3228800891.05,1.01,-0.89
2024-10-14,立讯精密,002475,41.49,43.69,41.49,43.63,41.84,827991,3593805898.56,1.15,4.28
2024-10-11,立讯精密,002475,43.03,43.09,41.15,41.84,43.09,710843,3008618404.44,0.99,-2.9
2024-10-10,立讯精密,002475,41.74,44.33,41.74,43.09,41.72,1170367,5121025719.87,1.62,3.28
2024-10-09,立讯精密,002475,44.64,44.74,41.43,41.72,45.97,1501811,6533912049.87,2.08,-9.25
2024-10-08,立讯精密,002475,47.45,47.45,42.87,45.97,43.1,2046554,9363148070.82,2.84,6.66
2024-09-30,立讯精密,002475,41.64,43.59,40.65,43.1,40.12,1604892,6841666995.79,2.23,7.43
2024-09-27,立讯精密,002475,38.07,40.83,38.04,40.12,38.06,1205144,4810204420.19,1.68,5.41
2024-09-26,立讯精密,002475,38.04,38.34,36.99,38.06,38.1,1003994,3816399170.77,1.4,-0.1
2024-09-25,立讯精密,002475,38.97,39.33,37.92,38.1,38.41,678746,2654197117.39,0.94,-0.81
2024-09-24,立讯精密,002475,36.64,38.43,35.93,38.41,36.12,712381,2692513678.85,0.99,6.34
2024-09-23,立讯精密,002475,35.8,37.06,35.66,36.12,36.24,313803,1153690715.26,0.44,-0.33
2024-09-20,立讯精密,002475,35.8,36.63,35.66,36.24,35.42,604534,2213207425.5,0.84,2.32
2024-09-19,立讯精密,002475,35.55,35.8,35.09,35.42,35.54,441887,1584574838.87,0.61,-0.34
2024-09-18,立讯精密,002475,36.24,36.44,34.48,35.54,36.79,617626,2202235564.44,0.86,-3.4
2024-09-13,立讯精密,002475,36.12,37.52,35.97,36.79,36.13,483313,1802034490.53,0.67,1.83
2024-09-12,立讯精密,002475,35.85,36.42,35.45,36.13,35.78,375116,1362558039.38,0.52,0.98
2024-09-11,立讯精密,002475,36.02,36.32,35.45,35.78,36.15,316465,1144664789.85,0.44,-1.02
2024-09-10,立讯精密,002475,35.32,36.52,34.74,36.15,35.53,512348,1853396928.93,0.71,1.75
2024-09-09,立讯精密,002475,35.44,36.18,35.26,35.53,35.54,445378,1606088449.0,0.62,-0.03
2024-09-06,立讯精密,002475,36.85,36.87,35.54,35.54,36.87,542166,1966184557.17,0.75,-3.61
2024-09-05,立讯精密,002475,37.19,37.58,36.64,36.87,37.48,483297,1806366229.18,0.67,-1.63
2024-09-04,立讯精密,002475,37.44,37.64,36.14,37.48,38.27,651365,2430239363.96,0.91,-2.06
2024-09-03,立讯精密,002475,37.98,38.8,37.8,38.27,38.19,371640,1437278502.06,0.52,0.21
2024-09-02,立讯精密,002475,38.86,39.02,37.84,38.19,39.06,554869,2148528239.65,0.77,-2.23
2024-08-30,立讯精密,002475,36.7,39.74,36.7,39.06,36.87,1104549,4332383270.59,1.54,5.94
2024-08-29,立讯精密,002475,36.14,37.24,35.24,36.87,36.24,507891,1870534741.25,0.71,1.74
2024-08-28,立讯精密,002475,36.14,36.86,35.99,36.24,36.18,361179,1325186415.49,0.5,0.17
2024-08-27,立讯精密,002475,36.68,37.12,36.09,36.18,36.99,439291,1618481513.59,0.61,-2.19
2024-08-26,立讯精密,002475,37.56,37.64,36.16,36.99,37.53,713162,2655200552.17,0.99,-1.44
2024-08-23,立讯精密,002475,37.17,37.58,36.9,37.53,37.44,340666,1284706433.98,0.47,0.24
2024-08-22,立讯精密,002475,37.24,37.7,36.34,37.44,37.04,511122,1914992682.09,0.71,1.08
2024-08-21,立讯精密,002475,35.95,37.97,35.84,37.04,36.27,579365,2170789721.83,0.81,2.12
2024-08-20,立讯精密,002475,36.34,36.73,36.02,36.27,36.36,288549,1056238431.47,0.4,-0.25
2024-08-19,立讯精密,002475,37.1,37.4,36.24,36.36,36.68,356624,1319697290.27,0.5,-0.87
2024-08-16,立讯精密,002475,36.6,37.08,36.51,36.68,36.35,385970,1431879104.91,0.54,0.91
2024-08-15,立讯精密,002475,36.07,37.08,36.01,36.35,36.21,448947,1657492618.46,0.62,0.39
2024-08-14,立讯精密,002475,36.63,36.95,36.04,36.21,36.64,292338,1076515366.19,0.41,-1.17
2024-08-13,立讯精密,002475,35.94,36.96,35.94,36.64,36.07,381241,1404964638.99,0.53,1.58
2024-08-12,立讯精密,002475,35.84,36.6,35.72,36.07,35.97,323365,1180919202.87,0.45,0.28
2024-08-09,立讯精密,002475,35.5,36.52,35.43,35.97,35.16,528991,1927040758.06,0.74,2.3
2024-08-08,立讯精密,002475,34.55,35.63,34.05,35.16,34.72,507702,1796470398.7,0.71,1.27
2024-08-07,立讯精密,002475,34.84,35.29,34.48,34.72,35.03,333975,1175636337.09,0.46,-0.88
2024-08-06,立讯精密,002475,35.14,35.61,34.47,35.03,34.15,600476,2121263050.54,0.84,2.58
2024-08-05,立讯精密,002475,34.64,35.67,33.98,34.15,36.83,1310978,4589180289.89,1.82,-7.28
2024-08-02,立讯精密,002475,36.74,37.92,36.64,36.83,37.47,503031,1882352286.83,0.7,-1.71
2024-08-01,立讯精密,002475,38.63,38.74,37.44,37.47,37.87,501571,1915660369.27,0.7,-1.06
2024-07-31,立讯精密,002475,37.04,38.14,36.86,37.87,37.1,771015,2935218917.0,1.07,2.08
2024-07-30,立讯精密,002475,37.78,38.01,36.77,37.1,38.02,595108,2229260996.03,0.83,-2.42
2024-07-29,立讯精密,002475,37.56,39.02,37.08,38.02,37.56,740614,2851512370.11,1.03,1.22
2024-07-26,立讯精密,002475,36.51,37.74,36.24,37.56,36.73,734279,2758321201.03,1.02,2.26
2024-07-25,立讯精密,002475,36.94,37.4,35.76,36.73,37.52,761516,2803169140.25,1.06,-2.11
2024-07-24,立讯精密,002475,38.04,38.54,37.05,37.52,38.07,701532,2660422226.66,0.98,-1.44
2024-07-23,立讯精密,002475,39.38,39.52,37.92,38.07,39.36,703560,2726808397.11,0.98,-3.28
2024-07-22,立讯精密,002475,39.7,39.7,38.27,39.36,39.79,837781,3306643348.33,1.17,-1.08
2024-07-19,立讯精密,002475,39.36,40.6,39.33,39.79,40.59,918003,3684921261.35,1.28,-1.97
2024-07-18,立讯精密,002475,40.52,41.25,39.28,40.59,41.69,1040685,4211742715.58,1.45,-2.64
2024-07-17,立讯精密,002475,42.64,42.81,41.14,41.69,42.81,707182,2996429461.7,0.98,-2.62
2024-07-16,立讯精密,002475,40.97,42.94,40.94,42.81,40.63,911656,3874989349.53,1.27,5.37
2024-07-15,立讯精密,002475,40.7,41.02,39.99,40.63,40.56,474745,1942358326.09,0.66,0.17
2024-07-12,立讯精密,002475,40.04,40.93,39.83,40.56,41.42,680893,2772799717.95,0.95,-2.08
2024-07-11,立讯精密,002475,40.69,42.58,40.23,41.42,40.42,1052494,4391554900.46,1.46,2.47
2024-07-10,立讯精密,002475,40.73,41.07,40.16,40.42,40.73,748753,3085524885.51,1.04,-0.76
2024-07-09,立讯精密,002475,38.71,40.95,38.4,40.73,38.71,1142994,4665735421.42,1.59,5.22
2024-07-08,立讯精密,002475,38.09,39.0,37.84,38.71,38.07,782297,3064039455.5,1.09,1.68
2024-07-05,立讯精密,002475,38.34,38.4,37.23,38.07,38.2,673566,2583811836.0,0.94,-0.34
2024-07-04,立讯精密,002475,38.22,38.9,38.02,38.2,38.23,547281,2141164149.92,0.76,-0.08
2024-07-03,立讯精密,002475,38.43,39.12,37.96,38.23,38.43,526073,2051170079.95,0.73,-0.52
2024-07-02,立讯精密,002475,38.83,39.2,38.16,38.43,38.25,690653,2716509616.57,0.96,0.47
2024-07-01,立讯精密,002475,38.54,38.84,37.27,38.25,38.65,665489,2575664846.6,0.93,-1.03
2024-06-28,立讯精密,002475,37.84,39.21,37.59,38.65,38.19,933749,3667487400.12,1.3,1.2
2024-06-27,立讯精密,002475,37.44,39.56,37.35,38.19,37.54,1248712,4902288044.1,1.74,1.73
2024-06-26,立讯精密,002475,36.59,37.84,36.55,37.54,36.5,790073,2989094129.32,1.1,2.85
2024-06-25,立讯精密,002475,36.86,37.18,36.13,36.5,37.22,829362,3083180797.22,1.16,-1.93
2024-06-24,立讯精密,002475,36.89,38.27,36.82,37.22,37.06,1038281,3971924082.97,1.45,0.43
2024-06-21,立讯精密,002475,36.0,37.34,35.91,37.06,36.6,670559,2513337692.46,0.94,1.26
2024-06-20,立讯精密,002475,37.24,37.71,36.49,36.6,37.41,780781,2935429678.23,1.09,-2.17
2024-06-19,立讯精密,002475,37.21,37.84,36.74,37.41,37.33,969464,3678586917.35,1.35,0.21
2024-06-18,立讯精密,002475,37.11,37.62,36.16,37.33,36.34,1607076,6048554178.24,2.24,2.72
2024-06-17,立讯精密,002475,33.89,37.04,33.77,36.34,33.69,1616777,5878248629.8,2.26,7.87
2024-06-14,立讯精密,002475,32.54,34.03,32.5,33.69,32.57,1017630,3473393693.01,1.42,3.44
2024-06-13,立讯精密,002475,33.29,33.72,32.38,32.57,32.76,893483,3010452013.42,1.25,-0.58
2024-06-12,立讯精密,002475,32.92,33.34,32.53,32.76,31.12,1309099,4394573914.0,1.83,5.27
2024-06-11,立讯精密,002475,30.34,31.28,30.22,31.12,31.54,673572,2120334750.93,0.94,-1.33
2024-06-07,立讯精密,002475,32.4,32.44,31.19,31.54,32.44,777338,2507079747.84,1.08,-2.77
2024-06-06,立讯精密,002475,32.54,33.09,32.33,32.44,32.22,686927,2290997652.28,0.96,0.68
2024-06-05,立讯精密,002475,31.92,32.83,31.84,32.22,32.07,695648,2303493633.66,0.97,0.47
2024-06-04,立讯精密,002475,31.74,32.19,31.49,32.07,31.85,484441,1575657989.9,0.68,0.69
2024-06-03,立讯精密,002475,30.98,32.44,30.95,31.85,31.13,829834,2699177158.08,1.16,2.31
2024-05-31,立讯精密,002475,31.54,32.08,31.04,31.13,31.6,566361,1821116747.96,0.79,-1.49
2024-05-30,立讯精密,002475,30.36,32.09,30.17,31.6,30.52,772733,2487336940.18,1.08,3.54
2024-05-29,立讯精密,002475,30.61,30.83,30.13,30.52,30.45,431613,1342584227.52,0.6,0.23
2024-05-28,立讯精密,002475,31.09,31.1,30.34,30.45,31.23,616102,1926962938.07,0.86,-2.5
2024-05-27,立讯精密,002475,31.15,31.77,30.82,31.23,30.85,557846,1773904805.8,0.78,1.23
2024-05-24,立讯精密,002475,31.7,32.19,30.74,30.85,31.85,810327,2589338578.39,1.13,-3.14
2024-05-23,立讯精密,002475,31.94,32.29,31.55,31.85,32.2,495721,1612873100.06,0.69,-1.09
2024-05-22,立讯精密,002475,31.14,32.34,31.04,32.2,31.21,842653,2748987218.14,1.18,3.17
2024-05-21,立讯精密,002475,30.84,31.63,30.68,31.21,30.96,578895,1850377741.82,0.81,0.81
2024-05-20,立讯精密,002475,30.76,31.34,30.65,30.96,30.98,475298,1502283358.21,0.66,-0.06
2024-05-17,立讯精密,002475,30.88,31.29,30.74,30.98,31.1,525859,1665148626.08,0.73,-0.39
2024-05-16,立讯精密,002475,30.54,31.39,30.3,31.1,30.0,1017640,3222156376.54,1.42,3.67
2024-05-15,立讯精密,002475,30.34,30.63,29.94,30.0,30.42,419071,1293998460.81,0.59,-1.38
2024-05-14,立讯精密,002475,31.29,31.54,30.35,30.42,29.92,1074025,3383702906.42,1.5,1.67
2024-05-13,立讯精密,002475,28.73,30.29,28.64,29.92,28.84,873210,2657530498.23,1.22,3.74
2024-05-10,立讯精密,002475,29.19,29.3,28.51,28.84,29.16,514899,1515276799.59,0.72,-1.1
2024-05-09,立讯精密,002475,28.95,29.54,28.95,29.16,28.94,494090,1476124915.57,0.69,0.76
2024-05-08,立讯精密,002475,29.84,29.84,28.92,28.94,30.2,795330,2372896262.12,1.11,-4.17
2024-05-07,立讯精密,002475,30.03,30.6,29.9,30.2,30.33,581368,1797858074.91,0.81,-0.43
2024-05-06,立讯精密,002475,29.64,30.51,29.64,30.33,28.54,1415807,4362093786.25,1.98,6.27
2024-04-30,立讯精密,002475,29.1,29.29,28.48,28.54,29.17,637600,1877974568.8,0.89,-2.16
2024-04-29,立讯精密,002475,28.55,29.5,28.39,29.17,28.13,1210446,3595607197.67,1.69,3.7
2024-04-26,立讯精密,002475,27.88,28.43,27.74,28.13,27.88,830635,2386161534.87,1.16,0.9
2024-04-25,立讯精密,002475,27.48,28.56,27.48,27.88,27.01,1231137,3532718834.9,1.72,3.22
2024-04-24,立讯精密,002475,27.03,27.4,26.54,27.01,26.93,784690,2166209969.66,1.1,0.3
2024-04-23,立讯精密,002475,26.36,27.13,26.36,26.93,26.59,604693,1661766671.48,0.84,1.28
2024-04-22,立讯精密,002475,25.44,26.7,25.26,26.59,25.73,737068,1979564501.56,1.03,3.34
2024-04-19,立讯精密,002475,26.14,26.16,25.44,25.73,26.39,669953,1770229114.9,0.94,-2.5
2024-04-18,立讯精密,002475,26.42,26.7,25.87,26.39,26.62,700812,1888643492.85,0.98,-0.86
2024-04-17,立讯精密,002475,26.31,26.7,26.19,26.62,26.19,635635,1724587974.03,0.89,1.64
2024-04-16,立讯精密,002475,26.89,27.02,26.05,26.19,27.14,795446,2154982859.48,1.11,-3.5
2024-04-15,立讯精密,002475,27.17,27.42,26.85,27.14,27.16,574029,1596636434.4,0.8,-0.07
2024-04-12,立讯精密,002475,27.16,27.84,27.04,27.16,26.97,620059,1744261717.08,0.87,0.7
2024-04-11,立讯精密,002475,26.79,27.52,26.74,26.97,27.03,485402,1349239802.59,0.68,-0.22
2024-04-10,立讯精密,002475,27.71,27.72,26.79,27.03,27.79,613420,1702273475.69,0.86,-2.73
2024-04-09,立讯精密,002475,27.44,27.9,27.31,27.79,27.38,446407,1262310289.23,0.62,1.5
2024-04-08,立讯精密,002475,27.92,27.94,27.14,27.38,28.1,798312,2246027915.95,1.11,-2.56
2024-04-03,立讯精密,002475,27.99,28.56,27.79,28.1,27.98,688258,1984368702.53,0.96,0.43
2024-04-02,立讯精密,002475,29.01,29.09,27.73,27.98,29.01,1006560,2896339355.85,1.41,-3.55
2024-04-01,立讯精密,002475,29.14,29.34,28.76,29.01,28.75,624946,1856919377.2,0.87,0.9
2024-03-29,立讯精密,002475,28.85,29.1,28.22,28.75,29.09,688430,2013985448.91,0.96,-1.17
2024-03-28,立讯精密,002475,28.74,29.54,28.54,29.09,28.75,729429,2170592444.56,1.02,1.18
2024-03-27,立讯精密,002475,29.79,29.98,28.75,28.75,30.29,933051,2790902240.88,1.3,-5.08
2024-03-26,立讯精密,002475,29.34,30.63,29.33,30.29,29.81,1170034,3602634666.25,1.64,1.61
2024-03-25,立讯精密,002475,30.84,30.94,29.7,29.81,31.18,1574341,4852813285.49,2.2,-4.39
2024-03-22,立讯精密,002475,29.3,31.62,29.19,31.18,29.07,2392358,7459121640.25,3.34,7.26
2024-03-21,立讯精密,002475,29.4,29.69,28.94,29.07,28.99,1131200,3383200423.62,1.58,0.28
2024-03-20,立讯精密,002475,28.88,29.91,28.79,28.99,28.8,1777071,5320563307.96,2.48,0.66
2024-03-19,立讯精密,002475,27.44,29.24,27.29,28.8,27.38,2286726,6701403147.74,3.2,5.19
2024-03-18,立讯精密,002475,27.14,27.52,26.95,27.38,27.11,910107,2539839819.57,1.27,1.0
2024-03-15,立讯精密,002475,26.79,27.12,26.69,27.11,26.9,571640,1575093637.42,0.8,0.78
2024-03-14,立讯精密,002475,27.5,27.52,26.67,26.9,27.59,886458,2453006387.24,1.24,-2.5
2024-03-13,立讯精密,002475,27.83,27.98,27.53,27.59,27.83,614537,1743565051.51,0.86,-0.86
2024-03-12,立讯精密,002475,27.58,28.1,27.46,27.83,27.6,1031779,2932752550.73,1.44,0.83
2024-03-11,立讯精密,002475,26.7,27.64,26.41,27.6,26.9,1275929,3558325670.78,1.78,2.6
2024-03-08,立讯精密,002475,26.67,27.02,26.39,26.9,26.52,856905,2347920403.78,1.2,1.43
2024-03-07,立讯精密,002475,27.08,27.36,26.52,26.52,27.3,975541,2684561496.74,1.36,-2.86
2024-03-06,立讯精密,002475,27.09,28.02,26.64,27.3,27.53,1248213,3481125657.72,1.74,-0.84
2024-03-05,立讯精密,002475,27.0,27.83,26.79,27.53,27.35,1213815,3400763490.93,1.7,0.66
2024-03-04,立讯精密,002475,27.92,28.16,27.0,27.35,27.68,1165900,3272789948.85,1.63,-1.19
2024-03-01,立讯精密,002475,26.79,27.78,26.64,27.68,26.92,1378964,3858537358.81,1.93,2.82
2024-02-29,立讯精密,002475,26.24,27.0,26.1,26.92,26.51,1213736,3316658334.07,1.7,1.55
2024-02-28,立讯精密,002475,27.46,27.93,26.51,26.51,27.45,1288688,3577996983.13,1.8,-3.42
2024-02-27,立讯精密,002475,26.49,27.45,26.39,27.45,26.77,1109042,3064076548.34,1.55,2.54
2024-02-26,立讯精密,002475,26.41,27.2,26.05,26.77,26.5,1021540,2778574238.63,1.43,1.02
2024-02-23,立讯精密,002475,26.84,26.92,26.08,26.5,26.94,1044899,2824126846.9,1.46,-1.63
2024-02-22,立讯精密,002475,26.82,27.0,26.42,26.94,26.81,605720,1659768549.67,0.85,0.48
2024-02-21,立讯精密,002475,26.0,27.22,25.84,26.81,26.32,865388,2372792197.23,1.21,1.86
2024-02-20,立讯精密,002475,26.53,26.63,25.62,26.32,26.83,1116352,2980169056.33,1.56,-1.9
2024-02-19,立讯精密,002475,28.14,28.32,26.35,26.83,28.28,1282920,3545870084.23,1.79,-5.13
2024-02-08,立讯精密,002475,27.84,28.74,27.74,28.28,27.57,613292,1781272197.65,0.86,2.58
2024-02-07,立讯精密,002475,27.58,27.99,27.3,27.57,27.56,633852,1791035761.96,0.89,0.04
2024-02-06,立讯精密,002475,25.88,27.6,25.84,27.56,26.32,805153,2236373339.88,1.13,4.71
2024-02-05,立讯精密,002475,24.98,27.0,24.64,26.32,24.97,950974,2507389707.85,1.33,5.41
2024-02-02,立讯精密,002475,25.16,25.79,24.22,24.97,25.19,617107,1590845567.11,0.86,-0.87
2024-02-01,立讯精密,002475,24.81,25.58,24.4,25.19,24.83,543421,1397901938.22,0.76,1.45
2024-01-31,立讯精密,002475,25.79,25.79,24.54,24.83,25.86,848554,2171478153.45,1.19,-3.98
2024-01-30,立讯精密,002475,26.36,26.64,25.79,25.86,26.5,415766,1112621827.51,0.58,-2.42
2024-01-29,立讯精密,002475,27.16,27.26,26.42,26.5,27.16,583463,1596066872.11,0.82,-2.43
2024-01-26,立讯精密,002475,28.34,28.4,26.94,27.16,28.47,917752,2572233224.31,1.28,-4.6
2024-01-25,立讯精密,002475,28.34,28.63,27.95,28.47,28.39,518524,1504726631.35,0.73,0.28
2024-01-24,立讯精密,002475,28.63,28.83,27.58,28.39,28.61,495900,1422758883.17,0.69,-0.77
2024-01-23,立讯精密,002475,28.26,28.82,27.9,28.61,28.27,552578,1603952894.16,0.77,1.2
2024-01-22,立讯精密,002475,29.07,29.28,27.92,28.27,28.68,542092,1589908870.15,0.76,-1.43
2024-01-19,立讯精密,002475,27.87,28.92,27.85,28.68,28.06,553321,1620327537.31,0.77,2.21
2024-01-18,立讯精密,002475,27.54,28.14,27.09,28.06,27.74,649723,1828744329.39,0.91,1.15
2024-01-17,立讯精密,002475,29.54,29.54,27.74,27.74,29.63,980522,2836256308.16,1.37,-6.38
2024-01-16,立讯精密,002475,29.74,29.94,29.27,29.63,30.02,477491,1442796232.04,0.67,-1.3
2024-01-15,立讯精密,002475,29.69,30.24,29.37,30.02,29.94,372874,1137104936.89,0.52,0.27
2024-01-12,立讯精密,002475,30.35,30.43,29.66,29.94,30.64,561662,1719490145.79,0.79,-2.28
2024-01-11,立讯精密,002475,30.34,30.8,29.97,30.64,30.56,529658,1647592779.03,0.74,0.26
2024-01-10,立讯精密,002475,30.8,30.86,30.31,30.56,30.8,385054,1200801470.43,0.54,-0.78
2024-01-09,立讯精密,002475,30.89,31.64,30.61,30.8,30.67,370694,1174568317.7,0.52,0.42
2024-01-08,立讯精密,002475,31.8,31.99,30.64,30.67,31.84,427173,1352044404.56,0.6,-3.67
2024-01-05,立讯精密,002475,32.14,32.67,31.54,31.84,31.84,386303,1265820915.38,0.54,0.0
2024-01-04,立讯精密,002475,31.94,32.14,31.51,31.84,32.01,377648,1223579710.97,0.53,-0.53
2024-01-03,立讯精密,002475,33.03,33.27,31.75,32.01,33.32,770369,2534226472.63,1.08,-3.93
2024-01-02,立讯精密,002475,33.78,34.3,33.29,33.32,33.79,471353,1615427567.9,0.66,-1.39
2023-12-29,立讯精密,002475,32.54,34.19,32.48,33.79,32.54,802966,2760421409.34,1.12,3.84
2023-12-28,立讯精密,002475,32.09,33.0,31.98,32.54,31.95,494463,1645968950.85,0.69,1.85
2023-12-27,立讯精密,002475,31.54,32.08,31.44,31.95,31.59,316410,1028648309.78,0.44,1.14
2023-12-26,立讯精密,002475,32.06,32.06,31.2,31.59,32.13,269431,866548717.07,0.38,-1.68
2023-12-25,立讯精密,002475,31.59,32.19,31.53,32.13,31.69,273648,894426793.3,0.38,1.39
2023-12-22,立讯精密,002475,31.84,32.28,31.53,31.69,31.92,331809,1078313738.7,0.46,-0.72
2023-12-21,立讯精密,002475,31.84,32.16,31.48,31.92,32.01,434355,1410450753.64,0.61,-0.28
2023-12-20,立讯精密,002475,31.84,32.39,31.67,32.01,31.84,549919,1804514363.73,0.77,0.53
2023-12-19,立讯精密,002475,31.34,32.1,30.52,31.84,31.29,506914,1636253411.32,0.71,1.76
2023-12-18,立讯精密,002475,31.07,31.56,30.93,31.29,31.07,438980,1404492590.63,0.62,0.71
2023-12-15,立讯精密,002475,31.02,31.89,30.96,31.07,30.83,498781,1596585133.85,0.7,0.78
2023-12-14,立讯精密,002475,31.34,31.47,30.75,30.83,31.12,326317,1035244483.05,0.46,-0.93
2023-12-13,立讯精密,002475,31.24,31.65,31.1,31.12,31.34,358850,1149019049.51,0.5,-0.7
2023-12-12,立讯精密,002475,30.65,31.49,30.56,31.34,30.77,547642,1747130711.63,0.77,1.85
2023-12-11,立讯精密,002475,29.97,30.87,29.85,30.77,30.23,424961,1316841300.98,0.6,1.79
2023-12-08,立讯精密,002475,29.25,30.55,29.25,30.23,29.25,558848,1716984751.54,0.78,3.35
2023-12-07,立讯精密,002475,29.44,29.57,29.04,29.25,29.63,410809,1229911883.13,0.58,-1.28
2023-12-06,立讯精密,002475,29.64,29.89,29.25,29.63,29.74,466012,1406142086.53,0.65,-0.37
2023-12-05,立讯精密,002475,30.09,30.33,29.71,29.74,30.33,350328,1072489554.69,0.49,-1.95
2023-12-04,立讯精密,002475,30.78,30.79,29.9,30.33,30.7,347656,1077716756.43,0.49,-1.21
2023-12-01,立讯精密,002475,31.0,31.16,30.47,30.7,31.17,376406,1182195788.02,0.53,-1.51
2023-11-30,立讯精密,002475,30.99,31.27,30.64,31.17,31.14,331525,1052938214.38,0.46,0.1
2023-11-29,立讯精密,002475,31.19,31.32,30.94,31.14,31.08,326690,1039652636.74,0.46,0.19
2023-11-28,立讯精密,002475,31.02,31.29,30.74,31.08,31.03,418550,1326495104.87,0.59,0.16
2023-11-27,立讯精密,002475,30.81,31.24,30.48,31.03,30.4,698712,2205796250.24,0.98,2.07
2023-11-24,立讯精密,002475,30.07,30.57,29.67,30.4,30.23,489933,1510203704.76,0.69,0.56
2023-11-23,立讯精密,002475,29.44,30.35,29.16,30.23,29.52,623931,1903571957.6,0.87,2.41
2023-11-22,立讯精密,002475,30.06,30.11,29.37,29.52,30.05,587979,1780282069.11,0.82,-1.76
2023-11-21,立讯精密,002475,30.52,30.64,29.97,30.05,30.49,602260,1864001620.16,0.84,-1.44
2023-11-20,立讯精密,002475,31.23,31.24,30.34,30.49,31.24,759780,2380148876.17,1.06,-2.4
2023-11-17,立讯精密,002475,31.58,31.84,30.95,31.24,31.65,497332,1586325469.13,0.7,-1.3
2023-11-16,立讯精密,002475,31.82,32.07,31.58,31.65,32.01,462622,1500274609.46,0.65,-1.12
2023-11-15,立讯精密,002475,31.63,32.01,31.34,32.01,31.23,619306,2005621269.57,0.87,2.5
2023-11-14,立讯精密,002475,31.44,31.52,30.99,31.23,31.36,441069,1405186275.26,0.62,-0.41
2023-11-13,立讯精密,002475,31.86,32.14,31.25,31.36,31.75,433838,1392150901.6,0.61,-1.23
2023-11-10,立讯精密,002475,31.33,31.84,31.05,31.75,31.26,522544,1681882972.8,0.73,1.57
2023-11-09,立讯精密,002475,31.82,31.93,31.12,31.26,31.94,615435,1970399124.86,0.86,-2.13
2023-11-08,立讯精密,002475,32.11,32.22,31.65,31.94,32.19,621176,2023443978.3,0.87,-0.78
2023-11-07,立讯精密,002475,32.52,32.86,31.89,32.19,32.64,745149,2444559439.94,1.04,-1.38
2023-11-06,立讯精密,002475,31.84,33.24,31.82,32.64,31.34,930732,3091646818.25,1.3,4.15
2023-11-03,立讯精密,002475,30.82,31.8,30.5,31.34,30.86,608302,1946215476.54,0.85,1.56
2023-11-02,立讯精密,002475,31.71,31.77,30.84,30.86,31.58,469896,1496646582.48,0.66,-2.28
2023-11-01,立讯精密,002475,32.1,32.22,31.39,31.58,32.11,468035,1512923498.3,0.66,-1.65
2023-10-31,立讯精密,002475,33.12,33.26,31.92,32.11,33.12,659282,2178889778.81,0.92,-3.05
2023-10-30,立讯精密,002475,31.34,33.77,31.26,33.12,31.34,1060007,3543995572.43,1.49,5.68
2023-10-27,立讯精密,002475,30.44,31.56,30.14,31.34,30.56,550193,1748141931.87,0.77,2.55
2023-10-26,立讯精密,002475,30.5,30.64,29.86,30.56,30.5,396293,1226116018.43,0.56,0.2
2023-10-25,立讯精密,002475,30.94,31.23,30.43,30.5,30.68,466013,1461234603.81,0.65,-0.59
2023-10-24,立讯精密,002475,31.5,31.56,29.83,30.68,30.96,649795,2029341963.76,0.91,-0.9
2023-10-23,立讯精密,002475,31.24,31.56,29.54,30.96,30.05,722288,2274398492.76,1.01,3.03
2023-10-20,立讯精密,002475,30.13,30.69,29.88,30.05,30.35,262339,809457494.62,0.37,-0.99
2023-10-19,立讯精密,002475,30.78,31.15,30.27,30.35,31.04,423082,1323251546.71,0.59,-2.22
2023-10-18,立讯精密,002475,31.26,31.34,30.44,31.04,30.99,284799,900465024.38,0.4,0.16
2023-10-17,立讯精密,002475,31.13,31.27,30.74,30.99,31.16,368706,1165668021.65,0.52,-0.55
2023-10-16,立讯精密,002475,31.31,31.37,30.53,31.16,31.29,381568,1211127381.7,0.53,-0.42
2023-10-13,立讯精密,002475,31.44,32.02,31.0,31.29,31.44,387539,1243743785.02,0.54,-0.48
2023-10-12,立讯精密,002475,31.54,31.64,31.19,31.44,31.16,361501,1158660262.81,0.51,0.9
2023-10-11,立讯精密,002475,30.34,31.24,30.34,31.16,30.3,556298,1759988778.52,0.78,2.84
2023-10-10,立讯精密,002475,30.55,30.84,30.22,30.3,30.55,382172,1188594521.73,0.54,-0.82
2023-10-09,立讯精密,002475,29.12,30.92,28.64,30.55,29.16,650723,1992239148.51,0.91,4.77
2023-09-28,立讯精密,002475,29.48,29.59,28.98,29.16,29.27,291611,869976883.49,0.41,-0.38
2023-09-27,立讯精密,002475,28.85,29.49,28.84,29.27,29.03,300319,898080729.04,0.42,0.83
2023-09-26,立讯精密,002475,29.27,29.52,28.94,29.03,29.26,282697,842595285.18,0.4,-0.79
2023-09-25,立讯精密,002475,29.49,29.84,29.19,29.26,29.49,309745,932896818.91,0.44,-0.78
2023-09-22,立讯精密,002475,28.37,29.54,28.0,29.49,28.24,619655,1846289252.99,0.87,4.43
2023-09-21,立讯精密,002475,28.35,28.63,28.15,28.24,28.55,266298,771662330.39,0.37,-1.09
2023-09-20,立讯精密,002475,28.58,28.85,28.44,28.55,28.59,239728,703008140.14,0.34,-0.14
2023-09-19,立讯精密,002475,28.59,28.89,28.36,28.59,28.59,319312,933816177.62,0.45,0.0
2023-09-18,立讯精密,002475,27.65,29.15,27.59,28.59,27.84,620478,1820066004.57,0.87,2.69
2023-09-15,立讯精密,002475,28.04,28.29,27.56,27.84,28.03,526787,1500284750.23,0.74,-0.68
2023-09-14,立讯精密,002475,28.63,28.7,28.02,28.03,28.34,494211,1429823582.28,0.69,-1.09
2023-09-13,立讯精密,002475,28.94,29.25,28.2,28.34,29.59,689962,2015768247.45,0.97,-4.22
2023-09-12,立讯精密,002475,29.12,29.69,28.91,29.59,29.19,503205,1512891233.28,0.71,1.37
2023-09-11,立讯精密,002475,28.51,29.44,27.84,29.19,28.69,771184,2276264135.0,1.08,1.74
2023-09-08,立讯精密,002475,28.84,29.14,28.23,28.69,29.28,651885,1902536215.62,0.92,-2.02
2023-09-07,立讯精密,002475,30.04,30.04,28.14,29.28,30.58,1259718,3740235683.35,1.77,-4.25
2023-09-06,立讯精密,002475,30.61,30.72,30.05,30.58,30.66,397711,1237450810.16,0.56,-0.26
2023-09-05,立讯精密,002475,32.38,32.44,30.46,30.66,32.47,915975,2901934089.26,1.29,-5.57
2023-09-04,立讯精密,002475,32.22,32.66,32.04,32.47,32.04,388970,1284768349.84,0.55,1.34
2023-09-01,立讯精密,002475,32.47,32.58,31.84,32.04,32.34,252200,828312340.43,0.35,-0.93
2023-08-31,立讯精密,002475,32.24,32.44,31.84,32.34,32.24,396283,1301641365.59,0.56,0.31
2023-08-30,立讯精密,002475,32.04,32.94,32.04,32.24,31.73,612803,2031951229.15,0.86,1.61
2023-08-29,立讯精密,002475,31.17,32.32,31.0,31.73,31.4,767478,2486578805.38,1.08,1.05
2023-08-28,立讯精密,002475,32.93,32.93,31.12,31.4,30.34,628660,2033021851.78,0.88,3.49
2023-08-25,立讯精密,002475,30.45,30.79,29.97,30.34,30.79,319078,989199898.99,0.45,-1.46
2023-08-24,立讯精密,002475,30.8,31.4,30.55,30.79,30.48,526265,1668216277.44,0.74,1.02
2023-08-23,立讯精密,002475,30.89,31.04,30.34,30.48,31.05,397445,1244168011.95,0.56,-1.84
2023-08-22,立讯精密,002475,29.94,31.44,29.56,31.05,29.67,581937,1812296291.71,0.82,4.65
2023-08-21,立讯精密,002475,30.36,30.49,29.65,29.67,30.35,415482,1271154507.57,0.58,-2.24
2023-08-18,立讯精密,002475,31.18,31.22,30.34,30.35,31.2,436751,1370024265.26,0.61,-2.72
2023-08-17,立讯精密,002475,31.03,31.31,30.59,31.2,31.18,433662,1371932959.67,0.61,0.06
2023-08-16,立讯精密,002475,31.66,31.82,31.05,31.18,31.84,433187,1382530716.1,0.61,-2.07
2023-08-15,立讯精密,002475,32.34,32.69,31.44,31.84,31.89,422185,1377674102.71,0.59,-0.16
2023-08-14,立讯精密,002475,32.01,32.34,31.24,31.89,32.44,701656,2270142220.44,0.99,-1.7
2023-08-11,立讯精密,002475,33.59,33.64,32.34,32.44,33.33,493598,1652252574.58,0.69,-2.67
2023-08-10,立讯精密,002475,33.37,33.71,33.07,33.33,33.52,345246,1171896099.84,0.48,-0.57
2023-08-09,立讯精密,002475,33.94,34.06,33.14,33.52,34.16,374495,1280822662.86,0.53,-1.87
2023-08-08,立讯精密,002475,33.41,34.92,33.4,34.16,33.47,757845,2642767648.79,1.06,2.06
2023-08-07,立讯精密,002475,32.71,33.72,32.27,33.47,33.08,498211,1687684145.34,0.7,1.18
2023-08-04,立讯精密,002475,33.15,33.82,32.92,33.08,33.17,383774,1299698434.47,0.54,-0.27
2023-08-03,立讯精密,002475,32.39,34.23,32.39,33.17,32.69,740960,2526765257.06,1.04,1.47
2023-08-02,立讯精密,002475,32.37,33.11,32.26,32.69,32.59,415192,1386553978.45,0.58,0.31
2023-08-01,立讯精密,002475,31.69,33.09,31.28,32.59,31.66,867631,2869497196.33,1.22,2.94
2023-07-31,立讯精密,002475,30.99,32.14,30.99,31.66,31.16,687805,2219041701.75,0.97,1.6
2023-07-28,立讯精密,002475,30.66,31.38,30.49,31.16,30.7,509157,1611712018.55,0.72,1.5
2023-07-27,立讯精密,002475,31.39,31.56,30.55,30.7,31.41,587807,1851412560.32,0.83,-2.26
2023-07-26,立讯精密,002475,31.14,31.62,30.74,31.41,31.4,419852,1339344924.07,0.59,0.03
2023-07-25,立讯精密,002475,31.99,32.24,31.26,31.4,31.37,547524,1765608317.83,0.77,0.1
2023-07-24,立讯精密,002475,31.19,31.98,30.91,31.37,31.35,357110,1149487810.08,0.5,0.06
2023-07-21,立讯精密,002475,31.7,31.84,31.04,31.35,31.71,571251,1829495915.09,0.8,-1.14
2023-07-20,立讯精密,002475,33.09,33.28,31.58,31.71,32.9,745446,2441432082.65,1.05,-3.62
2023-07-19,立讯精密,002475,33.24,33.74,32.57,32.9,33.68,632829,2122759898.71,0.89,-2.32
2023-07-18,立讯精密,002475,33.74,34.66,33.27,33.68,33.4,719886,2488542060.16,1.01,0.84
2023-07-17,立讯精密,002475,33.53,34.54,33.34,33.4,33.51,715498,2476979933.26,1.0,-0.33
2023-07-14,立讯精密,002475,33.69,34.17,33.34,33.51,33.76,530700,1822575142.95,0.75,-0.74
2023-07-13,立讯精密,002475,32.29,34.03,32.25,33.76,32.09,893639,3043283615.79,1.26,5.2
2023-07-12,立讯精密,002475,32.47,32.88,31.97,32.09,32.58,418709,1383017985.17,0.59,-1.5
2023-07-11,立讯精密,002475,32.15,32.81,32.04,32.58,31.99,483946,1605051509.48,0.68,1.84
2023-07-10,立讯精密,002475,32.55,32.84,31.82,31.99,32.65,581552,1907192526.11,0.82,-2.02
2023-07-07,立讯精密,002475,32.59,32.93,32.03,32.65,32.59,445792,1478959731.31,0.63,0.18
2023-07-06,立讯精密,002475,32.72,33.08,32.05,32.59,33.03,868299,2878623770.07,1.22,-1.33
2023-07-05,立讯精密,002475,33.34,33.54,32.73,33.03,33.35,627263,2118216765.67,0.88,-0.96
2023-07-04,立讯精密,002475,32.46,33.71,32.23,33.35,33.02,970045,3288509283.67,1.36,1.0
2023-07-03,立讯精密,002475,32.29,33.87,32.29,33.02,31.79,2016506,6819137229.51,2.83,3.87
2023-06-30,立讯精密,002475,32.17,33.27,31.64,31.79,31.75,1203428,3948270607.91,1.69,0.13
2023-06-29,立讯精密,002475,29.55,32.24,29.55,31.75,29.82,1441239,4581219561.38,2.02,6.47
2023-06-28,立讯精密,002475,30.73,30.73,29.34,29.82,30.8,879052,2680994866.79,1.23,-3.18
2023-06-27,立讯精密,002475,29.62,31.06,29.06,30.8,29.69,1098381,3406357381.71,1.54,3.74
2023-06-26,立讯精密,002475,29.34,30.54,29.01,29.69,29.74,844996,2576616447.99,1.19,-0.17
2023-06-21,立讯精密,002475,31.14,31.27,29.74,29.74,30.92,963942,2995535999.25,1.35,-3.82
2023-06-20,立讯精密,002475,30.02,31.42,29.95,30.92,29.23,2269568,7154680435.04,3.19,5.78
2023-06-19,立讯精密,002475,28.9,29.44,28.72,29.23,28.98,780326,2320365209.33,1.1,0.86
2023-06-16,立讯精密,002475,27.76,29.08,27.65,28.98,27.74,1186493,3473898200.76,1.67,4.47
2023-06-15,立讯精密,002475,27.99,28.1,27.37,27.74,27.85,480264,1362376866.02,0.67,-0.39
2023-06-14,立讯精密,002475,28.13,28.7,27.68,27.85,27.97,698169,2016667835.6,0.98,-0.43
2023-06-13,立讯精密,002475,26.68,28.09,26.67,27.97,26.7,937382,2648929590.33,1.32,4.76
2023-06-12,立讯精密,002475,26.46,27.09,26.39,26.7,26.39,670198,1851458730.95,0.94,1.17
2023-06-09,立讯精密,002475,26.5,26.69,25.75,26.39,26.62,593895,1604610772.93,0.83,-0.86
2023-06-08,立讯精密,002475,26.39,26.78,25.99,26.62,26.37,577658,1572717665.7,0.81,0.95
2023-06-07,立讯精密,002475,25.56,26.96,25.56,26.37,25.48,1086759,2966631520.2,1.53,3.49
2023-06-06,立讯精密,002475,26.92,27.0,25.36,25.48,27.56,1403288,3739193182.63,1.97,-7.55
2023-06-05,立讯精密,002475,27.99,28.01,27.42,27.56,28.0,560345,1588795790.75,0.79,-1.57
2023-06-02,立讯精密,002475,28.2,28.43,27.59,28.0,27.71,949423,2730744865.2,1.33,1.05
2023-06-01,立讯精密,002475,26.52,28.09,26.48,27.71,26.51,1201978,3409847552.57,1.69,4.53
2023-05-31,立讯精密,002475,26.8,27.05,26.36,26.51,26.86,475608,1304723226.06,0.67,-1.3
2023-05-30,立讯精密,002475,26.47,26.87,26.06,26.86,26.56,469580,1279682124.84,0.66,1.13
2023-05-29,立讯精密,002475,26.81,27.0,26.41,26.56,26.66,325512,893284635.95,0.46,-0.38
2023-05-26,立讯精密,002475,26.84,26.88,26.28,26.66,26.89,345479,945119936.62,0.49,-0.86
2023-05-25,立讯精密,002475,26.95,27.17,26.61,26.89,27.05,334230,923412146.27,0.47,-0.59
2023-05-24,立讯精密,002475,26.65,27.39,26.53,27.05,26.87,442263,1228687279.08,0.62,0.67
2023-05-23,立讯精密,002475,26.99,27.33,26.74,26.87,27.06,370066,1029441730.0,0.52,-0.7
2023-05-22,立讯精密,002475,27.31,27.64,26.85,27.06,27.33,503078,1405825422.35,0.71,-0.99
2023-05-19,立讯精密,002475,27.51,27.74,26.99,27.33,26.71,967382,2726628895.89,1.36,2.32
2023-05-18,立讯精密,002475,26.87,27.35,26.62,26.71,26.88,681207,1887691293.41,0.96,-0.63
2023-05-17,立讯精密,002475,26.2,27.01,26.09,26.88,26.07,839291,2306203165.75,1.18,3.11
2023-05-16,立讯精密,002475,26.59,26.71,25.87,26.07,26.01,641277,1732748689.96,0.9,0.23
2023-05-15,立讯精密,002475,25.63,26.06,25.36,26.01,25.59,539800,1433526688.55,0.76,1.64
2023-05-12,立讯精密,002475,25.6,25.74,25.36,25.59,25.74,380448,1002049048.13,0.53,-0.58
2023-05-11,立讯精密,002475,25.81,26.18,25.59,25.74,25.81,488514,1303248279.87,0.69,-0.27
2023-05-10,立讯精密,002475,25.36,25.86,25.11,25.81,25.6,652148,1714785501.05,0.92,0.82
2023-05-09,立讯精密,002475,24.82,26.09,24.48,25.6,24.81,970378,2553638576.38,1.36,3.18
2023-05-08,立讯精密,002475,25.21,25.25,24.67,24.81,25.05,506523,1299730136.73,0.71,-0.96
2023-05-05,立讯精密,002475,24.83,25.12,24.59,25.05,24.83,534810,1372848061.57,0.75,0.89
2023-05-04,立讯精密,002475,25.26,25.28,24.7,24.83,25.31,589504,1511944170.03,0.83,-1.9
2023-04-28,立讯精密,002475,25.41,25.95,24.99,25.31,24.36,1072721,2807247070.89,1.51,3.9
2023-04-27,立讯精密,002475,25.58,25.59,24.21,24.36,25.85,1401279,3557987821.46,1.97,-5.76
2023-04-26,立讯精密,002475,25.26,26.49,25.24,25.85,25.23,726717,1928541083.84,1.02,2.46
2023-04-25,立讯精密,002475,26.11,26.26,24.97,25.23,26.21,820436,2143373764.4,1.15,-3.74
2023-04-24,立讯精密,002475,26.93,27.05,26.04,26.21,26.93,822201,2243541318.32,1.16,-2.67
2023-04-21,立讯精密,002475,28.1,28.46,26.83,26.93,27.83,757593,2130821182.61,1.06,-3.23
2023-04-20,立讯精密,002475,28.13,28.4,27.6,27.83,28.08,505491,1449773835.05,0.71,-0.89
2023-04-19,立讯精密,002475,28.71,28.78,27.93,28.08,28.74,550958,1598894250.24,0.77,-2.3
2023-04-18,立讯精密,002475,28.51,28.96,28.3,28.74,28.9,412440,1213885093.92,0.58,-0.55
2023-04-17,立讯精密,002475,29.61,29.61,28.69,28.9,29.78,728515,2165731387.01,1.02,-2.96
2023-04-14,立讯精密,002475,29.82,29.96,29.38,29.78,29.74,417883,1271956855.93,0.59,0.13
2023-04-13,立讯精密,002475,30.97,31.18,29.64,29.74,31.23,754106,2338427016.19,1.06,-4.77
2023-04-12,立讯精密,002475,30.27,31.31,30.27,31.23,29.67,1206194,3838895426.35,1.69,5.26
2023-04-11,立讯精密,002475,29.42,30.06,29.29,29.67,29.94,438224,1334579505.0,0.62,-0.9
2023-04-10,立讯精密,002475,30.31,31.17,29.72,29.94,30.31,620843,1939299568.19,0.87,-1.22
2023-04-07,立讯精密,002475,30.34,30.86,30.11,30.31,30.51,468841,1461850645.35,0.66,-0.66
2023-04-06,立讯精密,002475,29.61,31.16,29.48,30.51,29.98,836330,2603834023.23,1.17,1.77
2023-04-04,立讯精密,002475,29.81,30.28,29.66,29.98,29.79,669319,2057747172.31,0.94,0.64
2023-04-03,立讯精密,002475,29.52,29.93,29.4,29.79,29.52,516530,1573829487.9,0.73,0.91
2023-03-31,立讯精密,002475,29.21,29.75,29.01,29.52,29.66,414670,1255259237.58,0.58,-0.47
2023-03-30,立讯精密,002475,29.95,30.2,29.06,29.66,29.41,482366,1463980198.99,0.68,0.85
2023-03-29,立讯精密,002475,29.37,29.86,29.21,29.41,28.98,521265,1579515101.97,0.73,1.48
2023-03-28,立讯精密,002475,30.1,30.19,28.84,28.98,30.21,818462,2467551589.88,1.15,-4.07
2023-03-27,立讯精密,002475,30.51,31.11,29.71,30.21,30.51,1025544,3196310534.19,1.44,-0.98
2023-03-24,立讯精密,002475,29.09,30.72,29.04,30.51,28.54,1789399,5549377089.12,2.52,6.9
2023-03-23,立讯精密,002475,28.01,29.06,27.86,28.54,28.07,770091,2264227048.93,1.08,1.67
2023-03-22,立讯精密,002475,27.46,28.17,27.32,28.07,27.45,497796,1429756583.74,0.7,2.26
2023-03-21,立讯精密,002475,27.21,27.45,26.92,27.45,27.11,364743,1023531145.67,0.51,1.25
2023-03-20,立讯精密,002475,26.81,27.5,26.41,27.11,26.8,659259,1837050925.45,0.93,1.16
2023-03-17,立讯精密,002475,27.22,27.53,26.71,26.8,26.93,447194,1246831834.72,0.63,-0.48
2023-03-16,立讯精密,002475,27.66,27.86,26.89,26.93,27.95,529271,1482057452.14,0.74,-3.65
2023-03-15,立讯精密,002475,27.71,28.49,27.64,27.95,27.54,460083,1328237466.49,0.65,1.49
2023-03-14,立讯精密,002475,28.01,28.05,27.01,27.54,28.01,564230,1591612181.62,0.79,-1.68
2023-03-13,立讯精密,002475,27.89,28.14,27.64,28.01,28.01,341557,979840338.28,0.48,0.0
2023-03-10,立讯精密,002475,28.21,28.41,27.96,28.01,28.49,346353,1000956367.85,0.49,-1.68
2023-03-09,立讯精密,002475,28.41,28.63,28.14,28.49,28.34,303626,887301114.47,0.43,0.53
2023-03-08,立讯精密,002475,28.32,28.46,28.16,28.34,28.54,347282,1010086199.86,0.49,-0.7
2023-03-07,立讯精密,002475,29.13,29.18,28.41,28.54,29.22,408459,1207538295.14,0.57,-2.33
2023-03-06,立讯精密,002475,29.46,29.53,29.01,29.22,29.46,350003,1049562871.45,0.49,-0.81
2023-03-03,立讯精密,002475,29.86,29.99,29.21,29.46,29.72,386984,1169336592.2,0.54,-0.87
2023-03-02,立讯精密,002475,30.01,30.16,29.67,29.72,30.11,318177,974643529.02,0.45,-1.3
2023-03-01,立讯精密,002475,29.23,30.14,29.16,30.11,29.15,610366,1868432208.41,0.86,3.29
2023-02-28,立讯精密,002475,29.19,29.71,28.96,29.15,29.21,459716,1380752212.83,0.65,-0.21
2023-02-27,立讯精密,002475,30.2,30.37,29.01,29.21,30.21,786452,2371225006.29,1.11,-3.31
2023-02-24,立讯精密,002475,30.99,30.99,30.06,30.21,30.92,436739,1359347215.65,0.61,-2.3
2023-02-23,立讯精密,002475,29.99,31.51,29.89,30.92,29.97,724184,2291784242.9,1.02,3.17
2023-02-22,立讯精密,002475,30.32,30.41,29.57,29.97,30.67,502283,1541871538.73,0.71,-2.28
2023-02-21,立讯精密,002475,30.48,31.01,30.35,30.67,30.51,345133,1083399604.46,0.49,0.52
2023-02-20,立讯精密,002475,30.81,30.96,29.54,30.51,30.96,722956,2243960416.89,1.02,-1.45
2023-02-17,立讯精密,002475,32.24,32.59,30.89,30.96,32.24,462611,1496019421.36,0.65,-3.97
2023-02-16,立讯精密,002475,32.42,33.21,31.98,32.24,32.44,568233,1902036708.1,0.8,-0.62
2023-02-15,立讯精密,002475,32.24,32.81,32.09,32.44,32.19,352092,1169086275.32,0.5,0.78
2023-02-14,立讯精密,002475,32.17,32.31,31.9,32.19,32.17,326355,1073433695.95,0.46,0.06
2023-02-13,立讯精密,002475,30.98,32.23,30.94,32.17,31.34,550977,1799988142.15,0.78,2.65
2023-02-10,立讯精密,002475,31.51,31.76,31.19,31.34,31.65,300568,967718329.63,0.42,-0.98
2023-02-09,立讯精密,002475,30.69,31.69,30.64,31.65,30.82,443298,1427874206.55,0.62,2.69
2023-02-08,立讯精密,002475,31.02,31.36,30.66,30.82,30.95,336209,1064595804.87,0.47,-0.42
2023-02-07,立讯精密,002475,31.3,31.44,30.81,30.95,31.13,352354,1120617697.82,0.5,-0.58
2023-02-06,立讯精密,002475,31.49,31.77,30.86,31.13,31.99,569379,1820977251.46,0.8,-2.69
2023-02-03,立讯精密,002475,31.72,32.28,31.1,31.99,31.84,483323,1568488778.76,0.68,0.47
2023-02-02,立讯精密,002475,32.34,32.69,31.82,31.84,32.32,395146,1298848209.99,0.56,-1.49
2023-02-01,立讯精密,002475,31.7,32.42,31.47,32.32,31.69,489896,1605961375.34,0.69,1.99
2023-01-31,立讯精密,002475,31.87,32.19,31.42,31.69,31.85,357127,1162534725.25,0.5,-0.5
2023-01-30,立讯精密,002475,31.24,32.5,31.11,31.85,30.3,966296,3156136459.82,1.36,5.12
2023-01-20,立讯精密,002475,30.28,30.64,30.11,30.3,30.21,305868,951760938.88,0.43,0.3
2023-01-19,立讯精密,002475,30.01,30.3,29.73,30.21,30.01,280394,865731785.15,0.39,0.67
2023-01-18,立讯精密,002475,30.2,30.37,29.93,30.01,30.25,337018,1041884365.95,0.47,-0.79
2023-01-17,立讯精密,002475,29.0,30.51,28.88,30.25,28.99,750353,2320152767.99,1.06,4.35
2023-01-16,立讯精密,002475,28.27,29.39,28.24,28.99,28.45,705386,2097452009.61,0.99,1.9
2023-01-13,立讯精密,002475,28.64,28.79,28.15,28.45,28.67,361666,1055345418.38,0.51,-0.77
2023-01-12,立讯精密,002475,28.7,28.92,28.34,28.67,28.57,293879,863995293.72,0.41,0.35
2023-01-11,立讯精密,002475,28.87,29.31,28.57,28.57,28.86,397905,1177362625.45,0.56,-1.0
2023-01-10,立讯精密,002475,28.36,29.12,27.92,28.86,28.3,611756,1797812205.79,0.86,1.98
2023-01-09,立讯精密,002475,28.04,28.49,28.04,28.3,28.06,574215,1669552658.05,0.81,0.86
2023-01-06,立讯精密,002475,27.96,28.4,27.58,28.06,28.61,911004,2621224435.66,1.28,-1.92
2023-01-05,立讯精密,002475,28.27,28.63,27.58,28.61,27.58,1475814,4280210207.26,2.08,3.73
2023-01-04,立讯精密,002475,30.41,30.43,27.58,27.58,30.73,1820306,5267043589.41,2.56,-10.25
2023-01-03,立讯精密,002475,30.84,31.33,30.17,30.73,30.96,425836,1343981752.12,0.6,-0.74
2022-12-30,立讯精密,002475,31.53,31.64,30.93,30.96,31.28,291321,930866794.91,0.41,-1.02
2022-12-29,立讯精密,002475,30.91,31.71,30.82,31.28,31.07,340996,1096063901.17,0.48,0.68
2022-12-28,立讯精密,002475,31.27,31.76,31.05,31.07,31.51,319946,1025738616.06,0.45,-1.4
2022-12-27,立讯精密,002475,31.42,31.71,30.83,31.51,31.1,308028,987985887.21,0.43,1.32
2022-12-26,立讯精密,002475,30.67,32.0,30.62,31.1,30.67,369590,1189507443.99,0.52,1.4
2022-12-23,立讯精密,002475,30.61,31.04,30.33,30.67,30.83,238791,751981308.11,0.34,-0.52
2022-12-22,立讯精密,002475,30.03,31.31,29.62,30.83,29.73,638174,2016941921.13,0.9,3.7
2022-12-21,立讯精密,002475,29.73,30.32,29.61,29.73,29.62,273906,840815704.31,0.39,0.37
2022-12-20,立讯精密,002475,30.09,30.46,29.5,29.62,30.13,446414,1366409056.98,0.63,-1.69
2022-12-19,立讯精密,002475,30.7,31.19,30.06,30.13,30.92,286062,894886582.8,0.4,-2.55
2022-12-16,立讯精密,002475,30.73,30.97,30.14,30.92,30.98,333921,1048378240.8,0.47,-0.19
2022-12-15,立讯精密,002475,30.75,31.81,30.69,30.98,30.74,320514,1025556052.74,0.45,0.78
2022-12-14,立讯精密,002475,31.16,31.36,30.71,30.74,30.97,318028,1011549609.27,0.45,-0.74
2022-12-13,立讯精密,002475,31.81,31.93,30.91,30.97,32.01,394366,1266540122.59,0.56,-3.25
2022-12-12,立讯精密,002475,30.88,32.27,30.62,32.01,31.16,688199,2244024919.76,0.97,2.73
2022-12-09,立讯精密,002475,30.88,31.21,30.52,31.16,30.85,369961,1174150869.43,0.52,1.0
2022-12-08,立讯精密,002475,31.26,31.46,30.72,30.85,31.26,369243,1171918943.84,0.52,-1.31
2022-12-07,立讯精密,002475,30.84,31.71,30.71,31.26,30.83,615270,1967178080.63,0.87,1.39
2022-12-06,立讯精密,002475,29.35,31.35,29.17,30.83,29.37,1102644,3452048168.11,1.56,4.97
2022-12-05,立讯精密,002475,29.58,30.0,29.01,29.37,29.86,997154,3001313390.1,1.41,-1.64
2022-12-02,立讯精密,002475,30.26,30.41,29.82,29.86,30.26,420408,1297346980.57,0.59,-1.32
2022-12-01,立讯精密,002475,30.71,31.3,30.09,30.26,30.12,658692,2069793393.43,0.93,0.46
2022-11-30,立讯精密,002475,30.23,30.55,29.73,30.12,30.56,559430,1724251621.54,0.79,-1.44
2022-11-29,立讯精密,002475,30.18,30.63,29.91,30.56,29.94,440905,1370488446.41,0.62,2.07
2022-11-28,立讯精密,002475,29.41,30.29,29.21,29.94,30.6,428322,1312826509.87,0.6,-2.16
2022-11-25,立讯精密,002475,30.88,31.56,30.6,30.6,30.88,451779,1435658559.51,0.64,-0.91
2022-11-24,立讯精密,002475,31.66,32.01,30.73,30.88,31.34,360965,1149834819.38,0.51,-1.47
2022-11-23,立讯精密,002475,31.53,31.85,30.93,31.34,31.78,332195,1066316626.83,0.47,-1.38
2022-11-22,立讯精密,002475,31.75,32.26,31.42,31.78,31.88,318961,1039771315.73,0.45,-0.31
2022-11-21,立讯精密,002475,31.43,31.99,31.06,31.88,31.83,388125,1255301986.97,0.55,0.16
2022-11-18,立讯精密,002475,32.6,32.6,31.71,31.83,32.46,590866,1937120935.7,0.83,-1.94
2022-11-17,立讯精密,002475,32.71,32.71,31.53,32.46,32.79,489461,1607918062.47,0.69,-1.01
2022-11-16,立讯精密,002475,33.21,33.27,32.39,32.79,33.38,603505,2026582003.33,0.85,-1.77
2022-11-15,立讯精密,002475,30.81,33.66,30.71,33.38,30.95,1139336,3799950720.82,1.61,7.85
2022-11-14,立讯精密,002475,30.92,31.61,30.78,30.95,30.64,628989,2011954076.32,0.89,1.01
2022-11-11,立讯精密,002475,30.71,31.0,30.33,30.64,29.64,867437,2732133840.06,1.22,3.37
2022-11-10,立讯精密,002475,30.71,30.71,28.78,29.64,31.29,1336793,4056213730.75,1.89,-5.27
2022-11-09,立讯精密,002475,32.7,32.7,31.01,31.29,31.22,1101968,3575789000.98,1.55,0.22
2022-11-08,立讯精密,002475,31.43,31.98,30.81,31.22,31.6,590108,1889355490.77,0.83,-1.2
2022-11-07,立讯精密,002475,32.22,32.33,31.11,31.6,30.99,686452,2229004950.91,0.97,1.97
2022-11-04,立讯精密,002475,29.81,31.46,29.71,30.99,29.71,749412,2371825936.68,1.06,4.31
2022-11-03,立讯精密,002475,29.15,30.16,29.01,29.71,29.71,698163,2131449138.8,0.99,0.0
2022-11-02,立讯精密,002475,29.69,30.31,29.41,29.71,28.69,1036972,3187421885.09,1.46,3.56
2022-11-01,立讯精密,002475,27.76,28.77,27.3,28.69,27.71,963118,2783123220.02,1.36,3.54
2022-10-31,立讯精密,002475,27.37,28.49,26.96,27.71,25.84,1298804,3710962841.49,1.83,7.24
2022-10-28,立讯精密,002475,26.62,27.0,25.7,25.84,27.12,637543,1719442708.09,0.9,-4.72
2022-10-27,立讯精密,002475,27.23,27.71,26.96,27.12,27.21,446974,1254918399.36,0.63,-0.33
2022-10-26,立讯精密,002475,26.91,27.66,26.53,27.21,26.79,489117,1368930134.24,0.69,1.57
2022-10-25,立讯精密,002475,27.21,27.36,26.62,26.79,26.81,488427,1356437528.2,0.69,-0.07
2022-10-24,立讯精密,002475,27.6,28.16,26.42,26.81,27.6,670214,1874898712.3,0.95,-2.86
2022-10-21,立讯精密,002475,28.31,28.38,27.46,27.6,28.31,501614,1431398354.67,0.71,-2.51
2022-10-20,立讯精密,002475,28.37,28.88,27.69,28.31,28.4,526013,1532639782.48,0.74,-0.32
2022-10-19,立讯精密,002475,28.68,29.02,28.21,28.4,28.98,424175,1244448153.96,0.6,-2.0
2022-10-18,立讯精密,002475,30.01,30.34,28.94,28.98,29.71,477149,1434073991.16,0.67,-2.46
2022-10-17,立讯精密,002475,28.33,29.83,28.27,29.71,28.8,504533,1515650079.64,0.71,3.16
2022-10-14,立讯精密,002475,28.11,29.05,27.84,28.8,27.74,684468,2003397505.27,0.97,3.82
2022-10-13,立讯精密,002475,27.58,28.29,27.45,27.74,27.83,614416,1760857989.95,0.87,-0.32
2022-10-12,立讯精密,002475,27.01,27.85,26.71,27.83,26.96,575227,1612529134.43,0.81,3.23
2022-10-11,立讯精密,002475,27.21,27.41,26.61,26.96,27.21,492267,1367309413.14,0.69,-0.92
2022-10-10,立讯精密,002475,28.61,28.71,27.16,27.21,28.61,616025,1749510558.45,0.87,-4.89
2022-09-30,立讯精密,002475,29.11,29.43,28.33,28.61,29.52,657095,1942384189.57,0.93,-3.08
2022-09-29,立讯精密,002475,30.31,30.34,29.26,29.52,29.77,491531,1494639157.23,0.69,-0.84
2022-09-28,立讯精密,002475,30.71,30.85,29.73,29.77,31.11,588677,1819122284.84,0.83,-4.31
2022-09-27,立讯精密,002475,30.89,31.13,30.3,31.11,30.89,500850,1583383149.12,0.71,0.71
2022-09-26,立讯精密,002475,30.76,31.59,30.71,30.89,31.1,396170,1260423624.99,0.56,-0.68
2022-09-23,立讯精密,002475,31.45,31.87,30.74,31.1,31.38,458586,1467247943.58,0.65,-0.89
2022-09-22,立讯精密,002475,31.64,32.0,31.24,31.38,32.01,530831,1714009100.48,0.75,-1.97
2022-09-21,立讯精密,002475,32.38,32.83,31.71,32.01,32.71,601709,1976826229.38,0.85,-2.14
2022-09-20,立讯精密,002475,33.41,33.63,31.71,32.71,33.03,551697,1835410237.49,0.78,-0.97
2022-09-19,立讯精密,002475,33.01,33.2,31.89,33.03,33.39,696581,2327419859.12,0.98,-1.08
2022-09-16,立讯精密,002475,33.71,34.33,33.22,33.39,34.12,430673,1484574138.38,0.61,-2.14
2022-09-15,立讯精密,002475,34.71,34.86,33.49,34.12,34.67,458015,1595518058.02,0.65,-1.59
2022-09-14,立讯精密,002475,35.16,35.39,34.61,34.67,35.98,522276,1865408122.0,0.74,-3.64
2022-09-13,立讯精密,002475,36.31,37.41,35.92,35.98,35.45,754753,2823968551.4,1.07,1.5
2022-09-09,立讯精密,002475,35.39,35.71,34.5,35.45,35.49,444468,1602313086.42,0.63,-0.11
2022-09-08,立讯精密,002475,35.81,36.3,34.97,35.49,35.54,550720,1996457722.99,0.78,-0.14
2022-09-07,立讯精密,002475,35.97,36.18,35.31,35.54,36.05,751996,2738722217.69,1.06,-1.41
2022-09-06,立讯精密,002475,37.04,37.2,35.72,36.05,37.16,665667,2458648205.24,0.94,-2.99
2022-09-05,立讯精密,002475,36.99,37.49,35.98,37.16,37.11,428988,1619278129.3,0.61,0.13
2022-09-02,立讯精密,002475,35.4,37.76,35.15,37.11,35.11,659449,2469619210.48,0.93,5.7
2022-09-01,立讯精密,002475,36.61,37.07,35.11,35.11,36.73,572005,2088163637.84,0.81,-4.41
2022-08-31,立讯精密,002475,36.71,37.29,36.11,36.73,37.04,531052,1993519213.02,0.75,-0.84
2022-08-30,立讯精密,002475,37.86,37.87,36.21,37.04,37.84,546988,2063400821.02,0.77,-2.11
2022-08-29,立讯精密,002475,37.26,38.82,37.03,37.84,37.91,641453,2484184645.69,0.91,-0.18
2022-08-26,立讯精密,002475,39.09,39.41,37.69,37.91,36.91,1473256,5806570578.16,2.08,2.71
2022-08-25,立讯精密,002475,36.27,37.21,35.8,36.91,35.86,615124,2298835980.0,0.87,2.93
2022-08-24,立讯精密,002475,37.3,37.5,35.7,35.86,37.58,651393,2414163596.04,0.92,-4.58
2022-08-23,立讯精密,002475,37.59,38.08,37.01,37.58,37.59,583536,2228988730.92,0.82,-0.03
2022-08-22,立讯精密,002475,36.41,39.16,36.16,37.59,36.61,945840,3663496747.3,1.34,2.68
2022-08-19,立讯精密,002475,37.43,38.01,36.54,36.61,37.44,486645,1841054677.72,0.69,-2.22
2022-08-18,立讯精密,002475,37.31,38.11,36.95,37.44,37.63,632259,2419328247.76,0.89,-0.5
2022-08-17,立讯精密,002475,36.07,38.31,35.25,37.63,35.84,1038908,3946662671.1,1.47,4.99
2022-08-16,立讯精密,002475,36.13,36.92,35.46,35.84,36.5,795398,2921371062.68,1.12,-1.81
2022-08-15,立讯精密,002475,36.37,37.73,36.01,36.5,36.17,902291,3409527897.2,1.28,0.91
2022-08-12,立讯精密,002475,36.91,37.49,36.11,36.17,37.37,901155,3376003907.62,1.27,-3.21
2022-08-11,立讯精密,002475,34.69,37.37,34.43,37.37,33.9,1485392,5515564568.09,2.1,10.24
2022-08-10,立讯精密,002475,34.26,34.86,33.69,33.9,34.59,407577,1425698243.8,0.58,-1.99
2022-08-09,立讯精密,002475,34.21,34.88,34.04,34.59,34.72,484894,1708301369.07,0.69,-0.37
2022-08-08,立讯精密,002475,33.75,35.51,33.75,34.72,33.93,765234,2718643648.73,1.08,2.33
2022-08-05,立讯精密,002475,33.77,34.36,33.17,33.93,33.79,617019,2137491693.68,0.87,0.41
2022-08-04,立讯精密,002475,33.25,34.22,33.03,33.79,32.88,569503,1961552787.51,0.8,2.77
2022-08-03,立讯精密,002475,33.9,34.59,32.61,32.88,33.89,704274,2419355234.07,1.0,-2.98
2022-08-02,立讯精密,002475,34.44,34.81,33.71,33.89,35.16,884814,3095057421.88,1.25,-3.61
2022-08-01,立讯精密,002475,33.17,35.64,32.41,35.16,33.16,1369138,4874906244.31,1.94,6.03
2022-07-29,立讯精密,002475,32.62,33.78,32.29,33.16,32.74,1144514,3896869616.37,1.62,1.28
2022-07-28,立讯精密,002475,30.16,33.15,30.16,32.74,30.07,1776892,5869650977.06,2.51,8.88
2022-07-27,立讯精密,002475,30.11,30.57,30.0,30.07,30.27,307494,951186248.09,0.43,-0.66
2022-07-26,立讯精密,002475,30.22,30.34,29.63,30.27,30.01,366645,1131516152.99,0.52,0.87
2022-07-25,立讯精密,002475,30.38,30.51,29.91,30.01,30.38,303776,936910388.1,0.43,-1.22
2022-07-22,立讯精密,002475,31.19,31.21,29.98,30.38,31.12,631748,1973507410.44,0.89,-2.38
2022-07-21,立讯精密,002475,30.97,31.78,30.71,31.12,31.17,509400,1636365038.48,0.72,-0.16
2022-07-20,立讯精密,002475,31.84,32.33,31.02,31.17,31.63,584871,1890094469.62,0.83,-1.45
2022-07-19,立讯精密,002475,31.1,31.81,30.91,31.63,31.71,620512,1990652161.42,0.88,-0.25
2022-07-18,立讯精密,002475,32.23,32.56,30.71,31.71,32.21,747200,2411136611.65,1.06,-1.55
2022-07-15,立讯精密,002475,31.87,33.26,31.27,32.21,31.86,666925,2222294331.24,0.94,1.1
2022-07-14,立讯精密,002475,31.68,32.32,31.06,31.86,31.78,446881,1459753629.85,0.63,0.25
2022-07-13,立讯精密,002475,32.39,32.89,31.5,31.78,32.5,591889,1933452459.88,0.84,-2.22
2022-07-12,立讯精密,002475,32.72,32.94,32.2,32.5,32.71,576969,1930055908.05,0.82,-0.64
2022-07-11,立讯精密,002475,33.57,33.68,32.4,32.71,33.74,789848,2668239568.0,1.12,-3.05
2022-07-08,立讯精密,002475,31.6,34.18,31.6,33.74,31.46,1883853,6518988544.0,2.66,7.25
2022-07-07,立讯精密,002475,29.9,31.83,29.0,31.46,29.96,1354986,4296353280.0,1.92,5.01
2022-07-06,立讯精密,002475,30.21,30.5,29.78,29.96,30.21,767287,2377586992.0,1.08,-0.83
2022-07-05,立讯精密,002475,31.59,31.59,29.9,30.21,31.7,1579462,4934890240.0,2.23,-4.7
2022-07-04,立讯精密,002475,32.6,32.63,31.51,31.7,33.21,1047002,3429975792.0,1.48,-4.55
2022-07-01,立讯精密,002475,33.01,34.07,32.81,33.21,32.89,778271,2669508928.0,1.1,0.97
2022-06-30,立讯精密,002475,31.7,33.19,31.69,32.89,31.82,707648,2372040976.0,1.0,3.36
2022-06-29,立讯精密,002475,33.18,33.36,31.78,31.82,33.2,777861,2596823696.0,1.1,-4.16
2022-06-28,立讯精密,002475,31.91,33.25,31.62,33.2,32.03,959198,3190650576.0,1.36,3.65
2022-06-27,立讯精密,002475,31.5,32.26,31.08,32.03,31.51,919850,2996901376.0,1.3,1.65
2022-06-24,立讯精密,002475,31.43,32.1,31.26,31.51,31.25,797554,2592745216.0,1.13,0.83
2022-06-23,立讯精密,002475,31.1,31.32,30.45,31.25,31.23,936925,2980189728.0,1.32,0.06
2022-06-22,立讯精密,002475,32.99,33.14,30.31,31.23,32.98,1420872,4567269888.0,2.01,-5.31
2022-06-21,立讯精密,002475,32.41,33.58,32.26,32.98,32.29,805407,2732917600.0,1.14,2.14
2022-06-20,立讯精密,002475,32.5,32.82,31.62,32.29,32.37,726050,2401590688.0,1.03,-0.25
2022-06-17,立讯精密,002475,31.96,32.88,31.81,32.37,32.38,702590,2339778464.0,0.99,-0.03
2022-06-16,立讯精密,002475,32.43,32.98,32.19,32.38,32.18,503610,1686339136.0,0.71,0.62
2022-06-15,立讯精密,002475,32.2,33.22,31.72,32.18,32.15,715983,2384782672.0,1.01,0.09
2022-06-14,立讯精密,002475,32.3,32.3,30.99,32.15,32.45,677974,2194200192.0,0.96,-0.92
2022-06-13,立讯精密,002475,32.71,33.2,32.15,32.45,33.28,551007,1836027360.0,0.78,-2.49
2022-06-10,立讯精密,002475,32.6,33.41,31.93,33.28,32.72,554690,1874907808.0,0.78,1.71
2022-06-09,立讯精密,002475,34.3,34.3,32.6,32.72,34.34,817041,2779719088.0,1.15,-4.72
2022-06-08,立讯精密,002475,33.87,34.87,33.65,34.34,34.04,622298,2189040320.0,0.88,0.88
2022-06-07,立讯精密,002475,34.26,35.1,33.71,34.04,34.9,731458,2569737760.0,1.03,-2.46
2022-06-06,立讯精密,002475,34.11,35.66,33.92,34.9,32.6,1279159,4562465536.0,1.81,7.06
2022-06-02,立讯精密,002475,31.68,32.78,31.54,32.6,31.89,651218,2167676816.0,0.92,2.23
2022-06-01,立讯精密,002475,32.6,32.9,31.7,31.89,32.91,746974,2466518208.0,1.06,-3.1
2022-05-31,立讯精密,002475,30.39,33.1,29.81,32.91,30.1,1240837,4082647520.0,1.75,9.34
2022-05-30,立讯精密,002475,30.24,30.49,29.6,30.1,30.16,379371,1173305200.0,0.54,-0.2
2022-05-27,立讯精密,002475,30.47,30.75,29.87,30.16,29.7,701100,2190509488.0,0.99,1.55
2022-05-26,立讯精密,002475,28.37,30.65,27.63,29.7,28.37,1007808,3061831456.0,1.42,4.69
2022-05-25,立讯精密,002475,28.16,28.59,27.84,28.37,28.16,396721,1151994320.0,0.56,0.75
2022-05-24,立讯精密,002475,29.42,30.08,28.1,28.16,29.45,649746,1942727600.0,0.92,-4.38
2022-05-23,立讯精密,002475,29.95,30.23,29.07,29.45,30.09,519699,1575978688.0,0.73,-2.13
2022-05-20,立讯精密,002475,30.08,30.4,29.28,30.09,29.48,633461,1955812368.0,0.89,2.07
2022-05-19,立讯精密,002475,28.81,29.52,28.76,29.48,29.43,353945,1065844656.0,0.5,0.17
2022-05-18,立讯精密,002475,29.6,29.86,29.0,29.43,29.58,410637,1244772352.0,0.58,-0.51
2022-05-17,立讯精密,002475,28.9,29.66,28.7,29.58,28.85,485413,1463437968.0,0.69,2.53
2022-05-16,立讯精密,002475,29.71,30.35,28.6,28.85,29.33,504911,1520940000.0,0.71,-1.64
2022-05-13,立讯精密,002475,29.6,29.76,28.85,29.33,29.44,380441,1145754064.0,0.54,-0.37
2022-05-12,立讯精密,002475,29.4,29.89,29.0,29.44,29.71,531641,1610081536.0,0.75,-0.91
2022-05-11,立讯精密,002475,28.46,31.0,28.46,29.71,28.1,1129875,3488354768.0,1.6,5.73
2022-05-10,立讯精密,002475,26.86,28.29,26.3,28.1,27.39,603903,1730364416.0,0.85,2.59
2022-05-09,立讯精密,002475,28.02,28.19,27.15,27.39,28.28,487905,1388524784.0,0.69,-3.15
2022-05-06,立讯精密,002475,28.15,28.72,27.8,28.28,28.95,362871,1055316576.0,0.51,-2.31
2022-05-05,立讯精密,002475,30.6,30.6,28.88,28.95,29.98,647347,1963378000.0,0.91,-3.44
2022-04-29,立讯精密,002475,28.52,30.29,28.02,29.98,28.49,957451,2891651584.0,1.35,5.23
2022-04-28,立讯精密,002475,27.98,28.8,27.03,28.49,26.84,937659,2713866000.0,1.32,6.15
2022-04-27,立讯精密,002475,24.92,26.9,24.71,26.84,25.15,742372,2004841488.0,1.05,6.72
2022-04-26,立讯精密,002475,25.95,26.57,24.98,25.15,25.93,651187,1729263296.0,0.92,-3.01
2022-04-25,立讯精密,002475,27.57,27.6,25.68,25.93,28.1,701378,1919939328.0,0.99,-7.72
2022-04-22,立讯精密,002475,28.31,28.52,27.43,28.1,28.29,589167,1704233360.0,0.83,-0.67
2022-04-21,立讯精密,002475,27.73,29.09,27.58,28.29,27.8,794134,2346070096.0,1.12,1.76
2022-04-20,立讯精密,002475,28.2,28.43,27.71,27.8,28.15,375595,1089481152.0,0.53,-1.24
2022-04-19,立讯精密,002475,29.0,29.0,27.92,28.15,29.16,578442,1690636640.0,0.82,-3.46
2022-04-18,立讯精密,002475,28.22,29.35,27.9,29.16,28.32,511027,1524068240.0,0.72,2.97
2022-04-15,立讯精密,002475,27.4,28.58,27.28,28.32,27.8,516606,1501485728.0,0.73,1.87
2022-04-14,立讯精密,002475,27.74,28.09,27.27,27.8,27.33,480468,1373653664.0,0.68,1.72
2022-04-13,立讯精密,002475,27.77,27.86,27.12,27.33,27.98,386584,1097877440.0,0.55,-2.32
2022-04-12,立讯精密,002475,27.51,28.03,26.95,27.98,26.95,685628,1947835088.0,0.97,3.82
2022-04-11,立讯精密,002475,28.38,28.52,26.9,26.95,28.44,735957,2071080416.0,1.04,-5.24
2022-04-08,立讯精密,002475,29.43,29.48,28.2,28.44,29.18,611762,1797615536.0,0.86,-2.54
2022-04-07,立讯精密,002475,29.2,29.72,29.02,29.18,29.32,474293,1435411376.0,0.67,-0.48
2022-04-06,立讯精密,002475,30.44,30.48,29.02,29.32,30.4,753534,2290681440.0,1.06,-3.55
2022-04-01,立讯精密,002475,30.79,30.88,30.21,30.4,30.8,491136,1541628768.0,0.69,-1.3
2022-03-31,立讯精密,002475,31.55,31.62,30.63,30.8,31.52,484207,1540344144.0,0.68,-2.28
2022-03-30,立讯精密,002475,30.16,31.6,30.16,31.52,29.85,828596,2659781696.0,1.17,5.59
2022-03-29,立讯精密,002475,32.25,32.29,29.55,29.85,31.85,1226813,3842475552.0,1.73,-6.28
2022-03-28,立讯精密,002475,32.15,32.76,31.71,31.85,32.69,455146,1499204864.0,0.64,-2.57
2022-03-25,立讯精密,002475,33.8,33.9,32.62,32.69,33.49,428324,1457460640.0,0.61,-2.39
2022-03-24,立讯精密,002475,33.91,34.05,33.4,33.49,34.29,379443,1307474912.0,0.54,-2.33
2022-03-23,立讯精密,002475,34.19,34.47,33.53,34.29,34.02,392651,1374670448.0,0.56,0.79
2022-03-22,立讯精密,002475,34.19,34.6,33.82,34.02,34.19,374368,1312526304.0,0.53,-0.5
2022-03-21,立讯精密,002475,35.31,35.38,33.91,34.19,34.0,597397,2119151312.0,0.84,0.56
2022-03-18,立讯精密,002475,33.57,34.79,33.31,34.0,33.8,565198,1977068688.0,0.8,0.59
2022-03-17,立讯精密,002475,34.1,34.6,33.25,33.8,33.22,945832,3299889664.0,1.34,1.75
2022-03-16,立讯精密,002475,33.56,33.7,30.88,33.22,32.8,1318992,4392113664.0,1.87,1.28
2022-03-15,立讯精密,002475,33.41,34.2,32.2,32.8,33.4,851185,2903290720.0,1.2,-1.8
2022-03-14,立讯精密,002475,34.71,34.8,33.38,33.4,34.9,594462,2074905712.0,0.84,-4.3
2022-03-11,立讯精密,002475,35.27,35.45,33.6,34.9,36.26,1089742,3844937472.0,1.54,-3.75
2022-03-10,立讯精密,002475,37.58,38.0,36.22,36.26,36.55,767955,2905309280.0,1.09,-0.79
2022-03-09,立讯精密,002475,36.06,36.83,34.51,36.55,36.02,729207,2695890864.0,1.03,1.47
2022-03-08,立讯精密,002475,35.45,36.9,34.63,36.02,35.26,885414,3255845584.0,1.25,2.16
2022-03-07,立讯精密,002475,36.4,36.56,34.98,35.26,37.37,782867,2865992720.0,1.11,-5.65
2022-03-04,立讯精密,002475,37.6,38.46,36.87,37.37,38.13,668224,2562826000.0,0.94,-1.99
2022-03-03,立讯精密,002475,40.15,40.25,37.62,38.13,39.99,853643,3344824432.0,1.21,-4.65
2022-03-02,立讯精密,002475,41.88,41.96,39.6,39.99,42.1,680141,2793589648.0,0.96,-5.01
2022-03-01,立讯精密,002475,42.03,42.55,41.23,42.1,42.53,336497,1438814672.0,0.48,-1.01
2022-02-28,立讯精密,002475,42.04,43.02,41.82,42.53,42.37,303238,1309472912.0,0.43,0.38
2022-02-25,立讯精密,002475,42.1,43.4,42.1,42.37,41.71,429935,1877171120.0,0.61,1.58
2022-02-24,立讯精密,002475,42.22,42.69,41.0,41.71,42.1,430802,1841649776.0,0.61,-0.93
2022-02-23,立讯精密,002475,40.88,42.43,40.88,42.1,40.71,482180,2062516640.0,0.68,3.41
2022-02-22,立讯精密,002475,40.3,40.84,38.62,40.71,42.01,903503,3687237904.0,1.28,-3.09
2022-02-21,立讯精密,002475,42.26,42.55,41.6,42.01,42.65,347820,1490337744.0,0.49,-1.5
2022-02-18,立讯精密,002475,42.98,43.18,42.2,42.65,43.39,288207,1251922848.0,0.41,-1.71
2022-02-17,立讯精密,002475,43.05,43.75,42.31,43.39,43.16,422534,1863177680.0,0.6,0.53
2022-02-16,立讯精密,002475,44.7,44.9,43.0,43.16,44.47,572240,2546173776.0,0.81,-2.95
2022-02-15,立讯精密,002475,41.02,44.49,40.98,44.47,41.0,860573,3824428336.0,1.22,8.46
2022-02-14,立讯精密,002475,40.92,42.8,40.5,41.0,40.15,877453,3730040288.0,1.24,2.12
2022-02-11,立讯精密,002475,42.47,42.47,40.01,40.15,42.81,827354,3458274320.0,1.17,-6.21
2022-02-10,立讯精密,002475,42.9,44.3,42.54,42.81,42.93,424861,1877566992.0,0.6,-0.28
2022-02-09,立讯精密,002475,42.3,43.34,41.66,42.93,42.35,579749,2524768240.0,0.82,1.37
2022-02-08,立讯精密,002475,45.29,45.5,40.95,42.35,45.6,1149743,4935569920.0,1.63,-7.13
2022-02-07,立讯精密,002475,46.5,46.59,43.76,45.6,45.76,535843,2470849040.0,0.76,-0.35
2022-01-28,立讯精密,002475,46.04,47.3,44.76,45.76,45.39,547357,2577842336.0,0.77,0.82
2022-01-27,立讯精密,002475,46.9,47.5,45.25,45.39,47.09,534463,2522121872.0,0.76,-3.61
2022-01-26,立讯精密,002475,47.46,48.25,46.02,47.09,47.49,452209,2170292896.0,0.64,-0.84
2022-01-25,立讯精密,002475,48.35,49.69,47.4,47.49,48.39,448630,2198796976.0,0.63,-1.86
2022-01-24,立讯精密,002475,45.95,49.28,45.8,48.39,46.29,745837,3657342608.0,1.06,4.54
2022-01-21,立讯精密,002475,47.58,48.44,46.06,46.29,48.09,525964,2516425648.0,0.74,-3.74
2022-01-20,立讯精密,002475,46.2,48.52,45.88,48.09,46.56,674569,3286982448.0,0.95,3.29
2022-01-19,立讯精密,002475,46.4,47.59,46.05,46.56,47.03,341324,1622243408.0,0.48,-1.0
2022-01-18,立讯精密,002475,45.67,47.95,45.63,47.03,46.0,516139,2474772304.0,0.73,2.24
2022-01-17,立讯精密,002475,45.09,47.35,44.98,46.0,45.4,473098,2225462416.0,0.67,1.32
2022-01-14,立讯精密,002475,43.9,45.89,43.61,45.4,44.46,488528,2242659744.0,0.69,2.11
2022-01-13,立讯精密,002475,46.9,46.9,44.25,44.46,46.43,465832,2139747184.0,0.66,-4.24
2022-01-12,立讯精密,002475,46.35,48.04,46.0,46.43,45.87,523558,2498239120.0,0.74,1.22
2022-01-11,立讯精密,002475,48.4,48.4,45.62,45.87,47.7,550489,2602080560.0,0.78,-3.84
2022-01-10,立讯精密,002475,45.1,48.98,44.58,47.7,45.71,727215,3506114784.0,1.03,4.35
2022-01-07,立讯精密,002475,46.1,47.35,44.82,45.71,45.95,560945,2618795344.0,0.79,-0.52
2022-01-06,立讯精密,002475,46.1,47.58,45.7,45.95,47.31,678722,3208550064.0,0.96,-2.87
2022-01-05,立讯精密,002475,49.2,49.55,45.76,47.31,50.1,1013601,4861484288.0,1.43,-5.57
2022-01-04,立讯精密,002475,49.3,50.42,47.92,50.1,48.3,884700,4442153984.0,1.25,3.73
2021-12-31,立讯精密,002475,47.65,48.68,46.88,48.3,47.61,541644,2651785712.0,0.77,1.45
2021-12-30,立讯精密,002475,46.1,48.2,45.87,47.61,46.81,640920,3093128784.0,0.91,1.71
2021-12-29,立讯精密,002475,47.58,47.58,46.12,46.81,47.28,398975,1901397008.0,0.57,-0.99
2021-12-28,立讯精密,002475,47.92,48.4,46.51,47.28,47.8,519617,2501066528.0,0.74,-1.09
2021-12-27,立讯精密,002475,48.4,49.98,47.51,47.8,48.64,587206,2890982304.0,0.83,-1.73
2021-12-24,立讯精密,002475,47.62,49.2,47.62,48.64,48.1,638643,3165356976.0,0.91,1.12
2021-12-23,立讯精密,002475,47.6,48.4,46.35,48.1,46.9,704127,3421805696.0,1.0,2.56
2021-12-22,立讯精密,002475,44.62,48.26,44.62,46.9,44.61,1128573,5392390912.0,1.6,5.13
2021-12-21,立讯精密,002475,43.28,45.5,43.27,44.61,43.47,523564,2384098768.0,0.74,2.62
2021-12-20,立讯精密,002475,44.6,45.57,42.98,43.47,44.88,584668,2616827952.0,0.83,-3.14
2021-12-17,立讯精密,002475,45.1,45.87,44.75,44.88,45.66,390770,1802560128.0,0.55,-1.71
2021-12-16,立讯精密,002475,45.01,45.88,44.55,45.66,44.47,517770,2392758640.0,0.74,2.68
2021-12-15,立讯精密,002475,45.22,45.76,44.2,44.47,45.45,556916,2542784496.0,0.79,-2.16
2021-12-14,立讯精密,002475,45.7,46.06,45.0,45.45,45.76,547042,2538941184.0,0.78,-0.68
2021-12-13,立讯精密,002475,44.42,46.1,44.32,45.76,44.42,812952,3787744880.0,1.15,3.02
2021-12-10,立讯精密,002475,43.96,44.97,43.85,44.42,44.71,681682,3085637200.0,0.97,-0.65
2021-12-09,立讯精密,002475,43.2,45.87,42.74,44.71,43.19,1413263,6449809920.0,2.01,3.52
2021-12-08,立讯精密,002475,40.8,43.43,39.98,43.19,40.62,1272020,5449433088.0,1.81,6.33
2021-12-07,立讯精密,002475,39.3,41.1,39.18,40.62,38.63,931769,3857078464.0,1.32,5.15
2021-12-06,立讯精密,002475,37.73,39.2,37.3,38.63,37.73,554778,2194139360.0,0.79,2.39
2021-12-03,立讯精密,002475,37.75,38.1,37.2,37.73,37.73,496448,1906614352.0,0.71,0.0
2021-12-02,立讯精密,002475,38.51,39.17,37.54,37.73,38.9,558144,2174994240.0,0.79,-3.01
2021-12-01,立讯精密,002475,38.68,39.18,38.5,38.9,38.75,283992,1127115632.0,0.4,0.39
2021-11-30,立讯精密,002475,39.2,39.28,38.63,38.75,39.2,417894,1660144224.0,0.59,-1.15
2021-11-29,立讯精密,002475,38.58,40.07,38.35,39.2,39.22,479738,1917982640.0,0.68,-0.05
2021-11-26,立讯精密,002475,40.7,40.7,39.11,39.22,40.85,586856,2370541104.0,0.83,-3.99
2021-11-25,立讯精密,002475,41.0,41.59,40.48,40.85,41.4,303638,1267978224.0,0.43,-1.33
2021-11-24,立讯精密,002475,41.42,41.75,40.46,41.4,41.12,405284,1706186560.0,0.58,0.68
2021-11-23,立讯精密,002475,41.65,41.87,40.9,41.12,41.86,394318,1662439840.0,0.56,-1.77
2021-11-22,立讯精密,002475,42.41,42.43,41.33,41.86,42.2,620096,2650383360.0,0.88,-0.81
2021-11-19,立讯精密,002475,39.87,43.05,39.87,42.2,39.95,1006741,4327723776.0,1.43,5.63
2021-11-18,立讯精密,002475,41.26,42.3,39.7,39.95,41.56,594398,2458748464.0,0.84,-3.87
2021-11-17,立讯精密,002475,41.8,41.95,41.1,41.56,41.98,447625,1898891104.0,0.64,-1.0
2021-11-16,立讯精密,002475,40.54,42.45,40.46,41.98,40.84,827049,3536763840.0,1.18,2.79
2021-11-15,立讯精密,002475,39.56,41.14,39.41,40.84,39.58,737467,3060626288.0,1.05,3.18
2021-11-12,立讯精密,002475,38.91,39.88,38.23,39.58,38.99,413607,1663609152.0,0.59,1.51
2021-11-11,立讯精密,002475,38.5,39.67,38.32,38.99,38.65,532654,2135757856.0,0.76,0.88
2021-11-10,立讯精密,002475,38.99,39.23,38.3,38.65,39.0,442498,1750723856.0,0.63,-0.9
2021-11-09,立讯精密,002475,39.8,40.1,38.3,39.0,39.8,555470,2214451008.0,0.79,-2.01
2021-11-08,立讯精密,002475,40.12,40.29,38.78,39.8,40.3,549687,2224415584.0,0.78,-1.24
2021-11-05,立讯精密,002475,40.31,41.27,40.25,40.3,40.3,618384,2575714608.0,0.88,0.0
2021-11-04,立讯精密,002475,39.06,41.07,38.96,40.3,38.88,844091,3471367872.0,1.2,3.65
2021-11-03,立讯精密,002475,39.1,39.28,38.19,38.88,38.88,439897,1744057264.0,0.63,0.0
2021-11-02,立讯精密,002475,38.8,39.58,38.3,38.88,38.89,616935,2454522528.0,0.88,-0.03
2021-11-01,立讯精密,002475,37.74,39.13,37.1,38.89,37.74,778276,3075787408.0,1.11,3.05
2021-10-29,立讯精密,002475,37.96,38.42,37.3,37.74,37.98,704002,2729298432.0,1.0,-0.63
2021-10-28,立讯精密,002475,36.1,39.2,35.85,37.98,37.22,1613414,6296787968.0,2.29,2.04
2021-10-27,立讯精密,002475,38.2,38.2,37.11,37.22,38.42,659338,2534874640.0,0.94,-3.12
2021-10-26,立讯精密,002475,36.65,38.6,36.32,38.42,36.86,1064459,4120783648.0,1.51,4.23
2021-10-25,立讯精密,002475,36.9,37.28,36.25,36.86,36.93,456014,1723877632.0,0.65,-0.19
2021-10-22,立讯精密,002475,36.37,37.22,36.04,36.93,36.38,521739,1967833552.0,0.74,1.51
2021-10-21,立讯精密,002475,36.1,37.4,35.95,36.38,36.19,622849,2341408080.0,0.89,0.53
2021-10-20,立讯精密,002475,36.49,36.54,35.61,36.19,36.09,438104,1617056768.0,0.62,0.28
2021-10-19,立讯精密,002475,34.03,36.78,34.03,36.09,33.89,856508,3136367584.0,1.22,6.49
2021-10-18,立讯精密,002475,35.18,35.18,33.66,33.89,35.28,534966,1871388288.0,0.76,-3.94
2021-10-15,立讯精密,002475,34.9,35.7,34.47,35.28,34.82,456225,1649168064.0,0.65,1.32
2021-10-14,立讯精密,002475,35.53,35.55,34.79,34.82,35.26,306369,1100443792.0,0.44,-1.25
2021-10-13,立讯精密,002475,35.32,35.59,34.7,35.26,35.55,429323,1546910560.0,0.61,-0.82
2021-10-12,立讯精密,002475,36.67,36.79,35.23,35.55,36.67,543414,1998069472.0,0.77,-3.05
2021-10-11,立讯精密,002475,36.7,37.89,36.5,36.67,36.78,612184,2321984288.0,0.87,-0.3
2021-10-08,立讯精密,002475,36.1,37.02,35.6,36.78,34.81,858838,3219976768.0,1.22,5.66
2021-09-30,立讯精密,002475,34.81,35.3,34.6,34.81,34.81,361610,1296961136.0,0.51,0.0
2021-09-29,立讯精密,002475,34.3,35.23,33.69,34.81,34.91,551236,1947621872.0,0.78,-0.29
2021-09-28,立讯精密,002475,35.94,35.94,34.7,34.91,35.94,546309,1970308992.0,0.78,-2.87
2021-09-27,立讯精密,002475,34.7,36.46,34.5,35.94,34.7,972162,3563584304.0,1.38,3.57
2021-09-24,立讯精密,002475,34.4,35.74,34.0,34.7,34.58,960292,3438634256.0,1.37,0.35
2021-09-23,立讯精密,002475,32.1,34.68,32.1,34.58,32.0,1249024,4325737984.0,1.78,8.06
2021-09-22,立讯精密,002475,32.1,32.65,31.9,32.0,32.63,365840,1208645200.0,0.52,-1.93
2021-09-17,立讯精密,002475,32.99,33.12,32.43,32.63,33.18,381215,1279312384.0,0.54,-1.66
2021-09-16,立讯精密,002475,32.7,33.24,32.35,33.18,32.5,577782,1945625792.0,0.82,2.09
2021-09-15,立讯精密,002475,33.4,33.41,32.42,32.5,33.42,736097,2466658240.0,1.05,-2.75
2021-09-14,立讯精密,002475,34.11,34.45,33.3,33.42,34.09,512065,1776258336.0,0.73,-1.97
2021-09-13,立讯精密,002475,35.1,35.1,33.96,34.09,35.12,632220,2225376000.0,0.9,-2.93
2021-09-10,立讯精密,002475,34.25,35.44,33.95,35.12,34.44,780492,2773610864.0,1.11,1.97
2021-09-09,立讯精密,002475,34.5,34.8,33.91,34.44,35.22,494658,1743337632.0,0.7,-2.21
2021-09-08,立讯精密,002475,34.43,35.94,34.35,35.22,34.21,967057,3473006832.0,1.38,2.95
2021-09-07,立讯精密,002475,34.43,34.52,33.81,34.21,34.37,537915,1882211424.0,0.77,-0.47
2021-09-06,立讯精密,002475,33.3,34.56,33.1,34.37,33.3,564634,1971160672.0,0.8,3.21
2021-09-03,立讯精密,002475,33.37,33.68,32.69,33.3,33.35,436190,1489014656.0,0.62,-0.15
2021-09-02,立讯精密,002475,33.62,34.29,32.87,33.35,33.41,602002,2067779440.0,0.86,-0.18
2021-09-01,立讯精密,002475,32.9,33.75,32.46,33.41,32.96,744352,2538031728.0,1.06,1.37
2021-08-31,立讯精密,002475,34.24,34.42,32.7,32.96,34.82,1126462,3851116128.0,1.6,-5.34
2021-08-30,立讯精密,002475,37.31,37.59,34.1,34.82,37.08,1425686,5172288000.0,2.03,-6.09
2021-08-27,立讯精密,002475,36.4,37.82,36.11,37.08,36.32,668488,2537622528.0,0.95,2.09
2021-08-26,立讯精密,002475,36.34,36.74,35.7,36.32,36.3,519011,1929902064.0,0.74,0.06
2021-08-25,立讯精密,002475,36.15,37.48,36.15,36.3,37.78,979187,3663282368.0,1.39,-3.92
2021-08-24,立讯精密,002475,38.4,38.5,37.68,37.78,38.07,404961,1573995744.0,0.58,-0.76
2021-08-23,立讯精密,002475,37.55,38.26,37.15,38.07,37.05,491586,1911378704.0,0.7,2.75
2021-08-20,立讯精密,002475,36.6,37.27,35.94,37.05,36.8,533659,2000189552.0,0.76,0.68
2021-08-19,立讯精密,002475,37.1,38.0,36.76,36.8,37.33,501328,1908559904.0,0.71,-1.42
2021-08-18,立讯精密,002475,37.01,37.6,36.65,37.33,36.88,350939,1337337280.0,0.5,1.22
2021-08-17,立讯精密,002475,37.68,38.18,36.54,36.88,37.73,506778,1935496880.0,0.72,-2.25
2021-08-16,立讯精密,002475,38.3,38.77,37.6,37.73,38.44,601873,2338193536.0,0.86,-1.85
2021-08-13,立讯精密,002475,41.4,41.56,37.98,38.44,41.26,1176044,4720100352.0,1.67,-6.83
2021-08-12,立讯精密,002475,40.88,41.8,40.62,41.26,40.91,704452,2972919216.0,1.0,0.86
2021-08-11,立讯精密,002475,41.15,41.25,40.42,40.91,40.92,453045,1893794560.0,0.64,-0.02
2021-08-10,立讯精密,002475,41.07,41.4,40.18,40.92,41.28,616067,2561132544.0,0.88,-0.87
2021-08-09,立讯精密,002475,39.12,41.44,38.91,41.28,39.75,850185,3524466016.0,1.21,3.85
2021-08-06,立讯精密,002475,40.38,40.38,39.38,39.75,40.53,610159,2482353616.0,0.87,-1.92
2021-08-05,立讯精密,002475,40.7,41.55,40.08,40.53,40.64,836022,3473587024.0,1.19,-0.27
2021-08-04,立讯精密,002475,38.41,41.06,38.11,40.64,38.18,1233304,5013346560.0,1.76,6.44
2021-08-03,立讯精密,002475,37.3,38.95,36.97,38.18,37.36,863388,3372611536.0,1.23,2.19
2021-08-02,立讯精密,002475,35.41,37.84,34.7,37.36,36.08,1064372,3963711200.0,1.52,3.55
2021-07-30,立讯精密,002475,36.95,36.98,35.2,36.08,37.37,892392,3281056256.0,1.27,-3.45
2021-07-29,立讯精密,002475,37.47,37.97,36.95,37.37,36.79,679935,2605669120.0,0.97,1.58
2021-07-28,立讯精密,002475,37.4,37.7,35.76,36.79,37.73,754768,2848493952.0,1.07,-2.49
2021-07-27,立讯精密,002475,39.12,39.76,37.69,37.73,38.89,908134,3577802416.0,1.29,-2.98
2021-07-26,立讯精密,002475,39.65,40.17,38.16,38.89,39.55,763847,3057646896.0,1.09,-1.67
2021-07-23,立讯精密,002475,40.21,40.65,39.2,39.55,40.39,836519,3398587152.0,1.19,-2.08
2021-07-22,立讯精密,002475,41.1,41.61,39.55,40.39,41.15,1101376,4542490368.0,1.57,-1.85
2021-07-21,立讯精密,002475,42.21,43.01,41.08,41.15,42.32,942144,4045580544.0,1.34,-2.76
2021-07-20,立讯精密,002475,41.2,42.41,41.1,42.32,41.77,598864,2557439664.0,0.85,1.32
2021-07-19,立讯精密,002475,40.5,41.77,40.16,41.77,40.36,714993,3001673584.0,1.02,3.49
2021-07-16,立讯精密,002475,41.28,41.88,40.31,40.36,41.36,655268,2740235664.0,0.93,-2.42
2021-07-15,立讯精密,002475,42.82,42.88,40.77,41.36,42.23,799084,3378827952.0,1.14,-2.06
2021-07-14,立讯精密,002475,42.21,43.23,41.99,42.23,42.16,624407,2707569584.0,0.89,0.17
2021-07-13,立讯精密,002475,44.09,44.09,42.01,42.16,44.6,1181687,5148898048.0,1.68,-5.47
2021-07-12,立讯精密,002475,45.6,45.9,44.1,44.6,45.37,870217,3977668288.0,1.24,-1.7
2021-07-09,立讯精密,002475,45.1,46.28,43.76,45.37,45.76,808602,3709110640.0,1.15,-0.85
2021-07-08,立讯精密,002475,44.59,46.32,44.59,45.76,44.31,925885,4315418368.0,1.32,3.27
2021-07-07,立讯精密,002475,43.89,45.24,43.5,44.31,44.39,683087,3109383936.0,0.97,-0.18
2021-07-06,立讯精密,002475,45.04,45.15,43.35,44.39,44.71,665396,3008064048.0,0.95,-0.72
2021-07-05,立讯精密,002475,42.99,44.74,42.87,44.71,42.59,775395,3485838320.0,1.1,4.98
2021-07-02,立讯精密,002475,44.36,44.46,42.37,42.59,44.79,929417,4090692672.0,1.32,-4.91
2021-07-01,立讯精密,002475,45.57,45.66,44.34,44.79,44.99,611739,2808913360.0,0.87,-0.44
2021-06-30,立讯精密,002475,46.19,46.47,44.51,44.99,46.48,1007095,4641936128.0,1.43,-3.21
2021-06-29,立讯精密,002475,46.17,47.19,45.55,46.48,46.27,744407,3541260864.0,1.06,0.45
2021-06-28,立讯精密,002475,46.39,47.98,45.29,46.27,46.0,1277597,6091724544.0,1.82,0.59
2021-06-25,立讯精密,002475,44.85,49.07,43.96,46.0,44.83,1712808,8090878720.0,2.44,2.61
2021-06-24,立讯精密,002475,43.69,45.49,43.66,44.83,43.04,1465991,6688742912.0,2.09,4.16
2021-06-23,立讯精密,002475,40.79,43.77,40.22,43.04,40.83,1329731,5790418944.0,1.89,5.41
2021-06-22,立讯精密,002475,41.17,41.47,40.12,40.83,41.09,760855,3172563264.0,1.08,-0.63
2021-06-21,立讯精密,002475,38.57,41.29,38.27,41.09,38.75,1372665,5699235840.0,1.95,6.04
2021-06-18,立讯精密,002475,38.41,39.0,37.99,38.75,38.31,670712,2651007360.0,0.95,1.15
2021-06-17,立讯精密,002475,36.86,38.49,36.69,38.31,36.86,734635,2850499312.0,1.05,3.93
2021-06-16,立讯精密,002475,38.98,39.18,36.65,36.86,38.8,729932,2831893328.0,1.04,-5.0
2021-06-15,立讯精密,002475,38.01,38.98,37.79,38.8,37.99,690069,2727040608.0,0.98,2.13
2021-06-11,立讯精密,002475,39.19,39.34,37.4,37.99,39.37,885755,3468025952.0,1.26,-3.51
2021-06-10,立讯精密,002475,39.81,40.09,38.89,39.37,39.89,729802,2953490384.0,1.04,-1.3
2021-06-09,立讯精密,002475,39.49,40.06,38.7,39.89,39.24,891624,3628309280.0,1.27,1.66
2021-06-08,立讯精密,002475,38.38,40.12,38.21,39.24,38.41,1292917,5242181632.0,1.84,2.16
2021-06-07,立讯精密,002475,37.45,38.63,37.44,38.41,37.34,854526,3350106448.0,1.22,2.87
2021-06-04,立讯精密,002475,37.06,37.67,36.37,37.34,37.52,588321,2243751280.0,0.84,-0.48
2021-06-03,立讯精密,002475,37.28,38.54,37.09,37.52,37.31,670865,2604776240.0,0.95,0.56
2021-06-02,立讯精密,002475,38.24,38.39,37.01,37.31,38.2,646879,2489384768.0,0.92,-2.33
2021-06-01,立讯精密,002475,37.94,39.15,37.32,38.2,37.99,817378,3219681888.0,1.16,0.55
2021-05-31,立讯精密,002475,38.42,38.43,37.4,37.99,38.29,745616,2893968576.0,1.06,-0.78
2021-05-28,立讯精密,002475,38.9,39.14,37.74,38.29,38.89,848098,3339012016.0,1.21,-1.54
2021-05-27,立讯精密,002475,38.17,39.29,37.9,38.89,38.11,975383,3879797264.0,1.39,2.05
2021-05-26,立讯精密,002475,38.98,39.32,37.62,38.11,38.78,1184922,4663970048.0,1.69,-1.73
2021-05-25,立讯精密,002475,35.91,38.99,35.51,38.78,35.79,2017290,7766348288.0,2.87,8.35
2021-05-24,立讯精密,002475,33.56,35.99,33.27,35.79,33.64,1256546,4517294080.0,1.79,6.39
2021-05-21,立讯精密,002475,34.93,35.55,33.48,33.64,34.93,686370,2413379408.0,0.98,-3.69
2021-05-20,立讯精密,002475,34.54,35.27,34.25,34.93,34.74,601429,2158548656.0,0.86,0.55
2021-05-19,立讯精密,002475,33.5,35.19,33.12,34.74,33.78,859980,3070850320.0,1.22,2.84
2021-05-18,立讯精密,002475,33.59,34.16,33.02,33.78,33.77,643519,2225460192.0,0.92,0.03
2021-05-17,立讯精密,002475,32.49,34.68,32.48,33.77,32.46,985736,3406229344.0,1.4,4.04
2021-05-14,立讯精密,002475,32.04,32.51,30.94,32.46,31.95,747468,2454695488.0,1.06,1.6
2021-05-13,立讯精密,002475,32.0,32.55,31.82,31.95,32.66,600002,1985392848.0,0.85,-2.17
2021-05-12,立讯精密,002475,33.37,33.42,32.19,32.66,33.49,693977,2335793200.0,0.99,-2.48
2021-05-11,立讯精密,002475,33.35,33.59,32.59,33.49,33.51,580378,1979651280.0,0.83,-0.06
2021-05-10,立讯精密,002475,33.65,34.19,32.79,33.51,33.69,660072,2274778512.0,0.94,-0.53
2021-05-07,立讯精密,002475,35.49,35.91,33.55,33.69,35.32,745442,2658897008.0,1.06,-4.61
2021-05-06,立讯精密,002475,35.64,36.64,35.02,35.32,35.95,562372,2061918688.0,0.8,-1.75
2021-04-30,立讯精密,002475,35.89,36.18,35.44,35.95,35.7,563239,2078064720.0,0.8,0.7
2021-04-29,立讯精密,002475,36.18,36.64,35.54,35.7,36.19,654522,2420610928.0,0.93,-1.35
2021-04-28,立讯精密,002475,36.86,37.11,36.04,36.19,37.39,1053203,3948848736.0,1.5,-3.21
2021-04-27,立讯精密,002475,35.19,37.42,34.4,37.39,35.32,1251482,4653232640.0,1.78,5.86
2021-04-26,立讯精密,002475,35.39,36.41,34.71,35.32,36.38,1122353,4110138000.0,1.6,-2.91
2021-04-23,立讯精密,002475,35.88,37.0,35.51,36.38,36.36,1108523,4142223136.0,1.58,0.06
2021-04-22,立讯精密,002475,35.56,37.61,34.31,36.36,35.16,1759506,6501303040.0,2.5,3.41
2021-04-21,立讯精密,002475,33.19,35.3,33.01,35.16,34.25,1099631,3886528080.0,1.57,2.66
2021-04-20,立讯精密,002475,35.33,35.33,34.23,34.25,35.55,1150354,4108390256.0,1.64,-3.66
2021-04-19,立讯精密,002475,32.4,35.6,32.34,35.55,32.27,1921263,6871104768.0,2.74,10.16
2021-04-16,立讯精密,002475,32.47,32.58,31.57,32.27,32.46,486115,1609124112.0,0.69,-0.59
2021-04-15,立讯精密,002475,33.16,33.26,31.89,32.46,33.14,639224,2125414448.0,0.91,-2.05
2021-04-14,立讯精密,002475,33.24,33.41,32.67,33.14,33.12,528341,1800520960.0,0.75,0.06
2021-04-13,立讯精密,002475,31.78,33.84,31.78,33.12,31.75,1003939,3425903408.0,1.43,4.31
2021-04-12,立讯精密,002475,32.6,32.86,31.58,31.75,32.44,461307,1527506736.0,0.66,-2.13
2021-04-09,立讯精密,002475,33.06,33.27,32.29,32.44,33.05,512729,1722908672.0,0.73,-1.85
2021-04-08,立讯精密,002475,33.6,33.84,33.0,33.05,33.47,471898,1618186720.0,0.67,-1.25
2021-04-07,立讯精密,002475,34.24,34.24,33.09,33.47,34.08,575608,1981120304.0,0.82,-1.79
2021-04-06,立讯精密,002475,34.83,35.16,34.03,34.08,34.72,646471,2285170768.0,0.92,-1.84
2021-04-02,立讯精密,002475,34.11,35.24,33.8,34.72,34.07,852372,3046277184.0,1.22,1.91
2021-04-01,立讯精密,002475,33.1,34.26,32.9,34.07,32.82,873250,3028667456.0,1.25,3.81
2021-03-31,立讯精密,002475,32.91,33.06,32.06,32.82,32.9,581520,1953136304.0,0.83,-0.24
2021-03-30,立讯精密,002475,32.74,33.36,32.19,32.9,32.74,812687,2754676944.0,1.16,0.49
2021-03-29,立讯精密,002475,34.11,34.2,32.6,32.74,33.91,952765,3243654896.0,1.36,-3.45
2021-03-26,立讯精密,002475,32.21,34.14,31.89,33.91,31.88,1166553,4009761696.0,1.66,6.37
2021-03-25,立讯精密,002475,31.04,32.23,30.89,31.88,31.39,952886,3119282544.0,1.36,1.56
2021-03-24,立讯精密,002475,33.0,33.24,31.36,31.39,33.34,1316784,4349596672.0,1.88,-5.85
2021-03-23,立讯精密,002475,34.51,35.08,33.07,33.34,34.29,1192975,4163396880.0,1.7,-2.77
2021-03-22,立讯精密,002475,34.99,35.1,31.8,34.29,34.83,1744476,5990806272.0,2.49,-1.55
2021-03-19,立讯精密,002475,36.99,37.05,34.59,34.83,37.57,1365146,4990287104.0,1.95,-7.29
2021-03-18,立讯精密,002475,37.58,37.84,36.59,37.57,37.58,706126,2692449808.0,1.01,-0.03
2021-03-17,立讯精密,002475,36.49,38.47,35.78,37.58,37.41,852593,3253950784.0,1.22,0.45
2021-03-16,立讯精密,002475,37.21,38.59,36.91,37.41,37.19,818584,3166208512.0,1.17,0.59
2021-03-15,立讯精密,002475,39.39,39.52,36.87,37.19,39.84,1270150,4946161408.0,1.81,-6.65
2021-03-12,立讯精密,002475,41.36,41.49,39.14,39.84,41.14,1102370,4522028800.0,1.57,-3.16
2021-03-11,立讯精密,002475,42.04,42.37,39.18,41.14,42.42,1407565,5882177024.0,2.01,-3.02
2021-03-10,立讯精密,002475,44.48,45.39,42.01,42.42,43.49,776289,3429793616.0,1.11,-2.46
2021-03-09,立讯精密,002475,45.58,45.58,41.7,43.49,45.19,747303,3344775520.0,1.07,-3.76
2021-03-08,立讯精密,002475,47.04,47.67,44.99,45.19,46.62,555089,2618227552.0,0.79,-3.07
2021-03-05,立讯精密,002475,44.65,46.99,44.54,46.62,45.2,634517,2979127920.0,0.9,3.14
2021-03-04,立讯精密,002475,47.39,47.43,44.8,45.2,47.94,788762,3680130768.0,1.12,-5.72
2021-03-03,立讯精密,002475,47.49,48.34,47.19,47.94,47.99,541557,2641451776.0,0.77,-0.1
2021-03-02,立讯精密,002475,47.06,48.79,46.73,47.99,46.59,1010266,4953798656.0,1.44,3.0
2021-03-01,立讯精密,002475,46.09,46.9,45.57,46.59,45.49,491701,2324381840.0,0.7,2.42
2021-02-26,立讯精密,002475,44.99,46.41,44.54,45.49,45.89,615044,2870285616.0,0.88,-0.87
2021-02-25,立讯精密,002475,46.6,46.98,45.32,45.89,46.59,540247,2545077648.0,0.77,-1.5
2021-02-24,立讯精密,002475,47.33,47.89,45.85,46.59,47.49,635117,3041045456.0,0.91,-1.9
2021-02-23,立讯精密,002475,47.44,48.69,47.29,47.49,47.69,569810,2786481808.0,0.81,-0.42
2021-02-22,立讯精密,002475,48.84,48.89,47.69,47.69,48.83,778903,3829641280.0,1.11,-2.33
2021-02-19,立讯精密,002475,48.69,48.98,47.21,48.83,49.1,706501,3472647536.0,1.01,-0.55
2021-02-18,立讯精密,002475,52.31,52.59,48.89,49.1,51.77,1209311,6137864704.0,1.72,-5.16
2021-02-10,立讯精密,002475,49.99,52.24,49.07,51.77,49.27,929030,4853025536.0,1.32,5.07
2021-02-09,立讯精密,002475,45.99,49.59,45.99,49.27,46.85,879148,4359929600.0,1.25,5.17
2021-02-08,立讯精密,002475,48.99,49.42,44.6,46.85,48.51,1251205,6020792320.0,1.78,-3.42
2021-02-05,立讯精密,002475,48.1,49.48,48.1,48.51,47.99,679458,3394908576.0,0.97,1.08
2021-02-04,立讯精密,002475,49.14,49.78,46.99,47.99,50.53,1530307,7500830464.0,2.18,-5.03
2021-02-03,立讯精密,002475,52.77,52.79,50.27,50.53,52.79,861415,4499967744.0,1.23,-4.28
2021-02-02,立讯精密,002475,52.2,53.09,50.53,52.79,52.16,792090,4181979760.0,1.13,1.21
2021-02-01,立讯精密,002475,52.48,52.48,50.88,52.16,52.09,602417,3180705616.0,0.86,0.13
2021-01-29,立讯精密,002475,50.44,52.98,50.43,52.09,49.34,1148204,6048822528.0,1.64,5.57
2021-01-28,立讯精密,002475,52.49,52.49,49.03,49.34,52.78,1228387,6301783040.0,1.75,-6.52
2021-01-27,立讯精密,002475,51.49,53.4,51.38,52.78,51.77,687573,3665534368.0,0.98,1.95
2021-01-26,立讯精密,002475,53.27,54.47,51.59,51.77,54.2,976988,5255231744.0,1.39,-4.48
2021-01-25,立讯精密,002475,52.49,55.54,51.0,54.2,56.48,2043920,11100122112.0,2.91,-4.04
2021-01-22,立讯精密,002475,57.71,58.46,55.49,56.48,56.89,891660,5135566848.0,1.27,-0.72
2021-01-21,立讯精密,002475,55.45,57.49,55.4,56.89,55.2,900293,5174934272.0,1.28,3.06
2021-01-20,立讯精密,002475,55.19,55.54,53.99,55.2,54.7,751366,4193144128.0,1.07,0.91
2021-01-19,立讯精密,002475,56.79,56.86,54.51,54.7,56.89,1092622,6146833920.0,1.56,-3.85
2021-01-18,立讯精密,002475,56.49,57.87,56.49,56.89,56.39,777859,4519950336.0,1.11,0.89
2021-01-15,立讯精密,002475,57.99,58.87,55.35,56.39,58.81,1007420,5837483776.0,1.44,-4.11
2021-01-14,立讯精密,002475,61.3,62.25,58.64,58.81,61.1,1139794,6956819712.0,1.63,-3.75
2021-01-13,立讯精密,002475,59.19,61.6,58.65,61.1,59.36,1241959,7659221504.0,1.77,2.93
2021-01-12,立讯精密,002475,58.99,59.61,57.37,59.36,59.99,1131937,6745319424.0,1.61,-1.05
2021-01-11,立讯精密,002475,59.0,60.05,57.79,59.99,59.0,1280451,7672326400.0,1.83,1.68
2021-01-08,立讯精密,002475,58.45,59.99,57.89,59.0,57.49,1489615,8921331456.0,2.12,2.63
2021-01-07,立讯精密,002475,54.87,57.55,54.19,57.49,54.55,1458989,8378821120.0,2.08,5.39
2021-01-06,立讯精密,002475,55.32,56.47,53.99,54.55,55.24,910360,5108131328.0,1.3,-1.25
2021-01-05,立讯精密,002475,52.57,55.26,52.34,55.24,53.06,1254142,6873512704.0,1.79,4.11
2021-01-04,立讯精密,002475,54.79,54.89,52.03,53.06,55.11,1430340,7723657728.0,2.04,-3.72
2020-12-31,立讯精密,002475,54.99,56.13,54.19,55.11,55.07,621498,3483265408.0,0.89,0.07
2020-12-30,立讯精密,002475,54.05,55.28,54.05,55.07,54.49,600037,3342355040.0,0.86,1.06
2020-12-29,立讯精密,002475,55.16,55.39,53.68,54.49,54.57,580708,3237582032.0,0.83,-0.15
2020-12-28,立讯精密,002475,55.54,55.84,54.2,54.57,55.55,660477,3687951760.0,0.94,-1.76
2020-12-25,立讯精密,002475,55.0,57.21,54.8,55.55,54.72,839650,4803437056.0,1.2,1.52
2020-12-24,立讯精密,002475,54.47,55.76,53.84,54.72,54.46,733551,4107276064.0,1.05,0.48
2020-12-23,立讯精密,002475,52.2,54.49,52.2,54.46,51.48,1272601,6952737792.0,1.82,5.79
2020-12-22,立讯精密,002475,51.14,52.71,50.65,51.48,51.91,778906,4102959920.0,1.11,-0.83
2020-12-21,立讯精密,002475,50.01,51.99,49.76,51.91,50.47,656343,3419086432.0,0.94,2.85
2020-12-18,立讯精密,002475,51.71,51.71,49.69,50.47,51.38,513226,2640751296.0,0.73,-1.77
2020-12-17,立讯精密,002475,51.58,52.15,50.76,51.38,51.32,507772,2662460992.0,0.73,0.12
2020-12-16,立讯精密,002475,50.39,51.97,50.39,51.32,49.33,1024141,5356231680.0,1.47,4.03
2020-12-15,立讯精密,002475,48.61,49.64,48.31,49.33,48.8,498498,2492759968.0,0.71,1.09
2020-12-14,立讯精密,002475,49.59,49.76,47.79,48.8,49.67,882913,4359614464.0,1.26,-1.75
2020-12-11,立讯精密,002475,50.99,51.05,48.99,49.67,50.79,648410,3294180912.0,0.93,-2.21
2020-12-10,立讯精密,002475,51.38,51.59,50.34,50.79,52.04,536064,2777151904.0,0.77,-2.4
2020-12-09,立讯精密,002475,51.99,53.83,51.98,52.04,51.54,796065,4281597728.0,1.14,0.97
2020-12-08,立讯精密,002475,51.93,51.99,51.21,51.54,51.76,392540,2063595776.0,0.56,-0.43
2020-12-07,立讯精密,002475,51.27,51.87,50.79,51.76,51.13,528858,2777575280.0,0.76,1.23
2020-12-04,立讯精密,002475,50.28,51.45,49.7,51.13,50.26,513233,2652980048.0,0.73,1.73
2020-12-03,立讯精密,002475,50.39,50.95,50.17,50.26,50.59,477449,2456404800.0,0.68,-0.65
2020-12-02,立讯精密,002475,51.62,51.62,50.07,50.59,51.67,674643,3480466288.0,0.97,-2.09
2020-12-01,立讯精密,002475,50.99,51.86,50.49,51.67,50.68,620558,3242831248.0,0.89,1.95
2020-11-30,立讯精密,002475,51.79,51.99,50.51,50.68,50.99,800320,4200388544.0,1.15,-0.61
2020-11-27,立讯精密,002475,49.57,51.09,48.98,50.99,49.17,644944,3293313120.0,0.92,3.7
2020-11-26,立讯精密,002475,49.7,49.98,48.21,49.17,50.07,621316,3105359936.0,0.89,-1.8
2020-11-25,立讯精密,002475,50.44,51.15,49.84,50.07,49.96,556548,2859199248.0,0.8,0.22
2020-11-24,立讯精密,002475,50.16,50.47,48.48,49.96,50.67,909347,4586100992.0,1.3,-1.4
2020-11-23,立讯精密,002475,51.27,51.71,50.03,50.67,51.17,682027,3525595824.0,0.98,-0.98
2020-11-20,立讯精密,002475,51.29,52.45,50.77,51.17,51.03,530842,2785684288.0,0.76,0.27
2020-11-19,立讯精密,002475,51.43,51.88,50.71,51.03,51.42,432396,2254918368.0,0.62,-0.76
2020-11-18,立讯精密,002475,51.67,51.89,50.69,51.42,52.37,607918,3178048432.0,0.87,-1.81
2020-11-17,立讯精密,002475,50.99,52.48,49.39,52.37,51.78,1106302,5729009664.0,1.59,1.14
2020-11-16,立讯精密,002475,54.86,54.86,50.16,51.78,54.86,1534374,8068832512.0,2.2,-5.61
2020-11-13,立讯精密,002475,56.04,56.29,54.5,54.86,56.04,539773,3032652112.0,0.77,-2.11
2020-11-12,立讯精密,002475,56.35,56.75,55.75,56.04,55.69,295576,1690440688.0,0.42,0.63
2020-11-11,立讯精密,002475,56.95,57.46,55.68,55.69,57.1,503100,2881052000.0,0.72,-2.47
2020-11-10,立讯精密,002475,57.99,58.15,56.5,57.1,58.59,612932,3571231136.0,0.88,-2.54
2020-11-09,立讯精密,002475,59.2,60.67,58.18,58.59,58.04,922279,5587775744.0,1.32,0.95
2020-11-06,立讯精密,002475,57.91,58.08,57.07,58.04,57.48,567475,3327248352.0,0.81,0.97
2020-11-05,立讯精密,002475,57.99,58.26,56.59,57.48,56.92,570310,3336812080.0,0.82,0.98
2020-11-04,立讯精密,002475,55.54,57.24,55.54,56.92,55.84,519332,2998249888.0,0.74,1.93
2020-11-03,立讯精密,002475,55.77,56.39,54.88,55.84,55.47,406918,2308247984.0,0.58,0.67
2020-11-02,立讯精密,002475,53.89,55.91,53.69,55.47,53.85,599804,3355099872.0,0.86,3.01
2020-10-30,立讯精密,002475,57.49,57.62,53.44,53.85,57.39,1138379,6379109376.0,1.63,-6.17
2020-10-29,立讯精密,002475,57.04,57.99,56.51,57.39,58.43,634571,3702376816.0,0.91,-1.78
2020-10-28,立讯精密,002475,57.18,58.87,55.69,58.43,56.61,931390,5449228800.0,1.34,3.21
2020-10-27,立讯精密,002475,56.37,56.77,55.33,56.61,56.49,457591,2616686768.0,0.66,0.21
2020-10-26,立讯精密,002475,55.39,56.98,54.52,56.49,55.74,356388,2032764336.0,0.51,1.35
2020-10-23,立讯精密,002475,57.49,57.77,55.67,55.74,56.58,351781,2021984016.0,0.5,-1.48
2020-10-22,立讯精密,002475,55.99,57.09,55.77,56.58,56.67,304500,1748407296.0,0.44,-0.16
2020-10-21,立讯精密,002475,58.21,58.21,55.87,56.67,58.21,550294,3168499680.0,0.79,-2.65
2020-10-20,立讯精密,002475,57.46,58.28,56.48,58.21,57.46,424607,2490141312.0,0.61,1.31
2020-10-19,立讯精密,002475,58.84,59.32,57.16,57.46,57.36,478610,2836535712.0,0.69,0.17
2020-10-16,立讯精密,002475,58.59,59.17,56.91,57.36,58.74,555530,3258277136.0,0.8,-2.35
2020-10-15,立讯精密,002475,59.09,59.88,58.49,58.74,58.79,400381,2400907200.0,0.57,-0.09
2020-10-14,立讯精密,002475,59.24,59.49,58.28,58.79,60.39,753334,4505310720.0,1.08,-2.65
2020-10-13,立讯精密,002475,61.14,62.87,59.8,60.39,60.99,679719,4219500544.0,0.97,-0.98
2020-10-12,立讯精密,002475,60.58,60.99,59.17,60.99,60.43,930955,5709973760.0,1.33,0.93
2020-10-09,立讯精密,002475,58.09,60.47,57.66,60.43,56.12,1259311,7588394752.0,1.81,7.68
2020-09-30,立讯精密,002475,56.02,56.94,55.49,56.12,55.89,466276,2668926192.0,0.67,0.41
2020-09-29,立讯精密,002475,56.69,56.79,55.59,55.89,55.88,538913,3081495824.0,0.77,0.02
2020-09-28,立讯精密,002475,54.91,56.34,54.49,55.88,54.19,771851,4387532544.0,1.11,3.12
2020-09-25,立讯精密,002475,54.74,55.18,53.07,54.19,54.34,465550,2572443536.0,0.67,-0.28
2020-09-24,立讯精密,002475,54.49,56.2,54.2,54.34,55.39,621654,3482499104.0,0.89,-1.9
2020-09-23,立讯精密,002475,55.04,56.34,54.78,55.39,54.74,562136,3184824704.0,0.81,1.19
2020-09-22,立讯精密,002475,54.22,55.89,53.99,54.74,53.8,648484,3642234784.0,0.93,1.75
2020-09-21,立讯精密,002475,54.68,55.19,53.76,53.8,54.69,436331,2419479040.0,0.63,-1.63
2020-09-18,立讯精密,002475,52.77,55.29,52.77,54.69,52.67,662938,3671722768.0,0.95,3.84
2020-09-17,立讯精密,002475,52.99,53.61,51.99,52.67,53.18,428309,2305159072.0,0.61,-0.96
2020-09-16,立讯精密,002475,53.99,54.08,52.32,53.18,54.48,566754,3061236880.0,0.81,-2.39
2020-09-15,立讯精密,002475,54.94,54.99,53.59,54.48,55.2,488354,2700921888.0,0.7,-1.3
2020-09-14,立讯精密,002475,55.04,56.49,54.3,55.2,54.94,832244,4691008256.0,1.19,0.47
2020-09-11,立讯精密,002475,52.21,54.94,52.21,54.94,52.09,784705,4301738752.0,1.13,5.47
2020-09-10,立讯精密,002475,51.49,53.19,50.95,52.09,50.64,719882,3840690000.0,1.03,2.86
2020-09-09,立讯精密,002475,50.27,51.36,49.3,50.64,51.75,670275,3433074240.0,0.96,-2.14
2020-09-08,立讯精密,002475,51.93,52.14,50.0,51.75,51.28,520475,2726339248.0,0.75,0.92
2020-09-07,立讯精密,002475,54.03,54.21,50.79,51.28,54.03,729185,3877765776.0,1.05,-5.09
2020-09-04,立讯精密,002475,51.99,54.37,51.99,54.03,54.59,541688,2948705600.0,0.78,-1.03
2020-09-03,立讯精密,002475,55.59,55.77,54.14,54.59,56.32,656452,3674916752.0,0.94,-3.07
2020-09-02,立讯精密,002475,56.99,58.18,56.27,56.32,56.0,945042,5496841728.0,1.35,0.57
2020-09-01,立讯精密,002475,53.88,56.26,53.29,56.0,53.99,863960,4872766208.0,1.24,3.72
2020-08-31,立讯精密,002475,54.8,55.44,53.99,53.99,54.81,568503,3164825712.0,0.82,-1.5
2020-08-28,立讯精密,002475,53.51,55.19,52.77,54.81,54.19,554519,3056659408.0,0.8,1.14
2020-08-27,立讯精密,002475,54.29,54.66,53.39,54.19,53.96,497714,2740179104.0,0.71,0.43
2020-08-26,立讯精密,002475,55.09,55.99,53.07,53.96,55.25,832880,4607341056.0,1.19,-2.33
2020-08-25,立讯精密,002475,56.44,56.53,54.68,55.25,56.44,1132787,6395254528.0,1.62,-2.11
2020-08-24,立讯精密,002475,54.94,56.65,53.01,56.44,52.61,1460498,8202066432.0,2.09,7.28
2020-08-21,立讯精密,002475,51.49,53.49,51.49,52.61,50.3,1205467,6497282304.0,1.73,4.59
2020-08-20,立讯精密,002475,48.99,51.29,48.8,50.3,49.28,847337,4341292544.0,1.21,2.07
2020-08-19,立讯精密,002475,51.49,51.49,49.27,49.28,51.71,915386,4662815488.0,1.31,-4.7
2020-08-18,立讯精密,002475,52.41,52.41,50.59,51.71,52.86,839636,4412058624.0,1.2,-2.18
2020-08-17,立讯精密,002475,52.19,53.26,51.99,52.86,52.79,752167,4037332672.0,1.08,0.13
2020-08-14,立讯精密,002475,50.53,53.11,50.39,52.79,51.19,746294,3960857920.0,1.07,3.13
2020-08-13,立讯精密,002475,52.59,52.79,50.89,51.19,52.19,577543,3028699968.0,0.83,-1.92
2020-08-12,立讯精密,002475,50.59,52.48,49.27,52.19,51.17,1028641,5346700288.0,1.47,1.99
2020-08-11,立讯精密,002475,50.99,53.54,50.99,51.17,51.42,893906,4770463232.0,1.28,-0.49
2020-08-10,立讯精密,002475,49.99,52.11,48.49,51.42,52.64,1238814,6392250112.0,1.78,-2.32
2020-08-07,立讯精密,002475,55.71,56.19,51.69,52.64,55.23,1326360,7214367232.0,1.9,-4.69
2020-08-06,立讯精密,002475,55.87,56.09,54.59,55.23,56.17,671658,3774932432.0,0.96,-1.67
2020-08-05,立讯精密,002475,56.77,57.07,55.44,56.17,56.3,604402,3452526672.0,0.87,-0.23
2020-08-04,立讯精密,002475,57.38,57.69,55.51,56.3,58.23,1050413,6040392448.0,1.51,-3.31
2020-08-03,立讯精密,002475,58.87,59.32,56.91,58.23,57.58,1107375,6529153536.0,1.59,1.13
2020-07-31,立讯精密,002475,56.75,58.84,56.51,57.58,55.59,1314551,7722920960.0,1.88,3.58
2020-07-30,立讯精密,002475,56.61,56.87,55.59,55.59,56.64,717320,4089209264.0,1.03,-1.85
2020-07-29,立讯精密,002475,54.09,56.76,53.56,56.64,54.94,1203683,6800951552.0,1.73,3.09
2020-07-28,立讯精密,002475,52.89,55.35,52.33,54.94,51.67,1282191,7044410112.0,1.84,6.33
2020-07-27,立讯精密,002475,52.32,53.46,50.99,51.67,52.09,1006720,5358343936.0,1.44,-0.81
2020-07-24,立讯精密,002475,55.22,55.62,51.99,52.09,56.37,1464598,7979749888.0,2.1,-7.59
2020-07-23,立讯精密,002475,54.99,56.99,54.59,56.37,56.3,1356076,7708565248.0,1.94,0.12
2020-07-22,立讯精密,002475,55.43,57.44,54.62,56.3,54.99,1211398,6964505600.0,1.74,2.38
2020-07-21,立讯精密,002475,54.41,55.49,53.14,54.99,54.68,1120007,6197864704.0,1.61,0.57
2020-07-20,立讯精密,002475,57.99,57.99,53.42,54.68,54.15,1792555,10071444224.0,2.57,0.98
2020-07-17,立讯精密,002475,51.99,54.75,51.99,54.15,51.91,1272709,6956297216.0,1.82,4.32
2020-07-16,立讯精密,002475,56.5,57.44,51.66,51.91,55.76,1767492,9724763392.0,2.53,-6.9
2020-07-15,立讯精密,002475,58.79,60.11,55.55,55.76,57.95,1224340,7171518976.0,1.76,-3.78
2020-07-14,立讯精密,002475,57.99,58.99,56.49,57.95,58.99,1141884,6698074112.0,1.64,-1.76
2020-07-13,立讯精密,002475,55.24,58.99,55.24,58.99,55.16,1022298,6000436992.0,1.47,6.94
2020-07-10,立讯精密,002475,54.6,56.46,53.93,55.16,55.28,767917,4319566848.0,1.1,-0.22
2020-07-09,立讯精密,002475,54.98,56.81,54.79,55.28,54.79,964647,5453848832.0,1.38,0.89
2020-07-08,立讯精密,002475,53.74,55.26,52.91,54.79,53.69,914162,5045022464.0,1.31,2.05
2020-07-07,立讯精密,002475,51.99,55.54,51.76,53.69,51.7,1222247,6718833408.0,1.75,3.85
2020-07-06,立讯精密,002475,49.43,52.27,48.59,51.7,49.59,1301078,6694354432.0,1.87,4.25
2020-07-03,立讯精密,002475,50.02,50.59,47.99,49.59,50.28,1058319,5299040256.0,1.52,-1.37
2020-07-02,立讯精密,002475,50.0,51.01,49.57,50.28,50.69,738657,3771686720.0,1.06,-0.81
2020-07-01,立讯精密,002475,50.05,50.69,48.99,50.69,50.34,771150,3927911728.0,1.11,0.7
2020-06-30,立讯精密,002475,48.19,50.59,47.87,50.34,47.02,906676,4543470080.0,1.3,7.06
2020-06-29,立讯精密,002475,47.19,48.01,46.57,47.02,48.03,707237,3408549584.0,1.01,-2.1
2020-06-24,立讯精密,002475,48.02,48.54,46.87,48.03,48.04,781284,3807328544.0,1.12,-0.02
2020-06-23,立讯精密,002475,46.99,48.39,45.85,48.04,46.32,857987,4119934832.0,1.23,3.71
2020-06-22,立讯精密,002475,44.59,46.54,44.59,46.32,44.59,856778,4003118384.0,1.23,3.88
2020-06-19,立讯精密,002475,44.39,45.19,44.0,44.59,44.64,725098,3313450624.0,1.04,-0.11
2020-06-18,立讯精密,002475,41.89,44.64,41.69,44.64,41.88,956377,4256759360.0,1.37,6.59
2020-06-17,立讯精密,002475,41.92,42.61,40.71,41.88,41.42,600047,2560598496.0,0.86,1.11
2020-06-16,立讯精密,002475,41.08,42.08,40.6,41.42,39.98,543084,2994856464.0,1.01,3.6
2020-06-15,立讯精密,002475,40.42,41.36,39.96,39.98,40.82,498873,2697687520.0,0.93,-2.06
2020-06-12,立讯精密,002475,40.22,41.08,40.17,40.82,41.11,592732,3209874672.0,1.1,-0.71
2020-06-11,立讯精密,002475,40.93,42.36,40.48,41.11,40.92,713575,3936928032.0,1.33,0.46
2020-06-10,立讯精密,002475,38.98,41.27,38.98,40.92,38.59,867116,4671431936.0,1.61,6.04
2020-06-09,立讯精密,002475,38.22,39.05,37.79,38.59,38.25,514379,2647688048.0,0.96,0.89
2020-06-08,立讯精密,002475,39.28,40.55,37.75,38.25,38.78,759508,3966688448.0,1.41,-1.37
2020-06-05,立讯精密,002475,37.75,39.1,37.17,38.78,37.52,686880,3511388960.0,1.28,3.36
2020-06-04,立讯精密,002475,38.19,38.64,37.19,37.52,37.9,556827,2806282592.0,1.04,-1.0
2020-06-03,立讯精密,002475,36.36,39.04,35.83,37.9,36.07,1091091,5506893312.0,2.03,5.07
2020-06-02,立讯精密,002475,35.82,36.52,35.71,36.07,35.76,671230,3252571664.0,1.25,0.87
2020-06-01,立讯精密,002475,34.13,36.24,34.13,35.76,33.13,949180,4500767488.0,1.77,7.94
2020-05-29,立讯精密,002475,32.76,33.81,32.52,33.13,33.09,386208,1727895616.0,0.72,0.12
2020-05-28,立讯精密,002475,32.78,33.28,32.21,33.09,33.16,436834,1922743856.0,0.81,-0.21
2020-05-27,立讯精密,002475,34.05,34.06,32.9,33.16,34.28,451314,2024374240.0,0.84,-3.27
2020-05-26,立讯精密,002475,33.35,34.64,33.19,34.28,32.85,617092,2821772096.0,1.15,4.35
2020-05-25,立讯精密,002475,33.05,33.27,32.32,32.85,33.17,450602,1982493856.0,0.84,-0.96
2020-05-22,立讯精密,002475,34.12,34.12,33.0,33.17,34.28,563598,2531885056.0,1.05,-3.24
2020-05-21,立讯精密,002475,34.5,35.04,34.21,34.28,34.45,464200,2154952416.0,0.86,-0.49
2020-05-20,立讯精密,002475,35.2,35.44,34.18,34.45,34.95,576438,2676711008.0,1.07,-1.43
2020-05-19,立讯精密,002475,34.52,35.39,34.46,34.95,33.85,659658,3085359360.0,1.23,3.25
2020-05-18,立讯精密,002475,34.9,35.02,33.65,33.85,36.0,1127494,5183530752.0,2.1,-5.97
2020-05-15,立讯精密,002475,36.48,36.65,35.95,36.0,36.45,517717,2512218864.0,0.96,-1.23
2020-05-14,立讯精密,002475,36.14,37.13,36.1,36.45,36.94,579818,2834110016.0,1.08,-1.33
2020-05-13,立讯精密,002475,35.05,37.36,34.56,36.94,35.56,1039515,5009538816.0,1.94,3.88
2020-05-12,立讯精密,002475,34.55,35.73,34.26,35.56,34.78,634561,2983318416.0,1.18,2.24
2020-05-11,立讯精密,002475,35.66,35.71,34.45,34.78,35.25,562514,2633840816.0,1.05,-1.33
2020-05-08,立讯精密,002475,35.21,35.81,34.68,35.25,34.95,520445,2461420528.0,0.97,0.86
2020-05-07,立讯精密,002475,35.64,36.1,34.86,34.95,35.45,514456,2430485808.0,0.96,-1.41
2020-05-06,立讯精密,002475,34.75,35.68,34.55,35.45,35.29,798790,3758204624.0,1.49,0.45
2020-04-30,立讯精密,002475,34.9,35.98,34.79,35.29,34.36,779093,3709652016.0,1.45,2.71
2020-04-29,立讯精密,002475,33.71,34.42,33.36,34.36,33.9,592439,2705976272.0,1.1,1.36
2020-04-28,立讯精密,002475,32.06,34.37,31.72,33.9,31.18,1391618,6196235264.0,2.59,8.72
2020-04-27,立讯精密,002475,30.94,31.28,30.12,31.18,30.62,432375,1800329408.0,0.81,1.83
2020-04-24,立讯精密,002475,30.72,31.27,30.26,30.62,30.78,466931,1939389600.0,0.87,-0.52
2020-04-23,立讯精密,002475,31.21,31.36,30.72,30.78,31.09,374811,1564768896.0,0.7,-1.0
2020-04-22,立讯精密,002475,30.46,31.15,30.18,31.09,30.75,409661,1701197328.0,0.76,1.11
2020-04-21,立讯精密,002475,31.21,31.39,29.88,30.75,31.51,670748,2760355184.0,1.25,-2.41
2020-04-20,立讯精密,002475,31.11,31.59,30.96,31.51,31.28,386793,1627645888.0,0.72,0.74
2020-04-17,立讯精密,002475,31.81,32.13,31.06,31.28,30.65,837565,3566255680.0,1.56,2.06
2020-04-16,立讯精密,002475,30.2,30.82,29.75,30.65,30.65,399446,1634617744.0,0.74,0.0
2020-04-15,立讯精密,002475,30.82,31.52,30.4,30.65,30.65,738878,3087871568.0,1.38,0.0
2020-04-14,立讯精密,002475,29.42,30.65,29.28,30.65,29.08,754025,3040083376.0,1.41,5.4
2020-04-13,立讯精密,002475,28.73,29.38,28.25,29.08,29.4,496856,1928059248.0,0.93,-1.09
2020-04-10,立讯精密,002475,30.44,30.44,29.08,29.4,30.62,792586,3155678448.0,1.48,-3.98
2020-04-09,立讯精密,002475,31.58,31.72,30.44,30.62,31.51,617363,2559817072.0,1.15,-2.82
2020-04-08,立讯精密,002475,31.21,32.52,30.91,31.51,31.33,847944,3608645536.0,1.58,0.57
2020-04-07,立讯精密,002475,31.98,31.98,30.85,31.33,30.62,827870,3499129712.0,1.54,2.32
2020-04-03,立讯精密,002475,30.59,31.25,29.98,30.62,31.19,789301,3238399648.0,1.47,-1.83
2020-04-02,立讯精密,002475,28.63,31.41,28.61,31.19,28.94,1087659,4418461696.0,2.03,7.77
2020-04-01,立讯精密,002475,28.13,30.19,28.05,28.94,28.25,987491,3907435472.0,1.84,2.44
2020-03-31,立讯精密,002475,28.82,28.99,27.85,28.25,28.27,677098,2592942704.0,1.26,-0.07
2020-03-30,立讯精密,002475,26.71,28.59,26.45,28.27,27.4,1260316,4674669312.0,2.35,3.18
2020-03-27,立讯精密,002475,28.4,28.4,26.78,27.4,27.63,915621,3418452464.0,1.71,-0.83
2020-03-26,立讯精密,002475,28.52,28.54,27.63,27.63,28.86,986156,3745481440.0,1.84,-4.26
2020-03-25,立讯精密,002475,27.5,28.86,27.48,28.86,26.14,1388617,5333854976.0,2.59,10.41
2020-03-24,立讯精密,002475,26.13,26.34,24.98,26.14,25.36,1001009,3506019344.0,1.87,3.08
2020-03-23,立讯精密,002475,26.69,27.21,25.36,25.36,28.3,1319124,4648531712.0,2.46,-10.39
2020-03-20,立讯精密,002475,28.0,28.59,27.36,28.3,27.5,1059396,4016192320.0,1.98,2.91
2020-03-19,立讯精密,002475,27.52,28.19,26.31,27.5,27.68,1223729,4514530560.0,2.28,-0.65
2020-03-18,立讯精密,002475,28.21,29.49,27.52,27.68,27.87,969424,3746109968.0,1.81,-0.68
2020-03-17,立讯精密,002475,29.05,29.63,26.25,27.87,28.64,1276810,4801212416.0,2.38,-2.69
2020-03-16,立讯精密,002475,31.75,31.81,28.64,28.64,31.95,1402451,5604993024.0,2.61,-10.36
2020-03-13,立讯精密,002475,29.78,33.08,29.75,31.95,32.15,847163,3591388080.0,1.58,-0.62
2020-03-12,立讯精密,002475,31.52,32.81,31.32,32.15,32.72,651610,2803008752.0,1.21,-1.74
2020-03-11,立讯精密,002475,34.05,34.17,32.72,32.72,33.65,733967,3287281824.0,1.37,-2.76
2020-03-10,立讯精密,002475,31.31,33.97,31.31,33.65,31.58,1138046,5019806976.0,2.12,6.55
2020-03-09,立讯精密,002475,32.94,33.45,31.4,31.58,33.95,1021807,4445537280.0,1.9,-6.98
2020-03-06,立讯精密,002475,33.36,34.55,33.03,33.95,33.88,685798,3132507440.0,1.28,0.21
2020-03-05,立讯精密,002475,34.77,35.16,32.98,33.88,34.15,1005894,4572694528.0,1.88,-0.79
2020-03-04,立讯精密,002475,35.67,36.1,33.28,34.15,35.9,1233173,5706942464.0,2.3,-4.87
2020-03-03,立讯精密,002475,37.4,37.82,35.3,35.9,36.28,1048221,5159042560.0,1.95,-1.05
2020-03-02,立讯精密,002475,35.83,36.98,34.3,36.28,35.67,1325611,6322187520.0,2.47,1.71
2020-02-28,立讯精密,002475,34.87,36.9,34.75,35.67,34.87,1668784,7993261568.0,3.11,2.29
2020-02-27,立讯精密,002475,35.52,36.38,34.62,34.87,35.52,758947,3590902256.0,1.41,-1.83
2020-02-26,立讯精密,002475,37.22,37.45,35.06,35.52,38.16,960565,4683381248.0,1.79,-6.92
2020-02-25,立讯精密,002475,36.95,38.5,36.17,38.16,38.13,936915,4692685312.0,1.75,0.08
2020-02-24,立讯精密,002475,37.37,38.62,36.63,38.13,37.63,776499,3913780288.0,1.45,1.33
2020-02-21,立讯精密,002475,36.52,38.38,36.35,37.63,37.13,817229,4123627840.0,1.52,1.35
2020-02-20,立讯精密,002475,35.02,37.48,35.02,37.13,34.35,1160171,5641463040.0,2.16,8.09
2020-02-19,立讯精密,002475,33.63,35.45,33.4,34.35,34.17,911999,4229369376.0,1.7,0.53
2020-02-18,立讯精密,002475,34.28,34.37,33.21,34.17,34.41,905737,4110283536.0,1.69,-0.7
2020-02-17,立讯精密,002475,33.09,34.45,33.08,34.41,33.02,845440,3844669792.0,1.58,4.21
2020-02-14,立讯精密,002475,32.47,33.75,32.47,33.02,32.82,571538,2551116064.0,1.07,0.61
2020-02-13,立讯精密,002475,33.52,33.9,32.75,32.82,33.59,643391,2872868688.0,1.2,-2.29
2020-02-12,立讯精密,002475,33.52,33.85,33.02,33.59,33.9,732763,3285217328.0,1.37,-0.91
2020-02-11,立讯精密,002475,31.98,34.55,31.82,33.9,32.15,1073094,4803567360.0,2.0,5.44
2020-02-10,立讯精密,002475,30.84,32.24,30.58,32.15,31.81,796364,3370483360.0,1.48,1.07
2020-02-07,立讯精密,002475,32.67,32.67,31.28,31.81,33.15,1097290,4702691584.0,2.05,-4.04
2020-02-06,立讯精密,002475,32.98,33.71,32.09,33.15,33.22,832352,3665773840.0,1.55,-0.21
2020-02-05,立讯精密,002475,32.88,35.04,32.75,33.22,33.18,950860,4316523264.0,1.77,0.12
2020-02-04,立讯精密,002475,30.88,33.18,30.83,33.18,30.21,1065875,4591291648.0,1.99,9.83
2020-02-03,立讯精密,002475,30.16,31.7,30.16,30.21,33.63,1184279,4878573824.0,2.21,-10.17
2020-01-23,立讯精密,002475,34.28,34.95,32.82,33.63,35.21,760077,3457704672.0,1.42,-4.49
2020-01-22,立讯精密,002475,32.36,35.46,31.73,35.21,32.84,695121,3121117792.0,1.3,7.22
2020-01-21,立讯精密,002475,32.36,32.98,32.05,32.84,32.44,531396,2327388192.0,0.99,1.23
2020-01-20,立讯精密,002475,31.06,32.96,31.06,32.44,31.13,756048,3296515632.0,1.41,4.21
2020-01-17,立讯精密,002475,31.76,32.08,30.82,31.13,31.82,668548,2831071600.0,1.25,-2.17
2020-01-16,立讯精密,002475,31.98,32.21,31.56,31.82,32.52,704864,3018191664.0,1.31,-2.15
2020-01-15,立讯精密,002475,31.05,32.52,30.82,32.52,31.08,545168,2318952832.0,1.02,4.63
2020-01-14,立讯精密,002475,31.2,32.12,30.89,31.08,30.81,564730,2379000336.0,1.05,0.88
2020-01-13,立讯精密,002475,29.66,31.13,29.21,30.81,29.46,673724,2750553120.0,1.26,4.58
2020-01-10,立讯精密,002475,29.92,30.12,29.34,29.46,29.64,531655,2126307360.0,0.99,-0.61
2020-01-09,立讯精密,002475,27.81,29.89,27.81,29.64,27.64,886439,3474672208.0,1.65,7.24
2020-01-08,立讯精密,002475,27.9,28.32,27.6,27.64,28.36,437551,1649761296.0,0.82,-2.54
2020-01-07,立讯精密,002475,28.23,28.53,27.82,28.36,28.21,439450,1671789008.0,0.82,0.53
2020-01-06,立讯精密,002475,27.36,28.71,27.21,28.21,27.57,747447,2847963488.0,1.39,2.32
2020-01-03,立讯精密,002475,27.98,28.55,27.44,27.57,27.82,534347,2013648752.0,1.0,-0.9
2020-01-02,立讯精密,002475,27.36,28.09,26.86,27.82,26.98,759307,2840896080.0,1.42,3.11
2019-12-31,立讯精密,002475,26.15,27.05,26.1,26.98,25.97,780330,2812148336.0,1.45,3.89
2019-12-30,立讯精密,002475,25.95,26.21,25.21,25.97,26.12,594246,2078217792.0,1.11,-0.57
2019-12-27,立讯精密,002475,26.21,26.52,25.88,26.12,26.11,485094,1723907728.0,0.91,0.04
2019-12-26,立讯精密,002475,26.05,26.71,25.86,26.11,26.21,439030,1559653488.0,0.82,-0.38
2019-12-25,立讯精密,002475,26.09,26.73,26.05,26.21,26.25,425541,1522808304.0,0.8,-0.15
2019-12-24,立讯精密,002475,26.15,26.4,25.85,26.25,26.12,299263,1062477616.0,0.56,0.5
2019-12-23,立讯精密,002475,26.05,26.58,25.8,26.12,26.57,472954,1679199840.0,0.89,-1.69
2019-12-20,立讯精密,002475,26.75,26.92,26.13,26.57,26.67,628721,2252500880.0,1.18,-0.37
2019-12-19,立讯精密,002475,26.87,26.9,26.36,26.67,27.02,454714,1636794336.0,0.85,-1.3
2019-12-18,立讯精密,002475,27.75,27.75,26.87,27.02,27.91,740031,2733239232.0,1.38,-3.19
2019-12-17,立讯精密,002475,27.18,27.98,26.88,27.91,27.33,796602,2950040576.0,1.49,2.12
2019-12-16,立讯精密,002475,27.14,27.56,26.73,27.33,27.13,665129,2441938832.0,1.24,0.74
2019-12-13,立讯精密,002475,26.82,27.14,26.25,27.13,26.22,850231,3084942048.0,1.59,3.47
2019-12-12,立讯精密,002475,26.42,26.78,26.08,26.22,26.43,567770,2026123664.0,1.06,-0.79
2019-12-11,立讯精密,002475,26.82,27.11,26.22,26.43,27.22,691860,2486517408.0,1.29,-2.9
2019-12-10,立讯精密,002475,26.79,27.45,26.12,27.22,26.87,660896,2412572912.0,1.24,1.3
2019-12-09,立讯精密,002475,27.65,27.79,26.77,26.87,27.59,711011,2605592880.0,1.33,-2.61
2019-12-06,立讯精密,002475,26.61,27.74,26.47,27.59,26.63,812272,2985289856.0,1.52,3.6
2019-12-05,立讯精密,002475,25.73,26.94,25.31,26.63,25.32,1139642,4070146736.0,2.13,5.17
2019-12-04,立讯精密,002475,24.28,25.44,24.17,25.32,24.68,702310,2391524992.0,1.31,2.59
2019-12-03,立讯精密,002475,24.82,25.1,24.05,24.68,24.86,575431,1917948944.0,1.08,-0.72
2019-12-02,立讯精密,002475,24.91,25.37,24.63,24.86,25.08,506857,1719974624.0,0.95,-0.88
2019-11-29,立讯精密,002475,25.31,25.31,24.06,25.08,25.31,607464,2042547952.0,1.14,-0.91
2019-11-28,立讯精密,002475,25.71,25.78,24.95,25.31,25.5,565402,1946611840.0,1.06,-0.75
2019-11-27,立讯精密,002475,24.67,25.98,24.06,25.5,24.51,1015625,3487105760.0,1.9,4.04
2019-11-26,立讯精密,002475,24.44,25.01,24.06,24.51,23.86,739011,2465605456.0,1.38,2.72
2019-11-25,立讯精密,002475,24.13,24.35,22.96,23.86,24.27,846721,2727338992.0,1.58,-1.69
2019-11-22,立讯精密,002475,25.45,25.7,23.98,24.27,25.55,1061604,3550009760.0,1.99,-5.01
2019-11-21,立讯精密,002475,25.35,25.9,25.27,25.55,25.59,381676,1321450368.0,0.71,-0.16
2019-11-20,立讯精密,002475,25.96,26.39,25.59,25.59,26.15,519118,1827558496.0,0.97,-2.14
2019-11-19,立讯精密,002475,25.38,26.27,24.99,26.15,25.29,617150,2159676736.0,1.15,3.4
2019-11-18,立讯精密,002475,25.6,25.77,24.82,25.29,25.64,475756,1632650128.0,0.89,-1.37
2019-11-15,立讯精密,002475,25.69,26.21,25.6,25.64,25.97,443241,1552225568.0,0.83,-1.27
2019-11-14,立讯精密,002475,25.68,26.44,25.36,25.97,25.97,663236,2323081984.0,1.24,0.0
2019-11-13,立讯精密,002475,25.05,25.98,24.78,25.97,25.0,791715,2740480112.0,1.48,3.88
2019-11-12,立讯精密,002475,25.21,25.43,24.28,25.0,25.19,654472,2196180096.0,1.22,-0.75
2019-11-11,立讯精密,002475,25.36,25.9,24.82,25.19,25.41,490491,1682731456.0,0.92,-0.87
2019-11-08,立讯精密,002475,25.58,26.32,25.35,25.41,25.35,631201,2204406368.0,1.18,0.24
2019-11-07,立讯精密,002475,24.98,25.62,24.79,25.35,25.24,484905,1660235872.0,0.91,0.44
2019-11-06,立讯精密,002475,25.29,25.58,24.82,25.24,25.64,651666,2226664160.0,1.22,-1.56
2019-11-05,立讯精密,002475,24.21,25.65,23.91,25.64,24.16,897326,3024607696.0,1.68,6.13
2019-11-04,立讯精密,002475,24.17,24.78,23.65,24.16,24.14,787919,2593821008.0,1.47,0.08
2019-11-01,立讯精密,002475,23.37,24.31,23.35,24.14,23.37,774819,2525028416.0,1.45,3.29
2019-10-31,立讯精密,002475,24.75,25.13,23.33,23.37,24.94,1024100,3340454288.0,1.92,-6.3
2019-10-30,立讯精密,002475,23.98,24.98,23.43,24.94,24.42,651043,2139956560.0,1.22,2.13
2019-10-29,立讯精密,002475,23.67,24.58,23.55,24.42,23.57,698182,2292148912.0,1.31,3.61
2019-10-28,立讯精密,002475,23.31,23.82,23.07,23.57,23.48,591360,1882351472.0,1.11,0.38
2019-10-25,立讯精密,002475,22.36,23.63,22.11,23.48,22.37,619485,1920761488.0,1.16,4.96
2019-10-24,立讯精密,002475,22.41,22.58,21.98,22.37,22.31,467333,1420958448.0,0.87,0.27
2019-10-23,立讯精密,002475,22.21,22.91,21.91,22.31,21.88,781657,2388598320.0,1.46,1.97
2019-10-22,立讯精密,002475,21.9,22.5,21.79,21.88,21.21,969401,2923943936.0,1.81,3.16
2019-10-21,立讯精密,002475,20.98,21.46,20.57,21.21,21.21,443399,1274955184.0,0.83,0.0
2019-10-18,立讯精密,002475,21.59,21.79,20.95,21.21,21.51,487185,1417307120.0,0.91,-1.39
2019-10-17,立讯精密,002475,20.55,21.72,20.41,21.51,20.32,797879,2322583792.0,1.49,5.86
2019-10-16,立讯精密,002475,20.65,21.01,20.31,20.32,20.56,348867,982923360.0,0.65,-1.17
2019-10-15,立讯精密,002475,20.59,20.88,20.35,20.56,20.75,470224,1327330304.0,0.88,-0.92
2019-10-14,立讯精密,002475,20.59,21.04,20.48,20.75,19.82,804579,2285752592.0,1.51,4.69
2019-10-11,立讯精密,002475,19.9,20.13,19.61,19.82,19.71,594104,1624272144.0,1.11,0.56
2019-10-10,立讯精密,002475,18.85,19.72,18.54,19.71,18.86,664829,1762766976.0,1.24,4.51
2019-10-09,立讯精密,002475,18.75,19.03,17.67,18.86,19.05,1003476,2531319616.0,1.88,-1.0
2019-10-08,立讯精密,002475,19.82,19.85,18.64,19.05,19.48,581190,1541959008.0,1.09,-2.21
2019-09-30,立讯精密,002475,20.11,20.38,19.44,19.48,20.36,609738,1657987968.0,1.14,-4.32
2019-09-27,立讯精密,002475,19.01,20.38,19.01,20.36,18.99,838420,2274406336.0,1.57,7.21
2019-09-26,立讯精密,002475,19.47,19.54,18.65,18.99,19.31,534921,1405946544.0,1.0,-1.66
2019-09-25,立讯精密,002475,19.75,19.78,19.04,19.31,19.85,663292,1763818064.0,1.24,-2.72
2019-09-24,立讯精密,002475,20.07,20.36,19.81,19.85,20.34,600343,1648921344.0,1.12,-2.41
2019-09-23,立讯精密,002475,20.09,20.69,19.71,20.34,20.21,715248,1987316800.0,1.34,0.64
2019-09-20,立讯精密,002475,19.75,20.7,19.61,20.21,19.75,831034,2299442384.0,1.56,2.33
2019-09-19,立讯精密,002475,19.68,19.89,19.45,19.75,19.67,640903,1727839808.0,1.2,0.41
2019-09-18,立讯精密,002475,19.05,19.85,18.67,19.67,18.95,769299,2044596080.0,1.44,3.8
2019-09-17,立讯精密,002475,18.77,19.46,18.64,18.95,18.9,826978,2168216176.0,1.55,0.26
2019-09-16,立讯精密,002475,18.28,18.9,17.85,18.9,18.04,867111,2218141840.0,1.62,4.77
2019-09-12,立讯精密,002475,17.91,18.1,17.6,18.04,17.65,432122,1065683792.0,0.81,2.21
2019-09-11,立讯精密,002475,18.35,18.52,17.6,17.65,18.34,765684,1897093280.0,1.43,-3.76
2019-09-10,立讯精密,002475,18.91,18.93,18.27,18.34,18.95,637332,1622135968.0,1.19,-3.22
2019-09-09,立讯精密,002475,18.95,19.12,18.32,18.95,18.61,752616,1941907088.0,1.41,1.83
2019-09-06,立讯精密,002475,18.6,19.31,18.2,18.61,18.55,684985,1769630960.0,1.28,0.32
2019-09-05,立讯精密,002475,18.29,19.25,17.94,18.55,18.21,890314,2280738544.0,1.67,1.87
2019-09-04,立讯精密,002475,18.4,18.76,17.9,18.21,18.59,618074,1554433712.0,1.16,-2.04
2019-09-03,立讯精密,002475,18.13,18.63,17.98,18.59,17.93,793244,2005086048.0,1.48,3.68
2019-09-02,立讯精密,002475,17.58,18.21,17.4,17.93,17.73,630305,1550619120.0,1.18,1.13
2019-08-30,立讯精密,002475,18.19,18.26,17.36,17.73,18.06,680094,1670429168.0,1.27,-1.83
2019-08-29,立讯精密,002475,17.98,18.25,17.75,18.06,17.98,404322,1005604912.0,0.76,0.44
2019-08-28,立讯精密,002475,18.18,18.35,17.78,17.98,18.31,499481,1239634656.0,0.93,-1.8
2019-08-27,立讯精密,002475,18.4,18.85,18.14,18.31,18.24,608627,1543490608.0,1.14,0.38
2019-08-26,立讯精密,002475,17.98,18.54,17.91,18.24,18.65,826817,2069865936.0,1.55,-2.2
2019-08-23,立讯精密,002475,17.71,18.67,17.45,18.65,17.68,721822,1803033584.0,1.35,5.49
2019-08-22,立讯精密,002475,18.04,18.05,17.37,17.68,18.07,657568,1603549040.0,1.23,-2.16
2019-08-21,立讯精密,002475,17.37,18.86,17.36,18.07,18.46,1076235,2687746560.0,2.01,-2.11
2019-08-20,立讯精密,002475,17.55,18.47,17.55,18.46,17.54,764700,1899982384.0,1.43,5.25
2019-08-19,立讯精密,002475,17.44,18.2,16.96,17.54,16.98,844360,2050116128.0,1.58,3.3
2019-08-16,立讯精密,002475,16.9,17.42,16.79,16.98,17.09,669979,1584919632.0,1.25,-0.64
2019-08-15,立讯精密,002475,15.86,17.13,15.63,17.09,16.13,761355,1731639312.0,1.42,5.95
2019-08-14,立讯精密,002475,16.41,16.94,16.06,16.13,15.86,982334,2252288768.0,1.84,1.7
2019-08-13,立讯精密,002475,15.71,16.25,15.61,15.86,16.01,659372,1459781088.0,1.23,-0.94
2019-08-12,立讯精密,002475,15.05,16.05,15.03,16.01,15.05,757492,1641817984.0,1.42,6.38
2019-08-09,立讯精密,002475,15.56,15.91,14.91,15.05,15.46,621377,1327316304.0,1.16,-2.65
2019-08-08,立讯精密,002475,14.73,15.52,14.63,15.46,14.65,553452,1169387584.0,1.04,5.53
2019-08-07,立讯精密,002475,14.84,15.01,14.58,14.65,14.68,471375,974874576.0,0.88,-0.2
2019-08-06,立讯精密,002475,13.96,14.85,13.74,14.68,14.46,767049,1531787168.0,1.44,1.52
2019-08-05,立讯精密,002475,14.89,15.12,14.41,14.46,15.12,707288,1455781376.0,1.32,-4.37
2019-08-02,立讯精密,002475,14.67,15.28,14.42,15.12,15.66,1030915,2138167008.0,1.93,-3.45
2019-08-01,立讯精密,002475,15.44,15.67,15.28,15.66,15.51,451238,972977264.0,0.84,0.97
2019-07-31,立讯精密,002475,15.5,15.64,15.41,15.51,15.48,414316,894071760.0,0.78,0.19
2019-07-30,立讯精密,002475,15.66,15.77,15.35,15.48,15.69,588205,1268103504.0,1.1,-1.34
2019-07-29,立讯精密,002475,15.92,16.33,15.45,15.69,15.77,688666,1512985536.0,1.29,-0.51
2019-07-26,立讯精密,002475,15.51,15.99,15.32,15.77,15.58,599895,1308670256.0,1.12,1.22
2019-07-25,立讯精密,002475,15.43,15.81,15.35,15.58,15.22,831687,1804487568.0,1.56,2.37
2019-07-24,立讯精密,002475,14.59,15.42,14.59,15.22,14.57,762121,1609336016.0,1.43,4.46
2019-07-23,立讯精密,002475,14.26,14.57,14.17,14.57,14.28,279873,564888256.0,0.52,2.03
2019-07-22,立讯精密,002475,14.39,14.48,14.11,14.28,14.28,192478,385917680.0,0.36,0.0
2019-07-19,立讯精密,002475,14.44,14.58,14.24,14.28,14.31,254425,511960304.0,0.48,-0.21
2019-07-18,立讯精密,002475,14.55,14.58,14.28,14.31,14.73,296165,596684304.0,0.55,-2.85
2019-07-17,立讯精密,002475,14.35,14.81,14.19,14.73,14.38,383670,784485440.0,0.72,2.43
2019-07-16,立讯精密,002475,14.36,14.67,14.19,14.38,14.48,401867,809332912.0,0.75,-0.69
2019-07-15,立讯精密,002475,13.85,14.48,13.55,14.48,13.9,491125,974738912.0,0.92,4.17
2019-07-12,立讯精密,002475,13.98,14.03,13.67,13.9,13.9,233522,455230912.0,0.44,0.0
2019-07-11,立讯精密,002475,14.41,14.41,13.77,13.9,14.19,398051,783513088.0,0.74,-2.04
2019-07-10,立讯精密,002475,14.13,14.48,14.12,14.19,13.98,543568,1086058880.0,1.02,1.5
2019-07-09,立讯精密,002475,13.86,14.1,13.71,13.98,13.95,353429,690629296.0,0.66,0.22
2019-07-08,立讯精密,002475,13.95,14.25,13.58,13.95,14.12,491431,959941584.0,0.92,-1.2
2019-07-05,立讯精密,002475,14.13,14.28,13.91,14.12,13.99,378430,748165392.0,0.71,0.93
2019-07-04,立讯精密,002475,14.22,14.25,13.82,13.99,14.12,295022,753384960.0,0.72,-0.92
2019-07-03,立讯精密,002475,14.78,14.78,13.93,14.12,14.83,581378,1508432736.0,1.41,-4.79
2019-07-02,立讯精密,002475,15.02,15.14,14.62,14.83,15.01,538923,1453392480.0,1.31,-1.2
2019-07-01,立讯精密,002475,14.55,15.01,14.54,15.01,13.54,925336,2502000288.0,2.25,10.86
2019-06-28,立讯精密,002475,13.76,13.76,13.31,13.54,13.72,297407,734859760.0,0.72,-1.31
2019-06-27,立讯精密,002475,13.04,13.76,13.03,13.72,12.83,541805,1342250832.0,1.32,6.94
2019-06-26,立讯精密,002475,12.4,12.92,12.3,12.83,12.41,382816,896836176.0,0.93,3.38
2019-06-25,立讯精密,002475,12.59,12.7,12.22,12.41,12.72,318253,728231648.0,0.77,-2.44
2019-06-24,立讯精密,002475,12.86,12.99,12.54,12.72,12.94,294438,689516192.0,0.72,-1.7
2019-06-21,立讯精密,002475,12.89,13.3,12.88,12.94,12.89,392745,943255856.0,0.96,0.39
2019-06-20,立讯精密,002475,12.36,13.03,12.25,12.89,12.43,556756,1301852144.0,1.35,3.7
2019-06-19,立讯精密,002475,12.75,12.76,12.36,12.43,11.5,787415,1818545888.0,1.92,8.09
2019-06-18,立讯精密,002475,11.39,11.57,11.19,11.5,11.32,219863,467067328.0,0.53,1.59
2019-06-17,立讯精密,002475,11.7,11.7,11.24,11.32,11.66,358487,759536560.0,0.87,-2.92
2019-06-14,立讯精密,002475,11.92,11.99,11.62,11.66,11.86,242131,527439056.0,0.59,-1.69
2019-06-13,立讯精密,002475,12.32,12.43,11.85,11.86,12.31,384809,852796368.0,0.94,-3.66
2019-06-12,立讯精密,002475,12.34,12.49,12.22,12.31,12.41,183218,417630784.0,0.45,-0.81
2019-06-11,立讯精密,002475,12.0,12.57,11.77,12.41,12.01,388843,880713104.0,0.95,3.33
2019-06-10,立讯精密,002475,11.39,12.13,11.39,12.01,11.43,370843,813865600.0,0.9,5.07
2019-06-06,立讯精密,002475,11.96,11.98,11.36,11.43,11.86,259008,555254736.0,0.63,-3.63
2019-06-05,立讯精密,002475,11.85,12.02,11.64,11.86,11.62,319457,700736944.0,0.78,2.07
2019-06-04,立讯精密,002475,11.74,11.89,11.48,11.62,11.76,360874,781937456.0,0.88,-1.19
2019-06-03,立讯精密,002475,11.56,11.98,11.2,11.76,11.57,409483,882861408.0,1.0,1.64
2019-05-31,立讯精密,002475,11.41,11.85,11.24,11.57,11.46,374561,807570016.0,0.91,0.96
2019-05-30,立讯精密,002475,11.43,11.5,10.98,11.46,11.44,326397,682729584.0,0.79,0.17
2019-05-29,立讯精密,002475,11.3,11.61,11.25,11.44,11.57,344183,730932544.0,0.84,-1.12
2019-05-28,立讯精密,002475,10.98,11.6,10.96,11.57,11.06,586350,1239823776.0,1.43,4.61
2019-05-27,立讯精密,002475,11.11,11.22,10.64,11.06,10.94,556282,1137948688.0,1.35,1.1
2019-05-24,立讯精密,002475,10.69,11.11,10.67,10.94,10.7,480565,981438576.0,1.17,2.24
2019-05-23,立讯精密,002475,11.41,11.41,10.44,10.7,11.45,748969,1506981280.0,1.82,-6.55
2019-05-22,立讯精密,002475,11.46,11.9,11.26,11.45,11.46,452878,972367456.0,1.1,-0.09
2019-05-21,立讯精密,002475,10.97,11.47,10.88,11.46,10.7,720524,1508362720.0,1.75,7.1
2019-05-20,立讯精密,002475,11.53,11.53,10.32,10.7,11.56,919027,1835056432.0,2.24,-7.44
2019-05-17,立讯精密,002475,12.04,12.33,11.42,11.56,12.15,646737,1421723168.0,1.57,-4.86
2019-05-16,立讯精密,002475,12.73,12.75,11.95,12.15,12.8,602222,1354920032.0,1.47,-5.08
2019-05-15,立讯精密,002475,12.52,13.02,12.31,12.8,12.31,431796,1002141296.0,1.05,3.98
2019-05-14,立讯精密,002475,12.29,12.57,12.14,12.31,12.57,466297,1064101088.0,1.13,-2.07
2019-05-13,立讯精密,002475,13.14,13.37,12.27,12.57,13.53,628411,1482019744.0,1.53,-7.1
2019-05-10,立讯精密,002475,12.8,13.59,12.8,13.53,12.52,489066,1189408448.0,1.19,8.07
2019-05-09,立讯精密,002475,12.43,12.81,12.43,12.52,12.67,312156,724800064.0,0.76,-1.18
2019-05-08,立讯精密,002475,12.48,13.22,12.48,12.67,13.18,377685,889806032.0,0.92,-3.87
2019-05-07,立讯精密,002475,12.66,13.35,12.35,13.18,12.76,588034,1391492960.0,1.43,3.29
2019-05-06,立讯精密,002475,13.19,13.5,12.76,12.76,14.31,476052,1135733008.0,1.16,-10.83
2019-04-30,立讯精密,002475,14.35,14.6,14.17,14.31,14.37,233301,608768752.0,0.57,-0.42
2019-04-29,立讯精密,002475,14.4,14.77,14.15,14.37,14.29,340000,896909632.0,0.83,0.56
2019-04-26,立讯精密,002475,14.67,14.72,14.18,14.29,14.82,366615,961753168.0,0.89,-3.58
2019-04-25,立讯精密,002475,14.87,15.04,14.67,14.82,14.88,302172,815323200.0,0.74,-0.4
2019-04-24,立讯精密,002475,14.83,14.93,14.38,14.88,14.61,374352,1001491504.0,0.91,1.85
2019-04-23,立讯精密,002475,14.8,14.96,14.46,14.61,14.26,608735,1627726800.0,1.48,2.45
2019-04-22,立讯精密,002475,14.61,14.99,14.2,14.26,14.55,409267,1086000816.0,1.0,-1.99
2019-04-19,立讯精密,002475,14.37,14.55,14.21,14.55,14.28,242236,633918848.0,0.59,1.89
2019-04-18,立讯精密,002475,14.66,14.8,14.28,14.28,14.6,298208,784435728.0,0.73,-2.19
2019-04-17,立讯精密,002475,14.57,14.93,14.43,14.6,14.3,628981,1681780016.0,1.53,2.1
2019-04-16,立讯精密,002475,13.46,14.3,13.46,14.3,13.37,509051,1294087664.0,1.24,6.96
2019-04-15,立讯精密,002475,13.92,13.95,13.34,13.37,13.65,233876,588025200.0,0.57,-2.05
2019-04-12,立讯精密,002475,13.36,13.75,13.28,13.65,13.27,215284,532997168.0,0.52,2.86
2019-04-11,立讯精密,002475,13.8,13.86,13.21,13.27,13.8,219236,541022688.0,0.53,-3.84
2019-04-10,立讯精密,002475,13.57,13.98,13.43,13.8,13.6,216266,541814832.0,0.53,1.47
2019-04-09,立讯精密,002475,13.51,13.92,13.47,13.6,13.66,207021,517322944.0,0.5,-0.44
2019-04-08,立讯精密,002475,13.96,14.04,13.37,13.66,14.02,365754,913490560.0,0.89,-2.57
2019-04-04,立讯精密,002475,14.02,14.23,13.79,14.02,14.14,277381,708751856.0,0.67,-0.85
2019-04-03,立讯精密,002475,13.73,14.26,13.62,14.14,13.82,388871,989524672.0,0.95,2.32
2019-04-02,立讯精密,002475,14.05,14.25,13.77,13.82,14.04,335013,854522640.0,0.82,-1.57
2019-04-01,立讯精密,002475,13.48,14.38,13.17,14.04,13.54,535363,1364502096.0,1.3,3.69
2019-03-29,立讯精密,002475,13.62,13.71,12.95,13.54,12.67,681524,1677497632.0,1.66,6.87
2019-03-28,立讯精密,002475,12.38,12.94,12.27,12.67,12.45,273191,637972784.0,0.66,1.77
2019-03-27,立讯精密,002475,12.3,12.59,12.16,12.45,12.24,254571,581236704.0,0.62,1.72
2019-03-26,立讯精密,002475,12.89,12.89,12.05,12.24,12.79,409541,936403232.0,1.0,-4.3
2019-03-25,立讯精密,002475,13.0,13.22,12.79,12.79,13.37,295534,705333872.0,0.72,-4.34
2019-03-22,立讯精密,002475,12.59,13.37,12.32,13.37,12.69,439211,1035836784.0,1.07,5.36
2019-03-21,立讯精密,002475,12.8,12.98,12.42,12.69,12.76,299461,697621184.0,0.73,-0.55
2019-03-20,立讯精密,002475,12.81,12.89,12.54,12.76,12.86,245234,571726224.0,0.6,-0.78
2019-03-19,立讯精密,002475,12.63,13.05,12.63,12.86,12.82,268724,635508464.0,0.65,0.31
2019-03-18,立讯精密,002475,11.96,12.95,11.89,12.82,12.15,525026,1203068864.0,1.28,5.51
2019-03-15,立讯精密,002475,11.5,12.37,11.5,12.15,11.49,563029,1255841776.0,1.37,5.74
2019-03-14,立讯精密,002475,11.41,11.62,11.18,11.49,11.41,297673,631058592.0,0.72,0.7
2019-03-13,立讯精密,002475,11.78,11.78,11.28,11.41,11.79,387923,828085792.0,0.94,-3.22
2019-03-12,立讯精密,002475,11.62,12.17,11.61,11.79,11.47,692615,1524149856.0,1.68,2.79
2019-03-11,立讯精密,002475,11.06,11.5,11.04,11.47,11.12,607318,1272409360.0,1.48,3.15
2019-03-08,立讯精密,002475,10.8,11.33,10.7,11.12,11.02,440387,905405472.0,1.07,0.91
2019-03-07,立讯精密,002475,11.27,11.27,10.71,11.02,11.29,418797,860333824.0,1.02,-2.39
2019-03-06,立讯精密,002475,11.59,11.71,11.01,11.29,11.57,765765,1600322880.0,1.86,-2.42
2019-03-05,立讯精密,002475,11.18,11.65,11.06,11.57,11.27,613886,1299048496.0,1.49,2.66
2019-03-04,立讯精密,002475,11.37,11.82,11.14,11.27,11.23,656119,1397666528.0,1.6,0.36
2019-03-01,立讯精密,002475,11.64,11.67,10.97,11.23,11.28,365449,760062992.0,0.89,-0.44
2019-02-28,立讯精密,002475,11.15,11.4,11.01,11.28,11.2,336851,706274800.0,0.82,0.71
2019-02-27,立讯精密,002475,11.36,11.57,10.71,11.2,11.58,455959,954002704.0,1.11,-3.28
2019-02-26,立讯精密,002475,11.51,11.78,11.3,11.58,11.41,634379,1357314192.0,1.54,1.49
2019-02-25,立讯精密,002475,11.71,12.2,11.12,11.41,10.98,661342,1422660656.0,1.61,3.92
2019-02-22,立讯精密,002475,10.2,11.0,10.2,10.98,10.34,416824,836295744.0,1.01,6.19
2019-02-21,立讯精密,002475,10.33,10.7,10.16,10.34,10.4,473253,926955632.0,1.15,-0.58
2019-02-20,立讯精密,002475,9.81,10.4,9.77,10.4,9.7,576307,1100267376.0,1.4,7.22
2019-02-19,立讯精密,002475,9.67,10.12,9.53,9.7,9.67,461969,855478000.0,1.12,0.31
2019-02-18,立讯精密,002475,9.06,9.73,9.06,9.67,8.99,565057,999368336.0,1.37,7.56
2019-02-15,立讯精密,002475,9.06,9.25,8.98,8.99,9.06,272890,470507696.0,0.66,-0.77
2019-02-14,立讯精密,002475,9.22,9.35,9.01,9.06,9.24,477621,827267040.0,1.16,-1.95
2019-02-13,立讯精密,002475,9.27,9.43,9.06,9.24,9.21,431141,755493200.0,1.05,0.33
2019-02-12,立讯精密,002475,9.25,9.35,9.13,9.21,9.25,354048,618510304.0,0.86,-0.43
2019-02-11,立讯精密,002475,8.84,9.25,8.75,9.25,8.75,562344,975208320.0,1.37,5.71
2019-02-01,立讯精密,002475,8.72,8.84,8.59,8.75,8.56,286946,477793408.0,0.7,2.22
2019-01-31,立讯精密,002475,8.62,8.64,8.43,8.56,8.43,313768,512591200.0,0.76,1.54
2019-01-30,立讯精密,002475,8.54,8.67,8.37,8.43,8.5,186305,303155728.0,0.45,-0.82
2019-01-29,立讯精密,002475,8.63,8.63,8.26,8.5,8.54,281513,456242752.0,0.68,-0.47
2019-01-28,立讯精密,002475,8.15,8.65,8.09,8.54,8.09,427715,695370896.0,1.04,5.56
2019-01-25,立讯精密,002475,7.8,8.27,7.75,8.09,7.8,346170,538397344.0,0.84,3.72
2019-01-24,立讯精密,002475,7.79,7.82,7.66,7.8,7.79,191104,287072592.0,0.46,0.13
2019-01-23,立讯精密,002475,7.7,7.83,7.7,7.79,7.79,118409,177790259.0,0.29,0.0
2019-01-22,立讯精密,002475,7.78,7.83,7.65,7.79,7.78,143768,215789947.0,0.35,0.13
2019-01-21,立讯精密,002475,7.72,7.96,7.72,7.78,7.8,268752,406604688.0,0.65,-0.26
2019-01-18,立讯精密,002475,7.7,7.83,7.63,7.8,7.7,264178,396770192.0,0.64,1.3
2019-01-17,立讯精密,002475,7.66,7.86,7.59,7.7,7.7,227956,342375632.0,0.55,0.0
2019-01-16,立讯精密,002475,7.76,7.89,7.6,7.7,7.77,260786,392001344.0,0.63,-0.9
2019-01-15,立讯精密,002475,7.64,7.77,7.5,7.77,7.64,290162,430738064.0,0.71,1.7
2019-01-14,立讯精密,002475,7.66,7.75,7.59,7.64,7.6,275919,410352192.0,0.67,0.53
2019-01-11,立讯精密,002475,7.73,7.79,7.56,7.6,7.69,288297,428351216.0,0.7,-1.17
2019-01-10,立讯精密,002475,7.57,7.76,7.25,7.69,7.15,688306,1010819440.0,1.67,7.55
2019-01-09,立讯精密,002475,7.1,7.33,7.06,7.15,7.1,320295,452626704.0,0.78,0.7
2019-01-08,立讯精密,002475,6.89,7.22,6.87,7.1,6.98,213620,297041600.0,0.52,1.72
2019-01-07,立讯精密,002475,6.71,7.01,6.65,6.98,6.69,351603,473709360.0,0.86,4.33
2019-01-04,立讯精密,002475,6.65,6.78,6.45,6.69,6.83,426493,558065408.0,1.04,-2.05
2019-01-03,立讯精密,002475,7.04,7.08,6.56,6.83,7.24,292660,397550768.0,0.71,-5.66
2019-01-02,立讯精密,002475,7.21,7.43,7.17,7.24,7.19,240228,341675680.0,0.58,0.7
2018-12-28,立讯精密,002475,7.2,7.3,7.02,7.19,7.13,250329,352258864.0,0.61,0.84
2018-12-27,立讯精密,002475,7.39,7.43,7.13,7.13,7.16,281665,399419744.0,0.69,-0.42
2018-12-26,立讯精密,002475,6.99,7.21,6.95,7.16,7.02,237458,331935584.0,0.58,1.99
2018-12-25,立讯精密,002475,6.79,7.11,6.75,7.02,6.92,237216,322419744.0,0.58,1.45
2018-12-24,立讯精密,002475,6.62,7.04,6.62,6.92,6.68,265898,359129376.0,0.65,3.59
2018-12-21,立讯精密,002475,6.67,6.79,6.51,6.68,6.73,254729,334447696.0,0.62,-0.74
2018-12-20,立讯精密,002475,6.64,6.83,6.57,6.73,6.64,231031,305548656.0,0.56,1.36
2018-12-19,立讯精密,002475,6.98,7.0,6.6,6.64,6.95,249560,332841392.0,0.61,-4.46
2018-12-18,立讯精密,002475,6.75,6.98,6.7,6.95,6.86,233005,313529168.0,0.57,1.31
2018-12-17,立讯精密,002475,7.17,7.22,6.48,6.86,7.24,531175,710893248.0,1.29,-5.25
2018-12-14,立讯精密,002475,7.62,7.62,7.16,7.24,7.66,449336,643391952.0,1.09,-5.48
2018-12-13,立讯精密,002475,7.63,7.72,7.48,7.66,7.6,223037,330377552.0,0.54,0.79
2018-12-12,立讯精密,002475,7.75,7.89,7.51,7.6,7.71,172412,255144261.0,0.42,-1.43
2018-12-11,立讯精密,002475,7.69,7.77,7.6,7.71,7.72,111266,165788883.0,0.27,-0.13
2018-12-10,立讯精密,002475,7.76,7.8,7.64,7.72,7.83,134983,201928160.0,0.33,-1.4
2018-12-07,立讯精密,002475,7.77,7.92,7.77,7.83,7.77,119724,181726466.0,0.29,0.77
2018-12-06,立讯精密,002475,7.89,7.92,7.76,7.77,8.18,289368,438458448.0,0.7,-5.01
2018-12-05,立讯精密,002475,8.04,8.24,7.93,8.18,8.23,201354,315156096.0,0.49,-0.61
2018-12-04,立讯精密,002475,8.18,8.34,8.11,8.23,8.18,270777,427881584.0,0.66,0.61
2018-12-03,立讯精密,002475,8.25,8.43,8.07,8.18,7.8,469769,741847296.0,1.14,4.87
2018-11-30,立讯精密,002475,7.51,7.85,7.49,7.8,7.54,199419,297365488.0,0.49,3.45
2018-11-29,立讯精密,002475,7.83,7.91,7.52,7.54,7.68,231950,346934896.0,0.56,-1.82
2018-11-28,立讯精密,002475,7.51,7.8,7.45,7.68,7.63,188970,280238288.0,0.46,0.66
2018-11-27,立讯精密,002475,7.71,7.75,7.39,7.63,7.67,294715,430882448.0,0.72,-0.52
2018-11-26,立讯精密,002475,7.84,7.95,7.6,7.67,7.86,195830,293626384.0,0.48,-2.42
2018-11-23,立讯精密,002475,8.07,8.07,7.72,7.86,8.06,223494,338666976.0,0.54,-2.48
2018-11-22,立讯精密,002475,8.1,8.14,7.99,8.06,8.07,124458,193509010.0,0.3,-0.12
2018-11-21,立讯精密,002475,7.95,8.09,7.88,8.07,8.09,220087,339607232.0,0.54,-0.25
2018-11-20,立讯精密,002475,8.2,8.37,8.06,8.09,8.44,310583,489202704.0,0.76,-4.15
2018-11-19,立讯精密,002475,8.33,8.63,8.33,8.44,8.24,453504,736640512.0,1.1,2.43
2018-11-16,立讯精密,002475,8.03,8.25,7.92,8.24,7.95,440100,688584800.0,1.07,3.65
2018-11-15,立讯精密,002475,7.81,8.05,7.75,7.95,7.8,393478,603675968.0,0.96,1.92
2018-11-14,立讯精密,002475,7.74,7.94,7.7,7.8,7.98,357097,541901264.0,0.87,-2.26
2018-11-13,立讯精密,002475,7.77,8.04,7.4,7.98,8.15,863648,1292743152.0,2.1,-2.09
2018-11-12,立讯精密,002475,7.8,8.16,7.63,8.15,7.83,329722,505790048.0,0.8,4.09
2018-11-09,立讯精密,002475,7.92,8.01,7.81,7.83,8.06,250689,382864048.0,0.61,-2.85
2018-11-08,立讯精密,002475,8.19,8.28,7.91,8.06,8.04,232921,362143920.0,0.57,0.25
2018-11-07,立讯精密,002475,7.97,8.33,7.96,8.04,7.93,324921,506690800.0,0.79,1.39
2018-11-06,立讯精密,002475,8.13,8.18,7.82,7.93,8.36,450034,692277088.0,1.09,-5.14
2018-11-05,立讯精密,002475,8.75,8.75,8.15,8.36,8.96,659895,1058036080.0,1.61,-6.7
2018-11-02,立讯精密,002475,8.93,9.14,8.6,8.96,8.64,494603,835408448.0,1.2,3.7
2018-11-01,立讯精密,002475,8.76,8.96,8.63,8.64,8.69,228707,383723504.0,0.56,-0.58
2018-10-31,立讯精密,002475,8.47,8.74,8.46,8.69,8.63,194681,320655856.0,0.47,0.7
2018-10-30,立讯精密,002475,8.44,8.76,8.04,8.63,8.45,296228,480187168.0,0.72,2.13
2018-10-29,立讯精密,002475,8.67,8.68,8.28,8.45,8.63,252818,409112448.0,0.62,-2.09
2018-10-26,立讯精密,002475,9.11,9.11,8.44,8.63,9.04,279949,467448016.0,0.68,-4.54
2018-10-25,立讯精密,002475,8.48,9.27,8.38,9.04,8.83,301699,505774640.0,0.73,2.38
2018-10-24,立讯精密,002475,9.01,9.15,8.75,8.83,8.99,263217,447567952.0,0.64,-1.78
2018-10-23,立讯精密,002475,9.35,9.41,8.94,8.99,9.36,318863,556254688.0,0.78,-3.95
2018-10-22,立讯精密,002475,8.77,9.36,8.75,9.36,8.41,634678,1098369104.0,1.54,11.3
2018-10-19,立讯精密,002475,7.75,8.41,7.66,8.41,7.85,398583,625195728.0,0.97,7.13
2018-10-18,立讯精密,002475,7.69,8.14,7.59,7.85,7.81,299130,457611920.0,0.73,0.51
2018-10-17,立讯精密,002475,7.92,7.98,7.46,7.81,7.74,193956,291171296.0,0.47,0.9
2018-10-16,立讯精密,002475,7.92,7.93,7.69,7.74,7.95,136330,205585916.0,0.33,-2.64
2018-10-15,立讯精密,002475,7.91,8.25,7.86,7.95,7.85,317940,493684736.0,0.77,1.27
2018-10-12,立讯精密,002475,7.51,7.85,7.28,7.85,7.56,215832,317909056.0,0.53,3.84
2018-10-11,立讯精密,002475,7.32,7.63,7.23,7.56,7.72,271625,394176256.0,0.66,-2.07
2018-10-10,立讯精密,002475,7.75,7.83,7.59,7.72,7.7,203256,303878800.0,0.49,0.26
2018-10-09,立讯精密,002475,7.61,7.87,7.47,7.7,7.22,467581,695080288.0,1.14,6.65
2018-10-08,立讯精密,002475,7.69,7.69,7.2,7.22,7.99,329744,475601456.0,0.8,-9.64
2018-09-28,立讯精密,002475,7.89,8.05,7.67,7.99,7.89,238760,363075008.0,0.58,1.27
2018-09-27,立讯精密,002475,8.17,8.24,7.69,7.89,8.12,319155,486940848.0,0.78,-2.83
2018-09-26,立讯精密,002475,8.17,8.31,8.01,8.12,8.09,232318,364379744.0,0.57,0.37
2018-09-25,立讯精密,002475,7.79,8.17,7.77,8.09,7.9,267676,414662160.0,0.65,2.41
2018-09-21,立讯精密,002475,7.81,7.95,7.5,7.9,7.85,340105,509511168.0,0.83,0.64
2018-09-20,立讯精密,002475,7.75,7.97,7.65,7.85,7.61,338182,510495216.0,0.82,3.15
2018-09-19,立讯精密,002475,7.79,7.86,7.2,7.61,7.8,593915,871132736.0,1.44,-2.44
2018-09-18,立讯精密,002475,7.51,7.82,7.4,7.8,7.73,336770,499438336.0,0.82,0.91
2018-09-17,立讯精密,002475,8.1,8.17,7.58,7.73,8.31,397819,602159840.0,0.97,-6.98
2018-09-14,立讯精密,002475,8.43,8.5,7.8,8.31,8.41,460762,718191056.0,1.12,-1.19
2018-09-13,立讯精密,002475,8.73,8.81,8.08,8.41,8.34,395162,635484224.0,0.96,0.84
2018-09-12,立讯精密,002475,8.56,8.68,8.27,8.34,8.48,200268,324414224.0,0.49,-1.65
2018-09-11,立讯精密,002475,8.42,8.66,8.23,8.48,8.39,297571,481119104.0,0.72,1.07
2018-09-10,立讯精密,002475,9.23,9.23,8.39,8.39,9.45,811215,1322278864.0,1.97,-11.22
2018-09-07,立讯精密,002475,9.64,9.85,9.38,9.45,9.56,144270,260561710.0,0.35,-1.15
2018-09-06,立讯精密,002475,9.35,9.79,9.35,9.56,9.64,149135,269448256.0,0.36,-0.83
2018-09-05,立讯精密,002475,9.96,9.96,9.59,9.64,9.96,187825,344880720.0,0.46,-3.21
2018-09-04,立讯精密,002475,9.17,9.96,9.14,9.96,9.38,337879,619930704.0,0.82,6.18
2018-09-03,立讯精密,002475,9.6,9.92,9.14,9.38,9.88,376430,668625056.0,0.92,-5.06
2018-08-31,立讯精密,002475,9.82,10.14,9.64,9.88,9.91,198409,367023136.0,0.48,-0.3
2018-08-30,立讯精密,002475,9.82,10.19,9.82,9.91,9.84,242919,459312192.0,0.59,0.71
2018-08-29,立讯精密,002475,9.81,9.97,9.67,9.84,9.88,106928,198060451.0,0.26,-0.4
2018-08-28,立讯精密,002475,9.71,9.91,9.6,9.88,9.85,181740,334318064.0,0.44,0.3
2018-08-27,立讯精密,002475,9.4,9.88,9.27,9.85,9.27,288340,524717536.0,0.7,6.26
2018-08-24,立讯精密,002475,9.08,9.3,8.89,9.27,8.72,360355,626253696.0,0.88,6.31
2018-08-23,立讯精密,002475,8.75,8.88,8.56,8.72,8.84,252340,422263024.0,0.61,-1.36
2018-08-22,立讯精密,002475,8.95,9.0,8.27,8.84,8.95,320885,527914768.0,0.78,-1.23
2018-08-21,立讯精密,002475,8.63,9.02,8.62,8.95,8.53,238646,401827072.0,0.58,4.92
2018-08-20,立讯精密,002475,8.59,8.9,8.1,8.53,8.59,377707,611889408.0,0.92,-0.7
2018-08-17,立讯精密,002475,9.36,9.4,8.55,8.59,9.22,346077,584143424.0,0.84,-6.83
2018-08-16,立讯精密,002475,9.09,9.57,9.05,9.22,9.38,173005,303855328.0,0.42,-1.71
2018-08-15,立讯精密,002475,9.72,9.77,9.25,9.38,9.78,174007,311681504.0,0.42,-4.09
2018-08-14,立讯精密,002475,10.0,10.1,9.65,9.78,10.11,189667,350552048.0,0.46,-3.26
2018-08-13,立讯精密,002475,9.74,10.11,9.59,10.11,9.83,215992,403771504.0,0.53,2.85
2018-08-10,立讯精密,002475,9.85,9.96,9.61,9.83,9.88,140794,259615964.0,0.34,-0.51
2018-08-09,立讯精密,002475,9.2,9.88,9.2,9.88,9.25,235358,430175936.0,0.57,6.81
2018-08-08,立讯精密,002475,9.45,9.69,9.25,9.25,9.55,109179,195238471.0,0.27,-3.14
2018-08-07,立讯精密,002475,8.96,9.57,8.96,9.55,8.88,183660,322564896.0,0.45,7.55
2018-08-06,立讯精密,002475,9.3,9.38,8.86,8.88,9.34,136046,234847543.0,0.33,-4.93
2018-08-03,立讯精密,002475,9.77,9.89,9.16,9.34,9.76,206356,368232736.0,0.5,-4.3
2018-08-02,立讯精密,002475,9.6,9.83,9.27,9.76,9.47,319885,578117568.0,0.78,3.06
2018-08-01,立讯精密,002475,9.79,10.02,9.37,9.47,9.55,283279,520398656.0,0.69,-0.84
2018-07-31,立讯精密,002475,9.82,9.9,9.45,9.55,9.73,154866,281032464.0,0.38,-1.85
2018-07-30,立讯精密,002475,10.08,10.09,9.61,9.73,9.97,132215,243187052.0,0.32,-2.41
2018-07-27,立讯精密,002475,9.85,10.16,9.83,9.97,9.93,106427,200051638.0,0.26,0.4
2018-07-26,立讯精密,002475,10.42,10.47,9.85,9.93,10.4,226794,429013280.0,0.55,-4.52
2018-07-25,立讯精密,002475,10.32,10.49,10.18,10.4,10.22,209159,406364624.0,0.51,1.76
2018-07-24,立讯精密,002475,10.2,10.46,10.12,10.22,10.3,234518,450968640.0,0.57,-0.78
2018-07-23,立讯精密,002475,10.01,10.47,9.91,10.3,9.85,335002,641520384.0,0.81,4.57
2018-07-20,立讯精密,002475,9.8,10.03,9.63,9.85,9.74,152726,283501024.0,0.37,1.13
2018-07-19,立讯精密,002475,9.99,10.03,9.6,9.74,9.83,128135,235437214.0,0.31,-0.92
2018-07-18,立讯精密,002475,10.05,10.07,9.77,9.83,10.09,167273,311711968.0,0.41,-2.58
2018-07-17,立讯精密,002475,10.06,10.27,9.91,10.09,10.0,181864,344070880.0,0.44,0.9
2018-07-16,立讯精密,002475,9.97,10.27,9.82,10.0,9.95,167023,412001248.0,0.53,0.5
2018-07-13,立讯精密,002475,9.7,10.14,9.57,9.95,9.67,209345,510063456.0,0.66,2.9
2018-07-12,立讯精密,002475,8.98,9.95,8.97,9.67,8.99,318280,754199152.0,1.01,7.56
2018-07-11,立讯精密,002475,8.59,9.06,8.49,8.99,9.06,140845,308516160.0,0.45,-0.77
2018-07-10,立讯精密,002475,9.11,9.27,8.87,9.06,9.06,126568,284958112.0,0.4,0.0
2018-07-09,立讯精密,002475,8.81,9.22,8.8,9.06,8.61,258176,579440896.0,0.82,5.23
2018-07-06,立讯精密,002475,8.42,8.84,8.42,8.61,8.48,203548,439954848.0,0.64,1.53
2018-07-05,立讯精密,002475,8.47,8.64,8.4,8.48,8.49,120560,256109543.0,0.38,-0.12
2018-07-04,立讯精密,002475,8.58,8.7,8.4,8.49,8.63,133035,283018544.0,0.42,-1.62
2018-07-03,立讯精密,002475,8.62,8.83,8.2,8.63,8.63,225330,479058976.0,0.71,0.0
2018-07-02,立讯精密,002475,9.1,9.12,8.51,8.63,9.1,204173,443607648.0,0.65,-5.16
2018-06-29,立讯精密,002475,8.56,9.38,8.56,9.1,8.53,190818,422051568.0,0.6,6.68
2018-06-28,立讯精密,002475,8.43,8.79,8.37,8.53,8.29,279565,597288384.0,0.88,2.9
2018-06-27,立讯精密,002475,8.84,8.92,8.24,8.29,8.72,230481,488442928.0,0.73,-4.93
2018-06-26,立讯精密,002475,8.67,9.07,8.56,8.72,8.85,158604,344420288.0,0.5,-1.47
2018-06-25,立讯精密,002475,9.31,9.4,8.72,8.85,9.22,165002,367123184.0,0.52,-4.01
2018-06-22,立讯精密,002475,8.99,9.49,8.76,9.22,9.21,165074,374781968.0,0.52,0.11
2018-06-21,立讯精密,002475,9.95,9.97,9.13,9.21,9.87,278851,646592288.0,0.88,-6.69
2018-06-20,立讯精密,002475,9.61,9.98,9.61,9.87,9.75,122664,297416560.0,0.39,1.23
2018-06-19,立讯精密,002475,9.77,10.15,9.57,9.75,10.08,265484,639411792.0,0.84,-3.27
2018-06-15,立讯精密,002475,10.14,10.29,9.89,10.08,10.13,119051,294591136.0,0.38,-0.49
2018-06-14,立讯精密,002475,10.11,10.39,9.9,10.13,10.36,197955,492293584.0,0.63,-2.22
2018-06-13,立讯精密,002475,10.46,10.55,10.14,10.36,10.46,172169,435697296.0,0.54,-0.96
2018-06-12,立讯精密,002475,10.47,10.65,10.3,10.46,10.54,176515,451261520.0,0.56,-0.76
2018-06-11,立讯精密,002475,10.09,10.58,10.0,10.54,10.13,321200,814403408.0,1.02,4.05
2018-06-08,立讯精密,002475,9.68,10.16,9.68,10.13,9.77,308867,761224352.0,0.98,3.68
2018-06-07,立讯精密,002475,10.0,10.19,9.75,9.77,10.02,255745,626825328.0,0.81,-2.5
2018-06-06,立讯精密,002475,9.93,10.13,9.9,10.02,10.02,366724,901470288.0,1.16,0.0
2018-06-05,立讯精密,002475,9.54,10.05,9.53,10.02,9.48,371204,903055936.0,1.17,5.7
2018-06-04,立讯精密,002475,9.24,9.48,9.16,9.48,9.13,106886,247052563.0,0.34,3.83
2018-06-01,立讯精密,002475,9.38,9.38,9.09,9.13,9.42,133786,303708080.0,0.42,-3.08
2018-05-31,立讯精密,002475,9.4,9.49,9.09,9.42,9.31,128130,293472432.0,0.41,1.18
2018-05-30,立讯精密,002475,9.26,9.49,8.91,9.31,9.59,117429,267945677.0,0.37,-2.92
2018-05-29,立讯精密,002475,9.62,9.81,9.58,9.59,9.62,134994,322482064.0,0.43,-0.31
2018-05-28,立讯精密,002475,9.4,9.83,9.33,9.62,9.27,161233,383429280.0,0.51,3.78
2018-05-25,立讯精密,002475,9.38,9.52,9.2,9.27,9.35,96258,222496178.0,0.3,-0.86
2018-05-24,立讯精密,002475,9.6,9.72,9.31,9.35,9.68,114808,267021303.0,0.36,-3.41
2018-05-23,立讯精密,002475,9.88,9.88,9.63,9.68,9.8,69061,165443959.0,0.22,-1.22
2018-05-22,立讯精密,002475,9.75,9.87,9.68,9.8,9.76,103619,249385532.0,0.33,0.41
2018-05-21,立讯精密,002475,9.42,9.86,9.42,9.76,9.28,176353,421958096.0,0.56,5.17
2018-05-18,立讯精密,002475,9.16,9.35,9.1,9.28,9.23,109128,248975116.0,0.35,0.54
2018-05-17,立讯精密,002475,9.43,9.59,9.23,9.23,9.42,113469,261958907.0,0.36,-2.02
2018-05-16,立讯精密,002475,9.59,9.68,9.32,9.42,9.72,141929,330910736.0,0.45,-3.09
2018-05-15,立讯精密,002475,9.86,9.92,9.48,9.72,9.81,136145,322066272.0,0.43,-0.92
2018-05-14,立讯精密,002475,9.4,9.81,9.4,9.81,9.36,197133,471264608.0,0.62,4.81
2018-05-11,立讯精密,002475,9.65,9.7,9.34,9.36,9.63,122094,285155152.0,0.39,-2.8
2018-05-10,立讯精密,002475,9.36,9.74,9.36,9.63,9.36,193627,457833312.0,0.61,2.88
2018-05-09,立讯精密,002475,9.12,9.4,9.04,9.36,9.07,193451,445189808.0,0.61,3.2
2018-05-08,立讯精密,002475,8.81,9.17,8.66,9.07,8.74,184813,412222704.0,0.58,3.78
2018-05-07,立讯精密,002475,8.8,8.98,8.64,8.74,8.71,192969,420908336.0,0.61,0.34
2018-05-04,立讯精密,002475,8.71,9.03,8.68,8.71,8.71,152682,336371152.0,0.48,0.0
2018-05-03,立讯精密,002475,8.67,8.76,8.45,8.71,8.52,122435,263551355.0,0.39,2.23
2018-05-02,立讯精密,002475,8.52,8.8,8.38,8.52,8.36,176322,377242368.0,0.56,1.91
2018-04-27,立讯精密,002475,8.27,8.49,8.08,8.36,8.2,175868,365600096.0,0.56,1.95
2018-04-26,立讯精密,002475,8.72,8.72,8.04,8.2,8.72,278212,575156560.0,0.88,-5.96
2018-04-25,立讯精密,002475,8.02,8.79,8.0,8.72,8.1,252313,527749776.0,0.8,7.65
2018-04-24,立讯精密,002475,7.97,8.29,7.9,8.1,8.01,194971,397453040.0,0.62,1.12
2018-04-23,立讯精密,002475,8.99,8.99,8.0,8.01,9.02,425220,869659424.0,1.34,-11.2
2018-04-20,立讯精密,002475,8.86,9.11,8.81,9.02,9.01,166535,372070416.0,0.53,0.11
2018-04-19,立讯精密,002475,8.98,9.17,8.81,9.01,8.9,109171,243190584.0,0.35,1.24
2018-04-18,立讯精密,002475,9.18,9.3,8.71,8.9,9.18,213434,472598160.0,0.68,-3.05
2018-04-17,立讯精密,002475,9.57,9.66,9.15,9.18,9.56,152140,349789680.0,0.48,-3.97
2018-04-16,立讯精密,002475,9.59,9.67,9.51,9.56,9.64,64937,153241154.0,0.21,-0.83
2018-04-13,立讯精密,002475,9.82,9.85,9.64,9.64,9.73,69413,165953307.0,0.22,-0.92
2018-04-12,立讯精密,002475,9.82,9.86,9.64,9.73,9.72,82966,198776399.0,0.26,0.1
2018-04-11,立讯精密,002475,9.81,9.9,9.68,9.72,9.7,80028,192772366.0,0.25,0.21
2018-04-10,立讯精密,002475,9.49,9.76,9.49,9.7,9.48,98430,233798303.0,0.31,2.32
2018-04-09,立讯精密,002475,9.7,9.75,9.47,9.48,9.74,120647,283482288.0,0.38,-2.67
2018-04-04,立讯精密,002475,9.72,9.87,9.51,9.74,9.7,114446,274314128.0,0.36,0.41
2018-04-03,立讯精密,002475,9.54,9.75,9.44,9.7,9.54,97697,231381884.0,0.31,1.68
2018-04-02,立讯精密,002475,9.54,9.84,9.37,9.54,9.85,229700,543972720.0,0.73,-3.15
2018-03-30,立讯精密,002475,9.99,10.14,9.81,9.85,9.93,157864,384063184.0,0.5,-0.81
2018-03-29,立讯精密,002475,10.07,10.27,9.78,9.93,10.15,95552,233719007.0,0.3,-2.17
2018-03-28,立讯精密,002475,9.98,10.39,9.95,10.15,10.13,170001,425608800.0,0.54,0.2
2018-03-27,立讯精密,002475,9.86,10.17,9.86,10.13,9.7,156172,385172528.0,0.49,4.43
2018-03-26,立讯精密,002475,9.52,9.81,9.2,9.7,9.7,189889,448997536.0,0.6,0.0
2018-03-23,立讯精密,002475,9.58,9.79,9.36,9.7,10.08,280312,662967952.0,0.89,-3.77
2018-03-22,立讯精密,002475,10.4,10.46,9.97,10.08,10.4,154375,384507504.0,0.49,-3.08
2018-03-21,立讯精密,002475,10.49,10.65,10.38,10.4,10.45,105423,271081840.0,0.33,-0.48
2018-03-20,立讯精密,002475,10.48,10.54,10.15,10.45,10.49,91822,232318457.0,0.29,-0.38
2018-03-19,立讯精密,002475,10.45,10.59,10.33,10.49,10.5,96331,246368597.0,0.3,-0.1
2018-03-16,立讯精密,002475,10.58,10.7,10.38,10.5,10.5,132273,341152640.0,0.42,0.0
2018-03-15,立讯精密,002475,10.38,10.63,10.32,10.5,10.36,139412,358104832.0,0.44,1.35
2018-03-14,立讯精密,002475,10.29,10.44,10.23,10.36,10.36,112742,284873104.0,0.36,0.0
2018-03-13,立讯精密,002475,10.68,10.68,10.34,10.36,10.59,148210,378778416.0,0.47,-2.17
2018-03-12,立讯精密,002475,10.46,10.82,10.46,10.59,10.35,260062,675281024.0,0.82,2.32
2018-03-09,立讯精密,002475,10.02,10.45,9.95,10.35,10.0,214578,539292416.0,0.68,3.5
2018-03-08,立讯精密,002475,9.91,10.03,9.83,10.0,9.94,107225,261199438.0,0.34,0.6
2018-03-07,立讯精密,002475,10.25,10.26,9.91,9.94,10.24,128348,315212320.0,0.41,-2.93
2018-03-06,立讯精密,002475,10.02,10.25,10.0,10.24,10.04,163518,406862928.0,0.52,1.99
2018-03-05,立讯精密,002475,10.13,10.25,9.82,10.04,10.17,148577,362911216.0,0.47,-1.28
2018-03-02,立讯精密,002475,10.22,10.31,9.95,10.17,10.39,184392,455276896.0,0.58,-2.12
2018-03-01,立讯精密,002475,9.95,10.39,9.9,10.39,9.99,260393,650781968.0,0.82,4.0
2018-02-28,立讯精密,002475,10.06,10.1,9.78,9.99,10.26,279285,680521376.0,0.88,-2.63
2018-02-27,立讯精密,002475,10.54,10.54,10.18,10.26,10.4,152013,384209712.0,0.48,-1.35
2018-02-26,立讯精密,002475,10.01,10.61,9.86,10.4,9.86,265158,665869776.0,0.84,5.48
2018-02-23,立讯精密,002475,10.17,10.2,9.74,9.86,10.15,144293,351148592.0,0.46,-2.86
2018-02-22,立讯精密,002475,9.99,10.22,9.68,10.15,9.83,178446,438842176.0,0.56,3.26
2018-02-14,立讯精密,002475,9.8,9.9,9.54,9.83,9.63,92829,223115295.0,0.29,2.08
2018-02-13,立讯精密,002475,9.73,10.03,9.59,9.63,9.65,168333,405144640.0,0.53,-0.21
2018-02-12,立讯精密,002475,9.17,9.68,9.15,9.65,9.19,234173,549549520.0,0.74,5.01
2018-02-09,立讯精密,002475,8.99,9.2,8.77,9.19,9.24,216268,483544768.0,0.68,-0.54
2018-02-08,立讯精密,002475,9.21,9.45,9.06,9.24,9.2,209943,481851648.0,0.66,0.43
2018-02-07,立讯精密,002475,9.31,9.36,8.98,9.2,9.04,257191,586826336.0,0.81,1.77
2018-02-06,立讯精密,002475,9.17,9.38,9.0,9.04,9.36,233770,527730112.0,0.74,-3.42
2018-02-05,立讯精密,002475,9.06,9.45,8.92,9.36,9.21,204753,466833936.0,0.65,1.63
2018-02-02,立讯精密,002475,8.94,9.39,8.8,9.21,8.74,377059,856066832.0,1.19,5.38
2018-02-01,立讯精密,002475,8.76,8.95,8.59,8.74,8.74,176657,386249920.0,0.56,0.0
2018-01-31,立讯精密,002475,8.58,8.79,8.47,8.74,8.7,194431,417283968.0,0.61,0.46
2018-01-30,立讯精密,002475,8.62,8.76,8.51,8.7,8.71,161546,347042688.0,0.51,-0.11
2018-01-29,立讯精密,002475,8.82,8.87,8.42,8.71,8.86,372262,800206160.0,1.18,-1.69
2018-01-26,立讯精密,002475,9.14,9.25,8.8,8.86,9.22,202273,448834320.0,0.64,-3.9
2018-01-25,立讯精密,002475,9.01,9.3,8.95,9.22,9.09,175258,397284944.0,0.55,1.43
2018-01-24,立讯精密,002475,9.08,9.19,8.79,9.09,9.15,299032,666642720.0,0.95,-0.66
2018-01-23,立讯精密,002475,9.33,9.37,9.0,9.15,9.31,289545,656763856.0,0.92,-1.72
2018-01-22,立讯精密,002475,9.31,9.57,8.98,9.31,9.38,416137,950179520.0,1.32,-0.75
2018-01-19,立讯精密,002475,9.12,9.54,9.08,9.38,9.17,246765,571651808.0,0.78,2.29
2018-01-18,立讯精密,002475,8.9,9.3,8.7,9.17,8.87,302863,686834384.0,0.96,3.38
2018-01-17,立讯精密,002475,8.61,9.08,8.4,8.87,8.65,330166,718109168.0,1.04,2.54
2018-01-16,立讯精密,002475,8.99,9.08,8.43,8.65,9.06,464844,1009629248.0,1.47,-4.53
2018-01-15,立讯精密,002475,9.48,9.52,8.93,9.06,9.44,188625,429961840.0,0.6,-4.03
2018-01-12,立讯精密,002475,9.34,9.54,9.33,9.44,9.48,87192,203640117.0,0.28,-0.42
2018-01-11,立讯精密,002475,9.39,9.58,9.13,9.48,9.45,199551,462508720.0,0.63,0.32
2018-01-10,立讯精密,002475,9.77,9.77,9.33,9.45,9.81,291982,678629280.0,0.92,-3.67
2018-01-09,立讯精密,002475,9.56,9.9,9.5,9.81,9.54,133867,319005856.0,0.42,2.83
2018-01-08,立讯精密,002475,9.7,9.78,9.4,9.54,9.7,204630,479939488.0,0.65,-1.65
2018-01-05,立讯精密,002475,9.9,10.17,9.7,9.7,9.9,211448,515578128.0,0.67,-2.02
2018-01-04,立讯精密,002475,9.71,10.04,9.62,9.9,9.76,241864,587079248.0,0.76,1.43
2018-01-03,立讯精密,002475,9.36,9.87,9.24,9.76,9.33,338341,806547184.0,1.07,4.61
2018-01-02,立讯精密,002475,9.51,9.54,9.13,9.33,9.51,228209,522169680.0,0.72,-1.89
2017-12-29,立讯精密,002475,9.37,9.62,9.32,9.51,9.27,137358,320281472.0,0.43,2.59
2017-12-28,立讯精密,002475,9.01,9.29,9.01,9.27,9.1,140251,319555840.0,0.44,1.87
2017-12-27,立讯精密,002475,9.22,9.31,9.04,9.1,9.36,206719,468928608.0,0.65,-2.78
2017-12-26,立讯精密,002475,9.26,9.42,9.08,9.36,9.22,254031,586372960.0,0.8,1.52
2017-12-25,立讯精密,002475,9.6,9.61,8.99,9.22,9.68,444514,1009341344.0,1.41,-4.75
2017-12-22,立讯精密,002475,9.86,10.01,9.63,9.68,9.86,220510,530399152.0,0.7,-1.83
2017-12-21,立讯精密,002475,9.58,9.95,9.44,9.86,9.76,283818,677539872.0,0.9,1.02
2017-12-20,立讯精密,002475,10.02,10.06,9.58,9.76,10.02,252929,604538992.0,0.8,-2.59
2017-12-19,立讯精密,002475,9.98,10.17,9.88,10.02,9.92,198422,487664160.0,0.63,1.01
2017-12-18,立讯精密,002475,10.02,10.06,9.81,9.92,9.94,126511,308646736.0,0.4,-0.2
2017-12-15,立讯精密,002475,9.98,10.22,9.8,9.94,9.98,175934,430719968.0,0.56,-0.4
2017-12-14,立讯精密,002475,10.5,10.5,9.96,9.98,10.56,273908,679005552.0,0.87,-5.49
2017-12-13,立讯精密,002475,10.54,10.76,10.15,10.56,10.63,317446,804256288.0,1.0,-0.66
2017-12-12,立讯精密,002475,10.8,10.87,10.58,10.63,10.88,219060,570041872.0,0.69,-2.3
2017-12-11,立讯精密,002475,10.62,10.97,10.44,10.88,10.62,295688,774775504.0,0.94,2.45
2017-12-08,立讯精密,002475,10.04,10.63,9.93,10.62,9.97,252751,639881232.0,0.8,6.52
2017-12-07,立讯精密,002475,10.03,10.07,9.73,9.97,10.04,148604,361799504.0,0.47,-0.7
2017-12-06,立讯精密,002475,10.15,10.17,9.77,10.04,10.04,258698,633455728.0,0.82,0.0
2017-12-05,立讯精密,002475,10.41,10.61,9.87,10.04,10.11,302166,751328608.0,0.96,-0.69
2017-12-04,立讯精密,002475,9.72,10.26,9.68,10.11,9.63,233705,574312736.0,0.74,4.98
2017-12-01,立讯精密,002475,9.56,10.03,9.46,9.63,9.56,247180,590225984.0,0.78,0.73
2017-11-30,立讯精密,002475,9.77,9.78,9.32,9.56,9.87,235627,555675456.0,0.75,-3.14
2017-11-29,立讯精密,002475,10.09,10.3,9.6,9.87,10.03,166147,402510720.0,0.53,-1.6
2017-11-28,立讯精密,002475,9.85,10.06,9.79,10.03,9.81,148292,361550240.0,0.47,2.24
2017-11-27,立讯精密,002475,10.31,10.31,9.49,9.81,10.35,238628,576912800.0,0.75,-5.22
2017-11-24,立讯精密,002475,10.52,10.74,10.31,10.35,10.59,191233,489317200.0,0.6,-2.27
2017-11-23,立讯精密,002475,11.19,11.26,10.36,10.59,11.36,243007,635641776.0,0.77,-6.78
2017-11-22,立讯精密,002475,11.46,11.62,11.05,11.36,11.45,200039,547818304.0,0.63,-0.79
2017-11-21,立讯精密,002475,10.69,11.54,10.64,11.45,10.77,323280,875434960.0,1.02,6.31
2017-11-20,立讯精密,002475,10.08,10.81,9.84,10.77,10.21,241662,614270976.0,0.76,5.48
2017-11-17,立讯精密,002475,10.53,10.58,10.19,10.21,10.49,162391,411643600.0,0.51,-2.67
2017-11-16,立讯精密,002475,10.2,10.5,10.06,10.49,10.2,162892,410403712.0,0.52,2.84
2017-11-15,立讯精密,002475,10.37,10.56,9.93,10.2,10.39,211637,528287728.0,0.67,-1.83
2017-11-14,立讯精密,002475,10.59,10.81,10.27,10.39,10.58,218620,561331968.0,0.69,-1.8
2017-11-13,立讯精密,002475,10.6,10.89,10.44,10.58,10.57,251485,653726304.0,0.8,0.09
2017-11-10,立讯精密,002475,10.18,10.71,10.13,10.57,10.25,350396,897002656.0,1.11,3.12
2017-11-09,立讯精密,002475,9.86,10.3,9.67,10.25,9.95,240985,591586560.0,0.76,3.02
2017-11-08,立讯精密,002475,10.16,10.51,9.91,9.95,10.16,267292,668689584.0,0.85,-2.07
2017-11-07,立讯精密,002475,10.15,10.24,9.94,10.16,10.2,235074,580207120.0,0.74,-0.39
2017-11-06,立讯精密,002475,10.04,10.29,9.88,10.2,10.08,303099,748180528.0,0.96,1.19
2017-11-03,立讯精密,002475,9.84,10.17,9.79,10.08,9.77,247057,605771200.0,0.78,3.17
2017-11-02,立讯精密,002475,9.88,9.88,9.52,9.77,9.82,242157,574711808.0,0.77,-0.51
2017-11-01,立讯精密,002475,10.13,10.27,9.77,9.82,10.07,178420,435630960.0,0.56,-2.48
2017-10-31,立讯精密,002475,10.21,10.29,9.78,10.07,10.19,201855,493783216.0,0.64,-1.18
2017-10-30,立讯精密,002475,10.27,10.6,9.88,10.19,10.04,319869,799461536.0,1.01,1.49
2017-10-27,立讯精密,002475,9.77,10.27,9.75,10.04,9.86,222117,547835040.0,0.7,1.83
2017-10-26,立讯精密,002475,9.43,9.99,9.43,9.86,9.42,287160,689121920.0,0.91,4.67
2017-10-25,立讯精密,002475,9.48,9.86,9.34,9.42,9.47,228839,536872704.0,0.72,-0.53
2017-10-24,立讯精密,002475,8.98,9.56,8.93,9.47,9.04,219219,508836800.0,0.69,4.76
2017-10-23,立讯精密,002475,8.98,9.13,8.73,9.04,8.97,173777,385401296.0,0.62,0.78
2017-10-20,立讯精密,002475,8.89,8.97,8.7,8.97,9.17,200024,439915872.0,0.71,-2.18
2017-10-19,立讯精密,002475,9.3,9.52,9.09,9.17,9.3,178751,410193664.0,0.64,-1.4
2017-10-18,立讯精密,002475,8.88,9.31,8.88,9.3,8.85,235223,533830480.0,0.84,5.08
2017-10-17,立讯精密,002475,8.99,8.99,8.7,8.85,8.86,170119,374619920.0,0.61,-0.11
2017-10-16,立讯精密,002475,8.55,8.97,8.49,8.86,8.54,361916,793439632.0,1.29,3.75
2017-10-13,立讯精密,002475,8.13,8.58,8.07,8.54,8.13,394869,832280400.0,1.4,5.04
2017-10-12,立讯精密,002475,8.04,8.22,8.01,8.13,7.99,90148,183831278.0,0.32,1.75
2017-10-11,立讯精密,002475,8.05,8.06,7.9,7.99,8.05,146090,292807280.0,0.52,-0.75
2017-10-10,立讯精密,002475,8.2,8.31,7.9,8.05,8.28,121474,246774520.0,0.43,-2.78
2017-10-09,立讯精密,002475,8.31,8.35,8.06,8.28,8.25,163399,337538928.0,0.58,0.36
2017-09-29,立讯精密,002475,8.22,8.36,8.09,8.25,8.26,112825,232963398.0,0.4,-0.12
2017-09-28,立讯精密,002475,8.08,8.33,8.06,8.26,8.05,210363,433944464.0,0.75,2.61
2017-09-27,立讯精密,002475,7.62,8.1,7.62,8.05,7.58,223109,445868432.0,0.79,6.2
2017-09-26,立讯精密,002475,7.72,7.75,7.5,7.58,7.7,143546,276213456.0,0.51,-1.56
2017-09-25,立讯精密,002475,7.99,7.99,7.63,7.7,7.97,183856,359198304.0,0.65,-3.39
2017-09-22,立讯精密,002475,7.94,8.03,7.88,7.97,7.95,89697,179371459.0,0.32,0.25
2017-09-21,立讯精密,002475,8.0,8.1,7.88,7.95,8.05,179542,359400144.0,0.64,-1.24
2017-09-20,立讯精密,002475,7.85,8.15,7.79,8.05,7.94,236531,477665520.0,0.84,1.39
2017-09-19,立讯精密,002475,8.31,8.35,7.86,7.94,8.29,303815,613457664.0,1.08,-4.22
2017-09-18,立讯精密,002475,8.26,8.38,8.21,8.29,8.3,105214,218772388.0,0.37,-0.12
2017-09-15,立讯精密,002475,8.4,8.46,8.26,8.3,8.37,102795,214562856.0,0.37,-0.84
2017-09-14,立讯精密,002475,8.27,8.46,8.24,8.37,8.33,191830,402343344.0,0.68,0.48
2017-09-13,立讯精密,002475,8.35,8.4,8.12,8.33,8.29,188275,388743152.0,0.67,0.48
2017-09-12,立讯精密,002475,8.46,8.51,8.25,8.29,8.45,276594,575875744.0,0.98,-1.89
2017-09-11,立讯精密,002475,8.54,8.56,8.4,8.45,8.54,225670,476362928.0,0.8,-1.05
2017-09-08,立讯精密,002475,8.59,8.69,8.34,8.54,8.54,306131,649512320.0,1.09,0.0
2017-09-07,立讯精密,002475,8.41,8.65,8.31,8.54,8.4,264468,561616896.0,0.94,1.67
2017-09-06,立讯精密,002475,8.67,8.67,8.3,8.4,8.67,244000,513500176.0,0.87,-3.11
2017-09-05,立讯精密,002475,8.79,8.79,8.62,8.67,8.76,141053,305814672.0,0.5,-1.03
2017-09-04,立讯精密,002475,8.59,8.79,8.4,8.76,8.58,268537,577249072.0,0.96,2.1
2017-09-01,立讯精密,002475,8.54,8.68,8.41,8.58,8.39,264283,562878336.0,0.94,2.26
2017-08-30,立讯精密,002475,8.25,8.51,8.19,8.39,8.16,271887,569915072.0,0.97,2.82
2017-08-29,立讯精密,002475,8.4,8.5,8.15,8.16,8.29,234649,489082144.0,0.83,-1.57
2017-08-28,立讯精密,002475,8.13,8.37,8.04,8.29,8.01,333375,687901584.0,1.19,3.5
2017-08-25,立讯精密,002475,8.36,8.36,7.98,8.01,8.4,398893,808976656.0,1.42,-4.64
2017-08-24,立讯精密,002475,8.38,8.49,8.3,8.4,8.35,75524,158693130.0,0.27,0.6
2017-08-23,立讯精密,002475,8.38,8.41,8.28,8.35,8.36,82057,171134304.0,0.29,-0.12
2017-08-22,立讯精密,002475,8.44,8.52,8.31,8.36,8.4,97784,205279091.0,0.35,-0.48
2017-08-21,立讯精密,002475,8.51,8.58,8.36,8.4,8.47,130827,276039328.0,0.47,-0.83
2017-08-18,立讯精密,002475,8.56,8.77,8.39,8.47,8.61,113952,241770780.0,0.41,-1.63
2017-08-17,立讯精密,002475,8.75,8.79,8.47,8.61,8.81,144692,309962848.0,0.51,-2.27
2017-08-16,立讯精密,002475,8.63,8.81,8.61,8.81,8.65,113232,246179454.0,0.4,1.85
2017-08-15,立讯精密,002475,8.66,8.81,8.56,8.65,8.65,136612,294869488.0,0.49,0.0
2017-08-14,立讯精密,002475,8.25,8.84,8.22,8.65,8.17,321141,689600560.0,1.14,5.88
2017-08-11,立讯精密,002475,7.97,8.46,7.89,8.17,8.07,210306,435632288.0,0.75,1.24
2017-08-10,立讯精密,002475,7.89,8.14,7.8,8.07,7.91,194063,391626960.0,0.69,2.02
2017-08-09,立讯精密,002475,7.77,7.94,7.72,7.91,7.74,141723,280384848.0,0.5,2.2
2017-08-08,立讯精密,002475,7.92,7.92,7.7,7.74,7.96,187081,366520320.0,0.67,-2.76
2017-08-07,立讯精密,002475,7.98,7.98,7.75,7.96,7.94,95438,190075561.0,0.34,0.25
2017-08-04,立讯精密,002475,7.8,8.01,7.64,7.94,7.85,132798,260596060.0,0.47,1.15
2017-08-03,立讯精密,002475,8.17,8.24,7.75,7.85,8.14,203522,404709968.0,0.72,-3.56
2017-08-02,立讯精密,002475,8.26,8.52,8.05,8.14,8.21,181209,375967248.0,0.64,-0.85
2017-08-01,立讯精密,002475,8.27,8.37,8.15,8.21,8.39,116789,240008616.0,0.42,-2.15
2017-07-31,立讯精密,002475,8.46,8.46,8.16,8.39,8.39,134052,277590832.0,0.48,0.0
2017-07-28,立讯精密,002475,8.31,8.5,8.24,8.39,8.4,59201,124196846.0,0.21,-0.12
2017-07-27,立讯精密,002475,8.43,8.49,8.2,8.4,8.45,104353,218002725.0,0.37,-0.59
2017-07-26,立讯精密,002475,8.46,8.5,8.16,8.45,8.44,122231,254182305.0,0.43,0.12
2017-07-25,立讯精密,002475,8.45,8.71,8.42,8.44,8.4,124999,266694930.0,0.44,0.48
2017-07-24,立讯精密,002475,8.36,8.56,8.26,8.4,8.41,102238,214550791.0,0.36,-0.12
2017-07-21,立讯精密,002475,8.35,8.71,8.31,8.41,8.4,141072,299566960.0,0.5,0.12
2017-07-20,立讯精密,002475,8.23,8.57,8.23,8.4,8.29,189513,398863856.0,0.67,1.33
2017-07-19,立讯精密,002475,7.76,8.39,7.68,8.29,7.75,276433,560195296.0,0.98,6.97
2017-07-18,立讯精密,002475,7.79,7.83,7.63,7.75,7.8,99099,193285909.0,0.35,-0.64
2017-07-17,立讯精密,002475,7.86,8.0,7.49,7.8,7.92,163161,320656928.0,0.58,-1.52
2017-07-14,立讯精密,002475,7.74,7.95,7.55,7.92,7.82,120297,234465128.0,0.43,1.28
2017-07-13,立讯精密,002475,7.86,8.0,7.75,7.82,7.85,150880,300126688.0,0.54,-0.38
2017-07-12,立讯精密,002475,7.43,7.85,7.43,7.85,7.52,253906,493444800.0,0.9,4.39
2017-07-11,立讯精密,002475,7.47,7.7,7.28,7.52,7.5,169004,320358128.0,0.6,0.27
2017-07-10,立讯精密,002475,7.72,7.72,7.5,7.5,7.72,88840,170928077.0,0.32,-2.85
2017-07-07,立讯精密,002475,7.68,7.72,7.49,7.72,7.7,152350,293314752.0,0.54,0.26
2017-07-06,立讯精密,002475,7.63,7.74,7.54,7.7,7.62,127790,247531347.0,0.45,1.05
2017-07-05,立讯精密,002475,7.45,7.62,7.39,7.62,7.47,97256,279646368.0,0.52,2.01
2017-07-04,立讯精密,002475,7.39,7.51,7.27,7.47,7.39,121229,342211568.0,0.65,1.08
2017-07-03,立讯精密,002475,7.69,7.73,7.32,7.39,7.69,144907,412179600.0,0.77,-3.9
2017-06-30,立讯精密,002475,7.49,7.72,7.45,7.69,7.53,103594,299396384.0,0.55,2.12
2017-06-29,立讯精密,002475,7.62,7.63,7.41,7.53,7.59,156245,447445904.0,0.83,-0.79
2017-06-28,立讯精密,002475,7.8,7.8,7.53,7.59,7.82,144491,418215584.0,0.77,-2.94
2017-06-27,立讯精密,002475,7.89,7.9,7.65,7.82,7.92,122988,361583264.0,0.66,-1.26
2017-06-26,立讯精密,002475,8.05,8.05,7.84,7.92,7.99,112552,337322064.0,0.6,-0.88
2017-06-23,立讯精密,002475,7.69,8.01,7.65,7.99,7.65,114956,342177152.0,0.61,4.44
2017-06-22,立讯精密,002475,7.6,7.88,7.57,7.65,7.58,150944,443964640.0,0.81,0.92
2017-06-21,立讯精密,002475,7.35,7.59,7.27,7.58,7.31,141870,405051680.0,0.76,3.69
2017-06-20,立讯精密,002475,7.41,7.53,7.22,7.31,7.36,76712,217461660.0,0.41,-0.68
2017-06-19,立讯精密,002475,7.36,7.39,7.27,7.36,7.31,57462,160962066.0,0.31,0.68
2017-06-16,立讯精密,002475,7.13,7.35,7.1,7.31,7.17,51426,142970222.0,0.27,1.95
2017-06-15,立讯精密,002475,7.12,7.24,7.09,7.17,7.17,42078,115725168.0,0.22,0.0
2017-06-14,立讯精密,002475,7.24,7.37,7.14,7.17,7.29,73427,204092756.0,0.39,-1.65
2017-06-13,立讯精密,002475,7.13,7.31,7.05,7.29,7.18,107677,297701520.0,0.57,1.53
2017-06-12,立讯精密,002475,7.35,7.4,6.98,7.18,7.51,214522,591347808.0,1.14,-4.39
2017-06-09,立讯精密,002475,7.62,7.73,7.28,7.51,7.62,158524,451925632.0,0.85,-1.44
2017-06-08,立讯精密,002475,7.5,7.64,7.45,7.62,7.51,110411,318077648.0,0.59,1.46
2017-06-07,立讯精密,002475,7.36,7.6,7.33,7.51,7.37,139907,399132144.0,0.75,1.9
2017-06-06,立讯精密,002475,7.38,7.5,7.3,7.37,7.38,83290,235809900.0,0.44,-0.14
2017-06-05,立讯精密,002475,7.32,7.41,7.24,7.38,7.28,92205,259205768.0,0.49,1.37
2017-06-02,立讯精密,002475,7.24,7.39,7.13,7.28,7.23,76320,212304279.0,0.41,0.69
2017-06-01,立讯精密,002475,7.24,7.41,7.09,7.23,7.26,117072,325776240.0,0.62,-0.41
2017-05-31,立讯精密,002475,7.13,7.26,6.98,7.26,7.19,137268,374934464.0,0.73,0.97
2017-05-26,立讯精密,002475,7.32,7.36,6.89,7.19,7.44,259034,708232048.0,1.38,-3.36
2017-05-25,立讯精密,002475,7.6,7.63,7.17,7.44,7.59,170496,476894912.0,0.91,-1.98
2017-05-24,立讯精密,002475,7.62,7.74,7.35,7.59,7.7,95726,275278144.0,0.51,-1.43
2017-05-23,立讯精密,002475,7.63,7.91,7.5,7.7,7.66,138652,407968064.0,0.74,0.52
2017-05-22,立讯精密,002475,7.38,7.67,7.34,7.66,7.39,105032,302566432.0,0.56,3.65
2017-05-19,立讯精密,002475,7.39,7.46,7.23,7.39,7.38,89028,249601754.0,0.48,0.14
2017-05-18,立讯精密,002475,7.47,7.58,7.38,7.38,7.62,135510,385188640.0,0.72,-3.15
2017-05-17,立讯精密,002475,7.83,7.83,7.56,7.62,7.83,117823,342735376.0,0.63,-2.68
2017-05-16,立讯精密,002475,7.62,7.87,7.47,7.83,7.62,117574,344286128.0,0.63,2.76
2017-05-15,立讯精密,002475,7.31,7.62,7.23,7.62,7.21,102335,292903424.0,0.55,5.69
2017-05-12,立讯精密,002475,7.25,7.3,7.08,7.21,7.25,83397,229982824.0,0.45,-0.55
2017-05-11,立讯精密,002475,7.17,7.38,7.1,7.25,7.25,136483,376783296.0,0.73,0.0
2017-05-10,立讯精密,002475,7.03,7.46,7.01,7.25,7.03,158712,444157136.0,0.85,3.13
2017-05-09,立讯精密,002475,6.88,7.04,6.65,7.03,6.92,131619,351735632.0,0.7,1.59
2017-05-08,立讯精密,002475,6.91,7.01,6.82,6.92,6.92,120213,320006384.0,0.64,0.0
2017-05-05,立讯精密,002475,6.93,7.16,6.83,6.92,6.99,115434,311323840.0,0.62,-1.0
2017-05-04,立讯精密,002475,6.87,7.1,6.81,6.99,6.95,70485,189557108.0,0.38,0.58
2017-05-03,立讯精密,002475,6.95,7.0,6.8,6.95,7.0,69051,184600879.0,0.37,-0.71
2017-05-02,立讯精密,002475,7.07,7.13,6.9,7.0,7.05,72701,195617341.0,0.39,-0.71
2017-04-28,立讯精密,002475,6.84,7.13,6.75,7.05,6.86,133442,358780416.0,0.71,2.77
2017-04-27,立讯精密,002475,6.75,7.0,6.57,6.86,6.83,102353,269405520.0,0.55,0.44
2017-04-26,立讯精密,002475,6.89,7.04,6.77,6.83,6.88,129303,344243728.0,0.69,-0.73
2017-04-25,立讯精密,002475,6.48,6.94,6.42,6.88,6.48,113075,295748064.0,0.6,6.17
2017-04-24,立讯精密,002475,6.67,6.67,6.26,6.48,6.66,72852,184080970.0,0.39,-2.7
2017-04-21,立讯精密,002475,6.65,6.77,6.56,6.66,6.75,94979,244426151.0,0.51,-1.33
2017-04-20,立讯精密,002475,6.22,6.75,6.22,6.75,6.24,149031,380404224.0,0.8,8.17
2017-04-19,立讯精密,002475,6.16,6.25,6.07,6.24,6.18,60678,146777488.0,0.32,0.97
2017-04-18,立讯精密,002475,6.2,6.31,6.13,6.18,6.22,74343,181082547.0,0.4,-0.64
2017-04-17,立讯精密,002475,6.36,6.37,6.13,6.22,6.34,55147,135003745.0,0.29,-1.89
2017-04-14,立讯精密,002475,6.37,6.44,6.33,6.34,6.42,31180,77683976.0,0.17,-1.25
2017-04-13,立讯精密,002475,6.48,6.58,6.4,6.42,6.53,64561,162697018.0,0.34,-1.68
2017-04-12,立讯精密,002475,6.29,6.57,6.29,6.53,6.37,52577,132615974.0,0.28,2.51
2017-04-11,立讯精密,002475,6.48,6.52,6.19,6.37,6.48,74355,183461929.0,0.4,-1.7
2017-04-10,立讯精密,002475,6.57,6.64,6.4,6.48,6.55,69394,175076732.0,0.37,-1.07
2017-04-07,立讯精密,002475,6.53,6.59,6.44,6.55,6.53,41570,105482544.0,0.22,0.31
2017-04-06,立讯精密,002475,6.52,6.75,6.36,6.53,6.6,117701,298759440.0,0.63,-1.06
2017-04-05,立讯精密,002475,6.5,6.69,6.36,6.6,6.5,128025,326501104.0,0.68,1.54
2017-03-31,立讯精密,002475,6.25,6.5,6.19,6.5,6.21,86851,215727655.0,0.46,4.67
2017-03-30,立讯精密,002475,6.44,6.46,6.09,6.21,6.36,150588,367606752.0,0.8,-2.36
2017-03-29,立讯精密,002475,6.24,6.39,6.16,6.36,6.24,53691,132228343.0,0.29,1.92
2017-03-28,立讯精密,002475,6.2,6.31,6.16,6.24,6.19,51789,126882748.0,0.28,0.81
2017-03-27,立讯精密,002475,6.42,6.46,6.16,6.19,6.4,101394,248060935.0,0.54,-3.28
2017-03-24,立讯精密,002475,6.23,6.43,6.13,6.4,6.21,200778,499121712.0,1.07,3.06
2017-03-23,立讯精密,002475,5.92,6.25,5.92,6.21,5.94,212017,512522208.0,1.13,4.55
2017-03-22,立讯精密,002475,5.74,5.96,5.74,5.94,5.82,131173,305218016.0,0.7,2.06
2017-03-21,立讯精密,002475,5.79,5.83,5.74,5.82,5.78,76866,176897949.0,0.41,0.69
2017-03-20,立讯精密,002475,5.7,5.84,5.68,5.78,5.69,63348,145532236.0,0.34,1.58
2017-03-17,立讯精密,002475,5.87,5.87,5.69,5.69,5.79,82916,189073210.0,0.44,-1.73
2017-03-16,立讯精密,002475,5.8,5.89,5.71,5.79,5.8,100683,230356909.0,0.54,-0.17
2017-03-15,立讯精密,002475,5.87,5.87,5.77,5.8,5.91,55474,127848468.0,0.3,-1.86
2017-03-14,立讯精密,002475,5.88,5.94,5.82,5.91,5.85,66989,156039963.0,0.36,1.03
2017-03-13,立讯精密,002475,5.79,6.05,5.73,5.85,5.78,104795,244878808.0,0.56,1.21
2017-03-10,立讯精密,002475,5.8,5.81,5.73,5.78,5.78,52349,120121038.0,0.28,0.0
2017-03-09,立讯精密,002475,5.72,5.81,5.7,5.78,5.75,57373,131327090.0,0.31,0.52
2017-03-08,立讯精密,002475,5.77,5.82,5.68,5.75,5.77,83543,190596663.0,0.45,-0.35
2017-03-07,立讯精密,002475,5.82,5.85,5.72,5.77,5.81,77057,176260407.0,0.41,-0.69
2017-03-06,立讯精密,002475,5.55,5.82,5.5,5.81,5.55,178500,408005584.0,0.95,4.68
2017-03-03,立讯精密,002475,5.45,5.6,5.42,5.55,5.43,91421,202158667.0,0.49,2.21
2017-03-02,立讯精密,002475,5.5,5.52,5.38,5.43,5.46,60962,133243693.0,0.33,-0.55
2017-03-01,立讯精密,002475,5.46,5.53,5.43,5.46,5.48,72474,159072131.0,0.39,-0.36
2017-02-28,立讯精密,002475,5.49,5.54,5.43,5.48,5.4,102529,225807167.0,0.55,1.48
2017-02-27,立讯精密,002475,5.36,5.5,5.31,5.4,5.36,48022,104703984.0,0.26,0.75
2017-02-24,立讯精密,002475,5.35,5.4,5.28,5.36,5.37,32689,70342010.0,0.17,-0.19
2017-02-23,立讯精密,002475,5.35,5.39,5.29,5.37,5.38,44171,94864150.0,0.24,-0.19
2017-02-22,立讯精密,002475,5.43,5.53,5.22,5.38,5.38,110102,236336104.0,0.59,0.0
2017-02-21,立讯精密,002475,5.52,5.55,5.36,5.38,5.52,64962,141338116.0,0.35,-2.54
2017-02-20,立讯精密,002475,5.39,5.54,5.39,5.52,5.41,72206,158618544.0,0.39,2.03
2017-02-17,立讯精密,002475,5.43,5.48,5.35,5.41,5.46,61688,133638975.0,0.33,-0.92
2017-02-16,立讯精密,002475,5.47,5.53,5.43,5.46,5.46,47795,105011965.0,0.26,0.0
2017-02-15,立讯精密,002475,5.49,5.66,5.43,5.46,5.46,101580,225746823.0,0.54,0.0
2017-02-14,立讯精密,002475,5.38,5.52,5.31,5.46,5.37,61721,135036472.0,0.33,1.68
2017-02-13,立讯精密,002475,5.36,5.39,5.2,5.37,5.36,81955,175469161.0,0.44,0.19
2017-02-10,立讯精密,002475,5.37,5.44,5.31,5.36,5.35,50387,108966177.0,0.27,0.19
2017-02-09,立讯精密,002475,5.37,5.43,5.31,5.35,5.35,45710,98734799.0,0.24,0.0
2017-02-08,立讯精密,002475,5.19,5.42,5.14,5.35,5.2,119821,256987225.0,0.64,2.88
2017-02-07,立讯精密,002475,5.24,5.3,5.13,5.2,5.24,39007,82039244.0,0.21,-0.76
2017-02-06,立讯精密,002475,5.19,5.26,5.14,5.24,5.19,38927,81944210.0,0.21,0.96
2017-02-03,立讯精密,002475,5.05,5.21,5.01,5.19,4.99,77152,160851715.0,0.41,4.01
2017-01-26,立讯精密,002475,4.9,5.03,4.9,4.99,4.92,29157,59270553.0,0.16,1.42
2017-01-25,立讯精密,002475,4.92,5.0,4.9,4.92,4.96,28418,57321985.0,0.15,-0.81
2017-01-24,立讯精密,002475,4.95,4.98,4.89,4.96,4.96,21497,43412720.0,0.11,0.0
2017-01-23,立讯精密,002475,4.84,5.0,4.8,4.96,4.84,47755,95810280.0,0.25,2.48
2017-01-20,立讯精密,002475,4.8,4.87,4.8,4.84,4.82,28747,56981618.0,0.15,0.41
2017-01-19,立讯精密,002475,4.89,4.91,4.8,4.82,4.89,32865,65300420.0,0.18,-1.43
2017-01-18,立讯精密,002475,4.91,4.94,4.84,4.89,4.92,47393,94733670.0,0.25,-0.61
2017-01-17,立讯精密,002475,4.8,4.93,4.79,4.92,4.84,46243,92472365.0,0.25,1.65
2017-01-16,立讯精密,002475,4.84,4.98,4.76,4.84,4.88,66237,132554061.0,0.35,-0.82
2017-01-13,立讯精密,002475,4.81,4.93,4.75,4.88,4.81,52142,103958160.0,0.28,1.46
2017-01-12,立讯精密,002475,4.88,4.91,4.78,4.81,4.87,50379,99826480.0,0.27,-1.23
2017-01-11,立讯精密,002475,4.85,4.92,4.83,4.87,4.87,41617,83011516.0,0.22,0.0
2017-01-10,立讯精密,002475,4.8,4.94,4.8,4.87,4.8,33899,67683456.0,0.18,1.46
2017-01-09,立讯精密,002475,4.75,4.87,4.75,4.8,4.81,35289,69630147.0,0.19,-0.21
2017-01-06,立讯精密,002475,4.84,4.9,4.75,4.81,4.86,42703,84201641.0,0.23,-1.03
2017-01-05,立讯精密,002475,4.89,4.93,4.8,4.86,4.93,62380,124188530.0,0.33,-1.42
2017-01-04,立讯精密,002475,4.68,4.99,4.68,4.93,4.74,130914,262524433.0,0.7,4.01
2017-01-03,立讯精密,002475,5.1,5.11,4.6,4.74,5.11,183220,361185888.0,0.98,-7.24
2016-12-30,立讯精密,002475,4.97,5.11,4.94,5.11,5.01,74931,153625709.0,0.4,2.0
2016-12-29,立讯精密,002475,5.02,5.05,4.98,5.01,5.02,33981,69550924.0,0.18,-0.2
2016-12-28,立讯精密,002475,5.01,5.09,4.96,5.02,5.05,41206,84282415.0,0.22,-0.59
2016-12-27,立讯精密,002475,4.95,5.14,4.91,5.05,4.95,75734,156259066.0,0.4,2.02
2016-12-26,立讯精密,002475,4.75,4.99,4.68,4.95,4.75,102697,205773544.0,0.55,4.21
2016-12-23,立讯精密,002475,4.8,4.8,4.68,4.75,4.75,32543,63437030.0,0.17,0.0
2016-12-22,立讯精密,002475,4.72,4.86,4.7,4.75,4.75,50277,98892981.0,0.27,0.0
2016-12-21,立讯精密,002475,4.63,4.86,4.59,4.75,4.63,56333,110611227.0,0.3,2.59
2016-12-20,立讯精密,002475,4.65,4.69,4.58,4.63,4.68,49526,94957349.0,0.26,-1.07
2016-12-19,立讯精密,002475,4.78,4.79,4.64,4.68,4.75,53453,103663859.0,0.29,-1.47
2016-12-16,立讯精密,002475,4.77,4.79,4.67,4.75,4.78,68945,134386424.0,0.37,-0.63
2016-12-15,立讯精密,002475,4.77,4.92,4.7,4.78,4.84,63619,125302891.0,0.34,-1.24
2016-12-14,立讯精密,002475,4.94,4.94,4.8,4.84,4.89,44563,88580178.0,0.24,-1.02
2016-12-13,立讯精密,002475,4.89,4.94,4.74,4.89,4.9,69448,138283758.0,0.37,-0.2
2016-12-12,立讯精密,002475,5.12,5.12,4.88,4.9,5.12,87614,176763973.0,0.47,-4.3
2016-12-09,立讯精密,002475,5.27,5.27,5.11,5.12,5.28,77900,162768357.0,0.42,-3.03
2016-12-08,立讯精密,002475,5.21,5.31,5.17,5.28,5.25,49008,104026881.0,0.26,0.57
2016-12-07,立讯精密,002475,5.28,5.34,5.12,5.25,5.28,84819,177778538.0,0.45,-0.57
2016-12-06,立讯精密,002475,5.1,5.35,5.1,5.28,5.12,133777,284041488.0,0.72,3.13
2016-12-05,立讯精密,002475,4.93,5.15,4.89,5.12,4.95,128848,267003970.0,0.69,3.43
2016-12-02,立讯精密,002475,4.98,5.01,4.9,4.95,4.98,54499,109905577.0,0.29,-0.6
2016-12-01,立讯精密,002475,5.02,5.07,4.96,4.98,5.02,70169,143382839.0,0.38,-0.8
2016-11-30,立讯精密,002475,5.04,5.18,4.92,5.02,5.08,113191,232183072.0,0.61,-1.18
2016-11-29,立讯精密,002475,4.98,5.12,4.95,5.08,4.97,92608,189778551.0,0.5,2.21
2016-11-28,立讯精密,002475,5.08,5.13,4.96,4.97,5.08,96949,197670597.0,0.52,-2.17
2016-11-25,立讯精密,002475,5.1,5.1,4.96,5.08,5.11,73641,150608225.0,0.39,-0.59
2016-11-24,立讯精密,002475,5.14,5.16,5.03,5.11,5.14,108085,223384338.0,0.58,-0.58
2016-11-23,立讯精密,002475,5.07,5.18,5.07,5.14,5.07,88688,184812003.0,0.47,1.38
2016-11-22,立讯精密,002475,5.11,5.18,5.0,5.07,5.1,149863,308256064.0,0.8,-0.59
2016-11-21,立讯精密,002475,5.34,5.34,5.09,5.1,5.31,143711,300882512.0,0.77,-3.95
2016-11-18,立讯精密,002475,5.34,5.37,5.29,5.31,5.37,65830,140952092.0,0.35,-1.12
2016-11-17,立讯精密,002475,5.28,5.39,5.24,5.37,5.23,98869,212105306.0,0.53,2.68
2016-11-16,立讯精密,002475,5.23,5.31,5.21,5.23,5.24,80621,171120710.0,0.43,-0.19
2016-11-15,立讯精密,002475,5.31,5.32,5.1,5.24,5.25,129090,270322032.0,0.69,-0.19
2016-11-14,立讯精密,002475,5.14,5.36,5.14,5.25,5.15,114223,242395893.0,0.61,1.94
2016-11-11,立讯精密,002475,5.29,5.32,5.11,5.15,5.31,163916,345768672.0,0.88,-3.01
2016-11-10,立讯精密,002475,5.35,5.41,5.25,5.31,5.31,93852,200817778.0,0.5,0.0
2016-11-09,立讯精密,002475,5.35,5.47,5.19,5.31,5.32,128846,277438304.0,0.69,-0.19
2016-11-08,立讯精密,002475,5.38,5.41,5.25,5.32,5.37,124982,268884160.0,0.67,-0.93
2016-11-07,立讯精密,002475,5.52,5.52,5.35,5.37,5.45,56217,122366701.0,0.3,-1.47
2016-11-04,立讯精密,002475,5.55,5.62,5.44,5.45,5.58,68580,151045475.0,0.37,-2.33
2016-11-03,立讯精密,002475,5.68,5.68,5.51,5.58,5.68,73433,163539407.0,0.39,-1.76
2016-11-02,立讯精密,002475,5.67,5.75,5.62,5.68,5.67,84183,190652244.0,0.45,0.18
2016-11-01,立讯精密,002475,5.62,5.87,5.57,5.67,5.62,123929,282018688.0,0.66,0.89
2016-10-31,立讯精密,002475,5.47,5.65,5.4,5.62,5.5,99585,221038361.0,0.53,2.18
2016-10-28,立讯精密,002475,5.55,5.65,5.47,5.5,5.49,85998,190968231.0,0.46,0.18
2016-10-27,立讯精密,002475,5.46,5.49,5.35,5.49,5.46,57241,124725486.0,0.31,0.55
2016-10-26,立讯精密,002475,5.55,5.58,5.38,5.46,5.49,98333,215933643.0,0.53,-0.55
2016-10-25,立讯精密,002475,5.64,5.65,5.48,5.49,5.65,117847,260094871.0,0.63,-2.83
2016-10-24,立讯精密,002475,5.7,5.77,5.53,5.65,5.65,102811,230126445.0,0.55,0.0
2016-10-21,立讯精密,002475,5.74,5.79,5.61,5.65,5.71,121323,275125904.0,0.65,-1.05
2016-10-20,立讯精密,002475,5.47,5.82,5.46,5.71,5.47,232120,523988944.0,1.24,4.39
2016-10-19,立讯精密,002475,5.51,5.53,5.44,5.47,5.46,114016,250835431.0,0.61,0.18
2016-10-18,立讯精密,002475,5.4,5.52,5.33,5.46,5.38,85032,185360610.0,0.45,1.49
2016-10-17,立讯精密,002475,5.47,5.52,5.34,5.38,5.48,96245,210039450.0,0.51,-1.82
2016-10-14,立讯精密,002475,5.43,5.57,5.38,5.48,5.43,155368,340708624.0,0.83,0.92
2016-10-13,立讯精密,002475,5.02,5.58,4.99,5.43,5.01,289192,620578224.0,1.55,8.38
2016-10-12,立讯精密,002475,5.03,5.07,4.94,5.01,5.0,62860,127944164.0,0.34,0.2
2016-10-11,立讯精密,002475,5.05,5.09,4.95,5.0,5.04,81849,167467475.0,0.44,-0.79
2016-10-10,立讯精密,002475,4.99,5.06,4.89,5.04,4.95,75768,154502619.0,0.41,1.82
2016-09-30,立讯精密,002475,4.93,4.98,4.89,4.95,4.94,54861,110760936.0,0.29,0.2
2016-09-29,立讯精密,002475,4.88,5.01,4.86,4.94,4.86,84227,169532622.0,0.45,1.65
2016-09-28,立讯精密,002475,4.86,4.94,4.77,4.86,4.8,72090,143621050.0,0.39,1.25
2016-09-27,立讯精密,002475,4.78,4.86,4.7,4.8,4.79,86531,169856640.0,0.46,0.21
2016-09-26,立讯精密,002475,4.95,5.02,4.77,4.79,5.02,136394,272753360.0,0.73,-4.58
2016-09-23,立讯精密,002475,4.99,5.09,4.94,5.02,5.0,105980,216281502.0,0.57,0.4
2016-09-22,立讯精密,002475,5.04,5.09,5.0,5.0,5.01,61664,126184603.0,0.33,-0.2
2016-09-21,立讯精密,002475,5.0,5.09,4.94,5.01,5.01,89308,182257320.0,0.48,0.0
2016-09-20,立讯精密,002475,5.13,5.15,4.95,5.01,5.14,89518,183170460.0,0.48,-2.53
2016-09-19,立讯精密,002475,5.22,5.35,5.07,5.14,5.03,177401,372526448.0,0.95,2.19
2016-09-14,立讯精密,002475,5.04,5.22,4.96,5.03,4.95,202301,419139952.0,1.08,1.62
2016-09-13,立讯精密,002475,4.83,5.07,4.83,4.95,4.83,122340,248534678.0,0.65,2.48
2016-09-12,立讯精密,002475,4.81,4.93,4.74,4.83,4.95,108297,214199882.0,0.58,-2.42
2016-09-09,立讯精密,002475,4.93,5.02,4.93,4.95,4.93,121662,246771391.0,0.65,0.41
2016-09-08,立讯精密,002475,5.07,5.13,4.84,4.93,5.06,168498,337806080.0,0.9,-2.57
2016-09-07,立讯精密,002475,5.17,5.26,5.04,5.06,5.17,148135,308219008.0,0.79,-2.13
2016-09-06,立讯精密,002475,5.22,5.29,5.04,5.17,5.13,143373,298042528.0,0.77,0.78
2016-09-05,立讯精密,002475,4.98,5.17,4.97,5.13,4.97,191911,396789744.0,1.03,3.22
2016-09-02,立讯精密,002475,4.89,4.97,4.82,4.97,4.91,92370,184728135.0,0.49,1.22
2016-09-01,立讯精密,002475,4.84,4.96,4.84,4.91,4.85,95051,191427138.0,0.51,1.24
2016-08-31,立讯精密,002475,4.95,4.97,4.84,4.85,4.95,77053,154141542.0,0.41,-2.02
2016-08-30,立讯精密,002475,4.93,5.06,4.9,4.95,4.94,160450,325513264.0,0.86,0.2
2016-08-29,立讯精密,002475,4.8,5.03,4.8,4.94,4.75,208781,420605952.0,1.12,4.0
2016-08-26,立讯精密,002475,4.69,4.84,4.63,4.75,4.66,108895,213554098.0,0.58,1.93
2016-08-25,立讯精密,002475,4.6,4.7,4.54,4.66,4.67,82690,158251126.0,0.44,-0.21
2016-08-24,立讯精密,002475,4.71,4.76,4.6,4.67,4.72,82534,158599088.0,0.44,-1.06
2016-08-23,立讯精密,002475,4.49,4.73,4.48,4.72,4.52,124377,238681804.0,0.67,4.42
2016-08-22,立讯精密,002475,4.6,4.63,4.5,4.52,4.6,74866,141609291.0,0.4,-1.74
2016-08-19,立讯精密,002475,4.55,4.61,4.5,4.6,4.54,97534,185068334.0,0.52,1.32
2016-08-18,立讯精密,002475,4.57,4.62,4.5,4.54,4.57,80097,151625243.0,0.43,-0.66
2016-08-17,立讯精密,002475,4.55,4.59,4.46,4.57,4.55,75775,142722875.0,0.41,0.44
2016-08-16,立讯精密,002475,4.49,4.6,4.47,4.55,4.5,91061,171380992.0,0.49,1.11
2016-08-15,立讯精密,002475,4.35,4.52,4.29,4.5,4.34,99997,184909997.0,0.53,3.69
2016-08-12,立讯精密,002475,4.33,4.39,4.25,4.34,4.33,66960,121646472.0,0.36,0.23
2016-08-11,立讯精密,002475,4.46,4.47,4.33,4.33,4.48,98486,180705474.0,0.53,-3.35
2016-08-10,立讯精密,002475,4.52,4.57,4.47,4.48,4.58,103533,193824858.0,0.55,-2.18
2016-08-09,立讯精密,002475,4.63,4.64,4.55,4.58,4.57,62479,118631308.0,0.33,0.22
2016-08-08,立讯精密,002475,4.5,4.6,4.47,4.57,4.5,83387,157906424.0,0.45,1.56
2016-08-05,立讯精密,002475,4.5,4.55,4.44,4.5,4.51,59319,111318378.0,0.32,-0.22
2016-08-04,立讯精密,002475,4.45,4.56,4.41,4.51,4.46,89081,166767471.0,0.48,1.12
2016-08-03,立讯精密,002475,4.56,4.57,4.43,4.46,4.53,53626,99986179.0,0.29,-1.55
2016-08-02,立讯精密,002475,4.41,4.59,4.41,4.53,4.4,97146,182257471.0,0.52,2.95
2016-08-01,立讯精密,002475,4.41,4.46,4.28,4.4,4.45,109849,202171025.0,0.59,-1.12
2016-07-29,立讯精密,002475,4.37,4.46,4.33,4.45,4.37,113671,209518987.0,0.61,1.83
2016-07-28,立讯精密,002475,4.34,4.41,4.22,4.37,4.33,92816,168278788.0,0.5,0.92
2016-07-27,立讯精密,002475,4.39,4.55,4.22,4.33,4.36,205936,378784672.0,1.1,-0.69
2016-07-26,立讯精密,002475,4.34,4.41,4.29,4.36,4.35,100328,183553208.0,0.54,0.23
2016-07-25,立讯精密,002475,4.2,4.43,4.2,4.35,4.19,190721,347348320.0,1.02,3.82
2016-07-22,立讯精密,002475,4.19,4.21,4.16,4.19,4.17,103182,182673329.0,0.55,0.48
2016-07-21,立讯精密,002475,4.19,4.21,4.12,4.17,4.15,101683,178946114.0,0.54,0.48
2016-07-20,立讯精密,002475,4.22,4.24,4.12,4.15,4.2,106525,187572048.0,0.57,-1.19
2016-07-19,立讯精密,002475,4.13,4.24,4.11,4.2,4.1,107335,189289519.0,0.57,2.44
2016-07-18,立讯精密,002475,4.19,4.19,4.1,4.1,4.2,96520,168822347.0,0.52,-2.38
2016-07-15,立讯精密,002475,4.21,4.27,4.18,4.2,4.23,87262,155266850.0,0.47,-0.71
2016-07-14,立讯精密,002475,4.24,4.26,4.13,4.23,4.23,124564,220602745.0,0.67,0.0
2016-07-13,立讯精密,002475,4.15,4.29,4.1,4.23,4.15,197108,349615440.0,1.05,1.93
2016-07-12,立讯精密,002475,4.21,4.31,3.96,4.15,4.27,281015,492444000.0,1.5,-2.81
2016-07-11,立讯精密,002475,4.59,4.62,4.27,4.27,4.88,608751,1121891984.0,3.26,-12.5
2016-07-08,立讯精密,002475,4.8,4.95,4.78,4.88,4.79,129367,259444197.0,0.69,1.88
2016-07-07,立讯精密,002475,4.77,4.86,4.71,4.79,4.8,65984,129669895.0,0.35,-0.21
2016-07-06,立讯精密,002475,4.76,4.86,4.7,4.8,4.82,80876,158786090.0,0.43,-0.41
2016-07-05,立讯精密,002475,4.74,4.86,4.7,4.82,4.7,96243,189206284.0,0.51,2.55
2016-07-04,立讯精密,002475,4.63,4.76,4.63,4.7,4.63,67665,131149218.0,0.36,1.51
2016-07-01,立讯精密,002475,4.77,4.77,4.58,4.63,4.78,99791,191705280.0,0.53,-3.14
2016-06-30,立讯精密,002475,4.74,4.87,4.73,4.78,4.77,49500,97207137.0,0.26,0.21
2016-06-29,立讯精密,002475,4.86,4.95,4.58,4.77,4.84,97657,194805140.0,0.52,-1.45
2016-06-28,立讯精密,002475,4.68,4.88,4.64,4.84,4.78,118744,232717646.0,0.64,1.26
2016-06-27,立讯精密,002475,4.43,4.84,4.37,4.78,4.5,184214,354850608.0,0.99,6.22
2016-06-24,立讯精密,002475,4.55,4.61,4.28,4.5,4.56,65283,121841899.0,0.35,-1.32
2016-06-23,立讯精密,002475,4.58,4.62,4.49,4.56,4.55,83723,158345337.0,0.45,0.22
2016-06-22,立讯精密,002475,4.59,4.63,4.49,4.55,4.63,66281,125284765.0,0.35,-1.73
2016-06-21,立讯精密,002475,4.68,4.72,4.52,4.63,4.62,69180,132542666.0,0.37,0.22
2016-06-20,立讯精密,002475,4.63,4.71,4.52,4.62,4.61,68459,130954128.0,0.37,0.22
2016-06-17,立讯精密,002475,4.54,4.65,4.54,4.61,4.56,91769,174865826.0,0.49,1.1
2016-06-16,立讯精密,002475,4.64,4.66,4.49,4.56,4.68,97441,184080544.0,0.52,-2.56
2016-06-15,立讯精密,002475,4.42,4.69,4.41,4.68,4.5,79145,151260198.0,0.42,4.0
2016-06-14,立讯精密,002475,4.46,4.54,4.37,4.5,4.52,73520,136905083.0,0.39,-0.44
2016-06-13,立讯精密,002475,4.63,4.73,4.52,4.52,4.75,51663,99468463.0,0.28,-4.84
2016-06-08,立讯精密,002475,4.83,4.83,4.67,4.75,4.84,52447,153789730.0,0.42,-1.86
2016-06-07,立讯精密,002475,4.86,4.86,4.71,4.84,4.76,49506,146547846.0,0.4,1.68
2016-06-06,立讯精密,002475,4.87,4.99,4.74,4.76,4.88,75872,226567563.0,0.61,-2.46
2016-06-03,立讯精密,002475,4.63,4.91,4.63,4.88,4.61,158748,473171920.0,1.27,5.86
2016-06-02,立讯精密,002475,4.6,4.71,4.57,4.61,4.57,59901,172518066.0,0.48,0.88
2016-06-01,立讯精密,002475,4.57,4.64,4.55,4.57,4.57,58779,168581939.0,0.47,0.0
2016-05-31,立讯精密,002475,4.38,4.58,4.38,4.57,4.39,61781,174686027.0,0.5,4.1
2016-05-30,立讯精密,002475,4.34,4.43,4.26,4.39,4.35,25954,71562367.0,0.21,0.92
2016-05-27,立讯精密,002475,4.37,4.39,4.31,4.35,4.38,27934,76500537.0,0.22,-0.68
2016-05-26,立讯精密,002475,4.33,4.41,4.28,4.38,4.38,20162,55179561.0,0.16,0.0
2016-05-25,立讯精密,002475,4.41,4.48,4.34,4.38,4.38,28622,79245120.0,0.23,0.0
2016-05-24,立讯精密,002475,4.4,4.42,4.32,4.38,4.42,22977,63204953.0,0.18,-0.9
2016-05-23,立讯精密,002475,4.33,4.45,4.29,4.42,4.29,49995,137962671.0,0.4,3.03
2016-05-20,立讯精密,002475,4.33,4.33,4.26,4.29,4.31,28445,77176913.0,0.23,-0.46
2016-05-19,立讯精密,002475,4.29,4.4,4.26,4.31,4.32,47277,128747361.0,0.38,-0.23
2016-05-18,立讯精密,002475,4.39,4.46,4.24,4.32,4.44,63695,174047778.0,0.51,-2.7
2016-05-17,立讯精密,002475,4.35,4.48,4.31,4.44,4.33,55981,155943099.0,0.45,2.54
2016-05-16,立讯精密,002475,4.27,4.37,4.19,4.33,4.36,57162,154515637.0,0.46,-0.69
2016-05-13,立讯精密,002475,4.48,4.48,4.31,4.36,4.45,74802,206185491.0,0.6,-2.02
2016-05-12,立讯精密,002475,4.43,4.52,4.42,4.45,4.48,29013,81292721.0,0.23,-0.67
2016-05-11,立讯精密,002475,4.41,4.54,4.41,4.48,4.37,74837,210305840.0,0.6,2.52
2016-05-10,立讯精密,002475,4.35,4.44,4.34,4.37,4.37,36767,101772445.0,0.29,0.0
2016-05-09,立讯精密,002475,4.3,4.42,4.16,4.37,4.3,47576,128676996.0,0.38,1.63
2016-05-06,立讯精密,002475,4.54,4.58,4.3,4.3,4.52,50472,140722652.0,0.4,-4.87
2016-05-05,立讯精密,002475,4.52,4.54,4.49,4.52,4.51,22387,63288888.0,0.18,0.22
2016-05-04,立讯精密,002475,4.58,4.6,4.5,4.51,4.6,46327,131122720.0,0.37,-1.96
2016-05-03,立讯精密,002475,4.51,4.62,4.45,4.6,4.51,69191,197437004.0,0.56,2.0
2016-04-29,立讯精密,002475,4.44,4.57,4.41,4.51,4.45,79424,224474449.0,0.64,1.35
2016-04-28,立讯精密,002475,4.38,4.46,4.26,4.45,4.38,39448,108349756.0,0.32,1.6
2016-04-27,立讯精密,002475,4.41,4.49,4.37,4.38,4.45,37606,104755390.0,0.3,-1.57
2016-04-26,立讯精密,002475,4.45,4.51,4.34,4.45,4.45,38609,106910094.0,0.31,0.0
2016-04-25,立讯精密,002475,4.42,4.56,4.4,4.45,4.44,58929,165587944.0,0.47,0.23
2016-04-22,立讯精密,002475,4.24,4.46,4.24,4.44,4.21,78541,215796700.0,0.63,5.46
2016-04-21,立讯精密,002475,4.19,4.34,4.16,4.21,4.24,59100,159682728.0,0.47,-0.71
2016-04-20,立讯精密,002475,4.41,4.42,4.06,4.24,4.39,81648,219175028.0,0.66,-3.42
2016-04-19,立讯精密,002475,4.49,4.52,4.32,4.39,4.46,73642,203461780.0,0.59,-1.57
2016-04-18,立讯精密,002475,4.62,4.63,4.43,4.46,4.6,50742,142381966.0,0.41,-3.04
2016-04-15,立讯精密,002475,4.63,4.69,4.59,4.6,4.63,37072,106591769.0,0.3,-0.65
2016-04-14,立讯精密,002475,4.63,4.69,4.58,4.63,4.61,58771,169471811.0,0.47,0.43
2016-04-13,立讯精密,002475,4.57,4.66,4.57,4.61,4.55,107150,308901280.0,0.86,1.32
2016-04-12,立讯精密,002475,4.63,4.63,4.5,4.55,4.63,46081,130993294.0,0.37,-1.73
2016-04-11,立讯精密,002475,4.5,4.65,4.46,4.63,4.46,78463,224800583.0,0.63,3.81
2016-04-08,立讯精密,002475,4.61,4.61,4.41,4.46,4.64,89498,251660723.0,0.72,-3.88
2016-04-07,立讯精密,002475,4.68,4.75,4.62,4.64,4.66,92171,268433217.0,0.74,-0.43
2016-04-06,立讯精密,002475,4.62,4.67,4.59,4.66,4.63,84278,242762457.0,0.68,0.65
2016-04-05,立讯精密,002475,4.56,4.65,4.51,4.63,4.51,100297,287111680.0,0.8,2.66
2016-04-01,立讯精密,002475,4.65,4.67,4.45,4.51,4.72,89968,254978702.0,0.72,-4.45
2016-03-31,立讯精密,002475,4.91,4.91,4.57,4.72,4.9,201745,584823104.0,1.62,-3.67
2016-03-30,立讯精密,002475,4.71,4.93,4.71,4.9,4.68,67443,200740115.0,0.54,4.7
2016-03-29,立讯精密,002475,4.74,4.78,4.62,4.68,4.76,51009,148781374.0,0.41,-1.68
2016-03-28,立讯精密,002475,4.92,4.98,4.74,4.76,4.91,54568,163729001.0,0.44,-3.05
2016-03-25,立讯精密,002475,4.97,5.02,4.86,4.91,4.99,45352,137041936.0,0.36,-1.6
2016-03-24,立讯精密,002475,4.99,5.1,4.95,4.99,5.03,41997,129301771.0,0.34,-0.8
2016-03-23,立讯精密,002475,5.03,5.1,4.95,5.03,5.03,41463,127200995.0,0.33,0.0
2016-03-22,立讯精密,002475,5.05,5.1,4.99,5.03,5.1,41266,127332339.0,0.33,-1.37
2016-03-21,立讯精密,002475,5.16,5.3,5.01,5.1,5.13,84272,264295736.0,0.68,-0.58
2016-03-18,立讯精密,002475,5.08,5.18,5.04,5.13,5.07,64685,202375684.0,0.52,1.18
2016-03-17,立讯精密,002475,4.87,5.08,4.87,5.07,4.84,85097,261216189.0,0.68,4.75
2016-03-16,立讯精密,002475,4.93,4.98,4.83,4.84,4.96,30564,92064505.0,0.25,-2.42
2016-03-15,立讯精密,002475,4.87,4.98,4.85,4.96,4.89,75337,228376948.0,0.6,1.43
2016-03-14,立讯精密,002475,4.66,4.97,4.66,4.89,4.63,41959,125750919.0,0.34,5.62
2016-03-11,立讯精密,002475,4.66,4.72,4.58,4.63,4.73,25232,72832992.0,0.2,-2.11
2016-03-10,立讯精密,002475,4.64,4.77,4.6,4.73,4.64,36681,106961677.0,0.29,1.94
2016-03-09,立讯精密,002475,4.7,4.77,4.63,4.64,4.78,23499,68357029.0,0.19,-2.93
2016-03-08,立讯精密,002475,4.84,4.86,4.64,4.78,4.89,45517,133125666.0,0.37,-2.25
2016-03-07,立讯精密,002475,4.89,4.99,4.74,4.89,4.94,76525,228839933.0,0.61,-1.01
2016-03-04,立讯精密,002475,4.87,5.01,4.79,4.94,4.87,137361,416114960.0,1.1,1.44
2016-03-03,立讯精密,002475,4.71,4.94,4.71,4.87,4.8,60176,180344165.0,0.48,1.46
2016-03-02,立讯精密,002475,4.59,4.81,4.49,4.8,4.59,66081,192578631.0,0.53,4.58
2016-03-01,立讯精密,002475,4.34,4.6,4.34,4.59,4.4,67940,191787782.0,0.55,4.32
2016-02-29,立讯精密,002475,4.49,4.51,4.08,4.4,4.48,82169,225039814.0,0.66,-1.79
2016-02-26,立讯精密,002475,4.26,4.54,4.26,4.48,4.19,89408,248759481.0,0.72,6.92
2016-02-25,立讯精密,002475,4.63,4.67,4.12,4.19,4.67,71094,199330861.0,0.57,-10.28
2016-02-24,立讯精密,002475,4.74,4.75,4.52,4.67,4.7,40162,115945130.0,0.32,-0.64
2016-02-23,立讯精密,002475,4.86,4.89,4.63,4.7,4.86,46517,135915298.0,0.37,-3.29
2016-02-22,立讯精密,002475,4.97,5.01,4.77,4.86,4.66,60965,182907740.0,0.49,4.29
2016-02-19,立讯精密,002475,4.69,4.72,4.62,4.66,4.67,33373,96767840.0,0.27,-0.21
2016-02-18,立讯精密,002475,4.73,4.8,4.62,4.67,4.71,47110,137494610.0,0.38,-0.85
2016-02-17,立讯精密,002475,4.76,4.79,4.58,4.71,4.71,29506,85820880.0,0.24,0.0
2016-02-16,立讯精密,002475,4.48,4.74,4.48,4.71,4.47,52565,152437551.0,0.42,5.37
2016-02-15,立讯精密,002475,4.24,4.51,4.22,4.47,4.44,31343,87194245.0,0.25,0.68
2016-02-05,立讯精密,002475,4.46,4.52,4.38,4.44,4.47,25691,71881195.0,0.21,-0.67
2016-02-04,立讯精密,002475,4.48,4.65,4.45,4.47,4.46,51936,147475948.0,0.42,0.22
2016-02-03,立讯精密,002475,4.45,4.5,4.39,4.46,4.45,38151,106253523.0,0.31,0.22
2016-02-02,立讯精密,002475,4.46,4.62,4.42,4.45,4.42,50964,144338307.0,0.41,0.68
2016-02-01,立讯精密,002475,4.42,4.5,4.38,4.42,4.42,69121,192643459.0,0.55,0.0
2016-01-29,立讯精密,002475,4.11,4.49,4.11,4.42,4.08,86888,236231562.0,0.7,8.33
2016-01-28,立讯精密,002475,3.98,4.23,3.94,4.08,4.02,74239,195212431.0,0.6,1.49
2016-01-27,立讯精密,002475,3.97,4.17,3.67,4.02,3.86,88066,221627571.0,0.71,4.15
2016-01-26,立讯精密,002475,4.04,4.17,3.83,3.86,4.06,74888,193761799.0,0.6,-4.93
2016-01-25,立讯精密,002475,4.14,4.16,4.0,4.06,4.06,42194,110135842.0,0.34,0.0
2016-01-22,立讯精密,002475,4.26,4.27,3.96,4.06,4.18,57203,149507114.0,0.46,-2.87
2016-01-21,立讯精密,002475,4.23,4.39,4.15,4.18,4.3,57834,156242898.0,0.46,-2.79
2016-01-20,立讯精密,002475,4.38,4.48,4.26,4.3,4.39,58173,160412928.0,0.47,-2.05
2016-01-19,立讯精密,002475,4.3,4.52,4.19,4.39,4.27,71427,195617942.0,0.57,2.81
2016-01-18,立讯精密,002475,4.18,4.38,4.08,4.27,4.26,45819,123990252.0,0.37,0.23
2016-01-15,立讯精密,002475,4.43,4.51,4.22,4.26,4.43,60871,167524300.0,0.49,-3.84
2016-01-14,立讯精密,002475,4.21,4.49,4.06,4.43,4.32,73906,203871515.0,0.59,2.55
2016-01-13,立讯精密,002475,4.46,4.54,4.27,4.32,4.36,40262,112052712.0,0.32,-0.92
2016-01-12,立讯精密,002475,4.36,4.5,4.23,4.36,4.28,52651,145116957.0,0.42,1.87
2016-01-11,立讯精密,002475,4.63,4.64,4.27,4.28,4.68,59453,165114658.0,0.48,-8.55
2016-01-08,立讯精密,002475,4.67,4.86,4.36,4.68,4.59,66540,192986404.0,0.53,1.96
2016-01-07,立讯精密,002475,4.99,4.99,4.52,4.59,5.05,9764,28896035.0,0.08,-9.11
2016-01-06,立讯精密,002475,4.95,5.06,4.85,5.05,4.95,54350,165352763.0,0.44,2.02
2016-01-05,立讯精密,002475,4.84,5.07,4.67,4.95,4.83,89949,270947888.0,0.72,2.48
2016-01-04,立讯精密,002475,5.29,5.29,4.82,4.83,5.26,57112,176496755.0,0.46,-8.17
2015-12-31,立讯精密,002475,5.26,5.35,5.13,5.26,5.18,90013,287731280.0,0.72,1.54
2015-12-30,立讯精密,002475,5.14,5.33,5.1,5.18,5.16,88333,279799536.0,0.71,0.39
2015-12-29,立讯精密,002475,5.27,5.34,5.04,5.16,5.25,97791,305933040.0,0.78,-1.71
2015-12-28,立讯精密,002475,5.54,5.54,5.25,5.25,5.49,70344,227930162.0,0.56,-4.37
2015-12-25,立讯精密,002475,5.52,5.53,5.44,5.49,5.49,26604,88030634.0,0.21,0.0
2015-12-24,立讯精密,002475,5.41,5.53,5.38,5.49,5.39,34736,114553766.0,0.28,1.86
2015-12-23,立讯精密,002475,5.54,5.57,5.37,5.39,5.52,63483,208712223.0,0.51,-2.36
2015-12-22,立讯精密,002475,5.5,5.67,5.48,5.52,5.49,66569,222616434.0,0.53,0.55
2015-12-21,立讯精密,002475,5.47,5.58,5.43,5.49,5.47,76987,254842242.0,0.62,0.37
2015-12-18,立讯精密,002475,5.68,5.68,5.41,5.47,5.68,114584,381596128.0,0.92,-3.7
2015-12-17,立讯精密,002475,5.84,5.93,5.67,5.68,5.78,159931,547873984.0,1.28,-1.73
2015-12-16,立讯精密,002475,5.74,5.85,5.69,5.78,5.69,50085,172291387.0,0.4,1.58
2015-12-15,立讯精密,002475,5.72,5.87,5.65,5.69,5.72,52093,179344345.0,0.42,-0.52
2015-12-14,立讯精密,002475,5.74,5.88,5.52,5.72,5.74,49037,165129940.0,0.39,-0.35
2015-12-11,立讯精密,002475,5.72,5.9,5.64,5.74,5.73,51973,180256765.0,0.42,0.17
2015-12-10,立讯精密,002475,5.74,5.89,5.62,5.73,5.82,60144,207071618.0,0.48,-1.55
2015-12-09,立讯精密,002475,5.88,5.98,5.53,5.82,5.89,82649,282117936.0,0.66,-1.19
2015-12-08,立讯精密,002475,6.47,6.47,5.07,5.89,5.77,237912,854601376.0,1.91,2.08
2015-11-13,立讯精密,002475,5.52,5.99,5.46,5.77,5.52,171207,592353728.0,1.37,4.53
2015-11-12,立讯精密,002475,5.48,5.68,5.29,5.52,5.53,89809,295696976.0,0.72,-0.18
2015-11-11,立讯精密,002475,5.42,5.67,5.41,5.53,5.42,103627,344971904.0,0.83,2.03
2015-11-10,立讯精密,002475,5.27,5.44,5.24,5.42,5.31,92637,299236144.0,0.74,2.07
2015-11-09,立讯精密,002475,5.18,5.33,5.07,5.31,5.25,107076,338723664.0,0.86,1.14
2015-11-06,立讯精密,002475,5.08,5.3,5.08,5.25,5.15,60332,191739901.0,0.48,1.94
2015-11-05,立讯精密,002475,5.35,5.35,5.03,5.15,5.31,88643,280148592.0,0.71,-3.01
2015-11-04,立讯精密,002475,5.11,5.33,5.11,5.31,5.08,57889,184655914.0,0.46,4.53
2015-11-03,立讯精密,002475,5.26,5.35,5.05,5.08,5.25,42354,132664526.0,0.34,-3.24
2015-11-02,立讯精密,002475,5.2,5.42,5.08,5.25,5.3,46985,150710031.0,0.38,-0.94
2015-10-30,立讯精密,002475,5.34,5.43,5.28,5.3,5.34,48230,156139450.0,0.39,-0.75
2015-10-29,立讯精密,002475,5.39,5.48,5.24,5.34,5.36,82881,267514363.0,0.66,-0.37
2015-10-28,立讯精密,002475,5.27,5.59,5.23,5.36,5.32,160785,527753360.0,1.29,0.75
2015-10-27,立讯精密,002475,5.27,5.38,5.05,5.32,5.3,68263,216393744.0,0.55,0.38
2015-10-26,立讯精密,002475,5.44,5.45,5.19,5.3,5.27,96573,310549392.0,0.77,0.57
2015-10-23,立讯精密,002475,5.12,5.37,5.08,5.27,5.12,129024,413483152.0,1.04,2.93
2015-10-22,立讯精密,002475,4.88,5.19,4.88,5.12,4.84,99065,308081760.0,0.79,5.79
2015-10-21,立讯精密,002475,5.28,5.34,4.73,4.84,5.27,109223,336911888.0,0.88,-8.16
2015-10-20,立讯精密,002475,5.13,5.38,5.13,5.27,5.16,92556,296385264.0,0.74,2.13
2015-10-19,立讯精密,002475,5.44,5.44,5.1,5.16,5.46,137288,436750208.0,1.1,-5.49
2015-10-16,立讯精密,002475,5.3,5.64,5.24,5.46,5.15,225942,739325904.0,1.81,6.02
2015-10-15,立讯精密,002475,4.84,5.15,4.83,5.15,4.87,94149,290547536.0,0.82,5.75
2015-10-14,立讯精密,002475,5.03,5.13,4.86,4.87,5.09,81947,250308450.0,0.71,-4.32
2015-10-13,立讯精密,002475,5.17,5.25,5.04,5.09,5.23,71259,222867603.0,0.62,-2.68
2015-10-12,立讯精密,002475,5.16,5.39,5.03,5.23,5.04,101325,321790160.0,0.88,3.77
2015-10-09,立讯精密,002475,5.03,5.07,4.97,5.04,5.01,41536,127895885.0,0.36,0.6
2015-10-08,立讯精密,002475,4.99,5.11,4.88,5.01,4.78,54036,166257891.0,0.47,4.81
2015-09-30,立讯精密,002475,4.79,4.94,4.75,4.78,4.75,52017,155158029.0,0.45,0.63
2015-09-29,立讯精密,002475,4.77,4.97,4.71,4.75,4.86,49725,148267097.0,0.43,-2.26
2015-09-28,立讯精密,002475,4.71,4.92,4.57,4.86,4.75,62247,184362615.0,0.54,2.32
2015-09-25,立讯精密,002475,4.63,5.16,4.57,4.75,4.67,105885,317728848.0,0.92,1.71
2015-09-24,立讯精密,002475,4.69,4.74,4.57,4.67,4.71,51468,149104770.0,0.45,-0.85
2015-09-23,立讯精密,002475,4.67,4.79,4.6,4.71,4.77,117796,344362096.0,1.02,-1.26
2015-09-22,立讯精密,002475,4.49,4.77,4.47,4.77,4.22,139440,410288656.0,1.21,13.03
2015-09-21,立讯精密,002475,3.96,4.27,3.88,4.22,3.99,67537,178390943.0,0.59,5.76
2015-09-18,立讯精密,002475,3.98,4.04,3.86,3.99,3.91,46527,118728862.0,0.4,2.05
2015-09-17,立讯精密,002475,4.03,4.18,3.91,3.91,4.06,79611,207811385.0,0.69,-3.69
2015-09-16,立讯精密,002475,3.61,4.11,3.57,4.06,3.65,74318,184262473.0,0.65,11.23
2015-09-15,立讯精密,002475,3.65,3.88,3.51,3.65,3.7,70223,169966312.0,0.61,-1.35
2015-09-14,立讯精密,002475,4.29,4.34,3.7,3.7,4.24,87658,221965890.0,0.76,-12.74
2015-09-11,立讯精密,002475,4.3,4.42,4.22,4.24,4.31,39057,106243889.0,0.34,-1.62
2015-09-10,立讯精密,002475,4.46,4.5,4.3,4.31,4.55,62117,172308972.0,0.54,-5.27
2015-09-09,立讯精密,002475,4.47,4.63,4.38,4.55,4.37,120515,340712496.0,1.05,4.12
2015-09-08,立讯精密,002475,4.06,4.38,4.06,4.37,4.24,94380,251334852.0,0.82,3.07
2015-09-07,立讯精密,002475,4.69,4.86,4.12,4.24,4.66,128027,361820384.0,1.11,-9.01
2015-09-02,立讯精密,002475,4.26,4.68,4.22,4.66,4.52,143403,406649200.0,1.25,3.1
2015-09-01,立讯精密,002475,4.54,4.54,4.19,4.52,4.69,138886,385802240.0,1.21,-3.62
2015-08-31,立讯精密,002475,4.66,4.69,4.32,4.69,4.73,123809,351280224.0,1.08,-0.85
2015-08-28,立讯精密,002475,4.6,4.82,4.44,4.73,4.43,119764,342846768.0,1.04,6.77
2015-08-27,立讯精密,002475,3.99,4.43,3.99,4.43,3.92,113243,299420000.0,0.98,13.01
2015-08-26,立讯精密,002475,3.86,4.16,3.62,3.92,3.72,154705,391496800.0,1.35,5.38
2015-08-25,立讯精密,002475,3.78,4.43,3.72,3.72,4.26,183836,470214688.0,1.6,-12.68
2015-08-24,立讯精密,002475,4.64,4.64,4.26,4.26,4.87,193847,528728848.0,1.69,-12.53
2015-08-21,立讯精密,002475,5.07,5.18,4.73,4.87,5.19,112988,343413616.0,0.98,-6.17
2015-08-20,立讯精密,002475,5.4,5.44,5.17,5.19,5.34,98691,318896016.0,0.86,-2.81
2015-08-19,立讯精密,002475,4.97,5.39,4.97,5.34,5.15,150093,475556960.0,1.31,3.69
2015-08-18,立讯精密,002475,5.44,5.44,4.87,5.15,5.35,258545,824563632.0,2.25,-3.74
2015-08-17,立讯精密,002475,5.68,5.69,5.28,5.35,5.86,349667,1139051824.0,3.04,-8.7
2015-08-14,立讯精密,002475,6.27,6.29,5.7,5.86,6.16,167233,590960464.0,1.45,-4.87
2015-08-13,立讯精密,002475,6.07,6.24,5.93,6.16,6.07,71092,256507226.0,0.62,1.48
2015-08-12,立讯精密,002475,6.2,6.34,6.05,6.07,6.34,92201,335558352.0,0.8,-4.26
2015-08-11,立讯精密,002475,6.42,6.66,6.28,6.34,6.41,127186,482926768.0,1.11,-1.09
2015-08-10,立讯精密,002475,6.06,6.42,5.96,6.41,5.92,113426,417498736.0,0.99,8.28
2015-08-07,立讯精密,002475,6.02,6.21,5.88,5.92,5.87,84260,302020368.0,0.73,0.85
2015-08-06,立讯精密,002475,5.88,6.04,5.81,5.87,6.02,76656,269417312.0,0.67,-2.49
2015-08-05,立讯精密,002475,6.14,6.4,5.99,6.02,6.19,94065,343855184.0,0.82,-2.75
2015-08-04,立讯精密,002475,5.91,6.6,5.74,6.19,5.91,138202,495875728.0,1.2,4.74
2015-08-03,立讯精密,002475,5.62,5.91,5.53,5.91,5.66,164769,566260288.0,1.43,4.42
2015-07-31,立讯精密,002475,5.36,5.73,5.33,5.66,5.47,132228,440739312.0,1.15,3.47
2015-07-30,立讯精密,002475,5.64,5.94,5.37,5.47,5.77,123120,422774768.0,1.07,-5.2
2015-07-29,立讯精密,002475,5.68,5.87,5.27,5.77,5.66,165006,550879072.0,1.44,1.94
2015-07-28,立讯精密,002475,4.87,5.75,4.87,5.66,5.4,274845,884718288.0,2.39,4.81
2015-07-27,立讯精密,002475,5.88,6.18,5.39,5.4,6.12,211692,740708896.0,1.84,-11.76
2015-07-24,立讯精密,002475,6.53,6.59,6.12,6.12,6.61,247686,925211072.0,2.15,-7.41
2015-07-23,立讯精密,002475,6.49,6.81,6.23,6.61,6.56,227933,871062640.0,1.98,0.76
2015-07-22,立讯精密,002475,6.84,6.98,6.27,6.56,6.84,191633,737424832.0,1.67,-4.09
2015-07-21,立讯精密,002475,5.98,6.84,5.89,6.84,6.1,269410,1039482528.0,2.34,12.13
2015-07-20,立讯精密,002475,5.67,6.18,5.58,6.1,5.68,162090,564928368.0,1.41,7.39
2015-07-17,立讯精密,002475,5.52,5.85,5.37,5.68,5.34,125809,423863088.0,1.09,6.37
2015-07-16,立讯精密,002475,5.28,5.59,4.65,5.34,5.28,152719,491921568.0,1.33,1.14
2015-07-15,立讯精密,002475,5.52,5.86,5.28,5.28,6.0,210969,700288528.0,1.84,-12.0
2015-07-14,立讯精密,002475,6.28,6.79,5.92,6.0,6.49,275254,1024001328.0,2.39,-7.55
2015-07-13,立讯精密,002475,6.08,6.81,5.82,6.49,6.15,330918,1230414320.0,2.88,5.53
2015-07-10,立讯精密,002475,5.68,6.15,5.58,6.15,5.48,300762,1081056224.0,2.62,12.23
2015-07-09,立讯精密,002475,4.87,5.48,4.57,5.48,4.87,240421,763440944.0,2.09,12.53
2015-07-08,立讯精密,002475,3.86,4.99,3.86,4.87,4.42,514502,1434926336.0,4.48,10.18
2015-07-07,立讯精密,002475,4.48,4.76,4.35,4.42,4.97,360806,997573120.0,3.14,-11.07
2015-07-06,立讯精密,002475,5.94,5.94,4.66,4.97,5.31,201689,625887392.0,1.75,-6.4
2015-07-03,立讯精密,002475,5.64,5.66,4.87,5.31,5.41,164687,532008576.0,1.43,-1.85
2015-07-02,立讯精密,002475,5.5,5.75,5.15,5.41,5.49,160422,533230336.0,1.4,-1.46
2015-07-01,立讯精密,002475,5.48,6.22,5.42,5.49,5.64,206560,719558640.0,1.8,-2.66
2015-06-30,立讯精密,002475,5.23,5.69,4.87,5.64,5.07,234528,758061744.0,2.04,11.24
2015-06-29,立讯精密,002475,5.48,5.64,4.6,5.07,5.24,178256,560367152.0,1.55,-3.24
2015-06-26,立讯精密,002475,5.52,5.91,5.24,5.24,5.96,184474,611859328.0,1.6,-12.08
2015-06-25,立讯精密,002475,6.13,6.44,5.91,5.96,6.28,116594,425420960.0,1.01,-5.1
2015-06-24,立讯精密,002475,5.51,6.28,5.45,6.28,5.6,187019,666053248.0,1.63,12.14
2015-06-23,立讯精密,002475,5.64,5.79,5.26,5.6,5.64,121860,408740688.0,1.06,-0.71
2015-06-19,立讯精密,002475,5.94,5.94,5.33,5.64,5.94,136955,465610368.0,1.19,-5.05
2015-06-18,立讯精密,002475,6.19,6.32,5.89,5.94,6.19,77562,426381360.0,1.01,-4.04
2015-06-17,立讯精密,002475,6.0,6.22,5.88,6.19,5.97,79593,428974768.0,1.04,3.69
2015-06-16,立讯精密,002475,6.14,6.14,5.8,5.97,6.26,90893,485012256.0,1.19,-4.63
2015-06-15,立讯精密,002475,6.49,6.57,6.17,6.26,6.54,99931,557773696.0,1.3,-4.28
2015-06-12,立讯精密,002475,6.48,6.58,5.71,6.54,6.48,118422,670819296.0,1.55,0.93
2015-06-11,立讯精密,002475,6.21,6.56,6.19,6.48,6.09,171973,968377040.0,2.24,6.4
2015-06-10,立讯精密,002475,5.34,6.09,5.32,6.09,5.43,140745,734805600.0,1.84,12.15
2015-06-09,立讯精密,002475,5.26,5.56,5.25,5.43,5.24,83342,408987936.0,1.09,3.63
2015-06-08,立讯精密,002475,5.59,5.59,5.14,5.24,5.57,137598,664545216.0,1.8,-5.92
2015-06-05,立讯精密,002475,5.75,5.87,5.42,5.57,5.68,88773,452355184.0,1.16,-1.94
2015-06-04,立讯精密,002475,5.91,6.11,5.25,5.68,5.96,112741,573944048.0,1.47,-4.7
2015-06-03,立讯精密,002475,5.86,6.23,5.82,5.96,5.96,104207,561104016.0,1.36,0.0
2015-06-02,立讯精密,002475,5.73,5.97,5.6,5.96,5.67,134814,701868848.0,1.76,5.11
2015-06-01,立讯精密,002475,5.45,5.73,5.35,5.67,5.32,117057,589863296.0,1.53,6.58
2015-05-29,立讯精密,002475,5.29,5.5,5.07,5.32,5.27,90896,440942864.0,1.19,0.95
2015-05-28,立讯精密,002475,5.53,5.92,5.26,5.27,5.52,121974,620038240.0,1.59,-4.53
2015-05-27,立讯精密,002475,5.68,5.77,5.46,5.52,5.67,75256,376647648.0,0.98,-2.65
2015-05-26,立讯精密,002475,5.53,5.69,5.38,5.67,5.41,107876,540434704.0,1.41,4.81
2015-05-25,立讯精密,002475,5.32,5.61,5.26,5.41,5.39,79757,393981968.0,1.04,0.37
2015-05-22,立讯精密,002475,5.59,5.62,5.28,5.39,5.59,94348,462063440.0,1.23,-3.58
2015-05-21,立讯精密,002475,5.1,5.64,5.09,5.59,5.09,123796,606260976.0,1.62,9.82
2015-05-20,立讯精密,002475,4.97,5.39,4.97,5.09,4.98,115177,545848640.0,1.5,2.21
2015-05-19,立讯精密,002475,4.82,4.99,4.73,4.98,4.83,94083,424072912.0,1.23,3.11
2015-05-18,立讯精密,002475,5.01,5.01,4.77,4.83,4.98,95048,427661184.0,1.24,-3.01
2015-05-15,立讯精密,002475,5.01,5.13,4.92,4.98,4.95,75679,348384048.0,0.99,0.61
2015-05-14,立讯精密,002475,5.11,5.12,4.83,4.95,5.1,72927,334099648.0,0.95,-2.94
2015-05-13,立讯精密,002475,4.97,5.25,4.91,5.1,5.07,115783,542367728.0,1.51,0.59
2015-05-12,立讯精密,002475,4.57,5.14,4.46,5.07,4.57,151582,665299392.0,1.98,10.94
2015-05-11,立讯精密,002475,4.38,4.58,4.32,4.57,4.35,112979,476753024.0,1.47,5.06
2015-05-08,立讯精密,002475,4.28,4.39,4.2,4.35,4.22,45733,186101183.0,0.6,3.08
2015-05-07,立讯精密,002475,4.34,4.4,4.2,4.22,4.37,38883,158523063.0,0.51,-3.43
2015-05-06,立讯精密,002475,4.43,4.51,4.25,4.37,4.43,63592,264801770.0,0.83,-1.35
2015-05-05,立讯精密,002475,4.5,4.55,4.41,4.43,4.5,68292,288357024.0,0.89,-1.56
2015-05-04,立讯精密,002475,4.41,4.53,4.4,4.5,4.4,68797,290241760.0,0.9,2.27
2015-04-30,立讯精密,002475,4.49,4.5,4.39,4.4,4.45,66763,280063856.0,0.87,-1.12
2015-04-29,立讯精密,002475,4.18,4.51,4.16,4.45,4.15,114472,475050544.0,1.49,7.23
2015-04-28,立讯精密,002475,4.33,4.38,4.14,4.15,4.33,81034,326160384.0,1.06,-4.16
2015-04-27,立讯精密,002475,4.4,4.47,4.28,4.33,4.33,69625,287638720.0,0.91,0.0
2015-04-24,立讯精密,002475,4.44,4.52,4.33,4.33,4.5,69303,288280368.0,0.9,-3.78
2015-04-23,立讯精密,002475,4.6,4.65,4.46,4.5,4.57,76393,324011968.0,1.0,-1.53
2015-04-22,立讯精密,002475,4.36,4.66,4.33,4.57,4.38,84057,356983216.0,1.1,4.34
2015-04-21,立讯精密,002475,4.2,4.38,4.12,4.38,4.2,66785,273346432.0,0.87,4.29
2015-04-20,立讯精密,002475,4.44,4.44,4.14,4.2,4.44,92030,373301360.0,1.2,-5.41
2015-04-17,立讯精密,002475,4.56,4.59,4.41,4.44,4.5,82567,348278976.0,1.08,-1.33
2015-04-16,立讯精密,002475,4.41,4.59,4.37,4.5,4.5,74361,314962080.0,0.97,0.0
2015-04-15,立讯精密,002475,4.82,4.82,4.41,4.5,4.82,97924,420958208.0,1.28,-6.64
2015-04-14,立讯精密,002475,4.81,4.82,4.61,4.82,4.72,92211,406499456.0,1.2,2.12
2015-04-13,立讯精密,002475,4.59,4.8,4.59,4.72,4.45,108278,473946864.0,1.41,6.07
2015-04-10,立讯精密,002475,4.21,4.45,4.16,4.45,4.21,75416,311517344.0,0.98,5.7
2015-04-09,立讯精密,002475,4.27,4.32,4.03,4.21,4.32,87253,344967920.0,1.14,-2.55
2015-04-08,立讯精密,002475,4.52,4.52,4.18,4.32,4.49,93521,385200000.0,1.22,-3.79
2015-04-07,立讯精密,002475,4.44,4.72,4.44,4.49,4.43,96202,410583824.0,1.26,1.35
2015-04-03,立讯精密,002475,4.32,4.56,4.24,4.43,4.36,83445,349348192.0,1.09,1.61
2015-04-02,立讯精密,002475,4.33,4.41,4.29,4.36,4.32,98956,407350672.0,1.29,0.93
2015-04-01,立讯精密,002475,4.08,4.41,4.05,4.32,4.04,130094,525430464.0,1.7,6.93
2015-03-31,立讯精密,002475,4.1,4.1,4.01,4.04,4.05,84199,328984688.0,1.1,-0.25
2015-03-30,立讯精密,002475,3.98,4.13,3.98,4.05,3.9,103333,403235168.0,1.35,3.85
2015-03-27,立讯精密,002475,3.83,3.91,3.83,3.9,3.8,48316,182500032.0,0.63,2.63
2015-03-26,立讯精密,002475,3.93,3.94,3.79,3.8,3.95,105998,398884816.0,1.38,-3.8
2015-03-25,立讯精密,002475,4.01,4.04,3.91,3.95,4.05,112306,430242768.0,1.47,-2.47
2015-03-24,立讯精密,002475,4.13,4.23,4.02,4.05,4.19,111895,441520048.0,1.46,-3.34
2015-03-23,立讯精密,002475,4.04,4.25,4.03,4.19,4.01,133957,532608256.0,1.75,4.49
2015-03-20,立讯精密,002475,3.98,4.04,3.94,4.01,3.99,79494,306743584.0,1.04,0.5
2015-03-19,立讯精密,002475,3.99,4.03,3.95,3.99,4.03,94752,364423104.0,1.24,-0.99
2015-03-18,立讯精密,002475,4.04,4.05,3.94,4.03,4.02,95436,368000688.0,1.25,0.25
2015-03-17,立讯精密,002475,4.02,4.08,3.97,4.02,4.06,101724,393895104.0,1.33,-0.99
2015-03-16,立讯精密,002475,4.07,4.08,3.89,4.06,4.06,143433,554291072.0,1.87,0.0
2015-03-13,立讯精密,002475,4.18,4.19,3.9,4.06,4.17,99107,382394048.0,1.29,-2.64
2015-03-12,立讯精密,002475,4.35,4.36,3.9,4.17,4.25,104831,410004464.0,1.37,-1.88
2015-03-11,立讯精密,002475,4.15,4.38,4.09,4.25,4.13,110817,446859312.0,1.45,2.91
2015-03-10,立讯精密,002475,4.05,4.21,3.89,4.13,4.04,140773,551510480.0,1.84,2.23
2015-03-09,立讯精密,002475,3.87,4.05,3.76,4.04,3.87,94100,357625440.0,1.23,4.39
2015-03-06,立讯精密,002475,4.02,4.06,3.85,3.87,4.01,51654,195864658.0,0.67,-3.49
2015-03-05,立讯精密,002475,4.04,4.13,3.97,4.01,4.01,59209,230479579.0,0.77,0.0
2015-03-04,立讯精密,002475,4.07,4.08,3.9,4.01,3.91,54661,210792414.0,0.71,2.56
2015-03-03,立讯精密,002475,3.89,4.09,3.88,3.91,3.88,77476,300446000.0,1.01,0.77
2015-03-02,立讯精密,002475,3.99,4.02,3.85,3.88,3.92,49495,187563677.0,0.65,-1.02
2015-02-27,立讯精密,002475,3.85,4.0,3.85,3.92,3.78,43830,167124598.0,0.57,3.7
2015-02-26,立讯精密,002475,3.82,3.82,3.71,3.78,3.83,29914,110315254.0,0.39,-1.31
2015-02-25,立讯精密,002475,3.85,3.94,3.68,3.83,3.82,49619,185918662.0,0.65,0.26
2015-02-17,立讯精密,002475,3.88,3.97,3.75,3.82,3.81,45827,171966843.0,0.6,0.26
2015-02-16,立讯精密,002475,3.46,3.85,3.46,3.81,3.46,84712,310368608.0,1.11,10.12
2015-02-13,立讯精密,002475,3.48,3.52,3.46,3.46,3.47,43584,151960351.0,0.57,-0.29
2015-02-12,立讯精密,002475,3.37,3.52,3.37,3.47,3.33,46808,162751973.0,0.61,4.2
2015-02-11,立讯精密,002475,3.3,3.33,3.25,3.33,3.31,39082,130909142.0,0.51,0.6
2015-02-10,立讯精密,002475,3.21,3.31,3.2,3.31,3.19,45945,152288465.0,0.6,3.76
2015-02-09,立讯精密,002475,3.29,3.31,3.17,3.19,3.24,33080,109080015.0,0.43,-1.54
2015-02-06,立讯精密,002475,3.16,3.31,3.16,3.24,3.19,40640,134078170.0,0.53,1.57
2015-02-05,立讯精密,002475,3.37,3.43,3.18,3.19,3.4,66524,221073057.0,0.87,-6.18
2015-02-04,立讯精密,002475,3.48,3.53,3.39,3.4,3.48,35243,122124913.0,0.46,-2.3
2015-02-03,立讯精密,002475,3.43,3.5,3.41,3.48,3.37,37871,131675811.0,0.49,3.26
2015-02-02,立讯精密,002475,3.24,3.41,3.24,3.37,3.31,27586,93539229.0,0.36,1.81
2015-01-30,立讯精密,002475,3.4,3.41,3.3,3.31,3.37,32304,109156244.0,0.42,-1.78
2015-01-29,立讯精密,002475,3.44,3.44,3.32,3.37,3.47,37109,126667106.0,0.48,-2.88
2015-01-28,立讯精密,002475,3.48,3.56,3.44,3.47,3.56,46351,161922494.0,0.6,-2.53
2015-01-27,立讯精密,002475,3.48,3.6,3.4,3.56,3.49,55578,195262192.0,0.73,2.01
2015-01-26,立讯精密,002475,3.31,3.53,3.29,3.49,3.29,61866,214384991.0,0.81,6.08
2015-01-23,立讯精密,002475,3.44,3.48,3.24,3.29,3.48,71513,241556068.0,0.93,-5.46
2015-01-22,立讯精密,002475,3.48,3.51,3.39,3.48,3.48,61288,212476378.0,0.8,0.0
2015-01-21,立讯精密,002475,3.27,3.54,3.27,3.48,3.25,122813,425403488.0,1.6,7.08
2015-01-20,立讯精密,002475,3.1,3.29,3.04,3.25,3.1,85082,278985472.0,1.11,4.84
2015-01-19,立讯精密,002475,3.05,3.24,2.97,3.1,3.12,74736,240908747.0,0.98,-0.64
2015-01-16,立讯精密,002475,3.12,3.15,3.0,3.12,3.12,58584,186598170.0,0.76,0.0
2015-01-15,立讯精密,002475,3.13,3.2,3.08,3.12,3.12,36114,116429444.0,0.47,0.0
2015-01-14,立讯精密,002475,3.21,3.3,3.12,3.12,3.23,56141,183649675.0,0.73,-3.41
2015-01-13,立讯精密,002475,3.07,3.28,3.07,3.23,3.09,114336,374888816.0,1.49,4.53
2015-01-12,立讯精密,002475,3.0,3.14,2.98,3.09,3.03,56364,179954327.0,0.74,1.98
2015-01-09,立讯精密,002475,2.94,3.1,2.92,3.03,2.94,92676,292846672.0,1.21,3.06
2015-01-08,立讯精密,002475,2.95,3.0,2.91,2.94,2.91,54402,168404132.0,0.71,1.03
2015-01-07,立讯精密,002475,2.9,3.02,2.84,2.91,2.89,55716,171129309.0,0.73,0.69
2015-01-06,立讯精密,002475,2.63,2.93,2.63,2.89,2.63,122332,366351312.0,1.6,9.89
2015-01-05,立讯精密,002475,2.54,2.66,2.49,2.63,2.52,48303,136379503.0,0.63,4.37
2014-12-31,立讯精密,002475,2.46,2.73,2.43,2.52,2.46,69459,195489455.0,0.91,2.44
2014-12-30,立讯精密,002475,2.54,2.54,2.43,2.46,2.55,44427,121685942.0,0.58,-3.53
2014-12-29,立讯精密,002475,2.65,2.65,2.5,2.55,2.65,42155,117498964.0,0.55,-3.77
2014-12-26,立讯精密,002475,2.69,2.72,2.63,2.65,2.69,29125,83968661.0,0.38,-1.49
2014-12-25,立讯精密,002475,2.6,2.74,2.54,2.69,2.6,58166,168361299.0,0.76,3.46
2014-12-24,立讯精密,002475,2.43,2.72,2.42,2.6,2.43,81678,229417959.0,1.07,7.0
2014-12-23,立讯精密,002475,2.52,2.55,2.41,2.43,2.51,49781,135517974.0,0.65,-3.19
2014-12-22,立讯精密,002475,2.65,2.67,2.41,2.51,2.67,70174,192794459.0,0.92,-5.99
2014-12-19,立讯精密,002475,2.8,2.85,2.63,2.67,2.8,62180,180183101.0,0.81,-4.64
2014-12-18,立讯精密,002475,2.81,2.86,2.78,2.8,2.83,32287,96426337.0,0.42,-1.06
2014-12-17,立讯精密,002475,2.94,2.96,2.82,2.83,2.94,44927,136254283.0,0.59,-3.74
2014-12-16,立讯精密,002475,3.0,3.0,2.9,2.94,2.97,33921,104126743.0,0.44,-1.01
2014-12-15,立讯精密,002475,2.9,2.99,2.86,2.97,2.9,53121,163119833.0,0.69,2.41
2014-12-12,立讯精密,002475,2.8,2.91,2.76,2.9,2.78,56762,171690500.0,0.74,4.32
2014-12-11,立讯精密,002475,2.78,2.85,2.76,2.78,2.81,44805,133376281.0,0.58,-1.07
2014-12-10,立讯精密,002475,2.68,2.9,2.68,2.81,2.64,99428,295545968.0,1.3,6.44
2014-12-09,立讯精密,002475,2.82,2.82,2.63,2.64,2.83,94149,274611632.0,1.23,-6.71
2014-12-08,立讯精密,002475,2.87,2.89,2.75,2.83,2.86,98639,291861200.0,1.29,-1.05
2014-12-05,立讯精密,002475,2.97,3.03,2.83,2.86,3.0,65487,200570254.0,0.85,-4.67
2014-12-04,立讯精密,002475,2.92,3.06,2.92,3.0,2.9,64577,202355261.0,0.84,3.45
2014-12-03,立讯精密,002475,2.9,2.91,2.77,2.9,2.88,67850,204500577.0,0.89,0.69
2014-12-02,立讯精密,002475,2.76,2.92,2.76,2.88,2.75,56017,168479655.0,0.73,4.73
2014-12-01,立讯精密,002475,2.86,2.86,2.71,2.75,2.83,69908,205598664.0,0.91,-2.83
2014-11-28,立讯精密,002475,2.9,2.9,2.71,2.83,2.9,100481,299864688.0,1.31,-2.41
2014-11-27,立讯精密,002475,2.97,2.99,2.86,2.9,2.97,57433,175883866.0,0.75,-2.36
2014-11-26,立讯精密,002475,3.01,3.03,2.94,2.97,3.01,48619,151267647.0,0.63,-1.33
2014-11-25,立讯精密,002475,3.01,3.03,2.97,3.01,3.01,41181,128371004.0,0.54,0.0
2014-11-24,立讯精密,002475,3.04,3.06,2.96,3.01,3.01,47030,147022473.0,0.61,0.0
2014-11-21,立讯精密,002475,3.08,3.08,3.01,3.01,3.06,23129,72940132.0,0.3,-1.63
2014-11-20,立讯精密,002475,3.06,3.1,3.02,3.06,3.04,23794,75257755.0,0.31,0.66
2014-11-19,立讯精密,002475,3.04,3.13,3.04,3.04,3.08,39816,126983162.0,0.52,-1.3
2014-11-18,立讯精密,002475,3.01,3.09,3.01,3.08,3.01,32197,101930285.0,0.42,2.33
2014-11-17,立讯精密,002475,2.91,3.05,2.91,3.01,2.91,35587,111004995.0,0.46,3.44
2014-11-14,立讯精密,002475,2.88,2.91,2.84,2.91,2.86,18473,55990145.0,0.24,1.75
2014-11-13,立讯精密,002475,2.94,2.94,2.82,2.86,2.94,32164,97134588.0,0.42,-2.72
2014-11-12,立讯精密,002475,2.86,2.95,2.86,2.94,2.9,24050,73820951.0,0.31,1.38
2014-11-11,立讯精密,002475,3.1,3.11,2.88,2.9,3.08,55118,171152515.0,0.72,-5.84
2014-11-10,立讯精密,002475,3.1,3.1,3.05,3.08,3.09,29434,93372277.0,0.38,-0.32
2014-11-07,立讯精密,002475,3.15,3.18,3.08,3.09,3.13,31486,101131780.0,0.41,-1.28
2014-11-06,立讯精密,002475,3.1,3.14,3.08,3.13,3.08,29410,94386451.0,0.38,1.62
2014-11-05,立讯精密,002475,3.12,3.14,3.02,3.08,3.12,59715,189794212.0,0.78,-1.28
2014-11-04,立讯精密,002475,3.14,3.21,3.1,3.12,3.12,49973,161403991.0,0.65,0.0
2014-11-03,立讯精密,002475,3.15,3.2,3.11,3.12,3.15,40653,131332270.0,0.53,-0.95
2014-10-31,立讯精密,002475,3.22,3.24,3.1,3.15,3.24,66716,215437084.0,0.87,-2.78
2014-10-30,立讯精密,002475,3.31,3.34,3.24,3.24,3.31,37374,124392017.0,0.49,-2.11
2014-10-29,立讯精密,002475,3.37,3.38,3.27,3.31,3.37,73692,247220309.0,0.96,-1.78
2014-10-28,立讯精密,002475,3.32,3.37,3.3,3.37,3.31,60595,204575587.0,0.79,1.81
2014-10-27,立讯精密,002475,3.3,3.33,3.27,3.31,3.3,37100,124219121.0,0.48,0.3
2014-10-24,立讯精密,002475,3.31,3.35,3.25,3.3,3.29,35662,119496995.0,0.47,0.3
2014-10-23,立讯精密,002475,3.31,3.33,3.21,3.29,3.29,44736,148874518.0,0.58,0.0
2014-10-22,立讯精密,002475,3.39,3.39,3.27,3.29,3.38,64505,217787737.0,0.84,-2.66
2014-10-21,立讯精密,002475,3.19,3.39,3.19,3.38,3.13,160936,541006144.0,2.1,7.99
2014-10-20,立讯精密,002475,3.1,3.14,3.09,3.13,3.07,36420,116890359.0,0.48,1.95
2014-10-17,立讯精密,002475,3.16,3.18,3.03,3.07,3.15,35954,114461348.0,0.47,-2.54
2014-10-16,立讯精密,002475,3.17,3.18,3.13,3.15,3.17,26872,86812595.0,0.35,-0.63
2014-10-15,立讯精密,002475,3.11,3.2,3.11,3.17,3.11,27743,90056917.0,0.36,1.93
2014-10-14,立讯精密,002475,3.22,3.22,3.07,3.11,3.08,26530,85158991.0,0.35,0.97
2014-10-13,立讯精密,002475,3.15,3.16,3.03,3.08,3.18,51915,164786185.0,0.68,-3.14
2014-10-10,立讯精密,002475,3.17,3.19,3.14,3.18,3.2,37950,122929153.0,0.5,-0.63
2014-10-09,立讯精密,002475,3.17,3.21,3.13,3.2,3.16,44056,143311911.0,0.57,1.27
2014-10-08,立讯精密,002475,3.21,3.24,3.13,3.16,3.21,40354,130751293.0,0.53,-1.56
2014-09-30,立讯精密,002475,3.12,3.21,3.12,3.21,3.11,47318,153873153.0,0.62,3.22
2014-09-29,立讯精密,002475,3.12,3.21,3.1,3.11,3.1,66030,213534568.0,0.86,0.32
2014-09-26,立讯精密,002475,3.24,3.24,3.02,3.1,3.24,114083,364979600.0,1.49,-4.32
2014-09-25,立讯精密,002475,3.34,3.37,3.23,3.24,3.33,42277,141166682.0,0.55,-2.7
2014-09-24,立讯精密,002475,3.32,3.37,3.29,3.33,3.34,33196,111761845.0,0.43,-0.3
2014-09-23,立讯精密,002475,3.39,3.39,3.32,3.34,3.37,25393,85922497.0,0.33,-0.89
2014-09-22,立讯精密,002475,3.29,3.39,3.2,3.37,3.29,56405,190245053.0,0.74,2.43
2014-09-19,立讯精密,002475,3.24,3.37,3.24,3.29,3.2,53244,178477253.0,0.69,2.81
2014-09-18,立讯精密,002475,3.17,3.21,3.1,3.2,3.17,41280,134078381.0,0.54,0.95
2014-09-17,立讯精密,002475,3.21,3.26,3.08,3.17,3.2,49995,161474345.0,0.65,-0.94
2014-09-16,立讯精密,002475,3.29,3.32,3.2,3.2,3.28,35480,117603884.0,0.46,-2.44
2014-09-15,立讯精密,002475,3.31,3.34,3.25,3.28,3.31,42743,142377153.0,0.56,-0.91
2014-09-12,立讯精密,002475,3.3,3.35,3.25,3.31,3.32,36200,121076598.0,0.47,-0.3
2014-09-11,立讯精密,002475,3.39,3.39,3.31,3.32,3.37,40636,136748248.0,0.53,-1.48
2014-09-10,立讯精密,002475,3.33,3.38,3.25,3.37,3.32,39489,132534511.0,0.52,1.51
2014-09-09,立讯精密,002475,3.34,3.41,3.29,3.32,3.35,38245,129550825.0,0.5,-0.9
2014-09-05,立讯精密,002475,3.39,3.42,3.29,3.35,3.4,52094,175546143.0,0.68,-1.47
2014-09-04,立讯精密,002475,3.46,3.46,3.36,3.4,3.46,42052,143304219.0,0.55,-1.73
2014-09-03,立讯精密,002475,3.46,3.49,3.4,3.46,3.46,33086,114445248.0,0.43,0.0
2014-09-02,立讯精密,002475,3.46,3.48,3.37,3.46,3.46,35852,123079266.0,0.47,0.0
2014-09-01,立讯精密,002475,3.43,3.52,3.36,3.46,3.42,45540,156828802.0,0.59,1.17
2014-08-29,立讯精密,002475,3.28,3.52,3.28,3.42,3.25,44973,154194930.0,0.59,5.23
2014-08-28,立讯精密,002475,3.21,3.26,3.16,3.25,3.19,18029,59080690.0,0.24,1.88
2014-08-27,立讯精密,002475,3.22,3.23,3.15,3.19,3.22,33220,108047518.0,0.43,-0.93
2014-08-26,立讯精密,002475,3.34,3.36,3.2,3.22,3.34,32016,106279747.0,0.42,-3.59
2014-08-25,立讯精密,002475,3.39,3.39,3.24,3.34,3.33,25492,85369050.0,0.33,0.3
2014-08-22,立讯精密,002475,3.4,3.4,3.31,3.33,3.4,22223,75137135.0,0.29,-2.06
2014-08-21,立讯精密,002475,3.35,3.41,3.26,3.4,3.39,35449,119043837.0,0.46,0.29
2014-08-20,立讯精密,002475,3.44,3.46,3.34,3.39,3.44,30139,103119053.0,0.39,-1.45
2014-08-19,立讯精密,002475,3.42,3.5,3.39,3.44,3.42,32973,113355389.0,0.43,0.58
2014-08-18,立讯精密,002475,3.44,3.51,3.39,3.42,3.4,38614,133074163.0,0.5,0.59
2014-08-15,立讯精密,002475,3.46,3.49,3.37,3.4,3.44,34279,117954719.0,0.45,-1.16
2014-08-14,立讯精密,002475,3.46,3.7,3.36,3.44,3.46,48251,169117696.0,0.63,-0.58
2014-08-13,立讯精密,002475,3.22,3.47,3.22,3.46,3.22,92744,316119296.0,1.21,7.45
2014-08-12,立讯精密,002475,3.0,3.25,3.0,3.22,3.04,73911,239874512.0,0.96,5.92
2014-08-11,立讯精密,002475,3.05,3.08,2.95,3.04,2.99,32355,101913679.0,0.42,1.67
2014-08-08,立讯精密,002475,3.0,3.09,2.96,2.99,3.01,42786,134502143.0,0.56,-0.66
2014-08-07,立讯精密,002475,2.97,3.03,2.9,3.01,2.93,56208,175825745.0,0.73,2.73
2014-08-06,立讯精密,002475,2.85,2.96,2.85,2.93,2.85,42162,129015298.0,0.55,2.81
2014-08-05,立讯精密,002475,2.86,2.89,2.78,2.85,2.9,33812,101356542.0,0.44,-1.72
2014-08-04,立讯精密,002475,2.85,2.9,2.72,2.9,2.89,52980,157379109.0,0.69,0.35
2014-08-01,立讯精密,002475,2.94,3.03,2.84,2.89,2.98,32721,100309870.0,0.43,-3.02
2014-07-31,立讯精密,002475,2.94,3.0,2.92,2.98,2.95,23683,73058298.0,0.31,1.02
2014-07-30,立讯精密,002475,3.0,3.0,2.92,2.95,2.98,25258,77938062.0,0.33,-1.01
2014-07-29,立讯精密,002475,2.86,2.98,2.84,2.98,2.83,48305,148348687.0,0.63,5.3
2014-07-28,立讯精密,002475,2.86,2.9,2.76,2.83,2.83,39455,117974718.0,0.51,0.0
2014-07-25,立讯精密,002475,2.81,2.97,2.79,2.83,2.72,42386,127720572.0,0.55,4.04
2014-07-24,立讯精密,002475,2.87,2.91,2.7,2.72,2.87,30888,90819393.0,0.4,-5.23
2014-07-23,立讯精密,002475,2.92,2.97,2.81,2.87,2.91,30063,91344982.0,0.39,-1.37
2014-07-22,立讯精密,002475,2.8,2.92,2.79,2.91,2.81,26062,79015562.0,0.34,3.56
2014-07-21,立讯精密,002475,2.74,2.86,2.71,2.81,2.69,42307,125886759.0,0.55,4.46
2014-07-18,立讯精密,002475,2.65,2.72,2.63,2.69,2.67,45741,131805434.0,0.6,0.75
2014-07-17,立讯精密,002475,2.66,2.76,2.59,2.67,2.66,55618,160198875.0,0.73,0.38
2014-07-16,立讯精密,002475,2.78,2.83,2.61,2.66,2.77,41438,120076500.0,0.54,-3.97
2014-07-15,立讯精密,002475,2.92,3.0,2.76,2.77,2.95,34336,103586132.0,0.45,-6.1
2014-07-14,立讯精密,002475,2.73,2.97,2.73,2.95,2.74,43299,130066150.0,0.56,7.66
2014-07-11,立讯精密,002475,2.89,2.96,2.69,2.74,2.89,66834,199734287.0,0.87,-5.19
2014-07-10,立讯精密,002475,3.04,3.06,2.86,2.89,3.05,49770,153298728.0,0.65,-5.25
2014-07-09,立讯精密,002475,3.14,3.15,3.04,3.05,3.14,27595,87658532.0,0.36,-2.87
2014-07-08,立讯精密,002475,3.15,3.17,3.0,3.14,3.15,31524,100108132.0,0.41,-0.32
2014-07-07,立讯精密,002475,3.18,3.22,3.1,3.15,3.17,15299,49465021.0,0.2,-0.63
2014-07-04,立讯精密,002475,3.23,3.23,3.1,3.17,3.23,19079,61611928.0,0.25,-1.86
2014-07-03,立讯精密,002475,3.28,3.36,3.21,3.23,3.29,19088,63516444.0,0.25,-1.82
2014-07-02,立讯精密,002475,3.23,3.36,3.19,3.29,3.23,29254,97522919.0,0.38,1.86
2014-07-01,立讯精密,002475,3.21,3.27,3.1,3.23,3.21,33192,108664459.0,0.43,0.62
2014-06-30,立讯精密,002475,2.94,3.24,2.92,3.21,2.97,62150,199194290.0,0.81,8.08
2014-06-27,立讯精密,002475,2.93,2.97,2.88,2.97,2.93,13672,41864000.0,0.18,1.37
2014-06-26,立讯精密,002475,2.95,3.01,2.93,2.93,2.95,21665,66952279.0,0.28,-0.68
2014-06-25,立讯精密,002475,2.88,2.96,2.88,2.95,2.95,12309,37523326.0,0.16,0.0
2014-06-24,立讯精密,002475,3.0,3.02,2.91,2.95,3.0,17780,54820701.0,0.23,-1.67
2014-06-23,立讯精密,002475,3.04,3.07,2.98,3.0,3.0,21303,66814962.0,0.28,0.0
2014-06-20,立讯精密,002475,2.97,3.02,2.93,3.0,2.98,12002,37329170.0,0.16,0.67
2014-06-19,立讯精密,002475,3.02,3.05,2.86,2.98,3.04,20077,62311143.0,0.26,-1.97
2014-06-18,立讯精密,002475,2.97,3.06,2.92,3.04,2.94,20792,65136666.0,0.27,3.4
2014-06-17,立讯精密,002475,3.03,3.06,2.91,2.94,3.05,28201,86911282.0,0.37,-3.61
2014-06-16,立讯精密,002475,3.1,3.16,2.97,3.05,3.1,38618,122378032.0,0.5,-1.61
2014-06-13,立讯精密,002475,3.1,3.15,3.07,3.1,3.1,33011,105599560.0,0.43,0.0
2014-06-12,立讯精密,002475,3.11,3.12,3.02,3.1,3.12,21786,68990033.0,0.28,-0.64
2014-06-11,立讯精密,002475,3.02,3.19,2.98,3.12,3.04,45673,146175413.0,0.6,2.63
2014-06-10,立讯精密,002475,3.01,3.06,2.89,3.04,3.0,43527,135449482.0,0.57,1.33
2014-06-09,立讯精密,002475,3.04,3.09,2.95,3.0,3.04,21629,67528646.0,0.28,-1.32
2014-06-06,立讯精密,002475,2.94,3.06,2.9,3.04,2.94,30244,94208039.0,0.39,3.4
2014-06-05,立讯精密,002475,2.78,2.94,2.78,2.94,2.8,35917,109213838.0,0.47,5.0
2014-06-04,立讯精密,002475,2.8,2.86,2.78,2.8,2.82,28535,85073594.0,0.37,-0.71
2014-06-03,立讯精密,002475,2.88,2.92,2.81,2.82,2.88,23520,70912934.0,0.31,-2.08
2014-05-30,立讯精密,002475,2.72,2.9,2.68,2.88,2.73,24777,74302614.0,0.32,5.49
2014-05-29,立讯精密,002475,2.88,2.93,2.7,2.73,2.9,42578,126773862.0,0.56,-5.86
2014-05-28,立讯精密,002475,2.83,2.9,2.8,2.9,2.81,37295,112887663.0,0.49,3.2
2014-05-27,立讯精密,002475,2.79,2.88,2.78,2.81,2.8,16530,49495259.0,0.22,0.36
2014-05-26,立讯精密,002475,2.83,2.92,2.78,2.8,2.83,27282,81750651.0,0.36,-1.06
2014-05-23,立讯精密,002475,2.82,2.89,2.77,2.83,2.83,17226,51535643.0,0.22,0.0
2014-05-22,立讯精密,002475,2.68,2.9,2.64,2.83,2.68,32702,97623412.0,0.43,5.6
2014-05-21,立讯精密,002475,2.59,2.73,2.54,2.68,2.58,28827,83143023.0,0.38,3.88
2014-05-20,立讯精密,002475,2.57,2.66,2.56,2.58,2.52,27973,111035126.0,0.51,2.38
2014-05-19,立讯精密,002475,2.49,2.56,2.45,2.52,2.53,18677,72042645.0,0.34,-0.4
2014-05-16,立讯精密,002475,2.55,2.58,2.45,2.53,2.55,38039,146784868.0,0.69,-0.78
2014-05-15,立讯精密,002475,2.91,3.07,2.52,2.55,2.9,69931,281469216.0,1.28,-12.07
2014-05-14,立讯精密,002475,2.9,2.94,2.81,2.9,2.87,22453,95600786.0,0.41,1.05
2014-05-13,立讯精密,002475,2.87,2.92,2.8,2.87,2.86,24521,103380151.0,0.45,0.35
2014-05-12,立讯精密,002475,2.91,2.92,2.77,2.86,2.91,41761,174989269.0,0.76,-1.72
2014-05-09,立讯精密,002475,2.98,2.98,2.69,2.91,2.99,38992,164115515.0,0.71,-2.68
2014-05-08,立讯精密,002475,2.95,3.08,2.89,2.99,3.0,24056,104912599.0,0.44,-0.33
2014-05-07,立讯精密,002475,2.95,3.01,2.88,3.0,3.0,22261,95946542.0,0.41,0.0
2014-05-06,立讯精密,002475,2.8,3.2,2.8,3.0,2.8,72321,314218816.0,1.32,7.14
2014-05-05,立讯精密,002475,2.51,2.88,2.49,2.8,2.53,33125,135209948.0,0.61,10.67
2014-04-30,立讯精密,002475,2.6,2.6,2.49,2.53,2.6,16524,64437196.0,0.3,-2.69
2014-04-29,立讯精密,002475,2.52,2.71,2.52,2.6,2.59,26688,106643291.0,0.49,0.39
2014-04-28,立讯精密,002475,2.72,2.74,2.54,2.59,2.72,29779,118930614.0,0.54,-4.78
2014-04-25,立讯精密,002475,2.56,2.78,2.56,2.72,2.65,25652,105075066.0,0.47,2.64
2014-04-24,立讯精密,002475,2.65,2.78,2.53,2.65,2.65,19323,78207460.0,0.35,0.0
2014-04-23,立讯精密,002475,2.7,2.81,2.65,2.65,2.71,34566,142376228.0,0.63,-2.21
2014-04-22,立讯精密,002475,2.7,2.79,2.53,2.71,2.65,44021,176223630.0,0.8,2.26
2014-04-21,立讯精密,002475,2.54,2.79,2.49,2.65,2.53,43314,175098276.0,0.79,4.74
2014-04-18,立讯精密,002475,2.46,2.62,2.44,2.53,2.48,24324,95110490.0,0.44,2.02
2014-04-17,立讯精密,002475,2.32,2.5,2.28,2.48,2.32,33913,127987813.0,0.62,6.9
2014-04-16,立讯精密,002475,2.34,2.34,2.23,2.32,2.33,14638,53164729.0,0.27,-0.43
2014-04-15,立讯精密,002475,2.34,2.38,2.3,2.33,2.33,12794,47175725.0,0.23,0.0
2014-04-14,立讯精密,002475,2.32,2.4,2.3,2.33,2.31,14929,55296307.0,0.27,0.87
2014-04-11,立讯精密,002475,2.31,2.35,2.29,2.31,2.33,18019,66098148.0,0.33,-0.86
2014-04-10,立讯精密,002475,2.44,2.46,2.33,2.33,2.43,24531,92324139.0,0.45,-4.12
2014-04-09,立讯精密,002475,2.36,2.49,2.36,2.43,2.37,22649,86036309.0,0.41,2.53
2014-04-08,立讯精密,002475,2.35,2.41,2.33,2.37,2.35,23507,87700645.0,0.43,0.85
2014-04-04,立讯精密,002475,2.25,2.39,2.21,2.35,2.22,22720,83530944.0,0.42,5.86
2014-04-03,立讯精密,002475,2.25,2.28,2.2,2.22,2.25,10680,38400054.0,0.2,-1.33
2014-04-02,立讯精密,002475,2.28,2.28,2.18,2.25,2.25,16000,57347689.0,0.29,0.0
2014-04-01,立讯精密,002475,2.25,2.27,2.23,2.25,2.25,9308,33573073.0,0.17,0.0
2014-03-31,立讯精密,002475,2.17,2.29,2.14,2.25,2.17,12589,45096533.0,0.23,3.69
2014-03-28,立讯精密,002475,2.25,2.29,2.15,2.17,2.26,14656,52290582.0,0.27,-3.98
2014-03-27,立讯精密,002475,2.36,2.36,2.2,2.26,2.36,22116,79732988.0,0.4,-4.24
2014-03-26,立讯精密,002475,2.42,2.46,2.33,2.36,2.41,14672,55063472.0,0.27,-2.07
2014-03-25,立讯精密,002475,2.38,2.46,2.36,2.41,2.39,21424,80830707.0,0.39,0.84
2014-03-24,立讯精密,002475,2.3,2.44,2.28,2.39,2.3,27638,103170513.0,0.5,3.91
2014-03-21,立讯精密,002475,2.25,2.38,2.2,2.3,2.29,24662,89280378.0,0.45,0.44
2014-03-20,立讯精密,002475,2.3,2.51,2.25,2.29,2.32,29548,110544166.0,0.54,-1.29
2014-03-19,立讯精密,002475,2.39,2.39,2.24,2.32,2.39,19724,72208353.0,0.36,-2.93
2014-03-18,立讯精密,002475,2.46,2.53,2.37,2.39,2.44,22875,87508373.0,0.42,-2.05
2014-03-17,立讯精密,002475,2.34,2.47,2.3,2.44,2.34,20120,75986108.0,0.37,4.27
2014-03-14,立讯精密,002475,2.25,2.38,2.21,2.34,2.25,19549,72066429.0,0.36,4.0
2014-03-13,立讯精密,002475,2.21,2.25,2.18,2.25,2.21,8257,29531758.0,0.15,1.81
2014-03-12,立讯精密,002475,2.25,2.26,2.18,2.21,2.25,17940,63991908.0,0.33,-1.78
2014-03-11,立讯精密,002475,2.15,2.32,2.14,2.25,2.16,30724,110354963.0,0.56,4.17
2014-03-10,立讯精密,002475,2.38,2.38,2.14,2.16,2.42,35690,127922177.0,0.65,-10.74
2014-03-07,立讯精密,002475,2.39,2.52,2.31,2.42,2.41,42698,162173965.0,0.78,0.41
2014-03-06,立讯精密,002475,2.24,2.44,2.18,2.41,2.21,64448,239504956.0,1.18,9.05
2014-03-05,立讯精密,002475,2.52,2.52,2.18,2.21,2.18,80264,297354304.0,1.47,1.38
2014-02-27,立讯精密,002475,2.08,2.23,2.07,2.18,2.08,39769,140021885.0,0.73,4.81
2014-02-26,立讯精密,002475,1.98,2.12,1.98,2.08,1.98,27196,92973808.0,0.5,5.05
2014-02-25,立讯精密,002475,2.2,2.21,1.96,1.98,2.16,26132,89877673.0,0.48,-8.33
2014-02-24,立讯精密,002475,2.01,2.17,1.99,2.16,2.01,35179,121074809.0,0.64,7.46
2014-02-21,立讯精密,002475,2.04,2.07,1.98,2.01,2.04,28293,94827273.0,0.52,-1.47
2014-02-20,立讯精密,002475,2.05,2.1,1.94,2.04,2.05,31731,106172454.0,0.58,-0.49
2014-02-19,立讯精密,002475,2.16,2.16,2.02,2.05,2.16,37917,128956524.0,0.69,-5.09
2014-02-18,立讯精密,002475,2.25,2.28,2.15,2.16,2.25,29078,103104727.0,0.53,-4.0
2014-02-17,立讯精密,002475,2.31,2.32,2.16,2.25,2.3,38936,138437363.0,0.71,-2.17
2014-02-14,立讯精密,002475,2.19,2.33,2.16,2.3,2.19,34886,126551357.0,0.64,5.02
2014-02-13,立讯精密,002475,2.25,2.33,2.15,2.19,2.24,30294,109588651.0,0.55,-2.23
2014-02-12,立讯精密,002475,2.12,2.25,2.1,2.24,2.1,29163,102971201.0,0.53,6.67
2014-02-11,立讯精密,002475,2.21,2.23,2.09,2.1,2.22,43601,152364785.0,0.8,-5.41
2014-02-10,立讯精密,002475,2.19,2.33,2.17,2.22,2.17,26419,94932443.0,0.48,2.3
2014-02-07,立讯精密,002475,2.15,2.24,2.12,2.17,2.16,18295,64645144.0,0.33,0.46
2014-01-30,立讯精密,002475,2.17,2.22,2.12,2.16,2.18,11406,39934346.0,0.21,-0.92
2014-01-29,立讯精密,002475,2.3,2.32,2.13,2.18,2.3,33827,119964650.0,0.62,-5.22
2014-01-28,立讯精密,002475,2.43,2.54,2.26,2.3,2.45,23120,85339303.0,0.42,-6.12
2014-01-27,立讯精密,002475,2.3,2.63,2.29,2.45,2.36,22825,87421177.0,0.42,3.81
2014-01-24,立讯精密,002475,2.27,2.38,2.25,2.36,2.3,27426,100690309.0,0.5,2.61
2014-01-23,立讯精密,002475,2.43,2.43,2.26,2.3,2.44,38637,141129098.0,0.71,-5.74
2014-01-22,立讯精密,002475,2.28,2.46,2.25,2.44,2.27,39267,146593117.0,0.72,7.49
2014-01-21,立讯精密,002475,2.31,2.39,2.22,2.27,2.35,38952,140511215.0,0.71,-3.4
2014-01-20,立讯精密,002475,2.48,2.48,2.28,2.35,2.46,17759,65833941.0,0.32,-4.47
2014-01-17,立讯精密,002475,2.58,2.58,2.43,2.46,2.56,14215,54766386.0,0.26,-3.91
2014-01-16,立讯精密,002475,2.63,2.73,2.55,2.56,2.66,29668,117070692.0,0.54,-3.76
2014-01-15,立讯精密,002475,2.35,2.68,2.3,2.66,2.34,36326,140876086.0,0.66,13.68
2014-01-14,立讯精密,002475,2.29,2.38,2.25,2.34,2.28,13818,50833576.0,0.25,2.63
2014-01-13,立讯精密,002475,2.29,2.33,2.2,2.28,2.3,23812,85984094.0,0.43,-0.87
2014-01-10,立讯精密,002475,2.24,2.3,2.1,2.3,2.24,36597,130639254.0,0.67,2.68
2014-01-09,立讯精密,002475,2.39,2.39,2.24,2.24,2.39,23508,85474243.0,0.43,-6.28
2014-01-08,立讯精密,002475,2.33,2.54,2.3,2.39,2.37,14651,54833381.0,0.27,0.84
2014-01-07,立讯精密,002475,2.18,2.47,2.14,2.37,2.18,37086,134480760.0,0.68,8.72
2014-01-06,立讯精密,002475,2.24,2.31,2.15,2.18,2.24,24117,86438311.0,0.44,-2.68
2014-01-03,立讯精密,002475,2.23,2.46,2.21,2.24,2.3,62541,230391642.0,1.14,-2.61
2014-01-02,立讯精密,002475,2.0,2.32,1.91,2.3,2.0,82057,290316320.0,1.5,15.0
2013-12-31,立讯精密,002475,1.92,2.11,1.8,2.0,1.91,42225,139289180.0,0.77,4.71
2013-12-30,立讯精密,002475,1.85,1.94,1.81,1.91,1.86,21802,69979097.0,0.4,2.69
2013-12-27,立讯精密,002475,1.79,1.86,1.74,1.86,1.81,39061,122073227.0,0.71,2.76
2013-12-26,立讯精密,002475,1.79,1.86,1.74,1.81,1.8,29610,92582562.0,0.54,0.56
2013-12-25,立讯精密,002475,1.59,1.86,1.59,1.8,1.61,51354,157865576.0,0.94,11.8
2013-12-24,立讯精密,002475,1.48,1.67,1.46,1.61,1.47,34193,100593934.0,0.62,9.52
2013-12-23,立讯精密,002475,1.5,1.5,1.42,1.47,1.49,8323,23177511.0,0.15,-1.34
2013-12-20,立讯精密,002475,1.52,1.52,1.43,1.49,1.52,10636,29831236.0,0.19,-1.97
2013-12-19,立讯精密,002475,1.51,1.57,1.5,1.52,1.5,19013,54234629.0,0.35,1.33
2013-12-18,立讯精密,002475,1.5,1.56,1.49,1.5,1.51,13018,36989868.0,0.24,-0.66
2013-12-17,立讯精密,002475,1.58,1.58,1.48,1.51,1.56,15720,44823555.0,0.29,-3.21
2013-12-16,立讯精密,002475,1.6,1.62,1.54,1.56,1.61,13146,38065467.0,0.24,-3.11
2013-12-13,立讯精密,002475,1.52,1.63,1.49,1.61,1.53,27909,81329742.0,0.51,5.23
2013-12-12,立讯精密,002475,1.45,1.55,1.44,1.53,1.44,47261,133920762.0,0.86,6.25
2013-12-11,立讯精密,002475,1.47,1.47,1.41,1.44,1.47,8704,23968159.0,0.16,-2.04
2013-12-10,立讯精密,002475,1.43,1.49,1.41,1.47,1.42,24557,68519430.0,0.45,3.52
2013-12-09,立讯精密,002475,1.45,1.48,1.38,1.42,1.45,32600,89192190.0,0.6,-2.07
2013-12-06,立讯精密,002475,1.51,1.51,1.43,1.45,1.48,16425,45619526.0,0.3,-2.03
2013-12-05,立讯精密,002475,1.46,1.54,1.44,1.48,1.52,65473,184044832.0,1.2,-2.63
2013-12-04,立讯精密,002475,1.56,1.56,1.46,1.52,1.54,80506,226367623.0,1.47,-1.3
2013-12-03,立讯精密,002475,1.51,1.6,1.41,1.54,1.51,24874,70302989.0,0.45,1.99
2013-12-02,立讯精密,002475,1.55,1.68,1.36,1.51,1.64,37271,107062513.0,0.68,-7.93
2013-11-29,立讯精密,002475,1.58,1.65,1.52,1.64,1.62,41444,121853921.0,0.76,1.23
2013-11-28,立讯精密,002475,1.67,1.69,1.56,1.62,1.66,119084,346766688.0,2.18,-2.41
2013-11-27,立讯精密,002475,1.49,1.66,1.49,1.66,1.49,55895,164183836.0,1.02,11.41
2013-11-26,立讯精密,002475,1.48,1.54,1.47,1.49,1.48,20692,58658814.0,0.38,0.68
2013-11-25,立讯精密,002475,1.31,1.58,1.28,1.48,1.33,43654,120278197.0,0.8,11.28
2013-11-22,立讯精密,002475,1.35,1.36,1.29,1.33,1.35,14433,38055502.0,0.26,-1.48
2013-11-21,立讯精密,002475,1.34,1.39,1.34,1.35,1.38,8677,23344956.0,0.16,-2.17
2013-11-20,立讯精密,002475,1.43,1.44,1.35,1.38,1.38,13884,37442132.0,0.25,0.0
2013-11-19,立讯精密,002475,1.38,1.4,1.33,1.38,1.37,8339,22395445.0,0.15,0.73
2013-11-18,立讯精密,002475,1.36,1.4,1.34,1.37,1.33,11595,31275481.0,0.21,3.01
2013-11-15,立讯精密,002475,1.31,1.39,1.31,1.33,1.32,16527,44156393.0,0.3,0.76
2013-11-14,立讯精密,002475,1.23,1.33,1.21,1.32,1.23,11956,30897823.0,0.22,7.32
2013-11-13,立讯精密,002475,1.22,1.27,1.21,1.23,1.24,6060,15429427.0,0.11,-0.81
2013-11-12,立讯精密,002475,1.27,1.3,1.24,1.24,1.28,7361,18880371.0,0.13,-3.13
2013-11-11,立讯精密,002475,1.27,1.31,1.22,1.28,1.26,10816,27944269.0,0.2,1.59
2013-11-08,立讯精密,002475,1.29,1.32,1.15,1.26,1.29,16512,41980842.0,0.3,-2.33
2013-11-07,立讯精密,002475,1.42,1.44,1.24,1.29,1.42,20562,53864711.0,0.38,-9.15
2013-11-06,立讯精密,002475,1.39,1.44,1.37,1.42,1.34,26797,73342448.0,0.49,5.97
2013-11-05,立讯精密,002475,1.27,1.38,1.27,1.34,1.27,17261,45719423.0,0.32,5.51
2013-11-04,立讯精密,002475,1.25,1.31,1.21,1.27,1.21,12740,32809024.0,0.23,4.96
2013-11-01,立讯精密,002475,1.19,1.26,1.19,1.21,1.23,11047,28013596.0,0.2,-1.63
2013-10-31,立讯精密,002475,1.31,1.32,1.18,1.23,1.33,30835,77913462.0,0.56,-7.52
2013-10-30,立讯精密,002475,1.34,1.39,1.26,1.33,1.34,22657,59300340.0,0.41,-0.75
2013-10-29,立讯精密,002475,1.4,1.47,1.31,1.34,1.41,20930,56134812.0,0.38,-4.96
2013-10-28,立讯精密,002475,1.44,1.49,1.4,1.41,1.4,19038,52669125.0,0.35,0.71
2013-10-25,立讯精密,002475,1.43,1.46,1.33,1.4,1.4,21881,59027515.0,0.4,0.0
2013-10-24,立讯精密,002475,1.33,1.41,1.33,1.4,1.34,16635,44792315.0,0.3,4.48
2013-10-23,立讯精密,002475,1.33,1.39,1.29,1.34,1.34,19851,52750435.0,0.36,0.0
2013-10-22,立讯精密,002475,1.38,1.4,1.33,1.34,1.38,18163,48497520.0,0.33,-2.9
2013-10-21,立讯精密,002475,1.4,1.41,1.35,1.38,1.37,17761,47844853.0,0.32,0.73
2013-10-18,立讯精密,002475,1.35,1.43,1.35,1.37,1.37,9128,24640932.0,0.17,0.0
2013-10-17,立讯精密,002475,1.35,1.4,1.34,1.37,1.37,13125,35246546.0,0.24,0.0
2013-10-16,立讯精密,002475,1.43,1.43,1.3,1.37,1.43,16440,43882434.0,0.3,-4.2
2013-10-15,立讯精密,002475,1.45,1.48,1.36,1.43,1.45,15417,41978823.0,0.28,-1.38
2013-10-14,立讯精密,002475,1.47,1.49,1.44,1.45,1.47,11758,32608404.0,0.21,-1.36
2013-10-11,立讯精密,002475,1.48,1.5,1.44,1.47,1.48,15158,42017078.0,0.28,-0.68
2013-10-10,立讯精密,002475,1.62,1.63,1.45,1.48,1.62,32121,90679403.0,0.59,-8.64
2013-10-09,立讯精密,002475,1.64,1.67,1.6,1.62,1.64,18814,55543317.0,0.34,-1.22
2013-10-08,立讯精密,002475,1.52,1.67,1.52,1.64,1.52,30565,89826250.0,0.56,7.89
2013-09-30,立讯精密,002475,1.54,1.58,1.46,1.52,1.54,15329,43475608.0,0.28,-1.3
2013-09-27,立讯精密,002475,1.49,1.57,1.49,1.54,1.49,14516,41577805.0,0.27,3.36
2013-09-26,立讯精密,002475,1.5,1.59,1.49,1.49,1.54,17850,50901216.0,0.33,-3.25
2013-09-25,立讯精密,002475,1.52,1.62,1.48,1.54,1.52,24702,71386696.0,0.45,1.32
2013-09-24,立讯精密,002475,1.55,1.66,1.48,1.52,1.45,39542,114016355.0,0.72,4.83
2013-09-23,立讯精密,002475,1.37,1.5,1.37,1.45,1.35,17515,48610597.0,0.32,7.41
2013-09-18,立讯精密,002475,1.36,1.39,1.31,1.35,1.36,14375,38255156.0,0.26,-0.74
2013-09-17,立讯精密,002475,1.35,1.36,1.29,1.36,1.36,19423,51322961.0,0.35,0.0
2013-09-16,立讯精密,002475,1.35,1.38,1.3,1.36,1.34,25303,67270080.0,0.46,1.49
2013-09-13,立讯精密,002475,1.22,1.35,1.22,1.34,1.22,47820,125614094.0,3.47,9.84
2013-09-12,立讯精密,002475,1.21,1.29,1.18,1.22,1.25,45296,114435641.0,3.28,-2.4
2013-09-11,立讯精密,002475,1.36,1.36,1.14,1.25,1.41,88748,224921912.0,6.43,-11.35
2013-09-10,立讯精密,002475,1.48,1.48,1.38,1.41,1.48,35600,97037376.0,2.58,-4.73
2013-09-09,立讯精密,002475,1.51,1.51,1.41,1.48,1.51,29661,82225131.0,2.15,-1.99
2013-09-06,立讯精密,002475,1.5,1.62,1.5,1.51,1.53,21886,62718079.0,1.59,-1.31
2013-09-05,立讯精密,002475,1.6,1.66,1.52,1.53,1.58,30036,87128990.0,2.18,-3.16
2013-09-04,立讯精密,002475,1.55,1.62,1.54,1.58,1.58,19276,56103801.0,1.4,0.0
2013-09-03,立讯精密,002475,1.53,1.58,1.48,1.58,1.54,17642,50517528.0,1.28,2.6
2013-09-02,立讯精密,002475,1.34,1.56,1.34,1.54,1.36,24743,69204789.0,1.79,13.24
2013-08-30,立讯精密,002475,1.51,1.59,1.31,1.36,1.51,34474,95790227.0,2.5,-9.93
2013-08-29,立讯精密,002475,1.49,1.62,1.48,1.51,1.52,22291,63739326.0,1.62,-0.66
2013-08-28,立讯精密,002475,1.62,1.64,1.52,1.52,1.63,20599,59928092.0,1.49,-6.75
2013-08-27,立讯精密,002475,1.64,1.67,1.59,1.63,1.67,23582,69566930.0,1.71,-2.4
2013-08-26,立讯精密,002475,1.6,1.75,1.58,1.67,1.63,40242,120415267.0,2.92,2.45
2013-08-23,立讯精密,002475,1.44,1.67,1.44,1.63,1.46,68875,199557989.0,4.99,11.64
2013-08-22,立讯精密,002475,1.49,1.53,1.43,1.46,1.49,62516,174313558.0,4.53,-2.01
2013-08-21,立讯精密,002475,1.25,1.49,1.22,1.49,1.24,59790,160845916.0,4.33,20.16
2013-08-20,立讯精密,002475,1.33,1.33,1.21,1.24,1.33,22849,58855008.0,1.66,-6.77
2013-08-19,立讯精密,002475,1.22,1.37,1.19,1.33,1.23,24050,62181660.0,1.74,8.13
2013-08-16,立讯精密,002475,1.26,1.32,1.2,1.23,1.29,26301,67714584.0,1.91,-4.65
2013-08-15,立讯精密,002475,1.32,1.36,1.27,1.29,1.33,14216,37270681.0,1.03,-3.01
2013-08-14,立讯精密,002475,1.32,1.34,1.27,1.33,1.34,19295,50444874.0,1.4,-0.75
2013-08-13,立讯精密,002475,1.28,1.35,1.25,1.34,1.29,33153,87108911.0,2.4,3.88
2013-08-12,立讯精密,002475,1.32,1.41,1.25,1.29,1.34,57260,149698485.0,4.15,-3.73
2013-08-09,立讯精密,002475,1.38,1.38,1.31,1.34,1.38,53479,141865682.0,3.88,-2.9
2013-08-08,立讯精密,002475,1.19,1.43,1.17,1.38,1.19,106285,280790656.0,7.7,15.97
2013-08-07,立讯精密,002475,1.16,1.24,1.14,1.19,1.17,85225,214194232.0,6.18,1.71
2013-08-06,立讯精密,002475,1.12,1.23,1.1,1.17,1.14,76278,188754240.0,5.53,2.63
2013-08-05,立讯精密,002475,1.02,1.15,0.97,1.14,1.01,106718,254492511.0,7.73,12.87
2013-08-02,立讯精密,002475,0.89,1.06,0.89,1.01,0.86,84182,192238199.0,6.1,17.44
2013-08-01,立讯精密,002475,0.8,0.87,0.8,0.86,0.81,24640,52731694.0,1.79,6.17
2013-07-31,立讯精密,002475,0.83,0.87,0.8,0.81,0.83,15442,32662905.0,1.12,-2.41
2013-07-30,立讯精密,002475,0.82,0.85,0.81,0.83,0.82,13007,27616553.0,0.94,1.22
2013-07-29,立讯精密,002475,0.79,0.83,0.79,0.82,0.82,15061,31761138.0,1.09,0.0
2013-07-26,立讯精密,002475,0.84,0.86,0.79,0.82,0.86,20391,43100010.0,1.48,-4.65
2013-07-25,立讯精密,002475,0.9,0.91,0.82,0.86,0.9,31551,68467994.0,2.29,-4.44
2013-07-24,立讯精密,002475,0.91,0.91,0.86,0.9,0.92,39603,86514722.0,2.87,-2.17
2013-07-23,立讯精密,002475,0.88,0.92,0.86,0.92,0.88,48278,105861684.0,3.5,4.55
2013-07-22,立讯精密,002475,0.78,0.89,0.74,0.88,0.79,28877,61035591.0,2.09,11.39
2013-07-19,立讯精密,002475,0.87,0.9,0.79,0.79,0.88,41514,88702592.0,3.01,-10.23
2013-07-18,立讯精密,002475,0.83,0.9,0.81,0.88,0.87,60751,131458325.0,4.4,1.15
2013-07-17,立讯精密,002475,1.05,1.08,0.85,0.87,1.08,93979,211782917.0,6.81,-19.44
2013-07-16,立讯精密,002475,1.07,1.09,1.03,1.08,1.08,40774,95966156.0,2.96,0.0
2013-07-15,立讯精密,002475,0.95,1.08,0.95,1.08,0.97,49449,114528772.0,3.58,11.34
2013-07-12,立讯精密,002475,1.0,1.02,0.94,0.97,0.97,36154,82123325.0,2.62,0.0
2013-07-11,立讯精密,002475,0.94,1.04,0.93,0.97,0.94,58447,133360606.0,4.24,3.19
2013-07-10,立讯精密,002475,0.92,0.96,0.9,0.94,0.92,26697,59271237.0,1.93,2.17
2013-07-09,立讯精密,002475,0.99,0.99,0.9,0.92,0.99,42166,93736645.0,3.06,-7.07
2013-07-08,立讯精密,002475,1.06,1.06,0.97,0.99,1.06,23550,54312299.0,1.71,-6.6
2013-07-05,立讯精密,002475,1.04,1.08,1.02,1.06,1.06,37213,87377172.0,2.7,0.0
2013-07-04,立讯精密,002475,0.94,1.12,0.93,1.06,0.95,64590,151294224.0,4.68,11.58
2013-07-03,立讯精密,002475,0.85,1.0,0.81,0.95,0.85,55815,124041009.0,4.05,11.76
2013-07-02,立讯精密,002475,0.8,0.85,0.75,0.85,0.81,35981,75118370.0,2.61,4.94
2013-07-01,立讯精密,002475,0.8,0.84,0.73,0.81,0.81,24117,50437407.0,1.75,0.0
2013-06-28,立讯精密,002475,0.81,0.85,0.78,0.81,0.87,13349,28027304.0,0.97,-6.9
2013-06-27,立讯精密,002475,0.92,0.95,0.81,0.87,0.92,21259,46406469.0,1.54,-5.43
2013-06-26,立讯精密,002475,0.82,0.93,0.8,0.92,0.8,32074,69530932.0,2.32,15.0
2013-06-25,立讯精密,002475,0.78,0.83,0.7,0.8,0.83,21718,44996857.0,1.57,-3.61
2013-06-24,立讯精密,002475,0.89,0.89,0.78,0.83,0.89,15756,33612819.0,1.14,-6.74
2013-06-21,立讯精密,002475,0.81,0.93,0.68,0.89,0.85,30017,62682727.0,2.18,4.71
2013-06-20,立讯精密,002475,0.96,0.97,0.85,0.85,0.97,9655,31773955.0,1.05,-12.37
2013-06-19,立讯精密,002475,0.91,0.99,0.86,0.97,0.93,10990,36927464.0,1.19,4.3
2013-06-18,立讯精密,002475,0.96,0.96,0.9,0.93,0.96,11182,37392805.0,1.22,-3.13
2013-06-17,立讯精密,002475,0.97,1.0,0.94,0.96,0.97,8755,29768641.0,0.95,-1.03
2013-06-14,立讯精密,002475,0.87,0.98,0.87,0.97,0.89,12017,40587223.0,1.31,8.99
2013-06-13,立讯精密,002475,0.9,0.93,0.77,0.89,0.93,8870,28504376.0,0.96,-4.3
2013-06-07,立讯精密,002475,0.9,0.95,0.9,0.93,0.91,11651,38897039.0,1.27,2.2
2013-06-06,立讯精密,002475,0.98,0.99,0.9,0.91,0.99,11264,37870583.0,1.22,-8.08
2013-06-05,立讯精密,002475,0.96,1.01,0.94,0.99,0.97,7961,27400286.0,0.87,2.06
2013-06-04,立讯精密,002475,0.96,0.99,0.93,0.97,0.96,10477,35645702.0,1.14,1.04
2013-06-03,立讯精密,002475,1.05,1.05,0.95,0.96,1.02,21347,73280755.0,2.32,-5.88
2013-05-31,立讯精密,002475,1.09,1.09,1.02,1.02,1.09,15725,55295751.0,1.71,-6.42
2013-05-30,立讯精密,002475,1.09,1.1,1.02,1.09,1.12,26320,93188747.0,2.86,-2.68
2013-05-29,立讯精密,002475,1.13,1.14,1.07,1.12,1.13,12006,43481213.0,1.31,-0.88
2013-05-28,立讯精密,002475,1.23,1.26,1.09,1.13,1.25,13761,50713764.0,1.5,-9.6
2013-05-27,立讯精密,002475,1.16,1.26,1.13,1.25,1.16,9320,35366538.0,1.01,7.76
2013-05-24,立讯精密,002475,1.13,1.18,1.13,1.16,1.13,8072,29908305.0,0.88,2.65
2013-05-23,立讯精密,002475,1.12,1.16,1.06,1.13,1.12,9593,34932801.0,1.04,0.89
2013-05-22,立讯精密,002475,1.16,1.16,1.09,1.12,1.16,10483,38283818.0,1.14,-3.45
2013-05-21,立讯精密,002475,1.03,1.18,1.02,1.16,1.04,28891,105264373.0,3.14,11.54
2013-05-20,立讯精密,002475,1.06,1.14,1.01,1.04,1.04,21571,76889415.0,2.35,0.0
2013-05-17,立讯精密,002475,1.0,1.07,0.97,1.04,1.0,13662,48058308.0,1.49,4.0
2013-05-16,立讯精密,002475,0.96,1.09,0.96,1.0,0.98,24610,86814545.0,2.68,2.04
2013-05-15,立讯精密,002475,0.89,0.99,0.88,0.98,0.89,17409,58902728.0,1.89,10.11
2013-05-14,立讯精密,002475,0.85,0.9,0.82,0.89,0.85,15142,49473041.0,1.65,4.71
2013-05-13,立讯精密,002475,0.81,0.85,0.8,0.85,0.8,13478,43049482.0,1.47,6.25
2013-05-10,立讯精密,002475,0.78,0.85,0.78,0.8,0.8,11080,35225471.0,1.2,0.0
2013-05-09,立讯精密,002475,0.86,0.86,0.79,0.8,0.86,21900,69238273.0,2.38,-6.98
2013-05-08,立讯精密,002475,0.86,0.87,0.84,0.86,0.86,6699,21728929.0,0.73,0.0
2013-05-07,立讯精密,002475,0.82,0.89,0.8,0.86,0.82,11131,35964410.0,1.21,4.88
2013-05-06,立讯精密,002475,0.78,0.83,0.78,0.82,0.75,19176,60572819.0,2.08,9.33
2013-05-03,立讯精密,002475,0.68,0.77,0.68,0.75,0.69,21004,63987647.0,2.28,8.7
2013-05-02,立讯精密,002475,0.65,0.69,0.57,0.69,0.65,14323,41051651.0,1.56,6.15
2013-04-26,立讯精密,002475,0.7,0.7,0.63,0.65,0.69,5542,16168617.0,0.6,-5.8
2013-04-25,立讯精密,002475,0.69,0.72,0.66,0.69,0.69,11973,35555793.0,1.3,0.0
2013-04-24,立讯精密,002475,0.64,0.7,0.61,0.69,0.64,16997,49853941.0,1.85,7.81
2013-04-23,立讯精密,002475,0.72,0.72,0.63,0.64,0.72,28619,83944769.0,3.11,-11.11
2013-04-22,立讯精密,002475,0.79,0.79,0.66,0.72,0.8,37358,112392320.0,4.06,-10.0
2013-04-19,立讯精密,002475,0.78,0.81,0.76,0.8,0.77,6873,21513261.0,0.75,3.9
2013-04-18,立讯精密,002475,0.79,0.8,0.76,0.77,0.79,4356,13580143.0,0.47,-2.53
2013-04-17,立讯精密,002475,0.77,0.8,0.74,0.79,0.75,9142,28210913.0,0.99,5.33
2013-04-16,立讯精密,002475,0.73,0.75,0.72,0.75,0.75,6725,20569958.0,0.73,0.0
2013-04-15,立讯精密,002475,0.77,0.83,0.72,0.75,0.78,6319,19422810.0,0.69,-3.85
2013-04-12,立讯精密,002475,0.79,0.83,0.76,0.78,0.79,6636,20953992.0,0.72,-1.27
2013-04-11,立讯精密,002475,0.83,0.83,0.75,0.79,0.8,7701,24079362.0,0.84,-1.25
2013-04-10,立讯精密,002475,0.88,0.88,0.78,0.8,0.86,9793,30966941.0,1.06,-6.98
2013-04-09,立讯精密,002475,0.86,0.89,0.83,0.86,0.84,6721,21702862.0,0.73,2.38
2013-04-08,立讯精密,002475,0.83,0.89,0.77,0.84,0.86,12817,41649757.0,1.39,-2.33
2013-04-03,立讯精密,002475,0.92,0.92,0.8,0.86,0.89,7971,25659664.0,0.87,-3.37
2013-04-02,立讯精密,002475,0.97,0.99,0.86,0.89,0.96,4794,16011160.0,0.52,-7.29
2013-04-01,立讯精密,002475,0.83,0.97,0.82,0.96,0.85,8208,27447113.0,0.89,12.94
2013-03-29,立讯精密,002475,0.88,0.91,0.84,0.85,0.88,3076,10007688.0,0.33,-3.41
2013-03-28,立讯精密,002475,0.95,0.95,0.87,0.88,0.95,7268,23886071.0,0.79,-7.37
2013-03-27,立讯精密,002475,0.93,0.99,0.91,0.95,0.95,3653,12405102.0,0.4,0.0
2013-03-26,立讯精密,002475,0.93,0.96,0.9,0.95,0.93,6643,22337174.0,0.72,2.15
2013-03-25,立讯精密,002475,0.99,1.02,0.9,0.93,0.99,8921,30007127.0,0.97,-6.06
2013-03-22,立讯精密,002475,0.99,1.03,0.97,0.99,1.0,6077,21097137.0,0.66,-1.0
2013-03-21,立讯精密,002475,0.91,1.01,0.9,1.0,0.92,7386,25310893.0,0.8,8.7
2013-03-20,立讯精密,002475,0.86,0.95,0.85,0.92,0.86,7456,24754685.0,0.81,6.98
2013-03-19,立讯精密,002475,0.97,1.02,0.84,0.86,0.97,5341,17790031.0,0.58,-11.34
2013-03-18,立讯精密,002475,0.98,1.02,0.95,0.97,0.98,5140,17797407.0,0.56,-1.02
2013-03-15,立讯精密,002475,0.9,1.0,0.88,0.98,0.9,5696,19478583.0,0.62,8.89
2013-03-14,立讯精密,002475,0.88,0.94,0.86,0.9,0.86,4992,16662586.0,0.54,4.65
2013-03-13,立讯精密,002475,0.86,0.9,0.82,0.86,0.86,6713,21767044.0,0.73,0.0
2013-03-12,立讯精密,002475,0.92,0.93,0.81,0.86,0.93,7103,22974435.0,0.77,-7.53
2013-03-11,立讯精密,002475,0.96,0.96,0.91,0.93,0.96,2316,7786283.0,0.25,-3.13
2013-03-08,立讯精密,002475,1.0,1.02,0.9,0.96,1.02,9579,32207776.0,1.04,-5.88
2013-03-07,立讯精密,002475,1.1,1.1,0.99,1.02,1.09,7896,27685594.0,0.86,-6.42
2013-03-06,立讯精密,002475,0.99,1.14,0.98,1.09,0.98,11049,39709230.0,1.2,11.22
2013-03-05,立讯精密,002475,0.94,0.99,0.91,0.98,0.94,14861,50314172.0,1.62,4.26
2013-03-04,立讯精密,002475,0.86,0.94,0.85,0.94,0.9,4264,14135065.0,0.46,4.44
2013-03-01,立讯精密,002475,0.92,0.96,0.87,0.9,0.92,6121,20301559.0,0.67,-2.17
2013-02-28,立讯精密,002475,0.9,0.97,0.89,0.92,0.89,6894,23230941.0,0.75,3.37
2013-02-27,立讯精密,002475,0.93,1.0,0.83,0.89,0.91,17750,59654553.0,1.93,-2.2
2013-02-26,立讯精密,002475,0.85,1.0,0.82,0.91,0.85,13116,44026445.0,1.43,7.06
2013-02-25,立讯精密,002475,0.82,0.85,0.8,0.85,0.83,5050,16095425.0,0.55,2.41
2013-02-22,立讯精密,002475,0.82,0.85,0.77,0.83,0.83,8919,28554091.0,0.97,0.0
2013-02-21,立讯精密,002475,0.82,0.83,0.75,0.83,0.82,9364,29412844.0,1.02,1.22
2013-02-20,立讯精密,002475,0.79,0.83,0.75,0.82,0.79,9331,29443313.0,1.01,3.8
2013-02-19,立讯精密,002475,0.74,0.83,0.72,0.79,0.75,11193,34981932.0,1.22,5.33
2013-02-18,立讯精密,002475,0.71,0.76,0.71,0.75,0.71,7681,23563867.0,0.84,5.63
2013-02-08,立讯精密,002475,0.65,0.77,0.65,0.71,0.66,12969,39386204.0,1.41,7.58
2013-02-07,立讯精密,002475,0.63,0.67,0.63,0.66,0.65,4191,12278644.0,0.46,1.54
2013-02-06,立讯精密,002475,0.64,0.67,0.64,0.65,0.64,5533,16198447.0,0.6,1.56
2013-02-05,立讯精密,002475,0.59,0.64,0.56,0.64,0.58,4985,14247452.0,0.54,10.34
2013-02-04,立讯精密,002475,0.65,0.66,0.57,0.58,0.63,9042,25570407.0,0.98,-7.94
2013-02-01,立讯精密,002475,0.63,0.67,0.57,0.63,0.63,5217,15100191.0,0.57,0.0
2013-01-31,立讯精密,002475,0.66,0.66,0.62,0.63,0.66,8847,25519560.0,0.96,-4.55
2013-01-30,立讯精密,002475,0.64,0.67,0.63,0.66,0.63,12034,35156839.0,1.31,4.76
2013-01-29,立讯精密,002475,0.64,0.66,0.62,0.63,0.63,14150,40836023.0,1.54,0.0
2013-01-28,立讯精密,002475,0.63,0.65,0.62,0.63,0.63,7088,20516684.0,0.77,0.0
2013-01-25,立讯精密,002475,0.56,0.64,0.56,0.63,0.59,6581,18851452.0,0.72,6.78
2013-01-24,立讯精密,002475,0.63,0.63,0.54,0.59,0.63,35509,100356066.0,3.86,-6.35
2013-01-23,立讯精密,002475,0.69,0.69,0.6,0.63,0.69,18660,53871013.0,2.03,-8.7
2013-01-22,立讯精密,002475,0.73,0.73,0.65,0.69,0.72,20403,60145341.0,2.22,-4.17
2013-01-21,立讯精密,002475,0.77,0.79,0.69,0.72,0.75,18899,57337478.0,2.05,-4.0
2013-01-18,立讯精密,002475,0.78,0.82,0.72,0.75,0.79,16274,50246568.0,1.77,-5.06
2013-01-17,立讯精密,002475,0.78,0.82,0.76,0.79,0.78,6867,21484078.0,0.75,1.28
2013-01-16,立讯精密,002475,0.8,0.81,0.74,0.78,0.79,6806,21116343.0,0.74,-1.27
2013-01-15,立讯精密,002475,0.8,0.86,0.76,0.79,0.81,7600,23853916.0,0.83,-2.47
2013-01-14,立讯精密,002475,0.72,0.81,0.67,0.81,0.68,14204,43636081.0,1.54,19.12
2013-01-11,立讯精密,002475,0.71,0.74,0.68,0.68,0.71,9352,28153439.0,1.02,-4.23
2013-01-10,立讯精密,002475,0.67,0.8,0.64,0.71,0.67,10987,32936714.0,1.19,5.97
2013-01-09,立讯精密,002475,0.63,0.68,0.6,0.67,0.63,18500,53812869.0,2.01,6.35
2013-01-08,立讯精密,002475,0.56,0.64,0.53,0.63,0.55,21139,59949560.0,2.3,14.55
2013-01-07,立讯精密,002475,0.54,0.57,0.51,0.55,0.55,5475,15095468.0,0.6,0.0
2013-01-04,立讯精密,002475,0.57,0.59,0.54,0.55,0.55,8910,24766936.0,0.97,0.0
2012-12-31,立讯精密,002475,0.59,0.6,0.54,0.55,0.59,14137,39152756.0,1.54,-6.78
2012-12-28,立讯精密,002475,0.57,0.59,0.53,0.59,0.59,11205,31110069.0,1.22,0.0
2012-12-27,立讯精密,002475,0.6,0.62,0.56,0.59,0.62,15535,43814321.0,1.69,-4.84
2012-12-26,立讯精密,002475,0.62,0.64,0.58,0.62,0.62,7520,21631267.0,0.82,0.0
2012-12-25,立讯精密,002475,0.57,0.63,0.54,0.62,0.57,20776,58479145.0,2.26,8.77
2012-12-24,立讯精密,002475,0.49,0.58,0.49,0.57,0.51,22168,61359898.0,2.41,11.76
2012-12-21,立讯精密,002475,0.39,0.52,0.37,0.51,0.38,21212,55349646.0,2.31,34.21
2012-12-20,立讯精密,002475,0.4,0.4,0.37,0.38,0.39,9849,24526227.0,1.07,-2.56
2012-12-19,立讯精密,002475,0.38,0.41,0.37,0.39,0.39,17997,45156264.0,1.96,0.0
2012-12-18,立讯精密,002475,0.36,0.42,0.33,0.39,0.37,18567,46443412.0,2.02,5.41
2012-12-17,立讯精密,002475,0.51,0.51,0.35,0.37,0.53,42798,107547822.0,4.65,-30.19
2012-12-14,立讯精密,002475,0.47,0.54,0.47,0.53,0.48,16015,43370799.0,1.74,10.42
2012-12-13,立讯精密,002475,0.49,0.5,0.47,0.48,0.52,2451,6504038.0,0.27,-7.69
2012-12-12,立讯精密,002475,0.5,0.54,0.48,0.52,0.54,7639,20552293.0,0.83,-3.7
2012-12-11,立讯精密,002475,0.43,0.54,0.42,0.54,0.43,18949,50014867.0,2.06,25.58
2012-12-10,立讯精密,002475,0.36,0.43,0.35,0.43,0.36,24589,61862365.0,2.67,19.44
2012-12-07,立讯精密,002475,0.35,0.36,0.32,0.36,0.35,10245,24808700.0,1.11,2.86
2012-12-06,立讯精密,002475,0.41,0.42,0.33,0.35,0.39,4419,10870746.0,0.48,-10.26
2012-12-05,立讯精密,002475,0.28,0.42,0.28,0.39,0.29,8794,21757778.0,0.96,34.48
2012-12-04,立讯精密,002475,0.34,0.36,0.27,0.29,0.34,9440,22382550.0,1.03,-14.71
2012-12-03,立讯精密,002475,0.38,0.41,0.34,0.34,0.38,8466,20854794.0,0.92,-10.53
2012-11-30,立讯精密,002475,0.35,0.43,0.35,0.38,0.39,7492,18756597.0,0.81,-2.56
2012-11-29,立讯精密,002475,0.4,0.45,0.35,0.39,0.41,7777,19499336.0,0.85,-4.88
2012-11-28,立讯精密,002475,0.42,0.44,0.39,0.41,0.45,5518,14145304.0,0.6,-8.89
2012-11-27,立讯精密,002475,0.52,0.52,0.38,0.45,0.52,7573,19676750.0,0.82,-13.46
2012-11-26,立讯精密,002475,0.5,0.56,0.5,0.52,0.54,3943,10734808.0,0.43,-3.7
2012-11-23,立讯精密,002475,0.53,0.56,0.53,0.54,0.55,1415,3896380.0,0.15,-1.82
2012-11-22,立讯精密,002475,0.53,0.56,0.52,0.55,0.52,1022,2815128.0,0.11,5.77
2012-11-21,立讯精密,002475,0.54,0.54,0.51,0.52,0.53,1465,3978510.0,0.16,-1.89
2012-11-20,立讯精密,002475,0.56,0.56,0.53,0.53,0.55,1377,3775953.0,0.15,-3.64
2012-11-19,立讯精密,002475,0.57,0.57,0.52,0.55,0.55,1896,5176827.0,0.21,0.0
2012-11-16,立讯精密,002475,0.54,0.57,0.53,0.55,0.54,2219,6127134.0,0.24,1.85
2012-11-15,立讯精密,002475,0.52,0.57,0.5,0.54,0.52,3872,10597334.0,0.42,3.85
2012-11-14,立讯精密,002475,0.5,0.54,0.5,0.52,0.51,5163,13940518.0,0.56,1.96
2012-11-13,立讯精密,002475,0.54,0.56,0.5,0.51,0.54,4966,13509003.0,0.54,-5.56
2012-11-12,立讯精密,002475,0.64,0.64,0.51,0.54,0.61,12782,35450977.0,1.39,-11.48
2012-11-09,立讯精密,002475,0.66,0.66,0.57,0.61,0.64,7291,20939897.0,0.79,-4.69
2012-11-08,立讯精密,002475,0.69,0.69,0.64,0.64,0.69,8999,26279407.0,0.98,-7.25
2012-11-07,立讯精密,002475,0.69,0.71,0.69,0.69,0.69,1508,4523811.0,0.16,0.0
2012-11-06,立讯精密,002475,0.7,0.7,0.67,0.69,0.68,1468,4361337.0,0.16,1.47
2012-11-05,立讯精密,002475,0.73,0.73,0.68,0.68,0.71,5463,16389363.0,0.59,-4.23
2012-11-02,立讯精密,002475,0.75,0.75,0.7,0.71,0.74,3105,9366776.0,0.34,-4.05
2012-11-01,立讯精密,002475,0.7,0.75,0.7,0.74,0.72,4463,13648473.0,0.49,2.78
2012-10-31,立讯精密,002475,0.69,0.73,0.67,0.72,0.72,5860,17606638.0,0.64,0.0
2012-10-30,立讯精密,002475,0.74,0.74,0.7,0.72,0.73,7461,22621567.0,0.81,-1.37
2012-10-29,立讯精密,002475,0.69,0.74,0.64,0.73,0.72,5545,16786507.0,0.6,1.39
2012-10-26,立讯精密,002475,0.7,0.72,0.64,0.72,0.7,7812,23090124.0,0.85,2.86
2012-10-25,立讯精密,002475,0.81,0.83,0.64,0.7,0.81,14191,42622586.0,1.54,-13.58
2012-10-24,立讯精密,002475,0.83,0.83,0.81,0.81,0.82,1021,3251028.0,0.11,-1.22
2012-10-23,立讯精密,002475,0.84,0.88,0.82,0.82,0.86,1260,4044348.0,0.14,-4.65
2012-10-22,立讯精密,002475,0.84,0.86,0.82,0.86,0.86,1311,4193714.0,0.14,0.0
2012-10-19,立讯精密,002475,0.86,0.87,0.85,0.86,0.86,755,2448714.0,0.08,0.0
2012-10-18,立讯精密,002475,0.85,0.88,0.82,0.86,0.83,1562,5058937.0,0.17,3.61
2012-10-17,立讯精密,002475,0.85,0.86,0.81,0.83,0.82,2055,6564472.0,0.22,1.22
2012-10-16,立讯精密,002475,0.8,0.86,0.8,0.82,0.83,3102,9875428.0,0.34,-1.2
2012-10-15,立讯精密,002475,0.85,0.85,0.81,0.83,0.83,1826,5836732.0,0.2,0.0
2012-10-12,立讯精密,002475,0.9,0.9,0.8,0.83,0.86,3134,10040048.0,0.34,-3.49
2012-10-11,立讯精密,002475,0.89,0.93,0.85,0.86,0.88,7638,25249636.0,0.83,-2.27
2012-10-10,立讯精密,002475,0.8,0.88,0.79,0.88,0.8,14636,47259379.0,1.59,10.0
2012-10-09,立讯精密,002475,0.77,0.82,0.77,0.8,0.76,7659,23989690.0,0.83,5.26
2012-10-08,立讯精密,002475,0.72,0.77,0.72,0.76,0.75,5435,16819122.0,0.59,1.33
2012-09-28,立讯精密,002475,0.74,0.78,0.72,0.75,0.7,8315,25674324.0,0.9,7.14
2012-09-27,立讯精密,002475,0.66,0.74,0.65,0.7,0.67,6358,18962258.0,0.69,4.48
2012-09-26,立讯精密,002475,0.7,0.75,0.67,0.67,0.7,2111,6320196.0,0.23,-4.29
2012-09-25,立讯精密,002475,0.75,0.75,0.7,0.7,0.73,1538,4667604.0,0.17,-4.11
2012-09-24,立讯精密,002475,0.73,0.75,0.67,0.73,0.7,3979,12007909.0,0.43,4.29
2012-09-21,立讯精密,002475,0.76,0.77,0.7,0.7,0.76,14126,42721283.0,1.54,-7.89
2012-09-20,立讯精密,002475,0.8,0.82,0.75,0.76,0.81,5626,17480118.0,0.61,-6.17
2012-09-19,立讯精密,002475,0.85,0.85,0.8,0.81,0.83,5109,16199020.0,0.56,-2.41
2012-09-18,立讯精密,002475,0.77,0.84,0.77,0.83,0.78,11451,36514976.0,1.24,6.41
2012-09-17,立讯精密,002475,0.79,0.81,0.75,0.78,0.78,2730,8584066.0,0.3,0.0
2012-09-14,立讯精密,002475,0.81,0.84,0.77,0.78,0.82,6976,21825385.0,0.76,-4.88
2012-09-13,立讯精密,002475,0.86,0.86,0.82,0.82,0.83,3284,10542641.0,0.36,-1.2
2012-09-12,立讯精密,002475,0.8,0.86,0.8,0.83,0.81,3329,10630522.0,0.36,2.47
2012-09-11,立讯精密,002475,0.9,0.91,0.8,0.81,0.91,16211,51842886.0,1.76,-10.99
2012-09-10,立讯精密,002475,0.89,0.91,0.86,0.91,0.88,2852,9364744.0,0.31,3.41
2012-09-07,立讯精密,002475,0.87,0.92,0.86,0.88,0.87,5820,19193670.0,0.63,1.15
2012-09-06,立讯精密,002475,0.88,0.91,0.85,0.87,0.89,5054,16431439.0,0.55,-2.25
2012-09-05,立讯精密,002475,0.85,0.91,0.85,0.89,0.88,3571,11720841.0,0.39,1.14
2012-09-04,立讯精密,002475,0.88,0.93,0.83,0.88,0.87,7610,25053246.0,0.83,1.15
2012-09-03,立讯精密,002475,0.82,0.88,0.8,0.87,0.82,8645,28041141.0,0.94,6.1
2012-08-31,立讯精密,002475,0.86,0.87,0.8,0.82,0.86,6811,21704302.0,0.74,-4.65
2012-08-30,立讯精密,002475,0.95,1.0,0.81,0.86,0.97,14878,49083426.0,1.62,-11.34
2012-08-29,立讯精密,002475,0.89,0.98,0.87,0.97,0.89,10848,36408562.0,1.18,8.99
2012-08-28,立讯精密,002475,0.89,0.91,0.83,0.89,0.87,4233,13787043.0,0.46,2.3
2012-08-27,立讯精密,002475,0.86,0.9,0.83,0.87,0.86,4977,16213298.0,0.54,1.16
2012-08-24,立讯精密,002475,0.93,0.93,0.86,0.86,0.93,6515,21395660.0,0.71,-7.53
2012-08-23,立讯精密,002475,0.94,0.94,0.9,0.93,0.94,9262,30731068.0,1.01,-1.06
2012-08-22,立讯精密,002475,0.9,1.0,0.87,0.94,0.87,21391,72080488.0,2.33,8.05
2012-08-21,立讯精密,002475,0.78,0.96,0.77,0.87,0.77,17885,58381038.0,1.94,12.99
2012-08-20,立讯精密,002475,0.78,0.79,0.75,0.77,0.78,4058,12557011.0,0.44,-1.28
2012-08-17,立讯精密,002475,0.81,0.83,0.75,0.78,0.81,5066,15794815.0,0.55,-3.7
2012-08-16,立讯精密,002475,0.81,0.88,0.8,0.81,0.86,6043,19295480.0,0.66,-5.81
2012-08-15,立讯精密,002475,0.85,0.88,0.8,0.86,0.86,9801,31628260.0,1.07,0.0
2012-08-14,立讯精密,002475,0.83,0.88,0.76,0.86,0.84,9712,30878421.0,1.06,2.38
2012-08-13,立讯精密,002475,0.85,0.89,0.82,0.84,0.89,5498,17744821.0,0.6,-5.62
2012-08-10,立讯精密,002475,0.86,0.89,0.83,0.89,0.86,9809,32076612.0,1.07,3.49
2012-08-09,立讯精密,002475,0.77,0.88,0.74,0.86,0.77,19813,62889077.0,2.15,11.69
2012-08-08,立讯精密,002475,0.83,0.83,0.74,0.77,0.86,42742,133819341.0,4.65,-10.47
2012-08-07,立讯精密,002475,0.76,0.87,0.74,0.86,0.75,19262,61127638.0,2.09,14.67
2012-08-06,立讯精密,002475,0.72,0.8,0.69,0.75,0.67,22245,68748889.0,2.42,11.94
2012-08-03,立讯精密,002475,0.63,0.7,0.63,0.67,0.63,19251,56782417.0,2.09,6.35
2012-08-02,立讯精密,002475,0.64,0.69,0.63,0.63,0.67,13102,38452422.0,1.42,-5.97
2012-08-01,立讯精密,002475,0.59,0.69,0.59,0.67,0.59,13366,39303640.0,1.45,13.56
2012-07-31,立讯精密,002475,0.73,0.73,0.58,0.59,0.76,24922,73076639.0,2.71,-22.37
2012-07-30,立讯精密,002475,0.72,0.79,0.71,0.76,0.72,8268,25471492.0,0.9,5.56
2012-07-27,立讯精密,002475,0.83,0.86,0.71,0.72,0.83,31659,98700729.0,3.44,-13.25
2012-07-26,立讯精密,002475,0.91,0.91,0.83,0.83,0.88,10371,33741855.0,1.13,-5.68
2012-07-25,立讯精密,002475,0.77,0.9,0.77,0.88,0.79,25571,83063214.0,2.78,11.39
2012-07-24,立讯精密,002475,0.72,0.8,0.72,0.79,0.73,14917,46493355.0,1.62,8.22
2012-07-23,立讯精密,002475,0.67,0.73,0.64,0.73,0.7,6417,19372548.0,0.7,4.29
2012-07-20,立讯精密,002475,0.64,0.71,0.64,0.7,0.69,4167,12369616.0,0.45,1.45
2012-07-19,立讯精密,002475,0.62,0.69,0.62,0.69,0.64,7042,20452337.0,0.77,7.81
2012-07-18,立讯精密,002475,0.72,0.72,0.61,0.64,0.71,7084,20555534.0,0.77,-9.86
2012-07-17,立讯精密,002475,0.64,0.71,0.64,0.71,0.68,4606,13572864.0,0.5,4.41
2012-07-16,立讯精密,002475,0.73,0.76,0.61,0.68,0.74,13211,39533134.0,1.44,-8.11
2012-07-13,立讯精密,002475,0.74,0.75,0.71,0.74,0.74,13409,40750832.0,1.46,0.0
2012-07-12,立讯精密,002475,0.61,0.75,0.61,0.74,0.63,26206,78371973.0,2.85,17.46
2012-07-11,立讯精密,002475,0.63,0.64,0.6,0.63,0.62,9369,26955094.0,1.02,1.61
2012-07-10,立讯精密,002475,0.69,0.69,0.57,0.62,0.67,5134,14725229.0,0.56,-7.46
2012-07-09,立讯精密,002475,0.64,0.71,0.62,0.67,0.64,19257,57100489.0,2.09,4.69
2012-07-06,立讯精密,002475,0.6,0.66,0.57,0.64,0.6,14290,41260763.0,1.55,6.67
2012-07-05,立讯精密,002475,0.55,0.61,0.51,0.6,0.57,24226,67603510.0,2.63,5.26
2012-07-04,立讯精密,002475,0.71,0.73,0.55,0.57,0.7,49801,143478362.0,5.41,-18.57
2012-07-03,立讯精密,002475,0.7,0.77,0.66,0.7,0.7,45082,137652079.0,4.9,0.0
2012-07-02,立讯精密,002475,0.67,0.72,0.66,0.7,0.67,15017,44606114.0,1.63,4.48
2012-06-29,立讯精密,002475,0.6,0.68,0.57,0.67,0.6,24899,72209145.0,2.71,11.67
2012-06-28,立讯精密,002475,0.53,0.61,0.53,0.6,0.55,37497,105792461.0,4.08,9.09
2012-06-27,立讯精密,002475,0.48,0.61,0.44,0.55,0.48,33235,92501643.0,3.61,14.58
2012-06-26,立讯精密,002475,0.48,0.48,0.44,0.48,0.48,14236,37311823.0,1.55,0.0
2012-06-25,立讯精密,002475,0.52,0.55,0.47,0.48,0.52,22197,59955719.0,2.41,-7.69
2012-06-21,立讯精密,002475,0.51,0.52,0.46,0.52,0.49,22237,59857397.0,2.42,6.12
2012-06-20,立讯精密,002475,0.45,0.49,0.44,0.49,0.47,9038,23662329.0,0.98,4.26
2012-06-19,立讯精密,002475,0.49,0.49,0.44,0.47,0.48,8411,21978583.0,0.91,-2.08
2012-06-18,立讯精密,002475,0.48,0.5,0.46,0.48,0.47,7769,20683367.0,0.84,2.13
2012-06-15,立讯精密,002475,0.46,0.48,0.44,0.47,0.46,8463,22205314.0,0.92,2.17
2012-06-14,立讯精密,002475,0.47,0.48,0.44,0.46,0.46,8129,21335772.0,0.88,0.0
2012-06-13,立讯精密,002475,0.42,0.48,0.42,0.46,0.43,12888,33860201.0,1.4,6.98
2012-06-12,立讯精密,002475,0.38,0.45,0.37,0.43,0.4,8107,20908965.0,0.88,7.5
2012-06-11,立讯精密,002475,0.37,0.41,0.34,0.4,0.37,9022,22571939.0,0.98,8.11
2012-06-08,立讯精密,002475,0.37,0.44,0.37,0.37,0.37,12302,31084131.0,1.34,0.0
2012-06-07,立讯精密,002475,0.35,0.4,0.35,0.37,0.34,13778,48420674.0,2.1,8.82
2012-06-06,立讯精密,002475,0.36,0.37,0.33,0.34,0.34,7857,27100953.0,1.2,0.0
2012-06-05,立讯精密,002475,0.34,0.38,0.34,0.34,0.35,11640,40412862.0,1.77,-2.86
2012-06-04,立讯精密,002475,0.34,0.38,0.33,0.35,0.37,20183,70243561.0,3.07,-5.41
2012-06-01,立讯精密,002475,0.36,0.38,0.35,0.37,0.36,12662,44169586.0,1.93,2.78
2012-05-31,立讯精密,002475,0.27,0.38,0.27,0.36,0.29,26111,88997522.0,3.97,24.14
2012-05-30,立讯精密,002475,0.29,0.31,0.27,0.29,0.29,7688,25490803.0,1.17,0.0
2012-05-29,立讯精密,002475,0.25,0.3,0.24,0.29,0.25,16791,55146376.0,2.56,16.0
2012-05-28,立讯精密,002475,0.24,0.28,0.24,0.25,0.27,3601,11669178.0,0.55,-7.41
2012-05-25,立讯精密,002475,0.28,0.29,0.26,0.27,0.27,6732,22138415.0,1.02,0.0
2012-05-24,立讯精密,002475,0.26,0.3,0.25,0.27,0.27,2940,9688629.0,0.45,0.0
2012-05-23,立讯精密,002475,0.28,0.28,0.26,0.27,0.29,7890,25827415.0,1.2,-6.9
2012-05-22,立讯精密,002475,0.29,0.32,0.28,0.29,0.29,6001,19989491.0,0.91,0.0
2012-05-21,立讯精密,002475,0.33,0.33,0.28,0.29,0.32,3789,12703963.0,0.58,-9.38
2012-05-18,立讯精密,002475,0.32,0.34,0.31,0.32,0.34,8805,29921874.0,1.34,-5.88
2012-05-17,立讯精密,002475,0.3,0.34,0.3,0.34,0.31,5327,18106673.0,0.81,9.68
2012-05-16,立讯精密,002475,0.28,0.34,0.28,0.31,0.28,18869,64216344.0,2.87,10.71
2012-05-15,立讯精密,002475,0.26,0.28,0.26,0.28,0.28,7493,24615357.0,1.14,0.0
2012-05-14,立讯精密,002475,0.24,0.28,0.24,0.28,0.23,9391,30617334.0,1.43,21.74
2012-05-11,立讯精密,002475,0.26,0.27,0.23,0.23,0.27,5032,16204251.0,0.77,-14.81
2012-05-10,立讯精密,002475,0.26,0.28,0.26,0.27,0.26,4889,16011392.0,0.74,3.85
2012-05-09,立讯精密,002475,0.27,0.28,0.25,0.26,0.28,7482,24495863.0,1.14,-7.14
2012-05-08,立讯精密,002475,0.23,0.29,0.23,0.28,0.24,24308,80102307.0,3.7,16.67
2012-05-07,立讯精密,002475,0.18,0.24,0.18,0.24,0.18,12087,38369672.0,1.84,33.33
2012-05-04,立讯精密,002475,0.18,0.19,0.17,0.18,0.18,4024,12352441.0,0.61,0.0
2012-05-03,立讯精密,002475,0.18,0.21,0.16,0.18,0.18,7088,21686481.0,1.08,0.0
2012-05-02,立讯精密,002475,0.17,0.19,0.16,0.18,0.15,6136,18881726.0,0.93,20.0
2012-04-27,立讯精密,002475,0.17,0.17,0.15,0.15,0.17,5967,18048955.0,0.91,-11.76
2012-04-26,立讯精密,002475,0.16,0.18,0.15,0.17,0.15,10167,31006588.0,1.55,13.33
2012-04-25,立讯精密,002475,0.19,0.22,0.15,0.15,0.19,17545,53754343.0,2.67,-21.05
2012-04-24,立讯精密,002475,0.2,0.24,0.16,0.19,0.22,15177,47255230.0,2.31,-13.64
2012-04-23,立讯精密,002475,0.28,0.28,0.21,0.22,0.27,11244,36054338.0,1.71,-18.52
2012-04-20,立讯精密,002475,0.27,0.28,0.26,0.27,0.27,13190,43207699.0,2.01,0.0
2012-04-19,立讯精密,002475,0.23,0.3,0.23,0.27,0.22,16745,54928552.0,2.55,22.73
2012-04-17,立讯精密,002475,0.21,0.23,0.19,0.22,0.22,16283,51349592.0,2.48,0.0
2012-04-16,立讯精密,002475,0.24,0.25,0.22,0.22,0.24,5813,18545689.0,0.88,-8.33
2012-04-13,立讯精密,002475,0.27,0.28,0.23,0.24,0.23,10709,34598758.0,1.63,4.35
2012-04-12,立讯精密,002475,0.23,0.25,0.22,0.23,0.23,6713,21483383.0,1.02,0.0
2012-04-11,立讯精密,002475,0.23,0.25,0.22,0.23,0.23,2577,8221543.0,0.39,0.0
2012-04-10,立讯精密,002475,0.24,0.26,0.19,0.23,0.24,7802,24986653.0,1.19,-4.17
2012-04-09,立讯精密,002475,0.22,0.25,0.22,0.24,0.23,6292,20233670.0,0.96,4.35
2012-04-06,立讯精密,002475,0.22,0.26,0.19,0.23,0.23,7784,24864315.0,1.18,0.0
2012-04-05,立讯精密,002475,0.19,0.25,0.19,0.23,0.19,6383,20319028.0,0.97,21.05
2012-03-30,立讯精密,002475,0.19,0.2,0.16,0.19,0.19,7185,22112167.0,1.09,0.0
2012-03-29,立讯精密,002475,0.14,0.2,0.14,0.19,0.19,16005,49178057.0,2.44,0.0
2012-03-28,立讯精密,002475,0.25,0.26,0.18,0.19,0.25,15276,47895376.0,2.33,-24.0
2012-03-27,立讯精密,002475,0.23,0.26,0.23,0.25,0.23,31992,103032435.0,4.87,8.7
2012-03-26,立讯精密,002475,0.31,0.33,0.22,0.23,0.31,25115,81317522.0,3.82,-25.81
2012-03-23,立讯精密,002475,0.34,0.36,0.3,0.31,0.36,6550,22445899.0,1.0,-13.89
2012-03-22,立讯精密,002475,0.36,0.37,0.34,0.36,0.36,12087,41938300.0,1.84,0.0
2012-03-21,立讯精密,002475,0.35,0.37,0.33,0.36,0.34,7922,27210411.0,1.21,5.88
2012-03-20,立讯精密,002475,0.37,0.37,0.34,0.34,0.36,9387,32447806.0,1.43,-5.56
2012-03-19,立讯精密,002475,0.38,0.39,0.33,0.36,0.38,21216,73394778.0,3.23,-5.26
2012-03-16,立讯精密,002475,0.4,0.42,0.36,0.38,0.4,15260,53771533.0,2.32,-5.0
2012-03-15,立讯精密,002475,0.42,0.43,0.38,0.4,0.42,4672,16627335.0,0.71,-4.76
2012-03-14,立讯精密,002475,0.45,0.5,0.42,0.42,0.46,12017,44410902.0,1.83,-8.7
2012-03-13,立讯精密,002475,0.42,0.46,0.42,0.46,0.44,4959,18195275.0,0.75,4.55
2012-03-12,立讯精密,002475,0.45,0.47,0.42,0.44,0.45,7844,28741165.0,1.19,-2.22
2012-03-09,立讯精密,002475,0.43,0.45,0.43,0.45,0.43,8904,32518620.0,1.36,4.65
2012-03-08,立讯精密,002475,0.41,0.46,0.41,0.43,0.42,6167,22541960.0,0.94,2.38
2012-03-07,立讯精密,002475,0.42,0.46,0.42,0.42,0.46,8940,32632384.0,1.36,-8.7
2012-03-06,立讯精密,002475,0.46,0.46,0.44,0.46,0.46,6911,25419451.0,1.05,0.0
2012-03-05,立讯精密,002475,0.43,0.48,0.4,0.46,0.43,13688,50083271.0,2.08,6.98
2012-03-02,立讯精密,002475,0.43,0.5,0.42,0.43,0.43,23253,85561921.0,3.54,0.0
2012-03-01,立讯精密,002475,0.34,0.43,0.33,0.43,0.35,20038,71276166.0,3.05,22.86
2012-02-29,立讯精密,002475,0.4,0.4,0.34,0.35,0.42,24836,86640772.0,3.78,-16.67
2012-02-28,立讯精密,002475,0.42,0.45,0.38,0.42,0.45,9748,34924039.0,1.48,-6.67
2012-02-27,立讯精密,002475,0.45,0.46,0.43,0.45,0.45,13646,49948307.0,2.08,0.0
2012-02-24,立讯精密,002475,0.44,0.46,0.44,0.45,0.43,10467,38405045.0,1.59,4.65
2012-02-23,立讯精密,002475,0.41,0.45,0.4,0.43,0.42,7642,27641745.0,1.16,2.38
2012-02-22,立讯精密,002475,0.36,0.47,0.36,0.42,0.34,21062,76127304.0,3.21,23.53
2012-02-21,立讯精密,002475,0.31,0.34,0.3,0.34,0.34,8775,29506087.0,1.34,0.0
2012-02-20,立讯精密,002475,0.36,0.36,0.34,0.34,0.33,1658,5719107.0,0.25,3.03
2012-02-17,立讯精密,002475,0.33,0.34,0.31,0.33,0.33,2760,9385669.0,0.42,0.0
2012-02-16,立讯精密,002475,0.35,0.38,0.32,0.33,0.35,15294,52605616.0,2.33,-5.71
2012-02-15,立讯精密,002475,0.34,0.36,0.33,0.35,0.35,5705,19706347.0,0.87,0.0
2012-02-14,立讯精密,002475,0.33,0.36,0.33,0.35,0.33,3750,12886697.0,0.57,6.06
2012-02-13,立讯精密,002475,0.32,0.39,0.32,0.33,0.35,13627,47353415.0,2.07,-5.71
2012-02-10,立讯精密,002475,0.32,0.36,0.32,0.35,0.35,2950,10107929.0,0.45,0.0
2012-02-09,立讯精密,002475,0.31,0.35,0.31,0.35,0.31,9041,30969305.0,1.38,12.9
2012-02-08,立讯精密,002475,0.28,0.32,0.26,0.31,0.28,9506,31568759.0,1.45,10.71
2012-02-07,立讯精密,002475,0.3,0.3,0.27,0.28,0.3,6600,21767300.0,1.0,-6.67
2012-02-06,立讯精密,002475,0.32,0.35,0.28,0.3,0.29,13480,45263346.0,2.05,3.45
2012-02-03,立讯精密,002475,0.25,0.3,0.24,0.29,0.25,5227,17250523.0,0.8,16.0
2012-02-02,立讯精密,002475,0.21,0.26,0.19,0.25,0.21,4402,14064552.0,0.67,19.05
2012-02-01,立讯精密,002475,0.19,0.23,0.18,0.21,0.19,2332,7350998.0,0.35,10.53
2012-01-31,立讯精密,002475,0.2,0.22,0.18,0.19,0.21,4605,14454613.0,0.7,-9.52
2012-01-30,立讯精密,002475,0.19,0.22,0.18,0.21,0.19,5640,17699102.0,0.86,10.53
2012-01-20,立讯精密,002475,0.13,0.21,0.11,0.19,0.13,5341,16457751.0,0.81,46.15
2012-01-19,立讯精密,002475,0.09,0.14,0.09,0.13,0.09,3515,10328730.0,0.54,44.44
2012-01-18,立讯精密,002475,0.17,0.17,0.09,0.09,0.17,6730,20069499.0,1.02,-47.06
2012-01-17,立讯精密,002475,0.14,0.17,0.06,0.17,0.13,10595,31178502.0,1.61,30.77
2012-01-16,立讯精密,002475,0.16,0.17,0.13,0.13,0.18,6683,20102344.0,1.02,-27.78
2012-01-13,立讯精密,002475,0.25,0.25,0.17,0.18,0.25,10403,32344743.0,1.58,-28.0
2012-01-12,立讯精密,002475,0.17,0.25,0.17,0.25,0.19,12399,39493141.0,1.89,31.58
2012-01-11,立讯精密,002475,0.22,0.22,0.18,0.19,0.21,6761,21051298.0,1.03,-9.52
2012-01-10,立讯精密,002475,0.16,0.23,0.15,0.21,0.15,7843,24259805.0,1.19,40.0
2012-01-09,立讯精密,002475,0.13,0.17,0.12,0.15,0.13,11525,34487944.0,1.75,15.38
2012-01-06,立讯精密,002475,0.14,0.16,0.11,0.13,0.14,14427,43013986.0,2.2,-7.14
2012-01-05,立讯精密,002475,0.28,0.28,0.14,0.14,0.29,9873,30895935.0,1.5,-51.72
2012-01-04,立讯精密,002475,0.36,0.36,0.28,0.29,0.37,6058,20666546.0,0.92,-21.62
2011-12-30,立讯精密,002475,0.31,0.37,0.29,0.37,0.31,10087,34312913.0,1.54,19.35
2011-12-29,立讯精密,002475,0.33,0.36,0.31,0.31,0.35,2160,7367412.0,0.33,-11.43
2011-12-28,立讯精密,002475,0.32,0.35,0.29,0.35,0.34,3004,10102002.0,0.46,2.94
2011-12-27,立讯精密,002475,0.36,0.38,0.33,0.34,0.38,2569,8848731.0,0.39,-10.53
2011-12-26,立讯精密,002475,0.4,0.41,0.38,0.38,0.41,1506,5353659.0,0.23,-7.32
2011-12-23,立讯精密,002475,0.35,0.42,0.35,0.41,0.38,2310,8206759.0,0.35,7.89
2011-12-22,立讯精密,002475,0.37,0.38,0.33,0.38,0.37,2805,9771116.0,0.43,2.7
2011-12-21,立讯精密,002475,0.4,0.41,0.37,0.37,0.4,1442,5100173.0,0.22,-7.5
2011-12-20,立讯精密,002475,0.42,0.44,0.4,0.4,0.42,1763,6349558.0,0.27,-4.76
2011-12-19,立讯精密,002475,0.44,0.44,0.4,0.42,0.44,3574,12817173.0,0.54,-4.55
2011-12-16,立讯精密,002475,0.38,0.44,0.38,0.44,0.41,3372,12135955.0,0.51,7.32
2011-12-15,立讯精密,002475,0.36,0.41,0.34,0.41,0.37,9322,32788379.0,1.42,10.81
2011-12-14,立讯精密,002475,0.38,0.4,0.32,0.37,0.4,6486,22556482.0,0.99,-7.5
2011-12-13,立讯精密,002475,0.36,0.4,0.36,0.4,0.39,6563,23043817.0,1.0,2.56
2011-12-12,立讯精密,002475,0.38,0.41,0.37,0.39,0.39,9919,34907187.0,1.51,0.0
2011-12-09,立讯精密,002475,0.37,0.41,0.37,0.39,0.39,1180,4190487.0,0.18,0.0
2011-12-08,立讯精密,002475,0.39,0.42,0.37,0.39,0.41,6384,22616477.0,0.97,-4.88
2011-12-07,立讯精密,002475,0.4,0.42,0.38,0.41,0.42,5872,20858377.0,0.89,-2.38
2011-12-06,立讯精密,002475,0.4,0.43,0.4,0.42,0.42,3919,14082576.0,0.6,0.0
2011-12-05,立讯精密,002475,0.42,0.44,0.4,0.42,0.45,4586,16496230.0,0.7,-6.67
2011-12-02,立讯精密,002475,0.44,0.46,0.4,0.45,0.47,4388,15879806.0,0.67,-4.26
2011-12-01,立讯精密,002475,0.5,0.5,0.46,0.47,0.45,5838,21734729.0,0.89,4.44
2011-11-30,立讯精密,002475,0.49,0.5,0.43,0.45,0.5,5187,19241543.0,0.79,-10.0
2011-11-29,立讯精密,002475,0.49,0.51,0.47,0.5,0.48,2341,8769580.0,0.36,4.17
2011-11-28,立讯精密,002475,0.43,0.48,0.43,0.48,0.45,5865,21706864.0,0.89,6.67
2011-11-25,立讯精密,002475,0.43,0.46,0.43,0.45,0.43,9117,33343187.0,1.39,4.65
2011-11-24,立讯精密,002475,0.45,0.46,0.42,0.43,0.46,14050,51395305.0,2.14,-6.52
2011-11-23,立讯精密,002475,0.46,0.5,0.44,0.46,0.47,15633,57967906.0,2.38,-2.13
2011-11-22,立讯精密,002475,0.51,0.52,0.46,0.47,0.55,34280,128282459.0,5.22,-14.55
2011-11-21,立讯精密,002475,0.58,0.6,0.51,0.55,0.62,10351,40266353.0,1.58,-11.29
2011-11-18,立讯精密,002475,0.62,0.64,0.6,0.62,0.62,9453,38136659.0,1.44,0.0
2011-11-17,立讯精密,002475,0.59,0.63,0.59,0.62,0.61,9618,38893419.0,1.46,1.64
2011-11-16,立讯精密,002475,0.62,0.64,0.6,0.61,0.62,7823,31549604.0,1.19,-1.61
2011-11-15,立讯精密,002475,0.61,0.63,0.6,0.62,0.61,21407,86110017.0,3.26,1.64
2011-11-14,立讯精密,002475,0.57,0.63,0.57,0.61,0.57,14323,57415962.0,2.18,7.02
2011-11-11,立讯精密,002475,0.53,0.57,0.5,0.57,0.54,7459,28880017.0,1.14,5.56
2011-11-10,立讯精密,002475,0.51,0.57,0.51,0.54,0.54,5658,22085857.0,0.86,0.0
2011-11-09,立讯精密,002475,0.51,0.55,0.51,0.54,0.51,2720,10460626.0,0.41,5.88
2011-11-08,立讯精密,002475,0.55,0.58,0.51,0.51,0.57,8568,33090588.0,1.3,-10.53
2011-11-07,立讯精密,002475,0.58,0.6,0.56,0.57,0.59,2915,11532082.0,0.44,-3.39
2011-11-04,立讯精密,002475,0.56,0.63,0.56,0.59,0.56,10877,43407869.0,1.66,5.36
2011-11-03,立讯精密,002475,0.55,0.59,0.54,0.56,0.56,18364,72158948.0,2.8,0.0
2011-11-02,立讯精密,002475,0.47,0.56,0.45,0.56,0.51,17368,65572536.0,2.64,9.8
2011-11-01,立讯精密,002475,0.52,0.55,0.47,0.51,0.53,15436,58838732.0,2.35,-3.77
2011-10-31,立讯精密,002475,0.54,0.55,0.49,0.53,0.53,10765,41003597.0,1.64,0.0
2011-10-28,立讯精密,002475,0.53,0.56,0.52,0.53,0.52,5704,21930077.0,0.87,1.92
2011-10-27,立讯精密,002475,0.52,0.57,0.52,0.52,0.52,16308,63209827.0,2.48,0.0
2011-10-26,立讯精密,002475,0.5,0.54,0.44,0.52,0.51,21727,82700500.0,3.31,1.96
2011-10-25,立讯精密,002475,0.47,0.51,0.45,0.51,0.46,14151,52996815.0,2.15,10.87
2011-10-24,立讯精密,002475,0.42,0.47,0.39,0.46,0.41,6161,22429929.0,0.94,12.2
2011-10-21,立讯精密,002475,0.5,0.51,0.4,0.41,0.5,10774,39415823.0,1.64,-18.0
2011-10-20,立讯精密,002475,0.55,0.58,0.46,0.5,0.58,8655,32514131.0,1.32,-13.79
2011-10-19,立讯精密,002475,0.64,0.64,0.55,0.58,0.66,6246,24768343.0,0.95,-12.12
2011-10-17,立讯精密,002475,0.61,0.72,0.61,0.66,0.61,14481,60141502.0,2.2,8.2
2011-10-14,立讯精密,002475,0.55,0.61,0.54,0.61,0.56,20973,83555326.0,3.19,8.93
2011-10-13,立讯精密,002475,0.53,0.61,0.51,0.56,0.53,11707,46093466.0,1.78,5.66
2011-10-12,立讯精密,002475,0.43,0.53,0.42,0.53,0.45,12155,46016350.0,1.85,17.78
2011-10-11,立讯精密,002475,0.46,0.5,0.44,0.45,0.44,7021,26197222.0,1.07,2.27
2011-10-10,立讯精密,002475,0.43,0.44,0.37,0.44,0.44,8421,30070768.0,1.28,0.0
2011-09-30,立讯精密,002475,0.44,0.46,0.39,0.44,0.45,5366,19318316.0,0.82,-2.22
2011-09-29,立讯精密,002475,0.43,0.46,0.38,0.45,0.43,10644,38645867.0,1.62,4.65
2011-09-28,立讯精密,002475,0.51,0.52,0.4,0.43,0.51,27060,98724363.0,4.12,-15.69
2011-09-27,立讯精密,002475,0.66,0.67,0.48,0.51,0.66,51666,199778948.0,7.86,-22.73
2011-09-26,立讯精密,002475,0.66,0.73,0.66,0.66,0.66,4249,17810757.0,0.65,0.0
2011-09-23,立讯精密,002475,0.68,0.7,0.64,0.66,0.7,6836,28218180.0,1.04,-5.71
2011-09-22,立讯精密,002475,0.68,0.71,0.67,0.7,0.71,3468,14578045.0,0.53,-1.41
2011-09-21,立讯精密,002475,0.67,0.73,0.67,0.71,0.67,9922,42204565.0,1.51,5.97
2011-09-20,立讯精密,002475,0.67,0.68,0.65,0.67,0.67,2100,8693553.0,0.32,0.0
2011-09-19,立讯精密,002475,0.68,0.68,0.65,0.67,0.67,3278,13607034.0,0.5,0.0
2011-09-16,立讯精密,002475,0.66,0.68,0.66,0.67,0.66,3028,12552158.0,0.46,1.52
2011-09-15,立讯精密,002475,0.65,0.68,0.63,0.66,0.64,2557,10555339.0,0.39,3.13
2011-09-14,立讯精密,002475,0.65,0.66,0.62,0.64,0.65,4982,20299018.0,0.76,-1.54
2011-09-13,立讯精密,002475,0.68,0.71,0.63,0.65,0.71,9357,38340772.0,1.42,-8.45
2011-09-09,立讯精密,002475,0.69,0.74,0.68,0.71,0.7,4155,17596212.0,0.63,1.43
2011-09-08,立讯精密,002475,0.72,0.74,0.7,0.7,0.72,3156,13433169.0,0.48,-2.78
2011-09-07,立讯精密,002475,0.65,0.73,0.64,0.72,0.65,6032,25318256.0,0.92,10.77
2011-09-06,立讯精密,002475,0.66,0.66,0.62,0.65,0.66,2909,11881081.0,0.44,-1.52
2011-09-05,立讯精密,002475,0.64,0.67,0.62,0.66,0.64,7948,32634862.0,1.21,3.13
2011-09-02,立讯精密,002475,0.62,0.65,0.61,0.64,0.62,10378,42093597.0,1.58,3.23
2011-09-01,立讯精密,002475,0.6,0.65,0.6,0.62,0.61,3351,13589617.0,0.51,1.64
2011-08-31,立讯精密,002475,0.64,0.65,0.59,0.61,0.64,9343,37520842.0,1.42,-4.69
2011-08-30,立讯精密,002475,0.69,0.69,0.63,0.64,0.68,11558,47589886.0,1.76,-5.88
2011-08-29,立讯精密,002475,0.73,0.73,0.65,0.68,0.73,13775,57629597.0,2.1,-6.85
2011-08-26,立讯精密,002475,0.75,0.76,0.73,0.73,0.75,4249,18309117.0,0.65,-2.67
2011-08-25,立讯精密,002475,0.75,0.76,0.71,0.75,0.74,6525,28051739.0,0.99,1.35
2011-08-24,立讯精密,002475,0.69,0.75,0.69,0.74,0.72,5784,24823207.0,0.88,2.78
2011-08-23,立讯精密,002475,0.73,0.74,0.68,0.72,0.73,7416,31207285.0,1.13,-1.37
2011-08-22,立讯精密,002475,0.72,0.74,0.71,0.73,0.72,11822,50445119.0,1.8,1.39
2011-08-19,立讯精密,002475,0.67,0.72,0.65,0.72,0.7,6663,27951223.0,1.01,2.86
2011-08-18,立讯精密,002475,0.72,0.72,0.66,0.7,0.72,15673,65339115.0,2.39,-2.78
2011-08-17,立讯精密,002475,0.74,0.74,0.69,0.72,0.74,11589,49114840.0,1.76,-2.7
2011-08-16,立讯精密,002475,0.78,0.78,0.72,0.74,0.78,13849,59552084.0,2.11,-5.13
2011-08-15,立讯精密,002475,0.87,0.89,0.74,0.78,0.87,21274,94570043.0,3.24,-10.34
2011-08-12,立讯精密,002475,0.85,0.88,0.84,0.87,0.84,7192,32790916.0,1.09,3.57
2011-08-11,立讯精密,002475,0.79,0.84,0.78,0.84,0.83,14690,66038338.66,2.24,1.2
2011-08-10,立讯精密,002475,0.8,0.84,0.78,0.83,0.78,16784,75155106.94,2.55,6.41
2011-08-09,立讯精密,002475,0.68,0.79,0.63,0.78,0.72,21009,91051931.68,3.2,8.33
2011-08-08,立讯精密,002475,0.68,0.72,0.6,0.72,0.72,10522,44044886.08,1.6,0.0
2011-08-05,立讯精密,002475,0.7,0.74,0.67,0.72,0.75,10053,42739432.17,1.53,-4.0
2011-08-04,立讯精密,002475,0.73,0.76,0.67,0.75,0.74,13790,58788012.87,2.1,1.35
2011-08-03,立讯精密,002475,0.85,0.92,0.74,0.74,0.83,20763,93995125.5,3.16,-10.84
2011-08-02,立讯精密,002475,0.78,0.83,0.73,0.83,0.79,11840,51941538.83,1.8,5.06
2011-08-01,立讯精密,002475,0.82,0.84,0.76,0.79,0.84,13818,61062742.96,2.1,-5.95
2011-07-29,立讯精密,002475,0.87,0.88,0.8,0.84,0.86,10379,46698278.47,1.58,-2.33
2011-07-28,立讯精密,002475,0.85,0.89,0.81,0.86,0.86,12685,57597335.52,1.93,0.0
2011-07-27,立讯精密,002475,0.74,0.88,0.73,0.86,0.74,17951,80196880.59,2.73,16.22
2011-07-26,立讯精密,002475,0.67,0.75,0.67,0.74,0.68,11191,47636553.43,1.7,8.82
2011-07-25,立讯精密,002475,0.7,0.75,0.67,0.68,0.71,13363,56433902.88,2.03,-4.23
2011-07-22,立讯精密,002475,0.67,0.75,0.67,0.71,0.67,16959,72194582.35,2.58,5.97
2011-07-21,立讯精密,002475,0.64,0.73,0.64,0.67,0.64,15995,67292922.39,2.43,4.69
2011-07-20,立讯精密,002475,0.68,0.68,0.62,0.64,0.65,8910,36424475.67,1.36,-1.54
2011-07-19,立讯精密,002475,0.71,0.71,0.65,0.65,0.72,25429,105587823.27,3.87,-9.72
2011-07-18,立讯精密,002475,0.66,0.74,0.65,0.72,0.67,25298,106402874.09,3.85,7.46
2011-07-15,立讯精密,002475,0.69,0.7,0.64,0.67,0.72,33113,137241370.48,5.04,-6.94
2011-07-14,立讯精密,002475,0.8,0.81,0.63,0.72,0.78,47190,199949203.91,7.18,-7.69
2011-07-13,立讯精密,002475,0.67,0.78,0.64,0.78,0.69,15574,65279853.12,2.37,13.04
2011-07-12,立讯精密,002475,0.67,0.72,0.62,0.69,0.68,11615,48406959.17,1.77,1.47
2011-07-11,立讯精密,002475,0.6,0.75,0.6,0.68,0.61,31408,131244293.49,4.78,11.48
2011-07-08,立讯精密,002475,0.58,0.62,0.53,0.61,0.58,15008,59106955.26,2.28,5.17
2011-07-07,立讯精密,002475,0.58,0.63,0.56,0.58,0.58,24672,98252679.37,3.76,0.0
2011-07-06,立讯精密,002475,0.51,0.58,0.51,0.58,0.54,12115,46959462.81,1.84,7.41
2011-07-05,立讯精密,002475,0.53,0.59,0.51,0.54,0.54,18726,72617617.59,2.85,0.0
2011-07-04,立讯精密,002475,0.5,0.56,0.48,0.54,0.48,24205,93372961.67,3.68,12.5
2011-07-01,立讯精密,002475,0.51,0.51,0.45,0.48,0.42,15453,57570334.32,2.35,14.29
2011-06-30,立讯精密,002475,0.4,0.45,0.39,0.42,0.39,11482,41405870.95,1.75,7.69
2011-06-29,立讯精密,002475,0.38,0.43,0.38,0.39,0.4,6555,23449956.07,1.0,-2.5
2011-06-28,立讯精密,002475,0.38,0.41,0.37,0.4,0.4,5435,19165920.5,0.83,0.0
2011-06-27,立讯精密,002475,0.38,0.44,0.38,0.4,0.4,14881,53419780.83,2.26,0.0
2011-06-24,立讯精密,002475,0.37,0.46,0.35,0.4,0.37,14438,51705404.8,2.2,8.11
2011-06-23,立讯精密,002475,0.31,0.4,0.28,0.37,0.32,13503,46482533.58,2.06,15.63
2011-06-22,立讯精密,002475,0.32,0.33,0.31,0.32,0.31,5411,18369134.45,0.82,3.23
2011-06-21,立讯精密,002475,0.27,0.32,0.27,0.31,0.28,11257,37642415.23,1.71,10.71
2011-06-20,立讯精密,002475,0.23,0.32,0.19,0.28,0.23,10529,34918238.85,1.6,21.74
2011-06-17,立讯精密,002475,0.28,0.28,0.23,0.23,0.26,1785,5763831.57,0.27,-11.54
2011-06-16,立讯精密,002475,0.29,0.29,0.25,0.26,0.29,2585,8518004.18,0.39,-10.34
2011-06-15,立讯精密,002475,0.3,0.32,0.28,0.29,0.3,2403,8013423.04,0.37,-3.33
2011-06-14,立讯精密,002475,0.29,0.34,0.29,0.3,0.29,5077,17163879.25,0.77,3.45
2011-06-13,立讯精密,002475,0.27,0.3,0.24,0.29,0.27,3590,11851874.97,0.55,7.41
2011-06-10,立讯精密,002475,0.24,0.27,0.21,0.27,0.24,3870,12484704.39,0.59,12.5
2011-06-09,立讯精密,002475,0.31,0.31,0.23,0.24,0.31,7641,24883805.41,1.16,-22.58
2011-06-08,立讯精密,002475,0.28,0.32,0.24,0.31,0.28,6526,21612746.36,0.99,10.71
2011-06-07,立讯精密,002475,0.2,0.28,0.2,0.28,0.2,5792,18688488.35,0.88,40.0
2011-06-03,立讯精密,002475,0.2,0.23,0.18,0.2,0.19,1879,5929223.01,0.29,5.26
2011-06-02,立讯精密,002475,0.18,0.2,0.15,0.19,0.2,7532,23321991.73,1.15,-5.0
2011-06-01,立讯精密,002475,0.15,0.2,0.13,0.2,0.14,8380,25281546.74,1.28,42.86
2011-05-31,立讯精密,002475,0.12,0.16,0.12,0.14,0.13,2941,8791047.72,0.45,7.69
2011-05-30,立讯精密,002475,0.12,0.16,0.12,0.13,0.14,3203,9616550.17,0.49,-7.14
2011-05-27,立讯精密,002475,0.17,0.17,0.1,0.14,0.17,4069,12198628.13,0.62,-17.65
2011-05-26,立讯精密,002475,0.23,0.25,0.17,0.17,0.23,4943,15393832.44,0.75,-26.09
2011-05-25,立讯精密,002475,0.25,0.3,0.23,0.23,0.25,2942,14434671.1,0.67,-8.0
2011-05-24,立讯精密,002475,0.26,0.34,0.24,0.25,0.27,5356,26604887.17,1.22,-7.41
2011-05-23,立讯精密,002475,0.31,0.33,0.26,0.27,0.33,3499,17437852.18,0.8,-18.18
2011-05-20,立讯精密,002475,0.33,0.35,0.3,0.33,0.34,5723,29142649.16,1.31,-2.94
2011-05-19,立讯精密,002475,0.36,0.37,0.32,0.34,0.35,4183,21679917.44,0.96,-2.86
2011-05-18,立讯精密,002475,0.34,0.36,0.33,0.35,0.34,3013,15662543.94,0.69,2.94
2011-05-17,立讯精密,002475,0.32,0.36,0.31,0.34,0.33,5636,29108809.09,1.29,3.03
2011-05-16,立讯精密,002475,0.35,0.37,0.33,0.33,0.37,6221,32151005.84,1.42,-10.81
2011-05-13,立讯精密,002475,0.39,0.49,0.36,0.37,0.39,3919,20929219.35,0.89,-5.13
2011-05-12,立讯精密,002475,0.38,0.41,0.38,0.39,0.41,2358,12617025.05,0.54,-4.88
2011-05-11,立讯精密,002475,0.41,0.43,0.39,0.41,0.43,3410,18399421.59,0.78,-4.65
2011-05-10,立讯精密,002475,0.43,0.45,0.4,0.43,0.43,5169,28262264.85,1.18,0.0
2011-05-09,立讯精密,002475,0.4,0.45,0.39,0.43,0.4,6204,33937915.08,1.42,7.5
2011-05-06,立讯精密,002475,0.38,0.45,0.38,0.4,0.4,10071,54837608.44,2.3,0.0
2011-05-05,立讯精密,002475,0.38,0.4,0.34,0.4,0.4,7383,38839595.66,1.69,0.0
2011-05-03,立讯精密,002475,0.36,0.42,0.34,0.4,0.36,4832,25860200.26,1.1,11.11
2011-04-29,立讯精密,002475,0.35,0.38,0.35,0.36,0.37,3095,16263708.31,0.71,-2.7
2011-04-28,立讯精密,002475,0.38,0.39,0.29,0.37,0.38,9753,50293205.49,2.23,-2.63
2011-04-27,立讯精密,002475,0.41,0.44,0.37,0.38,0.41,4890,26091581.12,1.12,-7.32
2011-04-26,立讯精密,002475,0.39,0.42,0.35,0.41,0.4,8230,43655177.27,1.88,2.5
2011-04-25,立讯精密,002475,0.44,0.44,0.32,0.4,0.46,7455,40135103.02,1.7,-13.04
2011-04-22,立讯精密,002475,0.42,0.49,0.41,0.46,0.44,18280,100639065.02,4.17,4.55
2011-04-21,立讯精密,002475,0.44,0.45,0.38,0.44,0.44,30075,164649181.9,6.87,0.0
2011-04-20,立讯精密,002475,0.47,0.53,0.42,0.44,0.37,70754,397378405.33,16.15,18.92
2011-04-19,立讯精密,002475,0.37,0.37,0.29,0.37,0.23,32319,170037463.78,7.38,60.87
2011-04-13,立讯精密,002475,0.1,0.24,0.09,0.23,0.11,15487,72074859.97,3.54,109.09
2011-04-12,立讯精密,002475,0.11,0.12,0.08,0.11,0.11,7212,31562187.61,1.65,0.0
2011-04-11,立讯精密,002475,0.14,0.14,0.1,0.11,0.12,4107,18253439.39,0.94,-8.33
2011-04-08,立讯精密,002475,0.11,0.15,0.09,0.12,0.09,8535,38218135.0,1.95,33.33
2011-04-06,立讯精密,002475,0.09,0.12,0.08,0.09,0.09,3650,15954924.94,0.83,0.0
2011-04-01,立讯精密,002475,0.1,0.1,0.08,0.09,0.09,2153,9354511.47,0.49,0.0
2011-03-31,立讯精密,002475,0.08,0.1,0.08,0.09,0.08,2663,11548164.45,0.61,12.5
2011-03-30,立讯精密,002475,0.13,0.13,0.06,0.08,0.13,7805,33799807.28,1.78,-38.46
2011-03-29,立讯精密,002475,0.14,0.16,0.13,0.13,0.14,6112,27585303.89,1.4,-7.14
2011-03-28,立讯精密,002475,0.18,0.18,0.14,0.14,0.18,7252,33066634.12,1.66,-22.22
2011-03-25,立讯精密,002475,0.2,0.2,0.17,0.18,0.19,5624,26148747.33,1.28,-5.26
2011-03-24,立讯精密,002475,0.2,0.21,0.16,0.19,0.19,3432,16027216.84,0.78,0.0
2011-03-23,立讯精密,002475,0.19,0.2,0.18,0.19,0.18,2170,10182088.1,0.5,5.56
2011-03-22,立讯精密,002475,0.21,0.22,0.17,0.18,0.22,5970,27873691.81,1.36,-18.18
2011-03-21,立讯精密,002475,0.24,0.26,0.19,0.22,0.24,6716,31906429.09,1.53,-8.33
2011-03-18,立讯精密,002475,0.27,0.3,0.23,0.24,0.28,6711,32832301.65,1.53,-14.29
2011-03-17,立讯精密,002475,0.29,0.3,0.25,0.28,0.3,5868,29001328.08,1.34,-6.67
2011-03-16,立讯精密,002475,0.31,0.32,0.29,0.3,0.3,5766,28983856.55,1.32,0.0
2011-03-15,立讯精密,002475,0.32,0.32,0.26,0.3,0.31,8226,41225614.6,1.88,-3.23
2011-03-14,立讯精密,002475,0.25,0.31,0.25,0.31,0.24,11433,57470670.36,2.61,29.17
2011-03-11,立讯精密,002475,0.23,0.27,0.22,0.24,0.24,5041,24675533.77,1.15,0.0
2011-03-10,立讯精密,002475,0.24,0.25,0.22,0.24,0.24,4404,21227293.97,1.01,0.0
2011-03-09,立讯精密,002475,0.23,0.26,0.22,0.24,0.22,5680,27647309.05,1.3,9.09
2011-03-08,立讯精密,002475,0.23,0.24,0.2,0.22,0.23,7909,37614729.78,1.81,-4.35
2011-03-07,立讯精密,002475,0.23,0.26,0.23,0.23,0.23,7347,35465633.88,1.68,0.0
2011-03-04,立讯精密,002475,0.29,0.3,0.22,0.23,0.29,10668,51827820.47,2.44,-20.69
2011-03-03,立讯精密,002475,0.29,0.33,0.28,0.29,0.31,4727,23908923.7,1.08,-6.45
2011-03-02,立讯精密,002475,0.29,0.31,0.27,0.31,0.3,4041,20200997.64,0.92,3.33
2011-03-01,立讯精密,002475,0.29,0.33,0.29,0.3,0.31,4106,20848911.99,0.94,-3.23
2011-02-28,立讯精密,002475,0.31,0.31,0.28,0.31,0.31,7810,39263985.23,1.78,0.0
2011-02-25,立讯精密,002475,0.33,0.34,0.3,0.31,0.32,4356,22133469.71,0.99,-3.13
2011-02-24,立讯精密,002475,0.3,0.33,0.29,0.32,0.3,5100,25927554.74,1.16,6.67
2011-02-23,立讯精密,002475,0.29,0.31,0.28,0.3,0.29,4313,21636186.18,0.98,3.45
2011-02-22,立讯精密,002475,0.35,0.36,0.28,0.29,0.35,7520,38249835.4,1.72,-17.14
2011-02-21,立讯精密,002475,0.28,0.35,0.28,0.35,0.31,7816,40198079.93,1.78,12.9
2011-02-18,立讯精密,002475,0.28,0.32,0.26,0.31,0.28,11847,59616444.3,2.7,10.71
2011-02-17,立讯精密,002475,0.29,0.33,0.27,0.28,0.3,7999,40267728.65,1.83,-6.67
2011-02-16,立讯精密,002475,0.28,0.31,0.27,0.3,0.29,5883,29538216.33,1.34,3.45
2011-02-15,立讯精密,002475,0.29,0.32,0.27,0.29,0.29,5999,30258099.45,1.37,0.0
2011-02-14,立讯精密,002475,0.26,0.3,0.26,0.29,0.27,6022,30084919.09,1.37,7.41
2011-02-11,立讯精密,002475,0.21,0.28,0.21,0.27,0.21,6413,31519220.57,1.46,28.57
2011-02-10,立讯精密,002475,0.16,0.21,0.16,0.21,0.16,4012,18835576.95,0.92,31.25
2011-02-09,立讯精密,002475,0.24,0.24,0.16,0.16,0.24,6999,32765690.57,1.6,-33.33
2011-02-01,立讯精密,002475,0.23,0.25,0.21,0.24,0.22,4325,20915150.59,0.99,9.09
2011-01-31,立讯精密,002475,0.23,0.24,0.2,0.22,0.23,5070,24224034.13,1.16,-4.35
2011-01-28,立讯精密,002475,0.22,0.23,0.2,0.23,0.22,3449,16431701.35,0.79,4.55
2011-01-27,立讯精密,002475,0.2,0.23,0.19,0.22,0.2,5587,26574602.03,1.28,10.0
2011-01-26,立讯精密,002475,0.16,0.22,0.16,0.2,0.18,4178,19655681.95,0.95,11.11
2011-01-25,立讯精密,002475,0.16,0.19,0.15,0.18,0.16,8403,38590717.31,1.92,12.5
2011-01-24,立讯精密,002475,0.22,0.22,0.16,0.16,0.2,7872,36827755.28,1.8,-20.0
2011-01-21,立讯精密,002475,0.13,0.24,0.13,0.2,0.15,12003,56207094.26,2.74,33.33
2011-01-20,立讯精密,002475,0.2,0.22,0.14,0.15,0.21,7313,33685524.96,1.67,-28.57
2011-01-19,立讯精密,002475,0.21,0.22,0.17,0.21,0.17,8657,40783908.09,1.98,23.53
2011-01-18,立讯精密,002475,0.18,0.21,0.14,0.17,0.17,8444,39233300.36,1.93,0.0
2011-01-17,立讯精密,002475,0.3,0.3,0.13,0.17,0.26,16204,75233024.1,3.7,-34.62
2011-01-14,立讯精密,002475,0.34,0.34,0.24,0.26,0.29,6447,31878590.73,1.47,-10.34
2011-01-13,立讯精密,002475,0.3,0.32,0.28,0.29,0.29,6737,33874229.77,1.54,0.0
2011-01-12,立讯精密,002475,0.28,0.33,0.24,0.29,0.27,14221,71227700.73,3.25,7.41
2011-01-11,立讯精密,002475,0.37,0.38,0.27,0.27,0.43,17798,89808223.06,4.06,-37.21
2011-01-07,立讯精密,002475,0.47,0.49,0.41,0.43,0.47,10412,57480389.32,2.38,-8.51
2011-01-06,立讯精密,002475,0.46,0.49,0.42,0.47,0.46,9561,53011249.88,2.18,2.17
2011-01-05,立讯精密,002475,0.45,0.46,0.41,0.46,0.46,11835,64811783.68,2.7,0.0
2011-01-04,立讯精密,002475,0.45,0.5,0.43,0.46,0.47,12242,68250287.26,2.8,-2.13
2010-12-31,立讯精密,002475,0.41,0.47,0.4,0.47,0.41,11622,64395379.91,2.65,14.63
2010-12-30,立讯精密,002475,0.36,0.46,0.34,0.41,0.35,20043,108692881.2,4.58,17.14
2010-12-29,立讯精密,002475,0.25,0.39,0.25,0.35,0.26,26064,133154220.65,5.95,34.62
2010-12-28,立讯精密,002475,0.29,0.3,0.23,0.26,0.3,26694,131093258.74,6.09,-13.33
2010-12-27,立讯精密,002475,0.39,0.42,0.3,0.3,0.41,21898,114777563.25,5.0,-26.83
2010-12-24,立讯精密,002475,0.47,0.51,0.32,0.41,0.48,36197,195309875.95,8.26,-14.58
2010-12-23,立讯精密,002475,0.52,0.55,0.48,0.48,0.52,13688,78406694.59,3.13,-7.69
2010-12-22,立讯精密,002475,0.58,0.58,0.51,0.52,0.56,13044,75414927.48,2.98,-7.14
2010-12-21,立讯精密,002475,0.6,0.62,0.54,0.56,0.6,16072,95115298.06,3.67,-6.67
2010-12-20,立讯精密,002475,0.56,0.61,0.52,0.6,0.56,22338,132997948.54,5.1,7.14
2010-12-17,立讯精密,002475,0.54,0.57,0.51,0.56,0.55,12707,74175924.56,2.9,1.82
2010-12-16,立讯精密,002475,0.49,0.6,0.46,0.55,0.5,24277,143483150.33,5.54,10.0
2010-12-15,立讯精密,002475,0.56,0.56,0.48,0.5,0.55,37096,212101218.81,8.47,-9.09
2010-12-14,立讯精密,002475,0.54,0.57,0.51,0.55,0.54,22081,128715598.63,6.3,1.85
2010-12-13,立讯精密,002475,0.43,0.56,0.42,0.54,0.42,27723,159331868.91,7.91,28.57
2010-12-10,立讯精密,002475,0.39,0.44,0.36,0.42,0.42,14203,76798585.39,4.05,0.0
2010-12-09,立讯精密,002475,0.39,0.43,0.35,0.42,0.4,19800,106027275.59,5.65,5.0
2010-12-08,立讯精密,002475,0.4,0.46,0.38,0.4,0.41,14366,78121452.27,4.1,-2.44
2010-12-07,立讯精密,002475,0.29,0.43,0.29,0.41,0.31,20784,110090085.94,5.93,32.26
2010-12-06,立讯精密,002475,0.34,0.36,0.28,0.31,0.36,23873,121776266.79,6.81,-13.89
2010-12-03,立讯精密,002475,0.4,0.44,0.34,0.36,0.43,23581,124244952.49,6.73,-16.28
2010-12-02,立讯精密,002475,0.44,0.5,0.42,0.43,0.42,24010,132653400.1,6.85,2.38
2010-12-01,立讯精密,002475,0.43,0.48,0.41,0.42,0.46,25210,138630428.4,7.19,-8.7
2010-11-30,立讯精密,002475,0.51,0.53,0.39,0.46,0.41,59729,333707801.99,17.05,12.2
2010-11-29,立讯精密,002475,0.3,0.41,0.3,0.41,0.26,39379,206199300.2,11.24,57.69
2010-11-26,立讯精密,002475,0.24,0.27,0.24,0.26,0.25,9847,48266983.85,2.81,4.0
2010-11-25,立讯精密,002475,0.29,0.32,0.24,0.25,0.3,21849,108118831.16,6.24,-16.67
2010-11-24,立讯精密,002475,0.27,0.31,0.25,0.3,0.28,26361,131233702.99,7.52,7.14
2010-11-23,立讯精密,002475,0.25,0.3,0.21,0.28,0.25,36093,176616176.73,10.3,12.0
2010-11-22,立讯精密,002475,0.2,0.3,0.2,0.25,0.21,56473,276894884.7,16.12,19.05
2010-11-19,立讯精密,002475,0.13,0.23,0.09,0.21,0.12,34489,157472552.94,9.84,75.0
2010-11-18,立讯精密,002475,0.1,0.16,0.1,0.12,0.12,18024,80155327.82,5.14,0.0
2010-11-17,立讯精密,002475,0.14,0.19,0.1,0.12,0.16,15927,72188637.38,4.55,-25.0
2010-11-16,立讯精密,002475,0.18,0.24,0.13,0.16,0.19,34678,162441657.05,9.9,-15.79
2010-11-15,立讯精密,002475,0.08,0.19,0.08,0.19,0.08,28107,126775980.16,8.02,137.5
2010-11-12,立讯精密,002475,0.19,0.22,0.08,0.08,0.2,35142,158570159.13,10.03,-60.0
2010-11-11,立讯精密,002475,0.26,0.32,0.2,0.2,0.28,32533,158474817.38,9.28,-28.57
2010-11-10,立讯精密,002475,0.23,0.29,0.21,0.28,0.23,26509,129937696.75,7.57,21.74
2010-11-09,立讯精密,002475,0.25,0.26,0.21,0.23,0.27,31933,153616269.61,9.11,-14.81
2010-11-08,立讯精密,002475,0.22,0.29,0.16,0.27,0.21,38729,187602573.25,11.05,28.57
2010-11-05,立讯精密,002475,0.11,0.24,0.11,0.21,0.12,39369,183882056.31,11.24,75.0
2010-11-04,立讯精密,002475,0.04,0.14,0.04,0.12,0.06,30256,133457230.92,8.63,100.0
2010-11-03,立讯精密,002475,0.04,0.07,0.03,0.06,0.06,26092,110159521.53,7.45,0.0
2010-11-02,立讯精密,002475,0.11,0.13,0.05,0.06,0.1,41745,181979387.3,11.91,-40.0
2010-11-01,立讯精密,002475,0.07,0.18,0.07,0.1,0.09,66537,296087499.78,18.99,11.11
2010-10-29,立讯精密,002475,0.04,0.12,0.01,0.09,0.0,73049,313697499.21,20.85,0.0
2010-10-28,立讯精密,002475,-0.12,0.0,-0.12,0.0,-0.11,86319,339443023.04,24.63,100.0
2010-10-27,立讯精密,002475,-0.13,-0.08,-0.14,-0.11,-0.13,44790,166815619.67,12.78,15.38
2010-10-26,立讯精密,002475,-0.1,-0.1,-0.14,-0.13,-0.1,36333,132939436.59,10.37,-30.0
2010-10-25,立讯精密,002475,-0.13,-0.08,-0.13,-0.1,-0.14,39194,146259292.82,11.19,28.57
2010-10-22,立讯精密,002475,-0.15,-0.12,-0.15,-0.14,-0.14,21766,78710283.66,6.21,0.0
2010-10-21,立讯精密,002475,-0.12,-0.11,-0.15,-0.14,-0.12,23863,85871506.21,6.81,-16.67
2010-10-20,立讯精密,002475,-0.17,-0.11,-0.18,-0.12,-0.15,40846,148729418.88,11.66,20.0
2010-10-19,立讯精密,002475,-0.23,-0.13,-0.23,-0.15,-0.21,41807,148045253.75,11.93,28.57
2010-10-18,立讯精密,002475,-0.18,-0.18,-0.26,-0.21,-0.17,39291,132182559.25,11.21,-23.53
2010-10-15,立讯精密,002475,-0.14,-0.13,-0.17,-0.17,-0.11,58982,209804391.32,16.83,-54.55
2010-10-14,立讯精密,002475,-0.14,-0.08,-0.15,-0.11,-0.17,107913,399084231.06,30.8,35.29
2010-10-13,立讯精密,002475,-0.18,-0.16,-0.19,-0.17,-0.17,30897,107798468.05,8.82,0.0
2010-10-12,立讯精密,002475,-0.16,-0.13,-0.18,-0.17,-0.14,52449,184311419.82,14.97,-21.43
2010-10-11,立讯精密,002475,-0.09,-0.07,-0.15,-0.14,-0.08,56202,206872932.29,16.04,-75.0
2010-10-08,立讯精密,002475,-0.09,-0.04,-0.11,-0.08,-0.09,49222,188668958.72,14.05,11.11
2010-09-30,立讯精密,002475,-0.14,-0.05,-0.15,-0.09,-0.13,51894,194295030.68,14.81,30.77
2010-09-29,立讯精密,002475,-0.19,-0.12,-0.21,-0.13,-0.18,51724,183316539.57,14.76,27.78
2010-09-28,立讯精密,002475,-0.15,-0.13,-0.18,-0.18,-0.14,46927,166701999.86,13.39,-28.57
2010-09-27,立讯精密,002475,-0.17,-0.13,-0.18,-0.14,-0.17,57086,203904083.09,16.29,17.65
2010-09-21,立讯精密,002475,-0.13,-0.12,-0.21,-0.17,-0.09,92314,322270122.8,26.35,-88.89
2010-09-20,立讯精密,002475,-0.07,0.01,-0.1,-0.09,-0.06,85968,338151063.0,24.53,-50.0
2010-09-17,立讯精密,002475,0.01,0.03,-0.09,-0.06,0.0,118027,467264616.01,33.68,0.0
2010-09-16,立讯精密,002475,-0.02,0.06,-0.04,0.0,-0.02,171252,699813174.85,48.87,100.0
2010-09-15,立讯精密,002475,-0.17,-0.02,-0.17,-0.02,,310434,1182485881.07,88.59,94.44
