日期,股票名称,代码,开盘,最高,最低,收盘,前收盘,成交量,成交额,换手率,涨跌幅
2026-05-14,美的集团,000333,80.39,81.8,80.39,81.62,80.38,95660,776540410.5,0.14,1.54
2026-05-13,美的集团,000333,79.96,80.95,79.63,80.38,80.09,328497,2636662836.83,0.48,0.36
2026-05-12,美的集团,000333,80.66,81.17,79.73,80.09,80.67,357756,2875768678.51,0.52,-0.72
2026-05-11,美的集团,000333,80.14,82.45,79.58,80.67,80.4,436444,3540579382.26,0.64,0.34
2026-05-08,美的集团,000333,79.65,81.09,79.32,80.4,79.81,282423,2273797150.16,0.41,0.74
2026-05-07,美的集团,000333,80.0,80.98,79.77,79.81,80.44,372176,2988466108.94,0.54,-0.78
2026-05-06,美的集团,000333,79.7,80.88,79.15,80.44,81.1,360419,2885237850.33,0.53,-0.81
2026-04-30,美的集团,000333,81.0,82.15,80.61,81.1,81.31,354433,2889837730.04,0.52,-0.26
2026-04-29,美的集团,000333,80.55,81.94,80.45,81.31,80.45,331108,2684108095.61,0.48,1.07
2026-04-28,美的集团,000333,79.45,80.8,79.18,80.45,79.5,304729,2450034708.23,0.44,1.19
2026-04-27,美的集团,000333,79.24,80.15,79.01,79.5,79.66,258512,2060818397.14,0.38,-0.2
2026-04-24,美的集团,000333,79.56,80.2,79.46,79.66,79.85,217880,1740580503.26,0.32,-0.24
2026-04-23,美的集团,000333,79.29,80.15,78.73,79.85,79.3,299432,2388456633.05,0.44,0.69
2026-04-22,美的集团,000333,79.5,79.63,78.87,79.3,79.5,202782,1606990584.79,0.3,-0.25
2026-04-21,美的集团,000333,79.75,80.08,79.2,79.5,79.58,238793,1903225381.94,0.35,-0.1
2026-04-20,美的集团,000333,78.4,79.9,78.05,79.58,78.65,276700,2201771534.36,0.4,1.18
2026-04-17,美的集团,000333,78.18,79.25,77.84,78.65,77.9,277352,2181684922.93,0.4,0.96
2026-04-16,美的集团,000333,77.77,78.44,77.4,77.9,77.49,238078,1853913747.87,0.35,0.53
2026-04-15,美的集团,000333,76.55,77.88,76.2,77.49,76.55,318451,2461286852.72,0.46,1.23
2026-04-14,美的集团,000333,76.06,76.55,75.5,76.55,75.78,195782,1489302845.09,0.29,1.02
2026-04-13,美的集团,000333,76.03,76.47,75.58,75.78,76.41,182375,1384781817.96,0.27,-0.82
2026-04-10,美的集团,000333,76.52,76.74,76.06,76.41,76.52,258373,1971065631.96,0.38,-0.14
2026-04-09,美的集团,000333,76.4,77.02,75.9,76.52,76.73,235024,1796387350.5,0.34,-0.27
2026-04-08,美的集团,000333,76.95,77.25,76.35,76.73,76.12,286804,2200099878.86,0.42,0.8
2026-04-07,美的集团,000333,76.35,76.7,75.62,76.12,76.35,163826,1246113299.91,0.24,-0.3
2026-04-03,美的集团,000333,77.3,77.35,76.2,76.35,77.37,172773,1325461933.44,0.25,-1.32
2026-04-02,美的集团,000333,76.85,77.84,76.58,77.37,76.84,326318,2523387317.67,0.48,0.69
2026-04-01,美的集团,000333,76.5,77.4,76.34,76.84,76.35,273616,2100652577.87,0.4,0.64
2026-03-31,美的集团,000333,75.05,77.32,74.31,76.35,72.1,694915,5310077351.85,1.01,5.89
2026-03-30,美的集团,000333,73.35,74.0,71.77,72.1,74.78,456227,3304801589.87,0.67,-3.58
2026-03-27,美的集团,000333,72.9,74.95,72.8,74.78,74.32,319125,2367294086.52,0.47,0.62
2026-03-26,美的集团,000333,74.89,75.54,74.18,74.32,74.8,177085,1325335068.75,0.26,-0.64
2026-03-25,美的集团,000333,74.5,74.97,73.95,74.8,74.23,184964,1376467587.71,0.27,0.77
2026-03-24,美的集团,000333,73.73,74.42,72.8,74.23,73.37,267147,1968463614.88,0.39,1.17
2026-03-23,美的集团,000333,73.95,73.97,72.35,73.37,75.12,462008,3377621417.85,0.67,-2.33
2026-03-20,美的集团,000333,75.92,76.15,75.12,75.12,76.0,219126,1657477564.34,0.32,-1.16
2026-03-19,美的集团,000333,76.43,76.98,75.93,76.0,77.06,232729,1777663109.8,0.34,-1.38
2026-03-18,美的集团,000333,76.74,77.3,76.3,77.06,76.6,200716,1544837047.7,0.29,0.6
2026-03-17,美的集团,000333,76.98,77.6,76.6,76.6,76.64,214075,1649202285.18,0.31,-0.05
2026-03-16,美的集团,000333,76.52,76.88,75.68,76.64,76.86,205600,1570261576.61,0.3,-0.29
2026-03-13,美的集团,000333,76.95,77.46,76.65,76.86,77.4,187293,1443018565.54,0.27,-0.7
2026-03-12,美的集团,000333,77.3,77.75,76.93,77.4,77.39,193305,1493891519.44,0.28,0.01
2026-03-11,美的集团,000333,76.6,77.72,76.1,77.39,76.6,251358,1941618421.16,0.37,1.03
2026-03-10,美的集团,000333,75.75,76.84,75.75,76.6,75.41,209086,1598535439.8,0.31,1.58
2026-03-09,美的集团,000333,75.73,76.1,75.02,75.41,76.52,259478,1958550800.94,0.38,-1.45
2026-03-06,美的集团,000333,76.22,76.72,75.76,76.52,76.27,206629,1576695274.06,0.3,0.33
2026-03-05,美的集团,000333,76.6,76.99,76.12,76.27,76.16,196872,1505981137.06,0.29,0.14
2026-03-04,美的集团,000333,76.0,76.52,75.37,76.16,76.56,284934,2165428070.74,0.42,-0.52
2026-03-03,美的集团,000333,77.46,77.64,76.5,76.56,77.45,288000,2219134173.14,0.42,-1.15
2026-03-02,美的集团,000333,78.0,78.06,76.7,77.45,78.64,274786,2126756400.72,0.4,-1.51
2026-02-27,美的集团,000333,79.03,79.5,78.5,78.64,79.25,201604,1590463839.3,0.29,-0.77
2026-02-26,美的集团,000333,80.15,80.2,78.75,79.25,79.7,253271,2011764283.84,0.37,-0.56
2026-02-25,美的集团,000333,80.28,80.77,79.29,79.7,79.52,285524,2280423704.02,0.42,0.23
2026-02-24,美的集团,000333,80.2,80.6,79.52,79.52,79.05,252514,2020103221.13,0.37,0.59
2026-02-13,美的集团,000333,79.51,80.0,78.91,79.05,79.8,255102,2024367757.89,0.37,-0.94
2026-02-12,美的集团,000333,79.46,80.06,79.3,79.8,79.69,188784,1505278310.61,0.28,0.14
2026-02-11,美的集团,000333,80.0,80.21,79.6,79.69,80.19,198066,1581382077.16,0.29,-0.62
2026-02-10,美的集团,000333,79.21,80.28,78.88,80.19,79.16,306184,2442130413.45,0.45,1.3
2026-02-09,美的集团,000333,79.18,79.34,78.41,79.16,79.54,334670,2637206616.13,0.49,-0.48
2026-02-06,美的集团,000333,80.43,80.8,79.4,79.54,80.45,312566,2494058798.96,0.46,-1.13
2026-02-05,美的集团,000333,79.83,81.16,79.63,80.45,79.81,429198,3456314702.72,0.63,0.8
2026-02-04,美的集团,000333,78.1,79.88,78.01,79.81,77.91,389103,3080223022.78,0.57,2.44
2026-02-03,美的集团,000333,77.8,78.89,77.43,77.91,77.85,345037,2691523349.88,0.5,0.08
2026-02-02,美的集团,000333,77.6,78.48,77.0,77.85,77.59,345916,2696447814.44,0.51,0.34
2026-01-30,美的集团,000333,77.6,79.0,77.4,77.59,77.88,532508,4168550768.06,0.78,-0.37
2026-01-29,美的集团,000333,75.7,78.08,75.47,77.88,75.34,622441,4784027397.59,0.91,3.37
2026-01-28,美的集团,000333,76.09,76.36,75.0,75.34,76.1,628937,4759175491.81,0.92,-1.0
2026-01-27,美的集团,000333,76.4,77.1,75.92,76.1,76.35,325807,2493849776.65,0.48,-0.33
2026-01-26,美的集团,000333,76.8,77.87,76.02,76.35,76.78,473132,3631661682.12,0.69,-0.56
2026-01-23,美的集团,000333,77.57,77.79,76.71,76.78,77.49,373707,2879013288.11,0.55,-0.92
2026-01-22,美的集团,000333,78.25,78.26,77.37,77.49,77.78,344041,2673285096.07,0.5,-0.37
2026-01-21,美的集团,000333,78.96,78.96,77.55,77.78,79.0,368086,2881638097.79,0.54,-1.54
2026-01-20,美的集团,000333,77.66,79.37,77.2,79.0,77.62,455358,3580248040.95,0.66,1.78
2026-01-19,美的集团,000333,77.37,78.14,77.05,77.62,77.31,336374,2609235772.07,0.49,0.4
2026-01-16,美的集团,000333,77.25,77.85,77.15,77.31,77.22,371869,2882035810.58,0.54,0.12
2026-01-15,美的集团,000333,77.46,78.05,76.89,77.22,77.15,360314,2794124458.2,0.53,0.09
2026-01-14,美的集团,000333,76.2,77.63,75.91,77.15,76.2,539684,4151813691.05,0.79,1.25
2026-01-13,美的集团,000333,77.9,78.0,76.1,76.2,78.62,945712,7277543658.27,1.38,-3.08
2026-01-12,美的集团,000333,79.78,79.79,77.81,78.62,79.77,525014,4117420886.96,0.77,-1.44
2026-01-09,美的集团,000333,79.6,79.95,79.3,79.77,79.03,341081,2719435078.26,0.5,0.94
2026-01-08,美的集团,000333,79.37,79.48,78.31,79.03,79.37,312537,2464225428.8,0.46,-0.43
2026-01-07,美的集团,000333,78.99,79.58,78.06,79.37,78.84,401968,3173707530.52,0.59,0.67
2026-01-06,美的集团,000333,78.58,79.49,77.39,78.84,78.68,454525,3572813822.29,0.66,0.2
2026-01-05,美的集团,000333,80.04,80.5,78.25,78.68,78.15,442947,3501427582.29,0.65,0.68
2025-12-31,美的集团,000333,78.87,80.28,77.85,78.15,78.85,287758,2256598465.55,0.42,-0.89
2025-12-30,美的集团,000333,78.16,79.38,78.12,78.85,78.41,213622,1681118068.36,0.31,0.56
2025-12-29,美的集团,000333,78.79,79.72,78.25,78.41,78.87,256974,2026008965.17,0.38,-0.58
2025-12-26,美的集团,000333,78.59,79.07,78.55,78.87,78.59,214107,1688269459.89,0.31,0.36
2025-12-25,美的集团,000333,78.52,78.88,78.18,78.59,78.8,226758,1780124524.55,0.33,-0.27
2025-12-24,美的集团,000333,79.43,79.94,78.76,78.8,79.65,217047,1715476083.55,0.32,-1.07
2025-12-23,美的集团,000333,79.38,80.31,79.02,79.65,79.16,254680,2029842283.13,0.37,0.62
2025-12-22,美的集团,000333,79.3,79.79,78.9,79.16,79.45,245037,1941379877.41,0.36,-0.37
2025-12-19,美的集团,000333,79.85,79.9,78.8,79.45,79.83,278018,2205368623.68,0.41,-0.48
2025-12-18,美的集团,000333,80.27,80.61,79.51,79.83,80.47,214098,1710070019.19,0.31,-0.8
2025-12-17,美的集团,000333,79.71,80.92,79.38,80.47,79.96,230282,1850597015.67,0.33,0.64
2025-12-16,美的集团,000333,80.25,80.85,79.84,79.96,80.41,214231,1718619061.36,0.31,-0.56
2025-12-15,美的集团,000333,79.69,81.1,79.45,80.41,79.32,365547,2945959174.79,0.53,1.37
2025-12-12,美的集团,000333,79.35,79.98,79.2,79.32,79.3,328959,2615339990.39,0.47,0.03
2025-12-11,美的集团,000333,80.12,80.56,79.18,79.3,80.07,272945,2178536617.35,0.39,-0.96
2025-12-10,美的集团,000333,79.98,80.62,79.7,80.07,80.2,245720,1970629706.26,0.35,-0.16
2025-12-09,美的集团,000333,81.5,81.56,79.94,80.2,81.81,356479,2872571866.53,0.51,-1.97
2025-12-08,美的集团,000333,83.0,83.1,81.04,81.81,82.23,273365,2235419968.16,0.39,-0.51
2025-12-05,美的集团,000333,81.89,82.59,81.7,82.23,81.89,246165,2020996777.57,0.35,0.42
2025-12-04,美的集团,000333,82.13,83.17,81.77,81.89,82.17,289180,2377656054.22,0.42,-0.34
2025-12-03,美的集团,000333,81.55,82.88,81.26,82.17,81.56,368660,3038100688.7,0.53,0.75
2025-12-02,美的集团,000333,80.1,81.66,80.01,81.56,80.0,378049,3071966511.53,0.55,1.95
2025-12-01,美的集团,000333,79.8,80.2,79.17,80.0,79.86,303520,2419268736.44,0.44,0.18
2025-11-28,美的集团,000333,79.8,80.07,79.33,79.86,79.8,181267,1445017043.31,0.26,0.08
2025-11-27,美的集团,000333,79.6,80.73,78.95,79.8,79.8,316461,2524590682.3,0.46,0.0
2025-11-26,美的集团,000333,78.69,80.0,78.41,79.8,78.7,320728,2538706359.91,0.46,1.4
2025-11-25,美的集团,000333,78.99,79.0,77.61,78.7,78.56,291012,2280195508.5,0.42,0.18
2025-11-24,美的集团,000333,78.6,79.48,78.25,78.56,78.75,367739,2903024266.26,0.53,-0.24
2025-11-21,美的集团,000333,77.1,79.29,77.1,78.75,77.94,439495,3442968264.83,0.63,1.04
2025-11-20,美的集团,000333,77.5,78.88,77.03,77.94,77.4,261929,2050174662.8,0.38,0.7
2025-11-19,美的集团,000333,77.38,78.09,77.02,77.4,77.4,214415,1661622967.52,0.31,0.0
2025-11-18,美的集团,000333,78.29,78.66,77.0,77.4,77.93,235904,1833005279.67,0.34,-0.68
2025-11-17,美的集团,000333,78.74,78.9,77.42,77.93,78.74,261095,2050426784.02,0.38,-1.03
2025-11-14,美的集团,000333,79.01,79.93,78.56,78.74,79.11,273127,2181244560.27,0.39,-0.47
2025-11-13,美的集团,000333,78.71,79.51,78.2,79.11,79.0,333370,2639881173.73,0.48,0.14
2025-11-12,美的集团,000333,76.74,80.06,76.74,79.0,76.74,737847,5857421168.27,1.06,2.95
2025-11-11,美的集团,000333,76.84,76.9,76.19,76.74,76.84,227708,1755331383.55,0.33,-0.13
2025-11-10,美的集团,000333,75.77,77.06,75.46,76.84,75.71,391008,3010493958.58,0.56,1.49
2025-11-07,美的集团,000333,76.78,76.78,75.62,75.71,76.54,264420,2021807279.77,0.38,-1.08
2025-11-06,美的集团,000333,75.45,76.94,75.45,76.54,75.45,355111,2732619897.06,0.51,1.44
2025-11-05,美的集团,000333,74.51,75.9,73.81,75.45,74.67,266151,2015978787.06,0.38,1.04
2025-11-04,美的集团,000333,74.63,75.3,74.41,74.67,74.9,302606,2282008180.24,0.44,-0.31
2025-11-03,美的集团,000333,75.9,76.46,74.69,74.9,75.91,281970,2132026191.42,0.41,-1.33
2025-10-31,美的集团,000333,74.71,76.34,74.61,75.91,74.81,509742,3888018216.27,0.74,1.47
2025-10-30,美的集团,000333,74.01,75.61,74.01,74.81,73.91,499653,3777679276.17,0.72,1.22
2025-10-29,美的集团,000333,73.76,73.93,73.01,73.91,73.92,273587,2025139820.77,0.39,-0.01
2025-10-28,美的集团,000333,74.12,74.43,73.64,73.92,74.39,233658,1740011911.81,0.34,-0.63
2025-10-27,美的集团,000333,74.25,74.86,73.88,74.39,74.12,340553,2552508383.16,0.49,0.36
2025-10-24,美的集团,000333,74.4,74.51,73.97,74.12,74.4,244838,1829626026.28,0.35,-0.38
2025-10-23,美的集团,000333,73.31,74.46,73.19,74.4,73.39,347633,2588236880.97,0.5,1.38
2025-10-22,美的集团,000333,72.31,73.5,72.12,73.39,72.42,393298,2894112406.41,0.57,1.34
2025-10-21,美的集团,000333,72.41,72.77,72.09,72.42,72.38,283947,2070032730.89,0.41,0.06
2025-10-20,美的集团,000333,72.6,72.91,71.9,72.38,72.31,297557,2166679567.63,0.43,0.1
2025-10-17,美的集团,000333,72.21,73.1,72.15,72.31,72.69,276491,2017092908.0,0.4,-0.52
2025-10-16,美的集团,000333,72.71,73.2,72.03,72.69,72.43,346780,2535057433.02,0.5,0.36
2025-10-15,美的集团,000333,72.31,73.0,72.11,72.43,72.11,376333,2753955979.24,0.54,0.44
2025-10-14,美的集团,000333,71.51,72.66,71.2,72.11,71.32,519095,3767793738.65,0.75,1.11
2025-10-13,美的集团,000333,70.89,71.62,70.53,71.32,72.34,481605,3450611699.95,0.69,-1.41
2025-10-10,美的集团,000333,71.96,73.24,71.61,72.34,72.14,433305,3168138018.81,0.63,0.28
2025-10-09,美的集团,000333,71.86,72.48,70.89,72.14,72.17,615939,4446685218.42,0.89,-0.04
2025-09-30,美的集团,000333,73.21,73.22,72.06,72.17,73.24,506108,3690464285.46,0.73,-1.46
2025-09-29,美的集团,000333,73.94,74.06,72.56,73.24,73.71,465939,3431995413.21,0.67,-0.64
2025-09-26,美的集团,000333,72.55,74.21,72.4,73.71,72.35,476983,3524465565.68,0.69,1.88
2025-09-25,美的集团,000333,72.81,73.26,72.06,72.35,73.61,478607,3487388577.74,0.69,-1.71
2025-09-24,美的集团,000333,73.02,73.86,72.46,73.61,73.04,306285,2260146501.22,0.44,0.78
2025-09-23,美的集团,000333,72.76,73.16,72.23,73.04,72.77,421477,3082692694.88,0.61,0.37
2025-09-22,美的集团,000333,74.32,74.41,72.41,72.77,73.86,479740,3520814681.25,0.69,-1.48
2025-09-19,美的集团,000333,72.92,74.1,72.72,73.86,73.25,388478,2879645242.69,0.56,0.83
2025-09-18,美的集团,000333,74.11,74.86,72.7,73.25,73.86,600840,4452255640.86,0.87,-0.83
2025-09-17,美的集团,000333,73.92,74.94,73.68,73.86,73.97,577227,4303710294.28,0.83,-0.15
2025-09-16,美的集团,000333,74.64,74.71,73.56,73.97,74.68,456028,3396155195.72,0.66,-0.95
2025-09-15,美的集团,000333,74.71,75.46,74.01,74.68,75.08,480680,3614905665.72,0.69,-0.53
2025-09-12,美的集团,000333,76.46,77.2,74.92,75.08,76.53,591171,4507931248.72,0.85,-1.89
2025-09-11,美的集团,000333,76.41,76.78,75.41,76.53,76.53,459605,3515566425.2,0.66,0.0
2025-09-10,美的集团,000333,76.51,76.78,75.91,76.53,76.69,271542,2087580321.39,0.39,-0.21
2025-09-09,美的集团,000333,76.53,77.11,75.86,76.69,76.54,383150,2947171766.61,0.55,0.2
2025-09-08,美的集团,000333,76.18,77.59,76.01,76.54,75.73,550294,4245832273.75,0.79,1.07
2025-09-05,美的集团,000333,75.32,76.2,74.95,75.73,75.1,464252,3530971109.13,0.67,0.84
2025-09-04,美的集团,000333,75.49,75.51,73.93,75.1,75.13,443539,3328858300.19,0.64,-0.04
2025-09-03,美的集团,000333,76.06,76.65,74.46,75.13,75.67,504881,3826685199.74,0.73,-0.71
2025-09-02,美的集团,000333,73.72,75.91,73.5,75.67,73.54,805909,6106472167.21,1.16,2.9
2025-09-01,美的集团,000333,74.51,75.35,73.03,73.54,73.22,776259,5792738593.77,1.12,0.44
2025-08-29,美的集团,000333,73.01,74.35,72.9,73.22,73.01,567669,4210933505.49,0.82,0.29
2025-08-28,美的集团,000333,72.22,73.48,72.02,73.01,72.22,432987,3171280840.48,0.63,1.09
2025-08-27,美的集团,000333,73.4,74.06,72.2,72.22,73.31,488419,3605612809.64,0.71,-1.49
2025-08-26,美的集团,000333,73.03,73.79,72.82,73.31,73.03,462938,3417986335.79,0.67,0.38
2025-08-25,美的集团,000333,71.63,73.36,71.63,73.03,71.6,700234,5110086585.81,1.01,2.0
2025-08-22,美的集团,000333,71.48,71.7,71.16,71.6,71.43,391389,2814332706.15,0.57,0.24
2025-08-21,美的集团,000333,71.6,72.01,71.17,71.43,71.73,338014,2436115382.33,0.49,-0.42
2025-08-20,美的集团,000333,71.72,71.83,71.02,71.73,72.19,403770,2901846346.32,0.58,-0.64
2025-08-19,美的集团,000333,72.71,73.14,71.71,72.19,71.35,537603,3916336802.01,0.78,1.18
2025-08-18,美的集团,000333,71.82,72.07,71.12,71.35,71.81,542998,3906936963.36,0.78,-0.64
2025-08-15,美的集团,000333,71.84,71.91,71.32,71.81,71.84,274700,1980637245.33,0.4,-0.04
2025-08-14,美的集团,000333,71.31,72.56,71.23,71.84,71.33,455149,3301054397.69,0.66,0.71
2025-08-13,美的集团,000333,71.49,71.8,71.11,71.33,71.44,253847,1827058280.08,0.37,-0.15
2025-08-12,美的集团,000333,71.26,71.95,71.11,71.44,71.27,240476,1734351323.75,0.35,0.24
2025-08-11,美的集团,000333,70.81,71.33,70.7,71.27,71.09,179124,1282650770.44,0.26,0.25
2025-08-08,美的集团,000333,70.91,71.34,70.8,71.09,70.99,201184,1439938213.2,0.29,0.14
2025-08-07,美的集团,000333,71.02,71.44,70.72,70.99,71.21,203616,1456650768.74,0.29,-0.31
2025-08-06,美的集团,000333,70.89,71.29,70.5,71.21,70.89,221358,1583549583.57,0.32,0.45
2025-08-05,美的集团,000333,70.62,71.02,70.19,70.89,70.45,191748,1365340860.17,0.28,0.62
2025-08-04,美的集团,000333,70.06,70.51,69.71,70.45,70.3,197766,1398398727.73,0.29,0.21
2025-08-01,美的集团,000333,69.71,70.48,69.61,70.3,69.7,286447,2019147913.12,0.41,0.86
2025-07-31,美的集团,000333,71.51,71.53,69.39,69.7,71.62,694777,4895784249.94,1.0,-2.68
2025-07-30,美的集团,000333,71.0,72.25,70.71,71.62,70.75,411325,2964849147.83,0.59,1.23
2025-07-29,美的集团,000333,71.45,71.58,70.53,70.75,71.45,398369,2843589787.88,0.58,-0.98
2025-07-28,美的集团,000333,72.33,72.43,71.31,71.45,72.27,377736,2725637108.08,0.55,-1.13
2025-07-25,美的集团,000333,72.91,72.91,72.06,72.27,73.02,244562,1780421843.03,0.35,-1.03
2025-07-24,美的集团,000333,73.21,73.46,72.6,73.02,73.01,290699,2134051794.14,0.42,0.01
2025-07-23,美的集团,000333,72.71,73.36,72.69,73.01,72.7,369872,2718700800.45,0.53,0.43
2025-07-22,美的集团,000333,72.09,72.73,71.77,72.7,72.06,357204,2602924270.54,0.52,0.89
2025-07-21,美的集团,000333,72.12,72.47,71.91,72.06,72.34,308971,2244011062.83,0.45,-0.39
2025-07-18,美的集团,000333,72.38,72.79,72.03,72.34,72.14,219512,1596482224.04,0.32,0.28
2025-07-17,美的集团,000333,72.26,72.94,72.11,72.14,72.4,247300,1804135156.62,0.36,-0.36
2025-07-16,美的集团,000333,72.98,73.6,72.31,72.4,72.72,206888,1514278423.78,0.3,-0.44
2025-07-15,美的集团,000333,72.62,73.01,72.32,72.72,72.61,249010,1821265542.84,0.36,0.15
2025-07-14,美的集团,000333,71.98,72.72,71.49,72.61,71.99,233739,1702246964.0,0.34,0.86
2025-07-11,美的集团,000333,71.25,72.31,71.2,71.99,71.19,320554,2324470997.69,0.46,1.12
2025-07-10,美的集团,000333,71.35,71.48,70.84,71.19,71.31,231514,1656983409.34,0.34,-0.17
2025-07-09,美的集团,000333,71.58,71.86,71.31,71.31,71.73,272053,1958489419.85,0.39,-0.59
2025-07-08,美的集团,000333,72.06,72.21,71.58,71.73,72.06,256867,1856483046.79,0.37,-0.46
2025-07-07,美的集团,000333,72.71,72.96,71.84,72.06,72.99,215453,1567324871.4,0.31,-1.27
2025-07-04,美的集团,000333,72.39,73.35,72.11,72.99,72.4,211462,1548790546.51,0.31,0.81
2025-07-03,美的集团,000333,72.3,72.46,71.85,72.4,72.01,179369,1304399831.27,0.26,0.54
2025-07-02,美的集团,000333,71.62,72.61,71.32,72.01,71.62,266155,1929453681.19,0.39,0.54
2025-07-01,美的集团,000333,71.79,71.86,71.31,71.62,71.71,186252,1341760454.94,0.27,-0.13
2025-06-30,美的集团,000333,71.76,72.09,71.49,71.71,71.79,193023,1394828332.73,0.28,-0.11
2025-06-27,美的集团,000333,72.57,72.7,71.73,71.79,72.61,223640,1623349471.55,0.32,-1.13
2025-06-26,美的集团,000333,72.51,73.1,72.26,72.61,72.69,226726,1658102064.58,0.33,-0.11
2025-06-25,美的集团,000333,72.31,72.84,71.81,72.69,72.31,243275,1772058945.75,0.35,0.53
2025-06-24,美的集团,000333,71.61,72.85,71.51,72.31,71.23,270501,1971805636.09,0.39,1.52
2025-06-23,美的集团,000333,71.51,71.84,70.97,71.23,71.89,210545,1510951196.45,0.3,-0.92
2025-06-20,美的集团,000333,70.86,71.89,70.77,71.89,70.84,229864,1655767156.06,0.33,1.48
2025-06-19,美的集团,000333,71.71,71.92,70.64,70.84,71.61,211253,1512893147.78,0.31,-1.08
2025-06-18,美的集团,000333,71.7,72.15,71.53,71.61,71.57,175288,1265648158.88,0.25,0.06
2025-06-17,美的集团,000333,71.31,72.59,71.31,71.57,70.77,326395,2362020250.18,0.47,1.13
2025-06-16,美的集团,000333,71.11,71.31,70.36,70.77,70.99,250205,1784037773.89,0.36,-0.31
2025-06-13,美的集团,000333,71.11,71.67,70.51,70.99,71.71,300452,2148718105.13,0.43,-1.0
2025-06-12,美的集团,000333,72.02,72.19,71.04,71.71,71.52,347029,2510413457.64,0.5,0.27
2025-06-11,美的集团,000333,71.23,71.83,70.86,71.52,71.08,263083,1986827773.76,0.38,0.62
2025-06-10,美的集团,000333,71.66,72.53,71.08,71.08,71.43,321074,2433498302.1,0.46,-0.49
2025-06-09,美的集团,000333,71.28,71.61,70.1,71.43,71.73,466956,3500234347.93,0.68,-0.42
2025-06-06,美的集团,000333,71.4,71.86,71.13,71.73,71.28,275559,2081019011.11,0.4,0.63
2025-06-05,美的集团,000333,71.47,71.93,71.08,71.28,71.59,235803,1776718062.87,0.34,-0.43
2025-06-04,美的集团,000333,71.81,72.61,71.53,71.59,71.94,367554,2790934593.46,0.53,-0.49
2025-06-03,美的集团,000333,75.08,75.08,71.7,71.94,75.09,561908,4293054876.96,0.81,-4.19
2025-05-30,美的集团,000333,74.77,75.54,74.33,75.09,75.01,215733,1703126097.38,0.31,0.11
2025-05-29,美的集团,000333,75.1,75.52,74.39,75.01,75.35,251677,1988440748.21,0.36,-0.45
2025-05-28,美的集团,000333,75.01,76.13,74.73,75.35,74.51,240449,1911343091.95,0.35,1.13
2025-05-27,美的集团,000333,74.23,74.92,74.05,74.51,74.3,206449,1620472096.75,0.3,0.28
2025-05-26,美的集团,000333,74.75,75.22,73.64,74.3,74.92,241689,1893696279.01,0.35,-0.83
2025-05-23,美的集团,000333,75.39,76.51,74.75,74.92,75.39,299746,2385953117.72,0.43,-0.62
2025-05-22,美的集团,000333,74.76,75.59,74.34,75.39,74.83,234034,1850376659.39,0.34,0.75
2025-05-21,美的集团,000333,74.53,75.47,74.5,74.83,74.7,205438,1619842976.4,0.3,0.17
2025-05-20,美的集团,000333,73.56,75.13,73.51,74.7,73.61,277995,2184604654.84,0.4,1.48
2025-05-19,美的集团,000333,72.47,73.75,72.32,73.61,72.63,263086,2031022753.95,0.38,1.35
2025-05-16,美的集团,000333,72.24,72.87,71.6,72.63,72.53,238660,1819974355.58,0.35,0.14
2025-05-15,美的集团,000333,72.69,73.1,72.35,72.53,73.12,204902,1571335905.53,0.3,-0.81
2025-05-14,美的集团,000333,72.93,73.58,72.16,73.12,73.14,292496,2248759305.82,0.42,-0.03
2025-05-13,美的集团,000333,73.03,73.23,72.47,73.14,72.61,255278,1963341232.61,0.37,0.73
2025-05-12,美的集团,000333,72.13,72.77,71.93,72.61,71.83,272239,2078979154.03,0.39,1.09
2025-05-09,美的集团,000333,71.02,72.06,70.74,71.83,71.03,245639,1861536387.72,0.36,1.13
2025-05-08,美的集团,000333,70.38,71.67,69.91,71.03,70.39,277076,2081094568.81,0.4,0.91
2025-05-07,美的集团,000333,70.8,71.21,70.03,70.39,70.08,300281,2239595605.11,0.44,0.44
2025-05-06,美的集团,000333,70.26,70.41,69.13,70.08,69.65,346412,2556249632.39,0.5,0.62
2025-04-30,美的集团,000333,71.03,71.15,69.48,69.65,70.23,478100,3548715614.68,0.69,-0.83
2025-04-29,美的集团,000333,69.29,70.4,68.89,70.23,69.26,234974,1733740167.94,0.34,1.4
2025-04-28,美的集团,000333,69.42,69.61,68.83,69.26,68.78,239660,1755320152.2,0.35,0.7
2025-04-25,美的集团,000333,68.98,69.03,68.41,68.78,68.98,170972,1244078507.67,0.25,-0.29
2025-04-24,美的集团,000333,68.43,69.22,67.99,68.98,67.88,231808,1684714693.45,0.34,1.62
2025-04-23,美的集团,000333,68.13,68.45,67.83,67.88,67.75,225869,1627423196.76,0.33,0.19
2025-04-22,美的集团,000333,67.33,68.26,67.24,67.75,67.42,226155,1626765493.26,0.33,0.49
2025-04-21,美的集团,000333,66.81,67.64,66.53,67.42,66.95,177514,1262930781.77,0.26,0.7
2025-04-18,美的集团,000333,66.98,67.36,66.5,66.95,66.98,154484,1094653675.89,0.22,-0.04
2025-04-17,美的集团,000333,66.77,67.2,66.37,66.98,67.03,195913,1388823325.31,0.28,-0.07
2025-04-16,美的集团,000333,67.22,67.51,66.4,67.03,67.51,266729,1890971340.38,0.39,-0.71
2025-04-15,美的集团,000333,66.13,67.86,65.72,67.51,65.95,343667,2441442777.27,0.5,2.37
2025-04-14,美的集团,000333,66.75,66.93,65.74,65.95,66.52,348835,2447104070.35,0.51,-0.86
2025-04-11,美的集团,000333,66.55,66.77,65.66,66.52,67.12,295626,2075657472.18,0.43,-0.89
2025-04-10,美的集团,000333,66.63,67.62,66.16,67.12,65.7,450849,3199356699.56,0.65,2.16
2025-04-09,美的集团,000333,65.22,66.53,64.45,65.7,66.26,578840,4027838482.32,0.84,-0.85
2025-04-08,美的集团,000333,64.03,66.53,63.82,66.26,63.21,744733,5151771417.98,1.08,4.83
2025-04-07,美的集团,000333,64.25,65.5,62.05,63.21,69.39,880897,5986991841.18,1.28,-8.91
2025-04-03,美的集团,000333,70.63,70.86,69.18,69.39,71.99,565989,4179850012.12,0.82,-3.61
2025-04-02,美的集团,000333,71.38,72.82,71.22,71.99,71.42,268536,2036925144.22,0.39,0.8
2025-04-01,美的集团,000333,74.13,74.81,71.23,71.42,74.53,551817,4204786522.69,0.8,-4.17
2025-03-31,美的集团,000333,72.93,76.53,72.93,74.53,72.9,689684,5458996643.24,1.0,2.24
2025-03-28,美的集团,000333,72.24,73.21,71.71,72.9,72.53,249114,1909917933.77,0.36,0.51
2025-03-27,美的集团,000333,72.82,73.53,72.35,72.53,72.82,257215,1974042919.39,0.37,-0.4
2025-03-26,美的集团,000333,72.5,73.43,71.9,72.82,72.89,237069,1814277210.53,0.34,-0.1
2025-03-25,美的集团,000333,72.84,73.53,72.4,72.89,72.09,324186,2493718323.27,0.47,1.11
2025-03-24,美的集团,000333,70.91,72.53,70.85,72.09,71.31,387348,2945134162.1,0.56,1.09
2025-03-21,美的集团,000333,70.8,72.46,70.8,71.31,71.2,384528,2903191224.54,0.56,0.15
2025-03-20,美的集团,000333,72.43,72.88,71.13,71.2,72.54,585693,4434498828.15,0.85,-1.85
2025-03-19,美的集团,000333,73.26,73.97,71.06,72.54,71.01,1066261,8164296254.97,1.55,2.15
2025-03-18,美的集团,000333,68.03,72.13,67.64,71.01,67.91,779314,5762238289.97,1.13,4.56
2025-03-17,美的集团,000333,68.55,68.55,67.63,67.91,67.9,347333,2497780791.3,0.5,0.01
2025-03-14,美的集团,000333,66.06,68.13,65.85,67.9,66.04,425450,3036261982.23,0.62,2.82
2025-03-13,美的集团,000333,66.04,66.68,65.84,66.04,66.13,252622,1774959974.29,0.37,-0.14
2025-03-12,美的集团,000333,67.01,67.01,66.13,66.13,66.96,301301,2117631624.15,0.44,-1.24
2025-03-11,美的集团,000333,66.53,67.47,66.33,66.96,67.1,252825,1788427242.08,0.37,-0.21
2025-03-10,美的集团,000333,66.84,67.29,66.54,67.1,66.82,273440,1937259285.9,0.4,0.42
2025-03-07,美的集团,000333,67.15,67.27,66.29,66.82,67.17,314827,2228492957.35,0.46,-0.52
2025-03-06,美的集团,000333,67.94,68.0,66.45,67.17,67.78,402399,2857881527.7,0.58,-0.9
2025-03-05,美的集团,000333,67.93,68.18,67.23,67.78,68.0,286186,2050696435.84,0.42,-0.32
2025-03-04,美的集团,000333,67.31,68.5,67.31,68.0,67.03,300420,2159097771.55,0.44,1.45
2025-03-03,美的集团,000333,68.73,69.02,66.88,67.03,69.08,405918,2908667198.72,0.59,-2.97
2025-02-28,美的集团,000333,68.78,69.53,68.13,69.08,68.51,506479,3702978855.62,0.73,0.83
2025-02-27,美的集团,000333,67.03,68.74,66.66,68.51,66.15,652482,4700242778.05,0.95,3.57
2025-02-26,美的集团,000333,64.74,66.19,64.73,66.15,65.06,404124,2820753653.57,0.59,1.68
2025-02-25,美的集团,000333,66.53,66.7,65.01,65.06,66.92,565999,3932087507.75,0.82,-2.78
2025-02-24,美的集团,000333,66.68,67.53,66.31,66.92,66.62,469377,3326317437.18,0.68,0.45
2025-02-21,美的集团,000333,67.05,67.26,66.23,66.62,67.26,553390,3903770927.18,0.8,-0.95
2025-02-20,美的集团,000333,67.44,67.74,67.09,67.26,67.48,314202,2241810156.65,0.46,-0.33
2025-02-19,美的集团,000333,67.33,68.0,67.03,67.48,67.93,337150,2408852125.2,0.49,-0.66
2025-02-18,美的集团,000333,68.02,68.68,67.56,67.93,68.07,293465,2117878259.04,0.43,-0.21
2025-02-17,美的集团,000333,68.28,68.5,67.28,68.07,68.52,402358,2886662764.15,0.58,-0.66
2025-02-14,美的集团,000333,68.15,68.72,67.93,68.52,68.17,234351,1697819619.06,0.34,0.51
2025-02-13,美的集团,000333,69.03,69.42,68.16,68.17,69.31,410664,2979276852.25,0.6,-1.64
2025-02-12,美的集团,000333,69.49,69.62,68.71,69.31,69.73,228073,1667138729.9,0.33,-0.6
2025-02-11,美的集团,000333,69.47,69.89,68.64,69.73,69.04,300440,2200715457.01,0.44,1.0
2025-02-10,美的集团,000333,69.35,69.36,68.53,69.04,69.47,318650,2324957366.49,0.46,-0.62
2025-02-07,美的集团,000333,68.43,69.47,67.7,69.47,68.3,355350,2588044042.96,0.52,1.71
2025-02-06,美的集团,000333,68.21,68.59,67.46,68.3,68.24,285675,2058313210.61,0.41,0.09
2025-02-05,美的集团,000333,69.43,69.72,67.71,68.24,69.91,363511,2623254186.08,0.53,-2.39
2025-01-27,美的集团,000333,68.89,70.33,68.65,69.91,68.85,280115,2066038990.79,0.41,1.54
2025-01-24,美的集团,000333,69.04,69.67,68.58,68.85,69.44,304861,2224547325.17,0.44,-0.85
2025-01-23,美的集团,000333,69.43,69.95,68.43,69.44,69.03,270087,1981526548.36,0.39,0.59
2025-01-22,美的集团,000333,70.41,70.41,68.31,69.03,70.43,322180,2351219471.25,0.47,-1.99
2025-01-21,美的集团,000333,71.29,71.32,70.25,70.43,70.92,162863,1217315661.97,0.24,-0.69
2025-01-20,美的集团,000333,71.13,72.77,70.91,70.92,70.38,296993,2245932515.69,0.43,0.77
2025-01-17,美的集团,000333,70.11,70.9,69.66,70.38,70.12,159288,1184446628.53,0.23,0.37
2025-01-16,美的集团,000333,70.02,71.48,69.93,70.12,69.85,262330,1953070087.89,0.38,0.39
2025-01-15,美的集团,000333,70.67,71.8,69.63,69.85,70.65,256635,1910565918.3,0.37,-1.13
2025-01-14,美的集团,000333,70.33,71.38,69.46,70.65,70.33,288584,2150563704.45,0.42,0.45
2025-01-13,美的集团,000333,71.64,72.05,69.96,70.33,72.4,255846,1911136128.99,0.37,-2.86
2025-01-10,美的集团,000333,74.76,74.92,72.4,72.4,74.76,271096,2093133228.5,0.39,-3.16
2025-01-09,美的集团,000333,73.73,75.03,73.23,74.76,73.61,345987,2715146336.35,0.5,1.56
2025-01-08,美的集团,000333,71.54,73.69,71.46,73.61,71.96,406930,3129132561.5,0.59,2.29
2025-01-07,美的集团,000333,71.03,72.79,70.53,71.96,71.41,251785,1913943075.71,0.37,0.77
2025-01-06,美的集团,000333,70.71,72.31,70.31,71.41,70.72,306810,2308954916.0,0.45,0.98
2025-01-03,美的集团,000333,71.03,72.09,69.93,70.72,71.35,296422,2225340635.61,0.43,-0.88
2025-01-02,美的集团,000333,71.43,73.23,71.03,71.35,71.25,413671,3143071622.15,0.6,0.14
2024-12-31,美的集团,000333,71.13,72.08,70.72,71.25,71.35,307660,2324365540.7,0.45,-0.14
2024-12-30,美的集团,000333,71.03,72.21,70.95,71.35,71.45,221827,1676164968.7,0.32,-0.14
2024-12-27,美的集团,000333,72.01,72.08,70.83,71.45,72.01,198421,1493951285.98,0.29,-0.78
2024-12-26,美的集团,000333,71.29,72.27,70.68,72.01,71.57,242143,1829497500.46,0.35,0.61
2024-12-25,美的集团,000333,72.33,72.63,71.07,71.57,72.28,227339,1719267175.72,0.33,-0.98
2024-12-24,美的集团,000333,70.43,72.41,70.43,72.28,70.64,344141,2606513925.53,0.5,2.32
2024-12-23,美的集团,000333,70.03,71.28,69.98,70.64,70.03,226029,1689849270.18,0.33,0.87
2024-12-20,美的集团,000333,70.46,70.82,69.69,70.03,70.47,209397,1552494957.15,0.3,-0.62
2024-12-19,美的集团,000333,69.89,71.26,69.27,70.47,70.13,253553,1893593091.94,0.37,0.48
2024-12-18,美的集团,000333,69.69,70.61,69.61,70.13,69.7,225785,1675256402.93,0.33,0.62
2024-12-17,美的集团,000333,69.23,70.71,68.84,69.7,69.25,278873,2058385954.76,0.4,0.65
2024-12-16,美的集团,000333,70.13,70.48,68.68,69.25,70.03,280471,2054964896.14,0.41,-1.11
2024-12-13,美的集团,000333,71.23,71.26,69.36,70.03,71.59,370633,2744782532.14,0.54,-2.18
2024-12-12,美的集团,000333,71.23,71.78,70.4,71.59,71.13,286398,2153602253.55,0.42,0.65
2024-12-11,美的集团,000333,69.73,71.36,69.63,71.13,69.87,335434,2512587262.97,0.49,1.8
2024-12-10,美的集团,000333,72.54,72.69,69.82,69.87,69.16,555133,4164810150.88,0.81,1.03
2024-12-09,美的集团,000333,68.04,69.91,67.34,69.16,68.88,413219,3017126124.02,0.6,0.41
2024-12-06,美的集团,000333,67.81,69.16,67.54,68.88,67.75,456778,3318584661.91,0.66,1.67
2024-12-05,美的集团,000333,67.63,68.91,67.45,67.75,67.52,367645,2647263413.02,0.53,0.34
2024-12-04,美的集团,000333,65.91,68.02,65.63,67.52,65.88,531955,3779094533.98,0.77,2.49
2024-12-03,美的集团,000333,66.03,66.03,65.43,65.88,66.11,313174,2181594388.43,0.45,-0.35
2024-12-02,美的集团,000333,66.18,66.56,65.26,66.11,66.16,357906,2500096040.21,0.52,-0.08
2024-11-29,美的集团,000333,65.71,66.8,65.58,66.16,66.22,277501,1951115163.8,0.4,-0.09
2024-11-28,美的集团,000333,68.03,68.03,65.79,66.22,67.35,323290,2275593420.15,0.47,-1.68
2024-11-27,美的集团,000333,66.35,67.53,65.77,67.35,66.63,264825,1875798199.28,0.38,1.08
2024-11-26,美的集团,000333,66.14,67.23,65.38,66.63,66.42,274188,1932586725.12,0.4,0.32
2024-11-25,美的集团,000333,66.14,68.41,66.14,66.42,66.42,385868,2737579008.59,0.56,0.0
2024-11-22,美的集团,000333,66.86,68.85,66.25,66.42,66.87,388458,2781161792.35,0.56,-0.67
2024-11-21,美的集团,000333,67.4,67.42,66.58,66.87,67.46,216528,1534662636.12,0.31,-0.87
2024-11-20,美的集团,000333,67.41,67.68,66.77,67.46,67.34,226371,1610809493.06,0.33,0.18
2024-11-19,美的集团,000333,67.08,67.78,66.73,67.34,67.08,226652,1614053712.02,0.33,0.39
2024-11-18,美的集团,000333,68.2,69.01,66.86,67.08,68.28,319386,2292938836.9,0.46,-1.76
2024-11-15,美的集团,000333,69.18,70.14,67.88,68.28,69.67,342825,2496870646.85,0.5,-2.0
2024-11-14,美的集团,000333,69.51,70.92,68.36,69.67,69.43,408435,3020822981.14,0.59,0.35
2024-11-13,美的集团,000333,68.51,70.33,68.49,69.43,68.42,458417,3373337470.71,0.67,1.48
2024-11-12,美的集团,000333,67.94,70.92,67.82,68.42,67.63,575477,4231304808.85,0.84,1.17
2024-11-11,美的集团,000333,67.26,67.87,66.85,67.63,68.61,442079,3153791633.71,0.64,-1.43
2024-11-08,美的集团,000333,68.69,69.79,67.13,68.61,68.13,593374,4283549293.36,0.86,0.7
2024-11-07,美的集团,000333,66.38,68.13,65.92,68.13,67.2,547746,3895318880.85,0.8,1.38
2024-11-06,美的集团,000333,69.17,69.17,67.0,67.2,69.16,525931,3768679119.04,0.76,-2.83
2024-11-05,美的集团,000333,68.53,69.51,67.24,69.16,68.87,416967,3027068197.26,0.61,0.42
2024-11-04,美的集团,000333,68.17,69.4,67.73,68.87,68.28,232316,1680407655.69,0.34,0.86
2024-11-01,美的集团,000333,67.47,69.03,66.41,68.28,67.45,416515,3009423819.46,0.6,1.23
2024-10-31,美的集团,000333,69.0,69.72,67.13,67.45,68.78,500469,3595551676.88,0.73,-1.93
2024-10-30,美的集团,000333,69.73,70.38,68.15,68.78,70.1,404137,2939634795.63,0.59,-1.88
2024-10-29,美的集团,000333,70.64,71.53,69.83,70.1,70.9,297272,2214621305.67,0.43,-1.13
2024-10-28,美的集团,000333,71.52,71.61,70.04,70.9,71.3,280591,2091524793.84,0.41,-0.56
2024-10-25,美的集团,000333,71.45,71.89,70.8,71.3,71.67,210573,1583775153.44,0.31,-0.52
2024-10-24,美的集团,000333,72.14,72.49,71.33,71.67,72.41,171087,1296926991.93,0.25,-1.02
2024-10-23,美的集团,000333,72.63,73.81,72.03,72.41,72.53,268313,2053544727.99,0.39,-0.17
2024-10-22,美的集团,000333,70.38,72.99,70.17,72.53,70.11,404060,3073890030.71,0.59,3.45
2024-10-21,美的集团,000333,71.38,72.01,69.31,70.11,71.04,343229,2547898012.75,0.5,-1.31
2024-10-18,美的集团,000333,69.11,72.23,68.68,71.04,69.11,427851,3180240269.81,0.62,2.79
2024-10-17,美的集团,000333,71.27,71.56,68.93,69.11,71.27,394376,2920853670.08,0.57,-3.03
2024-10-16,美的集团,000333,70.73,71.53,69.76,71.27,72.03,342829,2559503194.01,0.5,-1.06
2024-10-15,美的集团,000333,75.03,75.03,72.03,72.03,75.03,375833,2905639305.57,0.55,-4.0
2024-10-14,美的集团,000333,73.06,75.32,72.63,75.03,72.8,462828,3620244781.88,0.67,3.06
2024-10-11,美的集团,000333,74.03,74.26,71.93,72.8,74.33,380602,2930030641.54,0.55,-2.06
2024-10-10,美的集团,000333,71.98,75.41,71.9,74.33,71.04,673034,5259062088.47,0.98,4.63
2024-10-09,美的集团,000333,74.43,75.35,70.05,71.04,76.22,895501,6896386875.18,1.3,-6.8
2024-10-08,美的集团,000333,79.7,79.7,74.76,76.22,72.09,1352393,11050056032.18,1.97,5.73
2024-09-30,美的集团,000333,69.19,72.93,68.06,72.09,69.03,1251665,9344041944.34,1.82,4.43
2024-09-27,美的集团,000333,70.78,72.43,67.18,69.03,69.59,857448,6253333702.45,1.25,-0.8
2024-09-26,美的集团,000333,66.03,69.71,65.82,69.59,66.14,501342,3592524657.67,0.73,5.22
2024-09-25,美的集团,000333,64.24,67.53,64.24,66.14,64.07,627661,4428074584.01,0.91,3.23
2024-09-24,美的集团,000333,63.63,64.28,62.23,64.07,63.63,500902,3378454556.7,0.73,0.69
2024-09-23,美的集团,000333,62.49,63.92,62.23,63.63,62.09,391621,2643088027.57,0.57,2.48
2024-09-20,美的集团,000333,60.94,62.33,60.79,62.09,61.31,398013,2608979308.88,0.58,1.27
2024-09-19,美的集团,000333,58.33,61.76,58.33,61.31,61.28,476115,3085181571.34,0.69,0.05
2024-09-18,美的集团,000333,59.65,61.74,59.43,61.28,59.54,295026,1915513518.34,0.43,2.92
2024-09-13,美的集团,000333,58.08,59.81,57.62,59.54,58.4,321490,2037679478.15,0.47,1.95
2024-09-12,美的集团,000333,57.83,58.88,57.69,58.4,57.69,276169,1719561913.22,0.4,1.23
2024-09-11,美的集团,000333,56.55,58.11,55.73,57.69,56.78,419218,2572399327.67,0.61,1.6
2024-09-10,美的集团,000333,56.51,57.67,56.51,56.78,57.12,401110,2451075854.19,0.58,-0.6
2024-09-09,美的集团,000333,57.38,58.23,56.71,57.12,59.05,548406,3359451099.87,0.8,-3.27
2024-09-06,美的集团,000333,59.63,60.58,58.93,59.05,59.62,233202,1480652836.88,0.34,-0.96
2024-09-05,美的集团,000333,60.98,61.43,59.51,59.62,61.51,432123,2763225151.25,0.63,-3.07
2024-09-04,美的集团,000333,61.89,62.73,61.39,61.51,62.0,274996,1814975103.89,0.4,-0.79
2024-09-03,美的集团,000333,61.04,62.51,61.03,62.0,61.26,242379,1599193263.61,0.35,1.21
2024-09-02,美的集团,000333,60.53,62.55,60.47,61.26,60.78,260759,1706301995.39,0.38,0.79
2024-08-30,美的集团,000333,59.51,61.84,59.41,60.78,59.98,333863,2160911497.6,0.49,1.33
2024-08-29,美的集团,000333,60.45,61.34,59.98,59.98,60.96,232856,1500197087.68,0.34,-1.61
2024-08-28,美的集团,000333,62.01,62.18,60.6,60.96,62.02,265430,1726057217.45,0.39,-1.71
2024-08-27,美的集团,000333,62.03,62.51,61.52,62.02,62.35,241138,1590912374.36,0.35,-0.53
2024-08-26,美的集团,000333,61.97,62.68,60.93,62.35,61.49,339582,2241141518.03,0.49,1.4
2024-08-23,美的集团,000333,60.03,61.99,59.91,61.49,60.12,290471,1895805009.03,0.42,2.28
2024-08-22,美的集团,000333,59.16,60.52,58.75,60.12,59.19,249787,1597113182.76,0.36,1.57
2024-08-21,美的集团,000333,58.74,59.73,58.36,59.19,59.05,211871,1337959064.9,0.31,0.24
2024-08-20,美的集团,000333,59.51,59.52,57.79,59.05,58.39,257810,1623775566.71,0.38,1.13
2024-08-19,美的集团,000333,57.72,59.18,57.7,58.39,57.77,172753,1075574307.68,0.25,1.07
2024-08-16,美的集团,000333,56.84,57.93,56.7,57.77,57.03,180670,1112521867.42,0.26,1.3
2024-08-15,美的集团,000333,56.73,57.38,56.32,57.03,56.93,191633,1166672167.23,0.28,0.18
2024-08-14,美的集团,000333,57.39,57.52,56.63,56.93,57.39,112278,685993302.42,0.16,-0.8
2024-08-13,美的集团,000333,57.41,58.14,56.95,57.39,57.41,98351,602892300.35,0.14,-0.03
2024-08-12,美的集团,000333,56.53,58.17,56.34,57.41,56.53,169492,1042597208.29,0.25,1.56
2024-08-09,美的集团,000333,56.88,57.73,56.36,56.53,56.99,138024,839905714.13,0.2,-0.81
2024-08-08,美的集团,000333,56.45,57.51,56.24,56.99,56.73,142319,867672449.72,0.21,0.46
2024-08-07,美的集团,000333,55.95,57.41,55.27,56.73,55.95,252986,1535238304.11,0.37,1.39
2024-08-06,美的集团,000333,57.64,58.29,55.55,55.95,57.68,384932,2316733894.54,0.56,-3.0
2024-08-05,美的集团,000333,58.57,60.33,57.59,57.68,59.02,354768,2214817314.94,0.52,-2.27
2024-08-02,美的集团,000333,59.33,60.31,58.6,59.02,59.61,202615,1280021474.21,0.29,-0.99
2024-08-01,美的集团,000333,59.83,60.7,59.44,59.61,59.79,244068,1561027258.87,0.36,-0.3
2024-07-31,美的集团,000333,56.76,59.89,56.76,59.79,57.09,401747,2530147580.33,0.58,4.73
2024-07-30,美的集团,000333,58.54,58.8,56.63,57.09,58.91,225758,1381015833.58,0.33,-3.09
2024-07-29,美的集团,000333,58.33,59.24,58.19,58.91,58.87,207128,1297587354.92,0.3,0.07
2024-07-26,美的集团,000333,58.86,59.02,57.43,58.87,55.43,577402,3598947643.17,0.84,6.21
2024-07-25,美的集团,000333,55.55,56.12,54.93,55.43,56.11,301092,1787253321.67,0.44,-1.21
2024-07-24,美的集团,000333,58.04,58.75,55.67,56.11,58.41,455473,2757887293.78,0.66,-3.94
2024-07-23,美的集团,000333,59.66,59.82,58.41,58.41,59.66,185378,1165932039.58,0.27,-2.1
2024-07-22,美的集团,000333,59.48,60.67,59.35,59.66,59.63,199303,1273643438.97,0.29,0.05
2024-07-19,美的集团,000333,59.39,59.81,58.92,59.63,59.93,217970,1381064607.73,0.32,-0.5
2024-07-18,美的集团,000333,58.04,60.49,58.04,59.93,58.86,345325,2193053870.99,0.5,1.82
2024-07-17,美的集团,000333,60.07,60.41,57.69,58.86,60.3,464628,2909157024.47,0.68,-2.39
2024-07-16,美的集团,000333,60.66,60.99,59.78,60.3,60.97,204068,1313240364.46,0.3,-1.1
2024-07-15,美的集团,000333,60.81,61.19,60.39,60.97,61.03,170459,1104204268.83,0.25,-0.1
2024-07-12,美的集团,000333,59.82,61.23,59.67,61.03,59.93,245741,1588658353.04,0.36,1.84
2024-07-11,美的集团,000333,59.88,60.48,58.55,59.93,59.84,271827,1727208383.05,0.4,0.15
2024-07-10,美的集团,000333,60.57,61.09,59.84,59.84,60.13,158469,1016718370.02,0.23,-0.48
2024-07-09,美的集团,000333,59.84,60.7,59.65,60.13,60.26,216645,1392889371.6,0.32,-0.22
2024-07-08,美的集团,000333,59.63,60.75,59.2,60.26,60.03,194436,1247645531.39,0.28,0.38
2024-07-05,美的集团,000333,60.53,61.18,59.03,60.03,60.63,264796,1686503681.35,0.39,-0.99
2024-07-04,美的集团,000333,59.23,61.23,59.23,60.63,59.06,277531,1794060145.67,0.41,2.66
2024-07-03,美的集团,000333,59.08,59.71,58.77,59.06,59.03,181208,1145370115.46,0.26,0.05
2024-07-02,美的集团,000333,59.73,60.23,58.83,59.03,60.12,291813,1843585721.5,0.43,-1.81
2024-07-01,美的集团,000333,60.32,61.41,59.63,60.12,60.53,195283,1255074545.11,0.29,-0.68
2024-06-28,美的集团,000333,59.53,60.82,59.51,60.53,60.13,251956,1624767678.92,0.37,0.67
2024-06-27,美的集团,000333,60.08,60.51,59.5,60.13,60.28,274095,1750926675.09,0.4,-0.25
2024-06-26,美的集团,000333,61.04,61.42,59.94,60.28,61.32,238314,1531598024.31,0.35,-1.7
2024-06-25,美的集团,000333,60.88,61.82,60.55,61.32,60.91,253092,1652171355.94,0.37,0.67
2024-06-24,美的集团,000333,59.74,61.58,59.64,60.91,59.98,307991,1993977958.31,0.45,1.55
2024-06-21,美的集团,000333,60.52,60.78,59.53,59.98,60.5,241537,1544527731.0,0.35,-0.86
2024-06-20,美的集团,000333,59.93,60.78,59.57,60.5,60.03,280858,1806800937.96,0.41,0.78
2024-06-19,美的集团,000333,60.8,61.11,58.83,60.03,60.87,347000,2206055297.91,0.51,-1.38
2024-06-18,美的集团,000333,60.33,61.22,59.7,60.87,60.56,218675,1409611739.3,0.32,0.51
2024-06-17,美的集团,000333,61.79,61.79,60.21,60.56,61.64,253358,1639603938.51,0.37,-1.75
2024-06-14,美的集团,000333,59.54,61.79,59.53,61.64,59.95,379244,2468107111.36,0.55,2.82
2024-06-13,美的集团,000333,61.34,61.48,59.69,59.95,61.19,274850,1763239543.63,0.4,-2.03
2024-06-12,美的集团,000333,60.87,61.77,60.56,61.19,61.03,257072,1675974671.31,0.38,0.26
2024-06-11,美的集团,000333,60.53,62.53,60.21,61.03,61.19,336897,2188026771.58,0.49,-0.26
2024-06-07,美的集团,000333,61.23,61.48,59.74,61.19,61.79,400646,2591739293.28,0.59,-0.97
2024-06-06,美的集团,000333,59.83,62.06,59.83,61.79,59.95,436037,2848032776.87,0.64,3.07
2024-06-05,美的集团,000333,60.58,61.23,59.83,59.95,60.71,283319,1825603149.54,0.41,-1.25
2024-06-04,美的集团,000333,61.02,61.02,59.43,60.71,61.05,306212,1969401516.25,0.45,-0.56
2024-06-03,美的集团,000333,60.91,62.33,60.3,61.05,60.79,357556,2337233616.39,0.52,0.43
2024-05-31,美的集团,000333,61.22,61.6,60.58,60.79,61.21,261294,1696172930.47,0.38,-0.69
2024-05-30,美的集团,000333,61.74,62.22,61.17,61.21,61.88,193586,1269509292.14,0.28,-1.08
2024-05-29,美的集团,000333,62.63,63.23,61.53,61.88,63.06,241321,1590410760.91,0.35,-1.87
2024-05-28,美的集团,000333,63.63,63.81,62.53,63.06,63.62,191737,1284865352.19,0.28,-0.88
2024-05-27,美的集团,000333,62.53,64.31,61.57,63.62,62.65,305462,2062139516.42,0.45,1.55
2024-05-24,美的集团,000333,61.43,63.01,61.13,62.65,61.77,259270,1724580966.82,0.38,1.42
2024-05-23,美的集团,000333,61.43,62.22,61.03,61.77,61.44,240961,1582459055.38,0.35,0.54
2024-05-22,美的集团,000333,62.37,62.57,61.34,61.44,62.58,261052,1715205331.79,0.38,-1.82
2024-05-21,美的集团,000333,62.3,63.33,62.23,62.58,62.6,243588,1626841822.28,0.36,-0.03
2024-05-20,美的集团,000333,63.04,63.91,62.24,62.6,64.06,426430,2846862348.52,0.62,-2.28
2024-05-17,美的集团,000333,64.81,65.53,62.55,64.06,65.37,418483,2828611122.66,0.61,-2.0
2024-05-16,美的集团,000333,65.79,65.83,64.83,65.37,65.79,246004,1703048548.24,0.36,-0.64
2024-05-15,美的集团,000333,64.53,66.13,64.14,65.79,63.89,301895,2090761785.82,0.44,2.97
2024-05-14,美的集团,000333,65.73,65.94,63.25,63.89,65.76,399236,2827063811.33,0.58,-2.84
2024-05-13,美的集团,000333,64.93,66.04,63.75,65.76,64.93,271674,1965130432.85,0.4,1.28
2024-05-10,美的集团,000333,65.25,65.38,64.39,64.93,64.9,224879,1616063316.04,0.33,0.05
2024-05-09,美的集团,000333,64.05,65.39,63.67,64.9,63.8,285718,2046734809.61,0.42,1.72
2024-05-08,美的集团,000333,63.55,64.39,63.44,63.8,64.15,176620,1252248295.46,0.26,-0.55
2024-05-07,美的集团,000333,63.86,65.38,63.67,64.15,64.06,304315,2176139138.45,0.44,0.14
2024-05-06,美的集团,000333,63.55,64.51,62.7,64.06,62.83,461799,3263609833.49,0.67,1.96
2024-04-30,美的集团,000333,59.89,64.2,59.85,62.83,61.25,571318,3988190597.55,0.84,2.58
2024-04-29,美的集团,000333,61.35,61.93,60.28,61.25,61.42,332264,2264197665.48,0.49,-0.28
2024-04-26,美的集团,000333,61.3,61.7,60.47,61.42,61.29,242257,1650078937.5,0.35,0.21
2024-04-25,美的集团,000333,60.18,61.61,60.18,61.29,60.95,220333,1500859467.9,0.32,0.56
2024-04-24,美的集团,000333,61.39,61.69,59.8,60.95,61.44,307830,2079963045.53,0.45,-0.8
2024-04-23,美的集团,000333,62.88,63.05,60.64,61.44,63.03,382179,2605557574.87,0.56,-2.52
2024-04-22,美的集团,000333,63.25,64.24,62.55,63.03,63.05,289438,2032072605.39,0.42,-0.03
2024-04-19,美的集团,000333,62.48,63.63,62.48,63.05,63.05,288123,2017233099.5,0.42,0.0
2024-04-18,美的集团,000333,61.63,64.38,61.43,63.05,61.63,395421,2777734456.54,0.58,2.3
2024-04-17,美的集团,000333,61.05,61.85,60.03,61.63,61.36,245496,1664966380.0,0.36,0.44
2024-04-16,美的集团,000333,59.83,61.82,59.62,61.36,59.89,391914,2659237097.09,0.57,2.45
2024-04-15,美的集团,000333,57.94,60.05,57.76,59.89,57.94,317837,2102897320.7,0.46,3.37
2024-04-12,美的集团,000333,58.04,58.65,57.63,57.94,58.12,217344,1414407755.38,0.32,-0.31
2024-04-11,美的集团,000333,58.0,59.0,57.66,58.12,58.22,190048,1239842457.97,0.28,-0.17
2024-04-10,美的集团,000333,57.92,59.25,57.61,58.22,58.09,180820,1184377719.41,0.26,0.22
2024-04-09,美的集团,000333,58.05,58.65,57.87,58.09,58.37,194783,1270147986.31,0.28,-0.48
2024-04-08,美的集团,000333,59.77,59.9,57.72,58.37,59.78,324345,2125546168.65,0.47,-2.36
2024-04-03,美的集团,000333,59.25,59.95,59.03,59.78,59.3,206265,1370613982.65,0.3,0.81
2024-04-02,美的集团,000333,59.05,59.58,58.8,59.3,59.27,226536,1497277780.33,0.33,0.05
2024-04-01,美的集团,000333,57.55,59.33,57.15,59.27,57.27,327712,2146737286.06,0.48,3.49
2024-03-29,美的集团,000333,57.63,58.78,56.71,57.27,57.63,254689,1638381689.95,0.37,-0.62
2024-03-28,美的集团,000333,57.28,58.44,56.23,57.63,56.72,451854,2915943394.08,0.66,1.6
2024-03-27,美的集团,000333,55.58,57.93,55.56,56.72,55.77,348428,2227887825.25,0.51,1.7
2024-03-26,美的集团,000333,55.36,56.3,55.36,55.77,55.95,253537,1591428438.39,0.37,-0.32
2024-03-25,美的集团,000333,55.24,56.71,54.83,55.95,55.67,269033,1694247611.48,0.39,0.5
2024-03-22,美的集团,000333,53.61,55.7,53.55,55.67,53.6,431568,2671677604.67,0.63,3.86
2024-03-21,美的集团,000333,54.96,55.09,53.18,53.6,54.93,391892,2377326996.2,0.57,-2.42
2024-03-20,美的集团,000333,55.25,55.55,54.45,54.93,55.65,377909,2337851554.39,0.55,-1.29
2024-03-19,美的集团,000333,55.25,56.17,55.22,55.65,55.41,297946,1867932283.73,0.44,0.43
2024-03-18,美的集团,000333,56.93,56.94,55.4,55.41,57.07,425011,2667915013.67,0.62,-2.91
2024-03-15,美的集团,000333,57.44,57.55,56.35,57.07,57.55,254639,1624685427.44,0.37,-0.83
2024-03-14,美的集团,000333,56.91,57.8,56.65,57.55,57.12,315317,2026233407.14,0.46,0.75
2024-03-13,美的集团,000333,56.71,57.38,56.05,57.12,57.18,327232,2084900581.88,0.48,-0.1
2024-03-12,美的集团,000333,58.4,58.4,56.1,57.18,58.47,507399,3241294650.71,0.74,-2.21
2024-03-11,美的集团,000333,59.14,59.15,57.61,58.47,59.15,280270,1826293591.58,0.41,-1.15
2024-03-08,美的集团,000333,58.92,59.54,57.93,59.15,58.85,261254,1714883400.95,0.38,0.51
2024-03-07,美的集团,000333,57.5,59.7,57.25,58.85,57.56,306340,2020641414.39,0.45,2.24
2024-03-06,美的集团,000333,57.95,58.58,57.35,57.56,58.09,219230,1422222516.43,0.32,-0.91
2024-03-05,美的集团,000333,57.7,58.45,56.5,58.09,57.65,355253,2288367736.34,0.52,0.76
2024-03-04,美的集团,000333,58.05,59.05,56.55,57.65,57.52,373844,2415284580.13,0.55,0.23
2024-03-01,美的集团,000333,56.55,57.56,55.93,57.52,55.68,328449,2102800960.25,0.48,3.3
2024-02-29,美的集团,000333,55.05,56.53,54.8,55.68,54.87,489210,3071855395.62,0.72,1.48
2024-02-28,美的集团,000333,55.05,55.36,54.0,54.87,54.97,253674,1568616988.79,0.37,-0.18
2024-02-27,美的集团,000333,53.64,55.04,53.15,54.97,53.35,280148,1720508594.65,0.41,3.04
2024-02-26,美的集团,000333,52.9,54.55,52.9,53.35,52.67,340977,2070387072.2,0.5,1.29
2024-02-23,美的集团,000333,54.73,55.15,52.37,52.67,54.4,430936,2580957128.97,0.63,-3.18
2024-02-22,美的集团,000333,54.26,54.84,54.08,54.4,54.76,192591,1180530929.52,0.28,-0.66
2024-02-21,美的集团,000333,54.05,55.6,53.73,54.76,54.75,277972,1719403865.94,0.41,0.02
2024-02-20,美的集团,000333,53.35,54.84,52.72,54.75,53.65,296309,1807531882.32,0.43,2.05
2024-02-19,美的集团,000333,54.75,54.75,52.86,53.65,53.34,356959,2157379733.25,0.52,0.58
2024-02-08,美的集团,000333,54.34,55.41,53.03,53.34,54.16,347232,2112587867.05,0.51,-1.51
2024-02-07,美的集团,000333,52.34,54.22,52.08,54.16,53.0,461959,2791586567.03,0.68,2.19
2024-02-06,美的集团,000333,52.31,53.84,52.07,53.0,52.5,379464,2279549237.76,0.55,0.95
2024-02-05,美的集团,000333,51.05,52.65,50.87,52.5,51.3,461603,2724269122.18,0.67,2.34
2024-02-02,美的集团,000333,51.55,51.93,50.36,51.3,51.86,289505,1687829336.99,0.42,-1.08
2024-02-01,美的集团,000333,51.28,52.51,51.05,51.86,51.3,303402,1785789270.81,0.44,1.09
2024-01-31,美的集团,000333,50.96,51.99,50.47,51.3,51.27,255442,1486711039.1,0.37,0.06
2024-01-30,美的集团,000333,51.75,52.25,51.05,51.27,51.74,273733,1604993046.2,0.4,-0.91
2024-01-29,美的集团,000333,50.95,52.53,50.74,51.74,50.56,374987,2204469369.87,0.54,2.33
2024-01-26,美的集团,000333,49.4,50.8,49.4,50.56,49.4,327457,1874299632.73,0.47,2.35
2024-01-25,美的集团,000333,50.35,50.54,49.29,49.4,50.24,249636,1412367267.65,0.36,-1.67
2024-01-24,美的集团,000333,49.2,50.49,49.07,50.24,49.43,264637,1503303922.9,0.38,1.64
2024-01-23,美的集团,000333,48.57,49.74,47.85,49.43,48.39,288485,1612570165.77,0.42,2.15
2024-01-22,美的集团,000333,48.93,49.71,48.13,48.39,49.19,359803,2017295148.71,0.52,-1.63
2024-01-19,美的集团,000333,49.05,49.65,48.91,49.19,49.45,299370,1681993909.22,0.43,-0.53
2024-01-18,美的集团,000333,49.84,50.04,48.13,49.45,49.42,390231,2175726535.61,0.57,0.06
2024-01-17,美的集团,000333,49.68,50.34,49.42,49.42,49.97,269141,1530395102.15,0.39,-1.1
2024-01-16,美的集团,000333,48.66,50.0,48.15,49.97,48.93,337304,1903147107.14,0.49,2.13
2024-01-15,美的集团,000333,47.89,49.03,47.71,48.93,48.05,191241,1063527118.83,0.28,1.83
2024-01-12,美的集团,000333,47.95,48.76,47.63,48.05,48.05,243611,1343879865.49,0.35,0.0
2024-01-11,美的集团,000333,48.27,48.54,47.78,48.05,48.27,212369,1168392664.94,0.31,-0.46
2024-01-10,美的集团,000333,48.22,48.82,47.89,48.27,48.22,178208,984854746.1,0.26,0.1
2024-01-09,美的集团,000333,47.76,48.38,47.16,48.22,48.05,216070,1184711711.55,0.31,0.35
2024-01-08,美的集团,000333,48.65,48.65,47.67,48.05,48.65,278097,1531117698.75,0.4,-1.23
2024-01-05,美的集团,000333,48.25,49.13,47.9,48.65,48.3,300429,1669357551.21,0.44,0.72
2024-01-04,美的集团,000333,47.71,48.37,47.5,48.3,47.5,267025,1467886384.85,0.39,1.68
2024-01-03,美的集团,000333,47.64,47.85,47.15,47.5,47.61,206897,1126649739.09,0.3,-0.23
2024-01-02,美的集团,000333,47.68,48.1,47.25,47.61,47.68,239057,1305162003.76,0.35,-0.15
2023-12-29,美的集团,000333,47.12,48.03,46.77,47.68,47.1,259373,1410074986.81,0.38,1.23
2023-12-28,美的集团,000333,46.49,47.21,46.3,47.1,46.65,247280,1331261037.56,0.36,0.96
2023-12-27,美的集团,000333,45.83,46.75,45.77,46.65,45.85,203069,1081963246.61,0.29,1.74
2023-12-26,美的集团,000333,45.67,46.28,45.58,45.85,45.72,161523,855413702.78,0.23,0.28
2023-12-25,美的集团,000333,45.67,46.3,45.48,45.72,45.82,113150,598032181.63,0.16,-0.22
2023-12-22,美的集团,000333,44.96,46.04,44.75,45.82,45.07,227281,1194539707.6,0.33,1.66
2023-12-21,美的集团,000333,44.27,45.33,43.92,45.07,44.08,274212,1422425462.34,0.4,2.25
2023-12-20,美的集团,000333,43.8,44.45,43.57,44.08,43.8,254170,1298397555.67,0.37,0.64
2023-12-19,美的集团,000333,44.13,44.13,43.51,43.8,44.14,169545,859776399.62,0.25,-0.77
2023-12-18,美的集团,000333,43.08,44.23,42.8,44.14,43.38,223075,1133044739.96,0.32,1.75
2023-12-15,美的集团,000333,43.56,44.15,43.35,43.38,43.94,204702,1034871741.97,0.3,-1.27
2023-12-14,美的集团,000333,43.96,44.52,43.63,43.94,43.74,165634,847402712.77,0.24,0.46
2023-12-13,美的集团,000333,43.95,44.04,43.56,43.74,44.05,128587,652164458.2,0.19,-0.7
2023-12-12,美的集团,000333,44.55,44.6,43.77,44.05,44.07,172048,879672020.1,0.25,-0.05
2023-12-11,美的集团,000333,42.9,44.45,42.27,44.07,43.39,252015,1272635678.21,0.37,1.57
2023-12-08,美的集团,000333,43.23,44.13,43.14,43.39,43.27,218113,1102240031.34,0.32,0.28
2023-12-07,美的集团,000333,42.41,43.54,42.27,43.27,42.23,250219,1251685066.74,0.36,2.46
2023-12-06,美的集团,000333,42.11,42.7,41.8,42.23,42.27,191141,942351431.42,0.28,-0.09
2023-12-05,美的集团,000333,43.14,43.24,42.27,42.27,43.14,225103,1120255577.3,0.33,-2.02
2023-12-04,美的集团,000333,43.53,43.84,42.89,43.14,43.6,220587,1107559873.5,0.32,-1.06
2023-12-01,美的集团,000333,45.35,45.41,43.38,43.6,44.72,316050,1604750726.7,0.46,-2.5
2023-11-30,美的集团,000333,44.86,45.05,44.46,44.72,45.06,128619,664815260.93,0.19,-0.75
2023-11-29,美的集团,000333,45.58,45.63,44.77,45.06,45.58,124265,646048742.16,0.18,-1.14
2023-11-28,美的集团,000333,45.25,45.85,44.58,45.58,45.02,217876,1138681640.65,0.32,1.24
2023-11-27,美的集团,000333,45.48,45.48,44.8,45.02,45.53,159225,827425455.6,0.23,-1.12
2023-11-24,美的集团,000333,45.85,45.9,45.12,45.53,45.81,157245,822539515.14,0.23,-0.61
2023-11-23,美的集团,000333,45.2,45.98,44.9,45.81,45.2,101034,529662622.99,0.15,1.35
2023-11-22,美的集团,000333,45.5,45.65,44.95,45.2,45.5,97869,511071755.33,0.14,-0.66
2023-11-21,美的集团,000333,45.67,46.24,45.5,45.5,45.48,158459,836507593.72,0.23,0.04
2023-11-20,美的集团,000333,44.59,45.95,44.59,45.48,44.91,182191,955124720.21,0.26,1.27
2023-11-17,美的集团,000333,44.65,45.02,44.26,44.91,44.8,135134,697252679.61,0.2,0.25
2023-11-16,美的集团,000333,44.45,45.24,44.36,44.8,44.59,216055,1121013154.61,0.31,0.47
2023-11-15,美的集团,000333,44.49,44.81,44.0,44.59,44.14,196363,1010107977.71,0.28,1.02
2023-11-14,美的集团,000333,44.07,44.47,43.85,44.14,44.11,248028,1266466646.11,0.36,0.07
2023-11-13,美的集团,000333,45.69,45.69,43.73,44.11,45.75,382916,1957444236.36,0.56,-3.58
2023-11-10,美的集团,000333,45.35,45.91,45.3,45.75,45.5,130271,685147777.45,0.19,0.55
2023-11-09,美的集团,000333,45.93,46.38,45.4,45.5,45.9,141469,743811714.14,0.21,-0.87
2023-11-08,美的集团,000333,45.7,46.04,45.56,45.9,46.15,213857,1128009345.2,0.31,-0.54
2023-11-07,美的集团,000333,46.15,46.33,45.63,46.15,46.19,188982,999762781.82,0.27,-0.09
2023-11-06,美的集团,000333,46.05,46.35,45.75,46.19,45.85,249182,1322403103.12,0.36,0.74
2023-11-03,美的集团,000333,46.17,46.4,45.77,45.85,46.23,177406,939971081.17,0.26,-0.82
2023-11-02,美的集团,000333,46.05,47.46,45.86,46.23,46.06,200855,1072266180.2,0.29,0.37
2023-11-01,美的集团,000333,45.86,46.51,45.75,46.06,45.97,189338,1004719416.43,0.27,0.2
2023-10-31,美的集团,000333,47.35,47.35,45.75,45.97,47.55,238072,1263696549.7,0.35,-3.32
2023-10-30,美的集团,000333,46.38,47.69,46.38,47.55,46.79,164885,892765169.6,0.24,1.62
2023-10-27,美的集团,000333,45.41,47.05,45.26,46.79,45.56,253188,1352282942.98,0.37,2.7
2023-10-26,美的集团,000333,45.27,45.77,45.08,45.56,45.47,151655,794020501.0,0.22,0.2
2023-10-25,美的集团,000333,46.84,47.06,45.19,45.47,46.23,258565,1364767551.48,0.38,-1.64
2023-10-24,美的集团,000333,46.06,46.54,45.25,46.23,46.3,250198,1323069265.75,0.36,-0.15
2023-10-23,美的集团,000333,46.05,46.68,45.76,46.3,46.23,168644,897561652.68,0.24,0.15
2023-10-20,美的集团,000333,46.99,47.11,45.93,46.23,47.28,210898,1123754128.36,0.31,-2.22
2023-10-19,美的集团,000333,48.34,48.34,47.23,47.28,48.52,201961,1103206369.95,0.29,-2.56
2023-10-18,美的集团,000333,48.73,48.94,48.26,48.52,48.93,106371,590623193.2,0.15,-0.84
2023-10-17,美的集团,000333,48.13,49.04,48.1,48.93,48.13,168302,936368372.27,0.24,1.66
2023-10-16,美的集团,000333,47.85,48.46,47.85,48.13,48.04,150202,826944834.77,0.22,0.19
2023-10-13,美的集团,000333,48.24,48.49,47.58,48.04,48.33,129960,712981553.98,0.19,-0.6
2023-10-12,美的集团,000333,48.05,48.53,47.66,48.33,47.82,176042,970427691.71,0.26,1.07
2023-10-11,美的集团,000333,47.8,48.94,47.55,47.82,47.82,204184,1123573120.53,0.3,0.0
2023-10-10,美的集团,000333,48.54,48.82,47.47,47.82,48.81,214996,1179223499.87,0.31,-2.03
2023-10-09,美的集团,000333,48.51,49.16,47.95,48.81,48.53,286595,1591907095.86,0.42,0.58
2023-09-28,美的集团,000333,49.44,49.55,48.46,48.53,49.24,170976,953613283.55,0.25,-1.44
2023-09-27,美的集团,000333,49.05,49.71,48.48,49.24,49.05,188109,1054884218.41,0.27,0.39
2023-09-26,美的集团,000333,49.81,50.25,49.05,49.05,49.68,189349,1067479335.2,0.28,-1.27
2023-09-25,美的集团,000333,49.94,49.94,49.28,49.68,50.1,166432,941423312.53,0.24,-0.84
2023-09-22,美的集团,000333,49.64,50.16,49.22,50.1,49.37,221702,1259327922.57,0.32,1.48
2023-09-21,美的集团,000333,49.93,49.93,49.07,49.37,49.94,167691,946858135.17,0.24,-1.14
2023-09-20,美的集团,000333,49.08,50.29,48.78,49.94,49.1,213801,1210967114.2,0.31,1.71
2023-09-19,美的集团,000333,49.04,49.2,48.5,49.1,49.15,123661,689874974.41,0.18,-0.1
2023-09-18,美的集团,000333,48.85,49.64,48.26,49.15,48.84,144278,808841172.19,0.21,0.63
2023-09-15,美的集团,000333,49.69,49.74,48.35,48.84,49.6,164512,917665598.7,0.24,-1.53
2023-09-14,美的集团,000333,50.06,50.31,49.31,49.6,50.05,102895,581688865.67,0.15,-0.9
2023-09-13,美的集团,000333,50.15,50.59,49.75,50.05,50.26,107434,613122120.66,0.16,-0.42
2023-09-12,美的集团,000333,49.47,50.77,49.35,50.26,49.48,164034,937947088.74,0.24,1.58
2023-09-11,美的集团,000333,49.36,49.93,49.06,49.48,49.13,140721,793322668.24,0.2,0.71
2023-09-08,美的集团,000333,49.79,49.88,48.86,49.13,49.62,84002,471931158.26,0.12,-0.99
2023-09-07,美的集团,000333,50.14,50.17,49.55,49.62,50.23,136399,774015904.79,0.2,-1.21
2023-09-06,美的集团,000333,50.56,51.05,49.93,50.23,50.83,208883,1194824717.84,0.3,-1.18
2023-09-05,美的集团,000333,51.31,51.54,50.66,50.83,51.27,153090,887170819.82,0.22,-0.86
2023-09-04,美的集团,000333,51.55,51.85,50.67,51.27,50.98,200900,1169057319.81,0.29,0.57
2023-09-01,美的集团,000333,50.05,51.55,50.04,50.98,49.56,266506,1541478627.79,0.39,2.87
2023-08-31,美的集团,000333,50.35,50.85,49.53,49.56,49.87,280838,1596998959.6,0.41,-0.62
2023-08-30,美的集团,000333,49.09,50.23,48.76,49.87,49.1,233664,1323189377.16,0.34,1.57
2023-08-29,美的集团,000333,48.93,49.54,48.6,49.1,49.21,217871,1221870560.32,0.32,-0.22
2023-08-28,美的集团,000333,50.35,51.03,48.83,49.21,48.31,288004,1624044691.03,0.42,1.86
2023-08-25,美的集团,000333,48.0,49.04,47.57,48.31,48.1,164728,907722077.95,0.24,0.44
2023-08-24,美的集团,000333,47.04,48.5,46.55,48.1,46.77,255836,1398433374.77,0.37,2.84
2023-08-23,美的集团,000333,47.17,47.71,46.65,46.77,47.42,157983,854634875.2,0.23,-1.37
2023-08-22,美的集团,000333,47.35,47.73,46.46,47.42,47.43,230543,1249497364.11,0.33,-0.02
2023-08-21,美的集团,000333,47.66,48.41,47.4,47.43,47.84,131172,718680500.61,0.19,-0.86
2023-08-18,美的集团,000333,48.83,48.9,47.68,47.84,48.89,134638,741138398.99,0.2,-2.15
2023-08-17,美的集团,000333,47.95,48.99,47.58,48.89,48.28,152165,842880581.35,0.22,1.26
2023-08-16,美的集团,000333,47.85,48.41,47.41,48.28,48.21,153587,843256905.36,0.22,0.15
2023-08-15,美的集团,000333,48.36,48.61,47.65,48.21,48.49,163704,901353362.11,0.24,-0.58
2023-08-14,美的集团,000333,47.55,48.62,47.33,48.49,48.23,195167,1073370152.49,0.28,0.54
2023-08-11,美的集团,000333,49.34,49.5,48.19,48.23,49.4,255333,1419423214.76,0.37,-2.37
2023-08-10,美的集团,000333,50.26,50.35,48.55,49.4,50.61,385305,2159087492.33,0.56,-2.39
2023-08-09,美的集团,000333,50.24,50.75,50.09,50.61,50.05,151434,868904097.46,0.22,1.12
2023-08-08,美的集团,000333,50.55,50.6,50.01,50.05,50.93,136355,779253638.45,0.2,-1.73
2023-08-07,美的集团,000333,50.84,51.24,50.39,50.93,50.97,153707,887391728.93,0.22,-0.08
2023-08-04,美的集团,000333,51.35,52.04,50.86,50.97,51.03,196637,1147020984.84,0.29,-0.12
2023-08-03,美的集团,000333,51.03,51.25,50.04,51.03,51.35,233629,1344124458.18,0.34,-0.62
2023-08-02,美的集团,000333,51.15,51.87,50.82,51.35,51.3,235436,1370719586.02,0.34,0.1
2023-08-01,美的集团,000333,52.37,52.74,51.18,51.3,52.37,204186,1197877268.87,0.3,-2.04
2023-07-31,美的集团,000333,54.0,54.35,52.2,52.37,52.79,325183,1952524582.78,0.47,-0.8
2023-07-28,美的集团,000333,51.75,52.87,51.16,52.79,51.53,240041,1424164599.22,0.35,2.45
2023-07-27,美的集团,000333,51.6,52.17,51.4,51.53,51.63,151970,893501893.19,0.22,-0.19
2023-07-26,美的集团,000333,51.86,52.59,51.53,51.63,52.03,187526,1105031413.54,0.27,-0.77
2023-07-25,美的集团,000333,50.91,52.33,50.85,52.03,49.82,376481,2216891658.75,0.55,4.44
2023-07-24,美的集团,000333,50.18,50.41,49.18,49.82,50.18,115888,657937835.19,0.17,-0.72
2023-07-21,美的集团,000333,50.6,51.13,50.04,50.18,50.58,120709,693513021.31,0.18,-0.79
2023-07-20,美的集团,000333,50.95,51.7,50.49,50.58,51.18,140516,815686031.1,0.2,-1.17
2023-07-19,美的集团,000333,49.94,51.4,49.72,51.18,49.79,278044,1601948633.66,0.4,2.79
2023-07-18,美的集团,000333,50.45,50.45,48.72,49.79,50.18,239882,1351665336.24,0.35,-0.78
2023-07-17,美的集团,000333,50.25,50.25,49.35,50.18,50.51,90425,512387286.53,0.13,-0.65
2023-07-14,美的集团,000333,50.8,51.32,50.07,50.51,50.85,105000,603243715.63,0.15,-0.67
2023-07-13,美的集团,000333,50.25,51.37,50.25,50.85,50.14,169307,978559177.16,0.25,1.42
2023-07-12,美的集团,000333,49.95,51.13,49.45,50.14,49.71,187815,1079865899.4,0.27,0.87
2023-07-11,美的集团,000333,49.85,50.13,49.45,49.71,49.68,158028,896629010.33,0.23,0.06
2023-07-10,美的集团,000333,50.87,50.98,49.09,49.68,50.8,320860,1818167155.99,0.47,-2.2
2023-07-07,美的集团,000333,51.09,51.64,50.25,50.8,51.42,293796,1698410265.17,0.43,-1.21
2023-07-06,美的集团,000333,52.18,52.8,51.35,51.42,52.17,169577,995554522.94,0.25,-1.44
2023-07-05,美的集团,000333,52.14,52.38,51.47,52.17,51.95,187016,1103273063.53,0.27,0.42
2023-07-04,美的集团,000333,52.33,52.65,51.17,51.95,52.11,219446,1290009361.97,0.32,-0.31
2023-07-03,美的集团,000333,51.93,53.43,51.38,52.11,51.97,318762,1892919808.14,0.46,0.27
2023-06-30,美的集团,000333,52.28,52.87,51.61,51.97,52.19,264876,1563113126.59,0.38,-0.42
2023-06-29,美的集团,000333,52.77,52.84,51.27,52.19,52.75,276783,1635162204.39,0.4,-1.06
2023-06-28,美的集团,000333,52.5,53.57,52.26,52.75,52.74,327901,1964640593.03,0.48,0.02
2023-06-27,美的集团,000333,51.27,53.2,50.93,52.74,51.19,481237,2851634264.51,0.7,3.03
2023-06-26,美的集团,000333,52.88,53.0,50.85,51.19,51.33,335581,1957482191.73,0.49,-0.27
2023-06-21,美的集团,000333,51.05,52.65,50.45,51.33,50.63,451303,2649838248.05,0.66,1.38
2023-06-20,美的集团,000333,49.97,51.97,49.85,50.63,49.86,243810,1413907765.99,0.35,1.54
2023-06-19,美的集团,000333,51.05,51.19,49.75,49.86,51.4,289110,1651975820.25,0.42,-3.0
2023-06-16,美的集团,000333,51.45,52.04,50.45,51.4,51.05,300061,1745695208.17,0.44,0.69
2023-06-15,美的集团,000333,50.31,51.63,50.06,51.05,50.13,312765,1814552067.08,0.45,1.84
2023-06-14,美的集团,000333,50.28,51.03,49.67,50.13,49.66,360007,2057761143.13,0.52,0.95
2023-06-13,美的集团,000333,50.31,50.82,49.31,49.66,50.4,248501,1409611781.98,0.36,-1.47
2023-06-12,美的集团,000333,49.17,50.87,48.75,50.4,49.16,396210,2256003426.76,0.58,2.52
2023-06-09,美的集团,000333,50.55,50.81,48.82,49.16,49.94,410652,2319633365.17,0.6,-1.56
2023-06-08,美的集团,000333,48.75,50.16,48.25,49.94,48.3,475531,2680031435.61,0.69,3.4
2023-06-07,美的集团,000333,48.55,48.82,47.54,48.3,47.26,369087,2035955381.23,0.54,2.2
2023-06-06,美的集团,000333,46.99,48.36,46.1,47.26,46.99,342618,1866611024.4,0.5,0.57
2023-06-05,美的集团,000333,45.56,47.2,44.64,46.99,44.85,399400,2119331989.14,0.58,4.77
2023-06-02,美的集团,000333,43.05,45.15,43.04,44.85,41.94,499392,2566107482.17,0.73,6.94
2023-06-01,美的集团,000333,42.07,42.85,41.58,41.94,41.88,348935,1711949689.19,0.51,0.14
2023-05-31,美的集团,000333,43.14,43.25,41.65,41.88,42.88,280650,1445385156.22,0.41,-2.33
2023-05-30,美的集团,000333,44.0,44.21,42.34,42.88,44.0,320846,1678415610.05,0.47,-2.55
2023-05-29,美的集团,000333,44.82,45.24,43.63,44.0,44.81,174334,936727537.58,0.25,-1.81
2023-05-26,美的集团,000333,44.56,45.0,44.03,44.81,44.56,111661,602101037.87,0.16,0.56
2023-05-25,美的集团,000333,43.95,45.04,43.23,44.56,44.15,171434,923732852.68,0.25,0.93
2023-05-24,美的集团,000333,46.37,46.44,44.05,44.15,46.5,266742,1447402650.34,0.39,-5.05
2023-05-23,美的集团,000333,47.24,47.5,46.43,46.5,47.26,155851,878179041.78,0.23,-1.61
2023-05-22,美的集团,000333,46.35,47.5,46.35,47.26,46.35,151998,860397294.04,0.22,1.96
2023-05-19,美的集团,000333,45.21,47.41,45.21,46.35,45.55,203843,1140023138.6,0.3,1.76
2023-05-18,美的集团,000333,45.7,45.97,45.1,45.55,45.57,110695,609452710.03,0.16,-0.04
2023-05-17,美的集团,000333,45.77,46.95,45.36,45.57,45.9,90763,501402349.7,0.13,-0.72
2023-05-16,美的集团,000333,47.14,47.79,45.66,45.9,47.14,136126,760273937.11,0.2,-2.63
2023-05-15,美的集团,000333,46.41,47.29,45.56,47.14,46.37,140666,786956984.75,0.2,1.66
2023-05-12,美的集团,000333,45.88,48.04,45.86,46.37,46.0,165590,935578508.15,0.24,0.8
2023-05-11,美的集团,000333,46.1,47.27,45.89,46.0,45.95,126225,706491977.76,0.18,0.11
2023-05-10,美的集团,000333,45.05,46.55,44.43,45.95,45.35,174626,965082241.01,0.25,1.32
2023-05-09,美的集团,000333,45.35,46.11,44.56,45.35,45.56,181394,995439011.13,0.26,-0.46
2023-05-08,美的集团,000333,45.88,46.54,45.02,45.56,45.88,208722,1151128787.42,0.3,-0.7
2023-05-05,美的集团,000333,46.95,46.95,44.63,45.88,47.13,342123,1879206731.19,0.5,-2.65
2023-05-04,美的集团,000333,47.77,49.0,46.4,47.13,47.33,268566,1525949937.48,0.39,-0.42
2023-04-28,美的集团,000333,47.8,47.9,46.76,47.33,47.81,156906,891005834.71,0.23,-1.0
2023-04-27,美的集团,000333,46.72,48.3,46.72,47.81,47.25,157771,898336282.72,0.23,1.19
2023-04-26,美的集团,000333,47.57,47.9,46.52,47.25,48.2,239342,1357589706.8,0.35,-1.97
2023-04-25,美的集团,000333,47.55,48.59,46.2,48.2,47.58,429621,2450369690.61,0.62,1.3
2023-04-24,美的集团,000333,46.75,49.3,46.56,47.58,47.4,339921,1960933653.82,0.49,0.38
2023-04-21,美的集团,000333,47.95,49.15,47.3,47.4,47.59,398924,2311553652.07,0.58,-0.4
2023-04-20,美的集团,000333,46.73,48.59,46.73,47.59,46.63,367949,2114956905.28,0.53,2.06
2023-04-19,美的集团,000333,47.33,47.8,46.6,46.63,47.33,191887,1084909580.88,0.28,-1.48
2023-04-18,美的集团,000333,45.75,47.95,45.72,47.33,45.97,387063,2197663192.06,0.56,2.96
2023-04-17,美的集团,000333,44.46,46.13,44.44,45.97,44.49,262280,1444699532.06,0.38,3.33
2023-04-14,美的集团,000333,44.73,45.2,44.38,44.49,44.69,142124,771635251.9,0.21,-0.45
2023-04-13,美的集团,000333,45.6,45.84,44.69,44.69,46.05,182595,994810155.19,0.27,-2.95
2023-04-12,美的集团,000333,46.39,47.3,45.95,46.05,46.39,223025,1251325789.31,0.33,-0.73
2023-04-11,美的集团,000333,44.96,46.92,44.95,46.39,45.31,324366,1815026842.84,0.47,2.38
2023-04-10,美的集团,000333,44.95,45.61,44.56,45.31,45.23,156493,853817627.03,0.23,0.18
2023-04-07,美的集团,000333,44.46,45.82,44.46,45.23,44.57,158641,869954355.79,0.23,1.48
2023-04-06,美的集团,000333,44.97,45.55,44.3,44.57,45.18,152435,827518348.18,0.22,-1.35
2023-04-04,美的集团,000333,45.05,45.27,44.3,45.18,45.24,179891,975597257.04,0.26,-0.13
2023-04-03,美的集团,000333,45.55,45.95,44.75,45.24,44.36,373915,2056019794.59,0.55,1.98
2023-03-31,美的集团,000333,44.66,45.17,43.91,44.36,45.02,277888,1500198904.14,0.41,-1.47
2023-03-30,美的集团,000333,41.9,45.35,41.85,45.02,41.95,571574,3061435505.47,0.83,7.32
2023-03-29,美的集团,000333,41.93,42.12,41.65,41.95,41.64,128030,656903324.57,0.19,0.74
2023-03-28,美的集团,000333,42.25,42.63,41.61,41.64,42.4,128679,660858734.15,0.19,-1.79
2023-03-27,美的集团,000333,42.64,43.01,42.25,42.4,42.64,127683,663222019.69,0.19,-0.56
2023-03-24,美的集团,000333,42.37,42.72,42.19,42.64,42.37,132776,689957504.0,0.19,0.64
2023-03-23,美的集团,000333,42.03,42.55,41.94,42.37,42.25,123790,641022828.95,0.18,0.28
2023-03-22,美的集团,000333,42.75,42.82,41.85,42.25,42.65,135542,700825341.29,0.2,-0.94
2023-03-21,美的集团,000333,41.1,42.69,41.1,42.65,40.99,231466,1191368462.37,0.34,4.05
2023-03-20,美的集团,000333,40.73,41.68,40.65,40.99,40.88,163015,826038622.5,0.24,0.27
2023-03-17,美的集团,000333,41.05,41.73,40.61,40.88,40.59,201231,1018389815.29,0.29,0.71
2023-03-16,美的集团,000333,40.63,40.94,40.2,40.59,41.01,121820,610120756.06,0.18,-1.02
2023-03-15,美的集团,000333,42.05,42.18,40.95,41.01,41.7,209456,1067097770.98,0.31,-1.65
2023-03-14,美的集团,000333,42.27,42.46,41.25,41.7,42.61,165011,844706514.89,0.24,-2.14
2023-03-13,美的集团,000333,41.56,42.79,41.55,42.61,41.7,194837,1009855801.36,0.28,2.18
2023-03-10,美的集团,000333,42.79,43.05,41.57,41.7,43.25,192134,991798893.83,0.28,-3.58
2023-03-09,美的集团,000333,42.84,43.8,42.82,43.25,42.84,130131,688042449.66,0.19,0.96
2023-03-08,美的集团,000333,43.2,43.35,42.62,42.84,43.41,144948,759112018.2,0.21,-1.31
2023-03-07,美的集团,000333,44.39,44.92,43.25,43.41,44.38,194738,1041648711.51,0.28,-2.19
2023-03-06,美的集团,000333,45.39,45.55,44.36,44.38,45.75,259357,1403695330.05,0.38,-2.99
2023-03-03,美的集团,000333,45.8,46.39,45.21,45.75,45.4,197415,1090871927.34,0.29,0.77
2023-03-02,美的集团,000333,45.15,46.23,44.7,45.4,45.17,255490,1408679946.1,0.37,0.51
2023-03-01,美的集团,000333,43.06,45.54,43.06,45.17,43.01,432975,2350199969.15,0.63,5.02
2023-02-28,美的集团,000333,42.57,43.69,42.57,43.01,42.95,194045,1019960547.49,0.28,0.14
2023-02-27,美的集团,000333,43.15,43.53,42.41,42.95,43.53,169471,888727920.68,0.25,-1.33
2023-02-24,美的集团,000333,43.73,43.94,43.37,43.53,43.92,169278,898514540.18,0.25,-0.89
2023-02-23,美的集团,000333,43.34,44.43,43.34,43.92,43.33,240107,1283774546.62,0.35,1.36
2023-02-22,美的集团,000333,43.55,43.73,42.96,43.33,44.09,229115,1208465937.51,0.33,-1.72
2023-02-21,美的集团,000333,43.85,44.35,43.28,44.09,43.85,256493,1369820913.57,0.37,0.55
2023-02-20,美的集团,000333,42.05,44.24,41.66,43.85,41.93,383136,2019572888.96,0.56,4.58
2023-02-17,美的集团,000333,41.6,42.05,41.57,41.93,41.83,158066,811189152.47,0.23,0.24
2023-02-16,美的集团,000333,41.65,42.3,41.35,41.83,41.9,216987,1115558778.34,0.32,-0.17
2023-02-15,美的集团,000333,42.75,42.76,41.73,41.9,42.76,179488,924114015.39,0.26,-2.01
2023-02-14,美的集团,000333,43.0,43.2,42.36,42.76,42.99,214375,1116499049.93,0.31,-0.54
2023-02-13,美的集团,000333,42.05,43.13,41.58,42.99,42.17,306391,1588991528.56,0.45,1.94
2023-02-10,美的集团,000333,41.9,42.3,41.84,42.17,42.08,139889,720948239.08,0.2,0.21
2023-02-09,美的集团,000333,41.35,42.28,41.04,42.08,41.56,227383,1167989708.86,0.33,1.25
2023-02-08,美的集团,000333,41.94,42.05,41.41,41.56,42.05,191018,976761616.35,0.28,-1.17
2023-02-07,美的集团,000333,41.91,42.25,41.65,42.05,41.8,209009,1075310677.24,0.3,0.6
2023-02-06,美的集团,000333,43.36,43.36,41.63,41.8,43.86,421857,2172641978.93,0.62,-4.7
2023-02-03,美的集团,000333,44.25,44.5,43.41,43.86,44.51,208300,1109569943.18,0.3,-1.46
2023-02-02,美的集团,000333,46.0,46.15,44.17,44.51,46.05,367678,1990832646.72,0.54,-3.34
2023-02-01,美的集团,000333,45.84,46.54,45.0,46.05,45.75,267247,1474820029.11,0.39,0.66
2023-01-31,美的集团,000333,45.95,46.7,45.55,45.75,46.2,232598,1290578245.2,0.34,-0.97
2023-01-30,美的集团,000333,47.99,48.63,46.14,46.2,47.63,256196,1445902234.07,0.37,-3.0
2023-01-20,美的集团,000333,48.01,48.39,47.51,47.63,47.93,108608,621198692.31,0.16,-0.63
2023-01-19,美的集团,000333,48.01,48.1,47.25,47.93,48.15,194679,1110365666.91,0.28,-0.46
2023-01-18,美的集团,000333,48.55,49.05,47.92,48.15,48.55,130358,751785488.09,0.19,-0.82
2023-01-17,美的集团,000333,48.24,48.73,47.7,48.55,48.25,188114,1087194816.99,0.27,0.62
2023-01-16,美的集团,000333,46.58,48.91,46.57,48.25,46.5,330181,1899010907.45,0.48,3.76
2023-01-13,美的集团,000333,45.42,46.55,45.05,46.5,45.32,265803,1471250757.18,0.39,2.6
2023-01-12,美的集团,000333,44.85,45.55,44.56,45.32,45.05,145818,797908669.91,0.21,0.6
2023-01-11,美的集团,000333,44.0,45.73,43.95,45.05,44.05,214610,1171606255.18,0.31,2.27
2023-01-10,美的集团,000333,44.54,44.95,43.98,44.05,44.66,154340,829875435.25,0.23,-1.37
2023-01-09,美的集团,000333,44.65,45.0,43.95,44.66,44.56,204277,1101325466.48,0.3,0.22
2023-01-06,美的集团,000333,45.52,45.71,44.46,44.56,45.46,195001,1058139217.16,0.28,-1.98
2023-01-05,美的集团,000333,44.55,45.54,44.5,45.46,44.3,294217,1608128838.06,0.43,2.62
2023-01-04,美的集团,000333,42.24,44.38,42.2,44.3,42.43,261341,1390708574.95,0.38,4.41
2023-01-03,美的集团,000333,42.55,42.78,41.78,42.43,42.35,163628,846525405.02,0.24,0.19
2022-12-30,美的集团,000333,42.35,43.05,42.25,42.35,42.28,127733,665300212.65,0.19,0.17
2022-12-29,美的集团,000333,42.17,42.74,41.57,42.28,42.6,119951,619844870.0,0.18,-0.75
2022-12-28,美的集团,000333,42.98,43.3,42.45,42.6,43.49,163229,852152449.39,0.24,-2.05
2022-12-27,美的集团,000333,42.34,43.58,41.96,43.49,42.05,173391,911438654.31,0.25,3.42
2022-12-26,美的集团,000333,43.23,43.43,41.91,42.05,42.93,153879,795665124.7,0.22,-2.05
2022-12-23,美的集团,000333,42.53,43.7,41.98,42.93,42.75,163439,860296627.18,0.24,0.42
2022-12-22,美的集团,000333,42.49,43.83,42.32,42.75,42.23,228123,1199123081.94,0.33,1.23
2022-12-21,美的集团,000333,41.84,43.04,41.84,42.23,42.12,130742,679672974.13,0.19,0.26
2022-12-20,美的集团,000333,43.55,43.64,42.1,42.12,44.23,272454,1417537680.65,0.4,-4.77
2022-12-19,美的集团,000333,44.55,44.93,43.83,44.23,44.55,160764,864239616.69,0.23,-0.72
2022-12-16,美的集团,000333,43.83,44.7,43.32,44.55,44.18,197450,1058833012.74,0.29,0.84
2022-12-15,美的集团,000333,45.45,46.35,43.8,44.18,45.44,278043,1498675160.02,0.41,-2.77
2022-12-14,美的集团,000333,44.0,45.61,44.0,45.44,44.5,260850,1420701035.01,0.38,2.11
2022-12-13,美的集团,000333,44.76,44.95,44.2,44.5,44.98,306193,1650838607.43,0.45,-1.07
2022-12-12,美的集团,000333,44.25,45.52,43.85,44.98,44.85,466633,2533376174.82,0.68,0.29
2022-12-09,美的集团,000333,42.51,44.88,42.36,44.85,42.3,699406,3745342825.93,1.02,6.03
2022-12-08,美的集团,000333,41.9,43.03,41.39,42.3,41.8,390780,2028801619.21,0.57,1.2
2022-12-07,美的集团,000333,40.55,42.23,40.05,41.8,40.55,436564,2229128244.86,0.64,3.08
2022-12-06,美的集团,000333,40.24,41.21,39.57,40.55,40.25,325270,1629245814.12,0.47,0.75
2022-12-05,美的集团,000333,39.04,40.55,38.95,40.25,38.59,361068,1785930108.09,0.53,4.3
2022-12-02,美的集团,000333,38.59,39.15,38.31,38.59,38.86,170150,818020497.82,0.25,-0.69
2022-12-01,美的集团,000333,39.36,39.88,38.82,38.86,38.42,276045,1344223507.96,0.4,1.15
2022-11-30,美的集团,000333,38.73,39.53,38.04,38.42,38.97,272876,1310967680.21,0.4,-1.41
2022-11-29,美的集团,000333,38.55,39.33,37.47,38.97,36.84,389287,1868785966.58,0.57,5.78
2022-11-28,美的集团,000333,36.23,37.0,35.78,36.84,37.24,226551,1036165229.67,0.33,-1.07
2022-11-25,美的集团,000333,36.46,37.64,36.38,37.24,36.46,246975,1150838919.31,0.36,2.14
2022-11-24,美的集团,000333,37.3,37.75,36.33,36.46,36.83,213800,987544043.19,0.31,-1.0
2022-11-23,美的集团,000333,36.78,37.09,36.57,36.83,36.85,142552,659509321.94,0.21,-0.05
2022-11-22,美的集团,000333,36.95,37.59,36.45,36.85,36.89,235692,1092152104.18,0.34,-0.11
2022-11-21,美的集团,000333,38.02,38.02,36.79,36.89,38.52,345234,1604372657.94,0.5,-4.23
2022-11-18,美的集团,000333,38.91,39.09,38.23,38.52,38.51,160676,772609930.37,0.23,0.03
2022-11-17,美的集团,000333,38.94,39.65,38.23,38.51,39.01,192846,927024366.18,0.28,-1.28
2022-11-16,美的集团,000333,39.95,39.95,38.71,39.01,39.62,259926,1264627973.12,0.38,-1.54
2022-11-15,美的集团,000333,39.05,40.13,38.25,39.62,38.35,512288,2501777032.0,0.75,3.31
2022-11-14,美的集团,000333,38.47,39.66,37.85,38.35,36.18,1000204,4791202404.25,1.46,6.0
2022-11-11,美的集团,000333,35.08,36.75,34.26,36.18,33.52,828835,3734773539.5,1.21,7.94
2022-11-10,美的集团,000333,33.3,33.53,33.08,33.52,33.59,223054,954033824.36,0.33,-0.21
2022-11-09,美的集团,000333,33.94,34.4,33.5,33.59,33.55,229904,995215199.85,0.34,0.12
2022-11-08,美的集团,000333,33.67,33.84,33.13,33.55,33.61,305582,1312592117.08,0.45,-0.18
2022-11-07,美的集团,000333,33.55,33.81,33.06,33.61,33.64,331596,1424760638.23,0.48,-0.09
2022-11-04,美的集团,000333,32.18,33.9,32.13,33.64,32.13,457491,1955851185.02,0.67,4.7
2022-11-03,美的集团,000333,32.35,32.42,31.75,32.13,32.63,288535,1197662698.13,0.42,-1.53
2022-11-02,美的集团,000333,31.95,33.15,31.77,32.63,32.15,380199,1594625960.37,0.55,1.49
2022-11-01,美的集团,000333,31.13,32.15,30.64,32.15,30.73,480671,1965965682.2,0.7,4.62
2022-10-31,美的集团,000333,31.28,31.35,30.65,30.73,31.31,345535,1396541435.65,0.5,-1.85
2022-10-28,美的集团,000333,32.76,32.93,31.17,31.31,33.13,401750,1664548587.26,0.59,-5.49
2022-10-27,美的集团,000333,33.25,33.55,32.85,33.13,33.01,226403,965896178.55,0.33,0.36
2022-10-26,美的集团,000333,32.75,33.76,32.71,33.01,32.57,362814,1546847300.87,0.53,1.35
2022-10-25,美的集团,000333,33.35,33.5,32.53,32.57,32.94,414401,1755695125.41,0.6,-1.12
2022-10-24,美的集团,000333,34.25,34.87,32.85,32.94,34.55,459169,1972598642.79,0.67,-4.66
2022-10-21,美的集团,000333,34.94,35.33,34.32,34.55,34.93,272432,1202555594.67,0.4,-1.09
2022-10-20,美的集团,000333,35.35,35.83,34.41,34.93,35.77,366478,1635034406.28,0.53,-2.35
2022-10-19,美的集团,000333,37.91,37.91,35.72,35.77,37.99,556549,2560635750.15,0.81,-5.84
2022-10-18,美的集团,000333,38.53,38.7,37.88,37.99,38.22,270086,1286487096.99,0.39,-0.6
2022-10-17,美的集团,000333,38.26,38.4,37.85,38.22,38.54,235017,1116822628.24,0.34,-0.83
2022-10-14,美的集团,000333,37.8,38.8,37.65,38.54,37.61,313388,1498957703.41,0.46,2.47
2022-10-13,美的集团,000333,38.54,38.55,37.56,37.61,38.82,277454,1314811925.42,0.4,-3.12
2022-10-12,美的集团,000333,38.6,38.85,37.55,38.82,38.92,240971,1147459230.8,0.35,-0.26
2022-10-11,美的集团,000333,39.24,39.4,38.55,38.92,39.25,220037,1061344409.94,0.32,-0.84
2022-10-10,美的集团,000333,39.86,40.54,39.01,39.25,39.86,260145,1282724398.35,0.38,-1.53
2022-09-30,美的集团,000333,40.68,41.12,39.86,39.86,41.05,355638,1767860147.82,0.52,-2.9
2022-09-29,美的集团,000333,42.02,42.31,40.85,41.05,41.72,253195,1286757815.65,0.37,-1.61
2022-09-28,美的集团,000333,42.05,42.32,41.65,41.72,42.23,135577,697308166.11,0.2,-1.21
2022-09-27,美的集团,000333,41.7,42.43,40.85,42.23,41.6,247650,1268264653.23,0.36,1.51
2022-09-26,美的集团,000333,41.55,42.55,41.44,41.6,41.89,205533,1055235704.3,0.3,-0.69
2022-09-23,美的集团,000333,41.66,42.44,41.55,41.89,42.05,175176,899511431.7,0.26,-0.38
2022-09-22,美的集团,000333,43.29,43.3,41.84,42.05,43.4,401432,2075058537.09,0.59,-3.11
2022-09-21,美的集团,000333,44.98,45.01,42.89,43.4,44.07,267752,1414578652.97,0.39,-1.52
2022-09-20,美的集团,000333,45.4,45.65,43.85,44.07,45.53,350660,1883992924.37,0.51,-3.21
2022-09-19,美的集团,000333,45.22,45.99,44.67,45.53,45.67,203600,1115777266.41,0.3,-0.31
2022-09-16,美的集团,000333,46.54,46.65,45.45,45.67,46.89,259940,1439024736.05,0.38,-2.6
2022-09-15,美的集团,000333,46.44,47.75,46.24,46.89,46.48,289698,1636891138.76,0.42,0.88
2022-09-14,美的集团,000333,46.05,46.8,45.95,46.48,47.04,187473,1046314871.35,0.27,-1.19
2022-09-13,美的集团,000333,45.99,47.45,45.62,47.04,45.99,346024,1947119368.59,0.51,2.28
2022-09-09,美的集团,000333,43.92,46.18,43.81,45.99,43.92,523881,2884912064.83,0.76,4.71
2022-09-08,美的集团,000333,43.6,44.3,43.6,43.92,43.6,153657,822398889.27,0.22,0.73
2022-09-07,美的集团,000333,44.22,44.24,43.53,43.6,44.01,209953,1116835915.49,0.31,-0.93
2022-09-06,美的集团,000333,44.36,44.76,43.95,44.01,44.35,177962,953823605.2,0.26,-0.77
2022-09-05,美的集团,000333,43.65,44.55,43.43,44.35,44.2,190275,1017336571.66,0.28,0.34
2022-09-02,美的集团,000333,45.66,45.66,43.72,44.2,45.66,367460,1976289177.92,0.54,-3.2
2022-09-01,美的集团,000333,43.78,46.05,43.78,45.66,43.79,642105,3521209361.9,0.94,4.27
2022-08-31,美的集团,000333,42.65,44.2,42.64,43.79,42.85,462838,2459353193.95,0.68,2.19
2022-08-30,美的集团,000333,43.04,43.76,42.63,42.85,42.83,202708,1065091301.3,0.3,0.05
2022-08-29,美的集团,000333,42.15,43.42,42.06,42.83,42.78,164561,857943931.67,0.24,0.12
2022-08-26,美的集团,000333,43.03,43.21,42.44,42.78,42.78,160406,837907693.58,0.23,0.0
2022-08-25,美的集团,000333,41.94,42.96,41.52,42.78,41.94,209893,1083006133.7,0.31,2.0
2022-08-24,美的集团,000333,42.65,42.73,41.86,41.94,42.67,215842,1113905675.44,0.32,-1.71
2022-08-23,美的集团,000333,43.5,43.65,42.55,42.67,43.59,220349,1151798157.22,0.32,-2.11
2022-08-22,美的集团,000333,43.01,44.1,42.84,43.59,43.16,238176,1266026527.73,0.35,1.0
2022-08-19,美的集团,000333,43.23,43.36,42.8,43.16,43.17,132153,695288655.05,0.19,-0.02
2022-08-18,美的集团,000333,43.65,43.8,42.96,43.17,43.98,140885,742672219.82,0.21,-1.84
2022-08-17,美的集团,000333,43.21,44.43,42.66,43.98,43.15,238435,1266823797.06,0.35,1.92
2022-08-16,美的集团,000333,43.37,43.44,42.85,43.15,43.35,163357,858701197.24,0.24,-0.46
2022-08-15,美的集团,000333,43.72,44.15,43.07,43.35,43.71,183235,969855783.83,0.27,-0.82
2022-08-12,美的集团,000333,43.26,44.01,42.98,43.71,43.47,169879,899862140.62,0.25,0.55
2022-08-11,美的集团,000333,42.85,43.53,42.43,43.47,42.38,229539,1206195923.67,0.34,2.57
2022-08-10,美的集团,000333,43.18,43.18,42.32,42.38,43.21,163024,847521283.41,0.24,-1.92
2022-08-09,美的集团,000333,43.0,43.61,42.8,43.21,42.98,160516,846230165.41,0.23,0.54
2022-08-08,美的集团,000333,43.1,43.52,42.88,42.98,43.52,218082,1144520138.29,0.32,-1.24
2022-08-05,美的集团,000333,43.29,43.52,42.63,43.52,43.05,198191,1039336001.81,0.29,1.09
2022-08-04,美的集团,000333,42.95,43.32,42.65,43.05,42.8,135291,709252637.11,0.2,0.58
2022-08-03,美的集团,000333,43.76,44.56,42.63,42.8,44.15,318780,1682530015.52,0.47,-3.06
2022-08-02,美的集团,000333,44.63,44.65,43.45,44.15,45.16,260486,1393045271.36,0.38,-2.24
2022-08-01,美的集团,000333,45.8,45.85,44.63,45.16,45.53,186467,1017042233.73,0.27,-0.81
2022-07-29,美的集团,000333,46.5,46.75,45.33,45.53,46.3,237474,1312270361.9,0.35,-1.66
2022-07-28,美的集团,000333,46.55,46.69,46.06,46.3,46.47,146147,815071057.21,0.21,-0.37
2022-07-27,美的集团,000333,47.75,47.8,46.32,46.47,47.95,244410,1372601234.98,0.36,-3.09
2022-07-26,美的集团,000333,47.05,48.41,46.92,47.95,47.0,263042,1507831169.3,0.38,2.02
2022-07-25,美的集团,000333,45.65,47.27,45.56,47.0,45.64,360274,2023496096.02,0.53,2.98
2022-07-22,美的集团,000333,45.2,46.02,44.85,45.64,45.44,186461,1022770982.77,0.27,0.44
2022-07-21,美的集团,000333,46.05,46.45,45.35,45.44,45.98,163847,902059283.76,0.24,-1.17
2022-07-20,美的集团,000333,46.02,46.9,45.65,45.98,45.58,217052,1207951153.93,0.32,0.88
2022-07-19,美的集团,000333,45.65,46.21,45.31,45.58,45.84,197097,1084831637.01,0.29,-0.57
2022-07-18,美的集团,000333,45.75,46.43,44.55,45.84,45.75,235494,1297826116.98,0.34,0.2
2022-07-15,美的集团,000333,46.35,47.13,45.7,45.75,46.75,302679,1686983213.61,0.44,-2.14
2022-07-14,美的集团,000333,49.55,49.74,46.4,46.75,48.85,545200,3101127518.64,0.8,-4.3
2022-07-13,美的集团,000333,50.63,50.8,48.58,48.85,50.65,387901,2277523772.29,0.57,-3.55
2022-07-12,美的集团,000333,49.6,51.43,49.6,50.65,49.45,408104,2451083764.0,0.6,2.43
2022-07-11,美的集团,000333,48.81,49.75,48.27,49.45,49.13,273547,1600533216.0,0.4,0.65
2022-07-08,美的集团,000333,49.67,49.67,48.45,49.13,49.25,227250,1326085872.0,0.33,-0.24
2022-07-07,美的集团,000333,49.57,50.35,49.05,49.25,49.83,197472,1165987952.0,0.29,-1.16
2022-07-06,美的集团,000333,50.6,51.58,49.22,49.83,50.09,307640,1828885008.0,0.45,-0.52
2022-07-05,美的集团,000333,50.3,52.04,49.45,50.09,50.52,283847,1695670016.0,0.41,-0.85
2022-07-04,美的集团,000333,48.09,50.61,48.09,50.52,49.34,313750,1867732496.0,0.46,2.39
2022-07-01,美的集团,000333,50.74,50.74,48.71,49.34,50.94,337857,1992141904.0,0.49,-3.14
2022-06-30,美的集团,000333,49.91,51.21,49.55,50.94,49.82,370539,2223920752.0,0.54,2.25
2022-06-29,美的集团,000333,50.03,51.19,49.76,49.82,49.65,420723,2520771104.0,0.61,0.34
2022-06-28,美的集团,000333,50.15,50.15,49.0,49.65,49.65,322522,1902451600.0,0.47,0.0
2022-06-27,美的集团,000333,48.85,50.63,48.85,49.65,48.35,581584,3454900576.0,0.85,2.69
2022-06-24,美的集团,000333,46.54,49.5,46.31,48.35,46.54,732011,4236370544.0,1.07,3.89
2022-06-23,美的集团,000333,46.51,47.02,45.85,46.54,46.55,304532,1698132576.0,0.44,-0.02
2022-06-22,美的集团,000333,47.82,47.82,46.55,46.55,47.84,297211,1674082880.0,0.43,-2.7
2022-06-21,美的集团,000333,47.65,48.94,47.2,47.84,47.61,537077,3093973216.0,0.78,0.48
2022-06-20,美的集团,000333,45.71,48.1,45.71,47.61,45.31,765309,4349794560.0,1.12,5.08
2022-06-17,美的集团,000333,43.58,45.96,43.07,45.31,44.38,538134,2909185792.0,0.79,2.1
2022-06-16,美的集团,000333,45.02,45.48,44.04,44.38,44.99,359382,1942251728.0,0.53,-1.36
2022-06-15,美的集团,000333,41.67,45.55,41.67,44.99,41.98,915078,4906858752.0,1.34,7.17
2022-06-14,美的集团,000333,40.85,42.11,40.67,41.98,41.61,348424,1764306400.0,0.51,0.89
2022-06-13,美的集团,000333,42.35,42.4,41.21,41.61,42.8,404263,2064281840.0,0.59,-2.78
2022-06-10,美的集团,000333,42.66,42.89,42.3,42.8,42.93,300349,1563195296.0,0.44,-0.3
2022-06-09,美的集团,000333,43.4,43.7,42.74,42.93,43.54,286836,1507868960.0,0.42,-1.4
2022-06-08,美的集团,000333,43.56,44.35,43.08,43.54,43.55,362977,1921801472.0,0.53,-0.02
2022-06-07,美的集团,000333,43.05,43.68,42.65,43.55,43.34,291695,1540591776.0,0.43,0.48
2022-06-06,美的集团,000333,43.13,43.48,42.13,43.34,43.11,365209,1916117648.0,0.53,0.53
2022-06-02,美的集团,000333,43.31,43.33,42.63,43.11,43.12,275846,1445923344.0,0.4,-0.02
2022-06-01,美的集团,000333,43.15,43.62,42.7,43.12,43.33,292058,1584914304.0,0.43,-0.48
2022-05-31,美的集团,000333,42.34,43.33,41.95,43.33,42.25,355099,1910341888.0,0.52,2.56
2022-05-30,美的集团,000333,42.0,42.65,41.86,42.25,41.97,216385,1152606784.0,0.32,0.67
2022-05-27,美的集团,000333,43.28,43.64,41.86,41.97,42.67,352557,1897823152.0,0.52,-1.64
2022-05-26,美的集团,000333,42.25,42.93,40.65,42.67,42.25,423828,2242918336.0,0.62,0.99
2022-05-25,美的集团,000333,42.35,42.65,41.85,42.25,42.64,221974,1182899104.0,0.32,-0.91
2022-05-24,美的集团,000333,42.91,43.54,42.4,42.64,43.16,263463,1425290688.0,0.38,-1.2
2022-05-23,美的集团,000333,45.2,45.35,42.94,43.16,45.75,557831,3054327104.0,0.82,-5.66
2022-05-20,美的集团,000333,44.75,45.97,44.21,45.75,44.67,266085,1502431008.0,0.39,2.42
2022-05-19,美的集团,000333,44.64,45.04,44.18,44.67,45.48,201959,1125169392.0,0.3,-1.78
2022-05-18,美的集团,000333,46.35,46.52,44.77,45.48,46.24,222697,1258738704.0,0.33,-1.64
2022-05-17,美的集团,000333,44.85,46.35,44.55,46.24,45.05,228314,1301041280.0,0.33,2.64
2022-05-16,美的集团,000333,46.37,47.6,44.4,45.05,45.86,286645,1624257216.0,0.42,-1.77
2022-05-13,美的集团,000333,45.37,46.02,45.05,45.86,44.59,244320,1386786848.0,0.36,2.85
2022-05-12,美的集团,000333,45.43,45.43,44.13,44.59,45.53,225791,1261668400.0,0.33,-2.06
2022-05-11,美的集团,000333,45.33,46.35,44.85,45.53,45.45,359115,2038556240.0,0.52,0.18
2022-05-10,美的集团,000333,44.08,45.74,43.85,45.45,45.21,300571,1689113760.0,0.44,0.53
2022-05-09,美的集团,000333,46.1,46.37,44.62,45.21,47.05,215297,1216418064.0,0.31,-3.91
2022-05-06,美的集团,000333,46.45,47.35,46.24,47.05,47.55,212170,1232140912.0,0.31,-1.05
2022-05-05,美的集团,000333,46.9,48.23,46.7,47.55,45.94,467907,2748594256.0,0.68,3.5
2022-04-29,美的集团,000333,42.85,46.14,42.13,45.94,42.13,575241,3198610304.0,0.84,9.04
2022-04-28,美的集团,000333,42.35,42.55,40.92,42.13,41.95,252589,1335819840.0,0.37,0.43
2022-04-27,美的集团,000333,39.58,42.2,39.35,41.95,40.64,375710,1983750320.0,0.55,3.22
2022-04-26,美的集团,000333,43.92,44.32,40.36,40.64,43.92,632046,3336916864.0,0.92,-7.47
2022-04-25,美的集团,000333,45.4,46.34,43.88,43.92,45.82,325601,1837475008.0,0.48,-4.15
2022-04-22,美的集团,000333,44.45,46.37,43.53,45.82,44.88,244698,1373768016.0,0.36,2.09
2022-04-21,美的集团,000333,45.95,46.84,44.45,44.88,46.41,280000,1586256608.0,0.41,-3.3
2022-04-20,美的集团,000333,46.6,47.74,45.85,46.41,46.15,216628,1255101328.0,0.32,0.56
2022-04-19,美的集团,000333,46.5,47.0,45.91,46.15,46.42,168495,971057232.0,0.25,-0.58
2022-04-18,美的集团,000333,47.35,47.35,46.38,46.42,47.5,154682,893259008.0,0.23,-2.27
2022-04-15,美的集团,000333,47.17,48.15,47.01,47.5,47.57,212421,1246877152.0,0.31,-0.15
2022-04-14,美的集团,000333,45.87,47.93,45.87,47.57,45.42,427417,2497101920.0,0.63,4.73
2022-04-13,美的集团,000333,45.83,46.3,45.28,45.42,46.29,211987,1206396768.0,0.31,-1.88
2022-04-12,美的集团,000333,44.59,46.35,44.14,46.29,44.21,297175,1671057312.0,0.43,4.7
2022-04-11,美的集团,000333,46.3,46.32,44.12,44.21,46.18,338124,1894585184.0,0.49,-4.27
2022-04-08,美的集团,000333,46.55,46.77,45.69,46.18,46.55,226827,1297780224.0,0.33,-0.79
2022-04-07,美的集团,000333,46.5,47.97,46.46,46.55,47.26,269420,1567998976.0,0.39,-1.5
2022-04-06,美的集团,000333,46.9,48.03,46.75,47.26,47.45,307532,1798592448.0,0.45,-0.4
2022-04-01,美的集团,000333,45.35,48.09,44.66,47.45,45.85,457752,2655473472.0,0.67,3.49
2022-03-31,美的集团,000333,45.75,46.05,45.07,45.85,45.85,251336,1428403888.0,0.37,0.0
2022-03-30,美的集团,000333,43.84,45.85,43.8,45.85,43.5,339003,1899860144.0,0.5,5.4
2022-03-29,美的集团,000333,44.96,45.08,43.31,43.5,44.65,252430,1391082048.0,0.37,-2.58
2022-03-28,美的集团,000333,44.72,45.01,43.65,44.65,44.94,215853,1198968560.0,0.32,-0.65
2022-03-25,美的集团,000333,46.44,46.77,44.9,44.94,46.43,252164,1430819632.0,0.37,-3.21
2022-03-24,美的集团,000333,46.35,46.67,45.96,46.43,46.85,236787,1361843504.0,0.35,-0.9
2022-03-23,美的集团,000333,47.58,47.71,46.78,46.85,47.43,243737,1418165968.0,0.36,-1.22
2022-03-22,美的集团,000333,46.95,47.79,46.87,47.43,47.3,194040,1134303600.0,0.28,0.27
2022-03-21,美的集团,000333,47.88,48.4,46.85,47.3,47.75,306417,1798629632.0,0.45,-0.94
2022-03-18,美的集团,000333,47.55,47.86,46.5,47.75,47.55,368393,2148265056.0,0.54,0.42
2022-03-17,美的集团,000333,48.29,48.53,46.46,47.55,45.84,522664,3071637072.0,0.76,3.73
2022-03-16,美的集团,000333,45.05,46.16,43.1,45.84,43.25,529458,2962039200.0,0.77,5.99
2022-03-15,美的集团,000333,45.05,46.08,43.13,43.25,45.54,499268,2779415600.0,0.73,-5.03
2022-03-14,美的集团,000333,46.87,47.94,45.54,45.54,48.23,319186,1851362816.0,0.47,-5.58
2022-03-11,美的集团,000333,47.15,48.52,46.18,48.23,47.72,356390,2080976816.0,0.52,1.07
2022-03-10,美的集团,000333,50.06,50.24,46.97,47.72,48.37,473629,2809518528.0,0.69,-1.34
2022-03-09,美的集团,000333,48.13,48.86,45.46,48.37,48.61,562758,3289964736.0,0.82,-0.49
2022-03-08,美的集团,000333,50.75,51.85,48.55,48.61,51.36,577687,3513393056.0,0.85,-5.35
2022-03-07,美的集团,000333,53.43,53.43,50.89,51.36,54.45,476452,2998946560.0,0.7,-5.67
2022-03-04,美的集团,000333,54.8,55.18,53.94,54.45,55.52,305204,2001514128.0,0.45,-1.93
2022-03-03,美的集团,000333,56.1,56.1,54.8,55.52,55.77,262306,1743964880.0,0.38,-0.45
2022-03-02,美的集团,000333,56.35,56.35,55.05,55.77,57.18,247869,1658320784.0,0.36,-2.47
2022-03-01,美的集团,000333,55.46,57.24,54.53,57.18,55.57,406335,2724504800.0,0.59,2.9
2022-02-28,美的集团,000333,56.35,56.47,54.35,55.57,56.97,483624,3207726544.0,0.71,-2.46
2022-02-25,美的集团,000333,57.6,57.8,56.66,56.97,57.15,224171,1528873760.0,0.33,-0.31
2022-02-24,美的集团,000333,58.37,58.61,56.31,57.15,59.33,418997,2867573792.0,0.61,-3.67
2022-02-23,美的集团,000333,58.9,59.49,58.55,59.33,59.02,195986,1377756704.0,0.29,0.53
2022-02-22,美的集团,000333,60.95,61.0,58.1,59.02,61.55,363014,2550080176.0,0.53,-4.11
2022-02-21,美的集团,000333,61.65,61.67,60.85,61.55,61.85,107091,776053568.0,0.16,-0.49
2022-02-18,美的集团,000333,60.64,61.99,60.16,61.85,61.12,153925,1114787728.0,0.23,1.19
2022-02-17,美的集团,000333,61.86,62.65,60.96,61.12,62.15,177123,1288420224.0,0.26,-1.66
2022-02-16,美的集团,000333,61.03,62.34,60.65,62.15,60.88,189393,1380576752.0,0.28,2.09
2022-02-15,美的集团,000333,61.57,62.15,60.75,60.88,61.85,226626,1639397264.0,0.33,-1.57
2022-02-14,美的集团,000333,62.35,62.38,60.45,61.85,62.99,198336,1443390304.0,0.29,-1.81
2022-02-11,美的集团,000333,62.0,63.45,61.33,62.99,62.5,263156,1943208560.0,0.39,0.78
2022-02-10,美的集团,000333,64.95,65.46,62.35,62.5,65.44,400938,2986309648.0,0.59,-4.49
2022-02-09,美的集团,000333,63.45,65.92,62.75,65.44,63.15,308211,2329350896.0,0.45,3.63
2022-02-08,美的集团,000333,63.25,63.75,61.85,63.15,63.55,252228,1858705328.0,0.37,-0.63
2022-02-07,美的集团,000333,63.35,64.49,62.23,63.55,62.05,212958,1582887136.0,0.31,2.42
2022-01-28,美的集团,000333,63.68,64.85,61.88,62.05,63.67,269219,1996946176.0,0.39,-2.54
2022-01-27,美的集团,000333,64.6,65.62,63.36,63.67,65.36,258966,1951701424.0,0.38,-2.59
2022-01-26,美的集团,000333,65.32,66.38,64.39,65.36,64.7,179965,1376378672.0,0.26,1.02
2022-01-25,美的集团,000333,65.65,67.65,64.07,64.7,65.93,251852,1938021216.0,0.37,-1.87
2022-01-24,美的集团,000333,65.65,67.88,65.35,65.93,66.26,169131,1307756736.0,0.25,-0.5
2022-01-21,美的集团,000333,66.97,67.67,65.48,66.26,67.47,302262,2345227568.0,0.44,-1.79
2022-01-20,美的集团,000333,64.04,67.65,63.96,67.47,64.08,506622,3941616640.0,0.74,5.29
2022-01-19,美的集团,000333,62.55,65.04,62.31,64.08,62.15,404011,3035602736.0,0.59,3.11
2022-01-18,美的集团,000333,61.66,62.53,60.87,62.15,61.88,213077,1554810608.0,0.31,0.44
2022-01-17,美的集团,000333,60.95,62.29,60.57,61.88,60.85,203811,1481637504.0,0.3,1.69
2022-01-14,美的集团,000333,60.95,61.7,60.25,60.85,61.17,209970,1516106944.0,0.31,-0.52
2022-01-13,美的集团,000333,63.43,64.21,61.05,61.17,63.13,267326,1957650624.0,0.39,-3.1
2022-01-12,美的集团,000333,64.94,65.17,61.88,63.13,64.45,384641,2852050496.0,0.56,-2.05
2022-01-11,美的集团,000333,65.87,67.67,64.35,64.45,66.65,336945,2592315664.0,0.49,-3.3
2022-01-10,美的集团,000333,67.05,69.73,65.85,66.65,66.63,352522,2760629552.0,0.52,0.03
2022-01-07,美的集团,000333,64.33,67.33,63.86,66.63,63.83,437221,3393184320.0,0.64,4.39
2022-01-06,美的集团,000333,64.66,67.04,63.65,63.83,65.12,341889,2599839616.0,0.5,-1.98
2022-01-05,美的集团,000333,64.25,68.68,63.59,65.12,64.21,613699,4743653632.0,0.9,1.42
2022-01-04,美的集团,000333,62.85,64.35,62.45,64.21,62.66,310408,2323005424.0,0.45,2.47
2021-12-31,美的集团,000333,62.75,63.29,61.63,62.66,62.81,216734,1593276848.0,0.32,-0.24
2021-12-30,美的集团,000333,62.85,63.35,62.03,62.81,62.86,218290,1615514272.0,0.32,-0.08
2021-12-29,美的集团,000333,63.85,64.4,62.6,62.86,64.03,215843,1603790656.0,0.32,-1.83
2021-12-28,美的集团,000333,61.9,64.31,61.9,64.03,61.9,512720,3839791456.0,0.75,3.44
2021-12-27,美的集团,000333,61.05,62.85,60.75,61.9,61.01,275623,2020201840.0,0.4,1.46
2021-12-24,美的集团,000333,60.18,61.1,59.68,61.01,60.72,163775,1174612544.0,0.24,0.48
2021-12-23,美的集团,000333,59.94,61.72,59.85,60.72,60.38,196542,1412656992.0,0.29,0.56
2021-12-22,美的集团,000333,60.3,60.75,58.88,60.38,60.5,224831,1595253312.0,0.33,-0.2
2021-12-21,美的集团,000333,58.46,60.98,58.35,60.5,58.47,317597,2268444032.0,0.47,3.47
2021-12-20,美的集团,000333,57.73,59.19,57.66,58.47,57.55,206580,1440391952.0,0.3,1.6
2021-12-17,美的集团,000333,58.94,59.11,57.55,57.55,59.25,204678,1419353360.0,0.3,-2.87
2021-12-16,美的集团,000333,59.3,59.73,58.67,59.25,59.2,153604,1077897216.0,0.22,0.08
2021-12-15,美的集团,000333,59.84,60.26,59.03,59.2,59.9,165669,1169764128.0,0.24,-1.17
2021-12-14,美的集团,000333,61.1,61.33,59.9,59.9,61.8,253301,1813446496.0,0.37,-3.07
2021-12-13,美的集团,000333,61.6,64.12,61.37,61.8,60.75,543930,4021351648.0,0.8,1.73
2021-12-10,美的集团,000333,60.51,61.25,59.55,60.75,61.07,297743,2133466224.0,0.44,-0.52
2021-12-09,美的集团,000333,60.35,61.6,59.73,61.07,58.84,587206,4231464736.0,0.86,3.79
2021-12-08,美的集团,000333,59.24,59.3,57.85,58.84,59.08,244486,1705575360.0,0.36,-0.41
2021-12-07,美的集团,000333,57.95,59.25,57.95,59.08,57.42,459961,3221759584.0,0.67,2.89
2021-12-06,美的集团,000333,56.01,57.63,55.96,57.42,56.01,281560,1927815520.0,0.41,2.52
2021-12-03,美的集团,000333,56.56,56.56,55.53,56.01,56.59,217092,1455435328.0,0.32,-1.02
2021-12-02,美的集团,000333,56.23,56.82,55.96,56.59,57.01,172928,1169569312.0,0.25,-0.74
2021-12-01,美的集团,000333,56.52,57.05,56.05,57.01,56.63,180101,1220013296.0,0.26,0.67
2021-11-30,美的集团,000333,56.71,58.0,56.52,56.63,57.02,195437,1332560752.0,0.29,-0.68
2021-11-29,美的集团,000333,56.84,57.43,56.57,57.02,57.66,200021,1361366064.0,0.29,-1.11
2021-11-26,美的集团,000333,57.85,58.3,57.43,57.66,57.99,140484,969361344.0,0.21,-0.57
2021-11-25,美的集团,000333,58.85,58.85,57.93,57.99,59.0,181103,1254877488.0,0.27,-1.71
2021-11-24,美的集团,000333,59.0,59.22,57.87,59.0,58.32,252710,1761908032.0,0.37,1.17
2021-11-23,美的集团,000333,58.79,58.79,57.87,58.32,58.8,224157,1554230544.0,0.33,-0.82
2021-11-22,美的集团,000333,58.58,59.13,58.35,58.8,58.85,229662,1602179696.0,0.34,-0.08
2021-11-19,美的集团,000333,59.07,59.35,58.16,58.85,59.07,251030,1750975584.0,0.37,-0.37
2021-11-18,美的集团,000333,60.68,60.69,58.83,59.07,60.96,194134,1370784032.0,0.28,-3.1
2021-11-17,美的集团,000333,61.1,62.05,60.37,60.96,61.58,143903,1039576304.0,0.21,-1.01
2021-11-16,美的集团,000333,61.85,62.35,61.24,61.58,61.33,211402,1540309648.0,0.31,0.41
2021-11-15,美的集团,000333,60.85,61.85,60.35,61.33,61.02,214973,1553116112.0,0.32,0.51
2021-11-12,美的集团,000333,60.73,62.73,60.45,61.02,60.89,266144,1929374928.0,0.39,0.21
2021-11-11,美的集团,000333,58.04,61.21,57.75,60.89,58.43,363320,2604623040.0,0.53,4.21
2021-11-10,美的集团,000333,57.54,58.65,56.87,58.43,57.85,237358,1632341264.0,0.35,1.0
2021-11-09,美的集团,000333,59.2,59.2,57.22,57.85,59.29,227670,1571550512.0,0.33,-2.43
2021-11-08,美的集团,000333,59.48,59.81,58.65,59.29,59.6,149610,1051451984.0,0.22,-0.52
2021-11-05,美的集团,000333,59.16,60.66,58.64,59.6,59.57,186306,1321929408.0,0.27,0.05
2021-11-04,美的集团,000333,58.85,60.09,58.34,59.57,58.17,236741,1667235040.0,0.35,2.41
2021-11-03,美的集团,000333,58.88,60.35,58.17,58.17,59.66,221363,1550205584.0,0.32,-2.5
2021-11-02,美的集团,000333,61.66,62.24,59.23,59.66,61.66,339796,2430850400.0,0.5,-3.24
2021-11-01,美的集团,000333,60.12,62.77,59.5,61.66,57.62,748111,5437920512.0,1.1,7.01
2021-10-29,美的集团,000333,56.28,58.35,56.15,57.62,56.97,282021,1933712608.0,0.41,1.14
2021-10-28,美的集团,000333,55.35,57.2,54.89,56.97,55.85,277979,1876958736.0,0.41,2.01
2021-10-27,美的集团,000333,57.91,58.3,55.85,55.85,58.87,678497,4597497856.0,0.99,-5.13
2021-10-26,美的集团,000333,60.6,60.83,58.87,58.87,61.25,396448,2798221888.0,0.58,-3.89
2021-10-25,美的集团,000333,62.84,63.15,60.45,61.25,63.35,430581,3124400480.0,0.63,-3.31
2021-10-22,美的集团,000333,58.82,63.85,58.8,63.35,58.53,819479,6030294016.0,1.2,8.24
2021-10-21,美的集团,000333,57.13,58.64,56.89,58.53,56.92,205973,1416973728.0,0.3,2.83
2021-10-20,美的集团,000333,58.85,59.35,56.87,56.92,58.73,302766,2074541248.0,0.44,-3.08
2021-10-19,美的集团,000333,58.16,59.31,57.9,58.73,58.47,181045,1265164864.0,0.27,0.44
2021-10-18,美的集团,000333,59.85,59.85,57.85,58.47,59.85,219019,1524555392.0,0.32,-2.31
2021-10-15,美的集团,000333,59.85,60.63,59.21,59.85,58.98,204251,1447693568.0,0.3,1.48
2021-10-14,美的集团,000333,59.88,60.47,58.5,58.98,59.85,162334,1143450656.0,0.24,-1.45
2021-10-13,美的集团,000333,60.85,61.07,59.1,59.85,60.47,160559,1139319632.0,0.24,-1.03
2021-10-12,美的集团,000333,59.96,61.43,58.93,60.47,59.93,215990,1548732752.0,0.32,0.9
2021-10-11,美的集团,000333,61.55,61.95,59.93,59.93,61.35,234492,1683573328.0,0.34,-2.31
2021-10-08,美的集团,000333,59.05,61.43,58.6,61.35,58.45,416134,2987690480.0,0.61,4.96
2021-09-30,美的集团,000333,59.12,59.98,58.35,58.45,59.12,218791,1537243040.0,0.32,-1.13
2021-09-29,美的集团,000333,58.8,59.75,58.13,59.12,59.12,295308,2075477392.0,0.43,0.0
2021-09-28,美的集团,000333,56.92,59.35,56.16,59.12,57.55,347514,2424145968.0,0.51,2.73
2021-09-27,美的集团,000333,56.04,59.24,55.62,57.55,56.05,332665,2292141632.0,0.49,2.68
2021-09-24,美的集团,000333,55.35,57.05,54.94,56.05,55.64,273724,1841748624.0,0.4,0.74
2021-09-23,美的集团,000333,55.61,55.95,54.85,55.64,54.93,199430,1327533712.0,0.29,1.29
2021-09-22,美的集团,000333,55.85,56.15,54.73,54.93,57.11,239678,1589166512.0,0.35,-3.82
2021-09-17,美的集团,000333,55.21,57.13,54.94,57.11,54.8,260977,1757915168.0,0.38,4.22
2021-09-16,美的集团,000333,55.37,56.03,54.65,54.8,55.37,294662,1952956768.0,0.43,-1.03
2021-09-15,美的集团,000333,56.86,57.27,54.65,55.37,57.28,396307,2652852000.0,0.58,-3.33
2021-09-14,美的集团,000333,59.85,60.25,57.06,57.28,59.83,307033,2132022304.0,0.45,-4.26
2021-09-13,美的集团,000333,61.17,61.54,59.58,59.83,61.25,212938,1519720224.0,0.31,-2.32
2021-09-10,美的集团,000333,60.87,61.85,59.95,61.25,60.87,210796,1520883792.0,0.31,0.62
2021-09-09,美的集团,000333,61.57,62.2,60.08,60.87,61.57,223508,1611240096.0,0.33,-1.14
2021-09-08,美的集团,000333,61.85,62.5,61.06,61.57,61.87,266824,1945966048.0,0.39,-0.48
2021-09-07,美的集团,000333,61.55,62.78,60.66,61.87,60.97,389370,2852011280.0,0.57,1.48
2021-09-06,美的集团,000333,58.97,62.09,58.96,60.97,58.89,396106,2853865984.0,0.58,3.53
2021-09-03,美的集团,000333,57.82,58.98,57.05,58.89,58.04,286808,1995822448.0,0.42,1.46
2021-09-02,美的集团,000333,58.43,58.43,56.7,58.04,58.0,427613,2930294688.0,0.63,0.07
2021-09-01,美的集团,000333,55.36,58.7,54.03,58.0,54.85,541205,3688604128.0,0.79,5.74
2021-08-31,美的集团,000333,54.75,56.74,54.11,54.85,54.83,319641,2120020160.0,0.47,0.04
2021-08-30,美的集团,000333,56.8,56.96,54.16,54.83,56.65,453444,2990768864.0,0.66,-3.21
2021-08-27,美的集团,000333,56.78,57.83,56.23,56.65,56.78,245561,1670326400.0,0.36,-0.23
2021-08-26,美的集团,000333,57.99,58.5,56.36,56.78,58.0,305609,2082846688.0,0.45,-2.1
2021-08-25,美的集团,000333,58.95,59.55,57.85,58.0,59.35,253519,1761336896.0,0.37,-2.27
2021-08-24,美的集团,000333,59.05,60.0,57.03,59.35,59.46,387440,2700934784.0,0.56,-0.18
2021-08-23,美的集团,000333,60.55,61.4,58.98,59.46,60.85,242164,1715542960.0,0.35,-2.28
2021-08-20,美的集团,000333,59.84,61.34,58.64,60.85,60.79,301298,2143875728.0,0.44,0.1
2021-08-19,美的集团,000333,63.81,64.13,60.72,60.79,63.35,328662,2403024432.0,0.48,-4.04
2021-08-18,美的集团,000333,62.24,63.85,61.55,63.35,62.25,326173,2419424672.0,0.47,1.77
2021-08-17,美的集团,000333,63.83,64.35,61.96,62.25,63.84,414103,3078533152.0,0.6,-2.49
2021-08-16,美的集团,000333,60.46,64.3,60.3,63.84,60.46,663056,4925830144.0,0.96,5.59
2021-08-13,美的集团,000333,59.77,60.83,58.65,60.46,59.77,303013,2153012736.0,0.44,1.15
2021-08-12,美的集团,000333,60.35,61.32,59.45,59.77,60.78,305393,2176736608.0,0.44,-1.66
2021-08-11,美的集团,000333,61.19,62.4,60.72,60.78,61.7,285607,2073013760.0,0.41,-1.49
2021-08-10,美的集团,000333,60.95,61.7,59.68,61.7,61.32,323715,2326129712.0,0.47,0.62
2021-08-09,美的集团,000333,58.45,62.35,58.22,61.32,59.2,513619,3711851360.0,0.75,3.58
2021-08-06,美的集团,000333,58.85,59.9,56.9,59.2,58.75,344818,2410494000.0,0.5,0.77
2021-08-05,美的集团,000333,58.3,60.46,57.94,58.75,58.84,453383,3201066032.0,0.66,-0.15
2021-08-04,美的集团,000333,59.25,60.53,58.58,58.84,59.77,426362,3000695824.0,0.62,-1.56
2021-08-03,美的集团,000333,54.35,61.11,54.03,59.77,54.93,899928,6224743168.0,1.31,8.81
2021-08-02,美的集团,000333,52.35,55.51,51.43,54.93,52.36,544453,3553099536.0,0.79,4.91
2021-07-30,美的集团,000333,51.94,52.93,50.81,52.36,52.15,419779,2648623984.0,0.61,0.4
2021-07-29,美的集团,000333,53.35,53.35,51.48,52.15,52.13,392713,2485962576.0,0.57,0.04
2021-07-28,美的集团,000333,50.25,52.65,49.96,52.13,50.25,477829,2994650496.0,0.69,3.74
2021-07-27,美的集团,000333,53.52,53.83,50.25,50.25,53.53,618699,3893777296.0,0.9,-6.13
2021-07-26,美的集团,000333,54.43,54.92,52.72,53.53,55.81,570129,3709400704.0,0.83,-4.09
2021-07-23,美的集团,000333,57.15,57.73,55.36,55.81,57.15,424513,2851914800.0,0.62,-2.34
2021-07-22,美的集团,000333,56.84,58.74,55.83,57.15,56.84,428838,2952043808.0,0.62,0.55
2021-07-21,美的集团,000333,58.57,58.77,56.66,56.84,58.46,515187,3525935840.0,0.75,-2.77
2021-07-20,美的集团,000333,58.51,59.07,57.86,58.46,58.99,230948,1603201072.0,0.34,-0.9
2021-07-19,美的集团,000333,58.64,59.15,57.45,58.99,58.55,305612,2124892128.0,0.44,0.75
2021-07-16,美的集团,000333,60.15,60.15,57.65,58.55,60.02,456910,3180537680.0,0.66,-2.45
2021-07-15,美的集团,000333,60.85,61.2,59.46,60.02,60.85,319702,2276242688.0,0.46,-1.36
2021-07-14,美的集团,000333,61.3,61.65,60.41,60.85,61.65,334055,2405155840.0,0.48,-1.3
2021-07-13,美的集团,000333,59.63,62.18,59.43,61.65,59.55,474532,3430086448.0,0.69,3.53
2021-07-12,美的集团,000333,58.49,60.35,57.77,59.55,58.05,404955,2860148832.0,0.59,2.58
2021-07-09,美的集团,000333,58.4,59.43,57.56,58.05,58.85,290798,2016604912.0,0.42,-1.36
2021-07-08,美的集团,000333,58.85,59.64,57.71,58.85,59.24,359770,2508845296.0,0.52,-0.66
2021-07-07,美的集团,000333,57.8,60.8,57.46,59.24,57.46,559598,3961973984.0,0.81,3.1
2021-07-06,美的集团,000333,56.51,58.2,55.66,57.46,57.05,410637,2802133744.0,0.6,0.72
2021-07-05,美的集团,000333,59.13,59.22,55.63,57.05,59.95,780811,5309270272.0,1.13,-4.84
2021-07-02,美的集团,000333,61.48,61.6,59.51,59.95,62.09,403184,2873257072.0,0.59,-3.45
2021-07-01,美的集团,000333,60.15,62.24,59.41,62.09,60.22,446418,3221962176.0,0.65,3.11
2021-06-30,美的集团,000333,59.95,60.75,59.7,60.22,60.31,284444,2022265552.0,0.41,-0.15
2021-06-29,美的集团,000333,62.63,62.65,60.09,60.31,62.06,349799,2518377824.0,0.51,-2.82
2021-06-28,美的集团,000333,62.03,62.75,61.35,62.06,62.02,306846,2240502736.0,0.45,0.06
2021-06-25,美的集团,000333,62.42,62.63,61.43,62.02,62.05,412552,3019079360.0,0.6,-0.05
2021-06-24,美的集团,000333,63.35,63.35,61.56,62.05,62.02,287028,2103271904.0,0.42,0.05
2021-06-23,美的集团,000333,60.06,62.14,59.55,62.02,60.13,434044,3139531920.0,0.63,3.14
2021-06-22,美的集团,000333,60.75,61.73,59.73,60.13,60.85,410342,2942649264.0,0.6,-1.18
2021-06-21,美的集团,000333,62.67,62.68,60.02,60.85,62.65,477386,3450150416.0,0.69,-2.87
2021-06-18,美的集团,000333,62.18,63.06,61.01,62.65,62.31,388179,2831313008.0,0.56,0.55
2021-06-17,美的集团,000333,64.05,64.18,62.15,62.31,63.85,299292,2214198272.0,0.43,-2.41
2021-06-16,美的集团,000333,62.75,64.11,62.05,63.85,62.09,449702,3359892672.0,0.65,2.83
2021-06-15,美的集团,000333,62.72,63.35,60.85,62.09,62.85,445900,3245305088.0,0.65,-1.21
2021-06-11,美的集团,000333,64.25,64.45,62.36,62.85,64.25,465214,3444045472.0,0.68,-2.18
2021-06-10,美的集团,000333,64.55,64.79,63.75,64.25,64.44,320756,2419455648.0,0.47,-0.29
2021-06-09,美的集团,000333,65.12,65.47,64.05,64.44,64.87,251380,1900479888.0,0.37,-0.66
2021-06-08,美的集团,000333,65.75,66.15,64.48,64.87,65.63,320893,2446270928.0,0.47,-1.16
2021-06-07,美的集团,000333,66.6,66.62,65.0,65.63,66.58,277275,2124176464.0,0.4,-1.43
2021-06-04,美的集团,000333,66.26,67.35,65.38,66.58,66.78,283066,2194930976.0,0.41,-0.3
2021-06-03,美的集团,000333,68.35,68.69,66.33,66.78,68.35,416690,3262957920.0,0.61,-2.3
2021-06-02,美的集团,000333,68.25,68.35,67.35,68.35,67.42,342847,2706286208.0,0.5,1.38
2021-06-01,美的集团,000333,68.16,68.16,66.57,67.42,68.25,473371,3776569520.0,0.69,-1.22
2021-05-31,美的集团,000333,69.95,69.95,66.99,68.25,69.78,523951,4208270640.0,0.76,-2.19
2021-05-28,美的集团,000333,70.53,70.54,69.25,69.78,71.15,387415,3196831616.0,0.56,-1.93
2021-05-27,美的集团,000333,72.24,72.28,70.68,71.15,71.58,296157,2486863200.0,0.43,-0.6
2021-05-26,美的集团,000333,71.15,72.24,69.7,71.58,70.53,360382,3021930592.0,0.52,1.49
2021-05-25,美的集团,000333,70.22,71.45,69.59,70.53,69.45,417467,3478155184.0,0.61,1.56
2021-05-24,美的集团,000333,69.88,70.25,68.2,69.45,68.8,360149,2956298656.0,0.52,0.94
2021-05-21,美的集团,000333,68.35,70.35,68.12,68.8,67.95,502224,4119754976.0,0.73,1.25
2021-05-20,美的集团,000333,66.25,68.11,64.82,67.95,64.58,735331,5884598528.0,1.07,5.22
2021-05-19,美的集团,000333,64.3,65.01,63.75,64.58,65.09,225053,1736145792.0,0.33,-0.78
2021-05-18,美的集团,000333,67.05,67.25,64.45,65.09,65.65,268555,2106345392.0,0.39,-0.85
2021-05-17,美的集团,000333,64.25,66.6,64.13,65.65,63.69,418092,3276114960.0,0.61,3.08
2021-05-14,美的集团,000333,62.55,63.82,60.87,63.69,62.4,304811,2297770128.0,0.44,2.07
2021-05-13,美的集团,000333,63.37,63.75,62.25,62.4,64.52,329508,2482149424.0,0.48,-3.29
2021-05-12,美的集团,000333,66.15,66.15,63.7,64.52,65.59,273410,2106351408.0,0.4,-1.63
2021-05-11,美的集团,000333,64.41,66.25,63.84,65.59,65.25,273335,2127125360.0,0.4,0.52
2021-05-10,美的集团,000333,63.08,66.45,63.08,65.25,62.33,549440,4265793296.0,0.8,4.68
2021-05-07,美的集团,000333,64.65,64.8,62.25,62.33,64.81,437295,3308412784.0,0.64,-3.83
2021-05-06,美的集团,000333,65.56,67.02,64.74,64.81,67.42,491159,3841342544.0,0.71,-3.87
2021-04-30,美的集团,000333,71.95,71.95,67.05,67.42,70.68,582377,4702118144.0,0.85,-4.61
2021-04-29,美的集团,000333,69.31,71.5,69.12,70.68,68.8,298160,2474034000.0,0.43,2.73
2021-04-28,美的集团,000333,68.25,68.95,67.33,68.8,67.97,179026,1452688944.0,0.26,1.22
2021-04-27,美的集团,000333,67.22,68.88,66.45,67.97,67.28,190001,1531692784.0,0.28,1.03
2021-04-26,美的集团,000333,71.49,72.25,67.16,67.28,71.11,418029,3424838080.0,0.61,-5.39
2021-04-23,美的集团,000333,67.67,71.25,67.51,71.11,67.5,451416,3741273488.0,0.66,5.35
2021-04-22,美的集团,000333,66.87,67.54,66.26,67.5,66.85,230969,1841507584.0,0.34,0.97
2021-04-21,美的集团,000333,67.25,67.75,66.75,66.85,68.23,251906,2010416384.0,0.37,-2.02
2021-04-20,美的集团,000333,68.33,68.75,67.28,68.23,68.92,231534,1866628048.0,0.34,-1.0
2021-04-19,美的集团,000333,67.25,69.36,66.25,68.92,67.15,267594,2175802608.0,0.39,2.64
2021-04-16,美的集团,000333,67.55,67.85,66.15,67.15,67.53,153478,1222574464.0,0.22,-0.56
2021-04-15,美的集团,000333,67.38,68.25,66.21,67.53,67.38,174453,1393503616.0,0.25,0.22
2021-04-14,美的集团,000333,66.22,67.88,66.14,67.38,65.94,210692,1685738016.0,0.31,2.18
2021-04-13,美的集团,000333,66.2,67.07,65.37,65.94,66.55,213628,1686748576.0,0.31,-0.92
2021-04-12,美的集团,000333,67.55,68.51,66.25,66.55,67.7,252775,2012933376.0,0.37,-1.7
2021-04-09,美的集团,000333,70.23,70.23,67.49,67.7,69.93,322386,2610503424.0,0.47,-3.19
2021-04-08,美的集团,000333,69.76,70.17,69.2,69.93,69.97,182114,1502128960.0,0.26,-0.06
2021-04-07,美的集团,000333,71.63,71.74,69.13,69.97,71.63,299775,2467818336.0,0.44,-2.32
2021-04-06,美的集团,000333,74.41,74.95,71.25,71.63,74.36,257668,2190978640.0,0.37,-3.67
2021-04-02,美的集团,000333,72.75,75.75,72.15,74.36,72.68,291525,2546245040.0,0.42,2.31
2021-04-01,美的集团,000333,69.25,73.13,69.05,72.68,69.48,352045,2987621056.0,0.51,4.61
2021-03-31,美的集团,000333,70.05,70.23,68.5,69.48,69.72,273525,2245618464.0,0.4,-0.34
2021-03-30,美的集团,000333,69.11,70.74,68.36,69.72,68.72,351972,2898062096.0,0.51,1.46
2021-03-29,美的集团,000333,69.21,69.72,68.25,68.72,69.26,294535,2406536464.0,0.43,-0.78
2021-03-26,美的集团,000333,68.35,69.75,67.21,69.26,67.93,310830,2533340704.0,0.45,1.96
2021-03-25,美的集团,000333,68.32,68.75,66.55,67.93,68.93,247525,1990607888.0,0.36,-1.45
2021-03-24,美的集团,000333,68.75,69.73,68.51,68.93,68.72,235368,1923709264.0,0.34,0.31
2021-03-23,美的集团,000333,70.63,70.69,68.32,68.72,70.63,369696,3027477696.0,0.54,-2.7
2021-03-22,美的集团,000333,72.24,72.78,69.55,70.63,72.56,314093,2620969360.0,0.46,-2.66
2021-03-19,美的集团,000333,72.25,73.85,71.64,72.56,73.96,305292,2610073936.0,0.44,-1.89
2021-03-18,美的集团,000333,72.23,74.25,72.05,73.96,71.32,347036,2986372288.0,0.5,3.7
2021-03-17,美的集团,000333,69.26,71.53,68.61,71.32,69.83,370952,3081574544.0,0.54,2.13
2021-03-16,美的集团,000333,69.66,70.28,68.8,69.83,69.55,349261,2877253728.0,0.51,0.4
2021-03-15,美的集团,000333,72.06,72.09,68.25,69.55,73.21,490514,4035896112.0,0.71,-5.0
2021-03-12,美的集团,000333,73.22,75.28,72.46,73.21,73.2,323645,2806048368.0,0.47,0.01
2021-03-11,美的集团,000333,71.83,73.75,70.75,73.2,70.91,408116,3495579072.0,0.59,3.23
2021-03-10,美的集团,000333,71.25,71.91,69.3,70.91,69.24,473168,3942944032.0,0.69,2.41
2021-03-09,美的集团,000333,71.9,72.15,68.95,69.24,72.75,568963,4741767424.0,0.83,-4.82
2021-03-08,美的集团,000333,75.75,76.96,72.69,72.75,76.75,488293,4260904992.0,0.71,-5.21
2021-03-05,美的集团,000333,74.82,77.52,73.28,76.75,77.15,409487,3626107488.0,0.6,-0.52
2021-03-04,美的集团,000333,79.47,79.83,76.69,77.15,80.74,446348,4041856224.0,0.65,-4.45
2021-03-03,美的集团,000333,79.98,80.97,78.75,80.74,80.77,330592,3072269136.0,0.48,-0.04
2021-03-02,美的集团,000333,82.12,83.09,79.95,80.77,80.58,473398,4469317376.0,0.69,0.24
2021-03-01,美的集团,000333,80.65,82.55,79.08,80.58,80.33,370844,3475175712.0,0.54,0.31
2021-02-26,美的集团,000333,79.25,81.74,78.27,80.33,81.19,601123,5569084672.0,0.87,-1.06
2021-02-25,美的集团,000333,82.15,83.04,79.35,81.19,82.27,416370,3934052800.0,0.61,-1.31
2021-02-24,美的集团,000333,83.35,85.85,80.37,82.27,78.19,1003546,9587929088.0,1.46,5.22
2021-02-23,美的集团,000333,76.3,79.25,76.08,78.19,77.69,604755,5494666752.0,0.88,0.64
2021-02-22,美的集团,000333,84.53,84.53,77.63,77.69,85.24,903986,8324148736.0,1.32,-8.86
2021-02-19,美的集团,000333,82.26,85.58,82.26,85.24,85.55,693877,6722204928.0,1.01,-0.36
2021-02-18,美的集团,000333,94.37,94.61,84.25,85.55,94.36,940429,9433652480.0,1.37,-9.34
2021-02-10,美的集团,000333,90.17,95.25,88.75,94.36,89.15,536799,5641813760.0,0.78,5.84
2021-02-09,美的集团,000333,84.84,89.15,84.14,89.15,83.91,537122,5347054592.0,0.78,6.24
2021-02-08,美的集团,000333,84.51,84.75,81.65,83.91,84.5,377436,3614401920.0,0.55,-0.7
2021-02-05,美的集团,000333,84.23,85.62,82.25,84.5,83.65,372624,3600456016.0,0.54,1.02
2021-02-04,美的集团,000333,83.54,84.84,82.48,83.65,84.89,364864,3514921392.0,0.53,-1.46
2021-02-03,美的集团,000333,86.75,87.65,83.45,84.89,85.83,323955,3178416768.0,0.47,-1.1
2021-02-02,美的集团,000333,84.65,87.45,84.65,85.83,85.45,315444,3125263984.0,0.46,0.44
2021-02-01,美的集团,000333,83.58,85.76,81.91,85.45,83.58,286063,2784442672.0,0.42,2.24
2021-01-29,美的集团,000333,82.6,85.04,80.93,83.58,82.41,372465,3576339184.0,0.54,1.42
2021-01-28,美的集团,000333,83.78,84.24,81.75,82.41,85.2,310572,2959282880.0,0.45,-3.27
2021-01-27,美的集团,000333,84.34,87.09,83.63,85.2,85.19,283269,2781047168.0,0.41,0.01
2021-01-26,美的集团,000333,88.25,88.25,84.35,85.19,89.23,407670,4006657952.0,0.59,-4.53
2021-01-25,美的集团,000333,88.25,90.12,85.95,89.23,87.82,377360,3802697808.0,0.55,1.61
2021-01-22,美的集团,000333,87.25,88.78,85.34,87.82,87.35,307756,3069095088.0,0.45,0.54
2021-01-21,美的集团,000333,84.49,88.25,84.24,87.35,83.53,409302,4074982800.0,0.6,4.57
2021-01-20,美的集团,000333,83.25,85.37,82.75,83.53,82.1,322023,3113133920.0,0.47,1.74
2021-01-19,美的集团,000333,86.94,87.36,81.73,82.1,86.37,423078,4087923632.0,0.62,-4.94
2021-01-18,美的集团,000333,86.64,87.53,84.76,86.37,86.94,286772,2849767536.0,0.42,-0.66
2021-01-15,美的集团,000333,86.28,87.42,84.03,86.94,86.85,357438,3524028272.0,0.52,0.1
2021-01-14,美的集团,000333,90.85,91.64,86.64,86.85,90.59,373815,3780641248.0,0.54,-4.13
2021-01-13,美的集团,000333,92.25,92.96,89.29,90.59,91.35,343487,3560584736.0,0.5,-0.83
2021-01-12,美的集团,000333,87.56,91.53,87.56,91.35,88.25,355296,3670971680.0,0.52,3.51
2021-01-11,美的集团,000333,90.45,91.58,87.25,88.25,90.26,341892,3506431344.0,0.5,-2.23
2021-01-08,美的集团,000333,91.25,91.95,88.5,90.26,92.07,330690,3409516336.0,0.48,-1.97
2021-01-07,美的集团,000333,89.25,92.92,88.45,92.07,88.21,451401,4687111424.0,0.66,4.38
2021-01-06,美的集团,000333,90.25,92.05,86.9,88.21,88.79,360203,3662399232.0,0.52,-0.65
2021-01-05,美的集团,000333,85.32,89.19,84.25,88.79,86.26,351148,3515823440.0,0.51,2.93
2021-01-04,美的集团,000333,86.15,89.2,85.28,86.26,85.69,338827,3379358336.0,0.49,0.67
2020-12-31,美的集团,000333,83.25,86.23,83.23,85.69,83.23,268672,2633031808.0,0.39,2.96
2020-12-30,美的集团,000333,82.75,83.85,81.46,83.23,82.44,231644,2212516048.0,0.34,0.96
2020-12-29,美的集团,000333,83.01,83.04,81.01,82.44,83.05,216552,2053512080.0,0.32,-0.73
2020-12-28,美的集团,000333,80.73,84.6,80.66,83.05,80.83,394786,3781019568.0,0.58,2.75
2020-12-25,美的集团,000333,79.92,81.47,78.75,80.83,80.14,217072,2025214064.0,0.32,0.86
2020-12-24,美的集团,000333,79.25,80.14,77.8,80.14,79.25,197783,1823517280.0,0.29,1.12
2020-12-23,美的集团,000333,77.23,80.75,76.78,79.25,77.0,390547,3606420448.0,0.57,2.92
2020-12-22,美的集团,000333,75.58,78.03,74.67,77.0,76.06,310715,2775989184.0,0.45,1.24
2020-12-21,美的集团,000333,76.97,76.97,74.29,76.06,76.55,283689,2499704928.0,0.41,-0.64
2020-12-18,美的集团,000333,76.36,77.24,75.57,76.55,76.92,274777,2446471120.0,0.4,-0.48
2020-12-17,美的集团,000333,75.95,78.03,75.7,76.92,75.35,316461,2841397968.0,0.46,2.08
2020-12-16,美的集团,000333,73.36,76.32,73.18,75.35,72.98,413021,3638872832.0,0.6,3.25
2020-12-15,美的集团,000333,72.17,73.65,70.65,72.98,71.69,328120,2794791696.0,0.48,1.8
2020-12-14,美的集团,000333,73.13,73.25,70.58,71.69,71.25,262470,2213586000.0,0.38,0.62
2020-12-11,美的集团,000333,73.15,73.15,70.66,71.25,72.35,225061,1901113984.0,0.33,-1.52
2020-12-10,美的集团,000333,70.75,72.7,70.75,72.35,70.81,253001,2144184256.0,0.37,2.17
2020-12-09,美的集团,000333,73.26,73.87,70.75,70.81,73.95,461126,3893407712.0,0.67,-4.25
2020-12-08,美的集团,000333,74.77,75.38,72.7,73.95,75.31,366900,3164772032.0,0.54,-1.81
2020-12-07,美的集团,000333,76.13,76.25,74.77,75.31,75.61,202285,1786091232.0,0.3,-0.4
2020-12-04,美的集团,000333,76.07,76.31,74.42,75.61,76.85,327226,2876036672.0,0.48,-1.61
2020-12-03,美的集团,000333,77.04,77.33,75.46,76.85,77.16,255520,2276665600.0,0.37,-0.4
2020-12-02,美的集团,000333,76.25,77.84,75.79,77.16,75.17,366072,3286902400.0,0.53,2.65
2020-12-01,美的集团,000333,73.5,75.25,73.5,75.17,74.1,236925,2071081952.0,0.35,1.44
2020-11-30,美的集团,000333,74.56,75.75,73.51,74.1,75.05,299269,2612282352.0,0.44,-1.27
2020-11-27,美的集团,000333,74.71,76.11,73.79,75.05,74.27,230373,2020721664.0,0.34,1.05
2020-11-26,美的集团,000333,76.25,76.81,73.26,74.27,76.81,475096,4132461360.0,0.69,-3.31
2020-11-25,美的集团,000333,77.9,78.64,76.1,76.81,77.9,291595,2615178240.0,0.43,-1.4
2020-11-24,美的集团,000333,80.67,80.7,76.26,77.9,80.72,399669,3622773264.0,0.58,-3.49
2020-11-23,美的集团,000333,77.75,80.93,76.67,80.72,78.84,456914,4209477920.0,0.67,2.38
2020-11-20,美的集团,000333,81.38,82.04,78.71,78.84,81.25,461606,4276105440.0,0.67,-2.97
2020-11-19,美的集团,000333,77.25,82.57,76.76,81.25,76.54,413156,3844141232.0,0.6,6.15
2020-11-18,美的集团,000333,77.29,78.8,75.4,76.54,77.17,229527,2060518096.0,0.34,-0.82
2020-11-17,美的集团,000333,77.05,78.75,76.62,77.17,76.61,289689,2613751008.0,0.42,0.73
2020-11-16,美的集团,000333,78.75,79.05,74.31,76.61,77.77,372724,3320826096.0,0.54,-1.49
2020-11-13,美的集团,000333,77.55,77.81,76.04,77.77,77.85,216052,1936924432.0,0.32,-0.1
2020-11-12,美的集团,000333,77.75,78.04,75.48,77.85,75.35,282238,2536913936.0,0.41,3.32
2020-11-11,美的集团,000333,75.45,77.02,73.93,75.35,76.91,341980,3021631440.0,0.5,-2.03
2020-11-10,美的集团,000333,76.95,76.97,73.76,76.91,77.97,352383,3113825056.0,0.51,-1.36
2020-11-09,美的集团,000333,77.71,81.71,76.68,77.97,77.39,470786,4296715776.0,0.69,0.75
2020-11-06,美的集团,000333,73.38,78.55,72.38,77.39,73.36,468036,4177205856.0,0.68,5.49
2020-11-05,美的集团,000333,73.3,75.75,72.29,73.36,72.91,356240,3083809648.0,0.52,0.62
2020-11-04,美的集团,000333,69.85,74.13,69.45,72.91,69.8,389583,3330212464.0,0.57,4.46
2020-11-03,美的集团,000333,70.66,70.7,68.15,69.8,70.65,351575,2886059072.0,0.51,-1.2
2020-11-02,美的集团,000333,66.26,72.25,66.25,70.65,65.12,522253,4312907520.0,0.76,8.49
2020-10-30,美的集团,000333,69.3,69.75,64.8,65.12,68.43,328417,2596624768.0,0.48,-4.84
2020-10-29,美的集团,000333,63.25,69.14,63.05,68.43,63.96,377794,3012418000.0,0.55,6.99
2020-10-28,美的集团,000333,63.01,64.75,62.88,63.96,62.96,187216,1439052208.0,0.27,1.59
2020-10-27,美的集团,000333,63.35,64.04,62.64,62.96,63.91,156921,1194229488.0,0.23,-1.49
2020-10-26,美的集团,000333,62.23,64.05,60.85,63.91,62.36,165905,1253614096.0,0.24,2.49
2020-10-23,美的集团,000333,65.0,65.5,62.35,62.36,65.65,181233,1388457536.0,0.26,-5.01
2020-10-22,美的集团,000333,64.55,65.81,63.45,65.65,64.75,156502,1213225344.0,0.23,1.39
2020-10-21,美的集团,000333,63.13,65.3,63.13,64.75,63.55,213889,1651445120.0,0.31,1.89
2020-10-20,美的集团,000333,61.76,64.23,61.76,63.55,62.25,154354,1175374816.0,0.23,2.09
2020-10-19,美的集团,000333,62.07,64.4,61.76,62.25,62.05,177792,1345916768.0,0.26,0.32
2020-10-16,美的集团,000333,62.95,63.63,61.95,62.05,63.35,145917,1096650304.0,0.21,-2.05
2020-10-15,美的集团,000333,62.28,64.21,62.03,63.35,62.5,192110,1462783200.0,0.28,1.36
2020-10-14,美的集团,000333,62.35,63.72,62.05,62.5,63.14,196134,1478023728.0,0.29,-1.01
2020-10-13,美的集团,000333,61.23,63.2,60.69,63.14,61.23,255775,1920061024.0,0.37,3.12
2020-10-12,美的集团,000333,59.85,61.23,59.55,61.23,60.64,263256,1930035648.0,0.38,0.97
2020-10-09,美的集团,000333,60.31,61.41,60.26,60.64,59.85,251587,1853607136.0,0.37,1.32
2020-09-30,美的集团,000333,60.15,60.88,59.53,59.85,59.7,221337,1618394624.0,0.32,0.25
2020-09-29,美的集团,000333,58.25,60.15,58.25,59.7,58.15,233914,1692268560.0,0.34,2.67
2020-09-28,美的集团,000333,57.55,58.75,57.21,58.15,57.55,173937,1235538592.0,0.25,1.04
2020-09-25,美的集团,000333,57.9,59.02,57.33,57.55,57.71,120815,855869344.0,0.18,-0.28
2020-09-24,美的集团,000333,57.81,58.2,56.92,57.71,58.32,200758,1410207328.0,0.29,-1.05
2020-09-23,美的集团,000333,57.26,58.61,56.73,58.32,57.14,171445,1211864656.0,0.25,2.07
2020-09-22,美的集团,000333,56.75,57.81,56.71,57.14,57.28,139967,978793360.0,0.2,-0.24
2020-09-21,美的集团,000333,57.5,58.41,56.66,57.28,57.53,165610,1164163888.0,0.24,-0.43
2020-09-18,美的集团,000333,58.37,58.58,57.29,57.53,57.85,217515,1538451552.0,0.32,-0.55
2020-09-17,美的集团,000333,57.05,58.25,56.56,57.85,56.91,274435,1932446432.0,0.4,1.65
2020-09-16,美的集团,000333,57.54,59.23,56.45,56.91,57.67,291213,2060063616.0,0.43,-1.32
2020-09-15,美的集团,000333,55.77,58.02,55.71,57.67,55.25,290016,2033590880.0,0.42,4.38
2020-09-14,美的集团,000333,53.53,55.5,53.45,55.25,53.43,217393,1469293456.0,0.32,3.41
2020-09-11,美的集团,000333,52.75,54.05,51.83,53.43,53.15,215127,1421649984.0,0.31,0.53
2020-09-10,美的集团,000333,52.76,53.46,52.16,53.15,52.11,210302,1381763376.0,0.31,2.0
2020-09-09,美的集团,000333,53.25,53.83,51.98,52.11,54.13,284542,1861646752.0,0.42,-3.73
2020-09-08,美的集团,000333,53.95,54.25,52.89,54.13,53.95,263509,1747654432.0,0.39,0.33
2020-09-07,美的集团,000333,55.35,55.92,53.74,53.95,56.04,442226,2971282416.0,0.65,-3.73
2020-09-04,美的集团,000333,56.75,57.13,55.45,56.04,58.18,359336,2474691328.0,0.53,-3.68
2020-09-03,美的集团,000333,58.25,60.23,57.97,58.18,58.18,325309,2340687056.0,0.48,0.0
2020-09-02,美的集团,000333,59.25,59.74,57.63,58.18,58.95,183108,1304982304.0,0.27,-1.31
2020-09-01,美的集团,000333,57.81,59.47,57.8,58.95,57.79,205477,1468837504.0,0.3,2.01
2020-08-31,美的集团,000333,58.28,60.74,57.78,57.79,57.53,258683,1852443296.0,0.38,0.45
2020-08-28,美的集团,000333,54.65,57.77,54.35,57.53,55.24,323186,2228514544.0,0.47,4.15
2020-08-27,美的集团,000333,56.55,57.1,54.34,55.24,56.54,342932,2327750656.0,0.5,-2.3
2020-08-26,美的集团,000333,57.23,58.65,55.9,56.54,57.23,237702,1661357456.0,0.35,-1.21
2020-08-25,美的集团,000333,57.6,57.65,56.79,57.23,57.62,179318,1254921568.0,0.26,-0.68
2020-08-24,美的集团,000333,56.55,57.64,56.41,57.62,56.63,174279,1215646640.0,0.25,1.75
2020-08-21,美的集团,000333,56.4,57.13,56.1,56.63,56.29,126456,876813904.0,0.18,0.6
2020-08-20,美的集团,000333,57.05,57.34,55.9,56.29,57.37,219076,1513934320.0,0.32,-1.88
2020-08-19,美的集团,000333,58.95,59.55,57.25,57.37,59.05,253273,1791352688.0,0.37,-2.85
2020-08-18,美的集团,000333,59.39,59.99,58.31,59.05,59.38,193015,1382264208.0,0.28,-0.56
2020-08-17,美的集团,000333,59.65,61.05,58.65,59.38,59.29,245172,1785517680.0,0.36,0.15
2020-08-14,美的集团,000333,57.25,59.32,56.98,59.29,57.26,161197,1148282704.0,0.24,3.55
2020-08-13,美的集团,000333,57.06,58.33,57.03,57.26,56.91,130645,917532048.0,0.19,0.62
2020-08-12,美的集团,000333,57.91,58.86,56.42,56.91,58.55,289738,2027499312.0,0.42,-2.8
2020-08-11,美的集团,000333,59.4,60.74,58.43,58.55,59.25,205681,1492137504.0,0.3,-1.18
2020-08-10,美的集团,000333,57.45,59.65,56.55,59.25,57.8,241055,1710556592.0,0.35,2.51
2020-08-07,美的集团,000333,57.63,58.36,56.1,57.8,57.85,254144,1782876112.0,0.37,-0.09
2020-08-06,美的集团,000333,58.25,59.05,57.29,57.85,58.65,218735,1545541040.0,0.32,-1.36
2020-08-05,美的集团,000333,58.25,59.65,58.05,58.65,59.3,191118,1362330032.0,0.28,-1.1
2020-08-04,美的集团,000333,59.25,59.53,57.58,59.3,59.74,292271,2081709104.0,0.43,-0.74
2020-08-03,美的集团,000333,59.25,61.99,59.06,59.74,59.0,343310,2510509104.0,0.5,1.25
2020-07-31,美的集团,000333,57.83,61.0,57.32,59.0,58.22,293575,2117686416.0,0.43,1.34
2020-07-30,美的集团,000333,58.85,59.55,57.5,58.22,58.88,194808,1385613248.0,0.28,-1.12
2020-07-29,美的集团,000333,54.6,59.25,54.6,58.88,54.36,460542,3268094880.0,0.67,8.31
2020-07-28,美的集团,000333,54.43,55.79,53.87,54.36,54.43,234103,1580820576.0,0.34,-0.13
2020-07-27,美的集团,000333,54.86,55.05,52.05,54.43,53.75,273029,1806012288.0,0.4,1.27
2020-07-24,美的集团,000333,56.42,57.4,53.25,53.75,57.44,409256,2781427888.0,0.6,-6.42
2020-07-23,美的集团,000333,53.75,57.72,53.61,57.44,54.6,487159,3361999488.0,0.71,5.2
2020-07-22,美的集团,000333,54.05,55.23,53.56,54.6,54.6,303898,2045490784.0,0.44,0.0
2020-07-21,美的集团,000333,54.25,55.17,53.32,54.6,54.63,328747,2206459248.0,0.48,-0.05
2020-07-20,美的集团,000333,51.15,54.93,50.53,54.63,51.15,600694,3970335088.0,0.88,6.8
2020-07-17,美的集团,000333,48.05,51.67,47.97,51.15,48.39,360876,2269485712.0,0.53,5.7
2020-07-16,美的集团,000333,50.25,51.74,48.34,48.39,50.23,369589,2326871248.0,0.54,-3.66
2020-07-15,美的集团,000333,49.14,51.25,49.1,50.23,49.09,436949,2750957936.0,0.64,2.32
2020-07-14,美的集团,000333,51.11,51.12,48.44,49.09,50.5,382960,2377225472.0,0.56,-2.79
2020-07-13,美的集团,000333,50.17,51.35,50.09,50.5,50.65,344679,2186339088.0,0.5,-0.3
2020-07-10,美的集团,000333,51.75,51.77,50.45,50.65,52.23,273297,1741014720.0,0.4,-3.03
2020-07-09,美的集团,000333,51.25,52.25,50.25,52.23,51.23,312281,1993727712.0,0.46,1.95
2020-07-08,美的集团,000333,51.55,52.55,50.51,51.23,51.63,284820,1818108352.0,0.42,-0.77
2020-07-07,美的集团,000333,51.39,54.8,51.35,51.63,51.28,490390,3224341184.0,0.72,0.68
2020-07-06,美的集团,000333,50.06,52.24,49.76,51.28,49.64,599258,3811821936.0,0.87,3.3
2020-07-03,美的集团,000333,50.35,51.2,49.08,49.64,50.2,340798,2137708208.0,0.5,-1.12
2020-07-02,美的集团,000333,49.06,50.67,48.86,50.2,49.69,435262,2715825424.0,0.63,1.03
2020-07-01,美的集团,000333,46.95,49.74,46.17,49.69,47.04,442610,2719438560.0,0.65,5.63
2020-06-30,美的集团,000333,47.25,48.25,46.75,47.04,47.2,261252,1577689216.0,0.38,-0.34
2020-06-29,美的集团,000333,46.95,47.25,45.96,47.2,46.95,261061,1557837552.0,0.38,0.53
2020-06-24,美的集团,000333,46.45,47.43,46.34,46.95,46.25,200320,1194505232.0,0.29,1.51
2020-06-23,美的集团,000333,46.11,46.71,45.73,46.25,46.34,181146,1068928528.0,0.26,-0.19
2020-06-22,美的集团,000333,46.85,47.2,46.17,46.34,47.02,219797,1306914544.0,0.32,-1.45
2020-06-19,美的集团,000333,45.1,47.23,45.1,47.02,45.1,324280,1923447888.0,0.47,4.26
2020-06-18,美的集团,000333,45.1,45.24,44.41,45.1,45.15,267225,1537168000.0,0.39,-0.11
2020-06-17,美的集团,000333,46.06,46.13,44.9,45.15,46.25,221283,1285597248.0,0.32,-2.38
2020-06-16,美的集团,000333,45.94,46.55,45.84,46.25,45.25,183088,1077626688.0,0.27,2.21
2020-06-15,美的集团,000333,46.34,46.68,45.25,45.25,47.23,320004,1872474032.0,0.47,-4.19
2020-06-12,美的集团,000333,45.95,47.25,45.75,47.23,46.91,185190,1097620784.0,0.27,0.68
2020-06-11,美的集团,000333,47.6,47.86,46.35,46.91,47.57,201377,1204181856.0,0.29,-1.39
2020-06-10,美的集团,000333,48.33,48.46,47.43,47.57,47.91,190148,1153412208.0,0.28,-0.71
2020-06-09,美的集团,000333,47.8,48.68,47.53,47.91,47.41,240135,1463794176.0,0.35,1.05
2020-06-08,美的集团,000333,46.65,48.81,46.28,47.41,46.2,359440,2180630896.0,0.53,2.62
2020-06-05,美的集团,000333,46.24,46.43,45.85,46.2,46.1,127259,749286688.0,0.19,0.22
2020-06-04,美的集团,000333,46.1,47.15,45.96,46.1,45.58,140258,827157600.0,0.21,1.14
2020-06-03,美的集团,000333,46.4,46.62,45.16,45.58,45.95,180929,1059003040.0,0.27,-0.81
2020-06-02,美的集团,000333,46.91,46.91,45.8,45.95,46.07,206805,1218477904.0,0.3,-0.26
2020-06-01,美的集团,000333,44.95,46.13,44.95,46.07,44.67,294803,1776563600.0,0.43,3.13
2020-05-29,美的集团,000333,43.64,44.9,43.64,44.67,43.8,182549,1073961440.0,0.27,1.99
2020-05-28,美的集团,000333,44.82,45.02,43.48,43.8,43.9,206031,1207714976.0,0.3,-0.23
2020-05-27,美的集团,000333,43.9,45.03,43.54,43.9,43.65,258065,1517718672.0,0.38,0.57
2020-05-26,美的集团,000333,42.95,43.9,42.42,43.65,42.49,184308,1061005408.0,0.27,2.73
2020-05-25,美的集团,000333,43.95,44.04,41.79,42.49,42.77,159445,905625792.0,0.23,-0.65
2020-05-22,美的集团,000333,44.09,44.2,42.26,42.77,44.37,260862,1493147024.0,0.38,-3.61
2020-05-21,美的集团,000333,45.2,45.29,44.01,44.37,44.68,149135,876854208.0,0.22,-0.69
2020-05-20,美的集团,000333,44.18,44.75,44.17,44.68,44.41,190615,1123661200.0,0.28,0.61
2020-05-19,美的集团,000333,44.05,44.85,43.65,44.41,43.14,278551,1638536816.0,0.41,2.94
2020-05-18,美的集团,000333,43.15,43.85,42.28,43.14,42.6,261775,1505218944.0,0.38,1.27
2020-05-15,美的集团,000333,43.65,43.75,42.52,42.6,43.65,233617,1338687936.0,0.34,-2.41
2020-05-14,美的集团,000333,43.4,43.95,43.16,43.65,43.4,180020,1044096208.0,0.26,0.58
2020-05-13,美的集团,000333,43.25,43.65,42.56,43.4,43.65,219386,1260866624.0,0.32,-0.57
2020-05-12,美的集团,000333,43.15,44.03,42.68,43.65,42.56,286034,1655218896.0,0.42,2.56
2020-05-11,美的集团,000333,42.24,44.15,42.07,42.56,41.98,379598,2188821584.0,0.56,1.38
2020-05-08,美的集团,000333,40.13,42.13,39.88,41.98,39.65,409621,2296022240.0,0.6,5.88
2020-05-07,美的集团,000333,39.84,40.1,39.49,39.65,39.85,213755,1156808784.0,0.31,-0.5
2020-05-06,美的集团,000333,38.65,39.85,38.35,39.85,39.4,328565,1765766096.0,0.48,1.14
2020-04-30,美的集团,000333,38.95,39.81,38.95,39.4,37.9,340323,1831860880.0,0.5,3.96
2020-04-29,美的集团,000333,37.05,38.42,36.8,37.9,37.44,206235,1072765104.0,0.3,1.23
2020-04-28,美的集团,000333,37.15,37.59,36.4,37.44,37.15,251835,1297098144.0,0.37,0.78
2020-04-27,美的集团,000333,36.92,37.89,36.5,37.15,37.66,215235,1108515152.0,0.32,-1.35
2020-04-24,美的集团,000333,37.69,37.95,37.36,37.66,37.64,133416,693211312.0,0.2,0.05
2020-04-23,美的集团,000333,37.34,38.04,36.96,37.64,37.05,271166,1408264464.0,0.4,1.59
2020-04-22,美的集团,000333,35.85,37.12,35.64,37.05,35.9,207637,1056618272.0,0.3,3.2
2020-04-21,美的集团,000333,36.64,36.65,35.65,35.9,36.38,209713,1056179840.0,0.31,-1.32
2020-04-20,美的集团,000333,35.94,36.63,35.66,36.38,35.74,208857,1058635856.0,0.31,1.79
2020-04-17,美的集团,000333,35.65,35.96,35.25,35.74,35.14,352499,1761719072.0,0.52,1.71
2020-04-16,美的集团,000333,35.85,35.85,34.92,35.14,35.85,279294,1385041872.0,0.41,-1.98
2020-04-15,美的集团,000333,35.65,36.93,34.85,35.85,36.13,395915,1989237120.0,0.58,-0.77
2020-04-14,美的集团,000333,36.32,36.35,35.25,36.13,35.54,307942,1550039696.0,0.45,1.66
2020-04-13,美的集团,000333,35.24,36.23,34.95,35.54,34.93,310765,1555138944.0,0.46,1.75
2020-04-10,美的集团,000333,33.95,36.21,33.69,34.93,33.95,412461,2043406848.0,0.6,2.89
2020-04-09,美的集团,000333,34.17,34.2,33.76,33.95,33.89,171399,828409216.0,0.25,0.18
2020-04-08,美的集团,000333,34.25,34.38,33.71,33.89,34.62,244268,1182191600.0,0.36,-2.11
2020-04-07,美的集团,000333,34.86,35.05,34.35,34.62,34.03,400486,1962977184.0,0.59,1.73
2020-04-03,美的集团,000333,34.45,34.71,33.86,34.03,34.61,196382,953656656.0,0.29,-1.68
2020-04-02,美的集团,000333,33.82,34.65,33.45,34.61,34.23,235144,1135456592.0,0.34,1.11
2020-04-01,美的集团,000333,34.6,34.97,33.7,34.23,34.07,234391,1141225440.0,0.34,0.47
2020-03-31,美的集团,000333,34.41,35.0,33.99,34.07,33.74,225253,1098690176.0,0.33,0.98
2020-03-30,美的集团,000333,34.45,34.45,33.15,33.74,35.1,370522,1778812496.0,0.54,-3.87
2020-03-27,美的集团,000333,35.65,36.1,35.03,35.1,34.65,260154,1296483248.0,0.38,1.3
2020-03-26,美的集团,000333,35.05,35.42,34.49,34.65,35.14,232484,1145809968.0,0.34,-1.39
2020-03-25,美的集团,000333,35.15,35.81,34.51,35.14,33.64,390113,1934918464.0,0.57,4.46
2020-03-24,美的集团,000333,33.0,33.9,32.56,33.64,32.15,419576,2000208160.0,0.61,4.63
2020-03-23,美的集团,000333,33.15,33.63,31.95,32.15,34.7,477036,2237270208.0,0.7,-7.35
2020-03-20,美的集团,000333,34.9,35.38,34.15,34.7,34.25,367067,1803574240.0,0.54,1.31
2020-03-19,美的集团,000333,36.0,36.25,33.15,34.25,35.35,554869,2708244368.0,0.81,-3.11
2020-03-18,美的集团,000333,35.35,37.54,35.23,35.35,34.65,586059,2974941632.0,0.86,2.02
2020-03-17,美的集团,000333,35.27,36.95,34.22,34.65,35.75,477082,2365286576.0,0.7,-3.08
2020-03-16,美的集团,000333,37.85,37.92,35.65,35.75,37.55,396679,2019157776.0,0.58,-4.79
2020-03-13,美的集团,000333,36.52,38.61,35.72,37.55,38.82,452084,2323212176.0,0.66,-3.27
2020-03-12,美的集团,000333,39.5,39.52,38.53,38.82,40.12,344055,1833239648.0,0.5,-3.24
2020-03-11,美的集团,000333,40.77,40.97,40.11,40.12,40.97,192607,1053884400.0,0.28,-2.07
2020-03-10,美的集团,000333,39.54,41.33,39.54,40.97,39.54,375632,2061033024.0,0.55,3.62
2020-03-09,美的集团,000333,40.05,40.12,39.46,39.54,41.45,356343,1925269104.0,0.52,-4.61
2020-03-06,美的集团,000333,41.47,41.95,41.19,41.45,42.19,280243,1565438000.0,0.41,-1.75
2020-03-05,美的集团,000333,40.2,42.45,40.0,42.19,39.9,575718,3214972960.0,0.84,5.74
2020-03-04,美的集团,000333,39.65,40.09,39.26,39.9,40.15,239084,1290728832.0,0.35,-0.62
2020-03-03,美的集团,000333,40.16,40.65,39.62,40.15,39.99,264999,1441435072.0,0.39,0.4
2020-03-02,美的集团,000333,38.7,40.4,38.7,39.99,38.7,318934,1725854576.0,0.47,3.33
2020-02-28,美的集团,000333,39.53,39.83,38.44,38.7,40.56,334057,1788324816.0,0.49,-4.59
2020-02-27,美的集团,000333,39.95,40.85,39.86,40.56,39.95,284935,1563743472.0,0.42,1.53
2020-02-26,美的集团,000333,39.35,40.97,38.86,39.95,40.08,387240,2107804640.0,0.57,-0.32
2020-02-25,美的集团,000333,39.65,40.11,39.45,40.08,40.56,315462,1706738496.0,0.46,-1.18
2020-02-24,美的集团,000333,41.01,41.02,40.1,40.56,39.93,407824,2243496144.0,0.6,1.58
2020-02-21,美的集团,000333,40.15,40.47,39.67,39.93,40.51,297799,1616397376.0,0.44,-1.43
2020-02-20,美的集团,000333,39.35,40.63,38.97,40.51,39.19,370412,2013322144.0,0.54,3.37
2020-02-19,美的集团,000333,39.01,39.52,38.82,39.19,39.18,237329,1270519680.0,0.35,0.03
2020-02-18,美的集团,000333,40.05,40.05,38.97,39.18,40.05,332035,1783036928.0,0.49,-2.17
2020-02-17,美的集团,000333,38.99,40.07,38.89,40.05,39.39,325053,1751927712.0,0.48,1.68
2020-02-14,美的集团,000333,39.15,39.61,38.83,39.39,39.45,210044,1125281552.0,0.31,-0.15
2020-02-13,美的集团,000333,40.21,40.23,39.15,39.45,40.54,319307,1723256896.0,0.47,-2.69
2020-02-12,美的集团,000333,40.22,41.01,39.67,40.54,40.33,234338,1284759456.0,0.34,0.52
2020-02-11,美的集团,000333,38.84,40.64,38.45,40.33,37.95,493882,2684341232.0,0.72,6.27
2020-02-10,美的集团,000333,37.95,38.43,37.37,37.95,38.48,346048,1804543408.0,0.51,-1.38
2020-02-07,美的集团,000333,39.15,39.18,37.85,38.48,39.44,344090,1811882960.0,0.51,-2.43
2020-02-06,美的集团,000333,38.52,39.61,38.01,39.44,38.52,393668,2086495952.0,0.58,2.39
2020-02-05,美的集团,000333,38.57,39.12,38.1,38.52,38.44,348950,1848774208.0,0.51,0.21
2020-02-04,美的集团,000333,35.95,38.47,35.95,38.44,35.84,404131,2097010016.0,0.59,7.25
2020-02-03,美的集团,000333,35.24,38.24,35.24,35.84,40.75,705067,3565939360.0,1.04,-12.05
2020-01-23,美的集团,000333,41.75,42.39,40.65,40.75,43.13,596537,3313820976.0,0.88,-5.52
2020-01-22,美的集团,000333,43.17,43.61,41.65,43.13,43.75,411606,2335993232.0,0.6,-1.42
2020-01-21,美的集团,000333,45.35,45.41,43.68,43.75,45.85,276432,1617441936.0,0.41,-4.58
2020-01-20,美的集团,000333,46.45,46.61,45.48,45.85,45.96,201911,1217493008.0,0.3,-0.24
2020-01-17,美的集团,000333,45.64,46.65,45.14,45.96,45.31,217133,1312054704.0,0.32,1.43
2020-01-16,美的集团,000333,45.65,45.71,44.88,45.31,45.15,199814,1192330864.0,0.29,0.35
2020-01-15,美的集团,000333,45.55,45.65,44.53,45.15,45.53,214900,1272651584.0,0.32,-0.83
2020-01-14,美的集团,000333,46.15,46.45,45.37,45.53,45.76,162500,976486528.0,0.24,-0.5
2020-01-13,美的集团,000333,46.15,46.31,45.15,45.76,45.64,279512,1678723648.0,0.41,0.26
2020-01-10,美的集团,000333,45.62,46.14,45.1,45.64,45.1,280706,1683152336.0,0.41,1.2
2020-01-09,美的集团,000333,44.45,45.38,44.15,45.1,43.93,296354,1757281376.0,0.44,2.66
2020-01-08,美的集团,000333,43.16,44.63,43.02,43.93,43.7,253210,1471083456.0,0.37,0.53
2020-01-07,美的集团,000333,43.05,43.86,42.85,43.7,42.85,225265,1304633776.0,0.33,1.98
2020-01-06,美的集团,000333,43.45,43.85,41.65,42.85,43.91,288425,1656276944.0,0.42,-2.41
2020-01-03,美的集团,000333,45.55,45.61,43.83,43.91,45.4,270043,1587220592.0,0.4,-3.28
2020-01-02,美的集团,000333,44.31,45.54,44.06,45.4,43.9,346226,2050141328.0,0.51,3.42
2019-12-31,美的集团,000333,43.82,44.05,43.56,43.9,43.88,159794,929450256.0,0.23,0.05
2019-12-30,美的集团,000333,42.65,44.25,42.3,43.88,42.85,238029,1375567216.0,0.35,2.4
2019-12-27,美的集团,000333,43.45,43.78,42.81,42.85,43.25,181588,1046161392.0,0.27,-0.92
2019-12-26,美的集团,000333,43.05,43.38,42.81,43.25,42.85,142620,819037120.0,0.21,0.93
2019-12-25,美的集团,000333,42.85,43.4,42.65,42.85,42.73,162257,930232512.0,0.24,0.28
2019-12-24,美的集团,000333,42.94,43.15,42.43,42.73,42.92,173345,987672144.0,0.26,-0.44
2019-12-23,美的集团,000333,43.97,43.97,42.63,42.92,43.45,240867,1385004832.0,0.36,-1.22
2019-12-20,美的集团,000333,44.0,44.25,43.45,43.45,43.73,181366,1055026080.0,0.27,-0.64
2019-12-19,美的集团,000333,43.65,44.15,43.51,43.73,43.85,134764,783171968.0,0.2,-0.27
2019-12-18,美的集团,000333,44.45,44.95,43.56,43.85,44.15,236488,1385586160.0,0.35,-0.68
2019-12-17,美的集团,000333,43.76,44.6,43.39,44.15,43.76,255847,1493694032.0,0.38,0.89
2019-12-16,美的集团,000333,43.75,43.98,43.45,43.76,44.05,216487,1256913296.0,0.32,-0.66
2019-12-13,美的集团,000333,43.65,44.15,43.22,44.05,42.57,284443,1654545936.0,0.42,3.48
2019-12-12,美的集团,000333,43.18,43.32,42.45,42.57,42.71,127084,725814976.0,0.19,-0.33
2019-12-11,美的集团,000333,43.32,43.43,42.45,42.71,43.3,139655,798133056.0,0.21,-1.36
2019-12-10,美的集团,000333,42.37,43.53,42.35,43.3,42.46,207177,1192082672.0,0.31,1.98
2019-12-09,美的集团,000333,42.25,43.15,41.83,42.46,41.85,208515,1185262384.0,0.31,1.46
2019-12-06,美的集团,000333,41.29,42.39,41.18,41.85,41.18,237936,1335781008.0,0.35,1.63
2019-12-05,美的集团,000333,41.5,41.52,40.76,41.18,41.01,205044,1136835408.0,0.3,0.41
2019-12-04,美的集团,000333,39.94,41.04,39.65,41.01,40.18,273805,1504232864.0,0.4,2.07
2019-12-03,美的集团,000333,40.41,40.68,39.74,40.18,40.4,208876,1136020560.0,0.31,-0.54
2019-12-02,美的集团,000333,40.23,40.74,39.97,40.4,39.95,180987,991131408.0,0.27,1.13
2019-11-29,美的集团,000333,40.76,40.79,39.33,39.95,40.82,253827,1378994032.0,0.37,-2.13
2019-11-28,美的集团,000333,41.39,41.39,40.41,40.82,40.78,203120,1119845392.0,0.3,0.1
2019-11-27,美的集团,000333,41.08,41.24,40.32,40.78,42.21,290811,1601368256.0,0.43,-3.39
2019-11-26,美的集团,000333,42.95,43.0,41.79,42.21,42.18,187706,1064900752.0,0.28,0.07
2019-11-25,美的集团,000333,41.38,42.19,40.67,42.18,41.38,180129,1007833440.0,0.27,1.93
2019-11-22,美的集团,000333,42.12,42.85,41.11,41.38,41.85,206827,1163712896.0,0.31,-1.12
2019-11-21,美的集团,000333,42.65,42.9,41.4,41.85,42.8,198835,1116276032.0,0.29,-2.22
2019-11-20,美的集团,000333,43.65,43.66,42.76,42.8,43.48,139824,803578176.0,0.21,-1.56
2019-11-19,美的集团,000333,42.23,43.63,42.05,43.48,42.34,252679,1454112720.0,0.37,2.69
2019-11-18,美的集团,000333,42.2,42.63,41.45,42.34,42.2,180038,1013839200.0,0.27,0.33
2019-11-15,美的集团,000333,42.37,42.65,42.01,42.2,42.24,141967,804716992.0,0.21,-0.09
2019-11-14,美的集团,000333,42.53,42.63,41.26,42.24,42.2,209790,1184487504.0,0.31,0.09
2019-11-13,美的集团,000333,42.53,42.56,41.76,42.2,41.74,228965,1292170240.0,0.34,1.1
2019-11-12,美的集团,000333,42.35,42.75,41.4,41.74,42.85,361576,2034644288.0,0.53,-2.59
2019-11-11,美的集团,000333,44.3,44.36,42.65,42.85,45.27,435712,2504319024.0,0.64,-5.35
2019-11-08,美的集团,000333,46.43,46.45,44.98,45.27,45.15,310047,1862039120.0,0.46,0.27
2019-11-07,美的集团,000333,45.35,45.35,44.44,45.15,45.49,203387,1203867472.0,0.3,-0.75
2019-11-06,美的集团,000333,45.42,45.95,44.92,45.49,45.04,264351,1579236928.0,0.39,1.0
2019-11-05,美的集团,000333,45.14,45.73,44.43,45.04,44.79,343451,2049225104.0,0.51,0.56
2019-11-04,美的集团,000333,45.2,45.65,44.36,44.79,44.54,384285,2278842512.0,0.57,0.56
2019-11-01,美的集团,000333,41.45,45.15,41.25,44.54,41.15,745652,4327653120.0,1.1,8.24
2019-10-31,美的集团,000333,40.65,41.64,40.19,41.15,39.12,627930,3468759360.0,0.93,5.19
2019-10-30,美的集团,000333,39.33,39.65,38.71,39.12,39.65,160286,856636592.0,0.24,-1.34
2019-10-29,美的集团,000333,39.6,40.12,39.35,39.65,39.24,229410,1240223648.0,0.34,1.04
2019-10-28,美的集团,000333,39.65,39.77,39.02,39.24,39.45,193378,1040511984.0,0.29,-0.53
2019-10-25,美的集团,000333,39.63,39.63,38.43,39.45,39.4,182032,975561712.0,0.27,0.13
2019-10-24,美的集团,000333,39.49,39.55,38.91,39.4,39.38,139077,746186416.0,0.21,0.05
2019-10-23,美的集团,000333,39.23,39.75,39.15,39.38,39.59,131211,705748656.0,0.19,-0.53
2019-10-22,美的集团,000333,39.43,39.81,39.15,39.59,39.13,187410,1009190432.0,0.28,1.18
2019-10-21,美的集团,000333,38.35,39.3,38.35,39.13,38.3,181513,968542640.0,0.27,2.17
2019-10-18,美的集团,000333,39.22,39.62,38.1,38.3,38.87,181280,963901648.0,0.27,-1.47
2019-10-17,美的集团,000333,39.68,39.68,38.61,38.87,39.31,184568,984182976.0,0.27,-1.12
2019-10-16,美的集团,000333,39.42,39.85,39.11,39.31,39.12,206093,1110490864.0,0.3,0.49
2019-10-15,美的集团,000333,39.4,39.59,38.82,39.12,39.1,167607,898589056.0,0.25,0.05
2019-10-14,美的集团,000333,38.98,39.47,38.75,39.1,38.57,264697,1417849088.0,0.39,1.37
2019-10-11,美的集团,000333,38.08,38.7,37.76,38.57,37.83,218166,1149133840.0,0.32,1.96
2019-10-10,美的集团,000333,38.13,38.13,37.42,37.83,38.15,171209,891734272.0,0.25,-0.84
2019-10-09,美的集团,000333,37.89,38.3,37.56,38.15,38.3,188489,984741136.0,0.28,-0.39
2019-10-08,美的集团,000333,37.05,38.46,36.9,38.3,36.75,422486,2205801872.0,0.62,4.22
2019-09-30,美的集团,000333,36.75,37.43,36.56,36.75,36.97,163708,840760128.0,0.24,-0.6
2019-09-27,美的集团,000333,36.65,37.04,36.31,36.97,36.65,199733,1020461792.0,0.3,0.87
2019-09-26,美的集团,000333,36.84,37.12,36.15,36.65,36.73,245435,1253262528.0,0.36,-0.22
2019-09-25,美的集团,000333,37.65,37.65,36.66,36.73,37.72,292974,1500046384.0,0.43,-2.62
2019-09-24,美的集团,000333,37.69,38.1,37.21,37.72,37.73,207246,1079858832.0,0.31,-0.03
2019-09-23,美的集团,000333,38.29,38.29,37.34,37.73,38.35,206873,1074655312.0,0.31,-1.62
2019-09-20,美的集团,000333,38.77,38.85,37.75,38.35,38.49,275464,1449282880.0,0.41,-0.36
2019-09-19,美的集团,000333,38.74,39.09,38.23,38.49,38.36,204971,1084251088.0,0.3,0.34
2019-09-18,美的集团,000333,38.92,38.92,38.22,38.36,38.65,225071,1189760016.0,0.33,-0.75
2019-09-17,美的集团,000333,38.9,39.11,38.39,38.65,39.12,206923,1096214832.0,0.31,-1.2
2019-09-16,美的集团,000333,40.05,40.06,39.0,39.12,39.75,236810,1271436960.0,0.35,-1.58
2019-09-12,美的集团,000333,39.53,39.95,39.17,39.75,39.05,213001,1150492112.0,0.31,1.79
2019-09-11,美的集团,000333,39.65,40.05,38.8,39.05,39.49,196084,1050689312.0,0.29,-1.11
2019-09-10,美的集团,000333,39.65,39.73,38.85,39.49,39.76,235866,1262801296.0,0.35,-0.68
2019-09-09,美的集团,000333,40.34,40.54,39.47,39.76,39.86,290736,1580083904.0,0.43,-0.25
2019-09-06,美的集团,000333,39.75,40.03,39.12,39.86,39.55,248580,1342155872.0,0.37,0.78
2019-09-05,美的集团,000333,40.53,40.62,39.48,39.55,40.1,302362,1646454672.0,0.45,-1.37
2019-09-04,美的集团,000333,39.9,40.43,39.25,40.1,39.96,317525,1719758544.0,0.47,0.35
2019-09-03,美的集团,000333,40.43,40.64,39.73,39.96,39.88,307409,1673365680.0,0.45,0.2
2019-09-02,美的集团,000333,39.35,40.4,39.16,39.88,38.43,515615,2799660560.0,0.76,3.77
2019-08-30,美的集团,000333,38.25,39.05,37.75,38.43,37.58,278272,1466006864.0,0.41,2.26
2019-08-29,美的集团,000333,37.8,38.15,37.25,37.58,37.87,208601,1082409056.0,0.31,-0.77
2019-08-28,美的集团,000333,37.67,38.1,37.3,37.87,37.7,214675,1116742224.0,0.32,0.45
2019-08-27,美的集团,000333,37.15,38.04,36.96,37.7,36.69,271391,1413827328.0,0.4,2.75
2019-08-26,美的集团,000333,36.84,37.16,36.28,36.69,37.9,275970,1408348048.0,0.41,-3.19
2019-08-23,美的集团,000333,37.8,38.3,37.33,37.9,37.48,217678,1137619136.0,0.32,1.12
2019-08-22,美的集团,000333,37.55,37.98,37.02,37.48,37.34,189289,979992736.0,0.28,0.37
2019-08-21,美的集团,000333,36.85,37.7,36.67,37.34,37.11,210180,1085459216.0,0.31,0.62
2019-08-20,美的集团,000333,37.22,37.52,36.83,37.11,37.22,150967,777716944.0,0.22,-0.3
2019-08-19,美的集团,000333,36.45,37.4,36.2,37.22,35.97,231819,1188231856.0,0.34,3.48
2019-08-16,美的集团,000333,35.65,36.3,35.24,35.97,35.61,202214,1016999280.0,0.3,1.01
2019-08-15,美的集团,000333,34.95,35.76,34.26,35.61,35.82,268173,1327724304.0,0.4,-0.59
2019-08-14,美的集团,000333,36.74,36.85,35.71,35.82,35.97,223878,1128730656.0,0.33,-0.42
2019-08-13,美的集团,000333,36.7,37.31,35.7,35.97,36.9,264441,1336555040.0,0.39,-2.52
2019-08-12,美的集团,000333,36.65,37.33,36.16,36.9,36.87,194252,991191232.0,0.29,0.08
2019-08-09,美的集团,000333,37.75,38.0,36.66,36.87,37.45,149813,772372656.0,0.22,-1.55
2019-08-08,美的集团,000333,36.88,37.65,36.85,37.45,36.68,131924,681638816.0,0.19,2.1
2019-08-07,美的集团,000333,37.41,37.53,36.68,36.68,37.16,145318,747701376.0,0.21,-1.29
2019-08-06,美的集团,000333,36.26,37.23,34.97,37.16,37.25,341739,1729709504.0,0.5,-0.24
2019-08-05,美的集团,000333,37.28,38.3,37.17,37.25,38.4,287863,1491986464.0,0.43,-2.99
2019-08-02,美的集团,000333,37.15,38.65,36.7,38.4,39.25,341764,1781518224.0,0.5,-2.17
2019-08-01,美的集团,000333,40.04,40.63,38.8,39.25,40.35,241273,1301037120.0,0.36,-2.73
2019-07-31,美的集团,000333,40.78,41.31,40.21,40.35,40.85,198317,1089621504.0,0.29,-1.22
2019-07-30,美的集团,000333,39.93,41.03,39.9,40.85,39.66,348705,1921787808.0,0.52,3.0
2019-07-29,美的集团,000333,39.29,40.03,39.06,39.66,39.08,227422,1226826336.0,0.34,1.48
2019-07-26,美的集团,000333,38.75,39.25,38.67,39.08,39.1,128944,688512784.0,0.19,-0.05
2019-07-25,美的集团,000333,39.03,39.29,38.69,39.1,39.03,169263,902112480.0,0.25,0.18
2019-07-24,美的集团,000333,39.24,39.55,38.95,39.03,38.85,177386,950135760.0,0.26,0.46
2019-07-23,美的集团,000333,38.45,38.87,38.36,38.85,38.45,142463,755836384.0,0.21,1.04
2019-07-22,美的集团,000333,38.35,38.85,37.65,38.45,38.24,191810,1013260128.0,0.28,0.55
2019-07-19,美的集团,000333,39.04,39.04,38.14,38.24,38.34,208174,1100783168.0,0.31,-0.26
2019-07-18,美的集团,000333,38.15,38.57,37.67,38.34,38.37,178857,937199744.0,0.26,-0.08
2019-07-17,美的集团,000333,38.98,39.12,38.17,38.37,39.17,226490,1198886768.0,0.33,-2.04
2019-07-16,美的集团,000333,40.45,40.5,38.76,39.17,40.32,260092,1396638224.0,0.38,-2.85
2019-07-15,美的集团,000333,40.16,40.95,39.33,40.32,40.43,242963,1323497520.0,0.36,-0.27
2019-07-12,美的集团,000333,40.1,40.8,39.83,40.43,40.04,198068,1085347584.0,0.29,0.97
2019-07-11,美的集团,000333,39.67,40.92,39.57,40.04,39.55,243812,1332480112.0,0.36,1.24
2019-07-10,美的集团,000333,39.95,39.95,39.13,39.55,39.49,145526,783260384.0,0.21,0.15
2019-07-09,美的集团,000333,39.95,40.13,39.01,39.49,40.04,255433,1374182512.0,0.38,-1.37
2019-07-08,美的集团,000333,40.37,40.7,39.66,40.04,40.92,305691,1668586976.0,0.45,-2.15
2019-07-05,美的集团,000333,40.02,41.15,39.21,40.92,40.05,387085,2121442304.0,0.57,2.17
2019-07-04,美的集团,000333,40.1,40.75,39.65,40.05,39.74,325227,1778536112.0,0.48,0.78
2019-07-03,美的集团,000333,40.87,40.97,39.33,39.74,40.46,354336,1936469744.0,0.52,-1.78
2019-07-02,美的集团,000333,39.31,40.75,39.21,40.46,39.74,500486,2731208816.0,0.74,1.81
2019-07-01,美的集团,000333,38.62,40.1,38.41,39.74,37.51,611630,3287136784.0,0.9,5.95
2019-06-28,美的集团,000333,37.34,37.84,37.05,37.51,37.42,169576,878142832.0,0.25,0.24
2019-06-27,美的集团,000333,37.35,37.93,37.0,37.42,37.16,345210,1789191024.0,0.51,0.7
2019-06-26,美的集团,000333,37.16,37.48,36.97,37.16,37.09,202549,1043841120.0,0.3,0.19
2019-06-25,美的集团,000333,37.65,37.83,36.65,37.09,37.83,330480,1701992976.0,0.49,-1.96
2019-06-24,美的集团,000333,37.48,38.27,37.05,37.83,37.76,376972,1965902480.0,0.56,0.19
2019-06-21,美的集团,000333,38.46,39.22,37.48,37.76,38.94,622820,3260271968.0,0.92,-3.03
2019-06-20,美的集团,000333,38.01,39.6,37.76,38.94,37.66,448438,2389697360.0,0.66,3.4
2019-06-19,美的集团,000333,38.15,38.62,37.66,37.66,36.56,263454,1381397040.0,0.41,3.01
2019-06-18,美的集团,000333,36.41,36.95,36.15,36.56,36.44,120219,613259808.0,0.19,0.33
2019-06-17,美的集团,000333,36.52,36.9,36.04,36.44,36.22,132745,674222032.0,0.21,0.61
2019-06-14,美的集团,000333,36.93,37.55,36.2,36.22,36.68,135929,692935408.0,0.21,-1.25
2019-06-13,美的集团,000333,37.34,37.34,35.86,36.68,37.16,201816,1027154864.0,0.31,-1.29
2019-06-12,美的集团,000333,36.99,37.27,36.48,37.16,37.12,212637,1089754704.0,0.33,0.11
2019-06-11,美的集团,000333,35.34,37.49,35.25,37.12,35.41,374274,1912923616.0,0.58,4.83
2019-06-10,美的集团,000333,35.21,35.65,34.99,35.41,34.77,243810,1213075616.0,0.38,1.84
2019-06-06,美的集团,000333,35.75,35.75,34.52,34.77,35.16,185739,918001248.0,0.29,-1.11
2019-06-05,美的集团,000333,36.07,36.19,34.9,35.16,35.35,229796,1147254240.0,0.36,-0.54
2019-06-04,美的集团,000333,35.78,36.24,34.86,35.35,35.77,163447,811702800.0,0.25,-1.17
2019-06-03,美的集团,000333,35.44,36.64,35.4,35.77,35.25,228010,1147776864.0,0.35,1.48
2019-05-31,美的集团,000333,34.65,35.8,34.6,35.25,35.1,241078,1201722992.0,0.37,0.43
2019-05-30,美的集团,000333,35.02,35.37,34.15,35.1,34.73,323330,1586232816.0,0.5,1.07
2019-05-29,美的集团,000333,34.4,35.27,34.2,34.73,34.86,218494,1100280784.0,0.34,-0.37
2019-05-28,美的集团,000333,34.12,35.57,34.12,34.86,34.1,349889,1771284992.0,0.54,2.23
2019-05-27,美的集团,000333,34.17,34.43,33.23,34.1,34.17,284808,1406654784.0,0.44,-0.2
2019-05-24,美的集团,000333,33.63,34.63,33.36,34.17,33.86,299407,1489846496.0,0.46,0.92
2019-05-23,美的集团,000333,35.05,35.15,33.75,33.86,35.76,421150,2104165312.0,0.65,-5.31
2019-05-22,美的集团,000333,35.86,37.57,35.35,35.76,35.1,803694,4187357488.0,1.24,1.88
2019-05-07,美的集团,000333,34.65,35.84,34.25,35.1,33.42,717852,3653919600.0,1.11,5.03
2019-05-06,美的集团,000333,34.25,35.39,33.35,33.42,36.75,663235,3318296816.0,1.03,-9.06
2019-04-30,美的集团,000333,35.75,37.85,35.75,36.75,35.66,459880,2407890592.0,0.71,3.06
2019-04-29,美的集团,000333,33.72,36.33,33.71,35.66,33.72,447563,2296294400.0,0.69,5.75
2019-04-26,美的集团,000333,35.32,35.71,33.61,33.72,35.76,459294,2296898144.0,0.71,-5.7
2019-04-25,美的集团,000333,36.65,36.65,35.63,35.76,36.95,256795,1328686000.0,0.4,-3.22
2019-04-24,美的集团,000333,36.85,37.18,35.9,36.95,36.62,289059,1510805584.0,0.45,0.9
2019-04-23,美的集团,000333,36.55,37.2,35.92,36.62,37.14,360135,1876295376.0,0.56,-1.4
2019-04-22,美的集团,000333,39.34,39.34,36.55,37.14,39.43,415168,2213184528.0,0.64,-5.81
2019-04-19,美的集团,000333,37.7,40.1,37.05,39.43,37.77,370995,2009741088.0,0.58,4.4
2019-04-18,美的集团,000333,37.88,38.68,37.45,37.77,37.35,265875,1427725088.0,0.41,1.12
2019-04-17,美的集团,000333,37.48,37.94,36.32,37.35,37.23,361870,1906297248.0,0.56,0.32
2019-04-16,美的集团,000333,35.35,37.23,35.0,37.23,35.85,312128,1619936656.0,0.48,3.85
2019-04-15,美的集团,000333,36.4,37.65,35.85,35.85,35.64,401187,2099197424.0,0.62,0.59
2019-04-12,美的集团,000333,36.2,36.78,34.82,35.64,36.79,469636,2408399120.0,0.73,-3.13
2019-04-11,美的集团,000333,39.07,39.1,36.66,36.79,39.07,515525,2735915632.0,0.8,-5.84
2019-04-10,美的集团,000333,39.05,39.92,38.0,39.07,39.36,398699,2167514768.0,0.62,-0.74
2019-04-09,美的集团,000333,39.86,40.7,38.55,39.36,38.53,414112,2279920432.0,0.64,2.15
2019-04-08,美的集团,000333,38.0,40.01,37.55,38.53,38.0,522005,2836276736.0,0.81,1.39
2019-04-04,美的集团,000333,36.55,38.33,36.54,38.0,36.55,537245,2868122016.0,0.83,3.97
2019-04-03,美的集团,000333,35.81,36.91,35.8,36.55,36.25,378813,1971575184.0,0.59,0.83
2019-04-02,美的集团,000333,37.28,37.71,36.08,36.25,37.28,556776,2906671776.0,0.86,-2.76
2019-04-01,美的集团,000333,33.65,37.92,33.6,37.28,33.08,974589,5041465344.0,1.51,12.7
2019-03-29,美的集团,000333,31.36,33.23,31.36,33.08,31.49,439464,2127847648.0,0.68,5.05
2019-03-28,美的集团,000333,31.93,32.09,31.16,31.49,31.92,202358,955165296.0,0.31,-1.35
2019-03-27,美的集团,000333,31.33,32.15,30.94,31.92,30.92,227523,1077398368.0,0.35,3.23
2019-03-26,美的集团,000333,31.45,31.45,30.26,30.92,31.04,224424,1045158400.0,0.35,-0.39
2019-03-25,美的集团,000333,32.03,32.55,30.91,31.04,32.95,326856,1548505472.0,0.51,-5.8
2019-03-22,美的集团,000333,32.65,33.17,32.06,32.95,32.59,227080,1095838368.0,0.35,1.1
2019-03-21,美的集团,000333,33.0,33.15,32.43,32.59,33.25,258326,1248826256.0,0.4,-1.98
2019-03-20,美的集团,000333,33.6,33.8,32.73,33.25,33.6,291752,1427029776.0,0.45,-1.04
2019-03-19,美的集团,000333,33.88,34.12,33.03,33.6,33.67,297019,1458253072.0,0.46,-0.21
2019-03-18,美的集团,000333,31.85,33.85,31.65,33.67,32.28,514992,2513134000.0,0.8,4.31
2019-03-15,美的集团,000333,31.65,32.93,31.19,32.28,30.76,672362,3208694080.0,1.04,4.94
2019-03-14,美的集团,000333,30.55,31.52,30.5,30.76,30.58,344231,1607571200.0,0.53,0.59
2019-03-13,美的集团,000333,30.53,30.99,29.88,30.58,30.51,348805,1601035408.0,0.54,0.23
2019-03-12,美的集团,000333,31.75,31.97,30.11,30.51,30.93,411678,1923704512.0,0.64,-1.36
2019-03-11,美的集团,000333,30.2,31.03,30.2,30.93,30.15,290561,1345836608.0,0.45,2.59
2019-03-08,美的集团,000333,31.01,31.58,30.05,30.15,31.91,463009,2143103984.0,0.72,-5.52
2019-03-07,美的集团,000333,33.35,33.35,31.53,31.91,33.45,511627,2450618688.0,0.79,-4.6
2019-03-06,美的集团,000333,33.73,34.03,33.05,33.45,33.35,316524,1553672304.0,0.49,0.3
2019-03-05,美的集团,000333,33.77,33.85,33.06,33.35,33.31,309243,1516133280.0,0.48,0.12
2019-03-04,美的集团,000333,33.46,34.55,32.95,33.31,32.92,542644,2680277824.0,0.84,1.18
2019-03-01,美的集团,000333,32.45,33.02,32.22,32.92,32.13,358401,1732559952.0,0.56,2.46
2019-02-28,美的集团,000333,32.0,32.53,31.8,32.13,31.99,253243,1209359040.0,0.39,0.44
2019-02-27,美的集团,000333,31.5,32.56,31.5,31.99,31.71,318705,1519672016.0,0.49,0.88
2019-02-26,美的集团,000333,32.7,33.05,31.7,31.71,33.52,490517,2357420864.0,0.76,-5.4
2019-02-25,美的集团,000333,31.85,33.74,31.04,33.52,29.96,728523,3466143744.0,1.13,11.88
2019-02-22,美的集团,000333,30.25,30.25,28.7,29.96,30.21,388825,1750311008.0,0.6,-0.83
2019-02-21,美的集团,000333,30.85,31.77,29.99,30.21,30.43,414423,1917916032.0,0.64,-0.72
2019-02-19,美的集团,000333,30.83,31.69,29.96,30.43,30.75,280759,1303139824.0,0.44,-1.04
2019-02-18,美的集团,000333,30.15,30.81,29.9,30.75,29.62,325702,1500350032.0,0.51,3.81
2019-02-15,美的集团,000333,31.1,31.1,29.35,29.62,31.5,465360,2121611344.0,0.72,-5.97
2019-02-14,美的集团,000333,31.25,31.66,30.85,31.5,31.15,229214,1077612640.0,0.36,1.12
2019-02-13,美的集团,000333,31.09,31.58,30.25,31.15,30.84,324143,1511519920.0,0.5,1.01
2019-02-12,美的集团,000333,30.35,31.25,30.0,30.84,30.43,302894,1404091088.0,0.47,1.35
2019-02-11,美的集团,000333,28.31,30.67,28.25,30.43,28.61,349054,1588661136.0,0.54,6.36
2019-02-01,美的集团,000333,28.7,28.85,27.88,28.61,27.88,312203,1378311584.0,0.49,2.62
2019-01-31,美的集团,000333,27.23,27.95,26.8,27.88,26.45,389215,1676325680.0,0.61,5.41
2019-01-30,美的集团,000333,27.14,27.25,26.45,26.45,27.35,292191,1242106832.0,0.45,-3.29
2019-01-29,美的集团,000333,26.19,27.35,25.81,27.35,26.19,369692,1565725520.0,0.58,4.43
2019-01-28,美的集团,000333,26.53,27.35,26.15,26.19,26.25,342213,1454201792.0,0.53,-0.23
2019-01-25,美的集团,000333,26.08,26.45,25.05,26.25,25.94,267548,1112391472.0,0.42,1.2
2019-01-24,美的集团,000333,26.15,26.44,25.56,25.94,25.81,219563,914100256.0,0.34,0.5
2019-01-23,美的集团,000333,25.34,26.4,25.34,25.81,25.65,192273,800266576.0,0.3,0.62
2019-01-22,美的集团,000333,26.45,26.66,25.37,25.65,26.44,244682,1012517248.0,0.38,-2.99
2019-01-21,美的集团,000333,26.55,27.15,25.95,26.44,26.43,294116,1241232672.0,0.46,0.04
2019-01-18,美的集团,000333,25.8,26.45,25.39,26.43,25.26,384428,1603555664.0,0.6,4.63
2019-01-17,美的集团,000333,25.55,26.05,25.23,25.26,25.55,259740,1073148528.0,0.4,-1.14
2019-01-16,美的集团,000333,25.35,25.81,24.97,25.55,25.35,286234,1177411056.0,0.45,0.79
2019-01-15,美的集团,000333,23.85,25.37,23.68,25.35,23.8,402190,1629499424.0,0.63,6.51
2019-01-14,美的集团,000333,24.26,24.71,23.67,23.8,24.19,187161,743527536.0,0.29,-1.61
2019-01-11,美的集团,000333,23.85,24.3,23.2,24.19,23.64,278139,1098274240.0,0.43,2.33
2019-01-10,美的集团,000333,23.21,24.13,22.95,23.64,23.35,355956,1398943856.0,0.55,1.24
2019-01-09,美的集团,000333,22.6,23.85,22.17,23.35,21.21,825859,3201852576.0,1.27,10.09
2019-01-08,美的集团,000333,21.4,21.55,21.03,21.21,21.34,134698,496396720.0,0.21,-0.61
2019-01-07,美的集团,000333,22.01,22.01,21.01,21.34,21.34,252997,937395168.0,0.39,0.0
2019-01-04,美的集团,000333,20.34,21.42,20.15,21.34,20.55,277118,1012555408.0,0.43,3.84
2019-01-03,美的集团,000333,20.61,21.18,20.35,20.55,20.79,143233,520938080.0,0.22,-1.15
2019-01-02,美的集团,000333,21.55,21.73,20.65,20.79,21.21,208624,764857120.0,0.32,-1.98
2018-12-28,美的集团,000333,21.1,21.75,20.66,21.21,21.15,211676,782455536.0,0.32,0.28
2018-12-27,美的集团,000333,22.26,22.41,21.15,21.15,21.48,230747,864454240.0,0.35,-1.54
2018-12-26,美的集团,000333,21.75,22.25,21.25,21.48,21.73,150947,563234720.0,0.23,-1.15
2018-12-25,美的集团,000333,21.37,22.1,21.05,21.73,22.09,192713,715052128.0,0.3,-1.63
2018-12-24,美的集团,000333,21.78,22.14,21.37,22.09,22.27,164642,615507712.0,0.25,-0.81
2018-12-21,美的集团,000333,22.44,22.6,21.65,22.27,22.68,258449,973696352.0,0.4,-1.81
2018-12-20,美的集团,000333,22.53,23.04,22.24,22.68,22.6,208582,799129968.0,0.32,0.35
2018-12-19,美的集团,000333,23.16,23.53,22.45,22.6,23.16,183880,711325680.0,0.28,-2.42
2018-12-18,美的集团,000333,23.5,23.87,22.87,23.16,23.81,328061,1276899824.0,0.5,-2.73
2018-12-17,美的集团,000333,24.32,24.52,23.41,23.81,24.1,302755,1196622240.0,0.47,-1.2
2018-12-14,美的集团,000333,24.15,24.56,23.85,24.1,24.47,324829,1294255776.0,0.5,-1.51
2018-12-13,美的集团,000333,22.35,24.7,22.24,24.47,22.09,738131,2920106208.0,1.14,10.77
2018-12-12,美的集团,000333,21.82,22.36,21.51,22.09,21.39,262125,983251040.0,0.4,3.27
2018-12-11,美的集团,000333,21.2,21.61,20.81,21.39,21.41,270877,996533808.0,0.42,-0.09
2018-12-10,美的集团,000333,22.35,22.5,21.06,21.41,22.83,346568,1288199872.0,0.53,-6.22
2018-12-07,美的集团,000333,23.36,23.54,22.6,22.83,23.31,226660,872710032.0,0.35,-2.06
2018-12-06,美的集团,000333,23.56,24.07,23.23,23.31,24.35,212691,833847744.0,0.33,-4.27
2018-12-05,美的集团,000333,24.35,24.65,24.16,24.35,24.89,191928,768053600.0,0.3,-2.17
2018-12-04,美的集团,000333,24.58,25.13,24.58,24.89,25.18,213906,867008928.0,0.33,-1.15
2018-12-03,美的集团,000333,24.35,25.35,24.08,25.18,23.04,526392,2130194416.0,0.81,9.29
2018-11-30,美的集团,000333,23.25,23.41,22.63,23.04,23.15,216093,832245888.0,0.33,-0.48
2018-11-29,美的集团,000333,24.65,24.72,23.08,23.15,24.37,249550,984225120.0,0.38,-5.01
2018-11-28,美的集团,000333,23.6,24.63,23.6,24.37,24.01,150969,602172512.0,0.23,1.5
2018-11-27,美的集团,000333,24.45,24.83,23.7,24.01,24.37,163033,652125520.0,0.25,-1.48
2018-11-26,美的集团,000333,23.95,24.61,23.85,24.37,24.23,136402,545341984.0,0.21,0.58
2018-11-23,美的集团,000333,24.76,25.37,24.16,24.23,24.98,220765,888505536.0,0.34,-3.0
2018-11-22,美的集团,000333,25.11,25.31,24.45,24.98,24.67,182187,738494848.0,0.28,1.26
2018-11-21,美的集团,000333,24.45,25.43,24.41,24.67,25.15,232201,939488736.0,0.36,-1.91
2018-11-20,美的集团,000333,26.25,26.61,24.65,25.15,26.65,277524,1148012128.0,0.43,-5.63
2018-11-19,美的集团,000333,26.25,26.85,25.6,26.65,26.35,207207,868819008.0,0.32,1.14
2018-11-16,美的集团,000333,25.46,26.89,25.25,26.35,25.46,303139,1268911056.0,0.47,3.5
2018-11-15,美的集团,000333,24.95,25.59,24.86,25.46,25.2,172245,705975088.0,0.27,1.03
2018-11-14,美的集团,000333,25.7,25.72,25.1,25.2,25.65,181788,745008864.0,0.28,-1.75
2018-11-13,美的集团,000333,23.85,25.76,23.65,25.65,24.49,339184,1380602384.0,0.52,4.74
2018-11-12,美的集团,000333,24.12,24.66,23.36,24.49,24.12,213280,851523088.0,0.33,1.53
2018-11-09,美的集团,000333,24.56,24.86,24.05,24.12,24.98,240564,960992656.0,0.37,-3.44
2018-11-08,美的集团,000333,25.64,25.78,24.85,24.98,25.13,264457,1080657728.0,0.41,-0.6
2018-11-07,美的集团,000333,24.53,25.63,24.07,25.13,24.53,348613,1418465072.0,0.54,2.45
2018-11-06,美的集团,000333,25.15,25.45,24.29,24.53,25.63,334238,1346925648.0,0.51,-4.29
2018-11-05,美的集团,000333,25.16,25.71,24.98,25.63,25.33,341638,1400072272.0,0.53,1.18
2018-11-02,美的集团,000333,25.26,25.95,24.34,25.33,22.97,746071,3045071072.0,1.15,10.27
2018-11-01,美的集团,000333,22.21,23.67,22.15,22.97,21.39,497783,1919656144.0,0.77,7.39
2018-10-31,美的集团,000333,20.21,21.43,19.91,21.39,20.68,478649,1748865776.0,0.74,3.43
2018-10-30,美的集团,000333,18.45,21.12,18.45,20.68,20.62,655908,2344670896.0,1.01,0.29
2018-10-29,美的集团,000333,21.45,22.23,20.62,20.62,24.65,981222,3610734352.0,1.51,-16.35
2018-09-07,美的集团,000333,24.9,25.55,24.31,24.65,24.69,203972,826452496.0,0.31,-0.16
2018-09-06,美的集团,000333,25.2,25.77,24.62,24.69,25.35,263660,1075515248.0,0.41,-2.6
2018-09-05,美的集团,000333,26.21,26.35,25.35,25.35,26.63,236704,979468976.0,0.36,-4.81
2018-09-04,美的集团,000333,26.35,26.83,25.5,26.63,26.08,244930,1026406656.0,0.38,2.11
2018-09-03,美的集团,000333,25.84,26.2,25.24,26.08,25.95,222964,923664992.0,0.34,0.5
2018-08-31,美的集团,000333,26.15,26.17,24.95,25.95,26.15,391384,1613498592.0,0.6,-0.76
2018-08-30,美的集团,000333,26.79,27.24,26.09,26.15,26.86,259555,1093950544.0,0.4,-2.64
2018-08-29,美的集团,000333,27.35,27.61,26.6,26.86,27.66,240469,1026363472.0,0.37,-2.89
2018-08-28,美的集团,000333,27.53,28.25,27.26,27.66,27.26,331742,1439081392.0,0.51,1.47
2018-08-27,美的集团,000333,26.2,27.31,26.05,27.26,25.73,380328,1615957760.0,0.59,5.95
2018-08-24,美的集团,000333,25.35,26.12,25.21,25.73,25.57,230575,954254304.0,0.35,0.63
2018-08-23,美的集团,000333,25.75,26.4,24.94,25.57,26.06,337595,1393122592.0,0.52,-1.88
2018-08-22,美的集团,000333,26.65,26.85,25.86,26.06,26.91,214734,898024800.0,0.33,-3.16
2018-08-21,美的集团,000333,26.35,27.19,25.92,26.91,26.05,372067,1575726240.0,0.57,3.3
2018-08-20,美的集团,000333,25.47,26.05,24.86,26.05,25.47,299794,1234034384.0,0.46,2.28
2018-08-17,美的集团,000333,26.99,27.27,25.37,25.47,26.67,315827,1314589216.0,0.49,-4.5
2018-08-16,美的集团,000333,25.52,27.25,25.42,26.67,26.37,322171,1354274304.0,0.5,1.14
2018-08-15,美的集团,000333,27.94,27.94,26.24,26.37,28.0,414659,1758445504.0,0.64,-5.82
2018-08-14,美的集团,000333,29.02,29.02,27.8,28.0,28.94,289262,1270602464.0,0.45,-3.25
2018-08-13,美的集团,000333,28.95,29.2,28.15,28.94,29.33,225569,999740464.0,0.35,-1.33
2018-08-10,美的集团,000333,29.35,30.08,29.12,29.33,29.49,280014,1264938160.0,0.43,-0.54
2018-08-09,美的集团,000333,28.41,30.16,27.85,29.49,28.5,360492,1625745248.0,0.55,3.47
2018-08-08,美的集团,000333,29.24,29.24,28.27,28.5,29.01,438697,1949283584.0,0.68,-1.76
2018-08-07,美的集团,000333,27.29,29.09,26.85,29.01,26.65,498708,2171929616.0,0.77,8.86
2018-08-06,美的集团,000333,26.36,27.32,26.15,26.65,26.23,506086,2144920592.0,0.78,1.6
2018-08-03,美的集团,000333,28.34,28.35,25.76,26.23,28.43,701016,2978175040.0,1.08,-7.74
2018-08-02,美的集团,000333,30.45,30.45,28.23,28.43,30.63,660723,2942194000.0,1.02,-7.18
2018-08-01,美的集团,000333,32.25,32.45,30.55,30.63,31.96,322613,1519389232.0,0.5,-4.16
2018-07-31,美的集团,000333,31.6,32.1,31.36,31.96,31.81,279850,1329361568.0,0.43,0.47
2018-07-30,美的集团,000333,31.75,32.03,31.35,31.81,31.54,264606,1250354896.0,0.41,0.86
2018-07-27,美的集团,000333,32.48,32.48,31.47,31.54,32.19,272496,1293155824.0,0.42,-2.02
2018-07-26,美的集团,000333,32.15,32.81,32.02,32.19,32.03,437172,2099583168.0,0.67,0.5
2018-07-25,美的集团,000333,32.99,33.0,31.9,32.03,32.73,396209,1895609408.0,0.61,-2.14
2018-07-24,美的集团,000333,31.35,32.91,31.35,32.73,30.93,719361,3452914192.0,1.11,5.82
2018-07-23,美的集团,000333,30.73,30.94,30.04,30.93,30.92,357410,1649543728.0,0.55,0.03
2018-07-20,美的集团,000333,30.6,31.25,29.58,30.92,30.7,500603,2296204688.0,0.77,0.72
2018-07-19,美的集团,000333,30.66,30.95,30.1,30.7,30.25,253852,1173236496.0,0.39,1.49
2018-07-18,美的集团,000333,31.05,31.47,30.23,30.25,30.82,342873,1588486960.0,0.53,-1.85
2018-07-17,美的集团,000333,31.72,31.73,30.37,30.82,31.73,396088,1836892320.0,0.61,-2.87
2018-07-16,美的集团,000333,32.64,33.19,31.41,31.73,32.19,334770,1598678384.0,0.52,-1.43
2018-07-13,美的集团,000333,32.25,32.55,31.85,32.19,32.18,324004,1548794304.0,0.5,0.03
2018-07-12,美的集团,000333,31.5,32.85,31.45,32.18,31.55,432001,2066086368.0,0.67,2.0
2018-07-11,美的集团,000333,31.06,32.02,30.82,31.55,32.85,363146,1708613024.0,0.56,-3.96
2018-07-10,美的集团,000333,33.55,33.7,31.78,32.85,33.4,424378,2047604992.0,0.65,-1.65
2018-07-09,美的集团,000333,32.24,33.45,31.75,33.4,31.75,365842,1773736480.0,0.56,5.2
2018-07-06,美的集团,000333,30.93,32.33,30.15,31.75,30.4,485875,2282804400.0,0.75,4.44
2018-07-05,美的集团,000333,30.84,31.65,30.19,30.4,29.46,637796,2968462016.0,0.98,3.19
2018-07-04,美的集团,000333,32.11,32.22,29.35,29.46,32.11,596231,2748494688.0,0.92,-8.25
2018-07-03,美的集团,000333,33.05,33.45,29.73,32.11,33.03,781290,3678015984.0,1.21,-2.79
2018-07-02,美的集团,000333,36.26,36.26,32.35,33.03,36.57,571712,2849314560.0,0.88,-9.68
2018-06-29,美的集团,000333,34.95,36.75,34.46,36.57,34.45,291304,1498577040.0,0.45,6.15
2018-06-28,美的集团,000333,34.4,35.57,33.86,34.45,34.83,361036,1820036672.0,0.56,-1.09
2018-06-27,美的集团,000333,36.77,37.42,34.83,34.83,36.68,426516,2194726272.0,0.67,-5.04
2018-06-26,美的集团,000333,36.4,37.35,36.11,36.68,37.25,302757,1584092960.0,0.47,-1.53
2018-06-25,美的集团,000333,38.05,38.49,37.21,37.25,38.0,272066,1456438256.0,0.43,-1.97
2018-06-22,美的集团,000333,38.03,38.03,36.69,38.0,38.57,358578,1903580688.0,0.56,-1.48
2018-06-21,美的集团,000333,39.85,40.4,38.55,38.57,39.51,307448,1700455376.0,0.48,-2.38
2018-06-20,美的集团,000333,38.97,40.12,38.51,39.51,38.97,296507,1630126320.0,0.46,1.39
2018-06-19,美的集团,000333,39.45,40.35,38.13,38.97,40.63,591142,3263370608.0,0.93,-4.09
2018-06-15,美的集团,000333,40.27,41.3,39.95,40.63,40.13,310752,1748373792.0,0.49,1.25
2018-06-14,美的集团,000333,41.55,41.78,39.76,40.13,41.34,354846,1996542960.0,0.56,-2.93
2018-06-13,美的集团,000333,41.74,42.4,41.14,41.34,41.54,360546,2066765952.0,0.56,-0.48
2018-06-12,美的集团,000333,40.68,42.1,40.24,41.54,40.67,585181,3335129552.0,0.92,2.14
2018-06-11,美的集团,000333,39.01,41.0,38.97,40.67,39.01,581584,3241913792.0,0.91,4.26
2018-06-08,美的集团,000333,38.48,39.55,38.37,39.01,38.65,363711,1986285600.0,0.57,0.93
2018-06-07,美的集团,000333,39.42,39.66,38.4,38.65,39.09,264890,1445351136.0,0.41,-1.13
2018-06-06,美的集团,000333,39.62,39.79,38.76,39.09,39.32,260084,1428692640.0,0.41,-0.58
2018-06-05,美的集团,000333,39.15,39.45,38.07,39.32,38.34,413211,2258778416.0,0.65,2.56
2018-06-04,美的集团,000333,37.25,38.65,37.07,38.34,36.5,487209,2627372960.0,0.76,5.04
2018-06-01,美的集团,000333,36.85,37.23,36.29,36.5,37.26,244887,1281257856.0,0.38,-2.04
2018-05-31,美的集团,000333,35.4,37.6,35.25,37.26,35.06,488367,2559326208.0,0.77,6.27
2018-05-30,美的集团,000333,34.6,35.77,34.23,35.06,35.84,269194,1359774128.0,0.42,-2.18
2018-05-29,美的集团,000333,35.85,36.54,35.61,35.84,36.29,216607,1119651376.0,0.34,-1.24
2018-05-28,美的集团,000333,35.25,36.58,34.65,36.29,34.94,277886,1432263184.0,0.44,3.86
2018-05-25,美的集团,000333,35.15,35.78,34.65,34.94,35.25,261596,1329483344.0,0.41,-0.88
2018-05-24,美的集团,000333,36.14,36.33,35.0,35.25,36.15,222461,1140837632.0,0.35,-2.49
2018-05-23,美的集团,000333,36.85,36.85,36.08,36.15,36.98,221089,1149466464.0,0.35,-2.24
2018-05-22,美的集团,000333,38.25,38.25,36.35,36.98,38.3,351263,1846227344.0,0.55,-3.45
2018-05-21,美的集团,000333,38.73,38.9,37.86,38.3,38.24,179497,969125520.0,0.28,0.16
2018-05-18,美的集团,000333,37.63,38.32,36.76,38.24,37.47,244459,1299383552.0,0.38,2.05
2018-05-17,美的集团,000333,38.55,38.65,37.37,37.47,38.75,228997,1223353984.0,0.36,-3.3
2018-05-16,美的集团,000333,39.24,39.47,38.36,38.75,39.57,243427,1327516672.0,0.38,-2.07
2018-05-15,美的集团,000333,39.88,40.2,39.0,39.57,39.59,282097,1554553008.0,0.44,-0.05
2018-05-14,美的集团,000333,38.34,39.78,38.15,39.59,38.1,323950,1777225760.0,0.51,3.91
2018-05-11,美的集团,000333,39.15,39.23,37.91,38.1,38.73,170191,921004928.0,0.27,-1.63
2018-05-10,美的集团,000333,38.65,38.98,38.25,38.73,38.3,221495,1201775584.0,0.35,1.12
2018-05-09,美的集团,000333,37.86,38.45,37.81,38.3,38.25,174054,935733600.0,0.27,0.13
2018-05-08,美的集团,000333,36.78,38.72,36.77,38.25,36.75,422796,2267542000.0,0.66,4.08
2018-05-07,美的集团,000333,35.74,36.86,35.3,36.75,35.45,290620,1509943120.0,0.46,3.67
2018-05-04,美的集团,000333,36.49,37.07,35.3,35.45,36.35,302843,1561168880.0,0.48,-2.48
2018-05-03,美的集团,000333,34.3,36.4,33.98,36.35,34.5,307890,1608563744.0,0.48,5.36
2018-05-02,美的集团,000333,34.38,35.26,33.59,34.5,34.83,306862,1570439088.0,0.48,-0.95
2018-04-27,美的集团,000333,35.57,35.57,33.7,34.83,34.55,403466,2075967216.0,0.63,0.81
2018-04-26,美的集团,000333,34.83,35.48,34.04,34.55,35.77,331102,1707726688.0,0.52,-3.41
2018-04-25,美的集团,000333,36.6,36.81,35.05,35.77,36.7,363801,1916903760.0,0.57,-2.53
2018-04-24,美的集团,000333,35.52,37.02,35.52,36.7,35.2,373871,1996954464.0,0.59,4.26
2018-04-23,美的集团,000333,35.05,36.03,34.15,35.2,34.55,289044,1499909824.0,0.45,1.88
2018-04-20,美的集团,000333,34.94,36.15,34.1,34.55,34.72,430416,2233312240.0,0.68,-0.49
2018-04-19,美的集团,000333,32.48,34.72,32.15,34.72,31.88,433660,2193162144.0,0.68,8.91
2018-04-18,美的集团,000333,33.75,33.78,31.1,31.88,33.04,416080,2037850000.0,0.65,-3.51
2018-04-17,美的集团,000333,32.89,33.7,31.74,33.04,32.94,313438,1555082592.0,0.49,0.3
2018-04-16,美的集团,000333,34.46,34.95,32.3,32.94,34.47,444710,2228866672.0,0.7,-4.44
2018-04-13,美的集团,000333,35.55,35.62,34.16,34.47,35.02,240216,1241813088.0,0.38,-1.57
2018-04-12,美的集团,000333,36.06,36.09,34.99,35.02,36.13,252075,1317128208.0,0.4,-3.07
2018-04-11,美的集团,000333,35.93,36.78,35.56,36.13,35.92,467614,2476801824.0,0.73,0.58
2018-04-10,美的集团,000333,34.6,35.95,34.33,35.92,34.45,354241,1846478112.0,0.56,4.27
2018-04-09,美的集团,000333,36.06,36.46,34.15,34.45,36.16,427970,2210491840.0,0.67,-4.73
2018-04-04,美的集团,000333,35.97,37.25,35.21,36.16,35.67,371528,1980456944.0,0.58,1.37
2018-04-03,美的集团,000333,35.84,36.78,35.33,35.67,35.99,311895,1645036112.0,0.49,-0.89
2018-04-02,美的集团,000333,36.45,38.15,35.83,35.99,37.68,417152,2227714704.0,0.66,-4.49
2018-03-30,美的集团,000333,38.15,38.51,37.51,37.68,38.45,308815,1696101248.0,0.49,-2.0
2018-03-29,美的集团,000333,36.57,38.93,35.45,38.45,36.27,385947,2098813872.0,0.61,6.01
2018-03-28,美的集团,000333,36.64,37.15,35.16,36.27,37.76,544504,2880441040.0,0.86,-3.95
2018-03-27,美的集团,000333,39.32,39.53,37.26,37.76,38.42,471064,2602536144.0,0.74,-1.72
2018-03-26,美的集团,000333,38.65,39.13,37.25,38.42,39.39,373098,2054321664.0,0.59,-2.46
2018-03-23,美的集团,000333,37.85,39.6,36.88,39.39,40.05,641627,3526483696.0,1.01,-1.65
2018-03-22,美的集团,000333,42.03,42.05,39.51,40.05,41.43,329378,1886620304.0,0.52,-3.33
2018-03-21,美的集团,000333,42.78,43.11,41.43,41.43,42.49,197252,1164919600.0,0.31,-2.49
2018-03-20,美的集团,000333,42.26,42.78,41.45,42.49,42.72,177638,1046101328.0,0.28,-0.54
2018-03-19,美的集团,000333,42.84,43.43,42.15,42.72,42.84,211598,1260029776.0,0.33,-0.28
2018-03-16,美的集团,000333,44.25,44.58,42.65,42.84,44.56,258105,1555874368.0,0.41,-3.86
2018-03-15,美的集团,000333,43.05,45.05,42.95,44.56,43.55,266963,1632419120.0,0.42,2.32
2018-03-14,美的集团,000333,43.85,44.78,43.1,43.55,44.21,272072,1652444128.0,0.43,-1.49
2018-03-13,美的集团,000333,43.85,45.34,43.41,44.21,43.88,377824,2320438064.0,0.59,0.75
2018-03-12,美的集团,000333,44.13,45.69,43.5,43.88,43.06,461325,2831384976.0,0.72,1.9
2018-03-09,美的集团,000333,42.62,43.54,41.88,43.06,42.32,394729,2356572672.0,0.62,1.75
2018-03-08,美的集团,000333,40.02,42.35,39.55,42.32,39.41,380519,2206248608.0,0.6,7.38
2018-03-07,美的集团,000333,39.41,40.31,38.98,39.41,39.35,208925,1183915600.0,0.33,0.15
2018-03-06,美的集团,000333,39.68,39.84,38.05,39.35,39.17,195030,1084322736.0,0.31,0.46
2018-03-05,美的集团,000333,39.26,39.7,38.67,39.17,39.37,204171,1142843072.0,0.32,-0.51
2018-03-02,美的集团,000333,38.01,40.83,37.92,39.37,38.75,364904,2064011408.0,0.57,1.6
2018-03-01,美的集团,000333,38.14,39.64,37.97,38.75,38.1,237900,1325327536.0,0.37,1.71
2018-02-28,美的集团,000333,37.5,38.95,36.85,38.1,37.75,318721,1752933200.0,0.5,0.93
2018-02-27,美的集团,000333,40.94,40.94,37.73,37.75,40.85,478853,2667769408.0,0.75,-7.59
2018-02-26,美的集团,000333,40.73,41.44,40.15,40.85,40.7,246266,1424718752.0,0.39,0.37
2018-02-23,美的集团,000333,41.6,41.63,40.05,40.7,41.29,180502,1039074368.0,0.28,-1.43
2018-02-22,美的集团,000333,41.45,41.67,40.35,41.29,40.07,251527,1461224848.0,0.4,3.04
2018-02-14,美的集团,000333,38.76,40.25,37.87,40.07,38.46,219574,1235236272.0,0.35,4.19
2018-02-13,美的集团,000333,38.19,39.65,37.83,38.46,37.57,258920,1439646656.0,0.41,2.37
2018-02-12,美的集团,000333,35.13,38.03,35.12,37.57,35.13,374562,2020911728.0,0.59,6.95
2018-02-09,美的集团,000333,35.1,35.6,33.3,35.13,36.92,603648,3107079216.0,0.95,-4.85
2018-02-08,美的集团,000333,35.75,37.59,35.66,36.92,35.94,439782,2353183888.0,0.69,2.73
2018-02-07,美的集团,000333,39.55,39.73,35.86,35.94,38.65,533539,2912160608.0,0.84,-7.01
2018-02-06,美的集团,000333,38.85,38.96,36.97,38.65,40.47,880342,4837552384.0,1.38,-4.5
2018-02-05,美的集团,000333,42.06,42.69,39.65,40.47,43.05,554639,3207266000.0,0.87,-5.99
2018-02-02,美的集团,000333,42.1,43.24,41.55,43.05,42.49,224897,1339453856.0,0.35,1.32
2018-02-01,美的集团,000333,43.15,43.25,41.29,42.49,42.97,380032,2240855712.0,0.6,-1.12
2018-01-31,美的集团,000333,41.48,43.57,41.35,42.97,41.91,254072,1512097808.0,0.4,2.53
2018-01-30,美的集团,000333,42.57,43.83,41.65,41.91,43.02,309516,1841490336.0,0.49,-2.58
2018-01-29,美的集团,000333,45.12,45.33,42.05,43.02,45.15,467086,2810319408.0,0.73,-4.72
2018-01-26,美的集团,000333,44.45,45.84,43.68,45.15,44.45,333516,2063068384.0,0.52,1.57
2018-01-25,美的集团,000333,43.95,44.57,42.15,44.45,43.56,282564,1707172480.0,0.44,2.04
2018-01-24,美的集团,000333,45.54,45.8,43.35,43.56,45.27,326127,1984093152.0,0.51,-3.78
2018-01-23,美的集团,000333,44.53,45.79,43.38,45.27,44.58,386473,2373486896.0,0.61,1.55
2018-01-22,美的集团,000333,41.73,44.69,41.73,44.58,41.32,458501,2764421360.0,0.72,7.89
2018-01-19,美的集团,000333,42.1,42.26,41.05,41.32,42.1,313879,1830960800.0,0.49,-1.85
2018-01-18,美的集团,000333,42.15,42.94,41.65,42.1,41.9,223782,1323941728.0,0.35,0.48
2018-01-17,美的集团,000333,44.15,44.16,41.6,41.9,44.24,414037,2459742688.0,0.65,-5.29
2018-01-16,美的集团,000333,44.15,44.98,43.25,44.24,44.31,289365,1768100960.0,0.46,-0.16
2018-01-15,美的集团,000333,44.47,45.81,44.15,44.31,43.95,367226,2266432848.0,0.58,0.82
2018-01-12,美的集团,000333,42.77,44.33,42.45,43.95,42.77,252900,1525807296.0,0.4,2.76
2018-01-11,美的集团,000333,43.16,44.03,42.03,42.77,43.71,316035,1888981552.0,0.5,-2.15
2018-01-10,美的集团,000333,42.74,44.45,42.05,43.71,42.63,448967,2694648768.0,0.71,2.53
2018-01-09,美的集团,000333,40.95,43.1,40.39,42.63,40.81,448054,2638563280.0,0.71,4.46
2018-01-08,美的集团,000333,40.85,41.45,39.87,40.81,41.11,367885,2115094000.0,0.58,-0.73
2018-01-05,美的集团,000333,40.75,41.35,39.9,41.11,40.44,371854,2137344304.0,0.59,1.66
2018-01-04,美的集团,000333,39.17,40.45,38.97,40.44,38.95,405557,2306429664.0,0.64,3.83
2018-01-03,美的集团,000333,39.71,40.4,38.57,38.95,39.53,428368,2412127952.0,0.67,-1.47
2018-01-02,美的集团,000333,39.3,40.23,39.17,39.53,38.58,329725,1866579504.0,0.52,2.46
2017-12-29,美的集团,000333,39.04,40.13,38.01,38.58,38.7,306335,1715093920.0,0.48,-0.31
2017-12-28,美的集团,000333,37.66,39.37,37.1,38.7,37.54,330990,1832583968.0,0.52,3.09
2017-12-27,美的集团,000333,39.48,39.84,37.54,37.54,39.45,347083,1915094400.0,0.55,-4.84
2017-12-26,美的集团,000333,40.96,41.03,38.7,39.45,41.02,349156,1971165536.0,0.55,-3.83
2017-12-25,美的集团,000333,39.75,41.5,39.75,41.02,39.73,364058,2101831776.0,0.57,3.25
2017-12-22,美的集团,000333,38.8,39.89,38.65,39.73,39.09,213776,1200106864.0,0.34,1.64
2017-12-21,美的集团,000333,38.3,39.61,38.25,39.09,38.22,288963,1615692992.0,0.46,2.28
2017-12-20,美的集团,000333,38.54,39.28,38.0,38.22,38.59,330823,1838169600.0,0.52,-0.96
2017-12-19,美的集团,000333,38.13,38.92,37.9,38.59,38.47,327289,1808678016.0,0.52,0.31
2017-12-18,美的集团,000333,36.35,38.47,36.35,38.47,36.85,362668,1990338368.0,0.57,4.4
2017-12-15,美的集团,000333,37.6,37.61,36.28,36.85,37.65,258028,1385703936.0,0.41,-2.12
2017-12-14,美的集团,000333,38.21,38.22,36.85,37.65,38.05,305149,1659069472.0,0.48,-1.05
2017-12-13,美的集团,000333,36.42,38.25,36.23,38.05,36.45,325777,1770328784.0,0.51,4.39
2017-12-12,美的集团,000333,37.03,37.83,36.16,36.45,36.77,321421,1729024704.0,0.51,-0.87
2017-12-11,美的集团,000333,33.75,36.96,33.75,36.77,33.58,480727,2520510640.0,0.76,9.5
2017-12-08,美的集团,000333,32.55,34.35,32.55,33.58,32.28,458823,2316395376.0,0.72,4.03
2017-12-07,美的集团,000333,34.04,34.23,32.2,32.28,34.1,380429,1893349712.0,0.6,-5.34
2017-12-06,美的集团,000333,35.15,35.2,33.49,34.1,35.33,331882,1695822000.0,0.52,-3.48
2017-12-05,美的集团,000333,34.45,35.68,34.35,35.33,34.65,392442,2041291168.0,0.62,1.96
2017-12-04,美的集团,000333,33.86,35.21,33.47,34.65,33.73,300629,1544572384.0,0.47,2.73
2017-12-01,美的集团,000333,34.82,34.82,33.65,33.73,34.33,242949,1238478320.0,0.38,-1.75
2017-11-30,美的集团,000333,33.95,35.21,33.76,34.33,34.25,297334,1521289760.0,0.47,0.23
2017-11-29,美的集团,000333,35.74,35.92,33.35,34.25,35.74,447364,2288830896.0,0.71,-4.17
2017-11-28,美的集团,000333,35.35,36.22,34.93,35.74,35.79,298841,1561551136.0,0.47,-0.14
2017-11-27,美的集团,000333,36.55,36.55,34.9,35.79,37.25,433896,2272582848.0,0.68,-3.92
2017-11-24,美的集团,000333,36.45,37.33,34.79,37.25,36.59,565454,2988624848.0,0.89,1.8
2017-11-23,美的集团,000333,39.25,39.28,36.25,36.59,39.58,460453,2521104112.0,0.73,-7.55
2017-11-22,美的集团,000333,40.74,41.08,38.7,39.58,40.81,511096,2899690080.0,0.81,-3.01
2017-11-21,美的集团,000333,38.1,40.82,38.06,40.81,37.77,651455,3696071472.0,1.03,8.05
2017-11-20,美的集团,000333,36.65,37.81,35.7,37.77,36.8,415199,2233210128.0,0.65,2.64
2017-11-17,美的集团,000333,36.05,37.45,35.55,36.8,36.03,495106,2649534448.0,0.78,2.14
2017-11-16,美的集团,000333,35.35,36.17,34.76,36.03,35.43,406447,2128432512.0,0.64,1.69
2017-11-15,美的集团,000333,35.05,35.9,34.48,35.43,35.46,359005,1870389664.0,0.57,-0.08
2017-11-14,美的集团,000333,36.78,36.78,34.85,35.46,36.86,379156,1992144080.0,0.6,-3.8
2017-11-13,美的集团,000333,36.9,37.55,36.3,36.86,36.55,329952,1775960544.0,0.52,0.85
2017-11-10,美的集团,000333,35.78,36.81,35.25,36.55,35.75,411880,2190665664.0,0.65,2.24
2017-11-09,美的集团,000333,34.72,35.8,33.5,35.75,34.63,462546,2381451840.0,0.73,3.23
2017-11-08,美的集团,000333,35.91,37.83,33.95,34.63,35.9,824391,4344083456.0,1.3,-3.54
2017-11-07,美的集团,000333,35.85,37.23,35.05,35.9,35.84,483279,2551838624.0,0.76,0.17
2017-11-06,美的集团,000333,33.95,36.31,33.47,35.84,33.8,458919,2386966272.0,0.72,6.04
2017-11-03,美的集团,000333,34.43,34.97,33.55,33.8,34.39,270452,1378434432.0,0.43,-1.72
2017-11-02,美的集团,000333,33.65,34.52,33.35,34.39,33.76,228312,1161765216.0,0.36,1.87
2017-11-01,美的集团,000333,34.21,35.43,33.45,33.76,34.15,358587,1834346480.0,0.57,-1.14
2017-10-31,美的集团,000333,34.75,35.5,33.45,34.15,34.91,377606,1936277376.0,0.6,-2.18
2017-10-30,美的集团,000333,34.35,34.91,33.05,34.91,33.87,324993,1651851040.0,0.51,3.07
2017-10-27,美的集团,000333,33.34,34.35,33.11,33.87,33.11,240751,1216523696.0,0.38,2.3
2017-10-26,美的集团,000333,33.67,34.66,33.1,33.11,33.55,400793,2028650896.0,0.63,-1.31
2017-10-25,美的集团,000333,31.74,33.64,31.66,33.55,31.74,360014,1792741008.0,0.57,5.7
2017-10-24,美的集团,000333,30.81,31.8,30.46,31.74,30.78,250109,1206999120.0,0.39,3.12
2017-10-23,美的集团,000333,30.64,31.4,30.41,30.78,30.79,232857,1110662816.0,0.37,-0.03
2017-10-20,美的集团,000333,31.45,31.49,30.15,30.79,31.78,239296,1137891952.0,0.38,-3.12
2017-10-19,美的集团,000333,31.8,32.4,31.31,31.78,31.88,221643,1079617072.0,0.35,-0.31
2017-10-18,美的集团,000333,31.15,31.88,30.93,31.88,31.3,242214,1166840624.0,0.38,1.85
2017-10-17,美的集团,000333,29.85,31.37,29.67,31.3,29.99,363462,1733884752.0,0.57,4.37
2017-10-16,美的集团,000333,30.8,31.24,29.98,29.99,30.83,238052,1128973840.0,0.38,-2.72
2017-10-13,美的集团,000333,30.75,31.31,30.15,30.83,30.83,196977,938036256.0,0.31,0.0
2017-10-12,美的集团,000333,30.45,31.15,30.13,30.83,30.25,213067,1014602928.0,0.34,1.92
2017-10-11,美的集团,000333,29.4,31.13,29.4,30.25,29.81,413633,1957611616.0,0.65,1.48
2017-10-10,美的集团,000333,29.62,30.13,28.53,29.81,29.62,374073,1731026496.0,0.59,0.64
2017-10-09,美的集团,000333,27.95,30.25,27.62,29.62,27.34,419205,1932882752.0,0.66,8.34
2017-09-29,美的集团,000333,26.75,27.75,26.36,27.34,26.58,251742,1112118656.0,0.4,2.86
2017-09-28,美的集团,000333,26.92,26.99,25.96,26.58,26.96,239339,1037368464.0,0.38,-1.41
2017-09-27,美的集团,000333,25.74,27.15,25.74,26.96,25.83,232273,1010546592.0,0.37,4.37
2017-09-26,美的集团,000333,26.36,26.4,25.52,25.83,26.24,182455,779859776.0,0.29,-1.56
2017-09-25,美的集团,000333,27.25,27.52,25.8,26.24,27.25,326617,1426475072.0,0.52,-3.71
2017-09-22,美的集团,000333,26.35,27.56,26.16,27.25,26.25,367550,1616034704.0,0.58,3.81
2017-09-21,美的集团,000333,26.53,27.05,26.1,26.25,26.44,326221,1416880384.0,0.52,-0.72
2017-09-20,美的集团,000333,25.44,26.45,25.44,26.44,25.15,488862,2099765360.0,0.77,5.13
2017-09-19,美的集团,000333,25.01,25.43,24.89,25.15,25.18,270635,1138284608.0,0.43,-0.12
2017-09-18,美的集团,000333,25.37,25.59,24.96,25.18,25.18,288215,1214377120.0,0.46,0.0
2017-09-15,美的集团,000333,23.96,25.3,23.85,25.18,24.05,433624,1810947648.0,0.68,4.7
2017-09-14,美的集团,000333,24.27,24.46,23.69,24.05,24.34,157072,643176848.0,0.25,-1.19
2017-09-13,美的集团,000333,23.44,24.34,23.22,24.34,23.37,277523,1132987664.0,0.44,4.15
2017-09-12,美的集团,000333,23.42,23.54,22.84,23.37,23.46,311500,1244801296.0,0.49,-0.38
2017-09-11,美的集团,000333,24.41,24.45,23.3,23.46,24.14,240468,976858848.0,0.38,-2.82
2017-09-08,美的集团,000333,24.13,24.38,23.88,24.14,24.12,171284,701775696.0,0.27,0.08
2017-09-07,美的集团,000333,24.12,24.44,23.86,24.12,24.12,192054,788505232.0,0.3,0.0
2017-09-06,美的集团,000333,24.65,24.73,23.88,24.12,24.56,171517,703761904.0,0.27,-1.79
2017-09-05,美的集团,000333,24.5,24.95,24.05,24.56,24.51,251582,1042408272.0,0.4,0.2
2017-09-04,美的集团,000333,23.98,24.67,23.77,24.51,23.99,273044,1126919104.0,0.43,2.17
2017-09-01,美的集团,000333,24.31,24.58,23.65,23.99,24.15,304812,1247809040.0,0.48,-0.66
2017-08-31,美的集团,000333,25.12,25.33,23.53,24.15,25.13,462297,1897402416.0,0.73,-3.9
2017-08-30,美的集团,000333,24.88,25.24,24.85,25.13,24.85,149241,625646528.0,0.24,1.13
2017-08-29,美的集团,000333,25.53,25.62,24.65,24.85,25.42,237648,994369248.0,0.38,-2.24
2017-08-28,美的集团,000333,25.15,25.74,25.1,25.42,25.05,358956,1519785072.0,0.57,1.48
2017-08-25,美的集团,000333,24.98,25.15,24.62,25.05,24.67,347592,1452770128.0,0.55,1.54
2017-08-24,美的集团,000333,24.13,24.7,24.1,24.67,23.96,334509,1381480176.0,0.53,2.96
2017-08-23,美的集团,000333,23.75,24.07,23.37,23.96,23.6,180807,734549600.0,0.29,1.53
2017-08-22,美的集团,000333,23.03,23.88,23.03,23.6,22.86,296823,1201100032.0,0.47,3.24
2017-08-21,美的集团,000333,22.27,23.02,22.1,22.86,22.28,221684,878293328.0,0.35,2.6
2017-08-18,美的集团,000333,22.13,22.59,22.05,22.28,22.47,170844,669361440.0,0.27,-0.85
2017-08-17,美的集团,000333,22.21,22.6,22.0,22.47,22.2,260387,1017919392.0,0.41,1.22
2017-08-16,美的集团,000333,22.84,22.84,21.96,22.2,22.92,318262,1243694752.0,0.5,-3.14
2017-08-15,美的集团,000333,23.27,23.27,22.79,22.92,23.27,247804,986854480.0,0.39,-1.5
2017-08-14,美的集团,000333,22.81,23.6,22.75,23.27,22.79,210850,844438672.0,0.33,2.11
2017-08-11,美的集团,000333,23.45,24.05,22.75,22.79,24.0,235612,944958208.0,0.37,-5.04
2017-08-10,美的集团,000333,23.84,24.33,23.45,24.0,23.95,229062,935040720.0,0.36,0.21
2017-08-09,美的集团,000333,23.28,24.5,22.66,23.95,23.13,293559,1193145168.0,0.46,3.55
2017-08-08,美的集团,000333,23.35,23.63,23.04,23.13,23.44,212440,852359152.0,0.34,-1.32
2017-08-07,美的集团,000333,22.5,23.58,21.82,23.44,22.6,420687,1670024912.0,0.66,3.72
2017-08-04,美的集团,000333,23.34,23.54,22.53,22.6,23.23,307045,1218981968.0,0.49,-2.71
2017-08-03,美的集团,000333,23.76,24.15,23.05,23.23,23.95,357730,1437369312.0,0.57,-3.01
2017-08-02,美的集团,000333,24.33,24.33,23.9,23.95,24.34,257016,1050314608.0,0.41,-1.6
2017-08-01,美的集团,000333,24.36,24.74,24.0,24.34,24.35,343034,1411054272.0,0.54,-0.04
2017-07-31,美的集团,000333,24.73,24.73,23.93,24.35,24.55,330137,1355932992.0,0.52,-0.81
2017-07-28,美的集团,000333,24.38,24.99,24.22,24.55,24.35,240932,998490208.0,0.38,0.82
2017-07-27,美的集团,000333,25.49,25.49,23.92,24.35,25.49,418007,1724985920.0,0.66,-4.47
2017-07-26,美的集团,000333,26.75,26.75,25.08,25.49,26.57,389177,1655228160.0,0.62,-4.06
2017-07-25,美的集团,000333,26.59,26.8,26.1,26.57,26.57,327367,1417603520.0,0.52,0.0
2017-07-24,美的集团,000333,25.06,26.7,24.75,26.57,25.05,605222,2602473520.0,0.96,6.07
2017-07-21,美的集团,000333,25.49,25.61,24.83,25.05,25.4,295040,1242799392.0,0.47,-1.38
2017-07-20,美的集团,000333,24.45,25.5,23.85,25.4,24.37,466367,1940264128.0,0.74,4.23
2017-07-19,美的集团,000333,24.35,25.08,24.08,24.37,24.15,315192,1304514800.0,0.5,0.91
2017-07-18,美的集团,000333,24.62,24.97,23.83,24.15,24.81,375815,1540916064.0,0.59,-2.66
2017-07-17,美的集团,000333,25.25,25.65,23.65,24.81,25.32,460488,1907521312.0,0.73,-2.01
2017-07-14,美的集团,000333,24.95,25.54,24.53,25.32,25.14,231619,970662272.0,0.37,0.72
2017-07-13,美的集团,000333,24.65,25.76,24.5,25.14,24.85,276968,1166065056.0,0.44,1.17
2017-07-12,美的集团,000333,25.96,26.32,24.6,24.85,26.1,425621,1799570656.0,0.67,-4.79
2017-07-11,美的集团,000333,24.55,26.45,24.55,26.1,24.52,686853,2919625392.0,1.09,6.44
2017-07-10,美的集团,000333,24.45,25.02,24.35,24.52,24.78,296792,1229483360.0,0.47,-1.05
2017-07-07,美的集团,000333,25.28,25.63,24.41,24.78,25.75,405354,1689133840.0,0.64,-3.77
2017-07-06,美的集团,000333,26.08,26.15,24.8,25.75,26.09,455667,1926026720.0,0.72,-1.3
2017-07-05,美的集团,000333,24.55,26.11,24.45,26.09,24.65,441307,1868284416.0,0.7,5.84
2017-07-04,美的集团,000333,24.95,24.97,24.07,24.65,24.95,510003,2104852480.0,0.81,-1.2
2017-07-03,美的集团,000333,26.0,26.0,24.71,24.95,26.19,513312,2156580928.0,0.81,-4.73
2017-06-30,美的集团,000333,26.15,26.51,25.7,26.19,26.31,391964,1685646656.0,0.62,-0.46
2017-06-29,美的集团,000333,25.93,26.4,25.7,26.31,25.93,453945,1947619520.0,0.72,1.47
2017-06-28,美的集团,000333,26.78,26.78,25.65,25.93,27.15,585448,2515804864.0,0.93,-4.49
2017-06-27,美的集团,000333,27.55,27.57,26.21,27.15,27.4,498518,2176423872.0,0.79,-0.91
2017-06-26,美的集团,000333,27.32,28.54,27.15,27.4,27.63,600431,2681264192.0,0.95,-0.83
2017-06-23,美的集团,000333,25.9,27.72,25.41,27.63,25.65,475583,2056736928.0,0.75,7.72
2017-06-22,美的集团,000333,25.99,26.59,25.35,25.65,25.94,625918,2681685104.0,0.99,-1.12
2017-06-21,美的集团,000333,24.33,25.94,23.75,25.94,24.03,490517,2046649824.0,0.78,7.95
2017-06-20,美的集团,000333,23.65,24.42,23.19,24.03,23.49,552674,2249834176.0,0.88,2.3
2017-06-19,美的集团,000333,22.75,23.7,22.67,23.49,22.21,585736,2346748480.0,0.93,5.76
2017-06-16,美的集团,000333,23.07,23.53,22.09,22.21,22.85,459904,1819097872.0,0.73,-2.8
2017-06-15,美的集团,000333,22.4,23.18,22.16,22.85,22.25,403920,1594147488.0,0.64,2.7
2017-06-14,美的集团,000333,23.19,23.35,22.07,22.25,23.31,474018,1865659776.0,0.75,-4.55
2017-06-13,美的集团,000333,23.61,23.85,23.1,23.31,23.61,294227,1182718544.0,0.47,-1.27
2017-06-12,美的集团,000333,23.3,24.29,22.96,23.61,23.45,465623,1880663312.0,0.74,0.68
2017-06-09,美的集团,000333,23.54,24.21,22.92,23.45,23.4,489338,1982802640.0,0.78,0.21
2017-06-08,美的集团,000333,21.86,23.4,21.86,23.4,21.85,451989,1789706672.0,0.72,7.09
2017-06-07,美的集团,000333,21.15,22.27,20.96,21.85,21.15,533532,2052782432.0,0.85,3.31
2017-06-06,美的集团,000333,19.65,21.16,19.6,21.15,19.54,478495,1789235216.0,0.76,8.24
2017-06-05,美的集团,000333,19.44,19.97,19.35,19.54,19.54,256830,938757136.0,0.41,0.0
2017-06-02,美的集团,000333,19.65,19.8,18.95,19.54,19.65,345804,1255234080.0,0.55,-0.56
2017-06-01,美的集团,000333,19.31,19.82,19.15,19.65,19.27,406495,1480882592.0,0.65,1.97
2017-05-31,美的集团,000333,18.93,19.27,18.27,19.27,18.82,368765,1315310960.0,0.59,2.39
2017-05-26,美的集团,000333,18.46,19.09,18.46,18.82,18.48,328012,1170518544.0,0.52,1.84
2017-05-25,美的集团,000333,19.02,19.25,18.35,18.48,19.26,410939,1463033888.0,0.65,-4.05
2017-05-24,美的集团,000333,19.31,19.63,18.8,19.26,19.47,282755,1021390208.0,0.45,-1.08
2017-05-23,美的集团,000333,19.4,19.73,18.7,19.47,19.36,522760,1889503280.0,0.83,0.57
2017-05-22,美的集团,000333,18.43,19.45,18.43,19.36,18.69,477949,1711710912.0,0.76,3.58
2017-05-19,美的集团,000333,17.86,18.73,17.85,18.69,17.63,505787,1784970832.0,0.81,6.01
2017-05-18,美的集团,000333,17.41,18.21,17.35,17.63,17.52,382488,1327757696.0,0.61,0.63
2017-05-17,美的集团,000333,18.25,18.35,17.46,17.52,18.47,501700,1741741552.0,0.81,-5.14
2017-05-16,美的集团,000333,17.69,18.64,17.37,18.47,18.46,630492,2196001440.0,1.02,0.05
2017-05-15,美的集团,000333,18.53,19.15,18.33,18.46,18.9,518521,1837233408.0,0.84,-2.33
2017-05-12,美的集团,000333,19.12,19.5,18.46,18.9,18.97,381879,1364622352.0,0.62,-0.37
2017-05-11,美的集团,000333,18.11,19.13,17.89,18.97,18.3,408988,1451845776.0,0.66,3.66
2017-05-10,美的集团,000333,17.59,18.48,17.41,18.3,17.45,393209,1367506688.0,0.64,4.87
2017-05-09,美的集团,000333,17.93,17.93,16.71,17.45,17.83,381619,1337877360.0,0.62,-2.13
2017-05-08,美的集团,000333,18.24,18.64,17.18,17.83,18.3,318442,1139028400.0,0.51,-2.57
2017-05-05,美的集团,000333,17.65,18.46,17.5,18.3,17.45,550591,1980293392.0,0.89,4.87
2017-05-04,美的集团,000333,17.4,17.73,17.18,17.45,17.34,420462,1487632336.0,0.68,0.63
2017-05-03,美的集团,000333,17.07,17.5,16.54,17.34,17.07,353664,1235841392.0,0.57,1.58
2017-05-02,美的集团,000333,15.36,17.07,15.3,17.07,15.81,596915,2053124176.0,0.96,7.97
2017-04-28,美的集团,000333,16.19,16.19,15.11,15.81,16.19,418037,1390913792.0,0.68,-2.35
2017-04-27,美的集团,000333,16.45,16.45,15.5,16.19,16.45,348376,1174443296.0,0.56,-1.58
2017-04-26,美的集团,000333,16.58,17.35,16.18,16.45,16.39,564879,1957592128.0,0.91,0.37
2017-04-25,美的集团,000333,15.35,16.45,15.16,16.39,15.27,398093,1340561920.0,0.64,7.33
2017-04-24,美的集团,000333,16.15,16.15,15.16,15.27,16.38,350975,1175095024.0,0.57,-6.78
2017-04-21,美的集团,000333,16.42,16.7,16.05,16.38,16.65,294183,1004821440.0,0.48,-1.62
2017-04-20,美的集团,000333,16.41,17.19,16.4,16.65,16.38,517403,1800422368.0,0.84,1.65
2017-04-19,美的集团,000333,16.08,16.4,15.8,16.38,16.23,387219,1314734736.0,0.63,0.92
2017-04-18,美的集团,000333,15.33,16.37,15.31,16.23,15.33,492275,1668283104.0,0.8,5.87
2017-04-17,美的集团,000333,14.77,15.5,14.64,15.33,14.79,380242,1257959600.0,0.61,3.65
2017-04-14,美的集团,000333,15.11,15.25,14.55,14.79,15.11,169401,552502016.0,0.27,-2.12
2017-04-13,美的集团,000333,14.5,15.27,14.48,15.11,14.55,248856,818579552.0,0.4,3.85
2017-04-12,美的集团,000333,14.44,14.9,14.2,14.55,14.55,256065,830673200.0,0.41,0.0
2017-04-11,美的集团,000333,14.98,15.21,14.0,14.55,15.05,559918,1810877216.0,0.91,-3.32
2017-04-10,美的集团,000333,15.81,15.91,15.05,15.05,15.8,400777,1330706592.0,0.65,-4.75
2017-04-07,美的集团,000333,15.99,16.27,15.71,15.8,16.04,360436,1218565584.0,0.58,-1.5
2017-04-06,美的集团,000333,15.41,16.04,15.15,16.04,15.34,440076,1469071632.0,0.71,4.56
2017-04-05,美的集团,000333,15.38,15.67,14.95,15.34,15.45,570475,1891523424.0,0.92,-0.71
2017-03-31,美的集团,000333,15.28,15.74,14.98,15.45,15.28,397964,1321769360.0,0.64,1.11
2017-03-30,美的集团,000333,15.9,16.01,14.96,15.28,15.95,445399,1482720592.0,0.72,-4.2
2017-03-29,美的集团,000333,16.1,16.24,15.44,15.95,16.1,406093,1368888656.0,0.66,-0.93
2017-03-28,美的集团,000333,16.25,16.45,15.82,16.1,16.3,351728,1190715968.0,0.57,-1.23
2017-03-27,美的集团,000333,17.07,17.5,16.15,16.3,17.07,349699,1210503408.0,0.57,-4.51
2017-03-24,美的集团,000333,16.91,17.81,16.76,17.07,16.9,432081,1520361504.0,0.7,1.01
2017-03-23,美的集团,000333,16.52,17.05,16.23,16.9,16.51,374188,1291101104.0,0.6,2.36
2017-03-22,美的集团,000333,16.27,16.57,16.13,16.51,16.46,342988,1173042352.0,0.55,0.3
2017-03-21,美的集团,000333,15.55,16.46,15.51,16.46,15.63,414194,1403674544.0,0.67,5.31
2017-03-20,美的集团,000333,15.61,15.92,15.15,15.63,15.56,339558,1130342560.0,0.55,0.45
2017-03-17,美的集团,000333,15.98,16.2,15.48,15.56,16.13,379229,1274319168.0,0.61,-3.53
2017-03-16,美的集团,000333,16.66,16.91,15.97,16.13,16.57,433330,1478349856.0,0.7,-2.66
2017-03-15,美的集团,000333,16.03,16.68,15.95,16.57,16.17,320868,1096873456.0,0.52,2.47
2017-03-14,美的集团,000333,16.09,16.31,15.53,16.17,16.05,341911,1154170224.0,0.55,0.75
2017-03-13,美的集团,000333,16.43,16.94,15.89,16.05,16.37,450041,1537993408.0,0.73,-1.95
2017-03-10,美的集团,000333,15.03,16.45,14.92,16.37,15.07,480776,1624041040.0,0.78,8.63
2017-03-09,美的集团,000333,15.45,15.83,15.03,15.07,15.43,237996,788991168.0,0.38,-2.33
2017-03-08,美的集团,000333,15.33,15.73,14.95,15.43,15.16,364857,1213541808.0,0.59,1.78
2017-03-07,美的集团,000333,15.05,15.32,14.7,15.16,15.04,274661,903570032.0,0.44,0.8
2017-03-06,美的集团,000333,13.67,15.25,13.67,15.04,13.87,432596,1406128912.0,0.7,8.44
2017-03-03,美的集团,000333,13.64,13.88,13.28,13.87,13.64,299816,942871472.0,0.48,1.69
2017-03-02,美的集团,000333,14.18,14.31,13.53,13.64,14.18,216262,683771088.0,0.35,-3.81
2017-03-01,美的集团,000333,13.95,14.2,13.94,14.18,14.01,193012,615952752.0,0.31,1.21
2017-02-28,美的集团,000333,13.8,14.23,13.71,14.01,13.76,210888,671010960.0,0.34,1.82
2017-02-27,美的集团,000333,14.53,14.54,13.73,13.76,14.52,334447,1065158512.0,0.54,-5.23
2017-02-24,美的集团,000333,15.13,15.17,14.33,14.52,15.25,338843,1099578016.0,0.55,-4.79
2017-02-23,美的集团,000333,15.21,15.43,14.75,15.25,15.2,311373,1025755648.0,0.5,0.33
2017-02-22,美的集团,000333,14.52,15.47,14.46,15.2,14.6,331877,1093311008.0,0.54,4.11
2017-02-21,美的集团,000333,14.86,15.02,14.25,14.6,14.73,386157,1252870464.0,0.62,-0.88
2017-02-20,美的集团,000333,14.42,15.62,14.33,14.73,14.4,675155,2228769536.0,1.09,2.29
2017-02-17,美的集团,000333,14.25,14.77,13.95,14.4,14.18,393043,1264349120.0,0.64,1.55
2017-02-16,美的集团,000333,13.15,14.25,13.08,14.18,13.21,413274,1302878000.0,0.67,7.34
2017-02-15,美的集团,000333,12.98,13.6,12.85,13.21,12.84,304270,947849152.0,0.49,2.88
2017-02-14,美的集团,000333,13.15,13.44,12.75,12.84,13.06,265237,818126112.0,0.43,-1.68
2017-02-13,美的集团,000333,12.2,13.09,12.2,13.06,12.27,446508,1368505952.0,0.72,6.44
2017-02-10,美的集团,000333,12.25,12.63,12.14,12.27,12.17,269919,814459152.0,0.44,0.82
2017-02-09,美的集团,000333,12.09,12.27,12.02,12.17,12.03,251017,753527776.0,0.41,1.16
2017-02-08,美的集团,000333,11.8,12.22,11.73,12.03,11.8,256216,763569856.0,0.41,1.95
2017-02-07,美的集团,000333,12.15,12.32,11.69,11.8,12.14,324004,965184288.0,0.52,-2.8
2017-02-06,美的集团,000333,12.05,12.61,12.01,12.14,12.05,297193,896997424.0,0.48,0.75
2017-02-03,美的集团,000333,11.85,12.2,11.55,12.05,12.05,238410,708232112.0,0.39,0.0
2017-01-26,美的集团,000333,11.6,12.29,11.6,12.05,11.55,341915,1022714704.0,0.55,4.33
2017-01-25,美的集团,000333,11.18,11.74,11.11,11.55,11.25,284518,836778112.0,0.46,2.67
2017-01-24,美的集团,000333,11.12,11.45,10.95,11.25,11.11,268087,777495408.0,0.43,1.26
2017-01-23,美的集团,000333,11.51,11.63,11.05,11.11,11.37,251069,732238768.0,0.41,-2.29
2017-01-20,美的集团,000333,10.89,11.5,10.87,11.37,10.92,326308,952583488.0,0.53,4.12
2017-01-19,美的集团,000333,11.15,11.3,10.73,10.92,11.29,370984,1069010752.0,0.6,-3.28
2017-01-18,美的集团,000333,10.91,11.67,10.91,11.29,11.06,339837,996433488.0,0.55,2.08
2017-01-17,美的集团,000333,10.35,11.1,10.3,11.06,10.4,234610,670703536.0,0.38,6.35
2017-01-16,美的集团,000333,10.37,10.77,9.94,10.4,10.37,291540,823699856.0,0.47,0.29
2017-01-13,美的集团,000333,10.39,10.65,10.34,10.37,10.35,194861,551763392.0,0.32,0.19
2017-01-12,美的集团,000333,10.75,11.0,10.33,10.35,10.75,253682,721008992.0,0.41,-3.72
2017-01-11,美的集团,000333,11.22,11.39,10.63,10.75,11.33,240371,692519328.0,0.39,-5.12
2017-01-10,美的集团,000333,11.15,11.56,11.15,11.33,11.4,166125,484385888.0,0.27,-0.61
2017-01-09,美的集团,000333,11.63,11.65,11.06,11.4,11.54,177479,517889520.0,0.29,-1.21
2017-01-06,美的集团,000333,11.84,11.84,11.35,11.54,11.84,197942,580370048.0,0.32,-2.53
2017-01-05,美的集团,000333,11.97,12.08,11.66,11.84,11.98,191762,568420720.0,0.31,-1.17
2017-01-04,美的集团,000333,11.28,12.13,11.28,11.98,11.27,358068,1057612144.0,0.58,6.3
2017-01-03,美的集团,000333,10.8,11.65,10.77,11.27,10.32,441082,1282988880.0,0.71,9.21
2016-12-30,美的集团,000333,10.2,10.47,10.05,10.32,10.17,172635,485375888.0,0.28,1.47
2016-12-29,美的集团,000333,10.15,10.29,10.12,10.17,10.22,176654,495542352.0,0.29,-0.49
2016-12-28,美的集团,000333,10.45,10.52,10.05,10.22,10.45,176920,496430272.0,0.29,-2.2
2016-12-27,美的集团,000333,10.46,10.77,10.35,10.45,10.46,234589,666870576.0,0.38,-0.1
2016-12-26,美的集团,000333,10.25,10.5,10.06,10.46,10.28,161290,453797728.0,0.26,1.75
2016-12-23,美的集团,000333,10.51,10.73,10.21,10.28,10.53,135296,382057648.0,0.22,-2.37
2016-12-22,美的集团,000333,10.49,10.75,10.21,10.53,10.53,147589,418630608.0,0.24,0.0
2016-12-21,美的集团,000333,10.48,10.9,10.36,10.53,10.38,191344,543882528.0,0.31,1.45
2016-12-20,美的集团,000333,10.99,11.18,10.17,10.38,11.0,217448,618197952.0,0.35,-5.64
2016-12-19,美的集团,000333,11.15,11.45,10.81,11.0,11.35,211106,612115056.0,0.34,-3.08
2016-12-16,美的集团,000333,10.05,11.35,10.05,11.35,9.98,384136,1090722528.0,0.63,13.73
2016-12-15,美的集团,000333,10.43,10.45,9.65,9.98,10.55,293462,818175216.0,0.48,-5.4
2016-12-14,美的集团,000333,11.0,11.27,10.55,10.55,10.95,207566,596990528.0,0.34,-3.65
2016-12-13,美的集团,000333,11.21,11.65,10.53,10.95,11.44,390182,1126343744.0,0.63,-4.28
2016-12-12,美的集团,000333,12.1,12.15,11.33,11.44,12.33,349947,1034597360.0,0.57,-7.22
2016-12-09,美的集团,000333,11.37,12.71,11.28,12.33,11.26,614174,1840673504.0,1.0,9.5
2016-12-08,美的集团,000333,11.19,11.5,11.05,11.26,11.04,262054,763643728.0,0.43,1.99
2016-12-07,美的集团,000333,11.04,11.37,10.87,11.04,11.02,237469,687204384.0,0.39,0.18
2016-12-06,美的集团,000333,10.97,11.57,10.94,11.02,10.77,325694,948520352.0,0.53,2.32
2016-12-05,美的集团,000333,10.54,11.43,10.45,10.77,12.02,581945,1672072992.0,0.95,-10.4
2016-12-02,美的集团,000333,13.15,13.15,11.69,12.02,13.0,507943,1521112064.0,0.83,-7.54
2016-12-01,美的集团,000333,13.45,14.35,12.55,13.0,12.43,907666,2828150400.0,1.48,4.59
2016-11-30,美的集团,000333,13.24,13.46,12.29,12.43,13.62,607676,1851255104.0,0.99,-8.74
2016-11-29,美的集团,000333,12.15,14.4,12.02,13.62,12.27,1208730,3777693472.0,1.97,11.0
2016-11-28,美的集团,000333,11.5,12.64,10.95,12.27,11.15,801687,2371494704.0,1.31,10.04
2016-11-25,美的集团,000333,11.04,11.45,10.35,11.15,11.13,358655,1035308656.0,0.58,0.18
2016-11-24,美的集团,000333,9.95,11.65,9.84,11.13,10.2,775068,2227223872.0,1.26,9.12
2016-11-23,美的集团,000333,9.62,10.35,9.62,10.2,9.59,456712,1277341744.0,0.74,6.36
2016-11-22,美的集团,000333,9.76,9.93,9.55,9.59,9.73,170658,470056096.0,0.28,-1.44
2016-11-21,美的集团,000333,9.28,9.93,9.28,9.73,9.28,352426,970001584.0,0.57,4.85
2016-11-18,美的集团,000333,9.17,9.37,9.08,9.28,9.15,149114,403465280.0,0.24,1.42
2016-11-17,美的集团,000333,9.15,9.33,9.0,9.15,9.09,168118,453307120.0,0.27,0.66
2016-11-16,美的集团,000333,9.15,9.22,9.01,9.09,9.15,113254,305149840.0,0.18,-0.66
2016-11-15,美的集团,000333,9.2,9.24,9.02,9.15,9.25,237553,639687088.0,0.39,-1.08
2016-11-14,美的集团,000333,9.71,9.78,9.13,9.25,9.58,328293,893464368.0,0.53,-3.44
2016-11-11,美的集团,000333,9.7,9.85,9.44,9.58,9.72,191008,524189184.0,0.31,-1.44
2016-11-10,美的集团,000333,9.45,9.89,9.45,9.72,9.33,227229,627256000.0,0.37,4.18
2016-11-09,美的集团,000333,9.64,9.64,9.05,9.33,9.55,210967,573731136.0,0.34,-2.3
2016-11-08,美的集团,000333,9.18,9.75,9.18,9.55,9.1,185223,506591232.0,0.3,4.95
2016-11-07,美的集团,000333,9.17,9.25,8.91,9.1,9.14,142856,384758704.0,0.23,-0.44
2016-11-04,美的集团,000333,9.45,9.71,9.13,9.14,9.55,201281,547120480.0,0.33,-4.29
2016-11-03,美的集团,000333,9.45,9.84,9.45,9.55,9.63,157324,433094864.0,0.26,-0.83
2016-11-02,美的集团,000333,9.86,9.86,9.45,9.63,9.92,234452,645368480.0,0.38,-2.92
2016-11-01,美的集团,000333,9.35,10.06,9.32,9.92,9.3,408922,1127865216.0,0.67,6.67
2016-10-31,美的集团,000333,9.01,9.34,8.82,9.3,8.91,419472,1131912608.0,0.68,4.38
2016-10-28,美的集团,000333,8.79,8.98,8.64,8.91,8.83,207452,553742336.0,0.34,0.91
2016-10-27,美的集团,000333,8.81,8.85,8.55,8.83,8.82,124494,330062960.0,0.2,0.11
2016-10-26,美的集团,000333,8.95,9.0,8.74,8.82,8.95,183887,491053872.0,0.3,-1.45
2016-10-25,美的集团,000333,8.81,9.03,8.68,8.95,8.81,290634,777320448.0,0.47,1.59
2016-10-24,美的集团,000333,8.68,8.9,8.54,8.81,8.53,346970,922414256.0,0.57,3.28
2016-10-21,美的集团,000333,8.33,8.68,8.31,8.53,8.4,230974,608799360.0,0.38,1.55
2016-10-20,美的集团,000333,8.29,8.49,8.14,8.4,8.29,155704,407467344.0,0.25,1.33
2016-10-19,美的集团,000333,8.51,8.54,8.23,8.29,8.5,153999,403273968.0,0.25,-2.47
2016-10-18,美的集团,000333,8.25,8.51,8.2,8.5,8.42,227032,594479904.0,0.37,0.95
2016-10-17,美的集团,000333,8.63,8.68,8.36,8.42,8.52,140332,370332576.0,0.23,-1.17
2016-10-14,美的集团,000333,8.47,8.67,8.4,8.52,8.45,173008,456589376.0,0.28,0.83
2016-10-13,美的集团,000333,9.02,9.02,8.44,8.45,8.96,225689,597663600.0,0.37,-5.69
2016-10-12,美的集团,000333,9.13,9.13,8.91,8.96,9.15,121255,325080752.0,0.2,-2.08
2016-10-11,美的集团,000333,9.05,9.29,8.83,9.15,9.1,220048,592389008.0,0.36,0.55
2016-10-10,美的集团,000333,9.33,9.35,8.67,9.1,9.16,259212,696636608.0,0.42,-0.66
2016-09-30,美的集团,000333,8.74,9.32,8.66,9.16,8.65,204660,552535504.0,0.33,5.9
2016-09-29,美的集团,000333,8.44,8.7,8.35,8.65,8.34,122804,324708064.0,0.2,3.72
2016-09-28,美的集团,000333,8.39,8.55,8.27,8.34,8.31,112236,294764800.0,0.18,0.36
2016-09-27,美的集团,000333,8.01,8.35,7.91,8.31,8.17,107496,279575536.0,0.18,1.71
2016-09-26,美的集团,000333,8.4,8.46,8.15,8.17,8.41,115007,301076064.0,0.19,-2.85
2016-09-23,美的集团,000333,8.36,8.51,8.27,8.41,8.3,132880,348663696.0,0.22,1.33
2016-09-22,美的集团,000333,8.25,8.48,8.08,8.3,8.12,220105,575505648.0,0.36,2.22
2016-09-21,美的集团,000333,8.16,8.2,8.03,8.12,8.06,92941,241438466.0,0.15,0.74
2016-09-20,美的集团,000333,8.23,8.23,7.89,8.06,8.15,99719,258218038.0,0.16,-1.1
2016-09-19,美的集团,000333,7.55,8.4,7.54,8.15,7.55,265569,690391440.0,0.43,7.95
2016-09-14,美的集团,000333,8.36,8.36,7.33,7.55,8.49,397986,1021454464.0,1.17,-11.07
2016-09-13,美的集团,000333,8.61,8.7,8.42,8.49,8.44,164573,434327968.0,0.48,0.59
2016-09-12,美的集团,000333,8.89,8.89,8.26,8.44,9.17,359501,947670608.0,1.05,-7.96
2016-09-09,美的集团,000333,9.42,9.42,9.13,9.17,9.36,181907,492979440.0,0.53,-2.03
2016-09-08,美的集团,000333,9.38,9.6,9.24,9.36,9.38,201339,548851312.0,0.59,-0.21
2016-09-07,美的集团,000333,9.44,9.53,9.26,9.38,9.46,192844,525836832.0,0.57,-0.85
2016-09-06,美的集团,000333,9.45,9.59,9.05,9.46,9.58,305467,828005776.0,0.9,-1.25
2016-09-05,美的集团,000333,9.28,9.69,9.05,9.58,9.27,287572,786319440.0,0.84,3.34
2016-09-02,美的集团,000333,9.93,10.22,9.06,9.27,9.62,373968,1022135904.0,1.1,-3.64
2016-09-01,美的集团,000333,9.48,9.77,9.3,9.62,9.55,252856,693932736.0,0.74,0.73
2016-08-31,美的集团,000333,9.2,9.83,9.18,9.55,9.02,367847,1008493456.0,1.08,5.88
2016-08-30,美的集团,000333,9.2,9.35,8.86,9.02,9.2,244975,658946896.0,0.72,-1.96
2016-08-29,美的集团,000333,9.33,9.48,9.03,9.2,9.37,215663,583192656.0,0.63,-1.81
2016-08-26,美的集团,000333,9.64,9.88,9.28,9.37,9.65,200646,550993568.0,0.59,-2.9
2016-08-25,美的集团,000333,9.4,9.88,9.15,9.65,9.45,229068,625824416.0,0.67,2.12
2016-08-24,美的集团,000333,9.85,9.94,9.36,9.45,9.78,228114,624708704.0,0.67,-3.37
2016-08-23,美的集团,000333,9.65,10.23,9.55,9.78,9.57,276439,767354048.0,0.81,2.19
2016-08-22,美的集团,000333,10.01,10.01,9.47,9.57,10.01,258249,710455376.0,0.76,-4.4
2016-08-19,美的集团,000333,10.09,10.43,9.83,10.01,10.22,277038,772131776.0,0.81,-2.05
2016-08-18,美的集团,000333,10.51,10.64,9.99,10.22,10.58,353507,991996048.0,1.04,-3.4
2016-08-17,美的集团,000333,10.75,11.25,10.42,10.58,10.5,453912,1301493536.0,1.33,0.76
2016-08-16,美的集团,000333,10.16,11.3,10.16,10.5,10.07,694747,1990160784.0,2.04,4.27
2016-08-15,美的集团,000333,9.2,10.18,8.8,10.07,9.19,677758,1862533920.0,1.99,9.58
2016-08-12,美的集团,000333,9.39,9.5,8.55,9.19,9.39,493733,1323216768.0,1.45,-2.13
2016-08-11,美的集团,000333,9.41,9.74,9.31,9.39,9.38,295709,809177504.0,0.87,0.11
2016-08-10,美的集团,000333,9.83,10.14,9.24,9.38,9.98,435637,1196222224.0,1.28,-6.01
2016-08-09,美的集团,000333,10.04,10.2,9.48,9.98,9.84,335701,929091232.0,0.99,1.42
2016-08-08,美的集团,000333,10.11,10.11,9.33,9.84,10.12,344702,947532736.0,1.01,-2.77
2016-08-05,美的集团,000333,9.8,10.61,9.71,10.12,9.84,448374,1259936288.0,1.32,2.85
2016-08-04,美的集团,000333,10.0,10.27,9.68,9.84,10.16,352555,977595424.0,1.03,-3.15
2016-08-03,美的集团,000333,9.57,10.23,9.42,10.16,9.75,377675,1048249168.0,1.11,4.21
2016-08-02,美的集团,000333,9.83,9.89,9.12,9.75,9.91,436860,1192078736.0,1.28,-1.61
2016-08-01,美的集团,000333,10.19,10.73,9.66,9.91,10.35,477979,1335042432.0,1.4,-4.25
2016-07-29,美的集团,000333,9.93,10.95,9.67,10.35,9.93,720825,2041009360.0,2.12,4.23
2016-07-28,美的集团,000333,9.11,10.53,8.95,9.93,9.11,806193,2243058224.0,2.37,9.0
2016-07-27,美的集团,000333,9.75,9.85,8.51,9.11,9.69,612242,1657006192.0,1.8,-5.99
2016-07-26,美的集团,000333,8.84,9.78,8.55,9.69,8.81,631497,1709602144.0,1.86,9.99
2016-07-25,美的集团,000333,9.16,9.58,8.77,8.81,9.43,479541,1291139360.0,1.41,-6.57
2016-07-22,美的集团,000333,10.25,10.45,9.15,9.43,10.22,524755,1443097728.0,1.54,-7.73
2016-07-21,美的集团,000333,9.73,11.44,9.65,10.22,9.45,642807,1825547520.0,1.89,8.15
2016-07-20,美的集团,000333,9.64,9.93,9.16,9.45,9.6,318448,867871968.0,0.94,-1.56
2016-07-19,美的集团,000333,10.47,10.7,9.26,9.6,10.61,600783,1661231136.0,1.77,-9.52
2016-07-18,美的集团,000333,10.54,11.44,10.16,10.61,10.8,552138,1577573104.0,1.63,-1.76
2016-07-15,美的集团,000333,9.21,11.72,9.21,10.8,9.19,869926,2457773424.0,2.56,17.52
2016-07-14,美的集团,000333,9.31,9.8,8.92,9.19,9.5,456231,1237514560.0,1.34,-3.26
2016-07-13,美的集团,000333,10.02,10.84,9.2,9.5,9.61,894218,2479972928.0,2.64,-1.14
2016-07-12,美的集团,000333,7.2,9.61,7.13,9.61,7.11,1153311,3078897008.0,3.4,35.16
2016-07-11,美的集团,000333,6.5,7.37,6.31,7.11,6.3,665051,1655500528.0,1.96,12.86
2016-07-08,美的集团,000333,6.77,6.9,6.2,6.3,6.59,373772,907840160.0,1.1,-4.4
2016-07-07,美的集团,000333,6.6,7.11,6.48,6.59,6.53,595460,1471120384.0,1.76,0.92
2016-07-06,美的集团,000333,6.2,6.61,6.01,6.53,6.25,405933,980967024.0,1.2,4.48
2016-07-05,美的集团,000333,6.7,6.74,6.17,6.25,6.6,426640,1030258624.0,1.26,-5.3
2016-07-04,美的集团,000333,6.16,7.23,6.08,6.6,6.23,650461,1598368624.0,1.92,5.94
2016-07-01,美的集团,000333,5.94,6.78,5.94,6.23,5.87,474165,1150129072.0,1.4,6.13
2016-06-30,美的集团,000333,5.59,5.93,5.38,5.87,5.52,519895,1223986880.0,1.54,6.34
2016-06-29,美的集团,000333,5.43,5.62,5.24,5.52,5.5,318571,741261904.0,0.94,0.36
2016-06-28,美的集团,000333,5.67,5.67,5.12,5.5,5.79,507581,1180515152.0,1.5,-5.01
2016-06-27,美的集团,000333,4.81,6.02,4.81,5.79,4.98,414636,972892320.0,1.23,16.27
2016-06-24,美的集团,000333,4.89,5.38,4.65,4.98,4.85,390875,896873376.0,1.16,2.68
2016-06-23,美的集团,000333,5.1,5.18,4.75,4.85,5.11,179283,408680864.0,0.53,-5.09
2016-06-22,美的集团,000333,4.76,5.18,4.69,5.11,4.87,180798,413277504.0,0.53,4.93
2016-06-21,美的集团,000333,5.14,5.3,4.78,4.87,5.11,232914,534140256.0,0.69,-4.7
2016-06-20,美的集团,000333,4.41,5.18,4.36,5.11,4.58,360628,818210672.0,1.07,11.57
2016-06-17,美的集团,000333,4.92,5.05,4.37,4.58,4.51,275959,622869392.0,0.82,1.55
2016-06-16,美的集团,000333,4.79,4.86,4.33,4.51,4.93,175805,393835728.0,0.52,-8.52
2016-06-15,美的集团,000333,4.31,5.21,4.28,4.93,4.73,282360,641982560.0,0.84,4.23
2016-06-14,美的集团,000333,4.45,4.84,4.26,4.73,4.45,204764,459586304.0,0.61,6.29
2016-06-13,美的集团,000333,4.56,4.98,4.4,4.45,4.83,275859,620447232.0,0.82,-7.87
2016-06-08,美的集团,000333,5.15,5.15,4.65,4.83,5.28,273857,620325680.0,0.81,-8.52
2016-06-07,美的集团,000333,5.88,5.98,5.15,5.28,5.88,376155,872772128.0,1.12,-10.2
2016-06-06,美的集团,000333,5.25,6.18,5.15,5.88,5.23,447680,1056676688.0,1.33,12.43
2016-06-03,美的集团,000333,4.71,5.38,4.6,5.23,4.71,367146,841547728.0,1.09,11.04
2016-06-02,美的集团,000333,4.86,5.03,4.51,4.71,5.01,387353,873208176.0,1.15,-5.99
2016-06-01,美的集团,000333,5.25,5.6,4.59,5.01,3.5,791825,1815074208.0,2.35,43.14
2016-05-17,美的集团,000333,3.8,3.95,3.45,3.5,3.95,188288,404102256.0,0.56,-11.39
2016-05-16,美的集团,000333,3.66,4.15,3.66,3.95,3.66,178849,388807824.0,0.53,7.92
2016-05-13,美的集团,000333,3.96,4.38,3.57,3.66,4.05,214555,467593184.0,0.64,-9.63
2016-05-12,美的集团,000333,3.75,4.7,3.45,4.05,4.11,407028,895938416.0,1.21,-1.46
2016-05-11,美的集团,000333,3.31,4.36,3.24,4.11,3.23,589117,1280862768.0,1.75,27.24
2016-05-10,美的集团,000333,2.55,3.74,2.3,3.23,2.5,481487,1008644016.0,1.43,29.2
2016-05-09,美的集团,000333,2.23,2.85,2.14,2.5,2.5,322846,656633632.0,0.96,0.0
2016-05-06,美的集团,000333,3.12,3.29,2.5,2.5,3.34,387858,804154752.0,1.15,-25.15
2016-05-05,美的集团,000333,3.39,3.51,3.25,3.34,3.32,195477,644939344.0,0.87,0.6
2016-05-04,美的集团,000333,3.55,3.87,3.21,3.32,3.91,276831,917913728.0,1.24,-15.09
2016-05-03,美的集团,000333,2.82,4.07,2.81,3.91,2.75,296269,991403728.0,1.32,42.18
2016-04-29,美的集团,000333,2.03,2.85,2.03,2.75,1.87,254041,809800976.0,1.13,47.06
2016-04-28,美的集团,000333,2.09,2.37,1.71,1.87,2.0,138986,429000128.0,0.62,-6.5
2016-04-27,美的集团,000333,2.2,2.33,1.96,2.0,2.27,109633,341910720.0,0.49,-11.89
2016-04-26,美的集团,000333,2.17,2.47,2.08,2.27,2.15,105235,330326176.0,0.47,5.58
2016-04-25,美的集团,000333,1.88,2.38,1.81,2.15,1.88,210883,659180192.0,0.94,14.36
2016-04-22,美的集团,000333,1.08,1.97,1.05,1.88,1.17,149255,455267184.0,0.67,60.68
2016-04-21,美的集团,000333,1.21,1.4,1.11,1.17,1.27,81153,242668317.0,0.36,-7.87
2016-04-20,美的集团,000333,1.87,1.87,1.02,1.27,1.87,202417,606508912.0,0.9,-32.09
2016-04-19,美的集团,000333,1.82,1.91,1.61,1.87,1.76,78850,240876602.0,0.35,6.25
2016-04-18,美的集团,000333,1.99,1.99,1.65,1.76,1.99,90970,278480448.0,0.41,-11.56
2016-04-15,美的集团,000333,1.98,2.08,1.88,1.99,1.96,87029,269355552.0,0.39,1.53
2016-04-14,美的集团,000333,1.87,2.06,1.81,1.96,1.8,117935,364153520.0,0.53,8.89
2016-04-13,美的集团,000333,1.75,2.07,1.69,1.8,1.65,185907,573945632.0,0.83,9.09
2016-04-12,美的集团,000333,1.61,1.71,1.48,1.65,1.61,82911,251867134.0,0.37,2.48
2016-04-11,美的集团,000333,1.5,1.71,1.48,1.61,1.36,150076,456355568.0,0.67,18.38
2016-04-08,美的集团,000333,1.35,1.57,1.24,1.36,1.41,84352,253197759.0,0.38,-3.55
2016-04-07,美的集团,000333,1.89,1.97,1.38,1.41,1.85,141251,429399312.0,0.63,-23.78
2016-04-06,美的集团,000333,1.81,1.99,1.72,1.85,1.87,113215,348560320.0,0.51,-1.07
2016-04-05,美的集团,000333,1.52,1.97,1.52,1.87,1.74,146472,449341184.0,0.65,7.47
2016-04-01,美的集团,000333,2.01,2.01,1.48,1.74,1.91,102610,313282080.0,0.46,-8.9
2016-03-31,美的集团,000333,1.8,2.27,1.8,1.91,1.7,203540,631765072.0,0.91,12.35
2016-03-30,美的集团,000333,1.45,1.71,1.33,1.7,1.34,193760,586461152.0,0.86,26.87
2016-03-29,美的集团,000333,1.85,1.87,1.21,1.34,1.75,161499,488349312.0,0.72,-23.43
2016-03-28,美的集团,000333,2.69,2.86,1.68,1.75,2.28,256840,803340048.0,1.15,-23.25
2016-03-25,美的集团,000333,1.75,2.45,1.72,2.28,1.93,168538,526500832.0,0.75,18.13
2016-03-24,美的集团,000333,1.37,2.18,1.2,1.93,1.53,219182,666782864.0,0.98,26.14
2016-03-23,美的集团,000333,1.54,1.75,1.33,1.53,1.71,96578,292222912.0,0.43,-10.53
2016-03-22,美的集团,000333,1.65,1.98,1.54,1.71,1.6,135105,413263152.0,0.6,6.88
2016-03-21,美的集团,000333,1.45,1.74,1.36,1.6,1.37,198355,600612480.0,0.89,16.79
2016-03-18,美的集团,000333,1.41,1.65,1.15,1.37,1.25,245725,738878000.0,1.1,9.6
2016-03-17,美的集团,000333,1.02,1.34,0.97,1.25,0.85,104874,311932960.0,0.47,47.06
2016-03-16,美的集团,000333,1.09,1.09,0.75,0.85,1.11,74247,217418592.0,0.33,-23.42
2016-03-15,美的集团,000333,1.2,1.21,0.68,1.11,1.05,116240,342046192.0,0.52,5.71
2016-03-14,美的集团,000333,0.91,1.45,0.9,1.05,0.68,161849,482072272.0,0.72,54.41
2016-03-11,美的集团,000333,0.57,0.93,0.49,0.68,0.7,62354,181117664.0,0.28,-2.86
2016-03-10,美的集团,000333,0.51,1.12,0.47,0.7,0.53,105510,307604912.0,0.47,32.08
2016-03-09,美的集团,000333,0.38,0.91,0.23,0.53,0.58,94291,273531616.0,0.42,-8.62
2016-03-08,美的集团,000333,0.85,0.88,0.2,0.58,0.83,92473,265065474.0,0.41,-30.12
2016-03-07,美的集团,000333,0.81,1.29,0.58,0.83,0.76,116650,342677232.0,0.52,9.21
2016-03-04,美的集团,000333,0.53,1.18,0.38,0.76,0.41,262457,767632496.0,1.17,85.37
2016-03-03,美的集团,000333,0.78,0.88,0.35,0.41,0.8,148252,427886496.0,0.66,-48.75
2016-03-02,美的集团,000333,-0.53,0.8,-0.67,0.8,-0.68,355746,1016690720.0,1.59,217.65
2016-03-01,美的集团,000333,-1.22,-0.67,-1.26,-0.68,-1.27,110087,294041808.0,0.49,46.46
2016-02-29,美的集团,000333,-0.8,-0.79,-1.51,-1.27,-0.76,131878,343619104.0,0.59,-67.11
2016-02-26,美的集团,000333,-0.93,-0.71,-1.01,-0.76,-1.01,95053,253976907.0,0.42,24.75
2016-02-25,美的集团,000333,-0.17,-0.1,-1.32,-1.01,-0.09,162506,437138496.0,0.73,-1022.22
2016-02-24,美的集团,000333,-0.12,-0.01,-0.44,-0.09,-0.07,82086,226804315.0,0.37,-28.57
2016-02-23,美的集团,000333,0.06,0.08,-0.17,-0.07,0.04,97403,271761120.0,0.43,-275.0
2016-02-22,美的集团,000333,0.01,0.11,-0.31,0.04,-0.25,112334,313698032.0,0.5,116.0
2016-02-19,美的集团,000333,-0.11,-0.03,-0.32,-0.25,-0.08,66150,183255843.0,0.3,-212.5
2016-02-18,美的集团,000333,0.1,0.21,-0.13,-0.08,-0.02,69582,194440092.0,0.31,-300.0
2016-02-17,美的集团,000333,-0.21,0.16,-0.25,-0.02,-0.16,116423,325527216.0,0.52,87.5
2016-02-16,美的集团,000333,-0.43,-0.12,-0.59,-0.16,-0.68,133921,368560304.0,0.6,76.47
2016-02-15,美的集团,000333,-0.69,-0.47,-0.84,-0.68,-0.37,117441,317039840.0,0.52,-83.78
2016-02-05,美的集团,000333,-0.39,-0.2,-0.47,-0.37,-0.46,100290,275667520.0,0.45,19.57
2016-02-04,美的集团,000333,-0.51,-0.21,-0.58,-0.46,-0.54,92088,252010643.0,0.41,14.81
2016-02-03,美的集团,000333,-0.33,-0.27,-0.78,-0.54,-0.25,130410,353568912.0,0.58,-116.0
2016-02-02,美的集团,000333,-0.42,0.0,-0.45,-0.25,-0.42,105679,293500208.0,0.47,40.48
2016-02-01,美的集团,000333,-0.44,-0.28,-0.58,-0.42,-0.45,84269,230327638.0,0.38,6.67
2016-01-29,美的集团,000333,-1.09,-0.32,-1.19,-0.45,-0.98,121924,331295248.0,0.54,54.08
2016-01-28,美的集团,000333,-1.3,-0.67,-1.4,-0.98,-1.17,132621,351633296.0,0.59,16.24
2016-01-27,美的集团,000333,-1.32,-1.03,-1.89,-1.17,-1.42,184253,476125040.0,0.82,17.61
2016-01-26,美的集团,000333,-0.63,-0.5,-1.47,-1.42,-0.52,197295,521849856.0,0.88,-173.08
2016-01-25,美的集团,000333,-0.51,-0.33,-0.61,-0.52,-0.6,93539,255115185.0,0.42,13.33
2016-01-22,美的集团,000333,-0.39,-0.36,-0.99,-0.6,-0.63,169372,456262208.0,0.76,4.76
2016-01-21,美的集团,000333,-0.23,0.17,-0.64,-0.63,0.03,211967,584255376.0,0.95,-2200.0
2016-01-20,美的集团,000333,0.48,0.68,-0.22,0.03,0.56,230146,649803616.0,1.03,-94.64
2016-01-19,美的集团,000333,-0.11,0.87,-0.21,0.56,-0.12,218061,619797728.0,0.97,566.67
2016-01-18,美的集团,000333,-0.16,0.38,-0.39,-0.12,0.27,214986,600503856.0,0.96,-144.44
2016-01-15,美的集团,000333,1.08,1.23,0.08,0.27,1.08,240679,696595360.0,1.07,-75.0
2016-01-14,美的集团,000333,0.03,1.2,0.02,1.08,0.67,265660,773073120.0,1.19,61.19
2016-01-13,美的集团,000333,0.72,1.3,0.38,0.67,0.55,190050,555836416.0,0.85,21.82
2016-01-12,美的集团,000333,0.43,0.79,0.13,0.55,0.28,214250,616486992.0,0.96,96.43
2016-01-11,美的集团,000333,0.68,1.04,0.14,0.28,1.22,282311,816072624.0,1.26,-77.05
2016-01-08,美的集团,000333,1.49,1.74,0.5,1.22,0.71,374582,1117506928.0,1.67,71.83
2016-01-07,美的集团,000333,1.95,2.0,0.6,0.71,2.41,63754,191155844.0,0.28,-70.54
2016-01-06,美的集团,000333,2.2,2.65,1.96,2.41,2.23,201976,634290656.0,0.9,8.07
2016-01-05,美的集团,000333,1.16,2.33,1.03,2.23,1.16,312166,962833792.0,1.39,92.24
2016-01-04,美的集团,000333,3.23,3.47,1.04,1.16,3.23,200339,637157840.0,0.89,-64.09
2015-12-31,美的集团,000333,3.65,3.73,3.05,3.23,3.63,178333,589581680.0,0.8,-11.02
2015-12-30,美的集团,000333,3.35,4.21,3.27,3.63,3.41,445581,1502908352.0,1.99,6.45
2015-12-29,美的集团,000333,2.05,4.0,1.79,3.41,2.01,367553,1191961424.0,1.64,69.65
2015-12-28,美的集团,000333,2.83,3.02,2.01,2.01,2.78,203936,647355424.0,0.91,-27.7
2015-12-25,美的集团,000333,2.51,2.84,2.49,2.78,2.48,111855,357723552.0,0.5,12.1
2015-12-24,美的集团,000333,2.97,2.97,2.13,2.48,2.98,169992,538114864.0,0.76,-16.78
2015-12-23,美的集团,000333,2.81,3.53,2.6,2.98,2.98,323339,1064031760.0,1.44,0.0
2015-12-22,美的集团,000333,2.6,3.27,2.43,2.98,2.59,272991,881778000.0,1.22,15.06
2015-12-21,美的集团,000333,1.21,3.07,1.16,2.59,1.16,468868,1482978688.0,2.09,123.28
2015-12-18,美的集团,000333,1.47,1.67,1.01,1.16,1.47,160472,480553904.0,0.72,-21.09
2015-12-17,美的集团,000333,1.27,1.77,1.27,1.47,1.2,202606,614293600.0,0.9,22.5
2015-12-16,美的集团,000333,1.38,1.41,1.15,1.2,1.38,119692,357186016.0,0.53,-13.04
2015-12-15,美的集团,000333,1.33,1.55,1.06,1.38,1.38,222264,665497680.0,0.99,0.0
2015-12-14,美的集团,000333,0.8,1.51,0.7,1.38,0.93,333497,996293424.0,1.49,48.39
2015-12-11,美的集团,000333,0.62,1.03,0.39,0.93,0.6,239873,699824352.0,1.07,55.0
2015-12-10,美的集团,000333,0.41,0.99,0.4,0.6,0.35,305283,891339968.0,1.36,71.43
2015-12-09,美的集团,000333,0.05,0.65,0.05,0.35,0.13,187395,536198992.0,0.84,169.23
2015-12-08,美的集团,000333,0.69,0.69,0.05,0.13,0.89,182281,518709872.0,0.81,-85.39
2015-12-07,美的集团,000333,0.77,1.1,0.43,0.89,0.74,234816,686734192.0,1.05,20.27
2015-12-04,美的集团,000333,0.59,0.93,0.38,0.74,0.75,249582,724199296.0,1.11,-1.33
2015-12-03,美的集团,000333,0.74,0.97,0.55,0.75,0.88,226589,660217136.0,1.01,-14.77
2015-12-02,美的集团,000333,-0.13,1.57,-0.25,0.88,-0.1,585292,1709867376.0,2.61,980.0
2015-12-01,美的集团,000333,-0.75,0.15,-0.98,-0.1,-0.77,242385,666026208.0,1.08,87.01
2015-11-30,美的集团,000333,-0.47,-0.42,-1.21,-0.77,-0.58,213064,571032640.0,0.95,-32.76
2015-11-27,美的集团,000333,0.31,0.33,-0.65,-0.58,0.43,282399,785533136.0,1.26,-234.88
2015-11-26,美的集团,000333,0.27,0.64,0.21,0.43,0.21,311116,890293568.0,1.39,104.76
2015-11-25,美的集团,000333,0.34,0.39,0.08,0.21,0.35,316922,896717568.0,1.42,-40.0
2015-11-24,美的集团,000333,0.11,0.39,0.03,0.35,0.08,194030,547501680.0,0.87,337.5
2015-11-23,美的集团,000333,0.13,0.27,-0.05,0.08,0.13,256633,722055680.0,1.15,-38.46
2015-11-20,美的集团,000333,0.34,0.38,-0.04,0.13,0.33,407742,1148034320.0,1.82,-60.61
2015-11-19,美的集团,000333,0.28,0.4,-0.05,0.33,0.25,350895,991226960.0,1.57,32.0
2015-11-18,美的集团,000333,0.76,0.79,0.23,0.25,0.69,301478,863942320.0,1.35,-63.77
2015-11-17,美的集团,000333,0.68,1.0,0.56,0.69,0.55,322103,940608912.0,1.44,25.45
2015-11-16,美的集团,000333,0.47,0.61,0.36,0.55,0.67,297438,852226592.0,1.33,-17.91
2015-11-13,美的集团,000333,0.96,0.97,0.56,0.67,1.17,201284,585517552.0,0.9,-42.74
2015-11-12,美的集团,000333,1.11,1.25,0.96,1.17,0.97,147039,436293424.0,0.66,20.62
2015-11-11,美的集团,000333,1.15,1.17,0.83,0.97,1.1,173405,510869040.0,0.77,-11.82
2015-11-10,美的集团,000333,1.39,1.49,0.98,1.1,1.55,232587,692802448.0,1.04,-29.03
2015-11-09,美的集团,000333,1.41,2.01,1.37,1.55,1.43,269754,821175120.0,1.2,8.39
2015-11-06,美的集团,000333,1.26,1.49,1.15,1.43,1.38,255240,765096864.0,1.14,3.62
2015-11-05,美的集团,000333,0.91,1.69,0.72,1.38,0.91,396841,1187986400.0,1.77,51.65
2015-11-04,美的集团,000333,0.13,0.94,0.11,0.91,0.13,280646,815220464.0,1.25,600.0
2015-11-03,美的集团,000333,0.27,0.39,-0.05,0.13,0.27,153054,432520992.0,0.68,-51.85
2015-11-02,美的集团,000333,-0.2,0.66,-0.27,0.27,0.02,283362,810188656.0,1.27,1250.0
2015-10-30,美的集团,000333,-0.24,0.28,-0.47,0.02,-0.15,287656,804238416.0,1.28,113.33
2015-10-29,美的集团,000333,-0.64,-0.07,-0.83,-0.15,-0.79,320529,873601680.0,1.43,81.01
2015-10-28,美的集团,000333,-0.37,-0.37,-0.91,-0.79,-0.4,246922,665857520.0,1.1,-97.5
2015-10-27,美的集团,000333,-0.37,-0.14,-0.75,-0.4,-0.12,194024,527449216.0,0.87,-233.33
2015-10-26,美的集团,000333,0.15,0.21,-0.28,-0.12,-0.27,221443,616032512.0,0.99,55.56
2015-10-23,美的集团,000333,-0.6,-0.16,-0.6,-0.27,-0.69,196682,540536704.0,0.88,60.87
2015-10-22,美的集团,000333,-0.95,-0.67,-0.98,-0.69,-0.87,175967,470640800.0,0.79,20.69
2015-10-21,美的集团,000333,-0.25,-0.08,-0.94,-0.87,-0.32,228403,622333920.0,1.02,-171.88
2015-10-20,美的集团,000333,-0.39,-0.31,-0.52,-0.32,-0.37,148275,405439504.0,0.66,13.51
2015-10-19,美的集团,000333,-0.19,-0.13,-0.57,-0.37,-0.21,202030,555874240.0,0.9,-76.19
2015-10-16,美的集团,000333,-0.38,0.07,-0.45,-0.21,-0.31,221774,614033664.0,0.99,32.26
2015-10-15,美的集团,000333,-0.69,-0.28,-0.77,-0.31,-0.67,207910,565110528.0,0.93,53.73
2015-10-14,美的集团,000333,-0.25,-0.16,-0.72,-0.67,-0.04,208180,566828944.0,0.93,-1575.0
2015-10-13,美的集团,000333,0.15,0.15,-0.23,-0.04,0.21,173347,483528288.0,0.77,-119.05
2015-10-12,美的集团,000333,-0.51,0.27,-0.65,0.21,-0.59,278687,774116736.0,1.24,135.59
2015-10-09,美的集团,000333,-0.62,-0.49,-0.83,-0.59,-0.58,144283,390128304.0,0.64,-1.72
2015-10-08,美的集团,000333,-0.99,-0.16,-0.99,-0.58,-1.83,379371,1030189040.0,1.69,68.31
2015-09-30,美的集团,000333,-2.17,-1.73,-2.17,-1.83,-2.27,122399,307349088.0,0.55,19.38
2015-09-29,美的集团,000333,-2.13,-2.03,-2.34,-2.27,-1.92,116157,286236720.0,0.52,-18.23
2015-09-28,美的集团,000333,-1.91,-1.89,-2.17,-1.92,-1.92,107991,269359232.0,0.48,0.0
2015-09-25,美的集团,000333,-1.31,-1.29,-2.02,-1.92,-1.23,185596,469431648.0,0.83,-56.1
2015-09-24,美的集团,000333,-1.27,-0.95,-1.41,-1.23,-1.43,120042,315204768.0,0.54,13.99
2015-09-23,美的集团,000333,-1.05,-1.05,-1.47,-1.43,-0.89,121310,316300448.0,0.54,-60.67
2015-09-22,美的集团,000333,-1.05,-0.68,-1.06,-0.89,-0.97,155916,416417408.0,0.7,8.25
2015-09-21,美的集团,000333,-1.63,-0.95,-1.64,-0.97,-1.4,136576,355562304.0,0.61,30.71
2015-09-18,美的集团,000333,-1.53,-1.34,-1.58,-1.4,-1.65,116690,301106464.0,0.52,15.15
2015-09-17,美的集团,000333,-0.97,-0.85,-1.79,-1.65,-0.89,194816,512478656.0,0.87,-85.39
2015-09-16,美的集团,000333,-1.85,-0.67,-2.0,-0.89,-1.99,202692,521919856.0,0.91,55.28
2015-09-15,美的集团,000333,-1.4,-1.4,-2.19,-1.99,-1.31,203035,510613872.0,0.91,-51.91
2015-09-14,美的集团,000333,-0.39,-0.37,-1.65,-1.31,-0.49,244339,641743872.0,1.09,-167.35
2015-09-11,美的集团,000333,-0.37,-0.29,-0.57,-0.49,-0.41,95038,259649576.0,0.42,-19.51
2015-09-10,美的集团,000333,-0.31,-0.13,-0.43,-0.41,-0.05,140921,387788464.0,0.63,-720.0
2015-09-09,美的集团,000333,-0.38,0.17,-0.57,-0.05,-0.39,267773,743461536.0,1.2,87.18
2015-09-08,美的集团,000333,-0.89,-0.33,-1.25,-0.39,-0.75,206867,556197344.0,0.92,48.0
2015-09-07,美的集团,000333,0.38,0.67,-0.84,-0.75,0.51,438309,1216507792.0,1.96,-247.06
2015-09-02,美的集团,000333,-0.09,0.66,-0.44,0.51,0.57,643473,1821117152.0,2.87,-10.53
2015-09-01,美的集团,000333,0.01,0.6,-0.44,0.57,0.54,484410,1367208736.0,2.16,5.56
2015-08-31,美的集团,000333,-0.12,0.54,-0.95,0.54,-0.42,499911,1384090656.0,2.23,228.57
2015-08-28,美的集团,000333,-0.84,-0.21,-0.91,-0.42,-0.96,364576,991774800.0,1.63,56.25
2015-08-27,美的集团,000333,-1.19,-0.9,-1.87,-0.96,-1.83,402630,1051756000.0,1.8,47.54
2015-08-26,美的集团,000333,-2.53,-1.24,-2.73,-1.83,-2.81,549672,1383446096.0,2.45,34.88
2015-08-25,美的集团,000333,-2.75,-1.2,-3.1,-2.81,-1.8,548962,1355341744.0,2.45,-56.11
2015-08-24,美的集团,000333,-0.67,-0.66,-1.81,-1.8,0.07,523603,1331971296.0,2.34,-2671.43
2015-08-21,美的集团,000333,1.14,1.34,0.01,0.07,1.35,300281,868411376.0,1.34,-94.81
2015-08-20,美的集团,000333,1.72,2.0,1.35,1.35,2.19,240423,727157504.0,1.07,-38.36
2015-08-19,美的集团,000333,1.73,2.28,1.35,2.19,1.97,258891,796330848.0,1.16,11.17
2015-08-18,美的集团,000333,3.13,3.33,1.81,1.97,3.13,255175,816157616.0,1.14,-37.06
2015-08-17,美的集团,000333,3.51,3.51,3.01,3.13,3.55,171480,560748496.0,0.77,-11.83
2015-08-14,美的集团,000333,3.77,3.81,3.48,3.55,3.77,175024,585784880.0,0.78,-5.84
2015-08-13,美的集团,000333,3.62,3.93,3.35,3.77,3.69,157543,526669888.0,0.7,2.17
2015-08-12,美的集团,000333,4.42,4.64,3.68,3.69,4.41,226998,776570544.0,1.01,-16.33
2015-08-11,美的集团,000333,4.48,4.65,4.29,4.41,4.65,247203,856974720.0,1.1,-5.16
2015-08-10,美的集团,000333,4.16,4.76,3.75,4.65,4.16,302598,1038542960.0,1.35,11.78
2015-08-07,美的集团,000333,4.21,4.35,3.88,4.16,3.89,149137,510442112.0,0.67,6.94
2015-08-06,美的集团,000333,3.87,4.35,3.35,3.89,4.29,175990,594223360.0,0.79,-9.32
2015-08-05,美的集团,000333,5.01,5.34,4.21,4.29,4.05,354877,1247682320.0,1.56,5.93
2015-08-04,美的集团,000333,3.97,4.07,3.37,4.05,4.01,228260,769591024.0,1.01,1.0
2015-08-03,美的集团,000333,3.07,4.01,3.0,4.01,3.45,311548,1035419184.0,1.38,16.23
2015-07-31,美的集团,000333,2.51,3.49,2.42,3.45,2.85,324076,1060298560.0,1.43,21.05
2015-07-30,美的集团,000333,3.6,3.87,2.75,2.85,3.63,203976,675772256.0,0.9,-21.49
2015-07-29,美的集团,000333,3.35,3.7,3.04,3.63,3.27,284790,939612400.0,1.26,11.01
2015-07-28,美的集团,000333,1.93,3.71,1.72,3.27,2.35,563267,1814197728.0,2.49,39.15
2015-07-27,美的集团,000333,3.95,4.15,2.02,2.35,4.25,449320,1488742848.0,1.98,-44.71
2015-07-24,美的集团,000333,4.58,5.01,4.15,4.25,4.58,305409,1067331952.0,1.35,-7.21
2015-07-23,美的集团,000333,4.21,4.68,4.01,4.58,4.26,318693,1104377600.0,1.41,7.51
2015-07-22,美的集团,000333,4.95,5.19,4.08,4.26,4.7,360193,1250358864.0,1.59,-9.36
2015-07-21,美的集团,000333,4.72,5.01,4.59,4.7,5.1,212712,747400352.0,0.94,-7.84
2015-07-20,美的集团,000333,5.71,5.72,4.88,5.1,5.63,291214,1046133936.0,1.29,-9.41
2015-07-17,美的集团,000333,5.43,5.98,5.08,5.63,5.08,353281,1277383488.0,1.56,10.83
2015-07-16,美的集团,000333,5.35,5.61,4.6,5.08,5.35,308622,1105386576.0,1.36,-5.05
2015-07-15,美的集团,000333,4.97,5.68,3.89,5.35,5.37,362584,1268218384.0,1.6,-0.37
2015-07-14,美的集团,000333,6.23,6.38,5.35,5.37,6.74,522132,1909335120.0,2.31,-20.33
2015-07-13,美的集团,000333,6.21,7.6,5.6,6.74,6.18,780976,2958227904.0,3.45,9.06
2015-07-10,美的集团,000333,4.01,6.2,3.94,6.18,3.94,721854,2651565392.0,3.19,56.85
2015-07-09,美的集团,000333,1.89,3.94,0.68,3.94,1.89,622432,2013181040.0,2.75,108.47
2015-07-08,美的集团,000333,1.89,2.35,1.89,1.89,4.17,1153885,3574854288.0,5.1,-54.68
2015-07-07,美的集团,000333,4.02,4.64,3.28,4.17,4.68,773614,2625066224.0,3.42,-10.9
2015-07-06,美的集团,000333,5.71,5.71,3.34,4.68,3.55,751780,2585614656.0,3.32,31.83
2015-07-03,美的集团,000333,5.35,5.35,3.19,3.55,5.34,608744,2089743168.0,2.69,-33.52
2015-07-02,美的集团,000333,5.48,5.68,3.8,5.34,5.08,485779,1719085136.0,2.15,5.12
2015-07-01,美的集团,000333,6.01,6.55,5.03,5.08,6.2,485418,1794035024.0,2.14,-18.06
2015-06-30,美的集团,000333,4.19,6.27,3.88,6.2,4.21,750789,2693630560.0,3.32,47.27
2015-06-29,美的集团,000333,5.35,5.77,3.01,4.21,4.29,909375,3191557520.0,4.02,-1.86
2015-06-26,美的集团,000333,5.21,5.75,3.48,4.29,5.82,529917,1844983536.0,2.34,-26.29
2015-06-25,美的集团,000333,7.41,7.93,5.35,5.82,7.24,570414,2181446384.0,2.52,-19.61
2015-06-24,美的集团,000333,6.71,7.35,6.21,7.24,6.68,519622,1989228912.0,2.3,8.38
2015-06-23,美的集团,000333,4.67,6.78,4.55,6.68,4.69,527870,1937786928.0,2.35,42.43
2015-06-19,美的集团,000333,5.21,5.91,3.35,4.69,5.29,354525,1271766080.0,1.58,-11.34
2015-06-18,美的集团,000333,6.0,6.11,5.25,5.29,6.0,302656,1103264288.0,1.34,-11.83
2015-06-17,美的集团,000333,5.85,6.15,5.35,6.0,5.65,259901,950098864.0,1.15,6.19
2015-06-16,美的集团,000333,5.73,6.11,5.17,5.65,5.69,332034,1209704240.0,1.48,-0.7
2015-06-15,美的集团,000333,6.63,6.73,5.59,5.69,6.59,435175,1608845728.0,1.93,-13.66
2015-06-12,美的集团,000333,6.73,7.14,6.38,6.59,6.73,365252,1388734976.0,1.62,-2.08
2015-06-11,美的集团,000333,7.19,7.52,6.49,6.73,7.19,304279,1164746128.0,1.35,-6.4
2015-06-10,美的集团,000333,6.75,7.6,6.55,7.19,7.09,330608,1279451904.0,1.47,1.41
2015-06-09,美的集团,000333,7.61,7.89,6.81,7.09,7.59,416104,1627174960.0,1.85,-6.59
2015-06-08,美的集团,000333,6.49,7.67,6.15,7.59,6.47,631148,2440146576.0,2.8,17.31
2015-06-05,美的集团,000333,6.85,7.33,5.98,6.47,6.7,457454,1742067808.0,2.03,-3.43
2015-06-04,美的集团,000333,7.35,7.35,4.84,6.7,7.41,364131,1358142400.0,1.62,-9.58
2015-06-03,美的集团,000333,6.98,7.75,6.91,7.41,6.97,414235,1614196096.0,1.84,6.31
2015-06-02,美的集团,000333,6.95,7.08,6.28,6.97,6.95,368187,1398865616.0,1.64,0.29
2015-06-01,美的集团,000333,6.09,7.01,6.0,6.95,6.01,347681,1322991776.0,1.54,15.64
2015-05-29,美的集团,000333,5.91,6.35,4.88,6.01,5.91,426959,1568373520.0,1.9,1.69
2015-05-28,美的集团,000333,7.77,8.01,5.88,5.91,7.77,392373,1510353312.0,1.74,-23.94
2015-05-27,美的集团,000333,8.41,8.73,7.61,7.77,8.4,339750,1357280848.0,1.52,-7.5
2015-05-26,美的集团,000333,7.07,9.01,7.05,8.4,7.07,496758,2002994864.0,2.22,18.81
2015-05-25,美的集团,000333,6.78,7.24,6.35,7.07,6.76,379496,1454409536.0,1.7,4.59
2015-05-22,美的集团,000333,6.88,7.05,6.03,6.76,6.75,356611,1349015808.0,1.59,0.15
2015-05-21,美的集团,000333,5.67,7.0,5.67,6.75,5.24,498515,1877053024.0,2.23,28.82
2015-05-20,美的集团,000333,5.08,5.72,4.83,5.24,4.57,488654,1757078672.0,2.18,14.66
2015-05-19,美的集团,000333,3.57,4.68,3.55,4.57,3.49,355211,1217427328.0,1.59,30.95
2015-05-18,美的集团,000333,4.01,4.01,3.43,3.49,4.15,307735,1028329360.0,1.37,-15.9
2015-05-15,美的集团,000333,4.85,4.87,3.99,4.15,4.95,269699,927394560.0,1.2,-16.16
2015-05-14,美的集团,000333,5.19,5.45,4.85,4.95,5.28,234745,835156560.0,1.05,-6.25
2015-05-13,美的集团,000333,5.05,5.68,4.81,5.28,4.99,387289,1388811792.0,1.73,5.81
2015-05-12,美的集团,000333,5.15,5.47,4.75,4.99,5.11,322856,1144930464.0,1.44,-2.35
2015-05-11,美的集团,000333,4.75,5.11,4.4,5.11,4.81,403565,1418239408.0,1.8,6.24
2015-05-08,美的集团,000333,5.01,5.25,4.51,4.81,4.6,349913,1233945872.0,1.56,4.57
2015-05-07,美的集团,000333,4.01,4.77,3.83,4.6,4.1,285206,982493600.0,1.27,12.2
2015-05-06,美的集团,000333,4.55,4.63,3.95,4.1,4.07,354350,1220652192.0,1.58,0.74
2015-05-05,美的集团,000333,5.28,5.33,3.93,4.07,5.4,417785,1448340880.0,1.87,-24.63
2015-05-04,美的集团,000333,5.98,5.99,5.28,5.4,5.99,374430,1354295616.0,1.67,-9.85
2015-04-30,美的集团,000333,5.53,6.45,5.35,5.99,5.65,544094,2013059392.0,2.43,6.02
2015-04-29,美的集团,000333,5.89,6.26,5.53,5.65,5.59,461961,1737329728.0,2.06,1.07
2015-04-28,美的集团,000333,5.67,6.6,5.18,5.59,5.07,812132,3077442720.0,3.63,10.26
2015-04-27,美的集团,000333,5.08,5.64,4.79,5.07,4.81,335692,1229272896.0,1.5,5.41
2015-04-24,美的集团,000333,4.85,5.33,4.55,4.81,5.03,338082,1226160176.0,1.51,-4.37
2015-04-23,美的集团,000333,5.38,5.67,4.79,5.03,5.35,368862,1348921184.0,1.65,-5.98
2015-04-22,美的集团,000333,5.81,6.6,5.35,5.35,5.35,554254,2090318128.0,2.48,0.0
2015-04-21,美的集团,000333,4.34,5.45,4.13,5.35,4.08,571303,2084685392.0,2.55,31.13
2015-04-20,美的集团,000333,4.48,5.01,3.77,4.08,4.53,574722,2037619456.0,2.57,-9.93
2015-04-17,美的集团,000333,3.45,5.01,3.13,4.53,2.95,783782,2753413392.0,3.5,53.56
2015-04-16,美的集团,000333,2.03,2.95,1.92,2.95,2.03,426191,1403986912.0,1.9,45.32
2015-04-15,美的集团,000333,2.78,2.78,2.03,2.03,2.82,418642,1364833344.0,1.87,-28.01
2015-04-14,美的集团,000333,2.67,2.98,2.44,2.82,2.68,428323,1414253616.0,1.91,5.22
2015-04-13,美的集团,000333,3.15,3.51,2.55,2.68,3.03,720829,2402703008.0,3.22,-11.55
2015-04-10,美的集团,000333,2.29,3.08,2.29,3.03,2.6,354208,1173751440.0,1.58,16.54
2015-04-09,美的集团,000333,3.29,3.31,2.37,2.6,3.29,407551,1347286960.0,1.82,-20.97
2015-04-08,美的集团,000333,3.51,3.53,2.89,3.29,3.45,373640,1263790176.0,1.67,-4.64
2015-04-07,美的集团,000333,3.55,3.94,3.16,3.45,3.27,489144,1669415856.0,2.19,5.5
2015-04-03,美的集团,000333,3.43,3.43,2.98,3.27,3.51,368145,1241541728.0,1.64,-6.84
2015-04-02,美的集团,000333,3.73,3.8,2.97,3.51,3.47,408294,1388517376.0,1.82,1.15
2015-04-01,美的集团,000333,2.67,3.68,2.48,3.47,2.65,478801,1625659200.0,2.14,30.94
2015-03-31,美的集团,000333,3.81,3.81,2.35,2.65,1.71,756005,2544112368.0,3.38,54.97
2015-03-25,美的集团,000333,1.75,1.9,1.61,1.71,2.07,283499,894341728.0,1.27,-17.39
2015-03-24,美的集团,000333,2.42,2.53,1.7,2.07,2.15,391889,1251489008.0,1.75,-3.72
2015-03-23,美的集团,000333,1.89,2.39,1.75,2.15,1.69,319577,1027188080.0,1.43,27.22
2015-03-20,美的集团,000333,1.92,2.21,1.65,1.69,2.01,315218,997473408.0,1.41,-15.92
2015-03-19,美的集团,000333,2.13,2.47,1.81,2.01,2.01,342732,1097843456.0,1.53,0.0
2015-03-18,美的集团,000333,1.81,2.01,1.56,2.01,1.66,379772,1202635552.0,1.7,21.08
2015-03-17,美的集团,000333,1.85,1.87,1.48,1.66,1.68,291110,914548640.0,1.3,-1.19
2015-03-16,美的集团,000333,1.48,1.75,1.15,1.68,1.35,242842,759688512.0,1.08,24.44
2015-03-13,美的集团,000333,1.14,1.68,1.08,1.35,1.13,197035,610843504.0,0.88,19.47
2015-03-12,美的集团,000333,1.56,1.6,1.12,1.13,1.33,202731,626647856.0,0.91,-15.04
2015-03-11,美的集团,000333,0.56,1.33,0.55,1.33,0.55,320505,984717488.0,1.43,141.82
2015-03-10,美的集团,000333,0.58,0.9,0.45,0.55,0.67,189737,567670944.0,0.85,-17.91
2015-03-09,美的集团,000333,0.01,0.68,-0.12,0.67,0.29,257170,754379056.0,1.15,131.03
2015-03-06,美的集团,000333,0.51,0.65,0.15,0.29,0.48,214176,631626256.0,0.96,-39.58
2015-03-05,美的集团,000333,0.81,1.01,0.35,0.48,1.21,347095,1034165920.0,1.55,-60.33
2015-03-04,美的集团,000333,0.88,1.44,0.78,1.21,0.91,245914,754765664.0,1.1,32.97
2015-03-03,美的集团,000333,1.46,1.69,0.88,0.91,1.65,284078,876160816.0,1.27,-44.85
2015-03-02,美的集团,000333,1.71,1.9,1.44,1.65,1.65,263777,829426912.0,1.18,0.0
2015-02-27,美的集团,000333,1.81,2.0,1.47,1.65,1.85,199394,628723856.0,0.89,-10.81
2015-02-26,美的集团,000333,1.79,1.87,1.43,1.85,1.87,186843,588438224.0,0.83,-1.07
2015-02-25,美的集团,000333,1.95,2.25,1.55,1.87,1.74,367335,1169279088.0,1.64,7.47
2015-02-17,美的集团,000333,0.88,1.91,0.75,1.74,0.8,383480,1197468848.0,1.71,117.5
2015-02-16,美的集团,000333,0.97,1.01,0.68,0.8,0.9,195260,589192000.0,0.87,-11.11
2015-02-13,美的集团,000333,1.02,1.19,0.77,0.9,0.94,229371,697578080.0,1.02,-4.26
2015-02-12,美的集团,000333,1.01,1.19,0.79,0.94,0.93,134675,409651056.0,0.6,1.08
2015-02-11,美的集团,000333,1.21,1.21,0.83,0.93,0.98,161157,491666592.0,0.72,-5.1
2015-02-10,美的集团,000333,0.61,1.07,0.48,0.98,0.39,236686,716106944.0,1.06,151.28
2015-02-09,美的集团,000333,0.13,0.67,0.02,0.39,0.09,180040,531394688.0,0.8,333.33
2015-02-06,美的集团,000333,0.02,0.5,-0.31,0.09,0.01,156431,456274576.0,0.7,800.0
2015-02-05,美的集团,000333,0.68,1.01,0.01,0.01,0.22,295479,881037152.0,1.32,-95.45
2015-02-04,美的集团,000333,0.52,0.86,0.21,0.22,0.26,209304,624896144.0,0.94,-15.38
2015-02-03,美的集团,000333,0.32,0.35,0.01,0.26,-0.06,179335,524301376.0,0.8,533.33
2015-02-02,美的集团,000333,0.35,0.64,-0.07,-0.06,0.7,232591,681058832.0,1.04,-108.57
2015-01-30,美的集团,000333,0.65,1.28,0.65,0.7,0.61,260779,794075680.0,1.16,14.75
2015-01-29,美的集团,000333,0.43,0.88,0.41,0.61,0.93,239345,714512240.0,1.07,-34.41
2015-01-28,美的集团,000333,0.98,1.22,0.72,0.93,1.25,226393,688043456.0,1.01,-25.6
2015-01-27,美的集团,000333,1.36,1.55,0.85,1.25,1.21,357518,1102678176.0,1.6,3.31
2015-01-26,美的集团,000333,1.21,1.41,1.04,1.21,1.01,245192,755111200.0,1.1,19.8
2015-01-23,美的集团,000333,1.27,1.53,0.89,1.01,1.25,268727,822756784.0,1.2,-19.2
2015-01-22,美的集团,000333,1.47,1.6,1.01,1.25,1.47,261073,806314048.0,1.17,-14.97
2015-01-21,美的集团,000333,1.05,1.63,0.74,1.47,1.01,384730,1182623440.0,1.72,45.54
2015-01-20,美的集团,000333,0.35,1.26,0.33,1.01,0.33,445348,1341859264.0,1.99,206.06
2015-01-19,美的集团,000333,0.68,1.35,-0.43,0.33,1.67,618834,1831044784.0,2.76,-80.24
2015-01-16,美的集团,000333,2.01,2.05,1.45,1.67,2.05,378344,1188067584.0,1.69,-18.54
2015-01-15,美的集团,000333,1.91,2.31,1.38,2.05,1.93,309028,978807920.0,1.38,6.22
2015-01-14,美的集团,000333,2.94,2.95,1.61,1.93,2.81,365270,1177626016.0,1.63,-31.32
2015-01-13,美的集团,000333,2.02,3.0,1.69,2.81,2.03,455765,1491650112.0,2.04,38.42
2015-01-12,美的集团,000333,1.4,2.45,1.01,2.03,1.42,438235,1396137824.0,1.96,42.96
2015-01-09,美的集团,000333,1.99,2.55,1.41,1.42,2.08,433168,1390729216.0,1.94,-31.73
2015-01-08,美的集团,000333,1.65,2.52,1.28,2.08,1.78,531175,1697994864.0,2.37,16.85
2015-01-07,美的集团,000333,1.83,2.23,1.29,1.78,1.82,368274,1158683568.0,1.65,-2.2
2015-01-06,美的集团,000333,0.59,2.34,0.32,1.82,0.6,871278,2743939040.0,3.89,203.33
2015-01-05,美的集团,000333,-0.73,0.75,-0.73,0.6,-1.03,974090,2869142864.0,4.35,158.25
2014-12-31,美的集团,000333,-1.43,-0.99,-1.52,-1.03,-1.43,348142,946378224.0,1.56,27.97
2014-12-30,美的集团,000333,-0.85,-0.84,-1.65,-1.43,-0.89,405083,1094935808.0,1.81,-60.67
2014-12-29,美的集团,000333,-0.39,0.21,-1.12,-0.89,-0.43,418421,1175422400.0,1.87,-106.98
2014-12-26,美的集团,000333,-0.79,-0.19,-1.24,-0.43,-0.87,420359,1168808576.0,1.88,50.57
2014-12-25,美的集团,000333,-0.82,-0.29,-1.32,-0.87,-0.88,390732,1083890752.0,1.75,1.14
2014-12-24,美的集团,000333,-0.35,-0.17,-1.01,-0.88,-0.42,413720,1156965616.0,1.85,-109.52
2014-12-23,美的集团,000333,-0.87,0.68,-1.12,-0.42,-0.75,682823,1978414048.0,3.05,44.0
2014-12-22,美的集团,000333,-1.06,-0.39,-1.5,-0.75,-0.9,481497,1320646192.0,2.15,16.67
2014-12-19,美的集团,000333,-0.73,-0.4,-1.11,-0.9,-0.72,494475,1374486992.0,2.21,-25.0
2014-12-18,美的集团,000333,-2.34,-0.65,-2.39,-0.72,-2.34,794747,2153946496.0,3.55,69.23
2014-12-17,美的集团,000333,-2.13,-2.09,-2.64,-2.34,-2.08,453811,1153433616.0,2.03,-12.5
2014-12-16,美的集团,000333,-1.79,-1.67,-2.31,-2.08,-1.87,543457,1405624656.0,2.43,-11.23
2014-12-15,美的集团,000333,-1.21,-1.21,-2.05,-1.87,-2.85,1367360,3634176800.0,6.11,34.39
2014-12-05,美的集团,000333,-2.02,-1.99,-3.25,-2.85,-2.22,593453,1480129296.0,2.65,-28.38
2014-12-04,美的集团,000333,-2.27,-1.94,-2.83,-2.22,-2.52,456376,1160537840.0,2.04,11.9
2014-12-03,美的集团,000333,-2.77,-1.63,-3.11,-2.52,-2.97,816950,2085027872.0,3.65,15.15
2014-12-02,美的集团,000333,-3.77,-2.76,-3.95,-2.97,-3.75,587276,1415482592.0,2.62,20.8
2014-12-01,美的集团,000333,-4.59,-3.41,-4.61,-3.75,-4.58,604561,1409387376.0,2.7,18.12
2014-11-28,美的集团,000333,-4.52,-4.47,-4.88,-4.58,-4.49,318710,697570768.0,1.42,-2.0
2014-11-27,美的集团,000333,-4.38,-4.29,-4.59,-4.49,-4.39,326299,727138512.0,1.46,-2.28
2014-11-26,美的集团,000333,-4.46,-4.32,-4.65,-4.39,-4.47,306897,681911280.0,1.37,1.79
2014-11-25,美的集团,000333,-4.57,-4.45,-4.77,-4.47,-4.57,270068,594468848.0,1.21,2.19
2014-11-24,美的集团,000333,-4.32,-4.3,-4.73,-4.57,-4.79,336267,746108832.0,1.5,4.59
2014-11-21,美的集团,000333,-5.12,-4.67,-5.15,-4.79,-5.09,159636,345562944.0,0.71,5.89
2014-11-20,美的集团,000333,-5.12,-5.07,-5.23,-5.09,-5.05,110558,234770857.0,0.49,-0.79
2014-11-19,美的集团,000333,-5.1,-4.96,-5.17,-5.05,-5.05,117805,252146961.0,0.53,0.0
2014-11-18,美的集团,000333,-4.75,-4.67,-5.16,-5.05,-4.66,234807,505901088.0,1.05,-8.37
2014-11-17,美的集团,000333,-4.56,-4.4,-4.81,-4.66,-4.55,305970,673208352.0,1.37,-2.42
2014-11-14,美的集团,000333,-4.55,-4.35,-4.66,-4.55,-4.47,266761,591775904.0,1.19,-1.79
2014-11-13,美的集团,000333,-4.52,-4.35,-4.85,-4.47,-4.51,375290,830110416.0,1.68,0.89
2014-11-12,美的集团,000333,-4.75,-4.33,-4.91,-4.51,-4.75,351157,777630480.0,1.57,5.05
2014-11-11,美的集团,000333,-4.81,-4.66,-5.1,-4.75,-4.85,600227,1307188976.0,2.68,2.06
2014-11-10,美的集团,000333,-5.45,-4.84,-5.58,-4.85,-5.51,554127,1186099728.0,2.48,11.98
2014-11-07,美的集团,000333,-5.82,-5.51,-5.87,-5.51,-5.83,406039,832550928.0,1.81,5.49
2014-11-06,美的集团,000333,-5.59,-5.49,-5.93,-5.83,-5.59,282495,572173120.0,1.26,-4.29
2014-11-05,美的集团,000333,-5.59,-5.36,-5.64,-5.59,-5.55,162826,337430368.0,0.73,-0.72
2014-11-04,美的集团,000333,-5.45,-5.45,-5.68,-5.55,-5.44,220412,454300496.0,0.98,-2.02
2014-11-03,美的集团,000333,-5.39,-5.29,-5.48,-5.44,-5.39,252640,527023760.0,1.13,-0.93
2014-10-31,美的集团,000333,-5.89,-5.35,-5.89,-5.39,-5.89,507599,1048196512.0,2.27,8.49
2014-10-30,美的集团,000333,-5.68,-5.63,-5.93,-5.89,-5.69,224216,454077104.0,1.0,-3.51
2014-10-29,美的集团,000333,-6.02,-5.65,-6.14,-5.69,-6.09,281760,566019856.0,1.26,6.57
2014-10-28,美的集团,000333,-6.25,-6.07,-6.26,-6.09,-6.28,142958,282236240.0,0.64,3.03
2014-10-27,美的集团,000333,-6.09,-6.09,-6.39,-6.28,-5.98,174525,341714592.0,0.78,-5.02
2014-10-24,美的集团,000333,-5.75,-5.75,-6.19,-5.98,-5.79,217587,433891584.0,0.97,-3.28
2014-10-23,美的集团,000333,-5.71,-5.54,-5.83,-5.79,-5.71,185400,379641904.0,0.83,-1.4
2014-10-22,美的集团,000333,-5.88,-5.65,-5.91,-5.71,-5.88,152048,309262016.0,0.68,2.89
2014-10-21,美的集团,000333,-5.72,-5.64,-5.89,-5.88,-5.69,142368,289347104.0,0.64,-3.34
2014-10-20,美的集团,000333,-5.61,-5.47,-5.77,-5.69,-5.71,182542,374414880.0,0.82,0.35
2014-10-17,美的集团,000333,-5.79,-5.65,-5.94,-5.71,-5.83,243248,493682768.0,1.09,2.06
2014-10-16,美的集团,000333,-5.99,-5.7,-6.05,-5.83,-5.91,272659,551678016.0,1.22,1.35
2014-10-15,美的集团,000333,-6.1,-5.87,-6.11,-5.91,-6.07,193145,386898544.0,0.86,2.64
2014-10-14,美的集团,000333,-6.07,-6.01,-6.15,-6.07,-6.04,137170,272146624.0,0.61,-0.5
2014-10-13,美的集团,000333,-6.02,-6.01,-6.25,-6.04,-5.95,181333,358653776.0,0.81,-1.51
2014-10-10,美的集团,000333,-5.89,-5.81,-5.98,-5.95,-5.83,177558,356663712.0,0.79,-2.06
2014-10-09,美的集团,000333,-5.77,-5.67,-5.9,-5.83,-5.79,184722,374680736.0,0.83,-0.69
2014-10-08,美的集团,000333,-6.03,-5.79,-6.05,-5.79,-6.06,241908,486573200.0,1.08,4.46
2014-09-30,美的集团,000333,-6.11,-6.02,-6.17,-6.06,-6.11,200270,396879600.0,0.89,0.82
2014-09-29,美的集团,000333,-5.73,-5.69,-6.18,-6.11,-5.63,583529,1160256320.0,2.61,-8.53
2014-09-26,美的集团,000333,-5.52,-5.5,-5.71,-5.63,-5.47,132600,272262224.0,0.59,-2.93
2014-09-25,美的集团,000333,-5.48,-5.29,-5.51,-5.47,-5.52,191788,399710656.0,0.86,0.91
2014-09-24,美的集团,000333,-5.72,-5.49,-5.82,-5.52,-5.72,216783,444010480.0,0.97,3.5
2014-09-23,美的集团,000333,-5.85,-5.69,-5.91,-5.72,-5.82,158662,322241056.0,0.71,1.72
2014-09-22,美的集团,000333,-5.49,-5.49,-5.85,-5.82,-5.45,240765,490006704.0,1.08,-6.79
2014-09-19,美的集团,000333,-5.32,-5.31,-5.71,-5.45,-5.33,176390,365997056.0,0.79,-2.25
2014-09-18,美的集团,000333,-5.45,-5.19,-5.51,-5.33,-5.39,162880,341002432.0,0.73,1.11
2014-09-17,美的集团,000333,-5.33,-5.33,-5.52,-5.39,-5.49,117694,244946399.0,0.69,1.82
2014-09-16,美的集团,000333,-5.32,-5.21,-5.5,-5.49,-5.29,201262,420711904.0,1.18,-3.78
2014-09-15,美的集团,000333,-5.03,-5.03,-5.47,-5.29,-4.93,321379,675610256.0,1.88,-7.3
2014-09-12,美的集团,000333,-5.04,-4.9,-5.07,-4.93,-5.02,132225,283989712.0,0.77,1.79
2014-09-11,美的集团,000333,-4.93,-4.73,-5.07,-5.02,-4.93,267314,576701520.0,1.56,-1.83
2014-09-10,美的集团,000333,-4.72,-4.72,-4.97,-4.93,-4.67,245812,532903616.0,1.43,-5.57
2014-09-09,美的集团,000333,-4.48,-4.44,-4.72,-4.67,-4.49,176771,388660864.0,1.03,-4.01
2014-09-05,美的集团,000333,-4.63,-4.48,-4.65,-4.49,-4.63,208985,462841184.0,1.22,3.02
2014-09-04,美的集团,000333,-4.49,-4.48,-4.71,-4.63,-4.45,291441,641314576.0,1.7,-4.04
2014-09-03,美的集团,000333,-4.4,-4.29,-4.55,-4.45,-4.41,211045,470988384.0,1.23,-0.91
2014-09-02,美的集团,000333,-4.48,-4.36,-4.55,-4.41,-4.51,184145,410640976.0,1.07,2.22
2014-09-01,美的集团,000333,-4.66,-4.45,-4.78,-4.51,-4.65,107605,238085734.0,0.63,3.01
2014-08-29,美的集团,000333,-4.77,-4.59,-4.8,-4.65,-4.79,68345,149869235.0,0.4,2.92
2014-08-28,美的集团,000333,-4.57,-4.55,-4.81,-4.79,-4.58,129055,282559120.0,0.75,-4.59
2014-08-27,美的集团,000333,-4.73,-4.51,-4.77,-4.58,-4.72,101476,223814796.0,0.59,2.97
2014-08-26,美的集团,000333,-4.45,-4.43,-4.86,-4.72,-4.4,175335,385078032.0,1.02,-7.27
2014-08-25,美的集团,000333,-4.19,-4.16,-4.45,-4.4,-4.21,144040,323359408.0,0.84,-4.51
2014-08-22,美的集团,000333,-4.75,-4.12,-4.8,-4.21,-4.75,282460,633692160.0,1.65,11.37
2014-08-21,美的集团,000333,-4.76,-4.73,-5.0,-4.75,-4.71,177374,384433040.0,1.03,-0.85
2014-08-20,美的集团,000333,-4.71,-4.63,-4.88,-4.71,-4.72,153534,335355824.0,0.89,0.21
2014-08-19,美的集团,000333,-4.66,-4.46,-4.79,-4.72,-4.97,297473,655245312.0,1.73,5.03
2014-08-18,美的集团,000333,-5.17,-4.91,-5.17,-4.97,-5.22,151873,325124304.0,0.89,4.79
2014-08-15,美的集团,000333,-5.29,-5.17,-5.35,-5.22,-5.29,124923,263661234.0,0.73,1.32
2014-08-14,美的集团,000333,-5.25,-5.15,-5.41,-5.29,-5.27,122922,258775053.0,0.72,-0.38
2014-08-13,美的集团,000333,-5.35,-5.19,-5.37,-5.27,-5.32,140560,295815856.0,0.82,0.94
2014-08-12,美的集团,000333,-5.15,-5.15,-5.37,-5.32,-5.12,208336,437355888.0,1.21,-3.91
2014-08-11,美的集团,000333,-5.19,-5.07,-5.27,-5.12,-5.18,142157,301969120.0,0.83,1.16
2014-08-08,美的集团,000333,-5.39,-5.12,-5.39,-5.18,-5.37,140427,296334496.0,0.82,3.54
2014-08-07,美的集团,000333,-5.13,-4.99,-5.41,-5.37,-5.12,240277,507362128.0,1.4,-4.88
2014-08-06,美的集团,000333,-4.91,-4.89,-5.27,-5.12,-4.82,228834,486200016.0,1.33,-6.22
2014-08-05,美的集团,000333,-4.71,-4.53,-4.91,-4.82,-4.7,202651,442545600.0,1.18,-2.55
2014-08-04,美的集团,000333,-5.01,-4.69,-5.01,-4.7,-5.01,170239,369586032.0,0.99,6.19
2014-08-01,美的集团,000333,-5.11,-4.65,-5.18,-5.01,-5.07,207738,448924336.0,1.21,1.18
2014-07-31,美的集团,000333,-5.48,-5.05,-5.53,-5.07,-5.48,173695,366621472.0,1.01,7.48
2014-07-30,美的集团,000333,-5.41,-5.19,-5.56,-5.48,-5.38,167308,348585472.0,0.98,-1.86
2014-07-29,美的集团,000333,-5.25,-5.03,-5.45,-5.38,-5.3,231372,487003200.0,1.35,-1.51
2014-07-28,美的集团,000333,-5.75,-5.25,-5.82,-5.3,-5.85,299424,621315120.0,1.75,9.4
2014-07-25,美的集团,000333,-5.89,-5.75,-6.05,-5.85,-5.92,208755,420956576.0,1.22,1.18
2014-07-24,美的集团,000333,-6.41,-5.89,-6.42,-5.92,-6.41,336854,667305296.0,1.96,7.64
2014-07-23,美的集团,000333,-6.45,-6.33,-6.57,-6.41,-6.45,121778,234917262.0,0.71,0.62
2014-07-22,美的集团,000333,-6.56,-6.28,-6.57,-6.45,-6.51,147582,286586784.0,0.86,0.92
2014-07-21,美的集团,000333,-6.51,-6.33,-6.55,-6.51,-6.48,109222,211067008.0,0.64,-0.46
2014-07-18,美的集团,000333,-6.72,-6.45,-6.79,-6.48,-6.65,130179,249317180.0,0.76,2.56
2014-07-17,美的集团,000333,-6.64,-6.55,-6.72,-6.65,-6.64,75020,142503922.0,0.44,-0.15
2014-07-16,美的集团,000333,-6.41,-6.41,-6.71,-6.64,-6.45,103513,197410327.0,0.6,-2.95
2014-07-15,美的集团,000333,-6.45,-6.25,-6.53,-6.45,-6.58,173689,336158624.0,1.01,1.98
2014-07-14,美的集团,000333,-6.66,-6.57,-6.85,-6.58,-6.65,137778,259984664.0,0.8,1.05
2014-07-11,美的集团,000333,-6.78,-6.61,-6.88,-6.65,-6.75,139702,264004198.0,0.81,1.48
2014-07-10,美的集团,000333,-6.7,-6.61,-6.77,-6.75,-6.66,91795,173468301.0,0.53,-1.35
2014-07-09,美的集团,000333,-6.45,-6.45,-6.75,-6.66,-6.41,117779,224093022.0,0.69,-3.9
2014-07-08,美的集团,000333,-6.51,-6.39,-6.74,-6.41,-6.51,146998,280774720.0,0.86,1.54
2014-07-07,美的集团,000333,-6.28,-6.28,-6.59,-6.51,-6.28,123438,237354955.0,0.72,-3.66
2014-07-04,美的集团,000333,-6.3,-6.22,-6.44,-6.28,-6.28,111672,217746171.0,0.65,0.0
2014-07-03,美的集团,000333,-6.53,-6.14,-6.55,-6.28,-6.45,186932,366741344.0,1.09,2.64
2014-07-02,美的集团,000333,-6.71,-6.4,-6.72,-6.45,-6.73,205399,394569568.0,1.2,4.16
2014-07-01,美的集团,000333,-6.46,-6.46,-6.81,-6.73,-6.44,204601,387643360.0,1.19,-4.5
2014-06-30,美的集团,000333,-6.51,-6.15,-6.55,-6.44,-6.52,218975,425902576.0,1.28,1.23
2014-06-27,美的集团,000333,-6.87,-6.48,-6.91,-6.52,-6.87,227212,433543072.0,1.32,5.09
2014-06-26,美的集团,000333,-7.13,-6.81,-7.19,-6.87,-7.13,127189,236114254.0,0.74,3.65
2014-06-25,美的集团,000333,-7.13,-7.11,-7.31,-7.13,-7.14,110741,201384014.0,0.65,0.14
2014-06-24,美的集团,000333,-7.3,-7.11,-7.44,-7.14,-7.32,114602,207800633.0,0.67,2.46
2014-06-23,美的集团,000333,-7.03,-7.01,-7.33,-7.32,-7.07,188466,342704672.0,1.1,-3.54
2014-06-20,美的集团,000333,-7.05,-6.99,-7.18,-7.07,-7.0,143349,263139553.0,0.84,-1.0
2014-06-19,美的集团,000333,-7.1,-6.96,-7.27,-7.0,-7.1,151632,277827104.0,0.88,1.41
2014-06-18,美的集团,000333,-6.99,-6.89,-7.18,-7.1,-6.97,127941,235716471.0,0.75,-1.87
2014-06-17,美的集团,000333,-6.59,-6.59,-7.02,-6.97,-6.59,220298,412162272.0,1.28,-5.77
2014-06-16,美的集团,000333,-6.6,-6.47,-6.73,-6.59,-6.61,223839,427953888.0,1.3,0.3
2014-06-13,美的集团,000333,-6.99,-6.46,-6.99,-6.61,-7.03,294829,561738416.0,1.72,5.97
2014-06-12,美的集团,000333,-7.12,-6.95,-7.24,-7.03,-7.09,189732,349885760.0,1.11,0.85
2014-06-11,美的集团,000333,-7.19,-7.05,-7.3,-7.09,-7.15,192357,351856688.0,1.12,0.84
2014-06-10,美的集团,000333,-7.57,-7.07,-7.57,-7.15,-7.61,330650,596238080.0,1.93,6.04
2014-06-09,美的集团,000333,-7.55,-7.42,-7.73,-7.61,-7.65,111458,196866694.0,0.65,0.52
2014-06-06,美的集团,000333,-7.67,-7.53,-7.73,-7.65,-7.66,77655,136259803.0,0.45,0.13
2014-06-05,美的集团,000333,-7.78,-7.59,-7.86,-7.66,-7.77,88469,154040849.0,0.52,1.42
2014-06-04,美的集团,000333,-7.55,-7.53,-7.85,-7.77,-7.57,92684,161046973.0,0.54,-2.64
2014-06-03,美的集团,000333,-7.67,-7.42,-7.68,-7.57,-7.71,119903,212061210.0,0.7,1.82
2014-05-30,美的集团,000333,-7.77,-7.62,-7.77,-7.71,-7.77,109160,190497324.0,0.64,0.77
2014-05-29,美的集团,000333,-7.81,-7.59,-7.81,-7.77,-7.77,138250,241014497.0,0.81,0.0
2014-05-28,美的集团,000333,-8.03,-7.71,-8.12,-7.77,-8.03,182776,313602048.0,1.07,3.24
2014-05-27,美的集团,000333,-7.97,-7.9,-8.05,-8.03,-7.99,87700,149169475.0,0.51,-0.5
2014-05-26,美的集团,000333,-7.99,-7.85,-8.11,-7.99,-8.05,110551,188275442.0,0.64,0.75
2014-05-23,美的集团,000333,-8.17,-8.0,-8.18,-8.05,-8.15,63678,107501562.0,0.37,1.23
2014-05-22,美的集团,000333,-8.27,-8.0,-8.29,-8.15,-8.27,131247,220767318.0,0.76,1.45
2014-05-21,美的集团,000333,-8.34,-8.23,-8.45,-8.27,-8.26,80267,132486374.0,0.47,-0.12
2014-05-20,美的集团,000333,-8.15,-8.0,-8.37,-8.26,-8.25,101905,169399523.0,0.59,-0.12
2014-05-19,美的集团,000333,-8.12,-8.02,-8.31,-8.25,-7.92,136319,226902020.0,0.79,-4.17
2014-05-16,美的集团,000333,-8.02,-7.89,-8.05,-7.92,-7.98,77556,131990810.0,0.45,0.75
2014-05-15,美的集团,000333,-7.91,-7.85,-8.03,-7.98,-7.8,147271,251184079.0,0.86,-2.31
2014-05-14,美的集团,000333,-7.89,-7.71,-7.96,-7.8,-7.85,113121,194726035.0,0.66,0.64
2014-05-13,美的集团,000333,-7.76,-7.59,-7.91,-7.85,-7.9,174185,302106720.0,1.02,0.63
2014-05-09,美的集团,000333,-8.12,-7.86,-8.21,-7.9,-8.09,157840,267805018.0,0.92,2.35
2014-05-08,美的集团,000333,-8.2,-7.85,-8.31,-8.09,-8.19,181814,307329056.0,1.06,1.22
2014-05-07,美的集团,000333,-7.95,-7.95,-8.2,-8.19,-7.89,196784,331937456.0,1.15,-3.8
2014-05-06,美的集团,000333,-7.72,-7.59,-7.95,-7.89,-7.62,163112,282295296.0,0.95,-3.54
2014-05-05,美的集团,000333,-7.83,-7.53,-8.11,-7.62,-7.81,217533,373521696.0,1.27,2.43
2014-04-30,美的集团,000333,-7.4,-7.39,-7.89,-7.81,-7.32,272666,477911360.0,1.59,-6.69
2014-04-29,美的集团,000333,-7.4,-7.08,-7.62,-7.32,-7.47,188982,889389040.0,2.75,2.01
2014-04-28,美的集团,000333,-7.32,-7.26,-7.86,-7.47,-7.32,95543,438749328.0,1.39,-2.05
2014-04-25,美的集团,000333,-7.22,-7.17,-7.39,-7.32,-7.27,92572,436514880.0,1.35,-0.69
2014-04-24,美的集团,000333,-7.59,-7.25,-7.71,-7.27,-7.56,116680,544749600.0,1.7,3.84
2014-04-23,美的集团,000333,-7.64,-7.35,-7.66,-7.56,-7.81,106792,495039648.0,1.56,3.2
2014-04-22,美的集团,000333,-7.61,-7.54,-8.09,-7.81,-7.59,115519,519669808.0,1.68,-2.9
2014-04-21,美的集团,000333,-7.53,-7.41,-7.62,-7.59,-7.4,67801,313220640.0,0.99,-2.57
2014-04-18,美的集团,000333,-7.56,-7.36,-7.67,-7.4,-7.5,54638,253230785.0,0.8,1.33
2014-04-17,美的集团,000333,-7.53,-7.36,-7.53,-7.5,-7.54,61637,287072400.0,0.9,0.53
2014-04-16,美的集团,000333,-7.69,-7.54,-7.69,-7.54,-7.61,66536,305679088.0,0.97,0.92
2014-04-15,美的集团,000333,-7.2,-7.2,-7.64,-7.61,-7.23,128488,595582832.0,1.87,-5.26
2014-04-14,美的集团,000333,-7.12,-7.07,-7.29,-7.23,-7.08,106481,505394736.0,1.55,-2.12
2014-04-11,美的集团,000333,-7.4,-6.98,-7.42,-7.08,-7.43,212349,1011449968.0,3.09,4.71
2014-04-10,美的集团,000333,-7.31,-7.31,-7.58,-7.43,-7.36,137331,638814176.0,2.0,-0.95
2014-04-09,美的集团,000333,-7.32,-7.2,-7.45,-7.36,-7.39,130119,610865904.0,1.9,0.41
2014-04-08,美的集团,000333,-7.61,-7.32,-7.74,-7.39,-7.58,154528,718320752.0,2.25,2.51
2014-04-04,美的集团,000333,-7.67,-7.49,-7.85,-7.58,-7.56,121390,555344080.0,1.77,-0.26
2014-04-03,美的集团,000333,-7.45,-7.19,-7.76,-7.56,-7.5,173079,804169472.0,2.52,-0.8
2014-04-02,美的集团,000333,-7.28,-7.09,-7.53,-7.5,-7.31,165363,771714336.0,2.41,-2.6
2014-04-01,美的集团,000333,-7.83,-7.21,-8.04,-7.31,-7.83,242924,1127692976.0,3.54,6.64
2014-03-31,美的集团,000333,-7.28,-7.28,-7.91,-7.83,-8.43,323947,1495925792.0,4.72,7.12
2014-03-28,美的集团,000333,-8.6,-8.25,-8.6,-8.43,-8.62,78610,337750192.0,1.15,2.2
2014-03-27,美的集团,000333,-8.58,-8.54,-8.72,-8.62,-8.58,40381,170231817.0,0.59,-0.47
2014-03-26,美的集团,000333,-8.81,-8.52,-8.81,-8.58,-8.8,41387,174364926.0,0.6,2.5
2014-03-25,美的集团,000333,-8.93,-8.64,-9.0,-8.8,-8.88,40067,166315510.0,0.58,0.9
2014-03-24,美的集团,000333,-9.03,-8.82,-9.1,-8.88,-8.96,41983,171713629.0,0.61,0.89
2014-03-21,美的集团,000333,-9.24,-8.91,-9.25,-8.96,-9.24,42796,173385626.0,0.62,3.03
2014-03-20,美的集团,000333,-8.91,-8.75,-9.31,-9.24,-8.91,74254,299716624.0,1.08,-3.7
2014-03-19,美的集团,000333,-8.69,-8.65,-9.05,-8.91,-8.62,52737,216781124.0,0.77,-3.36
2014-03-18,美的集团,000333,-8.2,-8.17,-8.63,-8.62,-8.39,71978,306533808.0,1.05,-2.74
2014-03-17,美的集团,000333,-8.68,-8.37,-8.81,-8.39,-8.71,75809,321709296.0,1.1,3.67
2014-03-14,美的集团,000333,-8.71,-8.58,-8.92,-8.71,-8.71,42506,177624027.0,0.62,0.0
2014-03-13,美的集团,000333,-8.62,-8.56,-8.83,-8.71,-8.63,48878,204431525.0,0.71,-0.93
2014-03-12,美的集团,000333,-8.59,-8.53,-8.82,-8.63,-8.72,64092,268506544.0,0.93,1.03
2014-03-11,美的集团,000333,-8.91,-8.48,-8.91,-8.72,-9.02,108795,457655968.0,1.59,3.33
2014-03-10,美的集团,000333,-9.19,-8.68,-9.25,-9.02,-9.06,102744,423278112.0,1.5,0.44
2014-03-07,美的集团,000333,-9.0,-8.83,-9.1,-9.06,-9.01,55136,225197534.0,0.8,-0.55
2014-03-06,美的集团,000333,-9.51,-8.92,-9.56,-9.01,-9.51,116627,468521552.0,1.7,5.26
2014-03-05,美的集团,000333,-9.45,-9.29,-9.57,-9.51,-9.49,44451,173812818.0,0.65,-0.21
2014-03-04,美的集团,000333,-9.3,-9.3,-9.6,-9.49,-9.21,58297,226270204.0,0.85,-3.04
2014-03-03,美的集团,000333,-9.59,-9.11,-9.59,-9.21,-9.47,65239,258418199.0,0.95,2.75
2014-02-28,美的集团,000333,-9.67,-9.47,-9.78,-9.47,-9.68,79789,308076480.0,1.16,2.17
2014-02-27,美的集团,000333,-9.34,-9.3,-9.79,-9.68,-9.38,140958,541013008.0,2.05,-3.2
2014-02-26,美的集团,000333,-9.16,-9.14,-9.45,-9.38,-9.1,114313,450989056.0,1.67,-3.08
2014-02-25,美的集团,000333,-8.71,-8.71,-9.11,-9.1,-8.67,152014,619138416.0,2.21,-4.96
2014-02-24,美的集团,000333,-7.99,-7.96,-9.11,-8.67,-7.93,136223,569681712.0,1.98,-9.33
2014-02-21,美的集团,000333,-7.87,-7.79,-7.99,-7.93,-7.88,47925,214409176.0,0.7,-0.63
2014-02-20,美的集团,000333,-7.57,-7.54,-7.93,-7.88,-7.57,84852,383520528.0,1.24,-4.1
2014-02-19,美的集团,000333,-7.59,-7.49,-7.72,-7.57,-7.59,43871,202089733.0,0.64,0.26
2014-02-18,美的集团,000333,-7.48,-7.48,-7.68,-7.59,-7.45,41225,189272106.0,0.6,-1.88
2014-02-17,美的集团,000333,-7.49,-7.43,-7.59,-7.45,-7.51,56503,260881611.0,0.82,0.8
2014-02-14,美的集团,000333,-7.62,-7.45,-7.64,-7.51,-7.55,39653,182979755.0,0.58,0.53
2014-02-13,美的集团,000333,-7.37,-7.37,-7.67,-7.55,-7.39,68570,317109264.0,1.0,-2.17
2014-02-12,美的集团,000333,-7.59,-7.27,-7.68,-7.39,-7.6,63705,296686576.0,0.93,2.76
2014-02-11,美的集团,000333,-7.45,-7.45,-7.72,-7.6,-7.44,66580,305636960.0,0.97,-2.15
2014-02-10,美的集团,000333,-7.67,-7.32,-7.75,-7.44,-7.66,70581,327990400.0,1.03,2.87
2014-02-07,美的集团,000333,-7.48,-7.48,-7.88,-7.66,-7.36,92333,419470256.0,1.35,-4.08
2014-01-30,美的集团,000333,-7.09,-7.08,-7.45,-7.36,-7.11,54556,256146015.0,0.79,-3.52
2014-01-29,美的集团,000333,-6.99,-6.95,-7.19,-7.11,-7.08,40069,191411779.0,0.58,-0.42
2014-01-28,美的集团,000333,-7.1,-6.98,-7.24,-7.08,-7.22,37090,177707761.0,0.54,1.94
2014-01-27,美的集团,000333,-6.97,-6.96,-7.28,-7.22,-6.89,54223,258565265.0,0.79,-4.79
2014-01-24,美的集团,000333,-6.95,-6.72,-7.11,-6.89,-6.95,50367,245337713.0,0.73,0.86
2014-01-23,美的集团,000333,-7.13,-6.75,-7.23,-6.95,-7.12,55001,265863460.0,0.8,2.39
2014-01-22,美的集团,000333,-7.31,-7.06,-7.36,-7.12,-7.32,43179,205238258.0,0.63,2.73
2014-01-21,美的集团,000333,-7.19,-7.11,-7.38,-7.32,-7.18,43355,204014337.0,0.63,-1.95
2014-01-20,美的集团,000333,-7.35,-7.1,-7.45,-7.18,-7.35,38168,180827659.0,0.56,2.31
2014-01-17,美的集团,000333,-7.04,-6.97,-7.41,-7.35,-6.97,40190,190432273.0,0.59,-5.45
2014-01-16,美的集团,000333,-6.95,-6.78,-7.1,-6.97,-6.95,42451,205606086.0,0.62,-0.29
2014-01-15,美的集团,000333,-7.13,-6.77,-7.18,-6.95,-7.05,43068,208692015.0,0.63,1.42
2014-01-14,美的集团,000333,-7.45,-7.04,-7.5,-7.05,-7.45,50115,237738075.0,0.73,5.37
2014-01-13,美的集团,000333,-7.59,-6.92,-7.64,-7.45,-7.46,73947,346958960.0,1.08,0.13
2014-01-07,美的集团,000333,-7.53,-7.27,-7.53,-7.46,-7.42,34409,160580651.0,0.5,-0.54
2014-01-06,美的集团,000333,-7.09,-7.06,-7.49,-7.42,-7.03,59926,279878512.0,0.87,-5.55
2014-01-03,美的集团,000333,-6.95,-6.84,-7.29,-7.03,-6.81,75846,362396320.0,1.11,-3.23
2014-01-02,美的集团,000333,-6.68,-6.57,-6.89,-6.81,-6.52,39463,193220266.0,0.57,-4.45
2013-12-31,美的集团,000333,-6.68,-6.49,-6.98,-6.52,-6.65,59859,294099120.0,0.87,1.95
2013-12-30,美的集团,000333,-6.58,-6.38,-6.68,-6.65,-6.58,43800,218806910.0,0.64,-1.06
2013-12-27,美的集团,000333,-7.05,-6.44,-7.1,-6.58,-6.93,74526,366987472.0,1.09,5.05
2013-12-26,美的集团,000333,-6.48,-6.47,-7.17,-6.93,-6.41,105909,515988352.0,1.54,-8.11
2013-12-25,美的集团,000333,-6.25,-6.22,-6.48,-6.41,-6.3,42624,215560125.0,0.62,-1.75
2013-12-24,美的集团,000333,-6.31,-6.21,-6.58,-6.3,-6.43,65760,330453344.0,0.96,2.02
2013-12-23,美的集团,000333,-6.2,-6.07,-6.52,-6.43,-6.05,70541,357126320.0,1.03,-6.28
2013-12-20,美的集团,000333,-6.63,-5.99,-6.68,-6.05,-6.55,203682,1029695712.0,2.97,7.63
2013-12-19,美的集团,000333,-6.32,-6.15,-6.55,-6.55,-6.39,63464,320375904.0,0.92,-2.5
2013-12-18,美的集团,000333,-6.79,-6.39,-6.92,-6.39,-6.79,64061,318806464.0,0.93,5.89
2013-12-17,美的集团,000333,-6.53,-6.49,-6.81,-6.79,-6.54,64058,315460848.0,0.93,-3.82
2013-12-16,美的集团,000333,-6.48,-6.12,-6.57,-6.54,-6.48,95775,485809120.0,1.4,-0.93
2013-12-13,美的集团,000333,-6.92,-6.28,-6.94,-6.48,-6.7,109875,551962432.0,1.6,3.28
2013-12-12,美的集团,000333,-7.0,-6.66,-7.14,-6.7,-6.95,45685,221437140.0,0.67,3.6
2013-12-11,美的集团,000333,-6.67,-6.52,-7.1,-6.95,-6.61,62952,309155360.0,0.92,-5.14
2013-12-10,美的集团,000333,-6.84,-6.39,-6.84,-6.61,-6.92,108139,538909456.0,1.58,4.48
2013-12-09,美的集团,000333,-6.93,-6.79,-7.07,-6.92,-6.95,47077,227857524.0,0.69,0.43
2013-12-06,美的集团,000333,-6.9,-6.89,-7.13,-6.95,-6.91,38443,185057340.0,0.56,-0.58
2013-12-05,美的集团,000333,-7.04,-6.82,-7.08,-6.91,-7.07,54737,265569524.0,0.8,2.26
2013-12-04,美的集团,000333,-7.32,-6.95,-7.37,-7.07,-7.31,57260,274690864.0,0.83,3.28
2013-12-03,美的集团,000333,-7.59,-7.3,-7.59,-7.31,-7.55,56068,261874434.0,0.82,3.18
2013-12-02,美的集团,000333,-7.31,-7.27,-7.58,-7.55,-7.08,65134,304178448.0,0.95,-6.64
2013-11-29,美的集团,000333,-7.18,-7.05,-7.25,-7.08,-7.14,51259,244627679.0,0.75,0.84
2013-11-28,美的集团,000333,-7.43,-7.06,-7.43,-7.14,-7.43,72380,343994304.0,1.05,3.9
2013-11-27,美的集团,000333,-7.27,-7.24,-7.52,-7.43,-7.27,54174,252670204.0,0.79,-2.2
2013-11-26,美的集团,000333,-7.61,-7.27,-7.67,-7.27,-7.6,78583,367247552.0,1.14,4.34
2013-11-25,美的集团,000333,-7.63,-7.5,-7.7,-7.6,-7.43,63203,289730112.0,0.92,-2.29
2013-11-22,美的集团,000333,-7.63,-7.36,-7.68,-7.43,-7.66,44289,205574946.0,0.65,3.0
2013-11-21,美的集团,000333,-7.4,-7.4,-7.84,-7.66,-7.41,66029,300714512.0,0.96,-3.37
2013-11-20,美的集团,000333,-7.19,-7.19,-7.48,-7.41,-7.33,41727,195299676.0,0.61,-1.09
2013-11-19,美的集团,000333,-7.35,-7.19,-7.45,-7.33,-7.35,53162,250109367.0,0.77,0.27
2013-11-18,美的集团,000333,-7.49,-7.3,-7.56,-7.35,-7.53,49830,232323741.0,0.73,2.39
2013-11-15,美的集团,000333,-7.62,-7.3,-7.69,-7.53,-7.59,64215,298879168.0,0.94,0.79
2013-11-14,美的集团,000333,-7.71,-7.5,-7.94,-7.59,-7.72,54360,246139982.0,0.79,1.68
2013-11-13,美的集团,000333,-7.62,-7.5,-7.72,-7.72,-7.49,30484,139594995.0,0.44,-3.07
2013-11-12,美的集团,000333,-7.62,-7.31,-7.72,-7.49,-7.65,64730,301452112.0,0.94,2.09
2013-11-11,美的集团,000333,-7.67,-7.59,-7.96,-7.65,-7.68,35810,162564568.0,0.52,0.39
2013-11-08,美的集团,000333,-7.64,-7.53,-7.77,-7.68,-7.53,33411,153053748.0,0.49,-1.99
2013-11-07,美的集团,000333,-7.45,-7.34,-7.81,-7.53,-7.39,62057,283865712.0,0.9,-1.89
2013-11-06,美的集团,000333,-7.06,-6.99,-7.53,-7.39,-7.0,60251,284031664.0,0.88,-5.57
2013-11-05,美的集团,000333,-7.18,-6.94,-7.3,-7.0,-7.06,54751,261530183.0,0.8,0.85
2013-11-04,美的集团,000333,-7.16,-6.92,-7.16,-7.06,-7.12,49622,238322433.0,0.72,0.84
2013-11-01,美的集团,000333,-7.11,-6.84,-7.23,-7.12,-6.95,72057,344516592.0,1.05,-2.45
2013-10-31,美的集团,000333,-6.34,-6.31,-7.07,-6.95,-6.47,100733,491851072.0,1.47,-7.42
2013-10-30,美的集团,000333,-6.78,-6.34,-6.88,-6.47,-6.81,121285,604865248.0,1.77,4.99
2013-10-29,美的集团,000333,-6.76,-6.61,-7.05,-6.81,-6.66,96526,469601264.0,1.41,-2.25
2013-10-28,美的集团,000333,-7.06,-6.65,-7.19,-6.66,-7.13,104467,508354448.0,1.52,6.59
2013-10-25,美的集团,000333,-7.21,-6.83,-7.29,-7.13,-7.19,102336,490068560.0,1.49,0.83
2013-10-24,美的集团,000333,-7.59,-6.63,-7.63,-7.19,-7.56,122185,583397296.0,1.78,4.89
2013-10-23,美的集团,000333,-7.19,-6.94,-7.61,-7.56,-7.21,87290,407798448.0,1.27,-4.85
2013-10-22,美的集团,000333,-7.21,-6.97,-7.35,-7.21,-7.09,82147,390719936.0,1.2,-1.69
2013-10-21,美的集团,000333,-7.53,-7.03,-7.67,-7.09,-7.58,135659,638065952.0,1.98,6.46
2013-10-18,美的集团,000333,-7.98,-7.37,-8.04,-7.58,-7.96,104210,478846160.0,1.52,4.77
2013-10-17,美的集团,000333,-7.94,-7.83,-8.06,-7.96,-7.94,55527,247582778.0,0.81,-0.25
2013-10-16,美的集团,000333,-7.92,-7.62,-8.2,-7.94,-7.81,89184,397199760.0,1.3,-1.66
2013-10-15,美的集团,000333,-7.59,-7.59,-7.89,-7.81,-7.59,92420,419089536.0,1.35,-2.9
2013-10-14,美的集团,000333,-7.71,-7.5,-7.96,-7.59,-7.71,96468,441424912.0,1.41,1.56
2013-10-11,美的集团,000333,-7.59,-7.57,-7.79,-7.71,-7.66,79698,363516960.0,1.16,-0.65
2013-10-10,美的集团,000333,-7.99,-7.49,-8.08,-7.66,-7.94,156257,708889936.0,2.28,3.53
2013-10-09,美的集团,000333,-7.95,-7.71,-8.12,-7.94,-7.86,83054,370734064.0,1.21,-1.02
2013-10-08,美的集团,000333,-8.39,-7.8,-8.41,-7.86,-8.32,111130,493442848.0,1.62,5.53
2013-09-30,美的集团,000333,-8.39,-8.17,-8.42,-8.32,-8.39,76683,331344576.0,1.12,0.83
2013-09-27,美的集团,000333,-8.39,-8.04,-8.47,-8.39,-8.39,85615,372250416.0,1.25,0.0
2013-09-26,美的集团,000333,-7.95,-7.83,-8.53,-8.39,-7.84,146808,640034816.0,2.14,-7.02
2013-09-25,美的集团,000333,-8.12,-7.28,-8.12,-7.84,-7.96,171651,781787168.0,2.5,1.51
2013-09-24,美的集团,000333,-7.72,-7.55,-8.01,-7.96,-7.53,200045,901506352.0,2.91,-5.71
2013-09-23,美的集团,000333,-8.68,-7.46,-9.01,-7.53,-8.59,318516,1406017536.0,4.64,12.34
2013-09-18,美的集团,000333,-9.05,-7.48,-9.22,-8.59,,388898,1681303472.0,5.67,-7.78
