日期,股票名称,代码,开盘,最高,最低,收盘,前收盘,成交量,成交额,换手率,涨跌幅
2026-05-07,贵州茅台,600519,1375.0,1388.0,1370.01,1371.05,1375.0,4046147,5573286314.86,0.3231,-0.2873
2026-05-06,贵州茅台,600519,1365.1,1379.0,1360.05,1375.0,1384.79,4780604,6550750939.85,0.3818,-0.707
2026-04-30,贵州茅台,600519,1400.0,1401.17,1380.0,1384.79,1401.17,5275267,7316111748.09,0.4213,-1.169
2026-04-29,贵州茅台,600519,1405.0,1409.75,1400.28,1401.17,1405.0,3481313,4881691348.25,0.278,-0.2726
2026-04-28,贵州茅台,600519,1402.0,1409.39,1400.11,1405.0,1403.2,3400442,4772513712.16,0.2715,0.1283
2026-04-27,贵州茅台,600519,1420.0,1420.0,1402.2,1403.2,1458.49,7279774,10239763452.3,0.5813,-3.7909
2026-04-24,贵州茅台,600519,1413.1,1458.88,1413.1,1458.49,1419.0,5545531,8003410999.07,0.4428,2.7829
2026-04-23,贵州茅台,600519,1408.0,1419.7,1405.1,1419.0,1409.5,3770109,5332831150.92,0.3011,0.674
2026-04-22,贵州茅台,600519,1415.0,1419.0,1404.98,1409.5,1412.01,2691593,3793827534.34,0.2149,-0.1778
2026-04-21,贵州茅台,600519,1411.0,1419.9,1410.0,1412.01,1410.89,2175427,3074595191.72,0.1737,0.0794
2026-04-20,贵州茅台,600519,1403.0,1413.94,1400.0,1410.89,1407.24,3645139,5127146041.45,0.2911,0.2594
2026-04-17,贵州茅台,600519,1400.0,1421.0,1399.87,1407.24,1462.84,9682499,13631929446.08,0.7732,-3.8008
2026-04-16,贵州茅台,600519,1467.45,1477.41,1460.0,1462.84,1467.5,2451284,3597294838.11,0.1957,-0.3175
2026-04-15,贵州茅台,600519,1444.98,1470.79,1442.0,1467.5,1446.9,3455348,5049317186.54,0.2759,1.4237
2026-04-14,贵州茅台,600519,1442.6,1448.6,1435.0,1446.9,1443.31,2423261,3492544229.78,0.1935,0.2487
2026-04-13,贵州茅台,600519,1444.0,1446.5,1433.0,1443.31,1453.96,2521364,3629675490.26,0.2013,-0.7325
2026-04-10,贵州茅台,600519,1459.14,1459.71,1441.1,1453.96,1460.49,2886556,4187181528.88,0.2305,-0.4471
2026-04-09,贵州茅台,600519,1465.02,1465.02,1447.5,1460.49,1465.02,2070476,3012278579.26,0.1653,-0.3092
2026-04-08,贵州茅台,600519,1460.0,1469.08,1452.13,1465.02,1440.02,3383610,4947937006.76,0.2702,1.7361
2026-04-07,贵州茅台,600519,1460.05,1470.0,1435.05,1440.02,1460.0,2415218,3507471653.28,0.1929,-1.3685
2026-04-03,贵州茅台,600519,1459.54,1469.96,1455.0,1460.0,1459.88,2019373,2953993080.58,0.1613,0.0082
2026-04-02,贵州茅台,600519,1459.44,1464.88,1452.1,1459.88,1459.44,2106437,3071809845.5,0.1682,0.0301
2026-04-01,贵州茅台,600519,1464.49,1469.99,1452.88,1459.44,1450.0,2912514,4256185471.72,0.2326,0.651
2026-03-31,贵州茅台,600519,1468.0,1479.93,1448.41,1450.0,1420.0,6169066,9015486796.86,0.4926,2.1127
2026-03-30,贵州茅台,600519,1407.0,1431.0,1402.52,1420.0,1416.02,2868459,4060684934.29,0.2291,0.2811
2026-03-27,贵州茅台,600519,1400.0,1426.0,1396.66,1416.02,1401.18,3008711,4257499781.14,0.2403,1.0591
2026-03-26,贵州茅台,600519,1409.0,1413.9,1400.3,1401.18,1410.27,2309289,3243387502.43,0.1844,-0.6446
2026-03-25,贵州茅台,600519,1410.11,1417.87,1401.01,1410.27,1407.33,2609346,3677905549.06,0.2084,0.2089
2026-03-24,贵州茅台,600519,1416.0,1417.59,1400.18,1407.33,1408.07,2856179,4017694387.36,0.2281,-0.0526
2026-03-23,贵州茅台,600519,1433.33,1435.0,1400.03,1408.07,1445.0,4725589,6669708664.51,0.3774,-2.5557
2026-03-20,贵州茅台,600519,1452.96,1462.5,1439.0,1445.0,1452.87,2613234,3782818260.28,0.2087,-0.5417
2026-03-19,贵州茅台,600519,1472.96,1473.0,1446.0,1452.87,1468.8,3031859,4404953480.91,0.2421,-1.0846
2026-03-18,贵州茅台,600519,1489.0,1496.5,1463.15,1468.8,1485.0,3555100,5239992521.93,0.2839,-1.0909
2026-03-17,贵州茅台,600519,1468.0,1498.07,1461.19,1485.0,1460.18,4945361,7347310632.23,0.3949,1.6998
2026-03-16,贵州茅台,600519,1420.0,1466.0,1420.0,1460.18,1413.64,6008635,8711525836.03,0.4798,3.2922
2026-03-13,贵州茅台,600519,1392.48,1417.62,1392.0,1413.64,1392.0,3360783,4738808557.68,0.2684,1.5546
2026-03-12,贵州茅台,600519,1395.0,1403.95,1391.01,1392.0,1400.0,2758646,3850521716.68,0.2203,-0.5714
2026-03-11,贵州茅台,600519,1402.99,1405.99,1398.02,1400.0,1401.88,2445673,3425363891.78,0.1953,-0.1341
2026-03-10,贵州茅台,600519,1404.9,1409.49,1398.0,1401.88,1397.0,2462592,3457808915.65,0.1967,0.3493
2026-03-09,贵州茅台,600519,1390.0,1404.9,1383.2,1397.0,1402.0,3744162,5220095639.08,0.299,-0.3566
2026-03-06,贵州茅台,600519,1395.0,1407.5,1388.0,1402.0,1399.04,2915415,4072328833.32,0.2328,0.2116
2026-03-05,贵州茅台,600519,1406.0,1412.96,1395.0,1399.04,1401.18,3050524,4276226062.38,0.2436,-0.1527
2026-03-04,贵州茅台,600519,1415.0,1423.0,1392.09,1401.18,1426.19,4801443,6743267103.4,0.3834,-1.7536
2026-03-03,贵州茅台,600519,1440.1,1452.87,1422.13,1426.19,1440.11,4589086,6565381648.19,0.3665,-0.9666
2026-03-02,贵州茅台,600519,1450.0,1457.0,1436.66,1440.11,1455.02,3545386,5115063511.43,0.2831,-1.0247
2026-02-27,贵州茅台,600519,1466.99,1476.21,1455.02,1455.02,1466.21,3216016,4697692477.08,0.2568,-0.7632
2026-02-26,贵州茅台,600519,1486.6,1489.49,1464.67,1466.21,1491.66,3295801,4855471430.1,0.2632,-1.7062
2026-02-25,贵州茅台,600519,1470.0,1509.66,1467.88,1491.66,1466.8,3688067,5490316149.39,0.2945,1.6948
2026-02-24,贵州茅台,600519,1521.0,1524.4,1463.6,1466.8,1485.3,4191253,6198840572.43,0.3347,-1.2455
2026-02-13,贵州茅台,600519,1486.6,1507.8,1470.58,1485.3,1486.6,4167901,6216379202.62,0.3328,-0.0874
2026-02-12,贵州茅台,600519,1500.2,1502.82,1473.36,1486.6,1504.33,4624582,6874370112.57,0.3693,-1.1786
2026-02-11,贵州茅台,600519,1504.8,1514.0,1496.0,1504.33,1504.8,3092846,4648360030.09,0.247,-0.0312
2026-02-10,贵州茅台,600519,1524.97,1524.97,1496.5,1504.8,1524.96,3957596,5953269320.58,0.316,-1.322
2026-02-09,贵州茅台,600519,1518.0,1542.88,1513.49,1524.96,1515.01,5116846,7809067704.6,0.4086,0.6568
2026-02-06,贵州茅台,600519,1555.0,1568.0,1505.88,1515.01,1555.0,7896538,12019878669.0,0.6306,-2.5717
2026-02-05,贵州茅台,600519,1520.0,1565.0,1515.0,1555.0,1525.0,9162274,14183456476.13,0.7317,1.9672
2026-02-04,贵州茅台,600519,1485.0,1533.27,1474.0,1525.0,1474.92,10912293,16444345979.59,0.8714,3.3954
2026-02-03,贵州茅台,600519,1445.0,1476.81,1443.03,1474.92,1427.0,8632066,12628439702.8,0.6893,3.3581
2026-02-02,贵州茅台,600519,1425.0,1458.58,1411.62,1427.0,1401.0,8572427,12312646442.55,0.6846,1.8558
2026-01-30,贵州茅台,600519,1435.0,1435.0,1401.0,1401.0,1437.72,9447974,13366329413.51,0.7545,-2.554
2026-01-29,贵州茅台,600519,1335.0,1445.0,1329.06,1437.72,1323.69,18953440,26305591086.21,1.5135,8.6146
2026-01-28,贵州茅台,600519,1343.04,1346.71,1322.01,1323.69,1343.01,7621801,10135019524.34,0.6086,-1.4386
2026-01-27,贵州茅台,600519,1344.98,1353.7,1338.0,1343.01,1342.0,4841596,6514513216.1,0.3866,0.0753
2026-01-26,贵州茅台,600519,1340.51,1355.0,1325.12,1342.0,1337.0,8016606,10751225525.38,0.6402,0.374
2026-01-23,贵州茅台,600519,1340.1,1348.0,1332.47,1337.0,1340.06,6194890,8301311489.4,0.4947,-0.2283
2026-01-22,贵州茅台,600519,1352.01,1361.76,1337.48,1340.06,1351.06,5901089,7962441433.5,0.4712,-0.8142
2026-01-21,贵州茅台,600519,1373.56,1374.4,1350.0,1351.06,1373.55,6451625,8775880803.48,0.5152,-1.6374
2026-01-20,贵州茅台,600519,1379.5,1381.58,1372.05,1373.55,1376.0,3648443,5021900765.1,0.2913,-0.1781
2026-01-19,贵州茅台,600519,1381.9,1387.49,1375.0,1376.0,1382.0,4228640,5833745441.57,0.3377,-0.4342
2026-01-16,贵州茅台,600519,1395.0,1397.5,1380.0,1382.0,1388.89,5512068,7643061997.67,0.4402,-0.4961
2026-01-15,贵州茅台,600519,1396.02,1402.83,1388.58,1388.89,1398.01,4090714,5698739671.26,0.3267,-0.6524
2026-01-14,贵州茅台,600519,1411.0,1422.25,1396.18,1398.01,1411.0,5175797,7285041159.31,0.4133,-0.9206
2026-01-13,贵州茅台,600519,1426.79,1429.52,1408.99,1411.0,1423.23,3916866,5555633778.58,0.3128,-0.8593
2026-01-12,贵州茅台,600519,1419.1,1431.0,1417.1,1423.23,1419.1,3608266,5135636032.86,0.2881,0.291
2026-01-09,贵州茅台,600519,1417.0,1428.6,1416.01,1419.1,1412.3,2984774,4243865418.15,0.2383,0.4815
2026-01-08,贵州茅台,600519,1423.33,1423.36,1408.14,1412.3,1423.36,2913454,4117925041.37,0.2327,-0.777
2026-01-07,贵州茅台,600519,1432.88,1435.0,1420.2,1423.36,1428.01,2968380,4234255286.35,0.237,-0.3256
2026-01-06,贵州茅台,600519,1432.55,1436.97,1416.53,1428.01,1426.0,3958618,5649710152.77,0.3161,0.141
2026-01-05,贵州茅台,600519,1385.0,1431.88,1385.0,1426.0,1377.18,7094942,10018086372.3,0.5666,3.5449
2025-12-31,贵州茅台,600519,1390.0,1394.0,1377.17,1377.18,1389.72,3476563,4799456452.08,0.2776,-0.9023
2025-12-30,贵州茅台,600519,1401.0,1401.9,1386.0,1389.72,1402.0,3379194,4702489813.46,0.2698,-0.8759
2025-12-29,贵州茅台,600519,1414.13,1414.13,1401.0,1402.0,1414.13,2630810,3694660106.7,0.2101,-0.8578
2025-12-26,贵州茅台,600519,1414.17,1419.14,1410.0,1414.13,1414.17,1780299,2520605635.13,0.1422,-0.0028
2025-12-25,贵州茅台,600519,1405.0,1419.48,1401.38,1414.17,1400.9,2338621,3299572095.79,0.1868,0.9472
2025-12-24,贵州茅台,600519,1404.99,1406.36,1400.0,1400.9,1407.86,2518669,3533253565.21,0.2011,-0.4944
2025-12-23,贵州茅台,600519,1408.26,1412.93,1397.19,1407.86,1408.26,2450681,3445377031.98,0.1957,-0.0284
2025-12-22,贵州茅台,600519,1410.0,1414.14,1406.58,1408.26,1410.0,2042565,2881636855.8,0.1631,-0.1234
2025-12-19,贵州茅台,600519,1410.0,1412.45,1401.01,1410.0,1407.04,2650868,3733028356.79,0.2117,0.2104
2025-12-18,贵州茅台,600519,1409.497476,1414.78739328,1402.23121416,1407.039336,1409.1041736,1782995,2551177659.18,0.1424,-0.1465
2025-12-17,贵州茅台,600519,1401.1398,1415.82964464,1393.94236608,1409.1041736,1398.190032,3138249,4489482138.1,0.2506,0.7806
2025-12-16,贵州茅台,600519,1402.3197072,1404.85650768,1391.30724,1398.190032,1402.123056,2396367,3403139194.19,0.1914,-0.2805
2025-12-15,贵州茅台,600519,1415.48550504,1415.87880744,1401.70025592,1402.123056,1396.8626364,3335879,4774362060.21,0.2664,0.3766
2025-12-12,贵州茅台,600519,1394.257008,1401.1398,1389.90118392,1396.8626364,1388.34763944,3715919,5273563274.4,0.2967,0.6133
2025-12-11,贵州茅台,600519,1383.10688496,1388.34763944,1378.0824468,1388.34763944,1379.3115168,2238501,3149974074.19,0.1788,0.6551
2025-12-10,贵州茅台,600519,1376.5584,1379.3115168,1360.02003408,1379.3115168,1377.55148856,3313347,4625906138.96,0.2646,0.1278
2025-12-09,贵州茅台,600519,1394.48315688,1397.206776,1376.6075628,1377.55148856,1394.47332432,4263443,5995722120.97,0.3405,-1.2135
2025-12-08,贵州茅台,600519,1405.2694752,1412.61439752,1394.257008,1394.47332432,1406.06591256,3360280,4789155769.65,0.2683,-0.8245
2025-12-05,贵州茅台,600519,1400.13687888,1409.09434104,1395.731892,1406.06591256,1400.13687888,2540166,3622681596.52,0.2028,0.4235
2025-12-04,贵州茅台,600519,1405.1711496,1408.51422,1394.63064528,1400.13687888,1405.1711496,2907539,4134921901.54,0.2322,-0.3583
2025-12-03,贵州茅台,600519,1411.76879736,1411.92611832,1404.089568,1405.1711496,1411.98511368,2357279,3370080065.68,0.1882,-0.4826
2025-12-02,贵州茅台,600519,1423.754688,1427.60905152,1410.99202512,1411.98511368,1423.754688,2504726,3607543824.69,0.2,-0.8267
2025-12-01,贵州茅台,600519,1426.704456,1437.78575112,1417.855152,1423.754688,1426.212828,2733342,3961994999.07,0.2183,-0.1724
2025-11-28,贵州茅台,600519,1422.279804,1431.129108,1418.838408,1426.212828,1423.0664088,2321121,3366696621.68,0.1854,0.2211
2025-11-27,贵州茅台,600519,1425.229572,1425.7212,1414.94471424,1423.0664088,1424.8854324,2228689,3216797187.48,0.178,-0.1277
2025-11-26,贵州茅台,600519,1424.61995328,1429.15276344,1419.40869648,1424.8854324,1420.4607804,2030616,2938818094.58,0.1622,0.3115
2025-11-25,贵州茅台,600519,1433.587248,1433.587248,1420.313292,1420.4607804,1427.687712,2844069,4119930011.48,0.2271,-0.5062
2025-11-24,贵州茅台,600519,1442.436552,1446.369576,1426.83227928,1427.687712,1442.0432496,3360744,4901903704.77,0.2684,-0.9955
2025-11-21,贵州茅台,600519,1445.877948,1455.21888,1431.620736,1442.0432496,1442.54471016,4260720,6259873432.52,0.3402,-0.0348
2025-11-20,贵州茅台,600519,1447.352832,1455.1205544,1440.49953768,1442.54471016,1446.37940856,2400232,3531653942.73,0.1917,-0.2651
2025-11-19,贵州茅台,600519,1449.319344,1454.75674968,1445.34698976,1446.37940856,1451.285856,2204537,3249449213.62,0.176,-0.3381
2025-11-18,贵州茅台,600519,1446.0745992,1461.18724392,1444.403064,1451.285856,1446.369576,3420478,5055675473.58,0.2731,0.3399
2025-11-17,贵州茅台,600519,1429.654224,1448.336088,1421.58169224,1446.369576,1432.2106896,3446221,5035780026.54,0.2752,0.9886
2025-11-14,贵州茅台,600519,1445.38632,1454.1864612,1431.9157128,1432.2106896,1445.75995728,2747306,4031007105.91,0.2194,-0.9372
2025-11-13,贵州茅台,600519,1437.63826272,1448.90637648,1433.587248,1445.75995728,1440.6175284,3117923,4569178268.97,0.249,0.357
2025-11-12,贵州茅台,600519,1435.53409488,1453.60634016,1434.77698776,1440.6175284,1434.56067144,3299210,4849073050.81,0.2635,0.4222
2025-11-11,贵州茅台,600519,1437.520272,1437.69725808,1422.771432,1434.56067144,1437.8152488,2669156,3882776771.77,0.2131,-0.2264
2025-11-10,贵州茅台,600519,1410.97236,1439.18197464,1410.95269488,1437.8152488,1409.33032248,4945154,7181246441.08,0.3949,2.0212
2025-11-07,贵州茅台,600519,1411.08051816,1415.67232368,1407.14749416,1409.33032248,1411.10018328,1886139,2704995856.01,0.1506,-0.1254
2025-11-06,贵州茅台,600519,1406.05608,1417.3143612,1406.04624744,1411.10018328,1396.30218048,3834782,5505960414.53,0.3062,1.0598
2025-11-05,贵州茅台,600519,1402.01489784,1407.02950344,1396.23335256,1396.30218048,1405.072824,3447527,4908475372.84,0.2753,-0.6242
2025-11-04,贵州茅台,600519,1411.0706856,1411.73929968,1399.94022768,1405.072824,1410.97236,2656572,3793892903.12,0.2121,-0.4181
2025-11-03,贵州茅台,600519,1407.039336,1423.754688,1396.3218456,1410.97236,1406.06591256,3454766,4945310830.23,0.2759,0.3489
2025-10-31,贵州茅台,600519,1398.190032,1411.93595088,1396.33167816,1406.06591256,1402.85066544,3569377,5109623860.84,0.285,0.2292
2025-10-30,贵州茅台,600519,1398.00321336,1412.57506728,1398.00321336,1402.85066544,1407.9242664,4745610,6768821310.66,0.379,-0.3604
2025-10-29,贵州茅台,600519,1415.90830512,1422.3289668,1406.09541024,1407.9242664,1420.80492,3393711,4868780319.17,0.271,-0.9066
2025-10-28,贵州茅台,600519,1417.855152,1426.9011072,1416.9702216,1420.80492,1416.29177496,2712433,3923817140.03,0.2166,0.3187
2025-10-27,贵州茅台,600519,1415.88864,1428.16950744,1411.94578344,1416.29177496,1425.7212,3710239,5352667151.51,0.2963,-0.6614
2025-10-24,贵州茅台,600519,1443.3706452,1454.11763328,1425.07225104,1425.7212,1443.40014288,3822583,5578603148.43,0.3053,-1.2248
2025-10-23,贵州茅台,600519,1430.63748,1444.2064128,1422.9680832,1443.40014288,1434.2755272,2932235,4274652090.39,0.2342,0.6362
2025-10-22,贵州茅台,600519,1437.59893248,1441.18781688,1431.620736,1434.2755272,1437.77591856,1819492,2657486636.22,0.1453,-0.2435
2025-10-21,贵州茅台,600519,1434.570504,1445.32732464,1431.129108,1437.77591856,1433.51842008,2544267,3727984130.33,0.2032,0.297
2025-10-20,贵州茅台,600519,1430.63748,1444.894692,1430.51948928,1433.51842008,1430.63748,2594988,3793283758.73,0.2072,0.2014
2025-10-17,贵州茅台,600519,1458.2669736,1463.084928,1429.68372168,1430.63748,1460.04666696,3808589,5594724899.72,0.3041,-2.0143
2025-10-16,贵州茅台,600519,1437.44161152,1460.0859972,1434.45251328,1460.04666696,1437.520272,4573015,6749162949.17,0.3652,1.567
2025-10-15,贵州茅台,600519,1426.68479088,1438.503528,1420.88358048,1437.520272,1426.72412112,4278540,6233407482.18,0.3417,0.7567
2025-10-14,贵州茅台,600519,1406.04624744,1439.486784,1406.04624744,1426.72412112,1395.4369152,6667233,9639484605.16,0.5324,2.2421
2025-10-13,贵州茅台,600519,1391.9955192,1399.0257996,1391.42523072,1395.4369152,1406.05608,4606880,6533147457.76,0.3679,-0.7552
2025-10-10,贵州茅台,600519,1413.5288256,1415.82964464,1403.59794,1406.05608,1412.72255568,3600144,5157459262.02,0.2875,-0.4719
2025-10-09,贵州茅台,600519,1411.955616,1415.27902128,1396.22352,1412.72255568,1419.81183144,5491812,7845448946.72,0.4385,-0.4993
2025-09-30,贵州茅台,600519,1435.55376,1436.30103456,1415.88864,1419.81183144,1436.39936016,3936362,5687474875.7,0.3143,-1.1548
2025-09-29,贵州茅台,600519,1415.27902128,1445.37648744,1410.97236,1436.39936016,1410.97236,5368403,7798434585.87,0.4287,1.8021
2025-09-26,贵州茅台,600519,1417.04888208,1422.87959016,1404.09940056,1410.97236,1414.905384,4512071,6480889596.65,0.3603,-0.278
2025-09-25,贵州茅台,600519,1418.67125448,1421.01140376,1411.955616,1414.905384,1417.855152,3386973,4873274661.35,0.2705,-0.208
2025-09-24,贵州茅台,600519,1410.05793192,1432.38767568,1410.05793192,1417.855152,1423.18439952,3074350,4443052872.0,0.2455,-0.3745
2025-09-23,贵州茅台,600519,1426.212828,1433.09562,1415.88864,1423.18439952,1429.0151076,3866300,5588384387.76,0.3087,-0.408
2025-09-22,贵州茅台,600519,1440.55853304,1443.39031032,1425.73103256,1429.0151076,1443.39031032,3494708,5085057536.09,0.2791,-0.9959
2025-09-19,贵州茅台,600519,1443.40997544,1450.794228,1432.61382456,1443.39031032,1443.38047776,3263662,4784528851.26,0.2606,0.0007
2025-09-18,贵州茅台,600519,1467.017952,1472.7208368,1438.995156,1443.38047776,1468.001208,4972125,7347477478.96,0.397,-1.6772
2025-09-17,贵州茅台,600519,1474.87416744,1484.99187168,1465.06127256,1468.001208,1474.86433488,3033054,4534770634.47,0.2422,-0.4653
2025-09-16,贵州茅台,600519,1489.7311656,1495.52254344,1471.15745976,1474.86433488,1489.7311656,3271789,4928374477.56,0.2613,-0.998
2025-09-15,贵州茅台,600519,1490.48827272,1492.07131488,1476.358884,1489.7311656,1490.616096,2582703,3901929717.6,0.2062,-0.0594
2025-09-12,贵州茅台,600519,1500.448656,1512.26739312,1485.23768568,1490.616096,1497.990516,3372209,5132184935.11,0.2693,-0.4923
2025-09-11,贵州茅台,600519,1496.52546456,1500.46832112,1483.241676,1497.990516,1496.52546456,3723896,5642778455.82,0.2974,0.0979
2025-09-10,贵州茅台,600519,1481.43248496,1504.3325172,1470.950976,1496.52546456,1479.80028,4966331,7541460048.95,0.3966,1.1302
2025-09-09,贵州茅台,600519,1479.80028,1484.6673972,1468.41417552,1479.80028,1476.09340488,3574277,5366650005.04,0.2854,0.2511
2025-09-08,贵州茅台,600519,1458.168648,1481.21616864,1452.76074,1476.09340488,1458.168648,5138298,7682065696.25,0.4103,1.2293
2025-09-05,贵州茅台,600519,1446.369576,1462.07217432,1439.486784,1458.168648,1448.00178096,3738848,5519312162.71,0.2986,0.7021
2025-09-04,贵州茅台,600519,1447.352832,1454.5306008,1436.01589032,1448.00178096,1455.7596708,4774676,7017084749.97,0.3813,-0.5329
2025-09-03,贵州茅台,600519,1466.034696,1478.325396,1441.453296,1455.7596708,1466.3296728,4504503,6656011144.64,0.3597,-0.7208
2025-09-02,贵州茅台,600519,1453.90131696,1483.733304,1453.252368,1466.3296728,1451.3841816,5668837,8470012816.38,0.4527,1.0297
2025-09-01,贵州茅台,600519,1457.3820432,1463.084928,1441.1583192,1451.3841816,1455.21888,4512338,6658918555.35,0.3603,-0.2635
2025-08-29,贵州茅台,600519,1428.670968,1457.75568048,1427.687712,1455.21888,1421.8865016,6225648,9159701454.16,0.4956,2.3442
2025-08-28,贵州茅台,600519,1423.72519032,1431.7190616,1414.67923512,1421.8865016,1423.754688,3928177,5683673273.48,0.3127,-0.1312
2025-08-27,贵州茅台,600519,1457.06740128,1460.06633208,1423.754688,1423.754688,1456.80192216,5600609,8184169112.68,0.4458,-2.2685
2025-08-26,贵州茅台,600519,1465.36608192,1469.21061288,1455.22871256,1456.80192216,1465.37591448,3960213,5883917000.27,0.3153,-0.5851
2025-08-25,贵州茅台,600519,1445.39615256,1470.950976,1441.453296,1465.37591448,1439.4376212,6532455,9676719497.55,0.52,1.802
2025-08-22,贵州茅台,600519,1424.61995328,1439.486784,1420.57877112,1439.4376212,1424.000502,4497058,6544867367.85,0.358,1.0841
2025-08-21,贵州茅台,600519,1429.1134332,1430.62764744,1419.4775244,1424.000502,1425.7212,3089057,4470441662.41,0.2459,-0.1207
2025-08-20,贵州茅台,600519,1413.922128,1428.4743168,1406.07574512,1425.7212,1413.922128,4580466,6623095725.06,0.3646,0.8345
2025-08-19,贵州茅台,600519,1409.497476,1422.43712496,1408.022592,1413.922128,1404.581196,4637186,6678541000.8,0.3691,0.665
2025-08-18,贵州茅台,600519,1403.09647944,1412.58489984,1399.2716136,1404.581196,1398.26869248,4737798,6773477871.39,0.3772,0.4515
2025-08-15,贵州茅台,600519,1402.13288856,1404.73851696,1396.43983632,1398.26869248,1403.09647944,4758165,6772436996.79,0.3788,-0.3441
2025-08-14,贵州茅台,600519,1397.14778064,1423.27289256,1397.14778064,1403.09647944,1396.2726828,4812930,6897535330.17,0.3831,0.4887
2025-08-13,贵州茅台,600519,1401.1398,1409.67446208,1396.22352,1396.2726828,1412.97820224,6552754,9325460101.11,0.5216,-1.1823
2025-08-12,贵州茅台,600519,1424.737944,1440.53886792,1411.955616,1412.97820224,1420.80492,4201923,6095342035.74,0.3345,-0.5509
2025-08-11,贵州茅台,600519,1399.664916,1427.67787944,1399.173288,1420.80492,1397.17727832,4715907,6794034089.86,0.3754,1.6911
2025-08-08,贵州茅台,600519,1399.2224508,1402.614684,1394.257008,1397.17727832,1398.5341716,1865528,2651478117.98,0.1485,-0.097
2025-08-07,贵州茅台,600519,1400.03855328,1403.7945912,1396.28251536,1398.5341716,1400.03855328,2800134,3988765794.59,0.2229,-0.1075
2025-08-06,贵州茅台,600519,1405.072824,1405.072824,1395.5352408,1400.03855328,1403.83392144,2369928,3372334939.9,0.1887,-0.2704
2025-08-05,贵州茅台,600519,1397.206776,1405.99708464,1393.38191016,1403.83392144,1395.240264,2534227,3607931487.62,0.2017,0.6159
2025-08-04,贵州茅台,600519,1391.30724,1396.0268688,1390.323984,1395.240264,1393.273752,1868795,2647105740.47,0.1488,0.1411
2025-08-01,贵州茅台,600519,1398.06220872,1402.08372576,1390.323984,1393.273752,1397.86555752,2963559,4200850789.62,0.2359,-0.3285
2025-07-31,贵州茅台,600519,1418.838408,1420.67709672,1394.257008,1397.86555752,1425.17057664,5179751,7386302757.86,0.4123,-1.9159
2025-07-30,贵州茅台,600519,1419.821664,1432.76131296,1412.938872,1425.17057664,1414.905384,3186771,4612883039.77,0.2537,0.7255
2025-07-29,贵州茅台,600519,1415.4953376,1424.53146024,1410.98219256,1414.905384,1414.57107696,2630408,3785848101.96,0.2094,0.0236
2025-07-28,贵州茅台,600519,1428.670968,1430.62764744,1412.2505928,1414.57107696,1430.63748,3858632,5560966385.77,0.3072,-1.123
2025-07-25,贵州茅台,600519,1466.4279984,1466.4279984,1428.670968,1430.63748,1466.526324,4191126,6140078740.77,0.3336,-2.4472
2025-07-24,贵州茅台,600519,1451.285856,1473.900744,1450.3026,1466.526324,1450.794228,3880364,5786337377.36,0.3089,1.0844
2025-07-23,贵州茅台,600519,1444.403064,1469.96772,1444.3539012,1450.794228,1440.45037488,4504484,6676301461.97,0.3586,0.7181
2025-07-22,贵州茅台,600519,1419.821664,1442.0432496,1416.55725408,1440.45037488,1418.838408,4211898,6127636851.04,0.3353,1.5232
2025-07-21,贵州茅台,600519,1412.92903944,1422.5747808,1410.97236,1418.838408,1412.938872,2620331,3779891828.99,0.2086,0.4175
2025-07-18,贵州茅台,600519,1396.22352,1413.73530936,1392.66413328,1412.938872,1392.6346356,4182341,5984949774.21,0.3329,1.458
2025-07-17,贵州茅台,600519,1390.30431888,1399.18312056,1389.22273728,1392.6346356,1387.40371368,2310554,3273100406.19,0.1839,0.377
2025-07-16,贵州茅台,600519,1386.40079256,1393.75554744,1386.3417972,1387.40371368,1387.374216,2128605,3006882578.86,0.1694,0.0021
2025-07-15,贵州茅台,600519,1397.18711088,1399.10446008,1384.73908992,1387.374216,1399.7632416,3540578,5005150164.61,0.2818,-0.8851
2025-07-14,贵州茅台,600519,1406.05608,1410.95269488,1397.7967296,1399.7632416,1403.106312,2778094,3961736006.36,0.2212,-0.2383
2025-07-11,贵州茅台,600519,1399.33060896,1433.587248,1399.33060896,1403.106312,1402.614684,5724335,8239010389.77,0.4557,0.0351
2025-07-10,贵州茅台,600519,1395.21076632,1412.13260208,1386.7842624,1402.614684,1395.12227328,3872503,5503329754.22,0.3083,0.537
2025-07-09,贵州茅台,600519,1391.30724,1406.02658232,1390.49113752,1395.12227328,1392.39865416,2774532,3950810723.36,0.2209,0.1956
2025-07-08,贵州茅台,600519,1387.08907176,1396.22352,1387.0792392,1392.39865416,1387.0792392,1867370,2643302690.74,0.1487,0.3835
2025-07-07,贵州茅台,600519,1398.46534368,1399.664916,1386.40079256,1387.0792392,1398.40634832,2385467,3370562659.31,0.1899,-0.81
2025-07-04,贵州茅台,600519,1391.9955192,1407.91443384,1386.40079256,1398.40634832,1391.8971936,2876691,4086547267.71,0.229,0.4676
2025-07-03,贵州茅台,600519,1388.357472,1398.86847864,1384.424448,1391.8971936,1385.9976576,2441267,3456733002.19,0.1943,0.4257
2025-07-02,贵州茅台,600519,1385.899332,1391.1105888,1376.5584,1385.9976576,1381.5730056,2621825,3689246315.87,0.2087,0.3203
2025-07-01,贵州茅台,600519,1385.407704,1388.29847664,1379.81297736,1381.5730056,1385.91899712,1987819,2794423202.66,0.1582,-0.3136
2025-06-30,贵州茅台,600519,1379.999796,1389.56687688,1378.524912,1385.91899712,1379.59666104,3045730,4287373690.9,0.2425,0.4583
2025-06-27,贵州茅台,600519,1396.23335256,1399.173288,1379.59666104,1379.59666104,1396.22352,3824973,5404312674.78,0.3045,-1.1908
2025-06-26,贵州茅台,600519,1391.30724,1404.089568,1386.46962048,1396.22352,1384.68009456,3486025,4955829982.08,0.2775,0.8337
2025-06-25,贵州茅台,600519,1387.81436316,1397.5447152,1369.87734156,1384.68020616,1385.9724432,4105007,5869292227.36,0.3268,-0.0932
2025-06-24,贵州茅台,600519,1372.6161126,1399.93631808,1372.6161126,1385.9724432,1369.38552,3631151,5229183514.12,0.2891,1.2113
2025-06-23,贵州茅台,600519,1369.38552,1381.922148,1355.09376408,1369.38552,1377.73684296,2672331,3794012342.59,0.2127,-0.6062
2025-06-20,贵州茅台,600519,1372.83791448,1389.77200584,1369.5783912,1377.73684296,1375.171656,3481581,4990683314.31,0.2772,0.1865
2025-06-19,贵州茅台,600519,1375.171656,1382.56826652,1366.66603608,1375.171656,1374.2073,2450072,3490268567.64,0.195,0.0702
2025-06-18,贵州茅台,600519,1388.67264,1391.99002464,1370.35951956,1374.2073,1376.136012,3076099,4404131363.57,0.2449,-0.1402
2025-06-17,贵州茅台,600519,1369.38552,1376.136012,1361.84425608,1376.136012,1371.59389524,2723151,3868364671.4,0.2168,0.3312
2025-06-16,贵州茅台,600519,1351.2556272,1374.24587424,1351.23634008,1371.59389524,1376.0877942,4288787,6060448437.64,0.3414,-0.3266
2025-06-13,贵州茅台,600519,1392.92544996,1398.28726932,1374.26516136,1376.0877942,1406.995404,5911325,8466515559.41,0.4706,-2.1967
2025-06-12,贵州茅台,600519,1427.24688,1430.97893772,1402.2700596,1406.995404,1427.24688,4990361,7306800799.68,0.3973,-1.4189
2025-06-11,贵州茅台,600519,1424.1609408,1440.747864,1423.4858916,1427.24688,1422.43474356,3089282,4585522755.14,0.2459,0.3383
2025-06-10,贵州茅台,600519,1433.033016,1438.819152,1422.2322288,1422.43474356,1433.13909516,3049220,4511934584.04,0.2427,-0.7469
2025-06-09,贵州茅台,600519,1451.37506712,1454.9238972,1432.72442208,1433.13909516,1452.69623484,4495867,6723839137.58,0.3579,-1.3463
2025-06-06,贵州茅台,600519,1459.8421128,1464.82783332,1449.427068,1452.69623484,1460.034984,2502307,3777727616.07,0.1992,-0.5026
2025-06-05,贵州茅台,600519,1460.034984,1461.963696,1448.6555832,1460.034984,1456.13898576,2321366,3504925523.89,0.1848,0.2676
2025-06-04,贵州茅台,600519,1456.659738,1468.714188,1455.42536232,1456.13898576,1455.213204,2300809,3480363796.56,0.1832,0.0636
2025-06-03,贵州茅台,600519,1454.25849156,1464.856764,1451.37506712,1455.213204,1467.749832,2897918,4377892798.9,0.2307,-0.8541
2025-05-30,贵州茅台,600519,1485.2528934,1489.93002,1461.23078544,1467.749832,1485.10824,3123918,4764875946.74,0.2487,-1.1688
2025-05-29,贵州茅台,600519,1485.10824,1499.57358,1477.393392,1485.10824,1482.215172,2185958,3375465796.02,0.174,0.1952
2025-05-28,贵州茅台,600519,1488.95602044,1491.33797976,1478.357748,1482.215172,1488.8692284,1626568,2504624605.12,0.1295,-0.4469
2025-05-27,贵州茅台,600519,1495.716156,1503.0452616,1488.49312956,1488.8692284,1495.233978,1775213,2748945675.47,0.1413,-0.4257
2025-05-26,贵州茅台,600519,1514.03892,1518.50388828,1489.93002,1495.233978,1516.5462456,2708653,4212944430.48,0.2156,-1.4053
2025-05-23,贵州茅台,600519,1519.0535712,1531.3008924,1515.63975096,1516.5462456,1523.68248,2153700,3399424961.4,0.1714,-0.4684
2025-05-22,贵州茅台,600519,1524.63719244,1528.49461644,1514.1353556,1523.68248,1524.61790532,1509024,2381236585.51,0.1201,-0.0614
2025-05-21,贵州茅台,600519,1528.50426,1539.05431464,1524.61790532,1524.61790532,1529.468616,1979464,3143941416.06,0.1576,-0.3172
2025-05-20,贵州茅台,600519,1523.68248,1537.9549488,1518.9571356,1529.468616,1522.69883688,1952153,3095742637.11,0.1554,0.4446
2025-05-19,贵州茅台,600519,1539.112176,1542.9696,1517.78062128,1522.69883688,1556.59595028,3806283,6021950009.86,0.303,-2.1776
2025-05-16,贵州茅台,600519,1575.74806044,1578.64112844,1556.59595028,1556.59595028,1573.83863556,2293522,3714508659.19,0.1826,-1.0956
2025-05-15,贵州茅台,600519,1576.5291888,1585.00587804,1566.23951028,1573.83863556,1576.71241644,2473285,4043402636.0,0.1969,-0.1823
2025-05-14,贵州茅台,600519,1533.32604,1586.36562,1531.57091208,1576.71241644,1533.6153468,3946012,6394735058.05,0.3141,2.8102
2025-05-13,贵州茅台,600519,1551.57165552,1551.57165552,1528.61033916,1533.6153468,1547.309202,2125829,3386617847.81,0.1692,-0.885
2025-05-12,贵州茅台,600519,1541.040888,1561.22485908,1539.70043316,1547.309202,1534.46398008,2473533,3967785800.28,0.1969,0.8371
2025-05-09,贵州茅台,600519,1522.70848044,1540.5104922,1518.9089178,1534.46398008,1521.93699564,2367190,3757574546.17,0.1884,0.8231
2025-05-08,贵州茅台,600519,1497.644868,1536.00694968,1494.58785948,1521.93699564,1499.57358,3348106,5265446443.77,0.2665,1.4913
2025-05-07,贵州茅台,600519,1514.03892,1514.03892,1494.9446712,1499.57358,1494.9446712,2746221,4275142568.65,0.2186,0.3096
2025-05-06,贵州茅台,600519,1503.431004,1503.431004,1489.28390148,1494.9446712,1491.858732,1830026,2838614214.69,0.1457,0.2069
2025-04-30,贵州茅台,600519,1494.74215644,1510.81797096,1491.1836828,1491.858732,1488.965664,2575425,4005439429.45,0.205,0.1943
2025-04-29,贵州茅台,600519,1494.7518,1497.20126424,1477.41267912,1488.965664,1494.7518,1892180,2917422937.81,0.1506,-0.3871
2025-04-28,贵州茅台,600519,1496.680512,1499.57358,1491.4729896,1494.7518,1494.7518,1465972,2274252465.48,0.1167,0.0
2025-04-25,贵州茅台,600519,1501.5987276,1505.5525872,1494.7518,1494.7518,1496.921601,1476490,2295029705.27,0.1175,-0.145
2025-04-24,贵州茅台,600519,1496.680512,1505.05112208,1493.76815688,1496.921601,1496.680512,1487181,2313372072.03,0.1184,0.0161
2025-04-23,贵州茅台,600519,1503.431004,1503.64316232,1489.93002,1496.680512,1493.5945728,1866876,2895468891.84,0.1486,0.2066
2025-04-22,贵州茅台,600519,1494.7518,1500.8272428,1488.20382276,1493.5945728,1495.716156,1843214,2857525967.3,0.1467,-0.1418
2025-04-21,贵州茅台,600519,1509.699318,1509.699318,1495.716156,1495.716156,1510.12363464,1805703,2808158177.44,0.1437,-0.9541
2025-04-18,贵州茅台,600519,1510.181496,1518.8607,1500.537936,1510.12363464,1514.03892,2029848,3179974340.21,0.1616,-0.2586
2025-04-17,贵州茅台,600519,1498.609224,1520.307234,1494.74215644,1514.03892,1503.59494452,2384605,3733924973.37,0.1898,0.6946
2025-04-16,贵州茅台,600519,1496.680512,1519.825056,1482.215172,1503.59494452,1502.466648,3115605,4834880595.78,0.248,0.0751
2025-04-15,贵州茅台,600519,1496.680512,1509.21714,1489.93002,1502.466648,1496.67086844,2148928,3339942729.1,0.1711,0.3872
2025-04-14,贵州茅台,600519,1505.33078532,1510.181496,1496.22726468,1496.67086844,1513.05527688,2171144,3379425640.38,0.1728,-1.0829
2025-04-11,贵州茅台,600519,1523.65354932,1523.65354932,1489.93002,1513.05527688,1493.787444,3263423,5087359923.82,0.2598,1.2899
2025-04-10,贵州茅台,600519,1495.70651244,1499.57358,1473.535968,1493.787444,1486.11117024,3862021,5963650790.96,0.3074,0.5165
2025-04-09,贵州茅台,600519,1470.66218712,1501.3094208,1466.3515158,1486.11117024,1489.93002,5563004,8562928224.65,0.4428,-0.2563
2025-04-08,贵州茅台,600519,1459.070628,1489.93002,1441.71222,1489.93002,1446.534,7387649,11226977557.25,0.5881,3.0
2025-04-07,贵州茅台,600519,1465.83076356,1482.0705186,1409.888472,1446.534,1512.95884128,10195267,15314738234.92,0.8116,-4.3904
2025-04-03,贵州茅台,600519,1475.46468,1529.468616,1474.50996756,1512.95884128,1493.80673112,3548050,5557442051.92,0.2824,1.2821
2025-04-02,贵州茅台,600519,1502.466648,1511.9173368,1490.412198,1493.80673112,1500.55722312,2167401,3371883024.17,0.1725,-0.4499
2025-04-01,贵州茅台,600519,1508.252784,1513.93284084,1496.88302676,1500.55722312,1505.359716,1855644,2893739955.2,0.1477,-0.319
2025-03-31,贵州茅台,600519,1524.62754888,1530.39439776,1504.45322136,1505.359716,1528.70677476,2108494,3311857714.31,0.1678,-1.5272
2025-03-28,贵州茅台,600519,1534.22289108,1536.219108,1519.825056,1528.70677476,1532.361684,1622789,2569470015.46,0.1292,-0.2385
2025-03-27,贵州茅台,600519,1519.825056,1541.281977,1517.29844328,1532.361684,1519.825056,1795563,2848889209.94,0.1429,0.8249
2025-03-26,贵州茅台,600519,1516.71018612,1526.17051848,1515.003276,1519.825056,1519.342878,1432356,2257639750.22,0.114,0.0317
2025-03-25,贵州茅台,600519,1531.397328,1536.0262368,1510.81797096,1519.342878,1526.575548,1767438,2783286813.0,0.1407,-0.4738
2025-03-24,贵州茅台,600519,1514.03892,1532.99815896,1506.69052728,1526.575548,1517.655255,2556585,4032223481.57,0.2035,0.5878
2025-03-21,贵州茅台,600519,1542.005244,1554.7347432,1512.91062348,1517.655255,1546.827024,3361430,5324973190.27,0.2676,-1.8859
2025-03-20,贵州茅台,600519,1577.40675276,1579.2293856,1538.21532492,1546.827024,1577.40675276,3673677,5903879207.43,0.2924,-1.9386
2025-03-19,贵州茅台,600519,1566.39380724,1589.258688,1565.149788,1577.40675276,1566.114144,2738955,4477128769.85,0.218,0.7211
2025-03-18,贵州茅台,600519,1586.40419424,1593.116112,1563.8961252,1566.114144,1579.48011816,3161345,5153210436.27,0.2517,-0.8462
2025-03-17,贵州茅台,600519,1597.937892,1598.89260444,1568.89148928,1579.48011816,1569.98121156,5468913,8985138902.36,0.4354,0.605
2025-03-14,贵州茅台,600519,1492.49520696,1569.98121156,1486.072596,1569.98121156,1482.95772612,9291315,14882842708.43,0.7396,5.8682
2025-03-13,贵州茅台,600519,1488.965664,1500.055758,1476.31331328,1482.95772612,1487.59627848,2572439,3966369271.41,0.2048,-0.3118
2025-03-12,贵州茅台,600519,1491.82015776,1494.44320608,1471.9447806,1487.59627848,1493.47885008,2960396,4552923644.13,0.2357,-0.3939
2025-03-11,贵州茅台,600519,1462.928052,1493.47885008,1458.106272,1493.47885008,1468.6177524,3977560,6094007854.09,0.3166,1.6928
2025-03-10,贵州茅台,600519,1465.63789236,1472.45588928,1452.45514584,1468.6177524,1466.785476,3136907,4758789259.68,0.2497,0.1249
2025-03-07,贵州茅台,600519,1449.427068,1473.88313616,1449.427068,1466.785476,1452.30084888,3799135,5760608729.19,0.3024,0.9974
2025-03-06,贵州茅台,600519,1421.460744,1456.3704312,1419.60918048,1452.30084888,1414.10270772,4216764,6297117400.08,0.3357,2.7012
2025-03-05,贵州茅台,600519,1419.532032,1421.460744,1408.0561956,1414.10270772,1417.70939916,2460522,3606932151.59,0.1959,-0.2544
2025-03-04,贵州茅台,600519,1432.06866,1433.033016,1412.98405476,1417.70939916,1434.01665912,2521121,3710675863.15,0.2007,-1.1372
2025-03-03,贵州茅台,600519,1449.0413256,1466.77583244,1428.693414,1434.01665912,1447.29584124,3159566,4736679902.83,0.2515,-0.9175
2025-02-28,贵州茅台,600519,1432.550838,1473.90242328,1429.175592,1447.29584124,1432.60869936,5612895,8475738166.46,0.4468,1.0252
2025-02-27,贵州茅台,600519,1407.97904712,1436.7940044,1402.173624,1432.60869936,1407.96940356,4976217,7368002361.11,0.3961,1.75
2025-02-26,贵州茅台,600519,1403.5719402,1412.74296576,1393.49442,1407.96940356,1402.173624,2636609,3835949041.23,0.2099,0.4133
2025-02-25,贵州茅台,600519,1417.61296356,1420.87248684,1400.244912,1402.173624,1426.35002892,2838743,4142814458.8,0.226,-1.695
2025-02-24,贵州茅台,600519,1434.961728,1446.07110912,1421.460744,1426.35002892,1435.16424276,3474373,5157907321.57,0.2766,-0.6142
2025-02-21,贵州茅台,600519,1427.24688,1443.38055588,1420.50603156,1435.16424276,1421.460744,3641783,5418169587.35,0.2899,0.964
2025-02-20,贵州茅台,600519,1430.139948,1438.79022132,1420.87248684,1421.460744,1437.854796,2374973,3513552983.98,0.1891,-1.1402
2025-02-19,贵州茅台,600519,1422.4733178,1441.17218064,1412.6851044,1437.854796,1422.4251,3239331,4803378440.66,0.2579,1.0847
2025-02-18,贵州茅台,600519,1417.60332,1439.77386444,1409.96562048,1422.4251,1419.16557672,2779992,4113845397.13,0.2213,0.2297
2025-02-17,贵州茅台,600519,1428.211236,1441.69293288,1414.8066876,1419.16557672,1422.4251,3247059,4804663813.44,0.2585,-0.2292
2025-02-14,贵州茅台,600519,1412.83940136,1424.353812,1406.24320632,1422.4251,1412.83940136,2709992,3978694098.42,0.2157,0.6785
2025-02-13,贵州茅台,600519,1391.58499512,1422.666189,1383.37832556,1412.83940136,1391.565708,4338536,6335985851.48,0.3454,1.5288
2025-02-12,贵州茅台,600519,1367.456808,1393.49442,1366.37672928,1391.565708,1367.456808,2547579,3644170476.88,0.2028,1.763
2025-02-11,贵州茅台,600519,1383.8026422,1384.77664176,1365.4316604,1367.456808,1380.48525756,2357283,3348668866.97,0.1877,-0.9438
2025-02-10,贵州茅台,600519,1386.743928,1388.67264,1376.22280404,1380.48525756,1384.815216,2083979,2988101755.59,0.1659,-0.3127
2025-02-07,贵州茅台,600519,1363.29079008,1391.25711408,1353.38685396,1384.815216,1362.48073104,3724207,5310850624.07,0.2965,1.6393
2025-02-06,贵州茅台,600519,1350.10804356,1371.30458844,1350.10804356,1362.48073104,1353.7629528,2735582,3859568162.52,0.2178,0.644
2025-02-05,贵州茅台,600519,1388.67264,1391.565708,1352.22962676,1353.7629528,1383.84121644,4075652,5753730033.67,0.3244,-2.1735
2025-01-27,贵州茅台,600519,1385.779572,1392.50113332,1376.15529912,1383.84121644,1384.815216,2935646,4213534543.16,0.2337,-0.0703
2025-01-24,贵州茅台,600519,1390.601352,1396.18497324,1379.32803036,1384.815216,1391.565708,3136034,4515322685.21,0.2496,-0.4851
2025-01-23,贵州茅台,600519,1398.28726932,1415.674608,1386.743928,1391.565708,1389.636996,2712504,3932700849.5,0.2159,0.1388
2025-01-22,贵州茅台,600519,1411.11320412,1415.6263902,1386.743928,1389.636996,1415.8192614,2829384,4088101682.4,0.2252,-1.8493
2025-01-21,贵州茅台,600519,1428.211236,1429.175592,1412.78154,1415.8192614,1422.2322288,1685604,2481821228.82,0.1342,-0.4509
2025-01-20,贵州茅台,600519,1408.924116,1436.68792524,1407.95976,1422.2322288,1402.896891,3140975,4647626350.53,0.25,1.3782
2025-01-17,贵州茅台,600519,1394.83487484,1408.924116,1394.82523128,1402.896891,1394.82523128,1830894,2663227308.97,0.1457,0.5787
2025-01-16,贵州茅台,600519,1421.460744,1429.81206696,1390.601352,1394.82523128,1418.82805212,2634213,3840411436.79,0.2097,-1.6917
2025-01-15,贵州茅台,600519,1414.710252,1422.0393576,1407.96940356,1418.82805212,1420.01421,1839934,2701518711.81,0.1465,-0.0835
2025-01-14,贵州茅台,600519,1393.4462022,1425.97393008,1390.601352,1420.01421,1392.51077688,3095657,4535651503.64,0.2464,1.9751
2025-01-13,贵州茅台,600519,1374.2073,1392.95438064,1371.32387556,1392.51077688,1384.815216,2108251,3030806869.66,0.1678,0.5557
2025-01-10,贵州茅台,600519,1395.5195676,1400.1966942,1384.815216,1384.815216,1392.530064,2187195,3154677597.84,0.1741,-0.554
2025-01-09,贵州茅台,600519,1397.34220044,1412.37651048,1381.90286088,1392.530064,1391.08353,2970565,4295852735.91,0.2365,0.104
2025-01-08,贵州茅台,600519,1388.67264,1400.07132792,1375.80813096,1391.08353,1388.8655112,3525821,5071821245.95,0.2807,0.1597
2025-01-07,贵州茅台,600519,1393.16653896,1400.13883284,1387.708284,1388.8655112,1388.67264,2422118,3494634226.66,0.1928,0.0139
2025-01-06,贵州茅台,600519,1401.209268,1410.52494696,1381.7292768,1388.67264,1422.4251,4425512,6392479711.6,0.3523,-2.3729
2025-01-03,贵州茅台,600519,1441.230042,1441.70257644,1414.71989556,1422.4251,1434.961728,3262836,4836610288.19,0.2597,-0.8737
2025-01-02,贵州茅台,600519,1469.678544,1470.15107844,1427.24688,1434.961728,1469.678544,5002870,7490883773.19,0.3983,-2.3622
2024-12-31,贵州茅台,600519,1471.0286424,1489.93002,1467.75947556,1469.678544,1470.6429,3935445,6033540366.22,0.3133,-0.0656
2024-12-30,贵州茅台,600519,1479.29317332,1488.92708976,1470.6429,1470.6429,1474.47139332,2512982,3849542646.36,0.2,-0.2597
2024-12-27,贵州茅台,600519,1474.4038884,1481.250816,1465.338942,1474.47139332,1473.33345324,2075932,3170191444.57,0.1653,0.0772
2024-12-26,贵州茅台,600519,1479.322104,1483.93172568,1468.714188,1473.33345324,1475.46468,1828651,2798840002.83,0.1456,-0.1444
2024-12-25,贵州茅台,600519,1483.9510128,1483.9510128,1471.7036916,1475.46468,1483.97029992,1712339,2621061878.27,0.1363,-0.5732
2024-12-24,贵州茅台,600519,1470.6429,1488.965664,1467.35444604,1483.97029992,1472.0412162,2210492,3394160299.01,0.176,0.8104
2024-12-23,贵州茅台,600519,1468.714188,1483.179528,1462.928052,1472.0412162,1467.749832,2160269,3300971423.71,0.172,0.2924
2024-12-20,贵州茅台,600519,1476.55440228,1486.8440808,1465.84040712,1467.749832,1472.69697828,2815774,4307425534.89,0.2242,-0.3359
2024-12-19,贵州茅台,600519,1486.11451626,1488.76364637,1472.05228797,1472.69795409,1492.1533935,2480932,3862602664.96,0.1975,-1.3038
2024-12-18,贵州茅台,600519,1479.30653673,1497.375693,1468.9853739,1492.1533935,1479.335022,4116226,6440801970.64,0.3277,0.8665
2024-12-17,贵州茅台,600519,1448.94123891,1489.779621,1444.21268409,1479.335022,1450.0901448,5417163,8398945449.11,0.4312,2.0168
2024-12-16,贵州茅台,600519,1444.203189,1451.799261,1434.43274139,1450.0901448,1442.304171,3253710,4945298799.42,0.259,0.5398
2024-12-13,贵州茅台,600519,1471.74844509,1476.47699991,1442.19022992,1442.304171,1486.7411922,4951197,7580908314.92,0.3941,-2.9889
2024-12-12,贵州茅台,600519,1454.66677818,1486.931094,1451.799261,1486.7411922,1458.0660204,4193652,6510547810.41,0.3338,1.9667
2024-12-11,贵州茅台,600519,1462.24386,1476.486495,1453.67928882,1458.0660204,1468.50112431,2967112,4569662604.07,0.2362,-0.7106
2024-12-10,贵州茅台,600519,1490.72913,1499.96785257,1467.16231662,1468.50112431,1442.1142692,6031210,9421340719.37,0.4801,1.8297
2024-12-09,贵州茅台,600519,1445.17168818,1452.48290748,1436.7970188,1442.1142692,1444.21268409,1979986,3008173585.89,0.1576,-0.1453
2024-12-06,贵州茅台,600519,1436.607117,1461.1994001,1431.92603763,1444.21268409,1434.708099,3203969,4883148600.25,0.2551,0.6625
2024-12-05,贵州茅台,600519,1434.57516774,1441.22173074,1433.75859,1434.708099,1443.25368,1614147,2441318386.64,0.1285,-0.5921
2024-12-04,贵州茅台,600519,1443.32014563,1446.72888294,1433.75859,1443.25368,1449.65337066,2392389,3626565543.56,0.1904,-0.4415
2024-12-03,贵州茅台,600519,1447.051716,1451.7043101,1439.53160472,1449.65337066,1448.001225,2480662,3777197199.46,0.1975,0.1141
2024-12-02,贵州茅台,600519,1448.950734,1452.73927491,1438.6010859,1448.001225,1448.70386166,2681954,4086609951.57,0.2135,-0.0485
2024-11-29,贵州茅台,600519,1440.405153,1476.486495,1436.80651389,1448.70386166,1441.354662,3608810,5534035503.38,0.2873,0.5099
2024-11-28,贵州茅台,600519,1445.152698,1447.99172991,1426.162518,1441.354662,1442.35164645,2395203,3627662381.97,0.1907,-0.0691
2024-11-27,贵州茅台,600519,1432.809081,1445.29512435,1429.011045,1442.35164645,1432.809081,2593417,3927607771.64,0.2064,0.666
2024-11-26,贵州茅台,600519,1422.90570213,1442.19022992,1413.70495992,1432.809081,1422.90570213,2574479,3876885983.6,0.2049,0.696
2024-11-25,贵州茅台,600519,1434.708099,1454.647788,1421.10163503,1422.90570213,1431.68866038,3318556,5011136233.94,0.2642,-0.6135
2024-11-22,贵州茅台,600519,1463.33579535,1469.62154493,1431.68866038,1431.68866038,1467.11484117,3343611,5107288992.25,0.2662,-2.4147
2024-11-21,贵州茅台,600519,1465.91845983,1470.77994591,1454.647788,1467.11484117,1466.81099829,1826179,2810933514.72,0.1454,0.0207
2024-11-20,贵州茅台,600519,1465.092387,1475.50850073,1453.9831317,1466.81099829,1464.06691728,2134455,3292675256.92,0.1699,0.1874
2024-11-19,贵州茅台,600519,1485.981585,1490.13093933,1448.001225,1464.06691728,1480.284531,3326643,5138831154.7,0.2648,-1.0956
2024-11-18,贵州茅台,600519,1483.133058,1496.41668891,1476.486495,1480.284531,1480.284531,2709219,4237197498.8,0.2157,0.0
2024-11-15,贵州茅台,600519,1489.779621,1503.8323542,1474.587477,1480.284531,1494.3372642,3376112,5295326891.85,0.2688,-0.9404
2024-11-14,贵州茅台,600519,1490.72913,1513.94462505,1486.59876585,1494.3372642,1498.7999565,2924814,4617144097.2,0.2328,-0.2978
2024-11-13,贵州茅台,600519,1488.830112,1506.54794994,1482.44941152,1498.7999565,1497.5655948,2912526,4594445032.46,0.2319,0.0824
2024-11-12,贵州茅台,600519,1508.769801,1541.053107,1494.47969055,1497.5655948,1517.32487709,4922266,7844798676.34,0.3918,-1.3022
2024-11-11,贵州茅台,600519,1509.71931,1528.66201455,1488.06100971,1517.32487709,1528.68100473,4385365,6957095385.27,0.3491,-0.7429
2024-11-08,贵州茅台,600519,1577.03000301,1582.93594899,1520.17340409,1528.68100473,1565.87327226,6077120,9885645907.13,0.4838,-2.3752
2024-11-07,贵州茅台,600519,1483.56983214,1570.0131315,1483.4179107,1565.87327226,1491.678639,7473872,12074951756.99,0.595,4.9739
2024-11-06,贵州茅台,600519,1495.476675,1508.76030591,1482.39244098,1491.678639,1497.36619791,3763143,5916917616.45,0.2996,-0.3798
2024-11-05,贵州茅台,600519,1462.24386,1498.0403493,1458.45531909,1497.36619791,1470.0298338,4564047,7134443463.85,0.3633,1.8596
2024-11-04,贵州茅台,600519,1466.92493937,1471.73895,1450.90672254,1470.0298338,1456.30942875,2909292,4481761763.89,0.2316,0.9421
2024-11-01,贵州茅台,600519,1444.203189,1467.11484117,1444.0132872,1456.30942875,1450.65035511,3228392,4954302212.43,0.257,0.3901
2024-10-31,贵州茅台,600519,1454.79021435,1462.24386,1443.25368,1450.65035511,1454.647788,2995735,4575545180.01,0.2385,-0.2748
2024-10-30,贵州茅台,600519,1448.001225,1472.86886571,1446.49150569,1454.647788,1454.28697458,3200574,4913175982.5,0.2548,0.0248
2024-10-29,贵州茅台,600519,1481.23404,1500.22422,1452.74877,1454.28697458,1485.981585,4116578,6368105233.47,0.3277,-2.1329
2024-10-28,贵州茅台,600519,1481.23404,1485.981585,1445.37108507,1485.981585,1480.14210465,3912140,6064453667.74,0.3114,0.3945
2024-10-25,贵州茅台,600519,1468.890423,1495.27727811,1467.95040909,1480.14210465,1473.8278698,2774508,4328271350.73,0.2209,0.4284
2024-10-24,贵州茅台,600519,1482.183549,1495.476675,1467.00090009,1473.8278698,1488.3553575,2392280,3723973209.08,0.1904,-0.9761
2024-10-23,贵州茅台,600519,1466.14634199,1497.32821755,1454.647788,1488.3553575,1465.092387,4008846,6259600035.07,0.3191,1.5878
2024-10-22,贵州茅台,600519,1449.48245904,1481.40495162,1447.2416178,1465.092387,1451.6093592,3626913,5607826491.64,0.2887,0.9288
2024-10-21,贵州茅台,600519,1463.39276589,1471.71046473,1444.40258589,1451.6093592,1463.193369,4200790,6433918335.41,0.3344,-0.7917
2024-10-18,贵州茅台,600519,1417.616937,1488.67819056,1404.28583064,1463.193369,1419.1361514,6861930,10418043491.5,0.5462,3.1045
2024-10-17,贵州茅台,600519,1459.395333,1460.02200894,1418.00623569,1419.1361514,1445.6274525,3945955,5964778957.87,0.3141,-1.8325
2024-10-16,贵州茅台,600519,1463.07942792,1471.5490482,1433.75859,1445.6274525,1475.77436325,4666440,7140169692.29,0.3715,-2.0428
2024-10-15,贵州茅台,600519,1518.264891,1520.15441391,1474.59697209,1475.77436325,1521.10392291,4357143,6884141868.65,0.3469,-2.98
2024-10-14,贵州茅台,600519,1531.558017,1538.80277067,1501.33514553,1521.10392291,1523.95244991,4481202,7181350821.99,0.3567,-0.1869
2024-10-11,贵州茅台,600519,1533.8368386,1557.15677964,1509.71931,1523.95244991,1557.19476,4191471,6764982707.43,0.3337,-2.1348
2024-10-10,贵州茅台,600519,1540.35047034,1583.85697272,1510.668819,1557.19476,1514.60928135,7460342,12198964035.35,0.5939,2.8116
2024-10-09,贵州茅台,600519,1614.1653,1614.1653,1509.71931,1514.60928135,1636.004007,12019684,19708432734.0,0.9568,-7.4202
2024-10-08,贵州茅台,600519,1813.56219,1813.56219,1595.34603162,1636.004007,1659.741732,19470947,35114075007.04,1.55,-1.4302
2024-09-30,贵州茅台,600519,1606.569228,1671.02189892,1568.588868,1659.741732,1546.9400628,15729341,26982747037.24,1.2521,7.2919
2024-09-27,贵州茅台,600519,1519.2144,1546.9400628,1486.32340824,1546.9400628,1451.799261,8792167,14050260568.94,0.6999,6.5533
2024-09-26,贵州茅台,600519,1329.27461964,1452.62533383,1325.514564,1451.799261,1328.363091,9727806,14269262657.31,0.7744,9.2924
2024-09-25,贵州茅台,600519,1329.36007545,1354.949343,1326.18871539,1328.363091,1303.2960534,7395380,10420109654.75,0.5887,1.9234
2024-09-24,贵州茅台,600519,1220.20452081,1303.675857,1201.21434081,1303.2960534,1197.84358386,10041281,13297277523.01,0.7993,8.8035
2024-09-23,贵州茅台,600519,1203.977412,1228.1898915,1197.00801594,1197.84358386,1200.10341528,4554969,5809791682.27,0.3626,-0.1883
2024-09-20,贵州茅台,600519,1197.8056035,1209.5795151,1186.91473527,1200.10341528,1197.330849,3998184,5038507834.94,0.3183,0.2316
2024-09-19,贵州茅台,600519,1198.280358,1227.60119592,1182.92679747,1197.330849,1202.9329521,5998821,7623739997.16,0.4775,-0.4657
2024-09-18,贵州茅台,600519,1234.3617,1234.37119509,1202.70506994,1202.9329521,1238.28317217,4618531,5895948010.82,0.3677,-2.8548
2024-09-13,贵州茅台,600519,1263.796479,1264.745988,1231.7980257,1238.28317217,1267.65148554,5600511,7329376916.85,0.4458,-2.3167
2024-09-12,贵州茅台,600519,1310.32242,1315.069965,1267.50905919,1267.65148554,1310.32242,4794831,6482445000.4,0.3817,-3.2565
2024-09-11,贵州茅台,600519,1306.1445804,1315.90553292,1296.079785,1310.32242,1308.423402,2099577,2892932793.68,0.1671,0.1451
2024-09-10,贵州茅台,600519,1300.84632018,1322.666037,1300.84632018,1308.423402,1305.574875,1980284,2737295643.84,0.1576,0.2182
2024-09-09,贵州茅台,600519,1310.33191509,1323.34018839,1300.90329072,1305.574875,1327.413582,2863755,3950086824.52,0.228,-1.6452
2024-09-06,贵州茅台,600519,1334.060145,1335.009654,1327.413582,1327.413582,1333.94620392,1032104,1445537257.09,0.0822,-0.4897
2024-09-05,贵州茅台,600519,1329.7873545,1335.959163,1326.464073,1333.94620392,1329.3126,1450295,2033680838.85,0.1155,0.3486
2024-09-04,贵州茅台,600519,1331.211618,1347.53367771,1329.06572766,1329.3126,1338.80769,1421109,1995221417.23,0.1131,-0.7092
2024-09-03,贵州茅台,600519,1327.413582,1343.53624482,1322.68502718,1338.80769,1324.565055,1788760,2516125842.32,0.1424,1.0753
2024-09-02,贵州茅台,600519,1357.79787,1365.393942,1324.565055,1324.565055,1370.32189371,3413459,4801049927.2,0.2717,-3.3391
2024-08-30,贵州茅台,600519,1341.656217,1384.45058763,1334.060145,1370.32189371,1341.9410697,3873923,5576118648.81,0.3084,2.1149
2024-08-29,贵州茅台,600519,1310.32242,1346.403762,1310.32242,1341.9410697,1318.868001,2747161,3864270620.62,0.2187,1.7495
2024-08-28,贵州茅台,600519,1333.17710163,1335.009654,1305.574875,1318.868001,1333.17710163,3166351,4388025874.57,0.2521,-1.0733
2024-08-27,贵州茅台,600519,1340.706708,1341.656217,1330.36655499,1333.17710163,1340.706708,1365740,1920770569.55,0.1087,-0.5616
2024-08-26,贵州茅台,600519,1345.454253,1351.96788474,1332.30355335,1340.706708,1343.54573991,1562841,2207595460.92,0.1244,-0.2113
2024-08-23,贵州茅台,600519,1336.908672,1351.6260615,1335.12359508,1343.54573991,1338.85516545,1532046,2166499201.67,0.122,0.3503
2024-08-22,贵州茅台,600519,1344.504744,1348.30278,1329.32209509,1338.85516545,1346.00496822,1952729,2750868072.63,0.1554,-0.5312
2024-08-21,贵州茅台,600519,1348.30278,1355.87986182,1344.21039621,1346.00496822,1350.88544448,1509165,2144746551.03,0.1201,-0.3613
2024-08-20,贵州茅台,600519,1357.7029191,1357.73140437,1342.605726,1350.88544448,1353.46810896,1859138,2644814343.58,0.148,-0.1908
2024-08-19,贵州茅台,600519,1359.696888,1385.21968992,1353.050325,1353.46810896,1358.9372808,2043279,2942106435.2,0.1627,-0.4025
2024-08-16,贵州茅台,600519,1354.74994611,1363.41896328,1345.46374809,1358.9372808,1354.84489701,1645470,2349825846.1,0.131,0.3021
2024-08-15,贵州茅台,600519,1334.08863027,1363.48542891,1333.06316055,1354.84489701,1341.9410697,2303897,3275699572.4,0.1834,0.9616
2024-08-14,贵州茅台,600519,1351.16080209,1352.9553741,1340.72569818,1341.9410697,1351.16080209,1341431,1898377426.46,0.1068,-0.6824
2024-08-13,贵州茅台,600519,1360.646397,1362.545415,1340.71620309,1351.16080209,1363.5898749,1630843,2317037755.64,0.1298,-0.9115
2024-08-12,贵州茅台,600519,1357.79787,1370.141487,1354.55054922,1363.5898749,1364.2545312,1363203,1956573437.91,0.1085,-0.0487
2024-08-09,贵州茅台,600519,1386.31162527,1394.828721,1364.2545312,1364.2545312,1358.45303121,3013849,4368705515.28,0.2399,0.4271
2024-08-08,贵州茅台,600519,1339.757199,1375.05994362,1337.858181,1358.45303121,1344.0299895,2513082,3592705429.82,0.2001,1.0731
2024-08-07,贵州茅台,600519,1334.5348995,1350.19230291,1327.6984347,1344.0299895,1333.7752923,2062221,2910580747.04,0.1642,0.7688
2024-08-06,贵州茅台,600519,1350.201798,1352.100816,1323.62504109,1333.7752923,1338.81718509,2744433,3860735014.17,0.2185,-0.3766
2024-08-05,贵州茅台,600519,1318.75405992,1353.999834,1315.56370968,1338.81718509,1315.49724405,3773607,5327127146.61,0.3004,1.7727
2024-08-02,贵州茅台,600519,1304.2455624,1326.43558773,1304.2455624,1315.49724405,1316.17139544,2192769,3041726371.64,0.1746,-0.0512
2024-08-01,贵州茅台,600519,1346.403762,1348.30278,1314.7851123,1316.17139544,1349.51815152,3203810,4470988088.03,0.255,-2.471
2024-07-31,贵州茅台,600519,1303.7708079,1355.20571043,1303.7708079,1349.51815152,1310.31292491,4327232,6098149721.25,0.3445,2.9921
2024-07-30,贵州茅台,600519,1316.00048382,1320.07387743,1292.5666017,1310.31292491,1327.43257218,5177904,7103491565.79,0.4122,-1.2897
2024-07-29,贵州茅台,600519,1343.555235,1350.19230291,1327.413582,1327.43257218,1350.38220471,3086907,4342610099.97,0.2457,-1.6995
2024-07-26,贵州茅台,600519,1358.26312941,1365.12807948,1339.6622481,1350.38220471,1358.26312941,3235379,4594928574.1,0.2576,-0.5802
2024-07-25,贵州茅台,600519,1367.31195018,1374.889032,1348.31227509,1358.26312941,1367.31195018,2834656,4054086714.05,0.2257,-0.6618
2024-07-24,贵州茅台,600519,1376.9779518,1389.7963233,1362.545415,1367.31195018,1381.535595,2412255,3490200972.8,0.192,-1.0296
2024-07-23,贵州茅台,600519,1423.313991,1425.213009,1381.535595,1381.535595,1423.313991,3094396,4555460197.63,0.2463,-2.9353
2024-07-22,贵州茅台,600519,1448.02971027,1452.72977982,1416.33509985,1423.313991,1448.58992058,2854321,4300813309.97,0.2272,-1.7449
2024-07-19,贵州茅台,600519,1415.53751229,1451.97017262,1409.08085109,1448.58992058,1421.89922259,3894291,5888615144.79,0.31,1.8771
2024-07-18,贵州茅台,600519,1423.7887455,1438.506135,1417.17066777,1421.89922259,1425.5928126,2887039,4337214600.94,0.2298,-0.2591
2024-07-17,贵州茅台,600519,1401.5702349,1427.112027,1395.79722018,1425.5928126,1401.475284,3431101,5115680654.19,0.2731,1.7209
2024-07-16,贵州茅台,600519,1401.475284,1407.172338,1391.07816045,1401.475284,1400.4308241,2031644,2998367128.33,0.1617,0.0746
2024-07-15,贵州茅台,600519,1395.77823,1412.869392,1395.77823,1400.4308241,1404.15289938,1917626,2835374730.12,0.1527,-0.2651
2024-07-12,贵州茅台,600519,1398.63625209,1411.3501776,1391.45796405,1404.15289938,1388.26761381,2338634,3451132647.99,0.1862,1.1443
2024-07-11,贵州茅台,600519,1376.75956473,1394.828721,1367.49235689,1388.26761381,1365.00464331,2902014,4236960596.17,0.231,1.7042
2024-07-10,贵州茅台,600519,1366.58082825,1391.86625292,1362.545415,1365.00464331,1365.42242727,2376322,3436693365.45,0.1892,-0.0306
2024-07-09,贵州茅台,600519,1348.30278,1381.43114901,1338.9026409,1365.42242727,1348.30278,3362071,4807957927.36,0.2676,1.2697
2024-07-08,贵州茅台,600519,1370.141487,1384.16573493,1347.48620226,1348.30278,1379.636577,3952705,5657951348.41,0.3147,-2.2712
2024-07-05,贵州茅台,600519,1404.323811,1417.78784862,1376.78805,1379.636577,1410.72350166,3882938,5664477336.47,0.3091,-2.2036
2024-07-04,贵州茅台,600519,1429.011045,1435.657608,1406.34626517,1410.72350166,1424.2635,2437973,3637968895.24,0.1941,-0.9507
2024-07-03,贵州茅台,600519,1423.313991,1436.61661209,1412.88838218,1424.2635,1415.4330663,3157326,4740808130.08,0.2513,0.6239
2024-07-02,贵州茅台,600519,1360.646397,1422.364482,1360.646397,1415.4330663,1367.65377342,5185298,7659166816.23,0.4128,3.4935
2024-07-01,贵州茅台,600519,1394.71477992,1398.61726191,1355.898852,1367.65377342,1393.30001151,3216138,4636689118.2,0.256,-1.8407
2024-06-28,贵州茅台,600519,1405.27332,1419.03170541,1390.081176,1393.30001151,1415.23366941,3858202,5699649046.86,0.3071,-1.5498
2024-06-27,贵州茅台,600519,1416.667428,1418.53796073,1393.879212,1415.23366941,1414.02779298,3282178,4857959457.24,0.2613,0.0853
2024-06-26,贵州茅台,600519,1405.27332,1425.27947463,1403.1844002,1414.02779298,1411.58755485,2956977,4414601922.25,0.2354,0.1729
2024-06-25,贵州茅台,600519,1402.424793,1427.10253191,1402.424793,1411.58755485,1401.99751395,4209795,6273919386.3,0.3351,0.684
2024-06-24,贵州茅台,600519,1351.151307,1413.80940591,1342.61522109,1401.99751395,1396.727739,6383993,9319362390.13,0.5082,0.3773
2024-06-21,贵州茅台,600519,1424.7382545,1428.99205482,1395.98712198,1396.727739,1424.3584509,4331997,6418543742.21,0.3448,-1.9399
2024-06-20,贵州茅台,600519,1424.2635,1439.46513909,1422.364482,1424.3584509,1425.213009,2471068,3715924984.07,0.1967,-0.06
2024-06-19,贵州茅台,600519,1422.35498691,1428.061536,1407.2672889,1425.213009,1415.35710558,4126153,6167728415.75,0.3285,0.6964
2024-06-18,贵州茅台,600519,1424.09205182,1446.09218052,1410.87336984,1415.357117,1433.961877,4125825,6317590942.71,0.3284,-1.2974
2024-06-17,贵州茅台,600519,1425.39438502,1440.72470726,1405.59892038,1433.961877,1446.52009,4831816,7400883242.87,0.3846,-0.8682
2024-06-14,贵州茅台,600519,1446.52009,1454.85502248,1414.38966948,1446.52009,1446.52939238,5951416,9177637168.06,0.4738,-0.0006
2024-06-13,贵州茅台,600519,1466.77137126,1466.88299982,1444.7991497,1446.52939238,1462.03645984,3618597,5654938942.06,0.2881,-1.0606
2024-06-12,贵州茅台,600519,1460.47366,1479.07842,1460.47366,1462.03645984,1459.543422,3317050,5230086503.44,0.2641,0.1708
2024-06-11,贵州茅台,600519,1491.16221162,1493.03199,1457.682946,1459.543422,1506.22276484,7024676,11090577610.06,0.5592,-3.0991
2024-06-07,贵州茅台,600519,1531.29267894,1531.33919084,1506.06462438,1506.22276484,1525.41357478,3352455,5453120695.46,0.2669,-1.2581
2024-06-06,贵州茅台,600519,1528.99499108,1536.74387362,1521.78564658,1525.41357478,1529.311272,2561005,4205700983.23,0.2039,-0.2549
2024-06-05,贵州茅台,600519,1536.753176,1542.96716584,1528.40894114,1529.311272,1537.8694616,1905557,3140824328.04,0.1517,-0.5565
2024-06-04,贵州茅台,600519,1526.055439,1540.474128,1522.3809989,1537.8694616,1525.02287482,2084108,3432497302.98,0.1659,0.8424
2024-06-03,贵州茅台,600519,1534.8927,1535.74851896,1521.04145618,1525.02287482,1533.4508311,3026105,4966041477.44,0.2409,-0.5496
2024-05-31,贵州茅台,600519,1535.357819,1547.450913,1533.4508311,1533.4508311,1533.962462,2185665,3617654788.02,0.174,-0.0334
2024-05-30,贵州茅台,600519,1558.14865,1558.50214044,1533.962462,1533.962462,1557.218412,3220792,5333306808.36,0.2564,-1.4934
2024-05-29,贵州茅台,600519,1549.776508,1562.79984,1548.84627,1557.218412,1548.51138432,1965128,3289173344.7,0.1564,0.5623
2024-05-28,贵州茅台,600519,1553.8695552,1558.30679046,1546.985794,1548.51138432,1553.60908856,2352087,3923020375.14,0.1872,-0.3281
2024-05-27,贵州茅台,600519,1560.939364,1569.7301131,1551.64628638,1553.60908856,1560.08354504,2509791,4199001866.34,0.1998,-0.415
2024-05-24,贵州茅台,600519,1574.892934,1576.75341,1560.009126,1560.08354504,1573.97199838,2021663,3401323914.95,0.1609,-0.8824
2024-05-23,贵州茅台,600519,1581.4046,1587.33951844,1572.17663904,1573.97199838,1579.27435498,1888497,3199923320.08,0.1503,-0.3357
2024-05-22,贵州茅台,600519,1584.195314,1590.66977048,1573.032458,1579.27435498,1586.05579,2028568,3443977766.96,0.1615,-0.4276
2024-05-21,贵州茅台,600519,1588.846504,1590.45581574,1579.69296208,1586.05579,1589.776742,1629339,2776847499.0,0.1297,-0.2341
2024-05-20,贵州茅台,600519,1598.13958162,1612.09315162,1588.94883018,1589.776742,1595.35817,3142572,5401389334.87,0.2502,-0.3499
2024-05-17,贵州茅台,600519,1581.41390238,1596.82794604,1581.4046,1595.35817,1585.590671,2892388,4936920634.17,0.2302,0.616
2024-05-16,贵州茅台,600519,1586.05579,1590.59535144,1572.10222,1585.590671,1581.4046,2967954,5048754768.56,0.2363,0.2647
2024-05-15,贵州茅台,600519,1583.80461404,1588.846504,1580.09296442,1581.4046,1583.24647124,1573876,2677203002.27,0.1253,-0.1163
2024-05-14,贵州茅台,600519,1586.97672562,1593.74885826,1581.41390238,1583.24647124,1586.986028,2127417,3623282672.07,0.1694,-0.2356
2024-05-13,贵州茅台,600519,1611.19082076,1611.78617308,1582.53949036,1586.986028,1617.66527724,3766212,6435415673.6,0.2998,-1.8965
2024-05-10,贵州茅台,600519,1638.2421418,1644.54915544,1613.02338962,1617.66527724,1633.497928,2620661,4571398242.25,0.2086,-0.9692
2024-05-09,贵州茅台,600519,1635.358404,1641.85146524,1627.9165,1633.497928,1640.91192486,2238734,3929804849.36,0.1782,-0.4518
2024-05-08,贵州茅台,600519,1646.23288622,1646.49335286,1633.19094946,1640.91192486,1646.52126,1476909,2603293863.23,0.1176,-0.3407
2024-05-07,贵州茅台,600519,1642.60495802,1653.7771164,1634.13048984,1646.52126,1637.4049276,2492452,4413196426.02,0.1984,0.5568
2024-05-06,贵州茅台,600519,1613.00478486,1641.87007,1606.521026,1637.4049276,1586.05579,5990949,10504351711.51,0.4769,3.2375
2024-04-30,贵州茅台,600519,1586.06509238,1609.20011144,1586.05579,1586.05579,1585.125552,3075989,5273902374.34,0.2449,0.0587
2024-04-29,贵州茅台,600519,1578.5673741,1607.451264,1575.65572916,1585.125552,1590.17674434,4133223,7072096590.12,0.329,-0.3176
2024-04-26,贵州茅台,600519,1575.823172,1594.427932,1575.80456724,1590.17674434,1574.93014352,3099592,5290248521.35,0.2467,0.9681
2024-04-25,贵州茅台,600519,1572.40919854,1577.3115528,1564.8928755,1574.93014352,1575.4510768,1447648,2447183878.84,0.1152,-0.0331
2024-04-24,贵州茅台,600519,1578.59528124,1581.32087858,1565.89753254,1575.4510768,1574.22316264,1708643,2893555635.0,0.136,0.078
2024-04-23,贵州茅台,600519,1558.14865,1576.75341,1558.14865,1574.22316264,1558.20446428,2497995,4217855278.96,0.1989,1.028
2024-04-22,贵州茅台,600519,1538.613652,1561.75797344,1530.24151,1558.20446428,1531.76710032,2995139,5001684634.65,0.2384,1.7259
2024-04-19,贵州茅台,600519,1544.92066564,1552.102103,1526.78102464,1531.76710032,1554.22304564,2349992,3879233241.82,0.1871,-1.4448
2024-04-18,贵州茅台,600519,1543.27414438,1565.57194924,1542.50204684,1554.22304564,1550.706746,2656841,4445487745.15,0.2115,0.2268
2024-04-17,贵州茅台,600519,1551.636984,1558.3346976,1542.334604,1550.706746,1553.49746,2481911,4130322017.81,0.1976,-0.1796
2024-04-16,贵州茅台,600519,1549.30208662,1562.39053528,1543.264842,1553.49746,1556.26956924,2626623,4382796962.26,0.2091,-0.1781
2024-04-15,贵州茅台,600519,1520.94843238,1558.71609518,1520.92052524,1556.26956924,1520.03679914,3581771,5960815531.8,0.2851,2.3837
2024-04-12,贵州茅台,600519,1535.822938,1547.916032,1520.03679914,1520.03679914,1533.032224,2674433,4403968129.45,0.2129,-0.8477
2024-04-11,贵州茅台,600519,1525.69264618,1534.8927,1520.65075622,1533.032224,1533.01361924,2276624,3736417594.65,0.1812,0.0012
2024-04-10,贵州茅台,600519,1546.30672026,1548.83696762,1530.24151,1533.01361924,1546.26020836,2763050,4562853879.72,0.22,-0.8567
2024-04-09,贵州茅台,600519,1544.81833946,1556.288174,1542.7532111,1546.26020836,1550.39046508,2558982,4256226332.6,0.2037,-0.2664
2024-04-08,贵州茅台,600519,1576.75341,1577.683648,1546.6136988,1550.39046508,1595.46049618,5916659,9907355766.28,0.471,-2.8249
2024-04-03,贵州茅台,600519,1613.032692,1618.09318672,1590.72558476,1595.46049618,1594.41862962,2904580,5002390041.83,0.2312,0.0653
2024-04-02,贵州茅台,600519,1601.869836,1604.65124762,1586.1023019,1594.41862962,1601.24657654,2544925,4360973684.11,0.2026,-0.4264
2024-04-01,贵州茅台,600519,1590.69767762,1613.032692,1589.4976706,1601.24657654,1584.1022902,2713137,4679371034.95,0.216,1.0823
2024-03-29,贵州茅台,600519,1582.93019032,1591.62791562,1579.6371478,1584.1022902,1582.93019032,1345655,2290584417.12,0.1071,0.074
2024-03-28,贵州茅台,600519,1576.75341,1598.148884,1575.0789816,1582.93019032,1582.334838,2464218,4201857059.18,0.1962,0.0376
2024-03-27,贵州茅台,600519,1586.05579,1592.567456,1580.474362,1582.334838,1590.04651102,1811258,3087792980.39,0.1442,-0.485
2024-03-26,贵州茅台,600519,1569.73941548,1593.3116464,1569.73941548,1590.04651102,1571.18128438,2806907,4782899074.34,0.2234,1.2007
2024-03-25,贵州茅台,600519,1580.04645252,1580.26040726,1563.33937804,1571.18128438,1582.6604213,2447285,4131446236.95,0.1948,-0.7253
2024-03-22,贵州茅台,600519,1586.08369714,1589.76743962,1570.241744,1582.6604213,1589.776742,2545614,4318592818.22,0.2026,-0.4476
2024-03-21,贵州茅台,600519,1588.9395278,1599.079122,1585.590671,1589.776742,1590.3348848,1659597,2839332631.35,0.1321,-0.0351
2024-03-20,贵州茅台,600519,1584.53019968,1594.13025584,1581.61855474,1590.3348848,1588.86510876,1524925,2604543856.37,0.1214,0.0925
2024-03-19,贵州茅台,600519,1584.195314,1599.95354572,1574.99526018,1588.86510876,1589.08836588,2394753,4093701260.68,0.1906,-0.014
2024-03-18,贵州茅台,600519,1595.35817,1599.8698243,1580.474362,1589.08836588,1597.67446262,2605501,4446059129.61,0.2074,-0.5374
2024-03-15,贵州茅台,600519,1593.032575,1611.5443112,1592.567456,1597.67446262,1596.87445794,1783358,3066692399.05,0.142,0.0501
2024-03-14,贵州茅台,600519,1599.079122,1613.81409192,1592.102337,1596.87445794,1606.9396331,1940479,3338768307.9,0.1545,-0.6264
2024-03-13,贵州茅台,600519,1618.58621286,1626.056024,1600.1023838,1606.9396331,1623.26531,2649954,4588879420.47,0.211,-1.0057
2024-03-12,贵州茅台,600519,1575.76735772,1627.0792858,1572.567339,1623.26531,1576.27898862,5422654,9393309052.2,0.4317,2.9808
2024-03-11,贵州茅台,600519,1558.14865,1580.36273344,1556.45561684,1576.27898862,1554.82770034,2989509,5048394347.37,0.238,1.3797
2024-03-08,贵州茅台,600519,1563.32077328,1569.01382984,1553.5439719,1554.82770034,1566.17660394,2215623,3710678521.73,0.1764,-0.7246
2024-03-07,贵州茅台,600519,1562.79984,1571.9161724,1560.939364,1566.17660394,1563.3114709,2159912,3633934773.86,0.1719,0.1833
2024-03-06,贵州茅台,600519,1573.032458,1576.75341,1560.95796876,1563.3114709,1576.8464338,2214248,3725582802.23,0.1763,-0.8584
2024-03-05,贵州茅台,600519,1554.25095278,1578.613886,1550.40906984,1576.8464338,1559.3579594,3623837,6102136582.12,0.2885,1.1215
2024-03-04,贵州茅台,600519,1561.869602,1563.72077562,1553.5439719,1559.3579594,1567.50684428,2648477,4434401015.25,0.2108,-0.5199
2024-03-01,贵州茅台,600519,1572.10222,1576.72550286,1559.71144984,1567.50684428,1576.75341,2686796,4526845398.15,0.2139,-0.5864
2024-02-29,贵州茅台,600519,1564.2417089,1578.148767,1562.0556496,1576.75341,1564.2417089,2475833,4184917973.12,0.1971,0.7999
2024-02-28,贵州茅台,600519,1571.09756296,1578.21388366,1557.22771438,1564.2417089,1571.637101,3186731,5371312846.96,0.2537,-0.4706
2024-02-27,贵州茅台,600519,1565.590554,1574.81851496,1560.939364,1571.637101,1576.73480524,2207985,3718478357.63,0.1758,-0.3233
2024-02-26,贵州茅台,600519,1588.846504,1589.53488012,1567.46963476,1576.73480524,1594.51165342,2731832,4625594409.39,0.2175,-1.1149
2024-02-23,贵州茅台,600519,1591.73954418,1604.08380244,1581.42320476,1594.51165342,1598.50237444,2730589,4670706949.89,0.2174,-0.2497
2024-02-22,贵州茅台,600519,1588.381385,1602.80937638,1581.89762614,1598.50237444,1597.83260308,2279361,3905984694.84,0.1814,0.0419
2024-02-21,贵州茅台,600519,1549.79511276,1610.241978,1546.055556,1597.83260308,1553.49746,4615407,7868784081.7,0.3674,2.8539
2024-02-20,贵州茅台,600519,1578.94877168,1578.94877168,1540.99506128,1553.49746,1577.15341234,3447007,5755266893.46,0.2744,-1.4999
2024-02-19,贵州茅台,600519,1616.63271306,1616.68852734,1570.241744,1577.15341234,1586.986028,3697744,6288277979.62,0.2944,-0.6196
2024-02-08,贵州茅台,600519,1600.01866238,1604.66055,1567.45103,1586.986028,1591.62791562,4675654,7953438044.01,0.3722,-0.2916
2024-02-07,贵州茅台,600519,1563.75798514,1594.97677242,1545.69276318,1591.62791562,1559.078888,5260107,8899606866.71,0.4187,2.0877
2024-02-06,贵州茅台,600519,1516.29724238,1567.89754424,1512.6600118,1559.078888,1516.29724238,5247204,8740646588.38,0.4177,2.8215
2024-02-05,贵州茅台,600519,1484.659848,1523.20891072,1483.9621695,1516.29724238,1484.659848,5313036,8590683070.98,0.4229,2.131
2024-02-02,贵州茅台,600519,1502.33437,1514.22281164,1470.706278,1484.659848,1497.71108714,3938202,6336691193.66,0.3135,-0.8714
2024-02-01,贵州茅台,600519,1493.497109,1510.60418582,1489.311038,1497.71108714,1492.94826858,2648515,4272298575.76,0.2108,0.319
2024-01-31,贵州茅台,600519,1500.473894,1506.95765286,1486.64125494,1492.94826858,1500.473894,2964912,4770104890.59,0.236,-0.5015
2024-01-30,贵州茅台,600519,1534.87409524,1534.87409524,1497.68318,1500.473894,1534.8927,3086633,5010784454.24,0.2457,-2.2424
2024-01-29,贵州茅台,600519,1525.8693914,1544.73461804,1525.86008902,1534.8927,1523.09728216,3142068,5189014946.07,0.2501,0.7744
2024-01-26,贵州茅台,600519,1516.62282568,1529.4042958,1509.776274,1523.09728216,1523.729844,2695475,4402111882.29,0.2146,-0.0415
2024-01-25,贵州茅台,600519,1513.32978316,1526.520558,1508.846036,1523.729844,1512.566988,3120580,5094508164.92,0.2484,0.738
2024-01-24,贵州茅台,600519,1515.357702,1519.86005392,1491.69244728,1512.566988,1506.055322,3321635,5373603703.01,0.2644,0.4324
2024-01-23,贵州茅台,600519,1518.15771838,1525.5438081,1496.752942,1506.055322,1527.450796,3483490,5659457114.74,0.2773,-1.4007
2024-01-22,贵州茅台,600519,1515.357702,1528.381034,1505.94369344,1527.450796,1520.93913,4694589,7678297835.81,0.3737,0.4281
2024-01-19,贵州茅台,600519,1496.63201106,1523.73914638,1489.19940944,1520.93913,1498.49248706,4637843,7550144389.15,0.3692,1.4979
2024-01-18,贵州茅台,600519,1464.194612,1500.2878464,1447.0317209,1498.49248706,1466.985326,6043981,9566349513.74,0.4811,2.1477
2024-01-17,贵州茅台,600519,1516.28794,1521.38564424,1466.985326,1466.985326,1525.06008434,5163276,8251735591.39,0.411,-3.808
2024-01-16,贵州茅台,600519,1524.194963,1532.101986,1511.58093572,1525.06008434,1525.59032,2590314,4236042959.79,0.2062,-0.0348
2024-01-15,贵州茅台,600519,1520.93913,1539.51598286,1520.4274991,1525.59032,1528.43684828,1785403,2931202342.59,0.1421,-0.1862
2024-01-12,贵州茅台,600519,1525.56241286,1536.06479988,1525.0321772,1528.43684828,1531.70198366,1160324,1908084612.39,0.0924,-0.2132
2024-01-11,贵州茅台,600519,1525.6833438,1542.27878972,1523.78565828,1531.70198366,1526.985677,1644055,2708764500.37,0.1309,0.3089
2024-01-10,贵州茅台,600519,1526.6135818,1543.69275148,1523.729844,1526.985677,1526.520558,1735067,2856120717.95,0.1381,0.0305
2024-01-09,贵州茅台,600519,1526.52986038,1537.05085216,1521.00424666,1526.520558,1529.30196962,2441204,4009826495.98,0.1943,-0.1819
2024-01-08,贵州茅台,600519,1545.125318,1546.055556,1525.59962238,1529.30196962,1547.32067968,2558620,4211918629.14,0.2037,-1.1645
2024-01-05,贵州茅台,600519,1545.43229654,1561.55332108,1536.85550218,1547.32067968,1552.567222,2024286,3373155626.7,0.1611,-0.3379
2024-01-04,贵州茅台,600519,1574.892934,1574.892934,1546.92067734,1552.567222,1575.823172,2155107,3603970147.13,0.1716,-1.4758
2024-01-03,贵州茅台,600519,1563.83240418,1576.95806236,1559.38586654,1575.823172,1567.46033238,2022929,3411400667.33,0.161,0.5335
2024-01-02,贵州茅台,600519,1595.35817,1598.32562922,1561.0323878,1567.46033238,1605.590788,3215644,5440082548.08,0.256,-2.3749
2023-12-29,贵州茅台,600519,1600.00936,1627.52580004,1600.00936,1605.590788,1604.65124762,2753868,4768857531.46,0.2192,0.0586
2023-12-28,贵州茅台,600519,1554.41839562,1607.44196162,1550.76256028,1604.65124762,1550.76256028,3833806,6537401379.77,0.3052,3.475
2023-12-27,贵州茅台,600519,1551.636984,1560.1486617,1545.125318,1550.76256028,1553.49746,1605550,2679221364.52,0.1278,-0.176
2023-12-26,贵州茅台,600519,1555.823055,1558.0556262,1541.869485,1553.49746,1555.357936,1477126,2457177339.1,0.1176,-0.1196
2023-12-25,贵州茅台,600519,1554.427698,1561.4975068,1551.636984,1555.357936,1554.1021147,1247106,2086014389.78,0.0993,0.0808
2023-12-22,贵州茅台,600519,1553.2183886,1561.9626258,1542.34390638,1554.1021147,1553.49746,2166684,3613238325.14,0.1725,0.0389
2023-12-21,贵州茅台,600519,1525.59962238,1555.65561216,1525.59962238,1553.49746,1534.69735002,2901168,4827827888.44,0.2309,1.225
2023-12-20,贵州茅台,600519,1542.334604,1544.19508,1528.381034,1534.69735002,1540.37180182,2309203,3816133219.46,0.1838,-0.3684
2023-12-19,贵州茅台,600519,1531.175625,1544.85044875,1512.86589125,1540.371875,1528.41675,2220676,3706057587.17,0.1768,0.7822
2023-12-18,贵州茅台,600519,1508.185,1529.63985125,1503.586875,1528.41675,1512.783125,1989734,3292194756.9,0.1584,1.0334
2023-12-15,贵州茅台,600519,1515.75351375,1542.91923625,1511.87269625,1512.783125,1504.4145375,3709251,6140791726.45,0.2953,0.5563
2023-12-14,贵州茅台,600519,1532.058465,1535.65419875,1503.6052675,1504.4145375,1526.5775,4067215,6703240106.62,0.3238,-1.4518
2023-12-13,贵州茅台,600519,1568.1629425,1568.622755,1523.892195,1526.5775,1572.54955375,3878870,6480807499.57,0.3088,-2.9234
2023-12-12,贵州茅台,600519,1551.95915,1572.54955375,1548.6485,1572.54955375,1561.52325,2101066,3564305866.14,0.1673,0.7061
2023-12-11,贵州茅台,600519,1554.16625,1567.041,1523.818625,1561.52325,1567.887055,3683098,6172810248.13,0.2932,-0.4059
2023-12-08,贵州茅台,600519,1563.3625,1571.491985,1556.2078175,1567.887055,1563.3625,2628801,4474160126.29,0.2093,0.2894
2023-12-07,贵州茅台,600519,1567.041,1571.712695,1551.6832625,1563.3625,1566.121375,2504150,4249170905.94,0.1993,-0.1762
2023-12-06,贵州茅台,600519,1565.78111375,1581.26759875,1564.40167625,1566.121375,1571.639125,2385129,4078003021.8,0.1899,-0.3511
2023-12-05,贵州茅台,600519,1608.2218075,1608.31377,1570.7378925,1571.639125,1609.99668375,2990301,5168983316.9,0.238,-2.3825
2023-12-04,贵州茅台,600519,1618.797495,1620.22291375,1605.00312,1609.99668375,1618.797495,1844047,3233102118.37,0.1468,-0.5437
2023-12-01,贵州茅台,600519,1645.49420875,1645.8528625,1607.5045,1618.797495,1647.5081875,3305131,5830850111.12,0.2631,-1.7427
2023-11-30,贵州茅台,600519,1633.91613,1650.506165,1628.729445,1647.5081875,1632.06768375,2135342,3817513544.95,0.17,0.9461
2023-11-29,贵州茅台,600519,1625.897,1633.254,1616.70075,1632.06768375,1626.85341,1714933,3034175613.94,0.1365,0.3205
2023-11-28,贵州茅台,600519,1619.459625,1631.304395,1616.70075,1626.85341,1621.298875,1451976,2562905659.33,0.1156,0.3426
2023-11-27,贵州茅台,600519,1630.7710125,1630.7710125,1613.941875,1621.298875,1634.173625,1626074,2865075216.81,0.1294,-0.7878
2023-11-24,贵州茅台,600519,1645.209125,1645.209125,1632.334375,1634.173625,1642.45025,1308540,2329345658.1,0.1042,-0.5039
2023-11-23,贵州茅台,600519,1635.3691375,1644.2895,1628.655875,1642.45025,1638.32113375,1154964,2055272192.8,0.0919,0.252
2023-11-22,贵州茅台,600519,1639.9672625,1650.12911875,1637.4290975,1638.32113375,1646.12875,1266457,2263460167.15,0.1008,-0.4743
2023-11-21,贵州茅台,600519,1640.0776175,1653.48575,1627.8282125,1646.12875,1620.8390625,3009845,5383107809.55,0.2396,1.5603
2023-11-20,贵州茅台,600519,1613.941875,1627.2764375,1597.0759525,1620.8390625,1612.4888675,1860804,3265514009.96,0.1481,0.5178
2023-11-17,贵州茅台,600519,1611.183,1617.620375,1598.2162875,1612.4888675,1618.58598125,2171363,3793781119.24,0.1729,-0.3767
2023-11-16,贵州茅台,600519,1631.41475,1633.254,1618.58598125,1618.58598125,1630.43075125,1255757,2215937272.64,0.1,-0.7265
2023-11-15,贵州茅台,600519,1636.012875,1639.59021625,1624.977375,1630.43075125,1623.38642375,1843486,3271230274.52,0.1468,0.4339
2023-11-14,贵州茅台,600519,1622.2185,1632.32517875,1618.54919625,1623.38642375,1622.2185,1281675,2263963956.58,0.102,0.072
2023-11-13,贵州茅台,600519,1629.832995,1641.42027,1615.7627325,1622.2185,1633.10686,1836995,3244573620.57,0.1462,-0.6667
2023-11-10,贵州茅台,600519,1637.43829375,1644.2895,1630.5870875,1633.10686,1649.90840875,1646557,2928380667.66,0.1311,-1.0183
2023-11-09,贵州茅台,600519,1646.22990875,1654.405375,1639.691375,1649.90840875,1653.7984225,1280048,2291996819.28,0.1019,-0.2352
2023-11-08,贵州茅台,600519,1640.65698125,1658.819575,1639.57182375,1653.7984225,1647.20471125,1454567,2610041958.5,0.1158,0.4003
2023-11-07,贵州茅台,600519,1659.923125,1664.52125,1640.68457,1647.20471125,1666.3605,1958159,3511590028.41,0.1559,-1.1496
2023-11-06,贵州茅台,600519,1673.7175,1677.20287875,1656.35498,1666.3605,1665.661585,2552392,4624102375.09,0.2032,0.042
2023-11-03,贵州茅台,600519,1636.9325,1669.01821625,1631.41475,1665.661585,1636.4726875,3017600,5433116880.72,0.2402,1.7836
2023-11-02,贵州茅台,600519,1650.726875,1650.726875,1633.3091775,1636.4726875,1637.84292875,2790764,4982090752.58,0.2222,-0.0837
2023-11-01,贵州茅台,600519,1701.30625,1701.30625,1631.22162875,1637.84292875,1549.1818825,9314308,16747292689.4,0.7415,5.7231
2023-10-31,贵州茅台,600519,1544.97,1554.16625,1533.79655625,1549.1818825,1545.889625,1985877,3335804698.65,0.1581,0.213
2023-10-30,贵州茅台,600519,1534.854125,1553.13627,1534.854125,1545.889625,1541.94443375,2408642,4050573178.4,0.1917,0.2559
2023-10-27,贵州茅台,600519,1530.256,1555.895145,1527.129275,1541.94443375,1537.82451375,3426239,5754795486.11,0.2727,0.2679
2023-10-26,贵州茅台,600519,1533.014875,1552.327,1528.42594625,1537.82451375,1542.6709375,2238635,3741418873.67,0.1782,-0.3142
2023-10-25,贵州茅台,600519,1535.87490875,1561.52325,1533.0332675,1542.6709375,1510.89789375,3617898,6075417064.21,0.288,2.1029
2023-10-24,贵州茅台,600519,1515.542,1520.47119,1490.90524625,1510.89789375,1511.8451075,2986146,4894807616.68,0.2377,-0.0627
2023-10-23,贵州茅台,600519,1498.96116125,1526.5775,1491.2639,1511.8451075,1512.783125,2523423,4138279588.35,0.2009,-0.062
2023-10-20,贵州茅台,600519,1498.98875,1521.979375,1486.34390625,1512.783125,1498.98875,4537601,7421390806.38,0.3612,0.9202
2023-10-19,贵州茅台,600519,1563.3625,1563.39008875,1495.33783875,1498.98875,1589.112,7349237,12146921769.34,0.585,-5.6713
2023-10-18,贵州茅台,600519,1580.65145,1601.98675,1579.1616575,1589.112,1587.27275,2031750,3511987514.2,0.1617,0.1159
2023-10-17,贵州茅台,600519,1599.227875,1599.63251,1578.0765,1587.27275,1590.8592875,1494523,2577312288.01,0.119,-0.2254
2023-10-16,贵州茅台,600519,1610.2449825,1614.8615,1584.00808125,1590.8592875,1610.263375,2078965,3603604610.39,0.1655,-1.205
2023-10-13,贵州茅台,600519,1628.54552,1635.10244625,1598.48297875,1610.263375,1642.45025,2502788,4387687934.1,0.1992,-1.9597
2023-10-12,贵州茅台,600519,1653.3937875,1653.69726375,1634.35755,1642.45025,1635.5530625,1486507,2657095942.16,0.1183,0.4217
2023-10-11,贵州茅台,600519,1641.20875625,1641.20875625,1625.897,1635.5530625,1627.73625,2194486,3896568648.26,0.1747,0.4802
2023-10-10,贵州茅台,600519,1639.59021625,1654.3869825,1625.897,1627.73625,1634.173625,2028392,3615557182.23,0.1615,-0.3939
2023-10-09,贵州茅台,600519,1652.5109475,1652.5109475,1623.0461625,1634.173625,1653.99154375,2976268,5279950405.97,0.2369,-1.1982
2023-09-28,贵州茅台,600519,1678.2972325,1678.2972325,1653.301825,1653.99154375,1668.19975,2053784,3704812959.84,0.1635,-0.8517
2023-09-27,贵州茅台,600519,1669.119375,1686.1324375,1657.89995,1668.19975,1670.039,2087994,3791876118.5,0.1662,-0.1101
2023-09-26,贵州茅台,600519,1681.0745,1687.40152,1667.3720875,1670.039,1685.1024575,1576196,2870852363.47,0.1255,-0.8939
2023-09-25,贵州茅台,600519,1699.0071875,1699.467,1679.77782875,1685.1024575,1700.386625,1397913,2565773541.04,0.1113,-0.8989
2023-09-22,贵州茅台,600519,1660.50248875,1701.269465,1648.34504625,1700.386625,1653.84440375,3439046,6287832574.83,0.2738,2.8142
2023-09-21,贵州茅台,600519,1671.88744625,1675.55675,1653.84440375,1653.84440375,1677.396,1948919,3521486754.52,0.1551,-1.4041
2023-09-20,贵州茅台,600519,1675.55675,1682.91375,1671.92423125,1677.396,1680.0996975,1250178,2281583949.35,0.0995,-0.1609
2023-09-19,贵州茅台,600519,1675.740675,1681.994125,1662.682,1680.0996975,1682.17805,1498950,2727858952.95,0.1193,-0.1236
2023-09-18,贵州茅台,600519,1633.53908375,1682.4539375,1630.495125,1682.17805,1638.76255375,3255892,5905120999.66,0.2592,2.6493
2023-09-15,贵州茅台,600519,1672.797875,1673.5151825,1638.1280125,1638.76255375,1672.51279125,2843146,5105749077.09,0.2263,-2.0179
2023-09-14,贵州茅台,600519,1676.04415125,1680.1364825,1660.84275,1672.51279125,1673.63473375,1750459,3180447848.44,0.1393,-0.067
2023-09-13,贵州茅台,600519,1682.84018,1682.84018,1655.37098125,1673.63473375,1673.680715,1950143,3540583633.36,0.1552,-0.0027
2023-09-12,贵州茅台,600519,1679.787025,1680.1364825,1670.0573925,1673.680715,1675.71308625,1216801,2214514112.22,0.0969,-0.1213
2023-09-11,贵州茅台,600519,1662.682,1692.11,1662.682,1675.71308625,1672.3380625,1592600,2902617736.37,0.1268,0.2018
2023-09-08,贵州茅台,600519,1687.4566975,1687.4566975,1669.07339375,1672.3380625,1690.27075,1221178,2224338143.85,0.0972,-1.0609
2023-09-07,贵州茅台,600519,1703.697275,1707.64246625,1684.00810375,1690.27075,1711.422125,1698157,3128587115.72,0.1352,-1.2359
2023-09-06,贵州茅台,600519,1708.66325,1716.6272025,1700.39582125,1711.422125,1709.3069875,1112143,2067605990.0,0.0885,0.1237
2023-09-05,贵州茅台,600519,1717.8595,1717.8595,1707.5597,1709.3069875,1716.02025,1565874,2915625960.96,0.1247,-0.3912
2023-09-04,贵州茅台,600519,1712.893525,1728.8398225,1704.55252625,1716.02025,1702.27185625,2387100,4453823216.38,0.19,0.8076
2023-09-01,贵州茅台,600519,1703.90878875,1715.53284875,1697.65533875,1702.27185625,1698.547375,1314519,2438622738.38,0.1046,0.2193
2023-08-31,贵州茅台,600519,1710.5025,1710.5025,1693.03882125,1698.547375,1706.824,1482022,2738445519.09,0.118,-0.4849
2023-08-30,贵州茅台,600519,1717.7675375,1717.8595,1695.4758275,1706.824,1702.52935125,1981181,3672570259.68,0.1577,0.2523
2023-08-29,贵州茅台,600519,1681.0745,1718.852695,1681.0745,1702.52935125,1687.48428625,2895028,5371260173.33,0.2305,0.8916
2023-08-28,贵州茅台,600519,1745.9816325,1745.9816325,1684.642645,1687.48428625,1678.2972325,4105213,7633221011.5,0.3268,0.5474
2023-08-25,贵州茅台,600519,1663.40850375,1690.05923625,1660.85194625,1678.2972325,1670.3148875,1883086,3433296756.29,0.1499,0.4779
2023-08-24,贵州茅台,600519,1636.5830425,1681.0745,1632.334375,1670.3148875,1631.41475,2605509,4703417599.85,0.2074,2.3844
2023-08-23,贵州茅台,600519,1652.566125,1655.325,1627.80982,1631.41475,1644.2895,1991222,3556178583.82,0.1585,-0.783
2023-08-22,贵州茅台,600519,1656.23542875,1657.67924,1628.6742675,1644.2895,1647.048375,2665036,4763131152.45,0.2122,-0.1675
2023-08-21,贵州茅台,600519,1648.887625,1668.19055375,1646.19312375,1647.048375,1657.70682875,1891181,3405415644.52,0.1505,-0.643
2023-08-18,贵州茅台,600519,1684.74380375,1687.50267875,1657.70682875,1657.70682875,1681.12048125,1702334,3084761576.77,0.1355,-1.3927
2023-08-17,贵州茅台,600519,1660.91632,1686.59225,1656.75041875,1681.12048125,1673.7175,1729037,3141408018.07,0.1376,0.4423
2023-08-16,贵州茅台,600519,1662.2957575,1676.79824375,1660.84275,1673.7175,1667.2617325,1318431,2396261790.64,0.105,0.3872
2023-08-15,贵州茅台,600519,1663.601625,1671.87825,1656.25382125,1667.2617325,1658.083875,1481799,2682125118.69,0.118,0.5535
2023-08-14,贵州茅台,600519,1664.52125,1678.2972325,1651.6465,1658.083875,1686.59225,2373119,4285362052.52,0.1889,-1.6903
2023-08-11,贵州茅台,600519,1733.493125,1733.860975,1686.481895,1686.59225,1724.296875,2678649,4959166750.57,0.2132,-2.1867
2023-08-10,贵州茅台,600519,1730.73425,1737.171625,1712.6176375,1724.296875,1738.348745,1843619,3454219139.54,0.1468,-0.8083
2023-08-09,贵州茅台,600519,1738.09125,1751.885625,1731.61709,1738.348745,1738.09125,1852346,3506306394.31,0.1475,0.0148
2023-08-08,贵州茅台,600519,1728.92258875,1741.50305875,1714.25457,1738.09125,1736.18762625,1773618,3333559504.87,0.1412,0.1096
2023-08-07,贵州茅台,600519,1729.76864375,1745.44825,1720.64596375,1736.18762625,1741.28234875,2389245,4491893139.83,0.1902,-0.2926
2023-08-04,贵州茅台,600519,1736.0864675,1753.283455,1730.73425,1741.28234875,1727.48797375,2457364,4655813751.33,0.1956,0.7985
2023-08-03,贵州茅台,600519,1719.69875,1738.09125,1701.7660625,1727.48797375,1728.895,2154347,4031087705.21,0.1715,-0.0814
2023-08-02,贵州茅台,600519,1732.021725,1738.09125,1716.75595,1728.895,1737.171625,1850872,3478674238.72,0.1473,-0.4764
2023-08-01,贵州茅台,600519,1727.06494625,1753.67889375,1726.95459125,1737.171625,1729.4283825,1923062,3635857283.15,0.1531,0.4477
2023-07-31,贵州茅台,600519,1754.6445,1779.474375,1723.37725,1729.4283825,1744.528625,4537861,8615279839.34,0.3612,-0.8656
2023-07-28,贵州茅台,600519,1684.753,1747.2875,1681.08369625,1744.528625,1690.29833875,3901792,7330314112.24,0.3106,3.2083
2023-07-27,贵州茅台,600519,1688.4315,1705.71125375,1681.7182375,1690.29833875,1681.58029375,2034043,3749635290.09,0.1619,0.5184
2023-07-26,贵州茅台,600519,1681.58029375,1688.42230375,1669.192945,1681.58029375,1681.58029375,1961145,3580171484.29,0.1561,0.0
2023-07-25,贵州茅台,600519,1655.325,1681.88377,1655.31580375,1681.58029375,1628.79381875,4308646,7837450018.66,0.343,3.2408
2023-07-24,贵州茅台,600519,1609.821955,1628.79381875,1609.821955,1628.79381875,1628.9317625,1971337,3476648177.44,0.1569,-0.0085
2023-07-21,贵州茅台,600519,1592.680145,1630.0353125,1587.27275,1628.9317625,1585.4335,3937740,6931535725.83,0.3135,2.7436
2023-07-20,贵州茅台,600519,1589.10280375,1608.4057325,1583.59425,1585.4335,1584.513875,1669265,2897176490.41,0.1329,0.058
2023-07-19,贵州茅台,600519,1577.16607125,1589.112,1576.053325,1584.513875,1584.32995,1248322,2147704434.69,0.0994,0.0116
2023-07-18,贵州茅台,600519,1594.2435075,1595.09875875,1582.674625,1584.32995,1590.92366125,1473765,2544005062.88,0.1173,-0.4145
2023-07-17,贵州茅台,600519,1610.263375,1610.263375,1587.824525,1590.92366125,1612.102625,1433648,2482069845.85,0.1141,-1.3137
2023-07-14,贵州茅台,600519,1614.8615,1617.1605625,1601.25105,1612.102625,1598.6761,1855030,3245530255.33,0.1477,0.8399
2023-07-13,贵州茅台,600519,1583.58505375,1605.12267125,1580.84457125,1598.6761,1576.053325,2580654,4479772500.36,0.2054,1.4354
2023-07-12,贵州茅台,600519,1575.35441,1584.513875,1573.78185125,1576.053325,1572.55875,1328467,2280785350.62,0.1058,0.2222
2023-07-11,贵州茅台,600519,1572.55875,1577.31321125,1565.2937125,1572.55875,1564.1901625,1258270,2151079269.91,0.1002,0.535
2023-07-10,贵州茅台,600519,1567.960625,1577.12009,1563.3625,1564.1901625,1554.19383875,1347741,2298241728.03,0.1073,0.6432
2023-07-07,贵州茅台,600519,1564.282125,1571.62992875,1554.16625,1554.19383875,1566.1029825,1516742,2571458552.96,0.1207,-0.7604
2023-07-06,贵州茅台,600519,1571.786265,1593.710125,1563.3625,1566.1029825,1577.5063325,1514062,2589459002.05,0.1205,-0.7229
2023-07-05,贵州茅台,600519,1590.95125,1592.76291125,1563.3625,1577.5063325,1591.503025,1474539,2523960724.51,0.1174,-0.8795
2023-07-04,贵州茅台,600519,1585.617425,1595.034385,1579.98932,1591.503025,1585.5254625,1247238,2155553634.66,0.0993,0.377
2023-07-03,贵州茅台,600519,1562.442875,1586.61062,1556.0055,1585.5254625,1555.085875,1913909,3286737792.28,0.1524,1.9574
2023-06-30,贵州茅台,600519,1563.3625,1571.62992875,1550.92917,1555.085875,1552.143075,2045869,3472586730.49,0.1629,0.1896
2023-06-29,贵州茅台,600519,1567.803051,1571.41687779,1551.50913021,1552.14313491,1565.43006198,1423116,2446524133.52,0.1133,-0.8488
2023-06-28,贵州茅台,600519,1551.66310278,1570.520214,1549.688631,1565.43006198,1549.73391705,1857356,3199294221.21,0.1479,1.0128
2023-06-27,贵州茅台,600519,1548.77385279,1557.5684037,1539.80721489,1549.73391705,1547.877189,1517446,2598138743.78,0.1208,0.12
2023-06-26,贵州茅台,600519,1557.93974931,1566.89733,1535.197095,1547.877189,1572.17768343,2399268,4098619509.84,0.191,-1.5457
2023-06-21,贵州茅台,600519,1575.95454,1590.9895086,1571.425935,1572.17768343,1579.08833466,1772061,3088635933.98,0.1411,-0.4376
2023-06-20,贵州茅台,600519,1575.95454,1598.597565,1571.425935,1579.08833466,1579.577424,2094674,3659824529.03,0.1667,-0.031
2023-06-19,贵州茅台,600519,1621.24059,1628.44107195,1574.143098,1579.577424,1628.20558449,3169992,5584248724.93,0.2523,-2.9866
2023-06-16,贵州茅台,600519,1591.351797,1630.2978,1585.1023221,1628.20558449,1589.540355,3791789,6742301360.96,0.3018,2.4325
2023-06-15,贵州茅台,600519,1567.20527514,1590.12907365,1560.557283,1589.540355,1564.07148048,2522257,4395900801.51,0.2008,1.6284
2023-06-14,贵州茅台,600519,1556.934399,1570.73758704,1545.35022741,1564.07148048,1538.819979,3150580,5438040355.85,0.2508,1.641
2023-06-13,贵州茅台,600519,1534.18268748,1543.90107381,1526.139885,1538.819979,1536.102816,1466254,2485398902.44,0.1167,0.1769
2023-06-12,贵州茅台,600519,1508.94930042,1546.971468,1504.87355592,1536.102816,1508.931186,2702944,4562308598.85,0.2152,1.8007
2023-06-09,贵州茅台,600519,1514.35645479,1519.77266637,1508.931186,1508.931186,1510.742628,1758041,2938014322.09,0.1399,-0.1199
2023-06-08,贵州茅台,600519,1499.72000343,1517.082675,1494.44870721,1510.742628,1495.2547989,1470272,2441569676.58,0.117,1.0358
2023-06-07,贵州茅台,600519,1515.26217579,1520.5244148,1494.43965,1495.2547989,1509.82784979,1788964,2971782063.87,0.1424,-0.9652
2023-06-06,贵州茅台,600519,1512.55407,1525.234164,1495.84351755,1509.82784979,1508.025465,1991392,3326778182.83,0.1585,0.1195
2023-06-05,贵州茅台,600519,1509.07610136,1524.21975648,1506.214023,1508.025465,1513.0975026,1620050,2704294313.25,0.129,-0.3352
2023-06-02,贵州茅台,600519,1489.911045,1515.40709115,1481.85918531,1513.0975026,1481.68709832,2505802,4163116244.45,0.1995,2.1199
2023-06-01,贵州茅台,600519,1465.456578,1517.07361779,1465.456578,1481.68709832,1475.3289369,2864525,4708722933.17,0.228,0.431
2023-05-31,贵州茅台,600519,1504.41163821,1508.67758412,1473.30917907,1475.3289369,1511.00528709,3695697,6053737281.28,0.2942,-2.3611
2023-05-30,贵州茅台,600519,1529.762769,1538.72034969,1502.19262176,1511.00528709,1529.762769,2645340,4424706687.63,0.2106,-1.2262
2023-05-29,贵州茅台,600519,1537.008537,1538.23126035,1519.799838,1529.762769,1531.17569376,1777141,2998147158.83,0.1415,-0.0923
2023-05-26,贵州茅台,600519,1541.537142,1544.254305,1517.09173221,1531.17569376,1540.631421,1829110,3090691545.84,0.1456,-0.6138
2023-05-25,贵州茅台,600519,1545.15096879,1548.78291,1530.66849,1540.631421,1549.5980589,2246560,3814504092.83,0.1788,-0.5786
2023-05-24,贵州茅台,600519,1569.00765993,1570.11263955,1548.88253931,1549.5980589,1561.96115055,1847927,3182416490.69,0.1471,-0.7915
2023-05-23,贵州茅台,600519,1588.62557679,1588.634634,1561.96115055,1561.96115055,1581.388866,1689421,2934118393.78,0.1345,-1.2285
2023-05-22,贵州茅台,600519,1530.67754721,1586.823192,1530.66849,1581.388866,1539.2728395,4128432,7165754128.68,0.3286,2.7361
2023-05-19,贵州茅台,600519,1513.459791,1543.64747193,1499.46640155,1539.2728395,1531.574211,2674116,4504022548.88,0.2129,0.5027
2023-05-18,贵州茅台,600519,1544.24524779,1544.6165934,1530.66849,1531.574211,1540.631421,1921928,3260170684.33,0.153,-0.5879
2023-05-17,贵州茅台,600519,1546.971468,1551.500073,1538.82903621,1540.631421,1542.70552209,1677691,2858697941.93,0.1336,-0.1344
2023-05-16,贵州茅台,600519,1552.39673679,1557.83106279,1537.008537,1542.70552209,1554.4889523,2222377,3785811907.34,0.1769,-0.758
2023-05-15,贵州茅台,600519,1541.537142,1555.122957,1531.7553552,1554.4889523,1545.5223144,2574018,4384647977.05,0.2049,0.5802
2023-05-12,贵州茅台,600519,1553.311515,1566.78864348,1544.26336221,1545.5223144,1555.18635747,1946045,3335038590.38,0.1549,-0.6214
2023-05-11,贵州茅台,600519,1567.803051,1571.425935,1553.311515,1555.18635747,1562.368725,1524612,2623835905.18,0.1214,-0.4597
2023-05-10,贵州茅台,600519,1553.48360199,1572.331656,1553.311515,1562.368725,1559.651562,2077260,3588550877.49,0.1654,0.1742
2023-05-09,贵州茅台,600519,1553.311515,1575.93642558,1546.12914747,1559.651562,1558.31109492,2937796,5057346564.02,0.2339,0.086
2023-05-08,贵州茅台,600519,1601.60455872,1602.220449,1555.27692957,1558.31109492,1585.01175,3317126,5742915994.0,0.2641,-1.6846
2023-05-05,贵州茅台,600519,1599.503286,1599.503286,1572.68488719,1585.01175,1584.9211779,2071421,3621305973.01,0.1649,0.0057
2023-05-04,贵州茅台,600519,1602.220449,1610.07305007,1572.331656,1584.9211779,1594.53993492,2746642,4818999650.48,0.2186,-0.6032
2023-04-28,贵州茅台,600519,1596.79518021,1614.69222717,1588.60746237,1594.53993492,1592.18506032,2622464,4636084177.09,0.2088,0.1479
2023-04-27,贵州茅台,600519,1583.200308,1603.12617,1566.89733,1592.18506032,1579.49590911,2560504,4489906863.57,0.2038,0.8034
2023-04-26,贵州茅台,600519,1579.577424,1594.974681,1557.84012,1579.49590911,1567.24150398,2789160,4861477657.17,0.222,0.7819
2023-04-25,贵州茅台,600519,1545.160026,1572.31354158,1541.537142,1567.24150398,1544.254305,2058251,3534989916.76,0.1638,1.4886
2023-04-24,贵州茅台,600519,1558.745841,1559.651562,1540.631421,1544.254305,1562.79441387,2023091,3456728717.89,0.161,-1.1863
2023-04-21,贵州茅台,600519,1581.388866,1583.27276568,1558.99944288,1562.79441387,1577.65729548,1851787,3210937221.62,0.1474,-0.9421
2023-04-20,贵州茅台,600519,1594.16858931,1598.597565,1565.991609,1577.65729548,1593.163239,1988537,3468366834.79,0.1583,-0.9733
2023-04-19,贵州茅台,600519,1595.880402,1599.0504255,1585.01175,1593.163239,1592.257518,1460056,2568632844.69,0.1162,0.0569
2023-04-18,贵州茅台,600519,1587.728913,1602.220449,1581.40698042,1592.257518,1587.728913,1831389,3220107647.21,0.1458,0.2852
2023-04-17,贵州茅台,600519,1575.95454,1587.728913,1565.085888,1587.728913,1551.88047582,3046723,5303401394.55,0.2425,2.31
2023-04-14,贵州茅台,600519,1563.274446,1569.614493,1544.0731608,1551.88047582,1560.557283,2123162,3646526766.48,0.169,-0.556
2023-04-13,贵州茅台,600519,1530.66849,1561.09165839,1525.24322121,1560.557283,1534.3819461,2954268,5049310126.13,0.2352,1.7059
2023-04-12,贵州茅台,600519,1582.53007446,1585.01175,1533.22262322,1534.3819461,1580.9360055,5110492,8732657375.75,0.4068,-2.9447
2023-04-11,贵州茅台,600519,1623.957753,1623.957753,1579.577424,1580.9360055,1604.6658957,2920919,5138854627.36,0.2325,-1.4788
2023-04-10,贵州茅台,600519,1622.03762448,1622.03762448,1579.577424,1604.6658957,1622.13725379,2941822,5171150567.29,0.2342,-1.0771
2023-04-07,贵州茅台,600519,1625.769195,1635.74118321,1619.73709314,1622.13725379,1627.54440816,1352468,2428160574.15,0.1077,-0.3322
2023-04-06,贵州茅台,600519,1634.826405,1644.6987639,1619.62840662,1627.54440816,1643.51226939,1487422,2676251955.72,0.1184,-0.9716
2023-04-04,贵州茅台,600519,1641.166452,1644.03758757,1618.523427,1643.51226939,1632.17264247,2006626,3614275263.46,0.1597,0.6948
2023-04-03,贵州茅台,600519,1652.940825,1655.44967217,1630.37025768,1632.17264247,1648.41222,2141743,3875811672.66,0.1705,-0.9852
2023-03-31,贵州茅台,600519,1652.940825,1673.772408,1647.506499,1648.41222,1630.2978,2744633,5024790356.05,0.2185,1.1111
2023-03-30,贵州茅台,600519,1623.957753,1634.826405,1611.277659,1630.2978,1621.24059,1925701,3453573052.06,0.1533,0.5587
2023-03-29,贵州茅台,600519,1629.392079,1630.2978,1616.77538547,1621.24059,1613.8136778,1539299,2761909332.83,0.1225,0.4602
2023-03-28,贵州茅台,600519,1603.12617,1621.24059,1598.61567942,1613.8136778,1601.12452659,1726135,3073113077.26,0.1374,0.7925
2023-03-27,贵州茅台,600519,1610.9153706,1610.9153706,1590.446076,1601.12452659,1610.93348502,1529555,2700755932.7,0.1218,-0.6089
2023-03-24,贵州茅台,600519,1602.29290668,1615.4439756,1599.503286,1610.93348502,1607.52797406,1276996,2269649178.71,0.1017,0.2118
2023-03-23,贵州茅台,600519,1599.503286,1622.24594031,1598.60662221,1607.52797406,1606.16033535,1735566,3082821550.73,0.1382,0.0851
2023-03-22,贵州茅台,600519,1612.18338,1623.957753,1599.09571155,1606.16033535,1607.654775,1533026,2727648673.67,0.122,-0.093
2023-03-21,贵州茅台,600519,1571.425935,1617.48184785,1561.43583237,1607.654775,1566.5350416,3114182,5491052283.5,0.2479,2.6249
2023-03-20,贵州茅台,600519,1585.917471,1589.540355,1565.085888,1566.5350416,1577.765982,2049093,3557872017.41,0.1631,-0.7118
2023-03-17,贵州茅台,600519,1603.12617,1608.46086669,1572.331656,1577.765982,1586.81413479,2702291,4744249368.65,0.2151,-0.5702
2023-03-16,贵州茅台,600519,1575.95454,1603.12617,1575.05787621,1586.81413479,1585.84501332,1764624,3096791141.74,0.1405,0.0611
2023-03-15,贵州茅台,600519,1610.70705477,1616.60329848,1585.12043652,1585.84501332,1599.503286,1921253,3392698489.5,0.1529,-0.8539
2023-03-14,贵州茅台,600519,1597.49258538,1612.07469348,1574.5959585,1599.503286,1595.880402,2370492,4177289026.69,0.1887,0.227
2023-03-13,贵州茅台,600519,1585.917471,1607.654775,1584.106029,1595.880402,1585.01175,2056043,3626476291.19,0.1637,0.6857
2023-03-10,贵州茅台,600519,1586.43373197,1613.089101,1585.01175,1585.01175,1603.14428442,2116082,3725139075.37,0.1685,-1.1311
2023-03-09,贵州茅台,600519,1601.314728,1616.711985,1575.95454,1603.14428442,1603.50657282,2761150,4881442709.87,0.2198,-0.0226
2023-03-08,贵州茅台,600519,1612.20149442,1617.56336274,1595.08336752,1603.50657282,1619.7008643,2276370,4035787172.33,0.1812,-0.9998
2023-03-07,贵州茅台,600519,1635.71401158,1645.3327686,1619.429148,1619.7008643,1636.76464794,2278539,4101302455.87,0.1814,-1.0425
2023-03-06,贵州茅台,600519,1646.76380778,1647.0536385,1627.37232117,1636.76464794,1646.63700684,2064586,3730079521.72,0.1644,-0.5995
2023-03-03,贵州茅台,600519,1666.31832417,1667.98485081,1632.54398808,1646.63700684,1655.657988,1619806,2946842659.13,0.1289,-0.5449
2023-03-02,贵州茅台,600519,1656.563709,1665.61186179,1649.4085131,1655.657988,1665.19523013,1314419,2405292304.3,0.1046,-0.5727
2023-03-01,贵州茅台,600519,1642.072173,1673.772408,1633.22327883,1665.19523013,1642.74240654,2445810,4475592194.72,0.1947,1.3668
2023-02-28,贵州茅台,600519,1647.506499,1650.23271921,1615.1722593,1642.74240654,1639.72635561,2395181,4314877096.49,0.1907,0.1839
2023-02-27,贵州茅台,600519,1610.8247985,1643.883615,1607.67288942,1639.72635561,1619.429148,2206489,3978128676.14,0.1756,1.2534
2023-02-24,贵州茅台,600519,1639.45463931,1639.52709699,1614.15785178,1619.429148,1646.600778,2463461,4415621498.39,0.1961,-1.6502
2023-02-23,贵州茅台,600519,1666.52664,1674.4969848,1635.05283525,1646.600778,1662.903756,2188097,3983991207.99,0.1742,-0.9804
2023-02-22,贵州茅台,600519,1680.12151221,1688.1733719,1659.0997278,1662.903756,1690.981107,2186916,4031016044.67,0.1741,-1.6604
2023-02-21,贵州茅台,600519,1697.321154,1697.321154,1676.489571,1690.981107,1698.226875,1875052,3491633509.91,0.1493,-0.4267
2023-02-20,贵州茅台,600519,1649.317941,1701.6686148,1645.8762012,1698.226875,1649.11868238,2966869,5488800056.22,0.2362,2.9778
2023-02-17,贵州茅台,600519,1675.72876536,1696.415433,1648.45750605,1649.11868238,1686.28947222,2644283,4880328952.31,0.2105,-2.2043
2023-02-16,贵州茅台,600519,1667.74030614,1709.095527,1655.657988,1686.28947222,1667.432361,3324595,6196915129.81,0.2647,1.1309
2023-02-15,贵州茅台,600519,1669.95026538,1680.3841713,1662.73166901,1667.432361,1669.95932259,1817691,3351422210.83,0.1447,-0.1513
2023-02-14,贵州茅台,600519,1681.43480766,1682.2861854,1661.998035,1669.95932259,1681.33517835,1956576,3601769573.56,0.1558,-0.6766
2023-02-13,贵州茅台,600519,1639.35501,1697.7740145,1639.35501,1681.33517835,1639.35501,3814670,7058382497.58,0.3037,2.5608
2023-02-10,贵州茅台,600519,1639.4455821,1647.04458129,1631.24880705,1639.35501,1646.600778,1798451,3253859316.65,0.1432,-0.44
2023-02-09,贵州茅台,600519,1610.371938,1657.24299975,1607.66383221,1646.600778,1615.806264,2975366,5401399087.97,0.2369,1.9058
2023-02-08,贵州茅台,600519,1630.30685721,1635.70495437,1607.654775,1615.806264,1627.580637,1667577,2980574806.02,0.1327,-0.7234
2023-02-07,贵州茅台,600519,1637.61602568,1638.2681448,1619.18460333,1627.580637,1625.769195,2432171,4373671735.48,0.1936,0.1114
2023-02-06,贵州茅台,600519,1612.18338,1625.769195,1594.06896,1625.769195,1646.600778,4266095,7595739043.71,0.3396,-1.2651
2023-02-03,贵州茅台,600519,1648.41222,1653.846546,1626.38508528,1646.600778,1663.00338531,3494490,6324635031.35,0.2782,-0.9863
2023-02-02,贵州茅台,600519,1674.11658198,1683.735339,1653.846546,1663.00338531,1671.02807337,2975886,5465509509.98,0.2369,-0.4802
2023-02-01,贵州茅台,600519,1680.09434058,1683.735339,1640.6230194,1671.02807337,1671.74359296,3397389,6244678924.61,0.2705,-0.0428
2023-01-31,贵州茅台,600519,1717.6998765,1720.82461395,1660.24999347,1671.74359296,1710.001248,3299068,6128311547.65,0.2626,-2.2373
2023-01-30,贵州茅台,600519,1729.021389,1729.021389,1702.75548,1710.001248,1684.65011721,3592255,6799756571.47,0.286,1.5048
2023-01-20,贵州茅台,600519,1711.07905599,1719.28488825,1682.829618,1684.65011721,1702.94568141,2560875,4807356070.5,0.2039,-1.0743
2023-01-19,贵州茅台,600519,1714.0769925,1714.09510692,1690.075386,1702.94568141,1714.529853,2343889,4401994436.6,0.1866,-0.6756
2023-01-18,贵州茅台,600519,1733.549994,1743.7846413,1711.81269,1714.529853,1728.115668,2106293,4008665437.58,0.1677,-0.7862
2023-01-17,贵州茅台,600519,1732.78918836,1741.701483,1716.341295,1728.115668,1732.5537009,2129923,4068321408.74,0.1696,-0.2562
2023-01-16,贵州茅台,600519,1708.189806,1752.570135,1703.661201,1732.5537009,1709.095527,3684826,7059982640.36,0.2933,1.3725
2023-01-13,贵州茅台,600519,1670.31255378,1710.001248,1666.52664,1709.095527,1661.092314,3193965,5969876222.27,0.2543,2.8899
2023-01-12,贵州茅台,600519,1673.772408,1681.018176,1660.186593,1661.092314,1671.00995895,1719317,3162637136.11,0.1369,-0.5935
2023-01-11,贵州茅台,600519,1681.018176,1684.64106,1663.66456164,1671.00995895,1679.61430845,2272031,4201487772.78,0.1809,-0.5123
2023-01-10,贵州茅台,600519,1665.67526226,1688.7168045,1657.9222905,1679.61430845,1667.6135052,2273173,4204783734.04,0.181,0.7196
2023-01-09,贵州茅台,600519,1661.998035,1675.56573558,1637.38053822,1667.6135052,1633.71236817,3097723,5684181146.57,0.2466,2.0751
2023-01-06,贵州茅台,600519,1635.84081252,1641.0758799,1618.523427,1633.71236817,1631.203521,2490375,4480838898.35,0.1982,0.1538
2023-01-05,贵州茅台,600519,1573.237377,1631.203521,1569.614493,1631.203521,1562.37778221,4794285,8541587088.57,0.3817,4.4052
2023-01-04,贵州茅台,600519,1566.89733,1574.7771027,1554.217236,1562.37778221,1566.90638721,2041575,3523582305.68,0.1625,-0.289
2023-01-03,贵州茅台,600519,1567.9841952,1574.53255803,1545.16908321,1566.90638721,1564.180167,2603380,4487760230.88,0.2072,0.1743
2022-12-30,贵州茅台,600519,1572.331656,1587.71985579,1564.180167,1564.180167,1556.934399,2533312,4409544296.52,0.2017,0.4654
2022-12-29,贵州茅台,600519,1555.122957,1564.17110979,1540.67670705,1556.934399,1569.614493,2241780,3844499655.3,0.1785,-0.8078
2022-12-28,贵州茅台,600519,1581.28017948,1582.294587,1546.98052521,1569.614493,1569.614493,2143790,3699948994.81,0.1707,0.0
2022-12-27,贵州茅台,600519,1574.143098,1582.43044515,1562.8215855,1569.614493,1557.97597815,1790505,3109270166.22,0.1425,0.747
2022-12-26,贵州茅台,600519,1583.856659,1583.856659,1551.67870158,1557.97477774,1583.856659,2138380,3749121030.39,0.1702,-1.6341
2022-12-23,贵州茅台,600519,1567.2221396,1593.694278,1560.604105,1583.856659,1581.173672,1731921,3063608408.78,0.1379,0.1697
2022-12-22,贵州茅台,600519,1571.0677543,1594.588607,1560.604105,1581.173672,1555.238131,2317534,4093861570.3,0.1845,1.6676
2022-12-21,贵州茅台,600519,1541.823196,1555.238131,1536.14420685,1555.238131,1533.774235,2281614,3948926226.82,0.1816,1.3994
2022-12-20,贵州茅台,600519,1578.78581357,1578.78581357,1504.66382605,1533.774235,1585.645317,4619840,7944120660.96,0.3678,-3.2713
2022-12-19,贵州茅台,600519,1608.7190052,1608.7190052,1574.17107593,1585.645317,1598.04966023,2498710,4447236355.79,0.1989,-0.7762
2022-12-16,贵州茅台,600519,1585.86889925,1601.743239,1558.815447,1598.04966023,1598.15697971,3330266,5901587127.54,0.2651,-0.0067
2022-12-15,贵州茅台,600519,1614.263845,1624.101464,1591.90562,1598.15697971,1583.74039623,3063444,5497063389.62,0.2439,0.9103
2022-12-14,贵州茅台,600519,1558.815447,1592.6210832,1558.815447,1583.74039623,1565.07575,2909840,5141262368.0,0.2316,1.1926
2022-12-13,贵州茅台,600519,1553.449473,1574.63612701,1547.18917,1565.07575,1555.25601758,2138546,3735089151.74,0.1702,0.6314
2022-12-12,贵州茅台,600519,1534.54335794,1579.385014,1533.774235,1555.25601758,1547.18917,3475517,6063957619.1,0.2767,0.5214
2022-12-09,贵州茅台,600519,1513.204668,1547.18917,1504.261378,1547.18917,1508.75090958,3921526,6716944492.77,0.3122,2.5477
2022-12-08,贵州茅台,600519,1504.261378,1515.887655,1489.057785,1508.75090958,1506.050036,1972956,3323420876.55,0.1571,0.1793
2022-12-07,贵州茅台,600519,1500.51413949,1538.24588,1493.55625987,1506.050036,1509.627352,3552626,6012253044.68,0.2828,-0.237
2022-12-06,贵州茅台,600519,1480.114495,1544.4167501,1477.431508,1509.627352,1488.9683521,4414748,7477917193.65,0.3514,1.3875
2022-12-05,贵州茅台,600519,1491.740772,1501.578391,1474.748521,1488.9683521,1461.22626652,3612746,6018521303.79,0.2876,1.8985
2022-12-02,贵州茅台,600519,1462.227915,1478.31689371,1449.8861748,1461.22626652,1458.4717332,2388390,3910860617.59,0.1901,0.1889
2022-12-01,贵州茅台,600519,1484.58614,1502.47272,1458.46278991,1458.4717332,1430.032071,5135768,8480772923.09,0.4088,1.9887
2022-11-30,贵州茅台,600519,1419.40744248,1434.503716,1417.511465,1430.032071,1430.032071,3149730,5019450678.42,0.2507,0.0
2022-11-29,贵州茅台,600519,1403.70302524,1430.9264,1387.104279,1430.032071,1350.32947052,7342013,11587859175.79,0.5845,5.9025
2022-11-28,贵州茅台,600519,1327.88181262,1354.908435,1297.671379,1350.32947052,1361.17768129,4772321,7040991068.02,0.3799,-0.797
2022-11-25,贵州茅台,600519,1359.83618779,1370.112028,1350.43679,1361.17768129,1359.37113671,1862104,2833988373.47,0.1482,0.1329
2022-11-24,贵州茅台,600519,1394.258911,1403.09488152,1353.99621942,1359.37113671,1385.315621,2768738,4241974248.28,0.2204,-1.8728
2022-11-23,贵州茅台,600519,1366.534712,1392.470253,1360.31018216,1385.315621,1377.22194355,2217746,3428793051.75,0.1765,0.5877
2022-11-22,贵州茅台,600519,1357.09059776,1394.92071446,1355.90114019,1377.22194355,1359.36219342,2990062,4582790131.01,0.238,1.3138
2022-11-21,贵州茅台,600519,1378.47400415,1378.47400415,1340.17883637,1359.36219342,1401.52980577,3909600,5917086070.31,0.3112,-3.0087
2022-11-18,贵州茅台,600519,1409.462504,1416.617136,1391.575924,1401.52980577,1401.413543,2360871,3703793426.03,0.1879,0.0083
2022-11-17,贵州茅台,600519,1422.4302745,1427.6173827,1388.78561752,1401.413543,1417.73504725,3057988,4793001162.45,0.2434,-1.1512
2022-11-16,贵州茅台,600519,1413.934149,1429.137742,1402.307872,1417.73504725,1420.194452,2684776,4250886805.49,0.2137,-0.1732
2022-11-15,贵州茅台,600519,1370.112028,1430.00524113,1360.274409,1420.194452,1371.006357,5631760,8858377894.31,0.4483,3.5877
2022-11-14,贵州茅台,600519,1380.3968115,1398.31022137,1366.534712,1371.006357,1366.66886135,5737015,8858049580.56,0.4567,0.3174
2022-11-11,贵州茅台,600519,1366.534712,1381.24642405,1337.00396842,1366.66886135,1319.135275,7394715,11252112275.01,0.5887,3.6034
2022-11-10,贵州茅台,600519,1291.411076,1328.078565,1283.49626435,1319.135275,1305.6309071,3771967,5518325849.45,0.3003,1.0343
2022-11-09,贵州茅台,600519,1327.13951955,1331.54856152,1296.77705,1305.6309071,1327.97124552,3609016,5276777530.39,0.2873,-1.6823
2022-11-08,贵州茅台,600519,1348.648132,1357.58247871,1313.73352784,1327.97124552,1347.85217919,3932491,5842320995.47,0.313,-1.475
2022-11-07,贵州茅台,600519,1336.17224245,1358.02069992,1329.50054811,1347.85217919,1356.31253153,4269835,6414049133.44,0.3399,-0.6238
2022-11-04,贵州茅台,600519,1286.00932884,1366.32901633,1286.00932884,1356.31253153,1287.3865955,8000795,11996968945.34,0.6369,5.3539
2022-11-03,贵州茅台,600519,1291.02651453,1307.9561625,1277.1912449,1287.3865955,1316.41651484,4515970,6509550786.92,0.3595,-2.2052
2022-11-02,贵州茅台,600519,1305.72034,1346.859474,1284.256444,1316.41651484,1307.51794129,7977715,11717204099.4,0.6351,0.6806
2022-11-01,贵州茅台,600519,1215.393111,1314.1270326,1215.393111,1307.51794129,1207.34415,11876648,16859775303.5,0.9454,8.297
2022-10-31,贵州茅台,600519,1207.34415,1235.97162129,1192.140557,1207.34415,1216.28744,7184665,9758303070.63,0.5719,-0.7353
2022-10-28,贵州茅台,600519,1243.80594333,1257.426574,1215.13375559,1216.28744,1252.954929,9314275,12823821843.11,0.7415,-2.9265
2022-10-27,贵州茅台,600519,1323.60692,1330.74366542,1237.61718665,1252.954929,1309.36920232,10710590,15258551283.15,0.8526,-4.3085
2022-10-26,贵州茅台,600519,1331.4770152,1354.89949171,1305.72034,1309.36920232,1323.38333775,8178083,12120993864.44,0.651,-1.059
2022-10-25,贵州茅台,600519,1323.08820918,1354.908435,1316.452288,1323.38333775,1342.63824112,8136156,12136909034.26,0.6477,-1.4341
2022-10-24,贵州茅台,600519,1404.09653,1421.088781,1330.77049529,1342.63824112,1452.390296,13209804,20217576174.45,1.0516,-7.5567
2022-10-21,贵州茅台,600519,1466.69956,1473.6753262,1439.86969,1452.390296,1469.8297115,3890740,6317945876.4,0.3097,-1.1865
2022-10-20,贵州茅台,600519,1449.707309,1492.12533347,1440.764019,1469.8297115,1473.854192,4277807,7020555512.3,0.3405,-0.2731
2022-10-19,贵州茅台,600519,1522.13007142,1522.13007142,1473.854192,1473.854192,1525.57323807,6012093,9997656284.46,0.4786,-3.3901
2022-10-18,贵州茅台,600519,1542.717525,1547.18917,1521.253629,1525.57323807,1536.9043865,2808277,4800689502.2,0.2236,-0.7373
2022-10-17,贵州茅台,600519,1543.611854,1545.39156871,1518.3917762,1536.9043865,1553.99501369,3354951,5740146639.24,0.2671,-1.0998
2022-10-14,贵州茅台,600519,1529.30259,1569.547395,1522.09429826,1553.99501369,1520.35035671,4651970,8045032622.51,0.3703,2.213
2022-10-13,贵州茅台,600519,1538.65727134,1551.660815,1517.676313,1520.35035671,1574.01904,6396927,10919727537.31,0.5092,-3.4097
2022-10-12,贵州茅台,600519,1586.23557414,1591.011291,1527.513932,1574.01904,1591.89667671,4819500,8372252823.49,0.3837,-1.123
2022-10-11,贵州茅台,600519,1599.954581,1615.158174,1574.01904,1591.89667671,1597.271594,3204719,5712249507.43,0.2551,-0.3365
2022-10-10,贵州茅台,600519,1690.28181,1691.176139,1592.0844858,1597.271594,1674.6310525,4858413,8865386495.5,0.3868,-4.6195
2022-09-30,贵州茅台,600519,1697.99092598,1701.00481471,1668.817914,1674.6310525,1681.65153515,2128908,4000917950.94,0.1695,-0.4175
2022-09-29,贵州茅台,600519,1697.41855542,1701.17473722,1673.40582177,1681.65153515,1684.021507,2158966,4075515187.39,0.1719,-0.1407
2022-09-28,贵州茅台,600519,1681.7856845,1698.6885026,1675.98148929,1684.021507,1688.493152,2144597,4042506329.83,0.1707,-0.2648
2022-09-27,贵州茅台,600519,1671.37569494,1696.542113,1655.50135519,1688.493152,1666.134927,2882019,5422668135.07,0.2294,1.3419
2022-09-26,贵州茅台,600519,1627.67878,1688.493152,1627.66089342,1666.134927,1640.58394747,3513492,6566771226.62,0.2797,1.5574
2022-09-23,贵州茅台,600519,1628.40318649,1658.980295,1628.40318649,1640.58394747,1628.40318649,2828769,5191904759.53,0.2252,0.748
2022-09-22,贵州茅台,600519,1645.56536,1646.47757558,1624.86164365,1628.40318649,1652.719992,2270429,4147900996.45,0.1807,-1.4713
2022-09-21,贵州茅台,600519,1678.36040443,1684.021507,1652.719992,1652.719992,1679.549862,2099454,3904096420.83,0.1671,-1.5974
2022-09-20,贵州茅台,600519,1672.37734342,1685.4524334,1662.15516295,1679.549862,1673.86192956,1411630,2645281859.21,0.1124,0.3398
2022-09-19,贵州茅台,600519,1658.980295,1689.02080611,1657.08431752,1673.86192956,1662.557611,1858351,3479680770.65,0.1479,0.6799
2022-09-16,贵州茅台,600519,1674.0050222,1686.3467624,1659.07867119,1662.557611,1681.33852,2412127,4501527357.24,0.192,-1.117
2022-09-15,贵州茅台,600519,1672.39523,1693.07211648,1672.35945684,1681.33852,1671.500901,2081021,3917954255.67,0.1657,0.5886
2022-09-14,贵州茅台,600519,1667.03819929,1681.33852,1666.134927,1671.500901,1680.444191,1604157,3002693246.64,0.1277,-0.5322
2022-09-13,贵州茅台,600519,1681.33852,1688.83299702,1661.86897767,1680.444191,1649.84919591,2869309,5387987148.04,0.2284,1.8544
2022-09-09,贵州茅台,600519,1632.150425,1656.297308,1624.101464,1649.84919591,1623.207135,2708986,4991679522.92,0.2156,1.6413
2022-09-08,贵州茅台,600519,1627.67878,1638.410728,1623.207135,1623.207135,1625.89906529,1659057,3026766447.8,0.1321,-0.1656
2022-09-07,贵州茅台,600519,1641.12054487,1643.47263014,1619.63876229,1625.89906529,1650.037005,2830616,5151537330.29,0.2253,-1.4629
2022-09-06,贵州茅台,600519,1641.41567344,1652.8988578,1632.150425,1650.037005,1641.093715,2083004,3832086313.19,0.1658,0.545
2022-09-05,贵州茅台,600519,1665.81296856,1671.500901,1627.67878,1641.093715,1676.866875,3682187,6764549172.75,0.2931,-2.1333
2022-09-02,贵州茅台,600519,1690.22815026,1692.92902384,1668.96994993,1676.866875,1682.13447281,1939132,3635162803.58,0.1544,-0.3131
2022-09-01,贵州茅台,600519,1710.09119735,1713.534364,1682.13447281,1682.13447281,1720.688996,2684508,5088658954.73,0.2137,-2.2406
2022-08-31,贵州茅台,600519,1663.5413729,1722.08414924,1663.46088329,1720.688996,1672.39523,4469151,8518225336.67,0.3558,2.8877
2022-08-30,贵州茅台,600519,1683.44019315,1685.810165,1658.2648318,1672.39523,1680.28321178,1823539,3400091357.62,0.1452,-0.4694
2022-08-29,贵州茅台,600519,1684.021507,1699.19827013,1675.972546,1680.28321178,1697.436442,1356962,2555981192.15,0.108,-1.0105
2022-08-26,贵州茅台,600519,1699.2251,1709.957048,1686.704494,1697.436442,1685.810165,2314195,4397161134.7,0.1842,0.6897
2022-08-25,贵州茅台,600519,1662.557611,1688.493152,1658.2648318,1685.810165,1658.2648318,2192534,4107597895.13,0.1745,1.6611
2022-08-24,贵州茅台,600519,1672.38628671,1677.07257067,1655.402979,1658.2648318,1672.40417329,1872761,3486382969.34,0.1491,-0.8455
2022-08-23,贵州茅台,600519,1697.9730394,1697.9730394,1669.712243,1672.40417329,1693.84123942,2375636,4452538978.24,0.1891,-1.2656
2022-08-22,贵州茅台,600519,1685.81910829,1705.485403,1682.57269402,1693.84123942,1694.76239829,1542667,2925285473.06,0.1228,-0.0544
2022-08-19,贵州茅台,600519,1697.436442,1706.69274715,1688.493152,1694.76239829,1695.2006195,1354417,2572000761.5,0.1078,-0.0259
2022-08-18,贵州茅台,600519,1706.379732,1710.92292332,1682.29545203,1695.2006195,1715.323022,2316777,4384060205.32,0.1844,-1.1731
2022-08-17,贵州茅台,600519,1726.05497,1726.05497,1694.753455,1715.323022,1715.17992936,1836063,3508295540.77,0.1462,0.0083
2022-08-16,贵州茅台,600519,1720.63533626,1729.44447691,1713.534364,1715.17992936,1717.01330381,1483584,2854189585.56,0.1181,-0.1068
2022-08-15,贵州茅台,600519,1717.52307134,1734.5510955,1713.13191595,1717.01330381,1724.266312,1932314,3717178491.24,0.1538,-0.4206
2022-08-12,贵州茅台,600519,1705.3959701,1726.05497,1699.2251,1724.266312,1705.3959701,2025983,3882570566.0,0.1613,1.1065
2022-08-11,贵州茅台,600519,1686.704494,1705.485403,1679.55880529,1705.3959701,1677.761204,2606149,4940834195.0,0.2075,1.6471
2022-08-10,贵州茅台,600519,1708.15050342,1715.323022,1667.54796682,1677.761204,1708.16839,2792662,5259452686.0,0.2223,-1.7801
2022-08-09,贵州茅台,600519,1709.53671337,1716.20840771,1703.696745,1708.16839,1709.53671337,1387461,2651800008.0,0.1104,-0.08
2022-08-08,贵州茅台,600519,1712.77418435,1728.63063752,1705.94151079,1709.53671337,1720.65322284,1679901,3220702892.0,0.1337,-0.6461
2022-08-05,贵州茅台,600519,1724.0874462,1730.526615,1703.6073121,1720.65322284,1713.54330729,2008584,3857406327.0,0.1599,0.4149
2022-08-04,贵州茅台,600519,1690.28181,1719.8840999,1681.45478277,1713.54330729,1685.810165,3035714,5797110733.0,0.2417,1.6451
2022-08-03,贵州茅台,600519,1690.27286671,1702.802416,1678.655533,1685.810165,1681.32063342,2459842,4642442195.72,0.1958,0.267
2022-08-02,贵州茅台,600519,1681.33852,1688.47526542,1661.67222529,1681.32063342,1690.5501087,2822088,5284516567.68,0.2247,-0.5459
2022-08-01,贵州茅台,600519,1690.29075329,1706.379732,1682.39382822,1690.5501087,1697.82994676,2103741,3988198589.91,0.1675,-0.4288
2022-07-29,贵州茅台,600519,1694.8428879,1716.20840771,1679.6392949,1697.82994676,1697.436442,3703236,7028415880.69,0.2948,0.0232
2022-07-28,贵州茅台,600519,1718.0954419,1733.209602,1692.66072514,1697.436442,1716.7539484,3486986,6669448409.07,0.2776,-1.1252
2022-07-27,贵州茅台,600519,1736.786918,1742.152892,1714.428693,1716.7539484,1744.12935909,2148987,4149807165.61,0.1711,-1.5696
2022-07-26,贵州茅台,600519,1746.61559371,1757.32965513,1741.27644958,1744.12935909,1739.15688985,2068510,4041100077.11,0.1647,0.2859
2022-07-25,贵州茅台,600519,1743.50332879,1745.9985067,1726.949299,1739.15688985,1741.258563,1691244,3285451347.06,0.1346,-0.1207
2022-07-22,贵州茅台,600519,1743.24397338,1754.673498,1730.526615,1741.258563,1734.103931,2511357,4894378604.9,0.1999,0.4126
2022-07-21,贵州茅台,600519,1737.7706799,1749.2180911,1730.08839379,1734.103931,1744.0309829,1406137,2735503093.44,0.1119,-0.5692
2022-07-20,贵州茅台,600519,1751.76692875,1761.82813,1739.469905,1744.0309829,1737.7706799,1870461,3659970960.88,0.1489,0.3602
2022-07-19,贵州茅台,600519,1739.469905,1745.41719285,1722.477654,1737.7706799,1745.42613614,2195603,4250852885.95,0.1748,-0.4386
2022-07-18,贵州茅台,600519,1746.05216644,1751.990511,1718.900338,1745.42613614,1743.4943855,2422072,4701936867.9,0.1928,0.1108
2022-07-15,贵州茅台,600519,1739.56828119,1788.37181472,1739.03168379,1743.4943855,1746.624537,3341623,6588730698.53,0.266,-0.1792
2022-07-14,贵州茅台,600519,1752.88484,1767.9095672,1735.892589,1746.624537,1751.89213481,2052724,4014985518.47,0.1634,-0.3007
2022-07-13,贵州茅台,600519,1739.469905,1763.616788,1735.59746043,1751.89213481,1742.51956689,1985377,3893406034.09,0.158,0.5379
2022-07-12,贵州茅台,600519,1757.356485,1764.3322512,1726.10862974,1742.51956689,1756.1044244,2344686,4562731380.52,0.1866,-0.7736
2022-07-11,贵州茅台,600519,1779.8935758,1783.98065933,1744.3887145,1756.1044244,1787.763671,2394921,4709248309.87,0.1906,-1.7709
2022-07-08,贵州茅台,600519,1793.129645,1801.97455881,1785.22377664,1787.763671,1779.71471,1564389,3134903462.48,0.1245,0.4523
2022-07-07,贵州茅台,600519,1793.129645,1797.01997615,1775.25200829,1779.71471,1790.446658,2093177,4179088240.33,0.1666,-0.5994
2022-07-06,贵州茅台,600519,1817.276528,1823.536831,1776.137394,1790.446658,1818.17980029,3275166,6566374982.4,0.2607,-1.5253
2022-07-05,贵州茅台,600519,1811.26663712,1837.35421405,1797.60129,1818.17980029,1804.755922,2632940,5345189851.74,0.2096,0.7438
2022-07-04,贵州茅台,600519,1806.55352329,1810.38125141,1789.56127229,1804.755922,1814.63825745,2507589,5042804258.48,0.1996,-0.5446
2022-07-01,贵州茅台,600519,1837.846095,1849.26667633,1802.26074409,1814.63825745,1828.902805,2159645,4385555298.57,0.1719,-0.78
2022-06-30,贵州茅台,600519,1788.658,1857.521333,1788.64905671,1828.902805,1796.10776057,3898243,7984019437.56,0.3103,1.8259
2022-06-29,贵州茅台,600519,1794.339924,1806.726886,1779.30746083,1796.10949,1801.418188,3036012,6142508407.97,0.2417,-0.2947
2022-06-28,贵州茅台,600519,1787.03161642,1805.842103,1770.450783,1801.418188,1778.90046065,2524571,5112298786.55,0.201,1.2658
2022-06-27,贵州茅台,600519,1787.20857302,1813.75206302,1769.8314349,1778.90046065,1777.53789483,4011517,8124448900.32,0.3193,0.0767
2022-06-24,贵州茅台,600519,1743.02251,1787.26166,1738.598595,1777.53789483,1731.6088093,3963465,7921199792.23,0.3155,2.6524
2022-06-23,贵州茅台,600519,1718.8679341,1738.63398632,1716.47902,1731.6088093,1712.939888,2684352,5239860443.01,0.2137,1.0899
2022-06-22,贵州茅台,600519,1729.750765,1732.405114,1709.400756,1712.939888,1721.55767442,1964665,3813775293.57,0.1564,-0.5006
2022-06-21,贵州茅台,600519,1724.442067,1740.35931317,1705.861624,1721.55767442,1718.26628166,2371702,4617805127.24,0.1888,0.1916
2022-06-20,贵州茅台,600519,1725.32685,1743.02251,1707.63119,1718.26628166,1726.211633,3497478,6802792459.37,0.2784,-0.4603
2022-06-17,贵州茅台,600519,1661.70210447,1727.096416,1661.70210447,1726.211633,1660.737691,5054161,9749530915.53,0.4023,3.9425
2022-06-16,贵州茅台,600519,1676.30102397,1687.83859429,1659.26010339,1660.737691,1659.0566033,2688670,5087605390.52,0.214,0.1013
2022-06-15,贵州茅台,600519,1654.54421,1685.511615,1648.34188117,1659.0566033,1655.428993,3366362,6354869099.95,0.268,0.2191
2022-06-14,贵州茅台,600519,1622.692022,1659.33973386,1620.922456,1655.428993,1642.157248,2941623,5467949347.61,0.2342,0.8082
2022-06-13,贵州茅台,600519,1672.23987,1674.009436,1635.14976664,1642.157248,1681.6185698,3675518,6847248995.14,0.2926,-2.3466
2022-06-10,贵州茅台,600519,1632.43348283,1687.281181,1623.576805,1681.6185698,1639.502899,4734462,8882462597.88,0.3769,2.5688
2022-06-09,贵州茅台,600519,1656.313776,1670.77997805,1635.963767,1639.502899,1650.6511648,2632902,4897066622.16,0.2096,-0.6754
2022-06-08,贵州茅台,600519,1614.728975,1665.161606,1614.728975,1650.6511648,1608.4470157,4435381,8236953845.7,0.3531,2.6239
2022-06-07,贵州茅台,600519,1578.57674162,1614.728975,1566.34019273,1608.4470157,1581.992004,3504859,6356031009.17,0.279,1.6723
2022-06-06,贵州茅台,600519,1583.76157,1588.185485,1555.448514,1581.992004,1580.222438,3674126,6535329351.79,0.2925,0.112
2022-06-02,贵州茅台,600519,1581.96546051,1588.8933114,1574.91374,1580.222438,1582.21319975,1691473,3019718031.75,0.1347,-0.1258
2022-06-01,贵州茅台,600519,1594.378966,1605.68649274,1574.028957,1582.21319975,1596.17507549,2176001,3897858998.89,0.1732,-0.8747
2022-05-31,贵州茅台,600519,1570.28632491,1605.7926667,1563.39386534,1596.17507549,1573.50693503,4075082,7329201058.43,0.3244,1.4406
2022-05-30,贵州茅台,600519,1562.526778,1584.24820065,1562.526778,1573.50693503,1552.93573028,3446569,6135631304.04,0.2744,1.3247
2022-05-27,贵州茅台,600519,1557.20923217,1574.91374,1551.03344683,1552.93573028,1541.9998124,2511958,4436904895.65,0.2,0.7092
2022-05-26,贵州茅台,600519,1558.102863,1558.102863,1530.67459,1541.9998124,1553.24540433,2805344,4888109192.13,0.2233,-0.724
2022-05-25,贵州茅台,600519,1561.88088641,1567.835476,1545.715901,1553.24540433,1557.21808,2238869,3929477101.94,0.1782,-0.2551
2022-05-24,贵州茅台,600519,1580.222438,1581.107221,1553.2365565,1557.21808,1575.798523,2734222,4824599922.43,0.2177,-1.1791
2022-05-23,贵州茅台,600519,1592.6094,1596.05120587,1567.835476,1575.798523,1592.61824783,2215713,3950856593.62,0.1764,-1.0561
2022-05-20,贵州茅台,600519,1557.20923217,1593.62690045,1550.139816,1592.61824783,1553.678948,4194960,7493460271.98,0.3339,2.5063
2022-05-19,贵州茅台,600519,1543.946335,1554.563731,1538.637637,1553.678948,1558.102863,1977626,3459059182.46,0.1574,-0.2839
2022-05-18,贵州茅台,600519,1569.30421578,1569.53425936,1542.19446466,1558.102863,1564.296344,2485044,4362486906.87,0.1978,-0.3959
2022-05-17,贵州茅台,600519,1565.95973604,1570.489825,1552.794165,1564.296344,1555.448514,2014474,3557048801.41,0.1604,0.5688
2022-05-16,贵州茅台,600519,1589.955051,1589.955051,1541.88479061,1555.448514,1573.35652192,2776531,4881208652.71,0.221,-1.1382
2022-05-13,贵州茅台,600519,1574.91374,1590.78674702,1562.526778,1573.35652192,1559.58045061,2073052,3690141230.79,0.165,0.8833
2022-05-12,贵州茅台,600519,1551.024599,1573.144174,1548.37025,1559.58045061,1564.296344,2203823,3888480084.0,0.1754,-0.3015
2022-05-11,贵州茅台,600519,1552.794165,1582.41669984,1550.139816,1564.296344,1562.69488677,3031267,5372950032.7,0.2413,0.1025
2022-05-10,贵州茅台,600519,1521.82676,1579.30226368,1508.56386283,1562.69488677,1550.139816,4011919,7018451096.9,0.3194,0.8099
2022-05-09,贵州茅台,600519,1574.91374,1574.91374,1537.752854,1550.139816,1586.415919,3035182,5324616273.09,0.2416,-2.2867
2022-05-06,贵州茅台,600519,1605.87229717,1609.420277,1575.798523,1586.415919,1625.346371,2859618,5138176680.32,0.2276,-2.3952
2022-05-05,贵州茅台,600519,1619.15289,1654.54421,1618.25041134,1625.346371,1617.71954154,3366094,6235017580.16,0.268,0.4715
2022-04-29,贵州茅台,600519,1624.461588,1635.963767,1602.32431734,1617.71954154,1623.576805,3488527,6384066536.99,0.2777,-0.3608
2022-04-28,贵州茅台,600519,1586.415919,1632.424635,1580.6648295,1623.576805,1588.11470236,4401006,8038681950.1,0.3503,2.233
2022-04-27,贵州茅台,600519,1563.51773496,1601.45723,1563.51773496,1588.11470236,1532.86885184,5740244,10289893014.2,0.457,3.6041
2022-04-26,贵州茅台,600519,1507.07742739,1547.46777134,1504.1311,1532.86885184,1511.209364,4456396,7692845225.54,0.3548,1.4333
2022-04-25,贵州茅台,600519,1548.37025,1571.8169995,1505.900666,1511.209364,1568.720259,5365802,9352986851.61,0.4271,-3.6661
2022-04-22,贵州茅台,600519,1559.872429,1581.88583004,1557.37734094,1568.720259,1574.89604434,2789975,4955360846.23,0.2221,-0.3921
2022-04-21,贵州茅台,600519,1583.9385266,1597.918098,1566.06591,1574.89604434,1589.955051,2895261,5160788004.08,0.2305,-0.9471
2022-04-20,贵州茅台,600519,1594.10468327,1610.30506,1564.89799644,1589.955051,1584.0270049,2415572,4342043328.48,0.1923,0.3742
2022-04-19,贵州茅台,600519,1592.6094,1621.79839117,1570.9322165,1584.0270049,1584.48709206,2420476,4359851980.1,0.1927,-0.029
2022-04-18,贵州茅台,600519,1575.91354479,1590.839834,1564.296344,1584.48709206,1597.90925017,1979315,3525102976.54,0.1576,-0.84
2022-04-15,贵州茅台,600519,1594.5559226,1608.535494,1588.97294187,1597.90925017,1600.572447,2104113,3800797635.05,0.1675,-0.1664
2022-04-14,贵州茅台,600519,1581.992004,1624.3731097,1575.0906966,1600.572447,1565.181127,3764986,6834657201.49,0.2997,2.2612
2022-04-13,贵州茅台,600519,1563.411561,1588.185485,1549.32581564,1565.181127,1576.683306,3114766,5534915752.96,0.248,-0.7295
2022-04-12,贵州茅台,600519,1529.789807,1581.96546051,1511.209364,1576.683306,1521.82676,4162956,7284546260.78,0.3314,3.6047
2022-04-11,贵州茅台,600519,1566.06591,1566.06591,1509.46634149,1521.82676,1578.452872,4386359,7568782591.47,0.3492,-3.5874
2022-04-08,贵州茅台,600519,1564.296344,1582.6113521,1563.00456082,1578.452872,1561.641995,2294132,4081618542.86,0.1826,1.0765
2022-04-07,贵州茅台,600519,1555.448514,1579.337655,1548.4587283,1561.641995,1561.641995,2019571,3568182341.31,0.1608,0.0
2022-04-06,贵州茅台,600519,1551.024599,1582.63789559,1551.024599,1561.641995,1574.92258783,2781977,4910792426.08,0.2215,-0.8433
2022-04-01,贵州茅台,600519,1530.62150302,1586.415919,1523.32204327,1574.92258783,1520.941977,4486191,7936957251.77,0.3571,3.5492
2022-03-31,贵州茅台,600519,1521.82676,1538.2837238,1511.9171904,1520.941977,1530.7630683,2517386,4338022921.71,0.2004,-0.6416
2022-03-30,贵州茅台,600519,1502.361534,1530.7630683,1499.707185,1530.7630683,1474.933261,4243343,7276379090.56,0.3378,3.7852
2022-03-29,贵州茅台,600519,1470.0669545,1496.6104445,1470.0669545,1474.933261,1469.4476064,2593498,4343365463.71,0.2065,0.3733
2022-03-28,贵州茅台,600519,1437.772375,1472.9867384,1419.191932,1469.4476064,1495.28327,5754164,9392008017.02,0.4581,-1.7278
2022-03-25,贵州茅台,600519,1514.748496,1534.213722,1490.859355,1495.28327,1522.64960819,2970866,5054831352.2,0.2365,-1.7973
2022-03-24,贵州茅台,600519,1537.752854,1539.52242,1519.48208505,1522.64960819,1550.30792477,2581532,4457504429.6,0.2055,-1.7841
2022-03-23,贵州茅台,600519,1508.555015,1566.06591,1501.476751,1550.30792477,1499.707185,5806739,10096341448.23,0.4622,3.374
2022-03-22,贵州茅台,600519,1525.25971804,1525.25971804,1492.03611639,1499.707185,1507.9356669,2105404,3578291198.34,0.1676,-0.5457
2022-03-21,贵州茅台,600519,1525.365892,1526.82578395,1499.71603283,1507.9356669,1511.02355957,2787716,4763083282.92,0.2219,-0.2044
2022-03-18,贵州茅台,600519,1520.057194,1543.946335,1497.30057524,1511.02355957,1521.95947745,3834868,6564085393.78,0.3053,-0.7185
2022-03-17,贵州茅台,600519,1521.82676,1552.794165,1514.44766978,1521.95947745,1481.96728585,6835196,11843531776.0,0.5441,2.6986
2022-03-16,贵州茅台,600519,1445.735422,1489.8860937,1409.459319,1481.96728585,1418.307149,7759281,12753010176.0,0.6177,4.4885
2022-03-15,贵州茅台,600519,1459.89195,1490.859355,1418.307149,1418.307149,1504.1311,8905587,14567142656.0,0.7089,-5.7059
2022-03-14,贵州茅台,600519,1530.67459,1548.37025,1504.1311,1504.1311,1565.18997483,4900661,8416841984.0,0.3901,-3.9011
2022-03-11,贵州茅台,600519,1562.526778,1572.259391,1520.12797664,1565.18997483,1587.68115869,4772677,8335618304.0,0.3799,-1.4166
2022-03-10,贵州茅台,600519,1599.687664,1611.189843,1584.646353,1587.68115869,1574.18821794,3646178,6587438848.0,0.2903,0.8571
2022-03-09,贵州茅台,600519,1560.8456903,1597.033315,1522.80886913,1574.18821794,1551.2015556,5643442,10018589952.0,0.4492,1.4819
2022-03-08,贵州茅台,600519,1557.20038434,1580.80639478,1532.444156,1551.2015556,1510.324581,5721546,10087484416.0,0.4555,2.7065
2022-03-07,贵州茅台,600519,1557.3950366,1564.296344,1507.4932754,1510.324581,1575.3561315,4915581,8487507456.0,0.3913,-4.1281
2022-03-04,贵州茅台,600519,1567.835476,1586.31859287,1552.8826433,1575.3561315,1592.6094,3104703,5509157632.0,0.2472,-1.0833
2022-03-03,贵州茅台,600519,1633.1324614,1637.06974575,1587.300702,1592.6094,1632.31846104,3154693,5703580672.0,0.2511,-2.4327
2022-03-02,贵州茅台,600519,1628.00072,1637.72448517,1614.728975,1632.31846104,1644.35150984,2007448,3690612336.0,0.1598,-0.7318
2022-03-01,贵州茅台,600519,1594.378966,1648.85505531,1594.378966,1644.35150984,1584.1154832,4737930,8721229312.0,0.3772,3.8025
2022-02-28,贵州茅台,600519,1581.16030798,1589.955051,1563.411561,1584.1154832,1591.77770398,2892303,5158148352.0,0.2302,-0.4814
2022-02-25,贵州茅台,600519,1570.489825,1599.93540324,1570.489825,1591.77770398,1560.85453813,3897913,6999524161.07,0.3103,1.9812
2022-02-24,贵州茅台,600519,1599.687664,1604.98751417,1546.6891623,1560.85453813,1616.50738883,6535925,11578557074.65,0.5203,-3.4428
2022-02-23,贵州茅台,600519,1602.70477403,1622.692022,1592.68018264,1616.50738883,1599.57264221,2811161,5118197819.78,0.2238,1.0587
2022-02-22,贵州茅台,600519,1645.70522783,1646.581163,1592.62709566,1599.57264221,1660.72884317,5229881,9473992638.0,0.4163,-3.6825
2022-02-21,贵州茅台,600519,1681.0877,1687.1927027,1653.61518785,1660.72884317,1687.281181,2081573,3920377358.24,0.1657,-1.5737
2022-02-18,贵州茅台,600519,1661.29510429,1688.14826834,1650.70425178,1687.281181,1669.57667317,1938549,3670339742.13,0.1543,1.0604
2022-02-17,贵州茅台,600519,1681.62741763,1691.24500884,1664.276823,1669.57667317,1674.49606665,1821366,3450265031.67,0.145,-0.2938
2022-02-16,贵州茅台,600519,1681.0877,1687.281181,1670.470304,1674.49606665,1672.78843546,1458685,2769034315.56,0.1161,0.1021
2022-02-15,贵州茅台,600519,1653.4824704,1690.820313,1644.811597,1672.78843546,1653.36744861,2710586,5131842112.34,0.2158,1.1746
2022-02-14,贵州茅台,600519,1628.00072,1660.737691,1625.62065373,1653.36744861,1636.82200651,2019587,3762313349.46,0.1608,1.0108
2022-02-11,贵州茅台,600519,1643.042031,1681.78667857,1628.885503,1636.82200651,1657.198559,3374649,6296909575.46,0.2686,-1.2296
2022-02-10,贵州茅台,600519,1681.0877,1686.3079197,1643.38709637,1657.198559,1677.53087234,2303183,4315456867.57,0.1833,-1.212
2022-02-09,贵州茅台,600519,1627.19556747,1688.165964,1616.47199751,1677.53087234,1627.115937,3388479,6346699783.61,0.2697,3.0984
2022-02-08,贵州茅台,600519,1653.55325304,1657.08353721,1583.76157,1627.115937,1652.73925268,4171306,7585130458.71,0.3321,-1.5504
2022-02-07,贵州茅台,600519,1681.96363517,1693.08535748,1636.84855,1652.73925268,1669.585521,3515042,6601799703.31,0.2798,-1.009
2022-01-28,贵州茅台,600519,1729.750765,1741.252944,1663.40088783,1669.585521,1738.598595,4102011,7889492895.47,0.3265,-3.9695
2022-01-27,贵州茅台,600519,1770.45963083,1779.13935206,1727.096416,1738.598595,1729.750765,4266516,8450329057.76,0.3396,0.5115
2022-01-26,贵州茅台,600519,1718.28397732,1742.137727,1697.898577,1729.750765,1719.133369,2390513,4655706528.07,0.1903,0.6176
2022-01-25,贵州茅台,600519,1719.133369,1739.483378,1708.515973,1719.133369,1725.5038066,2551012,4971078497.88,0.2031,-0.3692
2022-01-24,贵州茅台,600519,1729.750765,1755.409472,1708.90527752,1725.5038066,1756.28540717,2398580,4685441775.05,0.1909,-1.7527
2022-01-21,贵州茅台,600519,1734.17468,1763.80606267,1726.22048083,1756.28540717,1742.59781416,3081258,6091427695.41,0.2453,0.7855
2022-01-20,贵州茅台,600519,1695.244228,1751.86149217,1695.244228,1742.59781416,1691.705096,3401391,6665294953.73,0.2708,3.0084
2022-01-19,贵州茅台,600519,1697.898577,1697.898577,1671.24891304,1691.705096,1674.24832741,2637094,5026993463.36,0.2099,1.0427
2022-01-18,贵州茅台,600519,1647.18281544,1688.91802955,1638.618116,1674.24832741,1647.12088063,3121577,5906705861.19,0.2485,1.647
2022-01-17,贵州茅台,600519,1652.774644,1661.8879089,1623.87763122,1647.12088063,1651.889861,2735382,5074077664.85,0.2178,-0.2887
2022-01-14,贵州茅台,600519,1661.08275637,1674.894219,1648.350729,1651.889861,1661.08275637,2932164,5506186026.03,0.2334,-0.5534
2022-01-13,贵州茅台,600519,1738.43933406,1741.24409617,1650.61577348,1661.08275637,1740.368161,5674735,10781720543.51,0.4517,-4.5557
2022-01-12,贵州茅台,600519,1723.557284,1750.8086004,1723.557284,1740.368161,1716.96565065,2747410,5384359627.75,0.2187,1.363
2022-01-11,贵州茅台,600519,1723.557284,1738.598595,1708.66638611,1716.96565065,1739.483378,2227664,4332180603.54,0.1773,-1.2945
2022-01-10,贵州茅台,600519,1705.87047183,1749.215991,1696.61564165,1739.483378,1718.248586,2962670,5792738145.05,0.2358,1.2358
2022-01-07,贵州茅台,600519,1747.446425,1759.72721304,1715.87736756,1718.248586,1753.83455826,2981669,5831695310.91,0.2374,-2.029
2022-01-06,贵州茅台,600519,1789.04007383,1801.418188,1715.16069333,1753.83455826,1790.800792,5179475,10226933846.73,0.4123,-2.0642
2022-01-05,贵州茅台,600519,1809.381235,1827.076895,1785.492094,1790.800792,1814.89343309,2839551,5774992117.19,0.226,-1.3275
2022-01-04,贵州茅台,600519,1818.229065,1830.57178785,1781.952962,1814.89343309,1813.80515,3384262,6913653122.1,0.2694,0.06
2021-12-31,贵州茅台,600519,1831.50081,1834.13746334,1794.339924,1813.80515,1835.924725,2966491,6061415343.62,0.2361,-1.2048
2021-12-30,贵州茅台,600519,1805.842103,1848.29399134,1794.339924,1835.924725,1805.842103,3526136,7272866656.61,0.2807,1.6659
2021-12-29,贵州茅台,600519,1902.28345,1906.04377775,1805.842103,1805.842103,1891.82531494,5404902,11195625154.37,0.4303,-4.545
2021-12-28,贵州茅台,600519,1887.242139,1907.1497565,1872.7316978,1891.82531494,1886.19809506,2765070,5901940632.95,0.2201,0.2983
2021-12-27,贵州茅台,600519,1918.209544,1918.209544,1868.661696,1886.19809506,1941.29353247,3755590,8020677686.43,0.299,-2.8381
2021-12-24,贵州茅台,600519,1901.29249304,1961.52851968,1901.29249304,1941.29353247,1875.73996,5612959,12295953399.53,0.4468,3.4948
2021-12-23,贵州茅台,600519,1816.459499,1875.73996,1791.685575,1875.73996,1812.035584,3909854,8126298013.23,0.3112,3.5156
2021-12-22,贵州茅台,600519,1804.95732,1825.307329,1804.95732,1812.035584,1803.3647106,1743079,3570928372.49,0.1388,0.4808
2021-12-21,贵州茅台,600519,1809.381235,1830.73104879,1780.91776589,1803.3647106,1821.73280568,2628589,5354186590.18,0.2092,-1.0083
2021-12-20,贵州茅台,600519,1814.4244981,1845.35651178,1805.842103,1821.73280568,1814.4244981,3225769,6654596507.97,0.2568,0.4028
2021-12-17,贵州茅台,600519,1858.4866915,1865.122564,1801.418188,1814.4244981,1874.84632917,4840318,9988869784.79,0.3853,-3.2228
2021-12-16,贵州茅台,600519,1871.316045,1897.01899115,1845.86083809,1874.84632917,1889.011705,3721136,7865499277.85,0.2962,-0.7499
2021-12-15,贵州茅台,600519,1895.33790345,1915.51095585,1880.18157066,1889.011705,1902.28345,3007827,6444715085.83,0.2394,-0.6977
2021-12-14,贵州茅台,600519,1874.1473506,1918.1210657,1858.0443,1902.28345,1874.1473506,4044941,8673733690.92,0.322,1.5013
2021-12-13,贵州茅台,600519,1905.822582,1928.82694,1873.970394,1874.1473506,1849.19647,6580656,14139012289.88,0.5239,1.3493
2021-12-10,贵州茅台,600519,1822.65298,1854.31051574,1819.113848,1849.19647,1846.14396865,4314822,8944582264.84,0.3435,0.1653
2021-12-09,贵州茅台,600519,1818.17597802,1873.01482836,1809.381235,1846.14396865,1807.611669,6423918,13404724467.36,0.5114,2.1317
2021-12-08,贵州茅台,600519,1738.49242104,1809.381235,1725.32685,1807.611669,1730.52052621,6104807,12285101988.37,0.486,4.4548
2021-12-07,贵州茅台,600519,1752.52507942,1758.83358221,1722.43360959,1730.52052621,1740.6335959,3697989,7286659622.07,0.2944,-0.581
2021-12-06,贵州茅台,600519,1754.524689,1760.71817,1725.32685,1740.6335959,1744.68590204,3106388,6122543819.18,0.2473,-0.2323
2021-12-03,贵州茅台,600519,1709.400756,1759.49716946,1708.56021215,1744.68590204,1711.170322,3581839,7045848179.87,0.2851,1.9586
2021-12-02,贵州茅台,600519,1716.47902,1718.38130345,1698.4294468,1711.170322,1710.27669117,2042182,3939731543.19,0.1626,0.0523
2021-12-01,贵州茅台,600519,1725.32685,1734.13044085,1697.91627266,1710.27669117,1708.31247291,2625440,5071457098.18,0.209,0.115
2021-11-30,贵州茅台,600519,1756.6481682,1760.6296917,1705.4192325,1708.31247291,1756.294255,3692487,7192172533.06,0.2939,-2.732
2021-11-29,贵州茅台,600519,1734.17468,1760.71817,1726.28241564,1756.294255,1717.37265083,4239934,8372476082.52,0.3375,2.2663
2021-11-26,贵州茅台,600519,1738.44818189,1740.368161,1703.207275,1717.37265083,1730.66209149,3265557,6337346210.94,0.26,-0.7679
2021-11-25,贵州茅台,600519,1727.981199,1757.3559946,1722.00891375,1730.66209149,1717.363803,3975288,7803035266.46,0.3165,0.7743
2021-11-24,贵州茅台,600519,1681.0877,1739.483378,1678.433351,1717.363803,1677.92902469,5451235,10555736753.38,0.4339,2.3502
2021-11-23,贵州茅台,600519,1638.618116,1696.129011,1638.618116,1677.92902469,1640.62657341,4578220,8676297615.55,0.3645,2.2737
2021-11-22,贵州茅台,600519,1635.963767,1689.050747,1635.078984,1640.62657341,1617.74608503,4257268,7994018410.01,0.3389,1.4143
2021-11-19,贵州茅台,600519,1587.46881077,1635.963767,1582.1689606,1617.74608503,1585.531136,3115559,5699883799.68,0.248,2.0318
2021-11-18,贵州茅台,600519,1575.99317526,1598.802881,1566.06591,1585.531136,1588.185485,1952089,3485674964.21,0.1554,-0.1671
2021-11-17,贵州茅台,600519,1597.033315,1610.7474515,1583.77041783,1588.185485,1599.687664,2450546,4411450908.49,0.1951,-0.719
2021-11-16,贵州茅台,600519,1564.296344,1608.535494,1561.641995,1599.687664,1558.22673262,3352624,6033536262.21,0.2669,2.6608
2021-11-15,贵州茅台,600519,1569.32191144,1578.452872,1548.37025,1558.22673262,1569.41038974,2494735,4410975373.31,0.1986,-0.7126
2021-11-12,贵州茅台,600519,1573.144174,1579.38189415,1563.11073478,1569.41038974,1565.7119968,1760663,3124400971.84,0.1402,0.2362
2021-11-11,贵州茅台,600519,1550.96266419,1565.7119968,1540.8495945,1565.7119968,1551.90053417,2265187,3987243284.9,0.1803,0.89
2021-11-10,贵州茅台,600519,1583.77041783,1588.185485,1535.098505,1551.90053417,1583.77041783,3534877,6204803249.65,0.2814,-2.0123
2021-11-09,贵州茅台,600519,1610.28736434,1617.26830221,1576.683306,1583.77041783,1610.3935383,2735192,4915170027.86,0.2177,-1.6532
2021-11-08,贵州茅台,600519,1610.30506,1619.8607164,1594.42320515,1610.3935383,1610.25197302,1770572,3220439333.62,0.1409,0.0088
2021-11-05,贵州茅台,600519,1596.33433643,1632.41578717,1596.33433643,1610.25197302,1596.3254886,2707723,4956331383.2,0.2155,0.8724
2021-11-04,贵州茅台,600519,1573.09108702,1606.765928,1565.55273586,1596.3254886,1561.641995,3113043,5592211730.83,0.2478,2.221
2021-11-03,贵州茅台,600519,1592.6094,1601.43953434,1558.27097177,1561.641995,1596.71479312,2782931,4958314535.25,0.2215,-2.1966
2021-11-02,贵州茅台,600519,1589.6896161,1631.73450426,1581.992004,1596.71479312,1595.263749,3250024,5875341368.84,0.2587,0.091
2021-11-01,贵州茅台,600519,1574.91374,1615.8791929,1557.21808,1595.263749,1615.68454064,4168998,7486936394.48,0.3319,-1.2639
2021-10-29,贵州茅台,600519,1614.728975,1635.078984,1604.111579,1615.68454064,1615.16251867,2877586,5266898950.19,0.2291,0.0323
2021-10-28,贵州茅台,600519,1614.9059316,1631.34519974,1594.378966,1615.16251867,1609.420277,2949093,5383196101.39,0.2348,0.3568
2021-10-27,贵州茅台,600519,1638.8835509,1644.1922489,1592.6978783,1609.420277,1646.62540215,3464729,6302270905.08,0.2758,-2.2595
2021-10-26,贵州茅台,600519,1649.26205549,1662.49840917,1631.539852,1646.62540215,1657.22510249,2113026,3934223713.92,0.1682,-0.6396
2021-10-25,贵州茅台,600519,1663.39204,1667.82480283,1643.926814,1657.22510249,1681.972483,3246133,6076219947.62,0.2584,-1.4713
2021-10-22,贵州茅台,600519,1641.272465,1699.67699083,1640.387682,1681.972483,1631.539852,3596260,6794850055.72,0.2863,3.0911
2021-10-21,贵州茅台,600519,1628.9739813,1645.69638,1618.268107,1631.539852,1628.885503,2301870,4238584293.96,0.1832,0.163
2021-10-20,贵州茅台,600519,1621.807239,1636.6715934,1597.92694583,1628.885503,1603.38605694,2866339,5246404614.98,0.2282,1.5903
2021-10-19,贵州茅台,600519,1592.6094,1626.9389804,1592.50322604,1603.38605694,1592.6094,4031456,7330114082.02,0.3209,0.6767
2021-10-18,贵州茅台,600519,1670.470304,1670.470304,1581.107221,1592.6094,1696.10246751,6965202,12651498606.59,0.5545,-6.1018
2021-10-15,贵州茅台,600519,1672.3283483,1707.62234217,1672.3283483,1696.10246751,1690.820313,2856078,5452953878.98,0.2274,0.3124
2021-10-14,贵州茅台,600519,1706.68447219,1718.0716294,1677.548568,1690.820313,1707.5427117,2662255,5097602232.37,0.2119,-0.9793
2021-10-13,贵州茅台,600519,1654.54421,1725.28261085,1647.465946,1707.5427117,1655.42014517,5014261,9625769126.63,0.3992,3.1486
2021-10-12,贵州茅台,600519,1651.005078,1660.737691,1630.14189486,1655.42014517,1651.99603496,3060642,5688160837.06,0.2436,0.2073
2021-10-11,贵州茅台,600519,1627.56717633,1672.1513917,1620.04652083,1651.99603496,1627.6468068,3767557,7040475326.66,0.2999,1.496
2021-10-08,贵州茅台,600519,1612.44623486,1661.622474,1599.00638109,1627.6468068,1619.15289,4745196,8780381117.96,0.3777,0.5246
2021-09-30,贵州茅台,600519,1608.69475494,1637.04320226,1595.6176622,1619.15289,1610.30506,4053929,7411735790.23,0.3227,0.5495
2021-09-29,贵州茅台,600519,1600.572447,1632.43348283,1580.1339597,1610.30506,1612.12771298,4329065,7870151768.17,0.3446,-0.1131
2021-09-28,贵州茅台,600519,1635.078984,1645.69638,1588.185485,1612.12771298,1641.272465,4922105,8973408813.24,0.3918,-1.7757
2021-09-27,贵州茅台,600519,1548.37025,1648.7046422,1548.37025,1641.272465,1498.822402,12686892,23270689701.97,1.0099,9.5041
2021-09-24,贵州茅台,600519,1440.426724,1521.80906434,1440.426724,1498.822402,1446.620205,6953660,11756596091.11,0.5535,3.6086
2021-09-23,贵州茅台,600519,1449.274554,1465.09447404,1437.84315764,1446.620205,1449.00027127,3034181,4964210090.5,0.2415,-0.1643
2021-09-22,贵州茅台,600519,1467.70458389,1493.513704,1446.620205,1449.00027127,1491.744138,3174300,5227723003.37,0.2527,-2.8654
2021-09-17,贵州茅台,600519,1433.34846,1509.0858848,1433.34846,1491.744138,1449.33648881,5513025,9242101551.88,0.4389,2.926
2021-09-16,贵州茅台,600519,1418.307149,1454.583252,1402.381055,1449.33648881,1429.57928442,4596802,7458455126.2,0.3659,1.382
2021-09-15,贵州茅台,600519,1459.89195,1468.73978,1424.50063,1429.57928442,1466.085431,4157005,6781755393.37,0.3309,-2.49
2021-09-14,贵州茅台,600519,1467.854997,1489.089789,1462.546299,1466.085431,1463.431082,3376061,5638962653.7,0.2688,0.1814
2021-09-13,贵州茅台,600519,1473.163695,1489.974572,1451.1325983,1463.431082,1471.02252014,2772002,4605031710.53,0.2207,-0.5161
2021-09-10,贵州茅台,600519,1445.80620464,1476.5258704,1444.850639,1471.02252014,1445.80620464,3338811,5528034093.44,0.2658,1.7441
2021-09-09,贵州茅台,600519,1438.657158,1455.468035,1436.89643983,1445.80620464,1444.9391173,1995013,3257785762.02,0.1588,0.06
2021-09-08,贵州茅台,600519,1468.73978,1478.63165394,1440.49750664,1444.9391173,1476.702827,3306367,5428265636.13,0.2632,-2.151
2021-09-07,贵州茅台,600519,1469.65110649,1490.39926784,1460.776733,1476.702827,1478.18041461,3121122,5204051657.3,0.2485,-0.1
2021-09-06,贵州茅台,600519,1459.007167,1511.35092928,1438.78987545,1478.18041461,1467.16486626,5533806,9306030671.19,0.4405,0.7508
2021-09-03,贵州茅台,600519,1424.51832566,1468.55397557,1399.726706,1467.16486626,1432.2867204,5283518,8631165695.89,0.4206,2.4351
2021-09-02,贵州茅台,600519,1444.84179117,1453.698469,1416.44025687,1432.2867204,1435.12687383,4283679,6939707277.23,0.341,-0.1979
2021-09-01,贵州茅台,600519,1379.376697,1446.61135717,1354.6912513,1435.12687383,1378.491914,7731610,12370243405.19,0.6155,4.1085
2021-08-31,贵州茅台,600519,1406.6280134,1430.11900205,1375.9260433,1378.491914,1403.265838,4367709,6888080926.71,0.3477,-1.7654
2021-08-30,贵州茅台,600519,1420.076715,1427.154979,1367.83027885,1403.265838,1412.14021149,5158770,8098190333.41,0.4107,-0.6284
2021-08-27,贵州茅台,600519,1405.920187,1437.772375,1401.5847503,1412.14021149,1411.228885,3609545,5791426192.05,0.2873,0.0646
2021-08-26,贵州茅台,600519,1473.15484717,1473.15484717,1410.98114576,1411.228885,1473.18139066,5402037,8722233200.59,0.43,-4.2054
2021-08-25,贵州茅台,600519,1457.80386212,1487.20520121,1453.698469,1473.18139066,1437.93163594,5423890,9037626406.21,0.4318,2.4514
2021-08-24,贵州茅台,600519,1393.533225,1453.30031665,1385.36667791,1437.93163594,1389.27741877,7259447,11703813763.5,0.5779,3.5021
2021-08-23,贵州茅台,600519,1360.69008004,1414.768017,1359.70797091,1389.27741877,1369.644084,7159720,11218832882.53,0.57,1.4335
2021-08-20,贵州茅台,600519,1375.98797811,1413.48508165,1349.7364665,1369.644084,1433.32191651,11454454,17825198285.98,0.9118,-4.4427
2021-08-19,贵州茅台,600519,1435.31267826,1453.8754256,1415.6528,1433.32191651,1433.34846,4129195,6682355677.87,0.3287,-0.0019
2021-08-18,贵州茅台,600519,1437.47154878,1453.68962117,1415.6528,1433.34846,1446.620205,5997026,9701556273.15,0.4774,-0.9174
2021-08-17,贵州茅台,600519,1504.1311,1504.1311,1441.20533304,1446.620205,1503.4232736,6120077,10140291982.18,0.4872,-3.7782
2021-08-16,贵州茅台,600519,1500.591968,1516.1641488,1490.93013764,1503.4232736,1504.16649132,2805697,4773049794.4,0.2233,-0.0494
2021-08-13,贵州茅台,600519,1495.28327,1515.633279,1485.550657,1504.16649132,1495.28327,3790452,6418412543.9,0.3017,0.5941
2021-08-12,贵州茅台,600519,1532.444156,1547.485467,1491.91224677,1495.28327,1548.8126415,4755097,8130692626.46,0.3785,-3.4562
2021-08-11,贵州茅台,600519,1574.92258783,1579.34650283,1548.37909783,1548.8126415,1591.724617,3866259,6821292779.01,0.3078,-2.6959
2021-08-10,贵州茅台,600519,1504.1311,1595.15757504,1482.011525,1591.724617,1498.6454454,8328505,14549496462.91,0.663,6.2109
2021-08-09,贵州茅台,600519,1460.776733,1512.094147,1459.89195,1498.6454454,1478.472393,4769775,8028155490.38,0.3797,1.3645
2021-08-06,贵州茅台,600519,1494.398487,1498.83124983,1456.8836878,1478.472393,1503.246317,4568610,7616109614.97,0.3637,-1.648
2021-08-05,贵州茅台,600519,1497.83144504,1543.946335,1483.21482988,1503.246317,1525.365892,4805969,8177369850.63,0.3826,-1.4501
2021-08-04,贵州茅台,600519,1534.26680898,1557.21808,1520.057194,1525.365892,1547.7509019,3817549,6614683378.43,0.3039,-1.4463
2021-08-03,贵州茅台,600519,1530.67459,1565.17227917,1494.2215304,1547.7509019,1552.794165,5437475,9447823227.17,0.4329,-0.3248
2021-08-02,贵州茅台,600519,1472.278912,1553.66125234,1433.98550376,1552.794165,1485.54180917,9740065,16515259088.96,0.7754,4.5271
2021-07-30,贵州茅台,600519,1526.250675,1526.250675,1466.75786608,1485.54180917,1548.18444557,7773589,13109725032.42,0.6188,-4.0462
2021-07-29,贵州茅台,600519,1601.46607783,1612.959409,1534.51454822,1548.18444557,1565.0926487,6386385,11299569856.98,0.5084,-1.0803
2021-07-28,贵州茅台,600519,1506.785449,1582.1689606,1488.31117996,1565.0926487,1515.53595287,8536884,14792470948.05,0.6796,3.2699
2021-07-27,贵州茅台,600519,1595.263749,1601.45723,1506.785449,1515.53595287,1596.24585813,8657699,15230805685.48,0.6892,-5.0562
2021-07-26,贵州茅台,600519,1662.507257,1662.507257,1574.91374,1596.24585813,1681.0877,9861948,17894360803.19,0.7851,-5.0468
2021-07-23,贵州茅台,600519,1714.55019306,1714.55019306,1676.74341547,1681.0877,1716.48786783,4758547,9057761875.71,0.3788,-2.0624
2021-07-22,贵州茅台,600519,1734.17468,1746.4731637,1715.55884568,1716.48786783,1742.137727,3909047,7619076855.11,0.3112,-1.4723
2021-07-21,贵州茅台,600519,1759.833387,1774.874698,1735.95309383,1742.137727,1751.87034,2978013,5902656220.53,0.2371,-0.5556
2021-07-20,贵州茅台,600519,1747.446425,1759.77145219,1735.42222403,1751.87034,1747.446425,2347521,4639300956.05,0.1869,0.2532
2021-07-19,贵州茅台,600519,1730.53822187,1757.179038,1717.363803,1747.446425,1730.5470697,3005234,5900348209.63,0.2392,0.9765
2021-07-16,贵州茅台,600519,1751.87034,1766.5577378,1725.32685,1730.5470697,1767.78758617,3540764,6958296858.75,0.2819,-2.1066
2021-07-15,贵州茅台,600519,1729.76846066,1781.068179,1725.8577198,1767.78758617,1735.944246,4219005,8391506228.51,0.3359,1.8344
2021-07-14,贵州茅台,600519,1746.561642,1747.0040335,1720.902935,1735.944246,1754.4362107,3077069,6011814880.15,0.245,-1.054
2021-07-13,贵州茅台,600519,1741.252944,1774.4323065,1738.598595,1754.4362107,1735.059463,2992471,5946287258.91,0.2382,1.1168
2021-07-12,贵州茅台,600519,1747.93305565,1768.48656474,1716.9214115,1735.059463,1744.88940213,3901024,7658786228.0,0.3105,-0.5634
2021-07-09,贵州茅台,600519,1738.17389916,1757.09940753,1720.902935,1744.88940213,1756.294255,3090790,6072340992.95,0.246,-0.6494
2021-07-08,贵州茅台,600519,1769.6544783,1773.105132,1741.252944,1756.294255,1773.105132,3551669,7027713779.87,0.2827,-0.9481
2021-07-07,贵州茅台,600519,1778.41383,1795.11853304,1768.69006483,1773.105132,1780.9797007,2812212,5658210730.18,0.2239,-0.4421
2021-07-06,贵州茅台,600519,1765.142085,1781.952962,1734.18352783,1780.9797007,1764.257302,3528251,7015883090.99,0.2809,0.9478
2021-07-05,贵州茅台,600519,1769.566,1787.15548604,1756.294255,1764.257302,1781.068179,3442095,6872797767.52,0.274,-0.9439
2021-07-02,贵州茅台,600519,1835.924725,1835.924725,1779.7410045,1781.068179,1862.468215,4627531,9388640194.18,0.3684,-4.3705
2021-07-01,贵州茅台,600519,1822.62643651,1866.89213,1797.5251428,1862.468215,1819.7331961,3370124,6970730877.58,0.2683,2.3484
2021-06-30,贵州茅台,600519,1827.076895,1835.039942,1810.5314529,1819.7331961,1824.422546,2191566,4511484217.06,0.1745,-0.257
2021-06-29,贵州茅台,600519,1865.122564,1871.316045,1814.689933,1824.422546,1860.70749683,3303063,6835635172.06,0.2629,-1.9501
2021-06-28,贵州茅台,600519,1858.0443,1873.970394,1834.155159,1860.70749683,1850.966036,2745242,5750241214.09,0.2185,0.5263
2021-06-25,贵州茅台,600519,1813.76975868,1866.007347,1807.2577558,1850.966036,1812.70801908,3587543,7459680452.0,0.2856,2.1105
2021-06-24,贵州茅台,600519,1788.1299653,1823.1824,1771.46713,1812.7078665,1786.36814,3147370,6452557072.56,0.2505,1.4745
2021-06-23,贵州茅台,600519,1823.1824,1825.81199,1782.9934995,1786.36814,1818.7734541,3707901,7596735684.45,0.2952,-1.7817
2021-06-22,贵州茅台,600519,1833.70076,1838.95994,1800.2962017,1818.7734541,1824.6199092,3322818,6900830616.21,0.2645,-0.3204
2021-06-21,贵州茅台,600519,1827.56505,1840.4412757,1796.8865,1824.6199092,1832.7716382,3548826,7367986470.8,0.2825,-0.4448
2021-06-18,贵州茅台,600519,1881.90991,1890.236945,1810.03445,1832.7716382,1890.5963223,5402821,11329180836.32,0.4301,-3.0585
2021-06-17,贵州茅台,600519,1889.4918945,1917.84764,1879.5958708,1890.5963223,1891.55174,2106753,4558702643.11,0.1677,-0.0505
2021-06-16,贵州茅台,600519,1921.35376,1923.98335,1882.78644,1891.55174,1922.23029,2759315,5978924528.06,0.2197,-1.596
2021-06-15,贵州茅台,600519,1924.071003,1936.1495864,1882.78644,1922.23029,1909.7923293,2936130,6412821567.23,0.2337,0.6513
2021-06-11,贵州茅台,600519,1962.55067,1966.93332,1909.7923293,1909.7923293,1962.0948744,3397066,7513797036.43,0.2704,-2.6656
2021-06-10,贵州茅台,600519,1923.98335,1973.3933461,1919.6708224,1962.0948744,1927.927735,2556663,5707338424.23,0.2035,1.7722
2021-06-09,贵州茅台,600519,1921.35376,1940.63742,1893.4012183,1927.927735,1920.47723,2550235,5591378816.61,0.203,0.388
2021-06-08,贵州茅台,600519,1980.9578,1998.4796347,1894.3128095,1920.47723,1990.59963,4731363,10479943156.1,0.3766,-3.5227
2021-06-07,贵州茅台,600519,1985.34045,1997.61187,1963.4359653,1990.59963,1973.507295,2546627,5756592694.17,0.2027,0.8661
2021-06-04,贵州茅台,600519,1941.51395,2005.50064,1940.6724812,1973.507295,1947.8424966,3142219,7058715114.68,0.2501,1.3176
2021-06-03,贵州茅台,600519,1945.8966,1981.2558202,1937.2014224,1947.8424966,1947.64966,2345031,5242453018.5,0.1867,0.0099
2021-06-02,贵州茅台,600519,1972.1925,1984.46392,1935.5360154,1947.64966,1964.2599035,2286277,5088908383.98,0.182,-0.8456
2021-06-01,贵州茅台,600519,1947.64966,1971.2721435,1933.62518,1964.2599035,1944.14354,3061634,6832594465.5,0.2437,1.0347
2021-05-31,贵州茅台,600519,1941.952215,1944.4503255,1903.82316,1944.14354,1954.6619,3173900,6960864260.2,0.2527,-0.5381
2021-05-28,贵州茅台,600519,1964.2774341,1972.1925,1933.1956803,1954.6619,1967.80985,2580731,5741331985.52,0.2054,-0.6682
2021-05-27,贵州茅台,600519,1938.0253606,2033.5496,1929.330183,1967.80985,1945.8966,4537338,10240368980.36,0.3612,1.1261
2021-05-26,贵州茅台,600519,1935.3607094,1965.004954,1922.3004124,1945.8966,1923.545085,3860420,8558038173.71,0.3073,1.162
2021-05-25,贵州茅台,600519,1827.56505,1928.453653,1827.56505,1923.545085,1815.5478237,6775695,14636718750.42,0.5394,5.9485
2021-05-24,贵州茅台,600519,1797.76303,1823.2349918,1780.23243,1815.5478237,1789.961913,3254808,6705879397.29,0.2591,1.4294
2021-05-21,贵州茅台,600519,1801.3392724,1823.0772164,1785.5091406,1789.961913,1804.6700864,2424823,4976601457.79,0.193,-0.815
2021-05-20,贵州茅台,600519,1817.92322,1818.010873,1792.8194008,1804.6700864,1796.00997,2185716,4500663211.25,0.174,0.4822
2021-05-19,贵州茅台,600519,1804.77527,1818.6332093,1788.1212,1796.00997,1805.0469943,2240972,4606452358.47,0.1784,-0.5007
2021-05-18,贵州茅台,600519,1810.03445,1820.55281,1792.5564418,1805.0469943,1803.8636788,1750428,3595891741.83,0.1393,0.0656
2021-05-17,贵州茅台,600519,1775.060903,1827.740356,1775.060903,1803.8636788,1761.6938205,4452400,9178509985.37,0.3544,2.3937
2021-05-14,贵州茅台,600519,1737.28246,1779.794165,1732.02328,1761.6938205,1728.078895,3561129,7150302044.37,0.2835,1.9452
2021-05-13,贵州茅台,600519,1723.0388475,1739.9558765,1711.86309,1728.078895,1739.03552,2507751,4934954969.14,0.1996,-0.63
2021-05-12,贵州茅台,600519,1708.4270924,1752.18347,1708.35697,1739.03552,1717.12227,3269887,6473203286.06,0.2603,1.2762
2021-05-11,贵州茅台,600519,1644.37028,1723.25798,1642.003649,1717.12227,1647.0261659,4249412,8209251913.88,0.3383,4.2559
2021-05-10,贵州茅台,600519,1665.407,1673.29577,1635.6137453,1647.0261659,1668.03659,4600318,8677753607.6,0.3662,-1.2596
2021-05-07,贵州茅台,600519,1722.38145,1724.9935094,1666.28353,1668.03659,1717.12227,5249339,10101703446.06,0.4179,-2.8586
2021-05-06,贵州茅台,600519,1753.06,1759.0554652,1711.86309,1717.12227,1759.0028734,5354614,10584968907.14,0.4263,-2.3809
2021-04-30,贵州茅台,600519,1775.84978,1784.61508,1756.3119263,1759.0028734,1776.1653308,3840137,7723747038.43,0.3057,-0.9663
2021-04-29,贵州茅台,600519,1794.2919712,1796.8339082,1765.33142,1776.1653308,1789.87426,4128378,8370431227.68,0.3286,-0.7659
2021-04-28,贵州茅台,600519,1761.8253,1794.695175,1755.68959,1789.87426,1835.8394932,8134295,16463574636.6,0.6475,-2.5038
2021-04-27,贵州茅台,600519,1829.3882324,1836.5494825,1810.1133377,1835.8394932,1821.2715646,2210785,4607779001.56,0.176,0.7999
2021-04-26,贵州茅台,600519,1868.76196,1871.39155,1817.572608,1821.2715646,1848.5491782,3404511,7160836874.36,0.271,-1.4756
2021-04-23,贵州茅台,600519,1802.1193841,1858.1384164,1799.077825,1848.5491782,1801.707415,3346277,7002695288.1,0.2664,2.5999
2021-04-22,贵州茅台,600519,1831.860047,1839.83647,1798.201295,1801.707415,1823.1824,2685002,5539295655.77,0.2137,-1.1779
2021-04-21,贵州茅台,600519,1819.67628,1838.784634,1810.122103,1823.1824,1836.155044,2614975,5446145952.13,0.2082,-0.7065
2021-04-20,贵州茅台,600519,1815.381283,1866.13237,1814.4171,1836.155044,1830.19464,2829037,5949669952.68,0.2252,0.3257
2021-04-19,贵州茅台,600519,1801.26915,1839.2754908,1781.98549,1830.19464,1801.2516194,3175391,6610577917.18,0.2528,1.6068
2021-04-16,贵州茅台,600519,1775.0433724,1812.66404,1763.57836,1801.2516194,1766.733868,3029370,6183895053.75,0.2412,1.9538
2021-04-15,贵州茅台,600519,1780.144777,1794.169257,1744.2947,1766.733868,1794.25691,3436621,6903769489.51,0.2736,-1.534
2021-04-14,贵州茅台,600519,1783.73855,1795.13344,1767.08448,1794.25691,1771.46713,2411465,4908790022.84,0.192,1.2865
2021-04-13,贵州茅台,600519,1770.5906,1796.711194,1760.94877,1771.46713,1760.8523517,2899215,5883787293.27,0.2308,0.6028
2021-04-12,贵州茅台,600519,1762.70183,1779.3559,1745.784801,1760.8523517,1770.5906,3194307,6409917317.58,0.2543,-0.55
2021-04-09,贵州茅台,600519,1789.87426,1800.39262,1757.4514153,1770.5906,1814.4171,2880886,5832453811.8,0.2293,-2.4155
2021-04-08,贵州茅台,600519,1794.2832059,1822.30587,1791.62732,1814.4171,1806.52833,2854762,5893307514.47,0.2273,0.4367
2021-04-07,贵州茅台,600519,1844.2717118,1855.876969,1796.8865,1806.52833,1863.5290759,4020097,8317799924.65,0.32,-3.0588
2021-04-06,贵州茅台,600519,1894.18133,1895.0403294,1842.729019,1863.5290759,1895.05786,3274177,6967525036.59,0.2606,-1.6637
2021-04-02,贵州茅台,600519,1802.14568,1897.68745,1802.14568,1895.05786,1792.065585,5202757,10981752657.58,0.4142,5.7471
2021-04-01,贵州茅台,600519,1771.46713,1794.081604,1754.1293666,1792.065585,1760.94877,2658763,5379775870.02,0.2117,1.767
2021-03-31,贵州茅台,600519,1792.591503,1793.3979106,1753.06,1760.94877,1802.1895065,3715441,7489086233.43,0.2958,-2.2884
2021-03-30,贵州茅台,600519,1788.1212,1828.44158,1783.8086724,1802.1895065,1782.949673,3262697,6717493349.55,0.2597,1.0791
2021-03-29,贵州茅台,600519,1790.926096,1837.5136655,1775.9812595,1782.949673,1764.45489,5699220,11740129412.79,0.4537,1.0482
2021-03-26,贵州茅台,600519,1739.91205,1772.34366,1716.24574,1764.45489,1727.64063,5001642,9987629443.81,0.3982,2.1309
2021-03-25,贵州茅台,600519,1726.7728653,1743.3129864,1706.428604,1727.64063,1743.41817,3157523,6216733243.7,0.2514,-0.905
2021-03-24,贵州茅台,600519,1736.40593,1764.45489,1736.40593,1743.41817,1749.55388,2935739,5857848160.33,0.2337,-0.3507
2021-03-23,贵州茅台,600519,1752.0782864,1760.773464,1726.7641,1749.55388,1744.2859347,2744619,5459520703.31,0.2185,0.302
2021-03-22,贵州茅台,600519,1753.147653,1775.9286677,1714.0982415,1744.2859347,1761.8253,3691407,7323391310.93,0.2939,-0.9955
2021-03-19,贵州茅台,600519,1783.73855,1790.75079,1746.2493619,1761.8253,1814.154141,3578077,7211521835.48,0.2848,-2.8845
2021-03-18,贵州茅台,600519,1783.73855,1828.7571308,1783.73855,1814.154141,1779.6714508,3386488,6997030294.38,0.2696,1.9376
2021-03-17,贵州茅台,600519,1753.06,1796.8865,1732.0320453,1779.6714508,1762.263565,3137491,6352656523.24,0.2498,0.9878
2021-03-16,贵州茅台,600519,1731.0853929,1770.5818347,1722.38145,1762.263565,1731.5411885,3464850,6918600717.41,0.2758,1.7743
2021-03-15,贵州茅台,600519,1796.8865,1814.241794,1710.2415095,1731.5411885,1775.84978,6248487,12459955712.19,0.4974,-2.4951
2021-03-12,贵州茅台,600519,1814.4171,1820.55281,1754.8218253,1775.84978,1795.13344,4032251,8181594631.17,0.321,-1.0742
2021-03-11,贵州茅台,600519,1731.14675,1823.1736347,1719.2960644,1795.13344,1726.7728653,5676897,11521736383.85,0.4519,3.9589
2021-03-10,贵州茅台,600519,1732.89981,1752.9460511,1724.13451,1726.7728653,1697.8298447,5117174,10136910283.82,0.4074,1.7047
2021-03-09,贵州茅台,600519,1713.61615,1753.06,1665.5647754,1697.8298447,1717.9988,8226581,16100769578.87,0.6549,-1.174
2021-03-08,贵州茅台,600519,1818.7646888,1827.56505,1717.9988,1717.9988,1805.7482183,6309959,12724245990.38,0.5023,-4.8594
2021-03-05,贵州茅台,600519,1753.06,1836.33035,1742.54164,1805.7482183,1781.98549,6377920,13100315985.42,0.5077,1.3335
2021-03-04,贵州茅台,600519,1836.33035,1837.20688,1761.912953,1781.98549,1875.7742,6508829,13297304315.65,0.5181,-5.0
2021-03-03,贵州茅台,600519,1788.1212,1884.3378981,1781.98549,1875.7742,1803.89874,5421546,11366685429.08,0.4316,3.9845
2021-03-02,贵州茅台,600519,1910.8354,1910.8354,1781.98549,1803.89874,1891.55174,7076450,14796698645.52,0.5633,-4.6339
2021-03-01,贵州茅台,600519,1909.95887,1909.95887,1858.2436,1891.55174,1860.6803534,4491626,9686945528.92,0.3576,1.6591
2021-02-26,贵州茅台,600519,1840.713,1910.7915735,1812.050469,1860.6803534,1884.5395,6652506,14097015493.7,0.5296,-1.266
2021-02-25,贵州茅台,600519,1936.25477,1949.840985,1859.3042013,1884.5395,1918.72417,5972643,12982145755.12,0.4755,-1.7816
2021-02-24,贵州茅台,600519,2023.0224747,2031.79654,1893.743065,1918.72417,2022.15471,8211578,18195034445.01,0.6537,-5.1149
2021-02-23,贵州茅台,600519,1985.4631642,2055.3664317,1985.34045,2022.15471,2005.5181706,5745460,13316110795.16,0.4574,0.8295
2021-02-22,贵州茅台,600519,2151.88115,2151.88115,1996.9281766,2005.5181706,2156.2638,7893547,18498777222.54,0.6284,-6.9911
2021-02-19,贵州茅台,600519,2148.5152748,2188.3973898,2087.543848,2156.2638,2165.90563,5938546,14525164524.57,0.4727,-0.4452
2021-02-18,贵州茅台,600519,2268.4421094,2303.4156564,2160.64645,2165.90563,2279.85453,6591232,16704135269.47,0.5247,-4.9981
2021-02-10,贵州茅台,600519,2178.17705,2280.029836,2178.17705,2279.85453,2153.1345879,6137057,15675929713.5,0.4885,5.8854
2021-02-09,贵州茅台,600519,2076.324264,2153.1345879,2059.8455,2153.1345879,2076.324264,3329655,7972930044.98,0.2651,3.6993
2021-02-08,贵州茅台,600519,2048.45061,2085.1596864,2027.41389,2076.324264,2027.41389,3578573,8420758624.81,0.2849,2.4125
2021-02-05,贵州茅台,600519,2037.93225,2072.642838,2008.13023,2027.41389,2034.2946505,3972906,9253566204.82,0.3163,-0.3382
2021-02-04,贵州茅台,600519,1920.47723,2042.3149,1920.47723,2034.2946505,1919.5218123,6385101,14596930187.5,0.5083,5.9792
2021-02-03,贵州茅台,600519,1884.5395,1926.8496031,1875.7742,1919.5218123,1880.15685,3871415,8384049314.31,0.3082,2.0937
2021-02-02,贵州茅台,600519,1851.4241966,1884.5307347,1842.553713,1880.15685,1848.8822596,3458225,7372233581.9,0.2753,1.6915
2021-02-01,贵州茅台,600519,1867.0089,1893.3048,1836.33035,1848.8822596,1854.8952554,2934059,6219639110.8,0.2336,-0.3242
2021-01-29,贵州茅台,600519,1841.7560707,1884.0837044,1832.1405366,1854.8952554,1830.19464,3370133,7166179277.17,0.2683,1.3496
2021-01-28,贵州茅台,600519,1823.1824,1849.1802798,1805.6693306,1830.19464,1831.07117,3512864,7337084454.98,0.2796,-0.0479
2021-01-27,贵州茅台,600519,1877.4308417,1877.4308417,1827.56505,1831.07117,1877.4308417,3712017,7809446386.54,0.2955,-2.4693
2021-01-26,贵州茅台,600519,1915.21805,1916.97111,1862.7226683,1877.4308417,1906.45275,3174746,6820173361.71,0.2527,-1.5223
2021-01-25,贵州茅台,600519,1825.81199,1910.397135,1825.81199,1906.45275,1823.1385735,5595716,12029474557.67,0.4454,4.5698
2021-01-22,贵州茅台,600519,1813.54057,1840.713,1805.739453,1823.1385735,1814.4171,2924761,6090260363.6,0.2328,0.4807
2021-01-21,贵州茅台,600519,1795.13344,1831.9652306,1788.99773,1814.4171,1788.6734139,3831017,7953455966.93,0.305,1.4393
2021-01-20,贵州茅台,600519,1760.07224,1801.6986497,1737.720725,1788.6734139,1761.3081473,4508242,9126453276.98,0.3589,1.5537
2021-01-19,贵州茅台,600519,1817.1431083,1837.469839,1759.0642305,1761.3081473,1808.28139,4634519,9479278513.19,0.3689,-2.5977
2021-01-18,贵州茅台,600519,1806.5809218,1833.2449644,1788.3578631,1808.28139,1824.93546,3914404,8076715789.5,0.3116,-0.9126
2021-01-15,贵州茅台,600519,1853.86095,1870.8218055,1778.47937,1824.93546,1870.51502,5950939,12372103226.55,0.4737,-2.4367
2021-01-14,贵州茅台,600519,1889.79868,1895.93439,1854.8338983,1870.51502,1896.81092,3615220,7722089683.72,0.2878,-1.3863
2021-01-13,贵州茅台,600519,1896.81092,1904.9889449,1871.39155,1896.81092,1894.093677,3438993,7418330853.82,0.2738,0.1435
2021-01-12,贵州茅台,600519,1830.19464,1894.093677,1827.56505,1894.093677,1840.4763369,4105859,8800558287.66,0.3268,2.9132
2021-01-11,贵州茅台,600519,1831.9477,1884.977765,1804.424658,1840.4763369,1831.9477,5107990,10768565414.66,0.4066,0.4656
2021-01-08,贵州茅台,600519,1877.52726,1885.3108464,1808.2989206,1831.9477,1875.7742,5386164,11345202869.15,0.4288,-2.3364
2021-01-07,贵州茅台,600519,1838.08341,1875.7742,1818.79975,1875.7742,1840.713,3793139,7991178754.07,0.302,1.9048
2021-01-06,贵州茅台,600519,1809.859144,1862.62625,1784.6413759,1840.713,1805.1697085,4741020,9882593867.1,0.3774,1.969
2021-01-05,贵州茅台,600519,1744.2947,1805.1697085,1737.6856638,1805.1697085,1750.43041,5211605,10592557369.7,0.4149,3.1272
2021-01-04,贵州茅台,600519,1753.0424694,1757.4338847,1738.8689793,1750.43041,1751.30694,4351400,8686920261.12,0.3464,-0.0501
2020-12-31,贵州茅台,600519,1701.34473,1752.1659394,1699.59167,1751.30694,1694.33249,3886007,7682300728.32,0.3093,3.3626
2020-12-30,贵州茅台,600519,1639.1111,1694.33249,1639.1023347,1694.33249,1636.48151,3445210,6604461376.11,0.2743,3.5351
2020-12-29,贵州茅台,600519,1641.74069,1653.836804,1625.96315,1636.48151,1641.74069,2286759,4275994833.55,0.182,-0.3203
2020-12-28,贵州茅台,600519,1601.069698,1655.589864,1600.5876065,1641.74069,1604.0499,3008037,5616528738.07,0.2395,2.3497
2020-12-25,贵州茅台,600519,1580.3748247,1618.95091,1577.754,1604.0499,1604.3479202,2308805,4218997634.27,0.1838,-0.0186
2020-12-24,贵州茅台,600519,1593.53154,1629.3640864,1573.3888806,1604.3479202,1614.2614745,3785714,6921989374.42,0.3014,-0.6141
2020-12-23,贵州茅台,600519,1663.6451747,1670.841486,1596.1786606,1614.2614745,1648.75293,4770609,8901002261.88,0.3798,-2.092
2020-12-22,贵州茅台,600519,1621.5542041,1664.5217047,1615.0152903,1648.75293,1615.006525,4065060,7618583444.29,0.3236,2.0896
2020-12-21,贵州茅台,600519,1612.8152,1622.6586319,1610.711528,1615.006525,1617.19785,3069672,5663526809.13,0.2444,-0.1355
2020-12-18,贵州茅台,600519,1623.1670193,1638.2433353,1613.7618524,1617.19785,1635.1754803,2707698,5020968993.22,0.2155,-1.0994
2020-12-17,贵州茅台,600519,1617.636115,1637.35804,1612.8152,1635.1754803,1612.8152,3603064,6683421886.39,0.2868,1.3864
2020-12-16,贵州茅台,600519,1604.488165,1617.7851251,1595.4686713,1612.8152,1591.7872453,3215016,5901298274.85,0.2559,1.321
2020-12-15,贵州茅台,600519,1607.117755,1610.3784466,1582.13665,1591.7872453,1603.17337,2960497,5383582284.17,0.2357,-0.7102
2020-12-14,贵州茅台,600519,1602.0952381,1604.0323694,1590.90195,1603.17337,1595.2846,3305200,6026813427.85,0.2631,0.4945
2020-12-11,贵州茅台,600519,1608.2397134,1610.4660996,1581.9701093,1595.2846,1606.591837,3077579,5595359665.39,0.245,-0.7038
2020-12-10,贵州茅台,600519,1612.8152,1621.3788981,1602.29684,1606.591837,1612.8152,3265354,6009239910.86,0.2599,-0.3859
2020-12-09,贵州茅台,600519,1635.5611535,1635.60498,1611.93867,1612.8152,1621.5805,3115212,5766037608.84,0.248,-0.5405
2020-12-08,贵州茅台,600519,1590.90195,1643.49375,1589.14889,1621.5805,1588.622972,6145400,11333352154.27,0.4892,2.0746
2020-12-07,贵州茅台,600519,1580.120631,1613.1570467,1578.2360915,1588.622972,1571.7147083,5833133,10617305103.95,0.4643,1.0758
2020-12-04,贵州茅台,600519,1535.68056,1577.841653,1535.68056,1571.7147083,1533.05097,6249119,11176048846.87,0.4975,2.522
2020-12-03,贵州茅台,600519,1523.4179053,1538.8886598,1518.237613,1533.05097,1523.4179053,2950578,5147357780.65,0.2349,0.6323
2020-12-02,贵州茅台,600519,1530.42138,1533.05097,1517.27343,1523.4179053,1522.53261,2357169,4101369305.99,0.1876,0.0581
2020-12-01,贵州茅台,600519,1512.89078,1524.2769047,1507.6403653,1522.53261,1502.2935323,2819620,4891829153.17,0.2245,1.3472
2020-11-30,贵州茅台,600519,1520.77955,1524.198017,1502.2935323,1502.2935323,1523.321487,3194007,5520322173.16,0.2543,-1.3804
2020-11-27,贵州茅台,600519,1518.7284698,1525.1884959,1505.87854,1523.321487,1520.2448667,2156861,3737697984.7,0.1717,0.2024
2020-11-26,贵州茅台,600519,1512.89078,1525.1534347,1512.1720254,1520.2448667,1513.6621264,2322830,4027749312.81,0.1849,0.4349
2020-11-25,贵州茅台,600519,1544.007595,1550.4763864,1511.13772,1513.6621264,1545.760655,2822632,4910540740.65,0.2247,-2.0766
2020-11-24,贵州茅台,600519,1551.4493347,1562.414725,1535.2159991,1545.760655,1569.1727713,3246536,5736960168.07,0.2584,-1.492
2020-11-23,贵州茅台,600519,1552.3433953,1586.431647,1552.3433953,1569.1727713,1507.5965388,6663724,11926870594.6,0.5305,4.0844
2020-11-20,贵州茅台,600519,1507.6316,1521.65608,1501.1891045,1507.5965388,1507.7981407,2187466,3771894859.49,0.1741,-0.0134
2020-11-19,贵州茅台,600519,1476.514785,1512.01425,1473.096318,1507.7981407,1484.5350345,2781576,4767508752.81,0.2214,1.567
2020-11-18,贵州茅台,600519,1503.24895,1508.0961609,1475.3402348,1484.5350345,1503.950174,3517895,5973146815.32,0.28,-1.2909
2020-11-17,贵州茅台,600519,1525.1622,1527.2220455,1491.0388871,1503.950174,1516.4407265,2522403,4355288046.56,0.2008,-0.8237
2020-11-16,贵州茅台,600519,1499.74283,1516.4407265,1487.6993078,1516.4407265,1494.48365,3061349,5247897160.86,0.2437,1.4692
2020-11-13,贵州茅台,600519,1511.13772,1515.4151864,1482.21223,1494.48365,1520.5954787,2815548,4791276459.47,0.2241,-1.7172
2020-11-12,贵州茅台,600519,1516.4056653,1533.9275,1509.6213231,1520.5954787,1517.5802155,2347309,4071729791.56,0.1869,0.1987
2020-11-11,贵州茅台,600519,1529.54485,1558.032075,1517.27343,1517.5802155,1529.54485,3485073,6122365404.41,0.2774,-0.7822
2020-11-10,贵州茅台,600519,1536.4869676,1546.6196544,1521.65608,1529.54485,1527.4148821,3018944,5287968172.74,0.2403,0.1394
2020-11-09,贵州茅台,600519,1491.3106114,1534.5235404,1490.6444486,1527.4148821,1490.6444486,4146970,7198679682.95,0.3301,2.4667
2020-11-06,贵州茅台,600519,1516.8789915,1517.7905827,1481.3357,1490.6444486,1509.297007,2305153,3932702366.7,0.1835,-1.2358
2020-11-05,贵州茅台,600519,1505.00201,1518.5706944,1500.707013,1509.297007,1489.7328574,2352414,4053043270.71,0.1873,1.3133
2020-11-04,贵州茅台,600519,1490.101,1493.60712,1476.95305,1489.7328574,1485.71835,1644371,2788396252.94,0.1309,0.2702
2020-11-03,贵州茅台,600519,1476.9442847,1495.272527,1468.626015,1485.71835,1467.3199853,2349749,3976621208.06,0.1871,1.2539
2020-11-02,贵州茅台,600519,1468.18775,1485.71835,1465.55816,1467.3199853,1463.8226306,2106643,3544422245.43,0.1677,0.2389
2020-10-30,贵州茅台,600519,1470.81734,1486.59488,1459.42245,1463.8226306,1469.06428,2605545,4379602067.68,0.2074,-0.3568
2020-10-29,贵州茅台,600519,1450.5169052,1497.11324,1443.64491,1469.06428,1459.2559093,3937376,6633168612.77,0.3134,0.6721
2020-10-28,贵州茅台,600519,1425.23778,1469.94081,1424.4313724,1459.2559093,1424.36125,3463653,5739452181.14,0.2757,2.4498
2020-10-27,贵州茅台,600519,1440.13879,1441.01532,1416.5776636,1424.36125,1440.13879,4394440,7156688306.58,0.3498,-1.0956
2020-10-26,贵州茅台,600519,1419.10207,1457.5992676,1402.448,1440.13879,1503.5382049,6601529,10821908227.12,0.5255,-4.2167
2020-10-23,贵州茅台,600519,1525.8458934,1531.8150627,1502.37242,1503.5382049,1527.353525,1929169,3339987454.08,0.1536,-1.5593
2020-10-22,贵州茅台,600519,1516.3969,1529.54485,1503.6959803,1527.353525,1519.3157449,2248087,3897729793.1,0.179,0.529
2020-10-21,贵州茅台,600519,1519.990673,1527.0467395,1510.26119,1519.3157449,1519.90302,1890137,3275357440.3,0.1505,-0.0386
2020-10-20,贵州茅台,600519,1490.0922347,1520.7532541,1485.71835,1519.90302,1489.22447,2773493,4787807535.82,0.2208,2.06
2020-10-19,贵州茅台,600519,1512.01425,1519.8854894,1483.001107,1489.22447,1500.61936,1922632,3284383414.71,0.1531,-0.7593
2020-10-16,贵州茅台,600519,1512.01425,1520.4114074,1492.73059,1500.61936,1512.01425,1737738,2991246892.13,0.1383,-0.7536
2020-10-15,贵州茅台,600519,1508.6220789,1520.77955,1508.50813,1512.01425,1515.52037,1620436,2801250556.48,0.129,-0.2313
2020-10-14,贵州茅台,600519,1525.1622,1531.2803794,1512.89078,1515.52037,1524.28567,2048139,3554316588.74,0.163,-0.575
2020-10-13,贵州茅台,600519,1534.4709486,1534.4709486,1520.77955,1524.28567,1534.4621833,2294389,3995560518.33,0.1826,-0.6632
2020-10-12,贵州茅台,600519,1490.101,1534.4621833,1490.101,1534.4621833,1486.59488,4372904,7597987786.33,0.3481,3.2199
2020-10-09,贵州茅台,600519,1483.08876,1495.7283226,1479.58264,1486.59488,1462.490305,3423988,5817280604.62,0.2726,1.6482
2020-09-30,贵州茅台,600519,1455.0398,1483.001107,1455.0398,1462.490305,1448.290519,2708781,4536012539.91,0.2156,0.9805
2020-09-29,贵州茅台,600519,1463.2178249,1463.279182,1448.290519,1448.290519,1455.91633,1743078,2895081365.61,0.1388,-0.5238
2020-09-28,贵州茅台,600519,1433.2930907,1462.490305,1433.2930907,1455.91633,1433.2229683,2423222,4019640150.42,0.1929,1.5834
2020-09-25,贵州茅台,600519,1428.7439,1446.2745,1424.36125,1433.2229683,1428.1478596,2258296,3700843486.0,0.1798,0.3554
2020-09-24,贵州茅台,600519,1433.9767841,1454.0580864,1425.939004,1428.1478596,1446.2569694,3005078,4915392273.49,0.2392,-1.2521
2020-09-23,贵州茅台,600519,1433.12655,1460.3077453,1420.8726606,1446.2569694,1460.0272557,3572552,5878691068.93,0.2844,-0.9432
2020-09-22,贵州茅台,600519,1446.2745,1478.6885794,1446.2745,1460.0272557,1461.000204,2326547,3890070212.39,0.1852,-0.0666
2020-09-21,贵州茅台,600519,1483.7549228,1483.7549228,1460.8774898,1461.000204,1485.71835,2244407,3756765108.07,0.1787,-1.6637
2020-09-18,贵州茅台,600519,1459.42245,1485.71835,1433.1353153,1485.71835,1464.2608956,4720140,7853673240.87,0.3757,1.4654
2020-09-17,贵州茅台,600519,1490.101,1490.101,1453.28674,1464.2608956,1512.101903,6367985,10683350186.5,0.5069,-3.1639
2020-09-16,贵州茅台,600519,1542.6928,1546.9089093,1506.75507,1512.101903,1542.6928,2251598,3916457761.65,0.1792,-1.983
2020-09-15,贵州茅台,600519,1551.4493347,1551.4493347,1531.9553075,1542.6928,1547.95198,2082087,3654872008.51,0.1657,-0.3398
2020-09-14,贵州茅台,600519,1529.54485,1550.58157,1516.9052874,1547.95198,1519.02649,3105601,5448188995.38,0.2472,1.9042
2020-09-11,贵州茅台,600519,1479.58264,1521.65608,1479.58264,1519.02649,1495.184874,3108800,5339883407.76,0.2475,1.5946
2020-09-10,贵州茅台,600519,1493.3792222,1507.6316,1490.101,1495.184874,1479.58264,2477833,4236694401.52,0.1972,1.0545
2020-09-09,贵州茅台,600519,1489.8117451,1499.74283,1472.6054612,1479.58264,1500.093442,2596355,4401806095.14,0.2067,-1.3673
2020-09-08,贵州茅台,600519,1518.14996,1523.233834,1470.0021671,1500.093442,1510.699455,3447238,5865962723.75,0.2744,-0.7021
2020-09-07,贵州茅台,600519,1542.6928,1558.4615747,1493.5808241,1510.699455,1551.4581,3111202,5446354619.03,0.2477,-2.6271
2020-09-04,贵州茅台,600519,1547.95198,1557.5850447,1530.42138,1551.4581,1571.61829,3085796,5433479408.0,0.2456,-1.2828
2020-09-03,贵州茅台,600519,1573.37135,1588.27236,1559.960441,1571.61829,1573.37135,3043735,5471333880.1,0.2423,-0.1114
2020-09-02,贵州茅台,600519,1599.66725,1602.29684,1551.4581,1573.37135,1579.4895294,3200929,5746351923.01,0.2548,-0.3874
2020-09-01,贵州茅台,600519,1570.74176,1579.50706,1555.8495153,1579.4895294,1565.920845,3163992,5661594315.16,0.2519,0.8665
2020-08-31,贵州茅台,600519,1551.9664874,1591.77848,1551.9664874,1565.920845,1540.06321,4781036,8608932570.41,0.3806,1.679
2020-08-28,贵州茅台,600519,1517.27343,1546.19892,1508.946395,1540.06321,1517.27343,4229962,7389242302.49,0.3367,1.502
2020-08-27,贵州茅台,600519,1518.1411947,1519.8854894,1494.48365,1517.27343,1513.76731,2263553,3896759446.17,0.1802,0.2316
2020-08-26,贵州茅台,600519,1519.90302,1529.54485,1503.2664806,1513.76731,1513.76731,2621573,4530374186.47,0.2087,0.0
2020-08-25,贵州茅台,600519,1494.308344,1531.1050734,1488.9001539,1513.76731,1486.9016655,4187249,7227309774.14,0.3333,1.8068
2020-08-24,贵州茅台,600519,1490.101,1497.11324,1482.2209953,1486.9016655,1469.06428,3093344,5260286523.46,0.2462,1.2142
2020-08-21,贵州茅台,600519,1466.43469,1488.34794,1464.68163,1469.06428,1458.54592,2508241,4217048420.24,0.1997,0.7212
2020-08-20,贵州茅台,600519,1467.31122,1471.69387,1451.53368,1458.54592,1478.70611,2238233,3727183935.45,0.1782,-1.3634
2020-08-19,贵州茅台,600519,1490.101,1505.00201,1475.1912247,1478.70611,1494.48365,2691498,4578143762.2,0.2143,-1.0557
2020-08-18,贵州茅台,600519,1487.8044914,1507.6316,1482.21223,1494.48365,1481.3357,3042281,5192751797.11,0.2422,0.8876
2020-08-17,贵州茅台,600519,1467.31122,1493.9139055,1463.8051,1481.3357,1455.91633,4357201,7363610867.33,0.3469,1.7459
2020-08-14,贵州茅台,600519,1437.421547,1460.036021,1429.62043,1455.91633,1433.12655,3765318,6230475427.24,0.2997,1.5902
2020-08-13,贵州茅台,600519,1428.7439,1436.5274864,1410.33677,1433.12655,1426.0704835,2054134,3341652185.89,0.1635,0.4948
2020-08-12,贵州茅台,600519,1431.37349,1438.38573,1407.0497825,1426.0704835,1439.7092903,2793392,4529267492.98,0.2224,-0.9473
2020-08-11,贵州茅台,600519,1437.5092,1460.6758879,1437.5092,1439.7092903,1432.2412547,3581818,5936904875.64,0.2851,0.5214
2020-08-10,贵州茅台,600519,1426.9645441,1441.8567888,1409.5566583,1432.2412547,1429.62043,2362354,3857721122.38,0.1881,0.1833
2020-08-07,贵州茅台,600519,1441.6902481,1445.9852451,1401.133205,1429.62043,1435.7210788,3424205,5560065753.27,0.2726,-0.4249
2020-08-06,贵州茅台,600519,1463.8051,1467.3375159,1428.7439,1435.7210788,1462.05204,3264878,5372942644.96,0.2599,-1.801
2020-08-05,贵州茅台,600519,1456.8717477,1466.5135777,1440.4105143,1462.05204,1463.7963347,2552169,4236612469.34,0.2032,-0.1192
2020-08-04,贵州茅台,600519,1468.18775,1475.1912247,1455.0398,1463.7963347,1462.05204,3194051,5337185768.01,0.2543,0.1193
2020-08-03,贵州茅台,600519,1478.6009264,1487.1032674,1455.0398,1462.05204,1470.9751154,3466114,5790041421.93,0.2759,-0.6066
2020-07-31,贵州茅台,600519,1476.95305,1494.48365,1442.76838,1470.9751154,1472.5704,4068474,6846747330.22,0.3239,-0.1083
2020-07-30,贵州茅台,600519,1464.856936,1490.6181527,1464.243365,1472.5704,1465.55816,3837304,6486855474.99,0.3055,0.4785
2020-07-29,贵州茅台,600519,1481.3357,1481.3357,1431.37349,1465.55816,1463.8051,5074843,8411789966.5,0.404,0.1198
2020-07-28,贵州茅台,600519,1428.7439,1472.5704,1428.7439,1463.8051,1422.2137515,5491152,9133721867.31,0.4371,2.9244
2020-07-27,贵州茅台,600519,1416.4812453,1428.568594,1402.448,1422.2137515,1398.328309,3878817,6279664443.71,0.3088,1.7081
2020-07-24,贵州茅台,600519,1450.5256705,1460.29898,1389.30005,1398.328309,1469.06428,7875201,12705941887.22,0.6269,-4.815
2020-07-23,贵州茅台,600519,1465.55816,1482.21223,1446.2745,1469.06428,1470.8874624,3432052,5739050333.42,0.2732,-0.124
2020-07-22,贵州茅台,600519,1453.28674,1498.8663,1453.28674,1470.8874624,1462.05204,3920121,6637265371.71,0.3121,0.6043
2020-07-21,贵州茅台,600519,1443.3293592,1492.555284,1429.6116647,1462.05204,1434.8445488,4196950,7026353150.98,0.3341,1.8962
2020-07-20,贵州茅台,600519,1448.465825,1458.5371547,1392.7009864,1434.8445488,1444.5652665,4528033,7363822989.0,0.3605,-0.6729
2020-07-17,贵州茅台,600519,1419.9786,1466.0753127,1419.9786,1444.5652665,1414.71942,6590206,10863420089.0,0.5246,2.1097
2020-07-16,贵州茅台,600519,1516.3180123,1516.3180123,1402.448,1414.71942,1536.1451209,10224219,16901373196.0,0.8139,-7.9046
2020-07-15,贵州茅台,600519,1529.4396664,1562.502378,1529.2906563,1536.1451209,1544.44586,4071294,7176560649.0,0.3241,-0.5375
2020-07-14,贵州茅台,600519,1561.9676947,1562.0027559,1532.525052,1544.44586,1561.9676947,4609351,8135834910.0,0.3669,-1.1218
2020-07-13,贵州茅台,600519,1502.9684604,1566.35911,1502.9684604,1561.9676947,1502.2409405,6072716,10679460274.0,0.4834,3.9758
2020-07-10,贵州茅台,600519,1480.45917,1522.181998,1480.4065782,1502.2409405,1495.36018,3710044,6352507468.0,0.2953,0.4601
2020-07-09,贵州茅台,600519,1482.21223,1500.61936,1474.32346,1495.36018,1473.7449502,3503324,5951732803.0,0.2789,1.4667
2020-07-08,贵州茅台,600519,1472.5704,1506.75507,1455.0398,1473.7449502,1479.58264,5316998,8963189092.0,0.4233,-0.3946
2020-07-07,贵州茅台,600519,1405.1564777,1529.3870746,1403.32453,1479.58264,1402.448,6666393,11219852098.0,0.5307,5.5
2020-07-06,贵州茅台,600519,1348.10314,1416.47248,1342.6774193,1402.448,1351.4251887,5182196,8228068998.0,0.4125,3.7755
2020-07-03,贵州茅台,600519,1358.6215,1360.812825,1329.5908264,1351.4251887,1353.36232,3512581,5395637032.0,0.2796,-0.1431
2020-07-02,贵州茅台,600519,1313.91847,1359.410377,1310.41235,1353.36232,1309.7724831,4588372,7014289615.0,0.3653,3.328
2020-07-01,贵州茅台,600519,1286.74604,1320.141833,1283.2574506,1309.7724831,1282.2582064,3868249,5759640251.0,0.3079,2.1458
2020-06-30,贵州茅台,600519,1282.4685736,1287.6050394,1275.4563336,1282.2582064,1282.5124001,2244614,3281641199.0,0.1787,-0.0198
2020-06-29,贵州茅台,600519,1269.21544,1284.99298,1259.5823753,1282.5124001,1279.7425653,2808061,4064048236.0,0.2235,0.2164
2020-06-24,贵州茅台,600519,1282.889308,1284.7387863,1266.58585,1279.7425653,1277.5249444,2513899,3663537115.0,0.2001,0.1736
2020-06-23,贵州茅台,600519,1243.30122,1284.022584,1242.01893024,1277.524494,1246.766868,3393426,4963194685.0,0.2701,2.467
2020-06-22,贵州茅台,600519,1243.3878612,1251.00362268,1241.7416784,1246.766868,1247.49465408,2324700,3343536637.0,0.1851,-0.0583
2020-06-19,贵州茅台,600519,1230.30504,1252.1386224,1226.0596212,1247.49465408,1224.240156,3895833,5603232657.0,0.3101,1.8995
2020-06-18,贵州茅台,600519,1217.2222188,1224.4134384,1213.0634412,1224.240156,1217.30886,2101041,2956800081.0,0.1673,0.5694
2020-06-17,贵州茅台,600519,1223.25244632,1223.2871028,1208.66206824,1217.30886,1216.33847856,1945307,2730097120.0,0.1549,0.0798
2020-06-16,贵州茅台,600519,1211.677182,1225.106568,1207.02454956,1216.33847856,1198.247796,2920664,4099718932.0,0.2325,1.5098
2020-06-15,贵州茅台,600519,1214.709624,1223.0271792,1196.514972,1198.247796,1227.15996444,3461541,4819512189.0,0.2756,-2.356
2020-06-12,贵州茅台,600519,1201.86073404,1227.15996444,1198.51638372,1227.15996444,1213.37534952,2842742,3992323389.0,0.2263,1.1361
2020-06-11,贵州茅台,600519,1222.51599612,1228.56355188,1210.36889988,1213.37534952,1233.47610792,3071171,4314846228.0,0.2445,-1.6296
2020-06-10,贵州茅台,600519,1234.6371,1241.85431196,1227.705804,1233.47610792,1227.3159186,2270074,3234843851.0,0.1807,0.5019
2020-06-09,贵州茅台,600519,1219.908096,1234.6371,1213.56596016,1227.3159186,1218.2619132,2261191,3199849660.0,0.18,0.7432
2020-06-08,贵州茅台,600519,1234.6371,1243.30122,1214.71828812,1218.2619132,1234.6371,2930045,4145298455.0,0.2332,-1.3263
2020-06-05,贵州茅台,600519,1217.525463,1237.99877856,1213.91252496,1234.6371,1219.89943188,1834706,2597524609.0,0.1461,1.2081
2020-06-04,贵州茅台,600519,1209.511152,1222.507332,1209.511152,1219.89943188,1212.3703116,1803741,2534459742.0,0.1436,0.621
2020-06-03,贵州茅台,600519,1225.97298,1228.13901,1209.31187724,1212.3703116,1222.25607252,2355736,3308382799.0,0.1875,-0.8088
2020-06-02,贵州茅台,600519,1226.84805612,1237.1496948,1218.74710392,1222.25607252,1229.871834,2596010,3679210598.0,0.2067,-0.6192
2020-06-01,贵州茅台,600519,1196.514972,1230.3916812,1196.514972,1229.871834,1184.0386392,3547976,4986178912.0,0.2824,3.8709
2020-05-29,贵州茅台,600519,1154.1474252,1186.96711176,1154.1474252,1184.0386392,1164.457728,3044435,4144247222.0,0.2424,1.6815
2020-05-28,贵州茅台,600519,1159.23326364,1167.00497928,1144.64288556,1164.457728,1159.259256,2648591,3536546893.0,0.2108,0.4484
2020-05-27,贵州茅台,600519,1177.453908,1178.32032,1154.927196,1159.259256,1176.587496,2677741,3596654307.0,0.2132,-1.4728
2020-05-26,贵州茅台,600519,1186.88047056,1186.9411194,1173.98826,1176.587496,1180.8329148,2247019,3056188321.0,0.1789,-0.3595
2020-05-25,贵州茅台,600519,1152.32796,1184.02131096,1144.530252,1180.8329148,1150.7684184,3156100,4260387678.0,0.2512,2.6126
2020-05-22,贵州茅台,600519,1183.518792,1183.6054332,1146.15910656,1150.7684184,1183.6054332,3442746,4608696074.0,0.2741,-2.7743
2020-05-21,贵州茅台,600519,1173.98826,1188.68260752,1172.13413832,1183.6054332,1170.522612,2305158,3147105462.0,0.1835,1.1177
2020-05-20,贵州茅台,600519,1166.28585732,1177.60986216,1158.22822572,1170.522612,1166.28585732,2118340,2859455106.0,0.1686,0.3633
2020-05-19,贵州茅台,600519,1181.785968,1181.785968,1159.259256,1166.28585732,1166.37249852,2478746,3342210487.0,0.1973,-0.0074
2020-05-18,贵州茅台,600519,1131.534072,1170.955818,1130.78029356,1166.37249852,1137.598956,3436211,4587989708.0,0.2735,2.5293
2020-05-15,贵州茅台,600519,1151.461548,1155.360402,1127.96445456,1137.598956,1149.37349508,2639808,3469736812.0,0.2101,-1.0244
2020-05-14,贵州茅台,600519,1152.32796,1156.55605056,1148.09120532,1149.37349508,1157.4831114,1857492,2467976357.0,0.1479,-0.7006
2020-05-13,贵州茅台,600519,1154.927196,1159.25059188,1146.15910656,1157.4831114,1154.927196,2201431,2931464950.0,0.1752,0.2213
2020-05-12,贵州茅台,600519,1141.931016,1156.65135588,1140.198192,1154.927196,1146.27174012,1972181,2621824685.0,0.157,0.7551
2020-05-11,贵州茅台,600519,1143.66384,1156.66002,1138.17945204,1146.27174012,1138.99387932,2367119,3135990964.0,0.1884,0.639
2020-05-08,贵州茅台,600519,1141.064604,1159.259256,1133.70876612,1138.99387932,1136.732544,2907868,3839218026.0,0.2315,0.1989
2020-05-07,贵州茅台,600519,1125.8157528,1139.32311588,1120.270716,1136.732544,1126.3356,2793474,3647628296.0,0.2224,0.9231
2020-05-06,贵州茅台,600519,1083.881412,1126.3356,1083.015,1126.3356,1096.6176684,3583481,4598589768.0,0.2853,2.71
2020-04-30,贵州茅台,600519,1101.209652,1113.34808412,1090.70873856,1096.6176684,1104.5886588,2466087,3134408881.0,0.1963,-0.7216
2020-04-29,贵州茅台,600519,1107.1012536,1116.0252972,1089.946296,1104.5886588,1108.25358156,2344406,2976724957.0,0.1866,-0.3307
2020-04-28,贵州茅台,600519,1113.60800772,1126.28361528,1101.97209456,1108.25358156,1105.541712,3466190,4458549425.0,0.2759,0.2453
2020-04-27,贵州茅台,600519,1089.079884,1107.42182604,1083.84675552,1105.541712,1083.50019072,2590391,3284513346.0,0.2062,2.0343
2020-04-24,贵州茅台,600519,1081.282176,1091.58381468,1070.17477416,1083.50019072,1084.97309112,1912240,2390444036.0,0.1522,-0.1358
2020-04-23,贵州茅台,600519,1083.015,1096.60034016,1081.08290124,1084.97309112,1078.249734,2689851,3377042463.0,0.2141,0.6235
2020-04-22,贵州茅台,600519,1044.892872,1082.581794,1041.61783464,1078.249734,1039.6944,4403473,5430377598.0,0.3505,3.7083
2020-04-21,贵州茅台,600519,1057.90638024,1060.47962388,1033.629516,1039.6944,1063.3474476,2922422,3517018487.0,0.2326,-2.2244
2020-04-20,贵州茅台,600519,1057.889052,1066.986378,1054.2501216,1063.3474476,1062.221112,2423864,2963483323.0,0.193,0.106
2020-04-17,贵州茅台,600519,1048.35852,1069.63759872,1044.03512412,1062.221112,1037.1818052,3824569,4676618151.0,0.3045,2.4142
2020-04-16,贵州茅台,600519,1033.60352364,1037.1818052,1025.9184492,1037.1818052,1030.6837152,2172774,2588431844.0,0.173,0.6305
2020-04-15,贵州茅台,600519,1032.763104,1043.15138388,1028.5176852,1030.6837152,1026.7848612,2933229,3501318260.0,0.2335,0.3797
2020-04-14,贵州茅台,600519,1018.900512,1032.3732186,1010.236392,1026.7848612,1007.0306676,3679955,4340858665.0,0.2929,1.9616
2020-04-13,贵州茅台,600519,1009.36998,1013.68471176,995.074182,1007.0306676,1009.36998,1598147,1854563731.0,0.1272,-0.2318
2020-04-10,贵州茅台,600519,1003.20112656,1023.665778,999.406242,1009.36998,1003.738302,2780434,3252600672.0,0.2213,0.5611
2020-04-09,贵州茅台,600519,1010.236392,1012.835628,994.60631952,1003.738302,1004.82998112,2281697,2640230492.0,0.1816,-0.1086
2020-04-08,贵州茅台,600519,998.106624,1010.50497972,998.106624,1004.82998112,1004.9945994,2422442,2809422100.0,0.1928,-0.0164
2020-04-07,贵州茅台,600519,1006.7274234,1010.669598,995.41208268,1004.9945994,987.52773348,4348800,5041525481.0,0.3462,1.7687
2020-04-03,贵州茅台,600519,986.86926036,994.60631952,980.76105576,987.52773348,992.04174,2761761,3148421866.0,0.2199,-0.455
2020-04-02,贵州茅台,600519,956.518848,992.04174,956.41487856,992.04174,955.652436,4520561,5095167594.0,0.3599,3.8078
2020-04-01,贵州茅台,600519,967.782204,978.179148,955.652436,955.652436,962.583732,3320535,3700184247.0,0.2643,-0.7201
2020-03-31,贵州茅台,600519,937.457784,966.04938,937.2845016,962.583732,928.793664,4798437,5293170703.0,0.382,3.6381
2020-03-30,贵州茅台,600519,918.613323,933.125724,915.797484,928.793664,931.826106,3068741,3279823025.0,0.2443,-0.3254
2020-03-27,贵州茅台,600519,940.05702,946.121904,931.40156412,931.826106,922.65946704,3626112,3931759353.0,0.2887,0.9935
2020-03-26,贵州茅台,600519,929.94599196,945.4287744,920.129544,922.65946704,935.8116012,3004856,3231754298.0,0.2392,-1.4054
2020-03-25,贵州茅台,600519,942.63892776,945.56740032,930.6997704,935.8116012,914.931072,3704866,4015061222.0,0.2949,2.2822
2020-03-24,贵州茅台,600519,903.667716,917.42633856,896.73642,914.931072,882.873828,4665096,4900364144.0,0.3714,3.631
2020-03-23,贵州茅台,600519,866.412,896.97901536,859.06482624,882.873828,896.97901536,4847210,4918121944.0,0.3859,-1.5725
2020-03-20,贵州茅台,600519,875.942532,903.667716,875.942532,896.97901536,862.946352,6013919,6169094444.0,0.4787,3.9438
2020-03-19,贵州茅台,600519,861.20486388,879.40818,831.8421612,862.946352,873.33463188,10226507,10075880470.0,0.8141,-1.1895
2020-03-18,贵州茅台,600519,901.06848,918.39672,873.33463188,873.33463188,905.4871812,7345988,7582762547.0,0.5848,-3.5509
2020-03-17,贵州茅台,600519,914.06466,933.992136,876.04650144,905.4871812,924.461604,7935912,8277472787.0,0.6317,-2.0525
2020-03-16,贵州茅台,600519,956.50151976,959.9411754,920.129544,924.461604,963.47613636,5123254,5548946745.0,0.4078,-4.0494
2020-03-13,贵州茅台,600519,944.38908,978.16181976,935.72496,963.47613636,986.410062,7588531,8348496480.0,0.6041,-2.325
2020-03-12,贵州茅台,600519,988.76670264,998.973036,974.8001412,986.410062,1003.75563024,3663063,4172606105.0,0.2916,-1.7281
2020-03-11,贵州茅台,600519,1001.139066,1013.33814696,988.576092,1003.75563024,1001.572272,3554757,4124607952.0,0.283,0.218
2020-03-10,贵州茅台,600519,964.316556,1011.969216,964.316556,1001.572272,965.19163212,5806293,6635936156.0,0.4622,3.7693
2020-03-09,贵州茅台,600519,983.37762,983.37762,962.85231972,965.19163212,1001.139066,4340409,4865288500.0,0.3455,-3.5907
2020-03-06,贵州茅台,600519,1007.637156,1018.900512,998.08929576,1001.139066,1014.568452,3064100,3553622358.0,0.2439,-1.3237
2020-03-05,贵州茅台,600519,984.51261972,1018.02543588,979.53075072,1014.568452,978.10983504,6242645,7210485104.0,0.4969,3.7275
2020-03-04,贵州茅台,600519,974.7135,986.843268,967.12373088,978.10983504,964.316556,5379299,6080149243.0,0.4282,1.4304
2020-03-03,贵州茅台,600519,951.320376,969.41105856,951.320376,964.316556,940.93209612,5025015,5585227657.0,0.4,2.4852
2020-03-02,贵州茅台,600519,909.82790532,950.0640786,909.74126412,940.93209612,915.797484,4766304,5154329159.0,0.3794,2.7446
2020-02-28,贵州茅台,600519,927.3207636,937.457784,909.70660764,915.797484,942.12774468,4994657,5307929213.0,0.3976,-2.7948
2020-02-27,贵州茅台,600519,932.259312,948.71247588,932.259312,942.12774468,930.2665644,3449829,3758783810.0,0.2746,1.275
2020-02-26,贵州茅台,600519,920.129544,939.190608,914.06466,930.2665644,931.22828172,4356097,4663278433.0,0.3468,-0.1033
2020-02-25,贵州茅台,600519,933.992136,937.53576108,925.22404656,931.22828172,941.94579816,3838562,4127432130.0,0.3056,-1.1378
2020-02-24,贵州茅台,600519,957.818466,961.71732,940.490226,941.94579816,964.21258656,3865036,4221857466.0,0.3077,-2.3093
2020-02-21,贵州茅台,600519,962.98228152,973.44853848,961.72598412,964.21258656,968.648616,2894008,3225337160.0,0.2304,-0.458
2020-02-20,贵州茅台,600519,950.1940404,973.847088,949.07636892,968.648616,950.020758,4680262,5220660940.0,0.3726,1.9608
2020-02-19,贵州茅台,600519,940.05702,954.352818,933.992136,950.020758,939.190608,3705147,4052365602.0,0.2949,1.1531
2020-02-18,贵州茅台,600519,944.39774412,950.34999456,938.324196,939.190608,947.69877384,2666496,2897729692.0,0.2123,-0.8978
2020-02-17,贵州茅台,600519,937.89099,949.75217028,937.8043488,947.69877384,942.656256,2702822,2946182657.0,0.2152,0.5349
2020-02-14,贵州茅台,600519,944.7789654,947.43018612,938.41950132,942.656256,945.255492,2328760,2534568401.0,0.1854,-0.275
2020-02-13,贵州茅台,600519,951.320376,965.08766268,942.66492012,945.255492,950.68789524,3035736,3335277425.0,0.2417,-0.5714
2020-02-12,贵州茅台,600519,943.522668,952.00484148,940.81946256,950.68789524,951.320376,2812543,3072293973.0,0.2239,-0.0665
2020-02-11,贵州茅台,600519,920.995956,952.77594816,920.8226736,951.320376,924.01973388,4791793,5222918915.0,0.3815,2.9546
2020-02-10,贵州茅台,600519,920.129544,931.0463352,915.9707664,924.01973388,932.259312,3053342,3251908506.0,0.2431,-0.8838
2020-02-07,贵州茅台,600519,927.06950412,933.125724,919.28046024,932.259312,927.927252,3127871,3348894576.0,0.249,0.4669
2020-02-06,贵州茅台,600519,917.90286516,931.3929,911.48275224,927.927252,909.72393588,4717121,5011246407.0,0.3755,2.001
2020-02-05,贵州茅台,600519,909.7326,913.198248,895.02958836,909.72393588,899.34432012,4741824,4956355235.0,0.3775,1.1541
2020-02-04,贵州茅台,600519,879.40818,915.797484,875.95119612,899.34432012,869.80833504,6262418,6490469043.0,0.4985,3.3957
2020-02-03,贵州茅台,600519,853.41582,875.66528016,849.08376,869.80833504,912.1585536,12344288,12314991759.0,0.9827,-4.6429
2020-01-23,贵州茅台,600519,932.259312,932.259312,898.469244,912.1585536,931.83477012,5346843,5638945742.0,0.4256,-2.1116
2020-01-22,贵州茅台,600519,927.06084,939.190608,914.39389656,931.83477012,931.6528236,3620004,3875275065.0,0.2882,0.0195
2020-01-21,贵州茅台,600519,936.591372,941.789844,929.0535876,931.6528236,945.255492,3287405,3542441308.0,0.2617,-1.439
2020-01-20,贵州茅台,600519,963.32884632,963.32884632,937.457784,945.255492,959.55129,3539130,3858246844.0,0.2817,-1.4898
2020-01-17,贵州茅台,600519,961.71732,964.12594536,953.92827612,959.55129,959.118084,2347275,2599645144.0,0.1869,0.0452
2020-01-16,贵州茅台,600519,969.40239444,969.40239444,955.28854296,959.118084,963.56277756,2319165,2571593141.0,0.1846,-0.4613
2020-01-15,贵州茅台,600519,960.85957212,971.7676992,957.38526,963.56277756,959.4646488,2602911,2895603674.0,0.2072,0.4271
2020-01-14,贵州茅台,600519,974.0203704,974.61819468,955.652436,959.4646488,974.08101924,3514465,3916300790.0,0.2798,-1.5005
2020-01-13,贵州茅台,600519,963.88335,978.3524304,963.450144,974.08101924,963.88335,3851575,4325687959.0,0.3066,1.058
2020-01-10,贵州茅台,600519,960.850908,966.90712788,955.21923,963.88335,955.3925124,3597587,3993457118.0,0.2864,0.8887
2020-01-09,贵州茅台,600519,947.854728,957.72316068,944.38908,955.3925124,942.77755368,3740587,4110949814.0,0.2978,1.3381
2020-01-08,贵州茅台,600519,940.1003406,949.154346,937.96030296,942.77755368,948.31392636,2500825,2720371915.0,0.1991,-0.5838
2020-01-07,贵州茅台,600519,933.55893,952.186788,932.6058768,948.31392636,933.98347188,4785359,5220697068.0,0.3809,1.5343
2020-01-06,贵州茅台,600519,927.80595432,946.9016748,924.7215276,933.98347188,934.47732672,6341478,6853917601.0,0.5048,-0.0529
2020-01-03,贵州茅台,600519,967.782204,967.782204,933.0390828,934.47732672,979.04556,13031878,14266380596.0,1.0374,-4.5522
2020-01-02,贵州茅台,600519,977.312736,992.09372472,966.915792,979.04556,1024.965396,14809916,16696837095.0,1.1789,-4.4801
2019-12-31,贵州茅台,600519,1024.965396,1029.297456,1019.34238212,1024.965396,1027.3913496,2258881,2666705100.0,0.1798,-0.2361
2019-12-30,贵州茅台,600519,1013.8753224,1035.795546,1013.8753224,1027.3913496,1007.637156,4076066,4827682057.0,0.3245,1.9605
2019-12-27,贵州茅台,600519,996.3738,1015.434864,996.3738,1007.637156,983.4642612,4706628,5486452901.0,0.3747,2.4579
2019-12-26,贵州茅台,600519,980.778384,989.42517576,970.37277588,983.4642612,982.2512844,2287727,2585996501.0,0.1821,0.1235
2019-12-25,贵州茅台,600519,990.308916,990.308916,979.05422412,982.2512844,994.640976,2430597,2755735164.0,0.1935,-1.2456
2019-12-24,贵州茅台,600519,998.973036,1000.70586,992.04174,994.640976,995.7673116,1182310,1358536199.0,0.0941,-0.1131
2019-12-23,贵州茅台,600519,986.843268,1007.20395,984.244032,995.7673116,993.1680756,2591918,2981937538.0,0.2063,0.2617
2019-12-20,贵州茅台,600519,1006.92669816,1006.92669816,989.009298,993.1680756,1002.7852488,2356384,2703612358.0,0.1876,-0.959
2019-12-19,贵州茅台,600519,1007.637156,1007.637156,998.106624,1002.7852488,1011.969216,1955230,2262598597.0,0.1556,-0.9075
2019-12-18,贵州茅台,600519,1017.167688,1018.2073824,1008.503568,1011.969216,1013.68471176,1964009,2295963803.0,0.1563,-0.1692
2019-12-17,贵州茅台,600519,996.1138764,1016.8211232,990.33490836,1013.68471176,994.57166304,4261696,4937041950.0,0.3393,1.9217
2019-12-16,贵州茅台,600519,1007.637156,1007.637156,985.92487128,994.57166304,1007.637156,3093642,3554133640.0,0.2463,-1.2966
2019-12-13,贵州茅台,600519,992.908152,1009.36998,992.908152,1007.637156,985.110444,3000059,3473927971.0,0.2388,2.2867
2019-12-12,贵州茅台,600519,1001.572272,1004.98593528,979.11487296,985.110444,1004.15417976,2940916,3362699683.0,0.2341,-1.8965
2019-12-11,贵州茅台,600519,1011.969216,1014.351849,1001.1823866,1004.15417976,1008.8501328,1456799,1689987674.0,0.116,-0.4655
2019-12-10,贵州茅台,600519,1004.6913552,1009.36998,997.240212,1008.8501328,1003.9115844,1508658,1749356289.0,0.1201,0.4919
2019-12-09,贵州茅台,600519,1018.0341,1018.900512,1001.6589132,1003.9115844,1013.70204,2182412,2543532527.0,0.1737,-0.9658
2019-12-06,贵州茅台,600519,984.21803964,1013.70204,979.1322012,1013.70204,978.8722776,3950626,4565643688.0,0.3145,3.5581
2019-12-05,贵州茅台,600519,974.7135,980.78704812,968.648616,978.8722776,972.40017996,2133879,2402503470.0,0.1699,0.6656
2019-12-04,贵州茅台,600519,987.70968,991.74715992,968.648616,972.40017996,968.648616,3528308,3980511004.0,0.2809,0.3873
2019-12-03,贵州茅台,600519,981.644796,981.644796,968.42334888,968.648616,981.644796,2734093,3066695648.0,0.2176,-1.3239
2019-12-02,贵州茅台,600519,968.8218984,987.72700824,968.8218984,981.644796,978.179148,3078441,3479717421.0,0.2451,0.3543
2019-11-29,贵州茅台,600519,1009.803186,1009.803186,964.22125068,978.179148,1018.7272296,8239732,9338326554.0,0.6559,-3.9803
2019-11-28,贵州茅台,600519,1035.33634764,1037.53703412,1012.85295624,1018.7272296,1030.9869594,2884499,3405325549.0,0.2296,-1.1891
2019-11-27,贵州茅台,600519,1033.4562336,1036.76592744,1026.27367812,1030.9869594,1026.69822,1984881,2363839726.0,0.158,0.4177
2019-11-26,贵州茅台,600519,1028.15379216,1038.4814232,1024.965396,1026.69822,1024.15096872,4023961,4794179893.0,0.3203,0.2487
2019-11-25,贵州茅台,600519,1029.3407766,1034.495928,1015.48684872,1024.15096872,1034.495928,3828175,4518778939.0,0.3047,-1.0
2019-11-22,贵州茅台,600519,1059.621876,1064.820348,1026.69822,1034.495928,1066.8130956,4705428,5677646465.0,0.3746,-3.0293
2019-11-21,贵州茅台,600519,1066.553172,1070.46069012,1057.94103672,1066.8130956,1068.935805,1918739,2356277766.0,0.1527,-0.1986
2019-11-20,贵州茅台,600519,1065.68676,1073.92633812,1064.00592072,1068.935805,1067.69683584,1528053,1884957278.0,0.1216,0.116
2019-11-19,贵州茅台,600519,1063.953936,1075.74580332,1061.37202824,1067.69683584,1063.33011936,2062375,2542105913.0,0.1642,0.4107
2019-11-18,贵州茅台,600519,1061.45866944,1065.2102334,1055.289816,1063.33011936,1061.2680588,1803766,2204546132.0,0.1436,0.1943
2019-11-15,贵州茅台,600519,1065.68676,1068.20801892,1058.322258,1061.2680588,1065.68676,1634072,2003665313.0,0.1301,-0.4146
2019-11-14,贵州茅台,600519,1063.087524,1074.35088,1058.755464,1065.68676,1060.488288,2352112,2898399700.0,0.1872,0.4902
2019-11-13,贵州茅台,600519,1045.759284,1063.7806536,1039.6944,1060.488288,1041.0806592,3197704,3890666569.0,0.2546,1.8642
2019-11-12,贵州茅台,600519,1043.160048,1048.0119552,1038.14352252,1041.0806592,1038.827988,1915055,2303205539.0,0.1524,0.2168
2019-11-11,贵州茅台,600519,1040.994018,1045.0661544,1034.07138612,1038.827988,1044.02646,1734246,2082060830.0,0.1381,-0.4979
2019-11-08,贵州茅台,600519,1044.02646,1053.2537478,1041.00268212,1044.02646,1040.88138444,2451211,2964133776.0,0.1951,0.3022
2019-11-07,贵州茅台,600519,1036.67062212,1041.32325456,1030.163868,1040.88138444,1033.629516,1616788,1933203877.0,0.1287,0.7016
2019-11-06,贵州茅台,600519,1037.095164,1043.160048,1030.05989856,1033.629516,1038.827988,1973751,2362005422.0,0.1571,-0.5004
2019-11-05,贵州茅台,600519,1039.261194,1044.02646,1032.763104,1038.827988,1039.33917108,2225472,2667596023.0,0.1772,-0.0492
2019-11-04,贵州茅台,600519,1031.03028,1048.34985588,1030.163868,1039.33917108,1026.69822,2673798,3209264033.0,0.2128,1.2312
2019-11-01,贵州茅台,600519,1023.232572,1032.7197834,1015.86807,1026.69822,1022.37482412,2281196,2697638375.0,0.1816,0.4229
2019-10-31,贵州茅台,600519,1036.228752,1037.961576,1019.0304738,1022.37482412,1025.6585256,2590927,3068884874.0,0.2063,-0.3202
2019-10-30,贵州茅台,600519,1031.03028,1033.3695924,1018.900512,1025.6585256,1033.629516,2125475,2516524166.0,0.1692,-0.7712
2019-10-29,贵州茅台,600519,1023.32787732,1039.65974352,1020.43406124,1033.629516,1020.88459548,2780371,3314271728.0,0.2213,1.2484
2019-10-28,贵州茅台,600519,1010.24505612,1023.24123612,1009.36998,1020.88459548,1014.8716962,2248599,2644563044.0,0.179,0.5925
2019-10-25,贵州茅台,600519,999.2329596,1015.86807,990.33490836,1014.8716962,996.60773124,2599845,3015928985.0,0.207,1.8326
2019-10-24,贵州茅台,600519,1009.3266594,1010.236392,993.91318992,996.60773124,1004.09353092,2617844,3025245582.0,0.2084,-0.7455
2019-10-23,贵州茅台,600519,1011.969216,1020.633336,1001.66757732,1004.09353092,1014.3951696,2308021,2684922174.0,0.1837,-1.0155
2019-10-22,贵州茅台,600519,1020.633336,1023.665778,1008.40826268,1014.3951696,1012.402422,1930943,2262188262.0,0.1537,0.1968
2019-10-21,贵州茅台,600519,1015.31356632,1021.4131068,1007.8970796,1012.402422,1018.71856548,2527467,2955023935.0,0.2012,-0.62
2019-10-18,贵州茅台,600519,1021.499748,1031.02161588,1015.16627628,1018.71856548,1025.25131196,2829161,3335011086.0,0.2252,-0.6372
2019-10-17,贵州茅台,600519,1018.900512,1028.13646392,1007.20395,1025.25131196,1013.70204,3050870,3578144114.0,0.2429,1.1393
2019-10-16,贵州茅台,600519,1011.969216,1028.86425,1005.03792,1013.70204,1049.224932,5915059,6935972684.0,0.4709,-3.3856
2019-10-15,贵州茅台,600519,1022.36616,1053.27974016,1019.79291636,1049.224932,1022.36616,4003473,4806856333.0,0.3187,2.6271
2019-10-14,贵州茅台,600519,1027.564632,1029.00287592,1013.70204,1022.36616,1017.6875352,2718751,3209362988.0,0.2164,0.4597
2019-10-11,贵州茅台,600519,1002.438684,1018.0341,998.28857052,1017.6875352,1000.70586,2868925,3343559812.0,0.2284,1.697
2019-10-10,贵州茅台,600519,976.446324,1004.11085916,960.86823624,1000.70586,993.60994572,4117370,4685560483.0,0.3278,0.7141
2019-10-09,贵州茅台,600519,1010.4096744,1010.4096744,983.4209406,993.60994572,1011.1894452,3578857,4105282379.0,0.2849,-1.7385
2019-10-08,贵州茅台,600519,998.973036,1022.36616,998.11528812,1011.1894452,996.3738,3104527,3631091491.0,0.2471,1.487
2019-09-30,贵州茅台,600519,1007.637156,1013.20818516,996.3738,996.3738,1017.817497,3082514,3565988675.0,0.2454,-2.1068
2019-09-27,贵州茅台,600519,1008.503568,1024.965396,998.973036,1017.817497,1011.102804,2282661,2671754323.0,0.1817,0.6641
2019-09-26,贵州茅台,600519,1017.98211528,1025.2686402,1004.00688972,1011.102804,1017.167688,2608194,3050478322.0,0.2076,-0.5963
2019-09-25,贵州茅台,600519,1022.36616,1030.05123444,1014.135246,1017.167688,1025.831808,2402458,2832308420.0,0.1912,-0.8446
2019-09-24,贵州茅台,600519,1000.70586,1026.6115788,998.106624,1025.831808,995.507388,3626913,4259833998.0,0.2887,3.0461
2019-09-23,贵州茅台,600519,1002.438684,1002.438684,979.911972,995.507388,1002.80257704,3002633,3431058973.0,0.239,-0.7275
2019-09-20,贵州茅台,600519,997.240212,1005.03792,994.28574708,1002.80257704,992.04174,3762666,4346138244.0,0.2995,1.0847
2019-09-19,贵州茅台,600519,994.640976,996.3738,985.1970852,992.04174,995.4207468,2447980,2800064436.0,0.1949,-0.3395
2019-09-18,贵州茅台,600519,960.417702,996.3738,960.14045016,995.4207468,947.86339212,6931447,7899560194.0,0.5518,5.0173
2019-09-17,贵州茅台,600519,947.854728,958.82350392,941.789844,947.86339212,952.186788,2519693,2767385769.0,0.2006,-0.454
2019-09-16,贵州茅台,600519,938.324196,956.4755274,938.324196,952.186788,952.186788,3137180,3432292113.0,0.2497,0.0
2019-09-12,贵州茅台,600519,923.595192,961.69999176,923.595192,952.186788,926.64496224,4121133,4498210332.0,0.3281,2.7564
2019-09-11,贵州茅台,600519,969.70563864,970.35544764,925.328016,926.64496224,973.7171262,8171654,8904690560.0,0.6505,-4.8343
2019-09-10,贵州茅台,600519,982.7711316,983.37762,970.39010412,973.7171262,984.69456624,2622707,2952753655.0,0.2088,-1.1148
2019-09-09,贵州茅台,600519,992.04174,994.640976,983.37762,984.69456624,989.86704588,2937934,3346080774.0,0.2339,-0.5225
2019-09-06,贵州茅台,600519,991.608534,993.0381138,979.911972,989.86704588,991.175328,2617659,2978155822.0,0.2084,-0.132
2019-09-05,贵州茅台,600519,978.179148,991.9550988,977.312736,991.175328,974.72216412,3293084,3746608087.0,0.2621,1.688
2019-09-04,贵州茅台,600519,988.4028096,990.23093892,970.47674532,974.72216412,987.70968,3360022,3785904728.0,0.2675,-1.3149
2019-09-03,贵州茅台,600519,987.70968,997.25754024,977.79792672,987.70968,986.63532912,2948509,3358578409.0,0.2347,0.1089
2019-09-02,贵州茅台,600519,987.70101588,992.02441176,978.179148,986.63532912,989.442504,2823433,3210850606.0,0.2248,-0.2837
2019-08-30,贵州茅台,600519,974.7135,992.908152,972.980676,989.442504,964.4031972,4489077,5093877152.0,0.3574,2.5964
2019-08-29,贵州茅台,600519,957.38526,968.80457016,946.55511,964.4031972,953.14850532,2933042,3247704307.0,0.2335,1.1808
2019-08-28,贵州茅台,600519,960.850908,973.14529428,938.33286012,953.14850532,960.850908,4700967,5169778985.0,0.3742,-0.8016
2019-08-27,贵州茅台,600519,967.782204,980.18055972,960.850908,960.850908,955.6091154,5216421,5830617878.0,0.4153,0.5485
2019-08-26,贵州茅台,600519,964.316556,977.312736,950.17671216,955.6091154,979.1322012,4849789,5382792365.0,0.3861,-2.4024
2019-08-23,贵州茅台,600519,957.38526,982.12998672,949.25831544,979.1322012,956.518848,4019230,4495782910.0,0.32,2.3641
2019-08-22,贵州茅台,600519,929.65141188,956.518848,927.06084,956.518848,923.595192,3759078,4099045126.0,0.2992,3.5647
2019-08-21,贵州茅台,600519,927.1474812,933.09973164,919.83496392,923.595192,927.06084,2506662,2678841887.0,0.1995,-0.3738
2019-08-20,贵州茅台,600519,914.06466,930.24923616,909.7326,927.06084,914.82710256,2860213,3038219263.0,0.2277,1.3373
2019-08-19,贵州茅台,600519,919.263132,927.04351176,908.9095086,914.82710256,913.7180952,3286758,3471558016.0,0.2616,0.1214
2019-08-16,贵州茅台,600519,909.59397408,931.89541896,901.934892,913.7180952,905.3138988,3608673,3822488363.0,0.2873,0.9283
2019-08-15,贵州茅台,600519,890.671536,906.68282976,890.671536,905.3138988,903.95363196,2723739,2821331120.0,0.2168,0.1505
2019-08-14,贵州茅台,600519,892.42168824,911.3787828,892.42168824,903.95363196,881.9640954,4141095,4327071299.0,0.3297,2.4932
2019-08-13,贵州茅台,600519,880.41321792,888.938712,875.66528016,881.9640954,882.55325556,3032970,3088013760.0,0.2414,-0.0668
2019-08-12,贵州茅台,600519,875.34470772,883.8268812,862.08860412,882.55325556,833.51433636,8149895,8208540716.0,0.6488,5.8834
2019-08-09,贵州茅台,600519,847.784142,849.9068514,830.88044388,833.51433636,841.87521216,2846170,2760764357.0,0.2266,-0.9931
2019-08-08,贵州茅台,600519,826.123842,843.885288,824.824224,841.87521216,818.75934,3880813,3755086990.0,0.3089,2.8233
2019-08-07,贵州茅台,600519,822.658194,827.88265836,818.75934,818.75934,819.8856756,2686998,2553463419.0,0.2139,-0.1374
2019-08-06,贵州茅台,600519,806.629572,821.358576,800.3914056,819.8856756,816.53266116,4399116,4121445010.0,0.3502,0.4106
2019-08-05,贵州茅台,600519,818.75934,826.557048,814.42728,816.53266116,826.9469334,3677431,3473341317.0,0.2927,-1.2594
2019-08-02,贵州茅台,600519,817.892928,830.00536776,817.026516,826.9469334,831.1490316,3971940,3772328947.0,0.3162,-0.5056
2019-08-01,贵州茅台,600519,846.05998212,846.484524,825.70796424,831.1490316,842.6723112,3508952,3385045858.0,0.2793,-1.3675
2019-07-31,贵州茅台,600519,844.7517,850.61730924,837.46517508,842.6723112,848.15669916,2252620,2191909987.0,0.1793,-0.6466
2019-07-30,贵州茅台,600519,846.051318,851.682996,841.286052,848.15669916,845.97334092,1953797,1911965179.0,0.1555,0.2581
2019-07-29,贵州茅台,600519,833.51433636,848.650554,831.76418412,845.97334092,836.11357236,2698133,2626793557.0,0.214786,1.179232
2019-07-26,贵州茅台,600519,833.46235164,841.286052,830.4992226,836.11357236,834.354756,2646759,2556208822.0,0.2107,0.2108
2019-07-25,贵州茅台,600519,819.59975964,834.66666432,812.8244178,834.354756,819.93766032,3825570,3633246146.0,0.304536,1.758318
2019-07-24,贵州茅台,600519,830.29128372,831.6688788,818.49075228,819.93766032,826.53971976,4677120,4450509786.0,0.372324,-0.798758
2019-07-23,贵州茅台,600519,833.7482676,833.99952708,817.77163032,826.53971976,829.17361224,3248395,3087319264.0,0.258589,-0.317657
2019-07-22,贵州茅台,600519,831.75552,835.221168,823.308003,829.17361224,828.17723844,2812549,2695084029.0,0.223894,0.120312
2019-07-19,贵州茅台,600519,827.42346,832.4486496,821.358576,828.17723844,820.92537,2801481,2679887449.0,0.223013,0.883377
2019-07-18,贵州茅台,600519,833.055138,834.354756,820.64811816,820.92537,834.787962,3925295,3748507464.0,0.312474,-1.660612
2019-07-17,贵州茅台,600519,838.686816,843.01021188,833.60097756,834.787962,838.686816,2546887,2459954487.0,0.202746,-0.464876
2019-07-16,贵州茅台,600519,845.1415854,851.0765076,836.08758,838.686816,845.55746316,3324524,3226755644.0,0.26465,-0.812558
2019-07-15,贵州茅台,600519,838.5135336,849.1704012,824.07044556,845.55746316,854.36020908,5987040,5785726590.0,0.4766,-1.030335
2019-07-12,贵州茅台,600519,850.2100956,859.047498,849.09242412,854.36020908,850.383378,2817385,2778937975.0,0.224279,0.467654
2019-07-11,贵州茅台,600519,857.71322352,865.00841256,845.618112,850.383378,851.26711824,3051419,3011117079.0,0.242909,-0.103817
2019-07-10,贵州茅台,600519,849.88952316,858.25039896,846.484524,851.26711824,845.67009672,2816670,2774054724.0,0.224222,0.661847
2019-07-09,贵州茅台,600519,848.4772716,856.881468,838.9900602,845.67009672,853.29452232,3172332,3103986405.0,0.252534,-0.893527
2019-07-08,贵州茅台,600519,862.1232606,864.5925348,844.7517,853.29452232,866.25604584,3361352,3313713091.0,0.267581,-1.496271
2019-07-05,贵州茅台,600519,854.282232,871.610472,845.8780356,866.25604584,850.1234544,5003271,4968920475.0,0.398287,1.897676
2019-07-04,贵州茅台,600519,854.1089496,858.4410096,841.47666264,850.1234544,855.9284148,4621668,4531686001.0,0.367909,-0.678207
2019-07-03,贵州茅台,600519,883.74024,886.339476,850.383378,855.9284148,888.0723,6713932,6717755678.0,0.534465,-3.61951
2019-07-02,贵州茅台,600519,888.0723,891.971154,880.274592,888.0723,894.01588632,3906109,3989722046.0,0.310947,-0.664817
2019-07-01,贵州茅台,600519,870.32818224,897.2562672,866.60261064,894.01588632,852.549408,5233723,5325575854.0,0.416632,4.86382
2019-06-28,贵州茅台,600519,854.27356788,856.77749856,841.57196796,852.549408,850.65196572,3108840,3050739277.0,0.24748,0.223058
2019-06-27,贵州茅台,600519,840.96148,854.621768,837.64886016,850.6517468,836.57311248,4797845,4772724089.0,0.381934,1.682892
2019-06-26,贵州茅台,600519,840.96148,840.96148,829.19655696,836.57311248,839.23686864,2958818,2896585581.0,0.235538,-0.317402
2019-06-25,贵州茅台,600519,846.937856,852.914232,825.593656,839.23686864,842.7543928,5129595,5035624420.0,0.408343,-0.417384
2019-06-24,贵州茅台,600519,835.2412344,853.50333192,832.4238,842.7543928,833.5336984,4577920,4532526991.0,0.364427,1.106216
2019-06-21,贵州茅台,600519,828.12934696,840.52605832,823.459236,833.5336984,832.4238,4592675,4482726902.0,0.365601,0.133332
2019-06-20,贵州茅台,600519,796.13866,832.850684,795.8825296,832.4238,795.72031368,6727197,6468666073.0,0.535521,4.61261
2019-06-19,贵州茅台,600519,802.54192,808.2621656,795.72031368,795.72031368,782.905256,5372640,5051192622.0,0.427691,1.63686
2019-06-18,贵州茅台,600519,782.905256,785.46656,770.6109968,782.905256,778.2949088,2944138,2687679912.0,0.234369,0.592368
2019-06-17,贵州茅台,600519,774.367576,791.39170992,773.53088336,778.2949088,779.490184,3276903,3001512189.0,0.260859,-0.153343
2019-06-14,贵州茅台,600519,777.782648,795.9679064,776.94595536,779.490184,776.92888,4245504,3905679105.0,0.337965,0.32967
2019-06-13,贵州茅台,600519,776.92888,778.8925464,765.829896,776.92888,774.1114456,3291742,2984741685.0,0.26204,0.363956
2019-06-12,贵州茅台,600519,773.70163696,777.77411032,763.268592,774.1114456,777.68873352,3774740,3420899273.0,0.300489,-0.45999
2019-06-11,贵州茅台,600519,747.900768,781.71851848,747.047,777.68873352,743.70022944,8010644,7209086880.0,0.63769,4.570189
2019-06-10,贵州茅台,600519,732.51586864,750.4193836,717.16512,743.70022944,736.05900584,5550246,4790052574.0,0.441829,1.038128
2019-06-06,贵州茅台,600519,747.57633616,747.70440136,732.532944,736.05900584,744.1441888,3478685,3009567792.0,0.276922,-1.086504
2019-06-05,贵州茅台,600519,754.730912,756.66042768,742.77816,744.1441888,747.3031304,3406736,2988114670.0,0.271194,-0.422714
2019-06-04,贵州茅台,600519,764.12236,764.48948024,743.631928,747.3031304,761.561056,3968948,3481384251.0,0.315949,-1.872199
2019-06-03,贵州茅台,600519,761.561056,769.5437868,756.67750304,761.561056,759.85352,3447924,3076922330.0,0.274473,0.224719
2019-05-31,贵州茅台,600519,768.84369704,774.35903832,759.85352,759.85352,772.9161704,3579380,3211384923.0,0.284938,-1.690046
2019-05-30,贵州茅台,600519,776.92888,785.45802232,760.89511696,772.9161704,778.55957688,4024720,3634187681.0,0.320389,-0.724851
2019-05-29,贵州茅台,600519,758.15452168,789.6927116,758.15452168,778.55957688,758.145984,6564696,5963755397.0,0.522585,2.692564
2019-05-28,贵州茅台,600519,749.59976632,774.78592232,747.06407536,758.145984,750.462072,7477277,6670856081.0,0.595231,1.023891
2019-05-27,贵州茅台,600519,750.5474488,753.86860632,734.2831684,750.462072,750.035188,3916191,3417213669.0,0.31175,0.056915
2019-05-24,贵州茅台,600519,738.50932,755.58468,738.03120992,750.035188,735.094248,4403409,3858962204.0,0.350535,2.03252
2019-05-23,贵州茅台,600519,752.169608,754.71383664,731.01323696,735.094248,758.145984,5805863,5062812286.0,0.462177,-3.040541
2019-05-22,贵州茅台,600519,764.10528464,771.806272,751.31584,758.145984,764.12236,3204158,2853872828.0,0.255068,-0.782123
2019-05-21,贵州茅台,600519,755.58468,776.92888,744.50277136,764.12236,755.55052928,4238565,3791406204.0,0.337412,1.134512
2019-05-20,贵州茅台,600519,768.3912,768.3912,743.631928,755.55052928,774.18828472,4440799,3931645928.0,0.353511,-2.407388
2019-05-17,贵州茅台,600519,791.46001136,795.9679064,768.4765768,774.18828472,793.92740088,4984161,4551116799.0,0.396766,-2.486262
2019-05-16,贵州茅台,600519,784.612792,795.711776,772.66004,793.92740088,791.442936,4454012,4108281950.0,0.354563,0.313913
2019-05-15,贵州茅台,600519,760.05842432,796.565544,760.05842432,791.442936,756.92509576,6312425,5778791845.0,0.502502,4.560271
2019-05-14,贵州茅台,600519,755.58468,773.513808,745.339464,756.92509576,761.561056,5998312,5349455647.0,0.477497,-0.608744
2019-05-13,贵州茅台,600519,767.41790448,777.76557264,754.730912,761.561056,774.47002816,4663718,4179329433.0,0.371257,-1.666813
2019-05-10,贵州茅台,600519,747.61048688,777.59481904,741.23283992,774.47002816,733.22449608,7990738,7121198718.0,0.636105,5.625225
2019-05-09,贵州茅台,600519,747.047,751.20485016,719.29954,733.22449608,755.0724192,9154515,7863312116.0,0.728748,-2.89349
2019-05-08,贵州茅台,600519,734.24048,769.9279824,734.24048,755.0724192,759.85352,8188298,7217709507.0,0.651832,-0.629211
2019-05-07,贵州茅台,600519,762.65387904,780.29272592,742.96598896,759.85352,773.513808,10083726,9045117765.0,0.802718,-1.766004
2019-05-06,贵州茅台,600519,790.162284,798.27308,762.414824,773.513808,831.570032,13509968,12299395806.0,1.075465,-6.98152
2019-04-30,贵州茅台,600519,826.447424,840.92732928,822.27249848,831.570032,829.83688296,3594318,3503937512.0,0.286127,0.208857
2019-04-29,贵州茅台,600519,806.81076,844.376552,798.27308,829.83688296,806.81076,5257230,5086408528.0,0.418503,2.853965
2019-04-26,贵州茅台,600519,807.9206584,819.51482784,806.81076,806.81076,813.10303016,4327768,4119727292.0,0.344513,-0.773858
2019-04-25,贵州茅台,600519,827.12190072,831.56149432,812.12119696,813.10303016,828.15496,3980134,3822767525.0,0.31684,-1.817526
2019-04-24,贵州茅台,600519,836.59018784,845.23032,812.12119696,828.15496,832.3811116,4522700,4383873128.0,0.360031,-0.50772
2019-04-23,贵州茅台,600519,811.933368,837.73423696,810.3965856,832.3811116,810.3965856,4885205,4725480295.0,0.388888,2.712811
2019-04-22,贵州茅台,600519,819.190396,835.74495752,803.06271848,810.3965856,813.26524608,4062796,3897168684.0,0.32342,-0.352732
2019-04-19,贵州茅台,600519,805.92284128,820.4283596,795.12267608,813.26524608,807.237644,3237978,3064971032.0,0.25776,0.746695
2019-04-18,贵州茅台,600519,807.16080488,815.07523424,799.31467696,807.237644,812.787136,1959852,1853076080.0,0.156015,-0.682773
2019-04-17,贵州茅台,600519,800.834384,815.78386168,789.7354,812.787136,802.4565432,4076102,3848216557.0,0.324479,1.287368
2019-04-16,贵州茅台,600519,772.5746632,802.4565432,769.43279696,802.4565432,774.367576,4642344,4297385218.0,0.369555,3.627346
2019-04-15,贵州茅台,600519,794.858008,801.688152,774.367576,774.367576,780.343952,4552264,4205548308.0,0.362384,-0.765864
2019-04-12,贵州茅台,600519,776.075112,785.45802232,768.39973768,780.343952,789.9061536,4861217,4419349981.0,0.386979,-1.21055
2019-04-11,贵州茅台,600519,809.372064,811.0796,773.1296124,789.9061536,809.36352632,6110254,5643817564.0,0.486409,-2.404032
2019-04-10,贵州茅台,600519,770.952504,812.7017592,768.3912,809.36352632,772.66004,6781438,6331858748.0,0.539838,4.750275
2019-04-09,贵州茅台,600519,770.952504,775.3920976,761.99647768,772.66004,768.5619536,4798980,4308645696.0,0.382024,0.533214
2019-04-08,贵州茅台,600519,768.3912,775.221344,759.95597216,768.5619536,738.50932,6625193,5944780639.0,0.5274,4.069366
2019-04-04,贵州茅台,600519,717.16512,739.1923344,713.9208016,738.50932,721.007076,5577236,4763897857.0,0.443978,2.427472
2019-04-03,贵州茅台,600519,717.26757216,727.18835632,712.22180328,721.007076,725.7028,4305680,3629854319.0,0.342755,-0.647059
2019-04-02,贵州茅台,600519,734.23194232,734.23194232,713.80127408,725.7028,733.386712,5322705,4496538880.0,0.423716,-1.04773
2019-04-01,贵州茅台,600519,734.24048,741.8817036,726.556568,733.386712,729.10933432,6093461,5228521999.0,0.485072,0.586659
2019-03-29,贵州茅台,600519,712.89628,739.94365024,708.77258056,729.10933432,688.8200224,9093396,7702154797.0,0.723882,5.849033
2019-03-28,贵州茅台,600519,677.40514424,695.37696064,670.78844224,688.8200224,673.196068,5756676,4615969704.0,0.458262,2.320861
2019-03-27,贵州茅台,600519,666.792808,677.78933984,661.6702,673.196068,659.962664,4280739,3366132247.0,0.34077,2.005175
2019-03-26,贵州茅台,600519,665.93904,671.01042192,652.3641288,659.962664,662.1824608,3759569,2914112997.0,0.299282,-0.335221
2019-03-25,贵州茅台,600519,671.061648,672.769184,660.2187944,662.1824608,677.891792,3727046,2903744159.0,0.296693,-2.317384
2019-03-22,贵州茅台,600519,672.95701296,682.99732464,670.20788,677.891792,670.848206,3051750,2420497823.0,0.242935,1.049952
2019-03-21,贵州茅台,600519,672.769184,676.8672704,667.219692,670.848206,676.8672704,3257328,2558222913.0,0.259301,-0.889252
2019-03-20,贵州茅台,600519,674.47672,684.9780664,670.20788,676.8672704,676.70505448,3111752,2470811128.0,0.247712,0.023972
2019-03-19,贵州茅台,600519,685.575704,689.77624256,676.4403864,676.70505448,691.62891912,4063493,3244967390.0,0.323476,-2.15779
2019-03-18,贵州茅台,600519,664.9145184,695.41964904,663.377736,691.62891912,663.6338664,8131880,6499566987.0,0.647341,4.218453
2019-03-15,贵州茅台,600519,662.523968,672.3423,653.0044548,663.6338664,664.231504,5240071,4084798328.0,0.417137,-0.089976
2019-03-14,贵州茅台,600519,646.302376,670.20788,643.741072,664.231504,643.741072,6217256,4808607656.0,0.494927,3.183024
2019-03-13,贵州茅台,600519,636.484044,649.504006,636.484044,643.741072,636.06569768,4056136,3058080906.0,0.32289,1.206694
2019-03-12,贵州茅台,600519,652.12507376,652.13361144,630.934552,636.06569768,647.61717872,5251001,3946382127.0,0.418007,-1.783686
2019-03-11,贵州茅台,600519,631.82247072,654.7973676,631.82247072,647.61717872,629.6539,5305724,4001728730.0,0.422364,2.852878
2019-03-08,贵州茅台,600519,629.9954072,637.61955544,626.3668932,629.6539,639.1307248,5227525,3868415483.0,0.416139,-1.482765
2019-03-07,贵州茅台,600519,650.75904496,650.75904496,636.53527008,639.1307248,655.693824,6018053,4526351877.0,0.479069,-2.526045
2019-03-06,贵州茅台,600519,661.6702,665.512156,653.88383584,655.693824,665.75121104,4673137,3602140487.0,0.372006,-1.510686
2019-03-05,贵州茅台,600519,670.20788,674.0925244,662.42151584,665.75121104,667.52704848,4483056,3501155936.0,0.356875,-0.266027
2019-03-04,贵州茅台,600519,678.74556,681.58860744,663.56556496,667.52704848,673.8790824,8458596,6661386571.0,0.673349,-0.942608
2019-03-01,贵州茅台,600519,650.144332,674.47672,649.717448,673.8790824,644.60337768,6384023,4952509171.0,0.508202,4.541658
2019-02-28,贵州茅台,600519,629.9954072,651.78356656,629.1843276,644.60337768,632.3859576,5698625,4289145218.0,0.453641,1.931956
2019-02-27,贵州茅台,600519,625.811944,647.17321936,624.104408,632.3859576,620.9881548,6594227,4908445127.0,0.524935,1.835435
2019-02-26,贵州茅台,600519,638.4477104,639.62591024,619.835568,620.9881548,633.77759944,5796466,4265279124.0,0.461429,-2.017976
2019-02-25,贵州茅台,600519,623.890966,635.57904992,612.99688632,633.77759944,619.84410568,8262259,6034261367.0,0.65772,2.247904
2019-02-22,贵州茅台,600519,612.151656,621.96145032,609.6757288,619.84410568,614.926402,2590877,1867253930.0,0.206248,0.799724
2019-02-21,贵州茅台,600519,614.71296,623.66044864,612.151656,614.926402,616.420496,2985040,2163554333.0,0.237625,-0.242382
2019-02-20,贵州茅台,600519,627.51948,627.51948,611.34911408,616.420496,623.89950368,3788237,2742919644.0,0.301564,-1.198753
2019-02-19,贵州茅台,600519,632.60793728,633.92274,620.39905488,623.89950368,631.78832,2950150,2164408781.0,0.234848,-1.248647
2019-02-18,贵州茅台,600519,624.104408,636.0144716,624.104408,631.78832,618.79397104,3774589,2787522993.0,0.300477,2.099944
2019-02-15,贵州茅台,600519,627.41702784,627.41702784,617.29133936,618.79397104,629.36361888,2323798,1691515518.0,0.184987,-1.679411
2019-02-14,贵州茅台,600519,624.2751616,634.91311088,623.37016752,629.36361888,627.732922,3225813,2375987077.0,0.256792,0.259772
2019-02-13,贵州茅台,600519,617.274264,628.50985088,612.33948496,627.732922,612.93712256,3567706,2589623528.0,0.284008,2.41392
2019-02-12,贵州茅台,600519,617.274264,619.40014632,610.6148736,612.93712256,619.2379304,3509143,2521840124.0,0.279346,-1.017511
2019-02-11,贵州茅台,600519,593.36876,622.823756,587.54606224,619.2379304,591.37948056,5814075,4143849806.0,0.462831,4.710758
2019-02-01,贵州茅台,600519,595.11044672,596.783832,588.76695048,591.37948056,588.7584128,3052062,2121326140.0,0.24296,0.445187
2019-01-31,贵州茅台,600519,580.56224,588.7584128,578.47904608,588.7584128,577.147168,3669657,2515374970.0,0.292124,2.011831
2019-01-30,贵州茅台,600519,584.82254232,585.87267696,577.147168,577.147168,584.83108,2269996,1545353573.0,0.180704,-1.313869
2019-01-29,贵州茅台,600519,578.42782,587.392384,570.317024,584.83108,578.000936,3034259,2069407513.0,0.241543,1.181684
2019-01-28,贵州茅台,600519,583.977312,592.49791664,577.17278104,578.000936,580.3061096,3610287,2476277972.0,0.287398,-0.397236
2019-01-25,贵州茅台,600519,577.04471584,584.7457032,571.96479624,580.3061096,574.15898,2898635,1966232090.0,0.230747,1.070634
2019-01-24,贵州茅台,600519,572.2806904,578.70956344,567.48251424,574.15898,568.31920688,2915527,1960227058.0,0.232091,1.027556
2019-01-23,贵州茅台,600519,569.65108496,575.866516,566.15917384,568.31920688,572.878328,3362481,2247371221.0,0.267671,-0.795831
2019-01-22,贵州茅台,600519,585.684848,585.684848,567.94354896,572.878328,586.52154064,4212221,2834735031.0,0.335315,-2.32612
2019-01-21,贵州茅台,600519,589.09992,596.68137984,582.16732384,586.52154064,583.64434248,4705193,3242615722.0,0.374558,0.49297
2019-01-18,贵州茅台,600519,567.75572,589.2706736,564.767532,583.64434248,562.846554,6860918,4647515824.0,0.546165,3.695106
2019-01-17,贵州茅台,600519,566.048184,571.7684296,559.9010544,562.846554,564.4260248,3028476,2004454115.0,0.241083,-0.279833
2019-01-16,贵州茅台,600519,561.779344,568.3106692,558.0227648,564.4260248,563.46980464,4208364,2775103930.0,0.335008,0.169701
2019-01-15,贵州茅台,600519,536.04677648,564.767532,533.605,563.46980464,533.2634928,5576485,3613919068.0,0.443918,5.664426
2019-01-14,贵州茅台,600519,540.435144,542.90253352,530.6595004,533.2634928,542.89399584,2564890,1606308126.0,0.204179,-1.773924
2019-01-11,贵州茅台,600519,533.605,543.850216,528.26895,542.89399584,528.28602536,3888421,2445929483.0,0.309539,2.765161
2019-01-10,贵州茅台,600519,526.88584584,533.50254784,521.011922,528.28602536,526.02354016,2904390,1797683134.0,0.231205,0.430115
2019-01-09,贵州茅台,600519,520.78994232,534.59537088,519.97886272,526.02354016,516.35034872,4989227,3084214779.0,0.397169,1.873381
2019-01-08,贵州茅台,600519,516.956524,522.506016,512.49985504,516.35034872,516.94798632,2883813,1750413219.0,0.229567,-0.115611
2019-01-07,贵州茅台,600519,519.090944,522.506016,514.15616496,516.94798632,513.968336,3475013,2105981461.0,0.276629,0.579733
2019-01-04,贵州茅台,600519,501.40087104,518.80920056,496.91005136,513.968336,503.72312,3768347,2258501484.0,0.29998,2.033898
2019-01-03,贵州茅台,600519,512.23518696,513.67805488,500.1372944,503.72312,511.38995664,3097735,1838179174.0,0.246596,-1.499212
2019-01-02,贵州茅台,600519,520.78140464,522.506016,508.00049768,511.38995664,503.73165768,6228649,3754387984.0,0.495833,1.520308
2018-12-28,贵州茅台,600519,480.9275144,509.1872352,478.11008,503.73165768,480.671384,6367837,3705150490.0,0.506914,4.797515
2018-12-27,贵州茅台,600519,486.64776,488.2272308,480.00544496,480.671384,478.17838144,2949357,1670211285.0,0.234784,0.521351
2018-12-26,贵州茅台,600519,481.36293608,485.2817312,476.402544,478.17838144,483.05339672,1786620,1005617678.0,0.142224,-1.009202
2018-12-25,贵州茅台,600519,480.00544496,484.51334,472.65450248,483.05339672,484.940224,2659286,1490157587.0,0.211693,-0.389088
2018-12-24,贵州茅台,600519,481.098268,487.42468888,476.402544,484.940224,484.43650088,1910986,1080787424.0,0.152125,0.103986
2018-12-21,贵州茅台,600519,487.501528,489.5932596,479.99690728,484.43650088,490.489716,3064043,1736537277.0,0.243914,-1.234121
2018-12-20,贵州茅台,600519,491.95819696,496.466092,485.70007752,490.489716,493.3071504,2694098,1549600760.0,0.214464,-0.57113
2018-12-19,贵州茅台,600519,502.869352,504.56835032,491.79598104,493.3071504,504.52566192,2571596,1501321336.0,0.204713,-2.223578
2018-12-18,贵州茅台,600519,500.20559584,505.03792272,499.45428,504.52566192,504.16707936,1922218,1130221286.0,0.153019,0.071121
2018-12-17,贵州茅台,600519,505.91730376,508.82011496,499.46281768,504.16707936,506.25027328,2489585,1466942952.0,0.198184,-0.411495
2018-12-14,贵州茅台,600519,510.56180168,512.0900464,505.430656,506.25027328,513.754894,2455448,1461585126.0,0.195467,-1.460736
2018-12-13,贵州茅台,600519,503.72312,518.13472384,503.3816128,513.754894,502.869352,4039941,2427823194.0,0.321601,2.164686
2018-12-12,贵州茅台,600519,502.69006072,503.0401056,497.5759904,502.869352,497.73820632,1992154,1168089518.0,0.158586,1.030894
2018-12-11,贵州茅台,600519,492.624136,500.7776204,492.624136,497.73820632,492.82050264,1631660,949962155.0,0.129889,0.997871
2018-12-10,贵州茅台,600519,491.770368,501.5887,490.21651024,492.82050264,501.161816,2464068,1427993218.0,0.196153,-1.664399
2018-12-07,贵州茅台,600519,508.5042208,511.28750448,499.1981496,501.161816,505.2599024,2684167,1583970320.0,0.213674,-0.811083
2018-12-06,贵州茅台,600519,512.2608,517.36633264,504.03047648,505.2599024,520.8838568,3775807,2250440655.0,0.300574,-2.999506
2018-12-05,贵州茅台,600519,510.12638,526.347972,507.99196,520.8838568,514.16470264,4158819,2523641849.0,0.331064,1.306809
2018-12-04,贵州茅台,600519,514.81356632,515.89785168,507.99196,514.16470264,513.2853216,3147388,1888148735.0,0.250549,0.171319
2018-12-03,贵州茅台,600519,502.869352,516.52964,499.25791336,513.2853216,482.37892,8341468,4964130146.0,0.664025,6.407082
2018-11-30,贵州茅台,600519,475.548776,485.70007752,472.133704,482.37892,470.9384288,4901046,2762808219.0,0.390149,2.429301
2018-11-29,贵州茅台,600519,483.25830104,486.4770064,468.72716968,470.9384288,475.548776,4506945,2524752310.0,0.358777,-0.969484
2018-11-28,贵州茅台,600519,470.2981028,477.41852792,465.730444,475.548776,467.9502408,2773793,1535544366.0,0.220809,1.623796
2018-11-27,贵州茅台,600519,471.279936,473.83270232,466.584212,467.9502408,471.37385048,2023382,1112920631.0,0.161072,-0.726306
2018-11-26,贵州茅台,600519,476.402544,478.2808336,471.279936,471.37385048,475.4633992,1912019,1063536979.0,0.152207,-0.860125
2018-11-23,贵州茅台,600519,481.525152,484.3425864,475.4633992,475.4633992,481.952036,2012621,1126652921.0,0.160215,-1.34632
2018-11-22,贵州茅台,600519,482.5069852,484.36819944,476.402544,481.952036,482.1227896,2121333,1193347565.0,0.168869,-0.035419
2018-11-21,贵州茅台,600519,472.987472,485.7086152,472.71426624,482.1227896,479.4761088,2710730,1527915052.0,0.215788,0.552001
2018-11-20,贵州茅台,600519,482.37892,484.940224,478.11008,479.4761088,485.81106736,2694326,1514353125.0,0.214483,-1.304004
2018-11-19,贵州茅台,600519,478.3662104,488.355296,477.35022648,485.81106736,478.11008,3617925,2052509531.0,0.288006,1.610718
2018-11-16,贵州茅台,600519,478.963848,483.232688,476.42815704,478.11008,477.8539496,2893879,1625453517.0,0.230368,0.053598
2018-11-15,贵州茅台,600519,477.0855584,482.2081664,474.268124,477.8539496,473.9266168,3083340,1728199015.0,0.24545,0.828686
2018-11-14,贵州茅台,600519,486.61360928,486.61360928,471.7495084,473.9266168,486.64776,4176683,2331999884.0,0.332486,-2.614039
2018-11-13,贵州茅台,600519,466.25978016,486.64776,463.596024,486.64776,471.279936,6642905,3695850099.0,0.52881,3.26087
2018-11-12,贵州茅台,600519,472.133704,473.1582256,458.3026624,471.279936,479.817616,6782422,3709848786.0,0.539917,-1.779359
2018-11-09,贵州茅台,600519,484.27428496,485.793992,479.817616,479.817616,486.93804112,2433682,1374731688.0,0.193734,-1.46229
2018-11-08,贵州茅台,600519,490.062832,492.624136,484.940224,486.93804112,483.5741952,3376374,1933594956.0,0.268777,0.695622
2018-11-07,贵州茅台,600519,485.793992,490.8739116,479.82615368,483.5741952,483.232688,3810778,2165679706.0,0.303358,0.070676
2018-11-06,贵州茅台,600519,490.062832,490.19943488,476.41108168,483.232688,491.5996144,4556614,2572068930.0,0.362731,-1.701978
2018-11-05,贵州茅台,600519,506.284424,506.284424,488.15892936,491.5996144,512.1754232,7551708,4373994135.0,0.601156,-4.017342
2018-11-02,贵州茅台,600519,499.45428,512.2608,488.56020032,512.1754232,480.671384,8915696,5227695093.0,0.709737,6.554178
2018-11-01,贵州茅台,600519,473.84124,499.881164,470.63961,480.671384,468.6332552,9810672,5581027253.0,0.780981,2.568769
2018-10-31,贵州茅台,600519,449.935736,473.84124,445.666896,468.6332552,447.374432,9688482,5239853122.0,0.771254,4.751913
2018-10-30,贵州茅台,600519,435.42168,463.596024,434.58498736,447.374432,468.79547112,20439667,10663392394.0,1.627106,-4.569383
2018-10-29,贵州茅台,600519,468.79547112,468.79547112,468.79547112,468.79547112,520.8838568,4907600,2694714084.0,0.390671,-9.999992
2018-10-26,贵州茅台,600519,528.482392,533.605,519.07386864,520.8838568,528.482392,5532738,3388947805.0,0.440435,-1.437807
2018-10-25,贵州茅台,600519,529.33616,531.47058,519.58612944,528.482392,543.84167832,7556838,4657019123.0,0.601564,-2.824219
2018-10-24,贵州茅台,600519,536.26021848,554.9492,529.33616,543.84167832,547.89707632,7611282,4818473584.0,0.605898,-0.740175
2018-10-23,贵州茅台,600519,588.246152,588.246152,542.14268,547.89707632,591.661224,12311273,8076618589.0,0.980043,-7.396827
2018-10-22,贵州茅台,600519,576.2934,599.36221136,576.2934,591.661224,572.02456,7310857,5036971569.0,0.581983,3.432836
2018-10-19,贵州茅台,600519,544.703984,576.2934,542.21098144,572.02456,551.48290192,7619938,4973381203.0,0.606587,3.724804
2018-10-18,贵州茅台,600519,563.48688,563.48688,550.65474696,551.48290192,568.37043296,5215607,3394332712.0,0.41519,-2.971215
2018-10-17,贵州茅台,600519,576.2934,578.2570664,554.8638232,568.37043296,569.58278352,4307707,2846537063.0,0.342916,-0.212856
2018-10-16,贵州茅台,600519,568.59241264,580.16096904,565.20295368,569.58278352,569.3778792,2639360,1766613793.0,0.210107,0.035986
2018-10-15,贵州茅台,600519,571.58913832,573.6894076,563.51249304,569.3778792,570.317024,3560730,2372056680.0,0.283453,-0.164667
2018-10-12,贵州茅台,600519,555.802968,574.31265824,555.44438544,570.317024,550.67182232,5447256,3599837217.0,0.43363,3.567499
2018-10-11,贵州茅台,600519,542.15121768,571.11956592,542.15121768,550.67182232,572.81002656,9158196,5953169079.0,0.729041,-3.864841
2018-10-10,贵州茅台,600519,595.29827568,595.930064,571.75989192,572.81002656,593.36876,6309820,4288785948.0,0.502295,-3.464751
2018-10-09,贵州茅台,600519,586.4532392,596.53623928,585.5994712,593.36876,585.8129132,4022283,2785526957.0,0.320195,1.289802
2018-10-08,贵州茅台,600519,610.79416488,613.859192,585.8129132,585.8129132,623.25064,8274502,5798721501.0,0.658694,-6.006846
2018-09-28,贵州茅台,600519,620.4332056,625.9826976,613.75673984,623.25064,618.128032,3508980,2551115844.0,0.279333,0.828729
2018-09-27,贵州茅台,600519,621.11622,621.543104,610.7856272,618.128032,618.92203624,4050853,2918965007.0,0.322469,-0.128287
2018-09-26,贵州茅台,600519,599.4305128,625.53873824,599.33659832,618.92203624,595.09337136,7228777,5200777033.0,0.575449,4.004185
2018-09-25,贵州茅台,600519,593.36876,602.56384136,591.88320368,595.09337136,597.64613768,3063991,2142679110.0,0.24391,-0.427135
2018-09-21,贵州茅台,600519,582.269776,597.64613768,580.57077768,597.64613768,579.3242764,4261720,2945196257.0,0.339255,3.16263
2018-09-20,贵州茅台,600519,585.0018336,586.4532392,578.30829248,579.3242764,581.77459056,2751948,1878075359.0,0.21907,-0.421179
2018-09-19,贵州茅台,600519,569.10467344,585.684848,568.609488,581.77459056,569.2071256,4822184,3277470608.0,0.383871,2.207885
2018-09-18,贵州茅台,600519,548.972824,570.317024,548.30688496,569.2071256,551.37191208,3785868,2480477388.0,0.301375,3.2347
2018-09-17,贵州茅台,600519,550.68036,557.47635328,547.31651408,551.37191208,548.8874472,2911295,1884188491.0,0.231755,0.452632
2018-09-14,贵州茅台,600519,541.27183664,554.76137104,536.61880104,548.8874472,539.56430064,4090019,2617626839.0,0.325587,1.72791
2018-09-13,贵州茅台,600519,544.703984,548.119056,529.33616,539.56430064,537.87384,4771316,3004019091.0,0.379822,0.314283
2018-09-12,贵州茅台,600519,548.972824,550.56937016,536.17484168,537.87384,551.534128,4115737,2612360007.0,0.327634,-2.47678
2018-09-11,贵州茅台,600519,551.16700776,555.77735496,546.94939384,551.534128,550.5096064,1949687,1258466309.0,0.155205,0.186106
2018-09-10,贵州茅台,600519,556.8274896,558.20205608,547.0091576,550.5096064,555.77735496,2120220,1369296442.0,0.168781,-0.947814
2018-09-07,贵州茅台,600519,551.107244,561.80495704,550.79988752,555.77735496,549.826592,2924006,1903829724.0,0.232766,1.082294
2018-09-06,贵州茅台,600519,556.656736,562.85509168,546.41152,549.826592,561.60005272,4237058,2744204071.0,0.337292,-2.096411
2018-09-05,贵州茅台,600519,576.2934,577.99239832,560.925576,561.60005272,576.32755072,2898342,1927600143.0,0.230723,-2.555404
2018-09-04,贵州茅台,600519,569.2925024,577.147168,564.8529088,576.32755072,568.78877928,2154048,1441658194.0,0.171474,1.325401
2018-09-03,贵州茅台,600519,556.656736,570.03528056,555.6322144,568.78877928,562.79532792,3017984,1992654934.0,0.240248,1.064946
2018-08-31,贵州茅台,600519,577.36061,578.000936,560.498692,562.79532792,580.9037472,5898093,3911486180.0,0.469519,-3.117287
2018-08-30,贵州茅台,600519,587.57167528,591.3197168,579.71700968,580.9037472,585.5567828,3378833,2312993223.0,0.268973,-0.794627
2018-08-29,贵州茅台,600519,582.269776,588.14369984,579.7938488,585.5567828,581.416008,2740403,1877474370.0,0.218151,0.712184
2018-08-28,贵州茅台,600519,591.661224,592.32716304,579.3242764,581.416008,586.7947464,3248890,2222697903.0,0.258629,-0.916628
2018-08-27,贵州茅台,600519,565.194416,586.7947464,565.194416,586.7947464,563.7430104,4801692,3261483990.0,0.38224,4.08905
2018-08-24,贵州茅台,600519,571.170792,571.170792,560.46454128,563.7430104,572.20385128,2609026,1725516320.0,0.207692,-1.478646
2018-08-23,贵州茅台,600519,573.4759656,579.281588,567.90939824,572.20385128,570.0608936,2735727,1836880236.0,0.217778,0.375919
2018-08-22,贵州茅台,600519,572.878328,574.7566176,566.048184,570.0608936,573.29667432,2067551,1381418422.0,0.164588,-0.564413
2018-08-21,贵州茅台,600519,552.387896,573.9882264,552.387896,573.29667432,550.50106872,5224902,3460897975.0,0.41593,4.140885
2018-08-20,贵州茅台,600519,539.9655716,551.1499324,526.65532848,550.50106872,542.02315248,4885234,3081035729.0,0.388891,1.564123
2018-08-17,贵州茅台,600519,561.35246,561.35246,537.88237768,542.02315248,553.61732192,4657457,3001465861.0,0.370758,-2.09426
2018-08-16,贵州茅台,600519,556.656736,570.743908,546.41152,553.61732192,565.8774304,5993985,3908421566.0,0.477153,-2.166564
2018-08-15,贵州茅台,600519,580.3914864,580.56224,564.340648,565.8774304,580.67322984,3499709,2336994709.0,0.278595,-2.548045
2018-08-14,贵州茅台,600519,579.89630096,584.404196,575.02128568,580.67322984,579.89630096,2169683,1474124248.0,0.172718,0.133982
2018-08-13,贵州茅台,600519,583.123544,583.123544,569.19005024,579.89630096,586.69229424,3457041,2329262063.0,0.275199,-1.158361
2018-08-10,贵州茅台,600519,590.70500384,593.17239336,584.1480656,586.69229424,590.70500384,2381767,1643993563.0,0.189601,-0.67931
2018-08-09,贵州茅台,600519,572.878328,592.941876,572.12701216,590.70500384,577.33499696,3448575,2368461339.0,0.274525,2.31582
2018-08-08,贵州茅台,600519,586.55569136,588.246152,573.62110616,577.33499696,585.92390304,2968544,2016438669.0,0.236312,-1.465882
2018-08-07,贵州茅台,600519,573.9882264,587.24724344,565.21149136,585.92390304,571.75135424,3908559,2645263310.0,0.311142,2.478801
2018-08-06,贵州茅台,600519,578.000936,583.977312,565.407858,571.75135424,579.69993432,4524812,3039091096.0,0.360199,-1.371154
2018-08-03,贵州茅台,600519,593.36876,593.36876,577.3179216,579.69993432,594.08592512,4733699,3230239085.0,0.376828,-2.421539
2018-08-02,贵州茅台,600519,611.27227496,611.27227496,587.28993184,594.08592512,610.39289392,5500143,3840134516.0,0.437841,-2.67155
2018-08-01,贵州茅台,600519,624.4459152,625.2143064,609.68426648,610.39289392,620.21122592,2523788,1821933661.0,0.200907,-1.583063
2018-07-31,贵州茅台,600519,614.9690904,621.44065184,614.03848328,620.21122592,614.03848328,2068346,1499353469.0,0.164651,1.005267
2018-07-30,贵州茅台,600519,630.8491752,632.35180688,610.44412,614.03848328,630.55889408,4217166,3058614520.0,0.335709,-2.61996
2018-07-27,贵州茅台,600519,628.373248,635.4595224,623.25064,630.55889408,628.04881616,2091360,1546655260.0,0.166483,0.399663
2018-07-26,贵州茅台,600519,639.3868552,639.3868552,626.86207864,628.04881616,635.04117608,2306726,1707662628.0,0.183628,-1.101088
2018-07-25,贵州茅台,600519,637.7220076,640.22354784,631.79685768,635.04117608,636.3986672,2174388,1618737612.0,0.173093,-0.213312
2018-07-24,贵州茅台,600519,625.53873824,638.0208264,617.274264,636.3986672,625.01793976,4180860,3091209135.0,0.332819,1.820866
2018-07-23,贵州茅台,600519,628.373248,632.7701532,614.72149768,625.01793976,632.75307784,3596989,2621763717.0,0.286339,-1.222457
2018-07-20,贵州茅台,600519,633.068972,634.46061384,621.543104,632.75307784,632.5993996,3054850,2249792135.0,0.243182,0.024292
2018-07-19,贵州茅台,600519,630.934552,635.1607036,627.53655536,632.5993996,629.60267392,1807850,1337080011.0,0.143914,0.475972
2018-07-18,贵州茅台,600519,633.86297624,640.06133192,627.51948,629.60267392,633.86297624,2452171,1818760392.0,0.195206,-0.672116
2018-07-17,贵州茅台,600519,646.302376,646.302376,628.39032336,633.86297624,644.32163424,2780603,2064190615.0,0.221351,-1.623205
2018-07-16,贵州茅台,600519,642.2896664,652.37266648,641.20538104,644.32163424,637.75615832,3247487,2454501604.0,0.258517,1.029465
2018-07-13,贵州茅台,600519,633.7519864,638.7038408,627.62193216,637.75615832,629.68805072,2890704,2152944602.0,0.230115,1.281288
2018-07-12,贵州茅台,600519,613.005424,632.78722856,613.005424,629.68805072,614.35437744,4017004,2947129140.0,0.319775,2.495895
2018-07-11,贵州茅台,600519,606.17528,618.128032,599.53296496,614.35437744,619.63066368,2427845,1736875980.0,0.193269,-0.85152
2018-07-10,贵州茅台,600519,622.396872,624.531292,609.01832744,619.63066368,620.89424032,2901047,2096683487.0,0.230939,-0.203507
2018-07-09,贵州茅台,600519,614.73857304,623.13111248,614.48244264,620.89424032,609.69280416,4057266,2944655287.0,0.32298,1.837226
2018-07-06,贵州茅台,600519,603.613976,615.50696424,597.00581168,609.69280416,599.67810552,4415661,3140922350.0,0.35151,1.67001
2018-07-05,贵州茅台,600519,597.6376,611.4686416,597.6376,599.67810552,589.87684888,4712380,3333680083.0,0.37513,1.661583
2018-07-04,贵州茅台,600519,590.807456,597.6376,587.392384,589.87684888,593.30045856,3799075,2637494710.0,0.302426,-0.577046
2018-07-03,贵州茅台,600519,605.97037568,611.11005904,579.05107064,593.30045856,607.4986204,8283710,5743330241.0,0.659427,-2.337152
2018-07-02,贵州茅台,600519,627.10967136,631.21629544,600.198904,607.4986204,624.49714128,3755811,2709882026.0,0.298982,-2.721958
2018-06-29,贵州茅台,600519,608.1389464,625.2143064,601.90644,624.49714128,606.96928424,3292927,2378884218.0,0.262134,2.887771
2018-06-28,贵州茅台,600519,609.590352,613.859192,595.076296,606.96928424,616.79615392,5083394,3610842734.0,0.404665,-1.593213
2018-06-27,贵州茅台,600519,642.033536,646.302376,615.566728,616.79615392,644.4240864,5729801,4194739085.0,0.456123,-4.287227
2018-06-26,贵州茅台,600519,653.39718808,657.29890784,637.764696,644.4240864,653.61063008,4657798,3516945435.0,0.370785,-1.405508
2018-06-25,贵州茅台,600519,653.986288,665.05965896,653.0471432,653.61063008,654.43878504,3293416,2543272262.0,0.262173,-0.126548
2018-06-22,贵州茅台,600519,643.741072,654.840056,640.326,654.43878504,648.28311776,2885481,2190055865.0,0.2297,0.949537
2018-06-21,贵州茅台,600519,653.32034896,664.99135752,647.81354536,648.28311776,651.92870712,3918255,3013867644.0,0.311914,-0.559203
2018-06-20,贵州茅台,600519,632.642088,653.13252,632.642088,651.92870712,630.080784,4583802,3454583693.0,0.364895,3.467484
2018-06-19,贵州茅台,600519,656.547592,656.547592,629.227016,630.080784,660.24440744,6019587,4535664030.0,0.479191,-4.568556
2018-06-15,贵州茅台,600519,660.1334176,664.72668944,656.6329688,660.24440744,661.78118984,3170773,2455441877.0,0.25241,-0.232217
2018-06-14,贵州茅台,600519,665.03938,668.2383036,652.56357796,661.78152886,665.31718126,3615961,2830514231.0,0.28785,-0.531425
2018-06-13,贵州茅台,600519,673.4576,675.66317364,664.09653936,665.31718126,672.77572418,3524437,2803441679.0,0.280564,-1.108621
2018-06-12,贵州茅台,600519,654.937516,676.403977,653.674783,672.77572418,653.02658006,5528708,4385043270.0,0.440114,3.024251
2018-06-11,贵州茅台,600519,653.2959631,661.672092,646.79709726,653.02658006,654.8954249,3654755,2837404005.0,0.290938,-0.285369
2018-06-08,贵州茅台,600519,656.62116,661.5879098,648.20294,654.8954249,657.43772734,3495846,2712363711.0,0.278288,-0.386693
2018-06-07,贵州茅台,600519,665.02254356,669.7114921,655.6951558,657.43772734,661.4616365,3916778,3078137471.0,0.311796,-0.60834
2018-06-06,贵州茅台,600519,663.355736,674.2573309,658.5573506,661.4616365,663.3978271,4896948,3870616725.0,0.389823,-0.291858
2018-06-05,贵州茅台,600519,662.093003,668.9959434,654.28931306,663.3978271,658.27954934,5262967,4136578583.0,0.41896,0.777526
2018-06-04,贵州茅台,600519,633.3447817,659.0624438,627.89819336,658.27954934,627.24999042,7380597,5697540359.0,0.587535,4.946919
2018-06-01,贵州茅台,600519,632.31775886,635.55877356,621.90442072,627.24999042,632.31775886,3617763,2694415012.0,0.287993,-0.801462
2018-05-31,贵州茅台,600519,614.7405155,632.73025164,614.73209728,632.31775886,611.05333514,7185287,5356222572.0,0.571987,3.479963
2018-05-30,贵州茅台,600519,612.18979484,620.6753606,606.1539311,611.05333514,615.73386546,3714710,2706486799.0,0.295711,-0.760154
2018-05-29,贵州茅台,600519,621.9380936,631.3665,615.60759216,615.73386546,623.2850088,4082027,3029700817.0,0.324951,-1.211511
2018-05-28,贵州茅台,600519,604.428196,623.50388252,602.00374864,623.2850088,603.46851892,4280523,3129960293.0,0.340752,3.283771
2018-05-25,贵州茅台,600519,599.377264,612.004594,599.377264,603.46851892,602.2394588,2651146,1908701139.0,0.211045,0.204076
2018-05-24,贵州茅台,600519,606.11184,613.40201852,600.219086,602.2394588,609.29392716,3041634,2191695815.0,0.24213,-1.157811
2018-05-23,贵州茅台,600519,622.94828,622.94828,609.12556276,609.29392716,622.58629654,2826871,2061375201.0,0.225034,-2.135021
2018-05-22,贵州茅台,600519,618.92437084,622.81358848,614.54689644,622.58629654,618.58764204,1699896,1250693946.0,0.135321,0.646417
2018-05-21,贵州茅台,600519,626.315568,629.0935806,616.61777856,618.58764204,622.37584104,2905958,2150582003.0,0.23133,-0.608667
2018-05-18,贵州茅台,600519,609.47070978,623.790102,607.11360818,622.37584104,612.32448636,2925517,2140724039.0,0.232887,1.641508
2018-05-17,贵州茅台,600519,618.84018864,620.843725,609.479128,612.32448636,618.33509544,2851793,2077476640.0,0.227018,-0.972065
2018-05-16,贵州茅台,600519,622.94828,627.71299252,617.29123616,618.33509544,625.52425532,3079520,2275092450.0,0.245146,-1.149299
2018-05-15,贵州茅台,600519,627.999212,628.36961368,617.897348,625.52425532,624.97707102,3805580,2811622722.0,0.302944,0.087556
2018-05-14,贵州茅台,600519,609.479128,625.473746,609.479128,624.97707102,604.44503244,5101471,3753818029.0,0.406104,3.396835
2018-05-11,贵州茅台,600519,605.00905318,614.950971,602.4920054,604.44503244,601.22085418,3914165,2826877192.0,0.311588,0.536274
2018-05-10,贵州茅台,600519,592.221777,602.744552,592.221777,601.22085418,590.9169529,3929380,2794919589.0,0.312799,1.743712
2018-05-09,贵州茅台,600519,596.91914376,599.6298106,586.85095264,590.9169529,596.70868826,3233106,2267880036.0,0.257372,-0.970614
2018-05-08,贵州茅台,600519,587.61701066,599.48670086,587.61701066,596.70868826,587.73486574,6249783,4414037853.0,0.497516,1.526854
2018-05-07,贵州茅台,600519,555.5604289,590.85802536,553.72525694,587.73486574,558.01854914,8559143,5858519223.0,0.681353,5.325326
2018-05-04,贵州茅台,600519,564.84572556,568.08674026,556.08235854,558.01854914,564.76154336,3737584,2492610223.0,0.297531,-1.193956
2018-05-03,贵州茅台,600519,560.653452,567.11864496,553.918876,564.76154336,562.19398626,3632653,2426248236.0,0.289178,0.456701
2018-05-02,贵州茅台,600519,555.60252,563.17049978,543.02569932,562.19398626,557.73232966,7025911,4589885607.0,0.5593,0.799962
2018-04-27,贵州茅台,600519,576.8585255,579.47659192,551.39341,557.73232966,570.94893506,5791521,3866680412.0,0.461036,-2.314842
2018-04-26,贵州茅台,600519,582.540824,582.77653416,566.546206,570.94893506,581.67374734,3504790,2378744475.0,0.279,-1.843783
2018-04-25,贵州茅台,600519,580.015358,582.540824,574.98126244,581.67374734,580.75616136,2525222,1738767067.0,0.201021,0.157994
2018-04-24,贵州茅台,600519,569.071672,583.803557,568.22985,580.75616136,567.39644622,4728256,3252280969.0,0.376394,2.354564
2018-04-23,贵州茅台,600519,560.66187022,572.71676126,560.66187022,567.39644622,564.23961372,3265920,2196761047.0,0.259985,0.559484
2018-04-20,贵州茅台,600519,573.280782,584.224468,562.53071506,564.23961372,572.40528712,4151168,2831559751.0,0.330455,-1.426556
2018-04-19,贵州茅台,600519,555.4762467,572.43896,552.79083452,572.40528712,551.93217608,4420757,2976468492.0,0.351916,3.709354
2018-04-18,贵州茅台,600519,564.862562,564.862562,542.97519,551.93217608,560.8218164,6261660,4104175827.0,0.498461,-1.585109
2018-04-17,贵州茅台,600519,576.64807,576.96796236,560.3167232,560.8218164,573.60067436,3517276,2377407817.0,0.279994,-2.227831
2018-04-16,贵州茅台,600519,572.92721676,578.2054407,569.913494,573.60067436,578.21385892,3293967,2241463093.0,0.262217,-0.797831
2018-04-13,贵州茅台,600519,588.012667,590.117222,576.71541576,578.21385892,584.3928324,2754952,1904051062.0,0.219309,-1.057336
2018-04-12,贵州茅台,600519,592.642688,595.06713536,582.72602484,584.3928324,593.78756592,3071361,2139139504.0,0.244497,-1.582167
2018-04-11,贵州茅台,600519,597.69362,601.71752916,591.81770244,593.78756592,596.02681244,2572318,1822237882.0,0.20477,-0.3757
2018-04-10,贵州茅台,600519,593.3161456,596.430887,587.97899412,596.02681244,587.8443026,3204325,2252069676.0,0.255081,1.391956
2018-04-09,贵州茅台,600519,586.8341162,593.84649346,580.9834533,587.8443026,584.23288622,3083305,2149178951.0,0.245447,0.618143
2018-04-04,贵州茅台,600519,574.122604,589.63738346,572.75885236,584.23288622,570.67955202,5689131,3948712791.0,0.452885,2.374952
2018-04-03,贵州茅台,600519,570.755316,578.331714,568.55816058,570.67955202,572.48946932,4023558,2737509485.0,0.320297,-0.316152
2018-04-02,贵州茅台,600519,572.43896,581.699002,567.48062842,572.48946932,575.48635564,3203908,2185060765.0,0.255048,-0.520757
2018-03-30,贵州茅台,600519,577.489892,583.803557,572.33794136,575.48635564,580.0995402,3654028,2502696336.0,0.29088,-0.795237
2018-03-29,贵州茅台,600519,574.2909684,587.4654827,554.26402302,580.0995402,574.1646951,7908196,5362890034.0,0.629534,1.033647
2018-03-28,贵州茅台,600519,589.25014534,591.800866,563.178918,574.1646951,601.68385628,11353972,7786098263.0,0.903836,-4.573692
2018-03-27,贵州茅台,600519,608.637306,611.06175336,592.642688,601.68385628,600.63157878,4754844,3399900239.0,0.378511,0.175195
2018-03-26,贵州茅台,600519,596.009976,601.95323932,590.85802536,600.63157878,598.58595132,4625611,3276880070.0,0.368223,0.341742
2018-03-23,贵州茅台,600519,590.117222,609.04979878,589.34274576,598.58595132,611.23011776,5254677,3727044980.0,0.4183,-2.068645
2018-03-22,贵州茅台,600519,626.315568,629.682856,609.48754622,611.23011776,624.631924,3748697,2748721669.0,0.298416,-2.14555
2018-03-21,贵州茅台,600519,631.45910042,633.98456642,622.94828,624.631924,629.45556406,2674271,1996584261.0,0.212886,-0.766317
2018-03-20,贵州茅台,600519,631.3665,633.050144,622.94828,629.45556406,634.29604056,2887720,2154897794.0,0.229878,-0.763126
2018-03-19,贵州茅台,600519,626.29031334,634.72536978,622.106458,634.29604056,622.8220067,3866658,2897348542.0,0.307806,1.842266
2018-03-16,贵州茅台,600519,629.3461272,634.71695156,622.00543936,622.8220067,628.39486834,3585552,2676682524.0,0.285429,-0.88684
2018-03-15,贵州茅台,600519,612.86325244,628.841034,612.86325244,628.39486834,611.90357536,5614879,4161645760.0,0.446974,2.695076
2018-03-14,贵州茅台,600519,597.41581874,612.91376176,595.35335484,611.90357536,597.9882577,3735576,2683830110.0,0.297372,2.327026
2018-03-13,贵州茅台,600519,608.637306,611.6678652,597.69362,597.9882577,609.4370369,3857709,2764426996.0,0.307094,-1.878588
2018-03-12,贵州茅台,600519,614.1512401,617.83000224,608.44368694,609.4370369,613.0147804,3988841,2900950557.0,0.317533,-0.583631
2018-03-09,贵州茅台,600519,612.4675961,616.69354254,609.058217,613.0147804,608.43526872,3017100,2199081672.0,0.240177,0.752671
2018-03-08,贵州茅台,600519,601.060908,609.479128,596.009976,608.43526872,597.72729288,3534930,2540452000.0,0.281399,1.791453
2018-03-07,贵州茅台,600519,601.90273,609.479128,596.84337978,597.72729288,604.64706972,3459594,2480929043.0,0.275402,-1.144437
2018-03-06,贵州茅台,600519,610.32095,612.5096872,586.85937086,604.64706972,606.20444042,6457036,4581658583.0,0.514014,-0.256902
2018-03-05,贵州茅台,600519,621.41616396,624.631924,603.61162866,606.20444042,619.92613902,3723470,2703926955.0,0.296408,-2.213439
2018-03-02,贵州茅台,600519,621.264636,625.94516632,614.53006,619.92613902,624.60666934,2599190,1912613830.0,0.206909,-0.749356
2018-03-01,贵州茅台,600519,612.846416,628.7147607,609.28550894,624.60666934,610.84287964,4479465,3303604159.0,0.356589,2.253242
2018-02-28,贵州茅台,600519,616.213704,624.8844706,605.270018,610.84287964,621.24779956,4833067,3522004686.0,0.384738,-1.67484
2018-02-27,贵州茅台,600519,630.524678,636.417432,620.60801484,621.24779956,625.90307522,4260154,3181778842.0,0.339131,-0.743773
2018-02-26,贵州茅台,600519,628.74001536,633.0922351,617.07236244,625.90307522,625.03599856,4365824,3243216345.0,0.347543,0.138728
2018-02-23,贵州茅台,600519,628.841034,636.88885232,620.422814,625.03599856,625.0107439,3815877,2844936758.0,0.303764,0.004036
2018-02-22,贵州茅台,600519,612.2571406,626.315568,608.83934328,625.0107439,604.8070159,5076469,3717469267.0,0.404114,3.340525
2018-02-14,贵州茅台,600519,606.11184,606.11184,599.56246484,604.8070159,599.36042756,3065260,2198728707.0,0.244011,0.908738
2018-02-13,贵州茅台,600519,593.50134644,601.75120204,593.063599,599.36042756,587.15400856,5338918,3793782378.0,0.425006,2.078913
2018-02-12,贵州茅台,600519,581.699002,593.905421,576.8164344,587.15400856,575.32640946,6417955,4466343242.0,0.510903,2.055805
2018-02-09,贵州茅台,600519,572.43896,580.76457958,553.918876,575.32640946,590.10880378,10557826,7160206330.0,0.840459,-2.505028
2018-02-08,贵州茅台,600519,574.2909684,604.428196,574.2909684,590.10880378,575.32640946,8340943,5860233484.0,0.663983,2.569392
2018-02-07,贵州茅台,600519,606.11184,609.37810936,574.13102222,575.32640946,596.73394292,8828998,6231141116.0,0.702835,-3.587449
2018-02-06,贵州茅台,600519,591.800866,608.3005772,591.800866,596.73394292,604.62181506,8816871,6270888575.0,0.70187,-1.304595
2018-02-05,贵州茅台,600519,612.18979484,614.49638712,593.9896032,604.62181506,623.2850088,9899585,7104095616.0,0.788059,-2.994333
2018-02-02,贵州茅台,600519,633.23534484,634.08558506,610.32095,623.2850088,637.87378406,7542082,5583742782.0,0.60039,-2.287089
2018-02-01,贵州茅台,600519,645.677474,645.9300206,633.82462024,637.87378406,643.60659188,5058261,3846421613.0,0.402664,-0.890731
2018-01-31,贵州茅台,600519,622.106458,649.64245562,622.106458,643.60659188,624.69926976,6040241,4601994781.0,0.480835,3.026623
2018-01-30,贵州茅台,600519,619.580992,630.33105894,614.54689644,624.69926976,619.85037504,5191103,3852705098.0,0.413239,0.78227
2018-01-29,贵州茅台,600519,655.57730072,656.34335874,618.73917,619.85037504,654.28089484,7453551,5637041971.0,0.593342,-5.262341
2018-01-26,贵州茅台,600519,645.87951128,654.4324228,643.152008,654.28089484,647.49580952,4397833,3389953777.0,0.350091,1.047896
2018-01-25,贵州茅台,600519,640.626542,653.253872,632.208322,647.49580952,643.53924612,5004072,3821875040.0,0.398351,0.614807
2018-01-24,贵州茅台,600519,653.62427368,653.64111012,638.6061692,643.53924612,651.38502716,4329881,3311348774.0,0.344681,-1.204478
2018-01-23,贵州茅台,600519,654.77756982,656.62116,647.0243892,651.38502716,651.26717208,4954918,3836387690.0,0.394438,0.018098
2018-01-22,贵州茅台,600519,632.89019782,651.570228,632.89019782,651.26717208,631.51802796,6712675,5129674653.0,0.534364,3.127252
2018-01-19,贵州茅台,600519,633.8077838,638.8587158,622.12329444,631.51802796,631.98944828,5092556,3818021990.0,0.405394,-0.074593
2018-01-18,贵州茅台,600519,629.62392846,643.99383,626.39133198,631.98944828,629.62392846,5897851,4443031234.0,0.4695,0.375703
2018-01-17,贵州茅台,600519,648.20294,651.570228,621.69396522,629.62392846,650.67789668,9070954,6835580477.0,0.722096,-3.235699
2018-01-16,贵州茅台,600519,657.02523456,663.86924742,646.519296,650.67789668,661.14174414,6542833,5084966063.0,0.520844,-1.582693
2018-01-15,贵州茅台,600519,667.95208412,672.66628732,655.79617444,661.14174414,663.70930124,5247313,4136645487.0,0.417714,-0.386848
2018-01-12,贵州茅台,600519,651.37660894,664.0291936,645.69431044,663.70930124,652.25210382,4598824,3577281776.0,0.366091,1.756558
2018-01-11,贵州茅台,600519,662.513914,663.355736,649.886584,652.25210382,661.42796362,5065607,3942075854.0,0.403249,-1.387283
2018-01-10,贵州茅台,600519,660.83027,664.09653936,651.13248056,661.42796362,658.74255144,4771424,3731993154.0,0.379831,0.407658
2018-01-09,贵州茅台,600519,633.22692662,659.146626,633.22692662,658.74255144,633.15958086,6459195,5001164506.0,0.514186,4.040527
2018-01-08,贵州茅台,600519,618.75600644,636.838343,618.75600644,633.15958086,621.56769192,5220456,3899951720.0,0.415576,1.864947
2018-01-05,贵州茅台,600519,623.790102,628.02446666,613.03161684,621.56769192,620.48174154,3998907,2946493013.0,0.318334,0.175014
2018-01-04,贵州茅台,600519,607.2903908,625.894657,605.54781926,620.48174154,602.62669692,7220508,5309890210.0,0.574791,2.962873
2018-01-03,贵州茅台,600519,590.538133,607.2903908,589.05652628,602.62669692,592.5164147,5201941,3713523701.0,0.414102,1.706331
2018-01-02,贵州茅台,600519,589.2754,597.82831152,580.76457958,592.5164147,587.16242678,4961248,3482407646.0,0.394942,0.911839
2017-12-29,贵州茅台,600519,604.428196,611.583683,582.2040952,587.16242678,605.00905318,7603887,5372514665.0,0.60531,-2.949813
2017-12-28,贵州茅台,600519,578.331714,606.0276578,565.13194504,605.00905318,559.12133596,12414107,8656875718.0,0.988229,8.207114
2017-12-27,贵州茅台,600519,576.53021492,576.53021492,557.707075,559.12133596,573.12083582,3772205,2539720696.0,0.300288,-2.442679
2017-12-26,贵州茅台,600519,579.32506396,583.37422778,569.492583,573.12083582,579.27455464,3186766,2174103282.0,0.253683,-1.062314
2017-12-25,贵州茅台,600519,577.489892,586.1606586,575.57053784,579.27455464,574.89708024,3621428,2497653982.0,0.288285,0.761438
2017-12-22,贵州茅台,600519,572.43896,577.4057098,569.92191222,574.89708024,573.90373028,2831701,1930315469.0,0.225418,0.173085
2017-12-21,贵州茅台,600519,574.964426,578.68527924,568.650761,573.90373028,576.57230602,4668038,3178595839.0,0.371601,-0.462832
2017-12-20,贵州茅台,600519,563.9365578,578.21385892,558.99506266,576.57230602,561.57103798,6360131,4321305755.0,0.5063,2.671296
2017-12-19,贵州茅台,600519,558.127986,566.07478568,556.444342,561.57103798,560.45983294,4407221,2944470867.0,0.350838,0.198268
2017-12-18,贵州茅台,600519,555.60252,563.8523756,554.40713276,560.45983294,550.37480538,3916228,2599749872.0,0.311752,1.832399
2017-12-15,贵州茅台,600519,558.969808,562.2950049,547.84092116,550.37480538,559.4328101,3225595,2126579404.0,0.256774,-1.619142
2017-12-14,贵州茅台,600519,564.00390356,565.1151086,556.023431,559.4328101,562.51387862,3196794,2126665894.0,0.254482,-0.547737
2017-12-13,贵州茅台,600519,551.38499178,564.02074,547.79041184,562.51387862,548.29550504,4850248,3197982045.0,0.386105,2.593198
2017-12-12,贵州茅台,600519,554.5081514,554.56707894,548.04295844,548.29550504,548.01770378,4788931,3138650306.0,0.381224,0.050695
2017-12-11,贵州茅台,600519,531.189682,548.8258529,531.189682,548.01770378,528.05810416,7284917,4702239221.0,0.579918,3.779805
2017-12-08,贵州茅台,600519,518.07409524,529.3797647,518.07409524,528.05810416,519.14320918,4550339,2842464437.0,0.362231,1.717237
2017-12-07,贵州茅台,600519,526.0966589,526.13033178,517.93940372,519.14320918,526.14716822,5103262,3155212010.0,0.406247,-1.33118
2017-12-06,贵州茅台,600519,531.610593,542.2175502,521.92964,526.14716822,532.83965312,5817409,3657236582.0,0.463097,-1.256006
2017-12-05,贵州茅台,600519,533.715148,544.9955628,530.45729686,532.83965312,536.90565338,4746576,3026076465.0,0.377853,-0.757296
2017-12-04,贵州茅台,600519,525.2548369,542.2175502,519.16846384,536.90565338,523.9079217,5426771,3436687377.0,0.432,2.48092
2017-12-01,贵州茅台,600519,537.09085422,537.91583978,522.03907686,523.9079217,531.189682,4719274,2959772009.0,0.375679,-1.370844
2017-11-30,贵州茅台,600519,534.98629922,545.90473056,526.980572,531.189682,537.18345464,3801962,2419959854.0,0.302656,-1.115777
2017-11-29,贵州茅台,600519,547.13379068,548.84268934,533.72356622,537.18345464,545.69427506,4676372,3005733412.0,0.372264,-1.559629
2017-11-28,贵州茅台,600519,526.18925932,546.24145936,525.296928,545.69427506,523.01559038,7029183,4491543613.0,0.55956,4.33614
2017-11-27,贵州茅台,600519,533.715148,535.67659326,516.04530422,523.01559038,530.38153288,6354846,3975262024.0,0.505879,-1.388801
2017-11-24,贵州茅台,600519,535.3146098,540.870635,523.80690306,530.38153288,533.48785606,7654194,4835808966.0,0.609314,-0.582267
2017-11-23,贵州茅台,600519,540.449724,543.817012,530.53306084,533.48785606,547.62204744,10959913,6984097475.0,0.872467,-2.581018
2017-11-22,贵州茅台,600519,569.913494,579.173536,547.1843,547.62204744,570.1239495,12849826,8528143403.0,1.022914,-3.946841
2017-11-21,贵州茅台,600519,563.178918,579.8469936,557.30300044,570.1239495,571.7234113,9601651,6491134446.0,0.764342,-0.279765
2017-11-20,贵州茅台,600519,569.7451296,577.1531632,555.60252,571.7234113,581.0676355,8830582,5954131851.0,0.702961,-1.608109
2017-11-17,贵州茅台,600519,585.908112,596.851798,570.56169694,581.0676355,605.36261842,12386124,8548747991.0,0.986001,-4.013292
2017-11-16,贵州茅台,600519,577.49831022,606.07816712,577.49831022,605.36261842,579.24088176,6071632,4299283186.0,0.483334,4.509645
2017-11-15,贵州茅台,600519,571.3866825,580.84876178,567.388028,579.24088176,571.3866825,4503633,3074244081.0,0.358513,1.374588
2017-11-14,贵州茅台,600519,578.44956908,578.51691484,570.2081317,571.3866825,579.07251736,4636671,3159112664.0,0.369104,-1.327267
2017-11-13,贵州茅台,600519,572.43896,583.19744516,568.9033076,579.07251736,570.7132249,4986984,3402794002.0,0.39699,1.464709
2017-11-10,贵州茅台,600519,547.54628346,575.3011548,547.54628346,570.7132249,547.24322754,7407860,4967970730.0,0.589705,4.28877
2017-11-09,贵州茅台,600519,545.500656,550.6778613,542.64687942,547.24322754,547.50419236,3364113,2183815390.0,0.267801,-0.047664
2017-11-08,贵州茅台,600519,540.72752526,550.972499,540.72752526,547.50419236,540.50865154,4395194,2855374070.0,0.349881,1.294251
2017-11-07,贵州茅台,600519,547.67255676,553.2033273,537.23396396,540.50865154,549.76027532,5556485,3592238407.0,0.442326,-1.682845
2017-11-06,贵州茅台,600519,540.028813,553.59898364,538.9344444,549.76027532,538.06736774,4851398,3153638704.0,0.386197,2.173133
2017-11-03,贵州茅台,600519,529.2114003,541.66194768,529.2114003,538.06736774,527.75504824,4818897,3075651167.0,0.38361,1.953997
2017-11-02,贵州茅台,600519,527.7803029,530.16265916,522.771462,527.75504824,524.46352422,3424973,2144671943.0,0.272646,0.627594
2017-11-01,贵州茅台,600519,522.67044336,531.64426588,521.27301884,524.46352422,520.27125066,4343525,2712016939.0,0.345768,0.805783
2017-10-31,贵州茅台,600519,523.62170222,528.3274872,515.09404536,520.27125066,523.68062976,5187568,3206280600.0,0.412958,-0.65104
2017-10-30,贵州茅台,600519,541.3336371,542.133368,522.771462,523.68062976,546.87282586,8100786,5099041747.0,0.644865,-4.240874
2017-10-27,贵州茅台,600519,506.86944442,551.39341,505.11845466,546.87282586,509.37807398,8438379,5284485766.0,0.67174,7.360885
2017-10-26,贵州茅台,600519,509.30231,516.036886,498.28286002,509.37807398,476.19345074,11543497,6957625411.0,0.918924,6.968735
2017-10-25,贵州茅台,600519,479.6280845,481.25280096,473.15447332,476.19345074,477.59087526,2507600,1418395221.0,0.199618,-0.292605
2017-10-24,贵州茅台,600519,481.522184,483.0374636,474.45929742,477.59087526,482.70915302,3127428,1775645971.0,0.24896,-1.060316
2017-10-23,贵州茅台,600519,483.98030424,488.677671,478.154896,482.70915302,483.48362926,2377182,1362900409.0,0.189236,-0.160194
2017-10-20,贵州茅台,600519,489.098582,489.098582,481.32014672,483.48362926,490.4454972,3153433,1812957242.0,0.25103,-1.419492
2017-10-19,贵州茅台,600519,472.262142,492.5921433,472.02643184,490.4454972,472.02643184,4065882,2338901855.0,0.323666,3.902127
2017-10-18,贵州茅台,600519,466.5377524,473.60063898,466.5377524,472.02643184,468.66756206,1917865,1072237528.0,0.152672,0.716683
2017-10-17,贵州茅台,600519,472.23688734,472.23688734,466.369388,468.66756206,472.00117718,2097712,1168943280.0,0.166989,-0.706276
2017-10-16,贵州茅台,600519,471.41190178,477.02685452,467.94359514,472.00117718,468.1793053,2990901,1676809992.0,0.238092,0.816323
2017-10-13,贵州茅台,600519,458.79299,468.5581252,456.27594222,468.1793053,458.02693198,2785842,1534212916.0,0.221768,2.216545
2017-10-12,贵州茅台,600519,458.79299,460.897545,454.73540796,458.02693198,459.24757388,1964622,1067464518.0,0.156394,-0.265783
2017-10-11,贵州茅台,600519,452.9844182,464.0543775,452.9844182,459.24757388,454.63438932,3340643,1824898708.0,0.265933,1.014699
2017-10-10,贵州茅台,600519,443.6822851,454.99637278,443.64861222,454.63438932,444.28839694,3100644,1662690453.0,0.246828,2.328662
2017-10-09,贵州茅台,600519,441.56931188,450.8377721,437.8316222,444.28839694,435.76074008,3489129,1844481600.0,0.277753,1.956959
2017-09-29,贵州茅台,600519,434.380152,442.69735336,433.959241,435.76074008,436.45103412,2243622,1166403112.0,0.178604,-0.158162
2017-09-28,贵州茅台,600519,426.9721184,437.9158044,426.9300273,436.45103412,427.82235862,2596985,1340236075.0,0.206734,2.016889
2017-09-27,贵州茅台,600519,428.42005224,430.19629666,426.02085954,427.82235862,428.73152638,1667111,847627355.0,0.132711,-0.212063
2017-09-26,贵州茅台,600519,426.54278918,429.32922,423.9415592,428.73152638,427.00579128,2547049,1292872632.0,0.202759,0.404152
2017-09-25,贵州茅台,600519,421.17196482,427.8139404,421.1635466,427.00579128,420.85207246,3269756,1649582919.0,0.26029,1.462204
2017-09-22,贵州茅台,600519,418.3013518,421.06252796,417.3753476,420.85207246,419.87555894,1634353,815718865.0,0.130103,0.232573
2017-09-21,贵州茅台,600519,417.49320268,421.39925676,414.91722736,419.87555894,417.7120764,1940268,963615276.0,0.154456,0.517932
2017-09-20,贵州茅台,600519,418.3013518,420.92783644,417.543712,417.7120764,418.3434429,1731816,862024944.0,0.137862,-0.150921
2017-09-19,贵州茅台,600519,421.1635466,423.015555,417.55213022,418.3434429,420.04392334,2305481,1151152851.0,0.183529,-0.404832
2017-09-18,贵州茅台,600519,412.61063508,421.331911,412.61063508,420.04392334,412.35808848,4220681,2101680376.0,0.335989,1.863875
2017-09-15,贵州茅台,600519,414.597335,414.597335,410.809136,412.35808848,413.09047362,1603946,786562205.0,0.127683,-0.177293
2017-09-14,贵州茅台,600519,415.00982778,415.88532266,411.64253978,413.09047362,413.86494986,1939949,953145166.0,0.15443,-0.187135
2017-09-13,贵州茅台,600519,408.28367,414.3447884,405.23627436,413.86494986,408.20790602,3307570,1618956527.0,0.2633,1.385824
2017-09-12,贵州茅台,600519,403.653649,409.125492,402.7276448,408.20790602,402.66029904,3434163,1661294228.0,0.273378,1.377738
2017-09-11,贵州茅台,600519,396.57392598,405.94340484,395.63950356,402.66029904,399.33510214,4537440,2161657248.0,0.361204,0.832686
2017-09-08,贵州茅台,600519,402.6013715,404.495471,399.023628,399.33510214,405.14367394,4117327,1962989424.0,0.327761,-1.433705
2017-09-07,贵州茅台,600519,408.54463482,409.8831318,404.12506932,405.14367394,408.26683356,3332016,1605408576.0,0.265246,-0.764984
2017-09-06,贵州茅台,600519,412.49278,414.82462694,408.14897848,408.26683356,412.48436178,3300650,1608066096.0,0.262749,-1.022466
2017-09-05,贵州茅台,600519,414.91722736,415.85164978,412.071869,412.48436178,414.52998924,2262215,1112006400.0,0.180084,-0.493486
2017-09-04,贵州茅台,600519,416.85341796,418.09931452,413.56189394,414.52998924,416.85341796,1893162,932954816.0,0.150706,-0.557369
2017-09-01,贵州茅台,600519,412.6611444,417.77942216,412.51803466,416.85341796,413.4608753,3145100,1554634576.0,0.250367,0.820523
2017-08-31,贵州茅台,600519,415.89374088,416.60087136,412.3244156,413.4608753,414.99299134,1873686,921659712.0,0.149155,-0.369192
2017-08-30,贵州茅台,600519,412.2402334,415.6496125,411.78564952,414.99299134,412.02135968,1850364,910133936.0,0.147299,0.721232
2017-08-29,贵州茅台,600519,415.03508244,416.60087136,410.81755422,412.02135968,414.21009688,2517662,1234431712.0,0.200419,-0.528414
2017-08-28,贵州茅台,600519,415.018246,418.62966238,413.35985666,414.21009688,415.00982778,2902107,1432545552.0,0.231023,-0.192698
2017-08-25,贵州茅台,600519,415.3970659,416.0705235,411.92034104,415.00982778,414.85829982,1729788,850598720.0,0.1377,0.036524
2017-08-24,贵州茅台,600519,415.85164978,417.8804408,414.19326044,414.85829982,415.86848622,1815678,896861680.0,0.144538,-0.242913
2017-08-23,贵州茅台,600519,408.6624899,416.39041586,407.71123104,415.86848622,410.15251484,2721499,1337347648.0,0.216646,1.393623
2017-08-22,贵州茅台,600519,410.3040428,412.05503256,400.707272,410.15251484,412.26548806,4245703,2051271360.0,0.33798,-0.512529
2017-08-21,贵州茅台,600519,410.809136,416.1967968,409.91680468,412.26548806,412.1981423,2354662,1153168720.0,0.187444,0.016342
2017-08-18,贵州茅台,600519,414.8498816,416.23046968,410.809136,412.1981423,414.75728118,2385775,1169732672.0,0.18992,-0.617023
2017-08-17,贵州茅台,600519,418.8906272,418.8906272,412.3244156,414.75728118,417.95620478,2584673,1272341264.0,0.205754,-0.76537
2017-08-16,贵州茅台,600519,419.227356,419.9008136,415.018246,417.95620478,417.51845734,1858722,921412992.0,0.147964,0.104843
2017-08-15,贵州茅台,600519,421.00360042,421.8370042,416.71030822,417.51845734,420.76789026,2716322,1350104672.0,0.216234,-0.77226
2017-08-14,贵州茅台,600519,408.46045262,420.9951822,408.46045262,420.76789026,407.49235732,3933147,1952353920.0,0.313099,3.257858
2017-08-11,贵州茅台,600519,411.650958,418.0067141,407.00410056,407.49235732,413.86494986,3657257,1785149168.0,0.291137,-1.539777
2017-08-10,贵州茅台,600519,413.41036598,420.5742712,411.650958,413.86494986,413.2083287,3536438,1747693648.0,0.281519,0.158908
2017-08-09,贵州茅台,600519,408.14897848,415.00140956,405.78345866,413.2083287,406.24646076,4179447,2045888048.0,0.332706,1.71371
2017-08-08,贵州茅台,600519,405.758204,407.62704884,403.653649,406.24646076,405.38780232,1605158,773408192.0,0.127779,0.211809
2017-08-07,贵州茅台,600519,397.760895,406.0949328,396.60759886,405.38780232,398.72057208,2309937,1104715344.0,0.183883,1.672152
2017-08-04,贵州茅台,600519,401.549094,403.21590156,397.8450772,398.72057208,401.73429484,1868114,887074160.0,0.148712,-0.750175
2017-08-03,贵州茅台,600519,407.17246496,409.8410407,400.39579786,401.73429484,406.46533448,3176839,1522998144.0,0.252893,-1.163946
2017-08-02,贵州茅台,600519,404.10823288,408.18265136,402.82024522,406.46533448,404.27659728,2677422,1289564016.0,0.213137,0.541397
2017-08-01,贵州茅台,600519,404.916382,406.600026,401.8858228,404.27659728,405.10158284,2750154,1318453664.0,0.218927,-0.203651
2017-07-31,贵州茅台,600519,407.441848,410.77546312,404.916382,405.10158284,407.37450224,3841218,1861154800.0,0.305781,-0.557946
2017-07-28,贵州茅台,600519,396.498162,407.50077554,393.72856762,407.37450224,398.91419114,4661877,2235811536.0,0.37111,2.120839
2017-07-27,贵州茅台,600519,397.02850986,400.5809987,396.5823442,398.91419114,397.02850986,1959503,928077232.0,0.155987,0.474946
2017-07-26,贵州茅台,600519,402.4330071,405.44672986,392.76047232,397.02850986,402.35724312,3147018,1487729152.0,0.250519,-1.324376
2017-07-25,贵州茅台,600519,405.9265684,406.4316616,400.7914542,402.35724312,402.2225516,2192999,1051446096.0,0.174574,0.033488
2017-07-24,贵州茅台,600519,399.76443136,408.5783077,399.76443136,402.2225516,398.3501704,4271643,2052709808.0,0.340045,0.9721
2017-07-21,贵州茅台,600519,393.09720112,399.87386822,390.31918852,398.3501704,392.68470834,4679241,2207195744.0,0.372492,1.442753
2017-07-20,贵州茅台,600519,383.75297692,393.03827358,383.75297692,392.68470834,384.59479892,4663487,2160731536.0,0.371238,2.103493
2017-07-19,贵州茅台,600519,382.187188,390.28551564,381.1770016,384.59479892,380.9665461,5625994,2574934656.0,0.447859,0.95238
2017-07-18,贵州茅台,600519,380.49512578,382.17876978,377.136256,380.9665461,378.87882754,3068449,1384468256.0,0.244265,0.551021
2017-07-17,贵州茅台,600519,384.74632688,385.58814888,375.68832216,378.87882754,384.21597902,3526368,1595292992.0,0.280718,-1.389101
2017-07-14,贵州茅台,600519,384.0812875,386.19426072,381.3874571,384.21597902,384.00552352,1772657,806510272.0,0.141113,0.054805
2017-07-13,贵州茅台,600519,383.3236477,388.84600002,381.91780496,384.00552352,385.10831034,2595135,1183440448.0,0.206586,-0.286357
2017-07-12,贵州茅台,600519,392.1206876,392.28063378,383.02901,385.10831034,389.87302286,2895072,1330327920.0,0.230463,-1.22212
2017-07-11,贵州茅台,600519,382.608099,391.09366476,382.187188,389.87302286,382.58284434,4460182,2054854496.0,0.355054,1.905517
2017-07-10,贵州茅台,600519,376.19341536,382.9448278,372.90189134,382.58284434,375.42735734,3662409,1648443664.0,0.291547,1.905958
2017-07-07,贵州茅台,600519,379.7038131,379.7459042,371.4118664,375.42735734,378.13802418,3779647,1681450720.0,0.30088,-0.716846
2017-07-06,贵州茅台,600519,379.90420946,381.6374172,373.6762716,378.13783028,381.57936718,4204439,1913037504.0,0.334696,-0.901918
2017-07-05,贵州茅台,600519,375.67485086,381.74522438,375.67485086,381.57936718,374.77092912,3754032,1718844528.0,0.298841,1.816691
2017-07-04,贵州茅台,600519,380.60910256,381.47156,372.349414,374.77092912,381.77839582,5648895,2563886384.0,0.449682,-1.835476
2017-07-03,贵州茅台,600519,393.2474212,393.2474212,379.7300594,381.77839582,391.2985991,4962853,2298656464.0,0.395069,-2.432979
2017-06-30,贵州茅台,600519,391.01664186,393.21424976,387.9399908,391.2985991,392.26057086,2242717,1056424784.0,0.178532,-0.245239
2017-06-29,贵州茅台,600519,394.9889218,395.8596721,389.76442,392.26057086,394.1596358,3509272,1657994400.0,0.279357,-0.481796
2017-06-28,贵州茅台,600519,401.44905974,401.44905974,392.252278,394.1596358,401.4573526,3772874,1799676816.0,0.300341,-1.81781
2017-06-27,贵州茅台,600519,400.39586652,402.20371,398.7621731,401.4573526,401.93833848,2798078,1350476768.0,0.222742,-0.119664
2017-06-26,贵州茅台,600519,392.26057086,402.20371,391.422992,401.93833848,392.02837078,5293257,2536430496.0,0.421371,2.527866
2017-06-23,贵州茅台,600519,392.13617796,393.81133568,388.37951238,392.02837078,392.0449565,3130362,1473803776.0,0.249193,-0.004228
2017-06-22,贵州茅台,600519,392.26886372,396.34065798,390.7595632,392.0449565,392.01178506,3824234,1815684368.0,0.304429,0.008464
2017-06-21,贵州茅台,600519,389.3912413,392.252278,386.47215458,392.01178506,386.6960618,4203854,1974672848.0,0.334649,1.374652
2017-06-20,贵州茅台,600519,392.252278,393.81133568,386.16531876,386.6960618,389.90539862,3450539,1614858144.0,0.274681,-0.823112
2017-06-19,贵州茅台,600519,383.09696056,390.08784154,383.09696056,389.90539862,383.65258218,3853668,1803585248.0,0.306772,1.629814
2017-06-16,贵州茅台,600519,382.715489,387.68291214,382.51646036,383.65258218,385.0374898,3333180,1544955952.0,0.265339,-0.359678
2017-06-15,贵州茅台,600519,393.91085,394.30890728,384.788704,385.0374898,393.40498554,5020280,2347172384.0,0.399641,-2.126948
2017-06-14,贵州茅台,600519,392.07812794,395.984065,390.16247728,393.40498554,392.28544944,3376863,1600846624.0,0.268816,0.285389
2017-06-13,贵州茅台,600519,392.2937423,393.496207,387.276562,392.28544944,392.15276368,2423798,1141536368.0,0.192947,0.033836
2017-06-12,贵州茅台,600519,387.276562,394.27573584,385.61799,392.15276368,386.23166164,3510916,1654502000.0,0.279488,1.533047
2017-06-09,贵州茅台,600519,384.98773264,390.4278488,383.959418,386.23166164,385.04578266,3143076,1467836832.0,0.250206,0.307982
2017-06-08,贵州茅台,600519,382.56621752,385.1204184,380.227631,385.04578266,380.94910982,2895111,1338443408.0,0.230466,1.075386
2017-06-07,贵州茅台,600519,372.44892832,381.47156,372.44892832,380.94910982,372.20014252,3883430,1774212480.0,0.309142,2.350605
2017-06-06,贵州茅台,600519,369.00739142,372.349414,368.3688412,372.20014252,368.54299126,2040244,912438704.0,0.162414,0.992328
2017-06-05,贵州茅台,600519,371.55329944,372.349414,366.8346621,368.54299126,370.94792066,1924120,854876928.0,0.15317,-0.648319
2017-06-02,贵州茅台,600519,373.1787,373.9665217,369.5298416,370.94792066,372.58161408,2178526,974893312.0,0.173422,-0.43848
2017-06-01,贵州茅台,600519,366.959055,373.1372357,365.72341886,372.58161408,367.32394084,4060478,1808305712.0,0.323236,1.431344
2017-05-31,贵州茅台,600519,373.1787,373.593343,364.97706146,367.32394084,374.77092912,4431225,1968887168.0,0.352749,-1.98708
2017-05-26,贵州茅台,600519,373.85871452,377.8227016,371.520128,374.77092912,373.6762716,2738664,1237323136.0,0.218012,0.292944
2017-05-25,贵州茅台,600519,372.10892106,375.63338656,371.105485,373.6762716,373.44407152,2889842,1299628592.0,0.230047,0.062178
2017-05-24,贵州茅台,600519,375.5836294,378.55247328,369.861556,373.44407152,376.6617012,4022618,1812513088.0,0.320222,-0.85425
2017-05-23,贵州茅台,600519,366.7517335,376.88560842,366.7517335,376.6617012,366.36196908,4845439,2178738032.0,0.385723,2.811357
2017-05-22,贵州茅台,600519,364.08972544,369.86984886,361.7345532,366.36196908,365.56585452,3532149,1560087952.0,0.281178,0.217774
2017-05-19,贵州茅台,600519,356.23638702,366.3785548,356.23638702,365.56585452,356.21150844,3831083,1672948416.0,0.304975,2.626065
2017-05-18,贵州茅台,600519,352.4880143,357.1734802,352.45484286,356.21150844,353.7734076,2430080,1040535488.0,0.193447,0.689171
2017-05-17,贵州茅台,600519,355.763694,356.75054434,352.34703568,353.7734076,356.69249432,2751521,1174696176.0,0.219036,-0.818374
2017-05-16,贵州茅台,600519,347.9684056,357.60470892,346.85716236,356.69249432,347.9269413,5016490,2145037952.0,0.399339,2.519368
2017-05-15,贵州茅台,600519,342.59463232,348.5903701,342.59463232,347.9269413,342.88488242,3344735,1398908208.0,0.266259,1.470478
2017-05-12,贵州茅台,600519,342.98439674,344.4024758,340.01555286,342.88488242,341.79851776,2233742,921621376.0,0.177818,0.317837
2017-05-11,贵州茅台,600519,338.6804024,343.9049042,337.11305186,341.79851776,340.08189574,3046764,1254053008.0,0.242539,0.504769
2017-05-10,贵州茅台,600519,338.6804024,343.68928984,337.53598772,340.08189574,338.97894536,2603938,1070652720.0,0.207287,0.325371
2017-05-09,贵州茅台,600519,335.39642984,339.90774568,330.055828,338.97894536,336.25888728,5280192,2126236512.0,0.420331,0.808917
2017-05-08,贵州茅台,600519,345.13224748,345.812262,335.62862992,336.25888728,345.14054034,4072165,1671035536.0,0.324166,-2.573342
2017-05-05,贵州茅台,600519,345.1488332,350.60553508,344.2366186,345.14054034,344.982976,3743711,1566063424.0,0.298019,0.045674
2017-05-04,贵州茅台,600519,343.84685418,347.03960528,343.84685418,344.982976,346.31812646,2670915,1111200112.0,0.212619,-0.385524
2017-05-03,贵州茅台,600519,340.836546,346.35959076,340.836546,346.31812646,341.73217488,2026791,842560352.0,0.161343,1.341972
2017-05-02,贵州茅台,600519,341.3341176,344.15369,339.32724548,341.73217488,342.89317528,2329168,960137248.0,0.185414,-0.338595
2017-04-28,贵州茅台,600519,349.95039914,350.787978,339.9243314,342.89317528,349.49429184,4950587,2052093808.0,0.394093,-1.88876
2017-04-27,贵州茅台,600519,344.59321158,349.93381342,340.36385298,349.49429184,346.60837656,2824071,1180494896.0,0.224811,0.832618
2017-04-26,贵州茅台,600519,347.3464411,355.49832248,342.50341086,346.60837656,347.37961254,5662412,2384125120.0,0.450758,-0.222021
2017-04-25,贵州茅台,600519,335.6949728,348.44109862,335.6949728,347.37961254,330.5119353,7619271,3143136336.0,0.606534,5.103507
2017-04-24,贵州茅台,600519,332.22855732,335.86083,322.592254,330.5119353,332.15392158,5003797,1986424992.0,0.398329,-0.494348
2017-04-21,贵州茅台,600519,344.15369,344.6512616,331.7144,332.15392158,344.41076866,4933292,2015062640.0,0.392716,-3.558787
2017-04-20,贵州茅台,600519,336.76475174,348.65671298,336.76475174,344.41076866,336.47450164,5045768,2091241456.0,0.40167,2.358655
2017-04-19,贵州茅台,600519,334.202258,339.2609026,334.08615796,336.47450164,335.5705799,3755011,1521983648.0,0.298919,0.269368
2017-04-18,贵州茅台,600519,327.2362556,337.1462233,327.2362556,335.5705799,328.22310594,4958100,1987661264.0,0.394691,2.238557
2017-04-17,贵州茅台,600519,324.250826,330.28802808,322.2190753,328.22310594,327.9411487,2879371,1136763712.0,0.229213,0.085977
2017-04-14,贵州茅台,600519,331.24170698,331.61488568,327.56797,327.9411487,330.37924954,2364656,938378992.0,0.188239,-0.737971
2017-04-13,贵州茅台,600519,324.06838308,330.54510674,323.84447586,330.37924954,323.61227578,4564835,1805008864.0,0.363385,2.091075
2017-04-12,贵州茅台,600519,319.51560294,324.250826,319.1092528,323.61227578,319.51560294,2700291,1049245584.0,0.214957,1.282152
2017-04-11,贵州茅台,600519,321.8044323,324.0020402,315.6262516,319.51560294,322.7581112,4353072,1679537552.0,0.346528,-1.004626
2017-04-10,贵州茅台,600519,326.738684,326.738684,321.762968,322.7581112,325.80159082,2886948,1126296272.0,0.229816,-0.934147
2017-04-07,贵州茅台,600519,325.90110514,326.738684,323.0898256,325.80159082,325.00547626,2409723,945589200.0,0.191827,0.244952
2017-04-06,贵州茅台,600519,322.60054686,325.909398,320.62684618,325.00547626,323.13958276,2885720,1125204240.0,0.229719,0.577426
2017-04-05,贵州茅台,600519,319.82243876,327.55967714,319.27511,323.13958276,320.40293896,4078998,1594997312.0,0.32471,0.85413
2017-03-31,贵州茅台,600519,320.2702532,321.762968,318.59509548,320.40293896,320.22049604,2447422,945503280.0,0.194828,0.056967
2017-03-30,贵州茅台,600519,317.616538,320.84246054,317.2848236,320.22049604,318.1555739,3161299,1216016528.0,0.251656,0.649034
2017-03-29,贵州茅台,600519,315.96625886,319.9385388,315.0457514,318.1555739,315.34429436,3729967,1429610960.0,0.296925,0.891491
2017-03-28,贵州茅台,600519,315.0872157,316.0823589,312.35886476,315.34429436,314.15012252,4118717,1558258560.0,0.327872,0.380128
2017-03-27,贵州茅台,600519,320.12927458,322.80786836,313.79352954,314.15012252,320.78441052,5369028,2054742976.0,0.427403,-2.068145
2017-03-24,贵州茅台,600519,325.34548352,326.09184092,319.27511,320.78441052,323.24738994,3328772,1292313392.0,0.264988,-0.761949
2017-03-23,贵州茅台,600519,325.10499058,326.73039114,320.6019676,323.24738994,327.13674128,3450481,1345058752.0,0.274677,-1.188908
2017-03-22,贵州茅台,600519,323.86106158,327.2362556,319.27511,327.13674128,326.74697686,4553271,1775217760.0,0.362464,0.119287
2017-03-21,贵州茅台,600519,320.5605033,328.811899,320.519039,326.74697686,320.44440326,4846096,1901883744.0,0.385775,1.966824
2017-03-20,贵州茅台,600519,315.543323,320.69318906,314.19987968,320.44440326,313.86816528,3154594,1209603920.0,0.251122,2.095221
2017-03-17,贵州茅台,600519,309.4066066,318.8190027,309.4066066,313.86816528,310.79151422,3470026,1315336848.0,0.276232,0.989946
2017-03-16,贵州茅台,600519,312.27593616,313.7188938,309.1578208,310.79151422,310.71687848,2502260,938231440.0,0.199193,0.02402
2017-03-15,贵州茅台,600519,306.421177,311.1066429,306.01482686,310.71687848,306.421177,2515526,935994832.0,0.200249,1.401893
2017-03-14,贵州茅台,600519,308.1212133,310.0285711,305.45920524,306.421177,308.1212133,2041649,756359632.0,0.162526,-0.55174
2017-03-13,贵州茅台,600519,306.8772843,310.42662838,304.78748358,308.1212133,306.7114271,2767432,1027592800.0,0.220302,0.459641
2017-03-10,贵州茅台,600519,306.76947712,312.640822,305.47579096,306.7114271,306.7528914,4095105,1524343088.0,0.325992,-0.013514
2017-03-09,贵州茅台,600519,304.347962,306.81923428,303.15379016,306.7528914,304.58016208,2340606,860084032.0,0.186325,0.713351
2017-03-08,贵州茅台,600519,304.49723348,305.58359814,303.104033,304.58016208,304.5138192,1603770,588667680.0,0.127669,0.021783
2017-03-07,贵州茅台,600519,296.90926658,305.90701968,296.90926658,304.5138192,297.68050256,4628698,1694198544.0,0.368469,2.295526
2017-03-06,贵州茅台,600519,296.60243076,298.16148844,295.6819233,297.68050256,295.67363044,2281884,818625872.0,0.18165,0.678741
2017-03-03,贵州茅台,600519,294.39653,297.06683092,294.39653,295.67363044,295.90583052,1415355,505108560.0,0.11267,-0.078471
2017-03-02,贵州茅台,600519,295.81460906,296.055102,294.00676558,295.90583052,295.73168046,2210362,785560416.0,0.175957,0.058894
2017-03-01,贵州茅台,600519,294.4794586,297.0502452,294.39653,295.73168046,294.11457276,2194420,782349008.0,0.174687,0.549817
2017-02-28,贵州茅台,600519,296.055102,297.8795312,293.21894388,294.11457276,296.2209592,2747351,975788672.0,0.218704,-0.711089
2017-02-27,贵州茅台,600519,300.60788214,300.9064251,295.8892448,296.2209592,300.71568932,2540046,912927184.0,0.202201,-1.494673
2017-02-24,贵州茅台,600519,300.201532,300.93959654,298.5844243,300.71568932,299.9527462,1769278,639123200.0,0.140844,0.25435
2017-02-23,贵州茅台,600519,299.34736742,303.08744728,298.34393136,299.9527462,300.11031054,2332806,844123200.0,0.185704,-0.052503
2017-02-22,贵州茅台,600519,299.04882446,303.94990472,298.54296,300.11031054,297.49805964,3713031,1347469104.0,0.295577,0.87808
2017-02-21,贵州茅台,600519,300.10201768,300.55812498,296.20437348,297.49805964,299.61273894,2770577,994112864.0,0.220553,-0.705809
2017-02-20,贵州茅台,600519,290.59010726,300.46690352,290.25839286,299.61273894,290.71450016,6185340,2215563600.0,0.492386,3.06082
2017-02-17,贵州茅台,600519,289.3378854,293.93212984,288.176885,290.71450016,288.66616374,2910234,1022647968.0,0.23167,0.709587
2017-02-16,贵州茅台,600519,289.006171,289.10568532,286.52660586,288.66616374,289.03104958,1764230,612607280.0,0.140442,-0.126245
2017-02-15,贵州茅台,600519,291.494029,292.27355784,287.9280992,289.03104958,290.42425006,2625696,917475856.0,0.209019,-0.47971
2017-02-14,贵州茅台,600519,289.86862844,292.4062436,289.5037426,290.42425006,290.0427785,2655868,931733728.0,0.211421,0.13152
2017-02-13,贵州茅台,600519,285.274384,291.8257434,283.54946912,290.0427785,286.17001288,5358790,1869148352.0,0.426588,1.353313
2017-02-10,贵州茅台,600519,289.10568532,290.10082852,286.10367,286.17001288,288.26810646,2405659,835679328.0,0.191503,-0.727827
2017-02-09,贵州茅台,600519,286.10367,289.24666394,285.78024846,288.26810646,285.44853406,2332438,808958176.0,0.185674,0.987767
2017-02-08,贵州茅台,600519,285.07535536,286.518313,284.17143362,285.44853406,284.92608388,1908854,656786320.0,0.151955,0.183365
2017-02-07,贵州茅台,600519,287.62955624,288.0939564,284.56119804,284.92608388,287.6378491,2051983,707114112.0,0.163349,-0.942776
2017-02-06,贵州茅台,600519,288.99787814,289.32959254,286.07049856,287.6378491,287.6378491,1568079,543401904.0,0.124827,0.0
2017-02-03,贵州茅台,600519,286.932956,289.57008548,286.10367,287.6378491,285.62268412,2093643,727140784.0,0.166665,0.705532
2017-01-26,贵州茅台,600519,288.70762804,289.2549568,283.0353118,285.62268412,288.28469218,3782617,1303262144.0,0.301116,-0.923393
2017-01-25,贵州茅台,600519,290.23351428,290.23351428,287.0988132,288.28469218,290.50717866,2299036,799259968.0,0.183015,-0.765035
2017-01-24,贵州茅台,600519,291.30329322,292.5721008,287.5549205,290.50717866,291.26182892,2691458,939129472.0,0.214254,-0.259098
2017-01-23,贵州茅台,600519,295.95558768,298.3771028,289.80228556,291.26182892,294.38823714,3258118,1151869296.0,0.259363,-1.061999
2017-01-20,贵州茅台,600519,294.3136014,296.3868164,292.76283658,294.38823714,294.16432992,2134417,758416000.0,0.169911,0.076113
2017-01-19,贵州茅台,600519,294.39653,297.28244528,291.6598862,294.16432992,294.46287288,2852392,1011320064.0,0.227066,-0.101381
2017-01-18,贵州茅台,600519,289.32129968,295.86436622,287.93639206,294.46287288,289.52862118,4600570,1622110976.0,0.36623,1.704231
2017-01-17,贵州茅台,600519,284.1133836,291.494029,283.615812,289.52862118,283.17629042,3518838,1223967888.0,0.280118,2.243243
2017-01-16,贵州茅台,600519,285.38219118,285.9378128,280.9620968,283.17629042,285.99586282,3685545,1259384864.0,0.293389,-0.985877
2017-01-13,贵州茅台,600519,287.74565628,288.08566354,285.17486968,285.99586282,287.8037063,1828248,631734944.0,0.145538,-0.628149
2017-01-12,贵州茅台,600519,287.3890633,288.0939564,285.69731986,287.8037063,286.4768487,1777940,614822048.0,0.141533,0.463157
2017-01-11,贵州茅台,600519,288.591528,288.591528,284.859741,286.4768487,289.420814,2359851,814074640.0,0.187857,-1.017188
2017-01-10,贵州茅台,600519,288.9647067,291.908672,287.4305276,289.420814,289.01446386,3172764,1108100800.0,0.252569,0.140596
2017-01-09,贵州茅台,600519,288.4256708,292.63844368,287.38077044,289.01446386,290.88035736,3540500,1233977968.0,0.281843,-0.641464
2017-01-06,贵州茅台,600519,287.46369904,298.36051708,287.0158846,290.88035736,287.54662764,6809562,2402546304.0,0.542077,1.159376
2017-01-05,贵州茅台,600519,290.2501,291.4525647,286.46855584,287.54662764,291.83403626,4170448,1449077680.0,0.33199,-1.469129
2017-01-04,贵州茅台,600519,277.49568132,292.04965062,277.4790956,291.83403626,277.44592416,6525738,2245051872.0,0.519483,5.185918
2017-01-03,贵州茅台,600519,277.21372408,279.469382,275.99467366,277.44592416,277.1059169,2076389,695005296.0,0.165292,0.122701
2016-12-30,贵州茅台,600519,270.85310046,278.05130294,270.85310046,277.1059169,271.43360066,3468767,1152982240.0,0.276132,2.089761
2016-12-29,贵州茅台,600519,268.688664,271.89800082,267.859378,271.43360066,268.45646392,2122512,690986080.0,0.168963,1.108982
2016-12-28,贵州茅台,600519,271.16822914,272.005808,268.13304238,268.45646392,270.47992176,1787811,581648976.0,0.142319,-0.7481
2016-12-27,贵州茅台,600519,269.11159986,272.6692368,268.274021,270.47992176,269.08672128,2006229,655887936.0,0.159706,0.517749
2016-12-26,贵州茅台,600519,264.56711258,269.50965714,262.2202332,269.08672128,265.39639858,2600143,835811088.0,0.206985,1.390499
2016-12-23,贵州茅台,600519,268.3154853,269.103307,264.65004118,265.39639858,269.6838072,3109555,1001068080.0,0.247537,-1.589795
2016-12-22,贵州茅台,600519,272.005808,272.38727956,269.41843568,269.6838072,272.55313676,1467813,478750704.0,0.116846,-1.052757
2016-12-21,贵州茅台,600519,271.0935934,273.07558694,268.32377816,272.55313676,270.74529328,2471124,807548096.0,0.196715,0.667726
2016-12-20,贵州茅台,600519,270.38040744,271.176522,266.87252766,270.74529328,270.31406456,3083159,1001345152.0,0.245436,0.159535
2016-12-19,贵州茅台,600519,270.347236,277.28835982,270.02381446,270.31406456,271.65750788,3047187,1002365472.0,0.242572,-0.494534
2016-12-16,贵州茅台,600519,271.176522,273.56486568,268.34036388,271.65750788,272.0472723,2505126,818412416.0,0.199421,-0.143271
2016-12-15,贵州茅台,600519,275.70442356,276.14394514,269.99893588,272.0472723,275.54685922,3920275,1285279904.0,0.312075,-1.270052
2016-12-14,贵州茅台,600519,276.152238,277.03957402,272.420451,275.54685922,276.16053086,3202902,1062697136.0,0.254968,-0.222222
2016-12-13,贵州茅台,600519,271.04383624,277.81081,269.932593,276.16053086,271.06042196,4178000,1384533792.0,0.332591,1.881547
2016-12-12,贵州茅台,600519,280.0498822,281.95724,270.0984502,271.06042196,280.09963936,5033244,1667557008.0,0.400673,-3.227151
2016-12-09,贵州茅台,600519,279.6352392,281.47625412,276.99810972,280.09963936,280.05817506,3449559,1162079792.0,0.274603,0.014811
2016-12-08,贵州茅台,600519,272.01410086,281.95724,271.176522,280.05817506,271.5497007,5447578,1825332448.0,0.433656,3.133296
2016-12-07,贵州茅台,600519,271.27603632,272.420451,268.66378542,271.5497007,270.69553612,2527174,825849248.0,0.201176,0.315544
2016-12-06,贵州茅台,600519,262.24511178,270.82822188,262.24511178,270.69553612,261.99632598,3892309,1251764480.0,0.309848,3.320362
2016-12-05,贵州茅台,600519,264.7080912,269.13647844,261.90510452,261.99632598,266.83935622,4206081,1342647360.0,0.334826,-1.81496
2016-12-02,贵州茅台,600519,266.200806,268.0252352,264.542234,266.83935622,266.21739172,3062833,984836864.0,0.243818,0.23363
2016-12-01,贵州茅台,600519,265.37152,269.17794274,264.27686248,266.21739172,264.60857688,2794182,896065024.0,0.222432,0.607999
2016-11-30,贵州茅台,600519,266.38324892,268.1081638,264.0861267,264.60857688,268.65549256,2675237,855564592.0,0.212963,-1.50636
2016-11-29,贵州茅台,600519,265.9520202,274.0375587,264.88224126,268.65549256,264.956877,5883062,1911874432.0,0.468323,1.395929
2016-11-28,贵州茅台,600519,263.3397693,265.52079148,262.5519476,264.956877,262.79244054,4925301,1568882896.0,0.39208,0.823625
2016-11-25,贵州茅台,600519,262.91683344,263.712948,259.91481812,262.79244054,262.82561198,2236967,706042464.0,0.178074,-0.012614
2016-11-24,贵州茅台,600519,259.7323752,262.883662,258.25624612,262.82561198,259.5250537,3907870,1227937712.0,0.311087,1.271762
2016-11-23,贵州茅台,600519,257.907946,259.566518,256.34059546,259.5250537,256.14156682,3401504,1058266304.0,0.270778,1.32095
2016-11-22,贵州茅台,600519,257.3274458,257.4518387,255.72692382,256.14156682,256.664017,2642427,816561744.0,0.210351,-0.203556
2016-11-21,贵州茅台,600519,257.92453172,258.45527476,255.72692382,256.664017,257.07866,2608384,807014528.0,0.207641,-0.16129
2016-11-18,贵州茅台,600519,258.04063176,258.5713748,256.97914568,257.07866,257.94111744,1937769,601883504.0,0.154257,-0.334365
2016-11-17,贵州茅台,600519,258.80357488,259.566518,257.51818158,257.94111744,259.6909109,1833776,570642080.0,0.145978,-0.673794
2016-11-16,贵州茅台,600519,260.23823966,261.5568044,258.737232,259.6909109,260.40409686,1339981,419672480.0,0.10667,-0.273882
2016-11-15,贵州茅台,600519,257.10353858,261.7641259,257.10353858,260.40409686,257.89965314,2447055,766112496.0,0.194799,0.971099
2016-11-14,贵州茅台,600519,261.6811973,261.94656882,257.07036714,257.89965314,261.29143288,3992049,1246340880.0,0.317788,-1.298082
2016-11-11,贵州茅台,600519,263.70465514,263.9617338,261.0592328,261.29143288,264.65004118,3590265,1133744320.0,0.285804,-1.269081
2016-11-10,贵州茅台,600519,264.6251626,266.200806,263.48904078,264.65004118,262.72609766,1780496,568571584.0,0.141737,0.732302
2016-11-09,贵州茅台,600519,265.37152,267.00521342,260.2299468,262.72609766,265.37152,3000449,951077200.0,0.238852,-0.996876
2016-11-08,贵州茅台,600519,262.469019,267.17936348,261.78900448,265.37152,261.49875438,3419383,1093003616.0,0.272201,1.480993
2016-11-07,贵州茅台,600519,261.22509,262.883662,259.7323752,261.49875438,261.07581852,1604780,505304912.0,0.127749,0.161991
2016-11-04,贵州茅台,600519,262.04608314,263.9202695,260.37921828,261.07581852,261.93827596,2061927,650490000.0,0.16414,-0.329253
2016-11-03,贵州茅台,600519,261.22509,262.43584756,260.5201969,261.93827596,261.37436148,1869081,589861360.0,0.148789,0.215747
2016-11-02,贵州茅台,600519,262.12901174,263.01634776,260.13043248,261.37436148,262.61829048,2063642,650629056.0,0.164277,-0.473664
2016-11-01,贵州茅台,600519,263.6714837,264.542234,261.6811973,262.61829048,263.6714837,1951239,617880128.0,0.155329,-0.39944
2016-10-31,贵州茅台,600519,264.542234,267.6935208,262.7178048,263.6714837,262.9251263,4359610,1394967920.0,0.347048,0.283875
2016-10-28,贵州茅台,600519,263.298305,264.06954098,260.395804,262.9251263,262.77585482,2013733,637478016.0,0.160304,0.056803
2016-10-27,贵州茅台,600519,259.55822514,263.89539092,257.91623886,262.77585482,260.13043248,3295162,1039017328.0,0.262312,1.016961
2016-10-26,贵州茅台,600519,259.566518,263.97002666,258.4469819,260.13043248,259.51676084,4681307,1475976848.0,0.372657,0.236464
2016-10-25,贵州茅台,600519,254.91422354,259.566518,254.91422354,259.51676084,254.53275198,4376239,1363211040.0,0.348372,1.958104
2016-10-24,贵州茅台,600519,250.9419436,254.590802,250.9419436,254.53275198,252.26050834,2624652,802002336.0,0.208936,0.90075
2016-10-21,贵州茅台,600519,252.99857288,253.33028728,250.93365074,252.26050834,253.33028728,1148332,349209696.0,0.091413,-0.422289
2016-10-20,贵州茅台,600519,254.91422354,254.91422354,252.7663728,253.33028728,254.1346947,1407992,429896208.0,0.112084,-0.316528
2016-10-19,贵州茅台,600519,255.834731,256.0420525,253.0151586,254.1346947,254.72348776,1412328,433658688.0,0.112429,-0.231147
2016-10-18,贵州茅台,600519,250.859015,255.834731,250.444372,254.72348776,250.8175507,3038931,932443504.0,0.241915,1.557279
2016-10-17,贵州茅台,600519,253.3054087,253.346873,250.029729,250.8175507,253.4298016,1895703,574503344.0,0.150908,-1.030757
2016-10-14,贵州茅台,600519,251.66342242,253.761516,251.4395152,253.4298016,252.01172254,1269092,386317904.0,0.101026,0.562701
2016-10-13,贵州茅台,600519,254.4249448,254.54104484,251.69659386,252.01172254,253.61224452,1614398,491591616.0,0.128515,-0.631088
2016-10-12,贵州茅台,600519,255.834731,255.834731,252.8493014,253.61224452,256.18303112,1928602,590793824.0,0.153527,-1.003498
2016-10-11,贵州茅台,600519,252.102944,256.249374,251.273658,256.18303112,251.24048656,4173675,1279755344.0,0.332247,1.967264
2016-10-10,贵州茅台,600519,247.55016386,251.98684396,247.55016386,251.24048656,247.05259226,2110362,637178864.0,0.167996,1.695139
2016-09-30,贵州茅台,600519,240.49294,248.47896418,240.49294,247.05259226,241.30564028,2960350,880477808.0,0.23566,2.381604
2016-09-29,贵州茅台,600519,238.7099751,242.980798,238.7099751,241.30564028,239.17437526,2370569,688873472.0,0.18871,0.891095
2016-09-28,贵州茅台,600519,241.97736194,241.97736194,238.46948216,239.17437526,241.46320462,2236001,648736320.0,0.177998,-0.947903
2016-09-27,贵州茅台,600519,239.56413968,242.13492628,239.46462536,241.46320462,239.43974678,1791582,520513712.0,0.142619,0.845081
2016-09-26,贵州茅台,600519,246.297942,246.30623486,239.2904753,239.43974678,246.86185648,3717608,1080278320.0,0.295941,-3.006578
2016-09-23,贵州茅台,600519,246.31452772,247.9150497,244.9710844,246.86185648,246.28135628,1267190,376554080.0,0.100875,0.2357
2016-09-22,贵州茅台,600519,244.0588698,248.76921428,243.81837686,246.28135628,243.8515483,2960617,879666032.0,0.235681,0.996437
2016-09-21,贵州茅台,600519,244.68912716,244.96279154,239.75487546,243.8515483,244.60619856,3903723,1139374176.0,0.310757,-0.308518
2016-09-20,贵州茅台,600519,249.43264308,249.4492288,243.810084,244.60619856,248.89360718,3489260,1031649952.0,0.277764,-1.722591
2016-09-19,贵州茅台,600519,248.8272643,250.08777902,248.68628568,248.89360718,248.42920702,1285210,385804384.0,0.10231,0.186934
2016-09-14,贵州茅台,600519,248.8687286,250.6102292,247.13552086,248.42920702,249.14239298,1852765,556106064.0,0.14749,-0.286251
2016-09-13,贵州茅台,600519,248.7443357,249.59020742,248.2052998,249.14239298,247.17698516,1625588,488095088.0,0.129405,0.79514
2016-09-12,贵州茅台,600519,250.444372,252.102944,246.93649222,247.17698516,252.62539418,3823881,1148690128.0,0.304401,-2.156717
2016-09-09,贵州茅台,600519,254.3005519,254.47470196,252.102944,252.62539418,253.61224452,1622251,494663728.0,0.12914,-0.389119
2016-09-08,贵州茅台,600519,253.10638006,254.176159,252.44295126,253.61224452,254.2590876,1670578,509979664.0,0.132987,-0.254403
2016-09-07,贵州茅台,600519,256.81328848,256.81328848,253.346873,254.2590876,257.02890284,2964515,908976240.0,0.235991,-1.077627
2016-09-06,贵州茅台,600519,255.834731,257.37720296,255.7103381,257.02890284,255.834731,2062583,638681584.0,0.164193,0.466776
2016-09-05,贵州茅台,600519,253.9273732,256.249374,253.60395166,255.834731,253.57907308,1913870,589626256.0,0.152354,0.889529
2016-09-02,贵州茅台,600519,255.420088,256.6225527,252.83271568,253.57907308,256.00888106,1857224,570909568.0,0.147845,-0.9491
2016-09-01,贵州茅台,600519,256.8298742,258.737232,255.6274095,256.00888106,257.23622434,1718597,532785264.0,0.136809,-0.4771
2016-08-31,贵州茅台,600519,254.3420162,257.70891736,253.38004444,257.23622434,253.64541596,4040144,1250762224.0,0.321617,1.4157
2016-08-30,贵州茅台,600519,254.590802,255.834731,252.65856562,253.64541596,255.03032358,2117052,649198656.0,0.168529,-0.543
2016-08-29,贵州茅台,600519,255.420088,256.0835168,253.0980872,255.03032358,249.9882647,3805557,1169052448.0,0.302942,2.0169
2016-08-26,贵州茅台,600519,251.38975804,252.5590513,249.1175144,249.9882647,251.28195086,2143645,648346752.0,0.170645,-0.5148
2016-08-25,贵州茅台,600519,253.0980872,253.24735868,248.84385002,251.28195086,253.16443008,2536258,766099104.0,0.2019,-0.7436
2016-08-24,贵州茅台,600519,254.60738772,254.99715214,251.96196538,253.16443008,254.49128768,2277942,695005296.0,0.181336,-0.5214
2016-08-23,贵州茅台,600519,254.86446638,256.28254544,253.5956588,254.49128768,254.85617352,1991426,612752800.0,0.158528,-0.1432
2016-08-22,贵州茅台,600519,253.86932318,256.73035988,253.761516,254.85617352,254.15957328,2081270,640455200.0,0.16568,0.2741
2016-08-19,贵州茅台,600519,253.5956588,254.9639807,252.7663728,254.15957328,254.11810898,1914091,585467696.0,0.152372,0.0163
2016-08-18,贵州茅台,600519,255.3786237,256.7884099,253.04003718,254.11810898,255.55277376,3100599,951674784.0,0.246824,-0.5614
2016-08-17,贵州茅台,600519,256.7469456,257.88306742,254.176159,255.55277376,256.68060272,4375406,1347397792.0,0.348305,-0.4394
2016-08-16,贵州茅台,600519,267.030092,267.42814928,255.420088,256.68060272,264.35979108,8837869,2755749504.0,0.703541,-2.9048
2016-08-15,贵州茅台,600519,261.8885188,266.77301334,260.5201969,264.35979108,262.85878342,3411013,1084418384.0,0.271535,0.571
2016-08-12,贵州茅台,600519,263.2153764,263.2153764,260.40409686,262.85878342,262.69292622,2335283,737487488.0,0.185901,0.0631
2016-08-11,贵州茅台,600519,260.71093268,266.67349902,260.40409686,262.69292622,260.23823966,3193972,1016399248.0,0.254257,0.9432
2016-08-10,贵州茅台,600519,261.2665543,262.469019,259.84018238,260.23823966,261.8470545,2094471,659451040.0,0.166731,-0.6144
2016-08-09,贵州茅台,600519,255.56106662,263.43928362,254.10981612,261.8470545,255.5030166,3928967,1230571984.0,0.312767,2.483
2016-08-08,贵州茅台,600519,253.8859089,255.6688738,251.32341516,255.5030166,253.70346598,2200740,672724160.0,0.175191,0.7093
2016-08-05,贵州茅台,600519,254.16786614,255.72692382,252.95710858,253.70346598,254.0103018,2030848,622324416.0,0.161666,-0.1208
2016-08-04,贵州茅台,600519,254.4664091,255.69375238,252.28538692,254.0103018,254.44153052,2179364,666165440.0,0.173489,-0.1695
2016-08-03,贵州茅台,600519,254.590802,255.3371594,252.2273369,254.44153052,253.93566606,2403907,735080448.0,0.191364,0.1992
2016-08-02,贵州茅台,600519,254.7981235,257.493303,251.1492651,253.93566606,254.55763056,2654142,812078464.0,0.211284,-0.2443
2016-08-01,贵州茅台,600519,259.566518,260.3543397,252.93223,254.55763056,259.6909109,3170185,980681840.0,0.252364,-1.9767
2016-07-29,贵州茅台,600519,261.29143288,264.44271968,259.566518,259.6909109,262.0958403,2900737,913987184.0,0.230914,-0.9176
2016-07-28,贵州茅台,600519,258.737232,264.7910198,258.322589,262.0958403,260.40409686,3964399,1254912048.0,0.315587,0.6497
2016-07-27,贵州茅台,600519,265.2471271,265.8690916,255.6688738,260.40409686,264.57540544,3922806,1235833184.0,0.312276,-1.5766
2016-07-26,贵州茅台,600519,256.25766686,264.956877,255.834731,264.57540544,258.12356036,3555567,1121135552.0,0.283042,2.4995
2016-07-25,贵州茅台,600519,255.0883736,260.55336834,254.590802,258.12356036,255.35374512,2362353,736751808.0,0.188056,1.0847
2016-07-22,贵州茅台,600519,259.4835894,261.3909472,254.90593068,255.35374512,260.71093268,2887145,893047920.0,0.229832,-2.0548
2016-07-21,贵州茅台,600519,257.2030529,263.3812336,256.249374,260.71093268,255.88448816,3300949,1041004816.0,0.262773,1.8862
2016-07-20,贵州茅台,600519,255.93424532,257.80013882,255.005445,255.88448816,255.51130946,1773384,548187888.0,0.141171,0.1461
2016-07-19,贵州茅台,600519,261.639733,262.3031618,253.3883373,255.51130946,262.22852606,4143166,1282256496.0,0.329818,-2.5616
2016-07-18,贵州茅台,600519,263.298305,264.956877,261.77241876,262.22852606,263.31489072,2335289,741065232.0,0.185901,-0.4126
2016-07-15,贵州茅台,600519,262.98317632,263.73782658,261.27484716,263.31489072,262.95829774,2681101,848676192.0,0.21343,0.1356
2016-07-14,贵州茅台,600519,262.12901174,266.0349488,261.3909472,262.95829774,263.04122634,2923085,928017840.0,0.232693,-0.0315
2016-07-13,贵州茅台,600519,267.88425658,269.29404278,261.2665543,263.04122634,269.29404278,5344828,1697002624.0,0.425477,-2.3219
2016-07-12,贵州茅台,600519,261.85534736,270.8448076,261.22509,269.29404278,261.34119004,5311945,1712151168.0,0.422859,3.0431
2016-07-11,贵州茅台,600519,256.27425258,268.688664,256.27425258,261.34119004,257.00402426,5748167,1825388224.0,0.457585,1.6876
2016-07-08,贵州茅台,600519,260.00603958,261.639733,253.89420176,257.00402426,262.80902626,4554563,1412963904.0,0.362567,-2.2088
2016-07-07,贵州茅台,600519,261.8885188,271.0106648,258.80357488,262.80902626,263.04122634,5072520,1619384208.0,0.403799,-0.0883
2016-07-06,贵州茅台,600519,248.6199428,263.712948,247.96480686,263.04122634,249.26678588,4734770,1463885920.0,0.376913,5.526
2016-07-05,贵州茅台,600519,244.66424858,251.3565866,244.66424858,249.26678588,243.7271554,4170773,1252985744.0,0.332016,2.2729
2016-07-04,贵州茅台,600519,238.005082,244.9710844,237.175796,243.7271554,237.31677462,2948864,859625104.0,0.234745,2.7012
2016-07-01,贵州茅台,600519,238.1709392,242.05199768,235.517224,237.31677462,236.9684745,2601495,746622848.0,0.207093,0.147
2016-06-30,贵州茅台,600519,235.42605516,242.0662356,235.42605516,236.96839536,233.93242044,3802240,1116195904.0,0.302678,1.2978
2016-06-29,贵州茅台,600519,233.4210129,234.9633531,230.7016236,233.93242044,233.95677318,2814760,805690464.0,0.22407,-0.0104
2016-06-28,贵州茅台,600519,232.99078116,235.13382228,232.42255056,233.95677318,233.52654144,2428223,699351504.0,0.193299,0.1842
2016-06-27,贵州茅台,600519,223.23345,237.2768634,223.23345,233.52654144,222.23498766,6364269,1823624048.0,0.50663,5.0809
2016-06-24,贵州茅台,600519,223.46074224,224.856966,216.9017376,222.23498766,224.40238152,2012951,550877440.0,0.160242,-0.9659
2016-06-23,贵州茅台,600519,227.26788726,227.26788726,223.13603904,224.40238152,226.02589752,1398451,386801280.0,0.111324,-0.7183
2016-06-22,贵州茅台,600519,222.23498766,226.77271488,221.42322966,226.02589752,222.26745798,2088448,577353680.0,0.166252,1.691
2016-06-21,贵州茅台,600519,224.88943632,225.62001852,221.609934,222.26745798,224.13450138,1674933,460067360.0,0.133334,-0.833
2016-06-20,贵州茅台,600519,227.10553566,227.17859388,222.421692,224.13450138,225.87978108,1901926,523759584.0,0.151403,-0.7727
2016-06-17,贵州茅台,600519,222.0969888,229.31351742,222.0969888,225.87978108,222.43792716,2470518,689165056.0,0.196666,1.5473
2016-06-16,贵州茅台,600519,223.11980388,225.5063724,222.24310524,222.43792716,224.44296942,1964357,540824576.0,0.156373,-0.8933
2016-06-15,贵州茅台,600519,219.75100818,225.5063724,219.34512918,224.44296942,221.4069945,2732201,752172240.0,0.217498,1.3712
2016-06-14,贵州茅台,600519,217.31573418,222.2593404,217.31573418,221.4069945,216.78809148,2558729,696446752.0,0.203688,2.1306
2016-06-13,贵州茅台,600519,221.8940493,224.58096828,216.1305675,216.78809148,222.64898424,3777506,1030012784.0,0.300709,-2.6323
2016-06-08,贵州茅台,600519,224.3699112,225.55507788,222.015813,222.64898424,225.5469603,2388209,656530784.0,0.190114,-1.2849
2016-06-07,贵州茅台,600519,224.451087,226.06648542,223.24156758,225.5469603,224.0857959,1875353,518246016.0,0.149288,0.6521
2016-06-06,贵州茅台,600519,228.915756,229.727514,223.23345,224.0857959,230.44997862,3726166,1034692864.0,0.296623,-2.7616
2016-06-03,贵州茅台,600519,216.739386,232.76348892,216.2523312,230.44997862,217.34008692,6479813,1806172752.0,0.515827,6.032
2016-06-02,贵州茅台,600519,213.50047158,218.10313944,213.50047158,217.34008692,214.13364282,2476076,660335568.0,0.197109,1.4974
2016-06-01,贵州茅台,600519,215.4405732,215.521749,213.492354,214.13364282,214.68563826,2187669,578184016.0,0.17415,-0.2571
2016-05-31,贵州茅台,600519,207.810048,216.43091796,207.1606416,214.68563826,207.91557654,5394965,1418668240.0,0.429468,3.2562
2016-05-30,贵州茅台,600519,204.157137,208.215927,202.9395,207.91557654,204.92018952,2980692,756013040.0,0.237279,1.4617
2016-05-27,贵州茅台,600519,205.14748176,206.74664502,204.05972604,204.92018952,205.13936418,1323044,334258000.0,0.105321,-0.1068
2016-05-26,贵州茅台,600519,204.55489842,206.0241804,202.2900936,205.13936418,204.44936988,1812026,454859056.0,0.144247,0.3375
2016-05-25,贵州茅台,600519,206.57617584,206.94958452,203.75937558,204.44936988,204.51431052,1778534,450815936.0,0.141581,-0.0318
2016-05-24,贵州茅台,600519,206.51935278,207.16875918,203.0206758,204.51431052,206.3488836,1167440,294383664.0,0.092934,-0.8891
2016-05-23,贵州茅台,600519,202.71220776,206.99017242,202.71220776,206.3488836,203.96231508,1870618,474832784.0,0.148911,1.1701
2016-05-20,贵州茅台,600519,200.37434472,204.70913244,198.32871456,203.96231508,199.50576366,2550157,638079264.0,0.203006,2.2338
2016-05-19,贵州茅台,600519,199.01059128,201.721863,198.474831,199.50576366,198.42612552,2088943,514050848.0,0.166291,0.5441
2016-05-18,贵州茅台,600519,202.19268264,204.4412523,197.3383698,198.42612552,202.96385274,2838034,700172112.0,0.225923,-2.2357
2016-05-17,贵州茅台,600519,203.75937558,204.8877192,202.80150114,202.96385274,204.26266554,1178569,295827984.0,0.09382,-0.6359
2016-05-16,贵州茅台,600519,203.63761188,204.4006644,200.7477534,204.26266554,203.71878768,2220273,553627504.0,0.176745,0.267
2016-05-13,贵州茅台,600519,207.79381284,210.1641462,203.345379,203.71878768,207.77757768,2814561,714915408.0,0.224054,-1.9534
2016-05-12,贵州茅台,600519,206.20276716,208.26463248,204.563016,207.77757768,208.51627746,1889411,480711456.0,0.150407,-0.3543
2016-05-11,贵州茅台,600519,204.8471313,211.44672384,204.8471313,208.51627746,204.62795664,4927713,1268594576.0,0.392272,1.9002
2016-05-10,贵州茅台,600519,202.533621,206.186532,202.21703538,204.62795664,203.60514156,3350589,843441776.0,0.266725,0.5024
2016-05-09,贵州茅台,600519,203.04502854,205.2124224,202.13585958,203.60514156,204.74160276,2779918,696784544.0,0.221296,-0.5551
2016-05-06,贵州茅台,600519,208.87345098,209.85567816,203.84866896,204.74160276,209.24685966,2717369,689911424.0,0.216317,-2.1531
2016-05-05,贵州茅台,600519,208.215927,209.5553277,207.404169,209.24685966,207.98051718,1351789,347050352.0,0.10761,0.6089
2016-05-04,贵州茅台,600519,211.05708,212.99718162,207.80193042,207.98051718,211.05708,2863626,743425168.0,0.22796,-1.4577
2016-05-03,贵州茅台,600519,203.3859669,212.90788824,203.3859669,211.05708,203.9136096,5647486,1463972624.0,0.44957,3.5032
2016-04-29,贵州茅台,600519,200.82081162,204.91207194,200.82081162,203.9136096,200.04964152,4607949,1155915392.0,0.366817,1.9315
2016-04-28,贵州茅台,600519,199.55446914,200.29316892,198.068952,200.04964152,198.78329904,1715655,421012816.0,0.136575,0.637
2016-04-27,贵州茅台,600519,198.474831,199.27035384,197.65495542,198.78329904,197.95530588,1391510,340092448.0,0.110772,0.4183
2016-04-26,贵州茅台,600519,198.8401221,200.40681504,197.257194,197.95530588,198.49106616,1515668,370224912.0,0.120655,-0.2699
2016-04-25,贵州茅台,600519,200.60163696,201.3971598,197.5007214,198.49106616,200.8289292,2499028,614481808.0,0.198936,-1.1641
2016-04-22,贵州茅台,600519,195.633678,201.21857304,195.12227046,200.8289292,195.12227046,3545938,869560464.0,0.282275,2.9247
2016-04-21,贵州茅台,600519,195.227799,196.6889634,193.4419314,195.12227046,193.55557752,2967222,713190672.0,0.236207,0.8094
2016-04-20,贵州茅台,600519,197.41142802,198.3936552,191.4125364,193.55557752,197.40331044,3370850,808354336.0,0.268338,-1.9492
2016-04-19,贵州茅台,600519,198.54788922,199.03494402,195.9989691,197.40331044,197.80918944,1423668,345816832.0,0.113332,-0.2052
2016-04-18,贵州茅台,600519,197.0948424,199.692468,196.851315,197.80918944,198.7995342,1859304,453989136.0,0.14801,-0.4982
2016-04-15,贵州茅台,600519,196.96496112,198.86447484,195.7960296,198.7995342,197.06237208,1902926,463404864.0,0.151483,0.8815
2016-04-14,贵州茅台,600519,196.75390404,198.74271114,195.633678,197.06237208,196.64025792,2866437,696651872.0,0.228184,0.2147
2016-04-13,贵州茅台,600519,199.2054132,201.82739154,196.2019086,196.64025792,198.81576936,5427425,1328412384.0,0.432052,-1.0942
2016-04-12,贵州茅台,600519,197.8254246,198.88071,196.5266118,198.81576936,197.84165976,2333909,568663728.0,0.185792,0.4924
2016-04-11,贵州茅台,600519,203.345379,207.14440644,197.663073,197.84165976,202.82585388,11928468,2930751136.0,0.949569,-2.4574
2016-04-08,贵州茅台,600519,204.563016,207.72075462,201.4783356,202.82585388,206.27582538,2315602,583704016.0,0.184334,-1.6725
2016-04-07,贵州茅台,600519,208.53251262,209.01144984,205.06630596,206.27582538,208.79227518,2553639,650128768.0,0.203283,-1.2052
2016-04-06,贵州茅台,600519,199.5301164,209.1088608,199.5301164,208.79227518,199.30282416,4842492,1225137024.0,0.385488,4.7613
2016-04-05,贵州茅台,600519,197.257194,200.910105,197.257194,199.30282416,198.95376822,2504785,615354320.0,0.199394,0.1754
2016-04-01,贵州茅台,600519,202.0871541,203.33726142,198.50730132,198.95376822,201.02375112,2514607,620149504.0,0.200176,-1.0297
2016-03-31,贵州茅台,600519,202.80961872,203.1830274,200.49610842,201.02375112,201.85174428,1945734,483196896.0,0.154891,-0.4102
2016-03-30,贵州茅台,600519,202.127742,203.2642032,199.27035384,201.85174428,201.40527738,2778260,688591408.0,0.221164,0.2217
2016-03-29,贵州茅台,600519,202.6147968,203.751258,198.42612552,201.40527738,202.59856164,3668805,911522992.0,0.292056,-0.589
2016-03-28,贵州茅台,600519,198.86447484,205.68324204,198.86447484,202.59856164,198.86447484,4833765,1207751712.0,0.384793,1.8777
2016-03-25,贵州茅台,600519,196.851315,202.76903082,195.64991316,198.86447484,196.98119628,4475616,1100326144.0,0.356283,0.9561
2016-03-24,贵州茅台,600519,190.76313,199.2054132,187.7596254,196.98119628,190.73877726,6206802,1487290880.0,0.494094,3.2728
2016-03-23,贵州茅台,600519,190.9254816,192.386646,188.87985144,190.73877726,190.34913342,2141206,503035648.0,0.170451,0.2047
2016-03-22,贵州茅台,600519,188.53891308,193.34452044,187.921977,190.34913342,188.31162084,4176661,981582400.0,0.332484,1.082
2016-03-21,贵州茅台,600519,183.99306828,188.34409116,183.9849507,188.31162084,183.457308,3854745,885665712.0,0.306858,2.646
2016-03-18,贵州茅台,600519,188.327856,188.53891308,183.27872124,183.457308,186.34716648,7056894,1613934128.0,0.561766,-1.5508
2016-03-17,贵州茅台,600519,186.70434,190.0325478,185.3243514,186.34716648,185.57599638,2882095,665454448.0,0.22943,0.4156
2016-03-16,贵州茅台,600519,186.88292676,188.733735,182.64555,185.57599638,188.26291536,2425097,555358080.0,0.193051,-1.4272
2016-03-15,贵州茅台,600519,182.4831984,190.26795762,182.10978972,188.26291536,182.29649406,3635633,832373600.0,0.289416,3.2729
2016-03-14,贵州茅台,600519,187.32127608,189.545493,180.3726276,182.29649406,185.1214119,4527783,1029457824.0,0.360436,-1.526
2016-03-11,贵州茅台,600519,183.89565732,188.23044504,183.051429,185.1214119,185.12952948,1632008,373343712.0,0.129916,-0.0044
2016-03-10,贵州茅台,600519,185.88446442,189.7078446,185.080824,185.12952948,184.62623952,2572746,593953296.0,0.204804,0.2726
2016-03-09,贵州茅台,600519,184.269066,188.8554987,183.5384838,184.62623952,186.06305118,1640260,375804064.0,0.130573,-0.7722
2016-03-08,贵州茅台,600519,189.3831414,189.3831414,184.269066,186.06305118,189.65913912,2614722,600938832.0,0.208146,-1.8961
2016-03-07,贵州茅台,600519,193.28769738,194.82192,187.5566859,189.65913912,193.83157524,3934555,924016288.0,0.313211,-2.1526
2016-03-04,贵州茅台,600519,184.17165504,194.95180128,182.65366758,193.83157524,184.92658998,8583869,2007278352.0,0.683321,4.8154
2016-03-03,贵州茅台,600519,182.64555,188.31162084,179.93427828,184.92658998,182.01237876,4019328,914557328.0,0.31996,1.6011
2016-03-02,贵州茅台,600519,177.775002,183.051429,177.50712186,182.01237876,177.30418236,4794266,1073462816.0,0.381649,2.6554
2016-03-01,贵州茅台,600519,175.30725768,178.8302874,170.7938832,177.30418236,174.45491178,3400459,736088848.0,0.270695,1.6332
2016-02-29,贵州茅台,600519,177.76688442,179.30110704,167.8715544,174.45491178,176.02160472,4771246,1022532384.0,0.379816,-0.8901
2016-02-26,贵州茅台,600519,172.9856298,177.9779415,171.49199508,176.02160472,172.42551678,2833271,609924304.0,0.225543,2.0856
2016-02-25,贵州茅台,600519,177.6126504,178.97640384,172.19822454,172.42551678,176.75218692,3948065,855036784.0,0.314287,-2.4479
2016-02-24,贵州茅台,600519,172.2550476,176.98759674,171.28905558,176.75218692,172.42551678,3312902,717612352.0,0.263725,2.5093
2016-02-23,贵州茅台,600519,168.65895966,174.51173484,168.05014116,172.42551678,168.6833124,3746089,795824528.0,0.298209,2.2185
2016-02-22,贵州茅台,600519,167.222148,169.10542656,167.222148,168.6833124,164.87616738,2775986,574540624.0,0.220983,2.3091
2016-02-19,贵州茅台,600519,163.66664796,164.93299044,163.26888654,164.87616738,163.73970618,1423846,287755552.0,0.113346,0.6941
2016-02-18,贵州茅台,600519,164.9492256,165.2739288,163.2445338,163.73970618,164.2186434,1889256,381696256.0,0.150395,-0.2916
2016-02-17,贵州茅台,600519,165.38757492,166.34544936,162.76559658,164.2186434,165.53369136,2034911,411126976.0,0.16199,-0.7944
2016-02-16,贵州茅台,600519,162.80618448,168.845664,162.80618448,165.53369136,162.68442078,1922316,393326288.0,0.153027,1.7514
2016-02-15,贵州茅台,600519,162.3516,164.786874,162.0268968,162.68442078,165.49310346,1947018,390748384.0,0.154993,-1.6972
2016-02-05,贵州茅台,600519,166.40227242,166.55650644,164.40534774,165.49310346,166.40227242,1422767,290691680.0,0.11326,-0.5464
2016-02-04,贵州茅台,600519,166.2480384,167.12473704,165.22522332,166.40227242,165.32263428,1662475,340315136.0,0.132342,0.6531
2016-02-03,贵州茅台,600519,164.44593564,166.05321648,163.569237,165.32263428,166.0450989,1515699,307933680.0,0.120658,-0.4351
2016-02-02,贵州茅台,600519,163.975116,166.2480384,162.87112512,166.0450989,163.39876782,1784208,362596992.0,0.142032,1.6196
2016-02-01,贵州茅台,600519,164.0562918,164.6245224,162.26230662,163.39876782,162.8792427,1917802,386028336.0,0.152667,0.319
2016-01-29,贵州茅台,600519,160.30596984,164.380995,159.916326,162.8792427,159.62409312,2309024,461975280.0,0.183811,2.0393
2016-01-28,贵州茅台,600519,162.1486605,162.1486605,158.79609996,159.62409312,162.29477694,1790300,353744032.0,0.142517,-1.6456
2016-01-27,贵州茅台,600519,162.33536484,163.07406462,158.8610406,162.29477694,161.54795958,2984041,589842576.0,0.237545,0.4623
2016-01-26,贵州茅台,600519,163.15524042,165.98015826,161.133963,161.54795958,164.60016966,2228092,448487472.0,0.177368,-1.8543
2016-01-25,贵州茅台,600519,164.786874,165.18463542,163.569237,164.60016966,164.57581692,1375045,278273552.0,0.109461,0.0148
2016-01-22,贵州茅台,600519,164.87616738,165.1115772,161.38560798,164.57581692,162.56265708,2273348,456952016.0,0.180971,1.2384
2016-01-21,贵州茅台,600519,163.37441508,166.07756922,162.2704242,162.56265708,164.23487856,2183229,439737648.0,0.173797,-1.0182
2016-01-20,贵州茅台,600519,168.033906,170.59906128,163.17147558,164.23487856,170.66400192,4096866,835946960.0,0.326132,-3.7671
2016-01-19,贵州茅台,600519,163.163358,170.73706014,162.35971758,170.66400192,161.88889794,5911022,1224859280.0,0.470549,5.4205
2016-01-18,贵州茅台,600519,160.728084,164.2998192,160.0786776,161.88889794,161.539842,2737123,548614384.0,0.217889,0.2161
2016-01-15,贵州茅台,600519,166.2074505,167.36826444,160.728084,161.539842,166.26427356,2668119,537750016.0,0.212396,-2.8415
2016-01-14,贵州茅台,600519,160.00561938,167.20591284,158.70680658,166.26427356,162.17301324,3477606,699341424.0,0.276836,2.5228
2016-01-13,贵州茅台,600519,161.6210178,167.222148,161.2151388,162.17301324,159.74585682,2920198,592420624.0,0.232463,1.5194
2016-01-12,贵州茅台,600519,163.2445338,164.0562918,159.104568,159.74585682,162.23795388,4028723,801495584.0,0.320708,-1.5361
2016-01-11,贵州茅台,600519,164.91675528,165.42816282,161.8645452,162.23795388,166.11003954,2970258,596838944.0,0.236448,-2.331
2016-01-08,贵州茅台,600519,165.73663086,168.845664,162.3516,166.11003954,164.16182034,4451009,911812832.0,0.354324,1.1868
2016-01-07,贵州茅台,600519,169.64930442,169.64930442,162.37595274,164.16182034,172.23881244,814868,167829920.0,0.064868,-4.6894
2016-01-06,贵州茅台,600519,172.72586724,173.44021428,169.9009494,172.23881244,172.75833756,2376090,502483568.0,0.189149,-0.3007
2016-01-05,贵州茅台,600519,170.46918,173.69185926,168.44790258,172.75833756,170.48541516,3190891,672596336.0,0.254012,1.3332
2016-01-04,贵州茅台,600519,176.963244,176.963244,170.46106242,170.48541516,177.11747802,1734969,371909824.0,0.138113,-3.7444
2015-12-31,贵州茅台,600519,177.14183076,178.180881,176.81712756,177.11747802,177.66135588,1967387,429872176.0,0.156614,-0.3061
2015-12-30,贵州茅台,600519,178.73287644,179.12252028,176.57360016,177.66135588,178.44876114,2014766,440489184.0,0.160386,-0.4413
2015-12-29,贵州茅台,600519,177.46653396,178.94393352,177.37724058,178.44876114,177.87241296,1577433,345982480.0,0.125572,0.324
2015-12-28,贵州茅台,600519,183.03519384,183.457308,177.775002,177.87241296,182.239671,2559452,569404128.0,0.203746,-2.3964
2015-12-25,贵州茅台,600519,182.64555,183.18131028,180.92462304,182.239671,182.46696324,1154295,258870006.0,0.091888,-0.1246
2015-12-24,贵州茅台,600519,181.81755684,183.19754544,181.1843856,182.46696324,181.022034,1557788,350137312.0,0.124008,0.7982
2015-12-23,贵州茅台,600519,183.0108411,184.01742102,180.7785066,181.022034,182.66990274,2237497,501438272.0,0.178117,-0.9021
2015-12-22,贵州茅台,600519,184.1067144,184.1067144,181.24932624,182.66990274,184.29341874,2840245,638684800.0,0.226099,-0.8809
2015-12-21,贵州茅台,600519,176.963244,186.03869844,176.963244,184.29341874,176.05407504,5939189,1341466592.0,0.472791,4.68
2015-12-18,贵州茅台,600519,174.933849,177.8967657,174.61726338,176.05407504,175.22608188,2846020,618897536.0,0.226558,0.4725
2015-12-17,贵州茅台,600519,174.03279762,176.05407504,173.716212,175.22608188,173.64315378,2425321,523818384.0,0.193068,0.9116
2015-12-16,贵州茅台,600519,174.04903278,174.23573712,172.57163322,173.64315378,174.13020858,2014480,430371568.0,0.160363,-0.2797
2015-12-15,贵州茅台,600519,173.5538604,174.19514922,172.15763664,174.13020858,173.7973878,1508839,321828816.0,0.120112,0.1915
2015-12-14,贵州茅台,600519,170.62341402,174.43055904,169.657422,173.7973878,171.61375878,2070134,439584112.0,0.164794,1.2724
2015-12-11,贵州茅台,600519,172.498575,172.498575,170.875059,171.61375878,172.87198368,1303548,275655728.0,0.103769,-0.7278
2015-12-10,贵州茅台,600519,174.52797,175.5020796,172.08457842,172.87198368,174.09773826,1378671,295297552.0,0.10975,-0.7041
2015-12-09,贵州茅台,600519,171.75175764,174.5685579,171.686817,174.09773826,172.04399052,1411977,302039600.0,0.112401,1.1937
2015-12-08,贵州茅台,600519,174.1626789,174.1626789,171.65434668,172.04399052,174.13020858,1739368,370510928.0,0.138463,-1.1981
2015-12-07,贵州茅台,600519,174.52797,176.13525084,173.0668056,174.13020858,174.77961498,1925509,413697600.0,0.153281,-0.3716
2015-12-04,贵州茅台,600519,178.55428968,178.55428968,174.53608758,174.77961498,178.7491116,2084871,452200736.0,0.165967,-2.2207
2015-12-03,贵州茅台,600519,177.775002,179.7232212,175.9079586,178.7491116,179.86933764,2238683,489928576.0,0.178211,-0.6228
2015-12-02,贵州茅台,600519,174.10585584,184.269066,172.092696,179.86933764,173.5538604,4789145,1055325952.0,0.381241,3.6389
2015-12-01,贵州茅台,600519,172.904454,173.6756241,171.280938,173.5538604,173.96785698,1887754,400895904.0,0.150275,-0.238
2015-11-30,贵州茅台,600519,168.87813432,174.34938324,168.67519482,173.96785698,168.63460692,3344003,702029936.0,0.2662,3.1626
2015-11-27,贵州茅台,600519,172.49045742,172.53104532,167.73355554,168.63460692,172.77457272,1622072,339061424.0,0.129126,-2.3962
2015-11-26,贵州茅台,600519,173.30221542,173.54574282,171.95469714,172.77457272,172.88821884,1880453,400523680.0,0.149694,-0.0657
2015-11-25,贵州茅台,600519,171.8491686,172.904454,170.7938832,172.88821884,171.84105102,2424981,512351424.0,0.193041,0.6094
2015-11-24,贵州茅台,600519,172.40928162,173.13174624,170.46918,171.84105102,172.59598596,2046902,431548240.0,0.162944,-0.4374
2015-11-23,贵州茅台,600519,172.904454,173.58633072,172.50669258,172.59598596,173.48891976,2099473,446996432.0,0.167129,-0.5147
2015-11-20,贵州茅台,600519,174.64161612,175.16114124,172.9856298,173.48891976,174.55232274,2227423,476413648.0,0.177315,-0.6092
2015-11-19,贵州茅台,600519,173.716212,175.339728,173.6350362,174.55232274,174.25197228,1526276,327777824.0,0.1215,0.1724
2015-11-18,贵州茅台,600519,173.38339122,175.339728,173.38339122,174.25197228,174.00844488,1972554,423815328.0,0.157026,0.14
2015-11-17,贵州茅台,600519,174.30067776,176.557365,173.01810012,174.00844488,173.53762524,2198635,473813952.0,0.175023,0.2713
2015-11-16,贵州茅台,600519,172.498575,175.745607,172.092696,173.53762524,174.61726338,2391670,511461328.0,0.19039,-0.6183
2015-11-13,贵州茅台,600519,177.0444198,178.180881,174.38997114,174.61726338,178.59487758,2839718,614644800.0,0.226057,-2.2272
2015-11-12,贵州茅台,600519,178.77346434,181.022034,178.08347004,178.59487758,178.7085237,1618085,357408912.0,0.128808,-0.0636
2015-11-11,贵州茅台,600519,180.21839358,181.022034,177.4502988,178.7085237,180.51874404,2381550,524296320.0,0.189584,-1.0028
2015-11-10,贵州茅台,600519,178.58676,181.93120296,177.90488328,180.51874404,179.26051914,2872976,639416128.0,0.228704,0.7019
2015-11-09,贵州茅台,600519,180.210276,182.36955228,177.775002,179.26051914,177.30418236,4052729,900398640.0,0.322619,1.1034
2015-11-06,贵州茅台,600519,176.4356013,177.4502988,174.98255448,177.30418236,175.79431248,2169571,471929424.0,0.172709,0.8589
2015-11-05,贵州茅台,600519,174.2032668,181.24932624,173.310333,175.79431248,174.51173484,4998258,1087812240.0,0.397888,0.735
2015-11-04,贵州茅台,600519,170.93999964,175.339728,170.55847338,174.51173484,170.23377018,3080972,659118992.0,0.245262,2.513
2015-11-03,贵州茅台,600519,172.83951336,175.14490608,169.1703672,170.23377018,172.54728048,2317329,493565248.0,0.184472,-1.3408
2015-11-02,贵州茅台,600519,174.2032668,175.22608188,172.498575,172.54728048,173.60256588,1529820,328246688.0,0.121782,-0.6079
2015-10-30,贵州茅台,600519,172.8638661,175.1773764,172.19010696,173.60256588,172.904454,1225791,263117287.0,0.097579,0.4038
2015-10-29,贵州茅台,600519,172.092696,174.35750082,172.092696,172.904454,172.44986952,1345435,287688320.0,0.107104,0.2636
2015-10-28,贵州茅台,600519,174.51985242,174.51985242,172.0115202,172.44986952,174.7309095,1655922,353020512.0,0.13182,-1.3055
2015-10-27,贵州茅台,600519,176.2326618,176.70348144,172.56351564,174.7309095,176.74406934,2257279,484597008.0,0.179691,-1.139
2015-10-26,贵州茅台,600519,172.092696,177.2067714,168.845664,176.74406934,171.26470284,4334626,932490832.0,0.345059,3.1994
2015-10-23,贵州茅台,600519,167.0597964,176.6385408,166.8568569,171.26470284,164.40534774,5627734,1189746960.0,0.447997,4.1722
2015-10-22,贵州茅台,600519,162.54642192,164.56769934,161.88889794,164.40534774,162.60324498,2372030,478632752.0,0.188826,1.1083
2015-10-21,贵州茅台,600519,164.04005664,164.4215829,159.92444358,162.60324498,163.95076326,2234914,447195040.0,0.177911,-0.8219
2015-10-20,贵州茅台,600519,163.99135116,164.68946304,163.30947444,163.95076326,164.55958176,1478429,298284288.0,0.117691,-0.37
2015-10-19,贵州茅台,600519,166.36168452,166.36168452,163.8939402,164.55958176,162.95230092,2612145,531101872.0,0.207941,0.9863
2015-10-16,贵州茅台,600519,163.34194476,164.2998192,161.87266278,162.95230092,162.34348242,1923843,386383072.0,0.153148,0.375
2015-10-15,贵州茅台,600519,160.85796528,162.65195046,160.37091048,162.34348242,160.59008514,1655013,329836768.0,0.131748,1.0918
2015-10-14,贵州茅台,600519,161.52360684,161.945721,159.92444358,160.59008514,161.32878492,1521339,301666752.0,0.121107,-0.4579
2015-10-13,贵州茅台,600519,160.80114222,162.42465822,160.80114222,161.32878492,160.80114222,1575113,313495456.0,0.125387,0.3281
2015-10-12,贵州茅台,600519,161.539842,165.99639342,160.6063203,160.80114222,159.8757381,4903000,982174160.0,0.390305,0.5788
2015-10-09,贵州茅台,600519,161.36125524,161.4586662,159.510447,159.8757381,160.33844016,1572174,310187696.0,0.125153,-0.2886
2015-10-08,贵州茅台,600519,161.36125524,163.63417764,159.916326,160.33844016,154.48566498,3439179,684138048.0,0.273777,3.7886
2015-09-30,贵州茅台,600519,154.42072434,155.43542184,154.37201886,154.48566498,154.37201886,1163463,222178053.0,0.092618,0.0736
2015-09-29,贵州茅台,600519,153.8687289,155.34612846,152.8540314,154.37201886,155.35424604,1840982,348759184.0,0.146552,-0.6323
2015-09-28,贵州茅台,600519,155.43542184,156.1010634,153.60896634,155.35424604,157.04270268,1234110,235369401.0,0.098242,-1.0752
2015-09-25,贵州茅台,600519,157.47293442,158.2116342,153.828141,157.04270268,157.481052,2445597,470411104.0,0.194682,-0.2783
2015-09-24,贵州茅台,600519,158.9422164,159.33186024,156.5069424,157.481052,158.06551776,1388674,269653184.0,0.110546,-0.3698
2015-09-23,贵州茅台,600519,160.0380897,161.53172442,157.5622278,158.06551776,161.75901666,2234432,438412336.0,0.177873,-2.2833
2015-09-22,贵州茅台,600519,162.97665366,163.30947444,161.52360684,161.75901666,161.7833694,1645740,329161936.0,0.13101,-0.0151
2015-09-21,贵州茅台,600519,160.73620158,162.9198306,160.728084,161.7833694,161.88889794,1652767,329196736.0,0.131569,-0.0652
2015-09-18,贵州茅台,600519,161.2151388,163.07406462,160.728084,161.88889794,160.728084,1564276,312040976.0,0.124525,0.7222
2015-09-17,贵州茅台,600519,164.4621708,167.0597964,160.41149838,160.728084,166.0450989,2642300,533638544.0,0.210341,-3.2022
2015-09-16,贵州茅台,600519,162.35971758,170.09577132,160.50890934,166.0450989,163.975116,3719802,753188784.0,0.296116,1.2624
2015-09-15,贵州茅台,600519,160.73620158,163.99135116,158.39022096,163.975116,164.40534774,5188434,1035493472.0,0.413027,-0.2617
2015-09-14,贵州茅台,600519,156.20659194,164.6245224,152.5293282,164.40534774,156.59623578,8617555,1678995776.0,0.686003,4.9868
2015-09-11,贵州茅台,600519,155.76012504,157.5622278,155.0863659,156.59623578,156.83976318,1693214,326277632.0,0.134789,-0.1553
2015-09-10,贵州茅台,600519,154.54248804,156.9128214,153.53590812,156.83976318,155.74388988,2685248,514766384.0,0.21376,0.7036
2015-09-09,贵州茅台,600519,154.34766612,157.37552346,154.34766612,155.74388988,153.68202456,3521516,676337504.0,0.280331,1.3416
2015-09-08,贵州茅台,600519,152.98391268,154.61554626,150.17523,153.68202456,153.18685218,3309858,621914336.0,0.263482,0.3232
2015-09-07,贵州茅台,600519,156.3445908,157.481052,153.1381467,153.18685218,157.97622438,3221642,615819760.0,0.25646,-3.0317
2015-09-02,贵州茅台,600519,154.32331338,158.29281,153.5846136,157.97622438,157.78140246,10694546,2052413264.0,0.851343,0.1235
2015-09-01,贵州茅台,600519,155.71141956,158.29281,152.610504,157.78140246,158.59316046,8743269,1688392992.0,0.696011,-0.5118
2015-08-31,贵州茅台,600519,153.69825972,158.698689,150.32134644,158.59316046,156.3851787,6273019,1198185024.0,0.499366,1.4119
2015-08-28,贵州茅台,600519,158.29281,158.52821982,151.90427454,156.3851787,159.97314906,8992583,1720106864.0,0.715857,-2.2429
2015-08-27,贵州茅台,600519,154.23402,162.2704242,150.08593662,159.97314906,149.26606104,8705201,1663248880.0,0.69298,7.1732
2015-08-26,贵州茅台,600519,143.48634408,153.016383,142.05765,149.26606104,143.34834522,9157253,1663612848.0,0.728966,4.1282
2015-08-25,贵州茅台,600519,135.93699468,148.15395258,134.9141796,143.34834522,137.70662712,12308058,2165823584.0,0.979787,4.0969
2015-08-24,贵州茅台,600519,146.928198,147.334077,136.5376956,137.70662712,151.25486814,8981284,1559048768.0,0.714958,-8.9572
2015-08-21,贵州茅台,600519,155.46789216,158.17916388,151.08439896,151.25486814,158.34963306,7562061,1433277968.0,0.60198,-4.4804
2015-08-20,贵州茅台,600519,163.02535914,163.163358,158.2116342,158.34963306,163.66664796,3964503,788892224.0,0.315595,-3.2487
2015-08-19,贵州茅台,600519,162.1486605,164.10499728,160.87420044,163.66664796,163.21206348,5026180,1004394400.0,0.400111,0.2785
2015-08-18,贵州茅台,600519,168.01767084,168.439785,162.6357153,163.21206348,167.40073476,5128552,1047896512.0,0.40826,-2.5022
2015-08-17,贵州茅台,600519,168.86189916,169.51130556,165.598632,167.40073476,170.45294484,5385832,1108212048.0,0.428741,-1.7906
2015-08-14,贵州茅台,600519,170.875059,171.6056412,169.8603615,170.45294484,170.07141858,3066690,645849792.0,0.244125,0.2243
2015-08-13,贵州茅台,600519,171.686817,171.686817,167.222148,170.07141858,170.03894826,3518025,733202192.0,0.280053,0.0191
2015-08-12,贵州茅台,600519,170.46106242,173.95162182,169.4544825,170.03894826,171.0779985,4582434,968610592.0,0.364786,-0.6074
2015-08-11,贵州茅台,600519,172.3362234,172.42551678,170.47729758,171.0779985,172.3362234,5089705,1076261232.0,0.405167,-0.7301
2015-08-10,贵州茅台,600519,168.04202358,172.904454,166.51591854,172.3362234,167.97708294,5649643,1182083552.0,0.449742,2.5951
2015-08-07,贵州茅台,600519,168.43166742,169.3327188,166.8974448,167.97708294,166.37791968,3952134,819022560.0,0.314611,0.9612
2015-08-06,贵州茅台,600519,167.40885234,168.439785,164.786874,166.37791968,168.18814002,3924980,805358560.0,0.312449,-1.0763
2015-08-05,贵州茅台,600519,172.84763094,173.5944483,167.98520052,168.18814002,172.06834326,4314385,907597376.0,0.343448,-2.255
2015-08-04,贵州茅台,600519,169.86847908,173.69997684,169.86847908,172.06834326,170.11200648,5953396,1260302960.0,0.473922,1.15
2015-08-03,贵州茅台,600519,166.41039,170.46106242,164.786874,170.11200648,167.89590714,5455303,1117796048.0,0.434271,1.3199
2015-07-31,贵州茅台,600519,167.7903786,167.97708294,164.786874,167.89590714,167.18967768,4073664,835374144.0,0.324285,0.4224
2015-07-30,贵州茅台,600519,169.51942314,169.51942314,166.4915658,167.18967768,168.63460692,4113400,853284368.0,0.327448,-0.8568
2015-07-29,贵州茅台,600519,168.66707724,170.46918,164.08064454,168.63460692,167.08414914,6650743,1364157584.0,0.529434,0.928
2015-07-28,贵州茅台,600519,162.23795388,170.01459552,160.30596984,167.08414914,163.58547216,8670357,1766521472.0,0.690206,2.1387
2015-07-27,贵州茅台,600519,176.151486,179.6420454,163.163358,163.58547216,177.94547118,7694415,1628465536.0,0.612516,-8.0699
2015-07-24,贵州茅台,600519,178.992639,181.58214702,177.5720625,177.94547118,178.21335132,5739009,1271122144.0,0.456856,-0.1503
2015-07-23,贵州茅台,600519,176.95512642,179.0738148,175.15302366,178.21335132,176.25701454,6474810,1411411696.0,0.515429,1.1099
2015-07-22,贵州茅台,600519,178.58676,180.210276,175.81054764,176.25701454,179.93427828,7085510,1552554832.0,0.564044,-2.0437
2015-07-21,贵州茅台,600519,180.0073365,181.9961436,178.58676,179.93427828,182.73484338,5178996,1148423248.0,0.412276,-1.5326
2015-07-20,贵州茅台,600519,184.3908297,184.9996482,180.616155,182.73484338,185.31623382,6793355,1531275696.0,0.540787,-1.393
2015-07-17,贵州茅台,600519,185.892582,186.69622242,182.43449292,185.31623382,182.43449292,5641853,1284361184.0,0.449121,1.5796
2015-07-16,贵州茅台,600519,182.19541002,184.31278086,180.02002902,182.43470193,182.19541002,7281433,1826618384.0,0.637605,0.1313
2015-07-15,贵州茅台,600519,179.4689325,183.2395929,176.40889656,182.19541002,180.59287935,10407746,2585923328.0,0.911363,0.8874
2015-07-14,贵州茅台,600519,184.907385,185.03790786,179.2513944,180.59287935,186.90148425,9676830,2425239232.0,0.84736,-3.3754
2015-07-13,贵州茅台,600519,187.082766,192.57922866,182.006877,186.90148425,192.58647993,14892616,3838169456.0,1.304084,-2.9519
2015-07-10,贵州茅台,600519,186.357639,205.210941,182.70299892,192.58647993,187.03925838,25614930,6888908288.0,2.242993,2.9658
2015-07-09,贵州茅台,600519,171.75358122,188.83032207,168.954591,187.03925838,171.75358122,13820334,3409950544.0,1.210189,8.8998
2015-07-08,贵州茅台,600519,166.054083,177.64886373,159.35390952,171.75358122,177.06151086,28914054,6738026752.0,2.531883,-2.9978
2015-07-07,贵州茅台,600519,181.28175,186.05308566,173.6679165,177.06151086,184.21126308,16756224,4121731568.0,1.467273,-3.8813
2015-07-06,贵州茅台,600519,194.29777965,194.32678473,173.6679165,184.21126308,181.14397587,27279966,7012491264.0,2.388793,1.6933
2015-07-03,贵州茅台,600519,184.907385,188.8955835,175.6257594,181.14397587,188.7505581,10960531,2772183168.0,0.959768,-4.03
2015-07-02,贵州茅台,600519,185.1249231,204.9208902,177.66336627,188.7505581,186.71295123,11845972,3011363680.0,1.037302,1.0913
2015-07-01,贵州茅台,600519,184.907385,194.6965995,181.99237446,186.71295123,186.82897155,10332654,2696026032.0,0.904787,-0.0621
2015-06-30,贵州茅台,600519,178.84532328,188.40249714,178.381242,186.82897155,178.84532328,12629819,3205285536.0,1.105941,4.464
2015-06-29,贵州茅台,600519,180.09979299,185.9950755,165.1839306,178.84532328,175.80704115,16507167,4057069904.0,1.445464,1.7282
2015-06-26,贵州茅台,600519,181.29625254,185.45123025,170.6223831,175.80704115,182.57972733,9933201,2451381600.0,0.869809,-3.7094
2015-06-25,贵州茅台,600519,189.6207105,190.00502781,181.43402667,182.57972733,189.41042367,6652166,1707385600.0,0.582502,-3.6063
2015-06-24,贵州茅台,600519,181.28175,192.3036804,179.57770155,189.41042367,182.91328575,9570694,2463553856.0,0.838066,3.552
2015-06-23,贵州茅台,600519,173.8854546,185.52374295,169.77398451,182.91328575,170.62963437,8124734,1989068144.0,0.711449,7.199
2015-06-19,贵州茅台,600519,178.28697549,180.18680823,169.69422054,170.62963437,176.90923419,6760866,1646002768.0,0.592021,-3.5496
2015-06-18,贵州茅台,600519,183.47163354,184.7623596,174.4655562,176.90923419,184.97264643,6150650,1530836128.0,0.538587,-4.3592
2015-06-17,贵州茅台,600519,184.15325292,186.90873552,180.556623,184.97264643,184.14600165,5838881,1478407040.0,0.511286,0.4489
2015-06-16,贵州茅台,600519,187.807893,192.7387566,183.0945675,184.14600165,189.17838303,6930384,1789696032.0,0.606865,-2.6601
2015-06-15,贵州茅台,600519,193.59440646,197.234544,188.59103016,189.17838303,192.883782,10001422,2664672592.0,0.875783,-1.921
2015-06-12,贵州茅台,600519,190.07028924,197.959671,189.258147,192.883782,188.57652762,9090952,2438986512.0,0.796057,2.2841
2015-06-11,贵州茅台,600519,188.53302,191.7960915,186.91598679,188.57652762,189.29440335,5295454,1378413760.0,0.463701,-0.3792
2015-06-10,贵州茅台,600519,185.37146628,193.52189376,184.0372326,189.29440335,187.82964681,8046208,2096832880.0,0.704573,0.7798
2015-06-09,贵州茅台,600519,192.158655,195.6392646,185.9950755,187.82964681,191.89760928,7785186,2045525408.0,0.681716,-2.1199
2015-06-08,贵州茅台,600519,182.37669177,194.00047758,181.1367246,191.89760928,184.06623768,9600797,2462736704.0,0.840702,4.2547
2015-06-05,贵州茅台,600519,187.16252997,190.0557867,178.381242,184.06623768,187.23504267,8573823,2188974560.0,0.750774,-1.6924
2015-06-04,贵州茅台,600519,190.69389846,192.158655,174.03048,187.23504267,190.55612433,9236273,2332785392.0,0.808782,-1.7428
2015-06-03,贵州茅台,600519,192.28917786,193.33336074,188.54027127,190.55612433,193.33336074,4642403,1218378720.0,0.406516,-1.4365
2015-06-02,贵州茅台,600519,196.1468535,196.1468535,189.01160382,193.33336074,196.84297542,6463560,1708951664.0,0.565987,-1.783
2015-06-01,贵州茅台,600519,191.39002038,197.94516846,188.3879946,196.84297542,191.31025641,6581670,1747123648.0,0.576329,2.892
2015-05-29,贵州茅台,600519,188.54027127,195.059163,188.45325603,191.31025641,189.33791097,5778309,1531805536.0,0.505982,1.0417
2015-05-28,贵州茅台,600519,199.59120675,203.760687,188.6055327,189.33791097,200.7876663,6088499,1650995552.0,0.533144,-5.7024
2015-05-27,贵州茅台,600519,207.03826104,209.79374364,197.959671,200.7876663,207.05276358,4693479,1309260000.0,0.410988,-3.0259
2015-05-26,贵州茅台,600519,207.8213982,210.28683,205.90706292,207.05276358,207.98817741,6091468,1746031120.0,0.533404,-0.4497
2015-05-25,贵州茅台,600519,195.78429,209.19188823,195.059163,207.98817741,200.03353422,6747362,1868570176.0,0.590838,3.9767
2015-05-22,贵州茅台,600519,188.30097936,200.7151536,188.23571793,200.03353422,187.51059093,6664906,1779754352.0,0.583618,6.6785
2015-05-21,贵州茅台,600519,185.632512,189.4756851,184.18950927,187.51059093,184.14600165,4766913,1230234944.0,0.417419,1.8271
2015-05-20,贵州茅台,600519,182.732004,188.53302,180.7741611,184.14600165,181.31075508,6377150,1631009456.0,0.55842,1.5638
2015-05-19,贵州茅台,600519,174.79186335,181.44127794,174.1755054,181.31075508,174.85712478,4763777,1174434448.0,0.417144,3.6908
2015-05-18,贵州茅台,600519,177.656115,177.656115,174.1029927,174.85712478,177.77938659,3536324,856505072.0,0.309661,-1.6438
2015-05-15,贵州茅台,600519,182.30417907,183.81244323,175.19793447,177.77938659,182.30417907,5418507,1333031168.0,0.474476,-2.482
2015-05-14,贵州茅台,600519,185.81379375,188.1704565,182.16640494,182.30417907,185.9225628,4185329,1062504720.0,0.366492,-1.9462
2015-05-13,贵州茅台,600519,184.0372326,190.68664719,183.0945675,185.9225628,184.48681134,5891341,1520374560.0,0.51588,0.7782
2015-05-12,贵州茅台,600519,186.5026644,186.5026644,182.732004,184.48681134,186.67669488,4703129,1193035136.0,0.411833,-1.1731
2015-05-11,贵州茅台,600519,182.3694405,187.07551473,181.28175,186.67669488,184.30552959,6134570,1552417968.0,0.537179,1.2865
2015-05-08,贵州茅台,600519,178.46825724,184.82036976,178.3087293,184.30552959,177.60535611,5780559,1447670272.0,0.506179,3.7725
2015-05-07,贵州茅台,600519,177.656115,182.64498876,175.88680512,177.60535611,175.97382036,6810290,1693825904.0,0.596349,0.9271
2015-05-06,贵州茅台,600519,176.91648546,179.09911773,174.03773127,175.97382036,174.71935065,6032432,1472597536.0,0.528235,0.718
2015-05-05,贵州茅台,600519,182.732004,182.732004,173.94346476,174.71935065,184.88563119,7370003,1801146752.0,0.64536,-5.4987
2015-05-04,贵州茅台,600519,183.21058782,187.807893,181.29625254,184.88563119,182.89878321,5473902,1398337296.0,0.479327,1.0863
2015-04-30,贵州茅台,600519,182.11564605,184.8348723,179.65021425,182.89878321,181.12222206,6406407,1610938048.0,0.560982,0.9809
2015-04-29,贵州茅台,600519,178.4537547,183.457131,178.4537547,181.12222206,179.75173203,5930057,1477767696.0,0.51927,0.7624
2015-04-28,贵州茅台,600519,184.182258,187.5178422,179.14262535,179.75173203,185.48023533,8729177,2187970736.0,0.764378,-3.0885
2015-04-27,贵州茅台,600519,186.77821266,194.1890106,183.44987973,185.48023533,187.43807823,7897335,2050832432.0,0.691537,-1.0445
2015-04-24,贵州茅台,600519,182.64498876,188.30097936,177.66336627,187.43807823,185.66151708,10053123,2547399872.0,0.88031,0.9569
2015-04-23,贵州茅台,600519,191.433528,191.55679959,183.44262846,185.66151708,191.35376403,8603012,2214737648.0,0.75333,-2.9747
2015-04-22,贵州茅台,600519,194.9141376,195.059163,186.43740297,191.35376403,186.66944361,13463506,3543576704.0,1.178943,2.5094
2015-04-21,贵州茅台,600519,174.03048,186.66944361,174.03048,186.66944361,169.70147181,12240188,3039243968.0,1.071822,9.9987
2015-04-20,贵州茅台,600519,166.77921,178.1637039,166.054083,169.70147181,168.63553512,13058871,3118764544.0,1.143511,0.6321
2015-04-17,贵州茅台,600519,173.2328403,180.3390849,165.53199156,168.63553512,164.07448629,19209491,4577504000.0,1.682095,2.7799
2015-04-16,贵州茅台,600519,151.22523585,164.07448629,150.70314441,164.07448629,149.1586239,8601417,1877332304.0,0.75319,10.0
2015-04-15,贵州茅台,600519,151.6240557,152.11714206,148.04192832,149.1586239,149.376162,5500520,1135635920.0,0.481658,-0.1456
2015-04-14,贵州茅台,600519,147.925908,151.75457856,147.89690292,149.376162,147.8533953,8190313,1691094336.0,0.717192,1.0299
2015-04-13,贵州茅台,600519,146.14934685,148.28122023,144.25676538,147.8533953,145.18492794,9135609,1840018384.0,0.799967,1.838
2015-04-10,贵州茅台,600519,145.01814873,147.19352973,144.74260047,145.18492794,145.0254,10201946,2048914304.0,0.893342,0.11
2015-04-09,贵州茅台,600519,148.27396896,149.28914676,144.33652935,145.0254,148.2884715,6239973,1255308048.0,0.546408,-2.2005
2015-04-08,贵州茅台,600519,146.8382175,152.76975636,146.17835193,148.2884715,145.51123509,13585716,2798381808.0,1.189644,1.9086
2015-04-07,贵州茅台,600519,142.74124995,145.80853716,141.9798666,145.51123509,142.71224487,5982433,1189027072.0,0.523857,1.9613
2015-04-03,贵州茅台,600519,140.674638,142.85727027,139.78998306,142.71224487,141.09521166,5121088,996536048.0,0.448432,1.1461
2015-04-02,贵州茅台,600519,142.09588692,143.2850952,139.86249576,141.09521166,141.64630818,6298161,1228604480.0,0.551504,-0.3891
2015-04-01,贵州茅台,600519,142.14664581,143.25609012,141.02269896,141.64630818,142.09588692,7687523,1504959696.0,0.673164,-0.3164
2015-03-31,贵州茅台,600519,142.61797836,145.58374779,140.68914054,142.09588692,142.68323979,8813097,1746870224.0,0.771726,-0.4116
2015-03-30,贵州茅台,600519,141.16772436,144.26401665,140.0220237,142.68323979,141.07345785,6345139,1237889232.0,0.555617,1.1411
2015-03-27,贵州茅台,600519,143.575146,143.98121712,139.91325465,141.07345785,143.98121712,4014459,784086656.0,0.351529,-2.0195
2015-03-26,贵州茅台,600519,140.34833085,144.9528873,139.224384,143.98121712,139.78998306,6710525,1315872112.0,0.587613,2.9982
2015-03-25,贵州茅台,600519,139.949511,141.4722777,139.26789162,139.78998306,141.90010263,4224030,815963248.0,0.369881,-1.487
2015-03-24,贵州茅台,600519,141.6173031,143.16907488,139.2968967,141.90010263,141.45777516,6007944,1172628512.0,0.526091,0.3127
2015-03-23,贵州茅台,600519,141.16047309,142.66873725,140.0945364,141.45777516,140.05828005,4097901,799009920.0,0.358836,0.9992
2015-03-20,贵州茅台,600519,140.8196634,141.39251373,138.41224176,140.05828005,141.60280056,5137371,991294896.0,0.449858,-1.0907
2015-03-19,贵州茅台,600519,143.96671458,144.29302173,140.71814562,141.60280056,144.62658015,3353977,658535488.0,0.293694,-2.0907
2015-03-18,贵州茅台,600519,142.7049936,145.01814873,141.77683104,144.62658015,142.68323979,3930446,778884992.0,0.344173,1.362
2015-03-17,贵州茅台,600519,141.39251373,144.07548363,141.32000103,142.68323979,140.50060752,4590408,903712736.0,0.401963,1.5535
2015-03-16,贵州茅台,600519,137.81763762,141.0372015,135.60600027,140.50060752,137.70886857,3116097,597313680.0,0.272864,2.0273
2015-03-13,贵州茅台,600519,139.7319729,140.6021253,136.74444966,137.70886857,139.76822925,2547927,486997360.0,0.223111,-1.4734
2015-03-12,贵州茅台,600519,139.949511,142.11764073,138.7893078,139.76822925,139.20988146,3849640,747203168.0,0.337097,0.4011
2015-03-11,贵州茅台,600519,136.20060441,139.949511,136.1788506,139.20988146,136.20060441,4058339,778418704.0,0.355372,2.2094
2015-03-10,贵州茅台,600519,138.45574938,138.8618205,135.80178456,136.20060441,138.90532812,2963706,561292480.0,0.259519,-1.9472
2015-03-09,贵州茅台,600519,134.7285966,139.94225973,133.2783426,138.90532812,133.14781974,4348603,815432192.0,0.380789,4.3241
2015-03-06,贵州茅台,600519,134.40228945,135.22168296,132.89402529,133.14781974,134.52556104,2547066,471454752.0,0.223036,-1.0242
2015-03-05,贵州茅台,600519,134.15574627,135.62050281,133.45962435,134.52556104,135.73652313,3620624,670609776.0,0.317043,-0.8921
2015-03-04,贵州茅台,600519,135.59149773,136.33112727,133.8584442,135.73652313,134.83736565,4066223,757815040.0,0.356062,0.6668
2015-03-03,贵州茅台,600519,137.2665411,139.224384,134.26451532,134.83736565,138.30347271,4299960,812905776.0,0.37653,-2.5062
2015-03-02,贵州茅台,600519,138.3542316,140.5296126,137.049003,138.30347271,138.53551335,3109870,592027088.0,0.272318,-0.1675
2015-02-27,贵州茅台,600519,135.5262363,141.0372015,135.4537236,138.53551335,135.33770328,6337094,1217723184.0,0.554913,2.3628
2015-02-26,贵州茅台,600519,133.2783426,136.60667553,133.09706085,135.33770328,133.39436292,6229772,1163369600.0,0.545515,1.4568
2015-02-25,贵州茅台,600519,132.698241,134.6560839,131.32775097,133.39436292,132.13264194,5993512,1104113264.0,0.524827,0.9549
2015-02-17,贵州茅台,600519,133.09706085,133.34360403,131.90785257,132.13264194,132.92303037,3417255,624854080.0,0.299235,-0.5946
2015-02-16,贵州茅台,600519,132.36468258,133.15507101,131.40751494,132.92303037,132.32842623,3952108,722512096.0,0.34607,0.4493
2015-02-13,贵州茅台,600519,133.50313197,133.7859315,131.5380378,132.32842623,133.11156339,4012705,734977408.0,0.351376,-0.5883
2015-02-12,贵州茅台,600519,133.41611673,133.77868023,131.98036527,133.11156339,132.80701005,2505098,458818624.0,0.219361,0.2293
2015-02-11,贵州茅台,600519,132.2631648,133.60464975,132.03112416,132.80701005,132.61122576,2289479,420358864.0,0.20048,0.1476
2015-02-10,贵州茅台,600519,134.0034696,134.2935204,131.57429415,132.61122576,133.6409061,5363887,984795856.0,0.469693,-0.7705
2015-02-09,贵州茅台,600519,127.45557279,134.2210077,126.897225,133.6409061,126.6071742,8729358,1584342288.0,0.764393,5.5556
2015-02-06,贵州茅台,600519,126.63617928,127.9849155,125.8820472,126.6071742,126.20835435,3710238,648205632.0,0.32489,0.316
2015-02-05,贵州茅台,600519,129.77597919,131.1754743,126.172098,126.20835435,128.52876075,4123962,735861120.0,0.361118,-1.8054
2015-02-04,贵州茅台,600519,129.90650205,132.03112416,128.347479,128.52876075,129.34090299,3529371,634135328.0,0.309052,-0.6279
2015-02-03,贵州茅台,600519,128.69553996,129.54393855,127.7673774,129.34090299,126.76670214,2779280,493512560.0,0.24337,2.0307
2015-02-02,贵州茅台,600519,127.26703977,127.9124028,125.8095345,126.76670214,128.47800186,3398336,593379648.0,0.297578,-1.332
2015-01-30,贵州茅台,600519,128.34022773,131.247987,127.9849155,128.47800186,127.73112105,4750834,848744496.0,0.416011,0.5847
2015-01-29,贵州茅台,600519,127.7673774,129.072606,126.897225,127.73112105,128.68828869,3249254,571553424.0,0.284524,-0.7438
2015-01-28,贵州茅台,600519,129.797733,130.8129108,128.5650171,128.68828869,130.60262397,3068066,547979152.0,0.268658,-1.4658
2015-01-27,贵州茅台,600519,132.56771814,132.56771814,129.072606,130.60262397,132.5532156,4188362,755025856.0,0.366757,-1.4716
2015-01-26,贵州茅台,600519,131.7555759,133.0608045,131.28424335,132.5532156,131.26248954,3564906,650642096.0,0.312164,0.9833
2015-01-23,贵州茅台,600519,130.60987524,132.90127656,130.60262397,131.26248954,131.41476621,3308455,600627344.0,0.289708,-0.1159
2015-01-22,贵州茅台,600519,132.24141099,133.68441372,130.52286,131.41476621,132.23415972,3825481,696541248.0,0.334981,-0.6197
2015-01-21,贵州茅台,600519,129.26839029,132.6257283,128.4925044,132.23415972,129.13061616,5267474,950750400.0,0.461251,2.4034
2015-01-20,贵州茅台,600519,127.63685454,130.8854235,125.446971,129.13061616,127.24528596,6102274,1086018448.0,0.534351,1.4817
2015-01-19,贵州茅台,600519,131.247987,132.8432664,124.33752669,127.24528596,134.95338597,6467937,1151544272.0,0.56637,-5.7117
2015-01-16,贵州茅台,600519,135.0186474,136.323876,134.85911946,134.95338597,134.92438089,3997806,746304288.0,0.350071,0.0215
2015-01-15,贵州茅台,600519,133.34360403,135.1636728,132.32117496,134.92438089,132.82876386,4858552,895503104.0,0.425443,1.5777
2015-01-14,贵州茅台,600519,134.148495,135.2361855,131.16097176,132.82876386,134.06147976,5240344,965036192.0,0.458875,-0.9195
2015-01-13,贵州茅台,600519,135.598749,136.71544458,133.8584442,134.06147976,135.18542661,3670808,683429632.0,0.321437,-0.8314
2015-01-12,贵州茅台,600519,137.77413,139.65220893,133.75692642,135.18542661,137.99891937,4991459,934643408.0,0.437081,-2.0388
2015-01-09,贵州茅台,600519,138.0641808,141.95811279,137.85389397,137.99891937,139.05035352,5398220,1039955152.0,0.4727,-0.7562
2015-01-08,贵州茅台,600519,140.674638,141.05170404,137.87564778,139.05035352,139.90600338,4052530,777874672.0,0.354863,-0.6116
2015-01-07,贵州茅台,600519,142.15389708,144.6628365,137.76687873,139.90600338,143.45187441,5479784,1063925648.0,0.479842,-2.4718
2015-01-06,贵州茅台,600519,145.0254,146.88172512,142.13939454,143.45187441,146.85272004,5502001,1094977376.0,0.481787,-2.3158
2015-01-05,贵州茅台,600519,137.49858174,148.09993848,136.82421363,146.85272004,137.49858174,9451517,1875063136.0,0.82763,6.8031
2014-12-31,贵州茅台,600519,134.5835712,137.77413,134.148495,137.49858174,135.48272868,4626936,871581696.0,0.405161,1.4879
2014-12-30,贵州茅台,600519,132.698241,136.30937346,132.32117496,135.48272868,133.04630196,5617110,1043215632.0,0.491867,1.8313
2014-12-29,贵州茅台,600519,136.3963887,137.77413,131.973114,133.04630196,136.01207139,8983865,1678243808.0,0.78668,-2.1805
2014-12-26,贵州茅台,600519,134.21375643,137.049003,132.698241,136.01207139,134.75035041,4267749,793340608.0,0.373709,0.9363
2014-12-25,贵州茅台,600519,132.80701005,134.873622,131.25523827,134.75035041,132.74174862,4407168,806958768.0,0.385917,1.5132
2014-12-24,贵州茅台,600519,136.323876,139.0793586,131.01594636,132.74174862,136.94748522,6355459,1187206208.0,0.556521,-3.0711
2014-12-23,贵州茅台,600519,133.26384006,140.30482323,131.98036527,136.94748522,133.4958807,8565082,1611272912.0,0.750008,2.5855
2014-12-22,贵州茅台,600519,130.26906555,133.63365483,127.53533676,133.4958807,131.11746414,7362381,1327712480.0,0.644693,1.814
2014-12-19,贵州茅台,600519,129.84124062,131.95861146,129.072606,131.11746414,130.04427618,4963106,892730640.0,0.434598,0.8253
2014-12-18,贵州茅台,600519,130.29807063,132.1181394,129.797733,130.04427618,129.84849189,3856750,695500784.0,0.33772,0.1508
2014-12-17,贵州茅台,600519,130.51560873,131.57429415,128.9275806,129.84849189,130.97969001,6002047,1071735184.0,0.525574,-0.8636
2014-12-16,贵州茅台,600519,133.2058299,133.2058299,129.15236997,130.97969001,133.45237308,5112944,918180192.0,0.447719,-1.8529
2014-12-15,贵州茅台,600519,128.0574282,133.4958807,127.20902961,133.45237308,128.05017693,7096432,1281924240.0,0.621405,4.2188
2014-12-12,贵州茅台,600519,128.18795106,131.24073573,127.622352,128.05017693,127.54258803,5105516,911591088.0,0.447069,0.398
2014-12-11,贵州茅台,600519,130.52286,131.92960638,127.10751183,127.54258803,130.46484984,5488215,975885696.0,0.48058,-2.2399
2014-12-10,贵州茅台,600519,126.897225,133.0608045,126.897225,130.46484984,125.34545322,10665611,1919193472.0,0.933943,4.0842
2014-12-09,贵州茅台,600519,124.721844,135.32320074,124.3592805,125.34545322,125.42521719,15189028,2713372288.0,1.33004,-0.0636
2014-12-08,贵州茅台,600519,122.43044268,127.97766423,121.2412344,125.42521719,123.93870684,10089431,1731248496.0,0.883489,1.1994
2014-12-05,贵州茅台,600519,129.06535473,129.76872792,122.2564122,123.93870684,126.26636451,11290144,1943937520.0,0.988631,-1.8435
2014-12-04,贵州茅台,600519,120.7336455,126.5346615,120.7336455,126.26636451,119.52268341,11778143,2020248736.0,1.031363,5.6422
2014-12-03,贵州茅台,600519,117.78962988,122.0388741,117.73161972,119.52268341,116.84696478,11732264,1936848368.0,1.027345,2.2899
2014-12-02,贵州茅台,600519,115.33144935,116.8904724,114.75134775,116.84696478,116.06382762,9926819,1588412352.0,0.86925,0.6747
2014-12-01,贵州茅台,600519,113.53313439,116.745447,113.119812,116.06382762,113.00379168,12174001,1932844688.0,1.066026,2.7079
2014-11-28,贵州茅台,600519,113.53313439,113.53313439,111.06770259,113.00379168,113.61289836,8828818,1363855088.0,0.773103,-0.5361
2014-11-27,贵州茅台,600519,112.394685,114.00446694,111.669558,113.61289836,113.08355565,9655151,1508603312.0,0.845461,0.4681
2014-11-26,贵州茅台,600519,112.1046342,113.38085772,111.58979403,113.08355565,112.13363928,6385897,990302240.0,0.559186,0.8471
2014-11-25,贵州茅台,600519,111.24898434,112.28591595,110.7994056,112.13363928,111.63330165,5323130,816840944.0,0.466124,0.4482
2014-11-24,贵州茅台,600519,111.58254276,112.394685,110.219304,111.63330165,111.03869751,5387899,828662512.0,0.471796,0.5355
2014-11-21,贵州茅台,600519,109.17512112,111.0894564,108.9140754,111.03869751,109.26213636,4199078,638007376.0,0.367696,1.626
2014-11-20,贵州茅台,600519,110.85741576,110.88642084,109.12436223,109.26213636,110.99518989,4625841,698848960.0,0.405066,-1.5614
2014-11-19,贵州茅台,600519,112.80800739,112.86601755,110.66163147,110.99518989,112.86601755,4629074,710715296.0,0.405349,-1.6576
2014-11-18,贵州茅台,600519,116.745447,117.34005114,112.394685,112.86601755,116.05657635,6349780,1001883696.0,0.556024,-2.7491
2014-11-17,贵州茅台,600519,121.821336,121.821336,116.02032,116.05657635,114.05522583,15041623,2451673888.0,1.317132,1.7547
2014-11-14,贵州茅台,600519,109.90024812,114.30176901,109.42891557,114.05522583,109.91475066,7522508,1168803280.0,0.658715,3.767
2014-11-13,贵州茅台,600519,110.74139544,110.74864671,108.53700936,109.91475066,110.86466703,4915556,739602880.0,0.430435,-0.8568
2014-11-12,贵州茅台,600519,110.92992846,111.37225593,108.9140754,110.86466703,111.19822545,3082375,467531856.0,0.269911,-0.3
2014-11-11,贵州茅台,600519,111.8870961,112.5397104,110.22655527,111.19822545,111.50277879,4770689,733026112.0,0.417749,-0.2731
2014-11-10,贵州茅台,600519,108.76905,111.51003006,108.043923,111.50277879,107.34780108,6232521,945032816.0,0.545756,3.8706
2014-11-07,贵州茅台,600519,106.71694059,107.5363341,106.67343297,107.34780108,106.70243805,4150731,613638080.0,0.363462,0.6048
2014-11-06,贵州茅台,600519,105.97731105,106.94898123,105.87579327,106.70243805,105.97731105,3636297,533913216.0,0.318415,0.6842
2014-11-05,贵州茅台,600519,109.53043335,109.53043335,105.5059785,105.97731105,109.77697653,7671979,1131348480.0,0.671803,-3.4613
2014-11-04,贵州茅台,600519,112.74999723,112.74999723,109.494177,109.77697653,112.81525866,5594390,854409056.0,0.489877,-2.6931
2014-11-03,贵州茅台,600519,113.66365725,113.75792376,112.72099215,112.81525866,113.61289836,2467006,384677504.0,0.216025,-0.7021
2014-10-31,贵州茅台,600519,112.73549469,113.7724263,111.92335245,113.61289836,112.69923834,3642170,567067440.0,0.31893,0.8107
2014-10-30,贵州茅台,600519,114.570066,114.570066,112.4671977,112.69923834,114.7876041,4908702,764742336.0,0.429835,-1.8193
2014-10-29,贵州茅台,600519,115.1501676,115.70126412,114.19299996,114.7876041,115.10665998,2142344,339064784.0,0.187596,-0.2772
2014-10-28,贵州茅台,600519,114.07697964,115.3677057,113.97546186,115.10665998,114.2075025,2054841,325762192.0,0.179934,0.7873
2014-10-27,贵州茅台,600519,113.82318519,115.3677057,112.31492103,114.2075025,115.20817776,2797069,439570896.0,0.244928,-0.8686
2014-10-24,贵州茅台,600519,115.25893665,115.94055603,114.34527663,115.20817776,115.33144935,1998007,317073600.0,0.174957,-0.1069
2014-10-23,贵州茅台,600519,114.98338839,116.22335556,114.49030203,115.33144935,115.35320316,3191734,508245984.0,0.279487,-0.0189
2014-10-22,贵州茅台,600519,114.88912188,115.62875142,114.2075025,115.35320316,114.90362442,2283641,363211440.0,0.199969,0.3913
2014-10-21,贵州茅台,600519,113.844939,115.54173618,113.5548882,114.90362442,113.78692884,3991128,632422368.0,0.349486,0.9814
2014-10-20,贵州茅台,600519,114.84561426,114.9326295,113.4098628,113.78692884,114.84561426,3291008,517853728.0,0.28818,-0.9218
2014-10-17,贵州茅台,600519,114.570066,115.33144935,113.7724263,114.84561426,114.07697964,3097659,489885680.0,0.271249,0.6738
2014-10-16,贵州茅台,600519,113.1923247,114.70784013,113.1923247,114.07697964,114.07697964,2394969,377655664.0,0.209717,0.0
2014-10-15,贵州茅台,600519,112.21340325,114.26551266,112.18439817,114.07697964,112.32942357,2223805,348033856.0,0.194729,1.5557
2014-10-14,贵州茅台,600519,112.394685,113.83768773,111.98861388,112.32942357,113.1923247,2889594,449942592.0,0.25303,-0.7623
2014-10-13,贵州茅台,600519,114.43229187,114.48305076,111.43751736,113.1923247,115.30969554,5317638,826349744.0,0.465643,-1.8362
2014-10-10,贵州茅台,600519,115.30969554,115.8752946,114.3525279,115.30969554,116.02757127,4314771,684789408.0,0.377826,-0.6187
2014-10-09,贵州茅台,600519,115.92605349,116.20160175,114.99063966,116.02757127,116.54966271,3624491,578151792.0,0.317382,-0.448
2014-10-08,贵州茅台,600519,116.745447,116.8179597,114.4250406,116.54966271,117.56484051,4565282,725030224.0,0.399763,-0.8635
2014-09-30,贵州茅台,600519,118.00716798,118.18844973,116.8904724,117.56484051,117.81138369,2157419,349657792.0,0.188916,-0.2093
2014-09-29,贵州茅台,600519,117.70986591,118.3407264,117.02824653,117.81138369,117.69536337,2348859,381683088.0,0.20568,0.0986
2014-09-26,贵州茅台,600519,117.1080105,118.28271624,115.4402184,117.69536337,117.60834813,2271665,366907280.0,0.19892,0.074
2014-09-25,贵州茅台,600519,116.68743684,118.90632546,116.6729343,117.60834813,116.15809413,5685144,924878320.0,0.497824,1.2485
2014-09-24,贵州茅台,600519,113.47512423,116.3828835,112.8297612,116.15809413,114.19299996,4344896,687426592.0,0.380464,1.7209
2014-09-23,贵州茅台,600519,113.6274009,114.2075025,113.38085772,114.19299996,113.80143138,3454611,541705824.0,0.302506,0.3441
2014-09-22,贵州茅台,600519,116.53516017,116.53516017,113.72891868,113.80143138,116.63667795,3719154,586709104.0,0.325671,-2.4308
2014-09-19,贵州茅台,600519,115.47647475,116.73094446,114.9326295,116.63667795,115.47647475,2266599,362408976.0,0.198477,1.0047
2014-09-18,贵州茅台,600519,114.58456854,115.57074126,113.90294916,115.47647475,114.73684521,2648204,418431984.0,0.231892,0.6446
2014-09-17,贵州茅台,600519,114.91087569,115.68676158,114.09148218,114.73684521,114.17849742,2584128,408684992.0,0.226281,0.489
2014-09-16,贵州茅台,600519,116.3828835,116.4553962,113.85944154,114.17849742,115.59249507,3482315,551314384.0,0.304932,-1.2233
2014-09-15,贵州茅台,600519,117.3980613,117.40531257,115.1501676,115.59249507,117.79688115,3254386,519621408.0,0.284973,-1.8713
2014-09-12,贵州茅台,600519,117.10075923,117.94190655,116.25236064,117.79688115,117.45607146,1735601,280548672.0,0.151979,0.2902
2014-09-11,贵州茅台,600519,118.82656149,119.51543214,117.09350796,117.45607146,118.85556657,3187554,519406672.0,0.279121,-1.1775
2014-09-10,贵州茅台,600519,118.7032899,119.645955,118.20295227,118.85556657,118.97883816,1786772,293245984.0,0.15646,-0.1036
2014-09-09,贵州茅台,600519,121.56754155,121.79958219,118.920828,118.97883816,121.46602377,2056281,339388096.0,0.18006,-2.0476
2014-09-05,贵州茅台,600519,120.1535439,121.93735632,119.79823167,121.46602377,119.68946262,3473195,579714720.0,0.304133,1.4843
2014-09-04,贵州茅台,600519,119.4284169,120.32757438,118.68878736,119.68946262,119.51543214,2397587,395280320.0,0.209947,0.1456
2014-09-03,贵州茅台,600519,117.89114766,121.40076234,117.87664512,119.51543214,117.87664512,4204225,695551840.0,0.368146,1.3903
2014-09-02,贵州茅台,600519,115.15741887,117.93465528,114.59181981,117.87664512,114.89637315,4124613,664712704.0,0.361175,2.5939
2014-09-01,贵州茅台,600519,114.7150914,115.6577565,114.35977917,114.89637315,114.73684521,1645024,260760134.0,0.144048,0.139
2014-08-29,贵州茅台,600519,113.119812,114.99789093,112.394685,114.73684521,113.13431454,2383883,375517440.0,0.208747,1.4165
2014-08-28,贵州茅台,600519,113.119812,114.83111172,113.119812,113.13431454,113.38810899,1761803,276811136.0,0.154274,-0.2238
2014-08-27,贵州茅台,600519,114.36703044,114.41053806,113.25033486,113.38810899,114.36703044,1382867,216703370.0,0.121092,-0.856
2014-08-26,贵州茅台,600519,114.9326295,115.59974634,113.81593392,114.36703044,115.11391125,1658960,261850709.0,0.145268,-0.6488
2014-08-25,贵州茅台,600519,115.49097729,116.12908905,114.7876041,115.11391125,115.49097729,1537672,244745466.0,0.134648,-0.3265
2014-08-22,贵州茅台,600519,116.02032,116.30311953,115.11391125,115.49097729,115.99856619,1863671,297023440.0,0.163194,-0.4376
2014-08-21,贵州茅台,600519,117.470574,117.70261464,115.295193,115.99856619,117.470574,1887273,301791008.0,0.165261,-1.2531
2014-08-20,贵州茅台,600519,115.10665998,117.51408162,114.9326295,117.470574,115.06315236,3708495,596509536.0,0.324737,2.0923
2014-08-19,贵州茅台,600519,115.83903825,115.83903825,114.89637315,115.06315236,115.83903825,3209577,509709616.0,0.281049,-0.6698
2014-08-18,贵州茅台,600519,117.470574,117.6881121,115.3677057,115.83903825,117.13701558,4169827,667452064.0,0.365134,-1.1081
2014-08-15,贵州茅台,600519,117.6155994,117.82588623,116.83971351,117.13701558,117.07900542,2180268,352476096.0,0.190917,0.0495
2014-08-14,贵州茅台,600519,117.48507654,118.51475688,116.94848256,117.07900542,117.82588623,2295894,373085472.0,0.201042,-0.6339
2014-08-13,贵州茅台,600519,117.49957908,119.48642706,116.6004216,117.82588623,117.49957908,3445403,560675712.0,0.3017,0.2777
2014-08-12,贵州茅台,600519,117.33279987,118.01441925,116.12908905,117.49957908,118.24645989,1960436,316255856.0,0.171667,-0.6316
2014-08-11,贵州茅台,600519,117.81863496,118.3407264,117.11526177,118.24645989,117.57209178,2007072,326555328.0,0.175751,0.5736
2014-08-08,贵州茅台,600519,117.44156892,118.43499291,115.8752946,117.57209178,116.4553962,2381942,384676144.0,0.208577,0.9589
2014-08-07,贵州茅台,600519,118.2682137,119.20362753,116.3828835,116.4553962,118.42774164,2539649,411237184.0,0.222386,-1.6654
2014-08-06,贵州茅台,600519,119.5009296,120.21155406,117.470574,118.42774164,120.55236375,2031723,332041712.0,0.17791,-1.7624
2014-08-05,贵州茅台,600519,118.920828,120.84966582,117.23128209,120.55236375,119.2108788,3835797,627210400.0,0.335885,1.1253
2014-08-04,贵州茅台,600519,118.195701,120.09553374,117.68086083,119.2108788,118.18119846,3884820,637175456.0,0.340177,0.8713
2014-08-01,贵州茅台,600519,116.14359159,119.1383661,115.74477174,118.18119846,116.21610429,4325999,704961968.0,0.37881,1.6909
2014-07-31,贵州茅台,600519,114.78035283,116.29586826,113.81593392,116.21610429,114.93988077,2520631,400860672.0,0.220721,1.1103
2014-07-30,贵州茅台,600519,116.55691398,116.55691398,113.4823755,114.93988077,116.78895462,5487629,865210176.0,0.480529,-1.5833
2014-07-29,贵州茅台,600519,119.1383661,119.1383661,116.20885302,116.78895462,119.10210975,3601700,580708800.0,0.315386,-1.9422
2014-07-28,贵州茅台,600519,119.08760721,121.81408473,118.13769084,119.10210975,118.83381276,4296899,706875696.0,0.376262,0.2258
2014-07-25,贵州茅台,600519,118.920828,120.40733835,116.78895462,118.83381276,118.58001831,2783358,454235008.0,0.243727,0.214
2014-07-24,贵州茅台,600519,118.74679752,122.6189757,117.6881121,118.58001831,118.84106403,3568240,595593136.0,0.312456,-0.2197
2014-07-23,贵州茅台,600519,117.470574,119.645955,117.1805232,118.84106403,118.3407264,2783633,455655824.0,0.243751,0.4228
2014-07-22,贵州茅台,600519,115.7302692,118.920828,115.7302692,118.3407264,116.73094446,2982062,483906544.0,0.261127,1.3791
2014-07-21,贵州茅台,600519,116.30311953,118.10868576,114.99789093,116.73094446,116.73094446,3014322,485174688.0,0.263952,0.0
2014-07-18,贵州茅台,600519,111.37225593,119.645955,110.7268929,116.73094446,111.48827625,7489691,1200093424.0,0.655841,4.7024
2014-07-17,贵州茅台,600519,111.73481943,112.79350485,110.219304,111.48827625,112.08288039,2019117,309501856.0,0.176806,-0.5305
2014-07-16,贵州茅台,600519,111.56078895,113.68541106,111.56078895,112.08288039,111.53178387,2445933,379071456.0,0.21418,0.4941
2014-07-15,贵州茅台,600519,108.12368697,114.570066,108.12368697,111.53178387,108.60227079,5878798,913284352.0,0.514782,2.6975
2014-07-14,贵州茅台,600519,102.87376749,109.41441303,102.6054705,108.60227079,102.87376749,4653481,684819808.0,0.407486,5.5685
2014-07-11,贵州茅台,600519,102.58371669,103.75842243,102.32992224,102.87376749,102.27191208,1843286,262292694.0,0.161409,0.5885
2014-07-10,贵州茅台,600519,102.32992224,102.84476241,101.9528562,102.27191208,102.41693748,1215988,171762392.0,0.106479,-0.1416
2014-07-09,贵州茅台,600519,102.968034,103.59889449,102.25740954,102.41693748,103.09855686,1432860,203120918.0,0.12547,-0.6611
2014-07-08,贵州茅台,600519,104.4908007,104.54155959,102.25740954,103.09855686,104.53430832,2109160,299615520.0,0.18469,-1.3735
2014-07-07,贵州茅台,600519,103.5481356,104.62132356,103.12031067,104.53430832,103.92520164,2287987,327900736.0,0.200349,0.5861
2014-07-04,贵州茅台,600519,103.9832118,104.54881086,103.49012544,103.92520164,103.88169402,1540280,220860905.0,0.134876,0.0419
2014-07-03,贵州茅台,600519,103.12031067,103.9832118,102.5329578,103.88169402,103.02604416,1933167,275808352.0,0.169279,0.8305
2014-07-02,贵州茅台,600519,102.98978781,103.22182845,102.242907,103.02604416,102.80125479,1206848,171127803.0,0.105679,0.2187
2014-07-01,贵州茅台,600519,103.39585893,103.39585893,102.0978816,102.80125479,102.95353146,1194668,168987424.0,0.104612,-0.1479
2014-06-30,贵州茅台,600519,102.37342986,103.61339703,101.8078308,102.95353146,101.79332826,2439950,345879984.0,0.213656,1.1398
2014-06-27,贵州茅台,600519,102.54746034,102.54746034,100.95218094,101.79332826,102.70698828,2647792,371027136.0,0.231856,-0.8896
2014-06-26,贵州茅台,600519,103.13481321,103.67865846,102.54020907,102.70698828,103.13481321,3634851,515915136.0,0.318289,-0.4148
2014-06-25,贵州茅台,600519,105.38270691,105.38270691,102.6054705,103.13481321,104.94037944,3817111,546556384.0,0.334248,-1.7206
2014-06-24,贵州茅台,600519,100.48144044,105.0878556,100.4365311,104.94029634,100.28255622,3853263,621636112.0,0.371156,4.6446
2014-06-23,贵州茅台,600519,98.479767,100.32746556,98.38994832,100.28255622,98.27446716,2898385,449611776.0,0.279179,2.0434
2014-06-20,贵州茅台,600519,97.9665174,98.5439232,97.72272384,98.27446716,97.98576426,1201940,183993516.0,0.115774,0.2946
2014-06-19,贵州茅台,600519,98.51826072,98.9288604,97.838205,97.98576426,98.53109196,1155144,176868338.0,0.111266,-0.5535
2014-06-18,贵州茅台,600519,98.6722356,99.0892509,98.4156108,98.53109196,98.28088278,1402456,215965707.0,0.135088,0.2546
2014-06-17,贵州茅台,600519,98.9930166,98.9930166,97.6457364,98.28088278,99.07000404,1636486,250297887.0,0.15763,-0.7965
2014-06-16,贵州茅台,600519,98.0948298,99.30096636,97.7740488,99.07000404,98.03708922,1623790,249568876.0,0.156407,1.0536
2014-06-13,贵州茅台,600519,97.96010178,98.69148246,96.97851192,98.03708922,97.92160806,1697046,259337717.0,0.163464,0.1179
2014-06-12,贵州茅台,600519,98.84545734,98.84545734,97.59441144,97.92160806,98.76205428,1149960,175855795.0,0.110767,-0.851
2014-06-11,贵州茅台,600519,99.2817195,99.68590356,98.29371402,98.76205428,99.3137976,1078145,166086241.0,0.10385,-0.5556
2014-06-10,贵州茅台,600519,98.3193765,99.62816298,98.3193765,99.3137976,98.30654526,1930551,298186720.0,0.185955,1.0246
2014-06-09,贵州茅台,600519,97.7098926,99.0571728,97.7098926,98.30654526,98.53750758,1003481,154198989.0,0.096658,-0.2344
2014-06-06,贵州茅台,600519,99.23681016,99.8591253,97.70347698,98.53750758,99.29455074,947745,145936330.0,0.091289,-0.7624
2014-06-05,贵州茅台,600519,96.95284944,99.44211,95.80445346,99.29455074,96.9720963,2067863,314507728.0,0.199182,2.395
2014-06-04,贵州茅台,600519,98.15257038,98.40277956,96.24713124,96.9720963,98.01142674,1049431,158991999.0,0.101084,-1.0604
2014-06-03,贵州茅台,600519,98.158986,99.121329,97.6778145,98.01142674,98.30012964,1304848,199563914.0,0.125686,-0.2937
2014-05-30,贵州茅台,600519,98.9609385,99.62174736,98.17181724,98.30012964,98.98660098,921765,141927539.0,0.088787,-0.6935
2014-05-29,贵州茅台,600519,98.62732626,100.03876266,98.45410452,98.98660098,98.76205428,1010682,156525431.0,0.097351,0.2274
2014-05-28,贵州茅台,600519,98.08841418,99.44211,98.0306736,98.76205428,98.2872984,1250197,192903907.0,0.120422,0.483
2014-05-27,贵州茅台,600519,98.158986,99.9232815,98.06916732,98.2872984,98.52467634,1303507,201097681.0,0.125557,-0.2409
2014-05-26,贵州茅台,600519,99.3779538,99.3779538,98.0627517,98.52467634,97.7098926,891056,137024228.0,0.085829,0.8339
2014-05-23,贵州茅台,600519,96.2343,98.01784236,96.22146876,97.7098926,96.2663781,1400963,212338047.0,0.134944,1.4995
2014-05-22,贵州茅台,600519,96.8117058,98.5439232,96.0097533,96.2663781,96.875862,1867894,281907872.0,0.17992,-0.6291
2014-05-21,贵州茅台,600519,92.4490842,97.29929292,92.3528499,96.875862,93.01365876,3873787,575063792.0,0.373133,4.1523
2014-05-20,贵州茅台,600519,95.0153322,95.87502528,92.1283032,93.01365876,94.93834476,4688591,682615744.0,0.451616,-2.0273
2014-05-19,贵州茅台,600519,97.838205,98.158986,94.91268228,94.93834476,99.54475992,5625009,838456336.0,0.541814,-4.6275
2014-05-16,贵州茅台,600519,100.1799063,100.7893902,99.23039454,99.54475992,100.1799063,1846730,286938912.0,0.177881,-0.634
2014-05-15,贵州茅台,600519,99.42927876,100.77655896,99.121329,100.1799063,99.61533174,1698338,264995351.0,0.163588,0.5667
2014-05-14,贵州茅台,600519,102.64350438,103.24657266,98.80696362,99.61533174,103.12467588,3401655,534826240.0,0.327656,-3.403
2014-05-13,贵州茅台,600519,103.14392274,103.68283482,102.36763272,103.12467588,103.23374142,1593936,256197646.0,0.153532,-0.1056
2014-05-12,贵州茅台,600519,104.11909698,104.1255126,102.329139,103.23374142,103.04768844,2619478,420667488.0,0.252314,0.1806
2014-05-09,贵州茅台,600519,103.07335092,104.1255126,102.8423886,103.04768844,103.07976654,1672145,269803728.0,0.161065,-0.0311
2014-05-08,贵州茅台,600519,103.1631696,104.24740938,102.91937604,103.07976654,103.07335092,1469786,237490046.0,0.141573,0.0062
2014-05-07,贵州茅台,600519,103.68283482,103.68283482,102.3932952,103.07335092,103.15675398,1196073,192090276.0,0.115209,-0.0808
2014-05-06,贵州茅台,600519,102.64992,104.3821374,102.64992,103.15675398,102.8103105,1362295,219512505.0,0.13122,0.337
2014-05-05,贵州茅台,600519,104.895387,104.895387,100.77655896,102.8103105,105.13918056,3674347,585326688.0,0.353922,-2.215
2014-04-30,贵州茅台,600519,105.1840899,105.40222098,104.27307186,105.13918056,104.95312758,1922066,314017280.0,0.185138,0.1773
2014-04-29,贵州茅台,600519,104.4462936,106.16567976,104.23457814,104.95312758,104.43987798,2799649,459181200.0,0.269669,0.4914
2014-04-28,贵州茅台,600519,103.98436896,105.57544272,102.52802322,104.43987798,105.65884578,3302860,535511088.0,0.318139,-1.1537
2014-04-25,贵州茅台,600519,107.76958476,107.782416,103.79831598,105.65884578,112.76093712,9587743,1581409280.0,0.923515,-6.2984
2014-04-24,贵州茅台,600519,113.0111463,113.37042102,111.4393194,112.76093712,112.95340572,1258135,220213004.0,0.121187,-0.1704
2014-04-23,贵州茅台,600519,110.39998896,113.22927738,110.36791086,112.95340572,110.43206706,3375573,592119536.0,0.325143,2.2832
2014-04-22,贵州茅台,600519,110.348664,112.35675306,110.04071424,110.43206706,110.3807421,2234496,387206384.0,0.215232,0.0465
2014-04-21,贵州茅台,600519,111.63820362,112.90208076,110.348664,110.3807421,112.47223422,1833379,318935968.0,0.176595,-1.8596
2014-04-18,贵州茅台,600519,112.27335,114.05047674,111.1826946,112.47223422,112.4016624,1960146,344825520.0,0.188806,0.0628
2014-04-17,贵州茅台,600519,109.5787896,112.914912,109.20026802,112.4016624,109.71993324,2974441,517914688.0,0.286505,2.4442
2014-04-16,贵州茅台,600519,111.4393194,111.99106272,109.18743678,109.71993324,111.94615338,2204062,379301952.0,0.212301,-1.9887
2014-04-15,贵州茅台,600519,111.1185384,112.83150894,111.1185384,111.94615338,111.86275032,2588021,452432800.0,0.249284,0.0746
2014-04-14,贵州茅台,600519,112.0808814,113.75535822,110.990226,111.86275032,112.96623696,2682436,469646912.0,0.258379,-0.9768
2014-04-11,贵州茅台,600519,110.348664,115.2245352,110.348664,112.96623696,108.75117462,9022579,1593651872.0,0.869077,3.8759
2014-04-10,贵州茅台,600519,104.74782774,109.71993324,102.329139,108.75117462,104.7991527,5417787,897611264.0,0.521854,3.771
2014-04-09,贵州茅台,600519,105.87056124,106.90347606,104.01644706,104.7991527,105.56261148,2161889,354031808.0,0.208238,-0.7232
2014-04-08,贵州茅台,600519,105.16484304,106.12718604,103.29789762,105.56261148,105.25466172,2592749,423934496.0,0.24974,0.2926
2014-04-04,贵州茅台,600519,105.6331833,106.0501986,103.291482,105.25466172,106.05661422,2320651,377896960.0,0.223531,-0.7562
2014-04-03,贵州茅台,600519,107.50012872,107.58353178,104.895387,106.05661422,106.26832968,2691848,444348448.0,0.259285,-0.1992
2014-04-02,贵州茅台,600519,104.40779988,108.84740892,103.31072886,106.26832968,104.24740938,4669833,777378720.0,0.44981,1.9386
2014-04-01,贵州茅台,600519,99.25605702,104.2859031,99.0571728,104.24740938,99.2496414,3404689,544622704.0,0.327948,5.0356
2014-03-31,贵州茅台,600519,97.52383962,100.96902756,97.517424,99.2496414,97.92802368,3058360,473939136.0,0.294589,1.3496
2014-03-28,贵州茅台,600519,101.25131484,102.00194238,96.88227762,97.92802368,101.14866492,4827296,740132768.0,0.464977,-3.1841
2014-03-27,贵州茅台,600519,101.14866492,103.1631696,100.3402968,101.14866492,101.68116138,3804459,603835728.0,0.366455,-0.5237
2014-03-26,贵州茅台,600519,105.9218862,106.56986382,101.59775832,101.68116138,107.01895722,5737639,927285408.0,0.552663,-4.9877
2014-03-25,贵州茅台,600519,108.0390408,108.0390408,99.82063158,107.01895722,109.89315498,6240383,1024298848.0,0.601089,-2.6154
2014-03-24,贵州茅台,600519,109.707102,112.74169026,109.0013838,109.89315498,109.9637268,2632092,453477904.0,0.253529,-0.0642
2014-03-21,贵州茅台,600519,108.06470328,110.33583276,106.178511,109.9637268,108.53945916,4031881,680945760.0,0.38836,1.3122
2014-03-20,贵州茅台,600519,111.8242566,111.952569,108.423978,108.53945916,111.86916594,3389521,579777920.0,0.326487,-2.9764
2014-03-19,贵州茅台,600519,109.0013838,112.27335,108.423978,111.86916594,109.91240184,3536579,613576544.0,0.340652,1.7803
2014-03-18,贵州茅台,600519,107.9748846,113.0432244,107.9748846,109.91240184,106.80082614,5947371,1030329360.0,0.572865,2.9134
2014-03-17,贵州茅台,600519,105.85773,106.92272292,103.93945962,106.80082614,105.13276494,3219888,529609728.0,0.310147,1.5866
2014-03-14,贵州茅台,600519,105.25466172,106.499292,103.8047316,105.13276494,105.77432694,2493355,407076144.0,0.240166,-0.6065
2014-03-13,贵州茅台,600519,101.1101712,105.9218862,100.79580582,105.77432694,101.70682386,4263778,695571568.0,0.410697,3.9992
2014-03-12,贵州茅台,600519,103.34280696,104.9595432,99.94252836,101.70682386,104.04852516,3676392,582653264.0,0.354119,-2.2506
2014-03-11,贵州茅台,600519,100.083672,104.9595432,99.5062662,104.04852516,100.68674028,3856141,619885232.0,0.371433,3.3388
2014-03-10,贵州茅台,600519,105.7294176,106.3709796,98.81979486,100.68674028,106.17209538,4998548,797666912.0,0.481472,-5.1665
2014-03-07,贵州茅台,600519,103.933044,107.2691664,102.67558248,106.17209538,103.933044,5811048,952251168.0,0.559734,2.1543
2014-03-06,贵州茅台,600519,102.78464802,104.1255126,100.725234,103.933044,102.54727008,4274121,684035152.0,0.411694,1.3514
2014-03-05,贵州茅台,600519,98.81979486,102.64350438,97.517424,102.54727008,98.4156108,4721154,741663984.0,0.454753,4.1982
2014-03-04,贵州茅台,600519,97.59441144,102.19441098,97.517424,98.4156108,99.39720066,5086676,795957008.0,0.489961,-0.9875
2014-03-03,贵州茅台,600519,96.2343,99.43569438,95.16289146,99.39720066,96.24713124,4881665,745535040.0,0.470214,3.2729
2014-02-28,贵州茅台,600519,93.02649,96.7475496,92.9944119,96.24713124,92.9944119,4192617,626931552.0,0.403843,3.4978
2014-02-27,贵州茅台,600519,91.1980383,93.53332398,89.83151124,92.9944119,91.12105086,2564611,367761888.0,0.24703,2.0559
2014-02-26,贵州茅台,600519,90.17795472,93.01365876,89.2091961,91.12105086,91.33918194,2651394,377024800.0,0.255389,-0.2388
2014-02-25,贵州茅台,600519,94.951176,95.2078008,90.460242,91.33918194,94.70738244,4627993,662701584.0,0.445779,-3.5564
2014-02-24,贵州茅台,600519,95.6568942,96.92718696,93.41784282,94.70738244,95.64406296,3117865,463140896.0,0.30032,-0.9793
2014-02-21,贵州茅台,600519,94.951176,96.3305343,94.81003236,95.64406296,95.58632238,3412540,508426624.0,0.328704,0.0604
2014-02-20,贵州茅台,600519,95.913519,97.24796796,94.951176,95.58632238,95.93276586,2318897,346513536.0,0.223362,-0.3611
2014-02-19,贵州茅台,600519,94.3416921,97.50459276,94.3416921,95.93276586,94.31602962,3148266,472702784.0,0.303249,1.7142
2014-02-18,贵州茅台,600519,95.87502528,95.87502528,93.74503944,94.31602962,96.22146876,3364035,496116912.0,0.324032,-1.9803
2014-02-17,贵州茅台,600519,92.4490842,96.86944638,92.4490842,96.22146876,91.6792098,8746517,1301703984.0,0.842486,4.9545
2014-02-14,贵州茅台,600519,86.86107918,91.743366,86.86107918,91.6792098,87.04071654,6741037,946589744.0,0.649313,5.3291
2014-02-13,贵州茅台,600519,85.98855486,88.78576518,85.97572362,87.04071654,86.0655423,3856747,528398496.0,0.371491,1.1331
2014-02-12,贵州茅台,600519,86.0976204,86.59162314,85.52663022,86.0655423,85.99497048,1928348,258332741.0,0.185743,0.0821
2014-02-11,贵州茅台,600519,85.1994336,86.98297596,84.7503402,85.99497048,85.23792732,4300694,578123056.0,0.414253,0.8882
2014-02-10,贵州茅台,600519,85.969308,86.2259328,83.95480332,85.23792732,85.89873618,3625174,479835312.0,0.349185,-0.7693
2014-02-07,贵州茅台,600519,84.72467772,86.36707644,84.08311572,85.89873618,84.8144964,2386561,317924208.0,0.229879,1.2784
2014-01-30,贵州茅台,600519,87.573213,87.8619159,84.044622,84.8144964,87.90040962,3722344,496967648.0,0.358545,-3.5107
2014-01-29,贵州茅台,600519,89.67753636,90.49873572,87.56679738,87.90040962,89.31826164,3152040,434136672.0,0.303612,-1.5874
2014-01-28,贵州茅台,600519,90.14587662,91.101804,88.214775,89.31826164,90.2998515,3640115,508739360.0,0.350625,-1.087
2014-01-27,贵州茅台,600519,86.54029818,92.24378436,86.39273892,90.2998515,86.931651,8351084,1170783936.0,0.804397,3.8745
2014-01-24,贵州茅台,600519,85.648527,87.05354778,85.01338062,86.931651,86.02704858,3578070,482834464.0,0.344648,1.0515
2014-01-23,贵州茅台,600519,86.08478916,86.8674948,84.53220912,86.02704858,86.07837354,4025848,538497408.0,0.387779,-0.0596
2014-01-22,贵州茅台,600519,81.46554276,86.48897322,81.0292806,86.07837354,81.47195838,7366781,975900192.0,0.709586,5.654
2014-01-21,贵州茅台,600519,80.836812,82.57544502,80.4197967,81.47195838,81.34364598,3540462,451224688.0,0.341026,0.1577
2014-01-20,贵州茅台,600519,78.2064078,81.6708426,77.64183324,81.34364598,77.1799086,6009063,751598256.0,0.578807,5.3948
2014-01-17,贵州茅台,600519,78.1422516,78.6875793,77.06442744,77.1799086,78.26414838,3236373,393324784.0,0.311735,-1.3854
2014-01-16,贵州茅台,600519,76.2496437,78.5592669,76.17907188,78.26414838,76.19190312,3911963,474484848.0,0.37681,2.7198
2014-01-15,贵州茅台,600519,77.31463662,77.7252363,75.7363941,76.19190312,77.82788622,1972069,235363881.0,0.189954,-2.1021
2014-01-14,贵州茅台,600519,77.1157524,78.13583598,76.2817218,77.82788622,76.91686818,2347499,282925552.0,0.226117,1.1844
2014-01-13,贵州茅台,600519,76.5383466,78.47586384,76.39720296,76.91686818,76.51909974,3764646,454274352.0,0.36262,0.5198
2014-01-10,贵州茅台,600519,76.35229362,77.26331166,75.7363941,76.51909974,76.56400908,2112663,251742737.0,0.203497,-0.0587
2014-01-09,贵州茅台,600519,76.345878,78.1422516,76.0892532,76.56400908,76.6025028,4788671,575090336.0,0.461256,-0.0503
2014-01-08,贵州茅台,600519,77.30180538,77.74448316,75.71073162,76.6025028,77.34671472,3198959,380752976.0,0.308131,-0.9622
2014-01-07,贵州茅台,600519,77.05801182,77.8535487,76.4741904,77.34671472,77.45578026,1803946,216936563.0,0.17376,-0.1408
2014-01-06,贵州茅台,600519,78.83513856,80.1310938,77.4365334,77.45578026,79.54085676,3022921,367274768.0,0.291175,-2.6214
2014-01-03,贵州茅台,600519,80.3556405,80.7084996,79.05968526,79.54085676,80.82398076,2334165,288934608.0,0.224832,-1.5876
2014-01-02,贵州茅台,600519,82.11352038,82.11352038,80.5801872,80.82398076,82.36372956,2197666,277430224.0,0.211684,-1.8695
2013-12-31,贵州茅台,600519,79.553688,82.96038222,78.591345,82.36372956,79.84880652,5754649,730676608.0,0.554302,3.1496
2013-12-30,贵州茅台,600519,81.1255149,81.46554276,79.54727238,79.84880652,80.9651244,3216672,401569200.0,0.309838,-1.3788
2013-12-27,贵州茅台,600519,80.3235624,81.62593326,80.02844388,80.9651244,80.02844388,2545548,321517728.0,0.245193,1.1704
2013-12-26,贵州茅台,600519,80.836812,80.98437126,79.64350668,80.02844388,81.00361812,3415622,427007200.0,0.329001,-1.2039
2013-12-25,贵州茅台,600519,81.478374,81.71575194,80.76624018,81.00361812,81.22816482,1843945,233016830.0,0.177613,-0.2764
2013-12-24,贵州茅台,600519,81.478374,81.9274674,81.08060556,81.22816482,81.16400862,2789714,354505536.0,0.268712,0.079
2013-12-23,贵州茅台,600519,81.11268366,81.88897368,80.91379944,81.16400862,81.2538273,1922251,243709867.0,0.185156,-0.1105
2013-12-20,贵州茅台,600519,84.2050125,84.5257935,80.836812,81.2538273,84.1408563,3855601,495862864.0,0.371381,-3.4312
2013-12-19,贵州茅台,600519,85.51379898,85.5843708,84.1087782,84.1408563,85.00054938,1781345,235156558.0,0.171583,-1.0114
2013-12-18,贵州茅台,600519,85.32133038,85.648527,84.88506822,85.00054938,85.46247402,2010517,266750697.0,0.193658,-0.5405
2013-12-17,贵州茅台,600519,85.2956679,86.43764826,84.9428088,85.46247402,85.30849914,1564120,209082464.0,0.15066,0.1805
2013-12-16,贵州茅台,600519,87.25884762,87.52188804,85.24434294,85.30849914,87.5090568,3286944,439536256.0,0.316606,-2.5147
2013-12-13,贵州茅台,600519,87.39999126,88.14420318,87.39357564,87.5090568,87.5090568,1926726,263371186.0,0.185587,0.0
2013-12-12,贵州茅台,600519,87.46414746,88.11212508,87.3807444,87.5090568,87.50264118,1830695,250384797.0,0.176337,0.0073
2013-12-11,贵州茅台,600519,87.80417532,88.2789312,87.36149754,87.50264118,87.8619159,1986816,271716032.0,0.191375,-0.4089
2013-12-10,贵州茅台,600519,88.22119062,88.4713998,87.3807444,87.8619159,88.49706228,2539266,347805552.0,0.244588,-0.7177
2013-12-09,贵州茅台,600519,88.9204932,88.9846494,87.252432,88.49706228,89.0167275,2537190,347999968.0,0.244388,-0.5838
2013-12-06,贵州茅台,600519,87.74643474,89.2412742,87.252432,89.0167275,87.88757838,2915072,402741312.0,0.280787,1.2848
2013-12-05,贵州茅台,600519,88.81784328,88.81784328,87.8619159,87.88757838,88.84350576,1932631,265765318.0,0.186156,-1.076
2013-12-04,贵州茅台,600519,88.18911252,89.18994924,87.61812234,88.84350576,88.26609996,3351042,463071200.0,0.32278,0.6542
2013-12-03,贵州茅台,600519,87.6052911,88.48423104,86.82900108,88.26609996,87.75285036,3288230,448934464.0,0.31673,0.5849
2013-12-02,贵州茅台,600519,89.82509562,89.99190174,87.573213,87.75285036,90.74252928,4289240,591853936.0,0.41315,-3.2947
2013-11-29,贵州茅台,600519,90.460242,90.8772573,89.76735504,90.74252928,90.99273846,2042378,287184368.0,0.196727,-0.275
2013-11-28,贵州茅台,600519,89.80584876,91.5188193,89.80584876,90.99273846,89.7866019,2224051,315027616.0,0.214226,1.3433
2013-11-27,贵州茅台,600519,89.81226438,90.58213878,88.9204932,89.7866019,89.80584876,1567952,219358339.0,0.151029,-0.0214
2013-11-26,贵州茅台,600519,90.45382638,90.99915408,89.67753636,89.80584876,90.41533266,1640604,230259508.0,0.158027,-0.6741
2013-11-25,贵州茅台,600519,88.39441236,91.01198532,88.22760624,90.41533266,88.83709014,2618102,367831840.0,0.252182,1.7766
2013-11-22,贵州茅台,600519,88.95898692,89.4016647,88.52272476,88.83709014,88.95898692,2811090,389528912.0,0.270771,-0.137
2013-11-21,贵州茅台,600519,90.89650416,91.28785698,88.8884151,88.95898692,91.14029772,3299198,459524464.0,0.317787,-2.3934
2013-11-20,贵州茅台,600519,91.57655988,91.69204104,90.7168668,91.14029772,91.62788484,2551780,362889664.0,0.245794,-0.5321
2013-11-19,贵州茅台,600519,92.064147,92.5132404,90.6527106,91.62788484,92.05773138,4116683,588099504.0,0.396529,-0.4669
2013-11-18,贵州茅台,600519,92.384928,92.93667132,91.6150536,92.05773138,92.02565328,4157171,596980144.0,0.400429,0.0349
2013-11-15,贵州茅台,600519,92.21812188,92.78269644,91.1659602,92.02565328,92.42983734,3359785,481165008.0,0.323623,-0.4373
2013-11-14,贵州茅台,600519,93.02649,93.02649,90.90291978,92.42983734,92.84685264,2404202,344294688.0,0.231579,-0.4491
2013-11-13,贵州茅台,600519,92.44266858,93.9567549,91.8075222,92.84685264,92.92384008,3188146,460888128.0,0.30709,-0.0829
2013-11-12,贵州茅台,600519,89.44657404,93.2510367,89.2091961,92.92384008,89.5299771,6947801,997440464.0,0.669229,3.7908
2013-11-11,贵州茅台,600519,88.535556,90.89650416,87.36791316,89.5299771,87.34225068,5232877,729491568.0,0.504043,2.5048
2013-11-08,贵州茅台,600519,88.9204932,89.81226438,87.25884762,87.34225068,89.15787114,2153743,298492272.0,0.207454,-2.0364
2013-11-07,贵州茅台,600519,89.40808032,89.74169256,87.7015254,89.15787114,89.5941333,2135888,294635360.0,0.205734,-0.4869
2013-11-06,贵州茅台,600519,88.71519336,90.46665762,88.214775,89.5941333,88.60612782,4444925,619496992.0,0.428146,1.1151
2013-11-05,贵州茅台,600519,87.1241196,88.78576518,86.4184014,88.60612782,87.47056308,2784307,381603616.0,0.268191,1.2982
2013-11-04,贵州茅台,600519,86.8995729,87.87474714,86.78409174,87.47056308,86.72635116,1943628,264834002.0,0.187215,0.8581
2013-11-01,贵州茅台,600519,86.18102346,87.14978208,85.8409956,86.72635116,86.68144182,2215447,299057616.0,0.213397,0.0518
2013-10-31,贵州茅台,600519,85.1031993,87.57962862,85.006965,86.68144182,85.06470558,3489343,471033936.0,0.336102,1.9006
2013-10-30,贵州茅台,600519,85.31491476,85.5202146,84.66052152,85.06470558,85.1994336,2534346,335579616.0,0.244114,-0.1581
2013-10-29,贵州茅台,600519,86.0655423,86.39273892,84.365403,85.1994336,85.95006114,3518294,468246864.0,0.338891,-0.8733
2013-10-28,贵州茅台,600519,87.11128836,87.74643474,85.49455212,85.95006114,87.72077226,3214102,431472144.0,0.30959,-2.0186
2013-10-25,贵州茅台,600519,91.74978162,91.74978162,86.9958072,87.72077226,92.19887502,5858415,807380208.0,0.564297,-4.857
2013-10-24,贵州茅台,600519,91.9358346,92.36568114,91.5508974,92.19887502,92.18604378,2625533,376580496.0,0.252898,0.0139
2013-10-23,贵州茅台,600519,91.91017212,92.82119016,91.23653202,92.18604378,92.01282204,2621511,375070080.0,0.25251,0.1883
2013-10-22,贵州茅台,600519,92.8981776,92.8981776,91.5829755,92.01282204,93.08423058,2458139,353140640.0,0.236774,-1.151
2013-10-21,贵州茅台,600519,92.07056262,93.2189586,91.2301164,93.08423058,91.73053476,4702298,677908672.0,0.452937,1.4757
2013-10-18,贵州茅台,600519,92.69929338,92.96874942,91.101804,91.73053476,92.50682478,3557495,510349744.0,0.342666,-0.8392
2013-10-17,贵州茅台,600519,92.76344958,93.5397396,92.064147,92.50682478,92.53890288,4862119,703391968.0,0.468331,-0.0347
2013-10-16,贵州茅台,600519,93.8605206,94.7587074,91.1659602,92.53890288,92.5453185,9481320,1382754192.0,0.913264,-0.0069
2013-10-15,贵州茅台,600519,89.65187388,92.8981776,89.22844296,92.5453185,89.5941333,6927751,986261712.0,0.667298,3.2939
2013-10-14,贵州茅台,600519,88.5034779,89.64545826,88.09929384,89.5941333,88.22760624,5527479,767129552.0,0.53242,1.5489
2013-10-11,贵州茅台,600519,86.8033386,88.42649046,86.8033386,88.22760624,87.91965648,3645556,499830912.0,0.351149,0.3503
2013-10-10,贵州茅台,600519,87.893994,88.13778756,87.4128225,87.91965648,87.88757838,2904552,397207808.0,0.279773,0.0365
2013-10-09,贵州茅台,600519,87.6373692,88.1506188,87.1241196,87.88757838,87.68227854,4081504,557664496.0,0.39314,0.2341
2013-10-08,贵州茅台,600519,87.09845712,88.1506188,86.09120478,87.68227854,87.21393828,5686725,773294160.0,0.547759,0.537
2013-09-30,贵州茅台,600519,85.92439866,87.45131622,85.66135824,87.21393828,86.00780172,5046064,681360336.0,0.486049,1.4024
2013-09-27,贵州茅台,600519,86.92523538,87.35508192,85.83457998,86.00780172,86.88032604,3463925,465617872.0,0.333654,-1.0043
2013-09-26,贵州茅台,600519,85.969308,87.39357564,85.969308,86.88032604,86.71351992,4722783,638421040.0,0.45491,0.1924
2013-09-25,贵州茅台,600519,87.6052911,88.214775,85.34057724,86.71351992,87.7656816,6978901,943851488.0,0.672225,-1.1988
2013-09-24,贵州茅台,600519,90.460242,91.26861012,87.7015254,87.7656816,90.33834522,9881915,1371542704.0,0.95185,-2.8478
2013-09-23,贵州茅台,600519,91.09538838,91.101804,89.8507581,90.33834522,91.0376478,6540962,921212144.0,0.630041,-0.7681
2013-09-18,贵州茅台,600519,90.460242,91.34559756,89.497899,91.0376478,90.6527106,6731766,949223072.0,0.64842,0.4246
2013-09-17,贵州茅台,600519,95.592738,95.7210504,90.14587662,90.6527106,96.0097533,10905797,1571781600.0,1.050473,-5.5797
2013-09-16,贵州茅台,600519,97.91519244,97.91519244,95.97125958,96.0097533,97.53025524,5887712,889024064.0,0.567119,-1.559
2013-09-13,贵州茅台,600519,97.31853978,99.10849776,97.2928773,97.53025524,97.34420226,6825487,1044001952.0,0.657447,0.1911
2013-09-12,贵州茅台,600519,97.92160806,98.2872984,97.01059002,97.34420226,97.88311434,4772311,725740672.0,0.45968,-0.5506
2013-09-11,贵州茅台,600519,97.3570335,98.01784236,96.2343,97.88311434,97.27363044,6901293,1045733440.0,0.664749,0.6266
2013-09-10,贵州茅台,600519,96.7475496,97.44043656,96.28562496,97.27363044,96.8437839,5409309,816720640.0,0.521038,0.4439
2013-09-09,贵州茅台,600519,96.875862,97.20947424,96.15731256,96.8437839,96.41393736,6927092,1042258752.0,0.667234,0.4458
2013-09-06,贵州茅台,600519,96.2984562,96.8117058,96.08674074,96.41393736,96.40752174,3778366,567391488.0,0.363941,0.0067
2013-09-05,贵州茅台,600519,97.42760532,98.0306736,95.7852066,96.40752174,97.5815802,7128326,1070129408.0,0.686618,-1.2032
2013-09-04,贵州茅台,600519,97.517424,98.5118451,97.2607992,97.5815802,97.29929292,7678998,1171694848.0,0.73966,0.2901
2013-09-03,贵州茅台,600519,96.875862,98.0306736,95.592738,97.29929292,97.46609904,12321105,1855978624.0,1.186799,-0.1711
2013-09-02,贵州茅台,600519,103.1631696,103.1631696,97.4532678,97.46609904,108.28283436,22497074,3438418432.0,2.166972,-9.9893
2013-08-30,贵州茅台,600519,108.09036576,108.423978,107.4937131,108.28283436,108.09036576,2586142,435606368.0,0.249103,0.1781
2013-08-29,贵州茅台,600519,109.06554,109.28367108,107.85298782,108.09036576,109.0013838,2180402,368545664.0,0.210022,-0.8358
2013-08-28,贵州茅台,600519,110.45772954,110.45772954,108.78966834,109.0013838,111.0864603,3060304,521639360.0,0.294776,-1.877
2013-08-27,贵州茅台,600519,111.48422874,111.48422874,110.348664,111.0864603,111.59329428,2443655,422029088.0,0.235379,-0.4542
2013-08-26,贵州茅台,600519,111.06079782,112.27335,110.348664,111.59329428,110.98381038,1688531,293255616.0,0.162643,0.5492
2013-08-23,贵州茅台,600519,112.89566514,112.90208076,110.027883,110.98381038,112.32467496,1952964,338959488.0,0.188114,-1.1937
2013-08-22,贵州茅台,600519,112.0167252,113.35117416,111.64461924,112.32467496,112.07446578,1550152,272139840.0,0.149314,0.2233
2013-08-21,贵州茅台,600519,112.27976562,112.3695843,110.6052888,112.07446578,111.38157882,2310320,401820448.0,0.222536,0.6221
2013-08-20,贵州茅台,600519,111.7280223,112.27335,110.7977574,111.38157882,112.38241554,3125074,541646656.0,0.301015,-0.8906
2013-08-19,贵州茅台,600519,112.5299748,112.85717142,110.990226,112.38241554,111.8884128,1935761,337652096.0,0.186457,0.4415
2013-08-16,贵州茅台,600519,113.89650186,116.122722,111.6638661,111.8884128,113.85159252,3497393,617783360.0,0.336877,-1.7243
2013-08-15,贵州茅台,600519,114.74977932,116.2510344,113.80668318,113.85159252,114.64071378,1536566,274789280.0,0.148006,-0.6883
2013-08-14,贵州茅台,600519,115.41058818,116.98241508,114.4546608,114.64071378,115.4490819,2172190,392821888.0,0.209231,-0.7002
2013-08-13,贵州茅台,600519,114.20445162,115.801941,113.235693,115.4490819,114.39692022,2543583,453549760.0,0.245004,0.9197
2013-08-12,贵州茅台,600519,110.8619136,114.47390766,110.67586062,114.39692022,110.88116046,3939034,692000832.0,0.379417,3.1707
2013-08-09,贵州茅台,600519,112.5620529,112.97265258,109.66860828,110.88116046,112.37599992,2288924,396239808.0,0.220475,-1.3302
2013-08-08,贵州茅台,600519,113.18436804,113.78743632,111.8884128,112.37599992,113.15870556,1607673,282184704.0,0.154855,-0.6917
2013-08-07,贵州茅台,600519,112.1450376,114.62146692,111.45856626,113.15870556,112.42090926,2837775,501679168.0,0.273341,0.6563
2013-08-06,贵州茅台,600519,111.58687866,112.594131,110.7977574,112.42090926,112.594131,2656226,462053664.0,0.255854,-0.1538
2013-08-05,贵州茅台,600519,112.93415886,113.40891474,111.5676318,112.594131,112.93415886,1806507,316638080.0,0.174007,-0.3011
2013-08-02,贵州茅台,600519,110.85549798,114.30068592,110.79134178,112.93415886,110.27809218,2924078,514840320.0,0.281654,2.4085
2013-08-01,贵州茅台,600519,109.05270876,110.669445,108.46247172,110.27809218,108.103197,2485259,426199168.0,0.239386,2.0119
2013-07-31,贵州茅台,600519,108.86024016,109.8354144,107.5899474,108.103197,108.05828766,1459004,246901552.0,0.140535,0.0416
2013-07-30,贵州茅台,600519,109.2580086,109.88673936,106.23625158,108.05828766,109.91240184,4211397,708812288.0,0.405652,-1.6869
2013-07-29,贵州茅台,600519,111.81142536,111.81142536,109.707102,109.91240184,112.25410314,2688331,462873568.0,0.258947,-2.0861
2013-07-26,贵州茅台,600519,113.556474,114.0697236,112.2091938,112.25410314,114.67279188,1904567,334279488.0,0.183452,-2.1092
2013-07-25,贵州茅台,600519,112.5299748,115.3528476,111.8242566,114.67279188,112.02955644,3954054,701690240.0,0.380864,2.3594
2013-07-24,贵州茅台,600519,115.0962228,115.0962228,111.0543822,112.02955644,115.21811958,4406723,772480640.0,0.424466,-2.7674
2013-07-23,贵州茅台,600519,112.87000266,115.66721298,112.26051876,115.21811958,112.19636256,2875611,513622528.0,0.276986,2.6933
2013-07-22,贵州茅台,600519,112.69678092,113.61421458,111.0223041,112.19636256,112.92132762,2706232,472471744.0,0.260671,-0.642
2013-07-19,贵州茅台,600519,118.69538562,118.69538562,111.97181586,112.92132762,118.73387934,7331922,1309145856.0,0.706228,-4.8954
2013-07-18,贵州茅台,600519,119.972094,120.2607969,117.8549394,118.73387934,119.92076904,2569977,475329664.0,0.247546,-0.9897
2013-07-17,贵州茅台,600519,122.217561,122.40361398,119.85019722,119.92076904,122.5062639,2738846,517180736.0,0.263812,-2.1105
2013-07-16,贵州茅台,600519,120.71630592,122.71797936,119.009751,122.5062639,120.5815779,3701140,698456704.0,0.356503,1.5962
2013-07-15,贵州茅台,600519,121.49901156,121.9609362,118.64406066,120.5815779,121.13332122,3660735,683259584.0,0.352611,-0.4555
2013-07-12,贵州茅台,600519,125.17516182,126.24015474,121.0627494,121.13332122,125.72690514,4299164,823552000.0,0.414106,-3.6536
2013-07-11,贵州茅台,600519,124.8158871,126.066933,123.19915086,125.72690514,124.36037808,4605661,897968896.0,0.443628,1.0988
2013-07-10,贵州茅台,600519,122.67307002,124.5271842,121.18464618,124.36037808,123.2119821,3324496,635969664.0,0.320223,0.932
2013-07-09,贵州茅台,600519,125.9386206,125.9386206,122.35228902,123.2119821,125.20723992,2023361,390495520.0,0.194895,-1.5936
2013-07-08,贵州茅台,600519,126.31072656,126.95870418,123.821466,125.20723992,126.46470144,2411390,471887296.0,0.232271,-0.9943
2013-07-05,贵州茅台,600519,126.3235578,127.90821594,126.3235578,126.46470144,126.14392044,1777954,351961216.0,0.171257,0.2543
2013-07-04,贵州茅台,600519,126.43262334,128.22258132,126.11825796,126.14392044,127.01002914,2421452,480333696.0,0.23324,-0.6819
2013-07-03,贵州茅台,600519,127.6066818,128.1840876,125.82955506,127.01002914,126.9971979,3542464,702154048.0,0.341219,0.0101
2013-07-02,贵州茅台,600519,124.63624974,127.66442238,123.57767244,126.9971979,124.64908098,3345317,656544896.0,0.322229,1.8838
2013-07-01,贵州茅台,600519,123.19915086,125.08534314,122.55117324,124.64908098,123.41728194,2582852,498364224.0,0.248787,0.9981
2013-06-28,贵州茅台,600519,121.1589837,124.11658452,121.1589837,123.41728194,121.62732396,2807002,540002752.0,0.270377,1.4717
2013-06-27,贵州茅台,600519,121.07558064,123.4044507,120.67139658,121.62732396,121.07558064,3413576,651525248.0,0.328804,0.4557
2013-06-26,贵州茅台,600519,120.92802138,121.78129884,118.54782636,121.07558064,121.79413008,3290348,613847360.0,0.316934,-0.59
2013-06-25,贵州茅台,600519,119.04824472,122.0892486,112.93415886,121.79413008,119.08673844,5135249,952843648.0,0.49464,2.2735
2013-06-24,贵州茅台,600519,122.92969482,123.179904,118.80445116,119.08673844,122.64740754,4080720,765344896.0,0.393065,-2.9032
2013-06-21,贵州茅台,600519,121.92244248,125.66916456,120.292875,122.64740754,123.01309788,3965419,762942592.0,0.381959,-0.2973
2013-06-20,贵州茅台,600519,124.75814652,125.41253976,122.28813282,123.01309788,124.99552446,2558681,493350656.0,0.246458,-1.586
2013-06-19,贵州茅台,600519,122.46135456,125.425371,120.7419684,124.99552446,122.9553573,2890918,556142208.0,0.27846,1.6593
2013-06-18,贵州茅台,600519,121.35786792,123.0515916,119.66414424,122.9553573,121.56316776,2737772,516512032.0,0.263709,1.1452
2013-06-17,贵州茅台,600519,124.63624974,125.09175876,121.38994602,121.56316776,124.47585924,2968927,568914688.0,0.285974,-2.34
2013-06-14,贵州茅台,600519,124.6875747,125.10459,121.62732396,124.47585924,124.91853702,3251867,625711424.0,0.313228,-0.3544
2013-06-13,贵州茅台,600519,125.18157744,127.33722576,123.18631962,124.91853702,125.91295812,4499864,876852224.0,0.433438,-0.7898
2013-06-07,贵州茅台,600519,125.17516182,128.3124,124.14866262,125.91295812,125.25856488,2547838,502252992.0,0.245414,0.5224
2013-06-06,贵州茅台,600519,124.97897577,127.2088576,124.97897577,125.25848742,124.95413029,3387735,688473472.0,0.326315,0.2436
2013-06-05,贵州茅台,600519,125.46346263,125.7802425,123.96652246,124.95413029,125.2833329,2372442,476555328.0,0.228519,-0.2628
2013-06-04,贵州茅台,600519,125.6560151,127.5194261,125.25227605,125.2833329,125.51936496,4235692,862313600.0,0.407992,-0.188
2013-06-03,贵州茅台,600519,123.0472397,125.81129935,122.47579366,125.51936496,122.4261027,4025675,807356544.0,0.387763,2.5266
2013-05-31,贵州茅台,600519,124.82990289,125.0969918,122.363989,122.4261027,124.38268425,2459056,490984256.0,0.236862,-1.573031
2013-05-30,贵州茅台,600519,124.7243096,125.97900634,123.61247437,124.38268425,125.15289413,2501942,500916416.0,0.240993,-0.6154
2013-05-29,贵州茅台,600519,126.090811,128.49461119,125.06593495,125.15289413,125.55663318,3234002,659505408.0,0.311507,-0.3216
2013-05-28,贵州茅台,600519,125.39513756,126.28336347,123.94788835,125.55663318,125.23985331,2367636,477386720.0,0.228056,0.2529
2013-05-27,贵州茅台,600519,125.45103989,125.5317877,122.985126,125.23985331,124.80505741,2677812,536544384.0,0.257933,0.3484
2013-05-24,贵州茅台,600519,126.711948,128.68095229,124.2274,124.80505741,125.74297428,4507312,915894080.0,0.434155,-0.7459
2013-05-23,贵州茅台,600519,123.9789452,128.25857913,123.9789452,125.74297428,123.89819739,6224745,1272531712.0,0.599582,1.4889
2013-05-22,贵州茅台,600519,121.52545405,124.6000822,121.1838287,123.89819739,121.13413774,4614964,917905216.0,0.444524,2.2818
2013-05-21,贵州茅台,600519,121.04717856,121.59377912,120.19622087,121.13413774,121.121715,2310234,449227072.0,0.222527,0.010259
2013-05-20,贵州茅台,600519,122.2397616,123.28327176,120.78008965,121.121715,121.68694967,3094406,605798016.0,0.298061,-0.4645
2013-05-17,贵州茅台,600519,120.55026896,122.02236365,119.879441,121.68694967,121.02854445,3355672,654713536.0,0.323226,0.544
2013-05-16,贵州茅台,600519,120.50678937,124.54417987,119.258304,121.02854445,120.91052842,4546227,893376384.0,0.437904,0.0976
2013-05-15,贵州茅台,600519,118.56263056,122.15280242,118.46324864,120.91052842,118.75518303,2326440,452499712.0,0.224088,1.8149
2013-05-14,贵州茅台,600519,121.8049657,122.4261027,118.02224137,118.75518303,122.78636216,3643160,701153984.0,0.350918,-3.2831
2013-05-13,贵州茅台,600519,122.43231407,125.2212192,120.35771649,122.78636216,122.43231407,3257904,645155904.0,0.313809,0.2892
2013-05-10,贵州茅台,600519,122.37020037,124.79884604,121.74906337,122.43231407,122.47579366,4877659,970169984.0,0.469828,-0.0355
2013-05-09,贵州茅台,600519,117.55638862,122.4882164,117.55638862,122.47579366,117.32656793,7013468,1370326144.0,0.675554,4.3888
2013-05-08,贵州茅台,600519,116.6495286,118.01603,115.61222981,117.32656793,116.58120353,4241606,799534976.0,0.408562,0.6394
2013-05-07,贵州茅台,600519,111.19594574,116.98494258,111.19594574,116.58120353,110.4381586,7102055,1305178752.0,0.684087,5.5624
2013-05-06,贵州茅台,600519,107.456701,110.54996326,106.82314126,110.4381586,107.11507565,3019639,529181408.0,0.290859,3.1024
2013-05-03,贵州茅台,600519,106.7113366,108.09026074,105.9659722,107.11507565,106.28275207,2146052,369986944.0,0.206713,0.78312
2013-05-02,贵州茅台,600519,107.456701,107.48775785,104.99078711,106.28275207,108.07162663,2858679,489586432.0,0.275355,-1.6553
2013-04-26,贵州茅台,600519,110.19591517,110.562386,107.46291237,108.07162663,109.7549079,1630764,285787936.0,0.157079,-1.533668
2013-04-25,贵州茅台,600519,108.09026074,110.28908572,107.59335114,109.7549079,108.61822719,2535969,446045056.0,0.244271,1.0465
2013-04-24,贵州茅台,600519,106.97221414,108.698975,105.7796311,108.61822719,106.71754797,3040261,525381344.0,0.292845,1.781
2013-04-23,贵州茅台,600519,107.7672695,108.68655226,106.6492229,106.71754797,107.89770827,3095262,535923136.0,0.298143,-1.0938
2013-04-22,贵州茅台,600519,111.1214093,111.1214093,107.7672695,107.89770827,111.32638451,4274596,747616512.0,0.411739,-3.0798
2013-04-19,贵州茅台,600519,111.4319778,111.73012356,109.87292393,111.32638451,111.27669355,3923838,701185024.0,0.377954,0.044656
2013-04-18,贵州茅台,600519,110.0654764,111.80466,109.32632337,111.27669355,110.86674313,4195684,749007232.0,0.404138,0.3698
2013-04-17,贵州茅台,600519,107.8293832,111.04066149,107.79832635,110.86674313,107.55608292,4297408,760898368.0,0.413937,3.0781
2013-04-16,贵州茅台,600519,105.59329,108.8232024,105.3448352,107.55608292,107.29520538,3913792,676673408.0,0.376986,0.243139
2013-04-15,贵州茅台,600519,107.00327099,107.86665142,105.60571274,107.29520538,106.97842551,2833673,487286272.0,0.272946,0.2961
2013-04-12,贵州茅台,600519,104.92246204,108.3262928,104.6615845,106.97842551,104.92246204,5980006,1032119616.0,0.576009,1.959506
2013-04-11,贵州茅台,600519,105.59329,106.214427,104.5373571,104.92246204,105.56844452,2972952,504695104.0,0.286362,-0.6119
2013-04-10,贵州茅台,600519,101.866468,106.28275207,101.0589899,105.56844452,101.6180132,7085838,1194391168.0,0.682525,3.8875
2013-04-09,贵州茅台,600519,101.79814293,102.4254913,101.0589899,101.6180132,102.06523184,2419465,396645824.0,0.233049,-0.4382
2013-04-08,贵州茅台,600519,100.71115318,102.487605,99.66143165,102.06523184,101.77329745,3773276,613230336.0,0.363451,0.2868
2013-04-03,贵州茅台,600519,101.66770416,102.487605,101.35713566,101.77329745,101.68633827,2199050,360543776.0,0.211818,0.0855
2013-04-02,贵州茅台,600519,102.5497187,103.09010789,101.41303799,101.68633827,102.45654815,3252490,534554080.0,0.313288,-0.7517
2013-04-01,贵州茅台,600519,104.40691833,104.63673902,102.22672746,102.45654815,104.88519382,2912880,483197216.0,0.280576,-2.3155
2013-03-29,贵州茅台,600519,103.88516325,105.32620109,103.12116474,104.88519382,103.61807434,4771709,802924416.0,0.459623,1.2229
2013-03-28,贵州茅台,600519,103.15843296,104.46282066,100.81674647,103.61807434,103.59944023,4149090,685703936.0,0.39965,0.018
2013-03-27,贵州茅台,600519,105.59950137,105.8417448,102.7360598,103.59944023,105.51875356,4766221,795809856.0,0.459094,-1.8189
2013-03-26,贵州茅台,600519,105.0342667,106.34486577,104.60568217,105.51875356,104.99078711,3248009,551865792.0,0.312856,0.5029
2013-03-25,贵州茅台,600519,104.972153,106.07156549,104.4131297,104.99078711,105.00320985,3196646,541959936.0,0.307909,-0.0118
2013-03-22,贵州茅台,600519,103.40688776,105.5311763,102.92861227,105.00320985,103.59322886,4557863,767262016.0,0.439024,1.3611
2013-03-21,贵州茅台,600519,105.2827215,105.2827215,102.9845146,103.59322886,105.53738767,6539272,1091400960.0,0.629878,-1.8422
2013-03-20,贵州茅台,600519,102.64910062,105.95976083,101.9285817,105.53738767,102.59940966,7189498,1202347904.0,0.69251,2.8635
2013-03-19,贵州茅台,600519,104.4752434,105.48148534,102.18324787,102.59940966,105.25166465,6341403,1052322560.0,0.610819,-2.5199
2013-03-18,贵州茅台,600519,109.8791353,109.8791353,104.46903203,105.25166465,109.92261489,7823153,1336285568.0,0.753545,-4.2493
2013-03-15,贵州茅台,600519,110.26424024,112.2394559,108.7610887,109.92261489,111.14625478,3596112,639236967.0,0.346386,-1.1009
2013-03-14,贵州茅台,600519,113.3575025,114.76748349,110.97233642,111.14625478,114.18361471,3512400,635985859.0,0.338323,-2.6601
2013-03-13,贵州茅台,600519,113.2953888,115.54390474,113.2953888,114.18361471,113.15873866,3076990,567812074.0,0.296383,0.9057
2013-03-12,贵州茅台,600519,115.531482,115.5935957,111.80466,113.15873866,115.0345724,2539365,465220571.0,0.244598,-1.6307
2013-03-11,贵州茅台,600519,114.1649806,115.2209135,112.92891797,115.0345724,114.36995581,3496528,642927319.0,0.336794,0.5811
2013-03-08,贵州茅台,600519,115.53769337,116.4631875,114.08423279,114.36995581,114.20224882,3595978,667118431.0,0.346373,0.1469
2013-03-07,贵州茅台,600519,111.41955506,117.1464382,111.38228684,114.20224882,110.07789914,8519062,1573676093.0,0.820577,3.7468
2013-03-06,贵州茅台,600519,109.320112,110.1275901,107.86044005,110.07789914,108.698975,4922726,861725426.0,0.474169,1.2686
2013-03-05,贵州茅台,600519,108.95985254,109.60583502,107.99087882,108.698975,108.52505664,3697471,648668784.0,0.356149,0.1603
2013-03-04,贵州茅台,600519,107.90391964,109.70521694,107.90391964,108.52505664,107.96603334,5207295,912360626.0,0.501579,0.5178
2013-03-01,贵州茅台,600519,108.2641791,109.29526652,107.45048963,107.96603334,108.698975,3800345,661720749.0,0.366058,-0.6743
2013-02-28,贵州茅台,600519,110.4381586,110.4381586,106.835564,108.698975,109.79838749,5678643,990766787.0,0.546981,-1.0013
2013-02-27,贵州茅台,600519,109.69900557,110.9971819,109.04681172,109.79838749,110.17106969,3415815,602608232.0,0.32902,-0.3383
2013-02-26,贵州茅台,600519,112.2394559,114.289208,110.14622421,110.17106969,112.48169933,4375479,783158037.0,0.421457,-2.0542
2013-02-25,贵州茅台,600519,114.289208,115.12774295,111.96615562,112.48169933,115.27681583,3454909,629472576.0,0.332785,-2.4247
2013-02-22,贵州茅台,600519,112.425797,115.9041642,112.425797,115.27681583,111.81708274,6286418,1163340820.0,0.605523,3.0941
2013-02-21,贵州茅台,600519,108.84183651,115.0345724,108.73003185,111.81708274,110.5002723,5383287,974530658.0,0.518531,1.1917
2013-02-20,贵州茅台,600519,109.941249,111.79223726,108.71139774,110.5002723,110.51269504,3658226,650765308.0,0.352369,-0.0112
2013-02-19,贵州茅台,600519,111.17110026,112.17113083,109.8170216,110.51269504,111.61210753,3773753,673362435.0,0.363497,-0.985
2013-02-18,贵州茅台,600519,116.9600971,116.9600971,111.183523,111.61210753,116.68679682,5656978,1024714902.0,0.544894,-4.349
2013-02-08,贵州茅台,600519,115.00351555,117.0222108,114.4755491,116.68679682,115.01593829,4157253,778273770.0,0.400437,1.4527
2013-02-07,贵州茅台,600519,113.668071,115.87310735,112.62456084,115.01593829,114.24572841,4856791,895061569.0,0.467818,0.6742
2013-02-06,贵州茅台,600519,114.89792226,114.95382459,113.046934,114.24572841,114.55629691,4619517,849026089.0,0.444963,-0.2711
2013-02-05,贵州茅台,600519,108.66791815,114.5997765,107.9536106,114.55629691,108.77972281,8782540,1575281159.0,0.845955,5.3103
2013-02-04,贵州茅台,600519,111.80466,112.39474015,108.077838,108.77972281,111.17110026,6496402,1142310991.0,0.625749,-2.1511
2013-02-01,贵州茅台,600519,111.10898656,112.90407249,110.58102011,111.17110026,111.1214093,4526564,813241680.0,0.43601,0.0447
2013-01-31,贵州茅台,600519,112.5500244,112.9227066,110.41952449,111.1214093,111.87919644,3781623,678384682.0,0.364255,-0.6773
2013-01-30,贵州茅台,600519,109.97230585,113.35129113,109.74248516,111.87919644,110.66176792,7137678,1285436676.0,0.687518,1.1001
2013-01-29,贵州茅台,600519,109.320112,111.79844863,106.835564,110.66176792,110.8729545,11544787,2034723439.0,1.112022,-0.1905
2013-01-28,贵州茅台,600519,115.531482,116.6495286,110.562386,110.8729545,117.42594985,15829058,2857092951.0,1.524693,-5.5805
2013-01-25,贵州茅台,600519,117.394893,119.1340766,115.5935957,117.42594985,121.71800652,8000786,1508197810.0,0.770655,-3.5262
2013-01-24,贵州茅台,600519,122.9230123,124.2895137,120.9974876,121.71800652,123.59384026,5947438,1171137855.0,0.572872,-1.5177
2013-01-23,贵州茅台,600519,121.742852,123.92304287,120.3763506,123.59384026,123.50066971,5101393,1006483564.0,0.491378,0.0754
2013-01-22,贵州茅台,600519,121.62483597,124.05969301,117.394893,123.50066971,122.55654147,7381541,1425054465.0,0.711008,0.7704
2013-01-21,贵州茅台,600519,125.9665836,125.9665836,121.9291931,122.55654147,126.56287512,7477928,1482664898.0,0.720292,-3.1655
2013-01-18,贵州茅台,600519,128.04739255,128.25236776,124.29572507,126.56287512,127.41383281,5531807,1122848386.0,0.532837,-0.6679
2013-01-17,贵州茅台,600519,127.32687363,128.99773216,127.03493924,127.41383281,127.954222,3620185,744614971.0,0.348705,-0.4223
2013-01-16,贵州茅台,600519,127.333085,128.4511316,126.51318416,127.954222,130.96673645,6950165,1427067086.0,0.669457,-2.3002
2013-01-15,贵州茅台,600519,129.68719423,131.7431577,128.46355434,130.96673645,130.07851054,5263508,1103130868.0,0.506994,0.6828
2013-01-14,贵州茅台,600519,129.5070645,130.6251111,125.97279497,130.07851054,131.22140262,6818358,1410483972.0,0.656761,-0.871
2013-01-11,贵州茅台,600519,132.74939964,133.63762555,130.36423356,131.22140262,133.2338865,3700999,784542945.0,0.356489,-1.5105
2013-01-10,贵州茅台,600519,133.90471446,134.786729,132.302181,133.2338865,134.44510365,3052786,656830931.0,0.294052,-0.9009
2013-01-09,贵州茅台,600519,131.3704755,135.19046805,131.3704755,134.44510365,130.96052508,5374932,1159330305.0,0.517726,2.6608
2013-01-08,贵州茅台,600519,126.20261566,130.96673645,126.20261566,130.96052508,126.89207773,6528698,1362186171.0,0.62886,3.2062
2013-01-07,贵州茅台,600519,127.87968556,127.87968556,125.7802425,126.89207773,128.53809078,4127139,840359829.0,0.397536,-1.2806
2013-01-04,贵州茅台,600519,131.681044,131.681044,127.333085,128.53809078,129.83005574,5837034,1205796538.0,0.562237,-0.9951
2012-12-31,贵州茅台,600519,132.49473347,133.4202276,128.17161995,129.83005574,131.8673851,5191483,1085776117.0,0.500056,-1.545
2012-12-28,贵州茅台,600519,128.9480412,133.90471446,128.9480412,131.8673851,128.93561846,5658924,1202787580.0,0.545081,2.2738
2012-12-27,贵州茅台,600519,127.5194261,130.1282015,126.55045238,128.93561846,127.48836925,6092624,1259077997.0,0.586856,1.1352
2012-12-26,贵州茅台,600519,126.57529786,128.4511316,125.91068127,127.48836925,127.15916664,4486624,918674030.0,0.432162,0.2589
2012-12-25,贵州茅台,600519,126.0286973,128.49461119,124.98518714,127.15916664,127.07220746,5953352,1218659231.0,0.573441,0.0684
2012-12-24,贵州茅台,600519,131.68725537,131.68725537,124.2274,127.07220746,134.5382742,10005074,2054317655.0,0.963713,-5.5494
2012-12-21,贵州茅台,600519,135.21531353,136.029003,134.05999871,134.5382742,135.6563208,2509281,544719331.0,0.2417,-0.8242
2012-12-20,贵州茅台,600519,135.7184345,136.8985948,133.91092583,135.6563208,136.30851465,3443414,750851790.0,0.331678,-0.4785
2012-12-19,贵州茅台,600519,132.38292881,137.271277,132.30839237,136.30851465,133.25252061,4756978,1039482925.0,0.458204,2.2934
2012-12-18,贵州茅台,600519,131.19034577,134.65007886,131.16550029,133.25252061,131.11580933,4694545,1005177386.0,0.45219,1.6296
2012-12-17,贵州茅台,600519,127.954222,132.71213142,125.469674,131.11580933,129.14680504,7136126,1488539580.0,0.687369,1.5246
2012-12-14,贵州茅台,600519,126.090811,130.1282015,123.2956945,129.14680504,127.7678809,7892633,1609442087.0,0.760237,1.0792
2012-12-13,贵州茅台,600519,130.37044493,133.53203226,127.3951987,127.7678809,131.59408482,6199646,1297953947.0,0.597165,-2.9076
2012-12-12,贵州茅台,600519,127.333085,131.67483263,125.7802425,131.59408482,125.66222647,6432531,1327462831.0,0.619597,4.7205
2012-12-11,贵州茅台,600519,123.2956945,129.196496,123.2956945,125.66222647,123.47582423,9223260,1869715843.0,0.888407,1.7707
2012-12-10,贵州茅台,600519,123.47582423,123.47582423,123.47582423,123.47582423,123.47582423,0,0.0,,0.0
2012-12-07,贵州茅台,600519,122.35777763,125.89825853,122.10311146,123.47582423,120.63101677,9950141,1983064728.0,0.958422,2.3583
2012-12-06,贵州茅台,600519,121.8670794,122.363989,114.289208,120.63101677,122.14037968,11756199,2244829139.0,1.132385,-1.2358
2012-12-05,贵州茅台,600519,120.6869191,124.55039124,117.16507231,122.14037968,122.33293215,11170381,2172380167.0,1.075958,-0.1574
2012-12-04,贵州茅台,600519,121.12792637,124.21497726,118.5129396,122.33293215,124.34541603,7870541,1534594318.0,0.758109,-1.6185
2012-12-03,贵州茅台,600519,132.302181,132.302181,123.63731985,124.34541603,134.17180337,7937236,1620343239.0,0.764534,-7.3237
2012-11-30,贵州茅台,600519,136.1532304,136.1532304,132.43261977,134.17180337,136.20292136,2137137,459310347.0,0.205854,-1.4912
2012-11-29,贵州茅台,600519,135.6563208,136.72467644,135.49482518,136.20292136,135.65010943,1567574,343521807.0,0.150993,0.4075
2012-11-28,贵州茅台,600519,136.18428725,136.18428725,134.786729,135.65010943,136.50106712,1501708,328018453.0,0.144648,-0.6234
2012-11-27,贵州茅台,600519,134.81778585,137.32717933,134.27739666,136.50106712,134.81778585,2045885,447807811.0,0.197065,1.2486
2012-11-26,贵州茅台,600519,137.52594317,137.7681866,133.8550235,134.81778585,138.03527551,2195475,478884312.0,0.211473,-2.3309
2012-11-23,贵州茅台,600519,133.55687774,138.513551,133.55066637,138.03527551,134.96685873,2984464,655947672.0,0.287471,2.2735
2012-11-22,贵州茅台,600519,128.8859275,135.07245202,128.4511316,134.96685873,135.81160505,5152080,1093946850.0,0.496261,-0.622
2012-11-21,贵州茅台,600519,134.07242145,136.5259126,131.55060523,135.81160505,134.14074652,3333464,719458140.0,0.321087,1.2456
2012-11-20,贵州茅台,600519,132.20901045,135.61905258,131.9916125,134.14074652,132.95437485,3807816,820492572.0,0.366778,0.8923
2012-11-19,贵州茅台,600519,139.3831428,139.3831428,129.7555193,132.95437485,139.3831428,7048401,1508795035.0,0.678919,-4.6123
2012-11-16,贵州茅台,600519,140.8738716,140.96704215,138.2029825,139.3831428,141.15338325,1967713,441363632.0,0.189535,-1.2541
2012-11-15,贵州茅台,600519,142.240373,142.240373,140.58193721,141.15338325,143.26524905,1140061,259657230.0,0.109813,-1.4741
2012-11-14,贵州茅台,600519,141.85526806,143.482647,140.6875305,143.26524905,141.65650422,1223848,280680242.0,0.117884,1.1357
2012-11-13,贵州茅台,600519,143.482647,143.482647,140.1906209,141.65650422,143.76837002,2044777,465306375.0,0.196958,-1.4689
2012-11-12,贵州茅台,600519,145.967195,146.45168186,142.17204793,143.76837002,145.84917897,2046433,472928286.0,0.197117,-1.4267
2012-11-09,贵州茅台,600519,145.40196033,146.4641046,145.13487142,145.84917897,145.4081717,1167006,273825060.0,0.112409,0.3033
2012-11-08,贵州茅台,600519,146.58212063,147.17841215,145.25288745,145.4081717,147.50140339,1626181,382711598.0,0.156638,-1.4191
2012-11-07,贵州茅台,600519,145.967195,147.84924011,145.967195,147.50140339,146.54485241,1621759,383915183.0,0.156212,0.6527
2012-11-06,贵州茅台,600519,150.56982017,150.56982017,146.2777635,146.54485241,150.88660004,4171323,991450620.0,0.401792,-2.8775
2012-11-05,贵州茅台,600519,153.41462763,153.41462763,149.8182444,150.88660004,154.26558532,2266559,552311463.0,0.21832,-2.1904
2012-11-02,贵州茅台,600519,154.7873404,155.5948185,152.97362036,154.26558532,154.9115678,1697481,420531725.0,0.163505,-0.417
2012-11-01,贵州茅台,600519,154.17241477,155.81221645,153.01709995,154.9115678,153.63202558,1819126,453437145.0,0.175223,0.8329
2012-10-31,贵州茅台,600519,151.88041924,154.00470778,151.34003005,153.63202558,151.91768746,1584535,390460776.0,0.152626,1.1285
2012-10-30,贵州茅台,600519,150.1909266,152.48292213,149.82445577,151.91768746,150.20334934,1561011,380664727.0,0.15036,1.1413
2012-10-29,贵州茅台,600519,150.06048783,151.3089732,148.48279985,150.20334934,149.74991933,1449080,349849288.0,0.139579,0.3028
2012-10-26,贵州茅台,600519,154.48919464,154.65069026,149.11635959,149.74991933,152.84318159,2455909,596652705.0,0.236559,-2.0238
2012-10-25,贵州茅台,600519,153.420839,154.041976,151.7437691,152.84318159,152.97362036,915980,225725463.0,0.088229,-0.0853
2012-10-24,贵州茅台,600519,151.9301102,153.49537544,151.6195417,152.97362036,151.9922239,1097208,269652766.0,0.105686,0.6457
2012-10-23,贵州茅台,600519,155.7811596,155.7811596,151.9301102,151.9922239,155.61966398,1870276,461008027.0,0.180149,-2.331
2012-10-22,贵州茅台,600519,156.94889716,157.47686361,153.9177486,155.61966398,157.147661,1911744,478244292.0,0.184144,-0.9723
2012-10-19,贵州茅台,600519,156.06067125,158.36508952,156.06067125,157.147661,156.04203714,1862954,472389448.0,0.179444,0.708542
2012-10-18,贵州茅台,600519,154.81839725,158.0793665,154.663113,156.04203714,154.52646286,2227806,561905413.0,0.214588,0.9808
2012-10-17,贵州茅台,600519,155.16623397,155.5948185,153.9798623,154.52646286,155.16623397,1598080,397637468.0,0.153931,-0.4123
2012-10-16,贵州茅台,600519,152.24689007,155.95507796,152.24689007,155.16623397,152.61957227,2773791,690466784.0,0.267178,1.6686
2012-10-15,贵州茅台,600519,152.03570349,153.56991188,152.03570349,152.61957227,151.25307087,1888333,464547296.0,0.181889,0.9035
2012-10-12,贵州茅台,600519,150.70025894,152.04812623,150.14744701,151.25307087,150.27167441,1174212,285916686.0,0.113103,0.6531
2012-10-11,贵州茅台,600519,150.53255195,151.40214375,149.77476481,150.27167441,151.44562334,1062599,257483485.0,0.102352,-0.7752
2012-10-10,贵州茅台,600519,150.936291,152.07297171,149.53873275,151.44562334,151.65059855,1345670,327126305.0,0.129618,-0.1352
2012-10-09,贵州茅台,600519,149.68159426,152.20962185,149.09772548,151.65059855,149.03561178,2341089,569554621.0,0.225499,1.7546
2012-10-08,贵州茅台,600519,152.3649061,152.3649061,147.50761476,149.03561178,152.6754746,2360828,566527560.0,0.227401,-2.3841
2012-09-28,贵州茅台,600519,148.46416574,152.76864515,148.451743,152.6754746,149.50146453,3128344,760146554.0,0.30133,2.1231
2012-09-27,贵州茅台,600519,145.967195,150.05427646,145.67526061,149.50146453,146.50758419,2714042,650222918.0,0.261423,2.0435
2012-09-26,贵州茅台,600519,147.830606,149.42071672,145.1597169,146.50758419,148.14738587,2036267,482230825.0,0.196138,-1.1069
2012-09-25,贵州茅台,600519,144.39571839,148.19086546,143.7932155,148.14738587,144.32739332,2623050,619272096.0,0.252658,2.6468
2012-09-24,贵州茅台,600519,142.240373,144.71249826,141.66892696,144.32739332,143.22798083,1763483,408195802.0,0.169863,0.7676
2012-09-21,贵州茅台,600519,141.81178847,144.724921,141.69377244,143.22798083,142.26521848,1567968,361373291.0,0.15103,0.6767
2012-09-20,贵州茅台,600519,143.4205333,144.59448223,142.17204793,142.26521848,143.83048372,2151753,496309722.0,0.207262,-1.0883
2012-09-19,贵州茅台,600519,148.78715698,149.694017,142.95468055,143.83048372,149.27785521,4099132,958082585.0,0.394838,-3.6491
2012-09-18,贵州茅台,600519,149.56357823,150.9984047,148.7623115,149.27785521,149.8803581,1827708,441080167.0,0.176049,-0.402
2012-09-17,贵州茅台,600519,152.178565,153.22207516,149.8182444,149.8803581,152.02949212,2001452,488152584.0,0.192785,-1.4136
2012-09-14,贵州茅台,600519,149.694017,152.27173555,148.52006807,152.02949212,149.06045726,2458683,597041985.0,0.236826,1.9918
2012-09-13,贵州茅台,600519,149.35239165,150.02943098,148.0169471,149.06045726,149.23437562,1429423,342849642.0,0.137685,-0.1165
2012-09-12,贵州茅台,600519,150.0045855,153.1102705,148.3896293,149.23437562,148.90517301,2902325,703237246.0,0.279559,0.2211
2012-09-11,贵州茅台,600519,149.2592211,149.2592211,147.81818326,148.90517301,150.11639016,1613572,385605480.0,0.155423,-0.8069
2012-09-10,贵州茅台,600519,150.13502427,152.799702,148.62566136,150.11639016,150.0666992,2816965,683513906.0,0.271337,0.0331
2012-09-07,贵州茅台,600519,144.8491484,150.936291,144.8491484,150.0666992,143.94849975,4281280,1023079148.0,0.412383,4.2503
2012-09-06,贵州茅台,600519,145.50134225,145.6566265,142.3024867,143.94849975,145.38332622,2079419,481683557.0,0.200295,-0.9869
2012-09-05,贵州茅台,600519,144.4143525,145.94856089,144.103784,145.38332622,144.99200991,2749049,643292488.0,0.264795,0.2699
2012-09-04,贵州茅台,600519,147.209469,147.830606,143.482647,144.99200991,136.50106712,11150873,2606767797.0,1.074079,6.2204
2012-09-03,贵州茅台,600519,136.50106712,136.50106712,136.50106712,136.50106712,136.50106712,0,0.0,,0.0
2012-08-31,贵州茅台,600519,135.407866,137.892414,134.9109564,136.50106712,135.33332956,2248472,496296849.0,0.216578,0.8629
2012-08-30,贵州茅台,600519,134.78051763,136.14701903,132.6127495,135.33332956,136.12838492,4834871,1046698765.0,0.465706,-0.584048
2012-08-29,贵州茅台,600519,139.755825,139.755825,135.88614149,136.12838492,140.08502761,3042567,674492583.0,0.293067,-2.8245
2012-08-28,贵州茅台,600519,142.240373,143.22176946,139.76203637,140.08502761,141.9298045,2029476,461461656.0,0.195484,-1.2998
2012-08-27,贵州茅台,600519,143.1720785,143.25282631,141.09126955,141.9298045,144.02924756,2089940,478778009.0,0.201308,-1.4577
2012-08-24,贵州茅台,600519,141.12853777,144.66901867,141.02915585,144.02924756,141.78694299,2167620,500922594.0,0.20879,1.5815
2012-08-23,贵州茅台,600519,144.0416703,144.0416703,140.42044159,141.78694299,144.21558866,2795600,639443950.0,0.269279,-1.684
2012-08-22,贵州茅台,600519,147.15977804,147.15977804,142.86151,144.21558866,146.45789323,2042310,473902047.0,0.19672,-1.531
2012-08-21,贵州茅台,600519,144.51994579,149.0107663,144.51994579,146.45789323,144.50752305,2632324,624105412.0,0.253552,1.3497
2012-08-20,贵州茅台,600519,142.61926657,144.52615716,140.36453926,144.50752305,142.62547794,2405208,554470085.0,0.231675,1.3196
2012-08-17,贵州茅台,600519,148.09148354,148.09148354,141.9298045,142.62547794,148.62566136,5907195,1365745648.0,0.568995,-4.0371
2012-08-16,贵州茅台,600519,151.71892362,152.4891335,148.49522259,148.62566136,151.63817581,3148258,758259700.0,0.303248,-1.9866
2012-08-15,贵州茅台,600519,153.40841626,153.6692938,151.2468595,151.63817581,153.7314075,2272348,556345599.0,0.218878,-1.3616
2012-08-14,贵州茅台,600519,154.041976,155.27803863,152.178565,153.7314075,154.041976,1878686,465808752.0,0.18096,-0.2016
2012-08-13,贵州茅台,600519,154.34012176,155.08548616,153.2966116,154.041976,154.17241477,2303706,572237191.0,0.221899,-0.0846
2012-08-10,贵州茅台,600519,155.905387,158.2035939,151.56985074,154.17241477,162.06706604,9122580,2273430545.0,0.878709,-4.8712
2012-08-09,贵州茅台,600519,156.4022966,162.52049605,156.0296144,162.06706604,157.0234336,3067240,789861698.0,0.295444,3.212
2012-08-08,贵州茅台,600519,156.81224702,157.768798,154.663113,157.0234336,156.4644103,1489341,375890830.0,0.143457,0.3573
2012-08-07,贵州茅台,600519,154.55130834,157.00479949,154.11651244,156.4644103,154.55751971,1811918,454543099.0,0.174528,1.2338
2012-08-06,贵州茅台,600519,153.19722968,155.0357952,152.3027924,154.55751971,153.39599352,1732099,428757448.0,0.16684,0.7572
2012-08-03,贵州茅台,600519,150.6257225,153.420839,150.42074729,153.39599352,150.41453592,1647273,403397229.0,0.158669,1.9822
2012-08-02,贵州茅台,600519,151.00461607,152.48292213,149.78718755,150.41453592,150.96734785,1705477,414452980.0,0.164276,-0.3662
2012-08-01,贵州茅台,600519,152.91150666,154.43329231,150.24682893,150.96734785,153.07300228,2671517,654397913.0,0.257327,-1.3756
2012-07-31,贵州茅台,600519,154.9736815,157.768798,152.83075885,153.07300228,155.18486808,1946572,487548460.0,0.187499,-1.3609
2012-07-30,贵州茅台,600519,154.81839725,156.8992062,153.76246435,155.18486808,154.94262465,1749531,439211392.0,0.168519,0.1563
2012-07-27,贵州茅台,600519,155.83085056,156.526524,153.2966116,154.94262465,155.55755028,1842165,458534524.0,0.177442,-0.3953
2012-07-26,贵州茅台,600519,158.3278213,161.1850515,155.0979089,155.55755028,158.73156035,2341879,594576399.0,0.225575,-1.9996
2012-07-25,贵州茅台,600519,155.28425,158.8868446,154.97989287,158.73156035,154.89914506,2617022,664005628.0,0.252078,2.4741
2012-07-24,贵州茅台,600519,149.45177357,157.88060266,149.45177357,154.89914506,150.67541346,3437214,853488549.0,0.331081,2.8032
2012-07-23,贵州茅台,600519,148.99834356,151.22201402,148.451743,150.67541346,150.98598196,1981140,477867229.0,0.190828,-0.2057
2012-07-20,贵州茅台,600519,152.48292213,155.74389138,150.86796593,150.98598196,152.93014077,2605464,644548783.0,0.250965,-1.2713
2012-07-19,贵州茅台,600519,151.55121663,154.38360135,150.96734785,152.93014077,152.15371952,2658099,654750767.0,0.256035,0.5103
2012-07-18,贵州茅台,600519,157.5203432,158.9489583,149.0107663,152.15371952,157.61972512,7404692,1815273721.0,0.713238,-3.4678
2012-07-17,贵州茅台,600519,161.49562,162.11054563,157.34021347,157.61972512,162.89317825,3603098,925218299.0,0.347059,-3.2374
2012-07-16,贵州茅台,600519,162.8000077,165.27213296,162.6757803,162.89317825,163.1726899,2953356,779744589.0,0.284474,-0.1713
2012-07-13,贵州茅台,600519,158.80609679,163.980168,158.5762761,163.1726899,159.04834022,2954811,769107549.0,0.284615,2.5931
2012-07-12,贵州茅台,600519,160.32167107,164.60751637,158.389935,159.04834022,160.25955737,3727302,968810613.0,0.359023,-0.7558
2012-07-11,贵州茅台,600519,155.85569604,160.45832121,154.27800806,160.25955737,155.5327048,3200994,808688574.0,0.308327,3.0391
2012-07-10,贵州茅台,600519,158.0793665,159.75022503,155.20350219,155.5327048,158.22222801,2698710,683253815.0,0.259946,-1.6998
2012-07-09,贵州茅台,600519,161.42108356,163.359031,158.16011431,158.22222801,161.48940863,2852711,736832305.0,0.27478,-2.0232
2012-07-06,贵州茅台,600519,156.49546715,162.72547126,155.4084774,161.48940863,156.31533742,3915883,1005403254.0,0.377187,3.31
2012-07-05,贵州茅台,600519,156.2780692,157.76258663,154.76249492,156.31533742,158.17874842,2274937,572395284.0,0.219127,-1.178
2012-07-04,贵州茅台,600519,157.163724,158.9371668,154.106064,158.17886712,155.90396808,4503524,1155572210.0,0.43379,1.4592
2012-07-03,贵州茅台,600519,147.5626716,155.94066,147.38532732,155.90396808,147.8990142,5015863,1255671521.0,0.48314,5.4124
2012-07-02,贵州茅台,600519,146.76768,149.78864808,144.33378264,147.8990142,146.2478778,2573126,622505563.0,0.24785,1.129
2012-06-29,贵州茅台,600519,143.93628684,147.379212,143.93628684,146.2478778,144.40716648,2322419,555873153.0,0.223701,1.2747
2012-06-28,贵州茅台,600519,147.91736016,147.990744,144.31543668,144.40716648,147.9295908,2221341,529704806.0,0.213965,-2.3811
2012-06-27,贵州茅台,600519,145.544616,148.18031892,145.544616,147.9295908,145.4528862,2325714,559606599.0,0.224018,1.7028
2012-06-26,贵州茅台,600519,145.0553904,146.08276416,142.25457384,145.4528862,145.3000032,2612247,615182456.0,0.251618,0.1052
2012-06-25,贵州茅台,600519,145.6057692,147.96628272,145.23885,145.3000032,146.63314296,1843405,440645799.0,0.177561,-0.9092
2012-06-21,贵州茅台,600519,148.94473392,148.9691952,146.0338416,146.63314296,148.94473392,1703403,409685074.0,0.164076,-1.552
2012-06-20,贵州茅台,600519,149.10984756,149.45230548,147.990744,148.94473392,149.0303484,1139346,277398320.0,0.109745,-0.0574
2012-06-19,贵州茅台,600519,149.89260852,151.76389644,147.96628272,149.0303484,150.71817672,1729994,423906505.0,0.166637,-1.1199
2012-06-18,贵州茅台,600519,148.85300412,151.84951092,148.85300412,150.71817672,148.83465816,1953835,482525469.0,0.188198,1.2655
2012-06-15,贵州茅台,600519,149.83757064,150.68760012,146.62702764,148.83465816,149.57461188,1985984,483582930.0,0.191295,-0.4947
2012-06-14,贵州茅台,600519,145.544616,150.30845028,145.06762104,149.57461188,146.15003268,2870473,698222394.0,0.276491,2.3432
2012-06-13,贵州茅台,600519,143.404254,146.26622376,142.5481092,146.15003268,143.0067582,2046347,485626133.0,0.197109,2.198
2012-06-12,贵州茅台,600519,143.22690972,144.62120268,141.95492316,143.0067582,144.0463626,1637252,382922345.0,0.157704,-0.7217
2012-06-11,贵州茅台,600519,146.0949948,146.90833236,142.7315688,144.0463626,146.14391736,3306123,780468481.0,0.318454,-1.4353
2012-06-08,贵州茅台,600519,146.156148,146.87775576,144.321552,146.14391736,145.53238536,1728624,411908852.0,0.166505,0.4202
2012-06-07,贵州茅台,600519,145.78311348,147.17129112,144.8107776,145.53238536,144.67624056,1967730,470452059.0,0.189536,0.5918
2012-06-06,贵州茅台,600519,147.379212,147.990744,144.57228012,144.67624056,147.2569056,1872894,445576921.0,0.180402,-1.7525
2012-06-05,贵州茅台,600519,145.22661936,147.8684376,145.06150572,147.2569056,144.64566396,2456131,588242228.0,0.23658,1.8053
2012-06-04,贵州茅台,600519,145.544616,148.59616068,144.60897204,144.64566396,146.99394684,2432761,581257511.0,0.234329,-1.5975
2012-06-01,贵州茅台,600519,145.544616,148.602276,144.75573972,146.99394684,144.73739376,3850434,923904347.0,0.370883,1.5591
2012-05-31,贵州茅台,600519,139.5516024,145.4223096,139.429296,144.73739376,139.83290712,3736705,877484818.0,0.359928,3.5074
2012-05-30,贵州茅台,600519,139.12964532,140.64012936,138.817764,139.83290712,137.89435068,2570070,587866122.0,0.247555,1.4058
2012-05-29,贵州茅台,600519,137.89435068,137.89435068,137.89435068,137.89435068,137.89435068,0,0.0,,0.0
2012-05-28,贵州茅台,600519,133.32009132,138.1450788,133.19778492,137.89435068,133.66866456,2783372,618961099.0,0.268101,3.1613
2012-05-25,贵州茅台,600519,134.68380768,135.06907284,132.090912,133.66866456,134.68380768,3056929,667952251.0,0.294451,-0.7537
2012-05-24,贵州茅台,600519,140.5300536,142.34630364,133.24059216,134.68380768,140.93978004,5374347,1201209541.0,0.51767,-4.4388
2012-05-23,贵州茅台,600519,140.193711,141.9365772,139.429296,140.93978004,140.21205696,2472263,570787761.0,0.238134,0.519
2012-05-22,贵州茅台,600519,137.60081532,141.569658,137.60081532,140.21205696,136.48782708,4145847,951034142.0,0.399338,2.7286
2012-05-21,贵州茅台,600519,133.05713256,137.30116464,133.05713256,136.48782708,133.26505344,2884345,638767871.0,0.277827,2.4183
2012-05-18,贵州茅台,600519,133.72370244,134.51869404,132.0297588,133.26505344,134.48200212,2627778,571816871.0,0.253114,-0.9049
2012-05-17,贵州茅台,600519,134.61042384,135.3931848,133.68701052,134.48200212,134.54927064,3417233,751957382.0,0.329156,-0.05
2012-05-16,贵州茅台,600519,136.3410594,136.6162488,133.313976,134.54927064,136.43890452,2813954,619595453.0,0.271047,-1.385
2012-05-15,贵州茅台,600519,135.2097252,136.77524712,134.5981932,136.43890452,135.87017976,1616874,359784509.0,0.155741,0.4186
2012-05-14,贵州茅台,600519,139.429296,139.429296,134.91007452,135.87017976,139.23972108,3879704,863502637.0,0.373702,-2.42
2012-05-11,贵州茅台,600519,139.429296,139.735062,138.1450788,139.23972108,139.2458364,2326071,528011697.0,0.224053,-0.0044
2012-05-10,贵州茅台,600519,141.263892,141.263892,138.7871874,139.2458364,141.15993156,3057404,697959454.0,0.294497,-1.356
2012-05-09,贵州茅台,600519,141.33727584,142.2729198,138.9400704,141.15993156,143.16575652,3290959,756259728.0,0.316993,-1.4011
2012-05-08,贵州茅台,600519,143.3736774,143.6182902,140.27321016,143.16575652,143.41036932,3666491,851128752.0,0.353165,-0.1706
2012-05-07,贵州茅台,600519,143.5877136,145.39784832,142.65818496,143.41036932,143.098488,3424466,805751890.0,0.329853,0.2179
2012-05-04,贵州茅台,600519,138.511998,143.63663616,138.511998,143.098488,138.62818908,3187943,734789680.0,0.30707,3.2247
2012-05-03,贵州茅台,600519,138.19400136,139.0012236,136.74467052,138.62818908,138.19400136,2565446,579082874.0,0.24711,0.3142
2012-05-02,贵州茅台,600519,138.206232,138.55480524,135.760104,138.19400136,137.32562592,3533975,793434507.0,0.340401,0.6323
2012-04-27,贵州茅台,600519,132.51286908,137.88823536,132.51286908,137.32562592,132.51286908,4272823,954712957.0,0.411569,3.6319
2012-04-26,贵州茅台,600519,131.020731,132.702444,130.562082,132.51286908,130.20739344,3501976,753334296.0,0.337319,1.7706
2012-04-25,贵州茅台,600519,129.9199734,130.41531432,128.42172,130.20739344,129.35124864,1552942,329552763.0,0.149583,0.6619
2012-04-24,贵州茅台,600519,129.76097508,130.26243132,128.38502808,129.35124864,129.54693888,2178206,459834811.0,0.20981,-0.1511
2012-04-23,贵州茅台,600519,129.47355504,131.03296164,128.33610552,129.54693888,129.95055,1328165,281175038.0,0.127932,-0.3106
2012-04-20,贵州茅台,600519,127.3821156,130.4703522,127.3821156,129.95055,128.10372336,1704631,360265741.0,0.164194,1.4417
2012-04-19,贵州茅台,600519,130.73331096,131.09411484,127.08246492,128.10372336,130.78223352,2182370,459867207.0,0.210211,-2.0481
2012-04-18,贵州茅台,600519,128.67244812,131.3570736,128.42172,130.78223352,128.53179576,2281545,485407318.0,0.219764,1.7509
2012-04-17,贵州茅台,600519,130.15847088,130.26243132,128.42172,128.53179576,130.15235556,1787226,377050666.0,0.17215,-1.2451
2012-04-16,贵州茅台,600519,129.95055,131.7239928,129.39405588,130.15235556,130.27466196,2089329,447725423.0,0.201249,-0.0939
2012-04-13,贵州茅台,600519,129.95055,130.8984246,129.2778648,130.27466196,129.90162744,2052730,436617432.0,0.197724,0.2872
2012-04-12,贵州茅台,600519,127.7184582,129.96278064,126.39143376,129.90162744,127.7184582,2842297,597232641.0,0.273777,1.7094
2012-04-11,贵州茅台,600519,125.36406,129.339018,124.45287732,127.7184582,127.26592452,3146072,655577444.0,0.303037,0.3556
2012-04-10,贵州茅台,600519,127.98141696,128.28718296,125.43132852,127.26592452,127.96918632,1664063,344431373.0,0.160287,-0.5496
2012-04-09,贵州茅台,600519,126.9234666,128.37279744,125.7309792,127.96918632,127.18031004,1447453,300301660.0,0.139422,0.6203
2012-04-06,贵州茅台,600519,125.74320984,127.24757856,125.68817196,127.18031004,125.975592,2672989,553032996.0,0.257469,0.9563
2012-04-05,贵州茅台,600519,119.9214252,126.2202048,119.9214252,125.975592,120.44734272,4096098,831105661.0,0.394546,4.5898
2012-03-30,贵州茅台,600519,123.01577712,124.13488068,119.24874,120.44734272,123.0096618,3795990,749355396.0,0.365639,-2.083
2012-03-29,贵州茅台,600519,122.7956256,125.669826,122.3064,123.0096618,123.1625448,3698279,751200412.0,0.356227,-0.1241
2012-03-28,贵州茅台,600519,121.694868,125.36406,121.27291092,123.1625448,123.223698,5546101,1116354644.0,0.534214,-0.0496
2012-03-27,贵州茅台,600519,128.55625704,129.02713668,122.917932,123.223698,131.6016864,7910614,1635757954.0,0.761969,-6.3662
2012-03-26,贵州茅台,600519,129.10663584,132.0297588,129.0944052,131.6016864,129.65701464,3765379,807094326.0,0.36269,1.4999
2012-03-23,贵州茅台,600519,126.89289,129.9811266,126.89289,129.65701464,125.5780962,5487370,1159278435.0,0.528557,3.2481
2012-03-22,贵州茅台,600519,124.94821824,126.5259708,124.92987228,125.5780962,125.4252132,833187,171049550.0,0.080255,0.1219
2012-03-21,贵州茅台,600519,127.0763496,127.810188,124.66691352,125.4252132,127.045773,2952771,607930947.0,0.284418,-1.2756
2012-03-20,贵州茅台,600519,126.9234666,127.8713412,126.04286052,127.045773,126.97850448,2340021,486464276.0,0.225396,0.053
2012-03-19,贵州茅台,600519,127.0763496,129.38182524,125.71263324,126.97850448,126.94792788,4563576,952934077.0,0.439575,0.0241
2012-03-16,贵州茅台,600519,122.78951028,127.198656,122.4898596,126.94792788,121.65206076,5158356,1060740607.0,0.496865,4.3533
2012-03-15,贵州茅台,600519,121.71932928,123.7740768,121.4502552,121.65206076,121.49306244,2809496,562966952.0,0.270617,0.1309
2012-03-14,贵州茅台,600519,123.27873588,124.7831046,121.083336,121.49306244,123.32154312,4069986,820433738.0,0.392031,-1.4827
2012-03-13,贵州茅台,600519,122.3675532,124.3244556,122.3675532,123.32154312,122.63662728,1831624,370157885.0,0.176426,0.5585
2012-03-12,贵州茅台,600519,122.37978384,123.29096652,121.71321396,122.63662728,122.26359276,2568162,514548199.0,0.247372,0.3051
2012-03-09,贵州茅台,600519,119.05916508,122.37978384,118.7595144,122.26359276,118.90628208,2923934,578119773.0,0.28164,2.8235
2012-03-08,贵州茅台,600519,118.15409772,119.92754052,118.01344536,118.90628208,118.10517516,2357465,458505182.0,0.227077,0.6783
2012-03-07,贵州茅台,600519,119.07751104,119.60954388,118.01344536,118.10517516,119.8908486,2919886,567286770.0,0.28125,-1.4894
2012-03-06,贵州茅台,600519,121.694868,122.20855488,119.860272,119.8908486,122.20855488,3147400,621286494.0,0.303165,-1.8965
2012-03-05,贵州茅台,600519,122.8262022,122.84454816,121.4502552,122.20855488,122.8567788,3055381,609500901.0,0.294302,-0.5276
2012-03-02,贵州茅台,600519,123.91472916,124.5690684,122.00674932,122.8567788,123.88415256,3521672,706746810.0,0.339216,-0.8293
2012-03-01,贵州茅台,600519,124.45899264,125.65148004,123.76796148,123.88415256,125.03383272,1692079,345438323.0,0.162985,-0.9195
2012-02-29,贵州茅台,600519,122.917932,125.36406,122.612166,125.03383272,122.75893368,3943224,802601071.0,0.379821,1.8531
2012-02-28,贵州茅台,600519,121.95782676,122.8873554,121.42579392,122.75893368,121.389102,2569800,514122721.0,0.247529,1.1285
2012-02-27,贵州茅台,600519,121.56033096,122.31863064,120.77757,121.389102,121.13225856,2656235,528808015.0,0.255855,0.212
2012-02-24,贵州茅台,600519,118.74728376,121.21175772,118.7289378,121.13225856,118.82678292,2394408,471970592.0,0.230635,1.9402
2012-02-23,贵州茅台,600519,117.73214064,119.27320128,117.73214064,118.82678292,117.87890832,3343326,649316717.0,0.322037,0.8041
2012-02-22,贵州茅台,600519,117.87890832,118.331442,116.79038136,117.87890832,117.3835674,2235227,429952037.0,0.215302,0.422
2012-02-21,贵州茅台,600519,117.28572228,117.76883256,116.4356928,117.3835674,116.71699752,1378929,264260509.0,0.132822,0.5711
2012-02-20,贵州茅台,600519,118.00121472,118.43540244,116.6803056,116.71699752,117.07168608,1853002,356774753.0,0.178486,-0.303
2012-02-17,贵州茅台,600519,118.56382416,118.56382416,116.41734684,117.07168608,117.24291504,1228791,235751780.0,0.11836,-0.146
2012-02-16,贵州茅台,600519,118.34367264,119.1264336,116.5579992,117.24291504,119.1264336,2201602,424963025.0,0.212064,-1.5811
2012-02-15,贵州茅台,600519,117.86056236,119.7991188,117.86056236,119.1264336,118.52713224,2471409,481676731.0,0.238052,0.5056
2012-02-14,贵州茅台,600519,117.83610108,119.04081912,117.2918376,118.52713224,118.28251944,1514248,292922052.0,0.145856,0.2068
2012-02-13,贵州茅台,600519,115.885314,119.35270044,115.37162712,118.28251944,116.50296132,2163921,416409710.0,0.208434,1.5275
2012-02-10,贵州茅台,600519,115.90365996,117.6587568,115.6407012,116.50296132,116.649729,2227637,425266909.0,0.214571,-0.1258
2012-02-09,贵州茅台,600519,114.968016,116.8943418,114.76009512,116.649729,115.14536028,3138479,596916589.0,0.302306,1.3065
2012-02-08,贵州茅台,600519,113.65933752,115.579548,113.18234256,115.14536028,113.65933752,2308220,432175419.0,0.222333,1.3074
2012-02-07,贵州茅台,600519,114.5399436,115.2432054,113.3780328,113.65933752,115.29824328,1794210,334371756.0,0.172823,-1.4214
2012-02-06,贵州茅台,600519,114.11798652,115.43278032,113.6226456,115.29824328,114.03848736,2974767,557205041.0,0.286537,1.1047
2012-02-03,贵州茅台,600519,114.02625672,114.1118712,112.21000668,114.03848736,114.00791076,2651789,490438844.0,0.255427,0.0268
2012-02-02,贵州茅台,600519,113.8366818,114.356484,112.69311696,114.00791076,113.8366818,2037511,378596177.0,0.196258,0.1504
2012-02-01,贵州茅台,600519,113.8672584,115.28601264,113.06003616,113.8366818,113.99568012,2482436,464159684.0,0.239114,-0.1395
2012-01-31,贵州茅台,600519,112.77873144,114.1118712,112.7359242,113.99568012,112.3995816,1585470,294490836.0,0.152716,1.42
2012-01-30,贵州茅台,600519,113.73883668,114.35036868,111.94704792,112.3995816,113.72660604,3055021,563162776.0,0.294267,-1.1669
2012-01-20,贵州茅台,600519,111.298824,113.8672584,111.298824,113.72660604,110.5038324,2968320,548292985.0,0.285916,2.9164
2012-01-19,贵州茅台,600519,108.78542748,111.0542112,107.32998132,110.5038324,108.47354616,2432942,437246157.0,0.234347,1.8717
2012-01-18,贵州茅台,600519,110.94413544,113.24349576,108.03324312,108.47354616,110.34483408,4729465,858725547.0,0.455553,-1.6959
2012-01-17,贵州茅台,600519,108.7915428,111.28659336,104.5108188,110.34483408,108.49189212,6122764,1077158896.0,0.589759,1.7079
2012-01-16,贵州茅台,600519,114.58886616,114.58886616,107.42171112,108.49189212,115.38997308,5165579,933514133.0,0.497561,-5.9781
2012-01-13,贵州茅台,600519,116.6191524,116.9249184,114.67448064,115.38997308,116.4051162,2054230,387615921.0,0.197868,-0.8721
2012-01-12,贵州茅台,600519,115.32270456,117.14506992,115.32270456,116.4051162,115.99538976,2744036,522231553.0,0.264312,0.3532
2012-01-11,贵州茅台,600519,117.9950994,118.56993948,115.7630076,115.99538976,118.93074336,3989116,761167931.0,0.384241,-2.4681
2012-01-10,贵州茅台,600519,114.356484,119.04081912,113.81222052,118.93074336,114.97413132,3923560,749263279.0,0.377927,3.4413
2012-01-09,贵州茅台,600519,113.744952,115.02305388,111.15817164,114.97413132,114.13633248,2616016,483282452.0,0.251981,0.734
2012-01-06,贵州茅台,600519,111.9715092,114.9985926,111.0847878,114.13633248,112.0020858,2519062,464647453.0,0.242642,1.9055
2012-01-05,贵州茅台,600519,112.521888,113.2557264,111.51897552,112.0020858,113.29853364,3012264,553347012.0,0.290149,-1.1443
2012-01-04,贵州茅台,600519,117.108378,117.88502364,113.13342,113.29853364,118.2091356,3387828,637232812.0,0.326324,-4.1542
2011-12-30,贵州茅台,600519,117.8422164,119.17535616,116.19108,118.2091356,117.54256572,2946086,569875567.0,0.283774,0.5671
2011-12-29,贵州茅台,600519,115.6407012,117.95840748,115.6407012,117.54256572,116.33173236,2006213,384717995.0,0.193243,1.0408
2011-12-28,贵州茅台,600519,115.1514756,116.496846,114.04460268,116.33173236,115.59789396,2773843,524088087.0,0.267183,0.6348
2011-12-27,贵州茅台,600519,118.025676,118.025676,115.16370624,115.59789396,118.09905984,3131498,594898815.0,0.301633,-2.1179
2011-12-26,贵州茅台,600519,122.67943452,122.68554984,117.5976036,118.09905984,122.77116432,4699504,918253511.0,0.452668,-3.8055
2011-12-23,贵州茅台,600519,122.2452468,123.1625448,121.694868,122.77116432,122.10459444,1760956,353128167.0,0.16962,0.5459
2011-12-22,贵州茅台,600519,120.77757,122.86900944,119.7379656,122.10459444,120.61245636,1744332,346785291.0,0.168018,1.2371
2011-12-21,贵州茅台,600519,123.02800776,123.21146736,120.45957336,120.61245636,122.45316768,2196281,437207569.0,0.211551,-1.5032
2011-12-20,贵州茅台,600519,122.917932,124.0186896,121.389102,122.45316768,122.917932,1710630,342834670.0,0.164772,-0.3781
2011-12-19,贵州茅台,600519,122.89958604,123.15642948,121.8783276,122.917932,123.39492696,2545636,510463389.0,0.245202,-0.3866
2011-12-16,贵州茅台,600519,121.083336,123.51723336,121.07722068,123.39492696,120.45957336,3064900,614353385.0,0.295219,2.4368
2011-12-15,贵州茅台,600519,120.39230484,121.62148416,119.2793166,120.45957336,120.98549088,2188003,430851248.0,0.210754,-0.4347
2011-12-14,贵州茅台,600519,120.013155,122.3064,120.013155,120.98549088,120.013155,2081322,412444014.0,0.200478,0.8102
2011-12-13,贵州茅台,600519,120.42288144,121.07110536,119.84804136,120.013155,120.80203128,2999583,591182085.0,0.288927,-0.653
2011-12-12,贵州茅台,600519,122.19632424,122.8567788,120.40453548,120.80203128,122.19632424,2952692,585362504.0,0.28441,-1.141
2011-12-09,贵州茅台,600519,124.0492662,124.6607982,122.1229404,122.19632424,124.140996,3674573,737854853.0,0.353944,-1.5665
2011-12-08,贵州茅台,600519,125.9144388,127.5655752,124.06761216,124.140996,125.7921324,2466108,506265018.0,0.237541,-1.3126
2011-12-07,贵州茅台,600519,124.5690684,126.281358,124.5690684,125.7921324,124.55072244,2733376,562146777.0,0.263285,0.9967
2011-12-06,贵州茅台,600519,126.28747332,126.3119346,123.3460044,124.55072244,126.41589504,3715216,756470593.0,0.357859,-1.4754
2011-12-05,贵州茅台,600519,131.1430374,131.1430374,126.2202048,126.41589504,130.88619396,3902560,816027278.0,0.375904,-3.4154
2011-12-02,贵州茅台,600519,129.644784,132.2132184,129.644784,130.88619396,130.15847088,2726718,584935196.0,0.262644,0.5591
2011-12-01,贵州茅台,600519,130.3786224,131.59557108,128.58683364,130.15847088,128.45841192,3378549,719311327.0,0.32543,1.3234
2011-11-30,贵州茅台,600519,130.18293216,131.34484296,127.6878816,128.45841192,129.98724192,4026323,850997830.0,0.387825,-1.1761
2011-11-29,贵州茅台,600519,130.7455416,132.14594988,129.5224776,129.98724192,130.78834884,4135500,884545013.0,0.398341,-0.6125
2011-11-28,贵州茅台,600519,128.61129492,131.33872764,127.99976292,130.78834884,128.40948936,5337998,1136929564.0,0.514169,1.8526
2011-11-25,贵州茅台,600519,127.045773,130.46423688,126.587124,128.40948936,127.00908108,4023570,848244760.0,0.38756,1.1026
2011-11-24,贵州茅台,600519,127.5655752,127.92026376,126.89289,127.00908108,127.87745652,2655899,554286399.0,0.255823,-0.6791
2011-11-23,贵州茅台,600519,125.74320984,127.9936476,125.74320984,127.87745652,126.01839924,3153785,656169793.0,0.30378,1.4752
2011-11-22,贵州茅台,600519,122.85066348,126.51985548,122.6733192,126.01839924,122.83843284,3565252,729198883.0,0.343414,2.5887
2011-11-21,贵州茅台,600519,122.7344724,124.3856088,122.37366852,122.83843284,122.65497324,1838975,370926323.0,0.177135,0.1496
2011-11-18,贵州茅台,600519,123.45608016,124.06761216,122.1229404,122.65497324,123.43161888,1990746,401272250.0,0.191753,-0.6292
2011-11-17,贵州茅台,600519,122.8262022,124.5079152,122.49597492,123.43161888,122.77727964,1558904,315328822.0,0.150157,0.5329
2011-11-16,贵州茅台,600519,124.7219514,124.7219514,122.2452468,122.77727964,124.70972076,2954580,592948956.0,0.284592,-1.5496
2011-11-15,贵州茅台,600519,126.9540432,127.1680794,124.140996,124.70972076,126.74612232,1778226,364242671.0,0.171283,-1.6067
2011-11-14,贵州茅台,600519,125.66371068,127.2903858,124.8748344,126.74612232,124.73418204,1798624,371343631.0,0.173248,1.613
2011-11-11,贵州茅台,600519,125.37017532,125.4557898,124.15934196,124.73418204,125.37017532,1169264,238543944.0,0.112626,-0.5073
2011-11-10,贵州茅台,600519,124.31834028,125.7309792,124.22049516,125.37017532,124.82591184,1461770,298980855.0,0.140801,0.436
2011-11-09,贵州茅台,600519,125.3029068,126.37920312,123.83523,124.82591184,125.211177,2469607,506506704.0,0.237878,-0.3077
2011-11-08,贵州茅台,600519,126.99073512,127.15584876,124.74029736,125.211177,126.4648176,2554641,525028363.0,0.246069,-0.9913
2011-11-07,贵州茅台,600519,127.3209624,127.6267284,126.31804992,126.4648176,127.05188832,1657390,344437182.0,0.159644,-0.4621
2011-11-04,贵州茅台,600519,127.12527216,128.42172,126.17739756,127.05188832,126.75835296,1854675,384686866.0,0.178647,0.2316
2011-11-03,贵州茅台,600519,129.07605924,129.339018,126.69108444,126.75835296,128.15876124,3046590,636306542.0,0.293455,-1.0927
2011-11-02,贵州茅台,600519,125.3334834,128.2076838,125.1194472,128.15876124,126.70331508,2664701,550968563.0,0.25667,1.1487
2011-11-01,贵州茅台,600519,124.25107176,126.89289,123.84134532,126.70331508,124.88094972,2714739,559038584.0,0.26149,1.4593
2011-10-31,贵州茅台,600519,125.5475196,126.08566776,123.94530576,124.88094972,125.37017532,2812199,574616414.0,0.270878,-0.3902
2011-10-28,贵州茅台,600519,124.45287732,126.4648176,124.45287732,125.37017532,123.529464,2605660,533715365.0,0.250983,1.4901
2011-10-27,贵州茅台,600519,123.5600406,124.97267952,123.24815928,123.529464,123.44384952,2010454,407006042.0,0.193652,0.0694
2011-10-26,贵州茅台,600519,122.23301616,123.57838656,121.51752372,123.44384952,122.68554984,2949276,591834128.0,0.284081,0.6181
2011-10-25,贵州茅台,600519,121.8171744,124.34280156,121.8171744,122.68554984,122.6427426,3204192,643502583.0,0.308635,0.0349
2011-10-24,贵州茅台,600519,119.7379656,122.98520052,118.8818208,122.6427426,118.87570548,3239068,638275445.0,0.311995,3.1689
2011-10-21,贵州茅台,600519,116.59469112,119.24874,116.59469112,118.87570548,116.8637652,1711645,330777243.0,0.16487,1.7216
2011-10-20,贵州茅台,600519,120.471804,121.42579392,116.5579992,116.8637652,121.15671984,2931263,569297369.0,0.282346,-3.5433
2011-10-19,贵州茅台,600519,120.72864744,123.223698,120.471804,121.15671984,120.11711544,2265785,451701350.0,0.218246,0.8655
2011-10-18,贵州茅台,600519,119.45666088,121.92113484,119.25485532,120.11711544,120.55741848,2278575,451487836.0,0.219478,-0.3652
2011-10-17,贵州茅台,600519,117.51810444,120.78368532,117.1695312,120.55741848,117.07168608,2600851,509046255.0,0.25052,2.9774
2011-10-14,贵州茅台,600519,116.8331886,117.89113896,116.0687736,117.07168608,117.45695124,1246836,238319748.0,0.120098,-0.328
2011-10-13,贵州茅台,600519,117.43860528,119.15089488,116.19108,117.45695124,117.43860528,2396172,460883857.0,0.230805,0.0156
2011-10-12,贵州茅台,600519,114.050718,117.7810632,112.78484676,117.43860528,114.33813804,2977855,563092939.0,0.286834,2.7117
2011-10-11,贵州茅台,600519,117.40802868,117.40802868,111.910356,114.33813804,114.968016,2058625,387171386.0,0.198292,-0.5479
2011-10-10,贵州茅台,600519,116.72922816,117.2918376,114.74174916,114.968016,116.55188388,1428391,270790788.0,0.137586,-1.3589
2011-09-30,贵州茅台,600519,114.45432912,116.8637652,114.45432912,116.55188388,114.41152188,1826966,346902283.0,0.175978,1.8708
2011-09-29,贵州茅台,600519,113.0722668,116.802612,113.0722668,114.41152188,114.42986784,3003061,563567697.0,0.289262,-0.016
2011-09-28,贵州茅台,600519,116.6803056,116.6803056,113.88560436,114.42986784,115.86085272,3238984,611544825.0,0.311987,-1.2351
2011-09-27,贵州茅台,600519,116.17273404,117.19399248,114.76621044,115.86085272,115.04139984,2474981,468028768.0,0.238396,0.7123
2011-09-26,贵州茅台,600519,117.32852952,118.790091,114.968016,115.04139984,118.6677846,4221118,803193662.0,0.406588,-3.0559
2011-09-23,贵州茅台,600519,118.6983612,119.860272,116.12381148,118.6677846,120.87541512,7653720,1476263517.0,0.737225,-1.8264
2011-09-22,贵州茅台,600519,124.140996,124.67914416,120.6552636,120.87541512,124.97267952,2433610,489514705.0,0.234411,-3.2785
2011-09-21,贵州茅台,600519,122.80785624,125.38240596,122.612166,124.97267952,122.82008688,2464016,501953365.0,0.23734,1.7526
2011-09-20,贵州茅台,600519,123.9575364,123.9575364,122.000634,122.82008688,123.96976704,1278463,256651648.0,0.123145,-0.9274
2011-09-19,贵州茅台,600519,124.5690684,125.058294,123.48054144,123.96976704,124.09207344,1535204,311793484.0,0.147875,-0.0986
2011-09-16,贵州茅台,600519,121.99451868,124.22049516,121.083336,124.09207344,121.38298668,1802927,361574736.0,0.173662,2.2319
2011-09-15,贵州茅台,600519,121.083336,122.4287064,120.94268364,121.38298668,121.0527594,1912200,380380017.0,0.184188,0.2728
2011-09-14,贵州茅台,600519,124.140996,124.31222496,118.74116844,121.0527594,123.30319716,4762579,940641402.0,0.458743,-1.8251
2011-09-13,贵州茅台,600519,125.11333188,125.975592,122.96685456,123.30319716,126.63604656,1894913,384543767.0,0.182523,-2.6318
2011-09-09,贵州茅台,600519,126.31804992,128.22602976,124.74641268,126.63604656,125.89609284,1422719,294079503.0,0.13704,0.5877
2011-09-08,贵州茅台,600519,127.198656,127.80407268,125.74320984,125.89609284,126.94792788,1318267,274052384.0,0.126979,-0.828557
2011-09-07,贵州茅台,600519,124.5079152,127.12527216,124.446762,126.94792788,124.14711132,2008770,412012245.0,0.19349,2.256
2011-09-06,贵州茅台,600519,125.975592,127.3821156,123.70069296,124.14711132,126.75223764,3209469,656690808.0,0.309144,-2.0553
2011-09-05,贵州茅台,600519,129.14944308,129.26563416,126.281358,126.75223764,129.55916952,2734484,569905681.0,0.263392,-2.1665
2011-09-02,贵州茅台,600519,128.94763752,129.7670904,128.3605668,129.55916952,129.32678736,1383257,292111762.0,0.133239,0.1797
2011-09-01,贵州茅台,600519,131.2959204,131.77291536,128.727486,129.32678736,131.33872764,2568961,544632806.0,0.247449,-1.5319
2011-08-31,贵州茅台,600519,133.8032016,134.231274,131.173614,131.33872764,131.36930424,5001461,1079339679.0,0.481753,-0.0233
2011-08-30,贵州茅台,600519,131.785146,132.96540276,130.26243132,131.36930424,131.64449364,2881601,619557333.0,0.277563,-0.209
2011-08-29,贵州茅台,600519,129.644784,132.07868136,128.115954,131.64449364,130.18293216,2608244,558335962.0,0.251232,1.1227
2011-08-26,贵州茅台,600519,126.81950616,130.25020068,126.4953942,130.18293216,126.84396744,2274888,477352661.0,0.219123,2.632343
2011-08-25,贵州茅台,600519,126.89289,127.504422,125.37017532,126.84396744,125.8532856,3008305,623188931.0,0.289767,0.7872
2011-08-24,贵州茅台,600519,125.36406,127.19254068,124.80756588,125.8532856,125.32125276,1795707,370146593.0,0.172967,0.4245
2011-08-23,贵州茅台,600519,124.74641268,126.0978984,124.3856088,125.32125276,124.94210292,2357921,482616543.0,0.227121,0.3035
2011-08-22,贵州茅台,600519,128.4828732,128.9720988,124.5079152,124.94210292,128.3605668,2816438,581020716.0,0.271286,-2.6632
2011-08-19,贵州茅台,600519,126.5259708,128.5134498,126.3119346,128.3605668,127.3209624,3748808,780729993.0,0.361094,0.8165
2011-08-18,贵州茅台,600519,127.99976292,128.3299902,126.19574352,127.3209624,128.3299902,2934173,609082956.0,0.282627,-0.7863
2011-08-17,贵州茅台,600519,128.42172,129.33290268,127.63895904,128.3299902,128.23214508,1355328,284382051.0,0.130548,0.0763
2011-08-16,贵州茅台,600519,130.6538118,131.65060896,127.36376964,128.23214508,130.4397756,3749156,788423427.0,0.361128,-1.6925
2011-08-15,贵州茅台,600519,132.8247504,133.79708628,129.59586144,130.4397756,132.56179164,2945063,630341327.0,0.283676,-1.6008
2011-08-12,贵州茅台,600519,131.47938,133.0693632,130.256316,132.56179164,131.2959204,3946631,851693649.0,0.380149,0.9641
2011-08-11,贵州茅台,600519,124.752528,131.8462992,124.752528,131.2959204,125.7921324,6194915,1301728291.0,0.596709,4.3753
2011-08-10,贵州茅台,600519,123.7740768,126.27524268,122.153517,125.7921324,122.9790852,3843626,782644219.0,0.370227,2.2874
2011-08-09,贵州茅台,600519,120.12934608,124.140996,118.025676,122.9790852,122.09847912,3692433,726671479.0,0.355664,0.7212
2011-08-08,贵州茅台,600519,122.92404732,125.4252132,121.083336,122.09847912,124.22049516,3688434,740883138.0,0.355279,-1.7083
2011-08-05,贵州茅台,600519,122.35532256,125.7309792,122.35532256,124.22049516,125.35182936,2131985,433966204.0,0.205358,-0.9025
2011-08-04,贵州茅台,600519,123.83523,125.78601708,123.4071576,125.35182936,123.40104228,1777327,363287270.0,0.171196,1.5809
2011-08-03,贵州茅台,600519,121.82328972,124.0186896,121.694868,123.40104228,122.98520052,1706132,344076872.0,0.164339,0.3381
2011-08-02,贵州茅台,600519,123.6517704,123.988113,121.4196786,122.98520052,124.37337816,2784958,555745763.0,0.268254,-1.1161
2011-08-01,贵州茅台,600519,126.78892956,126.78892956,124.0186896,124.37337816,126.39754908,1857289,378447567.0,0.178899,-1.6014
2011-07-29,贵州茅台,600519,126.89289,126.89289,125.5475196,126.39754908,127.045773,1910416,394180474.0,0.184016,-0.5102
2011-07-28,贵州茅台,600519,124.68525948,127.1375028,123.529464,127.045773,124.94821824,2292323,468616881.0,0.220802,1.6787
2011-07-27,贵州茅台,600519,124.68525948,126.89289,123.93307512,124.94821824,124.48345392,3067625,630035091.0,0.295481,0.3734
2011-07-26,贵州茅台,600519,124.446762,124.74641268,123.529464,124.48345392,124.5384918,2479175,503434823.0,0.2388,-0.0442
2011-07-25,贵州茅台,600519,126.587124,127.00296576,123.84134532,124.5384918,126.14682096,3526043,720951264.0,0.339637,-1.275
2011-07-22,贵州茅台,600519,124.23884112,127.73680416,124.23884112,126.14682096,124.40395476,4986088,1029115254.0,0.480272,1.401
2011-07-21,贵州茅台,600519,122.41036044,125.669826,122.3064,124.40395476,122.23913148,4767686,968173564.0,0.459235,1.771
2011-07-20,贵州茅台,600519,122.30028468,122.59993536,121.389102,122.23913148,121.59702288,1896708,378689393.0,0.182695,0.5281
2011-07-19,贵州茅台,600519,121.6337148,122.32474596,120.5941104,121.59702288,121.67040672,2027661,403182838.0,0.195309,-0.0603
2011-07-18,贵州茅台,600519,119.3710464,122.57547408,119.3710464,121.67040672,119.3404698,2852341,566196215.0,0.274744,1.9523
2011-07-15,贵州茅台,600519,117.77494788,119.73185028,117.77494788,119.3404698,118.178559,1776389,346071487.0,0.171106,0.9832
2011-07-14,贵州茅台,600519,118.99801188,119.1264336,117.9033696,118.178559,118.99801188,2482217,480420222.0,0.239093,-0.6886
2011-07-13,贵州茅台,600519,118.69224588,119.54839068,118.24582752,118.99801188,118.47820968,2210907,429986678.0,0.21296,0.4387
2011-07-12,贵州茅台,600519,120.05596224,120.36784356,118.41705648,118.47820968,120.36784356,2848826,554927096.0,0.274406,-1.5699
2011-07-11,贵州茅台,600519,118.67389992,121.12614324,118.3008654,120.36784356,118.68613056,2561574,502438508.0,0.246737,1.4169
2011-07-08,贵州茅台,600519,118.8512442,119.54227536,117.9950994,118.68613056,118.70447652,1718381,333151331.0,0.165519,-0.015455
2011-07-07,贵州茅台,600519,116.802612,119.90919456,116.802612,118.70447652,116.84541924,4095675,793379763.0,0.394505,1.591
2011-07-06,贵州茅台,600519,116.79038136,117.414144,116.25834852,116.84541924,117.06557076,1975377,377527543.0,0.190273,-0.1881
2011-07-05,贵州茅台,600519,118.025676,118.03790664,116.0687736,117.06557076,118.03790664,2705785,516722478.0,0.260628,-0.8237
2011-07-04,贵州茅台,600519,116.93103372,118.22748156,116.6803056,118.03790664,117.18787716,4633841,888995936.0,0.446343,0.7254
2011-07-01,贵州茅台,600519,117.71991,117.71991,116.1299268,117.18787716,116.93103372,1581050,302002762.0,0.152291,0.2197
2011-06-30,贵州茅台,600519,115.49566854,117.2994291,115.49566854,116.93097801,116.00160138,3270121,694508280.0,0.346485,0.8012
2011-06-29,贵州茅台,600519,115.96860576,117.06845976,114.3298233,116.00160138,115.73213715,1959670,412274520.0,0.207636,0.2328
2011-06-28,贵州茅台,600519,114.934743,116.51303349,113.95587294,115.73213715,114.53329629,2554048,536916003.0,0.270613,1.0467
2011-06-27,贵州茅台,600519,113.9448744,114.91274592,113.16397806,114.53329629,113.52692988,2319042,480816709.0,0.245713,0.8865
2011-06-24,贵州茅台,600519,114.30232695,115.56715905,112.92750945,113.52692988,114.37931673,3706850,770684579.0,0.392758,-0.7452
2011-06-23,贵州茅台,600519,112.9000131,115.0447284,112.735035,114.37931673,113.24646711,2028098,421820426.0,0.214886,1.0003
2011-06-22,贵州茅台,600519,111.7451664,114.09885396,111.7451664,113.24646711,111.8001591,1618853,333499822.0,0.171525,1.2937
2011-06-21,贵州茅台,600519,111.10175181,112.64704668,111.10175181,111.8001591,111.88814742,1273817,259198214.0,0.134967,-0.0786
2011-06-20,贵州茅台,600519,114.4398087,114.53879556,110.535327,111.88814742,114.73127001,2990915,611059058.0,0.316901,-2.4781
2011-06-17,贵州茅台,600519,111.9101445,115.47917073,111.44270655,114.73127001,111.64617954,3341100,690941504.0,0.354005,2.7633
2011-06-16,贵州茅台,600519,111.1952394,112.89451383,110.10638394,111.64617954,111.75066567,1773147,359795619.0,0.187873,-0.0935
2011-06-15,贵州茅台,600519,112.19610654,112.44357369,111.18974013,111.75066567,112.43807442,1640856,333131863.0,0.173856,-0.6114
2011-06-14,贵州茅台,600519,110.79379269,112.72403646,110.2603635,112.43807442,110.80479123,3748788,758192892.0,0.397202,1.474
2011-06-13,贵州茅台,600519,111.3602175,112.1301153,109.3254876,110.80479123,111.39321312,2800457,562464133.0,0.296721,-0.5282
2011-06-10,贵州茅台,600519,110.8102905,112.45457223,109.8754146,111.39321312,110.98626714,3427917,692444753.0,0.363204,0.3667
2011-06-09,贵州茅台,600519,114.41231235,114.5497941,110.95327152,110.98626714,114.79176198,3617970,737042713.0,0.383341,-3.3151
2011-06-08,贵州茅台,600519,114.13734885,115.3196919,111.95413866,114.79176198,114.31332549,2507047,517190772.0,0.265633,0.4185
2011-06-07,贵州茅台,600519,116.57352546,116.57902473,113.43894156,114.31332549,116.37005247,2687617,559703875.0,0.284766,-1.7674
2011-06-03,贵州茅台,600519,113.29596054,116.9694729,113.29596054,116.37005247,113.60941893,2948396,618505293.0,0.312396,2.4299
2011-06-02,贵州茅台,600519,114.6597795,115.29769482,111.9651372,113.60941893,115.42417803,3958543,818431995.0,0.419426,-1.5723
2011-06-01,贵州茅台,600519,112.2401007,115.47367146,111.64617954,115.42417803,112.0751226,3909376,813188052.0,0.414217,2.9882
2011-05-31,贵州茅台,600519,111.44270655,112.17410946,110.7003051,112.0751226,111.37671531,3385483,685945963.0,0.358708,0.6271
2011-05-30,贵州茅台,600519,105.68497086,111.40421166,105.45950079,111.37671531,106.54285698,4728600,942388980.0,0.501017,4.537
2011-05-27,贵州茅台,600519,109.91940876,110.41434306,106.25139567,106.54285698,109.26499563,3172958,626618182.0,0.33619,-2.4913
2011-05-26,贵州茅台,600519,107.1257796,111.51969633,107.1257796,109.26499563,107.02129347,3897036,779314782.0,0.412909,2.0965
2011-05-25,贵州茅台,600519,107.02129347,107.02129347,107.02129347,107.02129347,107.02129347,0,0.0,,0.0
2011-05-24,贵州茅台,600519,107.51622777,108.6105825,106.9608015,107.02129347,108.35211681,2399707,470085883.0,0.25426,-1.2282
2011-05-23,贵州茅台,600519,109.9854,111.49769925,108.335619,108.35211681,110.44183941,3942088,783913346.0,0.417683,-1.8921
2011-05-20,贵州茅台,600519,110.3703489,110.89827882,109.33098687,110.44183941,109.91940876,4004386,801739991.0,0.424283,0.4753
2011-05-19,贵州茅台,600519,107.785692,110.89277955,107.785692,109.91940876,107.20826865,8573805,1716471110.0,0.908435,2.5289
2011-05-18,贵州茅台,600519,103.0013271,108.57758688,103.0013271,107.20826865,103.18280301,6216505,1212084674.0,0.658668,3.9013
2011-05-17,贵州茅台,600519,102.84734754,104.6511081,102.286422,103.18280301,103.20480009,2086644,393848458.0,0.22109,-0.0213
2011-05-16,贵州茅台,600519,103.1113125,103.92520446,102.5613855,103.20480009,103.19930082,1150557,216417130.0,0.121907,0.0053
2011-05-13,贵州茅台,600519,103.02882345,103.93070373,102.0114585,103.19930082,103.01232564,1225320,229207566.0,0.129828,0.1815
2011-05-12,贵州茅台,600519,101.736495,104.2111665,101.5165242,103.01232564,101.88497529,2502771,470405158.0,0.26518,1.1065
2011-05-11,贵州茅台,600519,100.64763954,102.4514001,100.64763954,101.88497529,100.96109793,1289667,238855455.0,0.136646,0.9151
2011-05-10,贵州茅台,600519,101.22506289,101.4615315,100.51565706,100.96109793,101.27455632,1591880,292606289.0,0.168667,-0.3095
2011-05-09,贵州茅台,600519,102.60537966,103.10581323,101.1315753,101.27455632,102.18193587,1217595,225581746.0,0.12901,-0.888
2011-05-06,贵州茅台,600519,101.186568,102.836349,100.64214027,102.18193587,101.70899865,2396065,444808841.0,0.253874,0.465
2011-05-05,贵州茅台,600519,100.91710377,103.1113125,100.64214027,101.70899865,100.9116045,2669349,496448129.0,0.28283,0.7902
2011-05-04,贵州茅台,600519,101.45603223,103.43027016,100.87860888,100.9116045,102.20943222,3252106,604784367.0,0.344576,-1.2698
2011-05-03,贵州茅台,600519,100.636641,102.7263636,100.086714,102.20943222,100.25719137,4127082,764382818.0,0.437284,1.9472
2011-04-29,贵州茅台,600519,98.1069768,100.68613443,97.71102936,100.25719137,98.11797534,2208382,401140719.0,0.233988,2.1802
2011-04-28,贵州茅台,600519,100.1417067,100.40567166,97.7770206,98.11797534,99.61927605,2535717,455048059.0,0.268671,-1.507
2011-04-27,贵州茅台,600519,99.8667432,101.736495,99.536787,99.61927605,99.63027459,2774847,508713443.0,0.294008,-0.011
2011-04-26,贵州茅台,600519,100.636641,100.9116045,99.47079576,99.63027459,100.66963662,3109542,565862126.0,0.32947,-1.0324
2011-04-25,贵州茅台,600519,98.98686,101.78048916,98.7118965,100.66963662,96.86964105,7022553,1280812447.0,0.744072,3.9228
2011-04-22,贵州茅台,600519,96.5121885,97.0071228,95.97875931,96.86964105,96.16023522,1450023,254794864.0,0.153637,0.7377
2011-04-21,贵州茅台,600519,96.237225,97.66153593,96.07774617,96.16023522,96.1272396,2868434,505336037.0,0.303924,0.0343
2011-04-20,贵州茅台,600519,95.34634326,96.33621186,95.137371,96.1272396,95.34634326,2250928,392495921.0,0.238496,0.819
2011-04-19,贵州茅台,600519,95.17036662,96.03925128,94.30698123,95.34634326,95.17036662,2288067,395248447.0,0.242431,0.1849
2011-04-18,贵州茅台,600519,94.68643086,95.35184253,94.15300167,95.17036662,94.79641626,1960899,338287704.0,0.207766,0.3945
2011-04-15,贵州茅台,600519,96.77065419,97.33157973,93.91103379,94.79641626,96.64417098,5332701,919620925.0,0.565024,-1.9119
2011-04-14,贵州茅台,600519,98.0519841,98.1619695,96.50118996,96.64417098,98.06848191,3662196,644626738.0,0.388027,-1.4524
2011-04-13,贵州茅台,600519,97.5020571,98.436933,97.34807754,98.06848191,97.56804834,2938919,522953556.0,0.311392,0.5129
2011-04-12,贵州茅台,600519,97.6120425,98.62390818,97.1721009,97.56804834,97.60654323,3494568,623251647.0,0.370266,-0.0394
2011-04-11,贵州茅台,600519,96.48469215,98.24445855,96.29771697,97.60654323,96.60017682,2617314,463960298.0,0.277317,1.0418
2011-04-08,贵州茅台,600519,96.21522792,97.0621155,96.1272396,96.60017682,96.20422938,2182315,383817086.0,0.231226,0.4116
2011-04-07,贵州茅台,600519,96.8971374,97.337079,96.11624106,96.20422938,97.32608046,4683074,820484804.0,0.496193,-1.1527
2011-04-06,贵州茅台,600519,98.6569038,98.9318673,97.17760017,97.32608046,98.68989942,2877481,510620637.0,0.304882,-1.3819
2011-04-01,贵州茅台,600519,98.97586146,99.72926145,98.18946585,98.68989942,98.90437095,1822749,326554075.0,0.193129,-0.2168
2011-03-31,贵州茅台,600519,98.27745417,100.5266556,98.1619695,98.90437095,98.27745417,1752586,316949399.0,0.185695,0.6379
2011-03-30,贵州茅台,600519,98.40393738,99.12984102,98.0519841,98.27745417,98.40943665,2060299,368964875.0,0.218298,-0.1341
2011-03-29,贵州茅台,600519,99.536787,99.7017651,98.1619695,98.40943665,99.48729357,2652330,476995781.0,0.281027,-1.0834
2011-03-28,贵州茅台,600519,100.93910085,101.4065388,99.25632423,99.48729357,100.87310961,4029587,731053019.0,0.426953,-1.3738
2011-03-25,贵州茅台,600519,100.636641,102.05545266,100.636641,100.87310961,100.93910085,2790552,513404256.0,0.295672,-0.0654
2011-03-24,贵州茅台,600519,102.4514001,102.58888185,100.9116045,100.93910085,102.58338258,2135318,393924337.0,0.226247,-1.6029
2011-03-23,贵州茅台,600519,102.29192127,102.66587163,100.9116045,102.58338258,102.14894025,4288185,792668100.0,0.454353,0.4253
2011-03-22,贵州茅台,600519,103.59524826,104.47513146,101.8464804,102.14894025,102.90783951,2788755,521369663.0,0.295482,-0.7375
2011-03-21,贵州茅台,600519,104.3761446,105.02505846,101.48902785,102.90783951,105.11854605,4865124,910057839.0,0.515483,-2.1031
2011-03-18,贵州茅台,600519,104.23866285,106.7408307,102.90783951,105.11854605,103.95270081,6148407,1175141410.0,0.651452,1.1215
2011-03-17,贵州茅台,600519,99.4817943,104.22766431,99.08584686,103.95270081,99.99872568,8852277,1653009378.0,0.93794,3.954
2011-03-16,贵州茅台,600519,98.7668892,100.62014319,98.60741037,99.99872568,98.58541329,2417624,438681962.0,0.256159,1.4336
2011-03-15,贵州茅台,600519,99.88874028,100.75762494,97.35357681,98.58541329,100.57064976,3089855,554199756.0,0.327385,-1.974
2011-03-14,贵州茅台,600519,98.72289504,101.186568,98.49742497,100.57064976,99.00885708,2237298,408383265.0,0.237052,1.5774
2011-03-11,贵州茅台,600519,99.8667432,100.8566118,98.92636803,99.00885708,100.086714,2334545,424871796.0,0.247356,-1.0769
2011-03-10,贵州茅台,600519,97.87050819,101.2965534,97.54605126,100.086714,97.88150673,5449213,991540447.0,0.577369,2.2529
2011-03-09,贵州茅台,600519,97.60654323,97.9969914,96.81464835,97.88150673,97.18309944,2297146,406818003.0,0.243393,0.7187
2011-03-08,贵州茅台,600519,97.57354761,97.6670352,96.1272396,97.18309944,97.54605126,3186955,560058561.0,0.337673,-0.3721
2011-03-07,贵州茅台,600519,96.69916368,97.62854031,96.69916368,97.54605126,96.74865711,3355369,593119911.0,0.355517,0.8242
2011-03-04,贵州茅台,600519,96.237225,97.21609506,95.9622615,96.74865711,96.237225,3335119,587411610.0,0.353371,0.5314
2011-03-03,贵州茅台,600519,97.48555929,98.26645563,96.09974325,96.237225,97.45256367,3773509,663456221.0,0.399821,-1.2471
2011-03-02,贵州茅台,600519,97.9969914,98.436933,96.79265127,97.45256367,98.23895928,3209550,569125294.0,0.340067,-0.8005
2011-03-01,贵州茅台,600519,98.27745417,98.94836511,97.7770206,98.23895928,98.26095636,2305941,411728226.0,0.244325,-0.022383
2011-02-28,贵州茅台,600519,98.6019111,98.68989942,96.787152,98.26095636,98.77788774,3909310,693295724.0,0.41421,-0.5233
2011-02-25,贵州茅台,600519,100.57064976,100.57064976,98.5469184,98.77788774,100.16920305,2941343,532482186.0,0.311649,-1.389
2011-02-24,贵州茅台,600519,100.40567166,100.89510669,99.60277824,100.16920305,100.50465852,2047631,373539569.0,0.216956,-0.3338
2011-02-23,贵州茅台,600519,99.59727897,100.89510669,99.59727897,100.50465852,100.02072276,1942229,353816777.0,0.205788,0.4838
2011-02-22,贵州茅台,600519,100.90060596,101.87397675,99.536787,100.02072276,100.90060596,3829380,701713006.0,0.405741,-0.872
2011-02-21,贵州茅台,600519,100.086714,101.6265096,99.6467724,100.90060596,100.07571546,2728985,498811371.0,0.289149,0.8243
2011-02-18,贵州茅台,600519,99.4268016,101.98396215,99.1518381,100.07571546,99.67976802,3682873,676343235.0,0.390218,0.3972
2011-02-17,贵州茅台,600519,100.636641,101.0215899,99.44329941,99.67976802,101.01059136,3636380,662075979.0,0.385291,-1.3175
2011-02-16,贵州茅台,600519,101.74199427,102.28092273,99.9217359,101.01059136,101.86847748,3644018,667440837.0,0.386101,-0.8422
2011-02-15,贵州茅台,600519,102.89684097,103.8262176,101.6265096,101.86847748,102.89684097,2971640,554140643.0,0.314859,-0.9994
2011-02-14,贵州茅台,600519,101.69800011,103.386276,101.1315753,102.89684097,101.69800011,3663915,681621643.0,0.388209,1.1788
2011-02-11,贵州茅台,600519,101.59351398,103.63374315,101.34604683,101.69800011,101.75299281,3400141,634257226.0,0.360261,-0.054
2011-02-10,贵州茅台,600519,97.52955345,102.28092273,97.5020571,101.75299281,97.86500892,3600875,656695297.0,0.381529,3.9728
2011-02-09,贵州茅台,600519,98.98136073,99.43230087,97.337079,97.86500892,99.14083956,1767531,317003717.0,0.187278,-1.2869
2011-02-01,贵州茅台,600519,97.887006,100.00422495,97.6120425,99.14083956,97.88150673,1775846,319648600.0,0.188159,1.2866
2011-01-31,贵州茅台,600519,95.4123345,99.49279284,95.14287027,97.88150673,95.32434618,3244243,577621803.0,0.343743,2.6826
2011-01-28,贵州茅台,600519,95.14287027,95.75878851,94.79641626,95.32434618,95.17036662,1959143,339796042.0,0.20758,0.1618
2011-01-27,贵州茅台,600519,94.56544692,96.39120456,93.25662066,95.17036662,94.66443378,2944427,507387589.0,0.311976,0.5344
2011-01-26,贵州茅台,600519,94.04301627,95.68179873,94.04301627,94.66443378,93.8725389,1432571,247045171.0,0.151788,0.8436
2011-01-25,贵州茅台,600519,94.02651846,94.8074148,93.48759,93.8725389,94.32347904,1723864,294978979.0,0.182651,-0.4781
2011-01-24,贵州茅台,600519,96.71566149,97.60104396,93.49308927,94.32347904,96.72666003,3477549,601578015.0,0.368462,-2.4845
2011-01-21,贵州茅台,600519,98.8768746,99.8117505,96.60017682,96.72666003,99.02535489,2686737,479005923.0,0.284672,-2.3213
2011-01-20,贵州茅台,600519,100.2516921,101.18106873,98.02448775,99.02535489,100.54315341,2452305,444085191.0,0.259833,-1.5096
2011-01-19,贵州茅台,600519,100.39467312,100.95009939,99.59727897,100.54315341,100.39467312,2619867,478032606.0,0.277587,0.1479
2011-01-18,贵州茅台,600519,96.2922177,100.42216947,95.68179873,100.39467312,96.56168193,4096235,738283975.0,0.434015,3.9695
2011-01-17,贵州茅台,600519,98.8218819,100.1966994,96.24822354,96.56168193,99.09134613,3747516,673586235.0,0.397067,-2.5529
2011-01-14,贵州茅台,600519,98.40943665,99.65227167,97.5020571,99.09134613,98.70639723,2577266,461741103.0,0.273073,0.39
2011-01-13,贵州茅台,600519,96.5121885,99.536787,95.95676223,98.70639723,95.94576369,4134174,740207616.0,0.438035,2.8773
2011-01-12,贵州茅台,600519,95.7422907,96.787152,94.81291407,95.94576369,95.44533012,3132325,546334112.0,0.331884,0.5243
2011-01-11,贵州茅台,600519,95.51132136,96.5121885,94.15300167,95.44533012,95.85777537,4532210,787943021.0,0.480209,-0.4303
2011-01-10,贵州茅台,600519,98.77788774,99.26732277,95.76428778,95.85777537,98.83288044,3878483,687881571.0,0.410943,-3.0102
2011-01-07,贵州茅台,600519,99.08584686,99.91623663,98.1619695,98.83288044,99.11884248,3053380,548732363.0,0.32352,-0.2885
2011-01-06,贵州茅台,600519,99.65227167,100.9665972,98.12897388,99.11884248,99.58078116,3758456,677983969.0,0.398226,-0.4639
2011-01-05,贵州茅台,600519,101.6815023,101.9564658,99.2618235,99.58078116,102.0114585,5819802,1064872709.0,0.616635,-2.3827
2011-01-04,贵州茅台,600519,102.7813563,103.3312833,100.4166702,102.0114585,101.14257384,6046226,1116558389.0,0.640626,0.8591
2010-12-31,贵州茅台,600519,99.9767286,101.34054756,99.56428335,101.14257384,100.04821911,4608487,843075733.0,0.488291,1.0938
2010-12-30,贵州茅台,600519,102.5613855,102.5613855,99.0968454,100.04821911,102.286422,4177468,760950273.0,0.442622,-2.1882
2010-12-29,贵州茅台,600519,100.6916337,102.32491689,100.086714,102.286422,100.77962202,3096760,569651391.0,0.328116,1.4951
2010-12-28,贵州茅台,600519,100.636641,102.6163782,97.5570498,100.77962202,100.63114173,4817644,873676036.0,0.510452,0.1475
2010-12-27,贵州茅台,600519,103.936203,104.48063073,100.25719137,100.63114173,103.78222344,4524640,844631482.0,0.479407,-3.0362
2010-12-24,贵州茅台,600519,104.87657817,104.98656357,102.836349,103.78222344,104.87657817,2940852,553596991.0,0.311597,-1.0435
2010-12-23,贵州茅台,600519,104.95356795,105.9709329,104.48613,104.87657817,105.00856065,3274389,626262013.0,0.346937,-0.1257
2010-12-22,贵州茅台,600519,106.72433289,106.95530223,104.48613,105.00856065,106.685838,4415122,845830946.0,0.467803,-1.5722
2010-12-21,贵州茅台,600519,108.52809345,108.67107447,106.14141027,106.685838,108.54459126,5935942,1153389514.0,0.628941,-1.7124
2010-12-20,贵州茅台,600519,113.27396346,113.64791382,106.685838,108.54459126,112.41607734,6855725,1361002093.0,0.726396,-3.4439
2010-12-17,贵州茅台,600519,114.384816,115.0447284,112.08062187,112.41607734,113.82389046,5176982,1060471130.0,0.548525,-1.2368
2010-12-16,贵州茅台,600519,116.57902473,116.8594875,113.5599255,113.82389046,110.3703489,6681758,1396868342.0,0.707963,3.129
2010-12-15,贵州茅台,600519,108.885546,111.81665691,108.885546,110.3703489,108.83605257,4742380,953073582.0,0.502477,1.4097
2010-12-14,贵州茅台,600519,108.50609637,110.8102905,108.2256336,108.83605257,108.33011973,6154272,1224103219.0,0.652074,0.467
2010-12-13,贵州茅台,600519,108.6105825,108.6105825,106.4108745,108.33011973,108.73156644,5859283,1144043372.0,0.620818,-0.3692
2010-12-10,贵州茅台,600519,106.32838545,109.36948176,105.036057,108.73156644,107.37874602,3958731,766519126.0,0.419446,1.2599
2010-12-09,贵州茅台,600519,107.78019273,108.21463506,105.7509621,107.37874602,107.88467886,2446140,474949022.0,0.25918,-0.469
2010-12-08,贵州茅台,600519,108.6105825,110.9752686,107.79119127,107.88467886,108.64357812,2833468,564539229.0,0.300219,-0.6985
2010-12-07,贵州茅台,600519,105.52549203,109.3254876,104.40914022,108.64357812,106.14690954,3180480,621615004.0,0.336987,2.3521
2010-12-06,贵州茅台,600519,109.90291095,111.085254,104.54662197,106.14690954,109.86991533,4328158,839963278.0,0.458588,-3.3886
2010-12-03,贵州茅台,600519,108.885546,111.90464523,108.7205679,109.86991533,108.97903359,4303732,863905870.0,0.456,0.8175
2010-12-02,贵州茅台,600519,112.2950934,113.284962,108.83605257,108.97903359,111.3052248,4294009,864862808.0,0.45497,-2.0899
2010-12-01,贵州茅台,600519,111.635181,114.384816,109.99639854,111.3052248,112.63054887,3801622,773495042.0,0.4028,-1.1767
2010-11-30,贵州茅台,600519,118.98770499,118.98770499,110.16687591,112.63054887,119.02070061,6566539,1356812148.0,0.695755,-5.3689
2010-11-29,贵州茅台,600519,112.87251675,122.083794,112.87251675,119.02070061,113.96687148,6749939,1441023288.0,0.715187,4.4345
2010-11-26,贵州茅台,600519,111.61868319,116.95297509,110.32085547,113.96687148,111.61868319,6379942,1324934628.0,0.675985,2.1038
2010-11-25,贵州茅台,600519,110.27686131,111.97613574,108.335619,111.61868319,109.94140584,4557974,916382376.0,0.482939,1.5256
2010-11-24,贵州茅台,600519,105.585984,113.6149182,105.585984,109.94140584,103.95820008,11079930,2220954810.0,1.17397,5.7554
2010-11-23,贵州茅台,600519,98.09597826,104.0461884,96.8971374,103.95820008,98.16746877,10846981,1995630382.0,1.149288,5.8988
2010-11-22,贵州茅台,600519,96.17123376,100.29568626,95.5773126,98.16746877,96.32521332,4794081,857696481.0,0.507955,1.9125
2010-11-19,贵州茅台,600519,94.0925097,96.787152,93.60307467,96.32521332,93.20712723,4895475,848958178.0,0.518698,3.3453
2010-11-18,贵州茅台,600519,91.59034185,94.02101919,91.287882,93.20712723,90.737955,4028604,680881283.0,0.426849,2.7212
2010-11-17,贵州茅台,600519,96.7321593,96.7321593,90.0780426,90.737955,97.44156513,8050906,1362362423.0,0.853031,-6.8796
2010-11-16,贵州茅台,600519,102.28092273,102.286422,95.9622615,97.44156513,101.01609063,7229177,1294350638.0,0.765965,-3.5386
2010-11-15,贵州茅台,600519,100.08121473,103.386276,100.08121473,101.01609063,97.62854031,7903878,1458250426.0,0.837453,3.4698
2010-11-12,贵州茅台,600519,96.53968485,103.43027016,96.52318704,97.62854031,96.74315784,12650029,2298576167.0,1.340329,0.9152
2010-11-11,贵州茅台,600519,100.08121473,100.08121473,95.74778997,96.74315784,98.83837971,7421720,1322968333.0,0.786366,-2.1198
2010-11-10,贵州茅台,600519,91.6178382,100.33418115,91.5628455,98.83837971,91.21089222,15000509,2670067328.0,1.589374,8.3625
2010-11-09,贵州茅台,600519,89.9680572,91.61233893,89.48412144,91.21089222,89.90756523,6073790,1002019514.0,0.643546,1.4496
2010-11-08,贵州茅台,600519,90.18252873,90.188028,88.67572875,89.90756523,90.17702946,5689413,922801037.0,0.60282,-0.2988
2010-11-05,贵州茅台,600519,90.9029331,91.287882,89.8030791,90.17702946,90.76545135,3465491,569207561.0,0.367185,-0.6483
2010-11-04,贵州茅台,600519,90.16053165,91.03491558,89.51711706,90.76545135,89.83057545,4462919,732196946.0,0.472867,1.0407
2010-11-03,贵州茅台,600519,89.638101,91.09540755,88.8132105,89.83057545,89.45662509,4225317,693876483.0,0.447692,0.418
2010-11-02,贵州茅台,600519,90.47399004,90.47399004,88.86270393,89.45662509,90.05604552,6229217,1009953812.0,0.660015,-0.6656
2010-11-01,贵州茅台,600519,89.7480864,90.6829623,89.1981594,90.05604552,89.72059005,4965892,810910408.0,0.526159,0.3739
2010-10-29,贵州茅台,600519,90.59497398,90.77644989,88.2632835,89.72059005,91.85980608,6546557,1064852159.0,0.693638,-2.3288
2010-10-28,贵州茅台,600519,92.3327433,92.5527141,91.68932871,91.85980608,92.47022505,1944068,325743881.0,0.205983,-0.6601
2010-10-27,贵州茅台,600519,92.80018125,93.1576338,91.5628455,92.47022505,92.94316227,2891262,484076380.0,0.306343,-0.5088
2010-10-26,贵州茅台,600519,95.0273856,95.07137976,92.39323527,92.94316227,95.137371,2859063,484027261.0,0.302931,-2.3064
2010-10-25,贵州茅台,600519,92.937663,95.5773126,92.45922651,95.137371,92.44822797,3619520,622609050.0,0.383505,2.9088
2010-10-22,贵州茅台,600519,92.10177396,94.3674732,91.65083382,92.44822797,92.09627469,4104654,697025656.0,0.434907,0.3822
2010-10-21,贵州茅台,600519,92.1677652,93.51508635,91.1778966,92.09627469,92.06327907,3762194,632118759.0,0.398622,0.0358
2010-10-20,贵州茅台,600519,88.0433127,92.8826703,88.03781343,92.06327907,89.78658129,4737289,788461639.0,0.501938,2.5357
2010-10-19,贵州茅台,600519,88.76921634,90.6829623,87.98832,89.78658129,89.31914334,5344848,870135034.0,0.566312,0.5233
2010-10-18,贵州茅台,600519,87.98832,90.82594332,85.1286996,89.31914334,87.97732146,9656442,1522116994.0,1.023145,1.5252
2010-10-15,贵州茅台,600519,87.17442804,89.638101,87.05894337,87.97732146,87.13043388,7209979,1152421933.0,0.763931,0.972
2010-10-14,贵州茅台,600519,88.54924554,88.7032251,86.23405287,87.13043388,88.538247,5324373,842374776.0,0.564142,-1.5901
2010-10-13,贵州茅台,600519,91.287882,91.57934331,87.90583095,88.538247,91.6178382,6028775,972450177.0,0.638777,-3.3613
2010-10-12,贵州茅台,600519,92.28324987,93.47659146,90.34750683,91.6178382,92.2777506,2854304,473412980.0,0.302427,-0.7151
2010-10-11,贵州茅台,600519,95.687298,97.02362061,91.287882,92.2777506,95.42883231,4374269,742024422.0,0.463474,-3.302
2010-10-08,贵州茅台,600519,92.937663,96.5121885,92.937663,95.42883231,92.78918271,3160889,549853018.0,0.334911,2.8448
2010-09-30,贵州茅台,600519,91.59584112,93.0476484,91.287882,92.78918271,91.92579732,1457890,244719876.0,0.15447,0.9392
2010-09-29,贵州茅台,600519,93.7075608,94.33997685,91.84330827,91.92579732,93.91653306,1327200,225065386.0,0.140623,-2.1197
2010-09-28,贵州茅台,600519,92.71219293,94.14200313,92.387736,93.91653306,92.84417541,2258512,384574256.0,0.2393,1.155
2010-09-27,贵州茅台,600519,91.3428747,92.937663,90.9029331,92.84417541,91.33187616,1854846,310077012.0,0.19653,1.6558
2010-09-21,贵州茅台,600519,91.5628455,91.77181776,90.19352727,91.33187616,90.54548055,1494036,247684425.0,0.1583,0.8685
2010-09-20,贵州茅台,600519,89.56111122,91.287882,89.088174,90.54548055,88.98368787,1257607,206418537.0,0.133249,1.7551
2010-09-17,贵州茅台,600519,87.55937694,90.42999588,86.61900177,88.98368787,87.62536818,1797526,290800424.0,0.190456,1.5501
2010-09-16,贵州茅台,600519,89.1431667,90.21552435,86.27804703,87.62536818,89.33564115,2049773,327836606.0,0.217183,-1.9144
2010-09-15,贵州茅台,600519,91.837809,91.99728783,88.9231959,89.33564115,91.99728783,2103208,347008844.0,0.222845,-2.8932
2010-09-14,贵州茅台,600519,92.80018125,93.60857394,91.0679112,91.99728783,92.81667906,2638343,441034013.0,0.279545,-0.8828
2010-09-13,贵州茅台,600519,92.937663,95.38483815,92.36023965,92.81667906,93.20712723,2806347,480493819.0,0.297346,-0.4189
2010-09-10,贵州茅台,600519,92.1127725,93.4325973,91.5628455,93.20712723,91.77731703,1986768,335023684.0,0.210507,1.5579
2010-09-09,贵州茅台,600519,91.837809,92.9926557,91.287882,91.77731703,91.55184696,2150384,360593531.0,0.227843,0.2463
2010-09-08,贵州茅台,600519,90.737955,92.1127725,90.737955,91.55184696,90.88643529,1501080,250344694.0,0.159046,0.73213
2010-09-07,贵州茅台,600519,91.86530535,92.9926557,90.6279696,90.88643529,91.68382944,2237367,372434005.0,0.237059,-0.8697
2010-09-06,贵州茅台,600519,90.188028,92.7176922,90.188028,91.68382944,89.42912874,2900844,485289346.0,0.307358,2.5212
2010-09-03,贵州茅台,600519,87.8783346,90.94692726,87.8783346,89.42912874,87.98282073,2776144,452832217.0,0.294145,1.6439
2010-09-02,贵州茅台,600519,86.888466,89.13216816,86.81697549,87.98282073,86.27254776,2482198,399335601.0,0.263,1.9824
2010-09-01,贵州茅台,600519,87.3284076,88.6482324,85.7336193,86.27254776,87.56487621,2558928,406904438.0,0.27113,-1.4759
2010-08-31,贵州茅台,600519,87.17992731,88.53274773,86.82247476,87.56487621,87.88933314,3139997,501261374.0,0.332697,-0.3692
2010-08-30,贵州茅台,600519,83.41292736,87.98832,83.41292736,87.88933314,83.07197262,5378443,849497659.0,0.569871,5.799
2010-08-27,贵州茅台,600519,82.48905,83.16546021,82.0491084,83.07197262,82.69252299,879939,132580368.0,0.093234,0.4589
2010-08-26,贵州茅台,600519,82.4340573,82.79150985,81.6641595,82.69252299,82.37356533,1223254,183116485.0,0.129609,0.3872
2010-08-25,贵州茅台,600519,82.7640135,83.54490984,82.28557701,82.37356533,83.26994634,1650788,249067209.0,0.174909,-1.0765
2010-08-24,贵州茅台,600519,82.66502664,84.13333173,81.9941157,83.26994634,82.88499744,1083825,164253365.0,0.114836,0.4644
2010-08-23,贵州茅台,600519,81.52667775,82.9839843,81.389196,82.88499744,81.87863103,1321493,197952515.0,0.140018,1.2291
2010-08-20,贵州茅台,600519,83.14346313,83.14346313,81.65316096,81.87863103,83.18195802,2084159,311220147.0,0.220826,-1.5668
2010-08-19,贵州茅台,600519,84.07283976,84.6337653,82.7640135,83.18195802,84.05084268,3543714,536485063.0,0.375473,-1.0338
2010-08-18,贵州茅台,600519,85.22768646,86.01958134,83.7538821,84.05084268,85.28817843,3017378,464752257.0,0.319705,-1.4508
2010-08-17,贵州茅台,600519,84.0288456,85.92609375,83.8638675,85.28817843,84.0838383,3574757,554777110.0,0.378762,1.4323
2010-08-16,贵州茅台,600519,82.71452007,84.29830983,82.71452007,84.0838383,82.70352153,2591045,395272912.0,0.274533,1.669
2010-08-13,贵州茅台,600519,81.87313176,83.29194342,81.56517264,82.70352153,81.89512884,1577559,236758807.0,0.16715,0.9871
2010-08-12,贵州茅台,600519,81.2792106,83.5339113,80.40482667,81.89512884,81.30670695,3102587,463112778.0,0.328734,0.7237
2010-08-11,贵州茅台,600519,80.289342,81.939123,80.289342,81.30670695,80.70728652,1519063,224550906.0,0.160952,0.7427
2010-08-10,贵州茅台,600519,83.37443247,84.46328793,80.5643055,80.70728652,83.37443247,2873994,427619893.0,0.304513,-3.199
2010-08-09,贵州茅台,600519,81.52667775,83.70988794,81.52667775,83.37443247,81.4991814,3870373,586147268.0,0.410084,2.3009
2010-08-06,贵州茅台,600519,81.2792106,81.8291376,80.9492544,81.4991814,81.47718432,2184053,323918732.0,0.231411,0.027
2010-08-05,贵州茅台,600519,79.23348216,82.13159745,79.23348216,81.47718432,79.20048654,4196613,620781742.0,0.444651,2.8746
2010-08-04,贵州茅台,600519,78.089634,79.2994734,77.93565444,79.20048654,78.23261502,1735013,249201032.0,0.183833,1.2372
2010-08-03,贵州茅台,600519,78.639561,79.6294296,78.09513327,78.23261502,78.94202085,1757323,251858817.0,0.186197,-0.8986
2010-08-02,贵州茅台,600519,76.23638001,79.88239602,76.23638001,78.94202085,76.25837709,4296573,614400254.0,0.455242,3.5191
2010-07-30,贵州茅台,600519,76.59383256,76.59383256,75.6149625,76.25837709,76.67082234,2943877,406203348.0,0.311917,-0.5379
2010-07-29,贵州茅台,600519,78.60106611,78.6945537,76.52784132,76.67082234,78.60656538,4537287,636454908.0,0.480747,-2.4626
2010-07-28,贵州茅台,600519,78.4195902,78.65605881,77.8146705,78.60656538,78.089634,2774035,395352770.0,0.293922,0.662
2010-07-27,贵州茅台,600519,77.0447727,78.18862086,77.0447727,78.089634,77.51770992,2522904,357546813.0,0.267313,0.7378
2010-07-26,贵州茅台,600519,77.38022817,78.51857706,77.12726175,77.51770992,77.38022817,2201691,311555737.0,0.233279,0.1777
2010-07-23,贵州茅台,600519,75.98891286,77.55070554,75.98891286,77.38022817,75.86792892,3846600,539887868.0,0.407565,1.9933
2010-07-22,贵州茅台,600519,76.3298676,76.3298676,75.2300136,75.86792892,75.82393476,1622166,223560516.0,0.171876,0.058
2010-07-21,贵州茅台,600519,75.07053477,77.2097508,75.07053477,75.82393476,75.07053477,2436302,338324505.0,0.258138,1.0036
2010-07-20,贵州茅台,600519,74.77907346,75.49947783,74.06416836,75.07053477,74.6800866,2688619,366053258.0,0.284872,0.5228
2010-07-19,贵州茅台,600519,73.16778735,74.9000574,73.09079757,74.6800866,73.58573187,1941232,261608074.0,0.205683,1.4872
2010-07-16,贵州茅台,600519,71.9854443,73.87719318,71.80946766,73.58573187,72.49687641,3294951,438987876.0,0.349115,1.501931
2010-07-15,贵州茅台,600519,71.7654735,73.2502764,71.68298445,72.49687641,71.62249248,1883333,248573676.0,0.199548,1.2208
2010-07-14,贵州茅台,600519,71.1605538,72.12842532,70.95708081,71.62249248,71.24304285,964266,125763296.0,0.102168,0.5326
2010-07-13,贵州茅台,600519,71.89745598,71.89745598,70.67111877,71.24304285,71.88095817,743911,96225621.0,0.078821,-0.8875
2010-07-12,贵州茅台,600519,71.9304516,73.3052691,71.79296985,71.88095817,72.07343262,1783426,235347809.0,0.188962,-0.2671
2010-07-09,贵州茅台,600519,70.70961366,72.7003494,70.23117717,72.07343262,70.56663264,2737851,357390425.0,0.290088,2.1353
2010-07-08,贵州茅台,600519,69.90122097,70.6656195,69.90122097,70.56663264,70.01670564,851641,108893890.0,0.090235,0.7854
2010-07-07,贵州茅台,600519,70.1706852,70.6656195,69.5657655,70.01670564,70.1706852,878828,111689439.0,0.093116,-0.2194
2010-07-06,贵州茅台,600519,69.2358093,70.47864432,68.740875,70.1706852,69.18631587,1530643,195146898.0,0.162179,1.4228
2010-07-05,贵州茅台,600519,69.5657655,69.7307436,68.49890712,69.18631587,69.5657655,1404074,176428087.0,0.148768,-0.5455
2010-07-02,贵州茅台,600519,68.95013475,70.3394895,68.95013475,69.5658096,69.2062119,1645270,209978232.0,0.174324,0.5196
2010-07-01,贵州茅台,600519,69.65843325,69.65843325,68.9228925,69.2062119,69.3914592,744969,94688255.0,0.078933,-0.267
2010-06-30,贵州茅台,600519,68.65047,69.4677375,68.45977425,69.3914592,68.79757815,1782412,225134758.0,0.188855,0.8632
2010-06-29,贵州茅台,600519,70.01803095,70.49749455,68.38349595,68.79757815,69.74560845,2778266,354061610.0,0.29437,-1.3593
2010-06-28,贵州茅台,600519,70.938819,70.9497159,69.63663945,69.74560845,71.1131694,1481698,190660624.0,0.156993,-1.9231
2010-06-25,贵州茅台,600519,70.720881,71.374695,70.19238135,71.1131694,70.81350465,1901135,246313336.0,0.201434,0.4232
2010-06-24,贵州茅台,600519,71.87050395,72.17561715,70.6554996,70.81350465,71.7560865,2434403,317936253.0,0.257936,-1.3136
2010-06-23,贵州茅台,600519,71.91954,72.3990036,71.6035299,71.7560865,72.02306055,1281276,169174743.0,0.135757,-0.3707
2010-06-22,贵州茅台,600519,72.6060447,72.9765393,71.592633,72.02306055,73.2489618,2077910,275184084.0,0.220164,-1.6736
2010-06-21,贵州茅台,600519,72.137478,73.2816525,71.483664,73.2489618,72.0611997,1895401,251513446.0,0.200827,1.6483
2010-06-18,贵州茅台,600519,74.10436845,74.534796,71.38014345,72.0611997,74.3604456,2010229,270316817.0,0.212993,-3.092
2010-06-17,贵州茅台,600519,75.842424,76.00042905,74.26782195,74.3604456,75.57544995,1252371,172316218.0,0.132695,-1.6077
2010-06-11,贵州茅台,600519,77.13370665,77.6404125,75.4937232,75.57544995,77.01384075,1957275,274933803.0,0.207382,-1.8677
2010-06-10,贵州茅台,600519,77.041083,77.694897,76.56706785,77.01384075,77.0519799,1178127,166835001.0,0.124828,-0.0495
2010-06-09,贵州茅台,600519,76.3981659,77.694897,76.3218876,77.0519799,76.3436814,1805393,255194304.0,0.19129,0.927778
2010-06-08,贵州茅台,600519,76.8558357,77.3026086,75.733455,76.3436814,76.8558357,1439478,202331408.0,0.152519,-0.6664
2010-06-07,贵州茅台,600519,74.643765,77.51509815,74.09892,76.8558357,75.2539914,3812507,535882247.0,0.403953,2.1286
2010-06-04,贵州茅台,600519,73.51593585,75.406548,73.12364745,75.2539914,73.57042035,3003643,410658458.0,0.31825,2.2884
2010-06-03,贵州茅台,600519,73.54862655,74.3713425,72.682323,73.57042035,73.0964052,2494942,338070633.0,0.264351,0.6485
2010-06-02,贵州茅台,600519,72.2246532,73.227168,71.72884425,73.0964052,72.26279235,2188944,291694861.0,0.231929,1.1536
2010-06-01,贵州茅台,600519,71.78332875,72.7150137,71.1022725,72.26279235,71.8541586,2352557,311393511.0,0.249264,0.5687
2010-05-31,贵州茅台,600519,72.7368075,73.6739409,71.8541586,71.8541586,71.8868493,2354988,314717160.0,0.249522,-0.0455
2010-05-28,贵州茅台,600519,71.8868493,71.8868493,71.8868493,71.8868493,71.8868493,0,0.0,,0.0
2010-05-27,贵州茅台,600519,71.8868493,71.8868493,71.8868493,71.8868493,71.8868493,0,0.0,,0.0
2010-05-26,贵州茅台,600519,71.6471175,72.2791377,70.9170252,71.8868493,71.51090625,1102531,145156073.0,0.116818,0.5257
2010-05-25,贵州茅台,600519,73.880982,73.880982,71.23848375,71.51090625,74.08257465,2205077,292444449.0,0.233638,-3.4714
2010-05-24,贵州茅台,600519,73.54862655,74.3713425,73.1726835,74.08257465,73.12364745,2978347,404173639.0,0.31557,1.3114
2010-05-21,贵州茅台,600519,70.502943,73.336137,69.99623715,73.12364745,71.6362206,2734138,362007811.0,0.289695,2.0764
2010-05-20,贵州茅台,600519,70.53018525,72.64418385,70.29045345,71.6362206,70.73722635,2274045,300553538.0,0.240946,1.2709
2010-05-19,贵州茅台,600519,71.1022725,71.483664,69.7510569,70.73722635,70.88978295,1079897,140244493.0,0.11442,-0.2152
2010-05-18,贵州茅台,600519,70.82985,71.35834965,68.7485421,70.88978295,70.720881,2603747,334232104.0,0.275879,0.2388
2010-05-17,贵州茅台,600519,73.3906215,73.3906215,70.611912,70.720881,73.52683275,1764359,231880074.0,0.186942,-3.8162
2010-05-14,贵州茅台,600519,73.4886936,74.15885295,73.00923,73.52683275,73.48324515,1812616,245038802.0,0.192055,0.0593
2010-05-13,贵州茅台,600519,72.58969935,73.9354665,72.58969935,73.48324515,72.5624571,2704954,365164014.0,0.286602,1.269
2010-05-12,贵州茅台,600519,72.62239005,73.00923,70.82985,72.5624571,72.8239827,2164319,285567368.0,0.22932,-0.3591
2010-05-11,贵州茅台,600519,73.87553355,74.09892,72.37176135,72.8239827,72.7586013,3363241,450668323.0,0.356351,0.0899
2010-05-10,贵州茅台,600519,71.91954,74.09892,71.91954,72.7586013,70.83529845,6619258,888886062.0,0.701341,2.7152
2010-05-07,贵州茅台,600519,68.65047,71.03144265,68.3780475,70.83529845,69.38601075,3125476,401357091.0,0.331159,2.0887
2010-05-06,贵州茅台,600519,71.374695,71.374695,69.3587685,69.38601075,71.26027755,2824034,364015607.0,0.29922,-2.6302
2010-05-05,贵州茅台,600519,69.631191,71.5054578,69.3587685,71.26027755,70.0888608,3383878,440483241.0,0.358538,1.6713
2010-05-04,贵州茅台,600519,69.73471155,70.5901182,69.13538205,70.0888608,70.30135035,2397516,308504586.0,0.254028,-0.3023
2010-04-30,贵州茅台,600519,71.60897835,71.60897835,69.60394875,70.30135035,73.14544125,8556670,1102902799.0,0.906619,-3.8883
2010-04-29,贵州茅台,600519,72.2246532,73.6957347,72.2246532,73.14544125,71.99036985,3450120,464124490.0,0.365556,1.6045
2010-04-28,贵州茅台,600519,71.91954,72.682323,71.374695,71.99036985,72.43714275,2628743,347144556.0,0.278528,-0.6168
2010-04-27,贵州茅台,600519,74.58383205,74.58383205,72.3009315,72.43714275,74.60562585,5823448,781868466.0,0.617021,-2.9066
2010-04-26,贵州茅台,600519,75.733455,76.0494651,74.5892805,74.60562585,78.36505635,10703613,1480340425.0,1.134098,-4.7973
2010-04-23,贵州茅台,600519,80.63706,81.508812,77.9673195,78.36505635,80.9421732,6668694,972162191.0,0.706579,-3.1839
2010-04-22,贵州茅台,600519,80.28291075,81.31811625,79.56371535,80.9421732,80.6479569,3706395,549560405.0,0.39271,0.3648
2010-04-21,贵州茅台,600519,78.1852575,80.75147745,77.20998495,80.6479569,78.1961544,6336587,922573405.0,0.671391,3.1355
2010-04-20,贵州茅台,600519,79.54737,79.54737,76.3436814,78.1961544,79.6345452,4938723,704502590.0,0.523281,-1.8062
2010-04-19,贵州茅台,600519,80.64250845,81.48156975,79.46564325,79.6345452,80.6261631,4133219,609860437.0,0.437934,-1.2299
2010-04-16,贵州茅台,600519,80.34829215,81.45977595,79.983246,80.6261631,80.3537406,2939556,434500524.0,0.31146,0.339
2010-04-15,贵州茅台,600519,82.08089925,82.08089925,80.092215,80.3537406,82.0100694,4061730,602138292.0,0.430359,-2.0197
2010-04-14,贵州茅台,600519,82.20076515,82.20076515,80.7787197,82.0100694,81.6613686,4636844,693802745.0,0.491295,0.427
2010-04-13,贵州茅台,600519,80.310153,82.26614655,80.0377305,81.6613686,80.25022005,5430527,807780230.0,0.57539,1.7584
2010-04-12,贵州茅台,600519,81.290874,81.6068841,79.9723491,80.25022005,81.2581833,3851423,568871643.0,0.408076,-1.2404
2010-04-09,贵州茅台,600519,81.73219845,82.053657,80.52264255,81.2581833,82.00462095,5441818,809627274.0,0.576586,-0.9102
2010-04-08,贵州茅台,600519,82.9036152,82.90906365,81.72675,82.00462095,82.88726985,3292119,497205376.0,0.348815,-1.0649
2010-04-07,贵州茅台,600519,82.74561015,83.27955825,82.3914609,82.88726985,82.7292648,4106108,623779291.0,0.435061,0.191
2010-04-06,贵州茅台,600519,82.7619555,83.35583655,82.4350485,82.7292648,83.15969235,5312291,806704607.0,0.562862,-0.5176
2010-04-02,贵州茅台,600519,86.08551,86.08551,82.598502,83.15969235,87.2078907,15428170,2359758883.0,1.634686,-4.642
2010-04-01,贵州茅台,600519,86.5104891,87.4476225,86.4995922,87.2078907,86.4995922,2398083,383228783.0,0.254088,0.8188
2010-03-31,贵州茅台,600519,87.15885465,88.0578489,86.3579325,86.4995922,87.18064845,1490516,237596436.0,0.157927,-0.7812
2010-03-30,贵州茅台,600519,88.1341272,88.2430962,86.9027775,87.18064845,88.1123334,1901210,304981145.0,0.201442,-1.0574
2010-03-29,贵州茅台,600519,87.0117465,88.24854465,86.63580345,88.1123334,86.9899527,3147543,505626392.0,0.333497,1.2902
2010-03-26,贵州茅台,600519,86.17813365,87.6546636,86.1290976,86.9899527,86.0310255,2052737,328239751.0,0.217497,1.1146
2010-03-25,贵州茅台,600519,86.5758705,86.5758705,85.976541,86.0310255,86.71208175,981360,155141078.0,0.10398,-0.7854
2010-03-24,贵州茅台,600519,85.8566751,87.0553341,85.84032975,86.71208175,85.6932216,2017566,320611718.0,0.213771,1.189
2010-03-23,贵州茅台,600519,85.98198945,86.3470356,85.4970774,85.6932216,86.08551,1832990,288785264.0,0.194214,-0.4557
2010-03-22,贵州茅台,600519,86.7611178,86.957262,85.9111596,86.08551,86.4995922,2300846,364454790.0,0.243785,-0.4787
2010-03-19,贵州茅台,600519,86.5649736,86.8156023,86.08551,86.4995922,86.30889645,1336163,212046433.0,0.141573,0.2209
2010-03-18,贵州茅台,600519,87.4912101,87.92163765,85.94929875,86.30889645,87.45307095,1472662,234364030.0,0.156035,-1.3083
2010-03-17,贵州茅台,600519,86.6194581,87.4912101,86.5758705,87.45307095,86.5976643,1871093,298972351.0,0.198251,0.9878
2010-03-16,贵州茅台,600519,86.4669015,86.98450425,86.0310255,86.5976643,86.4669015,776413,123284715.0,0.082265,0.1512
2010-03-15,贵州茅台,600519,88.21585395,88.21585395,86.0310255,86.4669015,88.2213024,1580851,251338919.0,0.167499,-1.9886
2010-03-12,贵州茅台,600519,88.8206319,89.17478115,88.04150355,88.2213024,88.81518345,1219227,197699619.0,0.129183,-0.6687
2010-03-11,贵州茅台,600519,89.2783017,89.59976025,88.5809001,88.81518345,89.1693327,1351856,220769894.0,0.143235,-0.3972
2010-03-10,贵州茅台,600519,88.95684315,89.1911265,88.7552505,89.1693327,88.90235865,1181406,192984027.0,0.125175,0.3003
2010-03-09,贵州茅台,600519,88.918704,89.1911265,88.6462815,88.90235865,88.9078071,1234097,201437828.0,0.130758,-0.0061
2010-03-08,贵州茅台,600519,89.6161056,89.8885281,88.700766,88.9078071,89.57796645,2325944,380034354.0,0.246445,-0.7481
2010-03-05,贵州茅台,600519,89.98115175,90.14460525,89.5071366,89.57796645,89.9757033,977055,160821083.0,0.103524,-0.442
2010-03-04,贵州茅台,600519,90.4551669,90.90738825,89.35458,89.9757033,90.2590227,1416897,234440689.0,0.150127,-0.3139
2010-03-03,贵州茅台,600519,90.43882155,90.5750328,89.86128585,90.2590227,90.226332,1423286,235470730.0,0.150804,0.0362
2010-03-02,贵州茅台,600519,90.77662545,90.87469755,89.8449405,90.226332,90.5750328,1718223,284524248.0,0.182054,-0.385
2010-03-01,贵州茅台,600519,90.68945025,91.23429525,90.43882155,90.5750328,90.9019398,2173474,361550327.0,0.23029,-0.3596
2010-02-26,贵州茅台,600519,92.0679081,92.0679081,90.771177,90.9019398,91.67017125,1033858,173028879.0,0.109542,-0.838
2010-02-25,贵州茅台,600519,90.9346305,92.62365,90.9346305,91.67017125,91.4903724,1531396,258220826.0,0.162259,0.1965
2010-02-24,贵州茅台,600519,90.8583522,91.860867,90.1718475,91.4903724,90.85290375,990427,165405133.0,0.10494,0.7016
2010-02-23,贵州茅台,600519,92.21501625,92.8960725,89.7359715,90.85290375,92.1223926,2356213,391601201.0,0.249652,-1.378
2010-02-22,贵州茅台,600519,94.258185,94.3126695,92.11694415,92.1223926,94.30722105,1217808,207127846.0,0.129032,-2.3167
2010-02-12,贵州茅台,600519,94.78668465,94.911999,93.822309,94.30722105,94.4652261,934640,161899961.0,0.099029,-0.1673
2010-02-11,贵州茅台,600519,93.604371,95.0427618,93.495402,94.4652261,93.62071635,1494505,259254548.0,0.15835,0.9021
2010-02-10,贵州茅台,600519,93.71334,94.03479855,93.0050415,93.62071635,93.22842795,639814,109830207.0,0.067791,0.4208
2010-02-09,贵州茅台,600519,93.71334,94.43798385,92.91241785,93.22842795,93.29380935,1415124,243172993.0,0.149939,-0.0701
2010-02-08,贵州茅台,600519,93.30470625,95.674782,92.9069694,93.29380935,93.30470625,3149610,548228595.0,0.333716,-0.0117
2010-02-05,贵州茅台,600519,91.32147045,93.6479586,90.989115,93.30470625,91.860867,2623430,445744684.0,0.277965,1.5718
2010-02-04,贵州茅台,600519,90.3897855,92.21501625,89.97025485,91.860867,90.40613085,2247533,376703449.0,0.238137,1.6091
2010-02-03,贵州茅台,600519,90.55868745,91.5884445,89.463549,90.40613085,90.7275894,2303465,382974414.0,0.244063,-0.3543
2010-02-02,贵州茅台,600519,91.53396,92.62365,90.60227505,90.7275894,92.01887205,1549353,260426281.0,0.164161,-1.4033
2010-02-01,贵州茅台,600519,92.0134236,92.3948151,90.99456345,92.01887205,91.8281763,2965594,499867002.0,0.314218,0.2077
2010-01-29,贵州茅台,600519,92.59640775,92.732619,91.3596096,91.8281763,92.187774,3717282,628192888.0,0.393863,-0.3901
2010-01-28,贵州茅台,600519,89.2783017,92.81434575,89.0821575,92.187774,89.3436831,3026752,507716302.0,0.320698,3.1833
2010-01-27,贵州茅台,600519,90.46061535,91.4140941,89.136642,89.3436831,90.8256615,1931657,320765897.0,0.204668,-1.6317
2010-01-26,贵州茅台,600519,91.68106815,92.71627365,89.681487,90.8256615,90.4660638,3288916,553152669.0,0.348476,0.3975
2010-01-25,贵州茅台,600519,89.27285325,91.1525685,88.54276095,90.4660638,89.42540985,2323915,385581318.0,0.24623,1.1637
2010-01-22,贵州茅台,600519,90.771177,91.14712005,88.20495705,89.42540985,90.84200685,2543294,416305093.0,0.269474,-1.5594
2010-01-21,贵州茅台,600519,90.3679917,91.7410011,90.1718475,90.84200685,90.4006824,1725748,287779661.0,0.182851,0.4882
2010-01-20,贵州茅台,600519,92.57461395,92.70537675,90.335301,90.4006824,92.49833565,2097295,353315689.0,0.222218,-2.2678
2010-01-19,贵州茅台,600519,93.16304655,93.4409175,92.3512275,92.49833565,93.1575981,1781891,302797491.0,0.1888,-0.7077
2010-01-18,贵州茅台,600519,92.62365,93.8549997,92.5691655,93.1575981,92.55282015,2146153,368485894.0,0.227395,0.6534
2010-01-15,贵州茅台,600519,91.81183095,94.4652261,91.81183095,92.55282015,91.8281763,4593850,788328964.0,0.48674,0.7891
2010-01-14,贵州茅台,600519,88.26489,92.187774,88.26489,91.8281763,87.9597768,4645464,775471608.0,0.492209,4.3979
2010-01-13,贵州茅台,600519,89.34913155,89.98115175,87.720045,87.9597768,90.25357425,3792444,621261800.0,0.401827,-2.5415
2010-01-12,贵州茅台,600519,87.96522525,90.53689365,87.50755545,90.25357425,87.87805005,3106340,509373871.0,0.329131,2.7032
2010-01-11,贵州茅台,600519,89.136642,89.8449405,87.4476225,87.87805005,88.26489,2446103,395563861.0,0.259176,-0.4383
2010-01-08,贵州茅台,600519,89.35458,89.35458,87.2296845,88.26489,89.2020234,3670209,593162176.0,0.388876,-1.0506
2010-01-07,贵州茅台,600519,90.8583522,91.09263555,88.1995086,89.2020234,90.8583522,4882555,801445269.0,0.517329,-1.823
2010-01-06,贵州茅台,600519,92.07335655,92.3512275,90.61317195,90.8583522,92.3185368,3988903,666073283.0,0.422643,-1.5817
2010-01-05,贵州茅台,600519,93.16304655,93.4409175,92.078805,92.3185368,92.5909593,3151318,535720422.0,0.333897,-0.2942
2010-01-04,贵州茅台,600519,93.71334,93.71334,92.24770695,92.5909593,92.5255779,4430488,753405635.0,0.469431,0.0707
2009-12-31,贵州茅台,600519,92.20411935,92.65089225,91.969836,92.5255779,92.1223926,2993429,507306247.0,0.317168,0.4377
2009-12-30,贵州茅台,600519,93.43546905,93.43546905,91.53396,92.1223926,93.277464,4825415,815387555.0,0.511275,-1.2383
2009-12-29,贵州茅台,600519,93.43546905,93.5716803,92.514681,93.277464,92.841588,2152713,367265881.0,0.22809,0.4695
2009-12-28,贵州茅台,600519,92.732619,93.6915462,92.3512275,92.841588,92.8633818,2790543,474640192.0,0.295671,-0.0235
2009-12-25,贵州茅台,600519,93.95852025,94.258185,92.18232555,92.8633818,93.95852025,3184660,542382941.0,0.33743,-1.1656
2009-12-24,贵州茅台,600519,90.989115,94.76489085,90.88559445,93.95852025,91.3596096,3820366,655732970.0,0.404786,2.8447
2009-12-23,贵州茅台,600519,90.9019398,91.5884445,90.46061535,91.3596096,90.91828515,2091885,350286334.0,0.221645,0.4854
2009-12-22,贵州茅台,600519,91.63748055,91.8063825,90.1718475,90.91828515,91.40864565,1626432,271984510.0,0.172328,-0.5364
2009-12-21,贵州茅台,600519,90.44427,92.20411935,90.44427,91.40864565,90.0410847,1812323,303592013.0,0.192024,1.5188
2009-12-18,贵州茅台,600519,90.44427,90.49330605,89.0821575,90.0410847,90.6295173,1830917,302160706.0,0.193994,-0.6493
2009-12-17,贵州茅台,600519,92.68358295,92.68358295,90.4987545,90.6295173,92.296743,2795703,469717785.0,0.296218,-1.8064
2009-12-16,贵州茅台,600519,94.2037005,94.20914895,91.96438755,92.296743,94.2145974,3265028,555677963.0,0.345945,-2.0356
2009-12-15,贵州茅台,600519,95.0754525,95.347875,93.63161325,94.2145974,95.0100711,2079146,359287534.0,0.220295,-0.8373
2009-12-14,贵州茅台,600519,95.6202975,95.6202975,94.1819067,95.0100711,95.29883895,2118208,368762139.0,0.224434,-0.303
2009-12-11,贵州茅台,600519,95.35332345,95.87637465,94.5306075,95.29883895,95.0318649,1659376,290069819.0,0.175819,0.2809
2009-12-10,贵州茅台,600519,94.8139269,95.10269475,93.9203811,95.0318649,94.15466445,1640437,284681531.0,0.173812,0.9317
2009-12-09,贵州茅台,600519,94.80303,95.0427618,93.604371,94.15466445,95.1081432,1782365,308029900.0,0.18885,-1.0025
2009-12-08,贵州茅台,600519,96.20328165,96.98241,94.5306075,95.1081432,96.18148785,2614410,456591109.0,0.277009,-1.116
2009-12-07,贵州茅台,600519,98.0721,98.6496357,95.238906,96.18148785,93.1140105,4568280,808969972.0,0.484031,3.2943
2009-12-04,贵州茅台,600519,94.7485455,94.7485455,92.08425345,93.1140105,94.7485455,3103525,530120181.0,0.328833,-1.7251
2009-12-03,贵州茅台,600519,95.88727155,95.9036169,93.52264425,94.7485455,95.9689983,2500586,433467098.0,0.264949,-1.2717
2009-12-02,贵州茅台,600519,96.5683278,96.6772968,94.7376486,95.9689983,96.5683278,2059622,362528922.0,0.218227,-0.6206
2009-12-01,贵州茅台,600519,94.12197375,97.091379,93.7242369,96.5683278,94.75399395,3957941,698056574.0,0.419362,1.9148
2009-11-30,贵州茅台,600519,90.9782181,95.0427618,90.117363,94.75399395,90.01384245,4374659,749610425.0,0.463515,5.266
2009-11-27,贵州茅台,600519,91.7083104,91.860867,89.9321157,90.01384245,91.80093405,2466989,411859873.0,0.261389,-1.9467
2009-11-26,贵州茅台,600519,95.28794205,95.28794205,91.751898,91.80093405,94.8357207,2650131,452465235.0,0.280794,-3.2
2009-11-25,贵州茅台,600519,92.5691655,95.2824936,92.5691655,94.8357207,92.5364748,3223322,557388538.0,0.341526,2.4847
2009-11-24,贵州茅台,600519,94.19825205,96.49749795,92.405712,92.5364748,93.5934741,4337935,757143585.0,0.459624,-1.1294
2009-11-23,贵州茅台,600519,92.1332895,93.71334,91.98618135,93.5934741,92.0025267,3533050,602278226.0,0.374343,1.7292
2009-11-20,贵州茅台,600519,92.63999535,92.8960725,91.7845887,92.0025267,92.68358295,2313306,391812970.0,0.245106,-0.7348
2009-11-19,贵州茅台,600519,93.2120826,94.14376755,92.187774,92.68358295,93.1467012,1710850,291816172.0,0.181273,-0.4972
2009-11-18,贵州茅台,600519,94.1601129,95.020968,93.08676825,93.1467012,94.80303,1644019,282834420.0,0.174191,-1.7471
2009-11-17,贵州茅台,600519,94.80303,95.347875,91.969836,94.80303,94.7376486,2939921,506410452.0,0.311498,0.069
2009-11-16,贵州茅台,600519,92.0134236,95.63664285,92.0134236,94.7376486,91.84452165,4148038,721755719.0,0.439504,3.15
2009-11-13,贵州茅台,600519,90.771177,92.7871035,90.02473935,91.84452165,90.7166925,5010775,845848184.0,0.530915,1.2432
2009-11-12,贵州茅台,600519,89.05491525,91.32147045,88.918704,90.7166925,89.0385699,4262095,706940280.0,0.451589,1.8847
2009-11-11,贵州茅台,600519,87.25692675,90.335301,87.25692675,89.0385699,87.36589575,4275738,698929654.0,0.453034,1.9146
2009-11-10,贵州茅台,600519,87.40948335,88.05240045,86.630355,87.36589575,87.11526705,3287833,527631019.0,0.348361,0.2877
2009-11-09,贵州茅台,600519,87.7418388,88.155921,86.7938085,87.11526705,87.7418388,1847589,295938895.0,0.195761,-0.7141
2009-11-06,贵州茅台,600519,88.86966795,88.91325555,87.34410195,87.7418388,88.44468885,2642166,427266654.0,0.27995,-0.7947
2009-11-05,贵州茅台,600519,88.53186405,89.00043075,87.99791595,88.44468885,88.55365785,2002860,325198987.0,0.212212,-0.1231
2009-11-04,贵州茅台,600519,87.10437015,88.81518345,86.630355,88.55365785,87.1098186,3361238,543718745.0,0.356139,1.6575
2009-11-03,贵州茅台,600519,87.1752,87.937983,86.6630457,87.1098186,87.18064845,2011889,322722635.0,0.213169,-0.0812
2009-11-02,贵州茅台,600519,84.99582,87.2296845,84.7125006,87.18064845,85.87302045,3202027,506826774.0,0.33927,1.5227
2009-10-30,贵州茅台,600519,85.8130875,86.02557705,85.1592735,85.87302045,85.1919642,2750385,432308188.0,0.291416,0.7994
2009-10-29,贵州茅台,600519,85.213758,86.2925511,84.777882,85.1919642,85.77494835,2056523,323781024.0,0.217898,-0.6797
2009-10-28,贵州茅台,600519,85.0503045,86.00378325,84.886851,85.77494835,84.99037155,1914190,300201158.0,0.202817,0.923128
2009-10-27,贵州茅台,600519,85.31727855,85.540665,84.7233975,84.99037155,85.31727855,2542841,396334908.0,0.269426,-0.3832
2009-10-26,贵州茅台,600519,87.15885465,87.1643031,85.1374797,85.31727855,86.79925695,4564431,716061313.0,0.483623,-1.7074
2009-10-23,贵州茅台,600519,86.5867674,87.284169,86.2489635,86.79925695,86.5867674,4651561,739672651.0,0.492855,0.2454
2009-10-22,贵州茅台,600519,87.2296845,88.24854465,86.0746131,86.5867674,87.66011205,3681739,585366561.0,0.390097,-1.2244
2009-10-21,贵州茅台,600519,89.899425,89.899425,87.611076,87.66011205,90.13370835,3808393,617367731.0,0.403517,-2.7444
2009-10-20,贵州茅台,600519,88.6462815,90.226332,87.72549345,90.13370835,88.53186405,4078812,666676389.0,0.432169,1.8093
2009-10-19,贵州茅台,600519,87.28961745,88.5373125,86.60311275,88.53186405,87.1643031,4363978,698074669.0,0.462384,1.5689
2009-10-16,贵州茅台,600519,87.7854264,88.26489,86.7175302,87.1643031,87.7963233,2798654,447651087.0,0.29653,-0.7199
2009-10-15,贵州茅台,600519,89.82859515,89.82859515,87.39858645,87.7963233,89.5071366,2811233,454982752.0,0.297863,-1.9114
2009-10-14,贵州茅台,600519,90.6948987,90.71124405,88.86966795,89.5071366,90.38433705,3729999,612459767.0,0.395211,-0.9705
2009-10-13,贵州茅台,600519,90.44971845,91.80093405,89.6270025,90.38433705,91.0000119,1023723,170054046.0,0.108468,-0.6766
2009-10-12,贵州茅台,600519,92.078805,92.61820155,90.9346305,91.0000119,91.7301042,876204,147502660.0,0.092838,-0.7959
2009-10-09,贵州茅台,600519,90.880146,92.07335655,90.8256615,91.7301042,89.8231467,1250608,210257020.0,0.132508,2.123
2009-09-30,贵州茅台,600519,89.34913155,90.8692491,88.809735,89.8231467,88.3956528,1288249,212532258.0,0.136496,1.6149
2009-09-29,贵州茅台,600519,89.35458,89.899425,87.9924675,88.3956528,89.4090645,1542377,251534805.0,0.163422,-1.1335
2009-09-28,贵州茅台,600519,89.681487,90.72214095,89.35458,89.4090645,89.62155405,1345344,222874121.0,0.142545,-0.2371
2009-09-25,贵州茅台,600519,88.26489,90.8038677,88.26489,89.62155405,88.0578489,1852804,304628817.0,0.196313,1.7758
2009-09-24,贵州茅台,600519,89.899425,89.899425,87.0444372,88.0578489,90.00294555,1878660,302998962.0,0.199053,-2.1611
2009-09-23,贵州茅台,600519,92.45474805,93.1140105,89.899425,90.00294555,92.40026355,2121493,356415097.0,0.224782,-2.5945
2009-09-22,贵州茅台,600519,89.95935795,93.54443805,89.6161056,92.40026355,90.1282599,4097482,697323678.0,0.434147,2.5209
2009-09-21,贵州茅台,600519,87.89984385,90.226332,86.739324,90.1282599,88.6898691,2612924,422889399.0,0.276851,1.6218
2009-09-18,贵州茅台,600519,89.790456,89.81769825,88.26489,88.6898691,89.77411065,1841155,301101120.0,0.195079,-1.2077
2009-09-17,贵州茅台,600519,89.790456,90.30805875,89.57796645,89.77411065,89.7686622,1669416,275360254.0,0.176882,0.0061
2009-09-16,贵州茅台,600519,89.91577035,90.9346305,88.7443536,89.7686622,90.19908975,1343134,219954118.0,0.142311,-0.4772
2009-09-15,贵州茅台,600519,91.098084,91.97528445,89.47989435,90.19908975,91.0327026,1781601,294648966.0,0.188769,-0.9157
2009-09-14,贵州茅台,600519,91.56120225,92.078805,90.880146,91.0327026,90.86380065,1555148,260573647.0,0.164775,0.1859
2009-09-11,贵州茅台,600519,90.3897855,91.53396,89.3000955,90.86380065,90.41702775,1347190,224260634.0,0.142741,0.4941
2009-09-10,贵州茅台,600519,89.5180335,90.4987545,88.5373125,90.41702775,89.5398273,1325477,218828433.0,0.14044,0.9797
2009-09-09,贵州茅台,600519,90.68945025,92.07335655,88.26489,89.5398273,90.68945025,3120277,512038300.0,0.330608,-1.2676
2009-09-08,贵州茅台,600519,88.2104055,91.642929,86.6957364,90.68945025,88.20495705,3449008,572753391.0,0.365438,2.8167
2009-09-07,贵州茅台,600519,85.2246549,90.1718475,85.1483766,88.20495705,84.65256765,3884516,630053587.0,0.411583,4.1964
2009-09-04,贵州茅台,600519,84.44552655,84.99582,83.361285,84.65256765,84.51090795,2155402,332587085.0,0.228375,0.1676
2009-09-03,贵州茅台,600519,81.75399225,84.7233975,81.7376469,84.51090795,82.1735229,1915657,293428432.0,0.202973,2.8445
2009-09-02,贵州茅台,600519,82.2606981,82.78919775,81.4870182,82.1735229,82.57125975,1615629,243221073.0,0.171183,-0.4817
2009-09-01,贵州茅台,600519,81.72675,84.6144285,81.71040465,82.57125975,81.72130155,2063249,313194378.0,0.218611,1.0401
2009-08-31,贵州茅台,600519,86.08551,86.09095845,81.4543275,81.72130155,86.77746315,3733394,568178140.0,0.39557,-5.8266
2009-08-28,贵州茅台,600519,87.720045,88.6462815,86.630355,86.77746315,87.9052923,2404913,386203839.0,0.254812,-1.283
2009-08-27,贵州茅台,600519,86.5649736,88.6353846,86.08551,87.9052923,86.73387555,2216114,356997195.0,0.234808,1.3506
2009-08-26,贵州茅台,600519,83.65005285,87.4476225,83.65005285,86.73387555,84.94678395,2235461,353413336.0,0.236857,2.1038
2009-08-25,贵州茅台,600519,86.0310255,86.0310255,82.8709245,84.94678395,86.30889645,2450125,377947429.0,0.259602,-1.5782
2009-08-24,贵州茅台,600519,85.53521655,86.62490655,85.29548475,86.30889645,85.27369095,1341758,212008261.0,0.142166,1.214
2009-08-21,贵州茅台,600519,82.82188845,85.540665,82.27704345,85.27369095,82.81099155,2474337,383636526.0,0.262168,2.9739
2009-08-20,贵州茅台,600519,81.181905,83.0888625,80.63706,82.81099155,81.51426045,3459953,522725007.0,0.366598,1.5908
2009-08-19,贵州茅台,600519,82.80009465,84.5054595,80.63706,81.51426045,81.80847675,3357636,509878566.0,0.355757,-0.3596
2009-08-18,贵州茅台,600519,80.9094825,82.9036152,80.64250845,81.80847675,81.4761213,2983979,448107193.0,0.316166,0.4079
2009-08-17,贵州茅台,600519,84.5054595,85.7912937,80.5716786,81.4761213,85.9656441,2975040,451437989.0,0.315219,-5.2225
2009-08-14,贵州茅台,600519,88.80428655,88.80428655,84.99582,85.9656441,88.7770443,2470694,390424195.0,0.261782,-3.1668
2009-08-13,贵州茅台,600519,88.7443536,90.58048125,87.066231,88.7770443,90.5859297,3376867,544005102.0,0.357795,-1.9969
2009-08-12,贵州茅台,600519,92.5691655,95.6202975,88.26489,90.5859297,92.62365,4140439,698628591.0,0.438699,-2.2
2009-08-11,贵州茅台,600519,89.2891986,93.9857625,88.0796427,92.62365,89.0821575,3630736,611324918.0,0.384693,3.9755
2009-08-10,贵州茅台,600519,89.36002845,89.899425,86.5649736,89.0821575,89.2891986,2929893,472002862.0,0.310436,-0.2319
2009-08-07,贵州茅台,600519,90.880146,92.62365,88.0251582,89.2891986,89.93756415,5786746,953137970.0,0.613133,-0.7209
2009-08-06,贵州茅台,600519,87.72549345,90.7166925,87.2296845,89.93756415,89.22926565,3944209,644496759.0,0.417907,0.7938
2009-08-05,贵州茅台,600519,84.2875215,89.29464705,84.2875215,89.22926565,83.97695985,5544896,893443535.0,0.587508,6.2545
2009-08-04,贵州茅台,600519,85.5515619,85.5515619,83.143347,83.97695985,84.83781495,2143538,329545708.0,0.227118,-1.0147
2009-08-03,贵州茅台,600519,82.81644,86.4015201,82.81644,84.83781495,81.7376469,4445840,693624944.0,0.471057,3.7928
2009-07-31,贵州茅台,600519,82.26614655,82.26614655,80.99120925,81.7376469,81.63412635,3299219,494144461.0,0.349568,0.1268
2009-07-30,贵州茅台,600519,82.6529865,82.6529865,79.82524095,81.63412635,80.64250845,2755049,410415145.0,0.29191,1.2296
2009-07-29,贵州茅台,600519,83.5247385,85.07754675,78.45768,80.64250845,83.470254,3695563,556652765.0,0.391562,-3.3877
2009-07-28,贵州茅台,600519,83.4157695,86.61400965,83.143347,83.470254,83.42121795,3622961,564423483.0,0.38387,0.0588
2009-07-27,贵州茅台,600519,80.35918905,83.6337075,80.35918905,83.42121795,80.092215,6453123,969451469.0,0.683738,4.1565
2009-07-24,贵州茅台,600519,79.8633801,82.15717755,79.6999266,80.092215,79.6999266,4537056,673882706.0,0.480722,0.4922
2009-07-23,贵州茅台,600519,80.55533325,80.63161155,79.55281845,79.6999266,80.31560145,1724952,253176789.0,0.182767,-0.7666
2009-07-22,贵州茅台,600519,80.092215,80.84954955,79.3839165,80.31560145,80.2665654,2503621,366601445.0,0.26527,0.0611
2009-07-21,贵州茅台,600519,81.1274205,81.835719,80.07586965,80.2665654,80.69699295,4222026,627819240.0,0.447343,-0.5334
2009-07-20,贵州茅台,600519,80.63706,81.508812,80.0813181,80.69699295,80.58802395,3873799,572069340.0,0.410447,0.1352
2009-07-17,贵州茅台,600519,81.03479685,81.99372405,80.4736065,80.58802395,80.88224025,1410005,210098779.0,0.149397,-0.3638
2009-07-16,贵州茅台,600519,82.00462095,82.271595,80.60981775,80.88224025,81.74309535,3643057,542209782.0,0.385999,-1.0531
2009-07-15,贵州茅台,600519,83.5247385,84.0586866,81.71040465,81.74309535,83.5247385,3159841,477906537.0,0.3348,-2.1331
2009-07-14,贵州茅台,600519,83.46480555,84.09682575,82.81644,83.5247385,83.50839315,2664455,408475427.0,0.282311,0.0196
2009-07-13,贵州茅台,600519,83.00713575,83.90613,81.36170385,83.50839315,82.90906365,3976567,601703320.0,0.421336,0.7229
2009-07-10,贵州茅台,600519,80.419122,83.6337075,80.29380765,82.90906365,80.2120809,2977018,451971144.0,0.315429,3.3623
2009-07-09,贵州茅台,600519,78.02725245,80.90403405,78.02725245,80.2120809,78.41954085,3464234,505222990.0,0.367052,2.2858
2009-07-08,贵州茅台,600519,78.1852575,79.08425175,77.0955675,78.41954085,79.2967413,2651579,378380305.0,0.280947,-1.1062
2009-07-07,贵州茅台,600519,78.4249893,80.64250845,77.91828345,79.2967413,78.4140924,2740569,399773428.0,0.290376,1.125622
2009-07-06,贵州茅台,600519,79.002525,79.5364731,77.803866,78.4140924,79.5037824,2949182,423754900.0,0.31248,-1.3706
2009-07-03,贵州茅台,600519,80.092215,81.181905,79.220463,79.5037824,80.60981775,2573876,376552059.0,0.272714,-1.3721
2009-07-02,贵州茅台,600519,79.329432,82.2498012,78.2942265,80.60981775,79.35667425,2699019,395317139.0,0.285974,1.5791
2009-07-01,贵州茅台,600519,79.874277,80.63706,78.9916281,79.35667425,80.01048825,1935675,281759830.0,0.205094,-0.8172
2009-06-30,贵州茅台,600519,80.2753875,81.2484225,78.27526,80.01050575,79.853739,2455349,359599491.0,0.260156,0.1963
2009-06-29,贵州茅台,600519,74.60475575,80.55108075,74.2209475,79.853739,74.058775,3801548,553072336.0,0.402792,7.8248
2009-06-26,贵州茅台,600519,73.5182,74.59935,73.5182,74.058775,73.45873675,1826249,250833621.0,0.1935,0.8168
2009-06-25,贵州茅台,600519,71.89106925,73.626315,71.36130575,73.45873675,71.35049425,2183414,295200887.0,0.231343,2.9548
2009-06-24,贵州茅台,600519,72.0586475,72.43705,70.82073075,71.35049425,72.09648775,2093623,276526128.0,0.221829,-1.0347
2009-06-23,贵州茅台,600519,71.247785,72.7073375,70.036897,72.09648775,71.88025775,2758804,364099880.0,0.292308,0.3008
2009-06-22,贵州茅台,600519,74.3290625,74.707465,71.831606,71.88025775,74.015529,2118112,285552148.0,0.224424,-2.8849
2009-06-19,贵州茅台,600519,74.0479635,74.97234675,73.30197,74.015529,74.52907525,1853345,253253630.0,0.196371,-0.6891
2009-06-18,贵州茅台,600519,74.058775,74.8696375,73.2479125,74.52907525,74.41014875,4119002,564072323.0,0.436427,0.1598
2009-06-17,贵州茅台,600519,73.16682625,74.8696375,73.08574,74.41014875,73.35062175,2258367,310521875.0,0.239284,1.4445
2009-06-16,贵州茅台,600519,73.410085,74.13986125,72.43705,73.35062175,73.647938,2003920,271544262.0,0.212325,-0.4037
2009-06-15,贵州茅台,600519,70.30177875,73.842545,70.30177875,73.647938,70.60450075,4408128,592083839.0,0.467062,4.3105
2009-06-12,贵州茅台,600519,72.25866025,73.410085,69.84229,70.60450075,72.05324175,2703533,357604702.0,0.286452,-2.0107
2009-06-11,贵州茅台,600519,70.966686,73.7884875,70.966686,72.05324175,70.9774975,3973846,533435068.0,0.421047,1.5156
2009-06-10,贵州茅台,600519,71.18832175,71.91269225,70.28015575,70.9774975,70.945063,2647692,348306255.0,0.280535,0.0457
2009-06-09,贵州茅台,600519,68.97737,72.977625,68.76114,70.945063,68.97737,7330385,969552012.0,0.776688,2.8527
2009-06-08,贵州茅台,600519,68.76114,69.76120375,67.571875,68.97737,68.1448845,3688621,469785127.0,0.390827,1.2216
2009-06-05,贵州茅台,600519,64.1446295,70.1125775,64.13922375,68.1448845,64.4689745,7774093,973345740.0,0.823701,5.7018
2009-06-04,贵州茅台,600519,64.760885,64.8798115,63.7337925,64.4689745,64.717639,4653332,553191419.0,0.493042,-0.3842
2009-06-03,贵州茅台,600519,64.804131,64.97170925,63.6905465,64.717639,64.804131,2924590,347246937.0,0.309874,-0.1335
2009-06-02,贵州茅台,600519,63.2580865,65.387952,63.2580865,64.804131,63.658112,5016813,600394403.0,0.531555,1.8003
2009-06-01,贵州茅台,600519,62.17153075,63.8419075,62.00935825,63.658112,62.04179275,4592011,537473265.0,0.486545,2.6052
2009-05-27,贵州茅台,600519,61.15524975,62.447224,61.05794625,62.04179275,61.05794625,2763000,316980547.0,0.292753,1.6113
2009-05-26,贵州茅台,600519,61.279582,61.93367775,61.03632325,61.05794625,61.279582,1680681,190817891.0,0.178076,-0.3617
2009-05-25,贵州茅台,600519,60.9876715,61.37147975,60.5768345,61.279582,61.8525915,3367628,380853032.0,0.356816,-0.9264
2009-05-22,贵州茅台,600519,61.8525915,61.8525915,61.8525915,61.8525915,61.8525915,0,0.0,,0.0
2009-05-21,贵州茅台,600519,62.598585,63.24186925,61.733665,61.8525915,62.74454025,2578840,296204406.0,0.566627,-1.4216
2009-05-20,贵州茅台,600519,63.2797095,63.7554155,62.6958885,62.74454025,63.398636,1471127,171589134.0,0.323239,-1.0317
2009-05-19,贵州茅台,600519,64.133818,64.35545375,62.9769875,63.398636,64.025703,2655401,312662778.0,0.583449,-0.9794
2009-05-18,贵州茅台,600519,62.6526425,64.1662525,62.54993325,64.025703,62.71210575,3507236,412318356.0,0.770616,2.0946
2009-05-15,贵州茅台,600519,63.117537,63.2364635,62.49587575,62.71210575,62.89590125,1679862,195071191.0,0.369102,-0.2922
2009-05-14,贵州茅台,600519,62.166125,63.031045,62.05801,62.89590125,62.533716,2150481,249787985.0,0.472508,0.5792
2009-05-13,贵州茅台,600519,63.247275,63.3013325,62.2850515,62.533716,62.97158175,3579244,415020691.0,0.786438,-0.6953
2009-05-12,贵州茅台,600519,62.44181825,63.54459125,62.33370325,62.97158175,62.9337415,2598890,300962117.0,0.571033,0.0601
2009-05-11,贵州茅台,600519,63.5175625,64.1013835,62.84184375,62.9337415,63.52296825,3277361,384271989.0,0.720108,-0.9276
2009-05-08,贵州茅台,600519,62.9769875,63.57162,62.382355,63.52296825,63.25268075,3100720,359535974.0,0.681296,0.4273
2009-05-07,贵州茅台,600519,63.679735,64.27977325,62.5229045,63.25268075,63.3878245,3472362,406117083.0,0.762954,-0.2132
2009-05-06,贵州茅台,600519,64.11760075,64.328425,63.1932175,63.3878245,64.350048,3806462,447395076.0,0.836363,-1.4953
2009-05-05,贵州茅台,600519,64.869,65.30146,63.9932685,64.350048,64.4473515,2269054,270072390.0,0.498561,-0.151
2009-05-04,贵州茅台,600519,63.18781175,64.52843775,62.89590125,64.4473515,62.89590125,2355551,278414610.0,0.517566,2.4667
2009-04-30,贵州茅台,600519,63.35539,63.36079575,62.166125,62.89590125,63.12294275,2051448,238142369.0,0.450748,-0.3597
2009-04-29,贵州茅台,600519,62.32289175,63.4094475,62.30126875,63.12294275,62.317486,3107715,360384150.0,0.682833,1.2925
2009-04-28,贵州茅台,600519,63.182406,64.1013835,61.5714925,62.317486,64.05273175,3430733,395869106.0,0.753807,-2.7091
2009-04-27,贵州茅台,600519,65.6798625,65.7014855,63.463505,64.05273175,66.015019,2867031,339940606.0,0.629949,-2.9725
2009-04-24,贵州茅台,600519,65.94474425,67.507006,65.9393385,66.015019,65.712297,2271987,280863293.0,0.499205,0.4607
2009-04-23,贵州茅台,600519,66.2204375,66.97183675,64.869,65.712297,66.9339965,2249701,274007781.0,0.494308,-1.8252
2009-04-22,贵州茅台,600519,69.2909035,70.65855825,66.7610125,66.9339965,68.92871825,3970610,504087423.0,0.87243,-2.8939
2009-04-21,贵州茅台,600519,67.69620725,68.97737,67.63133825,68.92871825,68.7287055,3892770,492951211.0,0.855326,0.291
2009-04-20,贵州茅台,600519,66.05285925,68.8151975,65.496067,68.7287055,65.496067,3241949,406055404.0,0.712327,4.9356
2009-04-17,贵州茅台,600519,64.50681475,66.67992625,63.9500225,65.496067,64.73385625,3830956,466339526.0,0.841745,1.1775
2009-04-16,贵州茅台,600519,64.87440575,65.30146,63.92299375,64.73385625,65.20956225,3863241,462321653.0,0.848838,-0.7295
2009-04-15,贵州茅台,600519,64.847377,65.560936,63.5175625,65.20956225,65.14469325,3836163,457652477.0,0.842889,0.0996
2009-04-14,贵州茅台,600519,65.98799025,66.03123625,64.22571575,65.14469325,65.9825845,3802377,457162680.0,0.835465,-1.2699
2009-04-13,贵州茅台,600519,65.18793925,66.59884,65.18793925,65.9825845,64.56087225,3668776,448077486.0,0.80611,2.2021
2009-04-10,贵州茅台,600519,64.22571575,65.1392875,63.6689235,64.56087225,63.68514075,4063061,484222233.0,0.892743,1.3751
2009-04-09,贵州茅台,600519,63.182406,63.78244425,62.82022075,63.68514075,63.2797095,1835185,214789862.0,0.40323,0.6407
2009-04-08,贵州茅台,600519,63.78785,63.9500225,62.641831,63.2797095,63.78785,2565313,299738748.0,0.563655,-0.7966
2009-04-07,贵州茅台,600519,63.01482775,63.8851535,62.92293,63.78785,63.01482775,2141919,251182411.0,0.470626,1.2267
2009-04-03,贵州茅台,600519,64.3824825,65.16631625,62.92293,63.01482775,63.78785,4144100,492530479.0,0.910549,-1.2119
2009-04-02,贵州茅台,600519,63.009422,64.544655,63.009422,63.78785,62.8472495,3743051,441249387.0,0.82243,1.4966
2009-04-01,贵州茅台,600519,62.1553135,63.05807375,62.1120675,62.8472495,62.0255755,4038757,468753741.0,0.887403,1.3247
2009-03-31,贵州茅台,600519,61.26336475,62.1120675,61.084975,62.0255755,61.6579845,2642862,301354057.0,0.580694,0.5962
2009-03-30,贵州茅台,600519,61.62555,62.166125,60.5984575,61.6579845,61.6147385,2426944,276929285.0,0.533253,0.0702
2009-03-27,贵州茅台,600519,61.3336395,62.166125,60.97686,61.6147385,60.8146875,4207572,479104606.0,0.924495,1.3156
2009-03-26,贵州茅台,600519,61.6363615,61.6796075,59.8848985,60.8146875,61.6363615,5929248,664500701.0,1.302785,-1.3331
2009-03-25,贵州茅台,600519,62.7067,62.7067,60.89577375,61.6363615,64.16084675,8621716,984739037.0,1.894379,-3.9346
2009-03-24,贵州茅台,600519,65.1392875,66.80966425,63.982457,64.16084675,64.16084675,3529464,424130707.0,0.7755,0.0
2009-03-23,贵州茅台,600519,63.78244425,64.4257285,63.46891075,64.16084675,63.722981,3246311,384766613.0,0.713285,0.6871
2009-03-20,贵州茅台,600519,64.760885,64.85278275,63.35539,63.722981,64.2094985,1539612,182170364.0,0.338286,-0.7577
2009-03-19,贵州茅台,600519,62.9769875,64.479786,62.7607575,64.2094985,62.749946,1889193,223567500.0,0.415097,2.326
2009-03-18,贵州茅台,600519,63.744604,64.2743675,62.685077,62.749946,63.4310705,1776703,208086081.0,0.39038,-1.0738
2009-03-17,贵州茅台,600519,61.86880875,64.32301925,61.62555,63.4310705,61.8309685,1834473,213668060.0,0.403074,2.5879
2009-03-16,贵州茅台,600519,61.54446375,62.10666175,60.5444,61.8309685,61.5282465,1339542,151397338.0,0.294327,0.492
2009-03-13,贵州茅台,600519,63.13916,63.5175625,61.5066235,61.5282465,62.6742655,2003820,230105105.0,0.440283,-1.8285
2009-03-12,贵州茅台,600519,62.749946,63.67432925,61.69582475,62.6742655,63.506751,1129627,130769829.0,0.248204,-1.3109
2009-03-11,贵州茅台,600519,64.869,65.344706,62.7067,63.506751,63.85812475,881494,104417185.0,0.193683,-0.5502
2009-03-10,贵州茅台,600519,61.5714925,64.43654,61.40932,63.85812475,62.1120675,1578292,185611677.0,0.346785,2.8111
2009-03-09,贵州茅台,600519,63.917588,64.5987125,62.101256,62.1120675,63.9067765,2315203,268799957.0,0.508701,-2.8083
2009-03-06,贵州茅台,600519,64.869,65.30146,63.614866,63.9067765,65.95015,2066413,245701371.0,0.454036,-3.0984
2009-03-05,贵州茅台,600519,67.5178175,68.3827375,64.87440575,65.95015,67.4745715,2353230,289227189.0,0.517056,-2.2593
2009-03-04,贵州茅台,600519,62.4364125,68.2746225,62.122879,67.4745715,62.122879,4224525,510627173.0,0.92822,8.61469
2009-03-03,贵州茅台,600519,62.27424,63.13916,61.517435,62.122879,63.26349225,1878013,215625552.0,0.41264,-1.803
2009-03-02,贵州茅台,600519,63.247275,64.02029725,62.09585025,63.26349225,64.02029725,2717285,318786734.0,0.597047,-1.1821
2009-02-27,贵州茅台,600519,64.6203355,66.490725,63.64189475,64.02029725,66.18259725,4117059,494464222.0,0.904608,-3.267173
2009-02-26,贵州茅台,600519,68.3827375,70.2206925,65.6798625,66.18259725,68.9233125,2711209,343984112.0,0.595712,-3.9765
2009-02-25,贵州茅台,600519,70.26934425,70.27475,66.490725,68.9233125,69.62065425,2691796,341607459.0,0.591446,-1.0016
2009-02-24,贵州茅台,600519,68.9233125,71.3559,68.46382375,69.62065425,69.0746735,3693633,480302641.0,0.811572,0.7904
2009-02-23,贵州茅台,600519,67.658367,69.2476575,66.73398375,69.0746735,67.615121,1944278,245915638.0,0.4272,2.1586
2009-02-20,贵州茅台,600519,65.94474425,68.804386,65.94474425,67.615121,65.885281,3392422,424596429.0,0.745389,2.6255
2009-02-19,贵州茅台,600519,65.1392875,66.9772425,65.1392875,65.885281,65.604182,2467779,300896281.0,0.542225,0.4285
2009-02-18,贵州茅台,600519,67.0313,68.11245,65.344706,65.604182,68.17191325,4558128,566412062.0,1.00152,-3.7666
2009-02-17,贵州茅台,600519,66.923185,70.2423155,66.923185,68.17191325,66.3285525,5652541,719184147.0,1.241987,2.7791
2009-02-16,贵州茅台,600519,66.73398375,67.7340475,65.4636325,66.3285525,66.1771915,2725648,334068266.0,0.598884,0.2287
2009-02-13,贵州茅台,600519,64.9230575,66.490725,64.87440575,66.1771915,65.15550475,2492019,301643451.0,0.547551,1.5681
2009-02-12,贵州茅台,600519,64.869,65.6798625,64.06354325,65.15550475,64.91765175,5447034,653107948.0,1.196832,0.3664
2009-02-11,贵州茅台,600519,62.1553135,67.86919125,61.62555,64.91765175,62.69048275,4038656,478088769.0,0.887381,3.5526
2009-02-10,贵州茅台,600519,62.9769875,62.9769875,61.62555,62.69048275,63.13916,2761349,317723285.0,0.606729,-0.7106
2009-02-09,贵州茅台,600519,60.80928175,63.247275,60.80928175,63.13916,60.11734575,4543559,521391758.0,0.998319,5.0265
2009-02-06,贵州茅台,600519,57.8523365,60.53899425,57.8523365,60.11734575,57.863148,3966141,433677718.0,0.871448,3.8957
2009-02-05,贵州茅台,600519,57.65232375,59.787595,57.30095,57.863148,57.452311,3823158,412164202.0,0.840031,0.7151
2009-02-04,贵州茅台,600519,56.327915,57.992886,56.327915,57.452311,56.2738575,4287890,454067228.0,0.942143,2.0941
2009-02-03,贵州茅台,600519,54.80889925,56.48468175,54.09534025,56.2738575,54.771059,4812665,497248868.0,1.057447,2.7438
2009-02-02,贵州茅台,600519,56.48468175,56.48468175,54.0575,54.771059,55.78734,3088726,312618479.0,0.67866,-1.8217
2009-01-23,贵州茅台,600519,54.3277875,56.38737825,54.3277875,55.78734,54.48996,3274252,336252633.0,0.719425,2.380946
2009-01-22,贵州茅台,600519,54.0575,54.70619,54.0034425,54.48996,53.906139,2129344,214057665.0,0.467863,1.083
2009-01-21,贵州茅台,600519,54.0575,54.58185775,53.516925,53.906139,54.92242,6052648,605392794.0,1.329899,-1.8504
2009-01-20,贵州茅台,600519,55.3008225,55.3008225,54.035877,54.92242,55.333257,4910405,493242104.0,1.078923,-0.7425
2009-01-19,贵州茅台,600519,55.36028575,56.111685,54.9764775,55.333257,54.87376825,4856293,498196988.0,1.067033,0.8374
2009-01-16,贵州茅台,600519,54.05209425,56.43062425,53.992631,54.87376825,54.04128275,9459955,955914881.0,2.078558,1.5405
2009-01-15,贵州茅台,600519,55.030535,55.030535,53.949385,54.04128275,55.13865,2982065,298447689.0,0.655225,-1.9902
2009-01-14,贵州茅台,600519,54.73321875,56.21439425,53.8304585,55.13865,55.0629695,3200370,323066499.0,0.703191,0.1374
2009-01-13,贵州茅台,600519,56.7495635,57.29554425,54.879174,55.0629695,57.25229825,1809911,186485267.0,0.397677,-3.824
2009-01-12,贵州茅台,600519,57.83611925,58.2631735,57.1171545,57.25229825,57.99829175,1666790,176815197.0,0.36623,-1.2862
2009-01-09,贵州茅台,600519,58.1550585,58.67941625,57.841525,57.99829175,58.66860475,1180016,127445738.0,0.259275,-1.1425
2009-01-08,贵州茅台,600519,56.89551875,58.69022775,56.327915,58.66860475,57.72800425,1863467,198641989.0,0.409444,1.6294
2009-01-07,贵州茅台,600519,58.879429,58.922675,57.6793525,57.72800425,58.76590825,1523802,164245370.0,0.334813,-1.7662
2009-01-06,贵州茅台,600519,58.1118125,59.03079,56.911736,58.76590825,58.5875185,3815408,406113062.0,0.838328,0.3045
2009-01-05,贵州茅台,600519,59.1929625,60.047071,57.841525,58.5875185,58.7605025,1350550,145941833.0,0.296745,-0.2944
2008-12-31,贵州茅台,600519,58.490215,59.18755675,58.1118125,58.7605025,58.728068,1831313,198482898.0,0.402379,0.0552
2008-12-30,贵州茅台,600519,58.73347375,58.922675,57.841525,58.728068,58.78753125,2182996,236161195.0,0.479652,-0.1011
2008-12-29,贵州茅台,600519,59.160528,59.7335375,56.846867,58.78753125,59.4956845,3002856,323745151.0,0.659793,-1.1903
2008-12-26,贵州茅台,600519,59.03079,60.26870675,59.03079,59.4956845,59.47946725,894460,98854298.0,0.196532,0.0273
2008-12-25,贵州茅台,600519,60.53899425,60.53899425,58.922675,59.47946725,60.19302625,902853,99538455.0,0.198376,-1.1855
2008-12-24,贵州茅台,600519,60.003825,61.084975,59.355135,60.19302625,60.49574825,787763,87320039.0,0.173089,-0.5004
2008-12-23,贵州茅台,600519,62.5877735,62.901307,59.95517325,60.49574825,62.901307,1827166,205256836.0,0.401468,-3.8243
2008-12-22,贵州茅台,600519,64.17165825,64.17165825,62.3282975,62.901307,63.58783725,902842,105588565.0,0.198374,-1.0797
2008-12-19,贵州茅台,600519,64.00408,64.5987125,62.7067,63.58783725,63.7770385,1062197,125345376.0,0.233388,-0.2967
2008-12-18,贵州茅台,600519,62.49587575,64.1446295,62.49587575,63.7770385,62.49587575,1177063,138647935.0,0.258626,2.05
2008-12-17,贵州茅台,600519,61.733665,63.5175625,61.733665,62.49587575,61.71744775,1001362,116363451.0,0.220021,1.2613
2008-12-16,贵州茅台,600519,61.38229125,62.8688725,59.917333,61.71744775,61.77150525,1236738,138960606.0,0.271738,-0.0875
2008-12-15,贵州茅台,600519,60.5444,63.2797095,60.53899425,61.77150525,60.003825,1400771,160434275.0,0.30778,2.9459
2008-12-12,贵州茅台,600519,63.0634795,64.22031,59.92273875,60.003825,63.75000975,1631445,186650270.0,0.358464,-5.8764
2008-12-11,贵州茅台,600519,63.00401625,65.193345,62.7067,63.75000975,62.814815,2015809,238497429.0,0.442917,1.4888
2008-12-10,贵州茅台,600519,62.166125,63.1932175,62.07422725,62.814815,62.72291725,1349502,156049024.0,0.296515,0.1465
2008-12-09,贵州茅台,600519,64.3608595,64.6419585,62.05801,62.72291725,64.32301925,1301335,152317570.0,0.285932,-2.4876
2008-12-08,贵州茅台,600519,63.9500225,65.30146,62.24721125,64.32301925,62.40938375,1742992,205494828.0,0.382973,3.0663
2008-12-05,贵州茅台,600519,60.27951825,63.83650175,60.2524895,62.40938375,61.06875775,1838462,212898263.0,0.40395,2.1953
2008-12-04,贵州茅台,600519,59.1929625,62.32289175,59.1929625,61.06875775,58.273985,2633055,297576223.0,0.57854,4.7959
2008-12-03,贵州茅台,600519,56.760375,58.5010265,56.760375,58.273985,56.7279405,1436995,154141971.0,0.315739,2.7254
2008-12-02,贵州茅台,600519,54.62510375,56.825244,54.62510375,56.7279405,55.79274575,1488514,154215263.0,0.327059,1.6762
2008-12-01,贵州茅台,600519,54.814305,55.8413975,54.079123,55.79274575,55.030535,788328,80427907.0,0.173213,1.3851
2008-11-28,贵州茅台,600519,55.24135925,55.657602,54.19264375,55.030535,55.87923775,1221804,124047780.0,0.268457,-1.5188
2008-11-27,贵州茅台,600519,56.25764025,57.841525,54.89539125,55.87923775,53.5926055,2677180,279561185.0,0.588235,4.2667
2008-11-26,贵州茅台,600519,53.5493595,54.2629185,53.31691225,53.5926055,53.603417,734047,72963471.0,0.161286,-0.0202
2008-11-25,贵州茅台,600519,54.0575,55.13865,52.7925545,53.603417,53.90073325,987335,98311604.0,0.216939,-0.5516
2008-11-24,贵州茅台,600519,54.533206,55.13865,53.7872125,53.90073325,54.34400475,940207,94604336.0,0.206584,-0.8157
2008-11-21,贵州茅台,600519,52.96013275,55.9495125,51.7114045,54.34400475,54.12777475,2391762,240102783.0,0.525522,0.3995
2008-11-20,贵州茅台,600519,54.0575,55.78734,53.15473975,54.12777475,55.37109725,1567803,158050735.0,0.344481,-2.2454
2008-11-19,贵州茅台,600519,52.2303565,55.69544225,51.7330275,55.37109725,52.2303565,1698748,169157858.0,0.373252,6.0132
2008-11-18,贵州茅台,600519,54.598075,54.598075,50.8681075,52.2303565,54.91701425,3008889,293853929.0,0.661119,-4.8922
2008-11-17,贵州茅台,600519,54.0575,55.41434325,52.97635,54.91701425,53.29528925,2590585,259620384.0,0.569208,3.0429
2008-11-14,贵州茅台,600519,48.6841845,53.29528925,48.6841845,53.29528925,48.45173725,4730806,453503655.0,1.039461,9.9967
2008-11-13,贵州茅台,600519,47.030025,48.65715575,45.95428075,48.45173725,47.56519425,3513508,308558184.0,0.771994,1.8638
2008-11-12,贵州茅台,600519,46.40836375,47.6679035,45.732645,47.56519425,47.35977575,1840088,158558387.0,0.404307,0.4337
2008-11-11,贵州茅台,600519,48.327405,48.327405,47.2354435,47.35977575,48.99231225,2710401,238775064.0,0.595534,-3.3322
2008-11-10,贵州茅台,600519,46.748926,49.5058585,46.48945,48.99231225,46.3705235,4070807,356262510.0,0.894445,5.654
2008-11-07,贵州茅台,600519,47.88953925,48.3814625,45.516415,46.3705235,48.846357,3506714,300147112.0,0.770502,-5.0686
2008-11-06,贵州茅台,600519,49.72749425,50.26806925,48.7058075,48.846357,50.81945575,599739,54677055.0,0.131776,-3.8826
2008-11-05,贵州茅台,600519,48.976095,51.138395,48.64634425,50.81945575,48.5544465,1165566,107649675.0,0.2561,4.6649
2008-11-04,贵州茅台,600519,49.624785,49.797769,48.46254875,48.5544465,49.5707275,1107660,100749260.0,0.243377,-2.0502
2008-11-03,贵州茅台,600519,49.2031365,50.5437625,49.2031365,49.5707275,49.841015,630617,58047685.0,0.13856,-0.5423
2008-10-31,贵州茅台,600519,50.9762225,51.4086825,49.7653345,49.841015,51.5167975,870573,81109754.0,0.191284,-3.2529
2008-10-30,贵州茅台,600519,51.88979425,52.1654875,50.49511075,51.5167975,51.4519285,1015716,96284438.0,0.223175,0.1261
2008-10-29,贵州茅台,600519,50.81405,51.92222875,49.75992875,51.4519285,50.965411,1222683,115424336.0,0.26865,0.9546
2008-10-28,贵州茅台,600519,48.608504,50.9762225,47.57600575,50.965411,49.32746875,1399519,128811658.0,0.307505,3.3205
2008-10-27,贵州茅台,600519,51.36003075,52.7060625,48.7058075,49.32746875,53.127711,2774307,256201117.0,0.609576,-7.153
2008-10-24,贵州茅台,600519,54.0575,54.24670125,51.354625,53.127711,53.5926055,897561,87060611.0,0.197214,-0.8675
2008-10-23,贵州茅台,600519,50.81405,53.62504,50.81405,53.5926055,52.1006185,1465493,143747863.0,0.322001,2.8637
2008-10-22,贵州茅台,600519,50.68971775,52.435775,50.208606,52.1006185,51.15461225,1900644,180490227.0,0.417613,1.8493
2008-10-21,贵州茅台,600519,52.262791,54.0466885,51.0843375,51.15461225,52.2952255,1308180,126303889.0,0.287436,-2.1811
2008-10-20,贵州茅台,600519,51.77086775,52.868235,50.5437625,52.2952255,52.91688675,3044762,290614960.0,0.669001,-1.1748
2008-10-17,贵州茅台,600519,54.07371725,54.59266925,51.138395,52.91688675,54.3710335,2881243,279732706.0,0.633072,-2.6745
2008-10-16,贵州茅台,600519,54.3277875,56.2738575,53.516925,54.3710335,56.3387265,1506136,153358634.0,0.330931,-3.4926
2008-10-15,贵州茅台,600519,56.1008735,57.83611925,55.4089375,56.3387265,57.625295,884236,92239896.0,0.194286,-2.2326
2008-10-14,贵州茅台,600519,62.79859775,63.49053375,57.5496145,57.625295,60.25789525,1184398,132830726.0,0.260238,-4.3689
2008-10-13,贵州茅台,600519,60.003825,60.32276425,55.246765,60.25789525,60.220055,2209322,235133757.0,0.485436,0.0628
2008-10-10,贵州茅台,600519,61.62555,62.05801,59.52271325,60.220055,63.54459125,1354716,152282552.0,0.297661,-5.2318
2008-10-09,贵州茅台,600519,66.058265,66.1123225,63.5175625,63.54459125,65.0311725,876721,104831467.0,0.192635,-2.286
2008-10-08,贵州茅台,600519,65.8960925,66.490725,64.93927475,65.0311725,67.05832875,1034410,125437058.0,0.227282,-3.023
2008-10-07,贵州茅台,600519,67.57728075,68.11245,65.42579225,67.05832875,68.7503285,995724,122750250.0,0.218782,-2.4611
2008-10-06,贵州茅台,600519,70.70721,71.3018425,67.571875,68.7503285,71.29643675,610171,79100704.0,0.134068,-3.5712
2008-09-26,贵州茅台,600519,70.22609825,72.372181,70.22609825,71.29643675,69.83688425,1368966,180847064.0,0.300792,2.0899
2008-09-25,贵州茅台,600519,68.3827375,71.0856125,68.3827375,69.83688425,68.371926,1506991,194816771.0,0.331119,2.1426
2008-09-24,贵州茅台,600519,64.328425,68.5340985,62.2634285,68.371926,65.03657825,1419794,173930712.0,0.31196,5.1284
2008-09-23,贵州茅台,600519,70.317996,70.317996,64.89602875,65.03657825,71.809983,3495594,429875015.0,0.768058,-9.4324
2008-09-22,贵州茅台,600519,74.5452925,77.8428,71.75051975,71.809983,71.8424175,5648653,768578260.0,1.241132,-0.0451
2008-09-19,贵州茅台,600519,71.8424175,71.8424175,70.27475,71.8424175,65.3122715,4674712,620150766.0,1.027136,9.9983
2008-09-18,贵州茅台,600519,68.9233125,69.1936,63.8851535,65.3122715,69.2909035,3058171,376114728.0,0.671947,-5.7419
2008-09-17,贵州茅台,600519,70.99371475,71.78836,69.085485,69.2909035,70.93965725,852372,110881400.0,0.187285,-2.3242
2008-09-16,贵州茅台,600519,71.7775485,71.79376575,69.7449865,70.93965725,71.896475,1375774,179668933.0,0.302288,-1.3308
2008-09-12,贵州茅台,600519,71.52347825,72.6208455,71.52347825,71.896475,71.55591275,620163,82660639.0,0.136263,0.4759
2008-09-11,贵州茅台,600519,72.372181,72.372181,71.3559,71.55591275,71.77214275,465700,61859282.0,0.102324,-0.3013
2008-09-10,贵州茅台,600519,71.0856125,73.5182,71.0856125,71.77214275,71.78836,660379,87984658.0,0.1451,-0.0226
2008-09-09,贵州茅台,600519,69.755798,72.13973375,69.755798,71.78836,70.577472,414508,54748548.0,0.091076,1.7157
2008-09-08,贵州茅台,600519,71.0207435,71.65321625,69.68552325,70.577472,70.95046875,804867,105669098.0,0.176847,-0.5257
2008-09-05,贵州茅台,600519,69.05845625,71.247785,68.1665075,70.95046875,69.972028,860680,110693148.0,0.18911,1.3983
2008-09-04,贵州茅台,600519,68.739517,70.27475,68.44220075,69.972028,68.73411125,805584,103033863.0,0.177004,1.801
2008-09-03,贵州茅台,600519,69.46929325,69.62606,67.94487175,68.73411125,70.26934425,3545636,449922401.0,0.779054,-2.1848
2008-09-02,贵州茅台,600519,73.3344045,73.3344045,69.107108,70.26934425,73.32899875,2662945,345618729.0,0.585107,-4.1725
2008-09-01,贵州茅台,600519,75.5183275,75.8426725,73.25331825,73.32899875,75.67509425,1385644,190733791.0,0.304456,-3.1002
2008-08-29,贵州茅台,600519,74.0479635,76.221075,73.5182,75.67509425,73.7884875,917211,127159473.0,0.201531,2.5568
2008-08-28,贵州茅台,600519,75.6696885,76.76165,73.5182,73.7884875,73.05871125,963350,132676988.0,0.211669,0.9989
2008-08-27,贵州茅台,600519,74.66962475,77.02653175,72.96140775,73.05871125,75.68590575,453888,62380812.0,0.099729,-3.4712
2008-08-26,贵州茅台,600519,77.9617265,77.9617265,75.03181,75.68590575,77.95632075,470471,66199366.0,0.103373,-2.9124
2008-08-25,贵州茅台,600519,78.47527275,78.8698925,77.042749,77.95632075,78.52933025,477613,69152201.0,0.104942,-0.7297
2008-08-22,贵州茅台,600519,79.98888275,80.480806,77.929292,78.52933025,79.93482525,291123,42273682.0,0.063966,-1.7583
2008-08-21,贵州茅台,600519,80.826774,82.707975,78.38878075,79.93482525,81.7673745,514322,76438604.0,0.113008,-2.2412
2008-08-20,贵州茅台,600519,77.345471,82.707975,77.345471,81.7673745,77.8536115,725041,107725247.0,0.159307,5.0271
2008-08-19,贵州茅台,600519,76.81030175,79.36181575,76.81030175,77.8536115,79.15639725,627008,90342081.0,0.137767,-1.6458
2008-08-18,贵州茅台,600519,82.0484735,82.6539175,79.032065,79.15639725,82.0484735,333925,50108017.0,0.073371,-3.5248
2008-08-15,贵州茅台,600519,80.545675,82.707975,80.0591575,82.0484735,80.55108075,554096,83530667.0,0.121747,1.8589
2008-08-14,贵州茅台,600519,79.99969425,82.491745,79.28613525,80.55108075,79.983477,1297055,195801266.0,0.284991,0.7097
2008-08-13,贵州茅台,600519,79.45911925,80.3186335,79.0861225,79.983477,79.810493,637325,93902071.0,0.140034,0.2167
2008-08-12,贵州茅台,600519,78.3293175,80.545675,77.36168825,79.810493,78.96179025,453050,66330532.0,0.099545,1.0748
2008-08-11,贵州茅台,600519,80.545675,82.707975,78.92395,78.96179025,82.448499,799941,119572175.0,0.175764,-4.229
2008-08-08,贵州茅台,600519,82.81609,83.399911,81.51871,82.448499,82.99447975,611698,93064197.0,0.134403,-0.6579
2008-08-07,贵州茅台,600519,84.62701625,85.40544425,82.4376875,82.99447975,85.1189395,427944,66288542.0,0.094029,-2.4959
2008-08-06,贵州茅台,600519,85.0756935,85.5730225,84.08644125,85.1189395,84.54052425,330257,51922049.0,0.072565,0.6842
2008-08-05,贵州茅台,600519,84.70269675,85.4649075,84.3297,84.54052425,84.95136125,236338,37049801.0,0.051929,-0.4836
2008-08-04,贵州茅台,600519,84.98379575,86.46497125,84.76216,84.95136125,85.973048,285052,44858745.0,0.062632,-1.1884
2008-08-01,贵州茅台,600519,85.84871575,87.032575,84.697291,85.973048,86.43253675,323571,51369908.0,0.071096,-0.5316
2008-07-31,贵州茅台,600519,86.59470925,87.010952,85.691949,86.43253675,87.010952,475142,75934188.0,0.104399,-0.664766
2008-07-30,贵州茅台,600519,87.57855575,87.7353225,85.951425,87.010952,87.4542235,349929,56168227.0,0.076887,-0.506856
2008-07-29,贵州茅台,600519,87.56774425,88.1029135,85.68654325,87.4542235,87.57315,359419,57706465.0,0.078972,-0.135803
2008-07-28,贵州茅台,600519,87.767757,88.3840125,87.3028625,87.57315,87.3028625,256285,41662711.0,0.056311,0.309598
2008-07-25,贵州茅台,600519,86.535246,88.113725,85.7460065,87.3028625,87.2163705,527951,84972166.0,0.116002,0.099172
2008-07-24,贵州茅台,600519,85.0324475,87.3028625,85.0324475,87.2163705,84.718914,444681,70637128.0,0.097706,2.947929
2008-07-23,贵州茅台,600519,85.47031325,86.232524,83.7999365,84.718914,85.93520775,452493,71187874.0,0.099423,-1.415361
2008-07-22,贵州茅台,600519,87.30826825,89.18946925,85.41085,85.93520775,87.30826825,427627,68299820.0,0.093959,-1.572654
2008-07-21,贵州茅台,600519,84.7513485,87.57315,84.3297,87.30826825,85.389227,819227,130639362.0,0.180002,2.247397
2008-07-18,贵州茅台,600519,82.707975,85.67573175,82.4376875,85.389227,83.89183425,921966,142269871.0,0.202576,1.784912
2008-07-17,贵州茅台,600519,79.8429275,85.302735,79.8429275,83.89183425,79.810493,1801551,279088472.0,0.39584,5.113792
2008-07-16,贵州茅台,600519,78.27526,80.134838,77.302225,79.810493,78.56176475,901048,132617391.0,0.19798,1.589484
2008-07-15,贵州茅台,600519,79.52398825,80.1024035,78.28066575,78.56176475,79.5185825,573525,83892162.0,0.126016,-1.203266
2008-07-14,贵州茅台,600519,78.3725635,79.7348125,77.734685,79.5185825,78.11849325,525811,77047467.0,0.115532,1.792272
2008-07-11,贵州茅台,600519,78.38878075,79.3455985,77.8428,78.11849325,78.95097875,301677,43833508.0,0.066285,-1.054439
2008-07-10,贵州茅台,600519,78.383375,79.64291475,78.0049725,78.95097875,78.815835,717003,104839731.0,0.157541,0.171468
2008-07-09,贵州茅台,600519,78.11849325,80.0051,78.11849325,78.815835,77.72927925,1018303,149141345.0,0.223743,1.397879
2008-07-08,贵州茅台,600519,78.85367525,79.8429275,77.43736875,77.72927925,78.92935575,1364836,198628781.0,0.299884,-1.520445
2008-07-07,贵州茅台,600519,76.372436,79.1942375,75.6805,78.92935575,76.372436,1251457,180401010.0,0.274972,3.347959
2008-07-04,贵州茅台,600519,76.23729225,76.89679375,75.15614225,76.372436,76.23729225,398205,56193917.0,0.087494,0.177267
2008-07-03,贵州茅台,600519,72.83166975,77.302225,72.6640915,76.23729225,73.57766325,789510,109603235.0,0.173473,3.614722
2008-07-02,贵州茅台,600519,73.7884875,74.59394425,72.98303075,73.57766325,73.8966025,604580,82567695.0,0.132839,-0.431599
2008-07-01,贵州茅台,600519,74.9128835,74.9128835,73.5182,73.8966025,74.9128835,767765,105264085.0,0.168695,-1.356621
2008-06-30,贵州茅台,600519,74.59935,76.76165,74.11823825,74.9128835,75.8210495,849792,118554068.0,0.186718,-1.19777
2008-06-27,贵州茅台,600519,76.97247425,77.65359875,75.14533075,75.8210495,78.68069125,1626046,228606779.0,0.357278,-3.634496
2008-06-26,贵州茅台,600519,79.1942375,80.0051,77.0319375,78.68069125,78.11849325,775352,111847423.0,0.170362,0.719679
2008-06-25,贵州茅台,600519,73.08574,78.383375,72.44245575,78.11849325,73.85876225,1278254,180759313.0,0.28086,5.767393
2008-06-24,贵州茅台,600519,70.33421325,74.3290625,69.1936,73.85876225,72.9235675,2205273,297466611.0,0.484547,1.28244
2008-06-23,贵州茅台,600519,76.76165,76.76165,72.44245575,72.9235675,77.79414825,1540615,212913434.0,0.338507,-6.260864
2008-06-20,贵州茅台,600519,75.6805,78.5887935,75.24263425,77.79414825,75.93457025,1417752,202610966.0,0.311511,2.448923
2008-06-19,贵州茅台,600519,78.27526,78.27526,75.6805,75.93457025,77.99956675,697038,98494725.0,0.153154,-2.647441
2008-06-18,贵州茅台,600519,75.853484,78.383375,75.4534585,77.99956675,76.74543275,1759240,250451606.0,0.386543,1.634143
2008-06-17,贵州茅台,600519,77.57791825,77.57791825,75.73996325,76.74543275,78.1130875,1747415,246424803.0,0.383945,-1.750864
2008-06-16,贵州茅台,600519,79.8429275,80.0051,78.080653,78.1130875,80.35647375,1021954,148642350.0,0.224546,-2.791789
2008-06-13,贵州茅台,600519,79.61460507,81.3831018,79.61460507,80.35640613,81.28096977,618634,92612196.0,0.135927,-1.137492
2008-06-12,贵州茅台,600519,84.65132676,84.65132676,79.2329538,81.28096977,84.65670213,1378990,210043603.0,0.302994,-3.987554
2008-06-11,贵州茅台,600519,84.30192771,84.930846,82.780698,84.65670213,84.83946471,912631,142357442.0,0.200525,-0.215419
2008-06-10,贵州茅台,600519,85.50063522,86.53808163,83.91490107,84.83946471,88.05931134,1271558,201611524.0,0.279389,-3.656456
2008-06-06,贵州茅台,600519,88.68822963,88.69898037,86.54883237,88.05931134,88.68822963,781469,127119585.0,0.171706,-0.709133
2008-06-05,贵州茅台,600519,90.306216,91.85432256,88.5323439,88.68822963,90.40297266,392205,65373349.0,0.086176,-1.89677
2008-06-04,贵州茅台,600519,90.32771748,91.38129,90.13957953,90.40297266,91.80594423,677030,113903649.0,0.148758,-1.528193
2008-06-03,贵州茅台,600519,91.38129,92.456364,91.11789687,91.80594423,92.01558366,657703,112098666.0,0.144512,-0.22783
2008-06-02,贵州茅台,600519,90.7362456,92.456364,88.156068,92.01558366,90.38147118,842312,141068877.0,0.185074,1.808013
2008-05-30,贵州茅台,600519,91.2200289,91.6500585,89.77405437,90.38147118,91.29528408,520308,87809655.0,0.114323,-1.00094
2008-05-29,贵州茅台,600519,91.31678556,92.456364,89.90306325,91.29528408,91.27915797,943131,160096339.0,0.207226,0.017666
2008-05-28,贵州茅台,600519,91.27915797,91.27915797,91.27915797,91.27915797,91.27915797,0,0.0,,0.0
2008-05-27,贵州茅台,600519,91.90807626,93.531438,91.1662752,91.27915797,92.90789508,1545589,265513865.0,0.3396,-1.753066
2008-05-26,贵州茅台,600519,91.38129,92.993901,91.38129,92.90789508,92.456364,735452,125694889.0,0.161595,0.48837
2008-05-23,贵州茅台,600519,91.38666537,92.993901,91.38129,92.456364,92.90789508,1289114,220240585.0,0.316013,-0.485996
2008-05-22,贵州茅台,600519,93.17666358,94.068975,90.54273228,92.90789508,93.33792468,753639,129331816.0,0.184747,-0.460725
2008-05-21,贵州茅台,600519,92.2413492,95.144049,91.38129,93.33792468,93.04227933,1954296,334549900.0,0.479075,0.317756
2008-05-20,贵州茅台,600519,95.7353397,97.4017044,92.993901,93.04227933,96.76203537,992735,176605312.0,0.243359,-3.84423
2008-05-19,贵州茅台,600519,98.33701878,98.33701878,96.25137522,96.76203537,98.33701878,382832,68955076.0,0.093847,-1.601622
2008-05-16,贵州茅台,600519,98.369271,99.981882,97.85861085,98.33701878,98.68104246,467332,85690776.0,0.114562,-0.348621
2008-05-15,贵州茅台,600519,97.831734,100.7881875,96.219123,98.68104246,97.16518812,1469044,271639672.0,0.360121,1.560084
2008-05-14,贵州茅台,600519,95.3053101,97.4554581,95.20855344,97.16518812,96.19762152,600844,108222058.0,0.147291,1.005805
2008-05-13,贵州茅台,600519,94.86452976,98.3155173,94.1764824,96.19762152,97.294197,514506,91723212.0,0.126126,-1.127068
2008-05-12,贵州茅台,600519,93.79483113,98.12737935,92.8863936,97.294197,95.54182638,920633,163594356.0,0.225684,1.834137
2008-05-09,贵州茅台,600519,96.75128463,96.75128463,94.34311887,95.54182638,96.23524911,577401,102419877.0,0.141544,-0.720546
2008-05-08,贵州茅台,600519,94.06359963,96.6491526,91.918827,96.23524911,94.35924498,886066,154116406.0,0.21721,1.988154
2008-05-07,贵州茅台,600519,95.681586,97.6167192,94.32699276,94.35924498,96.63840186,735375,131020228.0,0.180269,-2.358441
2008-05-06,贵州茅台,600519,98.369271,98.369271,95.72458896,96.63840186,98.72404542,848761,152222994.0,0.208065,-2.112602
2008-05-05,贵州茅台,600519,98.5842858,99.75611646,97.76722956,98.72404542,98.43915081,808973,148396736.0,0.198311,0.289411
2008-04-30,贵州茅台,600519,94.96128642,99.3905913,94.96128642,98.43915081,94.91290809,1188327,215284885.0,0.291306,3.715239
2008-04-29,贵州茅台,600519,92.46173937,95.55795249,92.46173937,94.91290809,94.9290342,614926,107374297.0,0.150743,-0.016987
2008-04-28,贵州茅台,600519,94.60113663,95.39669139,91.47267129,94.9290342,95.58482934,1277232,220439148.0,0.3131,-0.686088
2008-04-25,贵州茅台,600519,98.906808,98.906808,95.5740786,95.58482934,99.96575589,2384507,429087518.0,0.584537,-4.382424
2008-04-24,贵州茅台,600519,98.369271,101.12146044,95.144049,99.96575589,91.92957774,3932187,718031257.0,0.963934,8.741666
2008-04-23,贵州茅台,600519,86.7584718,92.993901,84.393309,91.92957774,88.8011124,1266988,211089327.0,0.310589,3.523007
2008-04-22,贵州茅台,600519,89.231142,92.456364,83.318235,88.8011124,92.20909698,2212942,359871902.0,0.54248,-3.695929
2008-04-21,贵州茅台,600519,96.75666,98.369271,89.24189274,92.20909698,91.41354222,1452256,250079531.0,0.356005,0.870279
2008-04-18,贵州茅台,600519,89.58054105,92.7251325,88.156068,91.41354222,90.90825744,1376797,229547374.0,0.337507,0.55582
2008-04-17,贵州茅台,600519,91.6500585,93.531438,89.2848957,90.90825744,90.90825744,1040105,176634095.0,0.254971,0.0
2008-04-16,贵州茅台,600519,90.306216,92.993901,88.18832022,90.90825744,90.51048006,1563877,265734673.0,0.383368,0.439476
2008-04-15,贵州茅台,600519,89.768679,90.5749845,86.8122255,90.51048006,90.35459433,2014840,330691480.0,0.493917,0.172532
2008-04-14,贵州茅台,600519,94.05822426,94.05822426,90.13420416,90.35459433,94.41837405,2168437,369038598.0,0.53157,-4.304012
2008-04-11,贵州茅台,600519,95.9503545,96.219123,94.068975,94.41837405,95.89122543,2395773,424169970.0,0.587299,-1.535964
2008-04-10,贵州茅台,600519,97.831734,98.369271,94.5527583,95.89122543,98.61116265,2040977,365825520.0,0.500324,-2.758244
2008-04-09,贵州茅台,600519,101.4332319,102.13203,98.28864045,98.61116265,102.95446161,1250713,234604519.0,0.306599,-4.218661
2008-04-08,贵州茅台,600519,99.1755765,103.744641,97.831734,102.95446161,99.32608686,1305819,247291459.0,0.320108,3.652993
2008-04-07,贵州茅台,600519,95.144049,99.7131135,94.068975,99.32608686,95.68696137,2196869,394870541.0,0.538539,3.80316
2008-04-03,贵州茅台,600519,96.219123,97.831734,94.068975,95.68696137,98.14350546,1341976,237997145.0,0.328971,-2.503016
2008-04-02,贵州茅台,600519,98.906808,101.594493,92.46173937,98.14350546,99.25620705,1643103,298960718.0,0.402789,-1.121036
2008-04-01,贵州茅台,600519,101.8632615,101.8632615,97.831734,99.25620705,100.90107027,1367900,252613478.0,0.335326,-1.630181
2008-03-31,贵州茅台,600519,99.8743746,101.8632615,98.369271,100.90107027,100.29365346,1502108,281358730.0,0.368226,0.605641
2008-03-28,贵州茅台,600519,97.5629655,100.8419412,96.75666,100.29365346,97.32644922,671620,123097898.0,0.164641,3.048716
2008-03-27,贵州茅台,600519,97.294197,101.04620526,97.2404433,97.32644922,99.70773813,1892465,344830534.0,0.463918,-2.388273
2008-03-26,贵州茅台,600519,100.7881875,102.13203,98.369271,99.70773813,100.49791752,447511,83590677.0,0.109703,-0.786265
2008-03-25,贵州茅台,600519,101.056956,103.19635326,99.981882,100.49791752,103.37374047,1128782,211875344.0,0.276709,-2.781962
2008-03-24,贵州茅台,600519,104.282178,105.55076532,101.9170152,103.37374047,104.11016616,935677,179280128.0,0.229371,-0.70735
2008-03-21,贵州茅台,600519,104.4434391,105.894789,102.7770744,104.11016616,103.71238878,399904,77823413.0,0.098032,0.383534
2008-03-20,贵州茅台,600519,102.0782763,105.357252,96.4878915,103.71238878,102.71256996,1475599,275079993.0,0.361728,0.973415
2008-03-19,贵州茅台,600519,101.59986837,104.819715,101.11608507,102.71256996,101.88476298,1857929,355372038.0,0.455452,0.812498
2008-03-18,贵州茅台,600519,105.80878308,107.5074,99.981882,101.88476298,107.88905127,3022486,577180431.0,0.740931,-5.56525
2008-03-17,贵州茅台,600519,107.52352611,109.64679726,106.7010945,107.88905127,110.21658648,1718918,344059102.0,0.421375,-2.111777
2008-03-14,贵州茅台,600519,112.7752626,112.7752626,109.65217263,110.21658648,114.3341199,1185808,244698923.0,0.290688,-3.601318
2008-03-13,贵州茅台,600519,106.49145507,115.570455,102.69106848,114.3341199,114.09222825,1669009,344992828.0,0.40914,0.212013
2008-03-12,贵州茅台,600519,117.17769063,117.60234486,112.00120932,114.09222825,115.45219686,611960,130239209.0,0.150016,-1.177949
2008-03-11,贵州茅台,600519,111.5389275,116.3767605,110.75949885,115.45219686,112.66237983,1137728,241463106.0,0.278902,2.476264
2008-03-10,贵州茅台,600519,112.88277,115.58120574,111.3776664,112.66237983,114.58676229,1067285,223726599.0,0.261634,-1.679412
2008-03-07,贵州茅台,600519,116.24237625,116.38213587,112.3989867,114.58676229,116.65627974,1489627,315047844.0,0.365166,-1.774033
2008-03-06,贵州茅台,600519,118.62366516,120.408288,116.5380216,116.65627974,118.61828979,819736,180277491.0,0.20095,-1.654051
2008-03-05,贵州茅台,600519,118.74729867,121.5371157,116.9142975,118.61828979,118.75804941,1403869,310232368.0,0.344144,-0.117682
2008-03-04,贵州茅台,600519,121.38660534,123.0422193,116.67240585,118.75804941,115.3016865,3789826,847885908.0,0.929036,2.997666
2008-03-03,贵州茅台,600519,109.7113017,115.3016865,109.7113017,115.3016865,104.819715,1778317,380241620.0,0.435936,10.0
2008-02-29,贵州茅台,600519,102.4007985,105.34650126,101.1107097,104.819715,102.13203,711440,137296143.0,0.174402,2.631579
2008-02-28,贵州茅台,600519,103.30923603,104.282178,101.06770674,102.13203,103.30386066,722637,137808743.0,0.177147,-1.134349
2008-02-27,贵州茅台,600519,100.519419,104.819715,98.4767784,103.30386066,100.9494486,1211616,231597749.0,0.297015,2.332263
2008-02-26,贵州茅台,600519,106.432326,107.69553795,99.9281283,100.9494486,105.81953382,3514323,669275552.0,0.861499,-4.602254
2008-02-25,贵州茅台,600519,107.4536463,107.5074,105.357252,105.81953382,107.8299222,1121779,222633128.0,0.274992,-1.864409
2008-02-22,贵州茅台,600519,110.20046037,110.98526439,105.894789,107.8299222,110.43160128,1942193,391675409.0,0.476108,-2.355917
2008-02-21,贵州茅台,600519,112.0764645,112.28610393,110.0875776,110.43160128,110.7863757,1220408,250662269.0,0.29917,-0.320235
2008-02-20,贵州茅台,600519,111.270159,112.8290163,110.27571555,110.7863757,111.26478363,970139,200650696.0,0.237819,-0.429972
2008-02-19,贵州茅台,600519,111.24328215,111.807696,109.120011,111.26478363,111.24865752,728733,149403801.0,0.178641,0.014495
2008-02-18,贵州茅台,600519,108.4749666,111.3239127,108.4749666,111.24865752,108.08793996,1257682,257765662.0,0.308308,2.924212
2008-02-15,贵州茅台,600519,109.10388489,109.120011,106.432326,108.08793996,109.17914007,1281110,256163700.0,0.314051,-0.999458
2008-02-14,贵州茅台,600519,110.195085,110.6788683,108.6362277,109.17914007,109.120011,755616,153806138.0,0.185231,0.054187
2008-02-13,贵州茅台,600519,111.807696,111.807696,108.582474,109.120011,112.54949706,497172,101444765.0,0.121877,-3.047094
2008-02-05,贵州茅台,600519,113.957844,113.957844,111.807696,112.54949706,113.94709326,847830,177590097.0,0.207837,-1.226526
2008-02-04,贵州茅台,600519,109.98544557,115.38231705,109.657548,113.94709326,108.85661787,2954633,617972158.0,0.724297,4.676313
2008-02-01,贵州茅台,600519,110.18970963,110.18970963,106.9161093,108.85661787,110.74874811,2146695,431423198.0,0.52624,-1.708491
2008-01-31,贵州茅台,600519,113.41493163,114.495381,110.732622,110.74874811,115.44144612,1390499,289075904.0,0.340866,-4.065001
2008-01-30,贵州茅台,600519,116.645529,116.645529,110.8401294,115.44144612,115.81772202,2933197,621090086.0,0.719042,-0.324892
2008-01-29,贵州茅台,600519,115.48982445,117.183066,114.495381,115.81772202,115.45757223,1010703,217278903.0,0.247763,0.311939
2008-01-28,贵州茅台,600519,115.8392235,118.25814,112.2914793,115.45757223,117.66147393,1417041,303150636.0,0.347373,-1.87309
2008-01-25,贵州茅台,600519,119.2794603,121.2145935,116.107992,117.66147393,119.333214,1799311,397838438.0,0.441082,-1.400901
2008-01-24,贵州茅台,600519,119.333214,120.5695491,116.645529,119.333214,118.32264444,1848556,408534678.0,0.453154,0.854082
2008-01-23,贵州茅台,600519,115.0866717,118.4194011,114.30186768,118.32264444,113.16766461,2314633,502720215.0,0.567408,4.555169
2008-01-22,贵州茅台,600519,111.25940826,118.23126315,108.044937,113.16766461,113.42568237,4490866,949589574.0,1.100889,-0.227475
2008-01-21,贵州茅台,600519,115.81234665,116.79603936,111.270159,113.42568237,115.55432889,2498681,531115484.0,0.612525,-1.842121
2008-01-18,贵州茅台,600519,117.21531822,117.9893715,114.495381,115.55432889,117.183066,2041694,441871091.0,0.5005,-1.389908
2008-01-17,贵州茅台,600519,120.13414413,120.1395195,116.107992,117.183066,119.78474508,3161352,697313171.0,0.774972,-2.17196
2008-01-16,贵州茅台,600519,121.9133916,122.020899,119.333214,119.78474508,122.75194932,2241908,502236876.0,0.54958,-2.417238
2008-01-15,贵州茅台,600519,120.6233028,123.92915535,120.6233028,122.75194932,120.47279244,2130322,486145572.0,0.522226,1.891846
2008-01-14,贵州茅台,600519,120.945825,122.8809582,117.4518345,120.47279244,116.11874274,4292507,959882221.0,1.052263,3.749649
2008-01-11,贵州茅台,600519,117.183066,118.17750945,113.957844,116.11874274,116.68853196,1981108,425014224.0,0.485648,-0.488298
2008-01-10,贵州茅台,600519,116.107992,118.02162372,114.7103958,116.68853196,115.59195648,2082664,450693940.0,0.510543,0.948665
2008-01-09,贵州茅台,600519,113.89333956,116.62402752,113.89333956,115.59195648,115.58658111,1200960,256589157.0,0.294403,0.004648
2008-01-08,贵州茅台,600519,113.420307,116.96267583,112.1302182,115.58658111,114.13523121,3221828,682166585.0,0.789797,1.271604
2008-01-07,贵州茅台,600519,115.83384813,117.720603,112.86126852,114.13523121,115.69946388,3040917,646078990.0,0.745449,-1.351981
2008-01-04,贵州茅台,600519,113.957844,116.15099496,111.807696,115.69946388,115.11354855,3330368,704732968.0,0.816405,0.508995
2008-01-03,贵州茅台,600519,119.4944751,122.020899,113.83958586,115.11354855,119.34396474,2979946,638361163.0,0.730503,-3.54473
2008-01-02,贵州茅台,600519,122.020899,123.06372078,118.795677,119.34396474,123.63351,1908575,428486871.0,0.467867,-3.469563
2007-12-28,贵州茅台,600519,119.1181992,123.6872637,117.05943249,123.63351,120.86519445,2662799,600445954.0,0.652757,2.290413
2007-12-27,贵州茅台,600519,119.333214,121.1070861,116.7530364,120.86519445,119.33858937,2190698,485898989.0,0.537027,1.279227
2007-12-26,贵州茅台,600519,116.09724126,120.1395195,115.59733185,119.33858937,116.3767605,1459384,322367541.0,0.357753,2.545032
2007-12-25,贵州茅台,600519,112.54949706,117.38733006,112.54949706,116.3767605,112.54949706,1715678,368772023.0,0.42058,3.400514
2007-12-24,贵州茅台,600519,116.04348756,116.08111515,112.33448226,112.54949706,113.43643311,2120379,449776303.0,0.519789,-0.781876
2007-12-21,贵州茅台,600519,109.657548,114.1728588,109.657548,113.43643311,109.53928986,951587,198189104.0,0.233272,3.557758
2007-12-20,贵州茅台,600519,110.6251146,110.86163088,107.53427685,109.53928986,109.09313415,690341,140714576.0,0.16923,0.408969
2007-12-19,贵州茅台,600519,109.5500406,110.6788683,105.88941363,109.09313415,108.03956163,1393365,278674107.0,0.341569,0.975169
2007-12-18,贵州茅台,600519,111.3239127,111.32928807,106.43770137,108.03956163,113.420307,1850765,372844742.0,0.453696,-4.744073
2007-12-17,贵州茅台,600519,115.6242087,120.945825,111.270159,113.420307,116.107992,1745132,373879346.0,0.427801,-2.314815
2007-12-14,贵州茅台,600519,106.969863,117.11856156,105.91091511,116.107992,107.77079313,1600346,331667409.0,0.392308,7.736043
2007-12-13,贵州茅台,600519,107.5074,109.3887795,105.894789,107.77079313,108.4749666,1743749,349075780.0,0.427462,-0.649156
2007-12-12,贵州茅台,600519,108.2599518,110.8401294,107.48589852,108.4749666,108.43196364,2528187,511973884.0,0.619759,0.03966
2007-12-11,贵州茅台,600519,106.969863,110.8401294,106.7010945,108.43196364,103.76614248,2970227,596580876.0,0.72812,4.496481
2007-12-10,贵州茅台,600519,103.76614248,103.76614248,103.76614248,103.76614248,103.76614248,0,0.0,,0.0
2007-12-07,贵州茅台,600519,99.38521593,104.282178,99.38521593,103.76614248,99.11107206,1161519,222166859.0,0.284734,4.696815
2007-12-06,贵州茅台,600519,99.42821889,99.42821889,97.5629655,99.11107206,98.37464637,527399,96863844.0,0.129286,0.748599
2007-12-05,贵州茅台,600519,94.9290342,99.444345,94.9290342,98.37464637,94.8752805,992985,180611804.0,0.24342,3.688382
2007-12-04,贵州茅台,600519,93.8002065,95.9503545,93.8002065,94.8752805,93.59594244,900989,158913696.0,0.220868,1.366876
2007-12-03,贵州茅台,600519,92.74125861,94.068975,92.7251325,93.59594244,93.25729413,851564,147689836.0,0.208752,0.363127
2007-11-30,贵州茅台,600519,95.5740786,95.5740786,92.993901,93.25729413,94.33236813,1427292,248057710.0,0.349886,-1.139666
2007-11-29,贵州茅台,600519,94.07972574,96.21374763,92.71438176,94.33236813,94.94516031,1846321,323298143.0,0.452606,-0.645417
2007-11-28,贵州茅台,600519,96.8641674,97.9392414,92.456364,94.94516031,97.89623844,1140600,201326440.0,0.279606,-3.014491
2007-11-27,贵州茅台,600519,96.1653693,98.906808,94.8752805,97.89623844,96.39113484,1103638,199433858.0,0.270545,1.561448
2007-11-26,贵州茅台,600519,95.4128175,96.74590926,94.068975,96.39113484,93.531438,865649,154008451.0,0.212205,3.057475
2007-11-23,贵州茅台,600519,95.681586,97.294197,92.7251325,93.531438,95.82134562,769224,134898312.0,0.188567,-2.389765
2007-11-22,贵州茅台,600519,97.831734,98.906808,95.55795249,95.82134562,99.21320409,772689,140489848.0,0.189417,-3.418764
2007-11-21,贵州茅台,600519,99.981882,100.6806801,98.08975176,99.21320409,99.72386424,1241100,229047999.0,0.304243,-0.512073
2007-11-20,贵州茅台,600519,98.1005025,99.981882,97.831734,99.72386424,98.1005025,947292,174670137.0,0.232219,1.654797
2007-11-19,贵州茅台,600519,96.75666,99.981882,95.4665712,98.1005025,96.75128463,539734,98848664.0,0.13231,1.394519
2007-11-16,贵州茅台,600519,98.6380395,98.6380395,96.39113484,96.75128463,98.906808,371566,67016964.0,0.091086,-2.179345
2007-11-15,贵州茅台,600519,100.55704659,100.55704659,98.4767784,98.906808,100.50329289,1055782,195317064.0,0.258814,-1.588491
2007-11-14,贵州茅台,600519,95.56332786,100.70755695,95.56332786,100.50329289,95.56332786,1116403,203847742.0,0.273674,5.169312
2007-11-13,贵州茅台,600519,92.456364,98.34239415,92.456364,95.56332786,91.55330184,2391144,425423638.0,0.586164,4.379985
2007-11-12,贵州茅台,600519,92.24672457,92.7788862,90.0374475,91.55330184,92.19834624,1522422,256445671.0,0.373206,-0.699625
2007-11-09,贵州茅台,600519,92.46711474,95.3053101,91.6500585,92.19834624,93.54218874,512665,88657729.0,0.125674,-1.436616
2007-11-08,贵州茅台,600519,96.06861264,96.75128463,92.46173937,93.54218874,96.04711116,572311,99837136.0,0.140296,-2.608008
2007-11-07,贵州茅台,600519,98.1005025,99.444345,95.3590638,96.04711116,97.79410641,908571,162628670.0,0.222727,-1.786402
2007-11-06,贵州茅台,600519,96.79966296,99.77761794,96.79966296,97.79410641,97.83710937,245919,44828815.0,0.060284,-0.043955
2007-11-05,贵州茅台,600519,98.906808,99.981882,96.75666,97.83710937,98.94443559,527930,96705832.0,0.129417,-1.119146
2007-11-02,贵州茅台,600519,98.369271,99.33146223,95.681586,98.94443559,99.34758834,1383580,250008018.0,0.33917,-0.4058
2007-11-01,贵州茅台,600519,103.4758725,103.4758725,98.8530543,99.34758834,102.67494237,962049,178327384.0,0.235836,-3.240661
2007-10-31,贵州茅台,600519,100.95482397,103.4221188,100.95482397,102.67494237,100.7344338,1081422,206054370.0,0.265099,1.926361
2007-10-30,贵州茅台,600519,103.21785474,104.27142726,98.54665821,100.7344338,102.52980738,1256486,233823943.0,0.308014,-1.751081
2007-10-29,贵州茅台,600519,103.75001637,106.1635575,101.52998856,102.52980738,104.84121648,1107361,212842981.0,0.271458,-2.20467
2007-10-26,贵州茅台,600519,102.52980738,105.357252,99.50884944,104.84121648,104.14779375,2001033,379656727.0,0.490532,0.665803
2007-10-25,贵州茅台,600519,101.594493,106.432326,99.981882,104.14779375,103.20172863,2035328,394422086.0,0.498939,0.916712
2007-10-24,贵州茅台,600519,101.08383285,106.969863,90.9512604,103.20172863,101.056956,2546944,485816458.0,0.624357,2.122343
2007-10-23,贵州茅台,600519,98.6380395,103.744641,98.5305321,101.056956,96.17074467,2229093,420266818.0,0.546439,5.080765
2007-10-22,贵州茅台,600519,95.681586,97.831734,94.3377435,96.17074467,96.84266592,779737,139362375.0,0.191144,-0.693828
2007-10-19,贵州茅台,600519,94.8752805,99.981882,94.8752805,96.84266592,95.03116623,1772868,320347389.0,0.4346,1.906222
2007-10-18,贵州茅台,600519,96.04711116,97.831734,93.531438,95.03116623,97.831734,1995408,355237068.0,0.489153,-2.862641
2007-10-17,贵州茅台,600519,98.906808,98.906808,97.294197,97.831734,99.46047111,1470772,267399495.0,0.360544,-1.637572
2007-10-16,贵州茅台,600519,101.58911763,101.58911763,97.35870144,99.46047111,101.36872746,2109353,389861626.0,0.517086,-1.882492
2007-10-15,贵州茅台,600519,94.6602657,104.282178,94.6602657,101.36872746,96.11699097,2090812,388728699.0,0.512541,5.463902
2007-10-12,贵州茅台,600519,94.1227287,96.97705017,90.306216,96.11699097,93.13903599,2600908,456041256.0,0.637585,3.197318
2007-10-11,贵州茅台,600519,88.60759908,95.144049,88.4248365,93.13903599,88.40871039,3055829,530601955.0,0.749104,5.350522
2007-10-10,贵州茅台,600519,86.38757127,90.5212308,84.393309,88.40871039,85.33937412,2265111,370471299.0,0.555268,3.596628
2007-10-09,贵州茅台,600519,78.7491705,86.543457,78.7491705,85.33937412,79.09856955,3771099,587350510.0,0.924445,7.889909
2007-10-08,贵州茅台,600519,81.45298161,83.21610297,79.017939,79.09856955,80.88319239,2339280,349755743.0,0.57345,-2.206425
2007-09-28,贵州茅台,600519,78.46965126,82.0281462,78.22238424,80.88319239,78.52878033,2693713,406110739.0,0.660336,2.998155
2007-09-27,贵州茅台,600519,78.30301479,79.2867075,76.62589935,78.52878033,78.30839016,1271470,185721030.0,0.311688,0.281441
2007-09-26,贵州茅台,600519,74.72301837,79.2867075,74.72301837,78.30839016,75.74433867,3095959,450482553.0,0.758942,3.385131
2007-09-25,贵州茅台,600519,76.03998402,77.0290521,74.49187746,75.74433867,76.0614855,3024982,424466923.0,0.741543,-0.416959
2007-09-24,贵州茅台,600519,77.405328,78.3728946,75.52932387,76.0614855,77.86223445,3170462,450160399.0,0.777206,-2.312742
2007-09-21,贵州茅台,600519,77.97511722,78.20625813,76.2227466,77.86223445,77.95899111,1278793,183153720.0,0.313483,-0.124107
2007-09-20,贵州茅台,600519,76.17974364,78.39977145,76.17974364,77.95899111,76.0614855,1290305,185888065.0,0.316305,2.494699
2007-09-19,贵州茅台,600519,77.9966187,78.2116335,75.13154649,76.0614855,78.73304439,2901321,410862934.0,0.711228,-3.393187
2007-09-18,贵州茅台,600519,81.8131314,81.8131314,77.87836056,78.73304439,81.68949789,1483666,218334186.0,0.363705,-3.619135
2007-09-17,贵州茅台,600519,79.555476,82.23241026,78.35139312,81.68949789,79.76511543,3881924,581454298.0,0.951613,2.412563
2007-09-14,贵州茅台,600519,77.405328,80.63055,76.18511901,79.76511543,77.31932208,3662580,533527808.0,0.897843,3.163239
2007-09-13,贵州茅台,600519,77.405328,77.6740965,75.792717,77.31932208,77.25481764,2116570,302740276.0,0.518855,0.083492
2007-09-12,贵州茅台,600519,76.867791,78.480402,75.43256721,77.25481764,77.2978206,1219184,173598048.0,0.29887,-0.055634
2007-09-11,贵州茅台,600519,76.330254,78.73841976,76.330254,77.2978206,76.38938307,2586608,374651914.0,0.63408,1.189221
2007-09-10,贵州茅台,600519,75.38956425,77.57196447,75.38956425,76.38938307,77.65259502,4080208,577753207.0,1.00022,-1.626752
2007-09-07,贵州茅台,600519,80.62517463,80.62517463,77.3515743,77.65259502,80.62517463,3301169,480091647.0,0.809247,-3.686912
2007-09-06,贵州茅台,600519,81.705624,81.705624,80.0392593,80.62517463,81.60349197,2752558,412746126.0,0.674761,-1.198862
2007-09-05,贵州茅台,600519,82.20015804,83.29135815,79.86724746,81.60349197,82.1356536,2287969,343653908.0,0.560872,-0.647909
2007-09-04,贵州茅台,600519,85.7909052,85.7909052,81.168087,82.1356536,85.90916334,4722008,723864066.0,1.157551,-4.392444
2007-09-03,贵州茅台,600519,86.4897033,87.8335458,85.7371515,85.90916334,85.96829241,1874914,303353295.0,0.459616,-0.068771
2007-08-31,贵州茅台,600519,83.318235,86.0596737,82.780698,85.96829241,83.31285963,1000740,158100458.0,0.245321,3.187294
2007-08-30,贵州茅台,600519,82.7269443,83.74288923,82.48505265,83.31285963,82.5656832,919487,142153246.0,0.225403,0.904948
2007-08-29,贵州茅台,600519,82.12490286,84.64057602,81.705624,82.5656832,82.66781523,1199701,186047475.0,0.294094,-0.123537
2007-08-28,贵州茅台,600519,82.78607337,83.855772,82.2969147,82.66781523,83.35048722,1720550,265824520.0,0.421775,-0.81904
2007-08-27,贵州茅台,600519,84.393309,85.99516926,83.318235,83.35048722,84.47393955,2082282,327422195.0,0.51045,-1.329937
2007-08-24,贵州茅台,600519,85.94679093,87.07561863,83.855772,84.47393955,85.97904315,2063017,326076166.0,0.505727,-1.750549
2007-08-23,贵州茅台,600519,83.43649314,86.6509644,82.780698,85.97904315,83.44186851,1926367,304024687.0,0.472229,3.04065
2007-08-22,贵州茅台,600519,78.480402,84.2858016,78.2116335,83.44186851,79.57697748,2619515,401151824.0,0.642147,4.856797
2007-08-21,贵州茅台,600519,77.14731024,80.63055,77.14731024,79.57697748,77.13118413,1881098,278103261.0,0.461131,3.170944
2007-08-20,贵州茅台,600519,73.6963227,77.8353576,73.6963227,77.13118413,72.65350092,1875135,265241753.0,0.45967,6.163067
2007-08-17,贵州茅台,600519,73.20178866,75.88947366,72.30410187,72.65350092,72.57287037,2416437,330979043.0,0.592364,0.11111
2007-08-16,贵州茅台,600519,72.30410187,74.180106,70.6861155,72.57287037,73.105032,2130630,286757937.0,0.522302,-0.727945
2007-08-15,贵州茅台,600519,73.59419067,75.5239485,72.2987265,73.105032,73.60494141,2351953,323360822.0,0.576557,-0.679174
2007-08-14,贵州茅台,600519,73.105032,74.180106,72.14821614,73.60494141,74.03497101,1614446,218395050.0,0.395765,-0.580849
2007-08-13,贵州茅台,600519,75.24442926,75.24442926,71.68593432,74.03497101,75.23367852,1914059,259481908.0,0.469211,-1.59332
2007-08-10,贵州茅台,600519,77.49133392,78.2116335,74.717643,75.23367852,77.72247483,2384176,338962358.0,0.584456,-3.202151
2007-08-09,贵州茅台,600519,76.6527762,78.67391532,75.25518,77.72247483,74.63701245,1547505,224211231.0,0.379355,4.13395
2007-08-08,贵州茅台,600519,74.45962524,78.46965126,72.97064775,74.63701245,74.45962524,1294506,183151083.0,0.317335,0.238234
2007-08-07,贵州茅台,600519,74.20698285,74.70689226,73.35229902,74.45962524,74.21773359,2387426,327024703.0,0.585252,0.325919
2007-08-06,贵州茅台,600519,74.24998581,75.24980463,73.11578274,74.21773359,74.22848433,1746992,239532860.0,0.428257,-0.014475
2007-08-03,贵州茅台,600519,69.81530556,74.76602133,69.69704742,74.22848433,69.83143167,3410698,458343376.0,0.836097,6.296661
2007-08-02,贵州茅台,600519,67.9984305,70.6861155,67.9984305,69.83143167,67.74578811,2052129,264786522.0,0.503058,3.078636
2007-08-01,贵州茅台,600519,69.342273,69.87981,67.19750037,67.74578811,69.37990059,1996605,253670740.0,0.489447,-2.355318
2007-07-31,贵州茅台,600519,66.59008356,69.87981,66.23530914,69.37990059,66.86422743,2716592,344790131.0,0.665944,3.762367
2007-07-30,贵州茅台,600519,64.2356715,67.5146472,64.07978577,66.86422743,64.2356715,2787699,339526695.0,0.683375,4.09205
2007-07-27,贵州茅台,600519,64.80008535,65.84290713,63.97227837,64.2356715,66.13855248,1631215,196650321.0,0.399875,-2.877114
2007-07-26,贵州茅台,600519,66.05254656,67.192125,65.6870214,66.13855248,65.57413863,1305304,161489704.0,0.319982,0.860729
2007-07-25,贵州茅台,600519,65.8482825,66.654588,65.3107455,65.57413863,66.36431802,1524167,186522568.0,0.373634,-1.19067
2007-07-24,贵州茅台,600519,67.5146472,67.729662,66.0632973,66.36431802,67.43401665,1310379,162555321.0,0.321226,-1.586288
2007-07-23,贵州茅台,600519,64.9344696,68.08443642,63.99915522,67.43401665,64.47218778,1909284,237054485.0,0.468041,4.593959
2007-07-20,贵州茅台,600519,63.3756123,64.7732085,62.891829,64.47218778,63.83251875,1429446,171502982.0,0.350414,1.002107
2007-07-19,贵州茅台,600519,61.86513333,64.00990596,61.816755,63.83251875,62.39729496,1474677,173893104.0,0.361502,2.300136
2007-07-18,贵州茅台,600519,61.18783671,62.89720437,60.204144,62.39729496,61.88663481,1135686,130799471.0,0.278402,0.825158
2007-07-17,贵州茅台,600519,59.7741144,61.9242624,58.7527941,61.88663481,59.81711736,1506588,168233760.0,0.369324,3.45974
2007-07-16,贵州茅台,600519,61.80600426,61.80600426,59.79024051,59.81711736,61.54261113,1074733,121378863.0,0.26346,-2.803737
2007-07-13,贵州茅台,600519,61.29534411,62.07477276,61.23621504,61.54261113,61.10183079,916686,104813064.0,0.224716,0.721386
2007-07-12,贵州茅台,600519,61.972652,62.22374809,60.84539083,61.10182939,61.88717248,1473914,168661711.0,0.361315,-1.268986
2007-07-11,贵州茅台,600519,62.506899,62.506899,61.3315556,61.88717248,63.041146,1212996,140017458.0,0.297353,-1.830512
2007-07-10,贵州茅台,600519,64.10964,64.10964,62.506899,63.041146,64.18977705,979370,115825748.0,0.240082,-1.789431
2007-07-09,贵州茅台,600519,63.1479954,64.4836129,62.7740225,64.18977705,62.97703636,1164344,138656746.0,0.285427,1.925691
2007-07-06,贵州茅台,600519,60.6904592,63.06785835,60.6904592,62.97703636,60.92018541,1559604,180456456.0,0.382321,3.376303
2007-07-05,贵州茅台,600519,61.972652,63.041146,60.42867817,60.92018541,62.57100864,1704363,194675509.0,0.417807,-2.638323
2007-07-04,贵州茅台,600519,63.15868034,63.7890918,62.08484387,62.57100864,63.15868034,1155694,135460424.0,0.283306,-0.930467
2007-07-03,贵州茅台,600519,63.6822424,63.8425165,61.972652,63.15868034,63.61279029,1100903,129623748.0,0.269875,-0.713865
2007-07-02,贵州茅台,600519,63.575393,64.10964,61.438405,63.61279029,63.93868096,1960022,229624506.0,0.480479,-0.509693
2007-06-29,贵州茅台,600519,63.8425165,65.95279215,63.12128305,63.93868096,65.11402436,1549939,186255139.0,0.379951,-1.805052
2007-06-28,贵州茅台,600519,66.7274503,67.0479985,64.92703791,65.11402436,66.50840903,2621217,326430499.0,0.642564,-2.096555
2007-06-27,贵州茅台,600519,64.75607887,66.57786114,63.6822424,66.50840903,64.22717434,2376647,293372111.0,0.58261,3.551819
2007-06-26,贵州茅台,600519,63.51662583,64.643887,61.74292579,64.22717434,63.62347523,1227169,145796096.0,0.300828,0.948866
2007-06-25,贵州茅台,600519,64.1630647,66.51909397,63.3082695,63.62347523,64.55306501,3275657,398355115.0,0.802993,-1.440044
2007-06-22,贵州茅台,600519,66.17717589,66.9945738,63.575393,64.55306501,66.15580601,1785337,218079514.0,0.437657,-2.422676
2007-06-21,贵州茅台,600519,64.9644352,66.66334066,64.643887,66.15580601,65.94210721,1940141,238688175.0,0.475605,0.324072
2007-06-20,贵州茅台,600519,65.45594244,67.83868406,64.7507364,65.94210721,65.9260798,1917026,236303439.0,0.469939,0.02431
2007-06-19,贵州茅台,600519,67.09073826,67.849369,65.178134,65.9260798,67.82799912,2794684,348478544.0,0.685087,-2.804031
2007-06-18,贵州茅台,600519,67.57156056,70.22142568,66.83964217,67.82799912,67.25101236,2172221,277680174.0,0.532497,0.857962
2007-06-15,贵州茅台,600519,66.23060059,67.4219714,66.1397786,67.25101236,66.86635452,1489786,185772690.0,0.365205,0.575259
2007-06-14,贵州茅台,600519,63.4685436,69.45211,63.19607763,66.86635452,64.04018789,3488110,435609721.0,0.855074,4.413115
2007-06-13,贵州茅台,600519,63.83717403,65.95279215,63.041146,64.04018789,64.33936621,3868378,465951672.0,0.948292,-0.464998
2007-06-12,贵州茅台,600519,64.10429753,65.4452575,61.47045982,64.33936621,62.8274472,4419028,529299495.0,1.083278,2.406464
2007-06-11,贵州茅台,600519,57.4849772,62.8274472,57.14305912,62.8274472,57.11634677,5409546,620110688.0,1.326093,9.999059
2007-06-08,贵州茅台,600519,57.05223713,57.42621003,56.095935,57.11634677,56.44853802,3581908,381067005.0,0.878067,1.18304
2007-06-07,贵州茅台,600519,56.37374344,57.4315525,55.65785246,56.44853802,56.36840097,5337084,562638223.0,1.30833,0.142168
2007-06-06,贵州茅台,600519,56.095935,58.232923,54.50922141,56.36840097,56.66757929,3138434,329128886.0,0.769354,-0.527951
2007-06-05,贵州茅台,600519,55.027441,57.15908653,50.79086229,56.66757929,56.43251061,5294878,544757934.0,1.297984,0.416551
2007-06-04,贵州茅台,600519,59.13045796,61.5452544,55.2945645,56.43251061,59.00223868,5694906,627231638.0,1.396047,-4.35531
2007-06-01,贵州茅台,600519,58.23826547,59.92648599,57.8055254,59.00223868,54.47716659,6966650,775108764.0,1.707801,8.306365
2007-05-31,贵州茅台,600519,54.47716659,54.47716659,54.47716659,54.47716659,54.47716659,0,0.0,,0.0
2007-05-30,贵州茅台,600519,55.561688,58.22758053,53.3178506,54.47716659,58.35045734,7290654,756701836.0,1.787227,-6.637979
2007-05-29,贵州茅台,600519,59.0342935,61.6521038,57.8589501,58.35045734,58.93278657,4294511,480225991.0,1.052754,-0.988121
2007-05-28,贵州茅台,600519,56.8973055,59.43497875,56.88662056,58.93278657,56.83853833,5551105,607604935.0,1.360795,3.684555
2007-05-25,贵州茅台,600519,53.44072741,58.39853957,53.44072741,56.83853833,53.08812439,8310533,883158731.0,2.03724,7.064503
2007-05-24,贵州茅台,600519,52.07305509,53.21634367,51.62963008,53.08812439,51.80593159,5579895,548678429.0,2.067188,2.474994
2007-05-23,贵州茅台,600519,50.56647855,52.890453,50.56113608,51.80593159,50.66798548,4033890,391972671.0,1.494438,2.245893
2007-05-22,贵州茅台,600519,51.34647917,51.5548355,50.32072493,50.66798548,51.62428761,5990195,567699268.0,2.219192,-1.852428
2007-05-21,贵州茅台,600519,50.91908157,52.98661746,50.28867011,51.62428761,52.58593221,4150822,402560491.0,1.537758,-1.828714
2007-05-18,贵州茅台,600519,52.5164801,54.0123717,51.821959,52.58593221,52.90113794,5183691,517580169.0,1.920406,-0.595836
2007-05-17,贵州茅台,600519,49.87195745,53.45141235,49.86127251,52.90113794,49.99483426,9518160,930266093.0,3.5262,5.813202
2007-05-16,贵州茅台,600519,48.5630523,50.5397662,48.4562029,49.99483426,48.57907971,5043288,468228612.0,1.868391,2.914331
2007-05-15,贵州茅台,600519,50.47565656,50.47565656,48.54168242,48.57907971,50.42757433,7103792,655524409.0,2.631748,-3.665642
2007-05-14,贵州茅台,600519,50.0055192,53.84141266,49.24688846,50.42757433,49.150724,13187045,1263779092.0,4.885415,2.597826
2007-05-11,贵州茅台,600519,49.150724,49.150724,49.150724,49.150724,49.150724,0,0.0,,0.0
2007-05-10,贵州茅台,600519,49.150724,49.150724,49.150724,49.150724,49.150724,0,0.0,,0.0
2007-05-09,贵州茅台,600519,51.5548355,51.56017797,48.0288053,49.150724,51.5548355,15177660,1394029058.0,5.62288,-4.663213
2007-05-08,贵州茅台,600519,51.6082602,52.3027813,51.03661591,51.5548355,50.97784874,4602697,444700567.0,1.705165,1.13184
2007-04-30,贵州茅台,600519,49.684971,52.01963039,49.44455985,50.97784874,50.10168366,4355729,414391808.0,1.61367,1.748773
2007-04-27,贵州茅台,600519,51.97154816,51.98757557,50.01620414,50.10168366,52.00360298,2647491,250199461.0,0.980818,-3.657281
2007-04-26,贵州茅台,600519,51.33045176,52.61264456,50.753465,52.00360298,51.28236953,3369828,325641558.0,1.248423,1.406395
2007-04-25,贵州茅台,600519,50.48099903,51.7151096,50.0055192,51.28236953,50.47565656,3782234,362266657.0,1.401207,1.598216
2007-04-24,贵州茅台,600519,51.24497224,51.27702706,49.95743697,50.47565656,51.06332826,3947857,372593709.0,1.462566,-1.150867
2007-04-23,贵州茅台,600519,50.52908126,51.18620507,49.684971,51.06332826,50.52373879,4748675,447869454.0,1.759245,1.067994
2007-04-20,贵州茅台,600519,49.684971,51.0205885,49.6315463,50.52373879,49.5781216,4151694,392180310.0,1.538081,1.907324
2007-04-19,贵州茅台,600519,51.1274379,51.287712,48.8301758,49.5781216,51.60291773,3988171,372975317.0,1.477501,-3.923795
2007-04-18,贵州茅台,600519,52.72483643,52.72483643,51.0205885,51.60291773,52.72483643,4878084,470273102.0,1.807188,-2.127881
2007-04-17,贵州茅台,600519,54.493194,55.26250968,51.821959,52.72483643,54.34894731,4461885,442356324.0,1.652998,-2.988303
2007-04-16,贵州茅台,600519,54.4397693,55.53497565,53.6918235,54.34894731,55.00072865,3781242,383878218.0,1.40084,-1.185035
2007-04-13,贵州茅台,600519,52.890453,56.29894886,51.821959,55.00072865,52.80497348,8478318,867089257.0,3.140969,4.158237
2007-04-12,贵州茅台,600519,50.0589439,53.4781247,49.67428606,52.80497348,50.15510836,7645857,739231914.0,2.832567,5.28334
2007-04-11,贵州茅台,600519,50.72675265,50.72675265,49.6315463,50.15510836,50.42757433,5382825,504663488.0,1.99418,-0.540314
2007-04-10,贵州茅台,600519,50.87099934,51.17552013,50.2726427,50.42757433,50.753465,6304682,597770870.0,2.335701,-0.642106
2007-04-09,贵州茅台,600519,50.51305385,51.6082602,49.6315463,50.753465,50.219218,6283418,591101165.0,2.327823,1.06383
2007-04-06,贵州茅台,600519,50.5397662,50.75880747,49.9520945,50.219218,50.93510898,2761536,259568009.0,1.023068,-1.405492
2007-04-05,贵州茅台,600519,51.75784936,51.75784936,50.60387584,50.93510898,52.00360298,3746014,358362495.0,1.387789,-2.054654
2007-04-04,贵州茅台,600519,50.74812253,52.35086353,50.74812253,52.00360298,50.68935536,4080726,395605830.0,1.51179,2.592748
2007-04-03,贵州茅台,600519,50.16045083,51.0740132,49.20949117,50.68935536,50.16045083,4280091,402378753.0,1.585649,1.054423
2007-04-02,贵州茅台,600519,50.753465,50.75880747,49.0972993,50.16045083,50.4863415,2825719,261934932.0,1.046846,-0.645503
2007-03-30,贵州茅台,600519,51.59757526,51.63497255,49.7918204,50.4863415,51.48538339,3098507,293158039.0,1.147906,-1.940441
2007-03-29,贵州茅台,600519,49.78113546,51.54949303,49.30031316,51.48538339,49.73305323,4941537,465028032.0,1.830695,3.523479
2007-03-28,贵州茅台,600519,49.61551889,50.13908095,48.616477,49.73305323,49.57277913,3492636,323233779.0,1.29392,0.323306
2007-03-27,贵州茅台,600519,50.09634119,50.219218,49.07058695,49.57277913,50.22990294,3719764,345056807.0,1.378064,-1.308228
2007-03-26,贵州茅台,600519,50.6466156,50.7000403,50.0589439,50.22990294,50.74812253,2265620,212983960.0,0.839346,-1.021161
2007-03-23,贵州茅台,600519,49.95743697,50.8068897,49.2575734,50.74812253,50.48099903,3027938,283551750.0,1.121763,0.529157
2007-03-22,贵州茅台,600519,50.33140987,50.68935536,49.150724,50.48099903,50.219218,3139702,291678124.0,1.163168,0.521274
2007-03-21,贵州茅台,600519,50.56647855,51.4479861,48.94771014,50.219218,50.54510867,2828956,266389529.0,1.048046,-0.644753
2007-03-20,贵州茅台,600519,52.00360298,52.0890825,50.45962915,50.54510867,52.02497286,2118752,201378936.0,0.784936,-2.844523
2007-03-19,贵州茅台,600519,50.75880747,52.47374034,50.6466156,52.02497286,52.14784967,2595161,253220579.0,0.961431,-0.235635
2007-03-16,贵州茅台,600519,52.2493566,52.356206,50.8068897,52.14784967,52.04634274,1463493,140836291.0,0.542181,0.195034
2007-03-15,贵州茅台,600519,50.753465,52.356206,50.753465,52.04634274,51.29839694,2097319,201776897.0,0.776995,1.458031
2007-03-14,贵州茅台,600519,51.821959,52.356206,50.9137391,51.29839694,52.57524727,2160027,207586165.0,0.800227,-2.428622
2007-03-13,贵州茅台,600519,52.86908312,53.3178506,51.29839694,52.57524727,53.3178506,1908052,186420809.0,0.706878,-1.392785
2007-03-12,贵州茅台,600519,53.3178506,53.43004247,52.69278161,53.3178506,53.43004247,1944399,193188602.0,0.720343,-0.209978
2007-03-09,贵州茅台,600519,53.4781247,54.74963256,52.9438777,53.43004247,54.19935815,1618595,162560220.0,0.599642,-1.419413
2007-03-08,贵州茅台,600519,53.9055223,54.493194,52.9438777,54.19935815,54.20470062,1380763,138217148.0,0.511532,-0.009858
2007-03-07,贵州茅台,600519,54.1192211,55.26785215,53.43004247,54.20470062,53.4781247,2642534,271589373.0,0.978982,1.358642
2007-03-06,贵州茅台,600519,50.219218,54.03908405,49.684971,53.4781247,50.7000403,2435058,241040734.0,0.902118,5.479449
2007-03-05,贵州茅台,600519,52.30812377,52.30812377,50.6466156,50.7000403,52.24401413,2180501,208807884.0,0.807812,-2.955312
2007-03-02,贵州茅台,600519,51.821959,53.95360453,51.26634212,52.24401413,51.5014108,3477066,341362336.0,1.288151,1.441908
2007-03-01,贵州茅台,600519,51.5014108,51.5014108,49.62086136,51.5014108,46.82140708,4458245,429485218.0,1.65165,9.995439
2007-02-28,贵州茅台,600519,46.82140708,46.82140708,46.82140708,46.82140708,46.82140708,0,0.0,,0.0
2007-02-27,贵州茅台,600519,51.5548355,51.5548355,46.65044804,46.82140708,51.83264394,3186695,292514587.0,1.180577,-9.668107
2007-02-26,贵州茅台,600519,53.3178506,53.3178506,51.29305447,51.83264394,53.51552199,1532146,150045013.0,0.567615,-3.144656
2007-02-16,贵州茅台,600519,55.97305819,56.095935,53.18963132,53.51552199,55.13963287,2507162,256784061.0,0.92883,-2.945452
2007-02-15,贵州茅台,600519,53.77196055,56.08525006,53.43004247,55.13963287,53.18963132,1680518,173731362.0,0.622583,3.666133
2007-02-14,贵州茅台,600519,53.73456326,54.48785153,52.356206,53.18963132,53.3178506,1561447,154853057.0,0.578471,-0.240486
2007-02-13,贵州茅台,600519,52.29209636,53.33922048,51.821959,53.3178506,51.821959,1876710,184420201.0,0.695266,2.886601
2007-02-12,贵州茅台,600519,50.1123686,52.75689125,49.7918204,51.821959,50.31003999,1251133,120701377.0,0.463508,3.005205
2007-02-09,贵州茅台,600519,50.84962946,51.59757526,49.684971,50.31003999,51.26634212,1226217,116298291.0,0.454278,-1.865362
2007-02-08,贵州茅台,600519,51.7685343,52.87976806,49.9520945,51.26634212,52.07305509,1837314,176642962.0,0.680671,-1.549197
2007-02-07,贵州茅台,600519,50.84962946,53.41401506,50.75880747,52.07305509,51.15415025,1797622,175261713.0,0.665966,1.796346
2007-02-06,贵州茅台,600519,50.75880747,51.7685343,47.8151065,51.15415025,51.821959,3952256,365914405.0,1.464195,-1.28866
2007-02-05,贵州茅台,600519,53.95360453,53.958947,51.67236984,51.821959,53.958947,1983799,194534210.0,0.73494,-3.960396
2007-02-02,贵州茅台,600519,55.54566059,55.9890856,53.4247,53.958947,56.095935,1498880,151508799.0,0.555291,-3.809524
2007-02-01,贵州茅台,600519,53.41935753,56.61415459,53.1575765,56.095935,55.15031781,2590975,265744453.0,0.959881,1.714615
2007-01-31,贵州茅台,600519,57.5918266,58.76717,54.493194,55.15031781,58.63360825,3326784,352147545.0,1.232476,-5.940772
2007-01-30,贵州茅台,600519,57.02018231,59.3548417,56.88662056,58.63360825,57.42621003,2656109,287395106.0,0.984011,2.102523
2007-01-29,贵州茅台,600519,57.5918266,60.369911,56.6836067,57.42621003,58.17415583,1856036,201345338.0,0.687607,-1.285703
2007-01-26,贵州茅台,600519,57.164429,58.74045765,52.356206,58.17415583,57.89634739,3584570,380378208.0,1.327979,0.479834
2007-01-25,贵州茅台,600519,57.4315525,59.27470465,56.7904561,57.89634739,58.64963566,4484815,490557153.0,1.661493,-1.284383
2007-01-24,贵州茅台,600519,56.3630585,60.369911,56.3630585,58.64963566,56.24552416,1940422,212553649.0,0.71887,4.274316
2007-01-23,贵州茅台,600519,60.7973086,61.3315556,55.6151127,56.24552416,60.4767604,4178280,450098219.0,1.547931,-6.996465
2007-01-22,贵州茅台,600519,58.8205947,61.972652,58.76717,60.4767604,58.41990945,2552122,290839225.0,0.945487,3.520803
2007-01-19,贵州茅台,600519,56.21346934,59.77689683,56.21346934,58.41990945,56.21346934,2225551,243504208.0,0.824502,3.925107
2007-01-18,贵州茅台,600519,52.356206,56.35771603,51.821959,56.21346934,52.42031564,3064535,315103130.0,1.135321,7.236036
2007-01-17,贵州茅台,600519,52.13716473,55.027441,51.29839694,52.42031564,52.21195931,2591604,257353976.0,0.960114,0.399058
2007-01-16,贵州茅台,600519,53.08278192,53.84141266,51.43730116,52.21195931,53.21634367,3503970,344077710.0,1.298119,-1.887358
2007-01-15,贵州茅台,600519,51.84867135,54.493194,51.84867135,53.21634367,51.80058912,3067052,305993934.0,1.136253,2.733087
2007-01-12,贵州茅台,600519,49.0972993,51.9288084,48.08223,51.80058912,49.14538153,3640208,347136997.0,1.348591,5.402762
2007-01-11,贵州茅台,600519,47.547983,49.78113546,47.2808595,49.14538153,47.53195559,3748280,341540304.0,1.388628,3.394399
2007-01-10,贵州茅台,600519,47.547983,48.34401103,46.8000372,47.53195559,47.43579113,2823940,249921322.0,1.046187,0.202726
2007-01-09,贵州茅台,600519,45.35222783,48.07688753,45.1972962,47.43579113,45.33620042,2830001,248096035.0,1.048433,4.631157
2007-01-08,贵州茅台,600519,46.1055161,46.2657902,44.81263836,45.33620042,46.08948869,4892359,417405505.0,1.812476,-1.634399
2007-01-05,贵州茅台,600519,45.29880313,46.31387243,44.5027751,46.08948869,45.85976248,2780501,236787475.0,1.030094,0.500932
2007-01-04,贵州茅台,600519,48.08757247,48.17839446,45.6781185,45.85976248,46.92291401,4466467,394957199.0,1.654696,-2.265747
2006-12-29,贵州茅台,600519,45.67277603,49.2041487,45.17592632,46.92291401,45.66743356,8297549,728497750.0,3.074,2.749179
2006-12-28,贵州茅台,600519,45.8383926,45.945242,44.6096245,45.66743356,45.66743356,2928105,248296941.0,1.084777,0.0
2006-12-27,贵州茅台,600519,44.98893987,46.1589408,44.9835974,45.66743356,44.45469287,1985302,169858959.0,0.735496,2.728043
2006-12-26,贵州茅台,600519,44.45469287,44.45469287,44.45469287,44.45469287,44.45469287,0,0.0,,0.0
2006-12-25,贵州茅台,600519,43.30606182,44.97291246,43.30606182,44.45469287,43.18318501,2495441,207941105.0,0.924488,2.944448
2006-12-22,贵州茅台,600519,44.0753775,44.7164739,42.72907506,43.18318501,44.33181606,3043946,249249212.0,1.127693,-2.590987
2006-12-21,贵州茅台,600519,45.0370221,45.6781185,44.0753775,44.33181606,45.0370221,3030146,256088471.0,1.122581,-1.565836
2006-12-20,贵州茅台,600519,44.86606306,45.8918173,44.61496697,45.0370221,45.13852903,2519590,212351401.0,0.933435,-0.224873
2006-12-19,贵州茅台,600519,46.1589408,47.4411336,44.81263836,45.13852903,46.1589408,3803816,326181880.0,1.409203,-2.210652
2006-12-18,贵州茅台,600519,42.19482806,46.29784502,42.19482806,46.1589408,42.27496511,3523829,295726593.0,1.305476,9.187419
2006-12-15,贵州茅台,600519,41.137019,42.71839012,40.61879941,42.27496511,41.15838888,2369730,185540482.0,0.877916,2.712872
2006-12-14,贵州茅台,600519,38.3589346,41.34003286,38.0918111,41.15838888,38.0918111,3762824,279885276.0,1.394016,8.050488
2006-12-13,贵州茅台,600519,38.61537316,38.70085268,37.74989302,38.0918111,38.36961954,3341653,239515640.0,1.237985,-0.724028
2006-12-12,贵州茅台,600519,38.93592136,39.25646956,38.1452358,38.36961954,38.6260581,1176703,84919970.0,0.435934,-0.663905
2006-12-11,贵州茅台,600519,36.3822207,38.7329075,36.3822207,38.6260581,36.88975535,2675430,188889525.0,0.991169,4.706734
2006-12-08,贵州茅台,600519,36.863043,37.3438653,36.328796,36.88975535,37.15153638,2206889,152466866.0,0.817588,-0.704627
2006-12-07,贵州茅台,600519,36.60126197,37.4507147,36.60126197,37.15153638,36.87907041,2185538,151160168.0,0.809678,0.738812
2006-12-06,贵州茅台,600519,37.39729,37.39729,35.7411243,36.87907041,37.44002976,3749300,256408498.0,1.389006,-1.498292
2006-12-05,贵州茅台,600519,36.8096183,38.08112616,36.7561936,37.44002976,36.9164677,3811783,266976425.0,1.412154,1.418239
2006-12-04,贵州茅台,600519,37.00194722,37.89413971,36.2219466,36.9164677,36.863043,2688658,185669864.0,0.996069,0.144925
2006-12-01,贵州茅台,600519,36.19523425,38.3055099,36.19523425,36.863043,36.19523425,4041469,282813533.0,1.497246,1.845018
2006-11-30,贵州茅台,600519,34.58180831,36.95920746,34.58180831,36.19523425,34.41084927,2101203,141522146.0,0.778434,5.185524
2006-11-29,贵州茅台,600519,33.123314,35.34043905,32.55166971,34.41084927,33.55605407,2675401,172337879.0,0.991158,2.547369
2006-11-28,贵州茅台,600519,34.29331493,34.72071253,33.5507116,33.55605407,34.3520821,2832241,180775984.0,1.049263,-2.317266
2006-11-27,贵州茅台,600519,34.1383833,35.07865802,34.07961613,34.3520821,34.1383833,1649849,106393463.0,0.611221,0.62598
2006-11-24,贵州茅台,600519,33.87660227,34.34673963,33.3370128,34.1383833,33.90331462,2349589,148702618.0,0.870454,0.693354
2006-11-23,贵州茅台,600519,33.66290347,34.4589315,33.66290347,33.90331462,33.89262968,1254785,79824997.0,0.464861,0.031527
2006-11-22,贵州茅台,600519,33.7109857,34.29331493,33.04851942,33.89262968,33.72701311,2890047,182237646.0,1.070678,0.491046
2006-11-21,贵州茅台,600519,34.54441102,34.57646584,33.123314,33.72701311,34.5123562,3024121,190983784.0,1.120349,-2.275538
2006-11-20,贵州茅台,600519,33.94071191,35.1534526,33.94071191,34.5123562,34.49098632,2706049,174396384.0,1.002512,0.061959
2006-11-17,贵州茅台,600519,34.71537006,34.9931785,33.657561,34.49098632,34.55509596,3834146,244957666.0,1.420439,-0.185533
2006-11-16,贵州茅台,600519,33.05386189,35.78386406,33.04317695,34.55509596,33.03783448,4862857,313184874.0,1.801547,4.592497
2006-11-15,贵州茅台,600519,32.31125856,33.657561,31.8411212,33.03783448,32.0013953,3403376,211445126.0,1.260851,3.238729
2006-11-14,贵州茅台,600519,30.26509255,32.13495705,30.26509255,32.0013953,30.40399677,3130677,183957465.0,1.159824,5.253912
2006-11-13,贵州茅台,600519,30.7192025,30.7192025,29.8644073,30.40399677,30.7726272,2831549,161068513.0,1.049006,-1.197914
2006-11-10,贵州茅台,600519,30.42536665,31.4671483,30.2383802,30.7726272,30.54290099,3315329,191717604.0,1.228233,0.752143
2006-11-09,贵州茅台,600519,30.21166785,30.5589284,29.98194164,30.54290099,30.35057207,1596243,90494365.0,0.591361,0.633686
2006-11-08,贵州茅台,600519,29.6507085,30.7192025,29.383585,30.35057207,29.8109826,2534830,143238979.0,0.939081,1.81004
2006-11-07,贵州茅台,600519,29.9712567,30.3986543,29.6507085,29.8109826,29.96591423,2132645,119649818.0,0.790083,-0.517028
2006-11-06,贵州茅台,600519,28.87605035,30.5589284,28.849338,29.96591423,29.26070819,2674004,147856261.0,0.99064,2.410078
2006-11-03,贵州茅台,600519,29.37824253,29.64536603,28.6890639,29.26070819,29.26070819,1387640,75858369.0,0.51408,0.0
2006-11-02,贵州茅台,600519,28.37385817,29.27139313,27.97317292,29.26070819,28.4219404,2331900,123978621.0,0.863901,2.951127
2006-11-01,贵州茅台,600519,28.6356392,28.849338,28.30440606,28.4219404,28.84399553,1276204,67866974.0,0.472796,-1.463235
2006-10-31,贵州茅台,600519,28.87070788,29.5438591,28.53413227,28.84399553,28.87070788,1126683,61092387.0,0.417403,-0.092523
2006-10-30,贵州茅台,600519,28.849338,29.03632445,28.4753651,28.87070788,28.86002294,1236943,66246109.0,0.458251,0.037024
2006-10-27,贵州茅台,600519,29.37824253,29.37824253,28.7959133,28.86002294,29.383585,1479145,80382720.0,0.54798,-1.781817
2006-10-26,贵州茅台,600519,29.383585,29.57591392,28.849338,29.383585,29.47974946,2042850,112072591.0,0.756816,-0.326206
2006-10-25,贵州茅台,600519,28.1548169,29.85372236,27.8876934,29.47974946,27.86632352,4747608,261743388.0,1.75885,5.789878
2006-10-24,贵州茅台,600519,27.27330935,28.09070726,27.1397476,27.86632352,27.246597,2670912,138579123.0,0.989495,2.274509
2006-10-23,贵州茅台,600519,26.2849524,27.43358345,26.2849524,27.246597,26.4986512,3899875,198293833.0,1.44479,2.822584
2006-10-20,贵州茅台,600519,26.69098012,26.79248705,26.48262379,26.4986512,26.71235,1209540,60370256.0,0.448099,-0.800003
2006-10-19,贵州茅台,600519,26.52536355,26.9794735,26.18878794,26.71235,26.61084307,1661115,83199478.0,0.615395,0.381447
2006-10-18,贵州茅台,600519,25.643856,26.82454187,25.3767325,26.61084307,25.71865058,2387883,118175550.0,0.884641,3.469053
2006-10-17,贵州茅台,600519,25.3233078,25.8575548,25.02947195,25.71865058,25.3233078,1537044,73212480.0,0.56943,1.561177
2006-10-16,贵州茅台,600519,26.178103,26.178103,25.0027596,25.3233078,26.18344547,3807675,180476685.0,1.410632,-3.285037
2006-10-13,贵州茅台,600519,26.51467861,26.6055006,26.02317137,26.18344547,26.51467861,1489803,73257749.0,0.551929,-1.24925
2006-10-12,贵州茅台,600519,26.57344578,26.85125422,26.22084276,26.51467861,26.57344578,1428689,70986726.0,0.529288,-0.221151
2006-10-11,贵州茅台,600519,27.07029549,27.246597,26.4452265,26.57344578,27.10235031,1211797,60357112.0,0.448935,-1.951504
2006-10-10,贵州茅台,600519,27.5137205,28.0479675,26.9794735,27.10235031,27.17714489,2412448,124074029.0,0.893742,-0.27521
2006-10-09,贵州茅台,600519,25.64919847,27.4068711,25.64919847,27.17714489,25.33933521,3797012,191569287.0,1.406682,7.252791
2006-09-29,贵州茅台,600519,25.0027596,25.57974636,24.8424855,25.33933521,25.00810207,2275622,107764446.0,0.843052,1.324501
2006-09-28,贵州茅台,600519,24.575362,25.08289665,24.42577284,25.00810207,24.63947164,1677920,77577351.0,0.62162,1.496102
2006-09-27,贵州茅台,600519,24.51659483,24.76234845,24.39371802,24.63947164,24.56467706,805218,36977026.0,0.29831,0.304479
2006-09-26,贵州茅台,600519,24.93330749,24.93864996,24.55399212,24.56467706,24.96001984,1178972,54462375.0,0.436775,-1.583908
2006-09-25,贵州茅台,600519,24.76234845,25.18974605,24.76234845,24.96001984,25.00810207,1047525,49168157.0,0.388077,-0.192267
2006-09-22,贵州茅台,600519,24.98138972,25.109609,24.6287867,25.00810207,25.0027596,1242597,57912198.0,0.460346,0.021372
2006-09-21,贵州茅台,600519,25.109609,25.18974605,25.0027596,25.0027596,25.10426653,1631283,76643185.0,0.604343,-0.404347
2006-09-20,贵州茅台,600519,24.73029363,25.28056804,24.61810176,25.10426653,24.79440327,2244246,105158852.0,0.831428,1.249735
2006-09-19,贵州茅台,600519,24.39371802,24.97070478,24.28152615,24.79440327,24.48454001,2999252,138992138.0,1.111135,1.265542
2006-09-18,贵州茅台,600519,24.51125236,24.6287867,24.19070416,24.48454001,24.48988248,3408476,155113047.0,1.262741,-0.021811
2006-09-15,贵州茅台,600519,24.6287867,24.99207466,24.0945397,24.48988248,24.6287867,2924397,134841289.0,1.083404,-0.563988
2006-09-14,贵州茅台,600519,23.506868,24.65015658,23.0794704,24.6287867,23.44275836,6336687,284212834.0,2.347558,5.059247
2006-09-13,贵州茅台,600519,23.41070354,23.64577222,23.41070354,23.44275836,23.4000186,1842146,81014932.0,0.682461,0.182653
2006-09-12,贵州茅台,600519,23.57632011,23.57632011,23.3465939,23.4000186,23.57632011,1939305,85026963.0,0.718456,-0.747795
2006-09-11,贵州茅台,600519,23.6137174,23.72590927,23.44810083,23.57632011,23.75262162,830299,36625467.0,0.307602,-0.742236
2006-09-08,贵州茅台,600519,23.7739915,23.9876903,23.59234752,23.75262162,24.03577253,589062,26157744.0,0.21823,-1.178045
2006-09-07,贵州茅台,600519,24.03043006,24.12125205,23.71522433,24.03577253,24.10522464,1051862,46987030.0,0.389684,-0.288114
2006-09-06,贵州茅台,600519,23.9876903,24.28152615,23.9342656,24.10522464,24.00906018,1138069,51403210.0,0.421621,0.400535
2006-09-05,贵州茅台,600519,24.04645747,24.16399181,23.94495054,24.00906018,24.11056711,1235476,55522598.0,0.457708,-0.421011
2006-09-04,贵州茅台,600519,23.92358066,24.18536169,23.92358066,24.11056711,24.07851229,590376,26589669.0,0.218717,0.133129
2006-09-01,贵州茅台,600519,24.22810145,24.23878639,23.97700536,24.07851229,24.16399181,1087394,48927412.0,0.402848,-0.353747
2006-08-31,贵州茅台,600519,24.041115,24.29221109,23.9342656,24.16399181,24.03043006,1235848,55827539.0,0.457846,0.555803
2006-08-30,贵州茅台,600519,24.17467675,24.4685126,23.9342656,24.03043006,24.39371802,969292,43806887.0,0.359094,-1.489269
2006-08-29,贵州茅台,600519,23.49084059,24.68755387,23.48549812,24.39371802,23.42673095,3785440,171776439.0,1.402395,4.127711
2006-08-28,贵州茅台,600519,23.45878577,23.60837493,23.1863198,23.42673095,23.52823788,2557259,112066807.0,0.94739,-0.431432
2006-08-25,贵州茅台,600519,23.56563517,23.82207373,23.4000186,23.52823788,23.56563517,747487,32852244.0,0.276922,-0.158693
2006-08-24,贵州茅台,600519,23.506868,23.7205668,23.44275836,23.56563517,23.73125174,1257407,55366636.0,0.465833,-0.697878
2006-08-23,贵州茅台,600519,23.4000186,23.87549843,23.4000186,23.73125174,24.14262193,2105623,93035269.0,0.780072,-1.703918
2006-08-22,贵州茅台,600519,23.506868,24.22810145,23.506868,24.14262193,23.59768999,1110875,49977253.0,0.411547,2.309261
2006-08-21,贵州茅台,600519,22.96193606,23.6137174,22.89248395,23.59768999,23.57632011,729321,32062134.0,0.270192,0.090635
2006-08-18,贵州茅台,600519,23.4534433,23.75262162,23.27179932,23.57632011,23.64042975,338123,14888941.0,0.125265,-0.271184
2006-08-17,贵州茅台,600519,24.08919723,24.08919723,23.18097733,23.64042975,24.03577253,1092965,48410678.0,0.404912,-1.644814
2006-08-16,贵州茅台,600519,23.5602927,24.08919723,23.506868,24.03577253,23.57097764,899888,40252021.0,0.333382,1.971901
2006-08-15,贵州茅台,600519,23.26645685,23.60303246,23.2397445,23.57097764,23.40536107,639825,28008387.0,0.237036,0.707595
2006-08-14,贵州茅台,600519,23.54960776,23.65645716,23.0794704,23.40536107,23.54960776,1117366,49033692.0,0.413951,-0.612524
2006-08-11,贵州茅台,600519,23.54960776,23.7739915,23.53358035,23.54960776,23.51221047,724713,32036673.0,0.268485,0.159063
2006-08-10,贵州茅台,600519,23.42673095,23.70988186,23.42673095,23.51221047,23.42673095,1310561,57720598.0,0.485525,0.36488
2006-08-09,贵州茅台,600519,23.10618275,23.6671421,22.972621,23.42673095,23.08481287,1028841,44982771.0,0.381156,1.481137
2006-08-08,贵州茅台,600519,22.438374,23.10084028,22.438374,23.08481287,22.63070292,777176,33435494.0,0.287921,2.006606
2006-08-07,贵州茅台,600519,22.57193575,23.18097733,21.94686676,22.63070292,22.80700443,1414235,59874589.0,0.523933,-0.77301
2006-08-04,贵州茅台,600519,22.972621,23.17563486,22.438374,22.80700443,22.96193606,1479341,63433581.0,0.548053,-0.674735
2006-08-03,贵州茅台,600519,23.5602927,23.80070385,22.8123469,22.96193606,23.54960776,1665548,71947181.0,0.617037,-2.495468
2006-08-02,贵州茅台,600519,23.8808409,24.041115,23.44275836,23.54960776,23.90221078,886022,39215950.0,0.328245,-1.47519
2006-08-01,贵州茅台,600519,23.506868,24.041115,23.4534433,23.90221078,23.506868,1316838,58663703.0,0.48785,1.681822
2006-07-31,贵州茅台,600519,24.24412886,24.2548138,23.506868,23.506868,24.3082385,1594807,70945071.0,0.590829,-3.296704
2006-07-28,贵州茅台,600519,24.575362,24.62344423,24.17467675,24.3082385,24.67152646,2288646,104187953.0,0.847877,-1.4725
2006-07-27,贵州茅台,600519,24.7890608,24.99741713,24.4685126,24.67152646,24.8424855,2451514,113653352.0,0.908214,-0.688171
2006-07-26,贵州茅台,600519,25.01344454,25.109609,24.49522495,24.8424855,25.01344454,1740430,80947127.0,0.644779,-0.683468
2006-07-25,贵州茅台,600519,24.68755387,25.109609,24.4150879,25.01344454,24.68755387,3254213,151329073.0,1.205591,1.320062
2006-07-24,贵州茅台,600519,23.5602927,25.04015689,23.4000186,24.68755387,23.73659421,4052541,185467434.0,1.501348,4.006299
2006-07-21,贵州茅台,600519,23.64042975,23.7739915,23.51221047,23.73659421,23.66179963,1075971,47693738.0,0.398616,0.316097
2006-07-20,贵州茅台,600519,23.20234721,23.71522433,22.90851136,23.66179963,23.22371709,1937201,85005958.0,0.717676,1.886358
2006-07-19,贵州茅台,600519,23.6137174,23.7205668,22.9191963,23.22371709,23.67782704,3132698,136738969.0,1.160573,-1.917867
2006-07-18,贵州茅台,600519,23.94495054,23.96632042,23.52289541,23.67782704,23.96632042,1539232,68227611.0,0.570241,-1.203747
2006-07-17,贵州茅台,600519,23.6671421,24.33495085,23.42673095,23.96632042,23.81138879,2568418,115482082.0,0.951524,0.650664
2006-07-14,贵州茅台,600519,23.6137174,23.90755325,23.30385414,23.81138879,23.86481349,1834374,80947648.0,0.679582,-0.22386
2006-07-13,贵州茅台,600519,23.37330625,24.2548138,23.12221016,23.86481349,23.50152553,3942420,175231413.0,1.460552,1.545798
2006-07-12,贵州茅台,600519,23.8808409,23.90755325,23.26645685,23.50152553,23.90755325,3312513,145831734.0,1.227189,-1.69832
2006-07-11,贵州茅台,600519,24.041115,24.28686862,23.8274162,23.90755325,24.05714241,2721409,122211032.0,1.008203,-0.621805
2006-07-10,贵州茅台,600519,24.51125236,24.51125236,23.96097795,24.05714241,24.57001953,2769775,125019271.0,1.026121,-2.087416
2006-07-07,贵州茅台,600519,24.96001984,25.10426653,24.52727977,24.57001953,24.93864996,2802363,129587181.0,1.038194,-1.478146
2006-07-06,贵州茅台,600519,24.8424855,25.1630337,24.6287867,24.93864996,24.86919785,2205560,103048532.0,0.817096,0.279272
2006-07-05,贵州茅台,600519,25.2164584,25.2164584,24.6822114,24.86919785,25.109609,1557263,72575812.0,0.57692,-0.957448
2006-07-04,贵州茅台,600519,24.8424855,25.13632135,24.38837555,25.109609,25.0027596,5250666,242839931.0,1.945218,0.427352
2006-07-03,贵州茅台,600519,25.33399274,25.33399274,24.77837586,25.0027596,25.34467768,4828774,225238880.0,1.78892,-1.349071
2006-06-30,贵州茅台,600519,25.77741775,26.04454125,25.0027596,25.34467768,25.6972807,3903278,185164398.0,1.446051,-1.372141
2006-06-29,贵州茅台,600519,25.5904313,25.90563703,25.4301572,25.6972807,25.56371895,3719105,178456804.0,1.37782,0.522466
2006-06-28,贵州茅台,600519,26.10330842,26.10330842,25.4301572,25.56371895,26.15673312,2680057,128599786.0,0.992883,-2.267158
2006-06-27,贵州茅台,600519,25.57440389,26.4986512,25.54769154,26.15673312,25.49426684,5146617,252140738.0,1.906671,2.598487
2006-06-26,贵州茅台,600519,24.9493349,25.83084245,24.9493349,25.49426684,24.93864996,4786959,227823194.0,1.773429,2.227937
2006-06-23,贵州茅台,600519,24.8424855,25.2698831,24.7356361,24.93864996,24.98673219,2792408,130091791.0,1.034506,-0.192431
2006-06-22,贵州茅台,600519,25.109609,25.36604756,24.9493349,24.98673219,25.28591051,2365379,111205968.0,0.876304,-1.183185
2006-06-21,贵州茅台,600519,25.83084245,25.9109795,24.97604725,25.28591051,25.83084245,3632394,172805456.0,1.345696,-2.109611
2006-06-20,贵州茅台,600519,25.72399305,26.10330842,25.48892437,25.83084245,25.92700691,3760892,181973717.0,1.393301,-0.370905
2006-06-19,贵州茅台,600519,24.8424855,26.48796626,24.4150879,25.92700691,24.97070478,7630589,368697291.0,2.82691,3.82969
2006-06-16,贵州茅台,600519,24.78371833,25.2698831,24.6822114,24.97070478,24.7890608,4008029,188160360.0,1.484858,0.732759
2006-06-15,贵州茅台,600519,24.99741713,25.7507054,24.5219373,24.7890608,25.0027596,5131147,242480009.0,1.90094,-0.854696
2006-06-14,贵州茅台,600519,24.3082385,25.2164584,23.2397445,25.0027596,24.54330718,6223384,287725376.0,2.305582,1.872008
2006-06-13,贵州茅台,600519,24.08385476,25.20043099,24.08385476,24.54330718,24.08385476,7482948,347247357.0,2.772214,1.907712
2006-06-12,贵州茅台,600519,22.438374,24.14262193,22.1712505,24.08385476,22.7589222,7134449,311536764.0,2.643105,5.821604
2006-06-09,贵州茅台,600519,22.82303184,23.0794704,22.1712505,22.7589222,22.82303184,5841082,247306955.0,2.16395,-0.280905
2006-06-08,贵州茅台,600519,22.34755201,23.02070323,21.90946947,22.82303184,22.45440141,5845435,247094039.0,2.165563,1.64169
2006-06-07,贵州茅台,600519,22.74289479,23.50152553,22.2780999,22.45440141,22.99933335,7100113,302769993.0,2.630385,-2.369339
2006-06-06,贵州茅台,600519,23.62974481,23.62974481,22.972621,22.99933335,23.97166289,5664197,246688992.0,2.09842,-4.056162
2006-06-05,贵州茅台,600519,24.8959102,24.8959102,23.4000186,23.97166289,25.16837617,6874756,308294272.0,2.546896,-4.754833
2006-06-02,贵州茅台,600519,26.4452265,26.4452265,24.8959102,25.16837617,26.4452265,7310473,348052311.0,2.708317,-4.828282
2006-06-01,贵州茅台,600519,25.65454094,26.7657747,25.09892406,26.4452265,25.65454094,9033167,438913211.0,3.346525,3.082048
2006-05-31,贵州茅台,600519,25.88426715,27.7274193,25.04549936,25.65454094,25.85221233,15173103,747411522.0,5.621192,-0.764619
2006-05-30,贵州茅台,600519,25.1630337,25.85221233,24.36700567,25.85221233,23.50152553,13875854,664776550.0,5.140599,10.00227
2006-05-29,贵州茅台,600519,21.36988,23.50152553,21.36988,23.50152553,21.36453753,8068362,345986865.0,2.989093,10.0025
2006-05-26,贵州茅台,600519,21.09741403,21.38056494,20.13042696,21.36453753,21.15083873,9180196,360661885.0,3.400995,1.01036
2006-05-25,贵州茅台,600519,24.041115,25.109609,20.3548107,21.15083873,24.02508759,19811697,811908674.0,7.339655,-11.96353
2006-05-24,贵州茅台,600519,24.02510748,24.02510748,24.02510748,24.02510748,24.02510748,0,0.0,,0.0
2006-05-23,贵州茅台,600519,24.02510748,24.02510748,24.02510748,24.02510748,24.02510748,0,0.0,,0.0
2006-05-22,贵州茅台,600519,24.02510748,24.02510748,24.02510748,24.02510748,24.02510748,0,0.0,,0.0
2006-05-19,贵州茅台,600519,24.02510748,24.02510748,24.02510748,24.02510748,24.02510748,0,0.0,,0.0
2006-05-18,贵州茅台,600519,24.02510748,24.02510748,24.02510748,24.02510748,24.02510748,0,0.0,,0.0
2006-05-17,贵州茅台,600519,24.02510748,24.02510748,24.02510748,24.02510748,24.02510748,0,0.0,,0.0
2006-05-16,贵州茅台,600519,24.02510748,24.02510748,24.02510748,24.02510748,24.02510748,0,0.0,,0.0
2006-05-15,贵州茅台,600519,24.02510748,24.02510748,24.02510748,24.02510748,24.02510748,0,0.0,,0.0
2006-05-12,贵州茅台,600519,24.02510748,24.02510748,24.02510748,24.02510748,24.02510748,0,0.0,,0.0
2006-05-11,贵州茅台,600519,24.02510748,24.02510748,24.02510748,24.02510748,24.02510748,0,0.0,,0.0
2006-05-10,贵州茅台,600519,24.02510748,24.02510748,24.02510748,24.02510748,24.02510748,0,0.0,,0.0
2006-05-09,贵州茅台,600519,24.02510748,24.02510748,24.02510748,24.02510748,24.02510748,0,0.0,,0.0
2006-05-08,贵州茅台,600519,24.02510748,24.02510748,24.02510748,24.02510748,24.02510748,0,0.0,,0.0
2006-04-28,贵州茅台,600519,24.02510748,24.02510748,24.02510748,24.02510748,24.02510748,0,0.0,,0.0
2006-04-27,贵州茅台,600519,24.02510748,24.02510748,24.02510748,24.02510748,24.02510748,0,0.0,,0.0
2006-04-26,贵州茅台,600519,24.02510748,24.02510748,24.02510748,24.02510748,24.02510748,0,0.0,,0.0
2006-04-25,贵州茅台,600519,23.391692,24.4955696,23.02636108,24.02510748,23.42585964,3970465,357994221.0,2.941883,2.558069
2006-04-24,贵州茅台,600519,23.523106,24.12498212,22.9448844,23.42585964,23.37329404,3624898,322955394.0,2.685838,0.224893
2006-04-21,贵州茅台,600519,22.01710156,23.785934,21.81735228,23.37329404,22.08543684,3188609,278281209.0,2.362573,5.831253
2006-04-20,贵州茅台,600519,23.64926344,23.64926344,21.0393814,22.08543684,21.78581292,5561501,475176332.0,4.120748,1.375316
2006-04-19,贵州茅台,600519,21.78581292,21.78581292,21.57292224,21.78581292,19.8040898,4396751,364421942.0,3.257736,10.00664
2006-04-18,贵州茅台,600519,19.8040898,19.8040898,19.8040898,19.8040898,18.003718,32444,2444655.0,0.024039,9.999998
2006-04-17,贵州茅台,600519,18.003718,18.003718,18.003718,18.003718,16.36629956,23810,1630985.0,0.017642,10.00482
2006-04-14,贵州茅台,600519,16.36629956,16.36629956,16.36629956,16.36629956,16.36629956,0,0.0,,0.0
2006-04-13,贵州茅台,600519,16.36629956,16.36629956,16.36629956,16.36629956,16.36629956,0,0.0,,0.0
2006-04-12,贵州茅台,600519,16.36629956,16.36629956,16.36629956,16.36629956,16.36629956,0,0.0,,0.0
2006-04-11,贵州茅台,600519,16.36629956,16.36629956,16.36629956,16.36629956,16.36629956,0,0.0,,0.0
2006-04-10,贵州茅台,600519,16.36629956,16.36629956,16.36629956,16.36629956,16.36629956,0,0.0,,0.0
2006-04-07,贵州茅台,600519,16.36629956,16.36629956,16.36629956,16.36629956,16.36629956,0,0.0,,0.0
2006-04-06,贵州茅台,600519,16.36629956,16.36629956,16.36629956,16.36629956,16.36629956,0,0.0,,0.0
2006-04-05,贵州茅台,600519,16.36629956,16.36629956,16.36629956,16.36629956,16.36629956,0,0.0,,0.0
2006-04-04,贵州茅台,600519,16.36629956,16.36629956,16.36629956,16.36629956,16.36629956,0,0.0,,0.0
2006-04-03,贵州茅台,600519,16.36629956,16.36629956,16.36629956,16.36629956,16.36629956,0,0.0,,0.0
2006-03-31,贵州茅台,600519,16.36629956,16.36629956,16.36629956,16.36629956,16.36629956,0,0.0,,0.0
2006-03-30,贵州茅台,600519,16.36629956,16.36629956,16.36629956,16.36629956,16.36629956,0,0.0,,0.0
2006-03-29,贵州茅台,600519,16.36629956,16.36629956,16.36629956,16.36629956,16.36629956,0,0.0,,0.0
2006-03-28,贵州茅台,600519,16.36629956,16.36629956,16.36629956,16.36629956,16.36629956,0,0.0,,0.0
2006-03-27,贵州茅台,600519,16.36629956,16.36629956,16.36629956,16.36629956,16.36629956,0,0.0,,0.0
2006-03-24,贵州茅台,600519,16.36629956,16.36629956,16.36629956,16.36629956,16.36629956,0,0.0,,0.0
2006-03-23,贵州茅台,600519,16.36629956,16.36629956,16.36629956,16.36629956,16.36629956,0,0.0,,0.0
2006-03-22,贵州茅台,600519,16.36629956,16.36629956,16.36629956,16.36629956,16.36629956,0,0.0,,0.0
2006-03-21,贵州茅台,600519,16.36629956,16.36629956,16.36629956,16.36629956,16.36629956,0,0.0,,0.0
2006-03-20,贵州茅台,600519,16.36629956,16.36629956,16.36629956,16.36629956,16.36629956,0,0.0,,0.0
2006-03-17,贵州茅台,600519,16.36629956,16.36629956,16.36629956,16.36629956,16.36629956,0,0.0,,0.0
2006-03-16,贵州茅台,600519,16.36629956,16.36629956,16.36629956,16.36629956,16.36629956,0,0.0,,0.0
2006-03-15,贵州茅台,600519,16.36629956,16.36629956,16.36629956,16.36629956,16.36629956,0,0.0,,0.0
2006-03-14,贵州茅台,600519,16.36629956,16.36629956,16.36629956,16.36629956,16.36629956,0,0.0,,0.0
2006-03-13,贵州茅台,600519,16.36629956,16.36629956,16.36629956,16.36629956,16.36629956,0,0.0,,0.0
2006-03-10,贵州茅台,600519,16.36629956,16.36629956,16.36629956,16.36629956,16.36629956,0,0.0,,0.0
2006-03-09,贵州茅台,600519,16.36629956,16.36629956,16.36629956,16.36629956,16.36629956,0,0.0,,0.0
2006-03-08,贵州茅台,600519,16.36629956,16.36629956,16.36629956,16.36629956,16.36629956,0,0.0,,0.0
2006-03-07,贵州茅台,600519,16.36629956,16.36629956,16.36629956,16.36629956,16.36629956,0,0.0,,0.0
2006-03-06,贵州茅台,600519,16.36629956,16.36629956,16.36629956,16.36629956,16.36629956,0,0.0,,0.0
2006-03-03,贵州茅台,600519,16.36629956,16.36629956,16.36629956,16.36629956,16.36629956,0,0.0,,0.0
2006-03-02,贵州茅台,600519,16.36629956,16.36629956,16.36629956,16.36629956,16.36629956,0,0.0,,0.0
2006-03-01,贵州茅台,600519,16.36629956,16.36629956,16.36629956,16.36629956,16.36629956,0,0.0,,0.0
2006-02-28,贵州茅台,600519,16.36629956,16.36629956,16.36629956,16.36629956,16.36629956,0,0.0,,0.0
2006-02-27,贵州茅台,600519,16.36629956,16.36629956,16.36629956,16.36629956,16.36629956,0,0.0,,0.0
2006-02-24,贵州茅台,600519,16.36629956,16.36629956,16.36629956,16.36629956,16.36629956,0,0.0,,0.0
2006-02-23,贵州茅台,600519,15.43063188,16.42675,15.32024412,16.36629956,15.4280036,1173027,69601180.0,0.869145,6.081771
2006-02-22,贵州茅台,600519,15.3360138,15.506852,15.244024,15.4280036,15.38595112,1033510,60384853.0,0.765771,0.273317
2006-02-21,贵州茅台,600519,14.94965664,15.3885794,14.94965664,15.38595112,15.08369892,1023900,59431946.0,0.75865,2.003836
2006-02-20,贵州茅台,600519,15.18620184,15.2703068,14.76567704,15.08369892,15.31235928,1084398,62004351.0,0.803476,-1.493304
2006-02-17,贵州茅台,600519,15.41749048,15.47531264,15.27556336,15.31235928,15.42011876,890782,51929488.0,0.660017,-0.698824
2006-02-16,贵州茅台,600519,15.1520342,15.76705172,15.0600444,15.42011876,15.26767852,1897750,110783125.0,1.406122,0.998447
2006-02-15,贵州茅台,600519,15.638266,15.638266,14.9286304,15.26767852,15.18620184,2899655,168845650.0,2.148475,0.53652
2006-02-14,贵州茅台,600519,15.18620184,15.18620184,15.18620184,15.18620184,15.18620184,0,0.0,,0.0
2006-02-13,贵州茅台,600519,15.18620184,15.18620184,15.18620184,15.18620184,13.80635484,1696600,98029548.0,1.257082,9.994289
2006-02-10,贵州茅台,600519,12.7208752,13.929884,12.63677024,13.80635484,12.74190144,3187395,160573342.0,2.361674,8.353959
2006-02-09,贵州茅台,600519,13.075693,13.1414,12.6945924,12.74190144,13.09934752,777030,38004186.0,0.575734,-2.728733
2006-02-08,贵州茅台,600519,13.05466676,13.16505452,12.84703264,13.09934752,13.1414,2226437,110727360.0,1.64966,-0.32
2006-02-07,贵州茅台,600519,12.4580472,13.14402828,12.3923402,13.1414,12.4580472,2866581,140985315.0,2.123969,5.485229
2006-02-06,贵州茅台,600519,12.4974714,12.5368956,12.221502,12.4580472,12.41599472,1569141,74143388.0,1.162642,0.338696
2006-01-25,贵州茅台,600519,11.99021336,12.48433,11.91136496,12.41599472,11.96130228,1573073,73251753.0,1.165555,3.80137
2006-01-24,贵州茅台,600519,11.82988828,12.16367984,11.82726,11.96130228,11.82726,1145289,52535743.0,0.848592,1.13333
2006-01-23,贵州茅台,600519,12.090088,12.090088,11.8009772,11.82726,12.08483144,1328642,59899023.0,0.984446,-2.13136
2006-01-20,贵州茅台,600519,12.1163708,12.1820778,11.92187808,12.08483144,12.11111424,1421637,65092507.0,1.05335,-0.217019
2006-01-19,贵州茅台,600519,12.29509384,12.3003504,12.02963756,12.11111424,12.13214048,728303,33651491.0,0.53963,-0.173306
2006-01-18,贵州茅台,600519,12.090088,12.34240288,12.090088,12.13214048,12.1032294,970685,45114697.0,0.719221,0.238872
2006-01-17,贵州茅台,600519,12.090088,12.25304136,12.0375224,12.1032294,12.2346434,1382470,63618353.0,1.02433,-1.074114
2006-01-16,贵州茅台,600519,12.55792184,12.5894612,12.22413028,12.2346434,12.47907344,773084,36255138.0,0.57281,-1.95872
2006-01-13,贵州茅台,600519,12.352916,12.6945924,12.221502,12.47907344,12.352916,993688,47330433.0,0.736265,1.021276
2006-01-12,贵州茅台,600519,12.1952192,12.36868568,12.1163708,12.352916,12.23727168,998972,46568064.0,0.74018,0.945014
2006-01-11,贵州茅台,600519,12.3397746,12.5106128,12.22413028,12.23727168,12.34503116,831515,39227536.0,0.616104,-0.872897
2006-01-10,贵州茅台,600519,12.352916,12.50535624,12.22938684,12.34503116,12.29772212,1745682,82153545.0,1.293448,0.384698
2006-01-09,贵州茅台,600519,11.9192498,12.4317644,11.9061084,12.29772212,11.88771044,2077080,96726018.0,1.538995,3.449041
2006-01-06,贵州茅台,600519,11.7746944,11.9455326,11.6564218,11.88771044,11.76418128,1716230,77233333.0,1.271626,1.050048
2006-01-05,贵州茅台,600519,11.6169976,11.9061084,11.59597136,11.76418128,11.63802384,1699230,75918198.0,1.25903,1.08401
2006-01-04,贵州茅台,600519,11.9323912,11.9323912,11.59334308,11.63802384,11.99021336,3550713,157456208.0,2.630871,-2.937309
2005-12-30,贵州茅台,600519,12.221502,12.22675856,11.8009772,11.99021336,12.29246556,3664756,167469295.0,2.71537,-2.458844
2005-12-29,贵州茅台,600519,11.958674,12.3003504,11.958674,12.29246556,11.95078916,1567435,72783428.0,1.161378,2.859026
2005-12-28,贵州茅台,600519,11.82463172,11.958674,11.76418128,11.95078916,11.80623376,625035,28274416.0,0.463114,1.224406
2005-12-27,贵州茅台,600519,11.6432804,11.82463172,11.59859964,11.80623376,11.61962588,729017,32574560.0,0.540159,1.605969
2005-12-26,贵州茅台,600519,11.6169976,11.695846,11.5118664,11.61962588,11.58545824,699235,30863111.0,0.518092,0.294912
2005-12-23,贵州茅台,600519,11.27794948,11.6169976,11.2753212,11.58545824,11.36205444,629183,27434932.0,0.466188,1.966232
2005-12-22,贵州茅台,600519,11.21224248,11.4593008,11.17281828,11.36205444,11.29109088,334067,14361625.0,0.247524,0.628493
2005-12-21,贵州茅台,600519,11.3278868,11.4593008,11.22801216,11.29109088,11.40147864,495917,21349222.0,0.367446,-0.968193
2005-12-20,贵州茅台,600519,11.57494512,11.5775734,11.301604,11.40147864,11.5250078,454042,19679338.0,0.336419,-1.07183
2005-12-19,贵州茅台,600519,11.433018,11.58545824,11.367311,11.5250078,11.42513316,470267,20587488.0,0.34844,0.87416
2005-12-16,贵州茅台,600519,11.2490384,11.47507048,11.17019,11.42513316,11.26480808,667061,28659038.0,0.494253,1.42324
2005-12-15,贵州茅台,600519,11.17807484,11.2753212,11.04140428,11.26480808,11.16493344,593465,25306079.0,0.439723,0.894541
2005-12-14,贵州茅台,600519,10.7890894,11.2490384,10.78383284,11.16493344,10.87319436,1797593,75326820.0,1.331911,2.683105
2005-12-13,贵州茅台,600519,10.9599276,11.0256346,10.644534,10.87319436,10.94941448,2041441,83729902.0,1.512589,-0.696114
2005-12-12,贵州茅台,600519,11.2490384,11.2490384,10.9467862,10.94941448,11.27006464,1510220,63383458.0,1.118985,-2.845152
2005-12-09,贵州茅台,600519,11.4855836,11.4855836,11.2490384,11.27006464,11.4593008,1546206,66478204.0,1.145648,-1.65137
2005-12-08,贵州茅台,600519,11.44353112,11.564432,11.44090284,11.4593008,11.49609672,365778,16002582.0,0.27102,-0.32008
2005-12-07,贵州茅台,600519,11.433018,11.59859964,11.433018,11.49609672,11.50135328,430998,18878496.0,0.319344,-0.045696
2005-12-06,贵州茅台,600519,11.4855836,11.59859964,11.433018,11.50135328,11.60911276,1491667,65529318.0,1.105238,-0.928231
2005-12-05,贵州茅台,600519,11.70110256,11.7352702,11.46981392,11.60911276,11.70110256,275743,12151492.0,0.204309,-0.786169
2005-12-02,贵州茅台,600519,11.3804524,11.7746944,11.3804524,11.70110256,11.3804524,963383,42441653.0,0.713811,2.817555
2005-12-01,贵州茅台,600519,11.43038972,11.5250078,11.35679788,11.3804524,11.49609672,535424,23266367.0,0.396718,-1.00595
2005-11-30,贵州茅台,600519,11.564432,11.60648448,11.2753212,11.49609672,11.66693492,650820,28172021.0,0.48222,-1.464289
2005-11-29,贵州茅台,600519,11.9455326,12.00598304,11.301604,11.66693492,11.94816088,248880,11117104.0,0.184406,-2.353717
2005-11-28,贵州茅台,600519,11.95078916,12.00598304,11.695846,11.94816088,11.96655884,152378,6903246.0,0.112903,-0.153744
2005-11-25,贵州茅台,600519,11.8535428,11.9849568,11.79572064,11.96655884,11.92450636,391387,17618489.0,0.289995,0.352656
2005-11-24,贵州茅台,600519,12.090088,12.090088,11.82726,11.92450636,12.15842328,1088295,49193081.0,0.806363,-1.923907
2005-11-23,贵州茅台,600519,12.01649616,12.1952192,11.9849568,12.15842328,12.12688392,137141,6306488.0,0.101613,0.260076
2005-11-22,贵州茅台,600519,11.9455326,12.24252824,11.695846,12.12688392,11.9980982,353881,16131067.0,0.262205,1.07338
2005-11-21,贵州茅台,600519,11.82726,12.024381,11.7746944,11.9980982,11.9061084,457517,20639360.0,0.338993,0.772632
2005-11-18,贵州茅台,600519,11.82726,12.0375224,11.56706028,11.9061084,11.81674688,694123,31397165.0,0.514305,0.756228
2005-11-17,贵州茅台,600519,12.0375224,12.05329208,11.35154132,11.81674688,12.06117692,1100802,49497150.0,0.81563,-2.026586
2005-11-16,贵州茅台,600519,11.92713464,12.07957488,11.82726,12.06117692,11.9323912,724856,33007959.0,0.537076,1.079291
2005-11-15,贵州茅台,600519,12.024381,12.05854864,11.9323912,11.9323912,11.9849568,776760,35512394.0,0.575534,-0.43859
2005-11-14,贵州茅台,600519,12.10585768,12.1689364,11.9718154,11.9849568,12.18996264,216289,9877960.0,0.160258,-1.681765
2005-11-11,贵州茅台,600519,12.14791016,12.25829792,12.08745972,12.18996264,12.25566964,292691,13501333.0,0.216867,-0.536136
2005-11-10,贵州茅台,600519,12.3266332,12.3266332,12.13214048,12.25566964,12.27932416,395013,18352311.0,0.292682,-0.192637
2005-11-09,贵州茅台,600519,12.40022504,12.48433,12.22413028,12.27932416,12.33451804,602073,28203162.0,0.446101,-0.447473
2005-11-08,贵州茅台,600519,12.33188976,12.36080084,12.31612008,12.33451804,12.33451804,607730,28543068.0,0.450292,0.0
2005-11-07,贵州茅台,600519,12.22413028,12.352916,12.1952192,12.33451804,12.418623,247517,11545343.0,0.183396,-0.677248
2005-11-04,贵州茅台,600519,12.41073816,12.5106128,12.19259092,12.418623,12.40810988,489562,22899009.0,0.362737,0.08473
2005-11-03,贵州茅台,600519,12.71824692,12.7340166,12.4054816,12.40810988,12.65779648,253970,12120721.0,0.188177,-1.972593
2005-11-02,贵州茅台,600519,12.615744,12.7602994,12.50535624,12.65779648,12.6945924,276609,13366082.0,0.204951,-0.289854
2005-11-01,贵州茅台,600519,12.71824692,12.7602994,12.56843496,12.6945924,12.66568132,854288,41028115.0,0.632978,0.228264
2005-10-31,贵州茅台,600519,12.48170172,12.8260064,12.38182708,12.66568132,12.50009968,668572,32099219.0,0.495373,1.324637
2005-10-28,贵州茅台,600519,12.34765944,12.6420268,12.34765944,12.50009968,12.34503116,698231,33237651.0,0.517348,1.256121
2005-10-27,贵州茅台,600519,12.49484312,12.49484312,12.2346434,12.34503116,12.50535624,974815,45785210.0,0.722281,-1.282053
2005-10-26,贵州茅台,600519,12.51586936,12.54740872,12.4317644,12.50535624,12.52112592,963579,45847901.0,0.713956,-0.12594
2005-10-25,贵州茅台,600519,12.43964924,12.5631784,12.4317644,12.52112592,12.3660574,1159486,55177336.0,0.859111,1.253985
2005-10-24,贵州茅台,600519,12.1426536,12.3923402,12.1426536,12.3660574,12.1689364,444467,20771238.0,0.329324,1.61987
2005-10-21,贵州茅台,600519,12.1163708,12.2083606,12.090088,12.1689364,12.15053844,339538,15694623.0,0.251578,0.151416
2005-10-20,贵州茅台,600519,12.27932416,12.3791988,12.1032294,12.15053844,12.3266332,572162,26662088.0,0.423939,-1.428576
2005-10-19,贵州茅台,600519,12.37657052,12.4711886,12.21361716,12.3266332,12.3266332,792451,37063755.0,0.58716,0.0
2005-10-18,贵州茅台,600519,12.0112396,12.3266332,12.0112396,12.3266332,12.01386788,964218,44960711.0,0.714429,2.603374
2005-10-17,贵州茅台,600519,11.8666842,12.221502,11.79834892,12.01386788,11.96918712,946838,43391916.0,0.701552,0.373294
2005-10-14,贵州茅台,600519,12.34765944,12.4711886,11.9061084,11.96918712,12.37657052,494258,22786107.0,0.366216,-3.291568
2005-10-13,贵州茅台,600519,12.4974714,12.59208948,12.27932416,12.37657052,12.48695828,1090753,51553349.0,0.808184,-0.884021
2005-10-12,贵州茅台,600519,12.878572,12.878572,12.46330376,12.48695828,12.83651952,832795,39835259.0,0.617052,-2.723181
2005-10-11,贵州茅台,600519,12.747158,12.86805888,12.67356616,12.83651952,12.78395392,135909,6622928.0,0.100701,0.411186
2005-10-10,贵州茅台,600519,12.89959824,13.0625516,12.7734408,12.78395392,12.99947288,264795,12946800.0,0.196198,-1.657905
2005-09-30,贵州茅台,600519,13.0625516,13.0625516,12.747158,12.99947288,13.0625516,332415,16352331.0,0.2463,-0.482901
2005-09-29,贵州茅台,600519,12.8654306,13.0888344,12.82863468,13.0625516,12.81812156,208496,10308512.0,0.154483,1.906911
2005-09-28,贵州茅台,600519,12.62100056,12.87594372,12.62100056,12.81812156,12.681451,233695,11331850.0,0.173154,1.077721
2005-09-27,贵州茅台,600519,12.7602994,12.812865,12.6551682,12.681451,12.76818424,170921,8278850.0,0.126642,-0.679296
2005-09-26,贵州茅台,600519,12.8654306,12.9705618,12.747158,12.76818424,12.85754576,176660,8657470.0,0.130895,-0.695005
2005-09-23,贵州茅台,600519,12.84966092,13.00735772,12.7077338,12.85754576,12.8917134,306446,15048364.0,0.227059,-0.265038
2005-09-22,贵州茅台,600519,12.97844664,13.13614344,12.66305304,12.8917134,13.05992332,335826,16372929.0,0.248827,-1.287984
2005-09-21,贵州茅台,600519,13.16242624,13.2990968,13.00735772,13.05992332,13.26230088,294927,14686809.0,0.218524,-1.525962
2005-09-20,贵州茅台,600519,13.2859554,13.2859554,13.1939656,13.26230088,13.26755744,179522,9041752.0,0.133015,-0.039621
2005-09-19,贵州茅台,600519,13.2990968,13.50410264,13.24127464,13.26755744,13.39634316,204025,10355074.0,0.151171,-0.961353
2005-09-16,贵州茅台,600519,13.30698164,13.45153704,13.30698164,13.39634316,13.33589272,321733,16398350.0,0.238385,0.45329
2005-09-15,贵州茅台,600519,13.34114928,13.49358952,13.23601808,13.33589272,13.36743208,174066,8846890.0,0.128973,-0.23594
2005-09-14,贵州茅台,600519,13.3253796,13.4567936,13.1676828,13.36743208,13.34903412,329947,16772020.0,0.244471,0.137822
2005-09-13,贵州茅台,600519,12.9574204,13.3516624,12.9574204,13.34903412,13.03889708,490115,24688592.0,0.363147,2.378553
2005-09-12,贵州茅台,600519,13.0888344,13.0888344,12.83389124,13.03889708,13.0888344,159547,7856513.0,0.118215,-0.381523
2005-09-09,贵州茅台,600519,13.14928484,13.1545414,12.878572,13.0888344,13.14928484,425447,21034934.0,0.315231,-0.459723
2005-09-08,贵州茅台,600519,13.28332712,13.28332712,13.06517988,13.14928484,13.28332712,630752,31589421.0,0.46735,-1.009106
2005-09-07,贵州茅台,600519,13.16505452,13.31486648,13.14402828,13.28332712,13.1676828,518627,26062481.0,0.384272,0.878248
2005-09-06,贵州茅台,600519,13.39371488,13.48044812,13.1414,13.1676828,13.3910866,319483,16132458.0,0.236718,-1.668307
2005-09-05,贵州茅台,600519,13.272814,13.55666824,13.272814,13.3910866,13.28858368,391058,19986278.0,0.289751,0.77136
2005-09-02,贵州茅台,600519,13.0888344,13.4436522,13.0888344,13.28858368,13.1414,499816,25226079.0,0.370334,1.120003
2005-09-01,贵州茅台,600519,12.81549328,13.22550496,12.81549328,13.1414,12.84177608,548726,27342423.0,0.406574,2.333196
2005-08-31,贵州茅台,600519,12.6420268,12.87331544,12.61837228,12.84177608,12.71561864,239434,11660189.0,0.177407,0.992144
2005-08-30,贵州茅台,600519,12.7734408,12.8391478,12.6420268,12.71561864,12.79709532,245326,11883761.0,0.181772,-0.636676
2005-08-29,贵州茅台,600519,12.747158,12.84703264,12.7208752,12.79709532,12.72613176,512830,24984384.0,0.379977,0.557622
2005-08-26,贵州茅台,600519,12.53952388,12.812865,12.53952388,12.72613176,12.6026026,458241,22162003.0,0.33953,0.980182
2005-08-25,贵州茅台,600519,12.60523088,12.63677024,12.5106128,12.6026026,12.6026026,354008,16937359.0,0.262299,0.0
2005-08-24,贵州茅台,600519,12.615744,12.6683096,12.50009968,12.6026026,12.61837228,321412,15394347.0,0.238148,-0.124969
2005-08-23,贵州茅台,600519,12.4054816,12.63151368,12.4054816,12.61837228,12.48433,478600,22825313.0,0.354615,1.073681
2005-08-22,贵州茅台,600519,12.34765944,12.56580668,12.221502,12.48433,12.37657052,692987,32877617.0,0.513463,0.870673
2005-08-19,贵州茅台,600519,12.32137664,12.46856032,12.26881104,12.37657052,12.37657052,497271,23314587.0,0.368449,0.0
2005-08-18,贵州茅台,600519,13.009986,13.0888344,12.352916,12.37657052,12.83126296,1098909,52638476.0,0.814227,-3.543629
2005-08-17,贵州茅台,600519,13.05992332,13.72750644,12.221502,12.83126296,12.47907344,1250674,60400828.0,0.926676,2.822241
2005-08-16,贵州茅台,600519,12.61311572,12.61311572,12.33714632,12.47907344,12.61311572,575151,27203993.0,0.426153,-1.062726
2005-08-15,贵州茅台,600519,12.32400492,12.77081252,12.090088,12.61311572,12.35817256,702040,32711316.0,0.520171,2.062955
2005-08-12,贵州茅台,600519,12.45016236,12.4580472,12.18733436,12.35817256,12.45016236,471545,22081209.0,0.349387,-0.738861
2005-08-11,贵州茅台,600519,12.09271628,12.4580472,12.09271628,12.45016236,12.13476876,1359360,63589532.0,1.007206,2.599092
2005-08-10,贵州茅台,600519,11.85879936,12.221502,11.85879936,12.13476876,11.94290432,580027,26665195.0,0.429766,1.606513
2005-08-09,贵州茅台,600519,12.090088,12.090088,11.85617108,11.94290432,12.11899908,584198,26540331.0,0.432857,-1.453051
2005-08-08,贵州茅台,600519,12.2740676,12.34765944,11.7746944,12.11899908,12.2609262,854555,39434837.0,0.633175,-1.157558
2005-08-05,贵州茅台,600519,12.26355448,12.47381688,12.090088,12.2609262,12.04803552,636516,29678263.0,0.471621,1.767019
2005-08-04,贵州茅台,600519,11.65303867,12.1109994,11.65303867,12.04805693,11.63133437,1056044,58044426.0,0.93896,3.582755
2005-08-03,贵州茅台,600519,11.5466876,11.6552091,11.503279,11.63133437,11.58575534,818421,43619808.0,0.727683,0.393404
2005-08-02,贵州茅台,600519,11.61831179,11.6552091,11.44901825,11.58575534,11.62916394,426287,22676468.0,0.379025,-0.373275
2005-08-01,贵州茅台,600519,11.55536932,11.6769134,11.503279,11.62916394,11.53800588,384030,20465514.0,0.341453,0.790072
2005-07-29,贵州茅台,600519,11.50761986,11.6118005,11.503279,11.53800588,11.5683919,242518,12951117.0,0.21563,-0.26
2005-07-28,贵州茅台,600519,11.47723384,11.60745964,11.40126879,11.5683919,11.47506341,859252,45732284.0,0.763987,0.81
2005-07-27,贵州茅台,600519,11.34700804,11.5466876,11.286236,11.47506341,11.24065697,536982,28350004.0,0.477447,2.09
2005-07-26,贵州茅台,600519,11.069193,11.30359944,11.069193,11.24065697,11.14732848,800824,41433496.0,0.712037,0.84
2005-07-25,贵州茅台,600519,11.28840643,11.34700804,11.08655644,11.14732848,11.30142901,696189,35971529.0,0.619002,-1.36
2005-07-22,贵州茅台,600519,11.286236,11.47506341,11.19507794,11.30142901,11.28189514,609596,31708848.0,0.54201,0.17
2005-07-21,贵州茅台,600519,11.31011073,11.40778008,11.1343059,11.28189514,11.31011073,253682,13127981.0,0.225556,-0.25
2005-07-20,贵州茅台,600519,11.49025642,11.49676771,11.26887256,11.31011073,11.49242685,301229,15767931.0,0.267832,-1.59
2005-07-19,贵州茅台,600519,11.43382524,11.58358491,11.4164618,11.49242685,11.4381661,132540,7015760.0,0.117845,0.47
2005-07-18,贵州茅台,600519,11.49242685,11.5466876,11.40778008,11.4381661,11.50110857,156407,8258010.0,0.139066,-0.55
2005-07-15,贵州茅台,600519,11.39692793,11.56405104,11.39692793,11.50110857,11.4815747,100290,5300561.0,0.089171,0.17
2005-07-14,贵州茅台,600519,11.286236,11.49893814,11.27972471,11.4815747,11.3947575,201266,10624551.0,0.178952,0.76
2005-07-13,贵州茅台,600519,11.58792577,11.60745964,10.9606715,11.3947575,11.6118005,385796,19981575.0,0.343023,-1.87
2005-07-12,贵州茅台,600519,11.25802041,11.6552091,11.12128332,11.6118005,11.27755428,571243,30210107.0,0.507909,2.96
2005-07-11,贵州茅台,600519,11.286236,11.5249833,11.23414568,11.27755428,11.2645317,656277,34538170.0,0.583516,0.12
2005-07-08,贵州茅台,600519,10.88687688,11.3296446,10.88687688,11.2645317,10.96284193,693076,35940472.0,0.616235,2.75
2005-07-07,贵州茅台,600519,10.85215,11.06051128,10.77835538,10.96284193,10.91943333,578532,29052550.0,0.51439,0.4
2005-07-06,贵州茅台,600519,11.23197525,11.286236,10.85215,10.91943333,11.27972471,631676,32226601.0,0.561642,-3.19
2005-07-05,贵州茅台,600519,11.286236,11.286236,11.19073708,11.27972471,11.34917847,224838,11662288.0,0.19991,-0.61
2005-07-04,贵州茅台,600519,11.286236,11.4598704,11.18205536,11.34917847,11.36437148,301851,15730157.0,0.268385,-0.13
2005-07-01,贵州茅台,600519,11.93519457,11.93519457,11.11477203,11.36437148,11.64435695,610431,32182036.0,0.542752,-2.4
2005-06-30,贵州茅台,600519,11.503279,11.79628705,11.503279,11.64435695,11.5900962,1277817,68740725.0,1.136145,0.47
2005-06-29,贵州茅台,600519,11.5900962,11.5900962,11.5900962,11.5900962,11.5900962,0,0.0,,0.0
2005-06-28,贵州茅台,600519,11.720322,11.82667307,11.50761986,11.5900962,11.90480855,376636,20129464.0,0.334878,-2.64
2005-06-27,贵州茅台,600519,11.4598704,11.92434242,11.3730532,11.90480855,11.39692793,1082423,58344425.0,0.962415,4.46
2005-06-24,贵州茅台,600519,11.21244138,11.4164618,10.6568113,11.39692793,11.30576987,615049,31786457.0,0.546858,0.81
2005-06-23,贵州茅台,600519,11.34700804,11.40995051,11.21895267,11.30576987,11.35351933,527645,27503937.0,0.469145,-0.42
2005-06-22,贵州茅台,600519,11.0257844,11.3947575,11.02361397,11.35351933,11.03012526,612174,31728393.0,0.544302,2.93
2005-06-21,贵州茅台,600519,11.17554407,11.28406557,10.97369408,11.03012526,11.2428274,259792,13347957.0,0.230989,-1.89
2005-06-20,贵州茅台,600519,10.635107,11.5249833,10.5265855,11.2428274,10.5265855,1236889,62906075.0,1.099755,6.8
2005-06-17,贵州茅台,600519,10.5265855,10.635107,10.33558766,10.5265855,10.52441507,326299,15703945.0,0.290122,0.02
2005-06-16,贵州茅台,600519,10.3529511,10.52875593,10.3095425,10.52441507,10.33775809,593153,28452404.0,0.52739,1.81
2005-06-15,贵州茅台,600519,10.22489573,10.418064,10.2227253,10.33775809,10.34643981,159677,7599370.0,0.141974,-0.08
2005-06-14,贵州茅台,600519,10.201021,10.52007421,10.201021,10.34643981,10.25094089,727149,34530651.0,0.64653,0.93
2005-06-13,贵州茅台,600519,10.23357745,10.418064,10.10335165,10.25094089,10.20536186,706973,33389071.0,0.628591,0.45
2005-06-10,贵州茅台,600519,10.44410916,10.60689141,10.1142038,10.20536186,10.48968819,416509,19681140.0,0.370331,-2.71
2005-06-09,贵州茅台,600519,10.7002199,10.89121774,10.418064,10.48968819,10.72409463,777000,38204045.0,0.690854,-2.19
2005-06-08,贵州茅台,600519,9.7235264,10.79571882,9.7235264,10.72409463,9.81902532,1103910,52789496.0,0.981519,9.22
2005-06-07,贵州茅台,600519,9.75608285,10.0273866,9.69314038,9.81902532,9.68879952,598946,27080944.0,0.532541,1.34
2005-06-06,贵州茅台,600519,9.07890869,9.7235264,8.97038719,9.68879952,9.15704417,421356,18349446.0,0.37464,5.81
2005-06-03,贵州茅台,600519,8.7902415,9.2243275,8.59924366,9.15704417,8.9204673,714669,29143703.0,0.635434,2.65
2005-06-02,贵州茅台,600519,9.6584135,9.6584135,8.7902415,8.9204673,9.7018221,2529774,105700729.0,2.249298,-8.05
2005-06-01,贵州茅台,600519,9.6801178,9.766935,9.45222265,9.7018221,9.67360651,865843,38201051.0,0.769847,0.29
2005-05-31,贵州茅台,600519,9.69096995,9.8103436,9.61066404,9.67360651,9.7018221,1187976,53080356.0,1.056265,-0.29
2005-05-30,贵州茅台,600519,9.549892,9.8103436,9.40013233,9.7018221,9.7235264,903473,40352669.0,0.803305,-0.22
2005-05-27,贵州茅台,600519,9.8754565,9.9622737,9.58244845,9.7235264,9.99483015,1594979,71377627.0,1.418144,-2.71
2005-05-26,贵州茅台,600519,10.3963597,10.42023443,9.9405694,9.99483015,10.3746554,1063427,49432691.0,0.945525,-3.66
2005-05-25,贵州茅台,600519,10.43108658,10.4397683,10.3312468,10.3746554,10.45279088,320833,15348058.0,0.285262,-0.75
2005-05-24,贵州茅台,600519,10.50271077,10.55914195,10.43108658,10.45279088,10.50271077,137917,6674005.0,0.122626,-0.48
2005-05-23,贵州茅台,600519,10.63727743,10.82827527,10.418064,10.50271077,10.66766345,261457,12730239.0,0.232469,-1.55
2005-05-20,贵州茅台,600519,10.63727743,10.88253602,10.63727743,10.66766345,10.67200431,584502,29146429.0,0.519698,-0.04
2005-05-19,贵州茅台,600519,10.418064,10.77618495,10.21187315,10.67200431,10.418064,512332,25028891.0,0.45553,2.44
2005-05-18,贵州茅台,600519,10.82827527,10.8304457,10.09684036,10.418064,10.77618495,967809,46208050.0,0.860508,-3.32
2005-05-17,贵州茅台,600519,10.635107,10.8738543,10.6134027,10.77618495,10.6134027,772452,38326325.0,0.68681,1.53
2005-05-16,贵州茅台,600519,10.52224464,10.7002199,10.45713174,10.6134027,10.57433496,259641,12703148.0,0.230855,0.37
2005-05-13,贵州茅台,600519,10.52875593,10.82827527,10.41589357,10.57433496,10.6134027,1507669,73784829.0,1.340514,-0.37
2005-05-12,贵州茅台,600519,10.5265855,10.95416021,10.42891615,10.6134027,10.71107205,1425051,69749251.0,1.267056,-0.91
2005-05-11,贵州茅台,600519,11.0040801,11.0040801,10.6785156,10.71107205,10.99539838,678491,33782884.0,0.603267,-2.59
2005-05-10,贵州茅台,600519,11.069193,11.1343059,10.8087414,10.99539838,11.18205536,644694,32384041.0,0.573217,-1.67
2005-05-09,贵州茅台,600519,11.3947575,11.49242685,11.13647633,11.18205536,11.503279,765575,39655697.0,0.680696,-2.79
2005-04-29,贵州茅台,600519,11.3513489,11.53583545,11.28840643,11.503279,11.503279,682503,35950860.0,0.606834,0.0
2005-04-28,贵州茅台,600519,11.46421126,11.6118005,11.33615589,11.503279,11.46421126,852121,45118705.0,0.757646,0.34
2005-04-27,贵州茅台,600519,11.26019084,11.52932416,11.24499783,11.46421126,11.34483761,747270,39437614.0,0.66442,1.05
2005-04-26,贵州茅台,600519,11.28406557,11.61831179,11.2428274,11.34483761,11.286236,1360923,71600714.0,1.210037,0.52
2005-04-25,贵州茅台,600519,10.6568113,11.3947575,10.55046023,11.286236,10.44410916,1270437,65092003.0,1.129584,8.06
2005-04-22,贵州茅台,600519,10.48968819,10.57867582,10.3963597,10.44410916,10.47666561,352043,16950065.0,0.313012,-0.31
2005-04-21,贵州茅台,600519,10.1142038,10.5265855,10.0924995,10.47666561,10.16629412,280896,13403617.0,0.249753,3.05
2005-04-20,贵州茅台,600519,10.08815864,10.19885057,10.05343176,10.16629412,10.0924995,535762,24960623.0,0.476362,0.73
2005-04-19,贵州茅台,600519,10.3095425,10.37031454,10.0707952,10.0924995,10.32256508,780795,36608850.0,0.694228,-2.23
2005-04-18,贵州茅台,600519,10.56565324,10.5699941,10.31388336,10.32256508,10.5916984,295745,14168640.0,0.262956,-2.54
2005-04-15,贵州茅台,600519,10.7436285,10.7436285,10.5265855,10.5916984,10.63293657,163559,7963442.0,0.145425,-0.39
2005-04-14,贵州茅台,600519,10.6134027,10.67417474,10.4397683,10.63293657,10.61123227,191460,9295179.0,0.170233,0.2
2005-04-13,贵州茅台,600519,10.4831769,10.71975377,10.418064,10.61123227,10.32473551,868912,42332154.0,0.772576,2.77
2005-04-12,贵州茅台,600519,10.46581346,10.4831769,10.27698605,10.32473551,10.4614726,199491,9516181.0,0.177373,-1.31
2005-04-11,贵州茅台,600519,10.8087414,10.8087414,10.3529511,10.4614726,10.8304457,912619,44306742.0,0.811437,-3.41
2005-04-08,贵州茅台,600519,10.86951344,10.86951344,10.48534733,10.8304457,10.86951344,450513,22165004.0,0.400565,-0.36
2005-04-07,贵州茅台,600519,11.1126016,11.39258707,10.85215,10.86951344,11.10391988,1243752,64340829.0,1.105857,-2.11
2005-04-06,贵州茅台,600519,10.88904731,11.13213547,10.76316237,11.10391988,10.84129785,567488,28795816.0,0.504571,2.42
2005-04-05,贵州茅台,600519,10.8955586,11.06702257,10.7870371,10.84129785,10.83912742,490233,24660016.0,0.435881,0.02
2005-04-04,贵州茅台,600519,10.62859571,10.87168387,10.51573335,10.83912742,10.62859571,542751,26985512.0,0.482576,1.98
2005-04-01,贵州茅台,600519,10.43542744,10.8738543,10.418064,10.62859571,10.44193873,341085,16774374.0,0.303269,1.79
2005-03-31,贵州茅台,600519,10.20536186,10.4614726,10.1576124,10.44193873,10.28132691,150718,7129716.0,0.134008,1.56
2005-03-30,贵州茅台,600519,10.418064,10.418064,10.2227253,10.28132691,10.44193873,248040,11744620.0,0.22054,-1.54
2005-03-29,贵州茅台,600519,10.65464087,10.8304457,10.418064,10.44193873,10.65464087,244856,11989719.0,0.217709,-2.0
2005-03-28,贵州茅台,600519,10.2661339,10.71758334,10.201021,10.65464087,10.26179304,242851,11802982.0,0.215926,3.83
2005-03-25,贵州茅台,600519,10.201021,10.3963597,10.03172746,10.26179304,10.20536186,232946,10960985.0,0.207119,0.55
2005-03-24,贵州茅台,600519,10.635107,10.66766345,10.0924995,10.20536186,10.64161829,916267,43515225.0,0.81468,-4.1
2005-03-23,贵州茅台,600519,10.6134027,10.8955586,10.57867582,10.64161829,10.58735754,1255123,62550272.0,1.115967,0.51
2005-03-22,贵州茅台,600519,10.201021,10.71758334,10.1576124,10.58735754,10.201021,1225920,59468831.0,1.090002,3.79
2005-03-21,贵州茅台,600519,10.201021,10.29869035,9.983978,10.201021,10.23140702,270126,12692125.0,0.240177,-0.3
2005-03-18,贵州茅台,600519,10.30737207,10.3312468,10.0924995,10.23140702,10.30737207,240549,11319532.0,0.213879,-0.74
2005-03-17,贵州茅台,600519,10.1359081,10.48100647,10.0273866,10.30737207,10.17497584,501569,23726912.0,0.44596,1.3
2005-03-16,贵州茅台,600519,10.0924995,10.201021,9.97312585,10.17497584,10.17497584,682964,31720439.0,0.607244,0.0
2005-03-15,贵州茅台,600519,10.2661339,10.32039465,10.1142038,10.17497584,10.27047476,578303,27220784.0,0.514187,-0.93
2005-03-14,贵州茅台,600519,9.9405694,10.6134027,9.8971608,10.27047476,10.06645434,1037897,48987452.0,0.922825,2.03
2005-03-11,贵州茅台,600519,9.8971608,10.15327154,9.7018221,10.06645434,9.90150166,936231,42521284.0,0.832431,1.67
2005-03-10,贵州茅台,600519,10.201021,10.201021,9.6150049,9.90150166,10.00134144,472621,21498741.0,0.420221,-1.0
2005-03-09,贵州茅台,600519,9.8971608,10.15327154,9.8320479,10.00134144,9.82336618,471303,21694338.0,0.41905,1.81
2005-03-08,贵州茅台,600519,9.766935,9.84941134,9.61717533,9.82336618,9.69096995,658554,29575338.0,0.58554,1.37
2005-03-07,贵州茅台,600519,9.38710975,9.766935,9.38710975,9.69096995,9.3762576,1022284,45290496.0,0.908943,3.36
2005-03-04,贵州茅台,600519,9.20913449,9.4196662,9.20913449,9.3762576,9.28509954,436496,18804824.0,0.388102,0.98
2005-03-03,贵州茅台,600519,9.17657804,9.32850814,9.1592146,9.28509954,9.22649793,342985,14586728.0,0.304958,0.64
2005-03-02,贵州茅台,600519,9.30680384,9.41749577,9.2243275,9.22649793,9.43485921,1139674,48820913.0,1.013318,-2.21
2005-03-01,贵州茅台,600519,9.5281877,9.5281877,9.2894404,9.43485921,9.4413705,550609,23670511.0,0.489563,-0.07
2005-02-28,贵州茅台,600519,9.32850814,9.60632318,9.26339524,9.4413705,9.32850814,448344,19453353.0,0.398636,1.21
2005-02-25,贵州茅台,600519,9.38710975,9.38710975,9.23083879,9.32850814,9.332849,599053,25777149.0,0.532636,-0.05
2005-02-24,贵州茅台,600519,8.9638759,9.36540545,8.90093343,9.332849,8.98992106,944726,40046102.0,0.839984,3.81
2005-02-23,贵州茅台,600519,8.78590064,9.0072845,8.71644688,8.98992106,8.76636677,564706,23056177.0,0.502097,2.55
2005-02-22,贵州茅台,600519,8.7468329,8.7902415,8.68172,8.76636677,8.7468329,562902,22687067.0,0.500493,0.22
2005-02-21,贵州茅台,600519,8.52544904,8.7902415,8.52327861,8.7468329,8.52110818,1062998,42401501.0,0.945143,2.65
2005-02-18,贵州茅台,600519,8.43429098,8.5297899,8.43429098,8.52110818,8.46901786,959549,37550338.0,0.853164,0.62
2005-02-17,贵州茅台,600519,8.67086785,8.67086785,8.4212684,8.46901786,8.64265226,1159168,45296879.0,1.030651,-2.01
2005-02-16,贵州茅台,600519,8.67737914,8.68172,8.5949028,8.64265226,8.60792538,444063,17660778.0,0.39483,0.4
2005-02-04,贵州茅台,600519,8.54932377,8.64916355,8.464677,8.60792538,8.54064205,400838,15785371.0,0.356397,0.79
2005-02-03,贵州茅台,600519,8.64916355,8.64916355,8.464677,8.54064205,8.64916355,444264,17455936.0,0.395008,-1.25
2005-02-02,贵州茅台,600519,8.44514313,8.67737914,8.44514313,8.64916355,8.464677,537817,21280023.0,0.478189,2.18
2005-02-01,贵州茅台,600519,8.464677,8.5297899,8.39305281,8.464677,8.54281248,400260,15598247.0,0.355883,-0.91
2005-01-31,贵州茅台,600519,8.3778598,8.5514942,8.3778598,8.54281248,8.48421087,116507,4552532.0,0.10359,0.69
2005-01-28,贵州茅台,600519,8.51242646,8.51242646,8.38003023,8.48421087,8.51242646,134123,5226481.0,0.119253,-0.33
2005-01-27,贵州茅台,600519,8.48421087,8.56234635,8.48421087,8.51242646,8.54932377,102162,4007784.0,0.090835,-0.43
2005-01-26,贵州茅台,600519,8.56234635,8.6383114,8.46033614,8.54932377,8.54932377,373498,14767520.0,0.332088,0.0
2005-01-25,贵州茅台,600519,8.3561555,8.5731985,8.28019045,8.54932377,8.30406518,581665,22704867.0,0.517176,2.95
2005-01-24,贵州茅台,600519,8.23678185,8.37568937,8.17818024,8.30406518,8.2259297,417340,15943177.0,0.371069,0.95
2005-01-21,贵州茅台,600519,8.1608168,8.247634,7.9220695,8.2259297,8.22810013,317736,11879307.0,0.282509,-0.03
2005-01-20,贵州茅台,600519,8.21290712,8.24546357,8.1391125,8.22810013,8.23027056,97405,3670093.0,0.086606,-0.03
2005-01-19,贵州茅台,600519,8.247634,8.43863184,8.2259297,8.23027056,8.3561555,265200,10180585.0,0.235797,-1.51
2005-01-18,贵州茅台,600519,8.2259297,8.3561555,8.1825211,8.3561555,8.2259297,263820,10016326.0,0.23457,1.58
2005-01-17,贵州茅台,600519,8.12826035,8.28670174,8.05446573,8.2259297,8.23027056,181239,6845213.0,0.161145,-0.05
2005-01-14,贵州茅台,600519,8.34530335,8.3995641,8.1825211,8.23027056,8.38220066,333847,12691131.0,0.296833,-1.81
2005-01-13,贵州茅台,600519,8.2693383,8.43212055,8.2693383,8.38220066,8.3344512,288383,11159242.0,0.25641,0.57
2005-01-12,贵州茅台,600519,8.30840604,8.34530335,8.22158884,8.3344512,8.3127469,338903,12949338.0,0.301329,0.26
2005-01-11,贵州茅台,600519,8.30406518,8.3778598,8.2910426,8.3127469,8.30189475,500356,19240403.0,0.444882,0.13
2005-01-10,贵州茅台,600519,8.0088867,8.3127469,8.0088867,8.30189475,8.0088867,1071811,40597723.0,0.952979,3.66
2005-01-07,贵州茅台,600519,7.9220695,8.0739996,7.9220695,8.0088867,7.9437738,300274,11115440.0,0.266983,0.82
2005-01-06,贵州茅台,600519,8.030591,8.0522953,7.9220695,7.9437738,8.08268132,552372,20282548.0,0.49113,-1.72
2005-01-05,贵州茅台,600519,7.9003652,8.09136304,7.86346789,8.08268132,7.91121735,613933,22582400.0,0.545866,2.17
2005-01-04,贵州茅台,600519,7.9003652,7.9871824,7.813548,7.91121735,7.95245552,234881,8566179.0,0.20884,-0.52
2004-12-31,贵州茅台,600519,7.9654781,8.1825211,7.83091144,7.95245552,7.98935283,586990,21514898.0,0.52191,-0.46
2004-12-30,贵州茅台,600519,8.0088867,8.08485175,7.88517219,7.98935283,8.09136304,334500,12358921.0,0.297414,-1.26
2004-12-29,贵州茅台,600519,8.02842057,8.13477164,7.95896681,8.09136304,7.95896681,565478,21025179.0,0.502783,1.66
2004-12-28,贵州茅台,600519,7.7050265,8.01539799,7.7050265,7.95896681,7.813548,292412,10655265.0,0.259992,1.86
2004-12-27,贵州茅台,600519,7.7050265,7.82874101,7.7050265,7.813548,7.7050265,157084,5614076.0,0.139668,1.41
2004-12-24,贵州茅台,600519,7.596505,7.78099155,7.596505,7.7050265,7.6399136,446959,15920008.0,0.397405,0.85
2004-12-23,贵州茅台,600519,7.6616179,7.76362811,7.6399136,7.6399136,7.6616179,688348,24351861.0,0.612031,-0.28
2004-12-22,贵州茅台,600519,7.52488081,7.67247005,7.41852974,7.6616179,7.53790339,316854,11055083.0,0.281724,1.64
2004-12-21,贵州茅台,600519,7.596505,7.6833222,7.52271038,7.53790339,7.5748007,219868,7700170.0,0.195491,-0.49
2004-12-20,贵州茅台,600519,7.813548,7.9220695,7.55743726,7.5748007,7.8569566,245930,8749161.0,0.218664,-3.59
2004-12-17,贵州茅台,600519,7.9220695,7.93292165,7.82874101,7.8569566,7.97850068,104903,3805636.0,0.093272,-1.52
2004-12-16,贵州茅台,600519,7.9220695,8.00454584,7.8786609,7.97850068,7.92423993,1150003,42361519.0,1.022502,0.68
2004-12-15,贵州茅台,600519,7.93943294,8.04795444,7.9220695,7.92423993,7.98284154,1096973,40055481.0,0.975352,-0.73
2004-12-14,贵州茅台,600519,8.030591,8.0522953,7.98284154,7.98284154,8.0522953,124544,4601617.0,0.110736,-0.86
2004-12-13,贵州茅台,600519,7.9437738,8.0739996,7.9437738,8.0522953,8.030591,220832,8189873.0,0.196348,0.27
2004-12-10,贵州茅台,600519,7.95679638,8.03276143,7.95028509,8.030591,7.94160337,89703,3311205.0,0.079758,1.12
2004-12-09,贵州茅台,600519,7.98935283,8.1391125,7.93943294,7.94160337,7.98935283,1134904,41890865.0,1.009077,-0.6
2004-12-08,贵州茅台,600519,8.030591,8.06748831,7.9220695,7.98935283,7.98284154,1029083,37575758.0,0.914989,0.08
2004-12-07,贵州茅台,600519,7.92641036,8.0522953,7.92423993,7.98284154,7.96330767,189908,6998528.0,0.168853,0.25
2004-12-06,贵州茅台,600519,8.030591,8.030591,7.92423993,7.96330767,7.97415982,111117,4068796.0,0.098797,-0.14
2004-12-03,贵州茅台,600519,7.9871824,8.05012487,7.9437738,7.97415982,8.030591,62624,2303971.0,0.055681,-0.7
2004-12-02,贵州茅台,600519,8.0739996,8.0739996,7.9220695,8.030591,8.02842057,398528,14671547.0,0.354343,0.03
2004-12-01,贵州茅台,600519,8.14128293,8.14128293,7.9871824,8.02842057,8.04144315,78490,2900938.0,0.069788,-0.16
2004-11-30,贵州茅台,600519,8.10221519,8.247634,8.030591,8.04144315,8.26716787,161830,6026605.0,0.143888,-2.73
2004-11-29,贵州茅台,600519,8.17166895,8.36917808,8.1608168,8.26716787,8.16298723,544253,20728652.0,0.483912,1.28
2004-11-26,贵州茅台,600519,8.16515766,8.23895228,8.0957039,8.16298723,8.16732809,197401,7411584.0,0.175515,-0.05
2004-11-25,贵州茅台,600519,7.90253563,8.26499744,7.90253563,8.16732809,7.93292165,592414,22286271.0,0.526733,2.95
2004-11-24,贵州茅台,600519,7.98501197,8.0739996,7.9220695,7.93292165,8.00237541,429206,15819097.0,0.38162,-0.87
2004-11-23,贵州茅台,600519,8.08485175,8.15864637,7.9871824,8.00237541,8.1174082,615590,22797433.0,0.54734,-1.42
2004-11-22,贵州茅台,600519,8.20639583,8.2259297,8.0522953,8.1174082,8.22810013,642908,24094050.0,0.571629,-1.35
2004-11-19,贵州茅台,600519,8.24980443,8.24980443,8.1825211,8.22810013,8.24329314,319634,12098840.0,0.284196,-0.18
2004-11-18,贵州茅台,600519,8.24329314,8.30189475,8.14996465,8.24329314,8.247634,262416,9967008.0,0.233322,-0.05
2004-11-17,贵州茅台,600519,8.247634,8.29321303,8.1825211,8.247634,8.247634,803272,30415917.0,0.714213,0.0
2004-11-16,贵州茅台,600519,8.3561555,8.41258668,8.247634,8.247634,8.41258668,329847,12563653.0,0.293277,-1.96
2004-11-15,贵州茅台,600519,8.35832593,8.4212684,8.1608168,8.41258668,8.3561555,894776,34292416.0,0.795572,0.68
2004-11-12,贵州茅台,600519,8.39522324,8.4863813,8.30623561,8.3561555,8.4212684,566794,21837428.0,0.503954,-0.77
2004-11-11,贵州茅台,600519,8.5514942,8.6383114,8.4212684,8.4212684,8.56234635,833013,32780357.0,0.740657,-1.65
2004-11-10,贵州茅台,600519,8.247634,8.64482269,8.247634,8.56234635,8.31057647,1128862,44436007.0,1.003705,3.03
2004-11-09,贵州茅台,600519,8.0957039,8.3127469,8.01973885,8.31057647,8.02407971,731479,27801916.0,0.65038,3.57
2004-11-08,贵州茅台,600519,7.9220695,8.030591,7.81788886,8.02407971,7.92641036,358553,13062547.0,0.3188,1.23
2004-11-05,贵州茅台,600519,8.25848615,8.25848615,7.81137757,7.92641036,8.31491733,2599409,95080945.0,2.311212,-4.67
2004-11-04,贵州茅台,600519,8.3778598,8.464677,8.28236088,8.31491733,8.44948399,678567,26198028.0,0.603334,-1.59
2004-11-03,贵州茅台,600519,8.464677,8.5080856,8.3344512,8.44948399,8.48421087,761586,29484721.0,0.677149,-0.41
2004-11-02,贵州茅台,600519,8.464677,8.4863813,8.2693383,8.48421087,8.54715334,335602,12926156.0,0.298394,-0.74
2004-11-01,贵州茅台,600519,8.37351894,8.58839151,8.36049636,8.54715334,8.45599528,367318,14302880.0,0.326593,1.08
2004-10-29,贵州茅台,600519,8.24980443,8.5297899,8.24980443,8.45599528,8.464677,1436314,55678746.0,1.27707,-0.1
2004-10-28,贵州茅台,600519,8.4863813,8.60792538,8.38220066,8.464677,8.5514942,933820,36495905.0,0.830287,-1.02
2004-10-27,贵州茅台,600519,8.64699312,8.8119458,8.53413076,8.5514942,8.6383114,1187804,47630068.0,1.056112,-1.01
2004-10-26,贵州茅台,600519,8.50374474,8.65567484,8.3995641,8.6383114,8.56451678,497347,19618432.0,0.442206,0.86
2004-10-25,贵州茅台,600519,8.5731985,8.7468329,8.49072216,8.56451678,8.49723345,1560178,61900269.0,1.387201,0.79
2004-10-22,贵州茅台,600519,8.03710229,8.55366463,8.030591,8.49723345,8.04578401,1816145,70151234.0,1.614789,5.61
2004-10-21,贵州茅台,600519,7.93292165,8.1391125,7.7701394,8.04578401,7.96113724,599603,22003540.0,0.533125,1.06
2004-10-20,贵州茅台,600519,7.813548,8.14128293,7.77230983,7.96113724,7.80920714,1593384,58326643.0,1.416725,1.95
2004-10-19,贵州茅台,600519,7.5530964,7.8569566,7.5313921,7.80920714,7.56611898,1058364,37755969.0,0.941023,3.21
2004-10-18,贵州茅台,600519,7.65944747,7.66595876,7.52053995,7.56611898,7.67247005,233687,8190572.0,0.207778,-1.39
2004-10-15,贵州茅台,600519,7.596505,7.813548,7.52271038,7.67247005,7.67681091,512154,18189199.0,0.455371,-0.06
2004-10-14,贵州茅台,600519,7.7484351,8.00454584,7.63557274,7.67681091,7.74626467,647914,23199283.0,0.57608,-0.9
2004-10-13,贵州茅台,600519,7.75494639,7.80269585,7.62037973,7.74626467,7.82005929,664517,23571291.0,0.590842,-0.94
2004-10-12,贵州茅台,600519,8.0088867,8.0088867,7.7267308,7.82005929,8.06748831,745222,26810800.0,0.662599,-3.07
2004-10-11,贵州茅台,600519,7.93292165,8.27367916,7.93292165,8.06748831,7.92423993,1019776,38270567.0,0.906713,1.81
2004-10-08,贵州茅台,600519,7.70285607,7.93292165,7.59867543,7.92423993,7.80703671,966784,34809243.0,0.859597,1.5
2004-09-30,贵州茅台,600519,7.7050265,7.83091144,7.49883565,7.80703671,7.71370822,736647,26230672.0,0.654975,1.21
2004-09-29,贵州茅台,600519,7.7701394,7.85261574,7.6833222,7.71370822,7.7701394,1362842,48864987.0,1.211744,-0.73
2004-09-28,贵州茅台,600519,7.57263027,7.80703671,7.5530964,7.7701394,7.58131199,674055,23948625.0,0.599322,2.49
2004-09-27,贵州茅台,600519,7.58565285,7.80920714,7.4879835,7.58131199,7.48581307,606663,21339456.0,0.539402,1.28
2004-09-24,贵州茅台,600519,7.2926448,7.78967327,7.2926448,7.48581307,7.25357706,3098137,108295826.0,2.754646,3.2
2004-09-23,贵州茅台,600519,6.96925073,7.27528136,6.96925073,7.25357706,6.98010288,1766748,58219692.0,1.570869,3.92
2004-09-22,贵州茅台,600519,6.95188729,7.05172707,6.95188729,6.98010288,7.0104889,434812,13965168.0,0.386604,-0.43
2004-09-21,贵州茅台,600519,6.96490987,7.15807814,6.96490987,7.0104889,7.09513567,837413,27222818.0,0.744569,-1.19
2004-09-20,贵州茅台,600519,7.06474965,7.162419,6.99095503,7.09513567,7.0104889,1202166,39168091.0,1.068882,1.21
2004-09-17,贵州茅台,600519,6.89545611,7.03436363,6.75220773,7.0104889,6.86507009,1319689,42076514.0,1.173375,2.12
2004-09-16,贵州茅台,600519,6.7500373,6.945376,6.728333,6.86507009,6.76088945,1147161,36213781.0,1.019975,1.54
2004-09-15,贵州茅台,600519,6.46354054,6.76957117,6.42881366,6.76088945,6.47656312,1140958,35117697.0,1.01446,4.39
2004-09-14,贵州茅台,600519,6.3810642,6.51129,6.294247,6.47656312,6.3810642,612594,18071359.0,0.544676,1.5
2004-09-13,贵州茅台,600519,6.44183624,6.44183624,6.294247,6.3810642,6.44183624,324288,9459180.0,0.288334,-0.94
2004-09-10,贵州茅台,600519,6.4244728,6.4678814,6.3593599,6.44183624,6.43749538,220635,6519369.0,0.196173,0.07
2004-09-09,贵州茅台,600519,6.41362065,6.51129,6.37021205,6.43749538,6.41145022,1020881,30324405.0,0.907696,0.41
2004-09-08,贵州茅台,600519,6.30944001,6.4244728,6.29858786,6.41145022,6.294247,469634,13766558.0,0.417566,1.86
2004-09-07,贵州茅台,600519,6.28773571,6.32029216,6.2508384,6.294247,6.23130453,263540,7621058.0,0.234321,1.01
2004-09-06,贵州茅台,600519,6.14882819,6.2508384,6.14882819,6.23130453,6.22262281,232713,6677838.0,0.206912,0.14
2004-09-03,贵州茅台,600519,6.1857255,6.23130453,6.0989083,6.22262281,6.22696367,272964,7734124.0,0.2427,-0.07
2004-09-02,贵州茅台,600519,6.17921421,6.2291341,6.05767013,6.22696367,6.21177066,439983,12428743.0,0.391202,0.24
2004-09-01,贵州茅台,600519,6.30509915,6.30509915,6.2074298,6.21177066,6.33114431,379803,10907461.0,0.337694,-1.89
2004-08-31,贵州茅台,600519,6.35718947,6.4895857,6.2725427,6.33114431,6.28773571,241383,7032456.0,0.214621,0.69
2004-08-30,贵州茅台,600519,6.3376556,6.37889377,6.2508384,6.28773571,6.39408678,349173,10126801.0,0.31046,-1.66
2004-08-27,贵州茅台,600519,6.40059807,6.43532495,6.3593599,6.39408678,6.40927979,132490,3898855.0,0.117801,-0.24
2004-08-26,贵州茅台,600519,6.3376556,6.4244728,6.3376556,6.40927979,6.39408678,216110,6353347.0,0.19215,0.24
2004-08-25,贵州茅台,600519,6.4027685,6.40493893,6.3159513,6.39408678,6.37021205,163089,4768554.0,0.145007,0.37
2004-08-24,贵州茅台,600519,6.294247,6.3810642,6.294247,6.37021205,6.33982603,285989,8339871.0,0.254281,0.48
2004-08-23,贵州茅台,600519,6.4678814,6.4678814,6.32680345,6.33982603,6.50043785,573309,16839797.0,0.509746,-2.47
2004-08-20,贵州茅台,600519,6.49392656,6.5546986,6.4678814,6.50043785,6.49392656,563068,16868762.0,0.500641,0.1
2004-08-19,贵州茅台,600519,6.51129,6.5546986,6.47005183,6.49392656,6.53733516,588962,17653366.0,0.523664,-0.66
2004-08-18,贵州茅台,600519,6.5546986,6.57857333,6.4895857,6.53733516,6.51129,551093,16624721.0,0.489993,0.4
2004-08-17,贵州茅台,600519,6.47005183,6.5329943,6.41796151,6.51129,6.48090398,197053,5905094.0,0.175206,0.47
2004-08-16,贵州茅台,600519,6.48524484,6.53516473,6.47873355,6.48090398,6.53516473,178329,5336450.0,0.158558,-0.83
2004-08-13,贵州茅台,600519,6.48741527,6.55035774,6.4461771,6.53516473,6.53082387,371948,11134747.0,0.33071,0.07
2004-08-12,贵州茅台,600519,6.40710936,6.5329943,6.40710936,6.53082387,6.50043785,281838,8383159.0,0.250591,0.47
2004-08-11,贵州茅台,600519,6.51129,6.5329943,6.4678814,6.50043785,6.54601688,104278,3119880.0,0.092717,-0.7
2004-08-10,贵州茅台,600519,6.44834753,6.5546986,6.43532495,6.54601688,6.50043785,260996,7820329.0,0.232059,0.7
2004-08-09,贵州茅台,600519,6.40493893,6.50260828,6.40493893,6.50043785,6.46571097,245738,7317440.0,0.218493,0.54
2004-08-06,贵州茅台,600519,6.3810642,6.4895857,6.31812173,6.46571097,6.41362065,265717,7857159.0,0.236257,0.81
2004-08-05,贵州茅台,600519,6.4678814,6.4678814,6.3593599,6.41362065,6.48741527,216903,6399271.0,0.192855,-1.14
2004-08-04,贵州茅台,600519,6.33331474,6.51129,6.32029216,6.48741527,6.37889377,474149,13978388.0,0.42158,1.7
2004-08-03,贵州茅台,600519,6.4027685,6.50043785,6.36153033,6.37889377,6.45702925,776010,22860312.0,0.689974,-1.21
2004-08-02,贵州茅台,600519,6.52214215,6.5764029,6.4027685,6.45702925,6.52648301,732758,21734520.0,0.651517,-1.06
2004-07-30,贵州茅台,600519,6.4027685,6.58942548,6.4027685,6.52648301,6.43098409,249072,7475971.0,0.221457,1.48
2004-07-29,贵州茅台,600519,6.3593599,6.44183624,6.30075829,6.43098409,6.39842764,341364,10010293.0,0.303517,0.51
2004-07-28,贵州茅台,600519,6.65453838,6.65453838,6.25517926,6.39842764,6.47222226,884660,25861812.0,0.786578,-1.14
2004-07-27,贵州茅台,600519,6.7066287,6.7066287,6.46137011,6.47222226,6.68926526,1111274,33370357.0,0.988067,-3.24
2004-07-26,贵州茅台,600519,6.8585588,6.8585588,6.57206204,6.68926526,6.82817278,661689,20362836.0,0.588328,-2.03
2004-07-23,贵州茅台,600519,6.6198115,6.8368545,6.5981072,6.82817278,6.67841311,1055181,32608304.0,0.938193,2.24
2004-07-22,贵州茅台,600519,6.6849244,6.91498998,6.6415158,6.67841311,6.69577655,2793623,87061727.0,2.483894,-0.26
2004-07-21,贵州茅台,600519,6.6198115,6.7066287,6.55035774,6.69577655,6.6198115,753375,23041353.0,0.669848,1.15
2004-07-20,贵州茅台,600519,6.60895935,6.63066365,6.51563086,6.6198115,6.63066365,786877,23908753.0,0.699636,-0.16
2004-07-19,贵州茅台,600519,6.63934537,6.68275397,6.49609699,6.63066365,6.63717494,850801,25718864.0,0.756473,-0.1
2004-07-16,贵州茅台,600519,6.64585666,6.69577655,6.51129,6.63717494,6.64368623,587664,17947709.0,0.52251,-0.1
2004-07-15,贵州茅台,600519,6.41579108,6.65453838,6.41579108,6.64368623,6.41579108,2818618,85455066.0,2.506118,3.55
2004-07-14,贵州茅台,600519,6.37672334,6.42013194,6.294247,6.41579108,6.38757549,447865,13176396.0,0.39821,0.44
2004-07-13,贵州茅台,600519,6.1857255,6.4027685,6.1857255,6.38757549,6.22045238,641932,18772253.0,0.570761,2.69
2004-07-12,贵州茅台,600519,6.1857255,6.26386098,6.0989083,6.22045238,6.1857255,432808,12351574.0,0.384823,0.56
2004-07-09,贵州茅台,600519,6.17053249,6.26820184,6.17053249,6.1857255,6.20525937,163563,4678105.0,0.145429,-0.31
2004-07-08,贵州茅台,600519,6.28339485,6.294247,6.18789593,6.20525937,6.25734969,235799,6779704.0,0.209656,-0.83
2004-07-07,贵州茅台,600519,6.11627174,6.29858786,6.0120911,6.25734969,6.12495346,1324498,38002932.0,1.177651,2.16
2004-07-06,贵州茅台,600519,6.18138464,6.37672334,6.1206126,6.12495346,6.14882819,1635940,47067614.0,1.454563,-0.39
2004-07-05,贵州茅台,600519,5.860161,6.15968034,5.860161,6.14882819,5.91659218,520229,14545862.0,0.462551,3.93
2004-07-02,贵州茅台,600519,5.8167524,5.9252739,5.72559434,5.91659218,5.80155939,287337,7731847.0,0.25548,1.98
2004-07-01,贵州茅台,600519,5.43041586,5.8167524,5.42824543,5.80155939,5.60187983,278162,7361258.0,0.247322,3.56
2004-06-30,贵州茅台,600519,5.64158819,5.65813729,5.461203,5.60187035,5.64158819,410281,13952503.0,0.474231,-0.7
2004-06-29,贵州茅台,600519,5.64655292,5.66806675,5.5935958,5.64158819,5.64655292,689080,23479163.0,0.796486,-0.09
2004-06-28,贵州茅台,600519,5.5439485,5.6928904,5.5439485,5.64655292,5.5935958,308020,10476223.0,0.356031,0.95
2004-06-25,贵州茅台,600519,5.53236413,5.7425377,5.47444228,5.5935958,5.49926593,369681,12619117.0,0.427303,1.72
2004-06-24,贵州茅台,600519,5.49761102,5.59194089,5.49099138,5.49926593,5.49761102,124164,4133360.0,0.143517,0.03
2004-06-23,贵州茅台,600519,5.61841945,5.61841945,5.461203,5.49761102,5.626694,59593,1987467.0,0.068882,-2.29
2004-06-22,贵州茅台,600519,5.5604976,5.626694,5.5439485,5.626694,5.5439485,125447,4238393.0,0.145,1.49
2004-06-21,贵州茅台,600519,5.42975971,5.55718778,5.41321061,5.5439485,5.51250521,103422,3441885.0,0.119542,0.57
2004-06-18,贵州茅台,600519,5.461203,5.5273994,5.3288102,5.51250521,5.48271683,1167068,38053133.0,1.348978,0.54
2004-06-17,贵州茅台,600519,5.69951004,5.69951004,5.43141462,5.48271683,5.69951004,1481615,49602583.0,1.712553,-3.8
2004-06-16,贵州茅台,600519,5.5439485,5.73260824,5.5108503,5.69951004,5.55387796,662343,22482333.0,0.765582,2.62
2004-06-15,贵州茅台,600519,5.51581503,5.57373688,5.3619084,5.55387796,5.5273994,2148447,70392158.0,2.483323,0.48
2004-06-14,贵州茅台,600519,5.6763413,5.68627076,5.4943012,5.5273994,5.71109441,1193222,40393296.0,1.379208,-3.22
2004-06-11,贵州茅台,600519,5.63662346,5.8087341,5.63662346,5.71109441,5.6763413,923677,31913342.0,1.06765,0.61
2004-06-10,贵州茅台,600519,5.957676,6.0073233,5.63496855,5.6763413,5.95602109,2441416,84607735.0,2.821957,-4.7
2004-06-09,贵州茅台,600519,5.95933091,6.02056258,5.9245778,5.95602109,6.00897821,472471,17036585.0,0.546115,-0.88
2004-06-08,贵州茅台,600519,5.95933091,6.03545677,5.9411269,6.00897821,6.01725276,335716,12115216.0,0.388044,-0.14
2004-06-07,贵州茅台,600519,5.96264073,6.03711168,5.94940145,6.01725276,6.00401348,245352,8856253.0,0.283595,0.22
2004-06-04,贵州茅台,600519,5.99242911,6.10330808,5.97257019,6.00401348,6.0900688,207044,7529168.0,0.239316,-1.41
2004-06-03,贵州茅台,600519,6.1066179,6.16784957,6.0404215,6.0900688,6.09668844,78244,2869881.0,0.09044,-0.11
2004-06-02,贵州茅台,600519,6.1893634,6.1893634,6.0900688,6.09668844,6.1893634,238130,8832775.0,0.275247,-1.5
2004-06-01,贵州茅台,600519,6.10330808,6.19763795,6.10165317,6.1893634,6.10330808,363771,13507855.0,0.420472,1.41
2004-05-31,贵州茅台,600519,6.10330808,6.10330808,6.10330808,6.10330808,6.10330808,0,0.0,,0.0
2004-05-28,贵州茅台,600519,6.0238724,6.11820227,6.0073233,6.10330808,6.0404215,195159,7168549.0,0.225578,1.04
2004-05-27,贵州茅台,600519,6.0569706,6.11985718,5.957676,6.0404215,5.96429564,375869,13778597.0,0.434455,1.28
2004-05-26,贵州茅台,600519,5.93450726,5.98084474,5.89478942,5.96429564,5.93285235,277641,10011880.0,0.320917,0.53
2004-05-25,贵州茅台,600519,5.94609163,6.0404215,5.9245778,5.93285235,5.957676,514661,18589609.0,0.594881,-0.42
2004-05-24,贵州茅台,600519,6.01725276,6.0404215,5.94940145,5.957676,6.0238724,156303,5641346.0,0.180666,-1.1
2004-05-21,贵州茅台,600519,6.03711168,6.0735197,5.92623271,6.0238724,6.03711168,129100,4704499.0,0.149223,-0.22
2004-05-20,贵州茅台,600519,6.0238724,6.06690006,5.98415456,6.03711168,6.05531569,249530,9068633.0,0.288424,-0.3
2004-05-19,贵州茅台,600519,6.0404215,6.1397161,5.96595055,6.05531569,5.99242911,480010,17709875.0,0.554829,1.05
2004-05-18,贵州茅台,600519,6.08179425,6.1562652,5.792185,5.99242911,6.07682952,1938338,70073744.0,2.240465,-1.39
2004-05-17,贵州茅台,600519,6.16784957,6.16784957,6.01063312,6.07682952,6.19763795,338903,12486993.0,0.391727,-1.95
2004-05-14,贵州茅台,600519,6.26879908,6.28700309,6.0900688,6.19763795,6.25390489,602882,22432732.0,0.696853,-0.9
2004-05-13,贵州茅台,600519,6.0404215,6.2555598,6.0404215,6.25390489,6.09172371,1472022,55043074.0,1.701464,2.66
2004-05-12,贵州茅台,600519,5.96098582,6.09834335,5.95933091,6.09172371,5.96429564,868446,31635698.0,1.00381,2.14
2004-05-11,贵州茅台,600519,5.91630325,6.0900688,5.91630325,5.96429564,5.99573893,673423,24441916.0,0.778389,-0.52
2004-05-10,贵州茅台,600519,6.1728143,6.1893634,5.88816978,5.99573893,6.19432813,800364,28883861.0,0.925116,-3.21
2004-04-30,贵州茅台,600519,6.00566839,6.2059125,5.95933091,6.19432813,6.06690006,1296166,47858161.0,1.498198,2.1
2004-04-29,贵州茅台,600519,6.36809368,6.4210508,5.8749305,6.06690006,6.21418705,1738326,62795124.0,2.009277,-2.37
2004-04-28,贵州茅台,600519,6.2721089,6.2721089,6.1397161,6.21418705,6.27376381,559678,21005617.0,0.646914,-0.95
2004-04-27,贵州茅台,600519,6.16453975,6.454149,6.16453975,6.27376381,6.15957502,2059748,78913119.0,2.380799,1.85
2004-04-26,贵州茅台,600519,6.04704114,6.18439867,6.0238724,6.15957502,6.08510407,660339,24414409.0,0.763265,1.22
2004-04-23,贵州茅台,600519,6.0238724,6.08675898,5.9907742,6.08510407,6.0569706,806507,29417711.0,0.932216,0.46
2004-04-22,贵州茅台,600519,6.0404215,6.0900688,5.9907742,6.0569706,6.06193533,825244,30019962.0,0.953874,-0.08
2004-04-21,贵州茅台,600519,6.18770849,6.2059125,5.9907742,6.06193533,6.1562652,399419,14703155.0,0.461676,-1.53
2004-04-20,贵州茅台,600519,6.0900688,6.20260268,6.00897821,6.1562652,6.09834335,770592,28305520.0,0.890703,0.95
2004-04-19,贵州茅台,600519,6.288658,6.288658,6.0900688,6.09834335,6.28700309,589701,22127813.0,0.681617,-3.0
2004-04-16,贵州茅台,600519,6.25886962,6.36809368,6.1893634,6.28700309,6.28203836,449778,17042489.0,0.519884,0.08
2004-04-15,贵州茅台,600519,6.288658,6.3879526,6.2555598,6.28203836,6.31348165,595863,22690028.0,0.68874,-0.5
2004-04-14,贵州茅台,600519,6.42932535,6.45249409,6.2224616,6.31348165,6.47897265,1554383,59198319.0,1.796663,-2.55
2004-04-13,贵州茅台,600519,6.4375999,6.5203454,6.3879526,6.47897265,6.41443116,1552441,60506087.0,1.794418,1.01
2004-04-12,贵州茅台,600519,6.4375999,6.5368945,6.3383053,6.41443116,6.4872472,1027224,39974344.0,1.187336,-1.12
2004-04-09,贵州茅台,600519,6.69411095,6.69411095,6.48393738,6.4872472,6.69907568,3432280,135738045.0,3.967266,-3.16
2004-04-08,贵州茅台,600519,6.4375999,6.70569532,6.40781152,6.69907568,6.43263517,1591324,63361314.0,1.839362,4.14
2004-04-07,贵州茅台,600519,6.16619466,6.46242355,6.16619466,6.43263517,6.16122993,1869220,72038041.0,2.160573,4.41
2004-04-06,贵州茅台,600519,6.1893634,6.1893634,6.1066179,6.16122993,6.16453975,713567,26461490.0,0.82479,-0.05
2004-04-05,贵州茅台,600519,6.0073233,6.1893634,6.0073233,6.16453975,6.00566839,1863134,68785082.0,2.153539,2.65
2004-04-02,贵州茅台,600519,5.85010685,6.0404215,5.85010685,6.00566839,5.85672649,1881821,67825517.0,2.175138,2.54
2004-04-01,贵州茅台,600519,5.75743189,5.8749305,5.75743189,5.85672649,5.79880464,850421,29966660.0,0.982975,1.0
2004-03-31,贵州茅台,600519,5.7425377,5.8252832,5.72267878,5.79880464,5.74750243,731013,25543352.0,0.844955,0.89
2004-03-30,贵州茅台,600519,5.6597922,5.7590868,5.63496855,5.74750243,5.67303148,587654,20288601.0,0.679251,1.31
2004-03-29,贵州茅台,600519,5.74750243,5.88320505,5.6597922,5.67303148,5.74750243,1128175,39480878.0,1.304022,-1.3
2004-03-26,贵州茅台,600519,5.7094395,5.77067117,5.48602665,5.74750243,5.63662346,1741546,59748602.0,2.012999,1.97
2004-03-25,贵州茅台,600519,5.76736135,5.8252832,5.6101449,5.63662346,5.80045955,1493138,51190803.0,1.725872,-2.82
2004-03-24,贵州茅台,600519,5.5770467,5.8252832,5.55718778,5.80045955,5.59525071,1329574,46222270.0,1.536813,3.67
2004-03-23,贵州茅台,600519,5.68130603,5.7094395,5.55056814,5.59525071,5.71274932,1390974,47091718.0,1.607784,-2.06
2004-03-22,贵州茅台,600519,5.792185,5.82197338,5.7094395,5.71274932,5.77067117,1020625,35526463.0,1.179709,-1.0
2004-03-19,贵州茅台,600519,5.77729081,5.84514212,5.7259886,5.77067117,5.78722027,1474395,51625581.0,1.704207,-0.29
2004-03-18,贵州茅台,600519,5.77729081,5.8418323,5.7425377,5.78722027,5.77729081,1570380,55053859.0,1.815153,0.17
2004-03-17,贵州茅台,600519,5.7590868,5.83355775,5.67799621,5.77729081,5.77729081,1341120,46683001.0,1.550159,0.0
2004-03-16,贵州茅台,600519,5.53070922,5.86500104,5.47940701,5.77729081,5.53070922,3095761,106413222.0,3.578294,4.46
2004-03-15,贵州茅台,600519,5.40328115,5.5439485,5.3619084,5.53070922,5.4115557,1898572,62741210.0,2.1945,2.2
2004-03-12,贵州茅台,600519,5.29405709,5.5108503,5.22124105,5.4115557,5.11201699,3785209,123629708.0,4.375205,5.86
2004-03-11,贵州茅台,600519,4.96473,5.1136719,4.96473,5.11201699,5.02099694,696695,21204913.0,0.805288,1.81
2004-03-10,贵州茅台,600519,4.91839252,5.0309264,4.91839252,5.02099694,4.9481809,311677,9368573.0,0.360258,1.47
2004-03-09,贵州茅台,600519,4.9812791,5.0143773,4.92335725,4.9481809,4.97962419,449214,13474582.0,0.519233,-0.63
2004-03-08,贵州茅台,600519,5.0640246,5.130221,4.9150827,4.97962419,5.06733442,632755,19124563.0,0.731382,-1.73
2004-03-05,贵州茅台,600519,5.0640246,5.1633192,5.0143773,5.06733442,5.05078532,411731,12628392.0,0.475907,0.33
2004-03-04,贵州茅台,600519,5.06071478,5.0971228,5.00775766,5.05078532,5.07891879,571829,17429571.0,0.660959,-0.55
2004-03-03,贵州茅台,600519,5.16000938,5.2295156,5.02927149,5.07891879,5.15173483,2466123,76280342.0,2.850515,-1.41
2004-03-02,贵州茅台,600519,4.6668462,5.19310758,4.6668462,5.15173483,4.72145823,2518762,75299463.0,2.911359,9.11
2004-03-01,贵州茅台,600519,4.69166985,4.72973278,4.63540291,4.72145823,4.6999444,293833,8324629.0,0.339632,0.46
2004-02-27,贵州茅台,600519,4.68008548,4.70325422,4.59237525,4.6999444,4.67512075,443137,12479813.0,0.512208,0.53
2004-02-26,贵州茅台,600519,4.5344534,4.68008548,4.5013552,4.67512075,4.52121412,1031348,28613246.0,1.192103,3.4
2004-02-25,贵州茅台,600519,4.67512075,4.75786625,4.5179043,4.52121412,4.67181093,559568,15651947.0,0.646787,-3.22
2004-02-24,贵州茅台,600519,4.61388908,4.69828949,4.56093196,4.67181093,4.633748,824540,22993324.0,0.95306,0.82
2004-02-23,贵州茅台,600519,4.79096445,4.79592918,4.62050872,4.633748,4.75455643,423426,11943403.0,0.489425,-2.54
2004-02-20,贵州茅台,600519,4.73469751,4.77938008,4.70325422,4.75455643,4.7661408,325602,9294561.0,0.376353,-0.24
2004-02-19,贵州茅台,600519,4.8157881,4.82406265,4.74628188,4.7661408,4.81413319,615535,17792327.0,0.711478,-1.0
2004-02-18,贵州茅台,600519,4.72311314,4.87370995,4.67346584,4.81413319,4.72311314,970385,28085541.0,1.121638,1.93
2004-02-17,贵州茅台,600519,4.75786625,4.75786625,4.71814841,4.72311314,4.74131715,723631,20708523.0,0.836423,-0.38
2004-02-16,贵州茅台,600519,4.61554399,4.7495917,4.61554399,4.74131715,4.61554399,408151,11599148.0,0.471769,2.72
2004-02-13,贵州茅台,600519,4.5841007,4.6502971,4.56093196,4.61554399,4.57417124,253139,7068284.0,0.292596,0.9
2004-02-12,贵州茅台,600519,4.58244579,4.6668462,4.5510025,4.57417124,4.57086142,223103,6196653.0,0.257878,0.07
2004-02-11,贵州茅台,600519,4.633748,4.633748,4.5344534,4.57086142,4.59568507,448803,12391205.0,0.518757,-0.54
2004-02-10,贵州茅台,600519,4.66353638,4.68174039,4.58741052,4.59568507,4.65691674,289139,8054689.0,0.334207,-1.31
2004-02-09,贵州茅台,600519,4.61388908,4.69828949,4.58079088,4.65691674,4.60561453,577836,16136748.0,0.667903,1.11
2004-02-06,贵州茅台,600519,4.633748,4.7330426,4.57748106,4.60561453,4.66519129,1292587,36392591.0,1.494061,-1.28
2004-02-05,贵州茅台,600519,4.77938008,4.79758409,4.6502971,4.66519129,4.79758409,925663,26274156.0,1.069945,-2.76
2004-02-04,贵州茅台,600519,4.799239,4.82406265,4.7661408,4.79758409,4.799239,864639,25042786.0,0.999409,-0.03
2004-02-03,贵州茅台,600519,4.799239,4.82571756,4.75290152,4.799239,4.78599972,812768,23508437.0,0.939453,0.28
2004-02-02,贵州茅台,600519,4.7164935,4.85716085,4.6833953,4.78599972,4.65360692,3130494,90694934.0,3.618441,2.84
2004-01-30,贵州茅台,600519,4.78930954,4.80751355,4.6502971,4.65360692,4.79261936,778523,22429306.0,0.899871,-2.9
2004-01-29,贵州茅台,600519,4.633748,4.80254882,4.633748,4.79261936,4.71483859,535372,15425466.0,0.61882,1.65
2004-01-16,贵州茅台,600519,4.65360692,4.77441535,4.633748,4.71483859,4.68008548,740755,21179706.0,0.856216,0.74
2004-01-15,贵州茅台,600519,4.7164935,4.78434481,4.63540291,4.68008548,4.77772517,1017093,29112473.0,1.175626,-2.04
2004-01-14,贵州茅台,600519,4.5675516,4.82406265,4.52948867,4.77772517,4.5675516,2509574,71681040.0,2.900739,4.6
2004-01-13,贵州茅台,600519,4.4351588,4.58079088,4.4351588,4.5675516,4.39047623,1342121,36807002.0,1.551316,4.03
2004-01-12,贵州茅台,600519,4.302766,4.4020606,4.27463253,4.39047623,4.33751911,649072,16933810.0,0.750242,1.22
2004-01-09,贵州茅台,600519,4.5510025,4.5510025,4.31104055,4.33751911,4.53776322,882159,23829502.0,1.01966,-4.41
2004-01-08,贵州茅台,600519,4.468257,4.54769268,4.44839808,4.53776322,4.45998245,860742,23401787.0,0.994905,1.74
2004-01-07,贵州茅台,600519,4.44674317,4.49804538,4.35737803,4.45998245,4.46163736,1133619,30614269.0,1.310315,-0.04
2004-01-06,贵州茅台,600519,4.3855115,4.49804538,4.3855115,4.46163736,4.3689624,946736,25293426.0,1.094303,2.12
2004-01-05,贵州茅台,600519,4.1538241,4.37723695,4.1538241,4.3689624,4.16871829,853975,22096848.0,0.987083,4.8
2004-01-02,贵州茅台,600519,4.13892991,4.21671068,4.137275,4.16871829,4.2034714,651376,16401867.0,0.752905,-0.83
2003-12-31,贵州茅台,600519,4.2200205,4.2200205,4.17533793,4.2034714,4.2200205,551077,13951355.0,0.636973,-0.39
2003-12-30,贵州茅台,600519,4.16706338,4.24980888,4.10583171,4.2200205,4.18361248,413823,10461733.0,0.478325,0.87
2003-12-29,贵州茅台,600519,4.18361248,4.18361248,4.18361248,4.18361248,4.18361248,0,0.0,,0.0
2003-12-26,贵州茅台,600519,4.137275,4.21174595,4.1207259,4.18361248,4.14554955,515311,12938394.0,0.595632,0.92
2003-12-25,贵州茅台,600519,4.17368302,4.1869223,4.13892991,4.14554955,4.17368302,743141,18686453.0,0.858974,-0.67
2003-12-24,贵州茅台,600519,4.08431788,4.18195757,4.05783932,4.17368302,4.07604333,704315,17578282.0,0.814096,2.4
2003-12-23,贵州茅台,600519,4.04625495,4.11410626,4.01481166,4.07604333,4.04625495,1033364,25513368.0,1.194433,0.74
2003-12-22,贵州茅台,600519,3.971784,4.05121968,3.9221367,4.04625495,3.971784,625396,15017997.0,0.722876,1.87
2003-12-19,贵州茅台,600519,4.01646657,4.01646657,3.94034071,3.971784,4.00819202,582724,14005567.0,0.673553,-0.91
2003-12-18,贵州茅台,600519,3.971784,4.01646657,3.9386858,4.00819202,3.97509382,570803,13788180.0,0.659773,0.83
2003-12-17,贵州茅台,600519,3.90227778,4.0214313,3.90227778,3.97509382,3.89565814,828265,19926940.0,0.957366,2.04
2003-12-16,贵州茅台,600519,3.90393269,3.9221367,3.8393912,3.89565814,3.9055876,333216,7816685.0,0.385154,-0.25
2003-12-15,贵州茅台,600519,3.89234832,3.92048179,3.87579922,3.9055876,3.89234832,186242,4392702.0,0.215271,0.34
2003-12-12,贵州茅台,600519,3.89400323,3.90393269,3.88241886,3.89234832,3.89400323,193225,4539656.0,0.223343,-0.04
2003-12-11,贵州茅台,600519,3.93041125,3.94530544,3.89069341,3.89400323,3.92544652,464016,10986759.0,0.536342,-0.8
2003-12-10,贵州茅台,600519,3.93537598,3.93537598,3.89234832,3.92544652,3.89731305,536001,12660246.0,0.619547,0.72
2003-12-09,贵州茅台,600519,3.91882688,3.93206616,3.88076395,3.89731305,3.92048179,379646,8935849.0,0.438821,-0.59
2003-12-08,贵州茅台,600519,3.9552349,3.95688981,3.90227778,3.92048179,3.95027017,353292,8392000.0,0.408359,-0.75
2003-12-05,贵州茅台,600519,3.8724894,3.9552349,3.85759521,3.95027017,3.87579922,2033561,48018185.0,2.35053,1.92
2003-12-04,贵州茅台,600519,3.89896796,3.91882688,3.85759521,3.87579922,3.89234832,816032,19152457.0,0.943226,-0.43
2003-12-03,贵州茅台,600519,3.84766575,3.9386858,3.83608138,3.89234832,3.83608138,1357229,31788191.0,1.568779,1.47
2003-12-02,贵州茅台,600519,3.83773629,3.84932066,3.806293,3.83608138,3.80794791,694387,16075321.0,0.80262,0.74
2003-12-01,贵州茅台,600519,3.8559403,3.8559403,3.78146935,3.80794791,3.80298318,876473,20159528.0,1.013088,0.13
2003-11-28,贵州茅台,600519,3.82118719,3.82118719,3.78146935,3.80298318,3.81456755,310480,7138329.0,0.358874,-0.3
2003-11-27,贵州茅台,600519,3.82118719,3.88738359,3.79470863,3.81456755,3.8393912,584705,13553445.0,0.675842,-0.65
2003-11-26,贵州茅台,600519,3.806293,3.84766575,3.7897439,3.8393912,3.83773629,340195,7832142.0,0.393221,0.04
2003-11-25,贵州茅台,600519,3.8559403,3.8559403,3.79801845,3.83773629,3.84932066,334901,7752298.0,0.387102,-0.3
2003-11-24,贵州茅台,600519,3.81953228,3.8559403,3.7731948,3.84932066,3.80298318,249784,5751645.0,0.288718,1.22
2003-11-21,贵州茅台,600519,3.86917958,3.8724894,3.79139881,3.80298318,3.81456755,182592,4207140.0,0.211052,-0.3
2003-11-20,贵州茅台,600519,3.78146935,3.83442647,3.7731948,3.81456755,3.79801845,498785,11467710.0,0.57653,0.44
2003-11-19,贵州茅台,600519,3.76492025,3.80463809,3.74175151,3.79801845,3.76492025,314682,7192949.0,0.363731,0.88
2003-11-18,贵州茅台,600519,3.806293,3.806293,3.7566457,3.76492025,3.80132827,244993,5590828.0,0.28318,-0.96
2003-11-17,贵州茅台,600519,3.81953228,3.82615192,3.78643408,3.80132827,3.806293,171102,3937139.0,0.197771,-0.130438
2003-11-14,贵州茅台,600519,3.7731948,3.81953228,3.74837115,3.806293,3.77981444,227357,5200996.0,0.262795,0.7
2003-11-13,贵州茅台,600519,3.80463809,3.82615192,3.7566457,3.77981444,3.806293,210393,4796537.0,0.243187,-0.7
2003-11-12,贵州茅台,600519,3.806293,3.8559403,3.806293,3.806293,3.84766575,296058,6839594.0,0.342204,-1.08
2003-11-11,贵州茅台,600519,3.81456755,3.86421485,3.79801845,3.84766575,3.81456755,260167,6018093.0,0.300719,0.87
2003-11-10,贵州茅台,600519,3.806293,3.83773629,3.76988498,3.81456755,3.79139881,276093,6335394.0,0.319127,0.61
2003-11-07,贵州茅台,600519,3.8559403,3.8724894,3.7566457,3.79139881,3.87745413,749701,17267141.0,0.866556,-2.22
2003-11-06,贵州茅台,600519,3.91717197,3.9221367,3.8559403,3.87745413,3.90227778,627370,14718968.0,0.725157,-0.64
2003-11-05,贵州茅台,600519,3.84601084,3.94696035,3.83111665,3.90227778,3.85925012,1731226,40944023.0,2.00107,1.11
2003-11-04,贵州茅台,600519,3.76657516,3.9055876,3.76492025,3.85925012,3.76492025,1538786,35781199.0,1.778635,2.51
2003-11-03,贵州茅台,600519,3.75333588,3.77650462,3.69541403,3.76492025,3.70534349,487826,11043553.0,0.563863,1.61
2003-10-31,贵州茅台,600519,3.7235475,3.7235475,3.64576673,3.70534349,3.65404128,578462,12895253.0,0.668626,1.4
2003-10-30,贵州茅台,600519,3.6573511,3.6904493,3.60935871,3.65404128,3.63914709,930982,20522203.0,1.076093,0.41
2003-10-29,贵州茅台,600519,3.52992303,3.64411182,3.52992303,3.63914709,3.52992303,708496,15341314.0,0.818929,3.09
2003-10-28,贵州茅台,600519,3.5084092,3.58288015,3.5084092,3.52992303,3.51006411,298328,6367834.0,0.344828,0.57
2003-10-27,贵州茅台,600519,3.55474668,3.5580565,3.49516992,3.51006411,3.5580565,365566,7761245.0,0.422546,-1.35
2003-10-24,贵州茅台,600519,3.5746056,3.58288015,3.5580565,3.5580565,3.58453506,97100,2091740.0,0.112235,-0.74
2003-10-23,贵州茅台,600519,3.60935871,3.6242529,3.58453506,3.58453506,3.60935871,225161,4898910.0,0.260257,-0.69
2003-10-22,贵州茅台,600519,3.54978195,3.62094308,3.54978195,3.60935871,3.5415074,216321,4701448.0,0.250039,1.92
2003-10-21,贵州茅台,600519,3.53985249,3.56633105,3.53488776,3.5415074,3.53488776,66391,1421413.0,0.076739,0.19
2003-10-20,贵州茅台,600519,3.53819758,3.5580565,3.52661321,3.53488776,3.53488776,92842,1986082.0,0.107313,0.0
2003-10-17,贵州茅台,600519,3.55143686,3.55309177,3.5249583,3.53488776,3.55309177,82288,1759531.0,0.095114,-0.51
2003-10-16,贵州茅台,600519,3.58453506,3.59942925,3.53819758,3.55309177,3.58453506,149039,3206207.0,0.17227,-0.88
2003-10-15,贵州茅台,600519,3.59942925,3.61597835,3.57791542,3.58453506,3.58784488,116127,2523298.0,0.134228,-0.09
2003-10-14,贵州茅台,600519,3.57129578,3.59446452,3.54647213,3.58784488,3.58288015,179218,3875773.0,0.207153,0.14
2003-10-13,贵州茅台,600519,3.5746056,3.5911547,3.5415074,3.58288015,3.5746056,161982,3500004.0,0.18723,0.23
2003-10-10,贵州茅台,600519,3.49682483,3.58288015,3.49020519,3.5746056,3.5084092,133710,2869291.0,0.154551,1.89
2003-10-09,贵州茅台,600519,3.5084092,3.5249583,3.49351501,3.5084092,3.51668375,113520,2406369.0,0.131214,-0.24
2003-10-08,贵州茅台,600519,3.49516992,3.52330339,3.475311,3.51668375,3.51502884,85201,1802810.0,0.098481,0.05
2003-09-30,贵州茅台,600519,3.49516992,3.53985249,3.49516992,3.51502884,3.49351501,144327,3068648.0,0.166823,0.62
2003-09-29,贵州茅台,600519,3.4918601,3.50675429,3.48689537,3.49351501,3.51171902,188806,3986232.0,0.218235,-0.52
2003-09-26,贵州茅台,600519,3.50344447,3.5415074,3.47696591,3.51171902,3.5084092,265450,5638160.0,0.306825,0.09
2003-09-25,贵州茅台,600519,3.5084092,3.5084092,3.46703645,3.5084092,3.5084092,213830,4498042.0,0.247159,0.0
2003-09-24,贵州茅台,600519,3.50178956,3.51171902,3.4587619,3.5084092,3.45545208,228521,4821609.0,0.26414,1.53
2003-09-23,贵州茅台,600519,3.4587619,3.475311,3.42731861,3.45545208,3.45545208,95552,1991592.0,0.110446,0.0
2003-09-22,贵州茅台,600519,3.4918601,3.4918601,3.44386771,3.45545208,3.47365609,118686,2488640.0,0.137185,-0.52
2003-09-19,贵州茅台,600519,3.46703645,3.4918601,3.46041681,3.47365609,3.475311,383015,8044199.0,0.442715,-0.05
2003-09-18,贵州茅台,600519,3.4587619,3.48855028,3.4587619,3.475311,3.475311,119568,2508659.0,0.138205,0.0
2003-09-17,贵州茅台,600519,3.52164848,3.53323285,3.475311,3.475311,3.49516992,678865,14360717.0,0.784679,-0.57
2003-09-16,贵州茅台,600519,3.4918601,3.5249583,3.44552262,3.49516992,3.4918601,181172,3803937.0,0.209411,0.09
2003-09-15,贵州茅台,600519,3.51006411,3.53488776,3.475311,3.4918601,3.51171902,264887,5601667.0,0.306175,-0.57
2003-09-12,贵州茅台,600519,3.52826812,3.52826812,3.49847974,3.51171902,3.52826812,280319,5941702.0,0.324012,-0.47
2003-09-11,贵州茅台,600519,3.54316231,3.55640159,3.5249583,3.52826812,3.5415074,100995,2160179.0,0.116737,-0.37
2003-09-10,贵州茅台,600519,3.53654267,3.61763326,3.49351501,3.5415074,3.53654267,204150,4387546.0,0.235971,0.14
2003-09-09,贵州茅台,600519,3.5415074,3.55474668,3.475311,3.53654267,3.5415074,356254,7588439.0,0.411783,-0.14
2003-09-08,贵州茅台,600519,3.52826812,3.5580565,3.50509938,3.5415074,3.5580565,181364,3877014.0,0.209633,-0.47
2003-09-05,贵州茅台,600519,3.62259799,3.62259799,3.475311,3.5580565,3.62259799,581204,12436931.0,0.671796,-1.78
2003-09-04,贵州茅台,600519,3.65404128,3.68217475,3.61763326,3.62259799,3.65238637,124451,2733564.0,0.143849,-0.82
2003-09-03,贵州茅台,600519,3.6573511,3.68548457,3.62094308,3.65238637,3.65569619,116140,2555237.0,0.134243,-0.09
2003-09-02,贵州茅台,600519,3.61101362,3.7235475,3.61101362,3.65569619,3.61763326,720637,15963063.0,0.832962,1.05
2003-09-01,贵州茅台,600519,3.58949979,3.62094308,3.53488776,3.61763326,3.55971141,495174,10737291.0,0.572356,1.63
2003-08-29,贵州茅台,600519,3.59942925,3.6077038,3.5249583,3.55971141,3.5911547,275200,5896174.0,0.318095,-0.88
2003-08-28,贵州茅台,600519,3.57626051,3.63418236,3.56302123,3.5911547,3.61928817,144678,3148383.0,0.167229,-0.78
2003-08-27,贵州茅台,600519,3.53488776,3.80132827,3.53488776,3.61928817,3.53488776,424621,9547143.0,0.490806,2.39
2003-08-26,贵州茅台,600519,3.53323285,3.5580565,3.5249583,3.53488776,3.53323285,100100,2141565.0,0.115702,0.05
2003-08-25,贵州茅台,600519,3.5746056,3.58288015,3.5249583,3.53323285,3.60439398,234532,5036822.0,0.271088,-1.97
2003-08-22,贵州茅台,600519,3.6739002,3.71361804,3.59280961,3.60439398,3.6739002,386467,8446625.0,0.446705,-1.89
2003-08-21,贵州茅台,600519,3.74837115,3.7731948,3.475311,3.6739002,3.75168097,455128,9879703.0,0.526068,-2.07
2003-08-20,贵州茅台,600519,3.7731948,3.7731948,3.7400966,3.75168097,3.76988498,86875,1967310.0,0.100416,-0.48
2003-08-19,贵州茅台,600519,3.76326534,3.78643408,3.75333588,3.76988498,3.76492025,114097,2595147.0,0.131881,0.13
2003-08-18,贵州茅台,600519,3.77484971,3.78312426,3.76161043,3.76492025,3.77484971,89030,2029145.0,0.102907,-0.26
2003-08-15,贵州茅台,600519,3.76988498,3.78808899,3.76657516,3.77484971,3.7731948,92840,2117303.0,0.107311,0.04
2003-08-14,贵州茅台,600519,3.77484971,3.80463809,3.76823007,3.7731948,3.80132827,190650,4369482.0,0.220366,-0.74
2003-08-13,贵州茅台,600519,3.7897439,3.80794791,3.7897439,3.80132827,3.80463809,180270,4138095.0,0.208368,-0.09
2003-08-12,贵州茅台,600519,3.76492025,3.8228421,3.76492025,3.80463809,3.76161043,75207,1725279.0,0.086929,1.14
2003-08-11,贵州茅台,600519,3.74175151,3.76988498,3.74175151,3.76161043,3.76988498,99632,2260732.0,0.115162,-0.22
2003-08-08,贵州茅台,600519,3.79139881,3.81456755,3.75830061,3.76988498,3.80960282,186507,4268481.0,0.215578,-1.04
2003-08-07,贵州茅台,600519,3.806293,3.8228421,3.79470863,3.80960282,3.8393912,75057,1725955.0,0.086756,-0.78
2003-08-06,贵州茅台,600519,3.81953228,3.84270102,3.79139881,3.8393912,3.81953228,228444,5272928.0,0.264051,0.52
2003-08-05,贵州茅台,600519,3.78808899,3.82118719,3.76492025,3.81953228,3.78808899,193039,4411194.0,0.223128,0.83
2003-08-04,贵州茅台,600519,3.7731948,3.7897439,3.7400966,3.78808899,3.78808899,270968,6168033.0,0.313203,0.0
2003-08-01,贵州茅台,600519,3.806293,3.82780683,3.76492025,3.78808899,3.83111665,325583,7459787.0,0.376331,-1.12
2003-07-31,贵州茅台,600519,3.86421485,3.86421485,3.79305372,3.83111665,3.86421485,224938,5205478.0,0.259999,-0.86
2003-07-30,贵州茅台,600519,3.90227778,3.90227778,3.83608138,3.86421485,3.8724894,273090,6375509.0,0.315656,-0.21
2003-07-29,贵州茅台,600519,3.86421485,3.88738359,3.8393912,3.8724894,3.84435593,130378,3043368.0,0.1507,0.73
2003-07-28,贵州茅台,600519,3.86421485,3.8724894,3.8393912,3.84435593,3.8559403,188548,4383607.0,0.217937,-0.3
2003-07-25,贵州茅台,600519,3.91386215,3.9221367,3.82615192,3.8559403,3.91386215,287594,6717751.0,0.332421,-1.48
2003-07-24,贵州茅台,600519,3.94365053,3.94365053,3.9055876,3.91386215,3.94365053,145051,3437577.0,0.16766,-0.76
2003-07-23,贵州茅台,600519,3.94199562,3.96350945,3.9055876,3.94365053,3.94199562,559227,13316655.0,0.646393,0.04
2003-07-22,贵州茅台,600519,3.90724251,3.96350945,3.90724251,3.94199562,3.9221367,310943,7381958.0,0.359409,0.51
2003-07-21,贵州茅台,600519,3.8890385,3.93537598,3.86586976,3.9221367,3.90724251,711248,16722758.0,0.822109,0.38
2003-07-18,贵州茅台,600519,4.0048822,4.0214313,3.89069341,3.90724251,4.0048822,962967,23126678.0,1.113064,-2.44
2003-07-17,贵州茅台,600519,3.98005855,4.0545295,3.971784,4.0048822,3.97674873,997825,24185340.0,1.153355,0.71
2003-07-16,贵州茅台,600519,3.9552349,4.0048822,3.94861526,3.97674873,3.95357999,779619,18717481.0,0.901137,0.59
2003-07-15,贵州茅台,600519,3.9221367,4.00322729,3.90227778,3.95357999,3.93537598,666082,15884705.0,0.769903,0.46
2003-07-14,贵州茅台,600519,3.88076395,3.971784,3.8393912,3.93537598,3.83608138,867430,20533771.0,1.002635,2.59
2003-07-11,贵州茅台,600519,3.83309952,3.86295232,3.81966576,3.8360848,3.82563632,576371,14825594.0,0.73283,0.27
2003-07-10,贵州茅台,600519,3.75996016,3.84205536,3.73607792,3.82563632,3.7390632,628810,16057693.0,0.799504,2.32
2003-07-09,贵州茅台,600519,3.75548224,3.75996016,3.72861472,3.7390632,3.75697488,148399,3722710.0,0.188683,-0.48
2003-07-08,贵州茅台,600519,3.7241368,3.75846752,3.71816624,3.75697488,3.71219568,227232,5693893.0,0.288915,1.21
2003-07-07,贵州茅台,600519,3.73309264,3.74503376,3.7017472,3.71219568,3.73010736,166992,4154239.0,0.212323,-0.48
2003-07-04,贵州茅台,600519,3.7316,3.75100432,3.7241368,3.73010736,3.73757056,219720,5492526.0,0.279364,-0.2
2003-07-03,贵州茅台,600519,3.74951168,3.768916,3.71518096,3.73757056,3.7465264,287867,7192931.0,0.36601,-0.24
2003-07-02,贵州茅台,600519,3.7614528,3.7614528,3.7316,3.7465264,3.76742336,133689,3354437.0,0.16998,-0.55
2003-07-01,贵州茅台,600519,3.7166736,3.7763792,3.7166736,3.76742336,3.72562944,488577,12302828.0,0.621204,1.12
2003-06-30,贵州茅台,600519,3.7316,3.7465264,3.7241368,3.72562944,3.72712208,352014,8803181.0,0.44757,-0.04
2003-06-27,贵州茅台,600519,3.7614528,3.7913056,3.7166736,3.72712208,3.75996016,271970,6835321.0,0.345798,-0.87
2003-06-26,贵州茅台,600519,3.7987688,3.8286216,3.70622512,3.75996016,3.7987688,447705,11265141.0,0.569237,-1.02
2003-06-25,贵州茅台,600519,3.80324672,3.8659376,3.78533504,3.7987688,3.80324672,420470,10783228.0,0.534609,-0.12
2003-06-24,贵州茅台,600519,3.79429088,3.81817312,3.7763792,3.80324672,3.79429088,169436,4313862.0,0.21543,0.24
2003-06-23,贵州茅台,600519,3.7316,3.843548,3.7241368,3.79429088,3.7316,781120,19907731.0,0.99316,1.68
2003-06-20,贵州茅台,600519,3.7241368,3.7614528,3.7092104,3.7316,3.7166736,167090,4175134.0,0.212448,0.4
2003-06-19,贵州茅台,600519,3.73757056,3.768916,3.694284,3.7166736,3.73458528,326009,8113184.0,0.414506,-0.48
2003-06-18,贵州茅台,600519,3.7539896,3.7987688,3.7241368,3.73458528,3.7539896,318483,8004964.0,0.404937,-0.52
2003-06-17,贵州茅台,600519,3.78533504,3.7913056,3.73309264,3.7539896,3.78234976,299430,7523686.0,0.380712,-0.75
2003-06-16,贵州茅台,600519,3.8286216,3.8286216,3.77488656,3.78234976,3.8286216,201265,5108268.0,0.2559,-1.21
2003-06-13,贵州茅台,600519,3.8211584,3.86295232,3.8136952,3.8286216,3.82265104,320027,8241151.0,0.4069,0.16
2003-06-12,贵州茅台,600519,3.82265104,3.82265104,3.82265104,3.82265104,3.82265104,0,0.0,,0.0
2003-06-11,贵州茅台,600519,3.80026144,3.8286216,3.80026144,3.82265104,3.80026144,301825,7712445.0,0.383757,0.59
2003-06-10,贵州茅台,600519,3.7838424,3.8286216,3.78234976,3.80026144,3.77936448,162842,4142275.0,0.207046,0.55
2003-06-09,贵州茅台,600519,3.7838424,3.7987688,3.76294544,3.77936448,3.78682768,243618,6174170.0,0.30975,-0.2
2003-06-06,贵州茅台,600519,3.81518784,3.81817312,3.7614528,3.78682768,3.81518784,359633,9123796.0,0.457257,-0.74
2003-06-05,贵州茅台,600519,3.81070992,3.87787872,3.7987688,3.81518784,3.81220256,679898,17422312.0,0.86446,0.08
2003-06-04,贵州茅台,600519,3.8286216,3.84653328,3.77787184,3.81220256,3.83459216,399590,10206523.0,0.508061,-0.58
2003-06-03,贵州茅台,600519,3.88683456,3.9032536,3.83011424,3.83459216,3.88683456,553665,14325999.0,0.703961,-1.34
2003-06-02,贵州茅台,600519,3.91370208,3.91818,3.85250384,3.88683456,3.90176096,625851,16282794.0,0.795742,-0.38
2003-05-30,贵州茅台,600519,3.84056272,3.92116528,3.79727616,3.90176096,3.78981296,1818094,47295540.0,2.311626,2.95
2003-05-29,贵州茅台,600519,3.7465264,3.8211584,3.73458528,3.78981296,3.7539896,515602,13025241.0,0.655565,0.95
2003-05-28,贵州茅台,600519,3.7316,3.84653328,3.7166736,3.7539896,3.71368832,961797,24413346.0,1.222882,1.09
2003-05-27,贵州茅台,600519,3.7092104,3.72861472,3.6793576,3.71368832,3.70622512,362268,8973935.0,0.460608,0.2
2003-05-26,贵州茅台,600519,3.6868208,3.74354112,3.68383552,3.70622512,3.69129872,998501,24833946.0,1.26955,0.4
2003-05-23,贵州茅台,600519,3.7166736,3.71816624,3.656968,3.69129872,3.7166736,688996,17042735.0,0.876028,-0.68
2003-05-22,贵州茅台,600519,3.67338704,3.73010736,3.6718944,3.7166736,3.6868208,309946,7672879.0,0.394083,0.81
2003-05-21,贵州茅台,600519,3.694284,3.74354112,3.6868208,3.6868208,3.694284,316358,7874689.0,0.402235,-0.2
2003-05-20,贵州茅台,600519,3.73458528,3.7390632,3.6793576,3.694284,3.7390632,514816,12771620.0,0.654566,-1.2
2003-05-19,贵州茅台,600519,3.656968,3.7763792,3.656968,3.7390632,3.64054896,1289908,32321424.0,1.640061,2.71
2003-05-16,贵州茅台,600519,3.6718944,3.68234288,3.5972624,3.64054896,3.6644312,965805,23550103.0,1.227978,-0.65
2003-05-15,贵州茅台,600519,3.5674096,3.6718944,3.5524832,3.6644312,3.5524832,1041706,25192950.0,1.324483,3.15
2003-05-14,贵州茅台,600519,3.54502,3.582336,3.5226304,3.5524832,3.53158624,934222,22223327.0,1.187822,0.59
2003-05-13,贵州茅台,600519,3.7316,3.73309264,3.5300936,3.53158624,3.72712208,1523540,36698786.0,1.937114,-5.25
2003-05-12,贵州茅台,600519,3.7614528,3.78832032,3.7241368,3.72712208,3.75996016,735120,18413860.0,0.934673,-0.87
2003-04-30,贵州茅台,600519,3.7017472,3.80026144,3.68980608,3.75996016,3.69876192,1349930,33816176.0,1.716376,1.65
2003-04-29,贵州茅台,600519,3.7838424,3.78682768,3.656968,3.69876192,3.75249696,984093,24464578.0,1.251231,-1.43
2003-04-28,贵州茅台,600519,3.7241368,3.75846752,3.656968,3.75249696,3.7241368,784532,19413811.0,0.997498,0.76
2003-04-25,贵州茅台,600519,3.71368832,3.7838424,3.7017472,3.7241368,3.68831344,700841,17541876.0,0.891088,0.97
2003-04-24,贵州茅台,600519,3.73757056,3.7539896,3.6868208,3.68831344,3.73757056,974938,24258559.0,1.239591,-1.32
2003-04-23,贵州茅台,600519,3.80324672,3.81220256,3.73309264,3.73757056,3.80175408,581664,14679641.0,0.73956,-1.69
2003-04-22,贵州茅台,600519,3.8136952,3.8510112,3.7987688,3.80175408,3.81668048,513114,13111434.0,0.652402,-0.39
2003-04-21,贵州茅台,600519,3.93161376,3.9405696,3.806232,3.81668048,3.93758432,1130153,29053506.0,1.43694,-3.07
2003-04-18,贵州茅台,600519,3.9331064,3.99728992,3.9331064,3.93758432,3.92265792,533932,14169319.0,0.678871,0.38
2003-04-17,贵州茅台,600519,3.9629592,3.98385616,3.91818,3.92265792,3.95400336,759887,20049212.0,0.966163,-0.79
2003-04-16,贵州茅台,600519,4.02415744,4.0898336,3.94355488,3.95400336,4.02415744,1701715,45879208.0,2.163655,-1.74
2003-04-15,贵州茅台,600519,4.0450544,4.05699552,3.97191504,4.02415744,4.04057648,779783,20927730.0,0.99146,-0.41
2003-04-14,贵州茅台,600519,3.97191504,4.05699552,3.9704224,4.04057648,3.94952544,1261241,33863674.0,1.603612,2.31
2003-04-11,贵州茅台,600519,3.86295232,3.955496,3.8584744,3.94952544,3.86892288,2996684,78671196.0,3.810151,2.08
2003-04-10,贵州茅台,600519,3.880864,3.8957904,3.82414368,3.86892288,3.880864,1078913,27753599.0,1.37179,-0.31
2003-04-09,贵州茅台,600519,3.81966576,3.8883272,3.7838424,3.880864,3.8211584,1012377,26059689.0,1.287193,1.56
2003-04-08,贵州茅台,600519,3.83459216,3.8360848,3.7838424,3.8211584,3.83459216,611287,15568085.0,0.777224,-0.35
2003-04-07,贵州茅台,600519,3.880864,3.88534192,3.8211584,3.83459216,3.88534192,446211,11509954.0,0.567338,-1.31
2003-04-04,贵州茅台,600519,3.92415056,3.9256432,3.8734008,3.88534192,3.9256432,498473,12980379.0,0.633786,-1.03
2003-04-03,贵州茅台,600519,3.9405696,3.955496,3.91519472,3.9256432,3.9331064,519367,13726384.0,0.660352,-0.19
2003-04-02,贵州茅台,600519,3.9107168,3.94952544,3.90026832,3.9331064,3.91370208,371320,9769605.0,0.472117,0.5
2003-04-01,贵州茅台,600519,3.88981984,3.91818,3.87787872,3.91370208,3.8883272,372984,9730810.0,0.474233,0.65
2003-03-31,贵州茅台,600519,3.87937136,3.9032536,3.87787872,3.8883272,3.88683456,304730,7935303.0,0.387451,0.04
2003-03-28,贵州茅台,600519,3.9107168,3.91818,3.88235664,3.88683456,3.90026832,381070,9946659.0,0.484514,-0.34
2003-03-27,贵州茅台,600519,3.83309952,3.92116528,3.79279824,3.90026832,3.8360848,210565,5430724.0,0.267724,1.67
2003-03-26,贵州茅台,600519,3.880864,3.9480328,3.806232,3.8360848,3.880864,358951,9202596.0,0.45639,-1.15
2003-03-25,贵州茅台,600519,3.91519472,3.92713584,3.8659376,3.880864,3.92713584,206238,5372767.0,0.262223,-1.18
2003-03-24,贵州茅台,600519,3.94355488,3.955496,3.9107168,3.92713584,3.94504752,171870,4522748.0,0.218525,-0.45
2003-03-21,贵州茅台,600519,3.880864,3.94952544,3.880864,3.94504752,3.87937136,202107,5285370.0,0.25697,1.69
2003-03-20,贵州茅台,600519,3.880864,3.94504752,3.8659376,3.87937136,3.86743024,196840,5120173.0,0.250273,0.31
2003-03-19,贵州茅台,600519,3.88235664,3.9256432,3.85996704,3.86743024,3.92415056,339792,8841844.0,0.432031,-1.45
2003-03-18,贵州茅台,600519,3.9704224,3.9853488,3.90026832,3.92415056,3.97340768,314790,8320204.0,0.400242,-1.24
2003-03-17,贵州茅台,600519,3.99728992,3.99728992,3.95400336,3.97340768,4.00326048,469292,12465705.0,0.596684,-0.75
2003-03-14,贵州茅台,600519,4.01221632,4.02117216,3.98833408,4.00326048,4.02117216,275642,7388968.0,0.350467,-0.45
2003-03-13,贵州茅台,600519,4.01221632,4.06893664,4.0077384,4.02117216,4.00923104,199758,5398370.0,0.253983,0.3
2003-03-12,贵州茅台,600519,3.99878256,4.0152016,3.9704224,4.00923104,4.0002752,117717,3146322.0,0.149672,0.22
2003-03-11,贵州茅台,600519,4.0077384,4.0152016,3.9629592,4.0002752,4.0152016,196449,5253243.0,0.249776,-0.37
2003-03-10,贵州茅台,600519,4.0823704,4.09132624,4.01221632,4.0152016,4.07639984,310340,8423721.0,0.394584,-1.5
2003-03-07,贵州茅台,600519,4.10774528,4.11819376,4.0599808,4.07639984,4.10476,247545,6781984.0,0.314743,-0.69
2003-03-06,贵州茅台,600519,4.1644656,4.1644656,4.07938512,4.10476,4.15401712,450769,12426005.0,0.573133,-1.19
2003-03-05,贵州茅台,600519,4.07042928,4.17640672,4.04654704,4.15401712,4.07042928,940501,26031534.0,1.195805,2.05
2003-03-04,贵州茅台,600519,4.0898336,4.09580416,4.03908384,4.07042928,4.0898336,190950,5200922.0,0.242784,-0.47
2003-03-03,贵州茅台,600519,4.01221632,4.10028208,4.01221632,4.0898336,4.0002752,600093,16398104.0,0.762992,2.24
2003-02-28,贵州茅台,600519,4.01221632,4.01221632,3.9704224,4.0002752,3.99131936,136045,3636053.0,0.172975,0.22
2003-02-27,贵州茅台,600519,3.992812,4.02714272,3.96594448,3.99131936,3.9853488,169761,4531823.0,0.215844,0.15
2003-02-26,贵州茅台,600519,4.0226648,4.0375912,3.98236352,3.9853488,4.01370896,108215,2904654.0,0.137591,-0.71
2003-02-25,贵州茅台,600519,3.9256432,4.0152016,3.92265792,4.01370896,3.92713584,187859,4998648.0,0.238854,2.2
2003-02-24,贵州茅台,600519,3.95400336,3.95400336,3.91220944,3.92713584,3.93758432,61566,1625901.0,0.078278,-0.27
2003-02-21,贵州茅台,600519,3.95997392,3.9704224,3.9107168,3.93758432,3.98385616,226893,5978463.0,0.288484,-1.16
2003-02-20,贵州茅台,600519,3.97191504,4.0002752,3.9629592,3.98385616,3.96743712,85120,2269016.0,0.108226,0.41
2003-02-19,贵州茅台,600519,3.955496,3.97191504,3.9480328,3.96743712,3.955496,102970,2732606.0,0.130922,0.3
2003-02-18,贵州茅台,600519,3.95848128,3.9704224,3.9405696,3.955496,3.9629592,104819,2772836.0,0.133273,-0.19
2003-02-17,贵州茅台,600519,3.9853488,4.01818688,3.95848128,3.9629592,4.01221632,156776,4181515.0,0.199334,-1.23
2003-02-14,贵州茅台,600519,3.9704224,4.02863536,3.9704224,4.01221632,3.9778856,190475,5111392.0,0.242181,0.86
2003-02-13,贵州茅台,600519,4.00923104,4.02565008,3.9778856,3.9778856,4.01221632,271832,7302546.0,0.345622,-0.86
2003-02-12,贵州茅台,600519,3.9853488,4.0226648,3.955496,4.01221632,3.97937824,147730,3959442.0,0.187832,0.83
2003-02-11,贵州茅台,600519,3.93758432,3.98236352,3.93758432,3.97937824,3.9704224,82150,2174401.0,0.10445,0.23
2003-02-10,贵州茅台,600519,4.00923104,4.00923104,3.955496,3.9704224,4.01221632,169378,4508037.0,0.215357,-1.04
2003-01-29,贵州茅台,600519,4.00624576,4.030128,3.992812,4.01221632,4.00624576,330219,8889672.0,0.419859,0.15
2003-01-28,贵州茅台,600519,4.0002752,4.030128,3.98236352,4.00624576,4.00176784,349496,9383544.0,0.444369,0.11
2003-01-27,贵州茅台,600519,3.92713584,4.0152016,3.92713584,4.00176784,3.9405696,395568,10571327.0,0.502947,1.55
2003-01-24,贵州茅台,600519,3.9256432,3.95251072,3.9256432,3.9405696,3.9331064,244119,6438339.0,0.310387,0.19
2003-01-23,贵州茅台,600519,3.9256432,3.955496,3.9256432,3.9331064,3.93161376,216749,5719869.0,0.275587,0.04
2003-01-22,贵州茅台,600519,3.955496,3.955496,3.9256432,3.93161376,3.9629592,163310,4309306.0,0.207641,-0.79
2003-01-21,贵州茅台,600519,3.9629592,4.030128,3.955496,3.9629592,3.96146656,478744,12816356.0,0.608702,0.04
2003-01-20,贵州茅台,600519,3.9704224,3.9704224,3.91967264,3.96146656,3.98236352,207090,5466246.0,0.263306,-0.52
2003-01-17,贵州茅台,600519,4.05699552,4.05699552,3.98087088,3.98236352,4.04654704,379518,10187340.0,0.48254,-1.59
2003-01-16,贵州茅台,600519,4.00176784,4.0525176,3.97937824,4.04654704,3.9853488,735908,19870062.0,0.935675,1.54
2003-01-15,贵州茅台,600519,3.95400336,4.05699552,3.93907696,3.9853488,3.93907696,1145168,30551168.0,1.456031,1.17
2003-01-14,贵州茅台,600519,3.7838424,3.98833408,3.75846752,3.93907696,3.78682768,958825,25012085.0,1.219104,4.02
2003-01-13,贵州茅台,600519,3.7614528,3.806232,3.7614528,3.78682768,3.79279824,140380,3560912.0,0.178487,-0.16
2003-01-10,贵州茅台,600519,3.806232,3.8659376,3.77339392,3.79279824,3.80921728,234638,6010671.0,0.298332,-0.43
2003-01-09,贵州茅台,600519,3.77190128,3.83309952,3.73458528,3.80921728,3.7763792,260257,6616310.0,0.330905,0.87
2003-01-08,贵州茅台,600519,3.73309264,3.7763792,3.68383552,3.7763792,3.67637232,176802,4438021.0,0.224796,2.72
2003-01-07,贵州茅台,600519,3.7092104,3.72562944,3.67338704,3.67637232,3.71070304,145050,3595101.0,0.184425,-0.93
2003-01-06,贵州茅台,600519,3.66890912,3.7166736,3.65846064,3.71070304,3.68383552,98636,2438329.0,0.125411,0.73
2003-01-03,贵州茅台,600519,3.68383552,3.72264416,3.656968,3.68383552,3.68980608,174368,4300516.0,0.221701,-0.16
2003-01-02,贵州茅台,600519,3.806232,3.806232,3.6868208,3.68980608,3.80026144,356530,8921541.0,0.453312,-2.91
2002-12-31,贵州茅台,600519,3.8211584,3.84802592,3.7987688,3.80026144,3.8136952,164478,4200254.0,0.209127,-0.35
2002-12-30,贵州茅台,600519,3.85399648,3.85399648,3.7987688,3.8136952,3.85698176,300220,7672458.0,0.381716,-1.12
2002-12-27,贵州茅台,600519,3.83459216,3.87638608,3.80772464,3.85698176,3.8360848,339021,8693114.0,0.43105,0.54
2002-12-26,贵州茅台,600519,3.9480328,3.955496,3.82265104,3.8360848,3.95101808,514561,13383935.0,0.654242,-2.91
2002-12-25,贵州茅台,600519,3.99878256,4.0002752,3.94952544,3.95101808,3.99430464,148138,3939760.0,0.188351,-1.08
2002-12-24,贵州茅台,600519,4.00176784,4.02415744,3.95251072,3.99430464,4.0002752,84816,2257524.0,0.10784,-0.15
2002-12-23,贵州茅台,600519,4.04206912,4.0450544,3.9853488,4.0002752,4.00475312,198455,5333977.0,0.252327,-0.11
2002-12-20,贵州茅台,600519,3.97340768,4.02415744,3.97340768,4.00475312,3.97340768,162474,4353432.0,0.206579,0.79
2002-12-19,贵州茅台,600519,3.99430464,3.99878256,3.95698864,3.97340768,3.99430464,231004,6160134.0,0.293711,-0.52
2002-12-18,贵州茅台,600519,4.01221632,4.02714272,3.98833408,3.99430464,4.01818688,202853,5434639.0,0.257919,-0.59
2002-12-17,贵州茅台,600519,4.01669424,4.0450544,3.98833408,4.01818688,4.01669424,292615,7886188.0,0.372047,0.04
2002-12-16,贵州茅台,600519,3.95400336,4.02714272,3.93609168,4.01669424,3.95400336,797694,21310704.0,1.014233,1.59
2002-12-13,贵州茅台,600519,3.8510112,3.98982672,3.8510112,3.95400336,3.96594448,222310,5860451.0,0.282657,-0.3
2002-12-12,贵州茅台,600519,3.92862848,3.9704224,3.90026832,3.96594448,3.92862848,398933,10541432.0,0.507226,0.95
2002-12-11,贵州茅台,600519,3.9331064,3.9480328,3.8957904,3.92862848,3.94952544,254680,6682742.0,0.323814,-0.53
2002-12-10,贵州茅台,600519,4.00326048,4.0152016,3.9405696,3.94952544,3.99579728,261198,6946196.0,0.332102,-1.16
2002-12-09,贵州茅台,600519,4.030128,4.0450544,3.9853488,3.99579728,4.03162064,290258,7793264.0,0.36905,-0.89
2002-12-06,贵州茅台,600519,4.030128,4.0599808,4.00326048,4.03162064,4.0450544,374154,10116516.0,0.47572,-0.33
2002-12-05,贵州茅台,600519,3.93758432,4.08684832,3.9256432,4.0450544,3.9480328,1302018,35246694.0,1.655458,2.46
2002-12-04,贵州茅台,600519,3.89131248,4.0002752,3.89131248,3.9480328,3.93907696,415100,11045716.0,0.527781,0.23
2002-12-03,贵州茅台,600519,3.86892288,3.94355488,3.8360848,3.93907696,3.87937136,310385,8113029.0,0.394641,1.54
2002-12-02,贵州茅台,600519,3.955496,3.9853488,3.86892288,3.87937136,3.92265792,585087,15455370.0,0.743912,-1.1
2002-11-29,贵州茅台,600519,3.92265792,3.92265792,3.92265792,3.92265792,3.92265792,0,0.0,,0.0
2002-11-28,贵州茅台,600519,3.83459216,3.9405696,3.82414368,3.92265792,3.82563632,249203,6508407.0,0.316851,2.54
2002-11-27,贵州茅台,600519,3.8211584,3.87787872,3.79429088,3.82563632,3.83757744,332091,8506108.0,0.422239,-0.31
2002-11-26,贵州茅台,600519,3.9256432,3.9405696,3.8360848,3.83757744,3.90773152,205454,5354392.0,0.261226,-1.8
2002-11-25,贵州茅台,600519,3.86892288,3.92265792,3.8211584,3.90773152,3.86743024,398796,10418495.0,0.507051,1.04
2002-11-22,贵州茅台,600519,3.880864,3.91967264,3.81817312,3.86743024,3.85996704,242925,6292793.0,0.308868,0.19
2002-11-21,贵州茅台,600519,3.91668736,3.9405696,3.8584744,3.85996704,3.93161376,401953,10494850.0,0.511065,-1.82
2002-11-20,贵州茅台,600519,3.95251072,3.9853488,3.8659376,3.93161376,3.94504752,957938,25196773.0,1.217976,-0.34
2002-11-19,贵州茅台,600519,3.880864,3.9629592,3.86892288,3.94504752,3.880864,321819,8450560.0,0.409179,1.65
2002-11-18,贵州茅台,600519,3.8510112,3.88981984,3.8510112,3.880864,3.85399648,194719,5049727.0,0.247577,0.7
2002-11-15,贵州茅台,600519,3.8510112,3.88683456,3.8286216,3.85399648,3.85548912,234901,6065973.0,0.298666,-0.04
2002-11-14,贵州茅台,600519,3.87787872,3.90026832,3.8510112,3.85548912,3.87638608,168832,4380220.0,0.214662,-0.54
2002-11-13,贵州茅台,600519,3.84802592,3.87937136,3.83160688,3.87638608,3.8510112,195368,5035473.0,0.248402,0.66
2002-11-12,贵州茅台,600519,3.8883272,3.92265792,3.843548,3.8510112,3.88235664,239589,6207445.0,0.304627,-0.81
2002-11-11,贵州茅台,600519,3.90026832,3.9331064,3.85250384,3.88235664,3.89280512,188282,4915876.0,0.239392,-0.27
2002-11-08,贵州茅台,600519,4.0599808,4.0599808,3.87489344,3.89280512,3.97490032,271756,7151816.0,0.345526,-2.07
2002-11-07,贵州茅台,600519,3.992812,4.0077384,3.95848128,3.97490032,3.98833408,241652,6446131.0,0.30725,-0.34
2002-11-06,贵州茅台,600519,4.0226648,4.02714272,3.9853488,3.98833408,4.01669424,162265,4344756.0,0.206313,-0.71
2002-11-05,贵州茅台,600519,3.9853488,4.0599808,3.95698864,4.01669424,3.97937824,348538,9402742.0,0.443151,0.94
2002-11-04,贵州茅台,600519,3.91370208,3.97937824,3.91370208,3.97937824,3.91370208,199503,5271415.0,0.253659,1.68
2002-11-01,贵州茅台,600519,3.89280512,3.92116528,3.87489344,3.91370208,3.89429776,147119,3830309.0,0.187055,0.5
2002-10-31,贵州茅台,600519,3.88534192,3.95251072,3.880864,3.89429776,3.88534192,281730,7375701.0,0.358207,0.23
2002-10-30,贵州茅台,600519,3.91818,3.9256432,3.87489344,3.88534192,3.91220944,203557,5323624.0,0.258814,-0.69
2002-10-29,贵州茅台,600519,3.955496,3.955496,3.82265104,3.91220944,3.87489344,319869,8294858.0,0.406699,0.96
2002-10-28,贵州茅台,600519,3.9704224,3.9704224,3.8659376,3.87489344,3.9778856,447153,11679872.0,0.568535,-2.59
2002-10-25,贵州茅台,600519,4.04654704,4.04803968,3.9704224,3.9778856,4.04654704,236812,6346386.0,0.301096,-1.7
2002-10-24,贵州茅台,600519,4.0450544,4.08684832,4.0450544,4.04654704,4.04953232,97060,2637743.0,0.123408,-0.07
2002-10-23,贵州茅台,600519,4.0972968,4.0972968,4.03460592,4.04953232,4.08684832,108078,2938025.0,0.137416,-0.91
2002-10-22,贵州茅台,600519,4.02565008,4.1122232,4.0152016,4.08684832,4.0077384,210571,5735513.0,0.267732,1.97
2002-10-21,贵州茅台,600519,3.99878256,4.07192192,3.9629592,4.0077384,4.00176784,164605,4391499.0,0.209288,0.15
2002-10-18,贵州茅台,600519,4.10476,4.13162752,3.9629592,4.00176784,4.11819376,463533,12464187.0,0.589362,-2.83
2002-10-17,贵州茅台,600519,4.16595824,4.179392,4.10476,4.11819376,4.16595824,156480,4336014.0,0.198957,-1.15
2002-10-16,贵州茅台,600519,4.14655392,4.20775216,4.14506128,4.16595824,4.14655392,226133,6327939.0,0.287518,0.47
2002-10-15,贵州茅台,600519,4.1196864,4.14804656,4.1122232,4.14655392,4.12267168,206594,5710573.0,0.262675,0.58
2002-10-14,贵州茅台,600519,4.1644656,4.1644656,4.10774528,4.12267168,4.11670112,109529,3024408.0,0.139261,0.15
2002-10-11,贵州茅台,600519,4.13162752,4.1644656,4.10476,4.11670112,4.14655392,121705,3366265.0,0.154743,-0.72
2002-10-10,贵州茅台,600519,4.1346128,4.18386992,4.1271496,4.14655392,4.13909072,108767,3018141.0,0.138292,0.18
2002-10-09,贵州茅台,600519,4.179392,4.1868552,4.11670112,4.13909072,4.19133312,245871,6822147.0,0.312614,-1.25
2002-10-08,贵州茅台,600519,4.2017816,4.2017816,4.16894352,4.19133312,4.20625952,358977,10069826.0,0.456423,-0.35
2002-09-27,贵州茅台,600519,4.19730368,4.2316344,4.17640672,4.20625952,4.18386992,150545,4234851.0,0.191411,0.54
2002-09-26,贵州茅台,600519,4.23312704,4.23312704,4.18088464,4.18386992,4.2241712,216807,6093149.0,0.275661,-0.95
2002-09-25,贵州茅台,600519,4.17640672,4.2614872,4.17640672,4.2241712,4.17640672,355709,10075783.0,0.452268,1.14
2002-09-24,贵州茅台,600519,4.2390976,4.24357552,4.1644656,4.17640672,4.24357552,714854,20063143.0,0.908905,-1.58
2002-09-23,贵州茅台,600519,4.28089152,4.28835472,4.2390976,4.24357552,4.28835472,212110,6061634.0,0.269688,-1.04
2002-09-20,贵州茅台,600519,4.32417808,4.32417808,4.27939888,4.28835472,4.328656,137298,3949578.0,0.174568,-0.93
2002-09-19,贵州茅台,600519,4.2988032,4.3510456,4.26447248,4.328656,4.30925168,365015,10478770.0,0.4641,0.45
2002-09-18,贵州茅台,600519,4.32716336,4.32716336,4.28835472,4.30925168,4.3137296,161606,4660761.0,0.205475,-0.1
2002-09-17,贵州茅台,600519,4.29134,4.34059712,4.27193568,4.3137296,4.2838768,261349,7538521.0,0.332294,0.7
2002-09-16,贵州茅台,600519,4.34507504,4.35403088,4.28238416,4.2838768,4.35253824,392351,11280816.0,0.498857,-1.58
2002-09-13,贵州茅台,600519,4.33014864,4.35552352,4.31671488,4.35253824,4.33910448,107173,3119148.0,0.136266,0.31
2002-09-12,贵州茅台,600519,4.328656,4.365972,4.29432528,4.33910448,4.3435824,171659,4984486.0,0.218257,-0.1
2002-09-11,贵州茅台,600519,4.39731744,4.4182144,4.2689504,4.3435824,4.4182144,984529,28552916.0,1.251785,-1.69
2002-09-10,贵州茅台,600519,4.47792,4.4928464,4.40030272,4.4182144,4.48836848,805712,23941530.0,1.024427,-1.56
2002-09-09,贵州茅台,600519,4.5226992,4.5301624,4.48090528,4.48836848,4.5301624,261390,7873842.0,0.332346,-0.92
2002-09-06,贵州茅台,600519,4.5301624,4.54658144,4.5077728,4.5301624,4.5226992,185962,5634774.0,0.236442,0.17
2002-09-05,贵州茅台,600519,4.55553728,4.55553728,4.5226992,4.5226992,4.56598576,289369,8795149.0,0.36792,-0.95
2002-09-04,贵州茅台,600519,4.57195632,4.59583856,4.54061088,4.56598576,4.57195632,178869,5457397.0,0.227424,-0.13
2002-09-03,贵州茅台,600519,4.5376256,4.60927232,4.5376256,4.57195632,4.5376256,227701,6981608.0,0.289512,0.76
2002-09-02,贵州茅台,600519,4.5450888,4.552552,4.5301624,4.5376256,4.54807408,234130,7119903.0,0.297686,-0.23
2002-08-30,贵州茅台,600519,4.56150784,4.56150784,4.54061088,4.54807408,4.55105936,188668,5751168.0,0.239883,-0.07
2002-08-29,贵州茅台,600519,4.5600152,4.57941952,4.5450888,4.55105936,4.56150784,289937,8846652.0,0.368642,-0.23
2002-08-28,贵州茅台,600519,4.61076496,4.64509568,4.552552,4.56150784,4.6047944,376582,11550533.0,0.478807,-0.94
2002-08-27,贵州茅台,600519,4.58688272,4.6122576,4.5674784,4.6047944,4.58688272,258441,7938100.0,0.328596,0.39
2002-08-26,贵州茅台,600519,4.6495736,4.6495736,4.58091216,4.58688272,4.66151472,263149,8109133.0,0.334582,-1.6
2002-08-23,贵州茅台,600519,4.6495736,4.6794264,4.6495736,4.66151472,4.65405152,243141,7592485.0,0.309143,0.16
2002-08-22,贵州茅台,600519,4.627184,4.68241168,4.6122576,4.65405152,4.6122576,422034,13173485.0,0.536598,0.91
2002-08-21,贵州茅台,600519,4.627184,4.627184,4.59285328,4.6122576,4.6122576,169451,5229829.0,0.215449,0.0
2002-08-20,贵州茅台,600519,4.56598576,4.62569136,4.56598576,4.6122576,4.57643424,237211,7316845.0,0.301603,0.78
2002-08-19,贵州茅台,600519,4.59583856,4.6122576,4.56897104,4.57643424,4.5973312,110896,3407937.0,0.140999,-0.45
2002-08-16,贵州茅台,600519,4.552552,4.60777968,4.5226992,4.5973312,4.59136064,224098,6857222.0,0.284931,0.13
2002-08-15,贵州茅台,600519,4.62419872,4.62419872,4.589868,4.59136064,4.62419872,125955,3886298.0,0.160146,-0.71
2002-08-14,贵州茅台,600519,4.62419872,4.62419872,4.5674784,4.62419872,4.5674784,247246,7621220.0,0.314362,1.24
2002-08-13,贵州茅台,600519,4.5824048,4.5824048,4.5376256,4.5674784,4.5674784,170413,5204223.0,0.216673,0.0
2002-08-12,贵州茅台,600519,4.5973312,4.60927232,4.5674784,4.5674784,4.62419872,225050,6900600.0,0.286141,-1.23
2002-08-09,贵州茅台,600519,4.65852944,4.6794264,4.61822816,4.62419872,4.67047056,249020,7741685.0,0.316618,-0.99
2002-08-08,贵州茅台,600519,4.68987488,4.71226448,4.6570368,4.67047056,4.68987488,126460,3969885.0,0.160788,-0.41
2002-08-07,贵州茅台,600519,4.69136752,4.701816,4.6794264,4.68987488,4.68987488,135579,4259610.0,0.172383,0.0
2002-08-06,贵州茅台,600519,4.67494848,4.71375712,4.66002208,4.68987488,4.67494848,209237,6575058.0,0.266036,0.32
2002-08-05,贵州茅台,600519,4.69286016,4.701816,4.6645,4.67494848,4.69136752,107812,3381678.0,0.137078,-0.35
2002-08-02,贵州茅台,600519,4.6719632,4.74360992,4.6346472,4.69136752,4.66300736,125388,3927364.0,0.159425,0.61
2002-08-01,贵州茅台,600519,4.66897792,4.70032336,4.6495736,4.66300736,4.67494848,200089,6261720.0,0.254404,-0.26
2002-07-31,贵州茅台,600519,4.70480128,4.7316688,4.6645,4.67494848,4.70480128,257985,8116149.0,0.328017,-0.63
2002-07-30,贵州茅台,600519,4.72868352,4.739132,4.69883072,4.70480128,4.73017616,344596,10878707.0,0.438139,-0.54
2002-07-29,贵州茅台,600519,4.8063008,4.81824192,4.71375712,4.73017616,4.79585232,255748,8122111.0,0.325172,-1.37
2002-07-26,贵州茅台,600519,4.85108,4.85108,4.78689648,4.79585232,4.82271984,155824,5017641.0,0.198123,-0.557104
2002-07-25,贵州茅台,600519,4.86749904,4.89735184,4.79286704,4.82271984,4.8585432,170042,5497155.0,0.216201,-0.74
2002-07-24,贵州茅台,600519,4.8451788,4.87053924,4.8184836,4.8585264,4.838505,466387,16952456.0,0.65229,0.41
2002-07-23,贵州茅台,600519,4.8652002,4.8652002,4.80647076,4.838505,4.8585264,290158,10500988.0,0.405815,-0.41
2002-07-22,贵州茅台,600519,4.89589968,4.8985692,4.84918308,4.8585264,4.85719164,610357,22267992.0,0.853646,0.03
2002-07-19,贵州茅台,600519,4.85452212,4.86653496,4.83983976,4.85719164,4.83717024,251689,9151205.0,0.352013,0.41
2002-07-18,贵州茅台,600519,4.8118098,4.87053924,4.805136,4.83717024,4.7917884,589389,21394400.0,0.82432,0.95
2002-07-17,贵州茅台,600519,4.7984622,4.805136,4.7584194,4.7917884,4.7917884,134219,4803760.0,0.187719,0.0
2002-07-16,贵州茅台,600519,4.76242368,4.82248788,4.76242368,4.7917884,4.79312316,231649,8339593.0,0.323985,-0.03
2002-07-15,贵州茅台,600519,4.80647076,4.82649216,4.7917884,4.79312316,4.80914028,130858,4708941.0,0.183018,-0.33
2002-07-12,贵州茅台,600519,4.80380124,4.82916168,4.7784408,4.80914028,4.79579268,158849,5724883.0,0.222166,0.28
2002-07-11,贵州茅台,600519,4.75574988,4.838505,4.75574988,4.79579268,4.76776272,235761,8471292.0,0.329736,0.59
2002-07-10,贵州茅台,600519,4.82115312,4.83717024,4.7584194,4.76776272,4.82115312,462279,16561215.0,0.646544,-1.11
2002-07-09,贵州茅台,600519,4.82916168,4.83717024,4.80914028,4.82115312,4.82782692,352323,12721871.0,0.492759,-0.14
2002-07-08,贵州茅台,600519,4.82916168,4.86653496,4.8184836,4.82782692,4.82649216,319272,11563090.0,0.446534,0.03
2002-07-05,贵州茅台,600519,4.81314456,4.82916168,4.805136,4.82649216,4.81447932,681567,24596151.0,0.953241,0.25
2002-07-04,贵州茅台,600519,4.89589968,4.8985692,4.805136,4.81447932,4.89323016,666987,24199148.0,0.932849,-1.61
2002-07-03,贵州茅台,600519,4.905243,4.9185906,4.871874,4.89323016,4.905243,533312,19520104.0,0.745891,-0.24
2002-07-02,贵州茅台,600519,4.9119168,4.9119168,4.88255208,4.905243,4.9119168,393507,14439880.0,0.550359,-0.14
2002-07-01,贵州茅台,600519,4.94929008,5.00401524,4.90924728,4.9119168,4.94261628,432000,16032014.0,0.604196,-0.62
2002-06-28,贵州茅台,600519,4.8985692,4.98933288,4.8985692,4.94261628,4.90924728,1076373,39735942.0,1.505417,0.679717
2002-06-27,贵州茅台,600519,4.9252644,4.96263768,4.8852216,4.90924728,4.9185906,558178,20574559.0,0.780669,-0.189959
2002-06-26,贵州茅台,600519,4.97598528,4.9920024,4.87988256,4.9185906,5.09611368,1542300,56971879.0,2.157063,-3.483504
2002-06-25,贵州茅台,600519,5.09611368,5.09611368,5.09611368,5.09611368,5.09611368,0,0.0,,0.0
2002-06-24,贵州茅台,600519,5.21090304,5.21090304,4.938612,5.09611368,4.73706324,6125441,234474989.0,8.56705,7.579596
2002-06-21,贵州茅台,600519,4.67166,4.7650932,4.65564288,4.73706324,4.65564288,426651,15107102.0,0.596715,1.748855
2002-06-20,贵州茅台,600519,4.66899048,4.6783338,4.63962576,4.65564288,4.63562148,131920,4609083.0,0.184503,0.431908
2002-06-19,贵州茅台,600519,4.6583124,4.67166,4.6316172,4.63562148,4.66765572,83350,2900266.0,0.116573,-0.686307
2002-06-18,贵州茅台,600519,4.6316172,4.68233808,4.63028244,4.66765572,4.6249434,163699,5721280.0,0.22895,0.92352
2002-06-17,贵州茅台,600519,4.6115958,4.62627816,4.5782268,4.6249434,4.6249434,135810,4678657.0,0.189944,0.0
2002-06-14,贵州茅台,600519,4.6583124,4.6983552,4.6182696,4.6249434,4.6583124,94711,3289645.0,0.132463,-0.716332
2002-06-13,贵州茅台,600519,4.6850076,4.7117028,4.65564288,4.6583124,4.68634236,162300,5701623.0,0.226993,-0.598118
2002-06-12,贵州茅台,600519,4.6449648,4.68767712,4.6115958,4.68634236,4.64763432,208220,7240715.0,0.291217,0.832857
2002-06-11,贵州茅台,600519,4.638291,4.67432952,4.6249434,4.64763432,4.62360864,153920,5368576.0,0.215273,0.519631
2002-06-10,贵州茅台,600519,4.67166,4.6783338,4.60625676,4.62360864,4.66098192,183253,6371263.0,0.256298,-0.801829
2002-06-07,贵州茅台,600519,4.6449648,4.69301616,4.61960436,4.66098192,4.67032524,362216,12686067.0,0.506596,-0.200067
2002-06-06,贵州茅台,600519,4.58890488,4.73439372,4.5515316,4.67032524,4.5849006,575740,19928860.0,0.805231,1.863183
2002-06-05,贵州茅台,600519,4.604922,4.604922,4.5515316,4.5849006,4.604922,222475,7636262.0,0.311154,-0.434787
2002-06-04,贵州茅台,600519,4.6583124,4.67166,4.538184,4.604922,4.66231668,197600,6831604.0,0.276364,-1.231034
2002-06-03,贵州茅台,600519,4.6583124,4.67299476,4.60625676,4.66231668,4.6649862,229022,7966689.0,0.32031,-0.057226
2002-05-31,贵州茅台,600519,4.67166,4.69301616,4.6449648,4.6649862,4.65297336,180610,6326360.0,0.252601,0.258176
2002-05-30,贵州茅台,600519,4.65564288,4.67966856,4.6182696,4.65297336,4.64096052,196225,6813508.0,0.274441,0.258844
2002-05-29,贵州茅台,600519,4.69968996,4.72238088,4.62627816,4.64096052,4.69301616,268474,9340641.0,0.375488,-1.109213
2002-05-28,贵州茅台,600519,4.6983552,4.7450718,4.6850076,4.69301616,4.68634236,261490,9258306.0,0.36572,0.142407
2002-05-27,贵州茅台,600519,4.67166,4.71704184,4.65697764,4.68634236,4.65697764,165326,5801250.0,0.231225,0.630557
2002-05-24,贵州茅台,600519,4.67299476,4.6983552,4.62894768,4.65697764,4.6983552,240735,8401313.0,0.336692,-0.880686
2002-05-23,贵州茅台,600519,4.78911888,4.78911888,4.6850076,4.6983552,4.67432952,161990,5705093.0,0.226559,0.513993
2002-05-22,贵州茅台,600519,4.6850076,4.73572848,4.6649862,4.67432952,4.67566428,297406,10442708.0,0.415952,-0.028542
2002-05-21,贵州茅台,600519,4.74373704,4.74373704,4.6583124,4.67566428,4.60625676,570700,20081800.0,0.798182,1.506811
2002-05-20,贵州茅台,600519,4.67032524,4.67032524,4.604922,4.60625676,4.67699904,335369,11623861.0,0.469048,-1.512564
2002-05-17,贵州茅台,600519,4.65697764,4.75041084,4.638291,4.67699904,4.66632096,385968,13508333.0,0.539815,0.228838
2002-05-16,贵州茅台,600519,4.705029,4.71971136,4.65964716,4.66632096,4.71704184,554983,19465458.0,0.7762,-1.075272
2002-05-15,贵州茅台,600519,4.76242368,4.76375844,4.6983552,4.71704184,4.73572848,224430,7948908.0,0.313888,-0.394587
2002-05-14,贵州茅台,600519,4.7250504,4.86920448,4.69968996,4.73572848,4.7250504,507003,18159637.0,0.709095,0.225983
2002-05-13,贵州茅台,600519,4.74774132,4.7650932,4.72238088,4.7250504,4.75975416,283074,10033864.0,0.395908,-0.729104
2002-05-10,贵州茅台,600519,4.8118098,4.82248788,4.7584194,4.75975416,4.80914028,268850,9625820.0,0.376014,-1.026919
2002-05-09,贵州茅台,600519,4.805136,4.8652002,4.805136,4.80914028,4.838505,171221,6186437.0,0.23947,-0.6069
2002-05-08,贵州茅台,600519,4.84651356,4.871874,4.80780552,4.838505,4.8318312,170049,6152534.0,0.237831,0.138119
2002-04-30,贵州茅台,600519,4.86920448,4.8852216,4.7984622,4.8318312,4.8518526,597847,21592851.0,0.83615,-0.412648
2002-04-29,贵州茅台,600519,4.8318312,4.938612,4.8318312,4.8518526,4.80780552,466521,17015082.0,0.652477,0.916152
2002-04-26,贵州茅台,600519,4.738398,4.81581408,4.7250504,4.80780552,4.73973276,238123,8537641.0,0.333039,1.436221
2002-04-25,贵州茅台,600519,4.6850076,4.76242368,4.6850076,4.73973276,4.70369424,259676,9206508.0,0.363183,0.766165
2002-04-24,贵州茅台,600519,4.738398,4.78911888,4.69301616,4.70369424,4.74106752,505088,17876338.0,0.706417,-0.788285
2002-04-23,贵州茅台,600519,4.83049644,4.83049644,4.73973276,4.74106752,4.83049644,408822,14622595.0,0.571779,-1.851335
2002-04-22,贵州茅台,600519,4.805136,4.8585264,4.7917884,4.83049644,4.83450072,411365,14831735.0,0.575336,-0.082834
2002-04-19,贵州茅台,600519,4.85719164,4.8652002,4.79045364,4.83450072,4.85719164,885432,31912486.0,1.238366,-0.467156
2002-04-18,贵州茅台,600519,4.938612,4.96397244,4.85585688,4.85719164,4.93594248,853815,31299469.0,1.194147,-1.595457
2002-04-17,贵州茅台,600519,5.138826,5.138826,4.9185906,4.93594248,5.10679176,1321928,48993045.0,1.84885,-3.345527
2002-04-16,贵州茅台,600519,5.05607088,5.1121308,5.05607088,5.10679176,5.05740564,603615,23013458.0,0.844217,0.976508
2002-04-15,贵州茅台,600519,5.13348696,5.138826,5.0186976,5.05740564,5.072088,292594,11085699.0,0.409222,-0.289475
2002-04-12,贵州茅台,600519,5.02136712,5.10145272,5.00801952,5.072088,5.00401524,451928,17168808.0,0.632067,1.360358
2002-04-11,贵州茅台,600519,5.00401524,5.05607088,4.99333716,5.00401524,5.00268048,679799,25576043.0,0.950768,0.026687
2002-04-10,贵州茅台,600519,4.99600668,5.04138852,4.9653072,5.00268048,4.99600668,342383,12828309.0,0.478857,0.133581
2002-04-09,贵州茅台,600519,4.938612,5.00535,4.92259488,4.99600668,4.938612,329157,12257478.0,0.460359,1.162163
2002-04-08,贵州茅台,600519,4.9786548,4.9920024,4.9319382,4.938612,4.97598528,230046,8539346.0,0.321743,-0.75107
2002-04-05,贵州茅台,600519,5.04272328,5.06407944,4.9519596,4.97598528,5.01602808,304685,11402145.0,0.426133,-0.798305
2002-04-04,贵州茅台,600519,4.93460772,5.0186976,4.87320876,5.01602808,4.93594248,516143,19068025.0,0.721878,1.622505
2002-04-03,贵州茅台,600519,4.94128152,4.9786548,4.91458632,4.93594248,4.94128152,601945,22255856.0,0.841881,-0.108052
2002-04-02,贵州茅台,600519,5.02003236,5.04005376,4.91325156,4.94128152,5.0186976,732933,27163339.0,1.025081,-1.542548
2002-04-01,贵州茅台,600519,4.95996816,5.04405804,4.95462912,5.0186976,4.97331576,276605,10386559.0,0.38686,0.912507
2002-03-29,贵州茅台,600519,5.072088,5.0787618,4.9519596,4.97331576,5.07342276,1062547,39865325.0,1.48608,-1.973165
2002-03-28,贵州茅台,600519,5.07342276,5.10946128,5.072088,5.07342276,5.0854356,529157,20150615.0,0.74008,-0.236221
2002-03-27,贵州茅台,600519,5.0921094,5.13348696,5.06007516,5.0854356,5.0987832,499101,19022433.0,0.698043,-0.261786
2002-03-26,贵州茅台,600519,5.1655212,5.1788688,5.08810512,5.0987832,5.17619928,623909,23950585.0,0.8726,-1.495611
2002-03-25,贵州茅台,600519,5.13749124,5.1922164,5.1121308,5.17619928,5.14416504,431507,16693141.0,0.603506,0.622724
2002-03-22,贵州茅台,600519,5.19488592,5.205564,5.12814792,5.14416504,5.19488592,797276,30733685.0,1.115071,-0.976355
2002-03-21,贵州茅台,600519,5.2456068,5.28031056,5.16018216,5.19488592,5.20155972,1503721,58789396.0,2.103106,-0.128312
2002-03-20,贵州茅台,600519,5.1788688,5.272302,5.1655212,5.20155972,5.172195,1503133,58767953.0,2.102284,0.567745
2002-03-19,贵州茅台,600519,5.0854356,5.18954688,5.07475752,5.172195,5.072088,677404,26123110.0,0.947418,1.973684
2002-03-18,贵州茅台,600519,5.08810512,5.1788688,5.0587404,5.072088,5.06140992,607027,23162182.0,0.848989,0.210975
2002-03-15,贵州茅台,600519,5.07475752,5.1922164,5.0520666,5.06140992,5.15484312,1189288,45551718.0,1.66334,-1.812534
2002-03-14,贵州茅台,600519,5.08677036,5.1655212,5.0787618,5.15484312,5.10412224,638774,24487493.0,0.89339,0.993717
2002-03-13,贵州茅台,600519,5.11346556,5.1788688,5.09744844,5.10412224,5.138826,779399,29935169.0,1.090069,-0.67532
2002-03-12,贵州茅台,600519,5.2656282,5.2656282,5.138826,5.138826,5.2656282,1725185,66875879.0,2.412846,-2.408113
2002-03-11,贵州茅台,600519,5.29766244,5.29766244,5.21490732,5.2656282,5.28965388,1760600,69191402.0,2.462378,-0.454202
2002-03-08,贵州茅台,600519,5.1454998,5.30967528,5.1454998,5.28965388,5.138826,3532681,137988821.0,4.940813,2.935068
2002-03-07,贵州茅台,600519,5.0987832,5.1521736,5.0787618,5.138826,5.12013936,1361602,52163426.0,1.904338,0.364962
2002-03-06,贵州茅台,600519,5.1788688,5.21624208,5.07475752,5.12013936,5.15083884,1862014,71904848.0,2.604215,-0.596008
2002-03-05,贵州茅台,600519,5.08009656,5.2189116,5.05340136,5.15083884,5.07742704,2218887,85787001.0,3.103338,1.445844
2002-03-04,贵州茅台,600519,4.9853286,5.08276608,4.95462912,5.07742704,4.99066764,522485,19593096.0,0.730748,1.738437
2002-03-01,贵州茅台,600519,5.0654142,5.0921094,4.9653072,4.99066764,5.072088,742145,27907358.0,1.037965,-1.605265
2002-02-28,贵州茅台,600519,5.072088,5.13348696,5.04272328,5.072088,5.06274468,1250698,47786791.0,1.749228,0.18455
2002-02-27,贵州茅台,600519,5.0520666,5.0854356,5.00535,5.06274468,5.04138852,829081,31387541.0,1.159554,0.423616
2002-02-26,贵州茅台,600519,5.07075324,5.138826,4.9986762,5.04138852,5.0253714,1481599,56234511.0,2.072166,0.318722
2002-02-25,贵州茅台,600519,5.0253714,5.0253714,5.0253714,5.0253714,5.0253714,0,0.0,,0.0
2002-02-08,贵州茅台,600519,5.0186976,5.0987832,5.01602808,5.0253714,4.99333716,1256931,47643920.0,1.757945,0.641544
2002-02-07,贵州茅台,600519,4.96263768,5.06140992,4.95462912,4.99333716,4.96263768,668817,25158901.0,0.935408,0.618611
2002-02-06,贵州茅台,600519,5.05340136,5.08677036,4.95062484,4.96263768,5.0587404,966854,36137656.0,1.352243,-1.899739
2002-02-05,贵州茅台,600519,5.06274468,5.16285168,5.02270188,5.0587404,5.06140992,1119573,42691507.0,1.565836,-0.052734
2002-02-04,贵州茅台,600519,4.96263768,5.0921094,4.938612,5.06140992,4.94662056,1651019,62395237.0,2.309117,2.320552
2002-02-01,贵州茅台,600519,5.00535,5.06941848,4.9252644,4.94662056,5.0186976,1734503,64926556.0,2.425878,-1.436163
2002-01-31,贵州茅台,600519,4.805136,5.072088,4.805136,5.0186976,4.74907608,4082830,152780902.0,5.710252,5.677337
2002-01-30,贵州茅台,600519,4.7517456,4.84250928,4.6983552,4.74907608,4.75975416,841922,30030708.0,1.177513,-0.224335
2002-01-29,贵州茅台,600519,4.6983552,4.8318312,4.66899048,4.75975416,4.73706324,1187200,42283085.0,1.66042,0.479003
2002-01-28,贵州茅台,600519,4.938612,4.97732004,4.7117028,4.73706324,4.9519596,2166782,77886073.0,3.030464,-4.339614
2002-01-25,贵州茅台,600519,4.97064624,5.01469332,4.9119168,4.9519596,4.97732004,1394112,51685502.0,1.949807,-0.509527
2002-01-24,贵州茅台,600519,4.98666336,5.05473612,4.9119168,4.97732004,5.02136712,2661580,99483236.0,3.72249,-0.877188
2002-01-23,贵州茅台,600519,4.8918954,5.0253714,4.8318312,5.02136712,4.86386544,2333648,86396947.0,3.263843,3.238201
2002-01-22,贵州茅台,600519,4.7784408,4.9319382,4.7784408,4.86386544,4.78778412,1348567,49186214.0,1.886108,1.589071
2002-01-21,贵州茅台,600519,4.8451788,4.8852216,4.74907608,4.78778412,4.8918954,1575593,56764193.0,2.203627,-2.128247
2002-01-18,贵州茅台,600519,4.6449648,4.92259488,4.6316172,4.8918954,4.67966856,3226208,116437266.0,4.512179,4.535083
2002-01-17,贵州茅台,600519,4.8318312,4.87053924,4.6316172,4.67966856,4.8518526,2418031,85418339.0,3.381862,-3.548823
2002-01-16,贵州茅台,600519,4.86920448,4.93460772,4.7250504,4.8518526,4.87721304,1397433,50700232.0,1.954452,-0.519985
2002-01-15,贵州茅台,600519,4.80246648,4.9452858,4.79312316,4.87721304,4.8184836,1824741,66666866.0,2.552085,1.218843
2002-01-14,贵州茅台,600519,4.7650932,4.8585264,4.72905468,4.8184836,4.8118098,1871851,67196713.0,2.617973,0.138694
2002-01-11,贵州茅台,600519,4.93994676,4.95729864,4.805136,4.8118098,4.97064624,1183475,43306414.0,1.65521,-3.195495
2002-01-10,贵州茅台,600519,4.93594248,4.99066764,4.8518526,4.97064624,4.92126012,1881555,69093753.0,2.631545,1.003533
2002-01-09,贵州茅台,600519,4.871874,4.96263768,4.8518526,4.92126012,4.88388684,1060682,38912708.0,1.483471,0.765233
2002-01-08,贵州茅台,600519,4.938612,5.01736284,4.86920448,4.88388684,4.9853286,1328664,48947614.0,1.858271,-2.034801
2002-01-07,贵州茅台,600519,4.9586334,5.00535,4.89589968,4.9853286,5.0120238,1894295,70279717.0,2.649364,-0.532625
2002-01-04,贵州茅台,600519,5.16819072,5.1788688,4.9986762,5.0120238,5.1454998,2910962,111030307.0,4.071276,-2.594034
2001-12-31,贵州茅台,600519,5.02804092,5.2456068,5.00001096,5.1454998,4.9786548,5219541,202281565.0,7.300057,3.351206
2001-12-28,贵州茅台,600519,4.9786548,5.0186976,4.92259488,4.9786548,4.98132432,1227932,45692306.0,1.717387,-0.053592
2001-12-27,贵州茅台,600519,4.96797672,5.05073184,4.92793392,4.98132432,4.96397244,2328478,87052679.0,3.256613,0.349559
2001-12-26,贵州茅台,600519,4.87721304,4.971981,4.8184836,4.96397244,4.871874,1680952,62127143.0,2.350982,1.890407
2001-12-25,贵州茅台,600519,4.8652002,4.90123872,4.7984622,4.871874,4.86119592,1218260,44420025.0,1.70386,0.219665
2001-12-24,贵州茅台,600519,4.80380124,4.971981,4.77977556,4.86119592,4.78778412,2725079,99947172.0,3.811299,1.533313
2001-12-21,贵州茅台,600519,4.6316172,4.80113172,4.6316172,4.78778412,4.63962576,813504,28861442.0,1.137768,3.193327
2001-12-20,贵州茅台,600519,4.7917884,4.7917884,4.6249434,4.63962576,4.79979696,1136223,39988830.0,1.589123,-3.337044
2001-12-19,贵州茅台,600519,4.7917884,4.87053924,4.75574988,4.79979696,4.7917884,962001,34761229.0,1.345456,0.167124
2001-12-18,贵州茅台,600519,4.73572848,4.79979696,4.6850076,4.7917884,4.71971136,482120,17167382.0,0.674294,1.527152
2001-12-17,贵州茅台,600519,4.68634236,4.75308036,4.6783338,4.71971136,4.6983552,441389,15611050.0,0.617327,0.454545
2001-12-14,贵州茅台,600519,4.67432952,4.738398,4.67432952,4.6983552,4.70636376,284125,10026619.0,0.397378,-0.170158
2001-12-13,贵州茅台,600519,4.75308036,4.80113172,4.6983552,4.70636376,4.77443652,354045,12580276.0,0.495168,-1.425782
2001-12-12,贵州茅台,600519,4.7517456,4.8184836,4.7517456,4.77443652,4.75708464,463267,16611472.0,0.647926,0.364762
2001-12-11,贵州茅台,600519,4.805136,4.805136,4.75308036,4.75708464,4.80380124,358002,12821499.0,0.500702,-0.972499
2001-12-10,贵州茅台,600519,4.805136,4.81581408,4.76642796,4.80380124,4.78644936,416156,14941666.0,0.582036,0.362524
2001-12-07,贵州茅台,600519,4.8184836,4.8318312,4.7784408,4.78644936,4.81314456,390820,14031912.0,0.546601,-0.554633
2001-12-06,贵州茅台,600519,4.7917884,4.8451788,4.7784408,4.81314456,4.805136,637222,23004767.0,0.89122,0.16667
2001-12-05,贵州茅台,600519,4.938612,4.938612,4.79979696,4.805136,4.83316596,1502835,54737513.0,2.101867,-0.579948
2001-12-04,贵州茅台,600519,4.838505,4.84117452,4.77977556,4.83316596,4.82782692,689499,24859860.0,0.964334,0.110591
2001-12-03,贵州茅台,600519,4.7183766,4.84117452,4.71704184,4.82782692,4.71704184,1603705,57741700.0,2.242944,2.348608
2001-11-30,贵州茅台,600519,4.64896908,4.7317242,4.6449648,4.71704184,4.64896908,407097,14292950.0,0.569366,1.46425
2001-11-29,贵州茅台,600519,4.67299476,4.6983552,4.64629956,4.64896908,4.6783338,304618,10658762.0,0.426039,-0.627667
2001-11-28,贵州茅台,600519,4.6783338,4.72371564,4.6583124,4.6783338,4.67166,377362,13256608.0,0.527779,0.142855
2001-11-27,贵州茅台,600519,4.61560008,4.68100332,4.61560008,4.67166,4.61960436,256948,8954894.0,0.359368,1.12684
2001-11-26,贵州茅台,600519,4.67166,4.67166,4.604922,4.61960436,4.66899048,310099,10749495.0,0.433705,-1.057744
2001-11-23,贵州茅台,600519,4.67299476,4.705029,4.64229528,4.66899048,4.68767712,396090,13866447.0,0.553972,-0.398632
2001-11-22,贵州茅台,600519,4.70102472,4.7117028,4.65964716,4.68767712,4.69568568,419879,14713840.0,0.587243,-0.170555
2001-11-21,贵州茅台,600519,4.73572848,4.738398,4.6583124,4.69568568,4.72238088,511442,17957628.0,0.715303,-0.565293
2001-11-20,贵州茅台,600519,4.6983552,4.74240228,4.6583124,4.72238088,4.6783338,806908,28559195.0,1.128543,0.941517
2001-11-19,贵州茅台,600519,4.5582054,4.68233808,4.5515316,4.6783338,4.55019684,373461,12950484.0,0.522323,2.816072
2001-11-16,贵州茅台,600519,4.8318312,4.8318312,4.53684924,4.55019684,4.49547168,995470,34600364.0,1.392266,1.217339
2001-11-15,贵州茅台,600519,4.4914674,4.5114888,4.471446,4.49547168,4.4914674,219345,7378238.0,0.306776,0.089149
2001-11-14,贵州茅台,600519,4.49013264,4.538184,4.49013264,4.4914674,4.49013264,76900,2599260.0,0.107552,0.029733
2001-11-13,贵州茅台,600519,4.44208128,4.4981412,4.43273796,4.49013264,4.4847936,267381,8965279.0,0.373959,0.11905
2001-11-12,贵州茅台,600519,4.5915744,4.5915744,4.47411552,4.4847936,4.5582054,268333,9088858.0,0.375291,-1.610551
2001-11-09,贵州茅台,600519,4.4981412,4.60225248,4.45008984,4.5582054,4.4981412,376076,12737203.0,0.52598,1.335314
2001-11-08,贵州茅台,600519,4.4514246,4.52350164,4.40203848,4.4981412,4.5181626,740216,24682905.0,1.035267,-0.443125
2001-11-07,贵州茅台,600519,4.67166,4.67166,4.5114888,4.5181626,4.6916814,932538,31791131.0,1.304249,-3.698444
2001-11-06,贵州茅台,600519,4.6449648,4.7117028,4.63428672,4.6916814,4.6583124,260931,9138666.0,0.364938,0.716332
2001-11-05,贵州茅台,600519,4.67166,4.70636376,4.6316172,4.6583124,4.71971136,369076,12879737.0,0.51619,-1.300902
2001-11-02,贵州茅台,600519,4.70903328,4.76776272,4.69301616,4.71971136,4.74774132,343520,12189356.0,0.480448,-0.590383
2001-11-01,贵州茅台,600519,4.6783338,4.75708464,4.6649862,4.74774132,4.6783338,664303,23511580.0,0.929095,1.483596
2001-10-31,贵州茅台,600519,4.67166,4.68367284,4.6449648,4.6783338,4.67166,476247,16633345.0,0.66608,0.142855
2001-10-30,贵州茅台,600519,4.705029,4.73706324,4.66098192,4.67166,4.7117028,348417,12214728.0,0.487297,-0.849856
2001-10-29,贵州茅台,600519,4.65564288,4.75574988,4.65564288,4.7117028,4.67166,458786,16205054.0,0.641659,0.857141
2001-10-26,贵州茅台,600519,4.6316172,4.6850076,4.59424392,4.67166,4.65564288,900220,31280145.0,1.259049,0.344034
2001-10-25,贵州茅台,600519,4.7650932,4.7784408,4.65297336,4.65564288,4.78644936,1603686,56527283.0,2.242917,-2.732849
2001-10-24,贵州茅台,600519,4.90924728,4.9119168,4.68634236,4.78644936,4.81447932,4068239,147001102.0,5.689845,-0.582199
2001-10-23,贵州茅台,600519,4.805136,4.81447932,4.67299476,4.81447932,4.37667804,4059824,145710538.0,5.678076,10.00305
2001-10-22,贵州茅台,600519,4.4447508,4.4981412,4.3646652,4.37667804,4.471446,976065,32268911.0,1.365126,-2.1194
2001-10-19,贵州茅台,600519,4.538184,4.5582054,4.40604276,4.471446,4.54352304,1568754,52422843.0,2.194062,-1.586372
2001-10-18,贵州茅台,600519,4.5648792,4.62627816,4.52617116,4.54352304,4.5648792,498346,16999063.0,0.696987,-0.467836
2001-10-17,贵州茅台,600519,4.64363004,4.64629956,4.5248364,4.5648792,4.6449648,1250768,42766283.0,1.749326,-1.724134
2001-10-16,贵州茅台,600519,4.68901188,4.7784408,4.638291,4.6449648,4.7117028,831991,29068173.0,1.163624,-1.416431
2001-10-15,贵州茅台,600519,4.7917884,4.805136,4.6583124,4.7117028,4.805136,975531,34501714.0,1.364379,-1.944447
2001-10-12,贵州茅台,600519,4.7917884,4.8918954,4.5448578,4.805136,4.771767,2001070,70897331.0,2.798699,0.699301
2001-10-11,贵州茅台,600519,4.80647076,4.871874,4.7584194,4.771767,4.8184836,1230684,44319896.0,1.721236,-0.969525
2001-10-10,贵州茅台,600519,4.9786548,4.99600668,4.80914028,4.8184836,4.9786548,1754869,63956753.0,2.454362,-3.21716
2001-10-09,贵州茅台,600519,4.8852216,5.00535,4.8852216,4.9786548,4.88255208,955852,35498605.0,1.336856,1.968282
2001-10-08,贵州茅台,600519,4.938612,4.96263768,4.838505,4.88255208,4.95062484,655217,24091149.0,0.916387,-1.375029
2001-09-28,贵州茅台,600519,4.9252644,4.9653072,4.871874,4.95062484,4.8985692,1708847,63169143.0,2.389996,1.062669
2001-09-27,贵州茅台,600519,4.81581408,4.93594248,4.805136,4.8985692,4.81581408,877804,32085131.0,1.227698,1.7184
2001-09-26,贵州茅台,600519,4.81981836,4.86920448,4.805136,4.81581408,4.83583548,495626,17892565.0,0.693183,-0.414015
2001-09-25,贵州茅台,600519,4.84250928,4.87721304,4.8118098,4.83583548,4.8118098,348845,12639790.0,0.487895,0.499307
2001-09-24,贵州茅台,600519,4.81314456,4.85719164,4.805136,4.8118098,4.81314456,406860,14703096.0,0.569035,-0.027737
2001-09-21,贵州茅台,600519,4.84250928,4.8852216,4.805136,4.81314456,4.88655636,787972,28638681.0,1.102059,-1.50232
2001-09-20,贵州茅台,600519,4.9252644,4.9452858,4.871874,4.88655636,4.92793392,1117335,41189577.0,1.562706,-0.839647
2001-09-19,贵州茅台,600519,4.8451788,4.92793392,4.81314456,4.92793392,4.838505,865053,31597369.0,1.209864,1.848271
2001-09-18,贵州茅台,600519,4.78911888,4.8785478,4.7851146,4.838505,4.78377984,1077326,39006062.0,1.50675,1.143973
2001-09-17,贵州茅台,600519,4.81581408,4.84384404,4.738398,4.78377984,4.8451788,898397,32183249.0,1.256499,-1.267215
2001-09-14,贵州茅台,600519,4.80647076,4.871874,4.7784408,4.8451788,4.79045364,767283,27740691.0,1.073123,1.142379
2001-09-13,贵州茅台,600519,4.80647076,4.8451788,4.7650932,4.79045364,4.80246648,1098668,39512775.0,1.536599,-0.250139
2001-09-12,贵州茅台,600519,4.71570708,4.8318312,4.7117028,4.80246648,4.84384404,2504519,89421380.0,3.502824,-0.854234
2001-09-11,贵州茅台,600519,4.9119168,4.9319382,4.8318312,4.84384404,4.8985692,1139081,41579698.0,1.59312,-1.117166
2001-09-10,贵州茅台,600519,4.7250504,4.9185906,4.67299476,4.8985692,4.76242368,1887889,68406471.0,2.640404,2.858746
2001-09-07,贵州茅台,600519,4.871874,4.9319382,4.7584194,4.76242368,4.8985692,3155225,113868743.0,4.412902,-2.779293
2001-09-06,贵州茅台,600519,4.9853286,5.00134572,4.87320876,4.8985692,4.99734144,2899703,107078403.0,4.055529,-1.97649
2001-09-05,贵州茅台,600519,5.02003236,5.06140992,4.96664196,4.99734144,5.00001096,2606695,97796243.0,3.645727,-0.053392
2001-09-04,贵州茅台,600519,4.93994676,5.08276608,4.92259488,5.00001096,4.93727724,3700677,139204380.0,5.175772,1.270607
2001-09-03,贵州茅台,600519,4.9653072,5.01469332,4.9185906,4.93727724,4.93994676,2211209,82129438.0,3.0926,-0.05403
2001-08-31,贵州茅台,600519,4.9586334,5.02136712,4.9119168,4.93994676,4.9519596,2323148,86231237.0,3.249158,-0.242588
2001-08-30,贵州茅台,600519,4.84250928,5.00668476,4.805136,4.9519596,4.85585688,4801306,177558558.0,6.715113,1.979102
2001-08-29,贵州茅台,600519,4.93594248,4.938612,4.8184836,4.85585688,4.91992536,5325275,194689620.0,7.447937,-1.302223
2001-08-28,贵州茅台,600519,4.67032524,4.938612,4.61960436,4.91992536,4.7450718,12964779,463463143.0,18.132558,3.684955
2001-08-27,贵州茅台,600519,4.60625676,5.04272328,4.3846866,4.7450718,4.18981164,40631800,1410347179.0,56.827692,13.25263
