日期,股票名称,代码,开盘,最高,最低,收盘,前收盘,成交量,成交额,换手率,涨跌幅
2026-05-14,迈瑞医疗,300760,165.1,166.49,163.94,163.96,165.94,18044,297870917.88,0.15,-1.19
2026-05-13,迈瑞医疗,300760,166.3,167.25,164.22,165.94,166.39,71098,1175652869.0,0.59,-0.27
2026-05-12,迈瑞医疗,300760,168.68,169.84,166.26,166.39,169.21,81037,1357088446.0,0.67,-1.67
2026-05-11,迈瑞医疗,300760,170.0,170.9,167.03,169.21,170.61,122537,2063686520.0,1.01,-0.82
2026-05-08,迈瑞医疗,300760,170.4,172.67,170.32,170.61,170.5,71134,1220721296.0,0.59,0.06
2026-05-07,迈瑞医疗,300760,173.19,176.56,170.25,170.5,172.68,103423,1777293308.0,0.85,-1.26
2026-05-06,迈瑞医疗,300760,168.39,173.3,168.0,172.68,168.4,127733,2198045329.0,1.05,2.54
2026-04-30,迈瑞医疗,300760,167.5,169.88,166.81,168.4,168.4,97616,1643218327.0,0.81,0.0
2026-04-29,迈瑞医疗,300760,162.3,169.01,162.11,168.4,161.11,195908,3272550512.0,1.62,4.52
2026-04-28,迈瑞医疗,300760,157.77,162.9,157.6,161.11,158.01,126775,2035785399.0,1.05,1.96
2026-04-27,迈瑞医疗,300760,160.3,160.92,157.81,158.01,161.0,80514,1280012693.0,0.66,-1.86
2026-04-24,迈瑞医疗,300760,160.25,162.76,158.63,161.0,161.04,92238,1485053892.0,0.76,-0.02
2026-04-23,迈瑞医疗,300760,159.49,162.46,159.0,161.04,159.6,102520,1652382265.0,0.85,0.9
2026-04-22,迈瑞医疗,300760,157.01,160.99,157.01,159.6,158.85,70472,1119470513.0,0.58,0.47
2026-04-21,迈瑞医疗,300760,158.13,161.81,158.0,158.85,158.1,79928,1273422195.0,0.66,0.47
2026-04-20,迈瑞医疗,300760,156.5,159.77,154.6,158.1,156.75,91233,1433529677.0,0.75,0.86
2026-04-17,迈瑞医疗,300760,159.92,159.92,156.71,156.75,160.46,89171,1404800005.0,0.74,-2.31
2026-04-16,迈瑞医疗,300760,160.32,160.86,159.46,160.46,160.3,54493,872440529.0,0.45,0.1
2026-04-15,迈瑞医疗,300760,161.54,162.62,160.02,160.3,160.46,66863,1076187327.0,0.55,-0.1
2026-04-14,迈瑞医疗,300760,158.68,161.57,156.91,160.46,157.94,89108,1415425782.0,0.74,1.6
2026-04-13,迈瑞医疗,300760,157.5,159.62,156.51,157.94,158.18,59907,946382375.0,0.49,-0.15
2026-04-10,迈瑞医疗,300760,157.1,159.98,156.35,158.18,156.3,87891,1391683141.0,0.73,1.2
2026-04-09,迈瑞医疗,300760,161.5,161.91,156.18,156.3,162.92,118939,1879819789.0,0.98,-4.06
2026-04-08,迈瑞医疗,300760,159.53,162.98,159.53,162.92,157.76,81943,1325537833.0,0.68,3.27
2026-04-07,迈瑞医疗,300760,158.43,159.78,157.36,157.76,158.4,47255,748480769.0,0.39,-0.4
2026-04-03,迈瑞医疗,300760,161.98,162.44,158.32,158.4,162.4,75719,1207402890.0,0.63,-2.46
2026-04-02,迈瑞医疗,300760,165.5,165.58,162.1,162.4,165.9,91590,1495120696.0,0.76,-2.11
2026-04-01,迈瑞医疗,300760,165.76,170.25,164.75,165.9,164.66,98331,1639402203.0,0.81,0.75
2026-03-31,迈瑞医疗,300760,167.36,169.0,164.66,164.66,170.77,89706,1495198847.0,0.74,-3.58
2026-03-30,迈瑞医疗,300760,168.5,171.49,168.04,170.77,169.6,61306,1043269848.0,0.51,0.69
2026-03-27,迈瑞医疗,300760,163.0,169.98,162.6,169.6,164.3,79020,1327258388.0,0.65,3.23
2026-03-26,迈瑞医疗,300760,166.99,168.25,164.25,164.3,167.47,62223,1031465535.0,0.51,-1.89
2026-03-25,迈瑞医疗,300760,168.0,168.49,166.78,167.47,166.37,52102,873242056.0,0.43,0.66
2026-03-24,迈瑞医疗,300760,167.96,168.25,165.25,166.37,165.61,56092,932803795.0,0.46,0.46
2026-03-23,迈瑞医疗,300760,167.01,168.75,165.17,165.61,169.52,87858,1465283908.0,0.73,-2.31
2026-03-20,迈瑞医疗,300760,171.86,173.23,169.52,169.52,171.86,66369,1133363430.0,0.55,-1.36
2026-03-19,迈瑞医疗,300760,173.18,173.95,171.69,171.86,174.92,67673,1167586341.0,0.56,-1.75
2026-03-18,迈瑞医疗,300760,177.8,178.39,174.24,174.92,178.1,81501,1428657765.0,0.67,-1.79
2026-03-17,迈瑞医疗,300760,177.5,180.55,177.18,178.1,177.25,71737,1284850936.0,0.59,0.48
2026-03-16,迈瑞医疗,300760,179.0,179.13,176.66,177.25,178.57,51759,918869003.0,0.43,-0.74
2026-03-13,迈瑞医疗,300760,178.51,179.21,177.32,178.57,178.18,39191,699907578.0,0.32,0.22
2026-03-12,迈瑞医疗,300760,180.3,180.72,178.01,178.18,180.57,49683,888132451.0,0.41,-1.32
2026-03-11,迈瑞医疗,300760,180.5,181.85,179.32,180.57,180.34,51409,927062420.0,0.42,0.13
2026-03-10,迈瑞医疗,300760,179.99,180.76,179.27,180.34,178.78,39388,709263505.0,0.33,0.87
2026-03-09,迈瑞医疗,300760,179.5,181.98,177.83,178.78,181.37,58668,1052744456.0,0.48,-1.43
2026-03-06,迈瑞医疗,300760,175.8,182.25,175.5,181.37,176.2,76385,1378955726.0,0.63,2.93
2026-03-05,迈瑞医疗,300760,178.0,178.3,175.9,176.2,175.75,50981,901181051.0,0.42,0.26
2026-03-04,迈瑞医疗,300760,179.75,179.78,175.75,175.75,180.4,88354,1566433299.0,0.73,-2.58
2026-03-03,迈瑞医疗,300760,183.25,183.85,180.3,180.4,183.7,85672,1556552527.0,0.71,-1.8
2026-03-02,迈瑞医疗,300760,184.91,186.01,181.75,183.7,185.92,86210,1584365515.0,0.71,-1.19
2026-02-27,迈瑞医疗,300760,186.9,186.9,185.78,185.92,187.28,53193,989897082.0,0.44,-0.73
2026-02-26,迈瑞医疗,300760,187.6,189.99,186.5,187.28,186.96,57760,1084388865.0,0.48,0.17
2026-02-25,迈瑞医疗,300760,186.2,187.94,185.15,186.96,186.2,50336,941800595.0,0.42,0.41
2026-02-24,迈瑞医疗,300760,187.82,187.95,185.79,186.2,185.77,42495,792131147.0,0.35,0.23
2026-02-13,迈瑞医疗,300760,187.96,187.96,185.67,185.77,188.0,64606,1204825806.0,0.53,-1.19
2026-02-12,迈瑞医疗,300760,189.21,189.77,188.0,188.0,189.21,46482,875685158.0,0.38,-0.64
2026-02-11,迈瑞医疗,300760,190.0,190.38,189.12,189.21,190.36,35632,675849315.0,0.29,-0.6
2026-02-10,迈瑞医疗,300760,189.16,191.0,188.68,190.36,189.17,51748,983171128.0,0.43,0.63
2026-02-09,迈瑞医疗,300760,189.68,189.94,188.81,189.17,189.49,50721,959213244.0,0.42,-0.17
2026-02-06,迈瑞医疗,300760,191.89,192.32,188.66,189.49,192.1,70937,1346819776.0,0.59,-1.36
2026-02-05,迈瑞医疗,300760,191.96,193.5,191.25,192.1,192.66,56820,1093047724.0,0.47,-0.29
2026-02-04,迈瑞医疗,300760,187.98,193.22,187.37,192.66,188.15,84306,1602704045.0,0.7,2.4
2026-02-03,迈瑞医疗,300760,187.79,188.88,187.03,188.15,187.11,57471,1080126908.0,0.47,0.56
2026-02-02,迈瑞医疗,300760,189.5,190.95,187.11,187.11,189.26,66634,1259069262.0,0.55,-1.14
2026-01-30,迈瑞医疗,300760,193.33,193.33,189.26,189.26,193.38,75037,1433946562.0,0.62,-2.13
2026-01-29,迈瑞医疗,300760,188.07,194.5,186.75,193.38,188.06,116545,2228474531.0,0.96,2.83
2026-01-28,迈瑞医疗,300760,192.1,192.15,188.0,188.06,192.16,143051,2710394003.0,1.18,-2.13
2026-01-27,迈瑞医疗,300760,195.25,196.5,192.0,192.16,195.1,95524,1847847776.0,0.79,-1.51
2026-01-26,迈瑞医疗,300760,195.88,196.72,193.13,195.1,195.51,99070,1927293439.0,0.82,-0.21
2026-01-23,迈瑞医疗,300760,194.75,197.0,194.3,195.51,193.5,83473,1633560992.0,0.69,1.04
2026-01-22,迈瑞医疗,300760,195.85,196.09,193.35,193.5,195.3,72342,1406657819.0,0.6,-0.92
2026-01-21,迈瑞医疗,300760,196.9,198.18,195.06,195.3,197.0,75113,1475799678.0,0.62,-0.86
2026-01-20,迈瑞医疗,300760,200.91,201.18,196.6,197.0,200.19,81094,1607818354.0,0.67,-1.59
2026-01-19,迈瑞医疗,300760,201.19,202.88,199.88,200.19,201.19,71560,1438803781.0,0.59,-0.5
2026-01-16,迈瑞医疗,300760,204.51,206.71,201.03,201.19,204.08,96088,1947856719.0,0.79,-1.42
2026-01-15,迈瑞医疗,300760,206.75,207.5,203.5,204.08,207.76,99754,2042603168.0,0.82,-1.77
2026-01-14,迈瑞医疗,300760,208.0,214.12,206.12,207.76,208.22,155121,3264068434.0,1.28,-0.22
2026-01-13,迈瑞医疗,300760,209.2,213.08,207.5,208.22,208.03,156085,3275701163.0,1.29,0.09
2026-01-12,迈瑞医疗,300760,204.75,209.31,204.5,208.03,203.68,129125,2681170241.0,1.07,2.14
2026-01-09,迈瑞医疗,300760,202.0,205.2,201.85,203.68,201.71,89798,1827441992.0,0.74,0.98
2026-01-08,迈瑞医疗,300760,201.25,203.3,199.3,201.71,200.87,83669,1684368757.0,0.69,0.42
2026-01-07,迈瑞医疗,300760,203.87,204.14,200.04,200.87,203.94,97680,1970678841.0,0.81,-1.51
2026-01-06,迈瑞医疗,300760,200.5,205.7,200.11,203.94,199.6,134773,2736507775.0,1.11,2.17
2026-01-05,迈瑞医疗,300760,190.46,199.86,190.46,199.6,190.45,169748,3338574020.0,1.4,4.8
2025-12-31,迈瑞医疗,300760,195.2,195.38,190.37,190.45,195.59,113748,2181941819.0,0.94,-2.63
2025-12-30,迈瑞医疗,300760,199.03,199.5,194.98,195.59,199.0,82724,1623313217.0,0.68,-1.71
2025-12-29,迈瑞医疗,300760,200.02,201.5,198.8,199.0,199.99,51737,1033931126.0,0.43,-0.5
2025-12-26,迈瑞医疗,300760,201.25,201.88,199.61,199.99,201.43,41234,825869251.0,0.34,-0.71
2025-12-25,迈瑞医疗,300760,198.0,202.1,197.06,201.43,198.13,57631,1154498719.0,0.48,1.67
2025-12-24,迈瑞医疗,300760,197.75,198.73,197.31,198.13,198.07,34518,683646784.0,0.28,0.03
2025-12-23,迈瑞医疗,300760,200.0,200.45,198.0,198.07,199.7,42562,845242974.0,0.35,-0.82
2025-12-22,迈瑞医疗,300760,198.34,200.93,197.75,199.7,198.19,50421,1007424678.0,0.42,0.76
2025-12-19,迈瑞医疗,300760,197.7,200.3,197.51,198.19,197.77,47550,944854021.0,0.39,0.21
2025-12-18,迈瑞医疗,300760,196.0,199.91,195.75,197.77,196.36,48335,957501152.0,0.4,0.72
2025-12-17,迈瑞医疗,300760,194.8,197.84,193.47,196.36,194.81,57775,1128723674.0,0.48,0.8
2025-12-16,迈瑞医疗,300760,197.03,198.98,194.81,194.81,197.01,51519,1008042443.0,0.42,-1.12
2025-12-15,迈瑞医疗,300760,199.64,200.0,197.01,197.01,199.82,49455,982059614.0,0.41,-1.41
2025-12-12,迈瑞医疗,300760,195.75,200.75,194.51,199.82,195.77,112033,2222511006.0,0.92,2.07
2025-12-11,迈瑞医疗,300760,198.0,198.69,195.77,195.77,198.0,56728,1116988940.0,0.47,-1.13
2025-12-10,迈瑞医疗,300760,197.75,198.45,195.85,198.0,198.71,51345,1012919769.0,0.42,-0.36
2025-12-09,迈瑞医疗,300760,200.0,203.49,198.03,198.71,200.05,57404,1147924113.0,0.47,-0.67
2025-12-08,迈瑞医疗,300760,202.39,204.75,200.02,200.05,202.39,61072,1233828998.0,0.5,-1.16
2025-12-05,迈瑞医疗,300760,200.05,202.88,199.3,202.39,200.0,44733,898941165.0,0.37,1.2
2025-12-04,迈瑞医疗,300760,200.0,201.99,199.68,200.0,199.5,36312,728550135.0,0.3,0.25
2025-12-03,迈瑞医疗,300760,200.62,201.07,198.31,199.5,200.62,44690,892968122.0,0.37,-0.56
2025-12-02,迈瑞医疗,300760,201.0,202.24,200.2,200.62,201.62,42518,855263688.0,0.35,-0.5
2025-12-01,迈瑞医疗,300760,204.0,204.0,200.5,201.62,204.01,58860,1185132545.0,0.49,-1.17
2025-11-28,迈瑞医疗,300760,199.0,204.5,198.71,204.01,196.3,117761,2378087621.0,0.97,3.93
2025-11-27,迈瑞医疗,300760,193.39,197.75,191.78,196.3,193.4,71970,1404717500.0,0.59,1.5
2025-11-26,迈瑞医疗,300760,193.96,194.9,192.68,193.4,193.88,60769,1176347907.0,0.5,-0.25
2025-11-25,迈瑞医疗,300760,193.75,195.22,192.75,193.88,193.0,59671,1157044915.0,0.49,0.46
2025-11-24,迈瑞医疗,300760,195.11,197.0,192.25,193.0,195.11,65135,1265281316.0,0.54,-1.08
2025-11-21,迈瑞医疗,300760,197.99,199.57,193.68,195.11,198.85,97876,1918216283.0,0.81,-1.88
2025-11-20,迈瑞医疗,300760,204.8,205.38,198.01,198.85,204.81,106077,2125929778.0,0.87,-2.91
2025-11-19,迈瑞医疗,300760,206.72,207.25,204.81,204.81,206.71,50729,1043110569.0,0.42,-0.92
2025-11-18,迈瑞医疗,300760,206.0,206.85,205.56,206.71,206.04,39738,819165198.0,0.33,0.33
2025-11-17,迈瑞医疗,300760,207.0,207.56,205.8,206.04,207.7,45309,934167628.0,0.37,-0.8
2025-11-14,迈瑞医疗,300760,207.5,209.67,207.2,207.7,208.21,51737,1080135956.0,0.43,-0.24
2025-11-13,迈瑞医疗,300760,208.58,209.19,207.21,208.21,208.2,57090,1187586306.0,0.47,0.0
2025-11-12,迈瑞医疗,300760,207.79,210.88,207.79,208.2,207.35,74926,1571625807.0,0.62,0.41
2025-11-11,迈瑞医疗,300760,207.45,208.25,205.65,207.35,208.0,60990,1269951880.0,0.5,-0.31
2025-11-10,迈瑞医疗,300760,204.15,208.3,203.7,208.0,204.44,81960,1703133876.0,0.68,1.74
2025-11-07,迈瑞医疗,300760,204.88,205.92,203.2,204.44,205.0,59247,1219514251.0,0.49,-0.27
2025-11-06,迈瑞医疗,300760,205.35,206.54,204.38,205.0,204.92,60461,1250529177.0,0.5,0.04
2025-11-05,迈瑞医疗,300760,203.76,207.62,203.2,204.92,205.65,74890,1551641928.0,0.62,-0.35
2025-11-04,迈瑞医疗,300760,210.15,211.53,203.7,205.65,210.66,126053,2622502209.0,1.04,-2.38
2025-11-03,迈瑞医疗,300760,213.68,215.03,210.15,210.66,213.69,93440,1986531360.0,0.77,-1.42
2025-10-31,迈瑞医疗,300760,214.15,215.54,210.78,213.69,215.34,108869,2343803678.0,0.9,-0.77
2025-10-30,迈瑞医疗,300760,218.65,223.15,214.65,215.34,221.48,120015,2636425724.0,0.99,-2.77
2025-10-29,迈瑞医疗,300760,223.14,223.34,216.93,221.48,223.74,91691,2022219149.0,0.76,-1.01
2025-10-28,迈瑞医疗,300760,222.16,225.01,221.12,223.74,221.95,59365,1333788833.0,0.49,0.81
2025-10-27,迈瑞医疗,300760,221.63,223.35,220.56,221.95,220.2,65892,1470876536.0,0.54,0.79
2025-10-24,迈瑞医疗,300760,220.5,221.63,219.5,220.2,220.45,43888,972603189.0,0.36,-0.11
2025-10-23,迈瑞医疗,300760,218.96,220.83,217.67,220.45,218.85,50167,1105082595.0,0.41,0.73
2025-10-22,迈瑞医疗,300760,221.32,222.15,218.76,218.85,222.22,60060,1328767861.0,0.5,-1.52
2025-10-21,迈瑞医疗,300760,222.12,225.6,221.89,222.22,222.12,65199,1462859764.0,0.54,0.05
2025-10-20,迈瑞医疗,300760,225.67,226.46,221.38,222.12,224.15,62569,1406185055.0,0.52,-0.91
2025-10-17,迈瑞医疗,300760,228.68,230.14,223.93,224.15,229.58,74637,1696692463.0,0.62,-2.37
2025-10-16,迈瑞医疗,300760,229.16,232.6,227.75,229.58,229.15,60727,1405171058.0,0.5,0.19
2025-10-15,迈瑞医疗,300760,230.65,232.08,228.35,229.15,229.33,82784,1911219145.0,0.68,-0.08
2025-10-14,迈瑞医疗,300760,236.35,238.44,228.88,229.33,233.85,104262,2441730600.0,0.86,-1.93
2025-10-13,迈瑞医疗,300760,236.65,238.64,231.7,233.85,240.65,108613,2561177743.0,0.9,-2.83
2025-10-10,迈瑞医疗,300760,244.95,245.65,240.37,240.65,246.89,77968,1901300944.0,0.64,-2.53
2025-10-09,迈瑞医疗,300760,242.65,247.63,238.66,246.89,244.34,109826,2679400200.0,0.91,1.04
2025-09-30,迈瑞医疗,300760,237.44,245.3,236.45,244.34,237.65,102794,2497367842.0,0.85,2.82
2025-09-29,迈瑞医疗,300760,237.2,239.03,232.98,237.65,237.2,82397,1950274671.0,0.68,0.19
2025-09-26,迈瑞医疗,300760,243.01,243.01,236.95,237.2,243.65,79436,1915041088.0,0.66,-2.65
2025-09-25,迈瑞医疗,300760,232.33,245.1,231.37,243.65,232.54,162158,3907220904.0,1.34,4.78
2025-09-24,迈瑞医疗,300760,231.25,234.52,231.25,232.54,232.15,55407,1295073033.0,0.46,0.17
2025-09-23,迈瑞医疗,300760,234.93,235.38,228.65,232.15,235.8,90111,2096574297.0,0.74,-1.55
2025-09-22,迈瑞医疗,300760,234.73,238.9,234.25,235.8,233.65,75818,1799709709.0,0.63,0.92
2025-09-19,迈瑞医疗,300760,237.15,239.43,233.65,233.65,236.45,75771,1796059141.0,0.62,-1.18
2025-09-18,迈瑞医疗,300760,238.63,241.64,235.16,236.45,238.04,99120,2379753661.0,0.82,-0.67
2025-09-17,迈瑞医疗,300760,238.25,241.13,236.72,238.04,238.25,60529,1449116768.0,0.5,-0.09
2025-09-16,迈瑞医疗,300760,238.35,240.88,237.15,238.25,238.25,57731,1384797823.0,0.48,0.0
2025-09-15,迈瑞医疗,300760,240.15,241.18,237.65,238.25,239.64,68048,1635753802.0,0.56,-0.58
2025-09-12,迈瑞医疗,300760,242.35,245.9,239.43,239.64,242.39,68985,1672429304.0,0.57,-1.13
2025-09-11,迈瑞医疗,300760,236.35,242.6,235.06,242.39,237.36,76107,1830606126.0,0.63,2.12
2025-09-10,迈瑞医疗,300760,239.61,240.58,236.3,237.36,239.65,64823,1552723738.0,0.53,-0.96
2025-09-09,迈瑞医疗,300760,244.98,246.69,238.7,239.65,246.69,114743,2792435649.0,0.95,-2.85
2025-09-08,迈瑞医疗,300760,234.65,251.6,234.65,246.69,236.61,161965,4019032359.0,1.34,4.26
2025-09-05,迈瑞医疗,300760,232.05,237.26,230.11,236.61,230.84,74978,1764298875.0,0.62,2.5
2025-09-04,迈瑞医疗,300760,236.31,238.15,228.65,230.84,236.15,98148,2315543247.0,0.81,-2.25
2025-09-03,迈瑞医疗,300760,239.3,241.5,235.35,236.15,239.5,88111,2120999443.0,0.73,-1.4
2025-09-02,迈瑞医疗,300760,243.6,248.09,238.12,239.5,243.82,105059,2569370676.0,0.87,-1.77
2025-09-01,迈瑞医疗,300760,241.76,245.69,239.86,243.82,240.13,109968,2696774300.0,0.91,1.54
2025-08-29,迈瑞医疗,300760,241.68,244.0,238.94,240.13,244.42,118385,2881779929.0,0.98,-1.76
2025-08-28,迈瑞医疗,300760,240.34,248.34,237.85,244.42,244.65,174053,4277787070.0,1.44,-0.09
2025-08-27,迈瑞医疗,300760,242.94,254.34,242.9,244.65,244.11,163506,4109466138.0,1.35,0.22
2025-08-26,迈瑞医疗,300760,241.45,247.6,241.34,244.11,242.84,100124,2474133451.0,0.83,0.52
2025-08-25,迈瑞医疗,300760,243.8,244.52,240.61,242.84,241.59,95134,2332023189.0,0.78,0.52
2025-08-22,迈瑞医疗,300760,242.83,244.34,239.54,241.59,243.05,91478,2230871105.0,0.75,-0.6
2025-08-21,迈瑞医疗,300760,234.32,246.17,234.22,243.05,233.9,166478,4081338907.0,1.37,3.91
2025-08-20,迈瑞医疗,300760,231.04,234.33,229.14,233.9,231.52,62523,1464945108.0,0.52,1.03
2025-08-19,迈瑞医疗,300760,233.99,235.83,231.48,231.52,233.99,69016,1629000476.0,0.57,-1.06
2025-08-18,迈瑞医疗,300760,232.58,235.34,231.7,233.99,232.57,81678,1929048017.0,0.67,0.61
2025-08-15,迈瑞医疗,300760,230.74,234.81,229.5,232.57,230.78,74718,1751996918.0,0.62,0.78
2025-08-14,迈瑞医疗,300760,235.39,237.84,229.87,230.78,233.83,76275,1796036727.0,0.63,-1.3
2025-08-13,迈瑞医疗,300760,231.84,234.04,229.87,233.83,231.64,73986,1738057177.0,0.61,0.95
2025-08-12,迈瑞医疗,300760,227.84,236.02,227.44,231.64,227.84,108728,2560821097.0,0.9,1.67
2025-08-11,迈瑞医疗,300760,228.34,229.2,224.35,227.84,228.05,62597,1436486997.0,0.52,-0.09
2025-08-08,迈瑞医疗,300760,228.95,233.31,226.52,228.05,228.13,64369,1495955388.0,0.53,-0.04
2025-08-07,迈瑞医疗,300760,225.34,232.64,224.68,228.13,225.65,72880,1689274497.0,0.6,1.1
2025-08-06,迈瑞医疗,300760,225.94,227.32,224.02,225.65,225.37,40521,923386747.0,0.33,0.12
2025-08-05,迈瑞医疗,300760,224.65,225.9,223.48,225.37,224.64,36610,832311750.0,0.3,0.32
2025-08-04,迈瑞医疗,300760,224.33,225.34,222.0,224.64,224.57,59351,1340214309.0,0.49,0.03
2025-08-01,迈瑞医疗,300760,228.34,230.78,223.34,224.57,228.54,71684,1639613529.0,0.59,-1.74
2025-07-31,迈瑞医疗,300760,235.3,235.34,227.33,228.54,235.3,84323,1973821629.0,0.7,-2.87
2025-07-30,迈瑞医疗,300760,229.14,239.34,226.04,235.3,229.16,135509,3233304461.0,1.12,2.68
2025-07-29,迈瑞医疗,300760,230.19,231.74,225.35,229.16,230.52,79262,1830368251.0,0.65,-0.59
2025-07-28,迈瑞医疗,300760,229.84,232.0,228.02,230.52,229.18,54994,1281505996.0,0.45,0.58
2025-07-25,迈瑞医疗,300760,229.3,233.27,227.52,229.18,229.41,71920,1673424578.0,0.59,-0.1
2025-07-24,迈瑞医疗,300760,226.08,233.62,223.34,229.41,225.84,111184,2561826514.0,0.92,1.58
2025-07-23,迈瑞医疗,300760,223.38,229.76,223.38,225.84,223.34,89104,2043278026.0,0.73,1.12
2025-07-22,迈瑞医疗,300760,222.84,223.53,219.37,223.34,223.13,62218,1394868072.0,0.51,0.09
2025-07-21,迈瑞医疗,300760,222.84,224.32,221.43,223.13,222.66,57397,1295281348.0,0.47,0.21
2025-07-18,迈瑞医疗,300760,214.62,222.86,214.61,222.66,214.52,113354,2508390427.0,0.93,3.79
2025-07-17,迈瑞医疗,300760,211.93,214.53,211.4,214.52,211.99,59230,1275720560.0,0.49,1.19
2025-07-16,迈瑞医疗,300760,212.2,213.63,211.34,211.99,212.4,52239,1121613341.0,0.43,-0.19
2025-07-15,迈瑞医疗,300760,213.97,215.33,212.2,212.4,214.34,50040,1081007202.0,0.41,-0.91
2025-07-14,迈瑞医疗,300760,218.42,219.09,214.21,214.34,218.42,54553,1190394281.0,0.45,-1.87
2025-07-11,迈瑞医疗,300760,217.1,220.32,215.54,218.42,215.99,62329,1377133446.0,0.51,1.13
2025-07-10,迈瑞医疗,300760,211.83,216.7,211.47,215.99,211.82,67384,1465203802.0,0.56,1.97
2025-07-09,迈瑞医疗,300760,214.67,214.68,211.64,211.82,214.67,80217,1728280160.0,0.66,-1.33
2025-07-08,迈瑞医疗,300760,213.75,215.63,211.45,214.67,213.75,53592,1161448758.0,0.44,0.43
2025-07-07,迈瑞医疗,300760,221.84,223.5,213.37,213.75,221.14,92385,2019724951.0,0.76,-3.34
2025-07-04,迈瑞医疗,300760,218.25,221.53,217.34,221.14,217.54,60761,1356097934.0,0.5,1.65
2025-07-03,迈瑞医疗,300760,222.55,223.33,217.22,217.54,222.33,76371,1694538932.0,0.63,-2.15
2025-07-02,迈瑞医疗,300760,224.3,225.27,221.84,222.33,223.84,29548,667529587.0,0.24,-0.67
2025-07-01,迈瑞医疗,300760,222.11,225.11,221.7,223.84,222.09,37356,846351562.0,0.31,0.79
2025-06-30,迈瑞医疗,300760,221.44,223.54,220.34,222.09,223.98,55764,1248974041.0,0.46,-0.84
2025-06-27,迈瑞医疗,300760,225.31,226.84,223.37,223.98,224.84,39135,890565252.0,0.32,-0.38
2025-06-26,迈瑞医疗,300760,226.19,229.24,224.84,224.84,226.39,39150,897380792.0,0.32,-0.68
2025-06-25,迈瑞医疗,300760,222.79,226.92,221.35,226.39,222.18,43053,976881205.0,0.36,1.89
2025-06-24,迈瑞医疗,300760,223.38,225.34,222.11,222.18,223.17,51914,1173422095.0,0.43,-0.44
2025-06-23,迈瑞医疗,300760,224.6,226.6,222.23,223.17,224.6,32821,742988547.0,0.27,-0.64
2025-06-20,迈瑞医疗,300760,223.34,225.17,222.36,224.6,223.29,30498,691948480.0,0.25,0.59
2025-06-19,迈瑞医疗,300760,226.4,227.3,222.64,223.29,226.64,33553,761023854.0,0.28,-1.48
2025-06-18,迈瑞医疗,300760,228.75,229.94,226.64,226.64,229.35,26630,613452368.0,0.22,-1.18
2025-06-17,迈瑞医疗,300760,233.64,234.47,228.94,229.35,233.95,45944,1071818451.0,0.38,-1.97
2025-06-16,迈瑞医疗,300760,235.12,237.3,231.9,233.95,234.62,37869,896367445.0,0.31,-0.29
2025-06-13,迈瑞医疗,300760,233.94,239.86,232.44,234.62,233.94,81082,1946999627.0,0.67,0.29
2025-06-12,迈瑞医疗,300760,234.35,236.1,231.2,233.94,234.66,41309,976348873.0,0.34,-0.31
2025-06-11,迈瑞医疗,300760,234.13,237.52,233.39,234.66,233.09,46491,1106728332.0,0.38,0.67
2025-06-10,迈瑞医疗,300760,233.09,238.19,231.34,233.09,233.09,53814,1281509037.0,0.44,0.0
2025-06-09,迈瑞医疗,300760,230.31,235.34,229.54,233.09,229.84,51060,1205160377.0,0.42,1.41
2025-06-06,迈瑞医疗,300760,233.24,233.24,228.96,229.84,232.64,40387,939347676.0,0.33,-1.2
2025-06-05,迈瑞医疗,300760,227.34,233.09,225.64,232.64,226.19,54737,1272839302.0,0.45,2.85
2025-06-04,迈瑞医疗,300760,229.34,229.34,225.89,226.19,230.03,47693,1095857264.0,0.39,-1.67
2025-06-03,迈瑞医疗,300760,221.34,230.32,221.14,230.03,223.21,69994,1615763860.0,0.58,3.06
2025-05-30,迈瑞医疗,300760,224.94,226.8,223.21,223.21,225.05,43970,1000357224.0,0.36,-0.82
2025-05-29,迈瑞医疗,300760,225.56,227.11,223.75,225.05,225.88,48657,1108955552.0,0.4,-0.37
2025-05-28,迈瑞医疗,300760,222.82,227.7,221.85,225.88,222.65,36593,843743284.0,0.3,1.45
2025-05-27,迈瑞医疗,300760,223.66,224.91,221.55,222.65,223.68,29201,664564261.0,0.24,-0.46
2025-05-26,迈瑞医疗,300760,226.14,229.81,223.57,223.68,227.27,43146,995100516.0,0.36,-1.58
2025-05-23,迈瑞医疗,300760,220.74,230.33,220.74,227.27,220.97,92373,2138998141.0,0.76,2.85
2025-05-22,迈瑞医疗,300760,222.75,225.87,220.79,220.97,222.04,36548,831261064.0,0.3,-0.48
2025-05-21,迈瑞医疗,300760,219.07,223.75,218.04,222.04,219.09,57819,1305432528.0,0.48,1.35
2025-05-20,迈瑞医疗,300760,221.37,223.24,218.21,219.09,221.38,51596,1157654069.0,0.43,-1.03
2025-05-19,迈瑞医疗,300760,222.86,223.37,220.74,221.38,221.72,27047,611662175.0,0.22,-0.15
2025-05-16,迈瑞医疗,300760,223.32,224.71,221.07,221.72,223.95,41909,951131053.0,0.35,-1.0
2025-05-15,迈瑞医疗,300760,226.52,228.57,223.61,223.95,227.27,43483,997845892.0,0.36,-1.46
2025-05-14,迈瑞医疗,300760,227.44,228.86,225.67,227.27,228.35,51066,1184204266.0,0.42,-0.47
2025-05-13,迈瑞医疗,300760,225.37,229.04,224.87,228.35,224.52,80930,1884278784.0,0.67,1.71
2025-05-12,迈瑞医疗,300760,221.85,225.05,220.57,224.52,219.37,77825,1772895178.0,0.64,2.35
2025-05-09,迈瑞医疗,300760,221.06,221.44,218.75,219.37,221.22,49109,1102732353.0,0.41,-0.84
2025-05-08,迈瑞医疗,300760,216.6,221.89,216.59,221.22,217.78,68716,1547399578.0,0.57,1.58
2025-05-07,迈瑞医疗,300760,217.94,218.55,215.2,217.78,215.61,66564,1476426178.0,0.55,1.01
2025-05-06,迈瑞医疗,300760,217.96,217.96,212.4,215.61,215.03,63032,1382989158.0,0.52,0.27
2025-04-30,迈瑞医疗,300760,210.87,217.01,209.55,215.03,211.22,82644,1811710768.0,0.68,1.8
2025-04-29,迈瑞医疗,300760,206.07,214.18,205.36,211.22,210.17,90085,1935767244.0,0.74,0.5
2025-04-28,迈瑞医疗,300760,212.17,212.37,209.64,210.17,212.38,44018,947574206.0,0.36,-1.04
2025-04-25,迈瑞医疗,300760,210.14,214.68,210.14,212.38,210.08,46363,1009368314.0,0.38,1.09
2025-04-24,迈瑞医疗,300760,212.37,214.33,209.33,210.08,212.59,48455,1047505475.0,0.4,-1.18
2025-04-23,迈瑞医疗,300760,215.39,215.97,211.97,212.59,214.97,48759,1062967704.0,0.4,-1.11
2025-04-22,迈瑞医疗,300760,211.42,216.51,210.68,214.97,211.39,78399,1719013375.0,0.65,1.69
2025-04-21,迈瑞医疗,300760,210.42,212.16,210.42,211.39,212.45,28213,609486586.0,0.23,-0.5
2025-04-18,迈瑞医疗,300760,216.64,216.64,210.42,212.45,217.03,48571,1054451267.0,0.4,-2.11
2025-04-17,迈瑞医疗,300760,208.07,218.25,207.56,217.03,208.63,84536,1853379471.0,0.7,4.03
2025-04-16,迈瑞医疗,300760,208.51,209.47,206.05,208.63,209.52,50887,1077948126.0,0.42,-0.42
2025-04-15,迈瑞医疗,300760,210.1,210.59,208.1,209.52,210.08,39350,841800509.0,0.32,-0.27
2025-04-14,迈瑞医疗,300760,212.12,213.87,209.85,210.08,210.27,64872,1401863784.0,0.54,-0.09
2025-04-11,迈瑞医疗,300760,210.41,212.04,207.88,210.27,211.22,61344,1315833241.0,0.51,-0.45
2025-04-10,迈瑞医疗,300760,212.17,214.67,209.97,211.22,209.13,86852,1886480161.0,0.72,1.0
2025-04-09,迈瑞医疗,300760,206.9,210.35,204.97,209.13,209.48,91858,1957556629.0,0.76,-0.17
2025-04-08,迈瑞医疗,300760,209.19,210.17,204.54,209.48,206.96,111790,2378599472.0,0.92,1.22
2025-04-07,迈瑞医疗,300760,212.43,217.37,202.17,206.96,220.64,174623,3778398606.0,1.44,-6.2
2025-04-03,迈瑞医疗,300760,223.37,225.86,220.48,220.64,225.23,107044,2428159009.0,0.88,-2.04
2025-04-02,迈瑞医疗,300760,231.97,233.73,224.62,225.23,232.03,92888,2161650608.0,0.77,-2.93
2025-04-01,迈瑞医疗,300760,230.36,235.17,227.62,232.03,229.37,82067,1940733181.0,0.68,1.16
2025-03-31,迈瑞医疗,300760,233.45,235.15,229.37,229.37,233.45,61867,1460519562.0,0.51,-1.75
2025-03-28,迈瑞医疗,300760,237.15,237.97,233.45,233.45,237.75,43009,1031221439.0,0.35,-1.81
2025-03-27,迈瑞医疗,300760,234.67,238.01,234.11,237.75,235.47,33803,814780546.0,0.28,0.97
2025-03-26,迈瑞医疗,300760,235.83,236.62,233.77,235.47,235.7,28537,684541289.0,0.24,-0.1
2025-03-25,迈瑞医疗,300760,235.38,236.68,233.66,235.7,234.87,30066,721792270.0,0.25,0.35
2025-03-24,迈瑞医疗,300760,235.02,236.81,233.63,234.87,235.87,41043,983260708.0,0.34,-0.42
2025-03-21,迈瑞医疗,300760,238.99,241.25,235.62,235.87,239.35,49600,1202174321.0,0.41,-1.45
2025-03-20,迈瑞医疗,300760,244.37,244.91,239.25,239.35,244.49,44040,1083557993.0,0.36,-2.1
2025-03-19,迈瑞医疗,300760,245.4,247.2,243.37,244.49,245.89,36760,916997290.0,0.3,-0.57
2025-03-18,迈瑞医疗,300760,246.98,250.97,244.22,245.89,245.52,55202,1395227652.0,0.46,0.15
2025-03-17,迈瑞医疗,300760,247.37,248.72,244.47,245.52,245.79,52793,1325303977.0,0.44,-0.11
2025-03-14,迈瑞医疗,300760,240.36,247.62,238.88,245.79,239.92,89596,2239411518.0,0.74,2.45
2025-03-13,迈瑞医疗,300760,240.57,241.67,239.09,239.92,239.58,44479,1088770923.0,0.37,0.14
2025-03-12,迈瑞医疗,300760,241.75,241.83,239.02,239.58,240.47,41980,1026923018.0,0.35,-0.37
2025-03-11,迈瑞医疗,300760,239.37,240.9,238.72,240.47,241.17,51328,1253811684.0,0.42,-0.29
2025-03-10,迈瑞医疗,300760,240.87,243.15,238.99,241.17,239.45,54283,1330245418.0,0.45,0.72
2025-03-07,迈瑞医疗,300760,243.57,243.71,239.02,239.45,242.71,49651,1217338145.0,0.41,-1.34
2025-03-06,迈瑞医疗,300760,240.27,244.01,238.87,242.71,238.62,57015,1405708175.0,0.47,1.71
2025-03-05,迈瑞医疗,300760,241.37,242.22,238.22,238.62,241.37,40951,998913804.0,0.34,-1.14
2025-03-04,迈瑞医疗,300760,244.17,244.17,236.72,241.37,245.28,61559,1504333117.0,0.51,-1.59
2025-03-03,迈瑞医疗,300760,246.98,247.97,243.51,245.28,248.28,71730,1791770044.0,0.59,-1.21
2025-02-28,迈瑞医疗,300760,250.35,257.17,247.77,248.28,251.16,61872,1587994066.0,0.51,-1.15
2025-02-27,迈瑞医疗,300760,249.37,252.49,247.45,251.16,250.65,45083,1148973116.0,0.37,0.2
2025-02-26,迈瑞医疗,300760,249.5,251.3,248.15,250.65,249.87,37778,961247837.0,0.31,0.31
2025-02-25,迈瑞医疗,300760,252.37,256.13,249.87,249.87,255.74,51005,1308833590.0,0.42,-2.3
2025-02-24,迈瑞医疗,300760,255.37,258.21,249.98,255.74,253.19,64202,1669179798.0,0.53,1.01
2025-02-21,迈瑞医疗,300760,252.03,259.17,250.73,253.19,252.03,68087,1762338480.0,0.56,0.46
2025-02-20,迈瑞医疗,300760,251.15,256.17,250.58,252.03,251.37,45158,1163846169.0,0.37,0.26
2025-02-19,迈瑞医疗,300760,251.17,252.57,248.87,251.37,251.77,45998,1175727660.0,0.38,-0.16
2025-02-18,迈瑞医疗,300760,253.95,257.17,250.42,251.77,254.21,54316,1402938688.0,0.45,-0.96
2025-02-17,迈瑞医疗,300760,262.17,262.47,253.74,254.21,257.17,75337,1975765934.0,0.62,-1.15
2025-02-14,迈瑞医疗,300760,245.87,258.33,245.55,257.17,246.37,85728,2216846099.0,0.71,4.38
2025-02-13,迈瑞医疗,300760,247.77,248.35,244.03,246.37,247.7,35529,891977237.0,0.29,-0.54
2025-02-12,迈瑞医疗,300760,245.87,249.02,245.47,247.7,248.04,38967,980997356.0,0.32,-0.14
2025-02-11,迈瑞医疗,300760,250.02,253.22,247.59,248.04,249.42,59784,1523071463.0,0.49,-0.55
2025-02-10,迈瑞医疗,300760,246.68,252.12,244.4,249.42,246.56,73446,1863146765.0,0.61,1.16
2025-02-07,迈瑞医疗,300760,237.45,247.87,235.68,246.56,235.37,108576,2695825170.0,0.9,4.75
2025-02-06,迈瑞医疗,300760,232.88,239.15,230.65,235.37,232.17,69833,1670991969.0,0.58,1.38
2025-02-05,迈瑞医疗,300760,229.5,234.57,227.77,232.17,227.77,61182,1445795159.0,0.5,1.93
2025-01-27,迈瑞医疗,300760,230.4,231.17,227.73,227.77,229.41,34793,813682638.0,0.29,-0.71
2025-01-24,迈瑞医疗,300760,227.69,232.85,226.99,229.41,228.7,44736,1050665995.0,0.37,0.31
2025-01-23,迈瑞医疗,300760,226.83,231.32,226.37,228.7,224.74,53255,1245232508.0,0.44,1.76
2025-01-22,迈瑞医疗,300760,230.14,230.31,223.97,224.74,230.75,53852,1240071459.0,0.44,-2.6
2025-01-21,迈瑞医疗,300760,232.37,232.94,227.99,230.75,231.77,31864,748336813.0,0.26,-0.44
2025-01-20,迈瑞医疗,300760,230.15,232.7,229.37,231.77,229.22,45793,1079408679.0,0.38,1.11
2025-01-17,迈瑞医疗,300760,229.49,231.85,228.22,229.22,229.91,40073,938568031.0,0.33,-0.3
2025-01-16,迈瑞医疗,300760,231.55,234.15,229.61,229.91,230.37,32032,757055875.0,0.26,-0.2
2025-01-15,迈瑞医疗,300760,230.37,231.43,228.03,230.37,231.37,38477,901960203.0,0.32,-0.43
2025-01-14,迈瑞医疗,300760,226.32,232.58,225.55,231.37,226.82,57126,1341057937.0,0.47,2.01
2025-01-13,迈瑞医疗,300760,225.37,227.67,225.34,226.82,226.37,35139,811311260.0,0.29,0.2
2025-01-10,迈瑞医疗,300760,231.68,232.47,226.37,226.37,231.65,61349,1429155212.0,0.51,-2.28
2025-01-09,迈瑞医疗,300760,233.69,235.67,231.53,231.65,234.65,45448,1077240418.0,0.37,-1.28
2025-01-08,迈瑞医疗,300760,236.56,237.19,232.57,234.65,236.67,53434,1278735512.0,0.44,-0.85
2025-01-07,迈瑞医疗,300760,241.7,242.1,234.88,236.67,240.87,48854,1180095473.0,0.4,-1.74
2025-01-06,迈瑞医疗,300760,241.37,245.21,239.97,240.87,239.03,38840,957320820.0,0.32,0.77
2025-01-03,迈瑞医疗,300760,243.23,244.5,238.44,239.03,243.22,47434,1167652149.0,0.39,-1.72
2025-01-02,迈瑞医疗,300760,250.78,251.93,241.63,243.22,250.37,62093,1549132329.0,0.51,-2.86
2024-12-31,迈瑞医疗,300760,252.87,255.9,250.37,250.37,254.16,51217,1320021160.0,0.42,-1.49
2024-12-30,迈瑞医疗,300760,251.88,259.37,251.88,254.16,253.6,41951,1093744664.0,0.35,0.22
2024-12-27,迈瑞医疗,300760,248.92,255.57,247.53,253.6,249.64,51516,1323462218.0,0.42,1.59
2024-12-26,迈瑞医疗,300760,251.06,251.87,249.09,249.64,251.92,26921,686091393.0,0.22,-0.91
2024-12-25,迈瑞医疗,300760,252.28,255.14,250.37,251.92,250.34,44784,1152833241.0,0.37,0.63
2024-12-24,迈瑞医疗,300760,248.55,251.87,248.47,250.34,249.18,32451,827339093.0,0.27,0.47
2024-12-23,迈瑞医疗,300760,246.37,251.37,246.03,249.18,245.63,38665,981550342.0,0.32,1.45
2024-12-20,迈瑞医疗,300760,247.74,250.22,245.63,245.63,247.87,39479,999387150.0,0.33,-0.9
2024-12-19,迈瑞医疗,300760,246.87,249.62,244.87,247.87,247.49,43628,1100670800.0,0.36,0.15
2024-12-18,迈瑞医疗,300760,249.18,249.62,247.48,247.49,248.37,38113,963267445.0,0.31,-0.35
2024-12-17,迈瑞医疗,300760,249.03,250.66,247.97,248.37,249.07,43273,1097944764.0,0.36,-0.28
2024-12-16,迈瑞医疗,300760,255.57,256.37,247.56,249.07,254.54,72488,1846670577.0,0.6,-2.15
2024-12-13,迈瑞医疗,300760,263.37,265.35,254.54,254.54,264.65,80590,2133544665.0,0.66,-3.82
2024-12-12,迈瑞医疗,300760,255.89,265.37,255.76,264.65,257.67,78200,2087347077.0,0.64,2.71
2024-12-11,迈瑞医疗,300760,257.73,258.36,253.45,257.67,258.35,54354,1417416481.0,0.45,-0.26
2024-12-10,迈瑞医疗,300760,265.37,266.08,257.47,258.35,255.22,88252,2346957203.0,0.73,1.23
2024-12-09,迈瑞医疗,300760,258.18,258.89,253.55,255.22,258.18,44534,1159163175.0,0.37,-1.15
2024-12-06,迈瑞医疗,300760,251.45,259.33,251.45,258.18,250.37,69872,1827303479.0,0.58,3.12
2024-12-05,迈瑞医疗,300760,253.06,254.97,248.43,250.37,254.93,51075,1304565911.0,0.42,-1.79
2024-12-04,迈瑞医疗,300760,255.66,255.97,252.66,254.93,256.08,36296,940863143.0,0.3,-0.45
2024-12-03,迈瑞医疗,300760,258.59,260.28,254.92,256.08,258.58,52054,1359623083.0,0.43,-0.97
2024-12-02,迈瑞医疗,300760,257.64,262.77,256.37,258.58,255.86,61491,1624711930.0,0.51,1.06
2024-11-29,迈瑞医疗,300760,255.37,260.14,254.38,255.86,255.38,61540,1607900064.0,0.51,0.19
2024-11-28,迈瑞医疗,300760,262.47,263.49,253.67,255.38,264.43,80356,2101162248.0,0.66,-3.42
2024-11-27,迈瑞医疗,300760,259.28,265.37,257.97,264.43,261.95,44596,1190880997.0,0.37,0.95
2024-11-26,迈瑞医疗,300760,256.73,265.25,256.73,261.95,256.73,52288,1396898503.0,0.43,2.03
2024-11-25,迈瑞医疗,300760,261.3,262.77,256.73,256.73,258.68,52535,1384526557.0,0.43,-0.75
2024-11-22,迈瑞医疗,300760,267.01,267.57,258.68,258.68,267.38,52041,1391604758.0,0.43,-3.25
2024-11-21,迈瑞医疗,300760,269.4,270.98,265.94,267.38,270.37,31823,867622564.0,0.26,-1.11
2024-11-20,迈瑞医疗,300760,264.37,274.17,261.97,270.37,265.24,65720,1792977075.0,0.54,1.93
2024-11-19,迈瑞医疗,300760,262.88,265.57,259.76,265.24,263.0,53780,1436971283.0,0.44,0.85
2024-11-18,迈瑞医疗,300760,266.17,268.85,260.9,263.0,266.05,75145,2025800353.0,0.62,-1.15
2024-11-15,迈瑞医疗,300760,271.72,273.82,266.04,266.05,271.97,60786,1661495320.0,0.5,-2.18
2024-11-14,迈瑞医疗,300760,279.71,281.22,271.81,271.97,282.06,64775,1818880400.0,0.53,-3.58
2024-11-13,迈瑞医疗,300760,280.6,290.22,280.49,282.06,282.49,88514,2561807638.0,0.73,-0.15
2024-11-12,迈瑞医疗,300760,276.59,291.37,275.07,282.49,277.86,116872,3390264381.0,0.96,1.67
2024-11-11,迈瑞医疗,300760,276.03,281.22,274.04,277.86,279.58,81859,2299355674.0,0.68,-0.62
2024-11-08,迈瑞医疗,300760,280.92,287.37,278.57,279.58,276.56,92335,2652080383.0,0.76,1.09
2024-11-07,迈瑞医疗,300760,267.37,276.87,265.87,276.56,268.32,84990,2362043193.0,0.7,3.07
2024-11-06,迈瑞医疗,300760,272.64,275.72,267.03,268.32,272.63,79353,2200943612.0,0.65,-1.58
2024-11-05,迈瑞医疗,300760,263.52,274.72,261.39,272.63,264.8,96917,2686736698.0,0.8,2.96
2024-11-04,迈瑞医疗,300760,259.73,266.53,259.73,264.8,259.97,50771,1368564773.0,0.42,1.86
2024-11-01,迈瑞医疗,300760,263.0,263.68,259.48,259.97,260.32,50462,1351710788.0,0.42,-0.13
2024-10-31,迈瑞医疗,300760,263.71,264.36,258.93,260.32,264.22,77751,2078041239.0,0.64,-1.48
2024-10-30,迈瑞医疗,300760,253.9,271.19,253.82,264.22,264.96,114097,3097327575.0,0.94,-0.28
2024-10-29,迈瑞医疗,300760,271.17,273.67,263.69,264.96,271.99,83835,2291595962.0,0.69,-2.58
2024-10-28,迈瑞医疗,300760,272.66,273.6,266.51,271.99,273.63,80332,2224963321.0,0.66,-0.6
2024-10-25,迈瑞医疗,300760,267.72,278.22,264.72,273.63,268.22,91218,2532570939.0,0.75,2.02
2024-10-24,迈瑞医疗,300760,264.72,272.02,264.57,268.22,266.87,74600,2050860475.0,0.62,0.51
2024-10-23,迈瑞医疗,300760,265.82,270.22,261.87,266.87,265.67,76847,2093453234.0,0.63,0.45
2024-10-22,迈瑞医疗,300760,260.72,268.03,260.02,265.67,261.82,83018,2253774834.0,0.68,1.47
2024-10-21,迈瑞医疗,300760,259.72,268.19,256.22,261.82,262.92,115443,3090836277.0,0.95,-0.42
2024-10-18,迈瑞医疗,300760,249.72,273.72,243.73,262.92,250.72,173220,4544324826.0,1.43,4.87
2024-10-17,迈瑞医疗,300760,257.72,258.22,250.72,250.72,255.72,83732,2173704617.0,0.69,-1.96
2024-10-16,迈瑞医疗,300760,259.99,263.58,254.73,255.72,264.62,85448,2253755498.0,0.7,-3.36
2024-10-15,迈瑞医疗,300760,278.61,278.61,264.24,264.62,278.62,95715,2649235669.0,0.79,-5.02
2024-10-14,迈瑞医疗,300760,282.98,284.13,271.49,278.62,278.16,101724,2881918464.0,0.84,0.17
2024-10-11,迈瑞医疗,300760,290.72,290.72,274.72,278.16,291.74,90607,2595943482.0,0.75,-4.65
2024-10-10,迈瑞医疗,300760,295.43,305.43,287.73,291.74,290.4,141131,4270585148.0,1.16,0.46
2024-10-09,迈瑞医疗,300760,313.72,322.71,290.4,290.4,318.22,184483,5752189391.0,1.52,-8.74
2024-10-08,迈瑞医疗,300760,345.32,345.32,302.22,318.22,286.72,299445,9869920954.0,2.47,10.99
2024-09-30,迈瑞医疗,300760,274.72,294.6,262.86,286.72,258.75,234797,6736347852.0,1.94,10.81
2024-09-27,迈瑞医疗,300760,239.72,266.1,239.72,258.75,232.08,225779,5868790281.0,1.86,11.49
2024-09-26,迈瑞医疗,300760,228.82,232.72,215.73,232.08,229.57,164798,3783673395.0,1.36,1.09
2024-09-25,迈瑞医疗,300760,231.72,235.62,227.92,229.57,226.75,142040,3384130821.0,1.17,1.24
2024-09-24,迈瑞医疗,300760,220.5,234.22,219.36,226.75,216.06,133294,3103141112.0,1.1,4.95
2024-09-23,迈瑞医疗,300760,221.68,223.16,215.38,216.06,221.6,51307,1151450549.0,0.42,-2.5
2024-09-20,迈瑞医疗,300760,226.32,226.32,219.1,221.6,224.35,60007,1368410476.0,0.49,-1.23
2024-09-19,迈瑞医疗,300760,224.72,225.22,218.1,224.35,221.79,67422,1537741907.0,0.56,1.15
2024-09-18,迈瑞医疗,300760,225.51,227.95,221.77,221.79,225.39,31860,733691442.0,0.26,-1.6
2024-09-13,迈瑞医疗,300760,226.73,228.21,224.72,225.39,225.85,31108,722726879.0,0.26,-0.2
2024-09-12,迈瑞医疗,300760,233.75,234.72,225.33,225.85,233.75,51291,1198811060.0,0.42,-3.38
2024-09-11,迈瑞医疗,300760,233.71,236.22,231.43,233.75,234.72,26645,639961270.0,0.22,-0.41
2024-09-10,迈瑞医疗,300760,233.71,239.22,232.87,234.72,234.23,40036,970403236.0,0.33,0.21
2024-09-09,迈瑞医疗,300760,231.22,236.98,231.1,234.23,231.76,46460,1117937671.0,0.38,1.07
2024-09-06,迈瑞医疗,300760,238.79,240.66,231.37,231.76,239.54,31909,781733403.0,0.26,-3.25
2024-09-05,迈瑞医疗,300760,238.04,241.95,235.9,239.54,237.48,38459,962346188.0,0.32,0.87
2024-09-04,迈瑞医疗,300760,237.5,242.61,235.48,237.48,237.15,37170,926268432.0,0.31,0.14
2024-09-03,迈瑞医疗,300760,233.87,241.08,232.67,237.15,236.14,39965,989424120.0,0.33,0.43
2024-09-02,迈瑞医疗,300760,239.17,239.66,232.67,236.14,240.46,57584,1416587876.0,0.47,-1.8
2024-08-30,迈瑞医疗,300760,229.66,244.61,228.2,240.46,217.86,117717,2923371113.0,0.97,10.37
2024-08-29,迈瑞医疗,300760,216.56,219.96,214.37,217.86,216.18,54040,1230038572.0,0.45,0.78
2024-08-28,迈瑞医疗,300760,225.16,226.21,214.78,216.18,225.32,70729,1612822128.0,0.58,-4.06
2024-08-27,迈瑞医疗,300760,222.67,226.16,221.73,225.32,223.62,30817,724146129.0,0.25,0.76
2024-08-26,迈瑞医疗,300760,235.2,235.29,221.17,223.62,235.33,74267,1759905672.0,0.61,-4.98
2024-08-23,迈瑞医疗,300760,236.68,238.56,233.66,235.33,238.66,45907,1127126453.0,0.38,-1.4
2024-08-22,迈瑞医疗,300760,239.16,240.6,237.26,238.66,239.38,31605,786853245.0,0.26,-0.3
2024-08-21,迈瑞医疗,300760,240.66,242.18,238.34,239.38,240.66,30492,762384193.0,0.25,-0.53
2024-08-20,迈瑞医疗,300760,244.66,246.66,239.87,240.66,245.26,29038,729806997.0,0.24,-1.88
2024-08-19,迈瑞医疗,300760,243.46,249.54,242.66,245.26,243.63,25533,653220139.0,0.21,0.67
2024-08-16,迈瑞医疗,300760,241.67,244.22,239.46,243.63,242.62,32235,812122156.0,0.27,0.42
2024-08-15,迈瑞医疗,300760,241.05,245.36,240.67,242.62,241.7,26553,672767303.0,0.22,0.38
2024-08-14,迈瑞医疗,300760,244.96,245.54,239.79,241.7,245.84,30051,757674781.0,0.25,-1.68
2024-08-13,迈瑞医疗,300760,250.54,251.54,241.16,245.84,251.66,40413,1030460295.0,0.33,-2.31
2024-08-12,迈瑞医疗,300760,248.66,253.16,247.19,251.66,249.44,23196,605636596.0,0.19,0.89
2024-08-09,迈瑞医疗,300760,254.47,257.65,249.08,249.44,253.66,28195,741260953.0,0.23,-1.66
2024-08-08,迈瑞医疗,300760,252.61,255.66,249.74,253.66,252.76,23818,628813301.0,0.2,0.36
2024-08-07,迈瑞医疗,300760,250.97,254.26,247.19,252.76,250.95,33002,868001214.0,0.27,0.72
2024-08-06,迈瑞医疗,300760,250.56,256.02,249.94,250.95,250.26,30952,814164341.0,0.26,0.28
2024-08-05,迈瑞医疗,300760,249.66,255.51,248.67,250.26,250.01,47422,1246327146.0,0.39,0.1
2024-08-02,迈瑞医疗,300760,244.66,254.61,244.15,250.01,244.89,40445,1057951283.0,0.33,2.09
2024-08-01,迈瑞医疗,300760,248.33,248.33,243.16,244.89,246.77,45839,1174821189.0,0.38,-0.76
2024-07-31,迈瑞医疗,300760,236.66,250.65,236.66,246.77,237.8,80615,2068064388.0,0.66,3.77
2024-07-30,迈瑞医疗,300760,246.17,247.03,232.89,237.8,246.86,91041,2257142667.0,0.75,-3.67
2024-07-29,迈瑞医疗,300760,257.61,258.03,246.19,246.86,257.61,56483,1473230315.0,0.47,-4.17
2024-07-26,迈瑞医疗,300760,260.64,260.67,255.84,257.61,259.46,32915,881757981.0,0.27,-0.71
2024-07-25,迈瑞医疗,300760,259.86,260.66,256.05,259.46,260.54,32541,873880308.0,0.27,-0.41
2024-07-24,迈瑞医疗,300760,264.86,265.93,259.16,260.54,266.26,37900,1030373976.0,0.31,-2.15
2024-07-23,迈瑞医疗,300760,273.54,274.36,266.16,266.26,273.81,34218,954141134.0,0.28,-2.76
2024-07-22,迈瑞医疗,300760,274.81,277.14,272.02,273.81,274.91,27411,781373745.0,0.23,-0.4
2024-07-19,迈瑞医疗,300760,274.66,276.13,272.26,274.91,275.7,32352,920022533.0,0.27,-0.29
2024-07-18,迈瑞医疗,300760,270.56,277.32,269.41,275.7,270.66,39999,1141602386.0,0.33,1.86
2024-07-17,迈瑞医疗,300760,261.16,271.66,258.96,270.66,261.46,46757,1296115195.0,0.39,3.52
2024-07-16,迈瑞医疗,300760,265.88,267.43,261.34,261.46,267.16,40339,1101967722.0,0.33,-2.13
2024-07-15,迈瑞医疗,300760,269.16,271.66,266.26,267.16,270.66,22180,617522532.0,0.18,-1.29
2024-07-12,迈瑞医疗,300760,273.7,273.94,263.66,270.66,271.77,34304,959835710.0,0.28,-0.41
2024-07-11,迈瑞医疗,300760,269.57,272.16,264.46,271.77,268.56,31790,891197755.0,0.26,1.2
2024-07-10,迈瑞医疗,300760,270.46,273.19,267.26,268.56,270.77,21879,612393212.0,0.18,-0.82
2024-07-09,迈瑞医疗,300760,269.96,272.15,265.86,270.77,269.96,27912,779986380.0,0.23,0.3
2024-07-08,迈瑞医疗,300760,275.64,277.1,268.95,269.96,275.59,24393,687669916.0,0.2,-2.04
2024-07-05,迈瑞医疗,300760,272.78,276.15,270.49,275.59,273.66,26380,747879747.0,0.22,0.71
2024-07-04,迈瑞医疗,300760,271.66,274.76,270.71,273.66,270.26,21101,597992879.0,0.17,1.26
2024-07-03,迈瑞医疗,300760,273.09,274.87,268.54,270.26,274.86,21559,606658947.0,0.18,-1.67
2024-07-02,迈瑞医疗,300760,274.26,278.41,272.76,274.86,274.69,27814,794306761.0,0.23,0.06
2024-07-01,迈瑞医疗,300760,280.81,281.98,271.76,274.69,280.57,24030,687085506.0,0.2,-2.1
2024-06-28,迈瑞医疗,300760,281.26,284.86,279.76,280.57,284.16,31086,909208963.0,0.26,-1.26
2024-06-27,迈瑞医疗,300760,282.04,285.02,280.67,284.16,284.66,26295,771575278.0,0.22,-0.18
2024-06-26,迈瑞医疗,300760,281.54,285.26,281.46,284.66,282.86,24606,724024129.0,0.2,0.64
2024-06-25,迈瑞医疗,300760,283.56,285.0,275.33,282.86,285.0,40053,1169692810.0,0.33,-0.75
2024-06-24,迈瑞医疗,300760,279.66,287.26,278.34,285.0,280.64,37359,1102196124.0,0.31,1.55
2024-06-21,迈瑞医疗,300760,283.77,285.8,278.04,280.64,284.48,36614,1064961801.0,0.3,-1.35
2024-06-20,迈瑞医疗,300760,281.86,285.76,281.66,284.48,282.98,24394,718577764.0,0.2,0.53
2024-06-19,迈瑞医疗,300760,283.16,284.16,280.86,282.98,282.58,20655,606037347.0,0.17,0.14
2024-06-18,迈瑞医疗,300760,284.69,285.66,281.06,282.58,285.64,21461,628089267.0,0.18,-1.07
2024-06-17,迈瑞医疗,300760,284.86,287.63,283.44,285.64,288.76,28822,851973202.0,0.24,-1.08
2024-06-14,迈瑞医疗,300760,286.27,288.76,278.37,288.76,285.82,79760,2339100531.0,0.66,1.03
2024-06-13,迈瑞医疗,300760,289.24,289.24,284.33,285.82,285.87,38937,1155124744.0,0.32,-0.02
2024-06-12,迈瑞医疗,300760,292.07,292.21,285.84,285.87,292.13,34583,1028818639.0,0.29,-2.14
2024-06-11,迈瑞医疗,300760,289.43,293.26,288.29,292.13,289.43,28577,860408974.0,0.24,0.93
2024-06-07,迈瑞医疗,300760,294.34,295.54,288.86,289.43,294.34,38632,1164451081.0,0.32,-1.67
2024-06-06,迈瑞医疗,300760,296.26,296.26,288.76,294.34,293.93,33820,1028381411.0,0.28,0.14
2024-06-05,迈瑞医疗,300760,288.41,296.26,288.41,293.93,288.16,35969,1096132787.0,0.3,2.0
2024-06-04,迈瑞医疗,300760,284.36,290.26,284.16,288.16,286.26,22317,667331727.0,0.18,0.66
2024-06-03,迈瑞医疗,300760,283.51,289.46,282.7,286.26,279.8,35447,1050354015.0,0.29,2.31
2024-05-31,迈瑞医疗,300760,290.26,290.99,279.8,279.8,288.09,35000,1036012942.0,0.29,-2.88
2024-05-30,迈瑞医疗,300760,288.66,290.66,286.26,288.09,289.0,17456,521202031.0,0.14,-0.31
2024-05-29,迈瑞医疗,300760,286.88,292.06,286.88,289.0,288.05,23493,704486152.0,0.19,0.33
2024-05-28,迈瑞医疗,300760,290.11,290.47,285.78,288.05,289.35,28852,859981211.0,0.24,-0.45
2024-05-27,迈瑞医疗,300760,290.26,292.66,287.79,289.35,290.26,27864,839863417.0,0.23,-0.31
2024-05-24,迈瑞医疗,300760,297.16,297.66,290.26,290.26,298.16,29107,886675709.0,0.24,-2.65
2024-05-23,迈瑞医疗,300760,292.74,298.69,292.74,298.16,293.16,39906,1232485995.0,0.33,1.71
2024-05-22,迈瑞医疗,300760,292.83,294.26,289.76,293.16,293.64,30705,934606950.0,0.25,-0.16
2024-05-21,迈瑞医疗,300760,295.65,296.66,291.89,293.64,295.66,27439,838645336.0,0.23,-0.68
2024-05-20,迈瑞医疗,300760,297.36,299.63,293.17,295.66,297.16,38593,1186204785.0,0.32,-0.5
2024-05-17,迈瑞医疗,300760,300.68,302.65,294.36,297.16,300.92,37551,1159115156.0,0.31,-1.25
2024-05-16,迈瑞医疗,300760,299.28,302.26,296.36,300.92,299.21,32443,1013547651.0,0.27,0.57
2024-05-15,迈瑞医疗,300760,297.65,301.76,296.28,299.21,298.36,26012,811477395.0,0.21,0.28
2024-05-14,迈瑞医疗,300760,293.19,299.01,293.19,298.36,295.09,35594,1100602673.0,0.29,1.11
2024-05-13,迈瑞医疗,300760,291.26,297.26,288.32,295.09,292.88,35462,1081785463.0,0.29,0.75
2024-05-10,迈瑞医疗,300760,291.96,296.26,291.26,292.88,291.79,27359,834744938.0,0.23,0.37
2024-05-09,迈瑞医疗,300760,290.9,293.56,288.79,291.79,292.95,37854,1145353158.0,0.31,-0.4
2024-05-08,迈瑞医疗,300760,298.16,298.16,291.27,292.95,299.76,46639,1424896113.0,0.38,-2.27
2024-05-07,迈瑞医疗,300760,303.26,304.26,298.26,299.76,301.32,34831,1089777322.0,0.29,-0.52
2024-05-06,迈瑞医疗,300760,294.16,303.16,293.18,301.32,292.75,64352,2006040857.0,0.53,2.93
2024-04-30,迈瑞医疗,300760,288.77,295.5,288.51,292.75,290.27,48568,1482125757.0,0.4,0.85
2024-04-29,迈瑞医疗,300760,283.14,295.43,279.66,290.27,276.96,86116,2593154329.0,0.71,4.81
2024-04-26,迈瑞医疗,300760,271.46,278.26,271.46,276.96,273.26,30281,871445711.0,0.25,1.35
2024-04-25,迈瑞医疗,300760,273.2,275.65,271.66,273.26,274.01,23511,670032991.0,0.19,-0.27
2024-04-24,迈瑞医疗,300760,273.16,275.67,270.95,274.01,272.66,26534,758104415.0,0.22,0.5
2024-04-23,迈瑞医疗,300760,268.04,274.16,266.32,272.66,266.69,44628,1264701429.0,0.37,2.24
2024-04-22,迈瑞医疗,300760,261.66,269.37,259.67,266.69,259.55,45844,1278353871.0,0.38,2.75
2024-04-19,迈瑞医疗,300760,259.05,262.96,256.66,259.55,260.36,32672,884678964.0,0.27,-0.31
2024-04-18,迈瑞医疗,300760,261.66,268.16,260.16,260.36,260.72,41119,1132272652.0,0.34,-0.14
2024-04-17,迈瑞医疗,300760,253.92,266.96,253.44,260.72,255.96,46921,1281717870.0,0.39,1.86
2024-04-16,迈瑞医疗,300760,251.79,258.16,245.16,255.96,265.66,92941,2460440527.0,0.77,-3.65
2024-04-15,迈瑞医疗,300760,258.74,267.52,258.74,265.66,258.8,41624,1153161159.0,0.34,2.65
2024-04-12,迈瑞医疗,300760,258.24,262.78,258.24,258.8,259.97,24884,675026947.0,0.21,-0.45
2024-04-11,迈瑞医疗,300760,259.16,262.66,258.18,259.97,262.76,27705,754186893.0,0.23,-1.06
2024-04-10,迈瑞医疗,300760,266.22,267.04,262.16,262.76,267.46,24838,684620218.0,0.2,-1.76
2024-04-09,迈瑞医疗,300760,266.01,267.66,263.82,267.46,264.41,26880,747478781.0,0.22,1.15
2024-04-08,迈瑞医疗,300760,270.05,270.16,264.16,264.41,269.48,29036,805151857.0,0.24,-1.88
2024-04-03,迈瑞医疗,300760,268.36,271.34,268.24,269.48,269.63,28443,801137120.0,0.23,-0.06
2024-04-02,迈瑞医疗,300760,271.04,271.09,267.66,269.63,270.91,27123,762355045.0,0.22,-0.47
2024-04-01,迈瑞医疗,300760,269.62,274.89,269.16,270.91,269.62,25892,734872171.0,0.21,0.48
2024-03-29,迈瑞医疗,300760,268.15,270.91,267.16,269.62,268.05,20211,566899193.0,0.17,0.59
2024-03-28,迈瑞医疗,300760,270.21,271.06,265.55,268.05,271.52,45463,1271784474.0,0.37,-1.28
2024-03-27,迈瑞医疗,300760,274.34,275.05,270.72,271.52,274.34,29491,839781946.0,0.24,-1.03
2024-03-26,迈瑞医疗,300760,278.04,278.04,273.39,274.34,276.04,27721,794724743.0,0.23,-0.62
2024-03-25,迈瑞医疗,300760,278.51,280.16,275.96,276.04,277.45,26960,782243750.0,0.22,-0.51
2024-03-22,迈瑞医疗,300760,278.19,278.84,274.21,277.45,278.16,28741,828762731.0,0.24,-0.26
2024-03-21,迈瑞医疗,300760,282.06,282.15,278.16,278.16,280.16,19211,559360284.0,0.16,-0.71
2024-03-20,迈瑞医疗,300760,279.49,282.14,278.44,280.16,280.93,19715,576016812.0,0.16,-0.27
2024-03-19,迈瑞医疗,300760,280.18,283.99,279.22,280.93,281.23,22583,663369494.0,0.19,-0.11
2024-03-18,迈瑞医疗,300760,280.16,282.26,277.29,281.23,282.63,27599,806570095.0,0.23,-0.5
2024-03-15,迈瑞医疗,300760,284.76,286.37,278.67,282.63,285.82,35306,1035948283.0,0.29,-1.12
2024-03-14,迈瑞医疗,300760,293.16,295.14,285.16,285.82,286.96,52283,1573577278.0,0.43,-0.4
2024-03-13,迈瑞医疗,300760,291.16,292.16,285.76,286.96,293.58,31190,933678968.0,0.26,-2.25
2024-03-12,迈瑞医疗,300760,292.9,294.76,289.76,293.58,292.75,37158,1131577131.0,0.31,0.28
2024-03-11,迈瑞医疗,300760,282.15,294.16,279.66,292.75,280.44,56447,1702421748.0,0.47,4.39
2024-03-08,迈瑞医疗,300760,284.42,286.76,278.76,280.44,284.19,29958,877924207.0,0.25,-1.32
2024-03-07,迈瑞医疗,300760,286.26,287.79,283.01,284.19,286.26,28757,852784121.0,0.24,-0.72
2024-03-06,迈瑞医疗,300760,286.82,290.12,284.27,286.26,286.08,35332,1056954694.0,0.29,0.06
2024-03-05,迈瑞医疗,300760,277.24,287.76,277.16,286.08,279.37,61316,1816840018.0,0.51,2.4
2024-03-04,迈瑞医疗,300760,277.15,281.12,276.54,279.37,278.33,33737,981328360.0,0.28,0.37
2024-03-01,迈瑞医疗,300760,279.85,279.85,275.35,278.33,277.34,35008,1011782910.0,0.29,0.36
2024-02-29,迈瑞医疗,300760,274.21,280.55,274.21,277.34,276.16,46733,1352618984.0,0.39,0.43
2024-02-28,迈瑞医疗,300760,280.16,280.76,276.16,276.16,280.16,37765,1095916182.0,0.31,-1.43
2024-02-27,迈瑞医疗,300760,277.17,280.26,275.54,280.16,278.28,30177,874434064.0,0.25,0.68
2024-02-26,迈瑞医疗,300760,280.15,280.15,276.29,278.28,278.37,33185,963555584.0,0.27,-0.03
2024-02-23,迈瑞医疗,300760,282.66,283.14,277.16,278.37,283.19,42519,1237725796.0,0.35,-1.7
2024-02-22,迈瑞医疗,300760,289.76,289.76,282.76,283.19,289.51,39364,1165916563.0,0.32,-2.18
2024-02-21,迈瑞医疗,300760,286.15,293.16,285.36,289.51,288.25,34844,1052878312.0,0.29,0.44
2024-02-20,迈瑞医疗,300760,286.74,290.13,284.16,288.25,286.64,40206,1200893643.0,0.33,0.56
2024-02-19,迈瑞医疗,300760,289.66,290.16,284.36,286.64,285.54,44607,1334238757.0,0.37,0.39
2024-02-08,迈瑞医疗,300760,289.54,295.26,282.66,285.54,289.16,62741,1871638049.0,0.52,-1.25
2024-02-07,迈瑞医疗,300760,280.62,290.26,276.73,289.16,280.66,80591,2402055076.0,0.66,3.03
2024-02-06,迈瑞医疗,300760,270.52,284.78,269.67,280.66,272.5,75488,2208264946.0,0.62,2.99
2024-02-05,迈瑞医疗,300760,253.16,277.96,252.29,272.5,255.59,79063,2211354227.0,0.65,6.62
2024-02-02,迈瑞医疗,300760,259.35,262.16,254.16,255.59,261.35,36883,997485949.0,0.3,-2.2
2024-02-01,迈瑞医疗,300760,257.15,262.56,253.3,261.35,256.49,32080,869416995.0,0.26,1.89
2024-01-31,迈瑞医疗,300760,255.16,259.16,251.67,256.49,255.93,34172,911304106.0,0.28,0.22
2024-01-30,迈瑞医疗,300760,257.26,260.74,254.17,255.93,257.16,28101,755529183.0,0.23,-0.48
2024-01-29,迈瑞医疗,300760,274.14,275.16,256.05,257.16,272.48,52232,1435905935.0,0.43,-5.62
2024-01-26,迈瑞医疗,300760,269.26,273.54,268.85,272.48,272.01,31603,896695558.0,0.26,0.17
2024-01-25,迈瑞医疗,300760,268.45,272.56,267.61,272.01,271.16,29494,833129987.0,0.24,0.31
2024-01-24,迈瑞医疗,300760,266.37,272.52,263.31,271.16,263.66,35999,1005059155.0,0.3,2.84
2024-01-23,迈瑞医疗,300760,261.06,266.36,259.66,263.66,263.02,34511,950863277.0,0.28,0.24
2024-01-22,迈瑞医疗,300760,265.89,268.82,261.98,263.02,264.77,46755,1296367521.0,0.39,-0.66
2024-01-19,迈瑞医疗,300760,258.75,267.12,258.32,264.77,261.14,38583,1065474071.0,0.32,1.39
2024-01-18,迈瑞医疗,300760,257.16,261.66,252.83,261.14,257.66,40446,1086054717.0,0.33,1.35
2024-01-17,迈瑞医疗,300760,262.66,263.52,257.28,257.66,263.47,35537,962551716.0,0.29,-2.21
2024-01-16,迈瑞医疗,300760,264.67,265.73,259.86,263.47,266.66,32392,887118756.0,0.27,-1.2
2024-01-15,迈瑞医疗,300760,263.29,267.76,261.71,266.66,265.16,22922,635558144.0,0.19,0.57
2024-01-12,迈瑞医疗,300760,268.16,269.96,265.16,265.16,268.36,22129,616900937.0,0.18,-1.19
2024-01-11,迈瑞医疗,300760,265.96,270.36,263.23,268.36,265.73,29973,839842144.0,0.25,0.99
2024-01-10,迈瑞医疗,300760,267.96,270.55,264.48,265.73,269.92,27965,780164903.0,0.23,-1.55
2024-01-09,迈瑞医疗,300760,268.28,273.16,267.2,269.92,267.26,29339,828486332.0,0.24,1.0
2024-01-08,迈瑞医疗,300760,271.82,274.03,267.26,267.26,271.85,26376,743534655.0,0.22,-1.69
2024-01-05,迈瑞医疗,300760,274.9,277.02,270.66,271.85,273.97,32231,918897781.0,0.27,-0.77
2024-01-04,迈瑞医疗,300760,277.22,278.99,271.66,273.97,277.96,29852,853129312.0,0.25,-1.44
2024-01-03,迈瑞医疗,300760,279.81,282.54,277.96,277.96,281.63,21975,640473916.0,0.18,-1.3
2024-01-02,迈瑞医疗,300760,278.76,282.16,276.74,281.63,278.76,30550,891341987.0,0.25,1.03
2023-12-29,迈瑞医疗,300760,278.67,282.05,276.18,278.76,278.67,22673,660021396.0,0.19,0.03
2023-12-28,迈瑞医疗,300760,275.09,280.16,271.87,278.67,274.15,29619,854215474.0,0.24,1.65
2023-12-27,迈瑞医疗,300760,271.52,274.81,270.1,274.15,271.19,19709,562200842.0,0.16,1.09
2023-12-26,迈瑞医疗,300760,275.16,276.04,270.84,271.19,275.25,15683,445455351.0,0.13,-1.48
2023-12-25,迈瑞医疗,300760,275.29,279.16,272.76,275.25,276.98,18646,534937633.0,0.15,-0.62
2023-12-22,迈瑞医疗,300760,279.5,282.85,275.66,276.98,278.47,21952,636152329.0,0.18,-0.54
2023-12-21,迈瑞医疗,300760,280.52,281.1,276.46,278.47,278.51,20613,597061079.0,0.17,-0.01
2023-12-20,迈瑞医疗,300760,278.31,281.96,277.24,278.51,277.24,18851,549965137.0,0.16,0.46
2023-12-19,迈瑞医疗,300760,278.14,279.84,274.16,277.24,279.13,23229,669874760.0,0.19,-0.68
2023-12-18,迈瑞医疗,300760,282.66,282.66,277.66,279.13,281.16,25607,747088072.0,0.21,-0.72
2023-12-15,迈瑞医疗,300760,286.15,287.21,276.16,281.16,283.16,38539,1122104347.0,0.32,-0.71
2023-12-14,迈瑞医疗,300760,288.04,289.16,282.04,283.16,286.05,24728,731949592.0,0.2,-1.01
2023-12-13,迈瑞医疗,300760,289.57,289.57,285.19,286.05,285.95,27894,833302957.0,0.23,0.03
2023-12-12,迈瑞医疗,300760,285.07,288.04,283.51,285.95,286.0,24146,718107599.0,0.2,-0.02
2023-12-11,迈瑞医疗,300760,282.06,288.16,279.45,286.0,284.16,43600,1290264242.0,0.36,0.65
2023-12-08,迈瑞医疗,300760,271.06,285.84,270.26,284.16,271.16,88031,2578324092.0,0.73,4.79
2023-12-07,迈瑞医疗,300760,269.91,271.47,267.72,271.16,270.01,37310,1051617839.0,0.31,0.43
2023-12-06,迈瑞医疗,300760,276.93,276.96,269.36,270.01,277.0,44667,1264169303.0,0.37,-2.52
2023-12-05,迈瑞医疗,300760,282.64,282.79,276.16,277.0,281.21,35804,1045328547.0,0.3,-1.5
2023-12-04,迈瑞医疗,300760,281.16,285.11,278.65,281.21,278.26,45947,1349468347.0,0.38,1.06
2023-12-01,迈瑞医疗,300760,280.75,282.06,274.37,278.26,279.03,35367,1023479334.0,0.29,-0.28
2023-11-30,迈瑞医疗,300760,275.89,280.15,273.19,279.03,274.44,40156,1168227604.0,0.33,1.67
2023-11-29,迈瑞医疗,300760,274.16,278.16,272.36,274.44,272.74,28170,807884788.0,0.23,0.62
2023-11-28,迈瑞医疗,300760,269.93,272.93,268.17,272.74,269.43,22474,636405380.0,0.19,1.23
2023-11-27,迈瑞医疗,300760,273.16,274.12,267.16,269.43,271.36,23288,654505506.0,0.19,-0.71
2023-11-24,迈瑞医疗,300760,270.92,271.7,268.86,271.36,270.49,19035,537621120.0,0.16,0.32
2023-11-23,迈瑞医疗,300760,271.83,272.96,266.16,270.49,271.05,19055,537564506.0,0.16,-0.21
2023-11-22,迈瑞医疗,300760,271.16,273.65,269.41,271.05,271.06,20307,575726480.0,0.17,0.0
2023-11-21,迈瑞医疗,300760,272.32,274.31,268.08,271.06,271.36,24870,716124471.0,0.21,-0.11
2023-11-20,迈瑞医疗,300760,269.86,271.69,268.08,271.36,269.36,17171,491577606.0,0.14,0.74
2023-11-17,迈瑞医疗,300760,270.87,272.76,268.36,269.36,271.94,20014,572020421.0,0.17,-0.95
2023-11-16,迈瑞医疗,300760,273.96,275.59,271.06,271.94,274.81,19576,564932806.0,0.16,-1.04
2023-11-15,迈瑞医疗,300760,273.26,275.5,268.86,274.81,270.33,34255,993570695.0,0.28,1.66
2023-11-14,迈瑞医疗,300760,267.72,273.84,266.96,270.33,266.65,32712,939126352.0,0.27,1.38
2023-11-13,迈瑞医疗,300760,269.08,270.76,264.66,266.65,269.07,37000,1044350132.0,0.31,-0.9
2023-11-10,迈瑞医疗,300760,266.86,270.86,266.36,269.07,267.86,20571,586865276.0,0.17,0.45
2023-11-09,迈瑞医疗,300760,268.36,269.55,266.11,267.86,270.56,24793,704582560.0,0.2,-1.0
2023-11-08,迈瑞医疗,300760,266.06,272.22,265.86,270.56,266.46,35923,1027880868.0,0.3,1.54
2023-11-07,迈瑞医疗,300760,269.11,269.11,265.86,266.46,269.08,24050,680809022.0,0.2,-0.97
2023-11-06,迈瑞医疗,300760,268.76,269.71,265.88,269.08,266.51,39904,1132925041.0,0.33,0.96
2023-11-03,迈瑞医疗,300760,267.26,269.21,265.54,266.51,267.26,31363,889348164.0,0.26,-0.28
2023-11-02,迈瑞医疗,300760,267.86,268.36,265.69,267.26,266.66,30889,875482878.0,0.25,0.23
2023-11-01,迈瑞医疗,300760,267.92,269.36,264.96,266.66,269.88,35547,1004709748.0,0.29,-1.19
2023-10-31,迈瑞医疗,300760,266.26,271.19,265.17,269.88,266.94,52917,1510045057.0,0.44,1.1
2023-10-30,迈瑞医疗,300760,251.86,268.11,251.86,266.94,249.71,97244,2725468300.0,0.8,6.9
2023-10-27,迈瑞医疗,300760,239.43,249.76,239.43,249.71,240.66,58510,1534225568.0,0.48,3.76
2023-10-26,迈瑞医疗,300760,242.43,245.56,237.34,240.66,241.56,34141,879000672.0,0.28,-0.37
2023-10-25,迈瑞医疗,300760,246.51,246.54,240.16,241.56,243.86,30777,796321145.0,0.25,-0.94
2023-10-24,迈瑞医疗,300760,243.11,245.74,241.54,243.86,243.07,27752,721917357.0,0.23,0.33
2023-10-23,迈瑞医疗,300760,241.15,244.89,239.38,243.07,241.26,22046,570543564.0,0.18,0.75
2023-10-20,迈瑞医疗,300760,242.94,245.2,240.27,241.26,244.13,24982,643929557.0,0.21,-1.18
2023-10-19,迈瑞医疗,300760,246.34,247.86,243.46,244.13,248.39,32387,844809981.0,0.27,-1.72
2023-10-18,迈瑞医疗,300760,248.47,250.85,246.74,248.39,250.74,31557,835262577.0,0.26,-0.94
2023-10-17,迈瑞医疗,300760,263.82,263.82,246.97,250.74,251.76,37022,992513015.0,0.31,-0.41
2023-10-16,迈瑞医疗,300760,256.01,256.16,251.36,251.76,255.07,29356,789212020.0,0.24,-1.3
2023-10-13,迈瑞医疗,300760,256.07,256.85,253.87,255.07,257.53,23464,636021373.0,0.19,-0.96
2023-10-12,迈瑞医疗,300760,258.26,258.85,255.88,257.53,255.56,25042,685485806.0,0.21,0.77
2023-10-11,迈瑞医疗,300760,257.86,258.74,254.38,255.56,255.44,40580,1106566433.0,0.33,0.05
2023-10-10,迈瑞医疗,300760,258.01,260.35,255.44,255.44,256.01,31113,850514248.0,0.26,-0.22
2023-10-09,迈瑞医疗,300760,252.86,257.85,251.88,256.01,253.67,35494,963805382.0,0.29,0.92
2023-09-28,迈瑞医疗,300760,255.43,255.85,253.06,253.67,254.54,31750,857814290.0,0.26,-0.34
2023-09-27,迈瑞医疗,300760,257.36,258.56,253.4,254.54,256.23,49856,1354174010.0,0.41,-0.66
2023-09-26,迈瑞医疗,300760,258.86,259.85,255.42,256.23,260.16,29914,817110884.0,0.25,-1.51
2023-09-25,迈瑞医疗,300760,258.07,261.46,256.76,260.16,257.07,38793,1070970565.0,0.32,1.2
2023-09-22,迈瑞医疗,300760,258.16,258.16,254.58,257.07,257.05,36140,986608904.0,0.3,0.01
2023-09-21,迈瑞医疗,300760,257.87,259.46,256.11,257.05,259.98,31183,854323451.0,0.26,-1.13
2023-09-20,迈瑞医疗,300760,260.87,262.39,257.55,259.98,262.72,33891,933739120.0,0.28,-1.04
2023-09-19,迈瑞医疗,300760,260.86,263.32,258.76,262.72,261.86,33984,942421357.0,0.28,0.33
2023-09-18,迈瑞医疗,300760,260.86,264.86,258.96,261.86,261.05,53069,1472259292.0,0.44,0.31
2023-09-15,迈瑞医疗,300760,252.96,261.86,250.36,261.05,252.96,99963,2748772593.0,0.82,3.2
2023-09-14,迈瑞医疗,300760,251.06,253.86,249.44,252.96,250.44,44847,1202613491.0,0.37,1.01
2023-09-13,迈瑞医疗,300760,251.86,252.36,247.86,250.44,250.95,31393,834787423.0,0.26,-0.2
2023-09-12,迈瑞医疗,300760,252.75,253.16,249.97,250.95,253.77,33014,883259522.0,0.27,-1.11
2023-09-11,迈瑞医疗,300760,241.86,253.86,241.86,253.77,243.61,108143,2894067300.0,0.89,4.17
2023-09-08,迈瑞医疗,300760,241.54,244.79,239.91,243.61,241.54,31970,828089247.0,0.26,0.86
2023-09-07,迈瑞医疗,300760,247.97,248.66,240.37,241.54,248.86,82205,2126264204.0,0.68,-2.94
2023-09-06,迈瑞医疗,300760,250.74,251.37,247.87,248.86,251.35,49646,1315630008.0,0.41,-0.99
2023-09-05,迈瑞医疗,300760,252.16,252.26,249.46,251.35,252.46,46567,1244610964.0,0.38,-0.44
2023-09-04,迈瑞医疗,300760,255.3,255.3,251.87,252.46,253.16,45667,1229310757.0,0.38,-0.28
2023-09-01,迈瑞医疗,300760,254.33,254.86,249.87,253.16,253.86,36714,984820894.0,0.3,-0.28
2023-08-31,迈瑞医疗,300760,251.48,255.86,251.48,253.86,252.86,49941,1347432608.0,0.41,0.4
2023-08-30,迈瑞医疗,300760,256.86,257.36,250.36,252.86,255.46,80514,2165631042.0,0.66,-1.02
2023-08-29,迈瑞医疗,300760,266.24,266.24,253.75,255.46,266.29,130279,3565974749.0,1.07,-4.07
2023-08-28,迈瑞医疗,300760,277.89,278.64,259.91,266.29,261.85,78446,2215124714.0,0.65,1.7
2023-08-25,迈瑞医疗,300760,258.76,266.85,257.76,261.85,258.86,84102,2355554198.0,0.69,1.16
2023-08-24,迈瑞医疗,300760,249.38,259.61,249.38,258.86,250.77,57968,1578326336.0,0.48,3.23
2023-08-23,迈瑞医疗,300760,252.86,255.87,250.23,250.77,253.61,37472,1007048861.0,0.31,-1.12
2023-08-22,迈瑞医疗,300760,256.86,257.13,251.25,253.61,254.05,43114,1162187311.0,0.36,-0.17
2023-08-21,迈瑞医疗,300760,254.32,258.66,249.48,254.05,255.66,48618,1322897363.0,0.4,-0.63
2023-08-18,迈瑞医疗,300760,256.16,259.2,253.36,255.66,257.36,42398,1157234954.0,0.35,-0.66
2023-08-17,迈瑞医疗,300760,253.89,258.03,253.66,257.36,255.61,46974,1277400347.0,0.39,0.68
2023-08-16,迈瑞医疗,300760,251.86,259.66,250.73,255.61,251.79,65228,1780791946.0,0.54,1.52
2023-08-15,迈瑞医疗,300760,252.41,254.05,250.26,251.79,253.48,46170,1235251199.0,0.38,-0.67
2023-08-14,迈瑞医疗,300760,247.3,255.95,247.16,253.48,250.16,56207,1515967425.0,0.46,1.33
2023-08-11,迈瑞医疗,300760,253.86,255.45,249.94,250.16,254.07,46060,1233691840.0,0.38,-1.54
2023-08-10,迈瑞医疗,300760,254.86,255.72,251.54,254.07,255.11,59016,1589323360.0,0.49,-0.41
2023-08-09,迈瑞医疗,300760,257.26,257.26,252.53,255.11,254.32,87218,2362879700.0,0.72,0.31
2023-08-08,迈瑞医疗,300760,248.88,258.52,248.86,254.32,252.67,107273,2903796945.0,0.88,0.65
2023-08-07,迈瑞医疗,300760,265.79,266.86,251.86,252.67,269.94,176933,4807416615.0,1.46,-6.4
2023-08-04,迈瑞医疗,300760,278.86,279.66,267.23,269.94,278.41,114437,3291150246.0,0.94,-3.04
2023-08-03,迈瑞医疗,300760,279.56,279.87,277.87,278.41,279.9,40517,1194251604.0,0.33,-0.53
2023-08-02,迈瑞医疗,300760,279.76,281.86,278.27,279.9,279.1,34481,1021368758.0,0.28,0.29
2023-08-01,迈瑞医疗,300760,283.86,286.36,276.97,279.1,279.86,86624,2581128133.0,0.71,-0.27
2023-07-31,迈瑞医疗,300760,298.86,298.89,278.51,279.86,292.72,109512,3286408467.0,0.9,-4.39
2023-07-28,迈瑞医疗,300760,287.36,293.54,286.42,292.72,288.06,32872,1009823405.0,0.27,1.62
2023-07-27,迈瑞医疗,300760,287.86,288.86,284.84,288.06,287.26,21174,642661962.0,0.17,0.28
2023-07-26,迈瑞医疗,300760,282.88,287.88,282.86,287.26,284.35,21756,657804455.0,0.18,1.02
2023-07-25,迈瑞医疗,300760,283.86,284.36,280.2,284.35,281.58,33452,999325308.0,0.28,0.98
2023-07-24,迈瑞医疗,300760,281.87,285.36,280.47,281.58,283.77,21071,627409161.0,0.17,-0.77
2023-07-21,迈瑞医疗,300760,282.92,285.2,282.69,283.77,284.7,16921,507640776.0,0.14,-0.33
2023-07-20,迈瑞医疗,300760,283.36,285.86,282.81,284.7,281.38,19137,575481031.0,0.16,1.18
2023-07-19,迈瑞医疗,300760,279.86,283.84,279.86,281.38,281.76,18036,538741716.0,0.15,-0.13
2023-07-18,迈瑞医疗,300760,285.36,285.36,280.14,281.76,283.47,23703,705810273.0,0.2,-0.6
2023-07-17,迈瑞医疗,300760,285.52,285.63,281.86,283.47,285.31,8035,240550997.0,0.07,-0.64
2023-07-14,迈瑞医疗,300760,283.93,285.31,282.84,285.31,284.11,17185,516471682.0,0.14,0.42
2023-07-13,迈瑞医疗,300760,282.5,284.6,280.88,284.11,281.32,26220,786339891.0,0.22,0.99
2023-07-12,迈瑞医疗,300760,278.82,282.06,278.25,281.32,278.57,20679,614267592.0,0.17,0.99
2023-07-11,迈瑞医疗,300760,279.83,281.34,277.22,278.57,277.04,14191,419087564.0,0.12,0.55
2023-07-10,迈瑞医疗,300760,277.36,281.44,276.66,277.04,275.5,17398,512616954.0,0.14,0.56
2023-07-07,迈瑞医疗,300760,277.54,278.78,274.54,275.5,278.77,27965,817453388.0,0.23,-1.17
2023-07-06,迈瑞医疗,300760,279.36,281.41,277.92,278.77,280.18,23848,704270219.0,0.2,-0.5
2023-07-05,迈瑞医疗,300760,281.15,281.16,278.76,280.18,281.38,21358,631356498.0,0.18,-0.43
2023-07-04,迈瑞医疗,300760,282.86,284.84,280.06,281.38,284.06,25093,746512080.0,0.21,-0.94
2023-07-03,迈瑞医疗,300760,282.86,284.84,280.66,284.06,283.66,18555,554394070.0,0.15,0.14
2023-06-30,迈瑞医疗,300760,282.36,286.2,279.46,283.66,282.64,25264,756793139.0,0.21,0.36
2023-06-29,迈瑞医疗,300760,284.36,285.3,281.86,282.64,283.68,21447,643255474.0,0.18,-0.37
2023-06-28,迈瑞医疗,300760,281.89,285.54,279.64,283.68,281.48,19542,584688024.0,0.16,0.78
2023-06-27,迈瑞医疗,300760,284.36,285.34,280.84,281.48,282.46,20507,613130081.0,0.17,-0.35
2023-06-26,迈瑞医疗,300760,281.86,283.76,279.36,282.46,282.96,22045,657247564.0,0.18,-0.18
2023-06-21,迈瑞医疗,300760,285.31,286.96,282.86,282.96,286.99,22347,670333524.0,0.18,-1.4
2023-06-20,迈瑞医疗,300760,287.76,288.36,285.41,286.99,287.65,13973,423467284.0,0.12,-0.23
2023-06-19,迈瑞医疗,300760,288.96,291.63,284.15,287.65,290.07,20658,626381716.0,0.17,-0.83
2023-06-16,迈瑞医疗,300760,286.85,290.85,284.96,290.07,286.16,25556,778549007.0,0.21,1.37
2023-06-15,迈瑞医疗,300760,285.5,287.04,282.15,286.16,283.47,29028,874221732.0,0.24,0.95
2023-06-14,迈瑞医疗,300760,286.86,288.81,283.16,283.47,286.14,20603,621292899.0,0.17,-0.93
2023-06-13,迈瑞医疗,300760,282.74,287.11,281.97,286.14,283.21,20973,632231397.0,0.17,1.03
2023-06-12,迈瑞医疗,300760,284.76,285.46,281.86,283.21,285.86,19328,579254179.0,0.16,-0.93
2023-06-09,迈瑞医疗,300760,279.74,287.1,277.51,285.86,277.86,42385,1268565864.0,0.35,2.88
2023-06-08,迈瑞医疗,300760,279.97,281.74,274.55,277.86,278.84,28062,824474870.0,0.23,-0.35
2023-06-07,迈瑞医疗,300760,285.11,287.36,277.95,278.84,283.86,34407,1026038130.0,0.28,-1.77
2023-06-06,迈瑞医疗,300760,286.84,287.75,282.94,283.86,285.26,30264,910940285.0,0.25,-0.49
2023-06-05,迈瑞医疗,300760,286.36,289.76,284.35,285.26,285.44,18991,575263461.0,0.16,-0.06
2023-06-02,迈瑞医疗,300760,284.36,287.5,283.36,285.44,282.9,24893,751804833.0,0.21,0.9
2023-06-01,迈瑞医疗,300760,284.85,286.55,281.02,282.9,284.44,23478,703473730.0,0.19,-0.54
2023-05-31,迈瑞医疗,300760,291.47,291.75,282.86,284.44,291.46,37904,1141383377.0,0.31,-2.41
2023-05-30,迈瑞医疗,300760,298.06,298.06,288.86,291.46,295.88,25685,790678545.0,0.21,-1.49
2023-05-29,迈瑞医疗,300760,297.24,298.16,290.36,295.88,296.72,38451,1192472150.0,0.32,-0.28
2023-05-26,迈瑞医疗,300760,294.76,304.36,293.37,296.72,294.07,33633,1078480040.0,0.28,0.9
2023-05-25,迈瑞医疗,300760,291.23,294.81,289.11,294.07,291.36,26408,828906751.0,0.22,0.93
2023-05-24,迈瑞医疗,300760,292.56,294.05,287.94,291.36,290.74,25654,801832812.0,0.21,0.21
2023-05-23,迈瑞医疗,300760,294.36,294.86,290.57,290.74,292.36,19076,597448495.0,0.16,-0.55
2023-05-22,迈瑞医疗,300760,292.81,294.39,290.41,292.36,290.41,19532,612477620.0,0.16,0.67
2023-05-19,迈瑞医疗,300760,286.45,293.13,285.37,290.41,286.82,24192,751726765.0,0.2,1.25
2023-05-18,迈瑞医疗,300760,288.91,290.36,285.26,286.82,288.91,21214,653158787.0,0.17,-0.72
2023-05-17,迈瑞医疗,300760,290.05,291.96,288.06,288.91,289.96,17967,556888310.0,0.15,-0.36
2023-05-16,迈瑞医疗,300760,291.36,292.35,287.61,289.96,289.3,24577,761502256.0,0.2,0.23
2023-05-15,迈瑞医疗,300760,286.19,289.35,284.47,289.3,286.15,22309,687398353.0,0.18,1.1
2023-05-12,迈瑞医疗,300760,284.36,290.69,282.52,286.15,283.4,25588,788544159.0,0.21,0.97
2023-05-11,迈瑞医疗,300760,284.78,287.86,282.47,283.4,286.68,21515,655939050.0,0.18,-1.14
2023-05-10,迈瑞医疗,300760,285.36,288.21,278.07,286.68,283.56,33262,1013204250.0,0.27,1.1
2023-05-09,迈瑞医疗,300760,279.36,287.36,277.89,283.56,280.5,43809,1336116897.0,0.36,1.09
2023-05-08,迈瑞医疗,300760,294.72,295.22,277.37,280.5,293.72,63465,1923258919.0,0.52,-4.5
2023-05-05,迈瑞医疗,300760,294.36,295.87,291.02,293.72,294.36,27891,876394669.0,0.23,-0.22
2023-05-04,迈瑞医疗,300760,293.64,294.36,288.5,294.36,291.26,38645,1208706562.0,0.32,1.06
2023-04-28,迈瑞医疗,300760,291.26,291.36,286.46,291.26,288.36,46720,1450667830.0,0.39,1.01
2023-04-27,迈瑞医疗,300760,279.86,289.35,276.56,288.36,279.86,37516,1143985646.0,0.31,3.04
2023-04-26,迈瑞医疗,300760,279.36,284.15,278.49,279.86,282.08,32172,969391260.0,0.27,-0.79
2023-04-25,迈瑞医疗,300760,280.36,283.23,278.86,282.08,280.86,28721,868405471.0,0.24,0.43
2023-04-24,迈瑞医疗,300760,283.27,283.64,278.42,280.86,280.86,34182,1028190374.0,0.28,0.0
2023-04-21,迈瑞医疗,300760,288.38,289.11,278.24,280.86,288.39,46073,1393133092.0,0.38,-2.61
2023-04-20,迈瑞医疗,300760,298.36,298.56,287.62,288.39,297.01,31811,992006030.0,0.26,-2.9
2023-04-19,迈瑞医疗,300760,293.22,297.86,292.44,297.01,293.87,33047,1047382751.0,0.27,1.07
2023-04-18,迈瑞医疗,300760,292.36,296.26,291.05,293.87,292.62,24104,758254391.0,0.2,0.43
2023-04-17,迈瑞医疗,300760,291.24,294.86,287.55,292.62,291.86,32793,1024004513.0,0.27,0.26
2023-04-14,迈瑞医疗,300760,294.36,295.16,291.28,291.86,292.72,24223,759068662.0,0.2,-0.29
2023-04-13,迈瑞医疗,300760,286.36,294.91,283.56,292.72,287.71,44449,1389135408.0,0.37,1.74
2023-04-12,迈瑞医疗,300760,289.77,291.3,287.03,287.71,289.14,24921,770622504.0,0.21,-0.49
2023-04-11,迈瑞医疗,300760,294.86,294.86,289.03,289.14,291.26,24108,751476008.0,0.2,-0.73
2023-04-10,迈瑞医疗,300760,288.46,294.16,287.47,291.26,288.36,27443,859272861.0,0.23,1.01
2023-04-07,迈瑞医疗,300760,279.67,290.13,279.67,288.36,282.42,26046,801551476.0,0.21,2.1
2023-04-06,迈瑞医疗,300760,283.3,284.36,280.66,282.42,283.48,20474,619662259.0,0.17,-0.37
2023-04-04,迈瑞医疗,300760,282.86,284.86,279.57,283.48,282.46,29753,901013017.0,0.25,0.36
2023-04-03,迈瑞医疗,300760,291.07,291.31,281.36,282.46,291.07,38523,1172544391.0,0.32,-2.96
2023-03-31,迈瑞医疗,300760,294.1,294.83,290.56,291.07,292.82,22558,705354513.0,0.19,-0.6
2023-03-30,迈瑞医疗,300760,288.36,295.3,286.39,292.82,287.36,31212,977127463.0,0.26,1.9
2023-03-29,迈瑞医疗,300760,289.59,290.36,285.76,287.36,286.99,20530,632816654.0,0.17,0.13
2023-03-28,迈瑞医疗,300760,285.36,287.56,281.41,286.99,284.86,22747,697154211.0,0.19,0.75
2023-03-27,迈瑞医疗,300760,283.36,288.06,280.36,284.86,283.36,26559,810286323.0,0.22,0.53
2023-03-24,迈瑞医疗,300760,289.92,293.06,283.36,283.36,291.24,24888,763867814.0,0.21,-2.71
2023-03-23,迈瑞医疗,300760,286.61,292.24,286.44,291.24,287.96,18068,562346757.0,0.15,1.14
2023-03-22,迈瑞医疗,300760,287.1,289.25,282.37,287.96,284.86,24347,747063376.0,0.2,1.09
2023-03-21,迈瑞医疗,300760,277.13,286.16,276.37,284.86,274.76,34982,1062361710.0,0.29,3.68
2023-03-20,迈瑞医疗,300760,278.31,282.24,273.76,274.76,278.31,36434,1080831860.0,0.3,-1.28
2023-03-17,迈瑞医疗,300760,294.35,296.36,276.59,278.31,293.45,74715,2272684060.0,0.62,-5.16
2023-03-16,迈瑞医疗,300760,286.76,296.03,286.37,293.45,287.76,29795,936983058.0,0.25,1.98
2023-03-15,迈瑞医疗,300760,292.92,293.36,287.54,287.76,288.09,18027,559894068.0,0.15,-0.11
2023-03-14,迈瑞医疗,300760,288.31,292.49,287.54,288.09,288.37,15143,469703233.0,0.12,-0.1
2023-03-13,迈瑞医疗,300760,289.74,292.69,287.04,288.37,289.12,28693,891842378.0,0.24,-0.26
2023-03-10,迈瑞医疗,300760,282.97,291.35,282.36,289.12,282.97,31115,958392522.0,0.26,2.17
2023-03-09,迈瑞医疗,300760,285.36,287.96,282.82,282.97,285.45,22839,698715470.0,0.19,-0.87
2023-03-08,迈瑞医疗,300760,285.42,289.24,284.36,285.45,287.36,20052,614287932.0,0.17,-0.66
2023-03-07,迈瑞医疗,300760,291.36,292.86,286.36,287.36,292.37,26127,811062001.0,0.22,-1.71
2023-03-06,迈瑞医疗,300760,292.28,293.46,289.36,292.37,292.46,20725,645977140.0,0.17,-0.03
2023-03-03,迈瑞医疗,300760,293.34,295.11,289.46,292.46,290.76,16679,522124215.0,0.14,0.58
2023-03-02,迈瑞医疗,300760,292.38,295.96,289.94,290.76,295.85,19635,614220525.0,0.16,-1.72
2023-03-01,迈瑞医疗,300760,294.36,296.34,290.37,295.85,293.38,23526,741331547.0,0.19,0.84
2023-02-28,迈瑞医疗,300760,292.14,299.31,292.14,293.38,291.83,28280,892703407.0,0.23,0.53
2023-02-27,迈瑞医疗,300760,293.78,294.86,288.36,291.83,294.4,25895,807641534.0,0.21,-0.87
2023-02-24,迈瑞医疗,300760,294.36,296.66,293.86,294.4,295.48,16443,519022275.0,0.14,-0.37
2023-02-23,迈瑞医疗,300760,294.86,298.05,294.86,295.48,296.83,20137,637600698.0,0.17,-0.45
2023-02-22,迈瑞医疗,300760,301.36,302.96,294.86,296.83,301.85,34768,1104145221.0,0.29,-1.66
2023-02-21,迈瑞医疗,300760,304.34,305.04,298.46,301.85,305.54,25537,820345974.0,0.21,-1.21
2023-02-20,迈瑞医疗,300760,297.41,305.96,295.41,305.54,298.34,33250,1070563585.0,0.27,2.41
2023-02-17,迈瑞医疗,300760,300.44,304.13,298.02,298.34,302.01,23063,741586777.0,0.19,-1.22
2023-02-16,迈瑞医疗,300760,305.36,306.3,300.94,302.01,304.31,22756,737667741.0,0.19,-0.76
2023-02-15,迈瑞医疗,300760,306.36,308.76,302.8,304.31,306.14,21126,687083433.0,0.17,-0.6
2023-02-14,迈瑞医疗,300760,305.36,306.14,300.48,306.14,299.92,26110,848193275.0,0.22,2.07
2023-02-13,迈瑞医疗,300760,301.49,303.37,298.04,299.92,303.52,40173,1287887935.0,0.33,-1.19
2023-02-10,迈瑞医疗,300760,306.19,307.82,301.22,303.52,306.36,20147,653686830.0,0.17,-0.93
2023-02-09,迈瑞医疗,300760,299.36,306.93,297.96,306.36,299.36,32140,1044873679.0,0.27,2.34
2023-02-08,迈瑞医疗,300760,298.16,304.88,296.57,299.36,296.55,36968,1189990602.0,0.3,0.95
2023-02-07,迈瑞医疗,300760,299.01,299.86,294.71,296.55,295.85,24123,765949370.0,0.2,0.24
2023-02-06,迈瑞医疗,300760,296.47,299.88,293.34,295.85,304.88,47712,1510359536.0,0.39,-2.96
2023-02-03,迈瑞医疗,300760,307.09,307.84,301.81,304.88,308.37,31995,1038528363.0,0.26,-1.13
2023-02-02,迈瑞医疗,300760,312.34,312.36,304.64,308.37,310.35,39942,1310753244.0,0.33,-0.64
2023-02-01,迈瑞医疗,300760,313.86,314.15,306.27,310.35,312.0,27089,892261023.0,0.22,-0.53
2023-01-31,迈瑞医疗,300760,320.36,320.55,310.86,312.0,318.72,33477,1120240448.0,0.28,-2.11
2023-01-30,迈瑞医疗,300760,332.36,332.36,317.41,318.72,320.41,50097,1706894688.0,0.41,-0.53
2023-01-20,迈瑞医疗,300760,322.13,324.36,318.91,320.41,320.87,30152,1029717384.0,0.25,-0.14
2023-01-19,迈瑞医疗,300760,319.34,323.6,315.54,320.87,316.47,35575,1209728218.0,0.29,1.39
2023-01-18,迈瑞医疗,300760,319.38,320.96,315.1,316.47,318.69,19927,673102946.0,0.16,-0.7
2023-01-17,迈瑞医疗,300760,320.71,323.29,317.77,318.69,321.24,26977,919299989.0,0.22,-0.79
2023-01-16,迈瑞医疗,300760,312.09,327.66,311.39,321.24,310.18,63364,2166618807.0,0.52,3.57
2023-01-13,迈瑞医疗,300760,302.36,310.18,299.55,310.18,301.16,39032,1278954854.0,0.32,3.0
2023-01-12,迈瑞医疗,300760,307.36,307.36,299.57,301.16,304.08,27873,899784400.0,0.23,-0.96
2023-01-11,迈瑞医疗,300760,307.37,308.34,302.86,304.08,307.45,25370,826723209.0,0.21,-1.1
2023-01-10,迈瑞医疗,300760,299.36,309.36,296.81,307.45,298.0,46331,1508058822.0,0.38,3.17
2023-01-09,迈瑞医疗,300760,297.54,300.13,295.33,298.0,297.46,35314,1122933876.0,0.29,0.18
2023-01-06,迈瑞医疗,300760,300.48,303.32,295.36,297.46,299.51,43646,1391768566.0,0.36,-0.68
2023-01-05,迈瑞医疗,300760,300.35,302.85,294.56,299.51,297.81,51289,1638866681.0,0.42,0.57
2023-01-04,迈瑞医疗,300760,290.66,300.04,289.44,297.81,290.72,42264,1343914159.0,0.35,2.44
2023-01-03,迈瑞医疗,300760,295.33,296.36,288.36,290.72,295.33,44686,1390447580.0,0.37,-1.56
2022-12-30,迈瑞医疗,300760,298.36,299.23,293.16,295.33,297.64,32727,1035098266.0,0.27,-0.78
2022-12-29,迈瑞医疗,300760,294.87,298.38,293.86,297.64,296.55,28128,893057773.0,0.23,0.37
2022-12-28,迈瑞医疗,300760,292.96,298.16,291.48,296.55,292.56,43057,1365234007.0,0.36,1.36
2022-12-27,迈瑞医疗,300760,295.36,297.25,289.37,292.56,293.76,30524,955883147.0,0.25,-0.41
2022-12-26,迈瑞医疗,300760,298.36,299.36,293.26,293.76,295.36,21999,696932556.0,0.18,-0.54
2022-12-23,迈瑞医疗,300760,287.26,297.41,285.69,295.36,287.79,32214,1013185819.0,0.27,2.63
2022-12-22,迈瑞医疗,300760,288.36,291.76,284.37,287.79,286.36,30148,931930941.0,0.25,0.5
2022-12-21,迈瑞医疗,300760,284.35,287.31,282.48,286.36,282.36,23695,725778736.0,0.2,1.42
2022-12-20,迈瑞医疗,300760,287.1,289.05,282.18,282.36,287.07,33316,1015478142.0,0.27,-1.64
2022-12-19,迈瑞医疗,300760,290.6,292.11,286.43,287.07,290.12,28184,870457418.0,0.23,-1.05
2022-12-16,迈瑞医疗,300760,287.36,290.12,283.87,290.12,287.36,27202,838472980.0,0.22,0.96
2022-12-15,迈瑞医疗,300760,286.36,289.16,283.96,287.36,288.16,22900,704305989.0,0.19,-0.28
2022-12-14,迈瑞医疗,300760,294.16,294.36,287.16,288.16,291.78,37545,1160465203.0,0.31,-1.24
2022-12-13,迈瑞医疗,300760,296.36,296.36,289.59,291.78,294.81,32875,1028654469.0,0.27,-1.03
2022-12-12,迈瑞医疗,300760,291.36,297.36,291.26,294.81,290.8,46123,1453243507.0,0.38,1.38
2022-12-09,迈瑞医疗,300760,293.75,294.36,282.72,290.8,293.36,86942,2675471074.0,0.72,-0.87
2022-12-08,迈瑞医疗,300760,295.86,296.66,288.57,293.36,292.46,43677,1365541452.0,0.36,0.31
2022-12-07,迈瑞医疗,300760,301.04,303.79,291.36,292.46,304.42,76379,2414825231.0,0.63,-3.93
2022-12-06,迈瑞医疗,300760,306.86,310.35,301.56,304.42,305.36,38103,1239534977.0,0.31,-0.31
2022-12-05,迈瑞医疗,300760,310.36,314.02,303.98,305.36,307.36,53688,1759219615.0,0.44,-0.65
2022-12-02,迈瑞医疗,300760,311.41,317.61,307.36,307.36,315.01,40059,1329557321.0,0.33,-2.43
2022-12-01,迈瑞医疗,300760,312.35,315.94,305.77,315.01,303.96,66952,2217806512.0,0.55,3.64
2022-11-30,迈瑞医疗,300760,302.86,306.86,298.18,303.96,303.9,40085,1291759441.0,0.33,0.02
2022-11-29,迈瑞医疗,300760,308.36,312.62,297.44,303.9,305.36,62012,2012604042.0,0.51,-0.48
2022-11-28,迈瑞医疗,300760,303.15,308.34,298.44,305.36,308.37,31907,1033574260.0,0.26,-0.98
2022-11-25,迈瑞医疗,300760,301.53,309.56,295.86,308.37,301.53,43962,1437264140.0,0.36,2.27
2022-11-24,迈瑞医疗,300760,296.38,303.56,295.36,301.53,296.29,31343,1007867074.0,0.26,1.77
2022-11-23,迈瑞医疗,300760,302.36,302.36,292.16,296.29,301.22,34580,1090853087.0,0.29,-1.64
2022-11-22,迈瑞医疗,300760,305.86,307.86,298.95,301.22,304.36,47228,1530194069.0,0.39,-1.03
2022-11-21,迈瑞医疗,300760,300.37,305.84,295.69,304.36,305.88,45381,1464500657.0,0.37,-0.5
2022-11-18,迈瑞医疗,300760,309.36,322.36,298.37,305.88,293.28,96178,3152346563.0,0.79,4.3
2022-11-17,迈瑞医疗,300760,295.66,299.84,290.16,293.28,298.24,35867,1124958864.0,0.3,-1.66
2022-11-16,迈瑞医疗,300760,295.36,304.88,291.37,298.24,296.3,42477,1358165089.0,0.35,0.65
2022-11-15,迈瑞医疗,300760,297.36,299.35,287.81,296.3,298.36,52692,1654654349.0,0.43,-0.69
2022-11-14,迈瑞医疗,300760,287.72,300.61,287.4,298.36,281.67,92585,2926144237.0,0.76,5.93
2022-11-11,迈瑞医疗,300760,290.53,291.16,279.38,281.67,281.46,87076,2665321167.0,0.72,0.07
2022-11-10,迈瑞医疗,300760,283.37,287.85,279.12,281.46,285.86,37606,1138391810.0,0.31,-1.54
2022-11-09,迈瑞医疗,300760,292.36,293.36,284.36,285.86,293.96,46115,1420889886.0,0.38,-2.76
2022-11-08,迈瑞医疗,300760,297.33,298.32,290.68,293.96,296.35,36680,1153692530.0,0.3,-0.81
2022-11-07,迈瑞医疗,300760,296.2,301.35,292.86,296.35,298.21,58938,1867834616.0,0.49,-0.62
2022-11-04,迈瑞医疗,300760,302.36,312.34,296.41,298.21,302.29,102641,3302679621.0,0.85,-1.35
2022-11-03,迈瑞医疗,300760,305.77,308.23,297.46,302.29,305.77,39444,1270581248.0,0.33,-1.14
2022-11-02,迈瑞医疗,300760,299.36,310.54,297.66,305.77,305.2,78424,2546436180.0,0.65,0.19
2022-11-01,迈瑞医疗,300760,307.48,311.35,293.36,305.2,304.8,71548,2296173283.0,0.59,0.13
2022-10-31,迈瑞医疗,300760,297.03,311.86,296.41,304.8,301.87,58647,1910548296.0,0.48,0.97
2022-10-28,迈瑞医疗,300760,303.36,313.36,301.16,301.87,306.36,37015,1208106441.0,0.31,-1.47
2022-10-27,迈瑞医疗,300760,307.86,311.71,301.96,306.36,305.36,46595,1525774804.0,0.38,0.33
2022-10-26,迈瑞医疗,300760,295.86,310.36,292.54,305.36,293.08,83148,2705586672.0,0.69,4.19
2022-10-25,迈瑞医疗,300760,305.7,307.34,287.46,293.08,304.06,85377,2678671661.0,0.7,-3.61
2022-10-24,迈瑞医疗,300760,306.26,309.36,295.36,304.06,310.91,62776,2028216576.0,0.52,-2.2
2022-10-21,迈瑞医疗,300760,305.43,312.44,304.06,310.91,310.28,39929,1316906817.0,0.33,0.2
2022-10-20,迈瑞医疗,300760,309.62,318.86,304.87,310.28,307.37,62800,2089289536.0,0.52,0.95
2022-10-19,迈瑞医疗,300760,307.25,311.35,305.81,307.37,310.8,56007,1840850482.0,0.46,-1.1
2022-10-18,迈瑞医疗,300760,309.34,314.84,304.83,310.8,309.36,69487,2302270781.0,0.57,0.47
2022-10-17,迈瑞医疗,300760,319.36,326.36,306.02,309.36,319.53,120849,4060133020.0,1.0,-3.18
2022-10-14,迈瑞医疗,300760,286.69,328.36,286.67,319.53,278.71,199179,6610074000.0,1.64,14.65
2022-10-13,迈瑞医疗,300760,279.36,285.02,274.46,278.71,279.58,40269,1211581768.0,0.33,-0.31
2022-10-12,迈瑞医疗,300760,277.36,283.34,274.55,279.58,281.13,41888,1249044295.0,0.35,-0.55
2022-10-11,迈瑞医疗,300760,282.85,284.66,276.3,281.13,278.66,51694,1558548670.0,0.43,0.89
2022-10-10,迈瑞医疗,300760,280.36,291.36,277.36,278.66,278.36,77295,2357023220.0,0.64,0.11
2022-09-30,迈瑞医疗,300760,279.35,281.24,272.41,278.36,275.41,57896,1730366397.0,0.48,1.07
2022-09-29,迈瑞医疗,300760,271.06,280.19,268.46,275.41,265.35,77958,2306368992.0,0.64,3.79
2022-09-28,迈瑞医疗,300760,261.33,273.86,259.37,265.35,261.86,75760,2185719268.0,0.62,1.33
2022-09-27,迈瑞医疗,300760,244.57,262.86,239.47,261.86,241.91,78992,2180404052.0,0.65,8.25
2022-09-26,迈瑞医疗,300760,234.66,244.86,232.73,241.91,235.25,41236,1081064037.0,0.34,2.83
2022-09-23,迈瑞医疗,300760,239.36,241.36,234.15,235.25,240.31,47136,1210325341.0,0.39,-2.11
2022-09-22,迈瑞医疗,300760,240.16,244.74,237.36,240.31,243.36,51705,1351358012.0,0.43,-1.25
2022-09-21,迈瑞医疗,300760,263.36,263.48,239.35,243.36,263.86,101852,2712424730.0,0.84,-7.77
2022-09-20,迈瑞医疗,300760,271.67,273.36,262.12,263.86,271.88,44549,1273802188.0,0.37,-2.95
2022-09-19,迈瑞医疗,300760,277.64,279.86,270.7,271.88,277.66,27711,814659593.0,0.23,-2.08
2022-09-16,迈瑞医疗,300760,281.37,282.86,276.63,277.66,281.66,33382,997549732.0,0.28,-1.42
2022-09-15,迈瑞医疗,300760,283.36,286.26,279.69,281.66,283.36,28888,875303678.0,0.24,-0.6
2022-09-14,迈瑞医疗,300760,277.37,284.94,276.57,283.36,281.37,33284,1006194730.0,0.27,0.71
2022-09-13,迈瑞医疗,300760,279.36,290.64,278.46,281.37,278.82,41665,1268218211.0,0.34,0.91
2022-09-09,迈瑞医疗,300760,271.36,281.36,269.56,278.82,268.24,62890,1880514372.0,0.52,3.94
2022-09-08,迈瑞医疗,300760,271.0,271.32,267.94,268.24,269.79,17782,515178203.0,0.15,-0.57
2022-09-07,迈瑞医疗,300760,269.54,273.34,268.81,269.79,271.36,21132,614604770.0,0.17,-0.58
2022-09-06,迈瑞医疗,300760,274.4,275.36,269.94,271.36,275.73,23204,677763811.0,0.19,-1.58
2022-09-05,迈瑞医疗,300760,280.26,282.32,271.51,275.73,275.36,39654,1176020734.0,0.33,0.13
2022-09-02,迈瑞医疗,300760,275.04,280.26,273.46,275.36,274.36,22093,655299517.0,0.18,0.36
2022-09-01,迈瑞医疗,300760,273.43,279.33,272.44,274.36,277.86,29085,860809480.0,0.24,-1.26
2022-08-31,迈瑞医疗,300760,267.96,278.73,266.48,277.86,268.36,44927,1328367317.0,0.37,3.54
2022-08-30,迈瑞医疗,300760,269.88,271.32,264.93,268.36,269.55,21385,616307190.0,0.18,-0.44
2022-08-29,迈瑞医疗,300760,269.86,274.27,267.86,269.55,274.43,27925,811347890.0,0.23,-1.78
2022-08-26,迈瑞医疗,300760,274.16,277.58,272.36,274.43,271.84,25720,760131953.0,0.21,0.95
2022-08-25,迈瑞医疗,300760,273.27,274.36,267.86,271.84,273.17,32803,954820093.0,0.27,-0.49
2022-08-24,迈瑞医疗,300760,272.71,275.31,271.37,273.17,274.76,18282,537841782.0,0.15,-0.58
2022-08-23,迈瑞医疗,300760,280.28,280.28,270.56,274.76,278.39,47228,1388426388.0,0.39,-1.3
2022-08-22,迈瑞医疗,300760,273.16,284.36,270.91,278.39,268.86,63147,1888939933.0,0.52,3.54
2022-08-19,迈瑞医疗,300760,272.86,272.96,267.51,268.86,274.76,35712,1038080819.0,0.29,-2.15
2022-08-18,迈瑞医疗,300760,278.71,279.82,273.06,274.76,279.86,26082,771006631.0,0.22,-1.82
2022-08-17,迈瑞医疗,300760,278.42,281.66,275.41,279.86,277.86,19892,595766970.0,0.16,0.72
2022-08-16,迈瑞医疗,300760,279.06,284.34,276.36,277.86,278.65,24227,727617791.0,0.2,-0.28
2022-08-15,迈瑞医疗,300760,285.41,287.33,277.03,278.65,285.51,30954,929884371.0,0.26,-2.4
2022-08-12,迈瑞医疗,300760,281.06,287.16,279.37,285.51,281.57,26098,797819335.0,0.22,1.4
2022-08-11,迈瑞医疗,300760,276.47,283.34,275.39,281.57,275.13,27096,816283797.0,0.22,2.34
2022-08-10,迈瑞医疗,300760,278.82,280.39,272.99,275.13,279.34,22553,668739177.0,0.19,-1.51
2022-08-09,迈瑞医疗,300760,279.46,281.86,276.36,279.34,281.06,17852,535988268.0,0.15,-0.61
2022-08-08,迈瑞医疗,300760,277.17,283.22,276.53,281.06,278.53,25885,779813879.0,0.21,0.91
2022-08-05,迈瑞医疗,300760,273.43,279.65,272.38,278.53,272.26,40809,1213917321.0,0.34,2.3
2022-08-04,迈瑞医疗,300760,270.11,274.69,268.58,272.26,269.56,27591,808766946.0,0.23,1.0
2022-08-03,迈瑞医疗,300760,269.36,271.86,266.02,269.56,267.36,30580,886228706.0,0.25,0.82
2022-08-02,迈瑞医疗,300760,269.37,273.02,265.03,267.36,271.36,37140,1075307674.0,0.31,-1.47
2022-08-01,迈瑞医疗,300760,269.79,273.91,264.46,271.36,268.86,32220,938287632.0,0.27,0.93
2022-07-29,迈瑞医疗,300760,273.45,274.33,267.43,268.86,272.86,46909,1365005410.0,0.39,-1.47
2022-07-28,迈瑞医疗,300760,281.36,283.3,272.36,272.86,281.36,75429,2229500054.0,0.62,-3.02
2022-07-27,迈瑞医疗,300760,287.43,289.27,280.46,281.36,286.47,40091,1217269783.0,0.33,-1.78
2022-07-26,迈瑞医疗,300760,285.71,288.86,283.16,286.47,282.35,32632,1002634436.0,0.27,1.46
2022-07-25,迈瑞医疗,300760,282.64,285.76,279.16,282.35,282.65,27463,830428107.0,0.23,-0.11
2022-07-22,迈瑞医疗,300760,286.83,291.86,281.22,282.65,285.83,37121,1135252771.0,0.31,-1.11
2022-07-21,迈瑞医疗,300760,281.26,290.88,278.4,285.83,281.26,59735,1821472381.0,0.49,1.62
2022-07-20,迈瑞医疗,300760,282.35,285.24,278.22,281.26,280.81,45913,1385841259.0,0.38,0.16
2022-07-19,迈瑞医疗,300760,291.97,292.09,274.38,280.81,289.36,90926,2736611818.0,0.75,-2.95
2022-07-18,迈瑞医疗,300760,296.41,297.31,285.41,289.36,296.41,55529,1720480566.0,0.46,-2.38
2022-07-15,迈瑞医疗,300760,300.46,307.06,295.36,296.41,303.35,32190,1033366291.0,0.27,-2.29
2022-07-14,迈瑞医疗,300760,297.36,305.3,294.76,303.35,295.36,47596,1535008893.0,0.39,2.71
2022-07-13,迈瑞医疗,300760,291.76,296.86,289.36,295.36,291.76,38525,1210640017.0,0.32,1.23
2022-07-12,迈瑞医疗,300760,299.96,301.04,291.76,291.76,299.04,40934,1295644113.0,0.34,-2.43
2022-07-11,迈瑞医疗,300760,298.44,301.75,293.43,299.04,296.02,64607,2059761296.0,0.53,1.02
2022-07-08,迈瑞医疗,300760,296.76,299.72,291.61,296.02,295.14,37986,1203510000.0,0.31,0.3
2022-07-07,迈瑞医疗,300760,303.36,304.29,290.86,295.14,303.36,63985,2025574352.0,0.53,-2.71
2022-07-06,迈瑞医疗,300760,319.16,321.16,301.76,303.36,314.76,67909,2238364496.0,0.56,-3.62
2022-07-05,迈瑞医疗,300760,320.16,325.86,307.58,314.76,314.36,77244,2590820144.0,0.64,0.13
2022-07-04,迈瑞医疗,300760,291.4,318.33,291.28,314.36,291.4,100328,3303010256.0,0.83,7.88
2022-07-01,迈瑞医疗,300760,292.51,297.54,286.32,291.4,292.56,39326,1224699216.0,0.32,-0.4
2022-06-30,迈瑞医疗,300760,292.04,295.46,285.02,292.56,291.36,48791,1521217264.0,0.4,0.41
2022-06-29,迈瑞医疗,300760,293.58,297.31,291.36,291.36,296.24,36430,1143746224.0,0.3,-1.65
2022-06-28,迈瑞医疗,300760,299.36,299.36,292.46,296.24,299.26,35892,1130079680.0,0.3,-1.01
2022-06-27,迈瑞医疗,300760,301.56,307.04,297.36,299.26,298.66,42714,1379155968.0,0.35,0.2
2022-06-24,迈瑞医疗,300760,292.26,300.9,288.68,298.66,290.02,47087,1492654640.0,0.39,2.98
2022-06-23,迈瑞医疗,300760,293.23,295.36,285.66,290.02,291.48,41310,1277781504.0,0.34,-0.5
2022-06-22,迈瑞医疗,300760,296.32,297.5,291.34,291.48,294.71,27729,871004800.0,0.23,-1.1
2022-06-21,迈瑞医疗,300760,290.02,299.36,287.96,294.71,292.7,35276,1112364160.0,0.29,0.69
2022-06-20,迈瑞医疗,300760,287.17,298.01,286.38,292.7,286.95,50862,1589725456.0,0.42,2.0
2022-06-17,迈瑞医疗,300760,280.41,288.97,276.36,286.95,283.36,53709,1633399344.0,0.44,1.27
2022-06-16,迈瑞医疗,300760,279.86,288.36,279.36,283.36,279.53,34500,1051426752.0,0.28,1.37
2022-06-15,迈瑞医疗,300760,278.36,284.86,277.03,279.53,277.35,37183,1122489008.0,0.31,0.79
2022-06-14,迈瑞医疗,300760,276.31,279.31,271.71,277.35,276.8,25241,745825952.0,0.21,0.2
2022-06-13,迈瑞医疗,300760,281.11,283.58,274.54,276.8,285.91,47254,1410846240.0,0.39,-3.19
2022-06-10,迈瑞医疗,300760,282.04,287.86,279.86,285.91,284.12,44291,1348328464.0,0.37,0.63
2022-06-09,迈瑞医疗,300760,289.41,292.41,281.73,284.12,292.06,33428,1022303312.0,0.28,-2.72
2022-06-08,迈瑞医疗,300760,293.35,297.26,286.86,292.06,292.08,39539,1232628032.0,0.33,-0.01
2022-06-07,迈瑞医疗,300760,283.35,294.36,282.37,292.08,282.36,42051,1307914016.0,0.35,3.44
2022-06-06,迈瑞医疗,300760,277.38,283.36,271.94,282.36,277.36,37719,1130754880.0,0.31,1.8
2022-06-02,迈瑞医疗,300760,280.86,282.16,274.88,277.36,282.89,27237,811058432.0,0.22,-1.95
2022-06-01,迈瑞医疗,300760,279.86,285.04,279.36,282.89,281.86,30570,924877216.0,0.25,0.37
2022-05-31,迈瑞医疗,300760,273.36,282.17,267.94,281.86,273.36,41046,1225662832.0,0.34,3.11
2022-05-30,迈瑞医疗,300760,274.36,277.14,267.67,273.36,274.29,30709,897172352.0,0.25,-0.34
2022-05-27,迈瑞医疗,300760,267.1,278.92,265.39,274.29,262.66,51770,1527438944.0,0.43,4.43
2022-05-26,迈瑞医疗,300760,271.41,271.65,259.36,262.66,270.96,44667,1267074928.0,0.37,-3.06
2022-05-25,迈瑞医疗,300760,269.86,276.35,266.47,270.96,269.86,27602,805752048.0,0.23,0.41
2022-05-24,迈瑞医疗,300760,278.16,278.36,267.86,269.86,279.1,35256,1029976480.0,0.29,-3.31
2022-05-23,迈瑞医疗,300760,286.36,286.36,277.87,279.1,283.91,24047,721475456.0,0.2,-1.69
2022-05-20,迈瑞医疗,300760,284.34,289.32,280.86,283.91,281.39,29759,906592368.0,0.25,0.9
2022-05-19,迈瑞医疗,300760,274.36,283.24,274.36,281.39,277.02,22656,682474720.0,0.19,1.58
2022-05-18,迈瑞医疗,300760,278.29,278.84,273.43,277.02,278.66,24890,746316992.0,0.21,-0.59
2022-05-17,迈瑞医疗,300760,276.22,282.11,272.86,278.66,273.97,25441,767413568.0,0.21,1.71
2022-05-16,迈瑞医疗,300760,283.36,283.74,272.86,273.97,281.36,31064,931006656.0,0.26,-2.63
2022-05-13,迈瑞医疗,300760,285.81,291.2,278.86,281.36,281.57,29617,910224576.0,0.24,-0.07
2022-05-12,迈瑞医疗,300760,279.86,283.26,276.88,281.57,282.36,35234,1070756096.0,0.29,-0.28
2022-05-11,迈瑞医疗,300760,278.86,286.66,275.97,282.36,278.96,43988,1347293632.0,0.36,1.22
2022-05-10,迈瑞医疗,300760,278.86,283.76,270.08,278.96,281.87,35356,1064701136.0,0.29,-1.03
2022-05-09,迈瑞医疗,300760,285.76,286.52,275.49,281.87,281.86,19178,583095056.0,0.16,0.0
2022-05-06,迈瑞医疗,300760,286.35,289.85,280.15,281.86,292.83,24879,766553856.0,0.21,-3.75
2022-05-05,迈瑞医疗,300760,295.7,299.66,282.51,292.83,288.36,37473,1181495552.0,0.31,1.55
2022-04-29,迈瑞医疗,300760,291.02,293.92,284.39,288.36,294.86,47221,1477169840.0,0.39,-2.2
2022-04-28,迈瑞医疗,300760,294.86,296.83,289.55,294.86,294.86,28362,896816736.0,0.23,0.0
2022-04-27,迈瑞医疗,300760,293.83,302.63,288.63,294.86,293.86,43578,1385418656.0,0.36,0.34
2022-04-26,迈瑞医疗,300760,274.86,298.86,274.86,293.86,274.31,59648,1889113424.0,0.49,7.13
2022-04-25,迈瑞医疗,300760,272.5,285.36,271.04,274.31,277.86,39565,1199933328.0,0.33,-1.28
2022-04-22,迈瑞医疗,300760,265.86,280.81,263.88,277.86,267.52,47704,1416262640.0,0.39,3.87
2022-04-21,迈瑞医疗,300760,274.11,278.06,265.14,267.52,275.56,50801,1495584352.0,0.42,-2.92
2022-04-20,迈瑞医疗,300760,303.85,303.85,274.14,275.56,304.17,83658,2539800736.0,0.69,-9.41
2022-04-19,迈瑞医疗,300760,310.86,312.74,299.98,304.17,311.7,39209,1286864864.0,0.32,-2.42
2022-04-18,迈瑞医疗,300760,313.86,317.79,309.03,311.7,316.66,25315,853484512.0,0.21,-1.57
2022-04-15,迈瑞医疗,300760,303.86,321.36,301.86,316.66,304.86,44897,1516296576.0,0.37,3.87
2022-04-14,迈瑞医疗,300760,298.96,307.86,297.36,304.86,301.75,37767,1237662896.0,0.31,1.03
2022-04-13,迈瑞医疗,300760,300.08,309.36,297.93,301.75,300.7,49934,1644070896.0,0.41,0.35
2022-04-12,迈瑞医疗,300760,290.08,304.39,287.46,300.7,288.76,64455,2085592368.0,0.53,4.13
2022-04-11,迈瑞医疗,300760,282.94,290.46,277.91,288.76,283.85,46690,1449526848.0,0.39,1.73
2022-04-08,迈瑞医疗,300760,279.36,289.09,277.97,283.85,279.26,28419,877558352.0,0.23,1.64
2022-04-07,迈瑞医疗,300760,274.87,281.85,274.07,279.26,277.32,22005,667251600.0,0.18,0.7
2022-04-06,迈瑞医疗,300760,279.96,282.84,272.5,277.32,281.82,23333,700281136.0,0.19,-1.6
2022-04-01,迈瑞医疗,300760,279.36,287.86,276.24,281.82,283.11,28204,864659344.0,0.23,-0.46
2022-03-31,迈瑞医疗,300760,280.96,285.33,279.87,283.11,283.06,26281,807064320.0,0.22,0.02
2022-03-30,迈瑞医疗,300760,267.36,283.86,263.26,283.06,264.28,45984,1379734864.0,0.38,7.11
2022-03-29,迈瑞医疗,300760,267.87,270.55,261.86,264.28,266.36,27655,801610480.0,0.23,-0.78
2022-03-28,迈瑞医疗,300760,273.36,273.45,265.1,266.36,275.86,33325,971923136.0,0.27,-3.44
2022-03-25,迈瑞医疗,300760,288.6,289.2,275.84,275.86,290.86,38827,1182337056.0,0.32,-5.16
2022-03-24,迈瑞医疗,300760,283.01,294.79,277.86,290.86,285.67,39469,1228884512.0,0.33,1.82
2022-03-23,迈瑞医疗,300760,283.76,287.51,280.54,285.67,280.44,37521,1155642496.0,0.31,1.86
2022-03-22,迈瑞医疗,300760,286.84,286.84,277.53,280.44,286.86,27942,851228192.0,0.23,-2.24
2022-03-21,迈瑞医疗,300760,296.54,296.76,282.82,286.86,292.98,39418,1233094800.0,0.33,-2.09
2022-03-18,迈瑞医疗,300760,293.65,300.59,291.09,292.98,296.86,50384,1603815344.0,0.42,-1.31
2022-03-17,迈瑞医疗,300760,284.85,302.18,279.25,296.86,277.86,69830,2219503888.0,0.58,6.84
2022-03-16,迈瑞医疗,300760,271.04,279.86,263.86,277.86,269.18,47087,1393766832.0,0.39,3.22
2022-03-15,迈瑞医疗,300760,287.06,287.06,268.66,269.18,284.07,46845,1408566960.0,0.39,-5.24
2022-03-14,迈瑞医疗,300760,286.16,296.51,280.86,284.07,282.56,63901,2001654720.0,0.53,0.53
2022-03-11,迈瑞医疗,300760,267.85,284.98,262.86,282.56,273.25,55240,1654500000.0,0.46,3.41
2022-03-10,迈瑞医疗,300760,273.58,274.86,267.09,273.25,262.82,44592,1323396432.0,0.37,3.97
2022-03-09,迈瑞医疗,300760,271.96,275.44,253.16,262.82,272.38,63525,1828365344.0,0.52,-3.51
2022-03-08,迈瑞医疗,300760,281.89,288.4,271.87,272.38,280.66,43247,1300881488.0,0.36,-2.95
2022-03-07,迈瑞医疗,300760,285.96,288.7,278.86,280.66,289.12,36495,1122299264.0,0.3,-2.93
2022-03-04,迈瑞医疗,300760,292.86,295.86,286.66,289.12,296.15,33403,1049075056.0,0.28,-2.37
2022-03-03,迈瑞医疗,300760,298.06,305.6,294.56,296.15,298.06,20043,646066336.0,0.16,-0.64
2022-03-02,迈瑞医疗,300760,302.85,302.86,294.16,298.06,302.86,24657,793311888.0,0.2,-1.58
2022-03-01,迈瑞医疗,300760,303.35,307.81,296.74,302.86,302.97,30417,992737952.0,0.25,-0.04
2022-02-28,迈瑞医疗,300760,298.96,304.66,293.87,302.97,301.77,29946,971099152.0,0.25,0.4
2022-02-25,迈瑞医疗,300760,290.36,308.86,290.24,301.77,289.66,47942,1559398048.0,0.39,4.18
2022-02-24,迈瑞医疗,300760,296.86,296.86,284.31,289.66,295.4,31489,988316512.0,0.26,-1.94
2022-02-23,迈瑞医疗,300760,293.86,298.44,290.36,295.4,293.56,30515,971965536.0,0.25,0.63
2022-02-22,迈瑞医疗,300760,293.86,296.04,289.06,293.56,296.86,23670,748022848.0,0.19,-1.11
2022-02-21,迈瑞医疗,300760,296.33,298.56,292.86,296.86,294.86,22962,735108416.0,0.19,0.68
2022-02-18,迈瑞医疗,300760,291.36,298.85,289.97,294.86,293.46,26554,845694192.0,0.22,0.48
2022-02-17,迈瑞医疗,300760,294.66,297.12,291.41,293.46,294.6,25039,796444224.0,0.21,-0.39
2022-02-16,迈瑞医疗,300760,295.51,297.96,289.39,294.6,294.01,31915,1016547248.0,0.26,0.2
2022-02-15,迈瑞医疗,300760,270.07,296.84,270.07,294.01,274.76,69561,2181240944.0,0.57,7.01
2022-02-14,迈瑞医疗,300760,270.29,277.09,266.66,274.76,272.36,49943,1482440608.0,0.41,0.88
2022-02-11,迈瑞医疗,300760,283.01,283.01,271.47,272.36,284.86,63417,1901129952.0,0.52,-4.39
2022-02-10,迈瑞医疗,300760,291.75,292.49,278.44,284.86,291.37,40239,1240471232.0,0.33,-2.23
2022-02-09,迈瑞医疗,300760,291.91,295.86,286.86,291.37,293.97,31619,994079744.0,0.26,-0.88
2022-02-08,迈瑞医疗,300760,304.35,304.35,286.81,293.97,304.43,32228,1023508000.0,0.27,-3.44
2022-02-07,迈瑞医疗,300760,308.74,316.86,302.94,304.43,299.14,19208,635707424.0,0.16,1.77
2022-01-28,迈瑞医疗,300760,301.87,306.63,297.82,299.14,301.87,28082,918113328.0,0.23,-0.9
2022-01-27,迈瑞医疗,300760,305.86,309.45,298.86,301.87,309.49,28569,933341152.0,0.24,-2.46
2022-01-26,迈瑞医疗,300760,317.89,320.71,307.97,309.49,316.86,22407,751897104.0,0.18,-2.33
2022-01-25,迈瑞医疗,300760,310.86,321.46,308.22,316.86,313.34,30272,1036290800.0,0.25,1.12
2022-01-24,迈瑞医疗,300760,312.86,321.36,310.95,313.34,318.08,25131,849374016.0,0.21,-1.49
2022-01-21,迈瑞医疗,300760,329.82,333.86,314.96,318.08,330.8,42795,1474157536.0,0.35,-3.85
2022-01-20,迈瑞医疗,300760,314.43,334.16,313.77,330.8,311.08,54095,1894701968.0,0.44,6.34
2022-01-19,迈瑞医疗,300760,317.55,318.55,310.36,311.08,316.73,26517,895012576.0,0.22,-1.78
2022-01-18,迈瑞医疗,300760,314.53,320.64,309.19,316.73,312.76,29650,1012265088.0,0.24,1.27
2022-01-17,迈瑞医疗,300760,312.86,320.86,307.86,312.76,313.66,29431,999696448.0,0.24,-0.29
2022-01-14,迈瑞医疗,300760,305.86,319.18,305.86,313.66,299.35,54918,1851274976.0,0.45,4.78
2022-01-13,迈瑞医疗,300760,305.92,307.34,295.91,299.35,305.78,42427,1377594432.0,0.35,-2.1
2022-01-12,迈瑞医疗,300760,293.87,313.66,292.86,305.78,294.86,74614,2458736736.0,0.61,3.7
2022-01-11,迈瑞医疗,300760,298.86,303.59,288.46,294.86,302.3,74515,2361778256.0,0.61,-2.46
2022-01-10,迈瑞医疗,300760,305.86,305.89,296.08,302.3,303.85,49468,1610581072.0,0.41,-0.51
2022-01-07,迈瑞医疗,300760,311.86,315.7,300.86,303.85,313.86,59764,1971368320.0,0.49,-3.19
2022-01-06,迈瑞医疗,300760,318.86,322.82,307.31,313.86,321.06,58144,1967267376.0,0.48,-2.24
2022-01-05,迈瑞医疗,300760,317.66,324.74,315.86,321.06,317.74,53231,1841397984.0,0.44,1.04
2022-01-04,迈瑞医疗,300760,352.66,353.66,314.86,317.74,356.66,116244,4047606224.0,0.96,-10.91
2021-12-31,迈瑞医疗,300760,358.86,361.46,354.15,356.66,358.86,25697,978743776.0,0.21,-0.61
2021-12-30,迈瑞医疗,300760,354.01,359.86,352.02,358.86,352.0,32151,1226789952.0,0.26,1.95
2021-12-29,迈瑞医疗,300760,355.86,357.75,350.07,352.0,354.86,25204,950818032.0,0.21,-0.81
2021-12-28,迈瑞医疗,300760,347.06,356.86,344.53,354.86,347.07,41843,1581221248.0,0.34,2.24
2021-12-27,迈瑞医疗,300760,348.72,353.66,339.87,347.07,347.96,23141,854134160.0,0.19,-0.26
2021-12-24,迈瑞医疗,300760,349.47,350.85,344.97,347.96,349.36,18784,700526640.0,0.15,-0.4
2021-12-23,迈瑞医疗,300760,346.86,350.52,341.44,349.36,346.36,25193,932082672.0,0.21,0.87
2021-12-22,迈瑞医疗,300760,350.06,352.62,343.53,346.36,347.86,21354,792258096.0,0.18,-0.43
2021-12-21,迈瑞医疗,300760,334.86,348.86,333.86,347.86,334.86,38963,1434919760.0,0.32,3.88
2021-12-20,迈瑞医疗,300760,330.36,341.74,330.21,334.86,332.02,41379,1490164560.0,0.34,0.86
2021-12-17,迈瑞医疗,300760,337.86,338.85,331.86,332.02,336.11,27246,977669600.0,0.22,-1.22
2021-12-16,迈瑞医疗,300760,334.86,341.84,333.78,336.11,334.86,28966,1045890208.0,0.24,0.37
2021-12-15,迈瑞医疗,300760,346.19,350.83,333.86,334.86,347.16,41332,1507413696.0,0.34,-3.54
2021-12-14,迈瑞医疗,300760,346.87,351.68,344.96,347.16,343.0,33205,1237867440.0,0.27,1.21
2021-12-13,迈瑞医疗,300760,350.16,358.08,342.93,343.0,346.45,52452,1957369328.0,0.43,-1.0
2021-12-10,迈瑞医疗,300760,344.85,357.62,343.22,346.45,346.86,106658,4008040000.0,0.88,-0.12
2021-12-09,迈瑞医疗,300760,331.86,348.07,330.77,346.86,330.76,71094,2614769888.0,0.58,4.87
2021-12-08,迈瑞医疗,300760,324.97,331.45,318.36,330.76,324.97,39045,1372782272.0,0.32,1.78
2021-12-07,迈瑞医疗,300760,323.86,327.66,322.67,324.97,323.23,35987,1257788624.0,0.3,0.54
2021-12-06,迈瑞医疗,300760,325.86,330.0,322.66,323.23,328.86,28589,998884064.0,0.24,-1.71
2021-12-03,迈瑞医疗,300760,321.75,330.4,321.75,328.86,321.26,33419,1171480496.0,0.27,2.37
2021-12-02,迈瑞医疗,300760,334.39,335.74,320.86,321.26,334.39,40727,1424617408.0,0.34,-3.93
2021-12-01,迈瑞医疗,300760,332.86,335.85,330.42,334.39,334.29,23846,852095344.0,0.2,0.03
2021-11-30,迈瑞医疗,300760,341.45,341.45,330.36,334.29,337.94,33469,1197961664.0,0.28,-1.08
2021-11-29,迈瑞医疗,300760,340.96,348.51,329.88,337.94,336.91,42979,1555022336.0,0.35,0.31
2021-11-26,迈瑞医疗,300760,339.05,340.85,334.86,336.91,338.86,20590,747393376.0,0.17,-0.58
2021-11-25,迈瑞医疗,300760,337.21,340.35,332.86,338.86,336.65,26245,947361264.0,0.22,0.66
2021-11-24,迈瑞医疗,300760,335.57,337.86,327.05,336.65,336.86,32403,1157731360.0,0.27,-0.06
2021-11-23,迈瑞医疗,300760,342.96,344.54,335.86,336.86,343.84,36421,1320036496.0,0.3,-2.03
2021-11-22,迈瑞医疗,300760,352.99,352.99,340.96,343.84,353.96,42860,1577158816.0,0.35,-2.86
2021-11-19,迈瑞医疗,300760,346.86,355.55,346.86,353.96,351.34,18696,706451376.0,0.15,0.75
2021-11-18,迈瑞医疗,300760,359.53,359.53,349.04,351.34,361.37,27641,1039842512.0,0.23,-2.78
2021-11-17,迈瑞医疗,300760,354.66,363.86,352.41,361.37,356.96,33543,1284231600.0,0.28,1.24
2021-11-16,迈瑞医疗,300760,342.89,358.66,342.89,356.96,342.79,51387,1943328768.0,0.42,4.13
2021-11-15,迈瑞医疗,300760,342.75,348.18,341.16,342.79,343.07,24887,916025568.0,0.2,-0.08
2021-11-12,迈瑞医疗,300760,347.69,349.83,340.43,343.07,347.1,33265,1223147184.0,0.27,-1.16
2021-11-11,迈瑞医疗,300760,343.86,352.84,340.86,347.1,342.84,31502,1168600368.0,0.26,1.24
2021-11-10,迈瑞医疗,300760,348.83,350.35,336.87,342.84,346.16,38653,1417673616.0,0.32,-0.96
2021-11-09,迈瑞医疗,300760,353.56,354.16,344.76,346.16,350.56,43777,1632460384.0,0.36,-1.26
2021-11-08,迈瑞医疗,300760,373.86,374.63,346.86,350.56,374.75,71562,2710359296.0,0.59,-6.45
2021-11-05,迈瑞医疗,300760,361.06,378.04,359.55,374.75,363.86,59781,2359794256.0,0.49,2.99
2021-11-04,迈瑞医疗,300760,355.36,366.36,350.86,363.86,356.58,50349,1941367744.0,0.41,2.04
2021-11-03,迈瑞医疗,300760,354.36,364.59,348.98,356.58,351.6,51904,1979471456.0,0.43,1.42
2021-11-02,迈瑞医疗,300760,348.58,357.86,345.86,351.6,348.57,44317,1666136928.0,0.36,0.87
2021-11-01,迈瑞医疗,300760,353.52,353.54,340.06,348.57,351.95,43402,1609269200.0,0.36,-0.96
2021-10-29,迈瑞医疗,300760,340.29,356.51,337.05,351.95,338.6,59745,2241787216.0,0.49,3.94
2021-10-28,迈瑞医疗,300760,335.86,349.86,333.18,338.6,335.84,47194,1728419088.0,0.39,0.82
2021-10-27,迈瑞医疗,300760,341.86,343.76,333.0,335.84,343.86,33993,1225400272.0,0.28,-2.33
2021-10-26,迈瑞医疗,300760,348.06,349.34,342.89,343.86,343.72,28766,1062946160.0,0.24,0.04
2021-10-25,迈瑞医疗,300760,341.74,345.78,336.96,343.72,338.85,34283,1256707136.0,0.28,1.44
2021-10-22,迈瑞医疗,300760,341.52,349.34,335.87,338.85,339.91,37631,1373293072.0,0.31,-0.31
2021-10-21,迈瑞医疗,300760,335.86,347.66,333.94,339.91,332.81,49192,1793371440.0,0.4,2.13
2021-10-20,迈瑞医疗,300760,350.85,350.9,316.07,332.81,351.16,112582,3997750176.0,0.93,-5.23
2021-10-19,迈瑞医疗,300760,346.85,353.86,343.86,351.16,345.86,33773,1262469728.0,0.28,1.53
2021-10-18,迈瑞医疗,300760,354.58,354.74,341.06,345.86,353.89,49875,1839380400.0,0.41,-2.27
2021-10-15,迈瑞医疗,300760,355.87,364.57,351.87,353.89,363.86,51409,1956981328.0,1.03,-2.74
2021-10-14,迈瑞医疗,300760,376.26,376.26,359.19,363.86,370.88,33323,1294475904.0,0.67,-1.89
2021-10-13,迈瑞医疗,300760,355.53,375.74,350.86,370.88,352.75,48852,1903299856.0,0.98,5.14
2021-10-12,迈瑞医疗,300760,345.86,361.76,335.86,352.75,341.74,66769,2529052640.0,1.34,3.22
2021-10-11,迈瑞医疗,300760,350.86,362.73,337.17,341.74,352.21,56826,2105445984.0,1.14,-2.97
2021-10-08,迈瑞医疗,300760,364.56,364.74,344.54,352.21,361.28,58239,2197265040.0,1.17,-2.51
2021-09-30,迈瑞医疗,300760,349.95,362.64,346.34,361.28,350.36,48650,1852413552.0,0.97,3.12
2021-09-29,迈瑞医疗,300760,350.87,356.63,343.36,350.36,355.86,36725,1375569776.0,0.74,-1.55
2021-09-28,迈瑞医疗,300760,352.31,364.46,349.86,355.86,354.46,50681,1940422512.0,1.02,0.39
2021-09-27,迈瑞医疗,300760,353.86,364.63,350.86,354.46,350.86,68269,2606711584.0,1.37,1.03
2021-09-24,迈瑞医疗,300760,341.06,361.42,341.06,350.86,344.04,69629,2628637360.0,1.39,1.98
2021-09-23,迈瑞医疗,300760,354.24,355.44,341.09,344.04,355.81,64295,2378053488.0,1.29,-3.31
2021-09-22,迈瑞医疗,300760,338.55,361.52,336.96,355.81,338.86,75334,2859416688.0,1.51,5.0
2021-09-17,迈瑞医疗,300760,306.86,344.86,305.36,338.86,309.87,99679,3535177376.0,2.0,9.36
2021-09-16,迈瑞医疗,300760,303.86,320.28,300.69,309.87,304.36,61295,2051686400.0,1.23,1.81
2021-09-15,迈瑞医疗,300760,312.86,320.83,302.44,304.36,314.96,65128,2172083040.0,1.3,-3.37
2021-09-14,迈瑞医疗,300760,312.26,321.45,311.98,314.96,312.2,43410,1474590080.0,0.87,0.88
2021-09-13,迈瑞医疗,300760,309.56,322.85,309.56,312.2,307.56,58930,2002950272.0,1.18,1.51
2021-09-10,迈瑞医疗,300760,310.06,311.56,302.86,307.56,310.01,60741,2006445248.0,1.22,-0.79
2021-09-09,迈瑞医疗,300760,309.19,315.66,301.67,310.01,308.86,61113,2044343696.0,1.22,0.37
2021-09-08,迈瑞医疗,300760,324.37,325.42,300.87,308.86,321.84,79966,2676226016.0,1.6,-4.03
2021-09-07,迈瑞医疗,300760,329.91,331.56,316.45,321.84,332.51,77991,2699643120.0,1.56,-3.21
2021-09-06,迈瑞医疗,300760,302.28,340.76,300.96,332.51,307.06,104935,3692609520.0,2.1,8.29
2021-09-03,迈瑞医疗,300760,300.27,313.54,293.16,307.06,300.52,67107,2212129792.0,1.34,2.18
2021-09-02,迈瑞医疗,300760,307.83,315.85,299.37,300.52,306.86,74191,2453734208.0,1.49,-2.07
2021-09-01,迈瑞医疗,300760,299.66,312.06,291.96,306.86,303.86,85431,2810727808.0,1.71,0.99
2021-08-31,迈瑞医疗,300760,294.76,307.56,291.74,303.86,294.86,82423,2684661536.0,1.65,3.05
2021-08-30,迈瑞医疗,300760,302.86,305.66,290.26,294.86,299.11,99652,3193143392.0,2.0,-1.42
2021-08-27,迈瑞医疗,300760,298.42,310.16,296.0,299.11,297.31,96961,3172371728.0,1.94,0.61
2021-08-26,迈瑞医疗,300760,305.86,313.6,292.2,297.31,294.66,146689,4777636608.0,2.94,0.9
2021-08-25,迈瑞医疗,300760,287.86,305.86,277.07,294.66,281.39,141553,4504138496.0,2.84,4.72
2021-08-24,迈瑞医疗,300760,285.6,286.66,275.86,281.39,276.56,126854,3887096224.0,2.54,1.75
2021-08-23,迈瑞医疗,300760,260.97,279.85,257.36,276.56,253.95,232413,6817211648.0,4.66,8.9
2021-08-20,迈瑞医疗,300760,294.86,300.86,252.17,253.95,311.13,363443,10740845568.0,7.28,-18.38
2021-08-19,迈瑞医疗,300760,324.54,329.76,309.46,311.13,323.06,98599,3352303216.0,1.98,-3.69
2021-08-18,迈瑞医疗,300760,323.97,326.86,317.0,323.06,320.45,67367,2334135392.0,1.35,0.81
2021-08-17,迈瑞医疗,300760,343.76,343.76,315.93,320.45,343.3,171325,5968990976.0,3.43,-6.66
2021-08-16,迈瑞医疗,300760,340.86,346.54,335.94,343.3,340.76,48687,1784586112.0,0.98,0.75
2021-08-13,迈瑞医疗,300760,352.1,354.77,336.21,340.76,351.06,78229,2861956912.0,1.57,-2.93
2021-08-12,迈瑞医疗,300760,360.16,366.86,349.13,351.06,360.84,55597,2107131344.0,1.11,-2.71
2021-08-11,迈瑞医疗,300760,385.36,385.36,358.16,360.84,379.26,56731,2213877888.0,1.14,-4.86
2021-08-10,迈瑞医疗,300760,365.85,381.86,354.36,379.26,361.86,73798,2900211840.0,1.48,4.81
2021-08-09,迈瑞医疗,300760,359.94,374.86,356.9,361.86,359.91,60271,2354172464.0,1.21,0.54
2021-08-06,迈瑞医疗,300760,357.06,364.33,355.86,359.91,361.6,53557,2052273008.0,1.07,-0.47
2021-08-05,迈瑞医疗,300760,360.96,369.64,345.86,361.6,356.17,91029,3480670544.0,1.82,1.52
2021-08-04,迈瑞医疗,300760,365.85,365.85,348.76,356.17,385.26,160344,6071478784.0,3.21,-7.55
2021-08-03,迈瑞医疗,300760,382.35,387.84,365.86,385.26,373.66,61074,2461811552.0,1.22,3.1
2021-08-02,迈瑞医疗,300760,370.35,379.37,345.69,373.66,366.21,88065,3415232992.0,1.76,2.03
2021-07-30,迈瑞医疗,300760,402.08,402.08,361.86,366.21,402.18,118780,4674329600.0,2.38,-8.94
2021-07-29,迈瑞医疗,300760,400.2,411.41,395.86,402.18,389.85,56733,2431646416.0,1.14,3.16
2021-07-28,迈瑞医疗,300760,370.64,391.36,366.86,389.85,367.43,66298,2684828352.0,1.33,6.1
2021-07-27,迈瑞医疗,300760,381.96,391.71,365.61,367.43,386.21,66128,2644559648.0,1.32,-4.86
2021-07-26,迈瑞医疗,300760,403.21,403.86,376.36,386.21,410.86,85218,3490772704.0,1.71,-6.0
2021-07-23,迈瑞医疗,300760,426.36,426.37,400.86,410.86,427.86,61734,2673020576.0,1.24,-3.97
2021-07-22,迈瑞医疗,300760,435.87,438.74,426.86,427.86,431.67,34542,1568139376.0,0.69,-0.88
2021-07-21,迈瑞医疗,300760,429.34,434.04,424.88,431.67,426.21,41106,1862488832.0,0.82,1.28
2021-07-20,迈瑞医疗,300760,437.87,442.73,422.72,426.21,434.81,36407,1648431840.0,0.73,-1.98
2021-07-19,迈瑞医疗,300760,409.86,436.86,408.24,434.81,409.86,54467,2456272592.0,1.09,6.09
2021-07-16,迈瑞医疗,300760,432.14,432.86,408.86,409.86,432.84,51051,2238377200.0,1.02,-5.31
2021-07-15,迈瑞医疗,300760,432.85,433.84,422.72,432.84,432.84,25663,1164070736.0,0.51,0.0
2021-07-14,迈瑞医疗,300760,424.55,440.64,418.24,432.84,423.87,34230,1558009360.0,0.69,2.12
2021-07-13,迈瑞医疗,300760,438.86,438.86,419.86,423.87,434.47,31907,1438940688.0,0.64,-2.44
2021-07-12,迈瑞医疗,300760,421.0,438.36,416.87,434.47,420.27,42008,1916068032.0,0.84,3.38
2021-07-09,迈瑞医疗,300760,417.66,426.82,409.87,420.27,423.12,30946,1370756688.0,0.62,-0.67
2021-07-08,迈瑞医疗,300760,434.86,435.74,420.87,423.12,433.51,41890,1888074000.0,0.84,-2.4
2021-07-07,迈瑞医疗,300760,415.86,441.86,412.98,433.51,410.26,51670,2358536416.0,1.04,5.67
2021-07-06,迈瑞医疗,300760,432.69,432.69,400.86,410.26,429.84,66114,2878595744.0,1.32,-4.56
2021-07-05,迈瑞医疗,300760,425.86,437.12,419.86,429.84,426.94,46601,2116519824.0,0.93,0.68
2021-07-02,迈瑞医疗,300760,465.86,466.52,426.86,426.94,471.85,95293,4417112832.0,1.91,-9.52
2021-07-01,迈瑞医疗,300760,453.87,477.86,450.74,471.85,455.91,51072,2505862544.0,1.02,3.5
2021-06-30,迈瑞医疗,300760,460.85,461.86,447.05,455.91,453.7,27720,1329824080.0,0.56,0.49
2021-06-29,迈瑞医疗,300760,450.87,460.85,444.69,453.7,445.82,44385,2128880592.0,0.89,1.77
2021-06-28,迈瑞医疗,300760,445.46,447.3,440.96,445.82,444.54,28150,1318829568.0,0.56,0.29
2021-06-25,迈瑞医疗,300760,435.66,447.29,430.03,444.54,437.78,32422,1509807840.0,0.65,1.54
2021-06-24,迈瑞医疗,300760,442.4,445.86,426.66,437.78,444.3,32555,1491247456.0,0.65,-1.47
2021-06-23,迈瑞医疗,300760,452.96,454.66,442.55,444.3,452.96,31940,1506371552.0,0.64,-1.91
2021-06-22,迈瑞医疗,300760,428.06,454.86,421.01,452.96,425.78,60566,2821018912.0,1.21,6.38
2021-06-21,迈瑞医疗,300760,427.86,435.28,421.88,425.78,431.85,37456,1686790880.0,0.75,-1.41
2021-06-18,迈瑞医疗,300760,432.68,443.39,425.61,431.85,432.46,32821,1499067248.0,0.66,-0.14
2021-06-17,迈瑞医疗,300760,420.86,435.75,414.12,432.46,418.43,41696,1884029200.0,0.84,3.35
2021-06-16,迈瑞医疗,300760,448.01,448.36,418.43,418.43,442.01,51955,2339727792.0,1.04,-5.33
2021-06-15,迈瑞医疗,300760,446.2,460.86,438.86,442.01,445.86,43148,2030498128.0,0.86,-0.86
2021-06-11,迈瑞医疗,300760,462.63,464.82,445.86,445.86,461.96,48279,2302228464.0,0.97,-3.49
2021-06-10,迈瑞医疗,300760,454.7,467.35,454.66,461.96,454.85,35856,1744399984.0,0.72,1.56
2021-06-09,迈瑞医疗,300760,457.8,459.86,450.84,454.85,457.41,24256,1161825360.0,0.49,-0.56
2021-06-08,迈瑞医疗,300760,460.86,465.41,448.88,457.41,459.16,27434,1320084848.0,0.55,-0.38
2021-06-07,迈瑞医疗,300760,460.87,462.85,450.87,459.16,460.06,21778,1048558960.0,0.44,-0.2
2021-06-04,迈瑞医疗,300760,450.86,463.86,449.86,460.06,451.66,29909,1447943456.0,0.6,1.86
2021-06-03,迈瑞医疗,300760,456.87,460.06,442.97,451.66,458.86,32960,1570750736.0,0.66,-1.57
2021-06-02,迈瑞医疗,300760,467.86,467.86,447.61,458.86,467.86,43245,2075034272.0,0.87,-1.92
2021-06-01,迈瑞医疗,300760,460.26,469.23,456.05,467.86,458.86,32771,1595686752.0,0.66,1.96
2021-05-31,迈瑞医疗,300760,462.86,463.35,453.09,458.86,460.39,28526,1370003360.0,0.57,-0.33
2021-05-28,迈瑞医疗,300760,462.86,469.83,455.98,460.39,468.36,35783,1744918368.0,0.72,-1.7
2021-05-27,迈瑞医疗,300760,458.36,468.41,451.36,468.36,457.17,37875,1853197952.0,0.76,2.45
2021-05-26,迈瑞医疗,300760,457.36,461.95,450.92,457.17,458.95,26343,1271746768.0,0.53,-0.39
2021-05-25,迈瑞医疗,300760,447.8,460.2,446.34,458.95,445.06,40675,1965650288.0,0.81,3.12
2021-05-24,迈瑞医疗,300760,455.37,457.33,427.36,445.06,453.96,54819,2558837552.0,1.1,-1.96
2021-05-21,迈瑞医疗,300760,455.36,457.66,445.94,453.96,449.87,38900,1864144144.0,0.78,0.91
2021-05-20,迈瑞医疗,300760,443.36,451.35,439.46,449.87,438.16,34622,1635891536.0,0.69,2.67
2021-05-19,迈瑞医疗,300760,442.86,448.48,437.16,438.16,444.83,22691,1061965840.0,0.45,-1.5
2021-05-18,迈瑞医疗,300760,446.67,459.34,441.23,444.83,446.66,30889,1465042960.0,0.62,-0.41
2021-05-17,迈瑞医疗,300760,429.37,463.11,429.37,446.66,423.53,64069,3048711760.0,1.28,5.46
2021-05-14,迈瑞医疗,300760,421.31,429.04,418.44,423.53,426.12,39345,1773606176.0,0.79,-0.61
2021-05-13,迈瑞医疗,300760,419.36,427.02,411.51,426.12,424.24,36405,1627553088.0,0.73,0.44
2021-05-12,迈瑞医疗,300760,410.14,427.46,406.86,424.24,409.22,35415,1577733536.0,0.71,3.67
2021-05-11,迈瑞医疗,300760,401.33,413.56,396.36,409.22,402.36,34712,1506271824.0,0.7,1.7
2021-05-10,迈瑞医疗,300760,399.37,411.69,394.36,402.36,399.37,36456,1564595824.0,0.73,0.75
2021-05-07,迈瑞医疗,300760,422.21,423.36,398.96,399.37,422.21,47066,2050300768.0,0.94,-5.41
2021-05-06,迈瑞医疗,300760,428.36,433.32,414.36,422.21,439.71,53287,2388901888.0,1.07,-3.98
2021-04-30,迈瑞医疗,300760,430.37,439.73,424.67,439.71,424.66,47504,2193132784.0,0.95,3.54
2021-04-29,迈瑞医疗,300760,425.16,430.53,417.8,424.66,429.36,47882,2153940832.0,0.96,-1.09
2021-04-28,迈瑞医疗,300760,424.36,430.75,418.36,429.36,424.16,45590,2061049456.0,0.91,1.23
2021-04-27,迈瑞医疗,300760,412.37,424.43,408.49,424.16,412.36,43978,1957086832.0,0.88,2.86
2021-04-26,迈瑞医疗,300760,420.36,427.36,410.36,412.36,408.66,64287,2866935168.0,1.29,0.91
2021-04-23,迈瑞医疗,300760,381.86,409.09,381.36,408.66,380.56,68279,2924883152.0,1.37,7.38
2021-04-22,迈瑞医疗,300760,387.95,389.26,376.21,380.56,387.94,39442,1600598768.0,0.79,-1.9
2021-04-21,迈瑞医疗,300760,382.47,390.36,380.36,387.94,386.51,28600,1179594352.0,0.57,0.37
2021-04-20,迈瑞医疗,300760,383.96,394.37,377.22,386.51,384.36,45574,1885925296.0,0.91,0.56
2021-04-19,迈瑞医疗,300760,373.36,384.86,370.36,384.36,375.56,34860,1421871808.0,0.7,2.34
2021-04-16,迈瑞医疗,300760,373.86,379.35,365.91,375.56,370.86,28988,1156814016.0,0.58,1.27
2021-04-15,迈瑞医疗,300760,373.56,375.79,358.36,370.86,378.49,47574,1882022288.0,0.95,-2.02
2021-04-14,迈瑞医疗,300760,374.47,383.26,371.37,378.49,368.65,36013,1455325200.0,0.72,2.67
2021-04-13,迈瑞医疗,300760,368.36,378.86,367.94,368.65,366.37,31085,1240680144.0,0.62,0.62
2021-04-12,迈瑞医疗,300760,375.8,384.35,365.36,366.37,375.96,31402,1252167824.0,0.63,-2.55
2021-04-09,迈瑞医疗,300760,390.71,393.16,373.39,375.96,386.57,31099,1264648752.0,0.62,-2.74
2021-04-08,迈瑞医疗,300760,370.36,390.36,366.49,386.57,370.74,42944,1760887248.0,0.86,4.27
2021-04-07,迈瑞医疗,300760,373.56,375.16,365.36,370.74,372.76,35142,1388401248.0,0.7,-0.54
2021-04-06,迈瑞医疗,300760,380.81,380.86,369.06,372.76,380.91,30787,1229747120.0,0.62,-2.14
2021-04-02,迈瑞医疗,300760,383.15,390.12,375.87,380.91,382.39,32872,1347056528.0,0.66,-0.39
2021-04-01,迈瑞医疗,300760,374.46,389.36,374.46,382.39,372.47,29776,1219278576.0,0.6,2.66
2021-03-31,迈瑞医疗,300760,380.36,380.36,368.37,372.47,382.24,46379,1852362880.0,0.93,-2.56
2021-03-30,迈瑞医疗,300760,366.57,382.24,364.81,382.24,366.15,39517,1588254448.0,0.79,4.39
2021-03-29,迈瑞医疗,300760,359.36,373.15,356.39,366.15,359.37,46429,1823825344.0,0.93,1.89
2021-03-26,迈瑞医疗,300760,358.67,364.23,349.36,359.37,355.73,60703,2339798992.0,1.22,1.02
2021-03-25,迈瑞医疗,300760,347.36,358.29,343.53,355.73,349.36,39075,1480061088.0,0.78,1.82
2021-03-24,迈瑞医疗,300760,339.18,356.36,339.16,349.36,340.02,47962,1809415648.0,0.96,2.75
2021-03-23,迈瑞医疗,300760,334.86,350.61,333.47,340.02,334.56,39357,1449118208.0,0.79,1.63
2021-03-22,迈瑞医疗,300760,333.51,342.35,330.8,334.56,334.36,37399,1355504448.0,0.75,0.06
2021-03-19,迈瑞医疗,300760,345.12,346.36,328.36,334.36,353.31,54246,1968027024.0,1.09,-5.36
2021-03-18,迈瑞医疗,300760,347.36,358.07,343.62,353.31,341.57,39725,1501509696.0,0.8,3.44
2021-03-17,迈瑞医疗,300760,338.41,346.36,328.31,341.57,339.36,39847,1458019824.0,0.8,0.65
2021-03-16,迈瑞医疗,300760,338.36,341.36,331.36,339.36,334.47,38846,1408955264.0,0.78,1.46
2021-03-15,迈瑞医疗,300760,352.36,352.36,327.36,334.47,357.39,69573,2521834256.0,1.39,-6.41
2021-03-12,迈瑞医疗,300760,347.36,358.38,344.36,357.39,345.36,53771,2036170560.0,1.08,3.48
2021-03-11,迈瑞医疗,300760,343.53,358.36,340.4,345.36,341.29,58965,2217334992.0,1.18,1.19
2021-03-10,迈瑞医疗,300760,336.36,348.21,334.36,341.29,321.58,70497,2594957312.0,1.41,6.13
2021-03-09,迈瑞医疗,300760,330.41,340.36,319.86,321.58,330.68,75040,2672731408.0,1.5,-2.75
2021-03-08,迈瑞医疗,300760,362.18,365.14,330.68,330.68,359.36,68984,2557968464.0,1.38,-7.98
2021-03-05,迈瑞医疗,300760,350.36,365.17,345.36,359.36,358.73,57830,2207241392.0,1.16,0.18
2021-03-04,迈瑞医疗,300760,374.37,376.36,357.09,358.73,378.13,71551,2803321136.0,1.43,-5.13
2021-03-03,迈瑞医疗,300760,375.37,384.34,371.36,378.13,377.54,56139,2270014624.0,1.12,0.16
2021-03-02,迈瑞医疗,300760,400.36,404.76,376.96,377.54,396.06,61030,2528156048.0,1.22,-4.68
2021-03-01,迈瑞医疗,300760,397.56,401.35,379.89,396.06,391.36,42664,1791776752.0,0.85,1.2
2021-02-26,迈瑞医疗,300760,385.86,398.36,377.11,391.36,393.86,49238,2051706256.0,0.99,-0.63
2021-02-25,迈瑞医疗,300760,399.86,405.24,391.41,393.86,393.36,43518,1853960944.0,0.87,0.13
2021-02-24,迈瑞医疗,300760,408.36,411.34,387.45,393.36,406.01,77410,3272106240.0,1.55,-3.12
2021-02-23,迈瑞医疗,300760,403.46,417.21,399.37,406.01,412.36,53322,2313266640.0,1.07,-1.54
2021-02-22,迈瑞医疗,300760,435.01,435.06,410.38,412.36,435.0,74135,3295216864.0,1.49,-5.2
2021-02-19,迈瑞医疗,300760,437.56,440.4,418.37,435.0,439.86,51070,2324738576.0,1.02,-1.1
2021-02-18,迈瑞医疗,300760,473.87,476.87,433.36,439.86,467.91,62218,2964609120.0,1.25,-5.99
2021-02-10,迈瑞医疗,300760,465.24,473.9,453.37,467.91,464.97,44199,2171264416.0,0.89,0.63
2021-02-09,迈瑞医疗,300760,459.4,466.36,449.86,464.97,460.78,33697,1637697152.0,0.68,0.91
2021-02-08,迈瑞医疗,300760,455.64,460.78,435.46,460.78,456.77,49514,2348145584.0,0.99,0.88
2021-02-05,迈瑞医疗,300760,436.36,463.36,432.39,456.77,432.47,41578,1992699152.0,0.83,5.62
2021-02-04,迈瑞医疗,300760,429.39,446.14,423.56,432.47,433.76,38861,1794786912.0,0.78,-0.3
2021-02-03,迈瑞医疗,300760,431.86,441.46,427.72,433.76,433.31,33654,1553285328.0,0.67,0.1
2021-02-02,迈瑞医疗,300760,433.93,437.22,413.36,433.31,433.46,48639,2214845936.0,0.97,-0.03
2021-02-01,迈瑞医疗,300760,424.16,437.36,422.36,433.46,421.75,36716,1683260192.0,0.74,2.78
2021-01-29,迈瑞医疗,300760,423.36,435.85,415.03,421.75,416.81,38886,1761953088.0,0.78,1.19
2021-01-28,迈瑞医疗,300760,411.47,432.08,411.47,416.81,428.06,32111,1437445872.0,0.64,-2.63
2021-01-27,迈瑞医疗,300760,426.57,436.66,409.36,428.06,426.58,54358,2451360928.0,1.09,0.35
2021-01-26,迈瑞医疗,300760,453.36,458.26,420.36,426.58,461.36,79042,3649286112.0,1.58,-7.54
2021-01-25,迈瑞医疗,300760,452.36,469.36,452.36,461.36,451.54,58485,2851211120.0,1.17,2.17
2021-01-22,迈瑞医疗,300760,425.36,453.36,425.36,451.54,430.27,56868,2668310992.0,1.14,4.94
2021-01-21,迈瑞医疗,300760,423.36,436.87,423.36,430.27,417.91,53460,2444735360.0,1.07,2.96
2021-01-20,迈瑞医疗,300760,401.36,422.86,396.42,417.91,399.27,49582,2189150128.0,0.99,4.67
2021-01-19,迈瑞医疗,300760,411.73,414.39,394.36,399.27,413.13,51851,2229340080.0,1.04,-3.35
2021-01-18,迈瑞医疗,300760,414.96,420.36,406.61,413.13,415.34,39042,1716805488.0,0.78,-0.53
2021-01-15,迈瑞医疗,300760,403.36,418.36,398.37,415.34,399.35,61035,2667943088.0,1.22,4.0
2021-01-14,迈瑞医疗,300760,404.37,410.66,398.11,399.35,406.77,51168,2203233344.0,1.03,-1.82
2021-01-13,迈瑞医疗,300760,429.46,431.36,404.38,406.77,433.36,81264,3589528576.0,1.63,-6.14
2021-01-12,迈瑞医疗,300760,427.86,433.96,413.54,433.36,426.56,49469,2228953776.0,0.99,1.59
2021-01-11,迈瑞医疗,300760,423.36,442.36,417.62,426.56,423.26,54542,2492107120.0,1.09,0.78
2021-01-08,迈瑞医疗,300760,435.71,441.62,413.49,423.26,429.35,60641,2740266320.0,1.21,-1.42
2021-01-07,迈瑞医疗,300760,422.91,430.54,419.26,429.35,423.16,44265,1997886560.0,0.89,1.46
2021-01-06,迈瑞医疗,300760,410.36,428.86,410.36,423.16,409.38,54066,2422401024.0,1.08,3.37
2021-01-05,迈瑞医疗,300760,402.36,418.16,399.38,409.38,407.24,48448,2106482624.0,0.97,0.53
2021-01-04,迈瑞医疗,300760,398.49,423.35,397.56,407.24,399.36,55515,2436065472.0,1.11,1.97
2020-12-31,迈瑞医疗,300760,391.49,401.36,388.86,399.36,391.42,39683,1679408720.0,0.8,2.03
2020-12-30,迈瑞医疗,300760,374.95,393.36,371.43,391.42,374.96,53153,2186797216.0,1.06,4.39
2020-12-29,迈瑞医疗,300760,374.36,376.36,363.52,374.96,372.76,31260,1241404080.0,0.63,0.59
2020-12-28,迈瑞医疗,300760,373.36,380.85,370.36,372.76,375.86,32148,1288981904.0,0.64,-0.82
2020-12-25,迈瑞医疗,300760,361.36,378.37,361.36,375.86,362.81,45765,1828647792.0,0.92,3.6
2020-12-24,迈瑞医疗,300760,358.32,366.86,357.41,362.81,361.67,25107,978450528.0,0.5,0.32
2020-12-23,迈瑞医疗,300760,361.36,367.14,354.41,361.67,360.87,43350,1673602720.0,0.87,0.22
2020-12-22,迈瑞医疗,300760,369.36,370.36,360.87,360.87,369.36,35368,1387164848.0,0.71,-2.3
2020-12-21,迈瑞医疗,300760,353.36,369.36,350.04,369.36,351.43,50039,1947119840.0,1.0,5.1
2020-12-18,迈瑞医疗,300760,354.28,358.35,347.37,351.43,354.87,31256,1187238096.0,0.63,-0.97
2020-12-17,迈瑞医疗,300760,350.86,361.86,346.87,354.87,350.39,46690,1776069072.0,0.94,1.28
2020-12-16,迈瑞医疗,300760,350.48,354.24,344.86,350.39,351.36,40587,1529151488.0,0.81,-0.28
2020-12-15,迈瑞医疗,300760,342.36,352.93,339.94,351.36,341.5,50799,1909462464.0,1.02,2.89
2020-12-14,迈瑞医疗,300760,331.84,343.36,329.13,341.5,329.06,61675,2250564288.0,1.24,3.78
2020-12-11,迈瑞医疗,300760,327.96,337.7,325.76,329.06,324.89,57372,2047260752.0,1.15,1.28
2020-12-10,迈瑞医疗,300760,314.37,326.65,313.56,324.89,316.49,52145,1824307184.0,1.04,2.65
2020-12-09,迈瑞医疗,300760,325.86,328.25,316.36,316.49,325.26,36704,1275846880.0,0.74,-2.7
2020-12-08,迈瑞医疗,300760,319.24,330.36,317.53,325.26,318.98,50871,1789454208.0,1.02,1.97
2020-12-07,迈瑞医疗,300760,322.16,322.28,311.16,318.98,323.36,48571,1663382448.0,0.97,-1.35
2020-12-04,迈瑞医疗,300760,315.36,324.86,315.36,323.36,318.35,50317,1759450128.0,1.01,1.57
2020-12-03,迈瑞医疗,300760,312.26,319.37,310.01,318.35,311.36,59092,2029265136.0,1.18,2.24
2020-12-02,迈瑞医疗,300760,314.46,315.34,307.16,311.36,314.46,37462,1265495616.0,0.75,-0.99
2020-12-01,迈瑞医疗,300760,313.06,316.07,309.26,314.46,310.71,64131,2179254336.0,1.28,1.21
2020-11-30,迈瑞医疗,300760,311.62,319.24,307.36,310.71,311.97,47833,1623489280.0,0.96,-0.4
2020-11-27,迈瑞医疗,300760,311.36,317.89,308.86,311.97,307.14,36031,1221167216.0,0.72,1.57
2020-11-26,迈瑞医疗,300760,300.36,308.36,299.96,307.14,297.38,52123,1728227408.0,1.04,3.28
2020-11-25,迈瑞医疗,300760,313.36,313.9,297.38,297.38,316.96,88465,2913057648.0,1.77,-6.18
2020-11-24,迈瑞医疗,300760,321.36,321.66,310.86,316.96,321.86,37088,1267084640.0,0.74,-1.52
2020-11-23,迈瑞医疗,300760,321.16,326.36,315.96,321.86,319.87,37388,1303246592.0,0.75,0.62
2020-11-20,迈瑞医疗,300760,317.53,326.36,317.53,319.87,317.19,41097,1431083488.0,0.82,0.84
2020-11-19,迈瑞医疗,300760,311.06,319.06,305.24,317.19,308.16,56199,1917374960.0,1.13,2.93
2020-11-18,迈瑞医疗,300760,312.96,318.33,303.65,308.16,312.67,67859,2272043792.0,1.36,-1.44
2020-11-17,迈瑞医疗,300760,324.36,324.55,307.47,312.67,324.7,64861,2207188928.0,1.3,-3.7
2020-11-16,迈瑞医疗,300760,318.36,327.21,313.36,324.7,317.21,73421,2568034640.0,1.47,2.36
2020-11-13,迈瑞医疗,300760,316.76,319.66,313.65,317.21,317.25,54719,1880193600.0,1.1,-0.01
2020-11-12,迈瑞医疗,300760,324.38,326.8,315.24,317.25,322.56,65277,2258660080.0,1.31,-1.65
2020-11-11,迈瑞医疗,300760,330.76,331.86,321.12,322.56,328.35,62640,2203440912.0,1.25,-1.76
2020-11-10,迈瑞医疗,300760,341.16,341.16,327.86,328.35,353.35,106316,3813279184.0,2.13,-7.08
2020-11-09,迈瑞医疗,300760,350.38,356.36,343.36,353.35,347.71,57865,2184625632.0,1.16,1.62
2020-11-06,迈瑞医疗,300760,363.36,364.36,339.36,347.71,364.18,90467,3396403744.0,1.81,-4.52
2020-11-05,迈瑞医疗,300760,381.59,381.67,356.74,364.18,379.37,73815,2887294256.0,1.48,-4.0
2020-11-04,迈瑞医疗,300760,377.16,382.37,370.61,379.37,378.67,35978,1447717792.0,0.72,0.18
2020-11-03,迈瑞医疗,300760,365.36,382.65,364.36,378.67,366.57,44432,1780453488.0,0.89,3.3
2020-11-02,迈瑞医疗,300760,363.37,368.85,358.96,366.57,360.16,36262,1416945392.0,0.73,1.78
2020-10-30,迈瑞医疗,300760,363.76,368.85,357.51,360.16,368.36,43544,1689270432.0,0.87,-2.23
2020-10-29,迈瑞医疗,300760,348.36,373.36,347.45,368.36,347.36,64582,2516610992.0,1.29,6.05
2020-10-28,迈瑞医疗,300760,338.85,351.16,335.37,347.36,336.08,49995,1863653088.0,1.0,3.36
2020-10-27,迈瑞医疗,300760,336.36,339.92,329.66,336.08,336.36,30964,1124389520.0,0.62,-0.08
2020-10-26,迈瑞医疗,300760,325.37,336.36,322.38,336.36,328.36,29707,1062552112.0,0.6,2.44
2020-10-23,迈瑞医疗,300760,336.96,338.25,327.36,328.36,338.98,29968,1073571760.0,0.6,-3.13
2020-10-22,迈瑞医疗,300760,339.42,342.36,333.36,338.98,339.91,25304,918351184.0,0.51,-0.27
2020-10-21,迈瑞医疗,300760,349.36,350.36,337.49,339.91,345.36,25705,945698688.0,0.51,-1.58
2020-10-20,迈瑞医疗,300760,344.86,347.86,340.93,345.36,340.87,23238,861146464.0,0.47,1.32
2020-10-19,迈瑞医疗,300760,353.0,353.36,338.56,340.87,348.86,37341,1380104208.0,0.75,-2.29
2020-10-16,迈瑞医疗,300760,344.86,353.96,344.57,348.86,345.02,31155,1173258688.0,0.62,1.11
2020-10-15,迈瑞医疗,300760,345.36,348.56,334.92,345.02,355.36,61118,2250280300.0,1.22,-2.91
2020-10-14,迈瑞医疗,300760,347.1,355.36,346.24,355.36,350.86,30906,1172238864.0,0.62,1.28
2020-10-13,迈瑞医疗,300760,350.34,357.31,345.56,350.86,349.96,27822,1047902390.0,0.56,0.26
2020-10-12,迈瑞医疗,300760,334.36,350.16,334.36,349.96,331.46,56301,2076460700.0,1.13,5.58
2020-10-09,迈瑞医疗,300760,328.26,336.48,327.39,331.46,321.36,39288,1405524434.0,0.79,3.14
2020-09-30,迈瑞医疗,300760,312.7,326.02,312.67,321.36,312.69,42658,1488301664.0,0.85,2.77
2020-09-29,迈瑞医疗,300760,307.36,314.36,304.21,312.69,303.85,39542,1331185357.0,0.79,2.91
2020-09-28,迈瑞医疗,300760,303.36,307.96,300.77,303.85,303.36,27377,909038272.0,0.55,0.16
2020-09-25,迈瑞医疗,300760,306.21,308.96,301.1,303.36,304.27,21988,727777576.0,0.44,-0.3
2020-09-24,迈瑞医疗,300760,307.26,308.32,303.36,304.27,310.02,30908,1024733340.0,0.62,-1.85
2020-09-23,迈瑞医疗,300760,308.36,312.35,306.03,310.02,310.36,30615,1027620336.0,0.61,-0.11
2020-09-22,迈瑞医疗,300760,295.26,314.24,292.39,310.36,292.91,69840,2332759792.0,1.4,5.96
2020-09-21,迈瑞医疗,300760,297.23,299.36,289.34,292.91,297.21,31903,1021212080.0,0.64,-1.45
2020-09-18,迈瑞医疗,300760,293.87,297.34,288.16,297.21,290.91,31420,1007424336.0,0.63,2.17
2020-09-17,迈瑞医疗,300760,302.56,302.56,287.79,290.91,301.47,49402,1575216097.0,0.99,-3.5
2020-09-16,迈瑞医疗,300760,313.55,314.35,299.36,301.47,311.47,33220,1098776966.0,0.67,-3.21
2020-09-15,迈瑞医疗,300760,310.38,313.35,307.8,311.47,310.19,28682,967285075.0,0.57,0.41
2020-09-14,迈瑞医疗,300760,307.96,315.26,303.96,310.19,302.25,51149,1729839840.0,1.02,2.63
2020-09-11,迈瑞医疗,300760,293.36,303.93,291.89,302.25,291.47,34015,1108152256.0,0.68,3.7
2020-09-10,迈瑞医疗,300760,288.36,300.92,287.99,291.47,285.48,45777,1469373667.0,0.92,2.1
2020-09-09,迈瑞医疗,300760,299.0,300.85,284.67,285.48,302.26,58445,1848230376.0,1.17,-5.55
2020-09-08,迈瑞医疗,300760,298.4,305.64,295.36,302.26,298.37,38759,1268372656.0,0.78,1.3
2020-09-07,迈瑞医疗,300760,309.54,313.48,296.46,298.37,309.36,39875,1324183338.0,0.8,-3.55
2020-09-04,迈瑞医疗,300760,316.36,318.36,305.14,309.36,317.24,46085,1554108480.0,0.92,-2.48
2020-09-03,迈瑞医疗,300760,320.35,328.36,316.36,317.24,320.66,43547,1515881524.0,0.87,-1.07
2020-09-02,迈瑞医疗,300760,323.36,323.86,315.22,320.66,320.21,35527,1231033348.0,0.71,0.14
2020-09-01,迈瑞医疗,300760,315.36,320.5,312.86,320.21,315.81,36195,1247991368.0,0.73,1.39
2020-08-31,迈瑞医疗,300760,316.36,322.86,310.66,315.81,312.68,42663,1465692453.0,0.85,1.0
2020-08-28,迈瑞医疗,300760,303.31,315.36,303.18,312.68,300.66,67487,2281586300.0,1.35,4.0
2020-08-27,迈瑞医疗,300760,290.64,301.86,290.64,300.66,290.45,36891,1190972784.0,0.74,3.52
2020-08-26,迈瑞医疗,300760,295.46,302.36,290.36,290.45,295.46,45239,1460645536.0,0.91,-1.7
2020-08-25,迈瑞医疗,300760,291.13,298.68,288.55,295.46,291.14,47700,1533862102.0,0.96,1.48
2020-08-24,迈瑞医疗,300760,294.11,297.51,288.0,291.14,291.08,44784,1432341810.0,0.9,0.02
2020-08-21,迈瑞医疗,300760,287.37,295.13,284.59,291.08,283.75,44340,1403788640.0,0.89,2.58
2020-08-20,迈瑞医疗,300760,282.36,287.86,278.47,283.75,282.36,30866,958178688.0,0.62,0.49
2020-08-19,迈瑞医疗,300760,291.86,292.16,282.36,282.36,292.36,34191,1070084176.0,0.69,-3.42
2020-08-18,迈瑞医疗,300760,287.36,296.85,286.36,292.36,287.36,38747,1236449184.0,0.78,1.74
2020-08-17,迈瑞医疗,300760,288.36,290.04,280.26,287.36,289.08,44075,1375986480.0,0.88,-0.59
2020-08-14,迈瑞医疗,300760,288.52,291.86,283.86,289.08,286.36,30633,964206992.0,0.61,0.95
2020-08-13,迈瑞医疗,300760,289.36,289.94,285.36,286.36,285.86,31739,997092656.0,0.64,0.17
2020-08-12,迈瑞医疗,300760,290.85,293.36,280.13,285.86,289.86,52516,1637390208.0,1.05,-1.38
2020-08-11,迈瑞医疗,300760,298.36,303.21,289.86,289.86,296.84,41142,1329653136.0,0.82,-2.35
2020-08-10,迈瑞医疗,300760,298.36,300.31,291.38,296.84,300.73,47924,1548030560.0,0.96,-1.29
2020-08-07,迈瑞医疗,300760,307.36,311.16,293.36,300.73,308.36,52150,1710397504.0,1.04,-2.47
2020-08-06,迈瑞医疗,300760,318.03,319.19,306.71,308.36,317.68,49621,1672803648.0,0.99,-2.93
2020-08-05,迈瑞医疗,300760,313.27,318.73,311.36,317.68,314.87,34300,1175463296.0,0.69,0.89
2020-08-04,迈瑞医疗,300760,317.76,322.36,313.36,314.87,318.32,44048,1515717968.0,0.88,-1.08
2020-08-03,迈瑞医疗,300760,320.35,321.34,315.36,318.32,320.35,52972,1822747648.0,1.06,-0.63
2020-07-31,迈瑞医疗,300760,311.51,321.86,310.86,320.35,311.51,58608,2018976016.0,1.17,2.84
2020-07-30,迈瑞医疗,300760,317.16,320.31,310.37,311.51,316.34,43564,1493148928.0,0.87,-1.53
2020-07-29,迈瑞医疗,300760,311.36,317.99,309.38,316.34,313.35,42904,1465635072.0,0.86,0.95
2020-07-28,迈瑞医疗,300760,312.36,313.35,303.84,313.35,307.36,39873,1340026384.0,0.8,1.95
2020-07-27,迈瑞医疗,300760,309.16,315.72,303.86,307.36,305.75,52146,1749872448.0,1.04,0.53
2020-07-24,迈瑞医疗,300760,322.36,323.36,301.87,305.75,325.96,76844,2600347216.0,1.54,-6.2
2020-07-23,迈瑞医疗,300760,318.46,326.06,315.36,325.96,321.66,60077,2090899904.0,1.2,1.34
2020-07-22,迈瑞医疗,300760,318.11,328.36,316.07,321.66,318.11,58090,2033548672.0,1.16,1.12
2020-07-21,迈瑞医疗,300760,312.36,324.17,306.36,318.11,311.36,61369,2113112144.0,1.23,2.17
2020-07-20,迈瑞医疗,300760,317.31,323.22,303.37,311.36,314.26,61286,2065703104.0,1.23,-0.92
2020-07-17,迈瑞医疗,300760,309.36,324.34,307.36,314.26,304.06,77480,2653172880.0,1.55,3.35
2020-07-16,迈瑞医疗,300760,325.32,325.32,300.37,304.06,320.35,87934,2966963584.0,1.76,-5.09
2020-07-15,迈瑞医疗,300760,310.86,332.34,310.86,320.35,299.77,118605,4146954320.0,2.38,6.87
2020-07-14,迈瑞医疗,300760,302.34,308.26,293.36,299.77,302.86,56365,1842541552.0,1.13,-1.02
2020-07-13,迈瑞医疗,300760,291.86,304.86,290.76,302.86,292.03,71961,2336939552.0,1.44,3.71
2020-07-10,迈瑞医疗,300760,293.32,298.34,289.42,292.03,293.32,57868,1845834432.0,1.16,-0.44
2020-07-09,迈瑞医疗,300760,275.36,295.36,274.81,293.32,274.58,109092,3418562960.0,2.19,6.82
2020-07-08,迈瑞医疗,300760,276.9,280.43,273.01,274.58,273.0,68543,2073075536.0,1.37,0.58
2020-07-07,迈瑞医疗,300760,264.41,281.07,260.24,273.0,264.73,106012,3160876992.0,2.12,3.12
2020-07-06,迈瑞医疗,300760,269.79,269.79,262.56,264.73,270.05,104240,3035137232.0,2.09,-1.97
2020-07-03,迈瑞医疗,300760,263.5,271.86,259.36,270.05,263.94,70618,2070670336.0,1.41,2.31
2020-07-02,迈瑞医疗,300760,268.46,272.23,261.31,263.94,271.86,84977,2481724720.0,1.7,-2.91
2020-07-01,迈瑞医疗,300760,280.36,282.91,268.48,271.86,279.06,62554,1877869904.0,1.25,-2.58
2020-06-30,迈瑞医疗,300760,276.98,283.3,275.88,279.06,275.21,41213,1263440112.0,0.83,1.4
2020-06-29,迈瑞医疗,300760,274.41,277.34,272.55,275.21,272.55,43087,1297389104.0,0.86,0.98
2020-06-24,迈瑞医疗,300760,276.37,281.15,268.49,272.55,275.92,64212,1920624720.0,1.29,-1.22
2020-06-23,迈瑞医疗,300760,270.98,277.59,269.5,275.92,270.96,52543,1586273856.0,1.05,1.83
2020-06-22,迈瑞医疗,300760,270.36,276.31,267.76,270.96,267.71,63695,1900214368.0,1.28,1.21
2020-06-19,迈瑞医疗,300760,254.37,269.96,254.36,267.71,253.1,92444,2699426944.0,1.85,5.77
2020-06-18,迈瑞医疗,300760,258.24,258.96,251.36,253.1,257.89,57377,1608999456.0,1.15,-1.86
2020-06-17,迈瑞医疗,300760,260.69,264.32,257.44,257.89,260.19,58205,1672383616.0,1.17,-0.88
2020-06-16,迈瑞医疗,300760,261.35,262.86,257.36,260.19,256.07,57334,1645997008.0,1.15,1.61
2020-06-15,迈瑞医疗,300760,256.36,264.35,255.46,256.07,251.26,80363,2294621296.0,1.61,1.91
2020-06-12,迈瑞医疗,300760,242.86,252.54,242.37,251.26,246.06,73992,2038272032.0,1.48,2.11
2020-06-11,迈瑞医疗,300760,247.16,252.16,244.66,246.06,247.19,50743,1394332576.0,1.02,-0.46
2020-06-10,迈瑞医疗,300760,244.46,249.34,244.32,247.19,245.89,39299,1076741872.0,0.79,0.53
2020-06-09,迈瑞医疗,300760,243.42,247.26,240.47,245.89,244.31,42865,1162435296.0,0.86,0.65
2020-06-08,迈瑞医疗,300760,248.16,248.96,243.02,244.31,247.19,56629,1536193328.0,1.13,-1.17
2020-06-05,迈瑞医疗,300760,247.56,247.56,244.38,247.19,247.56,29914,815394720.0,0.6,-0.15
2020-06-04,迈瑞医疗,300760,249.94,250.66,244.16,247.56,249.92,40887,1116505264.0,0.82,-0.94
2020-06-03,迈瑞医疗,300760,249.02,254.35,246.69,249.92,249.02,44050,1221436576.0,0.88,0.36
2020-06-02,迈瑞医疗,300760,253.26,254.35,246.66,249.02,254.62,43033,1185627424.0,0.86,-2.2
2020-06-01,迈瑞医疗,300760,252.16,255.91,247.36,254.62,252.16,43098,1203586160.0,0.86,0.98
2020-05-29,迈瑞医疗,300760,244.46,252.16,242.46,252.16,245.06,43723,1203834976.0,0.88,2.9
2020-05-28,迈瑞医疗,300760,251.38,251.66,241.08,245.06,250.31,45100,1226336144.0,0.9,-2.1
2020-05-27,迈瑞医疗,300760,257.86,260.36,248.46,250.31,259.05,47787,1336945936.0,0.96,-3.37
2020-05-26,迈瑞医疗,300760,254.36,259.82,249.38,259.05,252.36,51206,1452281344.0,1.03,2.65
2020-05-25,迈瑞医疗,300760,248.36,253.64,242.51,252.36,247.49,44502,1228245120.0,0.89,1.97
2020-05-22,迈瑞医疗,300760,256.36,256.39,244.16,247.49,256.37,66774,1839752592.0,1.34,-3.46
2020-05-21,迈瑞医疗,300760,240.16,261.94,239.13,256.37,236.38,124044,3462818560.0,2.49,8.46
2020-05-20,迈瑞医疗,300760,243.36,248.17,235.24,236.38,243.09,64248,1718698928.0,1.29,-2.76
2020-05-19,迈瑞医疗,300760,241.27,243.74,238.37,243.09,238.38,69547,1864360064.0,1.39,1.98
2020-05-18,迈瑞医疗,300760,234.86,241.36,231.94,238.38,233.54,75129,1988041264.0,1.51,2.07
2020-05-15,迈瑞医疗,300760,241.16,241.16,230.36,233.54,239.66,59427,1547260848.0,1.19,-2.55
2020-05-14,迈瑞医疗,300760,239.06,243.05,237.15,239.66,239.05,46639,1253811856.0,0.93,0.26
2020-05-13,迈瑞医疗,300760,232.86,240.46,232.14,239.05,232.14,57519,1529740432.0,1.15,2.98
2020-05-12,迈瑞医疗,300760,231.96,233.14,229.96,232.14,231.96,38298,993981280.0,0.77,0.08
2020-05-11,迈瑞医疗,300760,240.36,240.81,230.36,231.96,238.07,52861,1378036080.0,1.06,-2.57
2020-05-08,迈瑞医疗,300760,238.86,240.36,235.24,238.07,236.56,36621,976105104.0,0.73,0.64
2020-05-07,迈瑞医疗,300760,235.16,237.85,231.65,236.56,232.64,35143,927360752.0,0.7,1.69
2020-05-06,迈瑞医疗,300760,224.86,233.8,223.94,232.64,228.16,56463,1452782288.0,1.13,1.96
2020-04-30,迈瑞医疗,300760,235.85,235.86,226.86,228.16,236.56,79156,2041524816.0,1.59,-3.55
2020-04-29,迈瑞医疗,300760,242.38,244.38,233.86,236.56,245.96,53422,1424452224.0,1.07,-3.82
2020-04-28,迈瑞医疗,300760,245.12,247.88,239.86,245.96,244.85,38391,1046766656.0,0.77,0.45
2020-04-27,迈瑞医疗,300760,239.41,246.46,236.22,244.85,237.53,41445,1124048672.0,0.83,3.08
2020-04-24,迈瑞医疗,300760,242.39,244.16,237.21,237.53,242.38,30544,818589936.0,0.61,-2.0
2020-04-23,迈瑞医疗,300760,245.84,249.62,240.87,242.38,244.48,42563,1160560848.0,0.85,-0.86
2020-04-22,迈瑞医疗,300760,238.64,245.12,233.94,244.48,239.88,47605,1283554224.0,0.95,1.92
2020-04-21,迈瑞医疗,300760,237.83,240.36,234.86,239.88,237.81,43293,1154036384.0,0.87,0.87
2020-04-20,迈瑞医疗,300760,231.86,241.36,231.86,237.81,231.1,65284,1736924288.0,1.31,2.9
2020-04-17,迈瑞医疗,300760,233.96,235.34,230.86,231.1,234.36,55834,1453742560.0,1.12,-1.39
2020-04-16,迈瑞医疗,300760,233.81,235.86,228.96,234.36,236.42,41950,1094915328.0,0.84,-0.87
2020-04-15,迈瑞医疗,300760,233.95,240.36,232.87,236.42,232.86,53213,1410490272.0,1.07,1.53
2020-04-14,迈瑞医疗,300760,234.89,235.46,230.36,232.86,232.56,52900,1377192912.0,1.06,0.13
2020-04-13,迈瑞医疗,300760,233.37,237.06,230.66,232.56,233.27,35269,924709200.0,0.71,-0.3
2020-04-10,迈瑞医疗,300760,238.86,239.08,231.71,233.27,243.35,75172,1979400960.0,1.51,-4.14
2020-04-09,迈瑞医疗,300760,239.06,247.61,235.76,243.35,238.84,68931,1864495696.0,1.38,1.89
2020-04-08,迈瑞医疗,300760,235.32,243.46,232.61,238.84,236.58,65026,1731307024.0,1.3,0.96
2020-04-07,迈瑞医疗,300760,232.46,238.54,225.87,236.58,228.74,97734,2548633040.0,1.96,3.43
2020-04-03,迈瑞医疗,300760,225.96,232.86,224.94,228.74,225.96,74911,1926162368.0,1.5,1.23
2020-04-02,迈瑞医疗,300760,226.69,226.87,219.36,225.96,226.69,74541,1872159760.0,1.49,-0.32
2020-04-01,迈瑞医疗,300760,234.86,235.66,225.45,226.69,233.56,60856,1564561824.0,1.22,-2.94
2020-03-31,迈瑞医疗,300760,230.56,236.86,228.06,233.56,230.55,59283,1543671728.0,1.19,1.31
2020-03-30,迈瑞医疗,300760,236.86,245.21,229.41,230.55,234.69,82111,2164015616.0,1.65,-1.76
2020-03-27,迈瑞医疗,300760,245.56,245.73,228.86,234.69,240.56,80828,2137395472.0,1.62,-2.44
2020-03-26,迈瑞医疗,300760,226.67,242.36,224.08,240.56,225.74,91674,2415827104.0,1.84,6.57
2020-03-25,迈瑞医疗,300760,219.68,226.77,219.68,225.74,215.06,60961,1530765712.0,1.22,4.97
2020-03-24,迈瑞医疗,300760,221.86,221.86,211.72,215.06,214.41,60815,1475452224.0,1.22,0.3
2020-03-23,迈瑞医疗,300760,204.16,219.44,203.86,214.41,207.86,92369,2248373952.0,1.85,3.15
2020-03-20,迈瑞医疗,300760,201.96,209.77,199.86,207.86,198.15,81864,1917843632.0,1.64,4.9
2020-03-19,迈瑞医疗,300760,204.38,207.76,191.86,198.15,206.36,93984,2129150000.0,1.88,-3.98
2020-03-18,迈瑞医疗,300760,215.86,217.25,206.06,206.36,214.36,70041,1685785264.0,1.4,-3.73
2020-03-17,迈瑞医疗,300760,217.6,220.86,201.92,214.36,212.43,68529,1642214288.0,1.37,0.91
2020-03-16,迈瑞医疗,300760,221.86,232.27,209.86,212.43,218.12,105552,2633528320.0,2.11,-2.61
2020-03-13,迈瑞医疗,300760,202.76,224.07,200.19,218.12,216.06,96254,2320822800.0,1.93,0.95
2020-03-12,迈瑞医疗,300760,227.54,227.65,212.86,216.06,220.86,87440,2163913392.0,1.75,-2.17
2020-03-11,迈瑞医疗,300760,231.06,232.74,219.65,220.86,231.04,68945,1731923232.0,1.38,-4.41
2020-03-10,迈瑞医疗,300760,235.86,239.41,218.92,231.04,238.56,98251,2507553456.0,1.97,-3.15
2020-03-09,迈瑞医疗,300760,232.65,247.4,230.41,238.56,235.36,66851,1793313888.0,1.34,1.36
2020-03-06,迈瑞医疗,300760,226.86,241.36,226.44,235.36,233.08,53645,1411106288.0,1.07,0.98
2020-03-05,迈瑞医疗,300760,235.86,241.87,230.96,233.08,228.87,70614,1860929712.0,1.41,1.84
2020-03-04,迈瑞医疗,300760,235.86,235.86,223.63,228.87,233.85,67065,1717656592.0,1.34,-2.13
2020-03-03,迈瑞医疗,300760,230.86,239.13,229.36,233.85,214.83,103758,2735265088.0,2.08,8.85
2020-03-02,迈瑞医疗,300760,217.86,219.36,211.87,214.83,210.86,63696,1559040032.0,1.28,1.88
2020-02-28,迈瑞医疗,300760,215.86,219.67,208.86,210.86,216.96,104829,2545062480.0,2.1,-2.81
2020-02-27,迈瑞医疗,300760,220.36,222.76,214.61,216.96,219.76,62562,1544157072.0,1.25,-1.27
2020-02-26,迈瑞医疗,300760,230.86,231.16,219.16,219.76,231.24,79818,2007281184.0,1.6,-4.96
2020-02-25,迈瑞医疗,300760,222.86,236.35,219.94,231.24,221.94,80600,2069578368.0,1.61,4.19
2020-02-24,迈瑞医疗,300760,214.36,223.4,213.96,221.94,212.2,81363,2012571312.0,1.63,4.59
2020-02-21,迈瑞医疗,300760,205.01,214.24,201.93,212.2,206.85,65664,1551603408.0,1.32,2.59
2020-02-20,迈瑞医疗,300760,206.66,209.66,204.99,206.85,206.66,48463,1138905456.0,0.97,0.09
2020-02-19,迈瑞医疗,300760,210.87,213.84,205.86,206.66,214.15,63001,1487769392.0,1.26,-3.5
2020-02-18,迈瑞医疗,300760,209.92,216.76,209.85,214.15,213.21,38526,932507760.0,0.77,0.44
2020-02-17,迈瑞医疗,300760,212.44,223.39,211.86,213.21,208.41,62916,1535641920.0,1.26,2.3
2020-02-14,迈瑞医疗,300760,197.86,212.86,197.66,208.41,198.96,60357,1417828256.0,1.21,4.75
2020-02-13,迈瑞医疗,300760,200.74,202.36,195.86,198.96,199.86,43702,993511488.0,0.88,-0.45
2020-02-12,迈瑞医疗,300760,194.86,200.49,192.91,199.86,195.06,52876,1197365248.0,1.06,2.46
2020-02-11,迈瑞医疗,300760,196.04,198.36,192.54,195.06,197.29,52449,1170743056.0,1.05,-1.13
2020-02-10,迈瑞医疗,300760,188.86,197.86,188.86,197.29,187.73,94507,2097171680.0,1.89,5.09
2020-02-07,迈瑞医疗,300760,193.76,196.86,183.98,187.73,193.7,86639,1880189760.0,1.74,-3.08
2020-02-06,迈瑞医疗,300760,201.85,201.85,189.56,193.7,191.85,142390,3167666384.0,2.85,0.96
2020-02-05,迈瑞医疗,300760,178.74,191.85,177.86,191.85,171.85,110011,2392620240.0,2.2,11.64
2020-02-04,迈瑞医疗,300760,159.73,176.24,159.09,171.85,157.86,100563,1969667168.0,2.01,8.86
2020-02-03,迈瑞医疗,300760,159.54,169.14,149.86,157.86,159.54,88488,1665892176.0,1.77,-1.05
2020-01-23,迈瑞医疗,300760,166.86,166.86,157.8,159.54,165.13,43948,835954576.0,0.88,-3.39
2020-01-22,迈瑞医疗,300760,166.86,167.55,160.77,165.13,165.23,43898,840324384.0,0.88,-0.06
2020-01-21,迈瑞医疗,300760,166.34,172.06,163.86,165.23,165.9,45170,882402144.0,0.9,-0.4
2020-01-20,迈瑞医疗,300760,166.87,167.83,163.04,165.9,164.91,38512,746753232.0,0.77,0.6
2020-01-17,迈瑞医疗,300760,164.94,166.56,161.86,164.91,164.56,30569,589009504.0,0.61,0.21
2020-01-16,迈瑞医疗,300760,160.3,165.76,159.1,164.56,160.3,44974,860969632.0,0.9,2.66
2020-01-15,迈瑞医疗,300760,158.86,161.46,158.44,160.3,158.86,33801,637136592.0,0.68,0.91
2020-01-14,迈瑞医疗,300760,161.21,161.85,157.64,158.86,160.16,27935,522960960.0,0.56,-0.81
2020-01-13,迈瑞医疗,300760,159.86,160.71,156.86,160.16,159.36,32671,612078880.0,0.65,0.5
2020-01-10,迈瑞医疗,300760,161.58,162.72,158.87,159.36,161.72,36284,685969696.0,0.73,-1.46
2020-01-09,迈瑞医疗,300760,152.11,163.08,152.11,161.72,152.01,73483,1376922848.0,1.47,6.39
2020-01-08,迈瑞医疗,300760,151.81,153.83,151.06,152.01,152.56,28865,521165552.0,0.58,-0.36
2020-01-07,迈瑞医疗,300760,149.46,152.79,148.48,152.56,148.48,35443,636006416.0,0.71,2.75
2020-01-06,迈瑞医疗,300760,148.82,150.41,147.91,148.48,149.86,39598,702201248.0,0.79,-0.92
2020-01-03,迈瑞医疗,300760,153.95,153.95,149.63,149.86,152.19,34429,615821568.0,0.69,-1.53
2020-01-02,迈瑞医疗,300760,153.86,154.44,151.52,152.19,153.76,36790,664502208.0,0.74,-1.02
2019-12-31,迈瑞医疗,300760,150.97,153.76,149.96,153.76,149.98,33625,608729632.0,0.67,2.52
2019-12-30,迈瑞医疗,300760,147.34,150.86,146.86,149.98,147.34,30946,549398432.0,0.62,1.79
2019-12-27,迈瑞医疗,300760,149.26,151.16,147.24,147.34,150.01,28641,507873584.0,0.57,-1.78
2019-12-26,迈瑞医疗,300760,147.8,150.93,147.17,150.01,147.81,28340,504412240.0,0.57,1.49
2019-12-25,迈瑞医疗,300760,147.4,148.34,145.84,147.81,147.96,26995,474202048.0,0.54,-0.1
2019-12-24,迈瑞医疗,300760,146.86,149.79,143.44,147.96,146.41,47401,826720160.0,0.95,1.06
2019-12-23,迈瑞医疗,300760,148.17,150.5,146.13,146.41,147.91,32161,567616128.0,0.64,-1.01
2019-12-20,迈瑞医疗,300760,151.18,151.58,147.75,147.91,151.16,52346,926997216.0,1.05,-2.15
2019-12-19,迈瑞医疗,300760,151.23,151.33,149.92,151.16,150.34,18917,338216496.0,0.38,0.55
2019-12-18,迈瑞医疗,300760,153.84,153.86,149.62,150.34,153.61,49893,891997904.0,1.0,-2.13
2019-12-17,迈瑞医疗,300760,153.63,154.52,152.36,153.61,153.62,49793,906313920.0,1.0,-0.01
2019-12-16,迈瑞医疗,300760,157.16,158.36,152.07,153.62,157.16,59972,1091731296.0,1.2,-2.25
2019-12-13,迈瑞医疗,300760,153.16,159.81,152.35,157.16,152.36,82405,1523469520.0,1.65,3.15
2019-12-12,迈瑞医疗,300760,150.67,152.73,149.56,152.36,150.31,56129,1008160512.0,1.12,1.36
2019-12-11,迈瑞医疗,300760,152.38,152.38,148.66,150.31,152.46,54810,976930304.0,1.1,-1.41
2019-12-10,迈瑞医疗,300760,153.36,155.54,151.86,152.46,153.76,33500,608870944.0,0.67,-0.85
2019-12-09,迈瑞医疗,300760,157.64,158.64,150.82,153.76,158.04,69093,1251508800.0,1.38,-2.71
2019-12-06,迈瑞医疗,300760,154.86,158.04,152.97,158.04,154.16,42596,786041168.0,0.85,2.52
2019-12-05,迈瑞医疗,300760,154.16,155.21,153.07,154.16,153.04,29641,540286224.0,0.59,0.73
2019-12-04,迈瑞医疗,300760,150.94,153.86,149.96,153.04,151.89,34561,624126048.0,0.69,0.76
2019-12-03,迈瑞医疗,300760,151.86,152.76,145.53,151.89,152.21,55407,979630048.0,1.11,-0.21
2019-12-02,迈瑞医疗,300760,151.76,154.76,150.14,152.21,151.56,33513,606497424.0,0.67,0.43
2019-11-29,迈瑞医疗,300760,155.36,156.71,149.16,151.56,156.71,48630,874965104.0,0.97,-3.29
2019-11-28,迈瑞医疗,300760,156.16,159.74,155.37,156.71,154.87,42454,786840768.0,0.85,1.19
2019-11-27,迈瑞医疗,300760,156.11,156.62,151.76,154.87,156.51,35946,656351152.0,0.72,-1.05
2019-11-26,迈瑞医疗,300760,155.86,157.46,154.86,156.51,154.36,44323,816588656.0,0.89,1.39
2019-11-25,迈瑞医疗,300760,155.01,157.66,150.41,154.36,154.55,47604,868725712.0,0.95,-0.12
2019-11-22,迈瑞医疗,300760,163.36,163.66,150.06,154.55,161.86,77549,1430182384.0,1.55,-4.52
2019-11-21,迈瑞医疗,300760,166.74,166.86,161.52,161.86,166.87,41037,785600960.0,0.82,-3.0
2019-11-20,迈瑞医疗,300760,166.67,170.54,166.36,166.87,166.88,41772,819850688.0,0.84,-0.01
2019-11-19,迈瑞医疗,300760,165.36,168.14,164.67,166.88,166.17,37381,729234144.0,0.75,0.43
2019-11-18,迈瑞医疗,300760,164.85,166.81,162.86,166.17,165.86,26508,512295744.0,0.53,0.19
2019-11-15,迈瑞医疗,300760,169.88,171.86,164.97,165.86,169.86,46743,913642848.0,0.94,-2.35
2019-11-14,迈瑞医疗,300760,169.49,171.54,167.96,169.86,169.46,40906,810272432.0,0.82,0.24
2019-11-13,迈瑞医疗,300760,163.14,172.11,162.41,169.46,163.13,57991,1135973392.0,1.16,3.88
2019-11-12,迈瑞医疗,300760,161.87,165.56,160.97,163.13,161.16,39366,754434064.0,0.79,1.22
2019-11-11,迈瑞医疗,300760,166.32,167.46,160.74,161.16,166.32,40645,778932096.0,0.81,-3.1
2019-11-08,迈瑞医疗,300760,168.41,168.46,164.88,166.32,166.86,37905,738919184.0,0.76,-0.32
2019-11-07,迈瑞医疗,300760,161.86,167.17,161.17,166.86,161.17,52599,1020753584.0,1.05,3.53
2019-11-06,迈瑞医疗,300760,164.67,164.74,160.53,161.17,164.81,49241,936313296.0,0.99,-2.21
2019-11-05,迈瑞医疗,300760,161.14,165.55,159.44,164.81,159.96,70577,1345741536.0,1.41,3.03
2019-11-04,迈瑞医疗,300760,153.08,162.36,152.17,159.96,151.66,126309,2349860128.0,2.53,5.47
2019-11-01,迈瑞医疗,300760,150.84,152.09,150.06,151.66,149.86,67134,1206795824.0,1.35,1.2
2019-10-31,迈瑞医疗,300760,152.85,153.01,148.39,149.86,151.02,62094,1118680224.0,1.24,-0.77
2019-10-30,迈瑞医疗,300760,152.76,153.56,149.86,151.02,150.44,80879,1460671392.0,1.62,0.39
2019-10-29,迈瑞医疗,300760,148.62,151.85,147.57,150.44,148.06,85885,1535212480.0,1.72,1.61
2019-10-28,迈瑞医疗,300760,147.86,148.85,143.87,148.06,148.15,59386,1043254848.0,1.19,-0.06
2019-10-25,迈瑞医疗,300760,143.96,148.86,142.96,148.15,143.77,55751,976188192.0,1.12,3.05
2019-10-24,迈瑞医疗,300760,146.86,147.34,141.76,143.77,146.73,44643,767388384.0,0.89,-2.02
2019-10-23,迈瑞医疗,300760,148.06,148.28,145.86,146.73,147.87,29320,514386704.0,0.59,-0.77
2019-10-22,迈瑞医疗,300760,148.19,149.26,145.96,147.87,147.04,58327,1025043424.0,1.17,0.56
2019-10-21,迈瑞医疗,300760,149.15,150.18,144.25,147.04,148.76,65500,1149029824.0,1.31,-1.16
2019-10-18,迈瑞医疗,300760,152.2,154.85,148.68,148.76,151.14,73394,1312318432.0,1.47,-1.57
2019-10-17,迈瑞医疗,300760,147.44,152.61,145.71,151.14,143.99,178448,3166150208.0,3.58,4.97
2019-10-16,迈瑞医疗,300760,141.86,152.86,141.86,143.99,151.71,212950,3694238064.0,4.27,-5.09
2019-10-15,迈瑞医疗,300760,151.85,156.36,149.44,151.71,151.87,28734,520510112.0,2.36,-0.11
2019-10-14,迈瑞医疗,300760,154.86,158.36,150.9,151.87,154.22,35723,646708256.0,2.94,-1.52
2019-10-11,迈瑞医疗,300760,157.32,159.66,153.34,154.22,156.89,21752,398342864.0,1.79,-1.7
2019-10-10,迈瑞医疗,300760,149.76,158.38,148.86,156.89,147.16,35464,646378032.0,2.92,6.61
2019-10-09,迈瑞医疗,300760,154.12,159.16,144.34,147.16,155.35,40185,708995632.0,3.3,-5.27
2019-10-08,迈瑞医疗,300760,153.86,162.34,152.86,155.35,156.32,22732,423408176.0,1.87,-0.62
2019-09-30,迈瑞医疗,300760,160.86,160.86,153.86,156.32,161.7,20512,381423200.0,1.69,-3.33
2019-09-27,迈瑞医疗,300760,160.82,164.74,158.2,161.7,161.74,17857,337990592.0,1.47,-0.02
2019-09-26,迈瑞医疗,300760,163.02,168.46,160.89,161.74,161.69,23888,461155472.0,1.96,0.03
2019-09-25,迈瑞医疗,300760,158.01,162.96,157.49,161.69,158.84,19286,365969040.0,1.59,1.79
2019-09-24,迈瑞医疗,300760,153.92,160.71,153.86,158.84,155.22,19745,367656976.0,1.62,2.33
2019-09-23,迈瑞医疗,300760,158.77,158.77,153.42,155.22,159.02,15694,288278000.0,1.29,-2.39
2019-09-20,迈瑞医疗,300760,155.39,160.25,155.03,159.02,155.93,24122,450433520.0,1.98,1.98
2019-09-19,迈瑞医疗,300760,157.76,158.41,154.02,155.93,156.52,13049,239622023.0,1.07,-0.38
2019-09-18,迈瑞医疗,300760,154.73,156.71,153.09,156.52,153.83,19301,354346720.0,1.59,1.75
2019-09-17,迈瑞医疗,300760,153.36,157.36,152.44,153.83,153.76,16942,310276928.0,1.39,0.05
2019-09-16,迈瑞医疗,300760,152.86,154.52,150.16,153.76,152.12,15731,283945152.0,1.29,1.08
2019-09-12,迈瑞医疗,300760,152.07,152.66,150.01,152.12,152.06,11427,205374759.0,0.94,0.04
2019-09-11,迈瑞医疗,300760,153.13,155.03,149.86,152.06,151.76,14089,253452536.0,1.16,0.2
2019-09-10,迈瑞医疗,300760,154.75,154.84,150.12,151.76,154.14,21968,394855504.0,1.81,-1.54
2019-09-09,迈瑞医疗,300760,155.96,156.85,152.94,154.14,155.26,18178,331634032.0,1.49,-0.72
2019-09-06,迈瑞医疗,300760,154.16,155.69,151.86,155.26,154.19,18283,333658016.0,1.5,0.69
2019-09-05,迈瑞医疗,300760,155.46,157.85,152.19,154.19,154.72,26246,480374272.0,2.16,-0.34
2019-09-04,迈瑞医疗,300760,155.34,156.63,151.76,154.72,156.32,19533,355794352.0,1.61,-1.02
2019-09-03,迈瑞医疗,300760,161.7,161.7,154.09,156.32,161.7,30592,564362368.0,2.52,-3.33
2019-09-02,迈瑞医疗,300760,157.85,163.86,156.91,161.7,158.21,17424,330539520.0,1.43,2.21
2019-08-30,迈瑞医疗,300760,151.86,163.32,149.88,158.21,150.94,31853,589542592.0,2.62,4.82
2019-08-29,迈瑞医疗,300760,152.86,153.25,147.24,150.94,153.77,26623,475059680.0,2.19,-1.84
2019-08-28,迈瑞医疗,300760,154.37,156.78,150.35,153.77,154.46,19499,352265056.0,1.6,-0.45
2019-08-27,迈瑞医疗,300760,147.86,155.32,147.86,154.46,146.85,28767,521407712.0,2.37,5.18
2019-08-26,迈瑞医疗,300760,145.36,150.36,144.66,146.85,147.26,22623,398110912.0,1.86,-0.28
2019-08-23,迈瑞医疗,300760,141.44,147.56,140.36,147.26,141.98,22188,385225456.0,1.82,3.72
2019-08-22,迈瑞医疗,300760,140.32,142.21,139.46,141.98,140.35,13823,234156986.0,1.14,1.16
2019-08-21,迈瑞医疗,300760,142.38,142.84,138.58,140.35,142.38,23116,387858928.0,1.9,-1.43
2019-08-20,迈瑞医疗,300760,143.24,143.76,140.86,142.38,141.16,13490,229827208.0,1.11,0.86
2019-08-19,迈瑞医疗,300760,142.2,143.63,139.51,141.16,138.37,23625,399607008.0,1.94,2.02
2019-08-16,迈瑞医疗,300760,138.06,140.81,136.96,138.37,136.96,14596,244311365.0,1.2,1.03
2019-08-15,迈瑞医疗,300760,135.3,138.06,134.86,136.96,136.94,10363,171027711.0,0.85,0.01
2019-08-14,迈瑞医疗,300760,136.86,138.34,134.89,136.94,134.87,18449,304687872.0,1.52,1.53
2019-08-13,迈瑞医疗,300760,132.89,136.04,132.34,134.87,132.89,16747,272347488.0,1.38,1.49
2019-08-12,迈瑞医疗,300760,132.16,134.73,131.86,132.89,132.23,12643,203734933.0,1.04,0.5
2019-08-09,迈瑞医疗,300760,132.85,136.25,131.15,132.23,132.01,27474,445242896.0,2.26,0.17
2019-08-08,迈瑞医疗,300760,129.16,133.51,126.86,132.01,127.73,20286,323279360.0,1.67,3.35
2019-08-07,迈瑞医疗,300760,125.52,129.09,124.89,127.73,124.67,17973,279164496.0,1.48,2.45
2019-08-06,迈瑞医疗,300760,121.86,126.72,121.07,124.67,125.22,21934,334303824.0,1.8,-0.44
2019-08-05,迈瑞医疗,300760,129.25,129.84,120.85,125.22,130.46,36541,558253456.0,3.01,-4.02
2019-08-02,迈瑞医疗,300760,126.85,131.19,126.16,130.46,129.64,14317,224809392.0,1.18,0.63
2019-08-01,迈瑞医疗,300760,129.98,132.72,128.1,129.64,130.76,18462,291510288.0,1.52,-0.86
2019-07-31,迈瑞医疗,300760,133.01,134.45,130.16,130.76,134.24,14128,226322693.0,1.16,-2.59
2019-07-30,迈瑞医疗,300760,131.96,135.95,131.92,134.24,132.86,12991,211504149.0,1.07,1.04
2019-07-29,迈瑞医疗,300760,137.36,137.73,132.16,132.86,136.26,21927,355604848.0,1.8,-2.5
2019-07-26,迈瑞医疗,300760,133.86,138.07,133.3,136.26,134.96,20394,335689120.0,1.68,0.96
2019-07-25,迈瑞医疗,300760,130.39,135.06,128.91,134.96,130.86,26064,418111056.0,2.14,3.13
2019-07-24,迈瑞医疗,300760,128.31,132.01,126.56,130.86,127.03,16990,268709136.0,1.4,3.02
2019-07-23,迈瑞医疗,300760,129.21,129.7,126.46,127.03,128.7,11293,176107206.0,0.93,-1.3
2019-07-22,迈瑞医疗,300760,129.01,130.87,125.23,128.7,128.46,13783,216106215.0,1.13,0.19
2019-07-19,迈瑞医疗,300760,129.63,131.46,128.26,128.46,129.07,12928,204334310.0,1.06,-0.47
2019-07-18,迈瑞医疗,300760,129.97,131.76,128.16,129.07,129.86,15010,237537209.0,1.23,-0.61
2019-07-17,迈瑞医疗,300760,125.52,130.51,125.52,129.86,126.29,24305,382063824.0,2.0,2.83
2019-07-16,迈瑞医疗,300760,130.93,131.8,124.45,126.29,130.93,37660,583490944.0,3.1,-3.54
2019-07-15,迈瑞医疗,300760,131.85,132.33,126.74,130.93,130.86,25717,404171184.0,2.11,0.05
2019-07-12,迈瑞医疗,300760,134.11,136.52,129.85,130.86,134.75,26071,419967808.0,2.14,-2.89
2019-07-11,迈瑞医疗,300760,138.37,139.86,134.04,134.75,137.12,20704,341445728.0,1.7,-1.73
2019-07-10,迈瑞医疗,300760,134.77,137.26,133.4,137.12,134.06,18169,297624944.0,1.49,2.28
2019-07-09,迈瑞医疗,300760,135.73,135.81,132.66,134.06,134.86,10565,171181190.0,0.87,-0.59
2019-07-08,迈瑞医疗,300760,134.87,136.22,132.46,134.86,135.86,20355,330330816.0,1.67,-0.74
2019-07-05,迈瑞医疗,300760,134.36,137.14,133.46,135.86,134.45,23562,385424144.0,1.94,1.05
2019-07-04,迈瑞医疗,300760,137.45,138.61,131.87,134.45,137.66,29072,472910768.0,2.39,-2.33
2019-07-03,迈瑞医疗,300760,144.76,145.85,134.86,137.66,145.86,41047,688543840.0,3.38,-5.62
2019-07-02,迈瑞医疗,300760,141.79,147.44,140.42,145.86,140.41,34915,604655312.0,2.87,3.88
2019-07-01,迈瑞医疗,300760,136.37,140.46,136.37,140.41,135.06,18133,303302560.0,1.49,3.96
2019-06-28,迈瑞医疗,300760,134.31,136.36,133.04,135.06,134.26,11749,192180173.0,0.97,0.6
2019-06-27,迈瑞医疗,300760,130.84,135.46,129.57,134.26,130.11,21193,342878480.0,1.74,3.19
2019-06-26,迈瑞医疗,300760,125.92,130.11,125.68,130.11,126.55,18306,286672160.0,1.51,2.81
2019-06-25,迈瑞医疗,300760,129.0,129.76,126.17,126.55,130.19,18208,282654464.0,1.5,-2.8
2019-06-24,迈瑞医疗,300760,129.81,130.4,127.04,130.19,129.37,23455,367048896.0,1.93,0.63
2019-06-21,迈瑞医疗,300760,132.02,132.86,128.25,129.37,129.61,37981,601202656.0,3.12,-0.19
2019-06-20,迈瑞医疗,300760,126.61,130.46,125.66,129.61,126.12,24784,388975008.0,2.04,2.77
2019-06-19,迈瑞医疗,300760,127.87,128.66,125.48,126.12,125.16,16007,248203933.0,1.32,0.77
2019-06-18,迈瑞医疗,300760,123.26,125.52,121.37,125.16,122.46,16388,249440237.0,1.35,2.2
2019-06-17,迈瑞医疗,300760,124.0,125.92,120.86,122.46,123.86,19353,292383792.0,1.59,-1.13
2019-06-14,迈瑞医疗,300760,125.84,126.63,123.21,123.86,125.82,17836,272262080.0,1.47,-1.56
2019-06-13,迈瑞医疗,300760,128.36,128.9,125.06,125.82,128.86,19033,294056800.0,1.57,-2.36
2019-06-12,迈瑞医疗,300760,125.86,129.36,124.71,128.86,126.91,16525,256792333.0,1.36,1.54
2019-06-11,迈瑞医疗,300760,123.54,126.96,122.96,126.91,123.54,19964,306452656.0,1.64,2.73
2019-06-10,迈瑞医疗,300760,120.86,125.19,120.86,123.54,120.86,13324,201730734.0,1.1,2.22
2019-06-06,迈瑞医疗,300760,123.86,123.89,119.46,120.86,125.46,30860,463327168.0,2.54,-3.67
2019-06-05,迈瑞医疗,300760,120.88,128.52,120.36,125.46,119.36,34289,524613840.0,2.82,5.11
2019-06-04,迈瑞医疗,300760,124.18,125.16,118.64,119.36,123.66,27312,408022832.0,2.25,-3.48
2019-06-03,迈瑞医疗,300760,119.84,123.74,119.36,123.66,119.36,26664,401503536.0,2.19,3.6
2019-05-31,迈瑞医疗,300760,118.36,121.83,117.42,119.36,117.56,18696,277463072.0,1.54,1.53
2019-05-30,迈瑞医疗,300760,115.96,119.06,114.42,117.56,117.37,16753,243270978.0,1.38,0.16
2019-05-29,迈瑞医疗,300760,116.87,117.86,115.13,117.37,118.57,10888,157701360.0,0.9,-1.01
2019-05-28,迈瑞医疗,300760,114.36,118.57,113.19,118.57,114.48,27972,404805184.0,2.3,3.57
2019-05-27,迈瑞医疗,300760,110.89,114.82,109.86,114.48,110.55,14527,207041267.0,1.19,3.55
2019-05-24,迈瑞医疗,300760,110.91,112.51,109.14,110.55,110.66,13237,184820152.0,1.09,-0.1
2019-05-23,迈瑞医疗,300760,112.36,112.36,110.34,110.66,112.38,9644,135137679.0,0.79,-1.53
2019-05-22,迈瑞医疗,300760,112.87,114.46,111.37,112.38,113.64,11727,166351105.0,0.96,-1.11
2019-05-21,迈瑞医疗,300760,108.96,114.18,107.89,113.64,107.96,25257,354914016.0,2.08,5.26
2019-05-20,迈瑞医疗,300760,110.85,110.85,105.06,107.96,110.04,23125,317960256.0,1.9,-1.89
2019-05-17,迈瑞医疗,300760,111.86,115.35,108.66,110.04,112.56,23291,329072208.0,1.92,-2.24
2019-05-16,迈瑞医疗,300760,113.84,113.84,110.16,112.56,114.06,25721,362526320.0,2.12,-1.32
2019-05-15,迈瑞医疗,300760,114.46,115.06,111.0,114.06,114.62,30081,427899680.0,2.47,-0.49
2019-05-14,迈瑞医疗,300760,116.17,118.17,113.5,114.62,118.49,30697,443767504.0,2.52,-3.27
2019-05-13,迈瑞医疗,300760,113.56,120.86,113.44,118.49,115.36,27984,411529600.0,2.3,2.71
2019-05-10,迈瑞医疗,300760,109.66,116.38,107.86,115.36,106.97,37382,532779488.0,3.07,7.84
2019-05-09,迈瑞医疗,300760,109.75,111.35,106.72,106.97,110.26,26248,361503872.0,2.16,-2.98
2019-05-08,迈瑞医疗,300760,103.36,112.92,102.86,110.26,107.11,36155,505006928.0,2.97,2.94
2019-05-07,迈瑞医疗,300760,105.81,111.46,105.81,107.11,104.36,36072,498189296.0,2.97,2.64
2019-05-06,迈瑞医疗,300760,105.36,106.85,101.86,104.36,111.7,46189,619309552.0,3.8,-6.57
2019-04-30,迈瑞医疗,300760,111.36,114.86,109.96,111.7,111.81,25037,352603392.0,2.06,-0.1
2019-04-29,迈瑞医疗,300760,106.68,115.87,106.68,111.81,106.67,46734,663194144.0,3.84,4.82
2019-04-26,迈瑞医疗,300760,104.36,108.74,103.56,106.67,104.94,30941,418974480.0,2.54,1.65
2019-04-25,迈瑞医疗,300760,102.75,108.85,102.26,104.94,102.75,42651,576470560.0,3.51,2.13
2019-04-24,迈瑞医疗,300760,102.56,103.44,100.86,102.75,101.91,18584,243664190.0,1.53,0.82
2019-04-23,迈瑞医疗,300760,98.99,103.3,98.66,101.91,98.86,34180,448583840.0,2.81,3.09
2019-04-22,迈瑞医疗,300760,98.72,99.96,97.16,98.86,98.77,13616,174101171.0,1.12,0.09
2019-04-19,迈瑞医疗,300760,97.38,99.25,95.41,98.77,97.86,18130,228843105.0,1.49,0.93
2019-04-18,迈瑞医疗,300760,98.46,98.86,97.76,97.86,98.63,9127,116056547.0,0.75,-0.78
2019-04-17,迈瑞医疗,300760,97.26,99.68,97.26,98.63,96.96,17233,220132289.0,1.42,1.72
2019-04-16,迈瑞医疗,300760,96.54,97.67,94.36,96.96,96.45,23554,295721856.0,1.94,0.53
2019-04-15,迈瑞医疗,300760,100.69,101.33,96.24,96.45,100.17,34407,439582752.0,2.83,-3.71
2019-04-12,迈瑞医疗,300760,99.84,101.37,99.16,100.17,99.84,16839,218318440.0,1.38,0.33
2019-04-11,迈瑞医疗,300760,101.36,101.73,98.88,99.84,101.35,25163,324049744.0,2.07,-1.49
2019-04-10,迈瑞医疗,300760,101.75,103.32,99.37,101.35,101.01,37053,484072832.0,3.05,0.34
2019-04-09,迈瑞医疗,300760,98.94,101.36,98.94,101.01,99.83,20490,265792187.0,1.69,1.18
2019-04-08,迈瑞医疗,300760,103.51,103.55,99.16,99.83,102.56,36887,477600096.0,3.03,-2.66
2019-04-04,迈瑞医疗,300760,102.56,104.83,101.46,102.56,103.41,24190,318741584.0,1.99,-0.82
2019-04-03,迈瑞医疗,300760,104.16,104.16,101.29,103.41,104.39,33322,438170720.0,2.74,-0.94
2019-04-02,迈瑞医疗,300760,106.65,106.86,103.87,104.39,106.34,31288,419415744.0,2.57,-1.83
2019-04-01,迈瑞医疗,300760,106.66,109.88,104.76,106.34,105.16,48053,653652144.0,3.95,1.12
2019-03-29,迈瑞医疗,300760,101.7,105.36,101.7,105.16,101.7,34503,460082928.0,2.84,3.4
2019-03-28,迈瑞医疗,300760,98.74,103.06,97.96,101.7,99.47,26029,338184832.0,2.14,2.24
2019-03-27,迈瑞医疗,300760,99.36,101.66,98.14,99.47,98.84,21719,280982944.0,1.79,0.64
2019-03-26,迈瑞医疗,300760,99.08,100.82,97.65,98.84,98.31,30827,395582464.0,2.54,0.54
2019-03-25,迈瑞医疗,300760,98.65,99.31,97.57,98.31,101.26,36544,466307568.0,3.01,-2.91
2019-03-22,迈瑞医疗,300760,101.74,102.16,99.76,101.26,101.07,21599,280896576.0,1.78,0.19
2019-03-21,迈瑞医疗,300760,102.76,102.86,100.63,101.07,102.99,34743,453797872.0,2.86,-1.86
2019-03-20,迈瑞医疗,300760,100.87,104.36,100.86,102.99,102.06,27728,364646496.0,2.28,0.91
2019-03-19,迈瑞医疗,300760,103.19,105.76,101.47,102.06,102.86,37104,491845616.0,3.05,-0.78
2019-03-18,迈瑞医疗,300760,107.36,107.38,97.86,102.86,106.16,74860,975342720.0,6.16,-3.11
2019-03-15,迈瑞医疗,300760,102.06,109.74,102.06,106.16,101.31,53915,735289536.0,4.43,4.79
2019-03-14,迈瑞医疗,300760,98.12,102.86,97.86,101.31,98.14,39539,512825904.0,3.25,3.23
2019-03-13,迈瑞医疗,300760,99.37,102.31,97.36,98.14,99.1,44560,573675616.0,3.66,-0.97
2019-03-12,迈瑞医疗,300760,101.85,103.86,96.35,99.1,101.53,57868,746622768.0,4.76,-2.39
2019-03-11,迈瑞医疗,300760,96.2,103.36,94.86,101.53,96.67,50883,651927248.0,4.18,5.03
2019-03-08,迈瑞医疗,300760,94.86,100.18,93.86,96.67,98.16,50197,637809680.0,4.13,-1.52
2019-03-07,迈瑞医疗,300760,100.04,100.08,96.24,98.16,101.71,64377,816444240.0,5.29,-3.49
2019-03-06,迈瑞医疗,300760,103.56,104.88,99.31,101.71,103.46,53905,701031776.0,4.43,-1.69
2019-03-05,迈瑞医疗,300760,100.66,104.48,100.06,103.46,103.41,48341,632315952.0,3.98,0.05
2019-03-04,迈瑞医疗,300760,100.57,109.66,100.57,103.41,99.25,71485,959811120.0,5.88,4.19
2019-03-01,迈瑞医疗,300760,99.86,101.86,95.67,99.25,98.16,58116,744630832.0,4.78,1.11
2019-02-28,迈瑞医疗,300760,88.11,98.16,87.54,98.16,86.59,81554,1013908896.0,6.71,13.36
2019-02-27,迈瑞医疗,300760,89.26,90.16,85.9,86.59,90.06,42379,496852064.0,3.49,-3.85
2019-02-26,迈瑞医疗,300760,93.35,93.36,89.51,90.06,93.71,49748,599056144.0,4.09,-3.89
2019-02-25,迈瑞医疗,300760,85.89,93.76,85.89,93.71,85.03,60222,713606864.0,4.95,10.21
2019-02-22,迈瑞医疗,300760,82.86,85.46,82.36,85.03,83.06,30613,345817456.0,2.52,2.37
2019-02-21,迈瑞医疗,300760,83.85,84.6,82.18,83.06,83.86,32223,363293200.0,2.65,-0.95
2019-02-20,迈瑞医疗,300760,86.47,86.81,82.39,83.86,86.72,37983,429583584.0,3.12,-3.3
2019-02-19,迈瑞医疗,300760,86.44,91.16,86.34,86.72,85.92,42902,504174592.0,3.53,0.93
2019-02-18,迈瑞医疗,300760,84.04,86.61,84.04,85.92,84.01,35044,401328528.0,2.88,2.27
2019-02-15,迈瑞医疗,300760,86.07,86.51,83.56,84.01,86.6,25782,292397504.0,2.12,-2.99
2019-02-14,迈瑞医疗,300760,84.24,87.77,83.69,86.6,84.44,38574,444822880.0,3.17,2.56
2019-02-13,迈瑞医疗,300760,83.74,84.86,82.61,84.44,84.68,34926,393327296.0,2.87,-0.28
2019-02-12,迈瑞医疗,300760,82.66,85.74,82.36,84.68,82.86,33888,384101904.0,2.79,2.2
2019-02-11,迈瑞医疗,300760,81.95,83.63,80.57,82.86,81.82,35986,401635984.0,2.96,1.27
2019-02-01,迈瑞医疗,300760,78.17,82.06,77.71,81.82,77.59,30681,337281904.0,2.52,5.45
2019-01-31,迈瑞医疗,300760,78.3,79.64,75.81,77.59,76.99,31387,336064256.0,2.58,0.78
2019-01-30,迈瑞医疗,300760,74.66,77.81,73.91,76.99,74.84,25879,274067776.0,2.13,2.87
2019-01-29,迈瑞医疗,300760,77.33,77.33,73.37,74.84,77.17,32950,343467344.0,2.71,-3.02
2019-01-28,迈瑞医疗,300760,78.25,79.04,76.96,77.17,77.79,16113,172208622.0,1.33,-0.8
2019-01-25,迈瑞医疗,300760,78.86,80.29,77.71,77.79,78.86,30737,331847424.0,2.53,-1.36
2019-01-24,迈瑞医疗,300760,80.46,81.06,77.64,78.86,81.13,24242,261741042.0,1.99,-2.8
2019-01-23,迈瑞医疗,300760,79.34,81.34,79.06,81.13,79.35,14603,159833986.0,1.2,2.24
2019-01-22,迈瑞医疗,300760,82.46,83.24,78.37,79.35,81.97,23585,258272023.0,1.94,-3.2
2019-01-21,迈瑞医疗,300760,81.66,85.71,81.22,81.97,80.36,42080,473422400.0,3.46,2.0
2019-01-18,迈瑞医疗,300760,76.25,80.56,76.25,80.36,76.61,32791,353652560.0,2.7,4.89
2019-01-17,迈瑞医疗,300760,76.35,77.31,75.77,76.61,76.55,16582,175687211.0,1.36,0.08
2019-01-16,迈瑞医疗,300760,75.52,77.25,74.67,76.55,75.84,20310,214576900.0,1.67,0.94
2019-01-15,迈瑞医疗,300760,74.74,77.36,74.35,75.84,74.96,21138,222559524.0,1.74,1.17
2019-01-14,迈瑞医疗,300760,75.66,75.66,73.54,74.96,75.77,19504,202096291.0,1.6,-1.07
2019-01-11,迈瑞医疗,300760,73.76,75.86,73.26,75.77,74.18,20723,215125708.0,1.7,2.14
2019-01-10,迈瑞医疗,300760,75.16,76.04,73.14,74.18,73.84,41362,430582352.0,3.4,0.46
2019-01-09,迈瑞医疗,300760,70.75,76.15,70.41,73.84,70.36,58185,600284560.0,4.78,4.95
2019-01-08,迈瑞医疗,300760,71.97,72.85,68.64,70.36,72.59,52135,518413312.0,4.29,-3.07
2019-01-07,迈瑞医疗,300760,71.92,74.84,71.55,72.59,72.44,43458,442705536.0,3.57,0.21
2019-01-04,迈瑞医疗,300760,71.44,73.71,70.34,72.44,72.18,42769,432343824.0,3.52,0.36
2019-01-03,迈瑞医疗,300760,74.16,75.86,70.82,72.18,74.64,38459,392152448.0,3.16,-3.3
2019-01-02,迈瑞医疗,300760,77.31,77.66,70.41,74.64,80.08,58988,612101680.0,4.85,-6.79
2018-12-28,迈瑞医疗,300760,78.36,80.49,77.16,80.08,78.37,32531,353231248.0,2.68,2.18
2018-12-27,迈瑞医疗,300760,79.56,80.21,77.68,78.37,78.16,41313,447720976.0,3.4,0.27
2018-12-26,迈瑞医疗,300760,76.85,80.42,76.15,78.16,76.85,35334,380978848.0,2.91,1.7
2018-12-25,迈瑞医疗,300760,73.26,77.85,72.86,76.85,74.16,44047,460649008.0,3.62,3.63
2018-12-24,迈瑞医疗,300760,70.32,75.56,70.32,74.16,70.18,36565,376860480.0,3.01,5.67
2018-12-21,迈瑞医疗,300760,70.63,71.39,69.37,70.18,71.52,30284,301683680.0,2.49,-1.87
2018-12-20,迈瑞医疗,300760,68.86,72.26,68.76,71.52,69.09,47798,478030160.0,3.93,3.52
2018-12-19,迈瑞医疗,300760,76.62,77.14,68.63,69.09,76.26,76618,773276656.0,6.3,-9.4
2018-12-18,迈瑞医疗,300760,74.97,77.36,74.54,76.26,77.09,31325,329930912.0,2.58,-1.08
2018-12-17,迈瑞医疗,300760,76.98,77.86,72.81,77.09,78.67,49506,519731536.0,4.07,-2.01
2018-12-14,迈瑞医疗,300760,86.96,87.13,78.67,78.67,87.06,72696,810256512.0,5.98,-9.64
2018-12-13,迈瑞医疗,300760,84.76,87.12,84.41,87.06,84.79,29268,337663424.0,2.41,2.68
2018-12-12,迈瑞医疗,300760,84.66,85.5,83.97,84.79,84.22,27529,313396288.0,2.26,0.68
2018-12-11,迈瑞医疗,300760,86.51,87.16,83.36,84.22,85.98,40502,463348656.0,3.33,-2.05
2018-12-10,迈瑞医疗,300760,83.74,86.86,83.74,85.98,85.0,29843,342408992.0,2.45,1.15
2018-12-07,迈瑞医疗,300760,86.74,87.11,83.56,85.0,86.19,50676,577176368.0,4.17,-1.38
2018-12-06,迈瑞医疗,300760,90.75,91.97,84.86,86.19,91.54,82338,964296672.0,6.77,-5.84
2018-12-05,迈瑞医疗,300760,87.86,93.97,87.52,91.54,89.92,53749,646890160.0,4.42,1.8
2018-12-04,迈瑞医疗,300760,89.66,91.73,88.46,89.92,90.36,45191,538294096.0,3.72,-0.49
2018-12-03,迈瑞医疗,300760,86.36,94.52,84.2,90.36,83.36,93095,1104557824.0,7.66,8.4
2018-11-30,迈瑞医疗,300760,79.66,83.46,79.36,83.36,79.69,41347,456656944.0,3.4,4.61
2018-11-29,迈瑞医疗,300760,81.86,82.83,79.66,79.69,80.47,48848,540532880.0,4.02,-0.97
2018-11-28,迈瑞医疗,300760,76.66,80.86,76.06,80.47,77.42,55165,596357408.0,4.54,3.94
2018-11-27,迈瑞医疗,300760,81.52,81.86,75.36,77.42,80.45,80217,859347584.0,6.6,-3.77
2018-11-26,迈瑞医疗,300760,79.96,82.15,79.16,80.45,79.16,41793,459180272.0,3.44,1.63
2018-11-23,迈瑞医疗,300760,82.66,84.46,78.86,79.16,82.37,59509,658085568.0,4.89,-3.9
2018-11-22,迈瑞医疗,300760,82.21,83.2,80.98,82.37,82.56,51973,579003968.0,4.27,-0.23
2018-11-21,迈瑞医疗,300760,76.86,83.89,76.51,82.56,77.86,90623,1000279968.0,7.45,6.04
2018-11-20,迈瑞医疗,300760,79.66,81.83,77.86,77.86,81.01,54625,591621632.0,4.49,-3.89
2018-11-19,迈瑞医疗,300760,79.87,83.71,79.46,81.01,81.51,69281,766379680.0,5.7,-0.61
2018-11-16,迈瑞医疗,300760,82.91,84.86,80.52,81.51,82.86,69092,771444128.0,5.68,-1.63
2018-11-15,迈瑞医疗,300760,81.72,83.64,80.06,82.86,82.72,67309,749711328.0,5.54,0.17
2018-11-14,迈瑞医疗,300760,78.89,84.46,78.87,82.72,80.92,85022,943916112.0,6.99,2.22
2018-11-13,迈瑞医疗,300760,80.86,87.86,79.39,80.92,82.87,136396,1539492048.0,11.22,-2.35
2018-11-12,迈瑞医疗,300760,80.78,83.63,80.03,82.87,81.64,79923,889722784.0,6.57,1.51
2018-11-09,迈瑞医疗,300760,78.36,84.66,77.86,81.64,80.14,87033,969217056.0,7.16,1.87
2018-11-08,迈瑞医疗,300760,82.86,83.85,78.65,80.14,80.86,90427,999397648.0,7.44,-0.89
2018-11-07,迈瑞医疗,300760,83.51,84.54,79.56,80.86,83.52,115595,1285698032.0,9.51,-3.18
2018-11-06,迈瑞医疗,300760,71.56,83.52,70.71,83.52,73.28,135297,1425402752.0,11.13,13.97
2018-11-05,迈瑞医疗,300760,75.74,77.43,70.31,73.28,76.26,133495,1373603232.0,10.98,-3.91
2018-11-02,迈瑞医疗,300760,77.15,78.24,73.53,76.26,73.19,162177,1701272336.0,13.34,4.19
2018-11-01,迈瑞医疗,300760,71.84,76.46,69.96,73.19,69.86,156641,1601231264.0,12.88,4.77
2018-10-31,迈瑞医疗,300760,68.66,72.8,68.66,69.86,68.21,135227,1347886608.0,11.12,2.42
2018-10-30,迈瑞医疗,300760,67.36,70.76,63.57,68.21,68.38,140057,1350378208.0,11.52,-0.25
2018-10-29,迈瑞医疗,300760,67.36,69.22,64.87,68.38,68.06,102860,994737040.0,8.46,0.47
2018-10-26,迈瑞医疗,300760,70.66,73.86,63.37,68.06,70.44,182721,1778309680.0,15.03,-3.38
2018-10-25,迈瑞医疗,300760,63.98,72.23,63.98,70.44,67.91,193153,1871745888.0,15.88,3.73
2018-10-24,迈瑞医疗,300760,66.25,71.36,66.06,67.91,65.56,241500,2351484896.0,19.86,3.58
2018-10-23,迈瑞医疗,300760,72.86,76.66,65.53,65.56,68.84,329626,3319210160.0,27.11,-4.76
2018-10-22,迈瑞医疗,300760,64.86,68.84,62.87,68.84,59.93,176858,1689793616.0,14.54,14.87
2018-10-19,迈瑞医疗,300760,50.36,59.93,50.26,59.93,51.83,353192,3011157568.0,29.05,15.63
2018-10-18,迈瑞医疗,300760,55.89,55.89,44.24,51.83,48.16,557185,4493959168.0,45.82,7.62
2018-10-17,迈瑞医疗,300760,48.16,48.16,48.16,48.16,41.13,1865,14420083.0,0.15,17.09
2018-10-16,迈瑞医疗,300760,29.42,41.13,29.42,41.13,,4199,29448511.0,0.35,109.21
