日期,股票名称,代码,开盘,最高,最低,收盘,前收盘,成交量,成交额,换手率,涨跌幅
2026-05-14,隆基绿能,601012,16.79,17.04,16.3,16.3,16.78,2094691,3490763287.0,2.76,-2.86
2026-05-13,隆基绿能,601012,16.51,16.82,16.45,16.78,16.7,1433680,2393881568.0,1.89,0.48
2026-05-12,隆基绿能,601012,16.65,16.91,16.38,16.7,16.61,1973452,3281304288.0,2.6,0.54
2026-05-11,隆基绿能,601012,16.35,16.75,16.33,16.61,16.36,1809608,3002893118.0,2.39,1.53
2026-05-08,隆基绿能,601012,16.54,16.55,16.22,16.36,16.55,1602816,2621482231.0,2.12,-1.15
2026-05-07,隆基绿能,601012,16.54,16.82,16.51,16.55,16.55,1475967,2453039029.0,1.95,0.0
2026-05-06,隆基绿能,601012,16.53,16.65,16.39,16.55,16.46,1459022,2408376086.0,1.93,0.55
2026-04-30,隆基绿能,601012,16.37,16.68,16.37,16.46,16.55,1315054,2167954847.0,1.74,-0.54
2026-04-29,隆基绿能,601012,16.28,16.59,15.82,16.55,16.95,2455954,3992226560.0,3.24,-2.36
2026-04-28,隆基绿能,601012,17.03,17.21,16.89,16.95,17.14,977873,1664112757.0,1.29,-1.11
2026-04-27,隆基绿能,601012,17.3,17.43,17.12,17.14,17.39,1090042,1875866995.0,1.44,-1.44
2026-04-24,隆基绿能,601012,17.51,17.56,17.26,17.39,17.53,975037,1695872844.0,1.29,-0.8
2026-04-23,隆基绿能,601012,17.69,17.79,17.37,17.53,17.55,1255806,2208322354.0,1.66,-0.11
2026-04-22,隆基绿能,601012,17.5,17.66,17.4,17.55,17.59,788201,1382718187.0,1.04,-0.23
2026-04-21,隆基绿能,601012,17.65,17.79,17.48,17.59,17.65,905297,1593667052.0,1.19,-0.34
2026-04-20,隆基绿能,601012,17.44,17.8,17.35,17.65,17.44,1351470,2376243054.0,1.78,1.2
2026-04-17,隆基绿能,601012,17.45,17.52,17.23,17.44,17.51,1073344,1866684287.0,1.42,-0.4
2026-04-16,隆基绿能,601012,17.45,17.54,17.35,17.51,17.38,907077,1584881031.0,1.2,0.75
2026-04-15,隆基绿能,601012,17.59,17.66,17.36,17.38,17.55,989936,1732878734.0,1.31,-0.97
2026-04-14,隆基绿能,601012,17.59,17.63,17.35,17.55,17.68,1316761,2303441650.0,1.74,-0.74
2026-04-13,隆基绿能,601012,17.0,18.02,16.95,17.68,17.12,2163953,3790707315.0,2.86,3.27
2026-04-10,隆基绿能,601012,17.06,17.27,16.96,17.12,16.92,1170602,2007435124.0,1.54,1.18
2026-04-09,隆基绿能,601012,17.06,17.22,16.87,16.92,17.32,1119971,1901557997.0,1.48,-2.31
2026-04-08,隆基绿能,601012,16.92,17.42,16.83,17.32,16.7,1659255,2846702533.0,2.19,3.71
2026-04-07,隆基绿能,601012,16.66,16.74,16.39,16.7,16.66,1120803,1858517890.0,1.48,0.24
2026-04-03,隆基绿能,601012,17.3,17.35,16.61,16.66,17.36,1811129,3057167201.0,2.39,-4.03
2026-04-02,隆基绿能,601012,17.8,17.8,17.31,17.36,17.89,1348218,2361042861.0,1.78,-2.96
2026-04-01,隆基绿能,601012,17.72,18.03,17.54,17.89,17.54,1349022,2398083291.0,1.78,2.0
2026-03-31,隆基绿能,601012,17.9,18.02,17.53,17.54,17.96,1600191,2842679053.0,2.11,-2.34
2026-03-30,隆基绿能,601012,18.4,18.57,17.8,17.96,18.52,2173172,3916247299.0,2.87,-3.02
2026-03-27,隆基绿能,601012,18.1,18.74,18.08,18.52,18.37,2075887,3819551092.0,2.74,0.82
2026-03-26,隆基绿能,601012,18.89,19.06,18.31,18.37,18.89,2458952,4577231092.0,3.24,-2.75
2026-03-25,隆基绿能,601012,18.81,19.18,18.73,18.89,19.04,2632037,4980370423.0,3.47,-0.79
2026-03-24,隆基绿能,601012,18.94,19.2,17.77,19.04,18.81,3900516,7216531581.0,5.15,1.22
2026-03-23,隆基绿能,601012,19.05,19.4,18.69,18.81,18.99,4026907,7694518391.0,5.31,-0.95
2026-03-20,隆基绿能,601012,18.5,19.6,18.42,18.99,18.52,4469588,8522747284.0,5.9,2.54
2026-03-19,隆基绿能,601012,18.35,18.79,18.31,18.52,18.54,1718597,3195484336.0,2.27,-0.11
2026-03-18,隆基绿能,601012,18.76,18.97,18.29,18.54,18.79,1835009,3402104019.0,2.42,-1.33
2026-03-17,隆基绿能,601012,18.77,19.43,18.76,18.79,18.68,2710532,5173834238.0,3.58,0.59
2026-03-16,隆基绿能,601012,18.95,19.19,18.61,18.68,18.87,2013163,3784642047.0,2.66,-1.01
2026-03-13,隆基绿能,601012,18.92,19.47,18.78,18.87,18.94,3419483,6538240298.0,4.51,-0.37
2026-03-12,隆基绿能,601012,18.74,19.07,18.46,18.94,18.79,2500821,4690086895.0,3.3,0.8
2026-03-11,隆基绿能,601012,18.55,18.95,18.39,18.79,18.56,2311936,4333875458.0,3.05,1.24
2026-03-10,隆基绿能,601012,18.25,18.62,18.1,18.56,18.39,1828340,3357305878.0,2.41,0.92
2026-03-09,隆基绿能,601012,18.01,18.49,17.92,18.39,18.0,2062755,3764605465.0,2.72,2.17
2026-03-06,隆基绿能,601012,17.76,18.08,17.58,18.0,17.76,1203234,2154129920.0,1.59,1.35
2026-03-05,隆基绿能,601012,17.93,18.0,17.71,17.76,17.66,1194523,2130166382.0,1.58,0.57
2026-03-04,隆基绿能,601012,17.61,18.06,17.58,17.66,17.99,1559401,2771722872.0,2.06,-1.83
2026-03-03,隆基绿能,601012,18.2,18.73,17.9,17.99,18.12,2277338,4166800912.0,3.01,-0.72
2026-03-02,隆基绿能,601012,17.97,18.55,17.9,18.12,18.32,1636287,2976079934.0,2.16,-1.09
2026-02-27,隆基绿能,601012,18.17,18.5,18.16,18.32,18.27,1156079,2120773487.0,1.53,0.27
2026-02-26,隆基绿能,601012,18.54,18.54,18.16,18.27,18.57,1354565,2475716261.0,1.79,-1.62
2026-02-25,隆基绿能,601012,18.32,18.62,18.29,18.57,18.28,1423625,2628915859.0,1.88,1.59
2026-02-24,隆基绿能,601012,18.35,18.43,18.19,18.28,18.13,1304719,2391080125.0,1.72,0.83
2026-02-13,隆基绿能,601012,18.4,18.44,18.1,18.13,18.49,1484024,2707298690.0,1.96,-1.95
2026-02-12,隆基绿能,601012,18.59,18.65,18.4,18.49,18.59,1429808,2647753652.0,1.89,-0.54
2026-02-11,隆基绿能,601012,18.8,18.99,18.55,18.59,18.81,1581104,2959090907.0,2.09,-1.17
2026-02-10,隆基绿能,601012,19.0,19.28,18.77,18.81,19.18,2262494,4280477047.0,2.99,-1.93
2026-02-09,隆基绿能,601012,18.78,19.75,18.74,19.18,18.36,4288200,8275472542.0,5.66,4.47
2026-02-06,隆基绿能,601012,18.05,18.67,18.0,18.36,18.23,2111974,3887739122.0,2.79,0.71
2026-02-05,隆基绿能,601012,19.01,19.01,18.16,18.23,19.31,3258250,6013712042.0,4.3,-5.59
2026-02-04,隆基绿能,601012,18.4,19.44,18.3,19.31,18.57,4094587,7779064977.0,5.4,3.98
2026-02-03,隆基绿能,601012,17.83,18.58,17.83,18.57,17.64,2831263,5170147381.0,3.74,5.27
2026-02-02,隆基绿能,601012,18.16,18.25,17.61,17.64,17.88,1710968,3067558742.0,2.26,-1.34
2026-01-30,隆基绿能,601012,18.58,18.82,17.71,17.88,18.77,2916513,5264912030.0,3.85,-4.74
2026-01-29,隆基绿能,601012,18.68,19.3,18.6,18.77,18.82,2754552,5210968053.0,3.63,-0.27
2026-01-28,隆基绿能,601012,19.16,19.44,18.8,18.82,19.2,2584340,4916577972.0,3.41,-1.98
2026-01-27,隆基绿能,601012,18.8,19.39,18.36,19.2,19.09,3864283,7306070379.0,5.1,0.58
2026-01-26,隆基绿能,601012,19.83,20.05,18.98,19.09,19.35,5367875,10439391593.0,7.08,-1.34
2026-01-23,隆基绿能,601012,17.61,19.35,17.61,19.35,17.59,4985971,9394050972.0,6.58,10.01
2026-01-22,隆基绿能,601012,17.2,17.93,17.15,17.59,17.22,1915604,3360706958.0,2.53,2.15
2026-01-21,隆基绿能,601012,17.31,17.47,17.1,17.22,17.38,1535783,2658057827.0,2.03,-0.92
2026-01-20,隆基绿能,601012,18.23,18.39,17.3,17.38,18.32,3165550,5578437512.0,4.18,-5.13
2026-01-19,隆基绿能,601012,18.4,18.59,17.8,18.32,18.73,2287426,4184561250.0,3.02,-2.19
2026-01-16,隆基绿能,601012,18.61,18.95,18.47,18.73,18.5,1948506,3645110363.0,2.57,1.24
2026-01-15,隆基绿能,601012,18.5,18.99,18.4,18.5,18.59,1601094,2981575224.0,2.11,-0.48
2026-01-14,隆基绿能,601012,18.43,19.07,18.37,18.59,18.5,2553127,4786478140.0,3.37,0.49
2026-01-13,隆基绿能,601012,19.23,19.23,18.42,18.5,19.23,2785582,5201821676.0,3.68,-3.8
2026-01-12,隆基绿能,601012,18.1,19.45,18.02,19.23,18.39,3643823,6919241186.0,4.81,4.57
2026-01-09,隆基绿能,601012,18.61,18.77,18.28,18.39,18.77,2290187,4231356213.0,3.02,-2.02
2026-01-08,隆基绿能,601012,18.53,18.93,18.39,18.77,18.65,1536377,2873301340.0,2.03,0.64
2026-01-07,隆基绿能,601012,18.83,18.85,18.56,18.65,18.83,1471045,2746859052.0,1.94,-0.96
2026-01-06,隆基绿能,601012,18.49,18.88,18.45,18.83,18.49,1479925,2771718349.0,1.95,1.84
2026-01-05,隆基绿能,601012,18.43,18.5,18.23,18.49,18.2,1063532,1958453795.0,1.4,1.59
2025-12-31,隆基绿能,601012,18.42,18.54,18.17,18.2,18.44,1020767,1868825732.0,1.35,-1.3
2025-12-30,隆基绿能,601012,18.55,18.75,18.4,18.44,18.7,982510,1817628693.0,1.3,-1.39
2025-12-29,隆基绿能,601012,19.03,19.18,18.61,18.7,19.02,1529933,2885659169.0,2.02,-1.68
2025-12-26,隆基绿能,601012,18.84,19.33,18.7,19.02,18.27,2752732,5236282801.0,3.63,4.11
2025-12-25,隆基绿能,601012,18.04,18.31,17.95,18.27,18.13,955618,1734543765.0,1.26,0.77
2025-12-24,隆基绿能,601012,17.94,18.23,17.77,18.13,18.02,870313,1570606116.0,1.15,0.61
2025-12-23,隆基绿能,601012,18.12,18.18,17.92,18.02,18.11,853749,1540542116.0,1.13,-0.5
2025-12-22,隆基绿能,601012,18.09,18.28,18.09,18.11,18.08,900951,1635920071.0,1.19,0.17
2025-12-19,隆基绿能,601012,17.71,18.41,17.71,18.08,17.7,1389156,2517253951.0,1.83,2.15
2025-12-18,隆基绿能,601012,17.7,17.9,17.61,17.7,17.78,699344,1243572701.0,0.92,-0.45
2025-12-17,隆基绿能,601012,17.49,17.82,17.44,17.78,17.46,912024,1607351227.0,1.2,1.83
2025-12-16,隆基绿能,601012,17.99,17.99,17.3,17.46,18.0,1333841,2338261249.0,1.76,-3.0
2025-12-15,隆基绿能,601012,18.15,18.37,17.96,18.0,18.19,1204152,2188971476.0,1.59,-1.04
2025-12-12,隆基绿能,601012,17.95,18.25,17.86,18.19,17.88,1297538,2349187324.0,1.71,1.73
2025-12-11,隆基绿能,601012,18.16,18.26,17.86,17.88,18.2,1009356,1822141144.0,1.33,-1.76
2025-12-10,隆基绿能,601012,18.29,18.54,17.8,18.2,18.2,1718834,3112585783.0,2.27,0.0
2025-12-09,隆基绿能,601012,18.06,18.26,17.9,18.2,18.08,1500690,2715269483.0,1.98,0.66
2025-12-08,隆基绿能,601012,17.99,18.17,17.9,18.08,18.02,1083150,1956004320.0,1.43,0.33
2025-12-05,隆基绿能,601012,17.92,18.07,17.81,18.02,17.91,1028738,1849427406.0,1.36,0.61
2025-12-04,隆基绿能,601012,17.87,18.03,17.8,17.91,18.02,868697,1555532232.0,1.15,-0.61
2025-12-03,隆基绿能,601012,18.3,18.34,17.98,18.02,18.31,1120542,2028587487.0,1.48,-1.58
2025-12-02,隆基绿能,601012,18.65,18.66,18.25,18.31,18.75,1262765,2319595364.0,1.67,-2.35
2025-12-01,隆基绿能,601012,18.7,18.85,18.5,18.75,18.57,1274347,2380406032.0,1.68,0.97
2025-11-28,隆基绿能,601012,18.49,18.72,18.35,18.57,18.58,1259892,2337017110.0,1.66,-0.05
2025-11-27,隆基绿能,601012,18.76,19.07,18.52,18.58,18.81,1570441,2953523047.0,2.07,-1.22
2025-11-26,隆基绿能,601012,19.12,19.2,18.7,18.81,18.98,1474896,2791746110.0,1.95,-0.9
2025-11-25,隆基绿能,601012,18.91,19.23,18.8,18.98,18.76,1377797,2619061640.0,1.82,1.17
2025-11-24,隆基绿能,601012,19.02,19.09,18.51,18.76,18.84,1615064,3026319105.0,2.13,-0.42
2025-11-21,隆基绿能,601012,19.7,19.9,18.81,18.84,20.1,2871240,5515259064.0,3.79,-6.27
2025-11-20,隆基绿能,601012,21.2,21.3,20.0,20.1,21.2,2338839,4822149607.0,3.09,-5.19
2025-11-19,隆基绿能,601012,21.15,21.44,20.64,21.2,21.15,1962514,4120662266.0,2.59,0.24
2025-11-18,隆基绿能,601012,21.54,21.88,21.01,21.15,21.69,1734624,3693621417.0,2.29,-2.49
2025-11-17,隆基绿能,601012,22.0,22.1,21.26,21.69,21.88,2312457,4997065752.0,3.05,-0.87
2025-11-14,隆基绿能,601012,21.0,23.11,20.8,21.88,21.3,4048317,8888797854.0,5.34,2.72
2025-11-13,隆基绿能,601012,20.8,21.64,20.69,21.3,20.79,3219396,6821922566.0,4.25,2.45
2025-11-12,隆基绿能,601012,22.3,22.3,20.22,20.79,22.44,5223453,10945020730.0,6.89,-7.35
2025-11-11,隆基绿能,601012,22.8,23.09,22.41,22.44,22.8,2808371,6387793972.0,3.71,-1.58
2025-11-10,隆基绿能,601012,22.88,23.57,22.6,22.8,22.43,4031035,9280405739.0,5.32,1.65
2025-11-07,隆基绿能,601012,21.64,23.3,21.64,22.43,21.77,4223350,9584105295.0,5.57,3.03
2025-11-06,隆基绿能,601012,21.85,22.16,21.42,21.77,21.85,2216458,4818581107.0,2.92,-0.37
2025-11-05,隆基绿能,601012,21.01,22.52,20.73,21.85,21.35,3303288,7153463684.0,4.36,2.34
2025-11-04,隆基绿能,601012,21.78,21.93,21.18,21.35,21.76,1957380,4212139097.0,2.58,-1.88
2025-11-03,隆基绿能,601012,21.37,21.88,21.2,21.76,21.11,2898192,6249206921.0,3.82,3.08
2025-10-31,隆基绿能,601012,21.41,22.24,21.0,21.11,21.51,3190614,6863229668.0,4.21,-1.86
2025-10-30,隆基绿能,601012,21.01,22.14,21.0,21.51,20.79,4925438,10673662671.0,6.5,3.46
2025-10-29,隆基绿能,601012,18.9,20.79,18.81,20.79,18.9,3900066,7852274544.0,5.15,10.0
2025-10-28,隆基绿能,601012,19.19,19.22,18.76,18.9,19.06,1164186,2207676661.0,1.54,-0.84
2025-10-27,隆基绿能,601012,19.0,19.38,18.87,19.06,18.84,1647106,3152114268.0,2.17,1.17
2025-10-24,隆基绿能,601012,19.05,19.48,18.69,18.84,19.04,1426308,2710507388.0,1.88,-1.05
2025-10-23,隆基绿能,601012,18.65,19.11,18.38,19.04,18.77,1747565,3274446752.0,2.31,1.44
2025-10-22,隆基绿能,601012,19.17,19.39,18.72,18.77,19.01,1371236,2597092644.0,1.81,-1.26
2025-10-21,隆基绿能,601012,19.08,19.26,18.93,19.01,19.06,1405833,2680751281.0,1.86,-0.26
2025-10-20,隆基绿能,601012,19.65,19.67,18.92,19.06,19.7,2182747,4185835833.0,2.88,-3.25
2025-10-17,隆基绿能,601012,20.09,20.74,19.52,19.7,20.25,3394179,6805387264.0,4.48,-2.72
2025-10-16,隆基绿能,601012,19.65,20.35,19.51,20.25,19.72,3560639,7120042855.0,4.7,2.69
2025-10-15,隆基绿能,601012,19.27,20.24,18.84,19.72,19.28,4612512,9042907864.0,6.09,2.28
2025-10-14,隆基绿能,601012,18.4,19.94,18.4,19.28,18.13,5569401,10927964906.0,7.35,6.34
2025-10-13,隆基绿能,601012,17.65,18.29,17.63,18.13,18.4,1574472,2824417781.0,2.08,-1.47
2025-10-10,隆基绿能,601012,18.97,19.22,18.26,18.4,18.88,1888725,3528008334.0,2.49,-2.54
2025-10-09,隆基绿能,601012,18.05,19.11,17.87,18.88,18.0,2753407,5131257215.0,3.63,4.89
2025-09-30,隆基绿能,601012,17.59,18.05,17.46,18.0,17.58,1692377,3014925216.0,2.23,2.39
2025-09-29,隆基绿能,601012,17.48,17.7,17.39,17.58,17.5,1170919,2053870973.0,1.55,0.46
2025-09-26,隆基绿能,601012,17.65,17.83,17.48,17.5,17.76,964188,1698219493.0,1.27,-1.46
2025-09-25,隆基绿能,601012,17.38,18.05,17.23,17.76,17.4,2260227,4013782259.0,2.98,2.07
2025-09-24,隆基绿能,601012,16.28,17.4,16.18,17.4,16.29,1804191,3038409287.0,2.38,6.81
2025-09-23,隆基绿能,601012,16.55,16.7,16.07,16.29,16.6,1034342,1687496776.0,1.36,-1.87
2025-09-22,隆基绿能,601012,16.9,16.91,16.43,16.6,16.9,1068424,1771746495.0,1.41,-1.78
2025-09-19,隆基绿能,601012,16.82,17.11,16.78,16.9,16.82,1101386,1869844831.0,1.45,0.48
2025-09-18,隆基绿能,601012,17.31,17.4,16.64,16.82,17.3,1539047,2622599869.0,2.03,-2.77
2025-09-17,隆基绿能,601012,17.0,17.47,16.82,17.3,17.05,1323768,2279274111.0,1.75,1.47
2025-09-16,隆基绿能,601012,17.29,17.5,16.85,17.05,17.16,1198009,2045195615.0,1.58,-0.64
2025-09-15,隆基绿能,601012,17.13,17.5,17.1,17.16,17.12,1067449,1843544711.0,1.41,0.23
2025-09-12,隆基绿能,601012,17.29,17.36,16.98,17.12,17.28,1096567,1881430322.0,1.45,-0.93
2025-09-11,隆基绿能,601012,17.14,17.36,17.01,17.28,17.2,1099614,1891692039.0,1.45,0.47
2025-09-10,隆基绿能,601012,17.5,17.58,17.0,17.2,17.61,1537669,2648424099.0,2.03,-2.33
2025-09-09,隆基绿能,601012,17.81,18.05,17.53,17.61,17.99,1468569,2603150424.0,1.94,-2.11
2025-09-08,隆基绿能,601012,18.39,18.45,17.85,17.99,18.1,2176145,3922496632.0,2.87,-0.61
2025-09-05,隆基绿能,601012,17.48,18.2,17.3,18.1,17.4,3382855,6071716055.0,4.46,4.02
2025-09-04,隆基绿能,601012,17.17,18.1,17.11,17.4,17.18,3386705,5975921430.0,4.47,1.28
2025-09-03,隆基绿能,601012,16.81,17.29,16.76,17.18,16.74,2597913,4450596885.0,3.43,2.63
2025-09-02,隆基绿能,601012,17.08,17.47,16.62,16.74,17.08,1672306,2840008508.0,2.21,-1.99
2025-09-01,隆基绿能,601012,17.14,17.14,16.8,17.08,17.17,1416226,2399715327.0,1.87,-0.52
2025-08-29,隆基绿能,601012,16.93,17.3,16.79,17.17,16.89,1777315,3040019681.0,2.35,1.66
2025-08-28,隆基绿能,601012,16.51,17.04,16.41,16.89,16.55,1605178,2692371996.0,2.12,2.05
2025-08-27,隆基绿能,601012,16.86,17.34,16.55,16.55,16.85,1523300,2580395397.0,2.01,-1.78
2025-08-26,隆基绿能,601012,16.79,17.04,16.58,16.85,16.77,1384401,2339696846.0,1.83,0.48
2025-08-25,隆基绿能,601012,16.52,16.98,16.49,16.77,16.52,1864899,3121220247.0,2.46,1.51
2025-08-22,隆基绿能,601012,16.2,16.58,16.12,16.52,16.2,1351351,2220132731.0,1.78,1.98
2025-08-21,隆基绿能,601012,16.13,16.47,16.09,16.2,16.2,1026525,1669520799.0,1.35,0.0
2025-08-20,隆基绿能,601012,16.21,16.4,15.88,16.2,15.97,1391076,2244340968.0,1.84,1.44
2025-08-19,隆基绿能,601012,16.37,16.45,15.96,15.97,16.31,1252399,2023846783.0,1.65,-2.08
2025-08-18,隆基绿能,601012,16.3,16.6,16.22,16.31,16.16,1575418,2587967729.0,2.08,0.93
2025-08-15,隆基绿能,601012,15.52,16.18,15.5,16.16,15.56,1556808,2488498436.0,2.05,3.86
2025-08-14,隆基绿能,601012,15.83,15.86,15.52,15.56,15.83,874926,1374152542.0,1.15,-1.71
2025-08-13,隆基绿能,601012,15.85,15.95,15.76,15.83,15.84,733355,1161049476.0,0.97,-0.06
2025-08-12,隆基绿能,601012,16.0,16.01,15.75,15.84,16.01,689978,1091781724.0,0.91,-1.06
2025-08-11,隆基绿能,601012,15.86,16.1,15.8,16.01,15.82,691001,1103728328.0,0.91,1.2
2025-08-08,隆基绿能,601012,15.84,16.03,15.76,15.82,15.84,614651,976494489.0,0.81,-0.13
2025-08-07,隆基绿能,601012,16.0,16.09,15.77,15.84,15.94,479716,762028498.0,0.63,-0.63
2025-08-06,隆基绿能,601012,15.86,16.02,15.78,15.94,15.92,432354,687706352.0,0.57,0.13
2025-08-05,隆基绿能,601012,15.77,15.92,15.69,15.92,15.78,550174,869796099.0,0.73,0.89
2025-08-04,隆基绿能,601012,15.78,15.87,15.59,15.78,15.92,660555,1036215323.0,0.87,-0.88
2025-08-01,隆基绿能,601012,15.77,16.17,15.77,15.92,15.76,730065,1166848956.0,0.96,1.02
2025-07-31,隆基绿能,601012,16.26,16.3,15.68,15.76,16.38,1284359,2045926013.0,1.69,-3.79
2025-07-30,隆基绿能,601012,16.57,16.72,16.31,16.38,16.56,853001,1409445113.0,1.13,-1.09
2025-07-29,隆基绿能,601012,16.41,16.56,16.26,16.56,16.41,784202,1288865023.0,1.03,0.91
2025-07-28,隆基绿能,601012,16.4,16.59,16.25,16.41,16.52,755500,1239477502.0,1.0,-0.67
2025-07-25,隆基绿能,601012,16.88,16.88,16.47,16.52,16.88,910427,1513165941.0,1.2,-2.13
2025-07-24,隆基绿能,601012,16.27,16.88,16.25,16.88,16.36,1243338,2069868451.0,1.64,3.18
2025-07-23,隆基绿能,601012,16.66,16.72,16.34,16.36,16.57,1041350,1720972204.0,1.37,-1.27
2025-07-22,隆基绿能,601012,16.28,16.65,16.18,16.57,16.31,1220462,2007611624.0,1.61,1.59
2025-07-21,隆基绿能,601012,16.1,16.36,16.04,16.31,16.07,806403,1309532199.0,1.06,1.49
2025-07-18,隆基绿能,601012,16.1,16.4,16.0,16.07,16.21,805956,1301639696.0,1.06,-0.86
2025-07-17,隆基绿能,601012,16.18,16.36,15.96,16.21,15.91,1208869,1953775775.0,1.6,1.89
2025-07-16,隆基绿能,601012,16.02,16.07,15.75,15.91,16.02,842282,1336311192.0,1.11,-0.69
2025-07-15,隆基绿能,601012,16.15,16.26,15.87,16.02,16.16,932186,1493745062.0,1.23,-0.87
2025-07-14,隆基绿能,601012,16.2,16.38,16.07,16.16,16.25,892635,1444926449.0,1.18,-0.55
2025-07-11,隆基绿能,601012,16.53,16.56,16.24,16.25,16.46,1176010,1919925271.0,1.55,-1.28
2025-07-10,隆基绿能,601012,16.3,16.82,16.3,16.46,16.37,1658549,2752068610.0,2.19,0.55
2025-07-09,隆基绿能,601012,16.35,16.75,16.27,16.37,16.47,1489941,2462427050.0,1.97,-0.61
2025-07-08,隆基绿能,601012,15.41,16.5,15.4,16.47,15.47,2229803,3603593421.0,2.94,6.46
2025-07-07,隆基绿能,601012,15.45,15.64,15.41,15.47,15.57,516644,800112618.0,0.68,-0.64
2025-07-04,隆基绿能,601012,15.8,15.95,15.5,15.57,15.54,1293983,2028999626.0,1.71,0.19
2025-07-03,隆基绿能,601012,15.56,15.67,15.33,15.54,15.56,1090592,1687486007.0,1.44,-0.13
2025-07-02,隆基绿能,601012,14.96,15.61,14.93,15.56,14.86,2098823,3215872899.0,2.77,4.71
2025-07-01,隆基绿能,601012,14.93,14.95,14.75,14.86,15.02,634919,942363553.0,0.84,-1.07
2025-06-30,隆基绿能,601012,14.81,15.2,14.81,15.02,14.57,1083195,1621976530.0,1.43,3.09
2025-06-27,隆基绿能,601012,14.48,14.88,14.48,14.57,14.47,724788,1063024012.0,0.96,0.69
2025-06-26,隆基绿能,601012,14.59,14.79,14.47,14.47,14.64,644642,942710353.0,0.85,-1.16
2025-06-25,隆基绿能,601012,14.55,14.66,14.36,14.64,14.51,775007,1125039221.0,1.02,0.9
2025-06-24,隆基绿能,601012,14.29,14.53,14.29,14.51,14.29,694026,1002883775.0,0.92,1.54
2025-06-23,隆基绿能,601012,14.15,14.43,14.08,14.29,14.24,504395,717926979.0,0.67,0.35
2025-06-20,隆基绿能,601012,14.45,14.79,14.2,14.24,14.33,837560,1212495276.0,1.11,-0.63
2025-06-19,隆基绿能,601012,14.53,14.72,14.32,14.33,14.59,521590,756133678.0,0.69,-1.78
2025-06-18,隆基绿能,601012,14.54,14.68,14.49,14.59,14.58,361010,526557421.0,0.48,0.07
2025-06-17,隆基绿能,601012,14.65,14.68,14.48,14.58,14.64,342227,497606694.0,0.45,-0.41
2025-06-16,隆基绿能,601012,14.43,14.69,14.41,14.64,14.42,513633,748669103.0,0.68,1.53
2025-06-13,隆基绿能,601012,14.68,14.72,14.38,14.42,14.74,602918,874908405.0,0.8,-2.17
2025-06-12,隆基绿能,601012,14.61,14.79,14.58,14.74,14.72,513902,756075947.0,0.68,0.14
2025-06-11,隆基绿能,601012,14.32,14.72,14.32,14.72,14.3,979797,1435315923.0,1.29,2.94
2025-06-10,隆基绿能,601012,14.43,14.64,14.27,14.3,14.48,685466,989361101.0,0.9,-1.24
2025-06-09,隆基绿能,601012,14.26,14.57,14.07,14.48,14.47,833834,1197979083.0,1.1,0.07
2025-06-06,隆基绿能,601012,14.51,14.54,14.41,14.47,14.5,355120,513919733.0,0.47,-0.21
2025-06-05,隆基绿能,601012,14.48,14.54,14.4,14.5,14.48,308763,446328806.0,0.41,0.14
2025-06-04,隆基绿能,601012,14.4,14.55,14.39,14.48,14.35,388053,561672358.0,0.51,0.91
2025-06-03,隆基绿能,601012,14.32,14.42,14.24,14.35,14.38,327643,469992048.0,0.43,-0.21
2025-05-30,隆基绿能,601012,14.49,14.53,14.37,14.38,14.53,505110,728441639.0,0.67,-1.03
2025-05-29,隆基绿能,601012,14.35,14.54,14.31,14.53,14.35,433851,626880166.0,0.57,1.25
2025-05-28,隆基绿能,601012,14.46,14.49,14.31,14.35,14.44,389556,560052880.0,0.51,-0.62
2025-05-27,隆基绿能,601012,14.91,14.98,14.38,14.44,14.99,1124005,1633303771.0,1.48,-3.67
2025-05-26,隆基绿能,601012,14.93,15.15,14.9,14.99,14.92,367201,550921118.0,0.48,0.47
2025-05-23,隆基绿能,601012,15.0,15.22,14.92,14.92,15.01,459956,692593713.0,0.61,-0.6
2025-05-22,隆基绿能,601012,15.08,15.12,14.97,15.01,15.13,302190,454481130.0,0.4,-0.79
2025-05-21,隆基绿能,601012,15.12,15.23,15.05,15.13,15.11,406988,617024153.0,0.54,0.13
2025-05-20,隆基绿能,601012,15.1,15.12,14.97,15.11,15.09,301169,453421117.0,0.4,0.13
2025-05-19,隆基绿能,601012,15.1,15.13,14.91,15.09,15.15,362780,545336701.0,0.48,-0.4
2025-05-16,隆基绿能,601012,15.08,15.18,15.05,15.15,15.09,437808,661757848.0,0.58,0.4
2025-05-15,隆基绿能,601012,15.49,15.49,15.09,15.09,15.53,664507,1010161820.0,0.88,-2.83
2025-05-14,隆基绿能,601012,15.49,15.65,15.31,15.53,15.63,761181,1176080371.0,1.0,-0.64
2025-05-13,隆基绿能,601012,15.64,16.13,15.53,15.63,15.39,1557886,2465768378.0,2.06,1.56
2025-05-12,隆基绿能,601012,15.09,15.39,15.08,15.39,14.92,993463,1517265367.0,1.31,3.15
2025-05-09,隆基绿能,601012,15.28,15.28,14.92,14.92,15.27,530921,797244309.0,0.7,-2.29
2025-05-08,隆基绿能,601012,15.01,15.35,14.98,15.27,15.1,664883,1013941618.0,0.88,1.13
2025-05-07,隆基绿能,601012,15.34,15.37,14.96,15.1,15.03,611189,921366124.0,0.81,0.47
2025-05-06,隆基绿能,601012,14.82,15.14,14.75,15.03,14.7,845791,1269076687.0,1.12,2.24
2025-04-30,隆基绿能,601012,14.7,15.04,14.61,14.7,14.86,681103,1008039346.0,0.9,-1.08
2025-04-29,隆基绿能,601012,14.95,15.11,14.83,14.86,14.95,378794,566080849.0,0.5,-0.6
2025-04-28,隆基绿能,601012,14.89,15.25,14.83,14.95,14.89,702947,1056992522.0,0.93,0.4
2025-04-25,隆基绿能,601012,14.71,14.98,14.66,14.89,14.71,498582,738475260.0,0.66,1.22
2025-04-24,隆基绿能,601012,14.92,15.13,14.71,14.71,14.9,550098,818367524.0,0.73,-1.28
2025-04-23,隆基绿能,601012,14.85,15.07,14.82,14.9,14.8,510571,762252905.0,0.67,0.68
2025-04-22,隆基绿能,601012,14.86,14.93,14.66,14.8,14.87,391064,578932672.0,0.52,-0.47
2025-04-21,隆基绿能,601012,14.8,14.92,14.72,14.87,14.85,332404,493156315.0,0.44,0.13
2025-04-18,隆基绿能,601012,14.88,14.95,14.77,14.85,14.97,324964,482603371.0,0.43,-0.8
2025-04-17,隆基绿能,601012,14.8,15.02,14.71,14.97,14.98,540622,804286565.0,0.71,-0.07
2025-04-16,隆基绿能,601012,14.75,14.98,14.4,14.98,14.73,693183,1008031182.0,0.91,1.7
2025-04-15,隆基绿能,601012,14.89,14.91,14.66,14.73,14.9,481224,709303445.0,0.64,-1.14
2025-04-14,隆基绿能,601012,14.94,15.15,14.9,14.9,14.8,661354,991448454.0,0.87,0.68
2025-04-11,隆基绿能,601012,14.98,14.98,14.73,14.8,15.03,790303,1172564272.0,1.04,-1.53
2025-04-10,隆基绿能,601012,15.29,15.33,14.91,15.03,14.71,827022,1243323650.0,1.09,2.18
2025-04-09,隆基绿能,601012,14.34,14.71,14.01,14.71,14.52,1008112,1453952422.0,1.33,1.31
2025-04-08,隆基绿能,601012,14.39,14.65,14.25,14.52,14.18,1206513,1736527369.0,1.59,2.4
2025-04-07,隆基绿能,601012,15.0,15.0,14.18,14.18,15.76,1536996,2208421130.0,2.03,-10.03
2025-04-03,隆基绿能,601012,15.65,16.09,15.56,15.76,15.96,512428,811316063.0,0.68,-1.25
2025-04-02,隆基绿能,601012,15.99,16.13,15.92,15.96,16.04,447381,716440082.0,0.59,-0.5
2025-04-01,隆基绿能,601012,15.85,16.21,15.71,16.04,15.85,664933,1063764206.0,0.88,1.2
2025-03-31,隆基绿能,601012,16.82,16.83,15.8,15.85,16.87,1379344,2227587397.0,1.82,-6.05
2025-03-28,隆基绿能,601012,17.01,17.25,16.86,16.87,17.04,481766,818938803.0,0.64,-1.0
2025-03-27,隆基绿能,601012,17.27,17.33,17.01,17.04,17.36,583444,998057210.0,0.77,-1.84
2025-03-26,隆基绿能,601012,17.1,17.65,17.03,17.36,17.17,771096,1342127283.0,1.02,1.11
2025-03-25,隆基绿能,601012,17.1,17.47,16.99,17.17,17.05,670000,1155843974.0,0.88,0.7
2025-03-24,隆基绿能,601012,17.08,17.23,16.85,17.05,17.06,676386,1151645829.0,0.89,-0.06
2025-03-21,隆基绿能,601012,17.45,17.53,17.05,17.06,17.43,809685,1394690756.0,1.07,-2.12
2025-03-20,隆基绿能,601012,17.6,17.69,17.37,17.43,17.66,646356,1131237530.0,0.85,-1.3
2025-03-19,隆基绿能,601012,17.86,17.86,17.58,17.66,17.9,671857,1188455117.0,0.89,-1.34
2025-03-18,隆基绿能,601012,17.67,17.97,17.63,17.9,17.67,871548,1551810019.0,1.15,1.3
2025-03-17,隆基绿能,601012,17.7,17.99,17.55,17.67,17.52,1059270,1878658779.0,1.4,0.86
2025-03-14,隆基绿能,601012,16.89,17.65,16.83,17.52,16.81,1886004,3280948686.0,2.49,4.22
2025-03-13,隆基绿能,601012,17.1,17.13,16.72,16.81,17.03,616051,1039732835.0,0.81,-1.29
2025-03-12,隆基绿能,601012,17.3,17.39,17.0,17.03,17.33,656330,1124377462.0,0.87,-1.73
2025-03-11,隆基绿能,601012,17.0,17.33,16.8,17.33,17.22,850214,1452929871.0,1.12,0.64
2025-03-10,隆基绿能,601012,17.41,17.55,17.07,17.22,17.35,899868,1554372682.0,1.19,-0.75
2025-03-07,隆基绿能,601012,17.13,17.55,16.85,17.35,17.13,1487507,2563603535.0,1.96,1.28
2025-03-06,隆基绿能,601012,17.17,17.26,16.91,17.13,17.06,922565,1577909152.0,1.22,0.41
2025-03-05,隆基绿能,601012,17.37,17.37,16.88,17.06,17.43,1033170,1761565352.0,1.36,-2.12
2025-03-04,隆基绿能,601012,16.95,17.49,16.8,17.43,17.01,1419206,2454627943.0,1.87,2.47
2025-03-03,隆基绿能,601012,16.7,17.3,16.7,17.01,16.71,1284771,2196117440.0,1.7,1.8
2025-02-28,隆基绿能,601012,17.1,17.3,16.64,16.71,17.1,1129931,1915809517.0,1.49,-2.28
2025-02-27,隆基绿能,601012,17.49,17.5,16.84,17.1,17.43,1502630,2568978065.0,1.98,-1.89
2025-02-26,隆基绿能,601012,16.63,17.49,16.56,17.43,16.45,2507746,4279579459.0,3.31,5.96
2025-02-25,隆基绿能,601012,16.23,16.7,16.16,16.45,16.36,1283760,2115512292.0,1.69,0.55
2025-02-24,隆基绿能,601012,16.15,16.47,16.05,16.36,16.15,975912,1590802955.0,1.29,1.3
2025-02-21,隆基绿能,601012,16.09,16.25,15.96,16.15,16.04,748501,1206176997.0,0.99,0.69
2025-02-20,隆基绿能,601012,16.34,16.34,15.97,16.04,16.35,875437,1407786861.0,1.16,-1.9
2025-02-19,隆基绿能,601012,15.7,16.66,15.68,16.35,15.83,1477535,2401647540.0,1.95,3.28
2025-02-18,隆基绿能,601012,16.06,16.36,15.79,15.83,16.04,1140964,1838039504.0,1.51,-1.31
2025-02-17,隆基绿能,601012,15.71,16.16,15.71,16.04,15.81,1019101,1629038807.0,1.34,1.45
2025-02-14,隆基绿能,601012,15.71,16.02,15.68,15.81,15.72,631708,1001485234.0,0.83,0.57
2025-02-13,隆基绿能,601012,15.8,15.91,15.7,15.72,15.85,702440,1110070261.0,0.93,-0.82
2025-02-12,隆基绿能,601012,15.7,15.85,15.56,15.85,15.68,802595,1260615368.0,1.06,1.08
2025-02-11,隆基绿能,601012,16.08,16.14,15.58,15.68,16.03,981806,1543449901.0,1.3,-2.18
2025-02-10,隆基绿能,601012,16.3,16.3,15.78,16.03,16.23,1211385,1929731046.0,1.6,-1.23
2025-02-07,隆基绿能,601012,15.44,16.55,15.4,16.23,15.43,1985331,3195290593.0,2.62,5.18
2025-02-06,隆基绿能,601012,15.01,15.44,14.81,15.43,15.08,820770,1250605841.0,1.08,2.32
2025-02-05,隆基绿能,601012,15.01,15.28,14.86,15.08,14.9,644033,969896083.0,0.85,1.21
2025-01-27,隆基绿能,601012,14.96,15.29,14.8,14.9,14.96,636604,954286489.0,0.84,-0.4
2025-01-24,隆基绿能,601012,14.5,15.04,14.46,14.96,14.53,872513,1292681977.0,1.15,2.96
2025-01-23,隆基绿能,601012,14.68,14.94,14.52,14.53,14.61,685033,1008420686.0,0.9,-0.55
2025-01-22,隆基绿能,601012,14.75,14.76,14.44,14.61,14.8,541160,788366302.0,0.71,-1.28
2025-01-21,隆基绿能,601012,15.2,15.24,14.72,14.8,15.14,663244,986145005.0,0.88,-2.25
2025-01-20,隆基绿能,601012,15.22,15.35,15.13,15.14,15.16,502214,764214989.0,0.66,-0.13
2025-01-17,隆基绿能,601012,15.19,15.63,15.09,15.16,15.4,747099,1139120440.0,0.99,-1.56
2025-01-16,隆基绿能,601012,15.2,15.6,15.17,15.4,15.26,723885,1112620997.0,0.96,0.92
2025-01-15,隆基绿能,601012,15.06,15.75,14.88,15.26,15.11,1109179,1697709224.0,1.46,0.99
2025-01-14,隆基绿能,601012,14.7,15.15,14.6,15.11,14.63,673008,1004866708.0,0.89,3.28
2025-01-13,隆基绿能,601012,14.35,14.72,14.29,14.63,14.46,532879,776602990.0,0.7,1.18
2025-01-10,隆基绿能,601012,14.95,15.0,14.46,14.46,14.98,639163,938941440.0,0.84,-3.47
2025-01-09,隆基绿能,601012,15.0,15.17,14.93,14.98,15.09,507011,761659148.0,0.67,-0.73
2025-01-08,隆基绿能,601012,15.24,15.28,14.81,15.09,15.24,600621,903552090.0,0.79,-0.98
2025-01-07,隆基绿能,601012,15.05,15.27,15.02,15.24,15.17,466371,707882488.0,0.62,0.46
2025-01-06,隆基绿能,601012,15.0,15.28,14.91,15.17,15.0,648292,979232009.0,0.86,1.13
2025-01-03,隆基绿能,601012,15.43,15.56,14.97,15.0,15.43,722007,1101114343.0,0.95,-2.79
2025-01-02,隆基绿能,601012,15.7,15.8,15.3,15.43,15.71,828253,1287616503.0,1.09,-1.78
2024-12-31,隆基绿能,601012,16.2,16.4,15.7,15.71,16.24,871134,1390268494.0,1.15,-3.26
2024-12-30,隆基绿能,601012,16.17,16.27,16.02,16.24,16.15,572914,925326617.0,0.76,0.56
2024-12-27,隆基绿能,601012,16.23,16.32,16.05,16.15,16.19,610831,990279529.0,0.81,-0.25
2024-12-26,隆基绿能,601012,16.42,16.42,16.13,16.19,16.36,582441,945650138.0,0.77,-1.04
2024-12-25,隆基绿能,601012,16.65,16.69,16.31,16.36,16.39,555859,914200229.0,0.73,-0.18
2024-12-24,隆基绿能,601012,16.22,16.59,16.2,16.39,16.24,802712,1319262920.0,1.06,0.92
2024-12-23,隆基绿能,601012,16.31,16.6,16.2,16.24,16.34,829532,1356910143.0,1.09,-0.61
2024-12-20,隆基绿能,601012,16.63,16.69,16.31,16.34,16.62,752484,1238069616.0,0.99,-1.68
2024-12-19,隆基绿能,601012,16.4,16.74,16.25,16.62,16.63,649769,1073593550.0,0.86,-0.06
2024-12-18,隆基绿能,601012,16.79,16.83,16.58,16.63,16.68,485289,810443880.0,0.64,-0.3
2024-12-17,隆基绿能,601012,16.75,16.85,16.6,16.68,16.86,665760,1112520077.0,0.88,-1.07
2024-12-16,隆基绿能,601012,17.09,17.16,16.74,16.86,17.02,743620,1255440826.0,0.98,-0.94
2024-12-13,隆基绿能,601012,17.69,17.69,17.01,17.02,17.78,1262503,2179286417.0,1.67,-4.27
2024-12-12,隆基绿能,601012,17.57,17.87,17.52,17.78,17.69,617914,1094649199.0,0.82,0.51
2024-12-11,隆基绿能,601012,17.55,17.78,17.53,17.69,17.62,555535,981421663.0,0.73,0.4
2024-12-10,隆基绿能,601012,18.16,18.24,17.56,17.62,17.63,935928,1673014321.0,1.24,-0.06
2024-12-09,隆基绿能,601012,17.86,17.9,17.55,17.63,17.85,712009,1260159814.0,0.94,-1.23
2024-12-06,隆基绿能,601012,17.95,17.96,17.38,17.85,17.94,1070963,1896650647.0,1.41,-0.5
2024-12-05,隆基绿能,601012,17.78,18.0,17.78,17.94,17.93,521150,931582332.0,0.69,0.06
2024-12-04,隆基绿能,601012,18.36,18.5,17.9,17.93,18.48,841096,1523541153.0,1.11,-2.98
2024-12-03,隆基绿能,601012,18.55,18.69,18.25,18.48,18.43,774523,1426455960.0,1.02,0.27
2024-12-02,隆基绿能,601012,18.18,18.45,17.77,18.43,18.5,1022824,1862712745.0,1.35,-0.38
2024-11-29,隆基绿能,601012,18.3,18.64,18.18,18.5,18.27,810694,1495120558.0,1.07,1.26
2024-11-28,隆基绿能,601012,18.2,18.76,18.14,18.27,18.35,688243,1268653008.0,0.91,-0.44
2024-11-27,隆基绿能,601012,18.05,18.39,17.87,18.35,18.0,754879,1367008140.0,1.0,1.94
2024-11-26,隆基绿能,601012,17.99,18.55,17.9,18.0,17.81,937228,1709683460.0,1.24,1.07
2024-11-25,隆基绿能,601012,17.7,17.92,17.55,17.81,17.75,711744,1263982359.0,0.94,0.34
2024-11-22,隆基绿能,601012,18.5,18.57,17.71,17.75,18.61,1048358,1902125473.0,1.38,-4.62
2024-11-21,隆基绿能,601012,18.98,19.15,18.45,18.61,18.6,964469,1806966949.0,1.27,0.05
2024-11-20,隆基绿能,601012,18.65,18.71,18.35,18.6,18.64,745677,1381754452.0,0.98,-0.21
2024-11-19,隆基绿能,601012,18.34,18.73,17.89,18.64,18.21,980804,1798205881.0,1.29,2.36
2024-11-18,隆基绿能,601012,18.49,18.76,18.11,18.21,18.52,1087823,1997738213.0,1.44,-1.67
2024-11-15,隆基绿能,601012,19.19,19.38,18.5,18.52,19.19,1421013,2694306667.0,1.88,-3.49
2024-11-14,隆基绿能,601012,20.3,20.34,19.16,19.19,20.08,1419299,2785287620.0,1.87,-4.43
2024-11-13,隆基绿能,601012,19.8,20.18,19.68,20.08,20.1,1544078,3070609819.0,2.04,-0.1
2024-11-12,隆基绿能,601012,20.07,21.17,19.91,20.1,20.02,2921409,5999069500.0,3.86,0.4
2024-11-11,隆基绿能,601012,19.08,20.18,19.03,20.02,19.23,2400596,4752825093.0,3.17,4.11
2024-11-08,隆基绿能,601012,19.25,19.75,19.11,19.23,19.18,1739102,3373517689.0,2.29,0.26
2024-11-07,隆基绿能,601012,18.71,19.19,18.39,19.18,19.21,2047551,3856961665.0,2.7,-0.16
2024-11-06,隆基绿能,601012,19.63,19.97,19.08,19.21,19.63,2150696,4193886605.0,2.84,-2.14
2024-11-05,隆基绿能,601012,19.2,19.79,19.0,19.63,19.26,1707408,3326352847.0,2.25,1.92
2024-11-04,隆基绿能,601012,19.01,19.42,18.93,19.26,19.01,1332710,2554980762.0,1.76,1.32
2024-11-01,隆基绿能,601012,19.63,19.8,18.9,19.01,19.74,2139439,4116409990.0,2.82,-3.7
2024-10-31,隆基绿能,601012,19.8,20.1,19.4,19.74,19.25,3051038,6047425601.0,4.03,2.55
2024-10-30,隆基绿能,601012,19.0,19.85,18.85,19.25,19.24,2068691,3984188417.0,2.73,0.05
2024-10-29,隆基绿能,601012,20.5,21.15,19.16,19.24,20.08,3643362,7241822670.0,4.81,-4.18
2024-10-28,隆基绿能,601012,20.88,20.88,19.63,20.08,20.46,4251654,8535400530.0,5.61,-1.86
2024-10-25,隆基绿能,601012,18.6,20.46,18.59,20.46,18.6,4809354,9636191051.0,6.35,10.0
2024-10-24,隆基绿能,601012,19.7,19.73,18.54,18.6,19.58,2822279,5360615295.0,3.72,-5.01
2024-10-23,隆基绿能,601012,18.38,20.22,17.94,19.58,18.38,4956261,9517227564.0,6.54,6.53
2024-10-22,隆基绿能,601012,17.3,18.78,16.91,18.38,17.51,3415573,6083088682.0,4.51,4.97
2024-10-21,隆基绿能,601012,16.58,18.0,16.58,17.51,16.45,2982512,5173065245.0,3.94,6.44
2024-10-18,隆基绿能,601012,15.55,16.54,15.45,16.45,15.61,1816296,2900552385.0,2.4,5.38
2024-10-17,隆基绿能,601012,15.95,16.1,15.59,15.61,15.93,1082216,1714793397.0,1.43,-2.01
2024-10-16,隆基绿能,601012,16.05,16.2,15.81,15.93,16.3,1122728,1794073983.0,1.48,-2.27
2024-10-15,隆基绿能,601012,16.48,16.79,16.3,16.3,16.75,1187263,1963020925.0,1.57,-2.69
2024-10-14,隆基绿能,601012,16.35,16.92,16.13,16.75,16.2,1698001,2808827279.0,2.24,3.4
2024-10-11,隆基绿能,601012,16.7,16.82,15.99,16.2,16.95,1605255,2624754416.0,2.12,-4.42
2024-10-10,隆基绿能,601012,17.03,17.68,16.58,16.95,17.35,2025098,3468415805.0,2.67,-2.31
2024-10-09,隆基绿能,601012,18.6,18.6,17.35,17.35,19.28,3333855,5958697374.0,4.4,-10.01
2024-10-08,隆基绿能,601012,19.32,19.32,18.01,19.28,17.56,4912179,9315052949.0,6.48,9.79
2024-09-30,隆基绿能,601012,16.9,17.56,16.51,17.56,15.96,3959534,6817840793.0,5.23,10.03
2024-09-27,隆基绿能,601012,14.8,16.0,14.79,15.96,14.56,2011263,3112951174.0,2.65,9.62
2024-09-26,隆基绿能,601012,13.67,14.57,13.65,14.56,13.74,1785396,2528859957.0,2.36,5.97
2024-09-25,隆基绿能,601012,13.8,14.1,13.71,13.74,13.59,1739525,2418916448.0,2.3,1.1
2024-09-24,隆基绿能,601012,12.98,13.6,12.85,13.59,12.73,2308343,3067870682.0,3.05,6.76
2024-09-23,隆基绿能,601012,12.77,12.87,12.71,12.73,12.8,558584,712384070.0,0.74,-0.55
2024-09-20,隆基绿能,601012,13.29,13.29,12.71,12.8,13.32,1339026,1723833529.0,1.77,-3.9
2024-09-19,隆基绿能,601012,13.04,13.51,12.85,13.32,12.96,849573,1126781661.0,1.12,2.78
2024-09-18,隆基绿能,601012,13.13,13.19,12.87,12.96,13.14,558842,724535112.0,0.74,-1.37
2024-09-13,隆基绿能,601012,13.43,13.56,13.14,13.14,13.43,528441,702573447.0,0.7,-2.16
2024-09-12,隆基绿能,601012,13.33,13.92,13.29,13.43,13.36,1084668,1483005238.0,1.43,0.52
2024-09-11,隆基绿能,601012,13.03,13.45,13.03,13.36,13.13,742788,986430133.0,0.98,1.75
2024-09-10,隆基绿能,601012,13.3,13.37,13.03,13.13,13.31,576793,759058414.0,0.76,-1.35
2024-09-09,隆基绿能,601012,13.44,13.59,13.25,13.31,13.53,560562,750079454.0,0.74,-1.63
2024-09-06,隆基绿能,601012,13.76,13.76,13.48,13.53,13.76,450701,611884045.0,0.59,-1.67
2024-09-05,隆基绿能,601012,13.66,14.04,13.66,13.76,13.67,912878,1266618014.0,1.2,0.66
2024-09-04,隆基绿能,601012,13.46,13.9,13.44,13.67,13.51,968834,1328252740.0,1.28,1.18
2024-09-03,隆基绿能,601012,13.19,13.62,13.1,13.51,13.19,838967,1128573716.0,1.11,2.43
2024-09-02,隆基绿能,601012,13.66,13.86,13.19,13.19,13.81,1031474,1386609640.0,1.36,-4.49
2024-08-30,隆基绿能,601012,13.42,14.03,13.36,13.81,13.56,1473592,2024480108.0,1.94,1.84
2024-08-29,隆基绿能,601012,13.1,13.76,13.05,13.56,13.14,1252032,1681021266.0,1.65,3.2
2024-08-28,隆基绿能,601012,13.0,13.33,12.8,13.14,13.23,880040,1144573875.0,1.16,-0.68
2024-08-27,隆基绿能,601012,13.02,13.56,12.7,13.23,12.99,1182387,1560061210.0,1.56,1.85
2024-08-26,隆基绿能,601012,12.92,13.23,12.91,12.99,12.9,529781,691398180.0,0.7,0.7
2024-08-23,隆基绿能,601012,12.86,13.01,12.79,12.9,12.88,380219,490883241.0,0.5,0.16
2024-08-22,隆基绿能,601012,13.25,13.32,12.84,12.88,13.22,628548,816112102.0,0.83,-2.57
2024-08-21,隆基绿能,601012,13.25,13.41,13.21,13.22,13.3,408566,543335694.0,0.54,-0.6
2024-08-20,隆基绿能,601012,13.55,13.58,13.25,13.3,13.48,497856,666636336.0,0.66,-1.34
2024-08-19,隆基绿能,601012,13.71,13.71,13.47,13.48,13.72,543377,735997544.0,0.72,-1.75
2024-08-16,隆基绿能,601012,14.06,14.1,13.7,13.72,14.07,686269,949536519.0,0.91,-2.49
2024-08-15,隆基绿能,601012,13.75,14.24,13.65,14.07,13.82,872144,1219783240.0,1.15,1.81
2024-08-14,隆基绿能,601012,14.02,14.3,13.81,13.82,14.01,536963,748831833.0,0.71,-1.36
2024-08-13,隆基绿能,601012,13.85,14.18,13.67,14.01,13.93,687898,957666632.0,0.91,0.57
2024-08-12,隆基绿能,601012,14.05,14.23,13.86,13.93,13.81,665171,930598240.0,0.88,0.87
2024-08-09,隆基绿能,601012,14.2,14.26,13.81,13.81,14.15,748010,1045273754.0,0.99,-2.4
2024-08-08,隆基绿能,601012,14.2,14.35,14.06,14.15,14.23,639032,905747461.0,0.84,-0.56
2024-08-07,隆基绿能,601012,14.4,14.4,14.12,14.23,14.45,809462,1151181241.0,1.07,-1.52
2024-08-06,隆基绿能,601012,14.35,14.68,14.25,14.45,14.09,1188742,1718248810.0,1.57,2.56
2024-08-05,隆基绿能,601012,14.18,14.88,14.07,14.09,14.22,1378180,1996329778.0,1.82,-0.91
2024-08-02,隆基绿能,601012,14.31,14.54,14.18,14.22,14.37,682352,977642917.0,0.9,-1.04
2024-08-01,隆基绿能,601012,14.48,14.57,14.28,14.37,14.5,684848,985603978.0,0.9,-0.9
2024-07-31,隆基绿能,601012,13.88,14.5,13.78,14.5,13.88,1198319,1711856167.0,1.58,4.47
2024-07-30,隆基绿能,601012,13.83,14.06,13.74,13.88,13.83,541009,749656952.0,0.71,0.36
2024-07-29,隆基绿能,601012,14.14,14.17,13.8,13.83,14.14,652203,906148619.0,0.86,-2.19
2024-07-26,隆基绿能,601012,13.92,14.23,13.82,14.14,13.98,740024,1042080400.0,0.98,1.14
2024-07-25,隆基绿能,601012,13.55,14.28,13.51,13.98,13.65,1168353,1636616592.0,1.54,2.42
2024-07-24,隆基绿能,601012,13.95,14.13,13.58,13.65,14.02,761657,1048446683.0,1.01,-2.64
2024-07-23,隆基绿能,601012,14.33,14.47,14.0,14.02,14.38,704374,1001641776.0,0.93,-2.5
2024-07-22,隆基绿能,601012,14.28,14.6,14.25,14.38,14.39,912639,1316820492.0,1.2,-0.07
2024-07-19,隆基绿能,601012,14.01,14.5,13.95,14.39,14.11,1080921,1542319214.0,1.43,1.98
2024-07-18,隆基绿能,601012,13.95,14.17,13.81,14.11,14.1,829137,1160895097.0,1.09,0.07
2024-07-17,隆基绿能,601012,14.24,14.35,14.04,14.1,14.07,979030,1387114496.0,1.29,0.21
2024-07-16,隆基绿能,601012,13.8,14.08,13.7,14.07,13.89,886039,1233759733.0,1.17,1.3
2024-07-15,隆基绿能,601012,14.08,14.09,13.73,13.89,14.01,806089,1118632993.0,1.06,-0.86
2024-07-12,隆基绿能,601012,13.94,14.23,13.9,14.01,14.05,1221876,1737603228.0,1.61,-0.28
2024-07-11,隆基绿能,601012,13.63,14.44,13.54,14.05,13.39,2246284,3193918854.0,2.96,4.93
2024-07-10,隆基绿能,601012,12.72,13.83,12.64,13.39,12.99,2164120,2942658170.0,2.86,3.08
2024-07-09,隆基绿能,601012,12.89,13.06,12.61,12.99,12.92,1489449,1937575320.0,1.97,0.54
2024-07-08,隆基绿能,601012,13.22,13.22,12.85,12.92,13.34,970123,1275748237.0,1.28,-3.15
2024-07-05,隆基绿能,601012,13.23,13.5,13.17,13.34,13.29,785472,1060008206.0,1.04,0.38
2024-07-04,隆基绿能,601012,13.7,13.74,13.28,13.29,13.68,850241,1154990920.0,1.12,-2.85
2024-07-03,隆基绿能,601012,13.6,13.84,13.44,13.68,13.65,842532,1163233797.0,1.11,0.22
2024-07-02,隆基绿能,601012,13.81,13.91,13.61,13.65,13.88,758389,1053524534.0,1.0,-1.66
2024-07-01,隆基绿能,601012,13.84,14.02,13.6,13.88,13.85,845070,1180658759.0,1.12,0.22
2024-06-28,隆基绿能,601012,14.11,14.27,13.81,13.85,14.09,1017958,1445147114.0,1.34,-1.7
2024-06-27,隆基绿能,601012,14.36,14.45,14.09,14.09,14.49,832928,1197505307.0,1.1,-2.76
2024-06-26,隆基绿能,601012,14.27,14.53,14.06,14.49,14.27,1142670,1654972376.0,1.51,1.54
2024-06-25,隆基绿能,601012,14.85,15.0,14.14,14.27,14.86,1540082,2251920621.0,2.03,-3.97
2024-06-24,隆基绿能,601012,15.16,15.29,14.83,14.86,15.29,1014950,1541305225.0,1.34,-2.81
2024-06-21,隆基绿能,601012,15.41,15.81,15.29,15.29,15.41,1057762,1656667322.0,1.4,-0.78
2024-06-20,隆基绿能,601012,16.13,16.13,15.4,15.41,16.19,1336040,2114995523.0,1.76,-4.82
2024-06-19,隆基绿能,601012,16.57,16.57,16.16,16.19,16.57,747914,1229311837.0,0.99,-2.29
2024-06-18,隆基绿能,601012,16.52,16.77,16.48,16.57,16.55,573195,961572891.0,0.76,0.12
2024-06-17,隆基绿能,601012,16.55,16.71,16.28,16.55,16.55,660026,1101457019.0,0.87,0.0
2024-06-14,隆基绿能,601012,16.35,16.62,16.08,16.55,16.34,833054,1386972976.0,1.1,1.29
2024-06-13,隆基绿能,601012,16.48,16.56,16.31,16.34,16.48,659708,1093118058.0,0.87,-0.85
2024-06-12,隆基绿能,601012,16.48,16.51,16.29,16.48,16.42,671136,1113468906.0,0.89,0.37
2024-06-11,隆基绿能,601012,16.44,16.52,16.24,16.42,16.57,764391,1266989618.0,1.01,-0.91
2024-06-07,隆基绿能,601012,16.88,17.11,16.37,16.57,17.01,1636189,2739495927.0,2.16,-2.59
2024-06-06,隆基绿能,601012,18.08,18.28,16.94,17.01,18.11,1921234,3376060586.0,2.54,-6.07
2024-06-05,隆基绿能,601012,18.23,18.25,18.04,18.11,18.46,728484,1334767802.0,0.96,-1.9
2024-06-04,隆基绿能,601012,18.27,18.48,18.13,18.46,18.35,666170,1231272622.0,0.88,0.6
2024-06-03,隆基绿能,601012,18.37,18.39,18.18,18.35,18.42,697638,1286583824.0,0.92,-0.38
2024-05-31,隆基绿能,601012,18.75,18.78,18.4,18.42,18.73,831091,1552557291.0,1.1,-1.66
2024-05-30,隆基绿能,601012,18.94,19.13,18.66,18.73,18.83,977197,1856844567.0,1.29,-0.53
2024-05-29,隆基绿能,601012,18.52,19.22,18.52,18.83,18.32,1900741,3645745737.0,2.51,2.78
2024-05-28,隆基绿能,601012,18.27,18.53,18.2,18.32,18.36,675229,1247997775.0,0.89,-0.22
2024-05-27,隆基绿能,601012,18.61,18.69,18.11,18.36,18.59,976756,1800967636.0,1.29,-1.24
2024-05-24,隆基绿能,601012,18.69,19.13,18.55,18.59,18.76,1130400,2145871399.0,1.49,-0.91
2024-05-23,隆基绿能,601012,19.33,19.38,18.69,18.76,19.39,1773080,3394936375.0,2.34,-3.25
2024-05-22,隆基绿能,601012,18.34,19.69,18.34,19.39,18.13,3006932,5765513882.0,3.97,6.95
2024-05-21,隆基绿能,601012,18.3,18.32,18.09,18.13,18.33,531462,973606667.0,0.7,-1.09
2024-05-20,隆基绿能,601012,18.33,18.57,18.28,18.33,18.45,623633,1157588691.0,0.82,-0.65
2024-05-17,隆基绿能,601012,18.18,18.45,17.99,18.45,18.37,792745,1456614251.0,1.05,0.44
2024-05-16,隆基绿能,601012,18.44,18.5,18.23,18.37,18.5,707683,1311818671.0,0.93,-0.7
2024-05-15,隆基绿能,601012,18.66,18.88,18.48,18.5,18.66,572771,1075756255.0,0.76,-0.86
2024-05-14,隆基绿能,601012,18.82,18.83,18.55,18.66,18.75,664370,1250412006.0,0.88,-0.48
2024-05-13,隆基绿能,601012,18.43,18.92,18.14,18.75,18.45,1227827,2308094699.0,1.62,1.63
2024-05-10,隆基绿能,601012,18.75,18.75,18.34,18.45,18.79,1054451,1965177639.0,1.39,-1.81
2024-05-09,隆基绿能,601012,18.42,19.13,18.4,18.79,18.34,1463899,2789006257.0,1.93,2.45
2024-05-08,隆基绿能,601012,18.6,18.6,18.33,18.34,18.6,676018,1255470468.0,0.89,-1.4
2024-05-07,隆基绿能,601012,18.23,18.6,18.06,18.6,18.34,1016165,1886072659.0,1.34,1.42
2024-05-06,隆基绿能,601012,18.13,18.51,18.13,18.34,18.03,1119969,2074242531.0,1.48,1.72
2024-04-30,隆基绿能,601012,18.43,18.53,17.94,18.03,18.83,1808807,3306061395.0,2.39,-4.25
2024-04-29,隆基绿能,601012,18.47,19.16,18.44,18.83,18.45,1294736,2460590224.0,1.71,2.06
2024-04-26,隆基绿能,601012,18.03,18.53,17.98,18.45,18.1,977970,1814623706.0,1.29,1.93
2024-04-25,隆基绿能,601012,18.23,18.41,17.93,18.1,18.33,765376,1399919826.0,1.01,-1.25
2024-04-24,隆基绿能,601012,18.63,18.67,18.18,18.33,18.61,703404,1300237522.0,0.93,-1.5
2024-04-23,隆基绿能,601012,18.87,19.16,18.56,18.61,19.08,919244,1739279979.0,1.21,-2.46
2024-04-22,隆基绿能,601012,18.83,19.51,18.82,19.08,18.28,1682037,3255373716.0,2.22,4.38
2024-04-19,隆基绿能,601012,18.51,18.51,18.08,18.28,18.62,900729,1658497546.0,1.19,-1.83
2024-04-18,隆基绿能,601012,18.37,18.75,18.05,18.62,18.43,858203,1602270218.0,1.13,1.03
2024-04-17,隆基绿能,601012,18.06,18.43,18.06,18.43,18.03,709027,1309818550.0,0.94,2.22
2024-04-16,隆基绿能,601012,18.5,18.5,17.99,18.03,18.52,730718,1339533054.0,0.96,-2.65
2024-04-15,隆基绿能,601012,18.38,18.87,18.34,18.52,18.39,802284,1506081290.0,1.06,0.71
2024-04-12,隆基绿能,601012,18.85,18.92,18.36,18.39,18.85,759589,1421011642.0,1.0,-2.44
2024-04-11,隆基绿能,601012,18.92,19.06,18.67,18.85,19.0,605962,1154142990.0,0.8,-0.79
2024-04-10,隆基绿能,601012,19.5,19.52,18.91,19.0,19.5,675196,1302305275.0,0.89,-2.56
2024-04-09,隆基绿能,601012,19.23,19.61,19.2,19.5,19.24,617601,1213041343.0,0.81,1.35
2024-04-08,隆基绿能,601012,19.63,19.63,19.23,19.24,19.68,732661,1431786921.0,0.97,-2.24
2024-04-03,隆基绿能,601012,19.78,19.92,19.62,19.68,19.88,588427,1170345857.0,0.78,-1.01
2024-04-02,隆基绿能,601012,19.98,20.09,19.63,19.88,19.98,883542,1766602099.0,1.17,-0.5
2024-04-01,隆基绿能,601012,19.49,20.0,19.45,19.98,19.34,1019119,2038910511.0,1.34,3.31
2024-03-29,隆基绿能,601012,19.48,19.6,19.11,19.34,19.44,728304,1420515920.0,0.96,-0.51
2024-03-28,隆基绿能,601012,19.37,19.66,19.34,19.44,19.37,704293,1384672899.0,0.93,0.36
2024-03-27,隆基绿能,601012,20.04,20.04,19.37,19.37,20.05,913705,1811244817.0,1.21,-3.39
2024-03-26,隆基绿能,601012,19.83,20.17,19.73,20.05,19.77,853894,1715647130.0,1.13,1.42
2024-03-25,隆基绿能,601012,19.83,20.12,19.7,19.77,19.92,802298,1609005780.0,1.06,-0.75
2024-03-22,隆基绿能,601012,20.55,20.61,19.9,19.92,20.68,1369151,2776339340.0,1.81,-3.68
2024-03-21,隆基绿能,601012,20.86,20.99,20.6,20.68,20.94,995082,2079052565.0,1.31,-1.24
2024-03-20,隆基绿能,601012,20.95,21.22,20.75,20.94,20.98,939267,1983439091.0,1.24,-0.19
2024-03-19,隆基绿能,601012,21.32,21.66,20.98,20.98,21.5,1363185,2916690370.0,1.8,-2.42
2024-03-18,隆基绿能,601012,21.27,21.5,21.14,21.5,21.24,1085902,2336927185.0,1.43,1.22
2024-03-15,隆基绿能,601012,21.29,21.39,20.95,21.24,21.38,933108,1987194354.0,1.23,-0.65
2024-03-14,隆基绿能,601012,21.72,21.81,21.16,21.38,21.72,1106537,2394231759.0,1.46,-1.57
2024-03-13,隆基绿能,601012,22.09,22.09,21.67,21.72,22.15,1256993,2764116455.0,1.66,-1.94
2024-03-12,隆基绿能,601012,22.05,22.39,21.89,22.15,21.99,1712245,3815728131.0,2.26,0.73
2024-03-11,隆基绿能,601012,21.81,22.17,21.41,21.99,21.36,2170452,4767220656.0,2.86,2.95
2024-03-08,隆基绿能,601012,20.65,21.48,20.65,21.36,20.63,1679072,3595525702.0,2.22,3.54
2024-03-07,隆基绿能,601012,21.13,21.31,20.63,20.63,21.26,1098269,2315713399.0,1.45,-2.96
2024-03-06,隆基绿能,601012,20.83,21.67,20.57,21.26,20.85,1553089,3313587664.0,2.05,1.97
2024-03-05,隆基绿能,601012,21.13,21.16,20.68,20.85,21.36,1355563,2850175247.0,1.79,-2.39
2024-03-04,隆基绿能,601012,21.39,21.81,21.2,21.36,21.43,1416728,3061363899.0,1.87,-0.33
2024-03-01,隆基绿能,601012,21.33,21.51,20.92,21.43,21.07,1621201,3475248721.0,2.14,1.71
2024-02-29,隆基绿能,601012,20.28,21.08,20.19,21.07,20.45,1393513,2920787468.0,1.84,3.03
2024-02-28,隆基绿能,601012,21.05,21.67,20.45,20.45,20.83,1810174,3852192703.0,2.39,-1.82
2024-02-27,隆基绿能,601012,20.43,20.83,20.34,20.83,20.51,1024840,2128543456.0,1.35,1.56
2024-02-26,隆基绿能,601012,20.73,20.82,20.38,20.51,20.71,924065,1917118519.0,1.22,-0.97
2024-02-23,隆基绿能,601012,20.45,20.92,20.45,20.71,20.45,1154068,2411162032.0,1.52,1.27
2024-02-22,隆基绿能,601012,20.13,20.82,20.13,20.45,20.23,1011049,2082462224.0,1.33,1.09
2024-02-21,隆基绿能,601012,19.64,20.57,19.51,20.23,19.81,1357139,2757569346.0,1.79,2.12
2024-02-20,隆基绿能,601012,20.01,20.01,19.57,19.81,20.02,884672,1757737151.0,1.17,-1.05
2024-02-19,隆基绿能,601012,20.04,20.18,19.83,20.02,20.04,975210,1962738592.0,1.29,-0.1
2024-02-08,隆基绿能,601012,19.73,20.19,19.73,20.04,19.6,1231190,2478967593.0,1.62,2.24
2024-02-07,隆基绿能,601012,19.49,19.94,19.25,19.6,19.43,1663560,3295976579.0,2.2,0.87
2024-02-06,隆基绿能,601012,17.94,19.47,17.87,19.43,18.0,1645098,3142216366.0,2.17,7.94
2024-02-05,隆基绿能,601012,18.63,18.69,17.43,18.0,18.7,1501729,2740768426.0,1.98,-3.74
2024-02-02,隆基绿能,601012,19.33,19.55,18.04,18.7,19.42,1449100,2748174116.0,1.91,-3.71
2024-02-01,隆基绿能,601012,18.92,19.92,18.92,19.42,19.18,1124291,2212673585.0,1.48,1.25
2024-01-31,隆基绿能,601012,19.98,20.29,19.18,19.18,20.06,1549702,3060176664.0,2.04,-4.39
2024-01-30,隆基绿能,601012,20.1,20.51,20.01,20.06,20.23,980927,2001228177.0,1.29,-0.84
2024-01-29,隆基绿能,601012,21.53,21.54,20.23,20.23,21.79,2056406,4295463545.0,2.71,-7.16
2024-01-26,隆基绿能,601012,21.88,22.25,21.65,21.79,22.13,1155542,2551259029.0,1.52,-1.54
2024-01-25,隆基绿能,601012,21.49,22.13,21.19,22.13,21.61,1566291,3424201706.0,2.07,2.41
2024-01-24,隆基绿能,601012,21.92,22.02,20.94,21.61,21.89,1663238,3595040079.0,2.19,-1.28
2024-01-23,隆基绿能,601012,21.52,22.38,21.29,21.89,21.55,1591781,3518887773.0,2.1,1.58
2024-01-22,隆基绿能,601012,21.83,22.03,21.24,21.55,21.93,1565631,3418198049.0,2.07,-1.73
2024-01-19,隆基绿能,601012,22.47,22.61,21.93,21.93,22.63,1772037,3958954246.0,2.34,-3.09
2024-01-18,隆基绿能,601012,20.89,22.65,20.84,22.63,21.13,3176700,7033198433.0,4.19,7.1
2024-01-17,隆基绿能,601012,21.83,21.83,21.11,21.13,21.95,1160138,2507187825.0,1.53,-3.74
2024-01-16,隆基绿能,601012,21.53,22.16,21.41,21.95,21.67,1334890,2938793848.0,1.76,1.29
2024-01-15,隆基绿能,601012,21.73,22.11,21.59,21.67,21.94,1074905,2358263661.0,1.42,-1.23
2024-01-12,隆基绿能,601012,22.03,22.63,21.86,21.94,22.19,1566502,3505886714.0,2.07,-1.13
2024-01-11,隆基绿能,601012,21.85,22.33,21.75,22.19,22.06,1577210,3504532528.0,2.08,0.59
2024-01-10,隆基绿能,601012,21.83,22.63,21.69,22.06,22.07,1677315,3755500025.0,2.21,-0.05
2024-01-09,隆基绿能,601012,21.45,22.7,21.27,22.07,21.44,2073670,4612609293.0,2.74,2.94
2024-01-08,隆基绿能,601012,21.24,22.01,21.19,21.44,21.41,1181357,2572504539.0,1.56,0.14
2024-01-05,隆基绿能,601012,21.69,22.08,21.2,21.41,21.81,1134272,2472077498.0,1.5,-1.83
2024-01-04,隆基绿能,601012,22.11,22.13,21.58,21.81,22.22,1113381,2444688691.0,1.47,-1.85
2024-01-03,隆基绿能,601012,22.03,22.41,21.92,22.22,22.03,1292435,2882721820.0,1.71,0.86
2024-01-02,隆基绿能,601012,22.44,22.72,22.03,22.03,22.73,1588620,3561320754.0,2.1,-3.08
2023-12-29,隆基绿能,601012,23.03,23.03,22.55,22.73,22.58,2651051,6085166247.0,3.5,0.66
2023-12-28,隆基绿能,601012,20.44,22.58,20.34,22.58,20.51,3118579,6888607315.0,4.12,10.09
2023-12-27,隆基绿能,601012,20.81,20.89,20.31,20.51,20.81,812305,1676695270.0,1.07,-1.44
2023-12-26,隆基绿能,601012,21.05,21.05,20.69,20.81,21.11,727846,1529795804.0,0.96,-1.42
2023-12-25,隆基绿能,601012,21.07,21.19,20.87,21.11,21.05,692299,1466873184.0,0.91,0.29
2023-12-22,隆基绿能,601012,20.98,21.37,20.74,21.05,21.11,1478760,3135909898.0,1.95,-0.28
2023-12-21,隆基绿能,601012,19.96,21.28,19.91,21.11,20.11,2466195,5202143498.0,3.25,4.97
2023-12-20,隆基绿能,601012,20.29,20.4,20.1,20.11,20.2,723129,1474750757.0,0.95,-0.45
2023-12-19,隆基绿能,601012,19.96,20.43,19.84,20.2,20.02,880685,1791144879.0,1.16,0.9
2023-12-18,隆基绿能,601012,20.36,20.51,19.98,20.02,20.51,790445,1607566044.0,1.04,-2.39
2023-12-15,隆基绿能,601012,20.31,20.91,20.31,20.51,20.16,1580292,3286300138.0,2.09,1.74
2023-12-14,隆基绿能,601012,20.33,20.66,20.14,20.16,20.12,652686,1338634084.0,0.86,0.2
2023-12-13,隆基绿能,601012,20.43,20.6,20.11,20.12,20.65,725731,1486211330.0,0.96,-2.57
2023-12-12,隆基绿能,601012,20.58,20.87,20.52,20.65,20.63,710170,1479629370.0,0.94,0.1
2023-12-11,隆基绿能,601012,20.32,20.67,20.04,20.63,20.56,960102,1964585569.0,1.27,0.34
2023-12-08,隆基绿能,601012,20.79,20.83,20.43,20.56,20.61,703117,1462786866.0,0.93,-0.24
2023-12-07,隆基绿能,601012,20.78,20.83,20.46,20.61,20.93,841149,1747690036.0,1.11,-1.53
2023-12-06,隆基绿能,601012,20.33,21.13,20.29,20.93,20.44,1128598,2375564526.0,1.49,2.4
2023-12-05,隆基绿能,601012,20.84,21.11,20.42,20.44,20.89,935813,1960918832.0,1.23,-2.15
2023-12-04,隆基绿能,601012,21.05,21.2,20.89,20.89,21.04,639287,1352736166.0,0.84,-0.71
2023-12-01,隆基绿能,601012,20.93,21.12,20.71,21.04,21.06,942753,1987593611.0,1.24,-0.09
2023-11-30,隆基绿能,601012,21.24,21.45,21.02,21.06,21.29,758319,1619503172.0,1.0,-1.08
2023-11-29,隆基绿能,601012,21.73,21.78,21.23,21.29,21.73,833084,1795537037.0,1.1,-2.02
2023-11-28,隆基绿能,601012,21.6,21.8,21.43,21.73,21.7,695859,1516713166.0,0.92,0.14
2023-11-27,隆基绿能,601012,22.33,22.33,21.65,21.7,22.35,1053338,2314160457.0,1.39,-2.91
2023-11-24,隆基绿能,601012,22.67,22.67,22.33,22.35,22.71,711019,1606269172.0,0.94,-1.59
2023-11-23,隆基绿能,601012,22.61,22.77,22.43,22.71,22.62,705213,1605082333.0,0.93,0.4
2023-11-22,隆基绿能,601012,22.99,23.09,22.62,22.62,23.12,822508,1889651351.0,1.09,-2.16
2023-11-21,隆基绿能,601012,23.4,23.57,23.09,23.12,23.32,886264,2083796038.0,1.17,-0.86
2023-11-20,隆基绿能,601012,23.41,23.51,23.03,23.32,23.42,767486,1796891969.0,1.01,-0.43
2023-11-17,隆基绿能,601012,23.34,23.43,23.18,23.42,23.54,815409,1913708561.0,1.08,-0.51
2023-11-16,隆基绿能,601012,24.04,24.07,23.53,23.54,24.22,1223517,2919005575.0,1.61,-2.81
2023-11-15,隆基绿能,601012,24.01,24.47,23.81,24.22,23.56,1802203,4388281024.0,2.38,2.8
2023-11-14,隆基绿能,601012,23.75,23.97,23.41,23.56,23.67,1063104,2528189498.0,1.4,-0.46
2023-11-13,隆基绿能,601012,23.53,23.9,23.39,23.67,23.36,893799,2125224008.0,1.18,1.33
2023-11-10,隆基绿能,601012,23.85,23.87,23.36,23.36,24.07,1247917,2954913312.0,1.65,-2.95
2023-11-09,隆基绿能,601012,23.11,24.39,23.03,24.07,23.25,2343945,5675198292.0,3.09,3.53
2023-11-08,隆基绿能,601012,23.18,23.56,23.04,23.25,23.26,990709,2323813301.0,1.31,-0.04
2023-11-07,隆基绿能,601012,23.29,23.33,22.9,23.26,23.28,963845,2241677535.0,1.27,-0.09
2023-11-06,隆基绿能,601012,22.87,23.59,22.85,23.28,22.7,1422177,3334656164.0,1.88,2.56
2023-11-03,隆基绿能,601012,22.23,22.86,22.21,22.7,22.24,1285267,2933232088.0,1.7,2.07
2023-11-02,隆基绿能,601012,23.08,23.22,22.23,22.24,23.16,1768632,4032721244.0,2.33,-3.97
2023-11-01,隆基绿能,601012,23.78,23.91,23.06,23.16,23.96,1552874,3653692188.0,2.05,-3.34
2023-10-31,隆基绿能,601012,23.8,24.36,23.77,23.96,24.99,1554971,3760351672.0,2.05,-4.12
2023-10-30,隆基绿能,601012,24.55,25.21,24.48,24.99,24.81,960139,2406053716.0,1.27,0.73
2023-10-27,隆基绿能,601012,23.41,24.9,23.38,24.81,23.73,1338117,3272042799.0,1.77,4.55
2023-10-26,隆基绿能,601012,23.89,24.01,23.19,23.73,24.48,1325663,3144111382.0,1.75,-3.06
2023-10-25,隆基绿能,601012,24.74,24.93,24.37,24.48,24.53,816099,2025264429.0,1.08,-0.2
2023-10-24,隆基绿能,601012,24.53,24.71,24.07,24.53,24.53,822169,2019425714.0,1.08,0.0
2023-10-23,隆基绿能,601012,25.13,25.17,24.3,24.53,25.38,984356,2443261753.0,1.3,-3.35
2023-10-20,隆基绿能,601012,25.1,25.59,25.0,25.38,25.29,918720,2344863075.0,1.21,0.36
2023-10-19,隆基绿能,601012,25.44,25.79,25.23,25.29,25.7,768497,1967808636.0,1.01,-1.6
2023-10-18,隆基绿能,601012,26.04,26.04,25.64,25.7,26.05,525816,1362958248.0,0.69,-1.34
2023-10-17,隆基绿能,601012,26.28,26.35,25.9,26.05,26.16,556290,1461519893.0,0.73,-0.42
2023-10-16,隆基绿能,601012,26.47,26.91,26.0,26.16,26.63,795213,2109172218.0,1.05,-1.76
2023-10-13,隆基绿能,601012,26.81,26.81,26.4,26.63,27.15,847959,2264826037.0,1.12,-1.92
2023-10-12,隆基绿能,601012,26.99,27.25,26.68,27.15,26.79,1021259,2775269446.0,1.35,1.34
2023-10-11,隆基绿能,601012,26.81,27.43,26.68,26.79,26.54,979007,2659249558.0,1.29,0.94
2023-10-10,隆基绿能,601012,26.93,27.07,26.52,26.54,26.93,751150,2018932509.0,0.99,-1.45
2023-10-09,隆基绿能,601012,26.98,27.19,26.61,26.93,27.11,923188,2499365827.0,1.22,-0.66
2023-09-28,隆基绿能,601012,27.55,27.77,27.08,27.11,27.57,1333713,3669438036.0,1.76,-1.67
2023-09-27,隆基绿能,601012,25.97,27.81,25.94,27.57,25.97,2397488,6569522908.0,3.16,6.16
2023-09-26,隆基绿能,601012,25.93,26.26,25.89,25.97,26.01,629863,1651556553.0,0.83,-0.15
2023-09-25,隆基绿能,601012,25.63,26.18,25.55,26.01,25.78,859498,2240496531.0,1.13,0.89
2023-09-22,隆基绿能,601012,25.03,25.81,25.01,25.78,25.21,948143,2430765787.0,1.25,2.26
2023-09-21,隆基绿能,601012,25.42,25.62,25.21,25.21,25.57,616572,1573694066.0,0.81,-1.41
2023-09-20,隆基绿能,601012,25.86,25.95,25.48,25.57,25.78,496994,1283810819.0,0.66,-0.81
2023-09-19,隆基绿能,601012,26.07,26.1,25.68,25.78,26.15,628649,1633045260.0,0.83,-1.41
2023-09-18,隆基绿能,601012,25.92,26.56,25.61,26.15,26.09,719635,1895927723.0,0.95,0.23
2023-09-15,隆基绿能,601012,26.12,26.53,25.9,26.09,25.96,849233,2238194451.0,1.12,0.5
2023-09-14,隆基绿能,601012,26.24,26.31,25.85,25.96,26.24,574964,1506241855.0,0.76,-1.07
2023-09-13,隆基绿能,601012,26.54,26.82,26.14,26.24,26.68,595155,1581734077.0,0.79,-1.65
2023-09-12,隆基绿能,601012,26.31,26.98,26.13,26.68,26.49,953259,2549099537.0,1.26,0.72
2023-09-11,隆基绿能,601012,25.98,26.7,25.83,26.49,26.15,938103,2484803883.0,1.24,1.3
2023-09-08,隆基绿能,601012,26.43,26.64,26.03,26.15,26.57,760728,2009039339.0,1.0,-1.58
2023-09-07,隆基绿能,601012,27.48,27.48,26.57,26.57,27.7,1182367,3206173540.0,1.56,-4.08
2023-09-06,隆基绿能,601012,27.56,28.21,27.43,27.7,27.93,1537743,4290199689.0,2.03,-0.82
2023-09-05,隆基绿能,601012,26.71,28.28,26.51,27.93,26.87,2203438,6101814324.0,2.91,3.94
2023-09-04,隆基绿能,601012,26.63,26.91,26.17,26.87,26.41,995681,2673181359.0,1.31,1.74
2023-09-01,隆基绿能,601012,26.54,26.63,26.26,26.41,26.38,486866,1292837165.0,0.64,0.11
2023-08-31,隆基绿能,601012,26.64,26.79,26.25,26.38,26.68,726659,1935398295.0,0.96,-1.12
2023-08-30,隆基绿能,601012,26.96,27.27,26.58,26.68,26.93,1012262,2734086791.0,1.34,-0.93
2023-08-29,隆基绿能,601012,26.31,27.09,26.25,26.93,26.31,1241333,3348455115.0,1.64,2.36
2023-08-28,隆基绿能,601012,27.33,27.38,26.11,26.31,25.36,1881840,5057315453.0,2.48,3.75
2023-08-25,隆基绿能,601012,25.39,25.73,25.14,25.36,25.59,764178,1954007718.0,1.01,-0.9
2023-08-24,隆基绿能,601012,24.64,25.92,24.64,25.59,24.64,1535240,3932404569.0,2.03,3.86
2023-08-23,隆基绿能,601012,25.38,25.49,24.62,24.64,25.67,1334327,3364687283.0,1.76,-4.01
2023-08-22,隆基绿能,601012,26.98,27.08,25.22,25.67,26.84,2449604,6357169944.0,3.23,-4.36
2023-08-21,隆基绿能,601012,27.42,27.54,26.84,26.84,27.74,1106150,3020626559.0,1.46,-3.24
2023-08-18,隆基绿能,601012,27.93,28.31,27.73,27.74,28.01,893521,2519992054.0,1.18,-0.96
2023-08-17,隆基绿能,601012,27.54,28.1,27.35,28.01,27.77,751079,2097194770.0,0.99,0.86
2023-08-16,隆基绿能,601012,28.03,28.4,27.74,27.77,28.22,893105,2513336043.0,1.18,-1.59
2023-08-15,隆基绿能,601012,29.04,29.11,28.1,28.22,29.14,1252730,3581741597.0,1.65,-3.16
2023-08-14,隆基绿能,601012,28.85,29.15,28.6,29.14,29.25,876983,2548216659.0,1.16,-0.38
2023-08-11,隆基绿能,601012,29.98,29.98,29.23,29.25,30.04,1013200,3011237243.0,1.34,-2.63
2023-08-10,隆基绿能,601012,29.85,30.31,29.85,30.04,29.94,816090,2467101833.0,1.08,0.33
2023-08-09,隆基绿能,601012,29.85,30.24,29.82,29.94,30.06,838304,2528543708.0,1.11,-0.4
2023-08-08,隆基绿能,601012,30.64,30.73,29.71,30.06,30.34,1150000,3475408734.0,1.52,-0.92
2023-08-07,隆基绿能,601012,30.6,30.71,30.13,30.34,30.59,946483,2879540930.0,1.25,-0.82
2023-08-04,隆基绿能,601012,31.0,31.03,30.29,30.59,30.68,1879515,5793661287.0,2.48,-0.29
2023-08-03,隆基绿能,601012,29.71,30.71,29.62,30.68,28.92,2945021,8985302113.0,3.89,6.09
2023-08-02,隆基绿能,601012,29.14,29.3,28.83,28.92,29.13,732258,2134347186.0,0.97,-0.72
2023-08-01,隆基绿能,601012,29.68,29.87,28.96,29.13,29.68,1180557,3477943851.0,1.56,-1.85
2023-07-31,隆基绿能,601012,29.63,30.32,29.53,29.68,29.33,1427263,4284580271.0,1.88,1.19
2023-07-28,隆基绿能,601012,28.34,29.48,28.15,29.33,28.48,1375671,4011861437.0,1.82,2.98
2023-07-27,隆基绿能,601012,29.01,29.21,28.4,28.48,29.12,1116833,3232654920.0,1.47,-2.2
2023-07-26,隆基绿能,601012,28.96,29.5,28.82,29.12,29.05,1006554,2952125389.0,1.33,0.24
2023-07-25,隆基绿能,601012,28.61,29.3,28.48,29.05,28.17,1262073,3680517625.0,1.67,3.12
2023-07-24,隆基绿能,601012,28.3,28.62,28.02,28.17,28.52,647688,1841754220.0,0.85,-1.23
2023-07-21,隆基绿能,601012,29.13,29.28,28.43,28.52,29.39,1419514,4108657000.0,1.87,-2.96
2023-07-20,隆基绿能,601012,29.18,30.1,28.92,29.39,29.07,1529136,4533131818.0,2.02,1.1
2023-07-19,隆基绿能,601012,29.33,29.35,28.89,29.07,29.33,645722,1886337313.0,0.85,-0.89
2023-07-18,隆基绿能,601012,29.83,29.91,29.09,29.33,29.62,882322,2600239433.0,1.16,-0.98
2023-07-17,隆基绿能,601012,29.59,30.02,29.39,29.62,29.87,820016,2442225177.0,1.08,-0.84
2023-07-14,隆基绿能,601012,30.31,30.68,29.82,29.87,30.5,1488010,4501547319.0,1.96,-2.07
2023-07-13,隆基绿能,601012,30.41,31.14,30.23,30.5,30.38,1872847,5750139118.0,2.47,0.39
2023-07-12,隆基绿能,601012,29.06,30.81,28.54,30.38,29.07,2847735,8599331681.0,3.76,4.51
2023-07-11,隆基绿能,601012,29.48,29.48,28.72,29.07,29.52,1321400,3853372340.0,1.74,-1.52
2023-07-10,隆基绿能,601012,27.41,29.57,27.33,29.52,27.19,2877002,8392411402.0,3.8,8.57
2023-07-07,隆基绿能,601012,27.58,27.66,27.15,27.19,27.72,759088,2087565631.0,1.0,-1.91
2023-07-06,隆基绿能,601012,27.85,28.01,27.53,27.72,27.98,684205,1910525414.0,0.9,-0.93
2023-07-05,隆基绿能,601012,28.65,28.65,27.93,27.98,28.65,970809,2753408960.0,1.28,-2.34
2023-07-04,隆基绿能,601012,28.72,28.88,28.43,28.65,28.71,867536,2497224482.0,1.14,-0.21
2023-07-03,隆基绿能,601012,28.5,29.13,28.4,28.71,28.5,1150346,3329319984.0,1.52,0.74
2023-06-30,隆基绿能,601012,28.6,29.01,28.26,28.5,28.68,1395801,4017050293.0,1.84,-0.63
2023-06-29,隆基绿能,601012,29.18,29.71,28.65,28.68,29.15,1673196,4897457037.0,2.21,-1.61
2023-06-28,隆基绿能,601012,27.96,29.25,27.74,29.15,28.01,2176752,6310237819.0,2.87,4.07
2023-06-27,隆基绿能,601012,27.88,28.58,27.48,28.01,27.84,1000901,2823086142.0,1.32,0.61
2023-06-26,隆基绿能,601012,27.52,28.38,27.19,27.84,27.82,1065610,2969480797.0,1.41,0.07
2023-06-21,隆基绿能,601012,28.48,28.89,27.8,27.82,28.56,1153692,3281017932.0,1.52,-2.59
2023-06-20,隆基绿能,601012,28.64,28.98,28.39,28.56,28.81,879686,2533980105.0,1.16,-0.87
2023-06-19,隆基绿能,601012,29.16,29.16,28.38,28.81,29.06,1198558,3462429940.0,1.58,-0.86
2023-06-16,隆基绿能,601012,28.67,29.18,28.43,29.06,28.61,2113631,6219801113.0,2.79,1.57
2023-06-15,隆基绿能,601012,26.75,28.7,26.66,28.61,26.75,2690277,7642940566.0,3.55,6.95
2023-06-14,隆基绿能,601012,27.19,27.31,26.75,26.75,27.18,943960,2600302020.0,1.25,-1.58
2023-06-13,隆基绿能,601012,27.13,27.39,26.91,27.18,27.25,751987,2080492205.0,0.99,-0.26
2023-06-12,隆基绿能,601012,26.97,27.51,26.61,27.25,27.03,1000098,2771123739.0,1.32,0.81
2023-06-09,隆基绿能,601012,26.73,27.2,26.44,27.03,26.77,1161069,3196323205.0,1.53,0.97
2023-06-08,隆基绿能,601012,26.93,27.27,26.75,26.77,26.93,922439,2541337212.0,1.22,-0.59
2023-06-07,隆基绿能,601012,27.49,27.71,26.71,26.93,27.09,937724,2591066173.0,1.24,-0.59
2023-06-06,隆基绿能,601012,27.82,27.82,27.07,27.09,27.84,1142122,3185390666.0,1.51,-2.69
2023-06-05,隆基绿能,601012,28.63,28.74,27.77,27.84,28.67,1080632,3095760290.0,1.43,-2.9
2023-06-02,隆基绿能,601012,28.23,28.87,27.98,28.67,28.06,1075963,3136148389.0,1.42,2.17
2023-06-01,隆基绿能,601012,28.25,28.51,28.03,28.06,28.25,948460,2733247894.0,1.25,-0.67
2023-05-31,隆基绿能,601012,28.83,29.0,28.21,28.25,28.93,1143334,3313375499.0,1.51,-2.35
2023-05-30,隆基绿能,601012,29.43,29.68,28.44,28.93,29.68,1656125,4881820766.0,2.19,-2.53
2023-05-29,隆基绿能,601012,31.17,31.17,29.45,29.68,30.92,1575557,4791851635.0,2.08,-4.01
2023-05-26,隆基绿能,601012,31.56,31.56,30.31,30.92,31.87,1433733,4489110018.0,1.89,-2.98
2023-05-25,隆基绿能,601012,32.14,32.57,31.58,31.87,32.54,1394121,4544351658.0,1.84,-2.06
2023-05-24,隆基绿能,601012,32.2,33.17,31.88,32.54,32.33,1153224,3820680994.0,1.52,0.65
2023-05-23,隆基绿能,601012,32.63,33.12,32.29,32.33,32.78,610428,2024011562.0,0.81,-1.37
2023-05-22,隆基绿能,601012,32.25,32.98,32.18,32.78,32.39,665845,2210809614.0,0.88,1.2
2023-05-19,隆基绿能,601012,32.42,32.43,32.05,32.39,32.51,604209,1982730804.0,0.8,-0.37
2023-05-18,隆基绿能,601012,32.96,33.04,32.33,32.51,33.08,645587,2139815414.0,0.85,-1.72
2023-05-17,隆基绿能,601012,33.44,33.78,32.88,33.08,33.07,644931,2177000579.0,0.85,0.03
2023-05-16,隆基绿能,601012,33.28,33.63,32.91,33.07,33.26,689477,2329331018.0,0.91,-0.57
2023-05-15,隆基绿能,601012,32.23,33.26,32.23,33.26,32.23,920957,3088262127.0,1.22,3.2
2023-05-12,隆基绿能,601012,33.13,33.28,32.18,32.23,33.18,795790,2632738662.0,1.05,-2.86
2023-05-11,隆基绿能,601012,33.07,33.62,32.63,33.18,32.84,827173,2794777595.0,1.09,1.04
2023-05-10,隆基绿能,601012,32.33,33.01,32.15,32.84,32.46,756436,2511216032.0,1.0,1.17
2023-05-09,隆基绿能,601012,33.13,33.17,32.41,32.46,32.96,742795,2467768797.0,0.98,-1.52
2023-05-08,隆基绿能,601012,32.65,33.23,32.33,32.96,32.59,824772,2752822163.0,1.09,1.14
2023-05-05,隆基绿能,601012,33.33,33.33,32.3,32.59,33.52,1243025,4134979218.0,1.64,-2.77
2023-05-04,隆基绿能,601012,34.02,34.47,33.46,33.52,34.3,1037905,3566181762.0,1.37,-2.27
2023-04-28,隆基绿能,601012,34.93,35.16,33.88,34.3,35.4,1505959,5256435706.0,1.99,-3.11
2023-04-27,隆基绿能,601012,35.71,35.82,34.63,35.4,35.69,792084,2825318697.0,1.05,-0.81
2023-04-26,隆基绿能,601012,34.41,36.68,34.13,35.69,34.44,1171709,4241878374.0,1.55,3.63
2023-04-25,隆基绿能,601012,35.57,35.92,34.3,34.44,35.66,963182,3400448225.0,1.27,-3.42
2023-04-24,隆基绿能,601012,36.7,36.73,35.43,35.66,36.87,895487,3258702229.0,1.18,-3.28
2023-04-21,隆基绿能,601012,36.99,37.74,36.48,36.87,37.04,938918,3534855794.0,1.24,-0.46
2023-04-20,隆基绿能,601012,38.23,38.28,36.73,37.04,38.36,1201776,4547548371.0,1.59,-3.44
2023-04-19,隆基绿能,601012,39.5,39.56,38.3,38.36,39.44,847151,3316621785.0,1.12,-2.74
2023-04-18,隆基绿能,601012,39.3,39.78,39.12,39.44,39.05,632503,2532040966.0,0.83,1.0
2023-04-17,隆基绿能,601012,38.61,39.18,38.45,39.05,38.69,536460,2118102885.0,0.71,0.93
2023-04-14,隆基绿能,601012,38.55,39.23,37.95,38.69,38.81,659555,2587382887.0,0.87,-0.31
2023-04-13,隆基绿能,601012,39.14,39.52,38.71,38.81,39.04,503231,1993140281.0,0.66,-0.59
2023-04-12,隆基绿能,601012,39.83,39.83,38.93,39.04,39.89,703167,2794776310.0,0.93,-2.13
2023-04-11,隆基绿能,601012,40.92,40.93,39.81,39.89,40.66,770475,3134487790.0,1.02,-1.89
2023-04-10,隆基绿能,601012,40.15,40.69,39.91,40.66,39.9,635905,2604302777.0,0.84,1.9
2023-04-07,隆基绿能,601012,39.71,40.41,39.51,39.9,39.72,471161,1912241528.0,0.62,0.45
2023-04-06,隆基绿能,601012,39.43,39.9,39.31,39.72,39.62,442387,1774400429.0,0.58,0.25
2023-04-04,隆基绿能,601012,40.12,40.12,39.18,39.62,40.06,669443,2678956498.0,0.88,-1.1
2023-04-03,隆基绿能,601012,40.18,40.55,39.55,40.06,39.84,619964,2518115664.0,0.82,0.55
2023-03-31,隆基绿能,601012,39.98,40.4,39.78,39.84,39.94,559306,2270277549.0,0.74,-0.25
2023-03-30,隆基绿能,601012,39.44,40.01,39.13,39.94,39.46,697912,2813220439.0,0.92,1.22
2023-03-29,隆基绿能,601012,39.54,40.17,39.36,39.46,39.28,460434,1851672596.0,0.61,0.46
2023-03-28,隆基绿能,601012,40.02,40.02,39.28,39.28,39.72,426592,1707068071.0,0.56,-1.11
2023-03-27,隆基绿能,601012,39.63,40.13,39.17,39.72,39.48,656190,2639927513.0,0.87,0.61
2023-03-24,隆基绿能,601012,39.02,39.72,38.64,39.48,38.94,701578,2801708515.0,0.93,1.39
2023-03-23,隆基绿能,601012,38.44,38.95,38.44,38.94,38.81,419817,1649362093.0,0.55,0.33
2023-03-22,隆基绿能,601012,39.23,39.4,38.48,38.81,38.88,710497,2805450003.0,0.94,-0.18
2023-03-21,隆基绿能,601012,38.47,38.93,38.05,38.88,38.64,714590,2788823424.0,0.94,0.62
2023-03-20,隆基绿能,601012,38.51,39.16,37.83,38.64,38.76,805148,3148980826.0,1.06,-0.31
2023-03-17,隆基绿能,601012,39.87,40.11,38.61,38.76,39.43,953803,3792663098.0,1.26,-1.7
2023-03-16,隆基绿能,601012,41.23,41.38,39.3,39.43,41.67,1147345,4655310119.0,1.51,-5.38
2023-03-15,隆基绿能,601012,41.66,42.78,41.39,41.67,41.31,586538,2492932721.0,0.77,0.87
2023-03-14,隆基绿能,601012,41.65,41.68,40.31,41.31,41.42,727826,3023175646.0,0.96,-0.27
2023-03-13,隆基绿能,601012,41.35,42.21,41.14,41.42,41.55,548397,2311789028.0,0.72,-0.31
2023-03-10,隆基绿能,601012,41.71,41.98,41.38,41.55,42.45,576167,2430854168.0,0.76,-2.12
2023-03-09,隆基绿能,601012,43.42,43.53,42.43,42.45,43.29,552415,2389827792.0,0.73,-1.94
2023-03-08,隆基绿能,601012,43.68,44.56,42.96,43.29,43.87,580596,2562340116.0,0.77,-1.32
2023-03-07,隆基绿能,601012,44.33,44.71,43.66,43.87,44.45,638597,2848335436.0,0.84,-1.3
2023-03-06,隆基绿能,601012,42.95,44.77,42.53,44.45,42.79,1086459,4823252432.0,1.43,3.88
2023-03-03,隆基绿能,601012,42.84,43.26,42.69,42.79,42.83,368385,1600723964.0,0.49,-0.09
2023-03-02,隆基绿能,601012,43.74,43.87,42.79,42.83,43.57,554786,2426053947.0,0.73,-1.7
2023-03-01,隆基绿能,601012,43.67,43.87,43.31,43.57,43.67,481804,2126098694.0,0.64,-0.23
2023-02-28,隆基绿能,601012,43.65,43.98,42.97,43.67,43.63,485977,2137203053.0,0.64,0.09
2023-02-27,隆基绿能,601012,43.73,44.53,43.43,43.63,44.14,460659,2047017354.0,0.61,-1.16
2023-02-24,隆基绿能,601012,45.28,45.28,44.06,44.14,45.22,627646,2824730568.0,0.83,-2.39
2023-02-23,隆基绿能,601012,44.05,45.53,43.99,45.22,43.8,1032691,4707853471.0,1.36,3.24
2023-02-22,隆基绿能,601012,44.31,44.7,43.73,43.8,44.62,513847,2294479330.0,0.68,-1.84
2023-02-21,隆基绿能,601012,43.63,44.99,43.43,44.62,43.55,733577,3288794928.0,0.97,2.46
2023-02-20,隆基绿能,601012,42.81,43.72,42.33,43.55,42.8,664807,2893884679.0,0.88,1.75
2023-02-17,隆基绿能,601012,43.73,44.11,42.74,42.8,43.87,713726,3127003785.0,0.94,-2.44
2023-02-16,隆基绿能,601012,44.53,45.03,43.58,43.87,44.67,689098,3099747920.0,0.91,-1.79
2023-02-15,隆基绿能,601012,45.05,45.73,44.51,44.67,44.87,566251,2581315291.0,0.75,-0.45
2023-02-14,隆基绿能,601012,45.23,45.28,44.35,44.87,45.05,578539,2615525826.0,0.76,-0.4
2023-02-13,隆基绿能,601012,44.83,45.23,44.53,45.05,44.81,476689,2170518460.0,0.63,0.54
2023-02-10,隆基绿能,601012,45.67,45.67,44.58,44.81,45.67,587483,2673747825.0,0.78,-1.88
2023-02-09,隆基绿能,601012,44.83,45.76,44.73,45.67,45.31,564883,2597848804.0,0.75,0.79
2023-02-08,隆基绿能,601012,45.49,45.87,45.24,45.31,45.47,397545,1829622546.0,0.52,-0.35
2023-02-07,隆基绿能,601012,46.15,46.22,45.24,45.47,45.83,518159,2392084765.0,0.68,-0.79
2023-02-06,隆基绿能,601012,46.01,46.28,45.23,45.83,46.44,654827,3022893579.0,0.86,-1.31
2023-02-03,隆基绿能,601012,47.8,47.8,45.63,46.44,48.08,1122505,5278838432.0,1.48,-3.41
2023-02-02,隆基绿能,601012,48.13,48.91,47.75,48.08,48.12,855060,4180582235.0,1.13,-0.08
2023-02-01,隆基绿能,601012,47.91,48.21,47.26,48.12,47.58,870384,4203974416.0,1.15,1.13
2023-01-31,隆基绿能,601012,47.53,48.25,47.41,47.58,47.43,924163,4465740315.0,1.22,0.32
2023-01-30,隆基绿能,601012,47.78,47.99,46.93,47.43,46.58,1424248,6859257403.0,1.88,1.82
2023-01-20,隆基绿能,601012,44.58,46.58,44.56,46.58,44.16,1452329,6748289962.0,1.92,5.48
2023-01-19,隆基绿能,601012,43.74,44.42,43.65,44.16,44.16,622343,2778735209.0,0.82,0.0
2023-01-18,隆基绿能,601012,44.13,44.93,43.66,44.16,43.71,855964,3840111057.0,1.13,1.03
2023-01-17,隆基绿能,601012,43.53,43.98,43.13,43.71,43.43,660657,2917159096.0,0.87,0.64
2023-01-16,隆基绿能,601012,42.83,43.88,42.29,43.43,42.83,962582,4221534374.0,1.27,1.4
2023-01-13,隆基绿能,601012,43.68,43.73,42.24,42.83,42.82,855409,3710122294.0,1.13,0.02
2023-01-12,隆基绿能,601012,42.02,43.36,41.91,42.82,41.83,1208814,5251753058.0,1.6,2.37
2023-01-11,隆基绿能,601012,42.39,42.59,41.73,41.83,42.0,764342,3264290150.0,1.01,-0.4
2023-01-10,隆基绿能,601012,42.31,42.83,41.69,42.0,41.7,959537,4105434896.0,1.27,0.72
2023-01-09,隆基绿能,601012,42.33,42.51,41.54,41.7,42.1,789351,3356704065.0,1.04,-0.95
2023-01-06,隆基绿能,601012,40.58,43.01,40.58,42.1,40.5,1586926,6808257111.0,2.09,3.95
2023-01-05,隆基绿能,601012,40.31,41.08,40.04,40.5,40.08,883682,3629623858.0,1.17,1.05
2023-01-04,隆基绿能,601012,41.55,41.62,39.86,40.08,41.46,920432,3770403422.0,1.21,-3.33
2023-01-03,隆基绿能,601012,41.49,41.81,40.38,41.46,41.69,735040,3067024452.0,0.97,-0.55
2022-12-30,隆基绿能,601012,42.28,42.72,41.48,41.69,42.05,533643,2269837811.0,0.7,-0.86
2022-12-29,隆基绿能,601012,42.03,42.81,41.84,42.05,42.23,415419,1778084670.0,0.55,-0.43
2022-12-28,隆基绿能,601012,41.46,42.53,41.14,42.23,41.82,682583,2904246278.0,0.9,0.98
2022-12-27,隆基绿能,601012,41.43,42.18,41.2,41.82,41.43,627867,2656951174.0,0.83,0.94
2022-12-26,隆基绿能,601012,39.64,41.66,38.93,41.43,39.97,841835,3480750587.0,1.11,3.65
2022-12-23,隆基绿能,601012,39.63,40.52,39.31,39.97,40.29,706320,2845628393.0,0.93,-0.79
2022-12-22,隆基绿能,601012,42.98,43.03,39.91,40.29,43.04,1483831,6146677326.0,1.96,-6.39
2022-12-21,隆基绿能,601012,44.03,44.12,42.98,43.04,44.23,514995,2266710525.0,0.68,-2.69
2022-12-20,隆基绿能,601012,43.98,44.31,43.47,44.23,44.03,512263,2276086652.0,0.68,0.45
2022-12-19,隆基绿能,601012,43.93,44.7,43.79,44.03,44.06,454995,2038604701.0,0.6,-0.07
2022-12-16,隆基绿能,601012,44.43,44.49,43.73,44.06,44.61,485311,2162305373.0,0.64,-1.23
2022-12-15,隆基绿能,601012,43.83,44.62,43.73,44.61,44.06,508112,2275752113.0,0.67,1.25
2022-12-14,隆基绿能,601012,44.21,44.71,43.68,44.06,44.33,589626,2628313251.0,0.78,-0.61
2022-12-13,隆基绿能,601012,44.83,45.15,44.23,44.33,44.92,550343,2480051237.0,0.73,-1.31
2022-12-12,隆基绿能,601012,45.43,45.61,44.79,44.92,45.73,506671,2312372333.0,0.67,-1.77
2022-12-09,隆基绿能,601012,45.65,46.08,45.44,45.73,45.93,705759,3260858385.0,0.93,-0.44
2022-12-08,隆基绿能,601012,45.41,46.6,45.31,45.93,45.36,689254,3214286025.0,0.91,1.26
2022-12-07,隆基绿能,601012,44.95,45.87,44.71,45.36,45.29,588115,2710572713.0,0.78,0.15
2022-12-06,隆基绿能,601012,45.43,45.98,44.92,45.29,45.79,849680,3897823765.0,1.12,-1.09
2022-12-05,隆基绿能,601012,47.33,47.36,45.43,45.79,47.41,1243510,5786696452.0,1.64,-3.42
2022-12-02,隆基绿能,601012,46.33,47.83,46.12,47.41,46.44,996173,4774896836.0,1.31,2.09
2022-12-01,隆基绿能,601012,45.94,46.93,45.94,46.44,45.21,965438,4543057814.0,1.27,2.72
2022-11-30,隆基绿能,601012,44.39,45.21,44.11,45.21,44.39,666446,3025002653.0,0.88,1.85
2022-11-29,隆基绿能,601012,44.02,44.88,43.8,44.39,44.02,647975,2910527222.0,0.86,0.84
2022-11-28,隆基绿能,601012,43.73,44.4,43.46,44.02,45.16,678617,3016934257.0,0.9,-2.52
2022-11-25,隆基绿能,601012,46.43,46.43,45.09,45.16,46.58,752850,3456733207.0,0.99,-3.05
2022-11-24,隆基绿能,601012,47.23,47.23,46.53,46.58,47.02,467791,2215107178.0,0.62,-0.94
2022-11-23,隆基绿能,601012,45.82,47.23,45.47,47.02,45.99,843601,3980504855.0,1.11,2.24
2022-11-22,隆基绿能,601012,47.18,47.18,45.83,45.99,47.18,707473,3313857129.0,0.93,-2.52
2022-11-21,隆基绿能,601012,47.01,47.37,46.43,47.18,46.43,718740,3419607830.0,0.95,1.62
2022-11-18,隆基绿能,601012,46.33,47.33,45.55,46.43,45.9,915013,4330786523.0,1.21,1.15
2022-11-17,隆基绿能,601012,46.09,46.15,45.15,45.9,46.08,831643,3828332588.0,1.1,-0.39
2022-11-16,隆基绿能,601012,47.28,47.28,45.93,46.08,47.4,1091583,5132416171.0,1.44,-2.78
2022-11-15,隆基绿能,601012,46.86,47.68,46.59,47.4,46.78,1053630,5026287057.0,1.39,1.33
2022-11-14,隆基绿能,601012,47.77,48.01,46.43,46.78,47.77,932592,4435893602.0,1.23,-2.07
2022-11-11,隆基绿能,601012,49.61,49.8,47.23,47.77,47.79,1198304,5836039549.0,1.58,-0.04
2022-11-10,隆基绿能,601012,48.44,48.74,47.45,47.79,49.39,760251,3686003571.0,1.0,-3.24
2022-11-09,隆基绿能,601012,50.76,50.76,49.03,49.39,50.75,610637,3059615401.0,0.81,-2.68
2022-11-08,隆基绿能,601012,51.54,51.66,50.32,50.75,51.54,488579,2506862868.0,0.64,-1.53
2022-11-07,隆基绿能,601012,51.41,51.93,50.88,51.54,51.83,706372,3675547850.0,0.93,-0.56
2022-11-04,隆基绿能,601012,49.85,52.06,49.47,51.83,49.55,1032293,5355406928.0,1.36,4.6
2022-11-03,隆基绿能,601012,51.23,52.79,49.34,49.55,50.99,1114930,5718115317.0,1.47,-2.82
2022-11-02,隆基绿能,601012,49.92,51.79,49.68,50.99,50.48,839330,4319704412.0,1.11,1.01
2022-11-01,隆基绿能,601012,47.94,50.53,47.91,50.48,47.41,963913,4836044679.0,1.27,6.48
2022-10-31,隆基绿能,601012,48.43,48.98,47.05,47.41,48.68,643909,3121113105.0,0.85,-2.61
2022-10-28,隆基绿能,601012,49.68,50.3,48.33,48.68,49.78,578297,2876476339.0,0.76,-2.21
2022-10-27,隆基绿能,601012,50.42,51.61,49.78,49.78,49.36,902625,4625099787.0,1.19,0.85
2022-10-26,隆基绿能,601012,48.33,49.73,47.72,49.36,48.13,815215,4040059324.0,1.08,2.56
2022-10-25,隆基绿能,601012,45.53,48.53,45.52,48.13,45.31,1152769,5528064606.0,1.52,6.22
2022-10-24,隆基绿能,601012,46.42,47.04,44.61,45.31,46.93,775947,3590767689.0,1.02,-3.45
2022-10-21,隆基绿能,601012,46.38,47.13,45.7,46.93,46.61,628505,2957506854.0,0.83,0.69
2022-10-20,隆基绿能,601012,47.73,47.87,46.28,46.61,48.56,728716,3454094001.0,0.96,-4.02
2022-10-19,隆基绿能,601012,49.03,49.69,48.31,48.56,49.48,507676,2508901791.0,0.67,-1.86
2022-10-18,隆基绿能,601012,49.93,50.71,49.13,49.48,49.88,640500,3224643601.0,0.85,-0.8
2022-10-17,隆基绿能,601012,49.93,50.18,48.54,49.88,50.65,862329,4313162734.0,1.14,-1.52
2022-10-14,隆基绿能,601012,48.2,51.13,47.45,50.65,46.43,1509223,7588160635.0,1.99,9.09
2022-10-13,隆基绿能,601012,47.65,48.09,46.32,46.43,47.81,586110,2790192907.0,0.77,-2.89
2022-10-12,隆基绿能,601012,46.22,48.18,44.51,47.81,45.94,747352,3497421394.0,0.99,4.07
2022-10-11,隆基绿能,601012,45.28,46.39,44.88,45.94,45.32,453284,2100616386.0,0.6,1.37
2022-10-10,隆基绿能,601012,47.68,47.83,45.19,45.32,47.34,576219,2679649512.0,0.76,-4.27
2022-09-30,隆基绿能,601012,49.21,49.58,47.23,47.34,49.51,682745,3323563189.0,0.9,-4.38
2022-09-29,隆基绿能,601012,47.99,49.73,47.73,49.51,47.33,1006289,4998200449.0,1.33,4.61
2022-09-28,隆基绿能,601012,48.48,49.48,47.33,47.33,48.42,505131,2470768789.0,0.67,-2.25
2022-09-27,隆基绿能,601012,48.15,49.03,47.73,48.42,48.23,409249,1998378065.0,0.54,0.39
2022-09-26,隆基绿能,601012,47.48,49.22,47.33,48.23,47.97,508412,2489454332.0,0.67,0.54
2022-09-23,隆基绿能,601012,48.23,49.21,47.71,47.97,48.61,364646,1780360928.0,0.48,-1.32
2022-09-22,隆基绿能,601012,48.13,49.2,47.38,48.61,48.62,347408,1704428786.0,0.46,-0.02
2022-09-21,隆基绿能,601012,49.35,49.83,48.56,48.62,49.47,426386,2117558887.0,0.56,-1.72
2022-09-20,隆基绿能,601012,48.28,50.08,48.28,49.47,47.55,650144,3251547769.0,0.86,4.04
2022-09-19,隆基绿能,601012,47.72,48.43,46.9,47.55,47.73,601664,2885633078.0,0.79,-0.38
2022-09-16,隆基绿能,601012,48.09,48.73,47.73,47.73,48.09,592733,2894756037.0,0.78,-0.75
2022-09-15,隆基绿能,601012,52.13,52.45,47.93,48.09,51.98,1227742,6114269592.0,1.62,-7.48
2022-09-14,隆基绿能,601012,51.98,52.95,51.9,51.98,52.7,378898,2001975750.0,0.5,-1.37
2022-09-13,隆基绿能,601012,53.05,53.23,51.71,52.7,52.61,490469,2596031517.0,0.65,0.17
2022-09-09,隆基绿能,601012,53.18,53.21,51.82,52.61,52.82,440943,2332712620.0,0.58,-0.4
2022-09-08,隆基绿能,601012,52.99,53.71,52.43,52.82,52.89,433171,2318732972.0,0.57,-0.13
2022-09-07,隆基绿能,601012,52.43,53.71,52.14,52.89,52.59,713986,3842027239.0,0.94,0.57
2022-09-06,隆基绿能,601012,50.31,52.73,49.49,52.59,49.92,1014903,5304717802.0,1.34,5.35
2022-09-05,隆基绿能,601012,50.21,50.72,49.23,49.92,50.38,577164,2910545446.0,0.76,-0.91
2022-09-02,隆基绿能,601012,51.06,51.33,49.93,50.38,51.08,502147,2563631969.0,0.66,-1.37
2022-09-01,隆基绿能,601012,50.73,51.6,50.65,51.08,50.63,533746,2763635597.0,0.7,0.89
2022-08-31,隆基绿能,601012,51.88,52.5,50.26,50.63,52.23,892495,4602954293.0,1.18,-3.06
2022-08-30,隆基绿能,601012,52.88,53.21,51.73,52.23,52.84,565857,2988106431.0,0.75,-1.15
2022-08-29,隆基绿能,601012,51.6,53.41,51.3,52.84,52.49,627256,3341097965.0,0.83,0.67
2022-08-26,隆基绿能,601012,52.56,53.23,52.27,52.49,52.28,667886,3556473102.0,0.88,0.4
2022-08-25,隆基绿能,601012,52.64,53.13,51.43,52.28,52.11,848502,4488515436.0,1.12,0.33
2022-08-24,隆基绿能,601012,53.62,53.62,51.81,52.11,53.63,801354,4252953111.0,1.06,-2.83
2022-08-23,隆基绿能,601012,52.85,54.98,52.85,53.63,52.84,1216969,6618376678.0,1.61,1.5
2022-08-22,隆基绿能,601012,54.32,54.33,51.52,52.84,55.55,2157949,11499256648.0,2.85,-4.88
2022-08-19,隆基绿能,601012,60.31,60.31,55.35,55.55,60.36,2060662,11805893746.0,2.72,-7.97
2022-08-18,隆基绿能,601012,60.53,61.17,60.06,60.36,60.04,597909,3653974634.0,0.79,0.53
2022-08-17,隆基绿能,601012,59.54,60.66,59.19,60.04,59.82,568322,3451521773.0,0.75,0.37
2022-08-16,隆基绿能,601012,59.49,60.75,59.22,59.82,59.49,666593,4044248292.0,0.88,0.55
2022-08-15,隆基绿能,601012,58.43,60.31,58.02,59.49,58.01,644508,3873562073.0,0.85,2.55
2022-08-12,隆基绿能,601012,57.69,58.5,57.4,58.01,57.43,553617,3243473875.0,0.73,1.01
2022-08-11,隆基绿能,601012,57.78,57.92,55.93,57.43,57.17,614885,3542737515.0,0.81,0.45
2022-08-10,隆基绿能,601012,57.51,58.23,56.83,57.17,57.51,521058,3015462561.0,0.69,-0.59
2022-08-09,隆基绿能,601012,55.98,58.29,55.24,57.51,55.98,905645,5240197680.0,1.2,2.73
2022-08-08,隆基绿能,601012,56.22,56.42,54.44,55.98,56.16,666099,3740454585.0,0.88,-0.32
2022-08-05,隆基绿能,601012,55.62,56.22,54.75,56.16,55.19,602353,3378928661.0,0.79,1.76
2022-08-04,隆基绿能,601012,56.29,56.63,54.13,55.19,56.29,1094067,6095707092.0,1.44,-1.95
2022-08-03,隆基绿能,601012,59.02,60.03,55.63,56.29,59.02,1150704,6661195326.0,1.52,-4.63
2022-08-02,隆基绿能,601012,59.53,59.9,57.89,59.02,60.64,878740,5216848666.0,1.16,-2.67
2022-08-01,隆基绿能,601012,61.13,61.23,58.93,60.64,60.93,652371,3952084411.0,0.86,-0.48
2022-07-29,隆基绿能,601012,60.81,62.31,60.64,60.93,60.61,723450,4485751569.0,0.95,0.53
2022-07-28,隆基绿能,601012,60.93,62.03,59.94,60.61,60.69,732776,4527758669.0,0.97,-0.13
2022-07-27,隆基绿能,601012,59.13,61.18,58.89,60.69,59.08,805226,4904723492.0,1.06,2.73
2022-07-26,隆基绿能,601012,58.43,59.92,58.11,59.08,58.24,532192,3179138216.0,0.7,1.44
2022-07-25,隆基绿能,601012,59.93,60.05,58.03,58.24,59.57,503600,2974756362.0,0.66,-2.23
2022-07-22,隆基绿能,601012,59.4,60.66,58.93,59.57,58.56,793038,4778758043.0,1.05,1.72
2022-07-21,隆基绿能,601012,59.21,59.71,58.44,58.56,59.25,500102,2981266274.0,0.66,-1.16
2022-07-20,隆基绿能,601012,60.31,60.42,58.94,59.25,59.58,529616,3177985545.0,0.7,-0.55
2022-07-19,隆基绿能,601012,61.54,61.72,59.13,59.58,61.53,770319,4654383895.0,1.02,-3.17
2022-07-18,隆基绿能,601012,62.12,62.31,60.23,61.53,61.47,581429,3594079180.0,0.77,0.1
2022-07-15,隆基绿能,601012,61.1,63.91,60.94,61.47,61.34,894543,5650569124.0,1.18,0.21
2022-07-14,隆基绿能,601012,61.0,62.42,60.38,61.34,61.0,800665,4969889431.0,1.06,0.56
2022-07-13,隆基绿能,601012,58.36,61.61,58.17,61.0,58.36,934186,5684181899.0,1.23,4.52
2022-07-12,隆基绿能,601012,59.99,60.37,58.06,58.36,59.67,708078,4204998300.0,0.93,-2.2
2022-07-11,隆基绿能,601012,60.73,60.91,58.91,59.67,61.61,841874,5065270784.0,1.11,-3.15
2022-07-08,隆基绿能,601012,64.55,64.82,61.51,61.61,63.73,823120,5200413696.0,1.09,-3.33
2022-07-07,隆基绿能,601012,62.86,64.13,61.55,63.73,62.93,831723,5292282112.0,1.1,1.27
2022-07-06,隆基绿能,601012,63.58,64.34,62.11,62.93,63.58,644830,4104494368.0,0.85,-1.02
2022-07-05,隆基绿能,601012,63.93,64.42,62.53,63.58,63.8,756245,4829987072.0,1.0,-0.34
2022-07-04,隆基绿能,601012,62.13,64.92,62.11,63.8,64.32,909955,5835528448.0,1.2,-0.81
2022-07-01,隆基绿能,601012,66.91,67.43,63.53,64.32,66.06,964942,6383687680.0,1.27,-2.63
2022-06-30,隆基绿能,601012,63.53,67.03,62.61,66.06,63.59,1082377,7087642368.0,1.43,3.88
2022-06-29,隆基绿能,601012,66.33,67.38,63.41,63.59,67.03,1014553,6694290176.0,1.34,-5.13
2022-06-28,隆基绿能,601012,64.07,67.25,62.93,67.03,64.01,1214056,7984170240.0,1.6,4.72
2022-06-27,隆基绿能,601012,64.91,64.93,63.31,64.01,63.78,862733,5579044608.0,1.14,0.36
2022-06-24,隆基绿能,601012,62.38,63.93,61.94,63.78,61.23,1220966,7805779968.0,1.61,4.16
2022-06-23,隆基绿能,601012,60.98,61.57,60.01,61.23,60.78,630823,3877894448.0,0.83,0.74
2022-06-22,隆基绿能,601012,60.38,62.29,59.93,60.78,60.38,783961,4842506240.0,1.03,0.66
2022-06-21,隆基绿能,601012,60.23,62.68,59.13,60.38,60.2,945433,5784532736.0,1.25,0.3
2022-06-20,隆基绿能,601012,60.89,61.03,59.48,60.2,60.28,812627,4952559872.0,1.07,-0.13
2022-06-17,隆基绿能,601012,58.71,60.53,58.44,60.28,59.38,795614,4821308160.0,1.05,1.52
2022-06-16,隆基绿能,601012,57.92,59.97,57.83,59.38,57.93,752997,4512323072.0,0.99,2.5
2022-06-15,隆基绿能,601012,58.76,59.4,56.93,57.93,58.76,981144,5740288000.0,1.29,-1.41
2022-06-14,隆基绿能,601012,59.55,59.63,57.03,58.76,60.17,973316,5729026816.0,1.28,-2.34
2022-06-13,隆基绿能,601012,59.44,60.97,59.33,60.17,60.49,578385,3502771216.0,0.76,-0.53
2022-06-10,隆基绿能,601012,59.43,60.92,57.41,60.49,60.41,941228,5680432128.0,1.24,0.13
2022-06-09,隆基绿能,601012,59.64,61.02,59.33,60.41,59.64,794661,4828508416.0,1.05,1.29
2022-06-08,隆基绿能,601012,60.51,60.73,58.44,59.64,60.06,974319,5842896384.0,1.29,-0.7
2022-06-07,隆基绿能,601012,62.13,62.99,60.03,60.06,60.05,1467264,9075963904.0,1.94,0.02
2022-06-06,隆基绿能,601012,57.15,61.73,56.43,60.05,56.37,1068502,6382247936.0,1.41,6.53
2022-06-02,隆基绿能,601012,55.67,56.51,54.96,56.37,55.46,377225,3003191424.0,0.7,1.64
2022-06-01,隆基绿能,601012,55.82,56.02,54.67,55.46,55.82,335015,2632366592.0,0.62,-0.64
2022-05-31,隆基绿能,601012,55.08,55.88,54.37,55.82,53.75,578347,4545943808.0,1.07,3.85
2022-05-30,隆基绿能,601012,53.14,54.16,52.82,53.75,52.9,417539,3185049760.0,0.77,1.61
2022-05-27,隆基绿能,601012,53.54,54.59,52.59,52.9,52.89,328856,2500213776.0,0.61,0.02
2022-05-26,隆基绿能,601012,52.1,53.17,51.1,52.89,52.09,439478,3272632656.0,0.81,1.54
2022-05-25,隆基绿能,601012,51.51,52.55,51.19,52.09,51.69,340881,2514086160.0,0.63,0.77
2022-05-24,隆基绿能,601012,53.47,53.82,51.64,51.69,53.46,409644,3063350432.0,0.76,-3.31
2022-05-23,隆基绿能,601012,54.02,54.24,52.52,53.46,54.02,422164,3195763296.0,0.78,-1.04
2022-05-20,隆基绿能,601012,53.24,54.56,53.02,54.02,52.94,661735,5051233536.0,1.22,2.04
2022-05-19,隆基绿能,601012,49.39,53.47,49.1,52.94,49.79,1058988,7795093248.0,1.96,6.33
2022-05-18,隆基绿能,601012,49.93,50.31,49.1,49.79,49.47,493976,3488765920.0,0.91,0.65
2022-05-17,隆基绿能,601012,48.17,49.96,47.96,49.47,47.82,566168,3950175792.0,1.05,3.45
2022-05-16,隆基绿能,601012,49.21,49.94,47.82,47.82,49.07,422430,2907133792.0,0.78,-2.55
2022-05-13,隆基绿能,601012,49.87,49.98,48.69,49.07,49.09,302238,2112679232.0,0.56,-0.04
2022-05-12,隆基绿能,601012,50.17,50.17,48.71,49.09,50.24,526911,3687166176.0,0.97,-2.29
2022-05-11,隆基绿能,601012,48.46,51.39,48.44,50.24,48.12,808780,5796750848.0,1.49,4.41
2022-05-10,隆基绿能,601012,46.64,50.19,46.64,48.12,48.77,606858,4199569360.0,1.12,-1.33
2022-05-09,隆基绿能,601012,46.88,49.24,46.67,48.77,47.12,463673,3189375424.0,0.86,3.5
2022-05-06,隆基绿能,601012,47.38,48.17,47.1,47.12,48.59,390392,2637870704.0,0.72,-3.03
2022-05-05,隆基绿能,601012,48.04,49.89,47.79,48.59,47.79,657867,4565492480.0,1.22,1.67
2022-04-29,隆基绿能,601012,45.67,48.32,45.02,47.79,45.37,828603,5518579968.0,1.53,5.33
2022-04-28,隆基绿能,601012,42.1,46.39,39.99,45.37,43.03,1069988,6788961536.0,1.98,5.44
2022-04-27,隆基绿能,601012,39.64,43.14,39.63,43.03,40.08,761615,4523392256.0,1.41,7.36
2022-04-26,隆基绿能,601012,39.68,41.29,39.39,40.08,39.68,580948,3339825280.0,1.07,1.01
2022-04-25,隆基绿能,601012,42.1,42.45,39.6,39.68,43.53,700467,4085597520.0,1.29,-8.84
2022-04-22,隆基绿能,601012,42.82,43.82,42.67,43.53,43.94,573136,3535533392.0,1.06,-0.93
2022-04-21,隆基绿能,601012,46.57,47.14,43.53,43.94,46.96,850586,5436471808.0,1.57,-6.43
2022-04-20,隆基绿能,601012,47.24,48.14,46.86,46.96,48.6,492728,3308356464.0,0.91,-3.37
2022-04-19,隆基绿能,601012,48.53,49.71,48.37,48.6,48.67,467311,3252055440.0,0.86,-0.14
2022-04-18,隆基绿能,601012,46.34,49.04,45.92,48.67,46.67,636220,4352382976.0,1.18,4.29
2022-04-15,隆基绿能,601012,46.39,47.01,45.67,46.67,47.12,449692,2962970256.0,0.83,-0.96
2022-04-14,隆基绿能,601012,47.46,47.73,46.24,47.12,46.88,402115,2679158352.0,0.74,0.51
2022-04-13,隆基绿能,601012,46.89,47.38,46.09,46.88,47.0,369887,2468088464.0,0.68,-0.26
2022-04-12,隆基绿能,601012,47.09,47.29,46.03,47.0,46.26,421667,2804527744.0,0.78,1.6
2022-04-11,隆基绿能,601012,47.39,47.46,45.68,46.26,47.74,565606,3736122336.0,1.04,-3.1
2022-04-08,隆基绿能,601012,48.41,49.0,46.99,47.74,48.41,449961,3067662336.0,0.83,-1.38
2022-04-07,隆基绿能,601012,48.21,48.76,47.28,48.41,48.24,497375,3406152304.0,0.92,0.35
2022-04-06,隆基绿能,601012,49.24,49.3,47.82,48.24,51.1,865522,5951088640.0,1.6,-5.6
2022-04-01,隆基绿能,601012,49.96,52.34,49.24,51.1,50.81,505231,3661966032.0,0.93,0.57
2022-03-31,隆基绿能,601012,53.03,53.03,50.41,50.81,53.09,649706,4718237696.0,1.2,-4.29
2022-03-30,隆基绿能,601012,52.59,53.09,51.44,53.09,52.34,645522,4819761152.0,1.19,1.43
2022-03-29,隆基绿能,601012,53.87,54.73,51.67,52.34,53.42,545709,4105629840.0,1.01,-2.02
2022-03-28,隆基绿能,601012,52.79,54.44,52.47,53.42,53.46,472079,3591873824.0,0.87,-0.07
2022-03-25,隆基绿能,601012,55.53,55.53,53.39,53.46,55.54,488689,3755647632.0,0.9,-3.75
2022-03-24,隆基绿能,601012,56.24,56.24,54.29,55.54,56.74,522169,4086884976.0,0.96,-2.11
2022-03-23,隆基绿能,601012,57.11,57.81,55.98,56.74,56.74,399805,3233477344.0,0.74,0.0
2022-03-22,隆基绿能,601012,58.54,58.8,55.82,56.74,58.24,508038,4122897552.0,0.94,-2.58
2022-03-21,隆基绿能,601012,56.95,58.53,56.74,58.24,56.87,669540,5494078976.0,1.24,2.41
2022-03-18,隆基绿能,601012,56.67,57.23,55.46,56.87,56.9,442803,3539321728.0,0.82,-0.05
2022-03-17,隆基绿能,601012,58.53,58.95,56.64,56.9,57.1,938953,7686029312.0,1.73,-0.35
2022-03-16,隆基绿能,601012,55.89,57.24,53.44,57.1,54.53,977037,7729154560.0,1.81,4.71
2022-03-15,隆基绿能,601012,55.23,56.93,54.0,54.53,56.16,761873,5967391232.0,1.41,-2.9
2022-03-14,隆基绿能,601012,56.83,58.37,55.86,56.16,56.75,640850,5199609856.0,1.18,-1.04
2022-03-11,隆基绿能,601012,56.47,58.03,55.43,56.75,57.63,767912,6184126464.0,1.42,-1.53
2022-03-10,隆基绿能,601012,57.53,58.41,57.24,57.63,55.07,1167538,9573904896.0,2.16,4.65
2022-03-09,隆基绿能,601012,56.38,57.03,52.1,55.07,54.77,933539,7257176576.0,1.72,0.55
2022-03-08,隆基绿能,601012,53.6,56.3,53.6,54.77,54.1,869178,6821768704.0,1.61,1.24
2022-03-07,隆基绿能,601012,54.22,55.51,53.17,54.1,54.82,541835,4167608880.0,1.0,-1.31
2022-03-04,隆基绿能,601012,54.2,55.96,53.84,54.82,55.31,411258,3209014192.0,0.76,-0.89
2022-03-03,隆基绿能,601012,56.64,56.84,55.09,55.31,56.42,428574,3389613936.0,0.79,-1.97
2022-03-02,隆基绿能,601012,56.4,56.73,54.44,56.42,56.42,674373,5331833344.0,1.25,0.0
2022-03-01,隆基绿能,601012,56.74,57.72,55.9,56.42,54.72,1077074,8664020992.0,1.99,3.11
2022-02-28,隆基绿能,601012,52.5,54.85,52.21,54.72,52.5,869304,6647010816.0,1.61,4.23
2022-02-25,隆基绿能,601012,52.82,53.71,51.74,52.5,51.42,744179,5582305792.0,1.37,2.1
2022-02-24,隆基绿能,601012,50.42,53.03,50.01,51.42,50.67,1082287,7934986752.0,2.0,1.48
2022-02-23,隆基绿能,601012,49.39,50.87,49.27,50.67,48.59,790910,5649033216.0,1.46,4.28
2022-02-22,隆基绿能,601012,47.51,49.37,46.82,48.59,48.03,633490,4358814464.0,1.17,1.17
2022-02-21,隆基绿能,601012,48.16,48.44,47.35,48.03,48.21,326034,2218727040.0,0.6,-0.37
2022-02-18,隆基绿能,601012,48.53,48.74,47.62,48.21,48.89,424515,2907300624.0,0.78,-1.39
2022-02-17,隆基绿能,601012,47.53,49.49,47.36,48.89,47.87,622478,4334748928.0,1.15,2.13
2022-02-16,隆基绿能,601012,48.82,48.82,47.6,47.87,48.22,420373,2871942000.0,0.78,-0.73
2022-02-15,隆基绿能,601012,46.36,48.39,46.05,48.22,45.91,715621,4824525056.0,1.32,5.03
2022-02-14,隆基绿能,601012,45.49,46.56,44.63,45.91,45.78,561972,3668216736.0,1.04,0.28
2022-02-11,隆基绿能,601012,47.1,47.92,45.53,45.78,48.17,1020831,6757660160.0,1.89,-4.96
2022-02-10,隆基绿能,601012,50.32,50.33,47.47,48.17,50.09,795412,5474501888.0,1.47,-3.83
2022-02-09,隆基绿能,601012,50.73,50.98,49.44,50.09,50.57,462380,3289853744.0,0.85,-0.95
2022-02-08,隆基绿能,601012,51.53,51.54,49.1,50.57,51.54,486661,3466510960.0,0.9,-1.88
2022-02-07,隆基绿能,601012,50.39,52.34,49.89,51.54,49.32,658895,4810433536.0,1.22,4.5
2022-01-28,隆基绿能,601012,52.85,53.19,47.24,49.32,52.41,1040468,7340734976.0,1.92,-5.9
2022-01-27,隆基绿能,601012,54.17,54.24,52.32,52.41,54.47,525137,3960290544.0,0.97,-3.78
2022-01-26,隆基绿能,601012,52.97,54.74,52.68,54.47,52.42,566340,4329721600.0,1.05,3.91
2022-01-25,隆基绿能,601012,53.1,54.24,52.32,52.42,53.92,441928,3340132480.0,0.82,-2.78
2022-01-24,隆基绿能,601012,53.17,54.74,51.98,53.92,53.53,508964,3867749424.0,0.94,0.73
2022-01-21,隆基绿能,601012,54.96,54.96,53.26,53.53,55.1,582372,4448835072.0,1.08,-2.85
2022-01-20,隆基绿能,601012,54.96,55.37,54.66,55.1,55.32,283251,2210017376.0,0.52,-0.4
2022-01-19,隆基绿能,601012,55.81,55.89,54.88,55.32,56.04,345669,2707394704.0,0.64,-1.28
2022-01-18,隆基绿能,601012,56.84,57.32,55.67,56.04,57.11,432470,3461272640.0,0.8,-1.87
2022-01-17,隆基绿能,601012,57.02,58.11,56.46,57.11,55.85,499007,4056716944.0,0.92,2.26
2022-01-14,隆基绿能,601012,55.6,56.74,55.17,55.85,55.85,350270,2776847744.0,0.65,0.0
2022-01-13,隆基绿能,601012,56.74,56.82,55.32,55.85,56.53,348844,2766337472.0,0.64,-1.2
2022-01-12,隆基绿能,601012,55.52,56.86,55.03,56.53,54.94,497164,3960998768.0,0.92,2.89
2022-01-11,隆基绿能,601012,55.96,56.37,54.67,54.94,56.17,534768,4183417248.0,0.99,-2.19
2022-01-10,隆基绿能,601012,56.67,57.29,55.8,56.17,56.58,405479,3236932096.0,0.75,-0.72
2022-01-07,隆基绿能,601012,56.89,57.79,56.14,56.58,56.78,481170,3880542656.0,0.89,-0.35
2022-01-06,隆基绿能,601012,56.39,57.67,55.93,56.78,57.44,436893,3520049200.0,0.81,-1.15
2022-01-05,隆基绿能,601012,59.82,59.82,57.24,57.44,59.86,631038,5206534656.0,1.17,-4.04
2022-01-04,隆基绿能,601012,61.02,62.12,58.26,59.86,60.82,881243,7463050496.0,1.63,-1.58
2021-12-31,隆基绿能,601012,59.24,61.62,59.24,60.82,57.27,1213772,10420525824.0,2.24,6.2
2021-12-30,隆基绿能,601012,58.03,59.24,56.75,57.27,57.82,632874,5210227456.0,1.17,-0.95
2021-12-29,隆基绿能,601012,57.23,58.49,56.96,57.82,57.49,528764,4344087296.0,0.98,0.57
2021-12-28,隆基绿能,601012,54.96,57.74,54.67,57.49,55.06,686944,5504813568.0,1.27,4.41
2021-12-27,隆基绿能,601012,54.74,55.85,54.43,55.06,54.87,407902,3192025312.0,0.75,0.35
2021-12-24,隆基绿能,601012,56.39,56.52,54.82,54.87,56.53,675515,5289874944.0,1.25,-2.94
2021-12-23,隆基绿能,601012,56.07,57.1,55.89,56.53,56.47,440370,3531361328.0,0.81,0.11
2021-12-22,隆基绿能,601012,57.67,57.67,56.37,56.47,57.09,402722,3234249936.0,0.74,-1.09
2021-12-21,隆基绿能,601012,56.62,57.1,55.83,57.09,56.74,485882,3890425824.0,0.9,0.62
2021-12-20,隆基绿能,601012,57.12,57.6,55.79,56.74,57.74,657110,5268908800.0,1.21,-1.73
2021-12-17,隆基绿能,601012,58.89,59.48,57.46,57.74,60.3,821856,6786065408.0,1.52,-4.25
2021-12-16,隆基绿能,601012,59.99,60.77,59.82,60.3,60.17,381490,3254688176.0,0.7,0.22
2021-12-15,隆基绿能,601012,60.66,61.6,59.96,60.17,61.06,495054,4245867008.0,0.91,-1.46
2021-12-14,隆基绿能,601012,61.96,62.33,60.68,61.06,61.87,484982,4216633696.0,0.9,-1.31
2021-12-13,隆基绿能,601012,61.25,62.98,60.74,61.87,61.25,801774,7064169472.0,1.48,1.01
2021-12-10,隆基绿能,601012,59.62,61.74,59.24,61.25,59.96,752874,6483385088.0,1.39,2.15
2021-12-09,隆基绿能,601012,59.02,60.39,58.84,59.96,59.36,617135,5237739008.0,1.14,1.01
2021-12-08,隆基绿能,601012,59.6,59.74,58.24,59.36,59.22,730797,6125878272.0,1.35,0.24
2021-12-07,隆基绿能,601012,58.24,59.23,57.14,59.22,57.74,748803,6160668416.0,1.38,2.56
2021-12-06,隆基绿能,601012,57.82,58.88,57.49,57.74,57.99,629615,5185917696.0,1.16,-0.43
2021-12-03,隆基绿能,601012,58.39,58.39,56.42,57.99,58.62,1021425,8287662848.0,1.89,-1.07
2021-12-02,隆基绿能,601012,58.74,59.46,58.36,58.62,59.29,635101,5291846656.0,1.17,-1.13
2021-12-01,隆基绿能,601012,60.51,60.82,58.54,59.29,61.69,1195722,10072294656.0,2.21,-3.89
2021-11-30,隆基绿能,601012,62.24,62.52,60.99,61.69,62.09,430959,3772926272.0,0.8,-0.64
2021-11-29,隆基绿能,601012,60.67,62.22,60.26,62.09,61.64,541898,4720274944.0,1.0,0.73
2021-11-26,隆基绿能,601012,61.39,62.21,60.86,61.64,61.7,563559,4907340288.0,1.04,-0.1
2021-11-25,隆基绿能,601012,63.53,63.53,61.14,61.7,64.08,1067463,9373395968.0,1.97,-3.71
2021-11-24,隆基绿能,601012,66.11,66.17,63.29,64.08,65.52,750539,6839301376.0,1.39,-2.2
2021-11-23,隆基绿能,601012,64.59,67.28,64.41,65.52,65.09,817412,7654805760.0,1.51,0.66
2021-11-22,隆基绿能,601012,65.53,65.87,63.79,65.09,64.88,899454,8255304960.0,1.66,0.32
2021-11-19,隆基绿能,601012,63.24,65.41,62.12,64.88,63.33,878592,7934765056.0,1.62,2.45
2021-11-18,隆基绿能,601012,64.39,64.39,61.86,63.33,64.45,724482,6466310656.0,1.34,-1.74
2021-11-17,隆基绿能,601012,64.03,65.8,62.77,64.45,63.52,854882,7779495424.0,1.58,1.46
2021-11-16,隆基绿能,601012,65.17,65.54,63.35,63.52,65.17,533499,4844123904.0,0.99,-2.53
2021-11-15,隆基绿能,601012,66.31,66.31,64.17,65.17,66.94,640534,5898307584.0,1.18,-2.64
2021-11-12,隆基绿能,601012,68.61,69.14,66.74,66.94,67.67,627621,6029396224.0,1.16,-1.08
2021-11-11,隆基绿能,601012,68.52,69.24,65.99,67.67,66.96,759115,7281845504.0,1.4,1.06
2021-11-10,隆基绿能,601012,65.03,68.14,64.82,66.96,65.77,791831,7439220736.0,1.46,1.81
2021-11-09,隆基绿能,601012,66.71,67.03,65.18,65.77,64.74,715354,6693126144.0,1.32,1.59
2021-11-08,隆基绿能,601012,62.8,65.11,62.46,64.74,63.53,700956,6370719744.0,1.29,1.9
2021-11-05,隆基绿能,601012,62.82,65.03,60.83,63.53,65.32,1202336,10722588160.0,2.22,-2.74
2021-11-04,隆基绿能,601012,65.67,67.23,64.52,65.32,64.24,1297883,12132851456.0,2.4,1.68
2021-11-03,隆基绿能,601012,69.24,69.97,63.66,64.24,70.66,1993185,18736269056.0,3.68,-9.09
2021-11-02,隆基绿能,601012,70.67,72.65,69.77,70.66,70.82,1225232,12328218368.0,2.26,-0.23
2021-11-01,隆基绿能,601012,68.88,73.03,68.25,70.82,69.02,1944072,19424256000.0,3.59,2.61
2021-10-29,隆基绿能,601012,63.03,69.16,61.61,69.02,62.9,2243625,20935018496.0,4.15,9.73
2021-10-28,隆基绿能,601012,62.72,63.6,62.01,62.9,62.39,912002,8152928256.0,1.68,0.82
2021-10-27,隆基绿能,601012,61.03,63.24,60.67,62.39,60.96,919678,8130554112.0,1.7,2.35
2021-10-26,隆基绿能,601012,62.6,63.12,60.94,60.96,62.1,603432,5276104960.0,1.11,-1.84
2021-10-25,隆基绿能,601012,59.69,62.97,59.6,62.1,59.69,983623,8657123840.0,1.82,4.04
2021-10-22,隆基绿能,601012,59.16,60.35,58.52,59.69,59.54,560815,4733585664.0,1.04,0.25
2021-10-21,隆基绿能,601012,61.39,61.62,58.96,59.54,62.0,850080,7224333056.0,1.57,-3.97
2021-10-20,隆基绿能,601012,59.82,63.52,59.71,62.0,59.95,1068798,9453783808.0,1.97,3.42
2021-10-19,隆基绿能,601012,61.62,61.64,59.73,59.95,60.69,490067,4189600304.0,0.91,-1.22
2021-10-18,隆基绿能,601012,61.24,62.1,59.24,60.69,59.96,705854,6052956928.0,1.3,1.22
2021-10-15,隆基绿能,601012,57.82,60.32,57.33,59.96,57.85,984941,8300943360.0,1.82,3.65
2021-10-14,隆基绿能,601012,58.55,58.98,57.54,57.85,58.68,530644,4381512192.0,0.98,-1.41
2021-10-13,隆基绿能,601012,55.59,58.79,55.59,58.68,55.07,1041916,8514613760.0,1.92,6.56
2021-10-12,隆基绿能,601012,55.32,55.84,54.43,55.07,55.28,495737,3875041408.0,0.92,-0.38
2021-10-11,隆基绿能,601012,56.14,56.65,54.56,55.28,56.07,645778,5090438912.0,1.19,-1.41
2021-10-08,隆基绿能,601012,58.67,58.78,55.5,56.07,58.16,814870,6559348736.0,1.51,-3.59
2021-09-30,隆基绿能,601012,57.17,58.67,57.17,58.16,57.15,491999,4061710416.0,0.91,1.77
2021-09-29,隆基绿能,601012,56.46,58.17,55.92,57.15,57.5,556548,4524582912.0,1.03,-0.61
2021-09-28,隆基绿能,601012,58.49,58.99,57.14,57.5,58.52,483319,3970659440.0,0.89,-1.74
2021-09-27,隆基绿能,601012,58.38,58.88,56.75,58.52,57.68,809012,6669234432.0,1.49,1.46
2021-09-24,隆基绿能,601012,56.57,58.64,55.4,57.68,56.52,776358,6315356416.0,1.43,2.05
2021-09-23,隆基绿能,601012,57.14,57.34,56.18,56.52,56.64,517374,4147301504.0,0.96,-0.21
2021-09-22,隆基绿能,601012,55.52,57.46,55.33,56.64,56.53,414371,3329593456.0,0.77,0.19
2021-09-17,隆基绿能,601012,56.85,57.59,55.67,56.53,57.11,684170,5469904640.0,1.26,-1.02
2021-09-16,隆基绿能,601012,59.96,59.97,57.11,57.11,59.32,802577,6573777920.0,1.48,-3.73
2021-09-15,隆基绿能,601012,58.67,59.74,58.31,59.32,57.75,865062,7249086720.0,1.6,2.72
2021-09-14,隆基绿能,601012,57.22,58.87,56.83,57.75,57.39,800553,6562793728.0,1.48,0.63
2021-09-13,隆基绿能,601012,59.12,59.12,56.79,57.39,59.11,868883,7087003392.0,1.61,-2.91
2021-09-10,隆基绿能,601012,57.82,59.49,57.25,59.11,58.38,701639,5823971072.0,1.3,1.25
2021-09-09,隆基绿能,601012,59.24,59.6,57.1,58.38,59.73,1094681,9005172480.0,2.02,-2.26
2021-09-08,隆基绿能,601012,62.02,62.67,59.24,59.73,61.75,883827,7571000320.0,1.63,-3.27
2021-09-07,隆基绿能,601012,61.03,61.75,59.66,61.75,60.69,650985,5626859264.0,1.2,1.75
2021-09-06,隆基绿能,601012,61.39,61.77,58.67,60.69,60.38,756985,6448861440.0,1.4,0.51
2021-09-03,隆基绿能,601012,63.1,64.46,59.93,60.38,62.2,948806,8352280832.0,1.75,-2.93
2021-09-02,隆基绿能,601012,60.44,62.73,60.44,62.2,59.98,844706,7404629760.0,1.56,3.7
2021-09-01,隆基绿能,601012,61.82,62.53,58.73,59.98,63.14,1305172,11191296512.0,2.41,-5.0
2021-08-31,隆基绿能,601012,67.02,67.02,62.23,63.14,68.74,1787544,16270744064.0,3.3,-8.15
2021-08-30,隆基绿能,601012,65.49,69.66,64.6,68.74,64.11,1819453,17373352960.0,3.36,7.22
2021-08-27,隆基绿能,601012,60.67,64.47,60.67,64.11,60.67,1365770,12300172800.0,2.52,5.67
2021-08-26,隆基绿能,601012,62.6,63.39,60.66,60.67,62.19,906197,7949342208.0,1.67,-2.44
2021-08-25,隆基绿能,601012,59.97,62.73,59.45,62.19,59.34,1294191,11228242176.0,2.39,4.8
2021-08-24,隆基绿能,601012,57.49,60.67,56.86,59.34,56.92,1196427,10048701952.0,2.21,4.25
2021-08-23,隆基绿能,601012,56.07,57.24,54.6,56.92,55.76,830602,6605005824.0,1.53,2.08
2021-08-20,隆基绿能,601012,56.09,57.39,55.16,55.76,56.67,704669,5607785984.0,1.3,-1.61
2021-08-19,隆基绿能,601012,57.74,58.39,54.32,56.67,57.8,1242400,9902694400.0,2.3,-1.96
2021-08-18,隆基绿能,601012,59.34,60.32,56.8,57.8,59.96,973818,8050117120.0,1.8,-3.6
2021-08-17,隆基绿能,601012,60.1,61.16,59.23,59.96,59.79,741640,6350971136.0,1.37,0.28
2021-08-16,隆基绿能,601012,58.62,60.31,58.24,59.79,59.36,600713,5073982464.0,1.11,0.72
2021-08-13,隆基绿能,601012,59.96,60.67,59.2,59.36,61.13,804452,6800290560.0,1.49,-2.9
2021-08-12,隆基绿能,601012,60.67,61.45,59.1,61.13,60.76,870289,7433154560.0,1.61,0.61
2021-08-11,隆基绿能,601012,61.6,61.67,59.96,60.76,61.59,748327,6423120896.0,1.38,-1.35
2021-08-10,隆基绿能,601012,62.46,62.87,60.59,61.59,62.12,861532,7492294400.0,1.59,-0.85
2021-08-09,隆基绿能,601012,64.81,64.81,61.1,62.12,64.89,1019557,8965651968.0,1.88,-4.27
2021-08-06,隆基绿能,601012,65.8,67.33,64.53,64.89,65.79,804946,7491539200.0,1.49,-1.37
2021-08-05,隆基绿能,601012,64.73,67.21,63.54,65.79,64.94,1224974,11373091072.0,2.26,1.31
2021-08-04,隆基绿能,601012,60.08,65.37,59.97,64.94,60.08,1710555,15460749568.0,3.16,8.09
2021-08-03,隆基绿能,601012,61.96,62.23,59.14,60.08,61.12,752270,6457124352.0,1.39,-1.7
2021-08-02,隆基绿能,601012,59.85,62.82,58.97,61.12,60.62,880488,7621433600.0,1.63,0.82
2021-07-30,隆基绿能,601012,63.09,63.09,60.22,60.62,63.32,1046094,9115571712.0,1.93,-4.26
2021-07-29,隆基绿能,601012,62.1,63.84,60.6,63.32,60.29,1095810,9672878592.0,2.02,5.03
2021-07-28,隆基绿能,601012,57.82,60.98,56.62,60.29,59.02,1120522,9416049152.0,2.07,2.15
2021-07-27,隆基绿能,601012,62.1,63.52,58.97,59.02,62.42,1080944,9393704704.0,2.0,-5.45
2021-07-26,隆基绿能,601012,64.49,64.73,59.39,62.42,65.17,1390853,12280092160.0,2.57,-4.22
2021-07-23,隆基绿能,601012,65.35,67.42,64.96,65.17,65.66,803541,7511485440.0,1.48,-0.75
2021-07-22,隆基绿能,601012,66.39,66.88,64.67,65.66,65.84,801304,7439512320.0,1.48,-0.27
2021-07-21,隆基绿能,601012,64.23,66.74,63.57,65.84,63.21,1094846,10150943744.0,2.02,4.16
2021-07-20,隆基绿能,601012,61.49,63.96,61.29,63.21,62.19,638204,5701556992.0,1.18,1.64
2021-07-19,隆基绿能,601012,62.46,64.1,61.24,62.19,62.82,823849,7284720128.0,1.52,-1.0
2021-07-16,隆基绿能,601012,65.67,65.99,62.73,62.82,65.77,980786,8926463744.0,1.81,-4.49
2021-07-15,隆基绿能,601012,61.03,65.92,60.87,65.77,61.74,1274374,11590975232.0,2.35,6.53
2021-07-14,隆基绿能,601012,62.99,63.64,61.16,61.74,63.07,876999,7727611648.0,1.62,-2.11
2021-07-13,隆基绿能,601012,63.89,65.53,62.83,63.07,64.51,980266,8843854336.0,1.81,-2.23
2021-07-12,隆基绿能,601012,64.99,66.59,64.0,64.51,64.91,1066938,9849152768.0,1.97,-0.62
2021-07-09,隆基绿能,601012,63.07,65.67,61.49,64.91,64.03,1164086,10494977280.0,2.15,1.37
2021-07-08,隆基绿能,601012,63.53,65.67,62.82,64.03,63.44,1247019,11369312768.0,2.3,0.93
2021-07-07,隆基绿能,601012,57.39,63.44,56.87,63.44,58.37,1477927,12778774784.0,2.73,8.69
2021-07-06,隆基绿能,601012,59.34,60.13,57.04,58.37,59.29,949822,7858809856.0,1.75,-1.55
2021-07-05,隆基绿能,601012,58.28,59.82,58.17,59.29,58.29,715235,5972121344.0,1.32,1.72
2021-07-02,隆基绿能,601012,58.88,60.29,57.53,58.29,60.04,1086764,9032382976.0,2.01,-2.91
2021-07-01,隆基绿能,601012,62.73,63.17,59.96,60.04,62.7,991661,8542296832.0,1.83,-4.24
2021-06-30,隆基绿能,601012,61.77,63.45,61.22,62.7,62.67,707116,6236438272.0,1.31,0.05
2021-06-29,隆基绿能,601012,60.73,63.64,60.73,62.67,60.46,1247146,11073919744.0,2.3,3.66
2021-06-28,隆基绿能,601012,60.82,62.09,60.09,60.46,60.79,867291,7484516096.0,1.6,-0.54
2021-06-25,隆基绿能,601012,59.35,62.32,58.77,60.79,59.35,1059874,9172484352.0,1.96,2.43
2021-06-24,隆基绿能,601012,57.53,60.23,56.12,59.35,56.23,1244492,10301049856.0,2.3,5.55
2021-06-23,隆基绿能,601012,55.87,58.11,55.53,56.23,55.09,899358,7269308672.0,1.66,2.07
2021-06-22,隆基绿能,601012,55.44,55.72,53.45,55.09,54.75,469053,5092806400.0,1.21,0.62
2021-06-21,隆基绿能,601012,53.3,55.75,52.17,54.75,53.47,604884,6565352192.0,1.56,2.39
2021-06-18,隆基绿能,601012,51.75,54.52,51.26,53.47,51.47,662764,7032931840.0,1.71,3.89
2021-06-17,隆基绿能,601012,50.98,51.75,50.34,51.47,50.46,499869,5100039424.0,1.29,2.0
2021-06-16,隆基绿能,601012,52.57,53.2,49.68,50.46,53.2,782990,7959864320.0,2.03,-5.15
2021-06-15,隆基绿能,601012,54.98,55.75,52.74,53.2,54.98,776046,8323894272.0,2.01,-3.24
2021-06-11,隆基绿能,601012,52.83,56.26,52.28,54.98,52.0,1222984,13226970880.0,3.16,5.73
2021-06-10,隆基绿能,601012,49.41,52.98,49.14,52.0,48.67,1308535,13417585408.0,3.38,6.84
2021-06-09,隆基绿能,601012,47.84,48.89,47.08,48.67,47.8,406539,3901270000.0,1.05,1.82
2021-06-08,隆基绿能,601012,46.81,48.05,46.36,47.8,46.97,425440,4043160816.0,1.1,1.77
2021-06-07,隆基绿能,601012,47.92,47.94,46.35,46.97,47.91,520968,4871897600.0,1.35,-1.96
2021-06-04,隆基绿能,601012,47.9,48.64,46.97,47.91,48.45,576634,5481255168.0,1.49,-1.11
2021-06-03,隆基绿能,601012,50.14,50.55,48.37,48.45,50.8,674631,6626517248.0,1.74,-4.63
2021-06-02,隆基绿能,601012,52.18,52.94,50.41,50.8,50.7,558120,5725840128.0,1.44,0.2
2021-06-01,隆基绿能,601012,51.29,51.46,49.58,50.7,51.21,502859,5051251712.0,1.3,-1.0
2021-05-31,隆基绿能,601012,49.12,51.41,48.37,51.21,48.73,791348,7942206464.0,2.05,5.09
2021-05-28,隆基绿能,601012,47.65,49.87,47.18,48.73,47.65,657907,6408757760.0,1.7,2.27
2021-05-27,隆基绿能,601012,47.84,48.55,47.47,47.65,48.08,457138,4368723712.0,1.18,-0.89
2021-05-26,隆基绿能,601012,49.12,49.6,48.0,48.08,49.12,472846,4579287808.0,1.22,-2.12
2021-05-25,隆基绿能,601012,47.64,49.12,46.75,49.12,48.23,780225,7455623424.0,2.02,1.85
2021-05-24,隆基绿能,601012,48.86,48.86,47.13,48.23,49.41,544179,5201494016.0,1.41,-2.39
2021-05-21,隆基绿能,601012,50.24,51.66,48.9,49.41,49.46,542247,5412352000.0,1.4,-0.1
2021-05-20,隆基绿能,601012,50.48,50.75,49.12,49.46,50.47,395985,3923539888.0,1.02,-2.0
2021-05-19,隆基绿能,601012,49.97,51.06,49.37,50.47,49.97,421867,4240619504.0,1.09,1.0
2021-05-18,隆基绿能,601012,49.97,50.64,49.32,49.97,49.81,350405,3487572160.0,0.91,0.32
2021-05-17,隆基绿能,601012,48.02,50.08,48.02,49.81,47.99,523812,5177124864.0,1.35,3.79
2021-05-14,隆基绿能,601012,47.47,48.21,46.24,47.99,47.33,370969,3505900048.0,0.96,1.39
2021-05-13,隆基绿能,601012,47.27,47.99,46.87,47.33,48.39,303157,2864799424.0,0.78,-2.19
2021-05-12,隆基绿能,601012,47.84,48.99,47.79,48.39,48.2,255414,2470196192.0,0.66,0.39
2021-05-11,隆基绿能,601012,48.07,48.32,46.58,48.2,48.91,435065,4120827648.0,1.13,-1.45
2021-05-10,隆基绿能,601012,48.13,49.88,47.08,48.91,48.47,428206,4159614960.0,1.11,0.91
2021-05-07,隆基绿能,601012,50.14,51.57,48.1,48.47,50.14,535899,5300692480.0,1.39,-3.33
2021-05-06,隆基绿能,601012,49.61,52.02,49.13,50.14,49.83,723184,7293459200.0,1.87,0.62
2021-04-30,隆基绿能,601012,47.41,50.43,47.39,49.83,47.13,810835,8006832896.0,2.1,5.73
2021-04-29,隆基绿能,601012,47.66,47.66,45.99,47.13,47.35,452026,4237030080.0,1.17,-0.46
2021-04-28,隆基绿能,601012,46.06,47.46,45.63,47.35,45.99,545046,5101771008.0,1.41,2.96
2021-04-27,隆基绿能,601012,45.95,46.6,45.04,45.99,45.79,443382,4055311104.0,1.15,0.44
2021-04-26,隆基绿能,601012,46.31,47.68,45.55,45.79,46.05,583062,5456355840.0,1.51,-0.56
2021-04-23,隆基绿能,601012,45.39,46.72,45.39,46.05,45.35,460360,4246057600.0,1.19,1.54
2021-04-22,隆基绿能,601012,46.83,47.01,44.21,45.35,46.28,583280,5283325184.0,1.51,-2.01
2021-04-21,隆基绿能,601012,47.08,47.88,45.37,46.28,46.26,870869,8130256384.0,2.25,0.04
2021-04-20,隆基绿能,601012,44.83,47.33,44.45,46.26,44.84,839439,7759799296.0,2.17,3.17
2021-04-19,隆基绿能,601012,42.94,45.12,42.37,44.84,42.66,752105,6647395584.0,1.95,5.11
2021-04-16,隆基绿能,601012,43.25,43.26,41.55,42.66,43.39,538801,4556901888.0,1.39,-1.68
2021-04-15,隆基绿能,601012,40.9,43.76,40.49,43.39,41.02,823601,7021186816.0,2.13,5.78
2021-04-14,隆基绿能,601012,40.54,41.46,40.29,41.02,40.75,515784,4217656640.0,1.33,0.66
2021-04-13,隆基绿能,601012,40.68,41.61,40.44,40.75,40.69,414936,3399308672.0,1.07,0.15
2021-04-12,隆基绿能,601012,41.46,42.13,40.19,40.69,41.86,578569,4742177536.0,1.5,-2.8
2021-04-09,隆基绿能,601012,41.97,43.08,41.49,41.86,43.87,652576,5500628480.0,1.69,-4.58
2021-04-08,隆基绿能,601012,43.5,44.44,42.88,43.87,44.59,515702,4514426112.0,1.33,-1.61
2021-04-07,隆基绿能,601012,46.67,46.69,44.35,44.59,46.66,658157,5907819776.0,1.7,-4.44
2021-04-06,隆基绿能,601012,45.42,47.4,45.13,46.66,44.47,766071,7082562560.0,1.98,4.92
2021-04-02,隆基绿能,601012,44.72,45.19,43.34,44.47,44.84,564100,4984790528.0,1.46,-0.83
2021-04-01,隆基绿能,601012,44.65,46.44,43.85,44.84,44.01,653779,5894871552.0,1.69,1.89
2021-03-31,隆基绿能,601012,44.01,45.38,43.16,44.01,43.82,811828,7161190400.0,2.1,0.43
2021-03-30,隆基绿能,601012,40.03,44.06,39.73,43.82,40.04,1044602,8887659520.0,2.7,9.44
2021-03-29,隆基绿能,601012,40.15,40.68,39.37,40.04,40.15,577405,4637820672.0,1.53,-0.27
2021-03-26,隆基绿能,601012,38.92,40.5,38.66,40.15,38.4,872216,6951002368.0,2.31,4.56
2021-03-25,隆基绿能,601012,37.64,38.76,37.39,38.4,38.3,473457,3623893920.0,1.26,0.26
2021-03-24,隆基绿能,601012,39.41,39.63,38.06,38.3,39.2,483894,3746514560.0,1.28,-2.3
2021-03-23,隆基绿能,601012,39.93,40.19,38.65,39.2,39.96,580496,4541002752.0,1.54,-1.9
2021-03-22,隆基绿能,601012,39.93,40.73,39.52,39.96,39.4,552052,4434728192.0,1.46,1.42
2021-03-19,隆基绿能,601012,39.93,40.34,38.83,39.4,41.39,754848,5972434688.0,2.0,-4.81
2021-03-18,隆基绿能,601012,41.29,41.8,40.58,41.39,41.29,680750,5606462976.0,1.8,0.24
2021-03-17,隆基绿能,601012,40.75,41.62,39.52,41.29,40.75,607051,4964088064.0,1.61,1.33
2021-03-16,隆基绿能,601012,40.29,41.2,39.82,40.75,40.94,731540,5942593536.0,1.94,-0.46
2021-03-15,隆基绿能,601012,44.5,44.5,40.94,40.94,45.59,1101871,9238958080.0,2.92,-10.2
2021-03-12,隆基绿能,601012,45.79,45.79,43.8,45.59,44.52,819263,7375988736.0,2.17,2.4
2021-03-11,隆基绿能,601012,42.94,45.13,42.49,44.52,42.48,805422,7091615488.0,2.14,4.8
2021-03-10,隆基绿能,601012,44.01,44.42,42.2,42.48,41.97,1015468,8772560896.0,2.69,1.22
2021-03-09,隆基绿能,601012,43.41,44.77,41.07,41.97,44.78,1287542,11022831872.0,3.41,-6.28
2021-03-08,隆基绿能,601012,50.14,50.38,44.78,44.78,49.85,1174067,10921840384.0,3.11,-10.17
2021-03-05,隆基绿能,601012,47.11,50.54,46.32,49.85,49.17,743922,7246979072.0,1.97,1.38
2021-03-04,隆基绿能,601012,52.43,52.69,49.0,49.17,54.22,1129073,11368577280.0,2.99,-9.31
2021-03-03,隆基绿能,601012,54.82,54.85,52.77,54.22,55.23,588298,6283668224.0,1.56,-1.83
2021-03-02,隆基绿能,601012,55.74,57.02,53.72,55.23,54.94,665147,7372388096.0,1.76,0.53
2021-03-01,隆基绿能,601012,53.96,55.8,53.2,54.94,52.41,702363,7666880768.0,1.86,4.83
2021-02-26,隆基绿能,601012,50.14,53.45,49.63,52.41,52.18,763989,7876848128.0,2.03,0.44
2021-02-25,隆基绿能,601012,53.71,53.76,51.78,52.18,52.18,602497,6342391808.0,1.6,0.0
2021-02-24,隆基绿能,601012,55.23,56.05,50.65,52.18,55.89,1005151,10619546880.0,2.66,-6.64
2021-02-23,隆基绿能,601012,53.2,57.05,52.43,55.89,54.67,655353,7225816064.0,1.74,2.23
2021-02-22,隆基绿能,601012,57.79,60.04,54.47,54.67,58.81,887537,10113635328.0,2.35,-7.04
2021-02-19,隆基绿能,601012,60.22,60.7,57.13,58.81,61.51,777775,9080595712.0,2.06,-4.39
2021-02-18,隆基绿能,601012,62.58,63.24,60.35,61.51,61.35,778896,9556334080.0,2.07,0.26
2021-02-10,隆基绿能,601012,60.34,61.97,59.07,61.35,59.02,809834,9813000960.0,2.15,3.95
2021-02-09,隆基绿能,601012,56.77,59.26,56.52,59.02,56.36,814086,9467527936.0,2.16,4.72
2021-02-08,隆基绿能,601012,57.6,57.6,53.36,56.36,57.6,836330,9227796736.0,2.22,-2.15
2021-02-05,隆基绿能,601012,56.82,59.63,56.77,57.6,55.62,1002456,11604988928.0,2.66,3.56
2021-02-04,隆基绿能,601012,53.71,56.67,53.44,55.62,54.64,728164,8021496064.0,1.93,1.79
2021-02-03,隆基绿能,601012,55.65,57.23,53.92,54.64,54.73,789819,8716825088.0,2.09,-0.16
2021-02-02,隆基绿能,601012,54.37,56.02,52.73,54.73,53.67,714914,7762243328.0,1.9,1.98
2021-02-01,隆基绿能,601012,53.2,54.44,52.07,53.67,53.99,752542,7970233088.0,2.0,-0.59
2021-01-29,隆基绿能,601012,56.77,56.77,52.04,53.99,56.89,1373758,14790282496.0,3.64,-5.1
2021-01-28,隆基绿能,601012,59.4,60.38,56.7,56.89,61.87,920577,10692473856.0,2.44,-8.05
2021-01-27,隆基绿能,601012,57.02,61.87,56.16,61.87,57.32,988605,11587186432.0,2.62,7.94
2021-01-26,隆基绿能,601012,58.3,58.66,56.37,57.32,58.69,717691,8207925504.0,1.9,-2.33
2021-01-25,隆基绿能,601012,60.62,62.89,57.13,58.69,60.19,1155619,13953031424.0,3.06,-2.49
2021-01-22,隆基绿能,601012,57.31,61.32,57.31,60.19,57.29,888397,10499089920.0,2.36,5.06
2021-01-21,隆基绿能,601012,55.12,58.13,53.96,57.29,54.38,954058,10625267200.0,2.53,5.35
2021-01-20,隆基绿能,601012,51.82,54.41,51.06,54.38,51.41,739912,7813323776.0,1.96,5.78
2021-01-19,隆基绿能,601012,52.94,53.64,50.69,51.41,51.75,615736,6385967872.0,1.63,-0.66
2021-01-18,隆基绿能,601012,50.14,52.33,49.82,51.75,51.34,712453,7286087168.0,1.89,0.8
2021-01-15,隆基绿能,601012,50.09,51.85,49.38,51.34,50.64,790026,7994646784.0,2.09,1.38
2021-01-14,隆基绿能,601012,53.2,53.26,50.13,50.64,54.31,1209975,12378368000.0,3.21,-6.76
2021-01-13,隆基绿能,601012,55.3,57.47,53.53,54.31,55.21,879976,9710763776.0,2.33,-1.63
2021-01-12,隆基绿能,601012,53.02,55.56,52.63,55.21,53.27,854056,9233938432.0,2.26,3.64
2021-01-11,隆基绿能,601012,55.65,55.65,52.57,53.27,55.44,985287,10531442688.0,2.61,-3.91
2021-01-08,隆基绿能,601012,58.3,58.81,53.68,55.44,57.05,1266200,14076783616.0,3.36,-2.82
2021-01-07,隆基绿能,601012,55.02,57.68,53.96,57.05,53.71,988987,10989799424.0,2.62,6.22
2021-01-06,隆基绿能,601012,52.64,54.37,51.95,53.71,52.62,862448,9133467648.0,2.29,2.07
2021-01-05,隆基绿能,601012,49.63,53.65,49.07,52.62,50.19,991979,10227506688.0,2.63,4.84
2021-01-04,隆基绿能,601012,46.16,50.86,46.16,50.19,46.16,1132259,11107838720.0,3.0,8.73
2020-12-31,隆基绿能,601012,45.95,46.94,44.59,46.16,45.41,851979,7816656640.0,2.26,1.65
2020-12-30,隆基绿能,601012,45.04,46.22,44.29,45.41,44.22,758330,6900215040.0,2.01,2.69
2020-12-29,隆基绿能,601012,46.25,46.26,43.81,44.22,46.13,871120,7765577984.0,2.31,-4.14
2020-12-28,隆基绿能,601012,46.81,47.43,45.44,46.13,46.8,633568,5841807872.0,1.68,-1.43
2020-12-25,隆基绿能,601012,45.8,47.04,45.14,46.8,45.34,778593,7164351232.0,2.06,3.22
2020-12-24,隆基绿能,601012,45.54,46.24,44.76,45.34,46.16,594674,5390501888.0,1.58,-1.78
2020-12-23,隆基绿能,601012,44.97,46.84,44.57,46.16,43.96,932495,8516037888.0,2.47,5.0
2020-12-22,隆基绿能,601012,43.25,45.51,42.99,43.96,42.7,1244895,11025683456.0,3.3,2.95
2020-12-21,隆基绿能,601012,41.97,42.7,40.96,42.7,38.73,1048520,8877337600.0,2.78,10.25
2020-12-18,隆基绿能,601012,37.25,38.81,37.1,38.73,37.29,493019,3794209840.0,1.31,3.86
2020-12-17,隆基绿能,601012,37.52,37.62,36.36,37.29,37.89,456602,3392596240.0,1.21,-1.58
2020-12-16,隆基绿能,601012,38.91,38.91,37.62,37.89,38.05,433947,3316647408.0,1.15,-0.42
2020-12-15,隆基绿能,601012,37.77,38.17,36.95,38.05,37.77,496901,3739938368.0,1.32,0.74
2020-12-14,隆基绿能,601012,36.87,38.65,36.51,37.77,36.26,648126,4883935488.0,1.72,4.16
2020-12-11,隆基绿能,601012,37.38,37.42,35.86,36.26,36.92,521764,3837048784.0,1.38,-1.79
2020-12-10,隆基绿能,601012,36.36,37.51,35.72,36.92,36.55,576868,4269499824.0,1.53,1.01
2020-12-09,隆基绿能,601012,36.15,36.92,35.9,36.55,36.13,454779,3342658304.0,1.21,1.16
2020-12-08,隆基绿能,601012,35.85,36.61,35.6,36.13,35.71,448746,3258636608.0,1.19,1.18
2020-12-07,隆基绿能,601012,34.72,35.98,34.42,35.71,34.44,553026,3928961600.0,1.47,3.69
2020-12-04,隆基绿能,601012,34.55,34.66,33.61,34.44,34.54,371772,2544614032.0,0.99,-0.29
2020-12-03,隆基绿能,601012,34.83,35.0,34.33,34.54,34.69,241342,1679295072.0,0.64,-0.43
2020-12-02,隆基绿能,601012,35.09,35.49,34.26,34.69,34.79,333060,2332341280.0,0.88,-0.29
2020-12-01,隆基绿能,601012,34.3,35.08,34.1,34.79,34.17,439532,3070193664.0,1.17,1.81
2020-11-30,隆基绿能,601012,34.33,34.6,33.71,34.17,34.58,417150,2867889792.0,1.11,-1.19
2020-11-27,隆基绿能,601012,33.49,34.78,33.2,34.58,33.54,559505,3836510112.0,1.48,3.1
2020-11-26,隆基绿能,601012,32.99,33.61,32.33,33.54,33.19,381729,2534575008.0,1.01,1.05
2020-11-25,隆基绿能,601012,33.33,34.1,32.88,33.19,33.24,351772,2364771488.0,0.93,-0.15
2020-11-24,隆基绿能,601012,33.63,33.63,32.62,33.24,33.66,366998,2449920992.0,0.97,-1.25
2020-11-23,隆基绿能,601012,33.6,34.01,32.68,33.66,33.24,568235,3828114752.0,1.51,1.26
2020-11-20,隆基绿能,601012,32.73,33.44,32.22,33.24,32.19,517150,3432420864.0,1.37,3.26
2020-11-19,隆基绿能,601012,31.31,32.28,30.92,32.19,31.13,586946,3767211840.0,1.56,3.41
2020-11-18,隆基绿能,601012,32.23,32.49,30.75,31.13,32.38,882509,5581719552.0,2.34,-3.86
2020-11-17,隆基绿能,601012,33.26,33.45,32.02,32.38,33.23,510186,3327658464.0,1.35,-2.56
2020-11-16,隆基绿能,601012,33.14,33.73,31.82,33.23,33.08,651264,4302979072.0,1.73,0.45
2020-11-13,隆基绿能,601012,34.87,34.93,31.81,33.08,34.86,1422071,9493407744.0,3.77,-5.11
2020-11-12,隆基绿能,601012,37.17,37.28,34.73,34.86,36.36,877083,6214710272.0,2.33,-4.13
2020-11-11,隆基绿能,601012,36.87,38.35,36.36,36.36,37.27,637120,4769818112.0,1.69,-2.44
2020-11-10,隆基绿能,601012,36.06,37.94,35.0,37.27,35.94,734478,5421538304.0,1.95,3.7
2020-11-09,隆基绿能,601012,35.57,36.98,34.74,35.94,35.51,733820,5301783808.0,1.95,1.21
2020-11-06,隆基绿能,601012,37.64,37.99,35.1,35.51,36.87,731941,5297352960.0,1.94,-3.69
2020-11-05,隆基绿能,601012,35.85,36.98,35.75,36.87,34.73,849666,6201404416.0,2.26,6.16
2020-11-04,隆基绿能,601012,35.32,35.76,33.8,34.73,35.32,773005,5404993792.0,2.05,-1.67
2020-11-03,隆基绿能,601012,36.92,37.14,34.84,35.32,36.73,717666,5124332800.0,1.9,-3.84
2020-11-02,隆基绿能,601012,35.09,37.72,34.89,36.73,37.89,901187,6636313600.0,2.39,-3.06
2020-10-30,隆基绿能,601012,37.38,38.31,36.55,37.89,36.97,632506,4754889984.0,1.68,2.49
2020-10-29,隆基绿能,601012,35.34,37.51,35.09,36.97,35.93,543869,3990578688.0,1.44,2.89
2020-10-28,隆基绿能,601012,34.83,36.34,34.83,35.93,35.51,534438,3836261216.0,1.42,1.18
2020-10-27,隆基绿能,601012,34.68,35.65,34.16,35.51,34.99,470794,3304922272.0,1.25,1.49
2020-10-26,隆基绿能,601012,33.3,35.48,32.64,34.99,33.69,732022,5056808704.0,1.94,3.86
2020-10-23,隆基绿能,601012,35.3,35.83,33.46,33.69,34.99,569290,3957170736.0,1.51,-3.72
2020-10-22,隆基绿能,601012,35.59,35.59,34.24,34.99,35.76,508667,3587022992.0,1.35,-2.15
2020-10-21,隆基绿能,601012,36.77,36.96,35.1,35.76,36.32,489452,3523062752.0,1.3,-1.54
2020-10-20,隆基绿能,601012,35.62,36.51,35.3,36.32,35.5,569713,4117928672.0,1.51,2.31
2020-10-19,隆基绿能,601012,38.05,38.2,35.0,35.5,37.96,1034738,7500260096.0,2.75,-6.48
2020-10-16,隆基绿能,601012,38.68,39.11,37.74,37.96,38.77,430357,3299249616.0,1.14,-2.09
2020-10-15,隆基绿能,601012,40.33,40.35,37.3,38.77,39.75,638418,4945880064.0,1.69,-2.47
2020-10-14,隆基绿能,601012,39.78,40.71,39.08,39.75,41.21,736584,5894438400.0,1.96,-3.54
2020-10-13,隆基绿能,601012,40.76,41.51,39.59,41.21,41.23,446705,3643901936.0,1.19,-0.05
2020-10-12,隆基绿能,601012,41.28,41.42,40.1,41.23,40.86,589414,4832335616.0,1.56,0.91
2020-10-09,隆基绿能,601012,39.98,41.12,39.38,40.86,37.3,884362,7207571712.0,2.35,9.54
2020-09-30,隆基绿能,601012,37.07,38.16,37.07,37.3,37.34,388607,2941760176.0,1.03,-0.11
2020-09-29,隆基绿能,601012,37.34,37.75,36.43,37.34,36.78,410293,3072972384.0,1.09,1.52
2020-09-28,隆基绿能,601012,36.11,37.8,35.84,36.78,35.31,600079,4447064576.0,1.59,4.16
2020-09-25,隆基绿能,601012,35.23,36.28,34.1,35.31,34.58,540742,3854105392.0,1.44,2.11
2020-09-24,隆基绿能,601012,37.74,38.0,34.54,34.58,38.31,957773,6915747840.0,2.54,-9.74
2020-09-23,隆基绿能,601012,35.31,38.31,34.69,38.31,34.73,808678,5948487936.0,2.15,10.31
2020-09-22,隆基绿能,601012,35.25,35.46,34.4,34.73,35.35,373839,2633542176.0,0.99,-1.75
2020-09-21,隆基绿能,601012,36.25,36.61,34.74,35.35,35.79,499632,3561680672.0,1.33,-1.23
2020-09-18,隆基绿能,601012,36.88,37.14,35.3,35.79,37.04,651743,4723911424.0,1.73,-3.37
2020-09-17,隆基绿能,601012,35.82,37.54,35.56,37.04,36.37,515347,3803223152.0,1.37,1.84
2020-09-16,隆基绿能,601012,36.26,37.9,35.68,36.37,35.74,654078,4830262528.0,1.74,1.76
2020-09-15,隆基绿能,601012,35.71,36.27,35.17,35.74,36.18,424468,3052536080.0,1.13,-1.22
2020-09-14,隆基绿能,601012,35.61,37.05,35.4,36.18,34.65,862008,6290525696.0,2.29,4.42
2020-09-11,隆基绿能,601012,32.07,34.79,31.76,34.65,31.63,779209,5251141120.0,2.07,9.55
2020-09-10,隆基绿能,601012,31.46,32.41,31.04,31.63,31.09,403544,2592634608.0,1.07,1.74
2020-09-09,隆基绿能,601012,30.57,31.49,29.49,31.09,31.42,529008,3271746848.0,1.4,-1.05
2020-09-08,隆基绿能,601012,30.86,32.34,30.4,31.42,30.92,474638,3010739856.0,1.26,1.62
2020-09-07,隆基绿能,601012,32.7,33.21,30.61,30.92,32.9,494965,3168745440.0,1.31,-6.02
2020-09-04,隆基绿能,601012,32.19,33.38,31.62,32.9,32.93,472794,3102108064.0,1.25,-0.09
2020-09-03,隆基绿能,601012,33.69,33.82,32.57,32.93,33.72,424139,2836005744.0,1.13,-2.34
2020-09-02,隆基绿能,601012,33.72,33.97,32.69,33.72,33.35,431363,2904928288.0,1.14,1.11
2020-09-01,隆基绿能,601012,31.32,33.35,31.27,33.35,31.31,534592,3516669712.0,1.42,6.52
2020-08-31,隆基绿能,601012,31.16,32.53,30.82,31.31,31.15,546174,3497798256.0,1.45,0.51
2020-08-28,隆基绿能,601012,31.17,31.5,29.39,31.15,29.94,792738,4902063616.0,2.1,4.04
2020-08-27,隆基绿能,601012,28.58,30.07,28.47,29.94,28.41,585438,3495231088.0,1.55,5.39
2020-08-26,隆基绿能,601012,28.72,29.22,27.8,28.41,29.05,423082,2431459168.0,1.12,-2.2
2020-08-25,隆基绿能,601012,28.8,29.44,28.46,29.05,28.77,432118,2538451376.0,1.15,0.97
2020-08-24,隆基绿能,601012,27.09,28.99,26.93,28.77,26.58,796274,4512003840.0,2.11,8.24
2020-08-21,隆基绿能,601012,26.05,27.1,25.96,26.58,25.26,605069,3265198176.0,1.61,5.23
2020-08-20,隆基绿能,601012,26.33,26.87,25.2,25.26,26.34,611025,3200701872.0,1.62,-4.1
2020-08-19,隆基绿能,601012,28.2,28.26,26.34,26.34,28.0,558761,3073200640.0,1.48,-5.93
2020-08-18,隆基绿能,601012,27.61,28.77,27.43,28.0,27.61,463431,2635906592.0,1.23,1.41
2020-08-17,隆基绿能,601012,27.5,28.05,27.24,27.61,27.77,454076,2538416096.0,1.21,-0.58
2020-08-14,隆基绿能,601012,27.32,27.96,26.94,27.77,27.64,303242,1692248320.0,0.8,0.47
2020-08-13,隆基绿能,601012,27.85,28.16,27.28,27.64,27.27,345169,1947171920.0,0.92,1.36
2020-08-12,隆基绿能,601012,28.11,28.11,26.58,27.27,28.11,612388,3370903456.0,1.63,-2.99
2020-08-11,隆基绿能,601012,29.13,29.56,27.84,28.11,28.96,458903,2672887744.0,1.22,-2.94
2020-08-10,隆基绿能,601012,28.62,29.69,28.1,28.96,28.72,573549,3366979984.0,1.52,0.84
2020-08-07,隆基绿能,601012,27.35,29.31,27.35,28.72,27.34,753299,4334283264.0,2.0,5.05
2020-08-06,隆基绿能,601012,28.36,28.51,27.0,27.34,28.58,594631,3319178080.0,1.58,-4.34
2020-08-05,隆基绿能,601012,28.8,28.87,27.38,28.58,28.88,508812,2902694592.0,1.35,-1.04
2020-08-04,隆基绿能,601012,28.49,29.1,28.08,28.88,28.46,400628,2319835232.0,1.06,1.48
2020-08-03,隆基绿能,601012,28.72,29.58,28.32,28.46,28.0,577501,3378813792.0,1.53,1.64
2020-07-31,隆基绿能,601012,27.6,28.6,27.11,28.0,28.27,684429,3877601584.0,1.82,-0.96
2020-07-30,隆基绿能,601012,27.01,28.42,26.33,28.27,26.82,866994,4796791040.0,2.3,5.41
2020-07-29,隆基绿能,601012,26.47,27.4,25.61,26.82,26.1,718785,3907025488.0,1.91,2.76
2020-07-28,隆基绿能,601012,26.47,26.62,25.4,26.1,26.47,570001,3007849472.0,1.51,-1.4
2020-07-27,隆基绿能,601012,26.2,27.2,25.9,26.47,25.15,891551,4806268928.0,2.37,5.25
2020-07-24,隆基绿能,601012,26.07,26.97,24.81,25.15,25.92,1028313,5393240064.0,2.73,-2.97
2020-07-23,隆基绿能,601012,23.67,25.92,23.67,25.92,23.47,996436,5179381504.0,2.64,10.44
2020-07-22,隆基绿能,601012,23.82,24.1,23.4,23.47,23.87,654667,3165397664.0,1.74,-1.68
2020-07-21,隆基绿能,601012,23.62,24.51,23.45,23.87,23.38,746041,3648731680.0,1.98,2.1
2020-07-20,隆基绿能,601012,23.31,23.81,22.88,23.38,22.63,525764,2503420064.0,1.4,3.31
2020-07-17,隆基绿能,601012,22.09,23.36,21.78,22.63,22.39,512041,2374205616.0,1.36,1.07
2020-07-16,隆基绿能,601012,24.08,24.38,22.35,22.39,23.85,808325,3838065968.0,2.15,-6.12
2020-07-15,隆基绿能,601012,24.33,24.98,23.72,23.85,23.97,763363,3802311168.0,2.03,-0.5
2020-07-14,隆基绿能,601012,23.31,24.42,23.16,23.97,23.31,571150,2778240592.0,1.52,2.83
2020-07-13,隆基绿能,601012,22.55,23.55,22.47,23.31,22.6,513665,2427848848.0,1.36,3.14
2020-07-10,隆基绿能,601012,22.29,23.01,22.22,22.6,22.67,419832,1936221968.0,1.11,-0.31
2020-07-09,隆基绿能,601012,22.55,23.17,22.37,22.67,22.56,566004,2642634208.0,1.5,0.49
2020-07-08,隆基绿能,601012,21.65,22.59,21.63,22.56,21.58,561155,2556978752.0,1.49,4.54
2020-07-07,隆基绿能,601012,21.86,22.83,21.33,21.58,21.71,743921,3363136672.0,1.97,-0.6
2020-07-06,隆基绿能,601012,20.67,22.16,20.66,21.71,20.3,583764,2574875344.0,1.55,6.95
2020-07-03,隆基绿能,601012,19.74,20.75,19.74,20.3,19.91,490202,2027133520.0,1.3,1.96
2020-07-02,隆基绿能,601012,20.24,20.86,19.74,19.91,20.26,607075,2522995824.0,1.61,-1.73
2020-07-01,隆基绿能,601012,20.06,20.41,19.66,20.26,19.81,406741,1676870128.0,1.08,2.27
2020-06-30,隆基绿能,601012,19.9,20.01,19.19,19.81,19.59,444727,1798968928.0,1.18,1.12
2020-06-29,隆基绿能,601012,18.92,19.96,18.92,19.59,18.41,853951,3448248768.0,2.27,6.41
2020-06-24,隆基绿能,601012,17.6,18.41,17.58,18.41,17.39,653709,2451092272.0,1.74,5.87
2020-06-23,隆基绿能,601012,16.72,17.52,16.55,17.39,16.72,599125,2140768096.0,1.59,4.01
2020-06-22,隆基绿能,601012,16.37,16.93,16.23,16.72,16.35,434004,1504121488.0,1.15,2.26
2020-06-19,隆基绿能,601012,16.14,16.5,16.04,16.35,15.99,475612,1613390240.0,1.26,2.25
2020-06-18,隆基绿能,601012,15.86,16.15,15.61,15.99,15.99,208717,690508640.0,0.55,0.0
2020-06-17,隆基绿能,601012,16.17,16.22,15.7,15.99,15.86,263470,872471584.0,0.7,0.82
2020-06-16,隆基绿能,601012,15.87,16.23,15.77,15.86,15.76,258503,858113488.0,0.69,0.63
2020-06-15,隆基绿能,601012,15.85,15.89,15.55,15.76,16.04,356977,1166321568.0,0.95,-1.75
2020-06-12,隆基绿能,601012,15.84,16.04,15.65,16.04,16.13,495533,1633053984.0,1.32,-0.56
2020-06-11,隆基绿能,601012,15.31,16.52,15.21,16.13,15.31,719142,2405483808.0,1.91,5.36
2020-06-10,隆基绿能,601012,15.5,15.54,14.98,15.31,15.59,338698,1074055616.0,0.9,-1.8
2020-06-09,隆基绿能,601012,15.35,15.61,15.12,15.59,15.3,367964,1186089248.0,0.98,1.9
2020-06-08,隆基绿能,601012,14.94,15.57,14.94,15.3,15.0,413628,1318684240.0,1.1,2.0
2020-06-05,隆基绿能,601012,14.94,15.12,14.81,15.0,15.01,209468,653170352.0,0.56,-0.07
2020-06-04,隆基绿能,601012,15.22,15.32,14.9,15.01,15.26,224457,705754128.0,0.6,-1.64
2020-06-03,隆基绿能,601012,15.28,15.36,15.09,15.26,15.28,238734,762095472.0,0.63,-0.13
2020-06-02,隆基绿能,601012,15.6,15.7,15.21,15.28,15.75,337537,1087101872.0,0.9,-2.98
2020-06-01,隆基绿能,601012,15.71,15.81,15.25,15.75,15.46,398789,1303423328.0,1.06,1.88
2020-05-29,隆基绿能,601012,14.63,15.5,14.49,15.46,14.66,402031,1282991568.0,1.07,5.46
2020-05-28,隆基绿能,601012,14.9,15.08,14.3,14.66,14.88,257467,791462944.0,0.68,-1.48
2020-05-27,隆基绿能,601012,14.94,15.2,14.81,14.88,14.98,217106,683296064.0,0.58,-0.67
2020-05-26,隆基绿能,601012,14.85,15.07,14.55,14.98,14.77,404179,1261776160.0,1.07,1.42
2020-05-25,隆基绿能,601012,14.63,14.85,14.41,14.77,14.72,235323,725454960.0,0.62,0.34
2020-05-22,隆基绿能,601012,15.03,15.16,14.53,14.72,15.12,345667,1073731584.0,0.92,-2.65
2020-05-21,隆基绿能,601012,15.18,15.31,14.9,15.12,15.18,296008,939994832.0,0.79,-0.4
2020-05-20,隆基绿能,601012,15.66,15.7,15.09,15.18,15.46,312607,1005749632.0,0.83,-1.81
2020-05-19,隆基绿能,601012,15.41,15.91,15.39,15.46,15.12,466686,1527923952.0,1.24,2.25
2020-05-18,隆基绿能,601012,14.72,15.68,14.6,15.12,14.56,619476,1982394848.0,1.64,3.85
2020-05-15,隆基绿能,601012,14.63,14.95,14.48,14.56,14.5,348948,1077126528.0,0.93,0.41
2020-05-14,隆基绿能,601012,15.13,15.14,14.48,14.5,15.27,494272,1531466400.0,1.31,-5.04
2020-05-13,隆基绿能,601012,15.18,15.33,14.92,15.27,15.25,290774,923707872.0,0.77,0.13
2020-05-12,隆基绿能,601012,14.62,15.29,14.49,15.25,14.64,504160,1588558288.0,1.34,4.17
2020-05-11,隆基绿能,601012,14.41,14.99,14.39,14.64,14.84,529477,1635755440.0,1.41,-1.35
2020-05-08,隆基绿能,601012,14.92,15.05,14.74,14.84,14.84,304490,952862048.0,0.81,0.0
2020-05-07,隆基绿能,601012,14.63,15.04,14.49,14.84,14.5,472721,1472036272.0,1.25,2.34
2020-05-06,隆基绿能,601012,14.44,14.82,14.18,14.5,14.64,647556,1969447728.0,1.72,-0.96
2020-04-30,隆基绿能,601012,14.22,14.95,14.22,14.64,14.22,569973,1765933024.0,1.51,2.95
2020-04-29,隆基绿能,601012,14.06,14.33,13.88,14.22,14.13,430845,1289273040.0,1.14,0.64
2020-04-28,隆基绿能,601012,13.46,14.23,13.07,14.13,13.38,671793,1967967936.0,1.78,5.61
2020-04-27,隆基绿能,601012,13.04,13.51,12.88,13.38,13.06,413850,1165598192.0,1.1,2.45
2020-04-24,隆基绿能,601012,13.13,13.24,12.92,13.06,13.13,285662,792425744.0,0.76,-0.53
2020-04-23,隆基绿能,601012,13.49,13.63,13.02,13.13,13.29,456241,1278729344.0,1.21,-1.2
2020-04-22,隆基绿能,601012,12.77,13.39,12.77,13.29,13.06,486171,1352864832.0,1.29,1.76
2020-04-21,隆基绿能,601012,12.95,13.08,12.65,13.06,13.16,581695,1586502176.0,1.54,-0.76
2020-04-20,隆基绿能,601012,13.33,13.33,12.7,13.16,13.68,1138565,3143693280.0,3.02,-3.8
2020-04-17,隆基绿能,601012,13.21,13.68,13.14,13.68,12.34,1638807,4709383936.0,4.35,10.86
2020-04-16,隆基绿能,601012,11.68,12.42,11.63,12.34,11.8,456809,1179203536.0,1.21,4.58
2020-04-15,隆基绿能,601012,11.91,12.08,11.75,11.8,11.82,391814,997834848.0,1.04,-0.17
2020-04-14,隆基绿能,601012,11.39,11.83,11.23,11.82,11.11,500834,1248299200.0,1.33,6.39
2020-04-13,隆基绿能,601012,11.34,11.46,11.05,11.11,11.55,350991,842194688.0,0.93,-3.81
2020-04-10,隆基绿能,601012,11.64,11.81,11.5,11.55,11.72,243604,607222576.0,0.65,-1.45
2020-04-09,隆基绿能,601012,11.93,12.06,11.67,11.72,12.02,450123,1133252880.0,1.19,-2.5
2020-04-08,隆基绿能,601012,11.95,12.19,11.85,12.02,12.07,333008,852599504.0,0.88,-0.41
2020-04-07,隆基绿能,601012,12.16,12.27,11.94,12.07,11.85,518859,1338746448.0,1.38,1.86
2020-04-03,隆基绿能,601012,12.19,12.19,11.76,11.85,12.17,437567,1112235616.0,1.16,-2.63
2020-04-02,隆基绿能,601012,11.85,12.17,11.78,12.17,11.86,451514,1159569888.0,1.2,2.61
2020-04-01,隆基绿能,601012,11.5,12.23,11.5,11.86,11.6,662885,1697274480.0,1.76,2.24
2020-03-31,隆基绿能,601012,11.63,11.82,11.49,11.6,11.56,509784,1270699552.0,1.35,0.35
2020-03-30,隆基绿能,601012,10.99,11.81,10.66,11.56,11.29,787840,1900554400.0,2.09,2.39
2020-03-27,隆基绿能,601012,11.22,11.83,10.99,11.29,10.97,742864,1806859616.0,1.97,2.92
2020-03-26,隆基绿能,601012,11.01,11.29,10.77,10.97,11.13,651827,1548287456.0,1.73,-1.44
2020-03-25,隆基绿能,601012,10.94,11.42,10.87,11.13,10.4,812047,1947163888.0,2.16,7.02
2020-03-24,隆基绿能,601012,10.66,10.76,10.02,10.4,10.29,639874,1432307904.0,1.7,1.07
2020-03-23,隆基绿能,601012,10.61,10.68,10.19,10.29,11.2,566291,1276976944.0,1.5,-8.13
2020-03-20,隆基绿能,601012,11.32,11.45,10.88,11.2,11.11,565164,1356572784.0,1.5,0.81
2020-03-19,隆基绿能,601012,11.52,11.69,10.56,11.11,11.33,979593,2311315104.0,2.6,-1.94
2020-03-18,隆基绿能,601012,11.83,12.17,11.29,11.33,11.63,719816,1811093152.0,1.91,-2.58
2020-03-17,隆基绿能,601012,11.85,12.18,11.2,11.63,11.78,612044,1521554496.0,1.62,-1.27
2020-03-16,隆基绿能,601012,13.22,13.26,11.78,11.78,13.21,1018059,2658159792.0,2.7,-10.83
2020-03-13,隆基绿能,601012,12.64,13.39,12.44,13.21,13.42,692612,1897069328.0,1.84,-1.56
2020-03-12,隆基绿能,601012,13.74,13.86,13.32,13.42,14.1,531657,1521557264.0,1.41,-4.82
2020-03-11,隆基绿能,601012,13.96,14.78,13.96,14.1,13.88,703240,2132225616.0,1.87,1.59
2020-03-10,隆基绿能,601012,13.26,13.95,13.15,13.88,13.58,503515,1449724576.0,1.34,2.21
2020-03-09,隆基绿能,601012,14.15,14.18,13.56,13.58,14.59,844626,2464242544.0,2.24,-6.92
2020-03-06,隆基绿能,601012,14.73,14.8,14.45,14.59,14.91,351254,1080285600.0,0.93,-2.15
2020-03-05,隆基绿能,601012,14.61,14.98,14.4,14.91,14.46,460305,1428134480.0,1.22,3.11
2020-03-04,隆基绿能,601012,14.46,14.55,14.08,14.46,14.74,650172,1957495376.0,1.73,-1.9
2020-03-03,隆基绿能,601012,15.21,15.36,14.6,14.74,14.99,566088,1785464576.0,1.5,-1.67
2020-03-02,隆基绿能,601012,14.7,15.14,14.59,14.99,14.59,392615,1232791200.0,1.04,2.74
2020-02-28,隆基绿能,601012,14.97,15.22,14.39,14.59,15.54,519788,1617010256.0,1.38,-6.11
2020-02-27,隆基绿能,601012,15.28,15.81,15.0,15.54,15.16,473790,1530955568.0,1.26,2.51
2020-02-26,隆基绿能,601012,15.68,15.8,15.15,15.16,16.02,612175,1981862864.0,1.62,-5.37
2020-02-25,隆基绿能,601012,15.81,16.26,15.25,16.02,16.27,635930,2115156384.0,1.69,-1.54
2020-02-24,隆基绿能,601012,16.52,16.68,15.92,16.27,16.22,606001,2053881312.0,1.61,0.31
2020-02-21,隆基绿能,601012,15.91,16.52,15.72,16.22,15.89,638337,2163090560.0,1.69,2.08
2020-02-20,隆基绿能,601012,15.66,16.01,15.33,15.89,15.58,541170,1785369040.0,1.44,1.99
2020-02-19,隆基绿能,601012,15.82,16.08,15.5,15.58,15.93,537141,1770748592.0,1.43,-2.2
2020-02-18,隆基绿能,601012,15.73,16.5,15.72,15.93,15.81,606833,2038892448.0,1.61,0.76
2020-02-17,隆基绿能,601012,15.15,15.91,15.15,15.81,15.34,630686,2061100960.0,1.67,3.06
2020-02-14,隆基绿能,601012,15.35,15.66,15.09,15.34,15.64,485107,1566574496.0,1.29,-1.92
2020-02-13,隆基绿能,601012,16.58,16.58,15.0,15.64,16.02,976267,3229380336.0,2.59,-2.37
2020-02-12,隆基绿能,601012,16.58,16.98,15.67,16.02,15.66,933137,3165396032.0,2.48,2.3
2020-02-11,隆基绿能,601012,15.66,16.32,15.52,15.66,15.84,467727,1548348848.0,1.24,-1.14
2020-02-10,隆基绿能,601012,15.53,16.36,15.35,15.84,15.64,697440,2322734944.0,1.85,1.28
2020-02-07,隆基绿能,601012,14.54,15.65,14.4,15.64,14.43,1026750,3277776352.0,2.73,8.39
2020-02-06,隆基绿能,601012,14.0,14.43,13.77,14.43,14.13,580225,1733124256.0,1.54,2.12
2020-02-05,隆基绿能,601012,14.18,14.45,13.8,14.13,14.18,665265,1975177584.0,1.77,-0.35
2020-02-04,隆基绿能,601012,13.35,14.28,13.15,14.18,13.21,776015,2254140032.0,2.06,7.34
2020-02-03,隆基绿能,601012,12.26,13.57,12.26,13.21,13.74,853372,2334242448.0,2.27,-3.86
2020-01-23,隆基绿能,601012,14.31,14.35,13.21,13.74,14.16,606027,1785890016.0,1.61,-2.97
2020-01-22,隆基绿能,601012,13.88,14.22,13.67,14.16,14.06,471057,1386310032.0,1.25,0.71
2020-01-21,隆基绿能,601012,13.81,14.18,13.73,14.06,13.71,467096,1380874176.0,1.24,2.55
2020-01-20,隆基绿能,601012,13.63,13.76,13.44,13.71,13.66,306996,884075520.0,0.81,0.37
2020-01-17,隆基绿能,601012,13.85,14.06,13.42,13.66,13.44,528450,1530882528.0,1.4,1.64
2020-01-16,隆基绿能,601012,13.5,13.57,13.3,13.44,13.56,352395,1001975856.0,0.94,-0.88
2020-01-15,隆基绿能,601012,13.48,13.64,13.21,13.56,13.57,332376,946253760.0,0.88,-0.07
2020-01-14,隆基绿能,601012,13.72,13.81,13.37,13.57,13.63,366171,1048342528.0,0.97,-0.44
2020-01-13,隆基绿能,601012,13.67,13.76,13.37,13.63,13.5,439252,1264199632.0,1.17,0.96
2020-01-10,隆基绿能,601012,13.64,13.72,13.29,13.5,13.69,484540,1383970128.0,1.29,-1.39
2020-01-09,隆基绿能,601012,13.23,13.77,13.23,13.69,13.06,525869,1504748432.0,1.4,4.82
2020-01-08,隆基绿能,601012,13.06,13.34,13.0,13.06,13.02,457678,1276585648.0,1.21,0.31
2020-01-07,隆基绿能,601012,13.0,13.18,12.8,13.02,13.0,351610,970942768.0,0.93,0.15
2020-01-06,隆基绿能,601012,12.58,13.3,12.55,13.0,12.69,620408,1716774128.0,1.65,2.44
2020-01-03,隆基绿能,601012,12.6,12.83,12.41,12.69,12.46,613575,1650919136.0,1.63,1.85
2020-01-02,隆基绿能,601012,11.72,12.65,11.7,12.46,11.59,774368,2030589184.0,2.06,7.51
2019-12-31,隆基绿能,601012,11.67,11.83,11.54,11.59,11.67,246122,613393408.0,0.65,-0.69
2019-12-30,隆基绿能,601012,11.39,11.67,11.22,11.67,11.38,334534,823231968.0,0.89,2.55
2019-12-27,隆基绿能,601012,11.32,11.55,11.19,11.38,11.39,375657,914607904.0,1.0,-0.09
2019-12-26,隆基绿能,601012,11.59,11.68,11.32,11.39,11.58,291012,713536704.0,0.77,-1.64
2019-12-25,隆基绿能,601012,11.37,11.76,11.25,11.58,11.38,319753,792299888.0,0.85,1.76
2019-12-24,隆基绿能,601012,11.3,11.45,11.23,11.38,11.29,165919,404008048.0,0.44,0.8
2019-12-23,隆基绿能,601012,11.22,11.62,11.22,11.29,11.45,293597,719067952.0,0.78,-1.4
2019-12-20,隆基绿能,601012,11.58,11.71,11.42,11.45,11.58,238398,589007168.0,0.63,-1.12
2019-12-19,隆基绿能,601012,12.0,12.0,11.55,11.58,11.97,307091,768043232.0,0.82,-3.26
2019-12-18,隆基绿能,601012,11.93,12.01,11.83,11.97,12.07,252857,643882464.0,0.67,-0.83
2019-12-17,隆基绿能,601012,11.96,12.19,11.77,12.07,11.95,454492,1159275296.0,1.21,1.0
2019-12-16,隆基绿能,601012,11.77,11.95,11.7,11.95,11.68,394420,999964656.0,1.05,2.31
2019-12-13,隆基绿能,601012,11.79,11.99,11.67,11.68,11.67,438585,1111215232.0,1.16,0.09
2019-12-12,隆基绿能,601012,11.62,11.82,11.57,11.67,11.57,358066,895906576.0,0.95,0.86
2019-12-11,隆基绿能,601012,11.8,11.92,11.49,11.57,11.7,369276,917128928.0,0.98,-1.11
2019-12-10,隆基绿能,601012,11.82,11.91,11.58,11.7,11.79,347497,871243664.0,0.92,-0.76
2019-12-09,隆基绿能,601012,12.05,12.23,11.71,11.79,11.98,431378,1096748016.0,1.14,-1.59
2019-12-06,隆基绿能,601012,11.65,12.21,11.64,11.98,11.65,517362,1323042304.0,1.37,2.83
2019-12-05,隆基绿能,601012,11.46,11.69,11.43,11.65,11.37,356350,885553728.0,0.95,2.46
2019-12-04,隆基绿能,601012,11.25,11.5,11.22,11.37,11.4,215601,526052384.0,0.57,-0.26
2019-12-03,隆基绿能,601012,11.3,11.43,11.15,11.4,11.26,310875,756697616.0,0.83,1.24
2019-12-02,隆基绿能,601012,11.33,11.51,11.21,11.26,11.09,484748,1177742176.0,1.29,1.53
2019-11-29,隆基绿能,601012,10.91,11.23,10.88,11.09,10.88,494085,1176059744.0,1.31,1.93
2019-11-28,隆基绿能,601012,10.67,10.91,10.67,10.88,10.71,419867,980638864.0,1.12,1.59
2019-11-27,隆基绿能,601012,10.68,10.89,10.64,10.71,10.79,311989,724570176.0,0.83,-0.74
2019-11-26,隆基绿能,601012,10.56,10.79,10.44,10.79,10.53,469370,1082592928.0,1.25,2.47
2019-11-25,隆基绿能,601012,10.59,10.65,10.34,10.53,10.63,275520,624588944.0,0.73,-0.94
2019-11-22,隆基绿能,601012,10.65,10.85,10.45,10.63,10.66,398614,917805280.0,1.06,-0.28
2019-11-21,隆基绿能,601012,10.36,10.7,10.34,10.66,10.41,295998,677121040.0,0.79,2.4
2019-11-20,隆基绿能,601012,10.5,10.69,10.4,10.41,10.55,258067,586204192.0,0.69,-1.33
2019-11-19,隆基绿能,601012,10.23,10.57,10.16,10.55,10.2,377201,853221760.0,1.0,3.43
2019-11-18,隆基绿能,601012,10.07,10.28,9.99,10.2,10.13,219485,483105584.0,0.58,0.69
2019-11-15,隆基绿能,601012,10.38,10.4,10.13,10.13,10.3,226536,503258832.0,0.6,-1.65
2019-11-14,隆基绿能,601012,10.3,10.49,10.24,10.3,10.17,311024,697004992.0,0.83,1.28
2019-11-13,隆基绿能,601012,9.94,10.21,9.85,10.17,9.85,476035,1041390448.0,1.26,3.25
2019-11-12,隆基绿能,601012,10.3,10.33,9.69,9.85,10.26,597022,1282279312.0,1.59,-4.0
2019-11-11,隆基绿能,601012,10.32,10.44,10.19,10.26,10.43,351440,782865952.0,0.93,-1.63
2019-11-08,隆基绿能,601012,10.62,10.67,10.4,10.43,10.57,374232,848893296.0,0.99,-1.32
2019-11-07,隆基绿能,601012,10.71,10.8,10.49,10.57,10.66,380763,872260384.0,1.01,-0.84
2019-11-06,隆基绿能,601012,10.57,11.0,10.56,10.66,10.54,598414,1389832560.0,1.59,1.14
2019-11-05,隆基绿能,601012,10.56,10.61,10.33,10.54,10.56,469408,1063412736.0,1.25,-0.19
2019-11-04,隆基绿能,601012,10.41,10.62,10.25,10.56,10.34,500433,1128844384.0,1.33,2.13
2019-11-01,隆基绿能,601012,10.56,10.56,10.15,10.34,10.58,477704,1066605936.0,1.27,-2.27
2019-10-31,隆基绿能,601012,10.76,10.81,10.51,10.58,10.58,313276,717766624.0,0.83,0.0
2019-10-30,隆基绿能,601012,10.5,10.67,10.35,10.58,10.53,314453,716153584.0,0.84,0.47
2019-10-29,隆基绿能,601012,10.76,10.77,10.52,10.53,10.77,428253,981989696.0,1.14,-2.23
2019-10-28,隆基绿能,601012,10.82,10.9,10.66,10.77,10.79,323056,748644208.0,0.86,-0.19
2019-10-25,隆基绿能,601012,10.75,10.85,10.61,10.79,10.72,281477,651917904.0,0.75,0.65
2019-10-24,隆基绿能,601012,10.82,10.84,10.45,10.72,10.81,379270,870182256.0,1.01,-0.83
2019-10-23,隆基绿能,601012,10.75,10.99,10.69,10.81,10.76,375979,879322224.0,1.0,0.46
2019-10-22,隆基绿能,601012,10.8,10.81,10.56,10.76,10.81,362303,835684224.0,0.96,-0.46
2019-10-21,隆基绿能,601012,10.66,10.82,10.61,10.81,10.84,396077,914271840.0,1.05,-0.28
2019-10-18,隆基绿能,601012,11.27,11.3,10.66,10.84,11.27,786059,1839646000.0,2.09,-3.82
2019-10-17,隆基绿能,601012,11.17,11.47,11.12,11.27,11.22,495946,1200495648.0,1.32,0.45
2019-10-16,隆基绿能,601012,12.29,12.29,11.05,11.22,12.38,1455346,3539474032.0,3.87,-9.37
2019-10-15,隆基绿能,601012,12.6,12.65,12.09,12.38,12.54,352489,924409936.0,0.94,-1.28
2019-10-14,隆基绿能,601012,12.45,12.72,12.38,12.54,12.45,392199,1046725072.0,1.04,0.72
2019-10-11,隆基绿能,601012,12.6,12.68,12.24,12.45,12.48,284907,753965520.0,0.76,-0.24
2019-10-10,隆基绿能,601012,12.37,12.62,12.24,12.48,12.35,297461,790670624.0,0.79,1.05
2019-10-09,隆基绿能,601012,12.08,12.44,11.93,12.35,12.09,214889,561630000.0,0.57,2.15
2019-10-08,隆基绿能,601012,12.08,12.39,12.06,12.09,12.31,221175,576228656.0,0.59,-1.79
2019-09-30,隆基绿能,601012,12.41,12.62,12.19,12.31,12.43,190757,501001600.0,0.51,-0.97
2019-09-27,隆基绿能,601012,12.29,12.57,12.07,12.43,12.4,262172,689339408.0,0.7,0.24
2019-09-26,隆基绿能,601012,12.44,12.84,12.18,12.4,12.39,443320,1182629600.0,1.18,0.08
2019-09-25,隆基绿能,601012,13.11,13.2,12.22,12.39,13.31,674677,1815132720.0,1.79,-6.91
2019-09-24,隆基绿能,601012,12.84,13.43,12.74,13.31,12.73,522393,1464774992.0,1.39,4.56
2019-09-23,隆基绿能,601012,12.95,12.98,12.5,12.73,12.98,347626,936612192.0,0.92,-1.93
2019-09-20,隆基绿能,601012,12.85,13.03,12.71,12.98,12.79,297702,815685488.0,0.79,1.49
2019-09-19,隆基绿能,601012,12.78,13.05,12.65,12.79,12.81,315017,857249328.0,0.84,-0.16
2019-09-18,隆基绿能,601012,12.98,13.0,12.55,12.81,12.98,422609,1140976320.0,1.12,-1.31
2019-09-17,隆基绿能,601012,13.38,13.38,12.89,12.98,13.31,270136,746600976.0,0.72,-2.48
2019-09-16,隆基绿能,601012,13.28,13.41,12.95,13.31,13.2,307595,861664592.0,0.82,0.83
2019-09-12,隆基绿能,601012,13.16,13.41,13.06,13.2,13.01,436821,1223076416.0,1.16,1.46
2019-09-11,隆基绿能,601012,13.21,13.24,12.85,13.01,13.08,326987,901838288.0,0.87,-0.54
2019-09-10,隆基绿能,601012,13.36,13.42,12.9,13.08,13.19,380056,1054582464.0,1.01,-0.83
2019-09-09,隆基绿能,601012,13.2,13.48,12.81,13.19,13.23,613880,1713575808.0,1.63,-0.3
2019-09-06,隆基绿能,601012,13.73,13.8,13.0,13.23,13.69,655405,1843673488.0,1.74,-3.36
2019-09-05,隆基绿能,601012,13.72,13.76,13.57,13.69,13.61,371090,1072171312.0,0.99,0.59
2019-09-04,隆基绿能,601012,13.72,13.79,13.47,13.61,13.67,247083,710433184.0,0.66,-0.44
2019-09-03,隆基绿能,601012,13.56,13.9,13.44,13.67,13.57,500972,1446225104.0,1.33,0.74
2019-09-02,隆基绿能,601012,13.05,13.96,13.05,13.57,13.03,595220,1700804160.0,1.65,4.14
2019-08-30,隆基绿能,601012,13.23,13.43,12.84,13.03,13.03,526049,1467694512.0,1.46,0.0
2019-08-29,隆基绿能,601012,13.24,13.44,13.01,13.03,13.16,587211,1638242208.0,1.62,-0.99
2019-08-28,隆基绿能,601012,12.51,13.35,12.47,13.16,12.56,654984,1800303184.0,1.81,4.78
2019-08-27,隆基绿能,601012,12.43,12.64,12.27,12.56,12.32,624441,1660056704.0,1.73,1.95
2019-08-26,隆基绿能,601012,12.43,12.59,12.13,12.32,12.69,535961,1412209808.0,1.48,-2.92
2019-08-23,隆基绿能,601012,12.69,12.79,12.39,12.69,12.51,596065,1597685104.0,1.65,1.44
2019-08-22,隆基绿能,601012,12.9,12.99,12.47,12.51,12.72,820657,2218151792.0,2.27,-1.65
2019-08-21,隆基绿能,601012,11.47,12.72,11.41,12.72,11.47,991928,2606824096.0,2.74,10.9
2019-08-20,隆基绿能,601012,11.52,11.54,11.28,11.47,11.56,352393,861572576.0,0.97,-0.78
2019-08-19,隆基绿能,601012,11.47,11.7,11.26,11.56,11.37,384853,949377296.0,1.06,1.67
2019-08-16,隆基绿能,601012,11.68,11.74,11.22,11.37,11.67,353947,867487056.0,0.98,-2.57
2019-08-15,隆基绿能,601012,11.2,11.68,11.2,11.67,11.4,276797,680149472.0,0.77,2.37
2019-08-14,隆基绿能,601012,11.61,11.62,11.19,11.4,11.44,343780,836775152.0,0.95,-0.35
2019-08-13,隆基绿能,601012,11.71,11.72,11.41,11.44,11.76,219151,540706352.0,0.61,-2.72
2019-08-12,隆基绿能,601012,11.63,11.77,11.54,11.76,11.51,229261,573554736.0,0.63,2.17
2019-08-09,隆基绿能,601012,11.72,11.88,11.43,11.51,11.64,229140,573029136.0,0.63,-1.12
2019-08-08,隆基绿能,601012,11.58,11.75,11.47,11.64,11.4,255912,637170928.0,0.71,2.11
2019-08-07,隆基绿能,601012,11.77,11.82,11.37,11.4,11.63,285875,707504768.0,0.79,-1.98
2019-08-06,隆基绿能,601012,11.41,11.72,11.27,11.63,11.62,273267,672430736.0,0.76,0.09
2019-08-05,隆基绿能,601012,11.84,11.98,11.58,11.62,11.87,272199,686332816.0,0.75,-2.11
2019-08-02,隆基绿能,601012,11.75,12.16,11.68,11.87,11.98,290069,736076400.0,0.8,-0.92
2019-08-01,隆基绿能,601012,12.05,12.14,11.94,11.98,12.05,193795,498373744.0,0.54,-0.58
2019-07-31,隆基绿能,601012,11.93,12.22,11.9,12.05,11.93,233269,601551824.0,0.65,1.01
2019-07-30,隆基绿能,601012,12.23,12.29,11.9,11.93,12.14,296602,761775728.0,0.82,-1.73
2019-07-29,隆基绿能,601012,12.16,12.34,12.09,12.14,12.21,315346,821257328.0,0.87,-0.57
2019-07-26,隆基绿能,601012,11.79,12.32,11.73,12.21,11.81,415420,1070562272.0,1.15,3.39
2019-07-25,隆基绿能,601012,11.65,12.04,11.59,11.81,11.68,392634,996944112.0,1.09,1.11
2019-07-24,隆基绿能,601012,11.72,11.75,11.57,11.68,11.65,251807,628955568.0,0.7,0.26
2019-07-23,隆基绿能,601012,11.32,11.7,11.21,11.65,11.21,425966,1058745088.0,1.18,3.93
2019-07-22,隆基绿能,601012,11.27,11.4,11.02,11.21,11.17,203255,491084688.0,0.56,0.36
2019-07-19,隆基绿能,601012,11.37,11.39,11.08,11.17,11.2,283902,685749328.0,0.79,-0.27
2019-07-18,隆基绿能,601012,11.4,11.68,11.01,11.2,10.68,648523,1565677008.0,1.79,4.87
2019-07-17,隆基绿能,601012,10.79,10.94,10.61,10.68,10.71,222855,516914512.0,0.62,-0.28
2019-07-16,隆基绿能,601012,10.59,10.74,10.48,10.71,10.63,215940,495842432.0,0.6,0.75
2019-07-15,隆基绿能,601012,10.32,10.7,10.18,10.63,10.32,361775,820425056.0,1.0,3.0
2019-07-12,隆基绿能,601012,9.69,10.38,9.69,10.32,9.63,473392,1037436992.0,1.31,7.17
2019-07-11,隆基绿能,601012,10.12,10.14,9.42,9.63,10.03,528305,1109138288.0,1.46,-3.99
2019-07-10,隆基绿能,601012,10.08,10.1,9.96,10.03,9.98,107046,232907484.0,0.3,0.5
2019-07-09,隆基绿能,601012,9.99,10.17,9.86,9.98,10.07,188125,406742976.0,0.52,-0.89
2019-07-08,隆基绿能,601012,10.29,10.35,9.93,10.07,10.36,279695,611541184.0,0.77,-2.8
2019-07-05,隆基绿能,601012,10.35,10.48,10.26,10.36,10.29,234299,526704464.0,0.65,0.68
2019-07-04,隆基绿能,601012,10.45,10.6,10.14,10.29,10.45,270441,605060320.0,0.75,-1.53
2019-07-03,隆基绿能,601012,10.43,10.58,10.22,10.45,10.45,441553,991898064.0,1.22,0.0
2019-07-02,隆基绿能,601012,10.71,10.73,10.26,10.45,10.88,656955,1482619312.0,1.82,-3.95
2019-07-01,隆基绿能,601012,11.01,11.19,10.83,10.88,10.71,367390,869193440.0,1.02,1.59
2019-06-28,隆基绿能,601012,10.84,10.89,10.62,10.71,10.74,134843,312158208.0,0.37,-0.28
2019-06-27,隆基绿能,601012,10.64,10.88,10.64,10.74,10.55,243712,565681200.0,0.67,1.8
2019-06-26,隆基绿能,601012,10.56,10.68,10.34,10.55,10.52,188340,428533824.0,0.52,0.29
2019-06-25,隆基绿能,601012,10.82,10.88,10.37,10.52,10.91,256395,584225712.0,0.71,-3.57
2019-06-24,隆基绿能,601012,10.75,11.21,10.62,10.91,10.73,330464,776301136.0,0.91,1.68
2019-06-21,隆基绿能,601012,10.89,10.9,10.56,10.73,10.68,241538,558151312.0,0.67,0.47
2019-06-20,隆基绿能,601012,10.24,10.95,10.24,10.68,10.35,362578,833819936.0,1.0,3.19
2019-06-19,隆基绿能,601012,10.44,10.6,10.33,10.35,10.03,371561,838981904.0,1.03,3.19
2019-06-18,隆基绿能,601012,9.87,10.14,9.84,10.03,9.88,268787,583327904.0,0.74,1.52
2019-06-17,隆基绿能,601012,10.18,10.24,9.32,9.88,10.3,520447,1105757248.0,1.44,-4.08
2019-06-14,隆基绿能,601012,10.67,10.75,10.2,10.3,10.44,228903,516125872.0,0.63,-1.34
2019-06-13,隆基绿能,601012,10.45,10.63,10.22,10.44,10.37,214143,482377104.0,0.59,0.68
2019-06-12,隆基绿能,601012,10.79,10.79,10.28,10.37,10.76,233534,528802672.0,0.65,-3.62
2019-06-11,隆基绿能,601012,10.72,10.82,10.51,10.76,10.51,268561,619782560.0,0.74,2.38
2019-06-10,隆基绿能,601012,10.18,10.58,10.07,10.51,10.06,225410,505063584.0,0.62,4.47
2019-06-06,隆基绿能,601012,10.63,10.67,10.01,10.06,10.61,374998,838735792.0,1.04,-5.18
2019-06-05,隆基绿能,601012,10.93,10.93,10.51,10.61,10.77,204225,472317744.0,0.56,-1.49
2019-06-04,隆基绿能,601012,10.89,11.01,10.69,10.77,10.68,222396,521338528.0,0.62,0.84
2019-06-03,隆基绿能,601012,10.95,11.1,10.66,10.68,11.03,303117,712386448.0,0.84,-3.17
2019-05-31,隆基绿能,601012,11.12,11.29,10.86,11.03,10.82,507305,1215300128.0,1.4,1.94
2019-05-30,隆基绿能,601012,10.7,11.01,10.6,10.82,10.84,285741,667101280.0,0.79,-0.18
2019-05-29,隆基绿能,601012,10.99,11.06,10.84,10.84,11.13,226243,534842960.0,0.63,-2.61
2019-05-28,隆基绿能,601012,11.04,11.22,10.81,11.13,11.07,394388,937038064.0,1.09,0.54
2019-05-27,隆基绿能,601012,11.09,11.43,10.87,11.07,10.95,454115,1090731984.0,1.26,1.1
2019-05-24,隆基绿能,601012,10.96,11.22,10.85,10.95,11.08,221125,525210320.0,0.61,-1.17
2019-05-23,隆基绿能,601012,11.08,11.41,11.0,11.08,11.22,319465,770602768.0,0.88,-1.25
2019-05-22,隆基绿能,601012,11.06,11.54,10.97,11.22,11.01,268391,649831584.0,0.74,1.91
2019-05-21,隆基绿能,601012,11.22,11.23,10.94,11.01,11.12,323004,772911216.0,0.89,-0.99
2019-05-20,隆基绿能,601012,11.15,11.16,10.5,11.12,11.17,428295,1008334832.0,1.18,-0.45
2019-05-17,隆基绿能,601012,11.63,11.92,11.1,11.17,11.63,380049,938903824.0,1.05,-3.96
2019-05-16,隆基绿能,601012,11.78,11.93,11.47,11.63,11.71,412903,1037651952.0,1.14,-0.68
2019-05-15,隆基绿能,601012,11.17,11.78,11.08,11.71,10.81,618848,1525165392.0,1.71,8.33
2019-05-14,隆基绿能,601012,10.61,10.9,10.55,10.81,10.74,227214,530668304.0,0.63,0.65
2019-05-13,隆基绿能,601012,10.64,11.04,10.64,10.74,10.85,259173,608339424.0,0.72,-1.01
2019-05-10,隆基绿能,601012,10.6,10.91,10.25,10.85,10.28,472233,1095529760.0,1.31,5.54
2019-05-09,隆基绿能,601012,10.02,10.38,10.02,10.28,10.19,268899,597756064.0,0.74,0.88
2019-05-08,隆基绿能,601012,10.45,10.7,10.06,10.19,10.71,405324,917673824.0,1.12,-4.86
2019-05-07,隆基绿能,601012,10.45,10.91,10.23,10.71,10.38,540232,1248071056.0,1.49,3.18
2019-05-06,隆基绿能,601012,10.0,10.58,9.68,10.38,10.45,454370,995331104.0,1.26,-0.67
2019-04-30,隆基绿能,601012,10.6,11.06,10.3,10.45,10.45,453588,1049035168.0,1.25,0.0
2019-04-29,隆基绿能,601012,10.25,10.81,10.01,10.45,10.45,398037,896781856.0,1.1,0.0
2019-04-26,隆基绿能,601012,10.77,11.04,10.31,10.45,10.89,276707,635491056.0,0.77,-4.04
2019-04-25,隆基绿能,601012,10.99,11.15,10.65,10.89,10.93,198193,469195184.0,0.55,-0.37
2019-04-24,隆基绿能,601012,10.95,11.17,10.71,10.93,10.91,228501,539789184.0,0.63,0.18
2019-04-23,隆基绿能,601012,11.27,11.47,10.86,10.91,11.28,277701,664469584.0,0.77,-3.28
2019-04-22,隆基绿能,601012,11.4,11.88,11.14,11.28,11.31,355526,880653664.0,0.98,-0.27
2019-04-19,隆基绿能,601012,11.22,11.56,10.99,11.31,11.28,278098,678132464.0,0.77,0.27
2019-04-18,隆基绿能,601012,10.68,11.57,10.63,11.28,10.81,509770,1240844496.0,1.41,4.35
2019-04-17,隆基绿能,601012,10.35,11.06,10.05,10.81,10.05,500998,1151030800.0,1.39,7.56
2019-04-08,隆基绿能,601012,10.41,10.64,10.02,10.05,10.31,444374,1226013856.0,1.6,-2.52
2019-04-04,隆基绿能,601012,10.2,10.46,10.17,10.31,10.35,227900,631129680.0,0.82,-0.39
2019-04-03,隆基绿能,601012,10.29,10.46,10.09,10.35,10.42,249487,690322720.0,0.9,-0.67
2019-04-02,隆基绿能,601012,10.51,10.76,10.33,10.42,10.52,347587,981667680.0,1.25,-0.95
2019-04-01,隆基绿能,601012,9.62,10.6,9.62,10.52,9.66,608534,1674695632.0,2.19,8.9
2019-03-29,隆基绿能,601012,9.43,9.72,9.35,9.66,9.46,377019,978055280.0,1.36,2.11
2019-03-28,隆基绿能,601012,9.23,9.68,9.14,9.46,9.28,360153,927132624.0,1.29,1.94
2019-03-27,隆基绿能,601012,9.45,9.47,9.0,9.28,9.36,283248,705724688.0,1.02,-0.85
2019-03-26,隆基绿能,601012,9.61,9.66,9.29,9.36,9.43,259124,659359856.0,0.93,-0.74
2019-03-25,隆基绿能,601012,9.48,9.76,9.4,9.43,9.58,322561,834761408.0,1.16,-1.57
2019-03-22,隆基绿能,601012,9.82,9.87,9.38,9.58,9.9,453245,1179300096.0,1.63,-3.23
2019-03-21,隆基绿能,601012,9.91,10.01,9.82,9.9,9.91,196856,526576096.0,0.71,-0.1
2019-03-20,隆基绿能,601012,10.08,10.08,9.66,9.91,10.1,410873,1087809232.0,1.48,-1.88
2019-03-19,隆基绿能,601012,10.47,10.49,9.99,10.1,10.41,329713,904733536.0,1.19,-2.98
2019-03-18,隆基绿能,601012,10.39,10.47,10.17,10.41,10.21,328998,914624368.0,1.18,1.96
2019-03-15,隆基绿能,601012,10.13,10.56,10.09,10.21,10.07,371936,1031042416.0,1.34,1.39
2019-03-14,隆基绿能,601012,10.21,10.63,9.91,10.07,10.26,516207,1417381856.0,1.86,-1.85
2019-03-13,隆基绿能,601012,10.41,10.52,9.9,10.26,10.34,504300,1388176688.0,1.81,-0.77
2019-03-12,隆基绿能,601012,10.41,10.66,10.23,10.34,10.35,789114,2221707344.0,2.84,-0.1
2019-03-11,隆基绿能,601012,9.33,10.35,9.24,10.35,9.35,943036,2560516496.0,3.39,10.7
2019-03-08,隆基绿能,601012,9.51,9.89,9.29,9.35,9.62,606398,1577437584.0,2.18,-2.81
2019-03-07,隆基绿能,601012,9.78,9.96,9.54,9.62,9.9,652973,1710507024.0,2.35,-2.83
2019-03-06,隆基绿能,601012,10.18,10.24,9.74,9.9,10.24,699472,1870505232.0,2.51,-3.32
2019-03-05,隆基绿能,601012,10.17,10.44,10.02,10.24,10.17,401627,1101328464.0,1.44,0.69
2019-03-04,隆基绿能,601012,10.33,10.46,10.06,10.17,10.28,571425,1579487776.0,2.05,-1.07
2019-03-01,隆基绿能,601012,10.05,10.5,9.82,10.28,10.06,423937,1170115472.0,1.52,2.19
2019-02-28,隆基绿能,601012,9.86,10.33,9.81,10.06,9.93,442726,1207445808.0,1.59,1.31
2019-02-27,隆基绿能,601012,10.62,10.66,9.58,9.93,10.66,781866,2107872928.0,2.81,-6.85
2019-02-26,隆基绿能,601012,10.61,11.3,10.37,10.66,10.79,680257,1980270752.0,2.45,-1.2
2019-02-25,隆基绿能,601012,11.14,11.14,10.48,10.79,10.8,745595,2150105568.0,2.68,-0.09
2019-02-22,隆基绿能,601012,10.04,10.94,10.02,10.8,10.0,558079,1577294080.0,2.01,8.0
2019-02-21,隆基绿能,601012,9.45,10.2,9.4,10.0,9.51,554805,1482839056.0,1.99,5.15
2019-02-20,隆基绿能,601012,9.46,9.54,9.15,9.51,9.28,328234,826461808.0,1.18,2.48
2019-02-19,隆基绿能,601012,9.54,9.6,9.0,9.28,9.11,567617,1429918272.0,2.04,1.87
2019-02-18,隆基绿能,601012,8.58,9.33,8.58,9.11,8.68,446814,1096602320.0,1.61,4.95
2019-02-15,隆基绿能,601012,8.8,8.96,8.64,8.68,8.81,302479,720133312.0,1.09,-1.48
2019-02-14,隆基绿能,601012,8.45,8.91,8.39,8.81,8.5,462808,1100132576.0,1.66,3.65
2019-02-13,隆基绿能,601012,8.4,8.54,8.31,8.5,8.43,297423,682470912.0,1.07,0.83
2019-02-12,隆基绿能,601012,8.52,8.52,8.28,8.43,8.55,236050,539118352.0,0.85,-1.4
2019-02-11,隆基绿能,601012,8.4,8.61,8.22,8.55,8.38,341728,782306016.0,1.23,2.03
2019-02-01,隆基绿能,601012,8.25,8.58,8.14,8.38,8.12,269848,619106032.0,0.97,3.2
2019-01-31,隆基绿能,601012,8.39,8.39,8.02,8.12,8.26,179993,402878752.0,0.65,-1.69
2019-01-30,隆基绿能,601012,8.2,8.51,8.2,8.26,8.17,262476,598226512.0,0.94,1.1
2019-01-29,隆基绿能,601012,8.05,8.28,7.82,8.17,8.12,305922,674579616.0,1.1,0.62
2019-01-28,隆基绿能,601012,8.31,8.5,8.07,8.12,8.26,261338,586915424.0,0.94,-1.69
2019-01-25,隆基绿能,601012,8.13,8.43,8.03,8.26,8.13,322154,726309344.0,1.16,1.6
2019-01-24,隆基绿能,601012,8.05,8.64,8.03,8.13,8.09,433251,982814064.0,1.56,0.49
2019-01-23,隆基绿能,601012,8.03,8.18,7.83,8.09,8.03,173886,380269776.0,0.63,0.75
2019-01-22,隆基绿能,601012,8.13,8.14,7.84,8.03,8.1,202540,441582064.0,0.73,-0.86
2019-01-21,隆基绿能,601012,8.17,8.23,7.95,8.1,8.16,345096,761783040.0,1.24,-0.74
2019-01-18,隆基绿能,601012,7.79,8.29,7.54,8.16,7.6,461885,1000247648.0,1.66,7.37
2019-01-17,隆基绿能,601012,7.74,8.03,7.43,7.6,7.76,461371,972294464.0,1.66,-2.06
2019-01-16,隆基绿能,601012,7.87,7.87,7.67,7.76,7.87,263252,560660848.0,0.95,-1.4
2019-01-15,隆基绿能,601012,7.37,7.96,7.33,7.87,7.4,407253,861934640.0,1.46,6.35
2019-01-14,隆基绿能,601012,7.28,7.5,7.22,7.4,7.28,242994,492428656.0,0.87,1.65
2019-01-11,隆基绿能,601012,7.62,7.62,7.26,7.28,7.63,352474,714905744.0,1.27,-4.59
2019-01-10,隆基绿能,601012,7.01,7.63,7.01,7.63,6.89,553913,1134086848.0,1.99,10.74
2019-01-09,隆基绿能,601012,6.68,7.01,6.59,6.89,6.68,317653,599946544.0,1.14,3.14
2019-01-08,隆基绿能,601012,6.68,6.7,6.57,6.68,6.65,196162,361971216.0,0.71,0.45
2019-01-07,隆基绿能,601012,6.48,6.7,6.48,6.65,6.46,199795,365479552.0,0.72,2.94
2019-01-04,隆基绿能,601012,6.29,6.48,6.06,6.46,6.28,254649,449317488.0,0.92,2.87
2019-01-03,隆基绿能,601012,6.25,6.42,6.12,6.28,6.24,180640,315433296.0,0.65,0.64
2019-01-02,隆基绿能,601012,6.26,6.44,6.19,6.24,6.26,152059,266641563.0,0.55,-0.32
2018-12-28,隆基绿能,601012,6.42,6.47,6.02,6.26,6.37,265848,458876640.0,0.96,-1.73
2018-12-27,隆基绿能,601012,6.66,6.66,6.34,6.37,6.55,234608,422765296.0,0.84,-2.75
2018-12-26,隆基绿能,601012,6.51,6.75,6.49,6.55,6.58,284708,520642880.0,1.02,-0.46
2018-12-25,隆基绿能,601012,6.5,6.68,6.44,6.58,6.59,192703,350617760.0,0.69,-0.15
2018-12-24,隆基绿能,601012,6.4,6.61,6.35,6.59,6.4,218327,394109600.0,0.78,2.97
2018-12-21,隆基绿能,601012,6.29,6.55,6.29,6.4,6.37,287959,513622400.0,1.04,0.47
2018-12-20,隆基绿能,601012,6.37,6.6,6.32,6.37,6.33,327352,585913952.0,1.18,0.63
2018-12-19,隆基绿能,601012,6.56,6.62,6.27,6.33,6.61,247348,439695344.0,0.89,-4.24
2018-12-18,隆基绿能,601012,6.62,6.71,6.48,6.61,6.57,146610,267715409.0,0.53,0.61
2018-12-17,隆基绿能,601012,6.74,6.83,6.42,6.57,6.8,204805,373401840.0,0.74,-3.38
2018-12-14,隆基绿能,601012,6.92,7.08,6.79,6.8,6.95,213462,409818688.0,0.77,-2.16
2018-12-13,隆基绿能,601012,6.82,7.02,6.7,6.95,6.73,221736,422002528.0,0.8,3.27
2018-12-12,隆基绿能,601012,6.76,6.91,6.72,6.73,6.76,142991,269879296.0,0.52,-0.44
2018-12-11,隆基绿能,601012,6.89,6.98,6.7,6.76,6.86,196516,369274976.0,0.71,-1.46
2018-12-10,隆基绿能,601012,6.87,6.95,6.75,6.86,6.92,200587,379033296.0,0.72,-0.87
2018-12-07,隆基绿能,601012,6.99,7.1,6.7,6.92,6.9,224220,427545056.0,0.81,0.29
2018-12-06,隆基绿能,601012,6.86,7.2,6.78,6.9,6.88,410987,793071216.0,1.48,0.29
2018-12-05,隆基绿能,601012,6.48,7.05,6.45,6.88,6.59,492846,935350752.0,1.78,4.4
2018-12-04,隆基绿能,601012,6.72,6.72,6.51,6.59,6.76,345840,632407248.0,1.25,-2.51
2018-12-03,隆基绿能,601012,6.94,7.01,6.72,6.76,6.72,304545,575986752.0,1.1,0.6
2018-11-30,隆基绿能,601012,6.65,6.77,6.53,6.72,6.7,207102,382601392.0,0.75,0.3
2018-11-29,隆基绿能,601012,6.86,6.94,6.66,6.7,6.8,269793,505300288.0,0.98,-1.47
2018-11-28,隆基绿能,601012,6.32,6.98,6.32,6.8,6.3,542118,1004315520.0,1.96,7.94
2018-11-27,隆基绿能,601012,6.24,6.41,6.22,6.3,6.16,258001,451938224.0,0.93,2.27
2018-11-26,隆基绿能,601012,6.11,6.18,6.02,6.16,6.11,102796,175432017.0,0.37,0.82
2018-11-23,隆基绿能,601012,6.19,6.27,6.07,6.11,6.18,147411,252817984.0,0.53,-1.13
2018-11-22,隆基绿能,601012,6.27,6.47,6.16,6.18,6.25,185592,325434224.0,0.67,-1.12
2018-11-21,隆基绿能,601012,5.93,6.29,5.9,6.25,6.02,266812,459786048.0,0.96,3.82
2018-11-20,隆基绿能,601012,6.15,6.2,5.99,6.02,6.25,180298,305652880.0,0.65,-3.68
2018-11-19,隆基绿能,601012,6.11,6.3,5.95,6.25,6.17,234678,401433936.0,0.85,1.3
2018-11-16,隆基绿能,601012,6.17,6.41,6.14,6.17,6.19,289853,504323808.0,1.05,-0.32
2018-11-15,隆基绿能,601012,6.14,6.22,6.1,6.19,6.15,179673,308831696.0,0.65,0.65
2018-11-14,隆基绿能,601012,6.12,6.32,5.97,6.15,6.15,254334,435790608.0,0.92,0.0
2018-11-13,隆基绿能,601012,6.1,6.33,6.1,6.15,6.28,273499,472064960.0,0.99,-2.07
2018-11-12,隆基绿能,601012,5.84,6.33,5.8,6.28,5.89,514319,873173856.0,1.86,6.62
2018-11-09,隆基绿能,601012,5.85,5.94,5.75,5.89,5.83,259761,425703376.0,0.94,1.03
2018-11-08,隆基绿能,601012,5.97,5.97,5.78,5.83,5.86,294561,485620144.0,1.07,-0.51
2018-11-07,隆基绿能,601012,6.01,6.08,5.8,5.86,6.06,534958,893105184.0,1.93,-3.3
2018-11-06,隆基绿能,601012,6.43,6.43,5.86,6.06,6.28,855871,1456966944.0,3.09,-3.5
2018-11-05,隆基绿能,601012,6.17,6.28,6.1,6.28,5.66,445407,774020096.0,1.61,10.95
2018-11-02,隆基绿能,601012,5.31,5.66,5.29,5.66,5.09,715563,1106871184.0,2.59,11.2
2018-11-01,隆基绿能,601012,4.79,5.27,4.76,5.09,4.74,502951,724055616.0,1.82,7.38
2018-10-31,隆基绿能,601012,4.45,4.81,4.45,4.74,4.48,252579,338702640.0,0.91,5.8
2018-10-30,隆基绿能,601012,4.66,4.71,4.44,4.48,4.69,177247,232155632.0,0.64,-4.48
2018-10-29,隆基绿能,601012,4.71,4.73,4.59,4.69,4.71,78788,105538717.0,0.28,-0.42
2018-10-26,隆基绿能,601012,4.86,4.86,4.65,4.71,4.7,101352,137035627.0,0.37,0.21
2018-10-25,隆基绿能,601012,4.55,4.77,4.54,4.7,4.73,106064,141318410.0,0.38,-0.63
2018-10-24,隆基绿能,601012,4.68,4.82,4.56,4.73,4.73,153109,205902236.0,0.55,0.0
2018-10-23,隆基绿能,601012,4.89,4.9,4.66,4.73,4.89,194424,264206492.0,0.7,-3.27
2018-10-22,隆基绿能,601012,4.72,4.97,4.64,4.89,4.6,299135,412231824.0,1.08,6.3
2018-10-19,隆基绿能,601012,4.4,4.62,4.28,4.6,4.43,206276,267891000.0,0.75,3.84
2018-10-18,隆基绿能,601012,4.54,4.58,4.34,4.43,4.6,179863,230744734.0,0.65,-3.7
2018-10-17,隆基绿能,601012,4.54,4.63,4.48,4.6,4.45,175944,230425978.0,0.64,3.37
2018-10-16,隆基绿能,601012,4.56,4.71,4.43,4.45,4.58,187059,245048879.0,0.68,-2.84
2018-10-15,隆基绿能,601012,4.71,4.83,4.56,4.58,4.62,180246,243063974.0,0.65,-0.87
2018-10-12,隆基绿能,601012,4.51,4.68,4.38,4.62,4.53,215933,283086880.0,0.78,1.99
2018-10-11,隆基绿能,601012,4.44,4.61,4.38,4.53,4.69,296087,383760224.0,1.07,-3.41
2018-10-10,隆基绿能,601012,4.96,5.05,4.57,4.69,4.91,270862,372166656.0,0.98,-4.48
2018-10-09,隆基绿能,601012,4.82,5.0,4.78,4.91,4.82,254086,354888528.0,0.92,1.87
2018-10-08,隆基绿能,601012,4.84,4.91,4.78,4.82,4.99,220386,304538560.0,0.8,-3.41
2018-09-28,隆基绿能,601012,4.81,5.0,4.74,4.99,4.74,355701,496590432.0,1.29,5.27
2018-09-27,隆基绿能,601012,4.76,4.85,4.67,4.74,4.78,228973,311784336.0,0.83,-0.84
2018-09-26,隆基绿能,601012,4.54,4.89,4.51,4.78,4.49,460322,620707168.0,1.66,6.46
2018-09-25,隆基绿能,601012,4.42,4.56,4.38,4.49,4.45,193219,249566536.0,0.7,0.9
2018-09-21,隆基绿能,601012,4.44,4.47,4.26,4.45,4.4,205581,259595946.0,0.74,1.14
2018-09-20,隆基绿能,601012,4.4,4.53,4.38,4.4,4.43,163661,209271790.0,0.59,-0.68
2018-09-19,隆基绿能,601012,4.36,4.5,4.25,4.43,4.42,224229,282971760.0,0.81,0.23
2018-09-18,隆基绿能,601012,4.43,4.44,4.17,4.42,4.43,198706,247423339.0,0.72,-0.23
2018-09-17,隆基绿能,601012,4.42,4.47,4.29,4.43,4.44,125818,158908305.0,0.45,-0.23
2018-09-14,隆基绿能,601012,4.35,4.52,4.34,4.44,4.33,191930,246524698.0,0.69,2.54
2018-09-13,隆基绿能,601012,4.5,4.54,4.18,4.33,4.45,199734,251009039.0,0.72,-2.7
2018-09-12,隆基绿能,601012,4.44,4.49,4.39,4.45,4.42,115315,147696478.0,0.42,0.68
2018-09-11,隆基绿能,601012,4.45,4.51,4.36,4.42,4.44,137628,175764710.0,0.5,-0.45
2018-09-10,隆基绿能,601012,4.66,4.69,4.44,4.44,4.7,171009,221785263.0,0.62,-5.53
2018-09-07,隆基绿能,601012,4.79,4.87,4.66,4.7,4.79,113730,155021616.0,0.41,-1.88
2018-09-06,隆基绿能,601012,4.79,4.89,4.74,4.79,4.86,147247,201552825.0,0.53,-1.44
2018-09-05,隆基绿能,601012,4.83,5.03,4.76,4.86,4.85,204387,286809744.0,0.74,0.21
2018-09-04,隆基绿能,601012,4.89,4.96,4.72,4.85,4.85,222618,308333824.0,0.8,0.0
2018-09-03,隆基绿能,601012,4.92,5.1,4.82,4.85,4.76,318616,448153408.0,1.15,1.89
2018-08-31,隆基绿能,601012,4.56,4.91,4.46,4.76,4.53,274967,370652928.0,0.99,5.08
2018-08-30,隆基绿能,601012,4.49,4.61,4.44,4.53,4.51,124377,161668986.0,0.45,0.44
2018-08-29,隆基绿能,601012,4.59,4.64,4.45,4.51,4.6,130349,168647112.0,0.47,-1.96
2018-08-28,隆基绿能,601012,4.63,4.69,4.54,4.6,4.57,153795,203385414.0,0.56,0.66
2018-08-27,隆基绿能,601012,4.42,4.69,4.4,4.57,4.3,287962,377369616.0,1.04,6.28
2018-08-24,隆基绿能,601012,4.28,4.34,4.25,4.3,4.3,109906,136524986.0,0.4,0.0
2018-08-23,隆基绿能,601012,4.28,4.33,4.24,4.3,4.27,97409,120999992.0,0.35,0.7
2018-08-22,隆基绿能,601012,4.36,4.36,4.24,4.27,4.32,107628,133305752.0,0.39,-1.16
2018-08-21,隆基绿能,601012,4.21,4.41,4.19,4.32,4.22,178566,221876042.0,0.65,2.37
2018-08-20,隆基绿能,601012,4.28,4.31,4.03,4.22,4.28,286203,342989760.0,1.03,-1.4
2018-08-17,隆基绿能,601012,4.74,4.76,4.17,4.28,4.67,522159,657657488.0,1.89,-8.35
2018-08-16,隆基绿能,601012,4.69,4.82,4.63,4.67,4.77,223773,301646288.0,0.81,-2.1
2018-08-15,隆基绿能,601012,5.02,5.06,4.7,4.77,5.08,293887,404720992.0,1.06,-6.1
2018-08-14,隆基绿能,601012,5.17,5.18,5.04,5.08,5.13,121956,176227015.0,0.44,-0.97
2018-08-13,隆基绿能,601012,4.95,5.13,4.9,5.13,4.99,157304,225672979.0,0.57,2.81
2018-08-10,隆基绿能,601012,5.07,5.14,4.89,4.99,5.04,126463,179575583.0,0.46,-0.99
2018-08-09,隆基绿能,601012,4.93,5.15,4.92,5.04,5.0,195680,281020864.0,0.71,0.8
2018-08-08,隆基绿能,601012,4.83,5.03,4.79,5.0,4.84,202059,284601168.0,0.73,3.31
2018-08-07,隆基绿能,601012,4.67,4.85,4.66,4.84,4.67,212965,290611760.0,0.77,3.64
2018-08-06,隆基绿能,601012,4.76,4.91,4.65,4.67,5.24,573086,775579072.0,2.07,-10.88
2018-08-03,隆基绿能,601012,5.43,5.51,5.22,5.24,5.44,173473,261069621.0,0.63,-3.68
2018-08-02,隆基绿能,601012,5.54,5.56,5.24,5.44,5.57,166892,254332520.0,0.6,-2.33
2018-08-01,隆基绿能,601012,5.57,5.67,5.55,5.57,5.57,150771,237356119.0,0.55,0.0
2018-07-31,隆基绿能,601012,5.68,5.68,5.54,5.57,5.72,180962,284568704.0,0.65,-2.62
2018-07-30,隆基绿能,601012,5.75,5.84,5.55,5.72,5.67,291168,465905120.0,1.05,0.88
2018-07-27,隆基绿能,601012,5.56,5.82,5.56,5.67,5.52,327486,524812288.0,1.18,2.72
2018-07-26,隆基绿能,601012,5.53,5.72,5.44,5.52,5.56,266680,419196416.0,0.96,-0.72
2018-07-25,隆基绿能,601012,5.74,5.8,5.53,5.56,5.71,332169,529088208.0,1.2,-2.63
2018-07-24,隆基绿能,601012,5.35,5.91,5.3,5.71,5.34,568389,902071136.0,2.06,6.93
2018-07-23,隆基绿能,601012,5.37,5.41,5.25,5.34,5.34,208760,313357280.0,0.75,0.0
2018-07-20,隆基绿能,601012,5.19,5.38,5.15,5.34,5.18,277269,416502320.0,1.0,3.09
2018-07-19,隆基绿能,601012,5.35,5.36,5.09,5.18,5.19,286880,424763568.0,1.04,-0.19
2018-07-18,隆基绿能,601012,5.15,5.27,5.13,5.19,5.12,259263,383087296.0,0.94,1.37
2018-07-17,隆基绿能,601012,5.27,5.29,4.99,5.12,5.29,359745,519204368.0,1.3,-3.21
2018-07-16,隆基绿能,601012,5.32,5.36,5.26,5.29,5.29,176017,263748999.0,0.64,0.0
2018-07-13,隆基绿能,601012,5.42,5.42,5.25,5.29,5.4,245560,367853296.0,0.89,-2.04
2018-07-12,隆基绿能,601012,5.38,5.44,5.28,5.4,5.31,269330,408133712.0,0.97,1.69
2018-07-11,隆基绿能,601012,5.22,5.36,5.15,5.31,5.37,218607,325707024.0,0.79,-1.12
2018-07-10,隆基绿能,601012,5.54,5.57,5.26,5.37,5.54,286493,434261056.0,1.04,-3.07
2018-07-09,隆基绿能,601012,5.5,5.63,5.42,5.54,5.45,233929,365135808.0,0.85,1.65
2018-07-06,隆基绿能,601012,5.27,5.55,5.19,5.45,5.35,189984,289698384.0,0.69,1.87
2018-07-05,隆基绿能,601012,5.52,5.57,5.27,5.35,5.5,291355,442516496.0,1.05,-2.73
2018-07-04,隆基绿能,601012,5.68,5.71,5.47,5.5,5.69,176412,277601136.0,0.64,-3.34
2018-07-03,隆基绿能,601012,5.67,5.73,5.51,5.69,5.67,153684,243300899.0,0.56,0.35
2018-07-02,隆基绿能,601012,5.98,5.99,5.58,5.67,5.97,251401,404759744.0,0.91,-5.03
2018-06-29,隆基绿能,601012,5.89,6.01,5.86,5.97,5.86,177201,295767968.0,0.64,1.88
2018-06-28,隆基绿能,601012,5.91,6.03,5.82,5.86,5.94,235101,390833584.0,0.85,-1.35
2018-06-27,隆基绿能,601012,5.72,5.97,5.64,5.94,5.69,353663,582786416.0,1.28,4.39
2018-06-26,隆基绿能,601012,5.62,5.83,5.53,5.69,5.71,225779,359657120.0,0.82,-0.35
2018-06-25,隆基绿能,601012,5.84,5.92,5.68,5.71,5.79,227944,371088880.0,0.82,-1.38
2018-06-22,隆基绿能,601012,5.61,5.81,5.52,5.79,5.67,180696,289685376.0,0.65,2.12
2018-06-21,隆基绿能,601012,5.73,5.88,5.61,5.67,5.72,213823,345075600.0,0.77,-0.87
2018-06-20,隆基绿能,601012,5.33,5.81,5.33,5.72,5.39,323817,510502896.0,1.17,6.12
2018-06-19,隆基绿能,601012,5.62,5.66,5.33,5.39,5.71,394489,611387712.0,1.43,-5.6
2018-06-15,隆基绿能,601012,5.75,5.84,5.68,5.71,5.93,350390,564354608.0,1.27,-3.71
2018-06-14,隆基绿能,601012,6.01,6.03,5.77,5.93,6.03,304721,504032112.0,1.1,-1.66
2018-06-13,隆基绿能,601012,6.14,6.25,6.0,6.03,6.23,295381,503127776.0,1.07,-3.21
2018-06-12,隆基绿能,601012,6.16,6.27,5.99,6.23,5.98,476739,818577120.0,1.72,4.18
2018-06-11,隆基绿能,601012,6.17,6.17,5.86,5.98,6.18,497651,833506320.0,1.8,-3.24
2018-06-08,隆基绿能,601012,6.15,6.27,6.08,6.18,6.13,428935,739233328.0,1.55,0.82
2018-06-07,隆基绿能,601012,6.11,6.23,6.05,6.13,6.26,634767,1087492240.0,2.3,-2.08
2018-06-06,隆基绿能,601012,6.13,6.37,5.86,6.26,6.53,1594173,2727074768.0,5.76,-4.13
2018-06-05,隆基绿能,601012,6.53,6.53,6.53,6.53,7.32,70176,127088736.0,0.25,-10.79
2018-06-04,隆基绿能,601012,7.32,7.32,7.32,7.32,8.19,48230,97038760.0,0.17,-10.62
2018-06-01,隆基绿能,601012,8.94,8.98,8.01,8.19,8.9,494246,1122022128.0,1.79,-7.98
2018-05-31,隆基绿能,601012,9.0,9.11,8.66,8.9,8.87,242596,584507472.0,0.88,0.34
2018-05-30,隆基绿能,601012,8.84,9.06,8.65,8.87,9.0,205125,494817792.0,0.74,-1.44
2018-05-29,隆基绿能,601012,9.25,9.4,8.96,9.0,9.25,183544,454768288.0,0.66,-2.7
2018-05-28,隆基绿能,601012,9.35,9.4,9.09,9.25,9.24,176172,619552512.0,0.89,0.11
2018-05-25,隆基绿能,601012,9.46,9.49,9.19,9.24,9.44,166869,591803744.0,0.84,-2.12
2018-05-24,隆基绿能,601012,9.93,9.93,9.38,9.44,9.84,241920,878629104.0,1.22,-4.07
2018-05-23,隆基绿能,601012,10.07,10.16,9.8,9.84,10.07,108540,409312544.0,0.55,-2.28
2018-05-22,隆基绿能,601012,9.91,10.17,9.83,10.07,9.88,156919,598519888.0,0.79,1.92
2018-05-21,隆基绿能,601012,9.73,9.98,9.72,9.88,9.7,146526,549339024.0,0.74,1.86
2018-05-18,隆基绿能,601012,9.76,9.8,9.42,9.7,9.7,196949,716166752.0,1.0,0.0
2018-05-17,隆基绿能,601012,10.23,10.25,9.56,9.7,10.25,215965,805295632.0,1.09,-5.37
2018-05-16,隆基绿能,601012,10.39,10.39,10.14,10.25,10.37,95486,370592944.0,0.48,-1.16
2018-05-15,隆基绿能,601012,10.05,10.41,10.05,10.37,10.0,203354,794064160.0,1.03,3.7
2018-05-14,隆基绿能,601012,10.02,10.23,9.86,10.0,10.0,189290,721780368.0,0.96,0.0
2018-05-11,隆基绿能,601012,9.73,10.06,9.71,10.0,9.67,194261,734379104.0,0.98,3.41
2018-05-10,隆基绿能,601012,9.88,9.95,9.59,9.67,9.77,122114,452199008.0,0.62,-1.02
2018-05-09,隆基绿能,601012,9.74,9.82,9.66,9.77,9.74,117633,435956784.0,0.6,0.31
2018-05-08,隆基绿能,601012,9.42,10.09,9.32,9.74,9.41,306868,1136863360.0,1.55,3.51
2018-05-07,隆基绿能,601012,9.16,9.53,8.97,9.41,9.1,197550,699269696.0,1.0,3.41
2018-05-04,隆基绿能,601012,8.97,9.26,8.94,9.1,9.06,124280,433013248.0,0.63,0.44
2018-05-03,隆基绿能,601012,8.84,9.07,8.74,9.06,8.83,162651,552697776.0,0.82,2.6
2018-05-02,隆基绿能,601012,8.93,9.17,8.62,8.83,9.02,180073,610397568.0,0.91,-2.11
2018-04-27,隆基绿能,601012,9.03,9.22,8.93,9.02,9.01,128288,444230912.0,0.65,0.11
2018-04-26,隆基绿能,601012,9.23,9.23,8.86,9.01,9.23,154837,534716944.0,0.78,-2.38
2018-04-25,隆基绿能,601012,9.18,9.26,9.05,9.23,9.27,119407,417014064.0,0.6,-0.43
2018-04-24,隆基绿能,601012,8.92,9.32,8.92,9.27,8.92,232800,816338640.0,1.18,3.92
2018-04-23,隆基绿能,601012,8.95,9.11,8.8,8.92,8.91,201838,686529120.0,1.02,0.11
2018-04-20,隆基绿能,601012,8.91,9.12,8.78,8.91,8.98,156730,532954416.0,0.79,-0.78
2018-04-19,隆基绿能,601012,8.56,9.18,8.56,8.98,8.52,349353,1197536224.0,1.77,5.4
2018-04-18,隆基绿能,601012,8.05,8.61,7.98,8.52,7.97,320622,1020606928.0,1.62,6.9
2018-04-17,隆基绿能,601012,8.2,8.26,7.92,7.97,8.15,181549,560988080.0,0.92,-2.21
2018-04-16,隆基绿能,601012,8.42,8.5,8.09,8.15,8.44,171712,544678592.0,0.87,-3.44
2018-04-13,隆基绿能,601012,8.6,8.7,8.4,8.44,8.57,96354,313503680.0,0.49,-1.52
2018-04-12,隆基绿能,601012,8.75,8.89,8.45,8.57,8.79,131255,433596352.0,0.66,-2.5
2018-04-11,隆基绿能,601012,8.82,8.96,8.77,8.79,8.72,106020,358793280.0,0.54,0.8
2018-04-10,隆基绿能,601012,8.56,8.73,8.56,8.72,8.54,105992,351260528.0,0.54,2.11
2018-04-09,隆基绿能,601012,8.49,8.67,8.42,8.54,8.5,123373,404243664.0,0.62,0.47
2018-04-04,隆基绿能,601012,8.95,9.0,8.45,8.5,8.87,256025,847204192.0,1.3,-4.17
2018-04-03,隆基绿能,601012,8.8,9.02,8.65,8.87,8.91,141122,476495568.0,0.71,-0.45
2018-04-02,隆基绿能,601012,9.04,9.04,8.82,8.91,8.98,127073,433866256.0,0.64,-0.78
2018-03-30,隆基绿能,601012,8.9,9.02,8.84,8.98,8.83,134488,460038752.0,0.68,1.7
2018-03-29,隆基绿能,601012,8.9,9.03,8.58,8.83,8.7,168560,565567440.0,0.85,1.49
2018-03-28,隆基绿能,601012,8.92,8.92,8.63,8.7,9.0,233160,780702928.0,1.18,-3.33
2018-03-27,隆基绿能,601012,9.1,9.13,8.87,9.0,8.91,165763,568412192.0,0.84,1.01
2018-03-26,隆基绿能,601012,8.68,9.21,8.68,8.91,8.91,236363,811401888.0,1.2,0.0
2018-03-23,隆基绿能,601012,8.91,9.22,8.51,8.91,9.38,235082,795507808.0,1.19,-5.01
2018-03-22,隆基绿能,601012,9.43,9.6,9.3,9.38,9.43,123694,443973824.0,0.63,-0.53
2018-03-21,隆基绿能,601012,9.24,9.7,9.24,9.43,9.13,242540,882352624.0,1.23,3.29
2018-03-20,隆基绿能,601012,9.19,9.24,9.02,9.13,9.27,125750,437571520.0,0.64,-1.51
2018-03-19,隆基绿能,601012,9.49,9.49,9.24,9.27,9.49,138496,492086160.0,0.7,-2.32
2018-03-16,隆基绿能,601012,9.65,9.7,9.47,9.49,9.64,93338,337864496.0,0.47,-1.56
2018-03-15,隆基绿能,601012,9.67,9.79,9.51,9.64,9.69,128201,470346384.0,0.65,-0.52
2018-03-14,隆基绿能,601012,9.39,9.72,9.39,9.69,9.39,199533,729863072.0,1.01,3.19
2018-03-13,隆基绿能,601012,9.83,9.9,9.38,9.39,9.86,217022,791067120.0,1.1,-4.77
2018-03-12,隆基绿能,601012,9.71,10.05,9.66,9.86,9.64,209085,786405744.0,1.06,2.28
2018-03-09,隆基绿能,601012,9.52,9.76,9.46,9.64,9.53,146225,534790752.0,0.74,1.15
2018-03-08,隆基绿能,601012,9.61,9.79,9.48,9.53,9.67,159098,582470896.0,0.81,-1.45
2018-03-07,隆基绿能,601012,9.59,9.79,9.49,9.67,9.65,175522,643614160.0,0.89,0.21
2018-03-06,隆基绿能,601012,9.48,9.77,9.43,9.65,9.47,168867,618044944.0,0.85,1.9
2018-03-05,隆基绿能,601012,9.38,9.56,9.23,9.47,9.4,152542,547399744.0,0.77,0.74
2018-03-02,隆基绿能,601012,9.69,9.79,9.35,9.4,9.69,185279,672448720.0,0.94,-2.99
2018-03-01,隆基绿能,601012,8.96,9.78,8.94,9.69,9.03,342778,1247218688.0,1.74,7.31
2018-02-28,隆基绿能,601012,8.98,9.26,8.82,9.03,9.13,168146,584076224.0,0.85,-1.1
2018-02-27,隆基绿能,601012,8.99,9.28,8.87,9.13,8.95,361171,1258071120.0,1.83,2.01
2018-02-26,隆基绿能,601012,8.48,8.98,8.39,8.95,8.57,315939,1052012160.0,1.6,4.43
2018-02-23,隆基绿能,601012,8.9,8.97,8.07,8.57,8.89,317103,1035667504.0,1.61,-3.6
2018-02-22,隆基绿能,601012,8.69,8.92,8.69,8.89,8.61,145608,491564256.0,0.74,3.25
2018-02-14,隆基绿能,601012,8.42,8.7,8.37,8.61,8.41,119852,392477248.0,0.61,2.38
2018-02-13,隆基绿能,601012,8.73,8.79,8.38,8.41,8.59,191540,626727568.0,0.97,-2.1
2018-02-12,隆基绿能,601012,8.13,8.73,8.13,8.59,8.07,205075,666565808.0,1.04,6.44
2018-02-09,隆基绿能,601012,7.79,8.37,7.75,8.07,8.25,322015,1002473392.0,1.63,-2.18
2018-02-08,隆基绿能,601012,8.46,8.58,8.05,8.25,8.45,344983,1099969504.0,1.75,-2.37
2018-02-07,隆基绿能,601012,8.95,8.98,8.2,8.45,8.72,347850,1141902464.0,1.76,-3.1
2018-02-06,隆基绿能,601012,8.62,8.95,8.58,8.72,8.89,369927,1239481184.0,1.87,-1.91
2018-02-05,隆基绿能,601012,9.26,9.69,8.89,8.89,9.95,701353,2404676256.0,3.55,-10.65
2018-02-02,隆基绿能,601012,9.57,10.1,9.34,9.95,9.67,208080,778471200.0,1.05,2.9
2018-02-01,隆基绿能,601012,10.0,10.15,9.49,9.67,10.16,322234,1197290992.0,1.63,-4.82
2018-01-31,隆基绿能,601012,10.03,10.2,9.91,10.16,10.07,228975,871983040.0,1.16,0.89
2018-01-30,隆基绿能,601012,9.9,10.26,9.88,10.07,9.91,250393,960551552.0,1.27,1.61
2018-01-29,隆基绿能,601012,9.91,10.3,9.86,9.91,10.04,297114,1138511200.0,1.5,-1.29
2018-01-26,隆基绿能,601012,10.27,10.35,9.99,10.04,9.96,347076,1336812448.0,1.76,0.8
2018-01-25,隆基绿能,601012,10.25,10.39,9.85,9.96,10.29,341272,1297235328.0,1.73,-3.21
2018-01-24,隆基绿能,601012,10.06,10.59,10.0,10.29,10.09,445451,1746649568.0,2.25,1.98
2018-01-23,隆基绿能,601012,9.41,10.12,9.29,10.09,9.46,438629,1642171392.0,2.22,6.66
2018-01-22,隆基绿能,601012,9.43,9.57,9.31,9.46,9.26,277835,997318064.0,1.41,2.16
2018-01-19,隆基绿能,601012,9.05,9.57,8.93,9.26,8.76,355670,1254168592.0,1.8,5.71
2018-01-18,隆基绿能,601012,9.01,9.07,8.71,8.76,8.74,262373,888013152.0,1.33,0.23
2018-01-17,隆基绿能,601012,8.91,8.94,8.11,8.74,8.94,465975,1515615584.0,2.36,-2.24
2018-01-16,隆基绿能,601012,9.06,9.28,8.76,8.94,9.06,289257,993363408.0,1.46,-1.32
2018-01-15,隆基绿能,601012,9.56,9.67,8.87,9.06,9.65,308311,1091525392.0,1.56,-6.11
2018-01-12,隆基绿能,601012,9.47,9.73,9.37,9.65,9.47,223390,810764896.0,1.13,1.9
2018-01-11,隆基绿能,601012,9.6,9.62,9.33,9.47,9.85,295792,1064789696.0,1.5,-3.86
2018-01-10,隆基绿能,601012,9.72,9.99,9.53,9.85,9.67,243660,907583536.0,1.23,1.86
2018-01-09,隆基绿能,601012,9.76,9.86,9.57,9.67,9.79,204313,751328880.0,1.03,-1.23
2018-01-08,隆基绿能,601012,9.97,9.97,9.58,9.79,10.07,276795,1023883248.0,1.4,-2.78
2018-01-05,隆基绿能,601012,10.05,10.24,9.72,10.07,10.07,301041,1138345200.0,1.53,0.0
2018-01-04,隆基绿能,601012,9.89,10.18,9.71,10.07,9.89,241136,914466944.0,1.23,1.82
2018-01-03,隆基绿能,601012,9.27,9.93,9.27,9.89,9.44,304058,1125389408.0,1.55,4.77
2018-01-02,隆基绿能,601012,9.69,9.73,9.05,9.44,9.58,335212,1189489120.0,1.7,-1.46
2017-12-29,隆基绿能,601012,9.53,9.67,9.39,9.58,9.51,172724,625981984.0,0.88,0.74
2017-12-28,隆基绿能,601012,9.56,9.73,9.34,9.51,9.53,233374,844255120.0,1.19,-0.21
2017-12-27,隆基绿能,601012,9.92,10.02,9.46,9.53,10.08,324239,1199965280.0,1.65,-5.46
2017-12-26,隆基绿能,601012,10.21,10.36,9.85,10.08,10.14,261167,997648976.0,1.33,-0.59
2017-12-25,隆基绿能,601012,10.36,10.67,10.06,10.14,10.32,299931,1172120336.0,1.53,-1.74
2017-12-22,隆基绿能,601012,9.69,10.57,9.69,10.32,9.62,495743,1915855104.0,2.52,7.28
2017-12-21,隆基绿能,601012,9.21,9.69,9.09,9.62,9.25,305370,1099051568.0,1.55,4.0
2017-12-20,隆基绿能,601012,9.12,9.51,9.05,9.25,9.14,217691,770091040.0,1.11,1.2
2017-12-19,隆基绿能,601012,9.0,9.19,8.9,9.14,9.03,140803,487192208.0,0.72,1.22
2017-12-18,隆基绿能,601012,9.27,9.31,8.86,9.03,9.32,161586,558604464.0,0.82,-3.11
2017-12-15,隆基绿能,601012,9.63,9.63,9.0,9.32,9.63,220916,783859088.0,1.12,-3.22
2017-12-14,隆基绿能,601012,9.57,9.81,9.38,9.63,9.58,242659,882491184.0,1.23,0.52
2017-12-13,隆基绿能,601012,9.16,9.6,9.16,9.58,9.19,229339,820363856.0,1.17,4.24
2017-12-12,隆基绿能,601012,9.36,9.51,9.17,9.19,9.41,237876,844811760.0,1.21,-2.34
2017-12-11,隆基绿能,601012,8.9,9.43,8.77,9.41,8.89,378125,1321709952.0,1.92,5.85
2017-12-08,隆基绿能,601012,8.53,9.04,8.4,8.89,8.5,341030,1144179312.0,1.73,4.59
2017-12-07,隆基绿能,601012,8.53,8.7,8.36,8.5,8.68,262047,857181648.0,1.33,-2.07
2017-12-06,隆基绿能,601012,8.92,9.03,7.99,8.68,8.94,487735,1585478896.0,2.48,-2.91
2017-12-05,隆基绿能,601012,9.11,9.31,8.8,8.94,9.1,365115,1259739232.0,1.86,-1.76
2017-12-04,隆基绿能,601012,8.86,9.26,8.58,9.1,8.75,466936,1594872672.0,2.37,4.0
2017-12-01,隆基绿能,601012,8.41,8.94,8.41,8.75,8.35,438660,1460023392.0,2.23,4.79
2017-11-30,隆基绿能,601012,9.34,9.34,8.35,8.35,9.35,628451,2088319040.0,3.2,-10.7
2017-11-29,隆基绿能,601012,9.49,9.64,9.12,9.35,9.46,294063,1050852336.0,1.5,-1.16
2017-11-28,隆基绿能,601012,9.22,9.54,9.22,9.46,9.19,291861,1043355904.0,1.48,2.94
2017-11-27,隆基绿能,601012,9.44,9.71,8.9,9.19,9.45,463864,1639236592.0,2.36,-2.75
2017-11-24,隆基绿能,601012,9.58,9.93,9.19,9.45,10.01,585456,2129630256.0,2.98,-5.59
2017-11-23,隆基绿能,601012,11.18,11.18,10.01,10.01,11.2,496914,1943678000.0,2.53,-10.63
2017-11-22,隆基绿能,601012,11.2,11.41,10.83,11.2,11.24,392727,1645727936.0,2.0,-0.36
2017-11-21,隆基绿能,601012,10.83,11.27,10.64,11.24,10.87,458196,1893085440.0,2.33,3.4
2017-11-20,隆基绿能,601012,10.18,10.94,10.06,10.87,10.17,400577,1585616576.0,2.04,6.88
2017-11-17,隆基绿能,601012,10.48,10.99,10.07,10.17,10.59,457832,1836101776.0,2.33,-3.97
2017-11-16,隆基绿能,601012,10.14,10.61,9.85,10.59,10.0,467534,1820100240.0,2.38,5.9
2017-11-15,隆基绿能,601012,10.18,10.43,9.78,10.0,10.18,397711,1518454112.0,2.02,-1.77
2017-11-14,隆基绿能,601012,10.79,10.83,10.02,10.18,10.67,504809,1989131376.0,2.57,-4.59
2017-11-13,隆基绿能,601012,10.87,11.06,10.39,10.67,10.36,583936,2352119056.0,2.97,2.99
2017-11-10,隆基绿能,601012,9.43,10.36,9.43,10.36,9.36,393544,1505494352.0,2.0,10.68
2017-11-09,隆基绿能,601012,9.07,9.46,9.02,9.36,9.1,296685,1053570480.0,1.51,2.86
2017-11-08,隆基绿能,601012,9.09,9.31,8.96,9.1,9.14,264714,922958240.0,1.35,-0.44
2017-11-07,隆基绿能,601012,8.98,9.33,8.87,9.14,8.93,405571,1407435472.0,2.06,2.35
2017-11-06,隆基绿能,601012,8.4,9.12,8.35,8.93,8.33,423305,1415477584.0,2.15,7.2
2017-11-03,隆基绿能,601012,8.24,8.5,8.17,8.33,8.28,173344,557502080.0,0.88,0.6
2017-11-02,隆基绿能,601012,8.34,8.4,8.16,8.28,8.46,242034,767226144.0,1.23,-2.13
2017-11-01,隆基绿能,601012,8.61,8.82,8.44,8.46,8.57,356332,1176753296.0,1.81,-1.28
2017-10-31,隆基绿能,601012,8.73,8.84,8.42,8.57,8.47,421901,1391263712.0,2.15,1.18
2017-10-30,隆基绿能,601012,8.42,8.61,8.2,8.47,8.34,287700,930673824.0,1.46,1.56
2017-10-27,隆基绿能,601012,8.4,8.47,8.14,8.34,8.32,191319,610665568.0,0.97,0.24
2017-10-26,隆基绿能,601012,7.9,8.66,7.9,8.32,7.89,363814,1154303680.0,1.85,5.45
2017-10-25,隆基绿能,601012,7.89,8.05,7.76,7.89,7.94,161353,489714800.0,0.82,-0.63
2017-10-24,隆基绿能,601012,7.62,7.95,7.51,7.94,7.64,219298,657922240.0,1.12,3.93
2017-10-23,隆基绿能,601012,7.73,7.94,7.63,7.64,7.76,134358,400343728.0,0.68,-1.55
2017-10-20,隆基绿能,601012,7.82,7.99,7.69,7.76,7.81,146285,441432496.0,0.74,-0.64
2017-10-19,隆基绿能,601012,7.62,7.82,7.55,7.81,7.73,177641,527798464.0,0.9,1.03
2017-10-18,隆基绿能,601012,7.58,7.83,7.53,7.73,7.56,245901,730970096.0,1.25,2.25
2017-10-17,隆基绿能,601012,7.25,7.7,7.15,7.56,7.16,298444,862779680.0,1.52,5.59
2017-10-16,隆基绿能,601012,7.44,7.44,7.11,7.16,7.36,248314,693535392.0,1.26,-2.72
2017-10-13,隆基绿能,601012,7.27,7.52,7.26,7.36,7.27,186326,529993840.0,0.95,1.24
2017-10-12,隆基绿能,601012,7.55,7.55,7.25,7.27,7.55,210248,601168992.0,1.07,-3.71
2017-10-11,隆基绿能,601012,7.55,7.74,7.43,7.55,7.61,167691,491647808.0,0.85,-0.79
2017-10-10,隆基绿能,601012,7.78,7.79,7.38,7.61,7.78,273187,798506432.0,1.39,-2.19
2017-10-09,隆基绿能,601012,7.69,7.9,7.56,7.78,7.63,275396,822889792.0,1.4,1.97
2017-09-29,隆基绿能,601012,7.61,7.69,7.4,7.63,7.56,179528,525046048.0,0.91,0.93
2017-09-28,隆基绿能,601012,7.04,7.75,6.97,7.56,7.01,418727,1201938528.0,2.13,7.85
2017-09-27,隆基绿能,601012,7.07,7.11,6.8,7.01,6.98,191064,515125776.0,0.97,0.43
2017-09-26,隆基绿能,601012,7.13,7.2,6.8,6.98,7.18,248970,673618816.0,1.27,-2.79
2017-09-25,隆基绿能,601012,7.04,7.21,6.94,7.18,7.0,243974,671597392.0,1.24,2.57
2017-09-22,隆基绿能,601012,6.92,7.21,6.92,7.0,6.94,178053,485503664.0,0.91,0.86
2017-09-21,隆基绿能,601012,7.24,7.44,6.91,6.94,7.25,271708,755399856.0,1.38,-4.28
2017-09-20,隆基绿能,601012,7.27,7.29,7.11,7.25,7.28,234059,652289472.0,1.19,-0.41
2017-09-19,隆基绿能,601012,6.97,7.47,6.94,7.28,7.01,434840,1232040624.0,2.21,3.85
2017-09-18,隆基绿能,601012,6.75,7.06,6.69,7.01,6.86,326652,877460112.0,1.66,2.19
2017-09-15,隆基绿能,601012,6.83,7.06,6.74,6.86,6.92,295461,790838320.0,1.5,-0.87
2017-09-14,隆基绿能,601012,6.99,7.27,6.81,6.92,6.9,502434,1375663872.0,2.56,0.29
2017-09-13,隆基绿能,601012,6.59,7.06,6.58,6.9,6.52,460587,1229747600.0,2.34,5.83
2017-09-12,隆基绿能,601012,6.41,6.9,6.38,6.52,6.39,772911,2004662016.0,3.93,2.03
2017-09-11,隆基绿能,601012,5.73,6.39,5.68,6.39,5.75,667668,1624586368.0,3.4,11.13
2017-09-08,隆基绿能,601012,5.62,5.87,5.58,5.75,5.6,440495,996207712.0,2.24,2.68
2017-09-07,隆基绿能,601012,5.87,5.87,5.55,5.6,5.88,281999,632190400.0,1.61,-4.76
2017-09-06,隆基绿能,601012,5.86,5.97,5.76,5.88,5.88,200670,465217728.0,1.14,0.0
2017-09-05,隆基绿能,601012,5.73,6.04,5.65,5.88,5.76,344337,800654528.0,1.96,2.08
2017-09-04,隆基绿能,601012,5.19,5.77,5.14,5.76,5.25,388964,850855232.0,2.21,9.71
2017-09-01,隆基绿能,601012,5.37,5.41,5.23,5.25,5.37,176029,371398352.0,1.0,-2.23
2017-08-31,隆基绿能,601012,5.35,5.43,5.26,5.37,5.33,136157,290204544.0,0.78,0.75
2017-08-30,隆基绿能,601012,5.49,5.49,5.31,5.33,5.45,184382,394542944.0,1.05,-2.2
2017-08-29,隆基绿能,601012,5.47,5.54,5.37,5.45,5.47,135891,294785328.0,0.77,-0.37
2017-08-28,隆基绿能,601012,5.12,5.51,5.12,5.47,5.17,257749,555311952.0,1.47,5.8
2017-08-25,隆基绿能,601012,5.1,5.18,5.06,5.17,5.12,97304,200306661.0,0.55,0.98
2017-08-24,隆基绿能,601012,5.02,5.17,4.99,5.12,5.0,119050,243377636.0,0.68,2.4
2017-08-23,隆基绿能,601012,4.95,5.07,4.95,5.0,4.99,71752,144502739.0,0.41,0.2
2017-08-22,隆基绿能,601012,5.08,5.08,4.96,4.99,5.09,91728,184707934.0,0.52,-1.96
2017-08-21,隆基绿能,601012,5.09,5.27,5.07,5.09,5.15,142430,294168560.0,0.81,-1.17
2017-08-18,隆基绿能,601012,4.97,5.18,4.93,5.15,5.0,183028,371850880.0,1.04,3.0
2017-08-17,隆基绿能,601012,4.96,5.06,4.84,5.0,4.98,246972,489780640.0,1.41,0.4
2017-08-16,隆基绿能,601012,5.4,5.42,4.94,4.98,5.35,339897,695838768.0,1.94,-6.92
2017-08-15,隆基绿能,601012,5.33,5.38,5.26,5.35,5.28,114792,243942736.0,0.65,1.33
2017-08-14,隆基绿能,601012,5.36,5.45,5.22,5.28,5.33,212464,447941104.0,1.21,-0.94
2017-08-11,隆基绿能,601012,5.26,5.44,5.15,5.33,5.3,196231,417912032.0,1.12,0.57
2017-08-10,隆基绿能,601012,5.25,5.38,5.23,5.3,5.24,144229,304781472.0,0.82,1.15
2017-08-09,隆基绿能,601012,5.17,5.4,5.17,5.24,5.29,158070,333759712.0,0.9,-0.95
2017-08-08,隆基绿能,601012,5.45,5.68,5.26,5.29,5.41,249545,541783072.0,1.42,-2.22
2017-08-07,隆基绿能,601012,5.35,5.56,4.98,5.41,5.36,209395,448595872.0,1.19,0.93
2017-08-04,隆基绿能,601012,5.61,5.72,5.31,5.36,5.78,460353,1001218208.0,2.62,-7.27
2017-08-03,隆基绿能,601012,5.52,5.84,5.52,5.78,5.55,271094,616808400.0,1.54,4.14
2017-08-02,隆基绿能,601012,5.52,5.68,5.45,5.55,5.57,225546,498089776.0,1.28,-0.36
2017-08-01,隆基绿能,601012,5.68,5.77,5.48,5.57,5.63,357870,797352784.0,2.04,-1.07
2017-07-31,隆基绿能,601012,5.23,5.64,5.22,5.63,5.25,446482,976920720.0,2.54,7.24
2017-07-28,隆基绿能,601012,4.93,5.28,4.92,5.25,4.97,387576,802570112.0,2.21,5.63
2017-07-27,隆基绿能,601012,4.89,5.14,4.86,4.97,4.92,209739,422237072.0,1.19,1.02
2017-07-26,隆基绿能,601012,4.79,4.96,4.76,4.92,4.85,190231,375091696.0,1.08,1.44
2017-07-25,隆基绿能,601012,4.88,4.89,4.71,4.85,4.88,194087,375249520.0,1.11,-0.61
2017-07-24,隆基绿能,601012,4.91,5.13,4.84,4.88,4.96,241466,483926336.0,1.37,-1.61
2017-07-21,隆基绿能,601012,4.92,4.97,4.77,4.96,4.91,229267,451201120.0,1.31,1.02
2017-07-20,隆基绿能,601012,4.79,5.03,4.69,4.91,4.67,472262,936566416.0,2.69,5.14
2017-07-19,隆基绿能,601012,4.33,4.78,4.33,4.67,4.35,441537,832107696.0,2.51,7.36
2017-07-18,隆基绿能,601012,4.36,4.37,4.23,4.35,4.41,136874,241321878.0,0.78,-1.36
2017-07-17,隆基绿能,601012,4.36,4.41,4.19,4.41,4.36,161004,284083744.0,0.92,1.15
2017-07-14,隆基绿能,601012,4.37,4.38,4.25,4.36,4.28,104217,184050047.0,0.59,1.87
2017-07-13,隆基绿能,601012,4.36,4.49,4.27,4.28,4.38,175959,314936688.0,1.0,-2.28
2017-07-12,隆基绿能,601012,4.39,4.39,4.23,4.38,4.39,147480,260817889.0,0.84,-0.23
2017-07-11,隆基绿能,601012,4.37,4.41,4.32,4.39,4.38,99324,176925024.0,0.57,0.23
2017-07-10,隆基绿能,601012,4.51,4.51,4.35,4.38,4.5,159547,286989840.0,0.91,-2.67
2017-07-07,隆基绿能,601012,4.48,4.53,4.41,4.5,4.49,161314,293786672.0,0.92,0.22
2017-07-06,隆基绿能,601012,4.32,4.51,4.3,4.49,4.29,238811,431621280.0,1.36,4.66
2017-07-05,隆基绿能,601012,4.27,4.36,4.25,4.29,4.31,106380,187346151.0,0.61,-0.46
2017-07-04,隆基绿能,601012,4.31,4.33,4.18,4.31,4.31,200694,350805488.0,1.14,0.0
2017-07-03,隆基绿能,601012,4.2,4.32,4.17,4.31,4.16,193541,338922848.0,1.1,3.61
2017-06-30,隆基绿能,601012,4.08,4.18,4.08,4.16,4.09,111982,191053889.0,0.64,1.71
2017-06-29,隆基绿能,601012,4.15,4.2,4.08,4.09,4.17,176051,298907344.0,1.0,-1.92
2017-06-28,隆基绿能,601012,4.15,4.22,4.11,4.17,4.18,146741,251519760.0,0.84,-0.24
2017-06-27,隆基绿能,601012,4.12,4.22,4.08,4.18,4.12,285781,489057856.0,1.63,1.46
2017-06-26,隆基绿能,601012,3.98,4.16,3.98,4.12,3.96,298383,504343744.0,1.7,4.04
2017-06-23,隆基绿能,601012,3.89,3.97,3.83,3.96,3.91,134956,218499894.0,0.77,1.28
2017-06-22,隆基绿能,601012,3.83,3.97,3.83,3.91,3.83,143753,233888742.0,0.82,2.09
2017-06-21,隆基绿能,601012,3.83,3.9,3.8,3.83,3.83,81304,129690317.0,0.46,0.0
2017-06-20,隆基绿能,601012,3.75,3.86,3.74,3.83,3.75,122027,193607276.0,0.69,2.13
2017-06-19,隆基绿能,601012,3.76,3.77,3.73,3.75,3.75,68368,106773574.0,0.39,0.0
2017-06-16,隆基绿能,601012,3.74,3.8,3.7,3.75,3.76,61918,96534145.0,0.35,-0.27
2017-06-15,隆基绿能,601012,3.67,3.79,3.66,3.76,3.68,112965,176183543.0,0.64,2.17
2017-06-14,隆基绿能,601012,3.7,3.7,3.64,3.68,3.7,106330,163237195.0,0.61,-0.54
2017-06-13,隆基绿能,601012,3.65,3.72,3.61,3.7,3.65,87306,133668642.0,0.5,1.37
2017-06-12,隆基绿能,601012,3.76,3.76,3.63,3.65,3.76,123522,189804920.0,0.7,-2.93
2017-06-09,隆基绿能,601012,3.73,3.78,3.71,3.76,3.73,137959,215805796.0,0.79,0.8
2017-06-08,隆基绿能,601012,3.7,3.75,3.67,3.73,3.7,106449,164758473.0,0.61,0.81
2017-06-07,隆基绿能,601012,3.66,3.71,3.64,3.7,3.66,137813,211520921.0,0.78,1.09
2017-06-06,隆基绿能,601012,3.68,3.71,3.63,3.66,3.67,72455,111071049.0,0.41,-0.27
2017-06-05,隆基绿能,601012,3.54,3.68,3.54,3.67,3.53,123091,187337780.0,0.7,3.97
2017-06-02,隆基绿能,601012,3.53,3.57,3.45,3.53,3.54,95535,141390236.0,0.54,-0.28
2017-06-01,隆基绿能,601012,3.52,3.61,3.49,3.54,3.51,81453,121793289.0,0.46,0.85
2017-05-31,隆基绿能,601012,3.61,3.62,3.49,3.51,3.53,104017,155639959.0,0.59,-0.57
2017-05-26,隆基绿能,601012,3.42,3.57,3.42,3.53,3.42,112222,166057670.0,0.64,3.22
2017-05-25,隆基绿能,601012,3.44,3.49,3.03,3.42,3.44,158174,227462964.0,0.9,-0.58
2017-05-24,隆基绿能,601012,3.5,3.5,3.36,3.44,3.5,148462,214846874.0,0.85,-1.71
2017-05-23,隆基绿能,601012,3.53,3.59,3.49,3.5,3.54,121445,180615748.0,0.69,-1.13
2017-05-22,隆基绿能,601012,3.74,3.74,3.5,3.54,3.69,286008,429209936.0,1.63,-4.07
2017-05-19,隆基绿能,601012,3.73,3.74,3.65,3.69,3.73,110268,170174552.0,0.63,-1.07
2017-05-18,隆基绿能,601012,3.67,3.77,3.65,3.73,3.7,105902,164513015.0,0.6,0.81
2017-05-17,隆基绿能,601012,3.68,3.77,3.62,3.7,3.7,123056,190718059.0,0.7,0.0
2017-05-16,隆基绿能,601012,3.89,3.89,3.5,3.7,3.86,336471,515937776.0,1.92,-4.15
2017-05-15,隆基绿能,601012,3.92,3.97,3.82,3.86,3.89,86489,139101796.0,0.49,-0.77
2017-05-12,隆基绿能,601012,3.89,3.94,3.85,3.89,3.89,59843,97115109.0,0.34,0.0
2017-05-11,隆基绿能,601012,3.82,3.9,3.77,3.89,3.82,107823,172843955.0,0.61,1.83
2017-05-10,隆基绿能,601012,3.96,4.01,3.81,3.82,3.96,128724,209952746.0,0.73,-3.54
2017-05-09,隆基绿能,601012,3.87,3.97,3.83,3.96,3.86,116842,190267754.0,0.67,2.59
2017-05-08,隆基绿能,601012,4.03,4.08,3.83,3.86,4.02,199156,326722016.0,1.13,-3.98
2017-05-05,隆基绿能,601012,4.15,4.18,4.02,4.02,4.17,176393,297541872.0,1.0,-3.6
2017-05-04,隆基绿能,601012,4.15,4.2,4.09,4.17,4.16,99681,171444198.0,0.57,0.24
2017-05-03,隆基绿能,601012,4.09,4.23,4.08,4.16,4.09,183885,317224864.0,1.05,1.71
2017-05-02,隆基绿能,601012,4.07,4.1,4.02,4.09,4.09,106674,179319460.0,0.61,0.0
2017-04-28,隆基绿能,601012,4.11,4.18,4.09,4.09,4.09,170790,292063808.0,0.97,0.0
2017-04-27,隆基绿能,601012,4.07,4.15,4.02,4.09,4.11,177501,300579232.0,1.01,-0.49
2017-04-26,隆基绿能,601012,4.09,4.19,4.07,4.11,4.07,247131,421974832.0,1.41,0.98
2017-04-25,隆基绿能,601012,3.85,4.09,3.84,4.07,3.87,341979,571755888.0,1.95,5.17
2017-04-24,隆基绿能,601012,3.92,3.99,3.82,3.87,3.95,201243,327423520.0,1.15,-2.03
2017-04-21,隆基绿能,601012,3.95,4.02,3.93,3.95,3.94,146794,243298647.0,0.84,0.25
2017-04-20,隆基绿能,601012,3.92,4.0,3.9,3.94,3.94,149313,245197480.0,0.85,0.0
2017-04-19,隆基绿能,601012,3.92,3.94,3.81,3.94,3.92,181662,294956032.0,1.03,0.51
2017-04-18,隆基绿能,601012,3.83,3.96,3.83,3.92,3.85,157135,255891562.0,0.89,1.82
2017-04-17,隆基绿能,601012,3.77,3.9,3.75,3.85,3.78,142754,229788064.0,0.81,1.85
2017-04-14,隆基绿能,601012,3.88,3.92,3.76,3.78,3.88,163381,262714302.0,0.93,-2.58
2017-04-13,隆基绿能,601012,3.96,4.01,3.84,3.88,3.87,200747,326716768.0,1.14,0.26
2017-04-12,隆基绿能,601012,3.97,3.97,3.83,3.87,3.98,190898,309902576.0,1.09,-2.76
2017-04-11,隆基绿能,601012,3.96,4.01,3.85,3.98,3.96,213428,348934064.0,1.22,0.51
2017-04-10,隆基绿能,601012,4.1,4.1,3.95,3.96,4.04,146160,242846943.0,0.83,-1.98
2017-04-07,隆基绿能,601012,4.05,4.09,4.01,4.04,4.04,184276,308849152.0,1.05,0.0
2017-04-06,隆基绿能,601012,3.85,4.04,3.83,4.04,3.83,372364,615937632.0,2.12,5.48
2017-04-05,隆基绿能,601012,3.83,3.84,3.76,3.83,3.78,164396,261783447.0,0.94,1.32
2017-03-31,隆基绿能,601012,3.81,3.89,3.74,3.78,3.81,172044,274346160.0,0.98,-0.79
2017-03-30,隆基绿能,601012,3.74,3.83,3.69,3.81,3.74,186917,295109024.0,1.06,1.87
2017-03-29,隆基绿能,601012,3.81,3.81,3.72,3.74,3.82,134548,212714387.0,0.77,-2.09
2017-03-28,隆基绿能,601012,3.81,3.85,3.78,3.82,3.84,116182,185222972.0,0.66,-0.52
2017-03-27,隆基绿能,601012,3.89,3.92,3.81,3.84,3.87,167099,269219968.0,0.95,-0.78
2017-03-24,隆基绿能,601012,3.75,3.88,3.74,3.87,3.76,250404,401318400.0,1.43,2.93
2017-03-23,隆基绿能,601012,3.8,3.84,3.71,3.76,3.82,193140,304209568.0,1.1,-1.57
2017-03-22,隆基绿能,601012,3.8,3.86,3.78,3.82,3.82,150695,241055577.0,0.86,0.0
2017-03-21,隆基绿能,601012,3.74,3.87,3.74,3.82,3.76,200235,320118128.0,1.14,1.6
2017-03-20,隆基绿能,601012,3.74,3.8,3.69,3.76,3.74,154276,242315509.0,0.88,0.53
2017-03-17,隆基绿能,601012,3.74,3.82,3.74,3.74,3.76,209971,332531008.0,1.2,-0.53
2017-03-16,隆基绿能,601012,3.64,3.85,3.64,3.76,3.64,388598,615797392.0,2.21,3.3
2017-03-15,隆基绿能,601012,3.66,3.67,3.59,3.64,3.65,193214,295783120.0,1.1,-0.27
2017-03-14,隆基绿能,601012,3.51,3.68,3.5,3.65,3.5,401283,611774000.0,2.28,4.29
2017-03-13,隆基绿能,601012,3.5,3.54,3.46,3.5,3.48,251881,374162496.0,1.43,0.57
2017-03-10,隆基绿能,601012,3.43,3.51,3.43,3.48,3.43,155876,229504350.0,0.89,1.46
2017-03-09,隆基绿能,601012,3.46,3.48,3.43,3.43,3.46,103677,151913511.0,0.59,-0.87
2017-03-08,隆基绿能,601012,3.52,3.52,3.46,3.46,3.52,106875,157659356.0,0.61,-1.7
2017-03-07,隆基绿能,601012,3.49,3.54,3.48,3.52,3.5,124732,185744966.0,0.71,0.57
2017-03-06,隆基绿能,601012,3.55,3.58,3.47,3.5,3.54,243224,362258096.0,1.38,-1.13
2017-03-03,隆基绿能,601012,3.45,3.55,3.41,3.54,3.43,277572,412966976.0,1.58,3.21
2017-03-02,隆基绿能,601012,3.49,3.5,3.43,3.43,3.48,116660,170852248.0,0.66,-1.44
2017-03-01,隆基绿能,601012,3.47,3.48,3.43,3.48,3.47,119865,176176059.0,0.68,0.29
2017-02-28,隆基绿能,601012,3.42,3.51,3.41,3.47,3.43,232020,341724032.0,1.32,1.17
2017-02-27,隆基绿能,601012,3.37,3.43,3.35,3.43,3.37,202015,293067072.0,1.15,1.78
2017-02-24,隆基绿能,601012,3.33,3.39,3.32,3.37,3.36,72036,103408717.0,0.41,0.3
2017-02-23,隆基绿能,601012,3.33,3.37,3.31,3.36,3.33,113443,161668696.0,0.65,0.9
2017-02-22,隆基绿能,601012,3.41,3.41,3.3,3.33,3.4,218988,312190704.0,1.25,-2.06
2017-02-21,隆基绿能,601012,3.39,3.42,3.37,3.4,3.39,87396,126558741.0,0.5,0.29
2017-02-20,隆基绿能,601012,3.29,3.41,3.29,3.39,3.29,138738,199176621.0,0.79,3.04
2017-02-17,隆基绿能,601012,3.36,3.37,3.28,3.29,3.36,91759,129975757.0,0.52,-2.08
2017-02-16,隆基绿能,601012,3.36,3.37,3.33,3.36,3.35,76378,109210775.0,0.43,0.3
2017-02-15,隆基绿能,601012,3.38,3.42,3.33,3.35,3.39,104456,150552418.0,0.59,-1.18
2017-02-14,隆基绿能,601012,3.41,3.42,3.37,3.39,3.41,82819,119702952.0,0.47,-0.59
2017-02-13,隆基绿能,601012,3.36,3.42,3.36,3.41,3.37,146980,213132881.0,0.84,1.19
2017-02-10,隆基绿能,601012,3.37,3.42,3.36,3.37,3.37,144846,209221883.0,0.82,0.0
2017-02-09,隆基绿能,601012,3.35,3.37,3.32,3.37,3.36,98020,140172784.0,0.56,0.3
2017-02-08,隆基绿能,601012,3.37,3.37,3.31,3.36,3.37,110873,157916733.0,0.63,-0.3
2017-02-07,隆基绿能,601012,3.4,3.4,3.34,3.37,3.39,93658,134691153.0,0.53,-0.59
2017-02-06,隆基绿能,601012,3.41,3.42,3.35,3.39,3.4,98024,141367974.0,0.56,-0.29
2017-02-03,隆基绿能,601012,3.43,3.44,3.4,3.4,3.43,78964,114731071.0,0.45,-0.87
2017-01-26,隆基绿能,601012,3.37,3.44,3.35,3.43,3.36,150720,218650577.0,0.86,2.08
2017-01-25,隆基绿能,601012,3.36,3.39,3.35,3.36,3.37,66120,95122939.0,0.38,-0.3
2017-01-24,隆基绿能,601012,3.36,3.38,3.33,3.37,3.34,82060,117733368.0,0.47,0.9
2017-01-23,隆基绿能,601012,3.31,3.38,3.3,3.34,3.31,109842,157069746.0,0.63,0.91
2017-01-20,隆基绿能,601012,3.31,3.36,3.3,3.31,3.32,118974,169466226.0,0.68,-0.3
2017-01-19,隆基绿能,601012,3.37,3.37,3.3,3.32,3.32,150865,214961745.0,0.86,0.0
2017-01-18,隆基绿能,601012,3.3,3.4,3.29,3.32,3.29,189776,271926928.0,1.08,0.91
2017-01-17,隆基绿能,601012,3.28,3.3,3.25,3.29,3.29,92818,130325832.0,0.53,0.0
2017-01-16,隆基绿能,601012,3.25,3.33,3.18,3.29,3.25,269745,377352944.0,1.54,1.23
2017-01-13,隆基绿能,601012,3.18,3.25,3.18,3.25,3.18,101163,139734183.0,0.58,2.2
2017-01-12,隆基绿能,601012,3.25,3.26,3.17,3.18,3.24,126255,174597963.0,0.72,-1.85
2017-01-11,隆基绿能,601012,3.28,3.3,3.23,3.24,3.27,102697,144003336.0,0.59,-0.92
2017-01-10,隆基绿能,601012,3.24,3.3,3.22,3.27,3.25,149088,209061740.0,0.85,0.62
2017-01-09,隆基绿能,601012,3.13,3.3,3.13,3.25,3.13,260065,362171744.0,1.49,3.83
2017-01-06,隆基绿能,601012,3.18,3.18,3.13,3.13,3.16,59345,80751352.0,0.34,-0.95
2017-01-05,隆基绿能,601012,3.15,3.19,3.12,3.16,3.13,118549,161869960.0,0.68,0.96
2017-01-04,隆基绿能,601012,3.14,3.14,3.09,3.13,3.13,70393,94920896.0,0.4,0.0
2017-01-03,隆基绿能,601012,3.1,3.14,3.08,3.13,3.09,72819,98330768.0,0.42,1.29
2016-12-30,隆基绿能,601012,3.13,3.15,3.09,3.09,3.13,62456,83953790.0,0.36,-1.28
2016-12-29,隆基绿能,601012,3.15,3.17,3.12,3.13,3.14,70444,95627795.0,0.4,-0.32
2016-12-28,隆基绿能,601012,3.14,3.18,3.09,3.14,3.11,93430,126597999.0,0.53,0.96
2016-12-27,隆基绿能,601012,3.11,3.15,3.1,3.11,3.11,55461,74810346.0,0.32,0.0
2016-12-26,隆基绿能,601012,3.14,3.14,3.08,3.11,3.1,73937,99371447.0,0.42,0.32
2016-12-23,隆基绿能,601012,3.08,3.16,3.08,3.1,3.07,98310,132600943.0,0.56,0.98
2016-12-22,隆基绿能,601012,3.09,3.1,3.07,3.07,3.09,40120,53491242.0,0.23,-0.65
2016-12-21,隆基绿能,601012,3.08,3.1,3.07,3.09,3.08,64393,86086109.0,0.37,0.32
2016-12-20,隆基绿能,601012,3.04,3.1,3.01,3.08,3.03,116806,154689009.0,0.67,1.65
2016-12-19,隆基绿能,601012,2.99,3.06,2.99,3.03,2.99,62985,82867227.0,0.36,1.34
2016-12-16,隆基绿能,601012,2.98,3.02,2.96,2.99,2.98,71738,93507989.0,0.41,0.34
2016-12-15,隆基绿能,601012,2.98,3.02,2.95,2.98,2.95,106777,138954949.0,0.61,1.02
2016-12-14,隆基绿能,601012,2.99,2.99,2.95,2.95,2.97,114367,147871575.0,0.65,-0.67
2016-12-13,隆基绿能,601012,2.97,3.0,2.93,2.97,2.97,127343,164479845.0,0.73,0.0
2016-12-12,隆基绿能,601012,3.13,3.14,2.95,2.97,3.11,192231,254610881.0,1.1,-4.5
2016-12-09,隆基绿能,601012,3.16,3.17,3.11,3.11,3.16,99501,134447040.0,0.57,-1.58
2016-12-08,隆基绿能,601012,3.16,3.19,3.14,3.16,3.16,90344,123247042.0,0.52,0.0
2016-12-07,隆基绿能,601012,3.14,3.17,3.11,3.16,3.14,118731,160809611.0,0.68,0.64
2016-12-06,隆基绿能,601012,3.15,3.17,3.13,3.14,3.14,65606,88927382.0,0.38,0.0
2016-12-05,隆基绿能,601012,3.13,3.2,3.12,3.14,3.13,75456,102857981.0,0.43,0.32
2016-12-02,隆基绿能,601012,3.18,3.22,3.13,3.13,3.2,132851,180816812.0,0.76,-2.19
2016-12-01,隆基绿能,601012,3.21,3.23,3.19,3.2,3.2,103536,142796864.0,0.59,0.0
2016-11-30,隆基绿能,601012,3.21,3.24,3.18,3.2,3.22,119485,165140411.0,0.68,-0.62
2016-11-29,隆基绿能,601012,3.22,3.25,3.19,3.22,3.22,159180,220350490.0,0.91,0.0
2016-11-28,隆基绿能,601012,3.21,3.23,3.2,3.22,3.2,103826,143419043.0,0.59,0.63
2016-11-25,隆基绿能,601012,3.22,3.22,3.13,3.2,3.21,122933,168071403.0,0.7,-0.31
2016-11-24,隆基绿能,601012,3.25,3.25,3.2,3.21,3.25,141526,195942032.0,0.81,-1.23
2016-11-23,隆基绿能,601012,3.25,3.28,3.23,3.25,3.25,130655,182292406.0,0.75,0.0
2016-11-22,隆基绿能,601012,3.24,3.26,3.22,3.25,3.24,122906,170626839.0,0.7,0.31
2016-11-21,隆基绿能,601012,3.22,3.25,3.22,3.24,3.24,112822,156633880.0,0.64,0.0
2016-11-18,隆基绿能,601012,3.3,3.32,3.24,3.24,3.3,150182,210902293.0,0.86,-1.82
2016-11-17,隆基绿能,601012,3.29,3.32,3.27,3.3,3.34,187251,263834763.0,1.07,-1.2
2016-11-16,隆基绿能,601012,3.22,3.37,3.2,3.34,3.22,447106,633727888.0,2.56,3.73
2016-11-15,隆基绿能,601012,3.21,3.23,3.18,3.22,3.2,122831,169050550.0,0.7,0.63
2016-11-14,隆基绿能,601012,3.21,3.24,3.18,3.2,3.22,165469,228635681.0,0.95,-0.62
2016-11-11,隆基绿能,601012,3.26,3.27,3.18,3.22,3.25,241825,333440736.0,1.38,-0.92
2016-11-10,隆基绿能,601012,3.25,3.28,3.24,3.25,3.23,134668,187870758.0,0.77,0.62
2016-11-09,隆基绿能,601012,3.27,3.29,3.18,3.23,3.25,149395,207609811.0,0.85,-0.62
2016-11-08,隆基绿能,601012,3.26,3.28,3.2,3.25,3.23,88960,123693885.0,0.51,0.62
2016-11-07,隆基绿能,601012,3.23,3.29,3.22,3.23,3.23,123227,171806341.0,0.7,0.0
2016-11-04,隆基绿能,601012,3.3,3.32,3.23,3.23,3.3,125732,175927265.0,0.72,-2.12
2016-11-03,隆基绿能,601012,3.3,3.33,3.25,3.3,3.31,149850,211548363.0,0.86,-0.3
2016-11-02,隆基绿能,601012,3.32,3.36,3.29,3.31,3.32,132751,188564506.0,0.76,-0.3
2016-11-01,隆基绿能,601012,3.23,3.34,3.23,3.32,3.23,165845,234037239.0,0.95,2.79
2016-10-31,隆基绿能,601012,3.23,3.26,3.2,3.23,3.25,91997,127411313.0,0.53,-0.62
2016-10-28,隆基绿能,601012,3.24,3.27,3.23,3.25,3.24,106858,149181233.0,0.61,0.31
2016-10-27,隆基绿能,601012,3.24,3.28,3.22,3.24,3.23,86190,119904543.0,0.49,0.31
2016-10-26,隆基绿能,601012,3.33,3.33,3.23,3.23,3.32,164176,229471292.0,0.94,-2.71
2016-10-25,隆基绿能,601012,3.34,3.37,3.3,3.32,3.36,128549,182881671.0,0.73,-1.19
2016-10-24,隆基绿能,601012,3.32,3.37,3.3,3.36,3.3,203781,291480944.0,1.16,1.82
2016-10-21,隆基绿能,601012,3.31,3.32,3.27,3.3,3.31,87631,123642010.0,0.5,-0.3
2016-10-20,隆基绿能,601012,3.33,3.35,3.29,3.31,3.33,96126,136045154.0,0.55,-0.6
2016-10-19,隆基绿能,601012,3.38,3.39,3.31,3.33,3.38,140856,201303179.0,0.81,-1.48
2016-10-18,隆基绿能,601012,3.31,3.39,3.31,3.38,3.34,178555,256381553.0,1.02,1.2
2016-10-17,隆基绿能,601012,3.38,3.38,3.3,3.34,3.37,220720,315750736.0,1.26,-0.89
2016-10-14,隆基绿能,601012,3.29,3.39,3.25,3.37,3.27,357139,508762880.0,2.04,3.06
2016-10-13,隆基绿能,601012,3.27,3.29,3.23,3.27,3.28,140411,196185306.0,0.8,-0.3
2016-10-12,隆基绿能,601012,3.2,3.3,3.19,3.28,3.2,217552,304697808.0,1.24,2.5
2016-10-11,隆基绿能,601012,3.23,3.23,3.18,3.2,3.22,146877,201921287.0,0.84,-0.62
2016-10-10,隆基绿能,601012,3.14,3.22,3.13,3.22,3.13,198172,271430752.0,1.13,2.88
2016-09-30,隆基绿能,601012,3.13,3.16,3.11,3.13,3.15,139196,188066496.0,0.8,-0.63
2016-09-29,隆基绿能,601012,3.2,3.2,3.11,3.15,3.2,141245,192469948.0,0.81,-1.56
2016-09-27,隆基绿能,601012,3.15,3.22,3.13,3.2,3.16,123947,169610762.0,0.71,1.27
2016-09-26,隆基绿能,601012,3.24,3.27,3.14,3.16,3.26,187760,258636984.0,1.07,-3.07
2016-09-23,隆基绿能,601012,3.3,3.32,3.24,3.26,3.3,149677,210244792.0,0.86,-1.21
2016-09-22,隆基绿能,601012,3.32,3.33,3.29,3.3,3.29,127105,179820841.0,0.73,0.3
2016-09-21,隆基绿能,601012,3.29,3.32,3.28,3.29,3.3,118559,167261203.0,0.68,-0.3
2016-09-20,隆基绿能,601012,3.35,3.36,3.29,3.3,3.36,150525,212753393.0,0.86,-1.79
2016-09-19,隆基绿能,601012,3.36,3.39,3.31,3.36,3.34,132429,189243863.0,0.76,0.6
2016-09-14,隆基绿能,601012,3.37,3.45,3.32,3.34,3.32,225844,325987568.0,1.29,0.6
2016-09-13,隆基绿能,601012,3.34,3.36,3.31,3.32,3.32,139485,198617452.0,0.8,0.0
2016-09-12,隆基绿能,601012,3.42,3.43,3.28,3.32,3.43,287451,411847408.0,1.64,-3.21
2016-09-09,隆基绿能,601012,3.49,3.5,3.42,3.43,3.48,196968,289417808.0,1.13,-1.44
2016-09-08,隆基绿能,601012,3.49,3.5,3.44,3.48,3.5,209278,308462512.0,1.2,-0.57
2016-09-07,隆基绿能,601012,3.55,3.57,3.49,3.5,3.55,199725,298727056.0,1.14,-1.41
2016-09-06,隆基绿能,601012,3.53,3.56,3.46,3.55,3.53,241793,358479520.0,1.38,0.57
2016-09-05,隆基绿能,601012,3.61,3.62,3.47,3.53,3.58,312779,466221168.0,1.79,-1.4
2016-09-02,隆基绿能,601012,3.64,3.68,3.55,3.58,3.65,229360,350288800.0,1.31,-1.92
2016-09-01,隆基绿能,601012,3.6,3.69,3.6,3.65,3.59,258890,398299584.0,1.48,1.67
2016-08-31,隆基绿能,601012,3.6,3.66,3.56,3.59,3.58,183389,279383760.0,1.05,0.28
2016-08-30,隆基绿能,601012,3.6,3.61,3.56,3.58,3.58,139978,211842926.0,0.8,0.0
2016-08-29,隆基绿能,601012,3.56,3.69,3.55,3.58,3.56,226059,345458928.0,1.29,0.56
2016-08-26,隆基绿能,601012,3.49,3.61,3.46,3.56,3.46,257995,386705184.0,1.47,2.89
2016-08-25,隆基绿能,601012,3.57,3.57,3.43,3.46,3.59,326402,484764016.0,1.87,-3.62
2016-08-24,隆基绿能,601012,3.66,3.66,3.57,3.59,3.63,170462,259223814.0,0.97,-1.1
2016-08-23,隆基绿能,601012,3.68,3.71,3.6,3.63,3.67,168177,258573800.0,0.96,-1.09
2016-08-22,隆基绿能,601012,3.64,3.74,3.62,3.67,3.64,290048,450520768.0,1.66,0.82
2016-08-19,隆基绿能,601012,3.68,3.68,3.62,3.64,3.68,222991,342408768.0,1.27,-1.09
2016-08-18,隆基绿能,601012,3.76,3.76,3.64,3.68,3.71,412823,640991072.0,2.36,-0.81
2016-08-17,隆基绿能,601012,3.7,3.74,3.64,3.71,3.74,286150,444022912.0,1.64,-0.8
2016-08-16,隆基绿能,601012,3.65,3.76,3.64,3.74,3.64,408027,635143392.0,2.33,2.75
2016-08-15,隆基绿能,601012,3.53,3.66,3.5,3.64,3.54,378891,575232432.0,2.17,2.82
2016-08-12,隆基绿能,601012,3.53,3.57,3.47,3.54,3.51,251432,373270512.0,1.44,0.85
2016-08-11,隆基绿能,601012,3.61,3.65,3.51,3.51,3.63,289650,437490096.0,1.66,-3.31
2016-08-10,隆基绿能,601012,3.7,3.73,3.62,3.63,3.7,265007,409623728.0,1.52,-1.89
2016-08-09,隆基绿能,601012,3.61,3.73,3.59,3.7,3.63,322266,496547248.0,1.84,1.93
2016-08-08,隆基绿能,601012,3.62,3.64,3.51,3.63,3.61,300801,455143280.0,1.72,0.55
2016-08-05,隆基绿能,601012,3.55,3.71,3.55,3.61,3.59,445340,685116976.0,2.55,0.56
2016-08-04,隆基绿能,601012,3.57,3.64,3.51,3.59,3.57,435385,658583232.0,2.49,0.56
2016-08-03,隆基绿能,601012,3.48,3.58,3.44,3.57,3.5,384514,571197184.0,2.2,2.0
2016-08-02,隆基绿能,601012,3.52,3.53,3.41,3.5,3.52,381632,562053504.0,2.18,-0.57
2016-08-01,隆基绿能,601012,3.46,3.57,3.41,3.52,3.46,535701,792910176.0,3.06,1.73
2016-07-29,隆基绿能,601012,3.69,3.69,3.45,3.46,3.67,622680,930716256.0,3.56,-5.72
2016-07-28,隆基绿能,601012,3.61,3.74,3.61,3.67,3.66,520669,803545632.0,2.98,0.27
2016-07-27,隆基绿能,601012,3.89,3.92,3.48,3.66,3.79,1105030,1715040736.0,6.32,-3.43
2016-07-26,隆基绿能,601012,3.75,3.85,3.72,3.79,3.8,675833,1067391264.0,3.86,-0.26
2016-07-25,隆基绿能,601012,3.81,3.93,3.69,3.8,3.82,912049,1447776784.0,5.21,-0.52
2016-07-22,隆基绿能,601012,3.66,3.85,3.6,3.82,3.68,1115743,1755021248.0,6.38,3.8
2016-07-21,隆基绿能,601012,3.38,3.75,3.36,3.68,3.35,1400714,2145343024.0,8.01,9.85
2016-07-20,隆基绿能,601012,3.34,3.44,3.32,3.35,3.34,579491,836183600.0,3.31,0.3
2016-07-19,隆基绿能,601012,3.27,3.46,3.25,3.34,3.11,1085785,1552673712.0,6.21,7.4
2016-07-18,隆基绿能,601012,3.16,3.21,3.02,3.11,3.18,251821,337149280.0,1.44,-2.2
2016-07-15,隆基绿能,601012,3.18,3.23,3.15,3.18,3.17,136555,187133503.0,0.78,0.32
2016-07-14,隆基绿能,601012,3.23,3.23,3.12,3.17,3.22,185394,252782236.0,1.06,-1.55
2016-07-13,隆基绿能,601012,3.24,3.29,3.2,3.22,3.19,233087,324261200.0,1.33,0.94
2016-07-12,隆基绿能,601012,3.12,3.2,3.12,3.19,3.13,191193,260668702.0,1.09,1.92
2016-07-11,隆基绿能,601012,3.13,3.21,3.08,3.13,3.13,218442,296870944.0,1.25,0.0
2016-07-08,隆基绿能,601012,3.13,3.2,3.08,3.13,3.2,193829,261604454.0,1.11,-2.19
2016-07-07,隆基绿能,601012,3.18,3.27,3.15,3.2,3.19,233941,322731520.0,1.34,0.31
2016-07-06,隆基绿能,601012,3.19,3.22,3.14,3.19,3.19,194818,266493930.0,1.11,0.0
2016-07-05,隆基绿能,601012,3.19,3.24,3.16,3.19,3.21,304131,419794128.0,1.74,-0.62
2016-07-04,隆基绿能,601012,3.0,3.28,2.99,3.21,3.0,529011,717062464.0,3.02,7.0
2016-07-01,隆基绿能,601012,3.01,3.06,2.97,3.0,3.0,174174,227604246.0,1.0,0.0
2016-06-30,隆基绿能,601012,2.99,3.05,2.97,3.0,2.99,203751,266454028.0,1.16,0.33
2016-06-29,隆基绿能,601012,3.01,3.01,2.93,2.99,2.98,139099,180288037.0,0.8,0.34
2016-06-28,隆基绿能,601012,2.93,3.01,2.92,2.98,2.96,180457,234224291.0,1.03,0.68
2016-06-27,隆基绿能,601012,2.84,2.97,2.84,2.96,2.86,198815,254982213.0,1.14,3.5
2016-06-24,隆基绿能,601012,2.9,2.98,2.81,2.86,2.94,244117,308553744.0,1.4,-2.72
2016-06-23,隆基绿能,601012,3.08,3.08,2.89,2.94,3.04,304264,393860688.0,1.74,-3.29
2016-06-22,隆基绿能,601012,2.93,3.06,2.85,3.04,2.89,253081,324164192.0,1.56,5.19
2016-06-21,隆基绿能,601012,3.03,3.04,2.87,2.89,2.98,190349,244036185.0,1.17,-3.02
2016-06-20,隆基绿能,601012,3.02,3.03,2.91,2.98,3.02,193026,248754520.0,1.19,-1.32
2016-06-17,隆基绿能,601012,3.0,3.09,2.99,3.02,3.01,215642,285323360.0,1.33,0.33
2016-06-16,隆基绿能,601012,3.01,3.06,2.98,3.01,3.03,214674,281514896.0,1.32,-0.66
2016-06-15,隆基绿能,601012,2.9,3.08,2.86,3.03,2.91,411677,540247424.0,2.54,4.12
2016-06-14,隆基绿能,601012,2.77,2.92,2.76,2.91,2.76,221873,275831040.0,1.37,5.43
2016-06-13,隆基绿能,601012,2.82,2.97,2.76,2.76,2.87,232595,292587728.0,1.43,-3.83
2016-06-08,隆基绿能,601012,2.88,2.92,2.81,2.87,2.88,122967,154708691.0,0.76,-0.35
2016-06-07,隆基绿能,601012,2.88,2.94,2.85,2.88,2.91,141611,178854355.0,0.87,-1.03
2016-06-06,隆基绿能,601012,2.85,3.01,2.84,2.91,2.84,283803,363761472.0,1.75,2.46
2016-06-03,隆基绿能,601012,2.7,2.88,2.7,2.84,2.72,300293,371755216.0,1.85,4.41
2016-06-02,隆基绿能,601012,2.7,2.74,2.66,2.72,2.7,154008,185198388.0,0.95,0.74
2016-06-01,隆基绿能,601012,2.74,2.76,2.67,2.7,2.72,217486,261602103.0,1.34,-0.74
2016-05-31,隆基绿能,601012,2.56,2.75,2.55,2.72,2.54,245425,289024304.0,1.51,7.09
2016-05-30,隆基绿能,601012,2.53,2.56,2.48,2.54,2.54,117065,132626133.0,0.72,0.0
2016-05-27,隆基绿能,601012,2.56,2.6,2.52,2.54,2.57,113187,129648797.0,0.7,-1.17
2016-05-26,隆基绿能,601012,2.61,2.64,2.5,2.57,2.62,140693,160671614.0,0.87,-1.91
2016-05-25,隆基绿能,601012,2.64,2.66,2.6,2.62,2.62,83429,97995248.0,0.51,0.0
2016-05-24,隆基绿能,601012,2.67,2.69,2.57,2.62,2.69,113361,133002001.0,0.7,-2.6
2016-05-23,隆基绿能,601012,2.63,2.7,2.61,2.69,2.63,112672,133606152.0,0.7,2.28
2016-05-20,隆基绿能,601012,2.59,2.66,2.58,2.63,2.65,84791,99203881.0,0.52,-0.75
2016-05-19,隆基绿能,601012,2.6,2.68,2.59,2.65,2.62,128836,151681666.0,0.79,1.15
2016-05-18,隆基绿能,601012,2.7,2.73,2.55,2.62,2.75,190788,225639012.0,1.18,-4.73
2016-05-17,隆基绿能,601012,2.88,2.89,2.73,2.75,2.83,201638,248952697.0,1.24,-2.83
2016-05-16,隆基绿能,601012,2.78,2.84,2.75,2.83,2.8,105397,129991579.0,0.65,1.07
2016-05-13,隆基绿能,601012,2.8,2.84,2.76,2.8,2.8,130725,161399228.0,0.81,0.0
2016-05-12,隆基绿能,601012,2.76,2.83,2.71,2.8,2.74,139282,170964199.0,0.86,2.19
2016-05-11,隆基绿能,601012,2.71,2.79,2.71,2.74,2.68,169659,207295240.0,1.05,2.24
2016-05-10,隆基绿能,601012,2.71,2.77,2.66,2.68,2.74,120444,145043080.0,0.74,-2.19
2016-05-09,隆基绿能,601012,2.75,2.79,2.69,2.74,2.78,173289,210096314.0,1.07,-1.44
2016-05-06,隆基绿能,601012,2.94,2.97,2.76,2.78,2.94,233523,293865680.0,1.44,-5.44
2016-05-05,隆基绿能,601012,2.97,3.01,2.89,2.94,2.99,246629,316873584.0,1.52,-1.67
2016-05-04,隆基绿能,601012,2.87,3.05,2.85,2.99,2.89,293016,380978160.0,1.81,3.46
2016-05-03,隆基绿能,601012,2.85,2.89,2.8,2.89,2.82,188949,237990985.0,1.17,2.48
2016-04-29,隆基绿能,601012,2.8,2.88,2.77,2.82,2.8,148553,185805995.0,0.92,0.71
2016-04-28,隆基绿能,601012,2.77,2.81,2.71,2.8,2.78,113069,138133386.0,0.7,0.72
2016-04-27,隆基绿能,601012,2.79,2.86,2.78,2.78,2.78,116262,144470165.0,0.72,0.0
2016-04-26,隆基绿能,601012,2.77,2.79,2.74,2.78,2.75,92209,113070153.0,0.57,1.09
2016-04-25,隆基绿能,601012,2.79,2.8,2.72,2.75,2.75,131589,160777422.0,0.81,0.0
2016-04-22,隆基绿能,601012,2.7,2.75,2.69,2.75,2.71,111853,135293014.0,0.69,1.48
2016-04-21,隆基绿能,601012,2.79,2.82,2.69,2.71,2.79,200130,243141303.0,1.23,-2.87
2016-04-20,隆基绿能,601012,2.94,2.97,2.65,2.79,2.93,280378,347697872.0,1.73,-4.78
2016-04-19,隆基绿能,601012,2.97,2.99,2.89,2.93,2.93,121568,156424271.0,0.75,0.0
2016-04-18,隆基绿能,601012,3.07,3.07,2.89,2.93,3.06,175197,226412388.0,1.08,-4.25
2016-04-15,隆基绿能,601012,3.09,3.09,3.04,3.06,3.07,124860,166322858.0,0.77,-0.33
2016-04-14,隆基绿能,601012,3.07,3.14,3.01,3.07,3.06,157949,210248732.0,0.97,0.33
2016-04-13,隆基绿能,601012,3.14,3.19,3.05,3.06,3.02,336680,454971616.0,2.08,1.32
2016-04-12,隆基绿能,601012,2.96,3.08,2.92,3.02,2.96,230452,301899216.0,1.42,2.03
2016-04-11,隆基绿能,601012,2.89,2.98,2.88,2.96,2.84,213584,275922784.0,1.32,4.23
2016-04-08,隆基绿能,601012,2.89,2.89,2.76,2.84,2.91,157436,196928341.0,0.97,-2.41
2016-04-07,隆基绿能,601012,2.99,3.01,2.9,2.91,2.98,158844,204687770.0,0.98,-2.35
2016-04-06,隆基绿能,601012,2.89,3.03,2.86,2.98,2.89,215201,280138768.0,1.33,3.11
2016-04-05,隆基绿能,601012,2.88,2.91,2.78,2.89,2.87,224771,282265984.0,1.39,0.7
2016-04-01,隆基绿能,601012,2.87,2.92,2.81,2.87,2.87,150128,189285811.0,0.93,0.0
2016-03-31,隆基绿能,601012,2.92,2.94,2.86,2.87,2.91,161705,205423580.0,1.0,-1.37
2016-03-30,隆基绿能,601012,2.85,2.91,2.79,2.91,2.8,265214,334240016.0,1.64,3.93
2016-03-29,隆基绿能,601012,2.87,2.9,2.76,2.8,2.81,221438,276287296.0,1.37,-0.36
2016-03-28,隆基绿能,601012,2.73,2.89,2.73,2.81,2.73,276186,344656448.0,1.7,2.93
2016-03-25,隆基绿能,601012,2.71,2.75,2.69,2.73,2.71,128688,155826611.0,0.79,0.74
2016-03-24,隆基绿能,601012,2.77,2.77,2.69,2.71,2.77,189928,230470880.0,1.17,-2.17
2016-03-23,隆基绿能,601012,2.75,2.78,2.73,2.77,2.77,127115,155299139.0,0.78,0.0
2016-03-22,隆基绿能,601012,2.76,2.8,2.72,2.77,2.79,207799,253971287.0,1.28,-0.72
2016-03-21,隆基绿能,601012,2.76,2.82,2.73,2.79,2.72,216100,265580542.0,1.33,2.57
2016-03-18,隆基绿能,601012,2.74,2.82,2.71,2.72,2.72,375797,459964576.0,2.32,0.0
2016-03-17,隆基绿能,601012,2.6,2.73,2.6,2.72,2.58,285155,340626064.0,1.76,5.43
2016-03-16,隆基绿能,601012,2.63,2.66,2.56,2.58,2.61,158847,185523263.0,0.98,-1.15
2016-03-15,隆基绿能,601012,2.58,2.64,2.52,2.61,2.56,261738,306224912.0,1.61,1.95
2016-03-14,隆基绿能,601012,2.53,2.59,2.5,2.56,2.47,276294,317828016.0,1.7,3.64
2016-03-11,隆基绿能,601012,2.45,2.49,2.39,2.47,2.45,95763,106445825.0,0.59,0.82
2016-03-10,隆基绿能,601012,2.51,2.55,2.44,2.45,2.51,88950,99906273.0,0.55,-2.39
2016-03-09,隆基绿能,601012,2.41,2.57,2.41,2.51,2.52,170913,194594814.0,1.05,-0.4
2016-03-08,隆基绿能,601012,2.54,2.55,2.37,2.52,2.54,196158,218409531.0,1.21,-0.79
2016-03-07,隆基绿能,601012,2.51,2.6,2.5,2.54,2.48,160285,183991789.0,0.99,2.42
2016-03-04,隆基绿能,601012,2.54,2.55,2.36,2.48,2.46,254378,286674096.0,1.57,0.81
2016-03-03,隆基绿能,601012,2.5,2.57,2.45,2.46,2.48,184752,209295278.0,1.14,-0.81
2016-03-02,隆基绿能,601012,2.41,2.5,2.34,2.48,2.37,207247,229238201.0,1.28,4.64
2016-03-01,隆基绿能,601012,2.31,2.38,2.17,2.37,2.3,204819,216000801.0,1.26,3.04
2016-02-29,隆基绿能,601012,2.38,2.43,2.16,2.3,2.38,180079,190852223.0,1.11,-3.36
2016-02-26,隆基绿能,601012,2.31,2.44,2.3,2.38,2.3,190766,207606284.0,1.18,3.48
2016-02-25,隆基绿能,601012,2.61,2.63,2.3,2.3,2.63,265032,295509456.0,1.63,-12.55
2016-02-24,隆基绿能,601012,2.54,2.66,2.51,2.63,2.5,243444,284908864.0,1.5,5.2
2016-02-23,隆基绿能,601012,2.56,2.57,2.48,2.5,2.54,131070,149438885.0,0.81,-1.57
2016-02-22,隆基绿能,601012,2.58,2.61,2.51,2.54,2.5,165468,189824254.0,1.02,1.6
2016-02-19,隆基绿能,601012,2.49,2.58,2.48,2.5,2.44,230130,263151091.0,1.42,2.46
2016-02-18,隆基绿能,601012,2.5,2.52,2.43,2.44,2.47,162850,182674110.0,1.0,-1.21
2016-02-17,隆基绿能,601012,2.46,2.5,2.42,2.47,2.46,144504,161582148.0,0.89,0.41
2016-02-16,隆基绿能,601012,2.39,2.47,2.36,2.46,2.35,175631,194512019.0,1.08,4.68
2016-02-15,隆基绿能,601012,2.27,2.39,2.26,2.35,2.39,134517,144383759.0,0.83,-1.67
2016-02-05,隆基绿能,601012,2.44,2.49,2.38,2.39,2.43,96103,105865202.0,0.59,-1.65
2016-02-04,隆基绿能,601012,2.36,2.5,2.35,2.43,2.32,241443,267214552.0,1.49,4.74
2016-02-03,隆基绿能,601012,2.22,2.37,2.2,2.32,2.26,177404,187954412.0,1.09,2.65
2016-02-02,隆基绿能,601012,2.18,2.34,2.18,2.26,2.18,172539,180950638.0,1.06,3.67
2016-02-01,隆基绿能,601012,2.25,2.27,2.11,2.18,2.25,156694,160329202.0,0.97,-3.11
2016-01-29,隆基绿能,601012,2.13,2.29,2.13,2.25,2.12,232705,239571365.0,1.44,6.13
2016-01-28,隆基绿能,601012,2.2,2.24,2.1,2.12,2.2,240979,244600416.0,1.49,-3.64
2016-01-27,隆基绿能,601012,2.47,2.47,2.14,2.2,2.46,402952,418057248.0,2.49,-10.57
2016-01-26,隆基绿能,601012,2.75,2.75,2.4,2.46,2.72,342556,398718256.0,2.11,-9.56
2016-01-25,隆基绿能,601012,2.68,2.77,2.65,2.72,2.59,203441,246106423.0,1.25,5.02
2016-01-22,隆基绿能,601012,2.69,2.73,2.45,2.59,2.66,284584,330478256.0,1.76,-2.63
2016-01-21,隆基绿能,601012,2.77,2.87,2.61,2.66,2.83,242826,296671456.0,1.5,-6.01
2016-01-20,隆基绿能,601012,2.94,3.0,2.78,2.83,2.95,307804,390063120.0,1.9,-4.07
2016-01-19,隆基绿能,601012,2.79,2.97,2.78,2.95,2.84,262429,334237376.0,1.62,3.87
2016-01-18,隆基绿能,601012,2.69,2.88,2.69,2.84,2.75,286363,356344848.0,1.77,3.27
2016-01-15,隆基绿能,601012,2.72,2.84,2.63,2.75,2.73,312010,378321088.0,1.92,0.73
2016-01-14,隆基绿能,601012,2.57,2.75,2.47,2.73,2.56,347747,411680400.0,2.15,6.64
2016-01-13,隆基绿能,601012,2.6,2.73,2.52,2.56,2.57,204360,241313833.0,1.26,-0.39
2016-01-12,隆基绿能,601012,2.64,2.68,2.53,2.57,2.55,261614,303784656.0,1.61,0.78
2016-01-11,隆基绿能,601012,2.72,2.8,2.51,2.55,2.81,306717,367113360.0,1.89,-9.25
2016-01-08,隆基绿能,601012,2.59,2.84,2.55,2.81,2.52,670789,820505472.0,4.14,11.51
2016-01-07,隆基绿能,601012,2.66,2.69,2.46,2.52,2.73,95690,112048559.0,0.59,-7.69
2016-01-06,隆基绿能,601012,2.68,2.75,2.65,2.73,2.66,222320,267723807.0,1.37,2.63
2016-01-05,隆基绿能,601012,2.66,2.86,2.47,2.66,2.79,347594,416989584.0,2.14,-4.66
2016-01-04,隆基绿能,601012,3.1,3.21,2.77,2.79,3.15,264421,346922464.0,1.63,-11.43
2015-12-31,隆基绿能,601012,3.27,3.28,3.15,3.15,3.32,317555,439441312.0,1.96,-5.12
2015-12-30,隆基绿能,601012,3.45,3.53,3.27,3.32,3.32,630268,915062608.0,3.89,0.0
2015-12-22,隆基绿能,601012,3.24,3.36,3.2,3.32,3.26,393792,555288112.0,2.44,1.84
2015-12-21,隆基绿能,601012,3.26,3.29,3.21,3.26,3.24,304594,424774832.0,1.89,0.62
2015-12-18,隆基绿能,601012,3.28,3.33,3.19,3.24,3.23,506349,711148448.0,3.13,0.31
2015-12-17,隆基绿能,601012,3.2,3.24,3.14,3.23,3.12,385689,530444560.0,2.39,3.53
2015-12-16,隆基绿能,601012,3.2,3.2,3.12,3.12,3.12,183124,249248622.0,1.13,0.0
2015-12-15,隆基绿能,601012,3.13,3.15,3.1,3.12,3.12,169278,229318732.0,1.05,0.0
2015-12-14,隆基绿能,601012,3.02,3.14,2.96,3.12,3.04,196480,260786147.0,1.22,2.63
2015-12-11,隆基绿能,601012,3.15,3.15,3.03,3.04,3.15,214385,286609680.0,1.33,-3.49
2015-12-10,隆基绿能,601012,3.13,3.18,3.1,3.15,3.14,222093,301734528.0,1.37,0.32
2015-12-09,隆基绿能,601012,3.14,3.22,3.12,3.14,3.17,249712,341160496.0,1.55,-0.95
2015-12-08,隆基绿能,601012,3.31,3.35,3.15,3.17,3.3,375270,521447376.0,2.32,-3.94
2015-12-07,隆基绿能,601012,3.41,3.43,3.25,3.3,3.34,394527,560601904.0,2.44,-1.2
2015-12-04,隆基绿能,601012,3.36,3.39,3.27,3.34,3.41,519243,741662256.0,3.21,-2.05
2015-12-03,隆基绿能,601012,3.2,3.42,3.19,3.41,3.19,684474,980186704.0,4.24,6.9
2015-12-02,隆基绿能,601012,3.28,3.28,3.04,3.19,3.27,318692,439016864.0,1.97,-2.45
2015-12-01,隆基绿能,601012,3.16,3.28,3.09,3.27,3.18,499352,689884080.0,3.09,2.83
2015-11-30,隆基绿能,601012,3.07,3.21,2.92,3.18,2.91,538636,719477088.0,3.33,9.28
2015-11-27,隆基绿能,601012,3.2,3.21,2.85,2.91,3.23,477300,636295680.0,2.95,-9.91
2015-11-26,隆基绿能,601012,3.25,3.29,3.18,3.23,3.22,470451,654832208.0,2.91,0.31
2015-11-25,隆基绿能,601012,3.25,3.26,3.16,3.22,3.24,373674,515782528.0,2.31,-0.62
2015-11-24,隆基绿能,601012,3.18,3.29,3.18,3.24,3.18,318592,444005632.0,1.97,1.89
2015-11-23,隆基绿能,601012,3.26,3.3,3.14,3.18,3.25,352751,487863312.0,2.18,-2.15
2015-11-20,隆基绿能,601012,3.29,3.32,3.17,3.25,3.29,607396,846823776.0,3.76,-1.22
2015-11-19,隆基绿能,601012,3.14,3.31,3.14,3.29,3.05,594924,824651008.0,3.68,7.87
2015-11-18,隆基绿能,601012,3.16,3.23,3.02,3.05,3.19,484395,654592896.0,3.0,-4.39
2015-11-17,隆基绿能,601012,3.29,3.44,3.16,3.19,3.28,827124,1164327168.0,5.12,-2.74
2015-11-16,隆基绿能,601012,3.07,3.29,3.04,3.28,3.18,611276,849163120.0,3.78,3.14
2015-11-13,隆基绿能,601012,3.03,3.29,2.97,3.18,3.08,809013,1105006384.0,5.01,3.25
2015-11-12,隆基绿能,601012,3.14,3.14,3.0,3.08,3.16,790183,1054490176.0,4.89,-2.53
2015-11-11,隆基绿能,601012,2.87,3.2,2.87,3.16,2.86,963199,1287506240.0,5.96,10.49
2015-11-10,隆基绿能,601012,2.92,3.02,2.83,2.86,2.94,682705,883037280.0,4.23,-2.72
2015-11-09,隆基绿能,601012,2.84,3.06,2.83,2.94,2.91,794997,1027141744.0,4.92,1.03
2015-11-06,隆基绿能,601012,2.8,3.01,2.8,2.91,2.8,597949,764884576.0,3.7,3.93
2015-11-05,隆基绿能,601012,2.86,2.92,2.78,2.8,2.86,607342,760912192.0,3.76,-2.1
2015-11-04,隆基绿能,601012,2.71,2.89,2.7,2.86,2.7,454880,566548368.0,2.82,5.93
2015-11-03,隆基绿能,601012,2.64,2.74,2.58,2.7,2.64,269659,321235088.0,1.67,2.27
2015-11-02,隆基绿能,601012,2.69,2.82,2.62,2.64,2.78,294454,356967840.0,1.82,-5.04
2015-10-30,隆基绿能,601012,2.86,2.88,2.73,2.78,2.84,313994,388753216.0,1.94,-2.11
2015-10-29,隆基绿能,601012,2.8,2.92,2.73,2.84,2.78,457227,571251664.0,2.83,2.16
2015-10-28,隆基绿能,601012,2.83,2.93,2.76,2.78,2.83,497218,623659152.0,3.08,-1.77
2015-10-27,隆基绿能,601012,2.82,2.88,2.57,2.83,2.94,679069,835567584.0,4.2,-3.74
2015-10-26,隆基绿能,601012,2.73,2.96,2.61,2.94,2.66,898036,1111743920.0,5.56,10.53
2015-10-23,隆基绿能,601012,2.69,2.74,2.61,2.66,2.64,575214,687487680.0,3.56,0.76
2015-10-22,隆基绿能,601012,2.51,2.67,2.47,2.64,2.55,476658,553247264.0,2.95,3.53
2015-10-21,隆基绿能,601012,2.87,2.91,2.55,2.55,2.91,841479,1013683264.0,5.21,-12.37
2015-10-20,隆基绿能,601012,2.98,3.07,2.86,2.91,2.84,824965,1072829552.0,5.11,2.46
2015-10-19,隆基绿能,601012,2.8,2.94,2.76,2.84,2.79,690838,866004768.0,4.28,1.79
2015-10-16,隆基绿能,601012,2.82,2.84,2.69,2.79,2.81,677965,832033008.0,4.2,-0.71
2015-10-15,隆基绿能,601012,2.69,2.89,2.65,2.81,2.72,731302,902686160.0,4.53,3.31
2015-10-14,隆基绿能,601012,2.69,2.89,2.54,2.72,2.61,1125396,1352525120.0,6.97,4.21
2015-10-13,隆基绿能,601012,2.41,2.61,2.38,2.61,2.31,886703,1008999824.0,5.49,12.99
2015-10-12,隆基绿能,601012,2.04,2.31,2.04,2.31,2.04,519258,534445600.0,3.21,13.24
2015-10-09,隆基绿能,601012,2.01,2.05,2.0,2.04,2.01,170119,163833481.0,1.05,1.49
2015-10-08,隆基绿能,601012,2.02,2.06,1.97,2.01,1.89,232153,222154319.0,1.44,6.35
2015-09-30,隆基绿能,601012,1.87,1.92,1.87,1.89,1.88,102780,94075669.0,0.64,0.53
2015-09-29,隆基绿能,601012,1.97,1.97,1.85,1.88,1.98,189759,174763935.0,1.17,-5.05
2015-09-28,隆基绿能,601012,1.92,2.01,1.87,1.98,2.01,207060,192452002.0,1.28,-1.49
2015-09-25,隆基绿能,601012,2.14,2.17,1.96,2.01,1.97,587502,576520464.0,3.64,2.03
2015-09-24,隆基绿能,601012,1.92,2.0,1.9,1.97,1.9,165124,154797880.0,1.02,3.68
2015-09-23,隆基绿能,601012,1.91,1.96,1.88,1.9,1.97,133595,123238562.0,0.83,-3.55
2015-09-22,隆基绿能,601012,1.96,2.04,1.94,1.97,1.96,186395,176791152.0,1.15,0.51
2015-09-21,隆基绿能,601012,1.77,1.97,1.74,1.96,1.79,213422,194423875.0,1.32,9.5
2015-09-18,隆基绿能,601012,1.75,1.83,1.74,1.79,1.74,111490,97545323.0,0.69,2.87
2015-09-17,隆基绿能,601012,1.83,1.89,1.73,1.74,1.82,209690,186926898.0,1.3,-4.4
2015-09-16,隆基绿能,601012,1.6,1.82,1.6,1.82,1.59,203203,172484812.0,1.26,14.47
2015-09-15,隆基绿能,601012,1.77,1.8,1.58,1.59,1.83,199021,166993217.0,1.23,-13.11
2015-09-14,隆基绿能,601012,2.12,2.14,1.83,1.83,2.11,186231,175230604.0,1.15,-13.27
2015-09-11,隆基绿能,601012,2.07,2.16,2.07,2.11,2.1,113982,113280937.0,0.71,0.48
2015-09-10,隆基绿能,601012,2.19,2.19,2.08,2.1,2.24,186527,187795970.0,1.15,-6.25
2015-09-09,隆基绿能,601012,2.11,2.27,2.08,2.24,2.07,327355,334273808.0,2.03,8.21
2015-09-08,隆基绿能,601012,1.97,2.09,1.93,2.07,1.94,157841,150613617.0,0.98,6.7
2015-09-07,隆基绿能,601012,1.88,2.07,1.88,1.94,1.9,162430,154179591.0,1.01,2.11
2015-09-02,隆基绿能,601012,1.71,1.93,1.65,1.9,1.79,329530,293977360.0,2.04,6.15
2015-09-01,隆基绿能,601012,2.01,2.02,1.78,1.79,2.0,231233,208581729.0,1.43,-10.5
2015-08-31,隆基绿能,601012,2.16,2.17,1.99,2.0,2.23,266605,261799700.0,1.65,-10.31
2015-08-28,隆基绿能,601012,2.06,2.26,2.01,2.23,2.06,415882,412148784.0,2.57,8.25
2015-08-27,隆基绿能,601012,1.96,2.06,1.87,2.06,1.87,289133,273058032.0,1.79,10.16
2015-08-26,隆基绿能,601012,2.04,2.18,1.8,1.87,1.96,332690,314857200.0,2.06,-4.59
2015-08-25,隆基绿能,601012,2.09,2.15,1.96,1.96,2.25,347412,334132688.0,2.15,-12.89
2015-08-24,隆基绿能,601012,2.41,2.41,2.25,2.25,2.58,497772,521551216.0,3.08,-12.79
2015-08-21,隆基绿能,601012,2.71,2.78,2.55,2.58,2.79,240959,288050496.0,1.49,-7.53
2015-08-20,隆基绿能,601012,2.94,2.96,2.78,2.79,2.98,248821,316514576.0,1.54,-6.38
2015-08-19,隆基绿能,601012,2.75,3.0,2.67,2.98,2.92,392917,497273136.0,2.43,2.05
2015-08-18,隆基绿能,601012,3.23,3.36,2.86,2.92,3.22,525634,724924800.0,3.25,-9.32
2015-08-17,隆基绿能,601012,3.2,3.22,3.11,3.22,3.2,270344,370011408.0,1.67,0.63
2015-08-14,隆基绿能,601012,3.28,3.32,3.17,3.2,3.24,330389,460186080.0,2.05,-1.23
2015-08-13,隆基绿能,601012,3.17,3.25,3.09,3.24,3.17,286325,393187808.0,1.77,2.21
2015-08-12,隆基绿能,601012,3.26,3.32,3.17,3.17,3.33,380685,530527616.0,2.36,-4.8
2015-08-11,隆基绿能,601012,3.29,3.44,3.28,3.33,3.28,549439,789813728.0,3.4,1.52
2015-08-10,隆基绿能,601012,3.15,3.35,3.08,3.28,3.1,538731,746567280.0,3.33,5.81
2015-08-07,隆基绿能,601012,3.07,3.13,2.98,3.1,3.04,481762,640023552.0,2.98,1.97
2015-08-06,隆基绿能,601012,2.78,3.14,2.72,3.04,2.8,553637,724659552.0,3.43,8.57
2015-08-05,隆基绿能,601012,2.91,2.96,2.78,2.8,2.91,268423,340153456.0,1.66,-3.78
2015-08-04,隆基绿能,601012,2.7,2.91,2.69,2.91,2.68,284885,354644288.0,1.76,8.58
2015-08-03,隆基绿能,601012,2.8,2.85,2.58,2.68,2.86,258613,312224848.0,1.6,-6.29
2015-07-31,隆基绿能,601012,2.91,3.0,2.79,2.86,2.97,277959,356000288.0,1.72,-3.7
2015-07-30,隆基绿能,601012,3.14,3.17,2.92,2.97,3.14,364468,489239456.0,2.26,-5.41
2015-07-29,隆基绿能,601012,3.03,3.14,2.84,3.14,2.91,376687,489911008.0,2.33,7.9
2015-07-28,隆基绿能,601012,2.95,3.19,2.66,2.91,3.03,592803,746579600.0,3.67,-3.96
2015-07-27,隆基绿能,601012,3.27,3.39,3.03,3.03,3.44,612704,851659504.0,3.79,-11.92
2015-07-24,隆基绿能,601012,3.57,3.68,3.36,3.44,3.34,1046789,1572591904.0,6.48,2.99
2015-07-23,隆基绿能,601012,3.19,3.38,3.19,3.34,3.16,598333,849450400.0,3.7,5.7
2015-07-22,隆基绿能,601012,3.14,3.24,3.08,3.16,3.16,437240,597512176.0,2.71,0.0
2015-07-21,隆基绿能,601012,3.11,3.25,3.07,3.16,3.2,432524,591809344.0,2.68,-1.25
2015-07-20,隆基绿能,601012,3.11,3.31,3.05,3.2,3.18,615093,850474896.0,3.81,0.63
2015-07-17,隆基绿能,601012,3.11,3.25,3.02,3.18,3.01,720918,984181328.0,4.46,5.65
2015-07-16,隆基绿能,601012,2.74,3.05,2.62,3.01,2.74,600351,765935056.0,3.72,9.85
2015-07-15,隆基绿能,601012,2.92,3.08,2.74,2.74,3.12,574001,726833520.0,3.55,-12.18
2015-07-14,隆基绿能,601012,3.11,3.3,2.97,3.12,2.95,1101117,1508898880.0,6.82,5.76
2015-07-13,隆基绿能,601012,2.95,2.95,2.83,2.95,2.62,210718,271636640.0,1.3,12.6
2015-07-10,隆基绿能,601012,2.6,2.62,2.44,2.62,2.32,222069,259149568.0,1.37,12.93
2015-07-09,隆基绿能,601012,1.89,2.32,1.89,2.32,2.05,684744,704603984.0,4.24,13.17
2015-07-08,隆基绿能,601012,1.98,2.22,1.98,2.05,2.28,1786886,1743240400.0,11.06,-10.09
2015-07-07,隆基绿能,601012,2.47,2.55,2.28,2.28,2.61,433033,463219408.0,2.68,-12.64
2015-07-06,隆基绿能,601012,2.99,2.99,2.33,2.61,2.66,833666,967691712.0,5.16,-1.88
2015-07-03,隆基绿能,601012,2.89,3.08,2.66,2.66,3.03,529101,648855024.0,3.28,-12.21
2015-07-02,隆基绿能,601012,3.48,3.49,2.97,3.03,3.33,521783,716526528.0,3.23,-9.01
2015-07-01,隆基绿能,601012,3.67,3.81,3.31,3.33,3.74,668586,1027918256.0,4.14,-10.96
2015-06-30,隆基绿能,601012,3.3,3.79,2.99,3.74,3.4,780490,1122252224.0,4.83,10.0
2015-06-29,隆基绿能,601012,3.86,3.95,3.25,3.4,3.68,714787,1084593760.0,4.42,-7.61
2015-06-26,隆基绿能,601012,4.09,4.22,3.55,3.68,4.02,697720,1149589072.0,4.32,-8.46
2015-06-25,隆基绿能,601012,4.35,4.37,3.96,4.02,4.33,463436,796823856.0,2.87,-7.16
2015-06-24,隆基绿能,601012,4.26,4.37,4.19,4.33,4.16,466464,824999648.0,2.89,4.09
2015-06-23,隆基绿能,601012,4.24,4.3,3.81,4.16,4.25,400090,677345840.0,2.48,-2.12
2015-06-19,隆基绿能,601012,4.34,4.35,4.05,4.25,4.42,439585,761634720.0,2.72,-3.85
2015-06-18,隆基绿能,601012,4.59,4.73,4.41,4.42,4.47,487494,917618704.0,3.02,-1.12
2015-06-17,隆基绿能,601012,4.37,4.48,4.15,4.47,4.4,559880,1001146608.0,3.47,1.59
2015-06-16,隆基绿能,601012,4.74,4.74,4.37,4.4,4.85,695985,1289919024.0,4.31,-9.28
2015-06-15,隆基绿能,601012,5.16,5.2,4.8,4.85,5.16,860483,1727759952.0,5.33,-6.01
2015-06-12,隆基绿能,601012,5.1,5.33,5.08,5.16,5.11,755188,1587815776.0,4.67,0.98
2015-06-11,隆基绿能,601012,5.22,5.26,5.08,5.11,5.27,671476,1391678592.0,4.16,-3.04
2015-06-10,隆基绿能,601012,5.22,5.37,5.09,5.27,5.27,678396,1428737920.0,4.2,0.0
2015-06-09,隆基绿能,601012,5.19,5.32,5.04,5.27,5.23,690340,1453864800.0,4.27,0.76
2015-06-08,隆基绿能,601012,5.41,5.41,5.02,5.23,5.37,819435,1715350640.0,5.07,-2.61
2015-06-05,隆基绿能,601012,5.5,5.62,5.23,5.37,5.27,1018963,2210287936.0,6.31,1.9
2015-06-04,隆基绿能,601012,5.46,5.55,4.91,5.27,5.45,903170,1898995472.0,5.59,-3.3
2015-06-03,隆基绿能,601012,5.4,5.66,5.22,5.45,5.32,1224215,2686078192.0,7.58,2.44
2015-06-02,隆基绿能,601012,5.07,5.37,4.91,5.32,5.02,1064856,2177884576.0,6.59,5.98
2015-06-01,隆基绿能,601012,4.83,5.02,4.79,5.02,4.83,799744,1604035200.0,4.95,3.93
2015-05-29,隆基绿能,601012,4.83,5.09,4.51,4.83,5.07,1060654,2085624608.0,6.57,-4.73
2015-05-28,隆基绿能,601012,5.68,5.68,5.07,5.07,5.71,1638933,3532326336.0,10.14,-11.21
2015-05-27,隆基绿能,601012,5.61,5.8,5.44,5.71,5.32,1666021,3751556224.0,10.31,7.33
2015-05-26,隆基绿能,601012,5.02,5.41,5.02,5.32,5.11,1396820,2957268528.0,8.65,4.11
2015-05-25,隆基绿能,601012,4.92,5.22,4.8,5.11,5.01,1772509,3609647472.0,10.97,2.0
2015-05-22,隆基绿能,601012,4.56,5.01,4.56,5.01,4.5,1785480,3474722736.0,11.05,11.33
2015-05-21,隆基绿能,601012,4.37,4.55,4.32,4.5,4.48,1003578,1827638048.0,6.21,0.45
2015-05-20,隆基绿能,601012,4.34,4.72,4.3,4.48,4.37,992343,1832158448.0,6.14,2.52
2015-05-19,隆基绿能,601012,4.25,4.46,4.15,4.37,4.32,796174,1414896000.0,4.93,1.16
2015-05-18,隆基绿能,601012,4.39,4.5,4.29,4.32,4.53,648820,1169501664.0,4.02,-4.64
2015-05-15,隆基绿能,601012,4.81,4.81,4.51,4.53,4.86,974200,1832065472.0,6.03,-6.79
2015-05-14,隆基绿能,601012,4.49,4.93,4.43,4.86,4.44,1129878,2180047232.0,6.99,9.46
2015-05-13,隆基绿能,601012,4.43,4.61,4.28,4.44,4.46,885902,1611429040.0,5.48,-0.45
2015-05-12,隆基绿能,601012,4.17,4.49,4.07,4.46,4.17,1039493,1851389792.0,6.43,6.95
2015-05-11,隆基绿能,601012,3.88,4.3,3.76,4.17,3.88,939220,1598461904.0,5.81,7.47
2015-05-08,隆基绿能,601012,3.62,3.91,3.42,3.88,3.59,962744,1484946832.0,5.96,8.08
2015-05-07,隆基绿能,601012,3.93,4.03,3.58,3.59,4.05,704235,1110499552.0,4.36,-11.36
2015-05-06,隆基绿能,601012,3.98,4.25,3.9,4.05,4.31,907905,1527565824.0,5.62,-6.03
2015-05-05,隆基绿能,601012,4.53,4.81,4.19,4.31,4.36,426433,786049984.0,2.64,-1.15
2015-05-04,隆基绿能,601012,4.3,4.43,3.99,4.36,4.28,234720,1249276944.0,4.36,1.87
2015-04-30,隆基绿能,601012,4.5,4.55,4.23,4.28,4.5,287223,1533897872.0,5.33,-4.89
2015-04-29,隆基绿能,601012,4.48,4.74,4.44,4.5,4.41,270419,1526955856.0,5.02,2.04
2015-04-28,隆基绿能,601012,5.17,5.17,4.39,4.41,4.96,401019,2284767328.0,7.45,-11.09
2015-04-27,隆基绿能,601012,4.92,5.18,4.78,4.96,4.89,327110,1975701408.0,8.29,1.43
2015-04-24,隆基绿能,601012,4.25,4.89,4.18,4.89,4.39,401126,2263037952.0,10.17,11.39
2015-04-23,隆基绿能,601012,4.55,4.55,4.22,4.39,4.55,297685,1612030288.0,7.54,-3.52
2015-04-22,隆基绿能,601012,4.38,4.69,4.34,4.55,4.39,310317,1730297296.0,7.86,3.64
2015-04-21,隆基绿能,601012,3.98,4.43,3.98,4.39,3.96,348218,1829179744.0,8.83,10.86
2015-04-20,隆基绿能,601012,4.32,4.45,3.96,3.96,4.48,473008,2444972592.0,11.99,-11.61
2015-04-17,隆基绿能,601012,4.78,4.92,4.47,4.48,4.87,293945,1680636224.0,7.45,-8.01
2015-04-16,隆基绿能,601012,4.43,5.07,4.27,4.87,4.76,334305,1926258208.0,8.47,2.31
2015-04-15,隆基绿能,601012,5.2,5.2,4.76,4.76,5.37,389562,2325328240.0,9.87,-11.36
2015-04-14,隆基绿能,601012,5.48,5.66,5.27,5.37,5.69,352345,2321638768.0,8.93,-5.62
2015-04-13,隆基绿能,601012,5.54,5.86,5.3,5.69,5.27,538207,3626018064.0,13.64,7.97
2015-04-10,隆基绿能,601012,4.64,5.27,4.64,5.27,4.73,348862,2177107088.0,11.22,11.42
2015-04-09,隆基绿能,601012,4.95,4.96,4.38,4.73,4.93,398314,2278617072.0,12.81,-4.06
2015-04-08,隆基绿能,601012,5.04,5.19,4.81,4.93,5.19,412938,2518108624.0,13.28,-5.01
2015-04-07,隆基绿能,601012,4.97,5.26,4.79,5.19,4.97,438695,2659652080.0,14.1,4.43
2015-04-03,隆基绿能,601012,4.79,5.23,4.69,4.97,4.98,459637,2782198720.0,14.78,-0.2
2015-04-02,隆基绿能,601012,4.75,5.14,4.4,4.98,4.63,610904,3548432480.0,19.64,7.56
2015-04-01,隆基绿能,601012,4.17,4.63,4.15,4.63,4.15,396973,2183302592.0,12.76,11.57
2015-03-31,隆基绿能,601012,3.74,4.15,3.71,4.15,3.71,417970,2104113136.0,13.44,11.86
2015-03-30,隆基绿能,601012,3.66,3.85,3.64,3.71,3.75,276918,1308697584.0,8.9,-1.07
2015-03-27,隆基绿能,601012,3.67,3.88,3.46,3.75,3.91,439775,2036572816.0,14.14,-4.09
2015-03-26,隆基绿能,601012,4.25,4.39,3.91,3.91,4.42,579808,2959054256.0,18.64,-11.54
2015-03-25,隆基绿能,601012,3.96,4.45,3.85,4.42,3.98,410403,2162676800.0,13.2,11.06
2015-03-24,隆基绿能,601012,3.85,4.15,3.52,3.98,3.75,539793,2605636624.0,17.36,6.13
2015-03-23,隆基绿能,601012,3.4,3.75,3.4,3.75,3.35,401559,1851384640.0,12.91,11.94
2015-03-20,隆基绿能,601012,2.96,3.35,2.93,3.35,2.98,366319,1508868592.0,11.78,12.42
2015-03-19,隆基绿能,601012,2.85,3.01,2.8,2.98,2.85,327438,1253717264.0,10.53,4.56
2015-03-18,隆基绿能,601012,2.72,2.94,2.68,2.85,2.72,360442,1349122624.0,11.59,4.78
2015-03-17,隆基绿能,601012,2.51,2.73,2.47,2.72,2.49,339064,1199520688.0,10.9,9.24
2015-03-16,隆基绿能,601012,2.39,2.53,2.34,2.49,2.39,218012,732640272.0,7.01,4.18
2015-03-13,隆基绿能,601012,2.35,2.4,2.25,2.39,2.35,176445,572177440.0,5.67,1.7
2015-03-12,隆基绿能,601012,2.51,2.51,2.2,2.35,2.52,345453,1127350576.0,11.11,-6.75
2015-03-11,隆基绿能,601012,2.33,2.53,2.33,2.52,2.31,313003,1044489072.0,10.06,9.09
2015-03-10,隆基绿能,601012,2.33,2.38,2.27,2.31,2.33,234398,752320512.0,7.54,-0.86
2015-03-09,隆基绿能,601012,2.16,2.4,2.14,2.33,2.15,352821,1109377360.0,11.34,8.37
2015-03-06,隆基绿能,601012,1.99,2.23,1.99,2.15,1.97,414459,1239681520.0,13.33,9.14
2015-03-05,隆基绿能,601012,2.02,2.05,1.95,1.97,2.01,200477,574644544.0,6.45,-1.99
2015-03-04,隆基绿能,601012,1.96,2.05,1.95,2.01,1.96,220710,632901248.0,7.1,2.55
2015-03-03,隆基绿能,601012,1.96,2.07,1.89,1.96,1.95,311118,887895984.0,10.0,0.51
2015-03-02,隆基绿能,601012,1.81,1.98,1.79,1.95,1.8,325017,901595600.0,10.45,8.33
2015-02-27,隆基绿能,601012,1.76,1.81,1.76,1.8,1.75,172206,454935680.0,5.54,2.86
2015-02-26,隆基绿能,601012,1.75,1.76,1.71,1.75,1.76,119030,308407936.0,3.83,-0.57
2015-02-25,隆基绿能,601012,1.75,1.79,1.72,1.76,1.74,149598,391050896.0,4.81,1.15
2015-02-17,隆基绿能,601012,1.81,1.81,1.73,1.74,1.83,218739,569711216.0,7.03,-4.92
2015-02-16,隆基绿能,601012,1.73,1.83,1.72,1.83,1.71,188685,499828688.0,6.07,7.02
2015-02-13,隆基绿能,601012,1.72,1.79,1.7,1.71,1.68,183981,478006256.0,5.92,1.79
2015-02-12,隆基绿能,601012,1.63,1.7,1.62,1.68,1.63,133979,337860816.0,4.31,3.07
2015-02-11,隆基绿能,601012,1.63,1.65,1.59,1.63,1.64,135543,333953328.0,4.36,-0.61
2015-02-10,隆基绿能,601012,1.59,1.65,1.56,1.64,1.59,129103,317079984.0,4.15,3.14
2015-02-09,隆基绿能,601012,1.66,1.69,1.57,1.59,1.71,155819,386123632.0,5.01,-7.02
2015-02-06,隆基绿能,601012,1.84,1.87,1.68,1.71,1.82,219090,570550592.0,7.04,-6.04
2015-02-05,隆基绿能,601012,1.83,1.88,1.78,1.82,1.84,248582,670319520.0,7.99,-1.09
2015-02-04,隆基绿能,601012,1.74,1.92,1.71,1.84,1.69,393463,1042569248.0,12.65,8.88
2015-02-03,隆基绿能,601012,1.72,1.73,1.64,1.69,1.7,206541,520964080.0,6.64,-0.59
2015-02-02,隆基绿能,601012,1.61,1.73,1.6,1.7,1.63,259192,658960016.0,8.33,4.29
2015-01-30,隆基绿能,601012,1.64,1.67,1.58,1.63,1.61,139000,343824496.0,4.47,1.24
2015-01-29,隆基绿能,601012,1.61,1.68,1.6,1.61,1.59,242031,602484912.0,7.78,1.26
2015-01-28,隆基绿能,601012,1.56,1.62,1.54,1.59,1.59,143852,349197872.0,4.63,0.0
2015-01-27,隆基绿能,601012,1.65,1.66,1.55,1.59,1.64,193081,471468512.0,6.21,-3.05
2015-01-26,隆基绿能,601012,1.58,1.66,1.58,1.64,1.63,171735,425754736.0,5.52,0.61
2015-01-23,隆基绿能,601012,1.71,1.73,1.62,1.63,1.73,300155,748675984.0,9.65,-5.78
2015-01-22,隆基绿能,601012,1.7,1.81,1.7,1.73,1.7,322122,842462592.0,10.36,1.76
2015-01-21,隆基绿能,601012,1.69,1.72,1.66,1.7,1.7,317746,807760544.0,10.22,0.0
2015-01-20,隆基绿能,601012,1.59,1.72,1.58,1.7,1.55,368663,914931376.0,11.85,9.68
2015-01-19,隆基绿能,601012,1.58,1.73,1.5,1.55,1.68,446896,1097229056.0,14.37,-7.74
2015-01-16,隆基绿能,601012,1.63,1.77,1.61,1.68,1.65,415251,1061908448.0,13.35,1.82
2015-01-15,隆基绿能,601012,1.77,1.79,1.64,1.65,1.78,492886,1253673536.0,15.85,-7.3
2015-01-14,隆基绿能,601012,1.6,1.82,1.59,1.78,1.63,552306,1422650368.0,17.76,9.2
2015-01-13,隆基绿能,601012,1.45,1.65,1.44,1.63,1.47,449542,1066849072.0,14.45,10.88
2015-01-12,隆基绿能,601012,1.37,1.49,1.35,1.47,1.4,310204,699944432.0,9.97,5.0
2015-01-09,隆基绿能,601012,1.34,1.49,1.34,1.4,1.36,314576,710820384.0,10.11,2.94
2015-01-08,隆基绿能,601012,1.37,1.44,1.36,1.36,1.4,256254,570350112.0,8.24,-2.86
2015-01-07,隆基绿能,601012,1.32,1.43,1.27,1.4,1.33,364292,797330480.0,11.71,5.26
2015-01-06,隆基绿能,601012,1.26,1.34,1.22,1.33,1.3,307057,649542368.0,9.87,2.31
2015-01-05,隆基绿能,601012,1.26,1.36,1.25,1.3,1.26,283564,603755312.0,9.12,3.17
2014-12-31,隆基绿能,601012,1.31,1.35,1.25,1.26,1.38,415635,884991792.0,13.36,-8.7
2014-12-30,隆基绿能,601012,1.35,1.38,1.26,1.38,1.2,974985,2116485392.0,31.35,15.0
2014-12-29,隆基绿能,601012,1.2,1.2,1.2,1.2,1.03,25337,51004126.0,0.81,16.5
2014-12-26,隆基绿能,601012,1.02,1.04,0.98,1.03,1.0,151526,274995840.0,4.87,3.0
2014-12-25,隆基绿能,601012,0.96,1.04,0.93,1.0,0.95,186603,337379808.0,6.0,5.26
2014-12-24,隆基绿能,601012,0.86,0.95,0.86,0.95,0.83,153809,260417364.0,4.95,14.46
2014-12-23,隆基绿能,601012,0.87,0.91,0.83,0.83,0.88,74308,122666446.0,2.39,-5.68
2014-12-22,隆基绿能,601012,0.99,0.99,0.87,0.88,0.96,91387,155742912.0,2.94,-8.33
2014-12-19,隆基绿能,601012,0.98,0.99,0.95,0.96,0.99,78889,139148949.0,2.54,-3.03
2014-12-18,隆基绿能,601012,0.93,1.0,0.92,0.99,0.93,157466,279571664.0,5.06,6.45
2014-12-17,隆基绿能,601012,0.95,0.97,0.91,0.93,0.96,102819,177876894.0,3.31,-3.13
2014-12-16,隆基绿能,601012,0.97,0.99,0.95,0.96,0.96,84497,149145075.0,2.72,0.0
2014-12-15,隆基绿能,601012,0.92,0.96,0.92,0.96,0.93,102654,178863152.0,3.3,3.23
2014-12-12,隆基绿能,601012,0.95,0.96,0.92,0.93,0.95,132609,230021724.0,4.26,-2.11
2014-12-11,隆基绿能,601012,0.94,0.97,0.92,0.95,0.95,124351,216749154.0,4.0,0.0
2014-12-10,隆基绿能,601012,0.85,0.95,0.85,0.95,0.85,271309,464684064.0,8.72,11.76
2014-12-09,隆基绿能,601012,0.84,0.87,0.81,0.85,0.84,164620,266982634.0,5.29,1.19
2014-12-08,隆基绿能,601012,0.86,0.86,0.82,0.84,0.86,153686,249792546.0,4.94,-2.33
2014-12-05,隆基绿能,601012,0.94,0.95,0.85,0.86,0.94,178621,301513216.0,5.74,-8.51
2014-12-04,隆基绿能,601012,0.92,0.95,0.91,0.94,0.91,149795,260022540.0,4.82,3.3
2014-12-03,隆基绿能,601012,0.93,0.93,0.89,0.91,0.93,187208,317763136.0,6.02,-2.15
2014-12-02,隆基绿能,601012,0.92,0.93,0.91,0.93,0.92,83128,143285503.0,2.67,1.09
2014-12-01,隆基绿能,601012,0.98,0.98,0.91,0.92,0.99,165706,285800448.0,5.33,-7.07
2014-11-28,隆基绿能,601012,1.01,1.01,0.98,0.99,1.01,104523,186629208.0,3.36,-1.98
2014-11-27,隆基绿能,601012,1.08,1.08,1.0,1.01,1.07,156867,285707024.0,5.04,-5.61
2014-11-26,隆基绿能,601012,1.1,1.1,1.05,1.07,1.09,76759,143964894.0,2.47,-1.83
2014-11-25,隆基绿能,601012,1.04,1.1,1.03,1.09,1.04,81666,153272078.0,2.63,4.81
2014-11-24,隆基绿能,601012,1.04,1.06,1.03,1.04,1.02,79761,147512206.0,2.56,1.96
2014-11-21,隆基绿能,601012,0.98,1.03,0.98,1.02,0.98,63667,115634163.0,2.05,4.08
2014-11-20,隆基绿能,601012,1.0,1.01,0.98,0.98,1.0,33302,59709528.0,1.07,-2.0
2014-11-19,隆基绿能,601012,0.98,1.01,0.98,1.0,0.98,60665,109292888.0,1.95,2.04
2014-11-18,隆基绿能,601012,0.99,0.99,0.97,0.98,0.99,46429,82606138.0,1.49,-1.01
2014-11-17,隆基绿能,601012,1.03,1.03,0.97,0.99,1.01,84894,151421530.0,2.73,-1.98
2014-11-14,隆基绿能,601012,1.0,1.01,0.97,1.01,1.02,56216,100994294.0,1.81,-0.98
2014-11-13,隆基绿能,601012,1.11,1.11,1.01,1.02,1.09,95520,176157731.0,3.07,-6.42
2014-11-12,隆基绿能,601012,1.11,1.11,1.05,1.09,1.11,54114,102368752.0,1.74,-1.8
2014-11-11,隆基绿能,601012,1.13,1.14,1.07,1.11,1.13,71991,137648526.0,2.31,-1.77
2014-11-10,隆基绿能,601012,1.12,1.13,1.1,1.13,1.11,51865,99941387.0,1.67,1.8
2014-11-07,隆基绿能,601012,1.14,1.16,1.1,1.11,1.14,83354,162747670.0,2.68,-2.63
2014-11-06,隆基绿能,601012,1.11,1.14,1.1,1.14,1.1,91748,177499775.0,2.95,3.64
2014-11-05,隆基绿能,601012,1.12,1.13,1.1,1.1,1.12,57656,110522282.0,1.85,-1.79
2014-11-04,隆基绿能,601012,1.14,1.15,1.11,1.12,1.14,76989,149471641.0,2.48,-1.75
2014-11-03,隆基绿能,601012,1.15,1.16,1.13,1.14,1.15,69567,136204375.0,2.24,-0.87
2014-10-31,隆基绿能,601012,1.14,1.16,1.12,1.15,1.13,75278,147315009.0,2.42,1.77
2014-10-30,隆基绿能,601012,1.14,1.14,1.13,1.13,1.13,53947,105022240.0,1.73,0.0
2014-10-29,隆基绿能,601012,1.15,1.15,1.12,1.13,1.14,89289,173861068.0,2.87,-0.88
2014-10-28,隆基绿能,601012,1.12,1.14,1.11,1.14,1.12,68391,132267117.0,2.2,1.79
2014-10-27,隆基绿能,601012,1.05,1.13,1.03,1.12,1.05,48484,92586080.0,1.56,6.67
2014-10-24,隆基绿能,601012,1.07,1.1,1.01,1.05,1.06,60450,112694340.0,1.94,-0.94
2014-10-23,隆基绿能,601012,1.09,1.18,1.06,1.06,1.09,105835,204501102.0,3.4,-2.75
2014-10-21,隆基绿能,601012,1.09,1.11,1.06,1.09,1.09,41503,78777297.0,1.33,0.0
2014-10-20,隆基绿能,601012,1.05,1.1,1.04,1.09,1.05,64590,121851914.0,2.08,3.81
2014-10-17,隆基绿能,601012,1.06,1.07,1.01,1.05,1.07,60496,111736182.0,1.95,-1.87
2014-10-16,隆基绿能,601012,1.12,1.13,1.07,1.07,1.13,69451,132532240.0,2.23,-5.31
2014-10-15,隆基绿能,601012,1.14,1.16,1.11,1.13,1.16,47951,92905243.0,1.54,-2.59
2014-10-14,隆基绿能,601012,1.11,1.17,1.09,1.16,1.11,131389,257342249.0,4.22,4.5
2014-10-13,隆基绿能,601012,1.1,1.11,1.06,1.11,1.11,95318,180156315.0,3.06,0.0
2014-10-10,隆基绿能,601012,1.23,1.23,1.09,1.11,1.22,179841,349991808.0,5.78,-9.02
2014-10-09,隆基绿能,601012,1.25,1.26,1.21,1.22,1.26,59567,121857719.0,1.92,-3.17
2014-10-08,隆基绿能,601012,1.27,1.27,1.22,1.26,1.26,52971,109212901.0,1.7,0.0
2014-09-30,隆基绿能,601012,1.22,1.27,1.21,1.26,1.22,72124,148763953.0,2.32,3.28
2014-09-29,隆基绿能,601012,1.26,1.29,1.2,1.22,1.27,72700,148925391.0,2.34,-3.94
2014-09-26,隆基绿能,601012,1.24,1.29,1.24,1.27,1.28,39678,82708310.0,1.28,-0.78
2014-09-25,隆基绿能,601012,1.22,1.36,1.22,1.28,1.22,75900,160916171.0,2.44,4.92
2014-09-24,隆基绿能,601012,1.18,1.22,1.15,1.22,1.18,62313,124803072.0,2.0,3.39
2014-09-23,隆基绿能,601012,1.17,1.2,1.17,1.18,1.18,47127,94038257.0,1.52,0.0
2014-09-22,隆基绿能,601012,1.17,1.19,1.12,1.18,1.18,72774,142525315.0,2.34,0.0
2014-09-19,隆基绿能,601012,1.24,1.24,1.1,1.18,1.22,98680,195836121.0,3.17,-3.28
2014-09-18,隆基绿能,601012,1.18,1.25,1.18,1.22,1.19,51187,104224244.0,1.65,2.52
2014-09-17,隆基绿能,601012,1.23,1.26,1.16,1.19,1.23,73005,146496950.0,2.35,-3.25
2014-09-16,隆基绿能,601012,1.35,1.35,1.22,1.23,1.36,86312,180949643.0,2.78,-9.56
2014-09-15,隆基绿能,601012,1.36,1.38,1.34,1.36,1.36,47820,104175290.0,1.54,0.0
2014-09-12,隆基绿能,601012,1.33,1.37,1.3,1.36,1.34,47937,103557159.0,1.54,1.49
2014-09-11,隆基绿能,601012,1.29,1.39,1.28,1.34,1.3,97477,211235635.0,3.13,3.08
2014-09-10,隆基绿能,601012,1.25,1.31,1.24,1.3,1.24,78817,165387441.0,2.53,4.84
2014-09-09,隆基绿能,601012,1.23,1.26,1.18,1.24,1.24,59861,122912022.0,1.92,0.0
2014-09-05,隆基绿能,601012,1.27,1.33,1.2,1.24,1.24,147790,308006208.0,4.75,0.0
2014-09-04,隆基绿能,601012,1.21,1.25,1.18,1.24,1.21,89509,183026636.0,2.88,2.48
2014-09-03,隆基绿能,601012,1.17,1.23,1.15,1.21,1.17,93756,187720380.0,3.01,3.42
2014-09-02,隆基绿能,601012,1.17,1.19,1.14,1.17,1.17,72713,144186284.0,2.34,0.0
2014-09-01,隆基绿能,601012,1.13,1.18,1.1,1.17,1.14,78728,153359057.0,2.53,2.63
2014-08-29,隆基绿能,601012,1.11,1.14,1.06,1.14,1.11,36041,68751557.0,1.16,2.7
2014-08-28,隆基绿能,601012,1.09,1.17,1.08,1.11,1.09,46180,89117476.0,1.48,1.83
2014-08-27,隆基绿能,601012,1.07,1.1,1.03,1.09,1.06,39293,74018190.0,1.26,2.83
2014-08-26,隆基绿能,601012,1.14,1.15,1.05,1.06,1.15,69780,132201806.0,2.24,-7.83
2014-08-25,隆基绿能,601012,1.15,1.17,1.11,1.15,1.13,64394,125628510.0,2.07,1.77
2014-08-22,隆基绿能,601012,1.05,1.17,1.03,1.13,1.05,96967,186044319.0,3.12,7.62
2014-08-21,隆基绿能,601012,1.04,1.06,1.01,1.05,1.05,46905,86281334.0,1.51,0.0
2014-08-20,隆基绿能,601012,1.03,1.07,1.01,1.05,1.04,48705,90306152.0,1.57,0.96
2014-08-19,隆基绿能,601012,1.03,1.06,1.0,1.04,1.04,44449,81500744.0,1.43,0.0
2014-08-18,隆基绿能,601012,0.98,1.05,0.97,1.04,0.99,65738,118994364.0,2.11,5.05
2014-08-15,隆基绿能,601012,0.98,1.01,0.98,0.99,0.98,52970,94937430.0,1.7,1.02
2014-08-14,隆基绿能,601012,1.0,1.03,0.96,0.98,1.0,56481,101172522.0,1.82,-2.0
2014-08-13,隆基绿能,601012,1.0,1.03,0.98,1.0,1.01,64159,115570640.0,2.06,-0.99
2014-08-12,隆基绿能,601012,1.01,1.04,0.98,1.01,1.02,65479,118337273.0,2.11,-0.98
2014-08-11,隆基绿能,601012,0.96,1.04,0.96,1.02,0.93,140798,254042662.0,4.53,9.68
2014-08-08,隆基绿能,601012,0.96,1.02,0.93,0.93,0.96,120793,214265207.0,3.88,-3.13
2014-08-07,隆基绿能,601012,0.95,0.98,0.95,0.96,0.93,157269,278177136.0,5.06,3.23
2014-08-06,隆基绿能,601012,0.83,0.98,0.83,0.93,0.83,172452,294480352.0,5.54,12.05
2014-08-05,隆基绿能,601012,0.82,0.84,0.8,0.83,0.82,72003,116453114.0,2.32,1.22
2014-08-04,隆基绿能,601012,0.8,0.83,0.75,0.82,0.8,104474,164259361.0,3.36,2.5
2014-08-01,隆基绿能,601012,0.86,0.87,0.79,0.8,0.88,96370,155248587.0,3.1,-9.09
2014-07-31,隆基绿能,601012,0.84,0.89,0.84,0.88,0.86,43059,71633991.0,1.38,2.33
2014-07-30,隆基绿能,601012,0.89,0.91,0.86,0.86,0.89,79337,131957351.0,2.55,-3.37
2014-07-29,隆基绿能,601012,0.89,0.93,0.87,0.89,0.89,104410,177325473.0,3.36,0.0
2014-07-28,隆基绿能,601012,0.81,0.9,0.79,0.89,0.81,126993,210474851.0,4.08,9.88
2014-07-25,隆基绿能,601012,0.83,0.85,0.8,0.81,0.83,46182,73982108.0,1.48,-2.41
2014-07-24,隆基绿能,601012,0.84,0.88,0.81,0.83,0.85,80808,132232047.0,2.6,-2.35
2014-07-23,隆基绿能,601012,0.8,0.86,0.79,0.85,0.81,110189,179863677.0,3.54,4.94
2014-07-22,隆基绿能,601012,0.77,0.82,0.76,0.81,0.78,104134,166080622.0,3.35,3.85
2014-07-21,隆基绿能,601012,0.78,0.82,0.77,0.78,0.74,144124,228198585.0,4.63,5.41
2014-07-18,隆基绿能,601012,0.74,0.76,0.73,0.74,0.73,51533,78952888.0,1.66,1.37
2014-07-17,隆基绿能,601012,0.72,0.75,0.7,0.73,0.73,35174,52896302.0,1.13,0.0
2014-07-16,隆基绿能,601012,0.74,0.76,0.71,0.73,0.74,38703,58525514.0,1.24,-1.35
2014-07-15,隆基绿能,601012,0.75,0.78,0.73,0.74,0.75,73293,113320085.0,2.36,-1.33
2014-07-14,隆基绿能,601012,0.73,0.76,0.73,0.75,0.73,52299,80346132.0,1.68,2.74
2014-07-11,隆基绿能,601012,0.72,0.76,0.71,0.73,0.73,69657,105504934.0,2.24,0.0
2014-07-10,隆基绿能,601012,0.78,0.81,0.7,0.73,0.77,96060,145480025.0,3.09,-5.19
2014-07-09,隆基绿能,601012,0.82,0.82,0.77,0.77,0.82,66853,106031878.0,2.15,-6.1
2014-07-08,隆基绿能,601012,0.79,0.83,0.77,0.82,0.79,90524,145247281.0,2.91,3.8
2014-07-07,隆基绿能,601012,0.77,0.79,0.76,0.79,0.77,56942,89914738.0,1.83,2.6
2014-07-04,隆基绿能,601012,0.81,0.83,0.77,0.77,0.8,66298,104682075.0,2.13,-3.75
2014-07-03,隆基绿能,601012,0.8,0.82,0.79,0.8,0.8,103038,164827075.0,3.31,0.0
2014-07-02,隆基绿能,601012,0.83,0.83,0.76,0.8,0.83,111268,176856205.0,3.58,-3.61
2014-07-01,隆基绿能,601012,0.77,0.86,0.71,0.83,0.76,285553,450247792.0,9.18,9.21
2014-06-18,隆基绿能,601012,0.76,0.76,0.66,0.76,0.63,326147,495373808.0,10.49,20.63
2014-06-17,隆基绿能,601012,0.62,0.66,0.61,0.63,0.62,77139,109525241.0,2.48,1.61
2014-06-16,隆基绿能,601012,0.57,0.62,0.57,0.62,0.57,64803,89446604.0,2.08,8.77
2014-06-13,隆基绿能,601012,0.57,0.6,0.56,0.57,0.57,55188,74374973.0,1.77,0.0
2014-06-12,隆基绿能,601012,0.56,0.59,0.55,0.57,0.56,36357,48944317.0,1.17,1.79
2014-06-11,隆基绿能,601012,0.53,0.57,0.52,0.56,0.53,50515,67207366.0,1.62,5.66
2014-06-10,隆基绿能,601012,0.53,0.54,0.51,0.53,0.53,33119,42831437.0,1.06,0.0
2014-06-09,隆基绿能,601012,0.51,0.53,0.5,0.53,0.52,23507,30461007.0,0.76,1.92
2014-06-06,隆基绿能,601012,0.52,0.53,0.51,0.52,0.53,9731,12595509.0,0.31,-1.89
2014-06-05,隆基绿能,601012,0.52,0.53,0.5,0.53,0.53,36185,46639505.0,1.16,0.0
2014-06-04,隆基绿能,601012,0.55,0.55,0.51,0.53,0.56,57318,74417444.0,1.84,-5.36
2014-06-03,隆基绿能,601012,0.58,0.59,0.56,0.56,0.58,25195,33940096.0,0.81,-3.45
2014-05-30,隆基绿能,601012,0.57,0.59,0.57,0.58,0.57,31761,43249666.0,1.02,1.75
2014-05-29,隆基绿能,601012,0.58,0.59,0.56,0.57,0.58,39215,53038704.0,1.26,-1.72
2014-05-28,隆基绿能,601012,0.59,0.59,0.56,0.58,0.58,48952,65909142.0,1.57,0.0
2014-05-27,隆基绿能,601012,0.57,0.6,0.57,0.58,0.58,47309,64356566.0,1.52,0.0
2014-05-26,隆基绿能,601012,0.55,0.58,0.54,0.58,0.54,37614,50300862.0,1.21,7.41
2014-05-23,隆基绿能,601012,0.53,0.54,0.51,0.54,0.53,44030,57433908.0,1.42,1.89
2014-05-22,隆基绿能,601012,0.54,0.56,0.53,0.53,0.53,29559,38921386.0,0.95,0.0
2014-05-21,隆基绿能,601012,0.54,0.54,0.49,0.53,0.54,50446,64795936.0,1.62,-1.85
2014-05-20,隆基绿能,601012,0.54,0.56,0.52,0.54,0.53,17949,23689223.0,0.58,1.89
2014-05-19,隆基绿能,601012,0.51,0.54,0.51,0.53,0.52,16343,21193788.0,0.53,1.92
2014-05-16,隆基绿能,601012,0.54,0.54,0.51,0.52,0.54,20469,26595577.0,0.66,-3.7
2014-05-15,隆基绿能,601012,0.56,0.57,0.5,0.54,0.57,69489,90690744.0,2.23,-5.26
2014-05-14,隆基绿能,601012,0.56,0.59,0.54,0.57,0.55,45668,61290721.0,1.47,3.64
2014-05-13,隆基绿能,601012,0.58,0.6,0.55,0.55,0.59,23837,32049211.0,0.77,-6.78
2014-05-12,隆基绿能,601012,0.57,0.6,0.57,0.59,0.57,33615,45638630.0,1.08,3.51
2014-05-09,隆基绿能,601012,0.55,0.61,0.54,0.57,0.55,19156,25680870.0,0.62,3.64
2014-05-08,隆基绿能,601012,0.54,0.56,0.53,0.55,0.55,21841,28912585.0,0.7,0.0
2014-05-07,隆基绿能,601012,0.59,0.59,0.54,0.55,0.59,21546,28805279.0,0.69,-6.78
2014-05-06,隆基绿能,601012,0.57,0.61,0.57,0.59,0.58,30583,42086719.0,0.98,1.72
2014-05-05,隆基绿能,601012,0.57,0.59,0.56,0.58,0.57,19712,26697308.0,0.63,1.75
2014-04-30,隆基绿能,601012,0.59,0.59,0.56,0.57,0.57,37438,50438998.0,1.2,0.0
2014-04-29,隆基绿能,601012,0.53,0.58,0.53,0.57,0.54,13355,17883643.0,0.43,5.56
2014-04-28,隆基绿能,601012,0.57,0.58,0.52,0.54,0.57,21199,28008684.0,0.68,-5.26
2014-04-25,隆基绿能,601012,0.64,0.64,0.57,0.57,0.64,30401,41914967.0,0.98,-10.94
2014-04-24,隆基绿能,601012,0.64,0.68,0.61,0.64,0.66,32941,46996296.0,1.06,-3.03
2014-04-23,隆基绿能,601012,0.64,0.67,0.63,0.66,0.63,17043,24361739.0,0.55,4.76
2014-04-22,隆基绿能,601012,0.68,0.69,0.61,0.63,0.68,53875,76597307.0,1.73,-7.35
2014-04-21,隆基绿能,601012,0.71,0.73,0.67,0.68,0.72,33021,49087701.0,1.06,-5.56
2014-04-18,隆基绿能,601012,0.69,0.73,0.69,0.72,0.7,33235,50051859.0,1.07,2.86
2014-04-17,隆基绿能,601012,0.7,0.73,0.69,0.7,0.7,33948,50599645.0,1.09,0.0
2014-04-16,隆基绿能,601012,0.72,0.75,0.7,0.7,0.71,37973,57325784.0,1.22,-1.41
2014-04-15,隆基绿能,601012,0.65,0.72,0.65,0.71,0.65,66306,98177837.0,2.13,9.23
2014-04-14,隆基绿能,601012,0.67,0.68,0.64,0.65,0.67,29451,42498171.0,0.95,-2.99
2014-04-11,隆基绿能,601012,0.66,0.68,0.64,0.67,0.67,42978,61933167.0,1.38,0.0
2014-04-10,隆基绿能,601012,0.69,0.71,0.66,0.67,0.67,89648,131695566.0,2.88,0.0
2014-04-09,隆基绿能,601012,0.66,0.69,0.65,0.67,0.65,76281,110394483.0,2.45,3.08
2014-04-08,隆基绿能,601012,0.63,0.66,0.61,0.65,0.62,89382,127468443.0,2.87,4.84
2014-04-04,隆基绿能,601012,0.57,0.63,0.56,0.62,0.57,69841,96389079.0,2.25,8.77
2014-04-03,隆基绿能,601012,0.56,0.59,0.56,0.57,0.57,30721,41524542.0,0.99,0.0
2014-04-02,隆基绿能,601012,0.57,0.59,0.55,0.57,0.56,27172,36695970.0,0.87,1.79
2014-04-01,隆基绿能,601012,0.54,0.58,0.53,0.56,0.54,23036,30707326.0,0.74,3.7
2014-03-31,隆基绿能,601012,0.52,0.54,0.48,0.54,0.54,36950,47388610.0,1.19,0.0
2014-03-28,隆基绿能,601012,0.57,0.59,0.53,0.54,0.57,53861,71951283.0,1.73,-5.26
2014-03-27,隆基绿能,601012,0.57,0.59,0.56,0.57,0.57,59556,80718635.0,1.91,0.0
2014-03-26,隆基绿能,601012,0.57,0.6,0.56,0.57,0.57,46135,62463763.0,1.48,0.0
2014-03-25,隆基绿能,601012,0.56,0.58,0.55,0.57,0.58,41738,56064000.0,1.34,-1.72
2014-03-24,隆基绿能,601012,0.49,0.59,0.48,0.58,0.48,101537,136353653.0,3.26,20.83
2014-03-21,隆基绿能,601012,0.46,0.49,0.44,0.48,0.46,56636,69804612.0,1.82,4.35
2014-03-20,隆基绿能,601012,0.49,0.52,0.46,0.46,0.49,47929,60834281.0,1.54,-6.12
2014-03-19,隆基绿能,601012,0.55,0.55,0.48,0.49,0.55,55181,70641004.0,1.77,-10.91
2014-03-18,隆基绿能,601012,0.57,0.57,0.54,0.55,0.57,44030,58319932.0,1.42,-3.51
2014-03-17,隆基绿能,601012,0.55,0.57,0.54,0.57,0.56,37407,49834892.0,1.2,1.79
2014-03-14,隆基绿能,601012,0.57,0.58,0.55,0.56,0.58,45651,61030508.0,1.47,-3.45
2014-03-13,隆基绿能,601012,0.54,0.59,0.54,0.58,0.54,83885,113026923.0,2.7,7.41
2014-03-12,隆基绿能,601012,0.54,0.54,0.5,0.54,0.54,44188,57384593.0,1.42,0.0
2014-03-11,隆基绿能,601012,0.55,0.57,0.52,0.54,0.55,88809,117281796.0,2.86,-1.82
2014-03-10,隆基绿能,601012,0.52,0.58,0.48,0.55,0.53,138159,181318937.0,4.44,3.77
2014-03-07,隆基绿能,601012,0.46,0.54,0.45,0.53,0.45,143364,182250232.0,4.61,17.78
2014-03-06,隆基绿能,601012,0.49,0.49,0.43,0.45,0.5,105076,127805397.0,3.38,-10.0
2014-03-05,隆基绿能,601012,0.51,0.53,0.49,0.5,0.51,77771,99445580.0,2.5,-1.96
2014-03-04,隆基绿能,601012,0.47,0.52,0.46,0.51,0.47,78779,99698776.0,2.53,8.51
2014-03-03,隆基绿能,601012,0.49,0.52,0.46,0.47,0.49,98275,123299308.0,3.16,-4.08
2014-02-28,隆基绿能,601012,0.54,0.54,0.46,0.49,0.54,78605,98930660.0,2.53,-9.26
2014-02-27,隆基绿能,601012,0.53,0.57,0.53,0.54,0.53,48512,64292788.0,1.56,1.89
2014-02-26,隆基绿能,601012,0.54,0.58,0.49,0.53,0.53,83695,108841290.0,2.69,0.0
2014-02-25,隆基绿能,601012,0.67,0.69,0.53,0.53,0.66,90734,125726837.0,2.92,-19.7
2014-02-24,隆基绿能,601012,0.73,0.73,0.62,0.66,0.73,78695,114036671.0,2.53,-9.59
2014-02-21,隆基绿能,601012,0.76,0.77,0.71,0.73,0.75,53328,81207856.0,1.71,-2.67
2014-02-20,隆基绿能,601012,0.79,0.8,0.75,0.75,0.79,42657,66639171.0,1.37,-5.06
2014-02-19,隆基绿能,601012,0.81,0.81,0.77,0.79,0.82,51883,81787951.0,1.67,-3.66
2014-02-18,隆基绿能,601012,0.83,0.85,0.79,0.82,0.85,66969,107734522.0,2.15,-3.53
2014-02-17,隆基绿能,601012,0.79,0.86,0.75,0.85,0.8,117895,186453914.0,3.79,6.25
2014-02-14,隆基绿能,601012,0.83,0.85,0.78,0.8,0.83,60397,96609981.0,1.94,-3.61
2014-02-13,隆基绿能,601012,0.87,0.87,0.82,0.83,0.88,47106,77156054.0,1.51,-5.68
2014-02-12,隆基绿能,601012,0.9,0.9,0.84,0.88,0.9,59523,98558838.0,1.91,-2.22
2014-02-11,隆基绿能,601012,0.82,0.9,0.81,0.9,0.82,79053,131776885.0,2.54,9.76
2014-02-10,隆基绿能,601012,0.74,0.83,0.74,0.82,0.75,58480,92450213.0,1.88,9.33
2014-02-07,隆基绿能,601012,0.75,0.78,0.73,0.75,0.75,24342,37798382.0,0.78,0.0
2014-01-30,隆基绿能,601012,0.83,0.83,0.74,0.75,0.83,38082,59122618.0,1.22,-9.64
2014-01-29,隆基绿能,601012,0.81,0.84,0.8,0.83,0.81,25323,41126891.0,0.81,2.47
2014-01-28,隆基绿能,601012,0.84,0.86,0.8,0.81,0.84,39759,64210499.0,1.28,-3.57
2014-01-27,隆基绿能,601012,0.93,0.93,0.84,0.84,0.95,68082,114021328.0,2.19,-11.58
2014-01-24,隆基绿能,601012,0.92,1.01,0.92,0.95,0.94,63602,113231628.0,2.04,1.06
2014-01-23,隆基绿能,601012,0.88,0.98,0.88,0.94,0.89,71548,124469602.0,2.3,5.62
2014-01-22,隆基绿能,601012,0.85,0.9,0.85,0.89,0.85,29191,49089252.0,0.94,4.71
2014-01-21,隆基绿能,601012,0.84,0.87,0.82,0.85,0.85,11097,18244483.0,0.36,0.0
2014-01-20,隆基绿能,601012,0.85,0.87,0.81,0.85,0.86,38476,62559645.0,1.24,-1.16
2014-01-17,隆基绿能,601012,0.88,0.89,0.84,0.86,0.88,29414,48669746.0,0.95,-2.27
2014-01-16,隆基绿能,601012,0.86,0.91,0.86,0.88,0.86,56976,96444515.0,1.83,2.33
2014-01-15,隆基绿能,601012,0.77,0.86,0.75,0.86,0.74,86400,139725553.0,2.78,16.22
2014-01-14,隆基绿能,601012,0.69,0.77,0.69,0.74,0.71,38256,58537981.0,1.23,4.23
2014-01-13,隆基绿能,601012,0.69,0.82,0.69,0.71,0.75,75627,116671238.0,2.43,-5.33
2013-12-16,隆基绿能,601012,0.72,0.76,0.71,0.75,0.73,46047,70204041.0,1.84,2.74
2013-12-13,隆基绿能,601012,0.71,0.74,0.69,0.73,0.71,43181,64347126.0,1.72,2.82
2013-12-12,隆基绿能,601012,0.7,0.74,0.68,0.71,0.71,33032,49348330.0,1.32,0.0
2013-12-11,隆基绿能,601012,0.78,0.78,0.69,0.71,0.76,60228,90727678.0,2.4,-6.58
2013-12-10,隆基绿能,601012,0.75,0.77,0.73,0.76,0.74,48105,74279161.0,1.92,2.7
2013-12-09,隆基绿能,601012,0.77,0.77,0.72,0.74,0.78,50302,76678974.0,2.01,-5.13
2013-12-06,隆基绿能,601012,0.8,0.81,0.71,0.78,0.81,83260,128438864.0,3.32,-3.7
2013-12-05,隆基绿能,601012,0.85,0.86,0.79,0.81,0.86,40565,65279483.0,1.62,-5.81
2013-12-04,隆基绿能,601012,0.83,0.88,0.83,0.86,0.84,38573,64054818.0,1.54,2.38
2013-12-03,隆基绿能,601012,0.78,0.84,0.77,0.84,0.8,35755,57502881.0,1.43,5.0
2013-12-02,隆基绿能,601012,0.8,0.9,0.77,0.8,0.84,49425,78520670.0,1.97,-4.76
2013-11-29,隆基绿能,601012,0.85,0.87,0.8,0.84,0.87,92047,148840335.0,3.67,-3.45
2013-11-28,隆基绿能,601012,0.87,0.89,0.83,0.87,0.87,48054,79255636.0,1.92,0.0
2013-11-27,隆基绿能,601012,0.86,0.9,0.84,0.87,0.86,42325,70475084.0,1.69,1.16
2013-11-26,隆基绿能,601012,0.83,0.86,0.79,0.86,0.83,32406,52750562.0,1.29,3.61
2013-11-25,隆基绿能,601012,0.87,0.87,0.83,0.83,0.89,33190,54444599.0,1.32,-6.74
2013-11-22,隆基绿能,601012,0.96,0.97,0.85,0.89,0.96,56537,95748534.0,2.26,-7.29
2013-11-21,隆基绿能,601012,0.95,0.98,0.94,0.96,0.98,23475,41434462.0,0.94,-2.04
2013-11-20,隆基绿能,601012,0.98,0.99,0.92,0.98,0.98,28524,50115286.0,1.14,0.0
2013-11-19,隆基绿能,601012,0.95,1.01,0.95,0.98,0.97,35919,64174088.0,1.43,1.03
2013-11-18,隆基绿能,601012,0.89,0.98,0.86,0.97,0.89,47750,82437811.0,1.9,8.99
2013-11-15,隆基绿能,601012,0.85,0.95,0.85,0.89,0.88,49618,84282937.0,1.98,1.14
2013-11-14,隆基绿能,601012,0.84,0.9,0.84,0.88,0.83,34020,56842978.0,1.36,6.02
2013-11-13,隆基绿能,601012,0.91,0.91,0.82,0.83,0.92,30644,50731305.0,1.22,-9.78
2013-11-12,隆基绿能,601012,0.88,0.97,0.88,0.92,0.88,41996,72836464.0,1.68,4.55
2013-11-11,隆基绿能,601012,0.83,0.91,0.81,0.88,0.85,38601,64176588.0,1.54,3.53
2013-11-08,隆基绿能,601012,0.9,0.92,0.79,0.85,0.93,54516,90012335.0,2.17,-8.6
2013-11-07,隆基绿能,601012,0.96,1.03,0.92,0.93,0.96,67777,120692824.0,2.7,-3.13
2013-11-06,隆基绿能,601012,0.88,1.04,0.87,0.96,0.88,91494,163321865.0,3.65,9.09
2013-11-05,隆基绿能,601012,0.83,0.92,0.81,0.88,0.81,68971,114757668.0,2.75,8.64
2013-11-04,隆基绿能,601012,0.77,0.82,0.76,0.81,0.77,57696,91422972.0,2.3,5.19
2013-11-01,隆基绿能,601012,0.74,0.79,0.66,0.77,0.73,90589,136711706.0,3.61,5.48
2013-10-31,隆基绿能,601012,0.82,0.82,0.71,0.73,0.84,58875,90570499.0,2.35,-13.1
2013-10-30,隆基绿能,601012,0.86,0.86,0.8,0.84,0.87,43155,70217698.0,1.72,-3.45
2013-10-29,隆基绿能,601012,0.89,0.89,0.74,0.87,0.89,78042,123469777.0,3.11,-2.25
2013-10-28,隆基绿能,601012,0.81,0.9,0.79,0.89,0.81,63116,104034995.0,2.52,9.88
2013-10-25,隆基绿能,601012,0.83,0.9,0.7,0.81,0.84,82469,130193466.0,3.29,-3.57
2013-10-24,隆基绿能,601012,0.8,0.92,0.8,0.84,0.86,52230,86428962.0,2.08,-2.33
2013-10-23,隆基绿能,601012,1.04,1.05,0.86,0.86,1.03,76902,131925475.0,3.07,-16.5
2013-10-22,隆基绿能,601012,1.08,1.12,1.01,1.03,1.08,67265,126186584.0,2.68,-4.63
2013-10-21,隆基绿能,601012,0.94,1.08,0.93,1.08,0.95,88834,163592399.0,3.54,13.68
2013-10-18,隆基绿能,601012,0.95,0.98,0.91,0.95,0.95,30800,53579830.0,1.23,0.0
2013-10-17,隆基绿能,601012,0.94,1.02,0.92,0.95,0.92,74375,132570350.0,2.97,3.26
2013-10-16,隆基绿能,601012,1.05,1.08,0.91,0.92,1.0,53709,96068547.0,2.14,-8.0
2013-10-15,隆基绿能,601012,1.0,1.05,0.97,1.0,1.0,48187,87158517.0,1.92,0.0
2013-10-14,隆基绿能,601012,1.04,1.04,0.96,1.0,1.05,66132,119397443.0,2.64,-4.76
2013-10-11,隆基绿能,601012,1.05,1.1,1.02,1.05,1.09,60396,113018194.0,2.6,-3.67
2013-10-10,隆基绿能,601012,1.0,1.09,1.0,1.09,1.04,87391,161963034.0,3.76,4.81
2013-10-09,隆基绿能,601012,1.04,1.06,0.99,1.04,1.04,64710,117666558.0,2.78,0.0
2013-10-08,隆基绿能,601012,0.86,1.04,0.86,1.04,0.88,87849,157225856.0,3.78,18.18
2013-09-30,隆基绿能,601012,0.81,0.92,0.81,0.88,0.8,83057,138855786.0,3.57,10.0
2013-09-27,隆基绿能,601012,0.72,0.81,0.71,0.8,0.72,70560,110547094.0,3.03,11.11
2013-09-26,隆基绿能,601012,0.74,0.8,0.69,0.72,0.74,50495,77141250.0,2.17,-2.7
2013-09-25,隆基绿能,601012,0.74,0.8,0.74,0.74,0.74,45388,70940678.0,1.95,0.0
2013-09-24,隆基绿能,601012,0.79,0.82,0.74,0.74,0.8,54206,84268874.0,2.33,-7.5
2013-09-23,隆基绿能,601012,0.79,0.83,0.76,0.8,0.79,62249,98868970.0,2.68,1.27
2013-09-18,隆基绿能,601012,0.72,0.83,0.69,0.79,0.72,73889,115188189.0,3.18,9.72
2013-09-17,隆基绿能,601012,0.71,0.73,0.68,0.72,0.72,53701,80416185.0,2.31,0.0
2013-09-16,隆基绿能,601012,0.59,0.72,0.59,0.72,0.59,90217,133035674.0,4.33,22.03
2013-09-13,隆基绿能,601012,0.57,0.61,0.56,0.59,0.57,41764,57277187.0,2.0,3.51
2013-09-12,隆基绿能,601012,0.57,0.61,0.56,0.57,0.57,53014,72624493.0,2.54,0.0
2013-09-11,隆基绿能,601012,0.65,0.65,0.57,0.57,0.65,58370,80189950.0,2.8,-12.31
2013-09-10,隆基绿能,601012,0.62,0.66,0.6,0.65,0.62,41937,59498358.0,2.01,4.84
2013-09-09,隆基绿能,601012,0.69,0.7,0.58,0.62,0.69,92874,130856790.0,4.45,-10.14
2013-09-06,隆基绿能,601012,0.72,0.73,0.68,0.69,0.73,29735,44072054.0,1.43,-5.48
2013-09-05,隆基绿能,601012,0.72,0.76,0.7,0.73,0.72,48222,73450639.0,2.31,1.39
2013-09-04,隆基绿能,601012,0.68,0.75,0.66,0.72,0.68,55294,82743791.0,2.65,5.88
2013-09-03,隆基绿能,601012,0.65,0.71,0.62,0.68,0.65,50555,73836135.0,2.42,4.62
2013-09-02,隆基绿能,601012,0.76,0.79,0.63,0.65,0.74,113999,166476828.0,5.47,-12.16
2013-08-30,隆基绿能,601012,0.7,0.78,0.66,0.74,0.69,82044,125388678.0,3.94,7.25
2013-08-29,隆基绿能,601012,0.67,0.7,0.65,0.69,0.67,33073,48478050.0,1.59,2.99
2013-08-28,隆基绿能,601012,0.68,0.71,0.64,0.67,0.69,50604,73677609.0,2.43,-2.9
2013-08-27,隆基绿能,601012,0.71,0.71,0.66,0.69,0.71,47588,69583590.0,2.28,-2.82
2013-08-26,隆基绿能,601012,0.7,0.71,0.68,0.71,0.71,43498,64463064.0,2.09,0.0
2013-08-23,隆基绿能,601012,0.7,0.76,0.67,0.71,0.73,52108,78582554.0,2.5,-2.74
2013-08-22,隆基绿能,601012,0.68,0.76,0.68,0.73,0.7,93129,140750024.0,4.47,4.29
2013-08-21,隆基绿能,601012,0.61,0.73,0.61,0.7,0.61,97608,142460673.0,4.68,14.75
2013-08-20,隆基绿能,601012,0.6,0.65,0.59,0.61,0.59,42632,59939561.0,2.04,3.39
2013-08-19,隆基绿能,601012,0.55,0.61,0.55,0.59,0.57,46624,63997175.0,2.24,3.51
2013-08-16,隆基绿能,601012,0.62,0.63,0.54,0.57,0.63,73453,101083445.0,3.52,-9.52
2013-08-15,隆基绿能,601012,0.6,0.65,0.57,0.63,0.61,81196,112914410.0,3.89,3.28
2013-08-14,隆基绿能,601012,0.61,0.64,0.59,0.61,0.63,65828,91369418.0,3.16,-3.17
2013-08-13,隆基绿能,601012,0.64,0.68,0.58,0.63,0.62,107946,152100952.0,5.18,1.61
2013-08-12,隆基绿能,601012,0.64,0.66,0.61,0.62,0.65,114126,161300384.0,5.47,-4.62
2013-08-09,隆基绿能,601012,0.67,0.67,0.61,0.65,0.62,159487,227195363.0,7.65,4.84
2013-08-08,隆基绿能,601012,0.5,0.62,0.49,0.62,0.5,156486,210614209.0,7.51,24.0
2013-08-07,隆基绿能,601012,0.45,0.52,0.42,0.5,0.44,103933,129669895.0,4.99,13.64
2013-08-06,隆基绿能,601012,0.43,0.44,0.41,0.44,0.43,44451,53287261.0,2.13,2.33
2013-08-05,隆基绿能,601012,0.41,0.46,0.4,0.43,0.42,71201,86107595.0,3.42,2.38
2013-08-02,隆基绿能,601012,0.44,0.46,0.42,0.42,0.42,44344,53598213.0,2.13,0.0
2013-08-01,隆基绿能,601012,0.39,0.45,0.39,0.42,0.39,43741,51701497.0,2.1,7.69
2013-07-31,隆基绿能,601012,0.36,0.43,0.36,0.39,0.36,44266,51640851.0,2.12,8.33
2013-07-30,隆基绿能,601012,0.38,0.4,0.34,0.36,0.39,60680,68694436.0,2.91,-7.69
2013-07-29,隆基绿能,601012,0.48,0.48,0.39,0.39,0.42,110038,132110469.0,5.28,-7.14
2013-07-26,隆基绿能,601012,0.41,0.43,0.39,0.42,0.42,63367,74290043.0,3.04,0.0
2013-07-25,隆基绿能,601012,0.44,0.45,0.37,0.42,0.44,96385,113991789.0,4.62,-4.55
2013-07-24,隆基绿能,601012,0.47,0.47,0.43,0.44,0.46,64020,77910464.0,3.07,-4.35
2013-07-23,隆基绿能,601012,0.41,0.47,0.4,0.46,0.41,140227,168859354.0,6.73,12.2
2013-07-22,隆基绿能,601012,0.37,0.42,0.36,0.41,0.36,85701,99144228.0,4.11,13.89
2013-07-19,隆基绿能,601012,0.37,0.46,0.35,0.36,0.39,184787,218421395.0,8.86,-7.69
2013-07-18,隆基绿能,601012,0.36,0.42,0.34,0.39,0.38,110008,125493869.0,5.28,2.63
2013-07-17,隆基绿能,601012,0.37,0.4,0.36,0.38,0.39,178256,203924733.0,8.55,-2.56
2013-07-16,隆基绿能,601012,0.33,0.39,0.33,0.39,0.29,336633,384075936.0,16.15,34.48
2013-07-15,隆基绿能,601012,0.27,0.31,0.25,0.29,0.27,162192,168788843.0,7.78,7.41
2013-07-12,隆基绿能,601012,0.25,0.28,0.22,0.27,0.21,165766,167679061.0,7.95,28.57
2013-07-11,隆基绿能,601012,0.19,0.23,0.19,0.21,0.19,74273,71839542.0,3.56,10.53
2013-07-10,隆基绿能,601012,0.15,0.2,0.14,0.19,0.16,61655,57190899.0,2.96,18.75
2013-07-09,隆基绿能,601012,0.17,0.19,0.14,0.16,0.18,90273,81548628.0,4.33,-11.11
2013-07-08,隆基绿能,601012,0.18,0.22,0.17,0.18,0.19,75871,71567917.0,3.64,-5.26
2013-07-05,隆基绿能,601012,0.23,0.24,0.19,0.19,0.24,114505,110364557.0,5.49,-20.83
2013-07-04,隆基绿能,601012,0.25,0.27,0.23,0.24,0.26,97375,97782641.0,4.67,-7.69
2013-07-03,隆基绿能,601012,0.24,0.29,0.22,0.26,0.26,134158,135442604.0,6.43,0.0
2013-07-02,隆基绿能,601012,0.22,0.27,0.21,0.26,0.22,99859,100151839.0,4.79,18.18
2013-07-01,隆基绿能,601012,0.18,0.24,0.16,0.22,0.2,90736,86050797.0,4.35,10.0
2013-06-28,隆基绿能,601012,0.21,0.26,0.18,0.2,0.23,160303,156726140.0,7.69,-13.04
2013-06-27,隆基绿能,601012,0.28,0.32,0.21,0.23,0.28,231195,236616470.0,11.09,-17.86
2013-06-26,隆基绿能,601012,0.23,0.28,0.21,0.28,0.23,257661,259920637.0,12.36,21.74
2013-06-25,隆基绿能,601012,0.17,0.24,0.12,0.23,0.18,180294,167543427.0,8.65,27.78
2013-06-24,隆基绿能,601012,0.22,0.23,0.16,0.18,0.2,166108,159229362.0,7.97,-10.0
2013-06-21,隆基绿能,601012,0.1,0.2,0.1,0.2,0.12,181061,165518357.0,8.68,66.67
2013-06-20,隆基绿能,601012,0.19,0.19,0.12,0.12,0.19,103470,93430579.0,4.96,-36.84
2013-06-19,隆基绿能,601012,0.18,0.21,0.17,0.19,0.2,52476,49262986.0,2.52,-5.0
2013-06-18,隆基绿能,601012,0.19,0.21,0.16,0.2,0.19,98326,92416021.0,4.72,5.26
2013-06-17,隆基绿能,601012,0.17,0.22,0.15,0.19,0.15,181760,169120298.0,8.72,26.67
2013-06-14,隆基绿能,601012,0.12,0.17,0.12,0.15,0.13,81175,72616991.0,3.89,15.38
2013-06-13,隆基绿能,601012,0.09,0.14,0.08,0.13,0.1,121482,104159535.0,5.83,30.0
2013-06-07,隆基绿能,601012,0.17,0.17,0.08,0.1,0.16,137210,117806376.0,6.58,-37.5
2013-06-06,隆基绿能,601012,0.16,0.19,0.15,0.16,0.18,75429,69230381.0,3.62,-11.11
2013-06-05,隆基绿能,601012,0.2,0.2,0.16,0.18,0.2,55922,51828852.0,2.68,-10.0
2013-06-04,隆基绿能,601012,0.19,0.21,0.16,0.2,0.19,132954,125718005.0,6.38,5.26
2013-06-03,隆基绿能,601012,0.16,0.19,0.16,0.19,0.16,98363,91000061.0,4.72,18.75
2013-05-31,隆基绿能,601012,0.18,0.2,0.16,0.16,0.19,82012,76104888.0,3.93,-15.79
2013-05-30,隆基绿能,601012,0.2,0.22,0.19,0.19,0.22,91214,86659627.0,4.38,-13.64
2013-05-29,隆基绿能,601012,0.2,0.24,0.19,0.22,0.21,97662,94158096.0,4.68,4.76
2013-05-28,隆基绿能,601012,0.22,0.26,0.2,0.21,0.23,158877,156634019.0,7.62,-8.7
2013-05-27,隆基绿能,601012,0.24,0.25,0.2,0.23,0.25,219865,213814322.0,10.55,-8.0
2013-05-24,隆基绿能,601012,0.22,0.25,0.2,0.25,0.22,155697,153549791.0,7.47,13.64
2013-05-23,隆基绿能,601012,0.19,0.24,0.18,0.22,0.25,187938,181046837.0,9.01,-12.0
2013-05-22,隆基绿能,601012,0.25,0.3,0.23,0.25,0.22,362400,366894944.0,17.38,13.64
2013-05-21,隆基绿能,601012,0.22,0.22,0.2,0.22,0.14,196379,190470052.0,9.42,57.14
2013-05-20,隆基绿能,601012,0.08,0.15,0.07,0.14,0.09,160148,137883463.0,7.68,55.56
2013-05-17,隆基绿能,601012,0.07,0.11,0.05,0.09,0.07,119266,98135944.0,5.72,28.57
2013-05-16,隆基绿能,601012,0.06,0.11,0.06,0.07,0.06,180543,150015776.0,8.66,16.67
2013-05-15,隆基绿能,601012,0.02,0.07,0.01,0.06,0.03,141810,110553007.0,6.8,100.0
2013-05-14,隆基绿能,601012,0.0,0.05,0.0,0.03,0.0,138037,106073454.0,6.62,0.0
2013-05-13,隆基绿能,601012,0.01,0.02,0.0,0.0,0.01,34187,25331271.0,1.64,-100.0
2013-05-10,隆基绿能,601012,0.0,0.01,-0.01,0.01,0.01,41892,30992353.0,2.01,0.0
2013-05-09,隆基绿能,601012,0.02,0.03,-0.02,0.01,0.02,72742,54675352.0,3.49,-50.0
2013-05-08,隆基绿能,601012,0.01,0.02,0.0,0.02,0.01,40788,30687916.0,1.96,100.0
2013-05-07,隆基绿能,601012,0.0,0.04,0.0,0.01,0.01,61990,46718405.0,2.97,0.0
2013-05-06,隆基绿能,601012,-0.01,0.01,-0.01,0.01,0.03,65252,48066123.0,3.13,-66.67
2013-05-03,隆基绿能,601012,0.01,0.03,0.01,0.03,0.01,39796,30256270.0,1.91,200.0
2013-05-02,隆基绿能,601012,0.01,0.03,-0.03,0.01,0.01,24627,18422493.0,1.18,0.0
2013-04-26,隆基绿能,601012,0.04,0.04,0.0,0.01,0.04,68357,51274344.0,3.28,-75.0
2013-04-25,隆基绿能,601012,0.05,0.05,0.03,0.04,0.05,64315,50444361.0,3.08,-20.0
2013-04-24,隆基绿能,601012,0.05,0.05,0.03,0.05,0.05,57125,44691992.0,2.74,0.0
2013-04-23,隆基绿能,601012,0.02,0.05,0.02,0.05,0.03,96412,74557897.0,4.62,66.67
2013-04-22,隆基绿能,601012,0.0,0.03,0.0,0.03,0.02,48268,36554062.0,2.32,50.0
2013-04-19,隆基绿能,601012,0.0,0.02,0.0,0.02,0.0,36370,27306055.0,1.74,0.0
2013-04-18,隆基绿能,601012,0.01,0.02,0.0,0.0,0.02,59288,44186392.0,2.84,-100.0
2013-04-17,隆基绿能,601012,0.02,0.03,0.02,0.02,0.02,56695,42989270.0,2.72,0.0
2013-04-16,隆基绿能,601012,0.01,0.02,0.0,0.02,0.02,57955,43514128.0,2.78,0.0
2013-04-15,隆基绿能,601012,0.03,0.04,0.01,0.02,0.05,84710,64409256.0,4.06,-60.0
2013-04-12,隆基绿能,601012,0.07,0.07,0.03,0.05,0.08,117140,92075158.0,5.62,-37.5
2013-04-11,隆基绿能,601012,0.07,0.09,0.06,0.08,0.06,237194,194268804.0,11.38,33.33
2013-04-10,隆基绿能,601012,0.06,0.06,0.06,0.06,-0.01,168721,135145393.0,12.5,700.0
2013-04-09,隆基绿能,601012,-0.04,-0.01,-0.04,-0.01,-0.04,66256,47400433.0,4.91,75.0
2013-04-08,隆基绿能,601012,-0.04,-0.04,-0.06,-0.04,-0.03,28898,19822413.0,2.14,-33.33
2013-04-03,隆基绿能,601012,-0.03,-0.02,-0.03,-0.03,-0.03,15049,10643243.0,1.11,0.0
2013-04-02,隆基绿能,601012,-0.01,0.0,-0.03,-0.03,-0.01,26947,19311783.0,2.0,-200.0
2013-04-01,隆基绿能,601012,-0.02,0.0,-0.03,-0.01,-0.01,22422,16238531.0,1.66,0.0
2013-03-29,隆基绿能,601012,0.0,0.01,-0.02,-0.01,0.0,18303,13406815.0,1.36,0.0
2013-03-28,隆基绿能,601012,0.02,0.02,-0.01,0.0,0.03,27466,20296882.0,2.03,-100.0
2013-03-27,隆基绿能,601012,0.04,0.05,0.01,0.03,0.04,47325,36288763.0,3.51,-25.0
2013-03-26,隆基绿能,601012,0.04,0.05,0.03,0.04,0.04,37461,29150989.0,2.77,0.0
2013-03-25,隆基绿能,601012,0.03,0.04,0.02,0.04,0.03,36300,28012719.0,2.69,33.33
2013-03-22,隆基绿能,601012,0.04,0.04,0.02,0.03,0.05,54538,42312016.0,4.04,-40.0
2013-03-21,隆基绿能,601012,0.01,0.05,0.01,0.05,0.04,86084,66285521.0,6.38,25.0
2013-03-20,隆基绿能,601012,0.0,0.04,0.0,0.04,0.01,67318,51072617.0,4.99,300.0
2013-03-19,隆基绿能,601012,0.02,0.02,-0.01,0.01,0.02,41049,30463443.0,3.04,-50.0
2013-03-18,隆基绿能,601012,0.03,0.04,0.01,0.02,0.04,45350,34347690.0,3.36,-50.0
2013-03-15,隆基绿能,601012,0.06,0.06,0.02,0.04,0.06,58289,45297889.0,4.32,-33.33
2013-03-14,隆基绿能,601012,0.06,0.06,0.05,0.06,0.06,20125,16099607.0,1.49,0.0
2013-03-13,隆基绿能,601012,0.06,0.07,0.05,0.06,0.07,27355,21909971.0,2.03,-14.29
2013-03-12,隆基绿能,601012,0.09,0.1,0.06,0.07,0.09,46565,37962843.0,3.45,-22.22
2013-03-11,隆基绿能,601012,0.1,0.11,0.08,0.09,0.1,36251,30513261.0,2.69,-10.0
2013-03-08,隆基绿能,601012,0.12,0.13,0.1,0.1,0.12,47647,40710043.0,3.53,-16.67
2013-03-07,隆基绿能,601012,0.13,0.15,0.11,0.12,0.14,98993,86782326.0,7.33,-14.29
2013-03-06,隆基绿能,601012,0.12,0.15,0.11,0.14,0.12,127134,112356518.0,9.42,16.67
2013-03-05,隆基绿能,601012,0.1,0.12,0.09,0.12,0.1,67318,57616201.0,4.99,20.0
2013-03-04,隆基绿能,601012,0.11,0.13,0.09,0.1,0.11,112259,96405192.0,8.32,-9.09
2013-03-01,隆基绿能,601012,0.11,0.11,0.09,0.11,0.11,82508,69712308.0,6.11,0.0
2013-02-28,隆基绿能,601012,0.06,0.12,0.06,0.11,0.06,136777,115138272.0,10.13,83.33
2013-02-27,隆基绿能,601012,0.06,0.07,0.05,0.06,0.06,51219,40992866.0,3.79,0.0
2013-02-26,隆基绿能,601012,0.09,0.11,0.05,0.06,0.09,66900,55322516.0,4.96,-33.33
2013-02-25,隆基绿能,601012,0.08,0.1,0.08,0.09,0.08,65309,54138221.0,4.84,12.5
2013-02-22,隆基绿能,601012,0.08,0.09,0.08,0.08,0.08,50313,41595151.0,3.73,0.0
2013-02-21,隆基绿能,601012,0.11,0.13,0.08,0.08,0.11,70837,60339566.0,5.25,-27.27
2013-02-20,隆基绿能,601012,0.11,0.12,0.09,0.11,0.11,55151,46789115.0,4.09,0.0
2013-02-19,隆基绿能,601012,0.13,0.13,0.1,0.11,0.14,85081,73177402.0,6.3,-21.43
2013-02-18,隆基绿能,601012,0.1,0.14,0.1,0.14,0.09,139739,121690823.0,10.35,55.56
2013-02-08,隆基绿能,601012,0.09,0.11,0.09,0.09,0.09,47197,39702318.0,3.5,0.0
2013-02-07,隆基绿能,601012,0.09,0.09,0.08,0.09,0.09,40374,33291564.0,2.99,0.0
2013-02-06,隆基绿能,601012,0.07,0.11,0.07,0.09,0.07,77741,64898344.0,5.76,28.57
2013-02-05,隆基绿能,601012,0.06,0.08,0.06,0.07,0.06,33273,27130249.0,2.46,16.67
2013-02-04,隆基绿能,601012,0.1,0.1,0.06,0.06,0.1,77998,63752189.0,5.78,-40.0
2013-02-01,隆基绿能,601012,0.09,0.11,0.08,0.1,0.09,76470,64259688.0,5.66,11.11
2013-01-31,隆基绿能,601012,0.1,0.1,0.08,0.09,0.11,72279,59989924.0,5.35,-18.18
2013-01-30,隆基绿能,601012,0.14,0.14,0.11,0.11,0.13,86683,74790428.0,6.42,-15.38
2013-01-29,隆基绿能,601012,0.12,0.13,0.1,0.13,0.13,109165,93510395.0,8.09,0.0
2013-01-28,隆基绿能,601012,0.1,0.13,0.1,0.13,0.11,99087,85194476.0,7.34,18.18
2013-01-25,隆基绿能,601012,0.1,0.11,0.09,0.11,0.11,73953,62600222.0,5.48,0.0
2013-01-24,隆基绿能,601012,0.14,0.14,0.09,0.11,0.14,145115,125053536.0,10.75,-21.43
2013-01-23,隆基绿能,601012,0.12,0.14,0.11,0.14,0.12,131341,114803076.0,9.73,16.67
2013-01-22,隆基绿能,601012,0.14,0.16,0.1,0.12,0.14,161201,142111014.0,11.94,-14.29
2013-01-21,隆基绿能,601012,0.16,0.17,0.14,0.14,0.17,132054,119034465.0,9.78,-17.65
2013-01-18,隆基绿能,601012,0.17,0.2,0.13,0.17,0.19,162771,147776283.0,12.06,-10.53
2013-01-17,隆基绿能,601012,0.17,0.22,0.16,0.19,0.19,168275,158217406.0,12.46,0.0
2013-01-16,隆基绿能,601012,0.24,0.26,0.19,0.19,0.21,257975,252013701.0,19.11,-9.52
2013-01-15,隆基绿能,601012,0.19,0.26,0.17,0.21,0.21,351217,341558480.0,26.02,0.0
2013-01-14,隆基绿能,601012,0.2,0.22,0.16,0.21,0.21,348413,328413360.0,25.81,0.0
2013-01-11,隆基绿能,601012,0.23,0.26,0.2,0.21,0.17,546726,538283872.0,40.5,23.53
2013-01-10,隆基绿能,601012,0.1,0.17,0.1,0.17,0.1,145195,129891703.0,10.76,70.0
2013-01-09,隆基绿能,601012,0.12,0.13,0.09,0.1,0.13,196822,166676663.0,14.58,-23.08
2013-01-08,隆基绿能,601012,0.11,0.15,0.09,0.13,0.08,384993,332853728.0,28.52,62.5
2013-01-07,隆基绿能,601012,0.06,0.08,0.05,0.08,0.01,245520,198317119.0,18.19,700.0
2013-01-04,隆基绿能,601012,-0.04,0.01,-0.04,0.01,-0.05,82640,61071732.0,6.12,120.0
2012-12-31,隆基绿能,601012,-0.05,-0.04,-0.06,-0.05,-0.06,27998,19078183.0,2.07,16.67
2012-12-28,隆基绿能,601012,-0.07,-0.05,-0.07,-0.06,-0.06,37859,25364492.0,2.8,0.0
2012-12-27,隆基绿能,601012,-0.05,-0.04,-0.06,-0.06,-0.05,27989,18993725.0,2.07,-20.0
2012-12-26,隆基绿能,601012,-0.06,-0.04,-0.06,-0.05,-0.06,30086,20529671.0,2.23,16.67
2012-12-25,隆基绿能,601012,-0.07,-0.06,-0.08,-0.06,-0.07,36866,24626723.0,2.73,14.29
2012-12-24,隆基绿能,601012,-0.07,-0.06,-0.07,-0.07,-0.07,31564,20877220.0,2.34,0.0
2012-12-21,隆基绿能,601012,-0.06,-0.06,-0.07,-0.07,-0.05,53991,36050393.0,4.0,-40.0
2012-12-20,隆基绿能,601012,-0.03,-0.02,-0.06,-0.05,-0.05,103294,72357251.0,7.65,0.0
2012-12-19,隆基绿能,601012,-0.04,-0.04,-0.06,-0.05,-0.05,33025,22576675.0,2.45,0.0
2012-12-18,隆基绿能,601012,-0.04,-0.03,-0.06,-0.05,-0.04,53610,36843108.0,3.97,-25.0
2012-12-17,隆基绿能,601012,-0.05,-0.03,-0.06,-0.04,-0.05,66288,45518536.0,4.91,20.0
2012-12-14,隆基绿能,601012,-0.06,-0.04,-0.07,-0.05,-0.06,80948,55044158.0,6.0,16.67
2012-12-13,隆基绿能,601012,-0.09,-0.06,-0.1,-0.06,-0.09,67573,44696621.0,5.01,33.33
2012-12-12,隆基绿能,601012,-0.09,-0.09,-0.1,-0.09,-0.09,13011,8267832.0,0.96,0.0
2012-12-11,隆基绿能,601012,-0.08,-0.08,-0.09,-0.09,-0.09,12640,8113127.0,0.94,0.0
2012-12-10,隆基绿能,601012,-0.08,-0.07,-0.09,-0.09,-0.08,31241,20205194.0,2.31,-12.5
2012-12-07,隆基绿能,601012,-0.11,-0.08,-0.12,-0.08,-0.11,23917,15110688.0,1.77,27.27
2012-12-06,隆基绿能,601012,-0.12,-0.11,-0.12,-0.11,-0.11,9067,5531191.0,0.67,0.0
2012-12-05,隆基绿能,601012,-0.14,-0.11,-0.14,-0.11,-0.13,19939,12156825.0,1.48,15.38
2012-12-04,隆基绿能,601012,-0.15,-0.13,-0.17,-0.13,-0.16,13748,7903183.0,1.02,18.75
2012-12-03,隆基绿能,601012,-0.13,-0.12,-0.16,-0.16,-0.13,11487,6700739.0,0.85,-23.08
2012-11-30,隆基绿能,601012,-0.13,-0.12,-0.13,-0.13,-0.13,7476,4519473.0,0.55,0.0
2012-11-29,隆基绿能,601012,-0.1,-0.1,-0.13,-0.13,-0.1,13932,8531633.0,1.03,-30.0
2012-11-28,隆基绿能,601012,-0.09,-0.09,-0.1,-0.1,-0.08,11012,6961619.0,0.82,-25.0
2012-11-27,隆基绿能,601012,-0.09,-0.07,-0.1,-0.08,-0.09,20514,13110774.0,1.52,11.11
2012-11-26,隆基绿能,601012,-0.08,-0.08,-0.09,-0.09,-0.08,6687,4301722.0,0.5,-12.5
2012-11-23,隆基绿能,601012,-0.08,-0.08,-0.09,-0.08,-0.08,5803,3759892.0,0.43,0.0
2012-11-22,隆基绿能,601012,-0.08,-0.08,-0.09,-0.08,-0.07,11905,7683978.0,0.88,-14.29
2012-11-21,隆基绿能,601012,-0.07,-0.07,-0.09,-0.07,-0.07,10539,6876588.0,0.78,0.0
2012-11-20,隆基绿能,601012,-0.07,-0.06,-0.07,-0.07,-0.07,9674,6404267.0,0.72,0.0
2012-11-19,隆基绿能,601012,-0.08,-0.07,-0.08,-0.07,-0.08,15564,10290005.0,1.15,12.5
2012-11-16,隆基绿能,601012,-0.08,-0.07,-0.09,-0.08,-0.08,15953,10440017.0,1.18,0.0
2012-11-15,隆基绿能,601012,-0.09,-0.07,-0.09,-0.08,-0.08,13621,8818967.0,1.01,0.0
2012-11-14,隆基绿能,601012,-0.09,-0.08,-0.1,-0.08,-0.09,8373,5368080.0,0.62,11.11
2012-11-13,隆基绿能,601012,-0.08,-0.08,-0.1,-0.09,-0.08,10427,6686284.0,0.77,-12.5
2012-11-12,隆基绿能,601012,-0.08,-0.08,-0.1,-0.08,-0.09,17485,11247488.0,1.3,11.11
2012-11-09,隆基绿能,601012,-0.08,-0.08,-0.09,-0.09,-0.08,9573,6190240.0,0.71,-12.5
2012-11-08,隆基绿能,601012,-0.06,-0.06,-0.08,-0.08,-0.05,28215,18578581.0,2.09,-60.0
2012-11-07,隆基绿能,601012,-0.07,-0.05,-0.07,-0.05,-0.07,28844,19411802.0,2.14,28.57
2012-11-06,隆基绿能,601012,-0.07,-0.06,-0.08,-0.07,-0.07,14494,9556723.0,1.07,0.0
2012-11-05,隆基绿能,601012,-0.07,-0.07,-0.08,-0.07,-0.07,14343,9398518.0,1.06,0.0
2012-11-02,隆基绿能,601012,-0.07,-0.07,-0.08,-0.07,-0.07,17737,11662315.0,1.31,0.0
2012-11-01,隆基绿能,601012,-0.08,-0.07,-0.08,-0.07,-0.08,13081,8642240.0,0.97,12.5
2012-10-31,隆基绿能,601012,-0.07,-0.07,-0.08,-0.08,-0.07,25250,16478471.0,1.87,-14.29
2012-10-30,隆基绿能,601012,-0.06,-0.05,-0.07,-0.07,-0.05,28802,19231905.0,2.13,-40.0
2012-10-29,隆基绿能,601012,-0.06,-0.04,-0.07,-0.05,-0.06,40627,27575679.0,3.01,16.67
2012-10-26,隆基绿能,601012,-0.03,-0.03,-0.07,-0.06,-0.03,56406,38381751.0,4.18,-100.0
2012-10-25,隆基绿能,601012,-0.06,-0.03,-0.06,-0.03,-0.05,94370,65390502.0,6.99,40.0
2012-10-24,隆基绿能,601012,-0.08,-0.05,-0.08,-0.05,-0.08,48599,32569779.0,3.6,37.5
2012-10-23,隆基绿能,601012,-0.06,-0.04,-0.08,-0.08,-0.07,43359,28973942.0,3.21,-14.29
2012-10-22,隆基绿能,601012,-0.08,-0.06,-0.09,-0.07,-0.08,40534,26481705.0,3.0,12.5
2012-10-19,隆基绿能,601012,-0.08,-0.07,-0.08,-0.08,-0.07,24162,15830502.0,1.79,-14.29
2012-10-18,隆基绿能,601012,-0.08,-0.07,-0.08,-0.07,-0.08,38850,25452548.0,2.88,12.5
2012-10-17,隆基绿能,601012,-0.09,-0.08,-0.09,-0.08,-0.08,27564,17748862.0,2.04,0.0
2012-10-16,隆基绿能,601012,-0.1,-0.08,-0.1,-0.08,-0.1,21848,14006735.0,1.62,20.0
2012-10-15,隆基绿能,601012,-0.08,-0.08,-0.1,-0.1,-0.08,12509,7956170.0,0.93,-25.0
2012-10-12,隆基绿能,601012,-0.08,-0.08,-0.1,-0.08,-0.08,28089,18034175.0,2.08,0.0
2012-10-11,隆基绿能,601012,-0.07,-0.07,-0.09,-0.08,-0.06,29478,19320206.0,2.18,-33.33
2012-10-10,隆基绿能,601012,-0.07,-0.06,-0.08,-0.06,-0.07,29462,19602655.0,2.18,14.29
2012-10-09,隆基绿能,601012,-0.08,-0.07,-0.08,-0.07,-0.08,34416,22714462.0,2.55,12.5
2012-10-08,隆基绿能,601012,-0.07,-0.07,-0.09,-0.08,-0.07,11567,7514805.0,0.86,-14.29
2012-09-28,隆基绿能,601012,-0.08,-0.07,-0.08,-0.07,-0.07,18141,11900682.0,1.34,0.0
2012-09-27,隆基绿能,601012,-0.1,-0.07,-0.1,-0.07,-0.09,17912,11663357.0,1.33,22.22
2012-09-26,隆基绿能,601012,-0.08,-0.08,-0.1,-0.09,-0.08,11362,7215489.0,0.84,-12.5
2012-09-25,隆基绿能,601012,-0.08,-0.07,-0.09,-0.08,-0.07,6011,3914631.0,0.45,-14.29
2012-09-24,隆基绿能,601012,-0.09,-0.07,-0.1,-0.07,-0.08,11269,7304097.0,0.83,12.5
2012-09-21,隆基绿能,601012,-0.09,-0.08,-0.09,-0.08,-0.09,11590,7449855.0,0.86,11.11
2012-09-20,隆基绿能,601012,-0.07,-0.07,-0.09,-0.09,-0.07,14254,9227950.0,1.06,-28.57
2012-09-19,隆基绿能,601012,-0.08,-0.07,-0.08,-0.07,-0.08,8334,5475971.0,0.62,12.5
2012-09-18,隆基绿能,601012,-0.07,-0.07,-0.08,-0.08,-0.07,13751,9057997.0,1.02,-14.29
2012-09-17,隆基绿能,601012,-0.05,-0.05,-0.08,-0.07,-0.04,24703,16522805.0,1.83,-75.0
2012-09-14,隆基绿能,601012,-0.03,-0.03,-0.05,-0.04,-0.04,34325,23691113.0,2.54,0.0
2012-09-13,隆基绿能,601012,-0.04,0.0,-0.04,-0.04,-0.04,63112,45123442.0,4.67,0.0
2012-09-12,隆基绿能,601012,-0.03,-0.03,-0.04,-0.04,-0.04,18213,12695115.0,1.35,0.0
2012-09-11,隆基绿能,601012,-0.03,-0.03,-0.04,-0.04,-0.03,24781,17232994.0,1.84,-33.33
2012-09-10,隆基绿能,601012,-0.05,-0.03,-0.06,-0.03,-0.05,47908,33146239.0,3.55,40.0
2012-09-07,隆基绿能,601012,-0.07,-0.05,-0.08,-0.05,-0.07,46222,31241527.0,3.42,28.57
2012-09-06,隆基绿能,601012,-0.09,-0.07,-0.09,-0.07,-0.09,13503,8796887.0,1.0,22.22
2012-09-05,隆基绿能,601012,-0.09,-0.08,-0.1,-0.09,-0.09,10655,6837861.0,0.79,0.0
2012-09-04,隆基绿能,601012,-0.07,-0.07,-0.09,-0.09,-0.07,17766,11514765.0,1.32,-28.57
2012-09-03,隆基绿能,601012,-0.08,-0.07,-0.08,-0.07,-0.08,8404,5516073.0,0.62,12.5
2012-08-31,隆基绿能,601012,-0.07,-0.07,-0.09,-0.08,-0.08,8770,5746086.0,0.65,0.0
2012-08-30,隆基绿能,601012,-0.07,-0.06,-0.09,-0.08,-0.07,12194,7952388.0,0.9,-14.29
2012-08-29,隆基绿能,601012,-0.08,-0.06,-0.08,-0.07,-0.08,10028,6655266.0,0.74,12.5
2012-08-28,隆基绿能,601012,-0.08,-0.07,-0.08,-0.08,-0.08,7647,5006595.0,0.57,0.0
2012-08-27,隆基绿能,601012,-0.06,-0.06,-0.09,-0.08,-0.06,14935,9752931.0,1.11,-33.33
2012-08-24,隆基绿能,601012,-0.04,-0.04,-0.06,-0.06,-0.04,16022,10851327.0,1.19,-50.0
2012-08-23,隆基绿能,601012,-0.05,-0.04,-0.06,-0.04,-0.05,19367,13236368.0,1.43,20.0
2012-08-22,隆基绿能,601012,-0.03,-0.03,-0.05,-0.05,-0.03,14555,10041568.0,1.08,-66.67
2012-08-21,隆基绿能,601012,-0.04,-0.03,-0.04,-0.03,-0.04,23092,16114243.0,1.71,25.0
2012-08-20,隆基绿能,601012,-0.04,-0.04,-0.05,-0.04,-0.04,9512,6539928.0,0.7,0.0
2012-08-17,隆基绿能,601012,-0.05,-0.03,-0.05,-0.04,-0.04,12256,8476276.0,0.91,0.0
2012-08-16,隆基绿能,601012,-0.03,-0.03,-0.05,-0.04,-0.03,11968,8323927.0,0.89,-33.33
2012-08-15,隆基绿能,601012,-0.04,-0.03,-0.05,-0.03,-0.04,26929,18779401.0,1.99,25.0
2012-08-14,隆基绿能,601012,-0.04,-0.03,-0.06,-0.04,-0.03,36030,24622174.0,2.67,-33.33
2012-08-13,隆基绿能,601012,-0.03,0.0,-0.03,-0.03,-0.03,79373,57089076.0,5.88,0.0
2012-08-10,隆基绿能,601012,-0.06,-0.02,-0.06,-0.03,-0.06,67252,46808188.0,4.98,50.0
2012-08-09,隆基绿能,601012,-0.06,-0.06,-0.07,-0.06,-0.07,25568,17123437.0,1.89,14.29
2012-08-08,隆基绿能,601012,-0.06,-0.05,-0.07,-0.07,-0.06,21793,14594641.0,1.61,-16.67
2012-08-07,隆基绿能,601012,-0.07,-0.04,-0.07,-0.06,-0.07,36980,24825229.0,2.74,14.29
2012-08-06,隆基绿能,601012,-0.08,-0.07,-0.09,-0.07,-0.07,30469,19913372.0,2.26,0.0
2012-08-03,隆基绿能,601012,-0.1,-0.07,-0.1,-0.07,-0.1,39767,25564690.0,2.95,30.0
2012-08-02,隆基绿能,601012,-0.1,-0.09,-0.1,-0.1,-0.1,17201,10886515.0,1.27,0.0
2012-08-01,隆基绿能,601012,-0.1,-0.09,-0.1,-0.1,-0.1,20175,12818321.0,1.49,0.0
2012-07-31,隆基绿能,601012,-0.07,-0.07,-0.1,-0.1,-0.07,25918,16504857.0,1.92,-42.86
2012-07-30,隆基绿能,601012,-0.03,-0.02,-0.08,-0.07,-0.03,24026,16216395.0,1.78,-133.33
2012-07-27,隆基绿能,601012,-0.03,-0.02,-0.03,-0.03,-0.03,5056,3580941.0,0.37,0.0
2012-07-26,隆基绿能,601012,-0.02,-0.02,-0.03,-0.03,-0.02,9055,6410431.0,0.67,-50.0
2012-07-25,隆基绿能,601012,-0.03,-0.01,-0.03,-0.02,-0.02,11763,8435701.0,0.87,0.0
2012-07-24,隆基绿能,601012,-0.03,-0.02,-0.03,-0.02,-0.03,8581,6078568.0,0.64,33.33
2012-07-23,隆基绿能,601012,-0.03,-0.02,-0.03,-0.03,-0.02,8395,5937847.0,0.62,-50.0
2012-07-20,隆基绿能,601012,-0.01,-0.01,-0.02,-0.02,-0.01,12173,8720093.0,0.9,-100.0
2012-07-19,隆基绿能,601012,-0.02,0.0,-0.02,-0.01,-0.02,15859,11478428.0,1.17,50.0
2012-07-18,隆基绿能,601012,-0.02,-0.02,-0.03,-0.02,-0.02,18907,13432598.0,1.4,0.0
2012-07-17,隆基绿能,601012,0.01,0.01,-0.03,-0.02,0.02,46501,33336418.0,3.44,-200.0
2012-07-16,隆基绿能,601012,0.1,0.1,0.02,0.02,0.1,48412,37440752.0,3.59,-80.0
2012-07-13,隆基绿能,601012,0.11,0.12,0.1,0.1,0.11,11024,9384544.0,0.82,-9.09
2012-07-12,隆基绿能,601012,0.13,0.14,0.1,0.11,0.13,24235,20664330.0,1.8,-15.38
2012-07-11,隆基绿能,601012,0.16,0.16,0.12,0.13,0.15,12355,10937004.0,0.92,-13.33
2012-07-10,隆基绿能,601012,0.15,0.16,0.15,0.15,0.15,13948,12625117.0,1.29,0.0
2012-07-09,隆基绿能,601012,0.17,0.17,0.14,0.15,0.17,12977,11719365.0,1.2,-11.76
2012-07-06,隆基绿能,601012,0.17,0.19,0.16,0.17,0.18,20647,18979304.0,1.91,-5.56
2012-07-05,隆基绿能,601012,0.16,0.18,0.15,0.18,0.17,20208,18494783.0,1.87,5.88
2012-07-04,隆基绿能,601012,0.14,0.18,0.14,0.17,0.15,32088,29150749.0,2.97,13.33
2012-07-03,隆基绿能,601012,0.12,0.15,0.12,0.15,0.13,18851,16618873.0,1.75,15.38
2012-07-02,隆基绿能,601012,0.14,0.14,0.12,0.13,0.13,12623,11006056.0,1.17,0.0
2012-06-29,隆基绿能,601012,0.12,0.14,0.11,0.13,0.12,12869,11162065.0,1.19,8.33
2012-06-28,隆基绿能,601012,0.16,0.17,0.12,0.12,0.16,20150,17849688.0,1.87,-25.0
2012-06-27,隆基绿能,601012,0.19,0.2,0.15,0.16,0.2,18278,16799990.0,1.69,-20.0
2012-06-26,隆基绿能,601012,0.17,0.2,0.17,0.2,0.19,6540,6149858.0,0.61,5.26
2012-06-25,隆基绿能,601012,0.21,0.21,0.18,0.19,0.2,10588,18236390.0,1.76,-5.0
2012-06-21,隆基绿能,601012,0.2,0.21,0.2,0.2,0.2,9198,15944883.0,1.53,0.0
2012-06-20,隆基绿能,601012,0.2,0.21,0.2,0.2,0.2,7676,13262645.0,1.28,0.0
2012-06-19,隆基绿能,601012,0.2,0.21,0.2,0.2,0.19,17746,30884747.0,2.96,5.26
2012-06-15,隆基绿能,601012,0.2,0.2,0.19,0.19,0.19,5268,9004840.0,0.88,0.0
2012-06-14,隆基绿能,601012,0.19,0.2,0.19,0.19,0.19,7176,12343126.0,1.2,0.0
2012-06-13,隆基绿能,601012,0.18,0.19,0.18,0.19,0.19,5460,9315816.0,0.91,0.0
2012-06-12,隆基绿能,601012,0.19,0.19,0.18,0.19,0.19,5324,9057242.0,0.89,0.0
2012-06-11,隆基绿能,601012,0.19,0.19,0.18,0.19,0.18,5539,9422734.0,0.92,5.56
2012-06-08,隆基绿能,601012,0.19,0.19,0.18,0.18,0.18,4860,8219975.0,0.81,0.0
2012-06-07,隆基绿能,601012,0.19,0.19,0.18,0.18,0.18,5149,8712387.0,0.86,0.0
2012-06-06,隆基绿能,601012,0.19,0.19,0.18,0.18,0.18,4282,7243588.0,0.71,0.0
2012-06-05,隆基绿能,601012,0.18,0.19,0.18,0.18,0.18,3903,6611011.0,0.65,0.0
2012-06-04,隆基绿能,601012,0.19,0.19,0.18,0.18,0.2,7846,13320400.0,1.31,-10.0
2012-06-01,隆基绿能,601012,0.21,0.21,0.19,0.2,0.2,8185,14125859.0,1.36,0.0
2012-05-31,隆基绿能,601012,0.2,0.21,0.2,0.2,0.2,8257,14355942.0,1.38,0.0
2012-05-30,隆基绿能,601012,0.2,0.21,0.2,0.2,0.19,14205,24715832.0,2.37,5.26
2012-05-28,隆基绿能,601012,0.19,0.19,0.18,0.19,0.19,7151,12142525.0,1.19,0.0
2012-05-25,隆基绿能,601012,0.2,0.21,0.19,0.19,0.2,9980,17092432.0,1.66,-5.0
2012-05-24,隆基绿能,601012,0.2,0.22,0.19,0.2,0.2,16616,29021423.0,2.77,0.0
2012-05-23,隆基绿能,601012,0.19,0.2,0.19,0.2,0.19,9048,15567375.0,1.51,5.26
2012-05-22,隆基绿能,601012,0.19,0.19,0.19,0.19,0.18,6513,11121700.0,1.09,5.56
2012-05-21,隆基绿能,601012,0.2,0.2,0.18,0.18,0.2,11875,20220371.0,1.98,-10.0
2012-05-18,隆基绿能,601012,0.2,0.2,0.19,0.2,0.2,10021,17260291.0,1.67,0.0
2012-05-17,隆基绿能,601012,0.2,0.21,0.2,0.2,0.2,10045,17388304.0,1.67,0.0
2012-05-16,隆基绿能,601012,0.21,0.22,0.2,0.2,0.21,12789,22217658.0,2.13,-4.76
2012-05-15,隆基绿能,601012,0.23,0.23,0.21,0.21,0.23,18731,33007673.0,3.12,-8.7
2012-05-14,隆基绿能,601012,0.24,0.24,0.23,0.23,0.24,9124,16382687.0,1.52,-4.17
2012-05-11,隆基绿能,601012,0.24,0.24,0.23,0.24,0.24,6279,11311050.0,1.05,0.0
2012-05-10,隆基绿能,601012,0.24,0.24,0.23,0.24,0.24,9377,16882745.0,1.56,0.0
2012-05-09,隆基绿能,601012,0.25,0.25,0.24,0.24,0.26,15891,28741112.0,2.65,-7.69
2012-05-08,隆基绿能,601012,0.25,0.26,0.25,0.26,0.25,16888,30867065.0,2.81,4.0
2012-05-07,隆基绿能,601012,0.24,0.25,0.24,0.25,0.24,16596,30050680.0,2.77,4.17
2012-05-04,隆基绿能,601012,0.23,0.24,0.23,0.24,0.24,15077,27158432.0,2.51,0.0
2012-05-03,隆基绿能,601012,0.24,0.25,0.23,0.24,0.25,14561,26189635.0,2.43,-4.0
2012-05-02,隆基绿能,601012,0.24,0.25,0.23,0.25,0.25,33930,61061255.0,5.66,0.0
2012-04-27,隆基绿能,601012,0.24,0.25,0.24,0.25,0.24,10815,19613355.0,1.8,4.17
2012-04-26,隆基绿能,601012,0.24,0.25,0.24,0.24,0.24,15936,29013252.0,2.66,0.0
2012-04-25,隆基绿能,601012,0.24,0.25,0.23,0.24,0.25,17289,31150446.0,2.88,-4.0
2012-04-24,隆基绿能,601012,0.25,0.26,0.23,0.25,0.26,27687,49957200.0,4.61,-3.85
2012-04-23,隆基绿能,601012,0.29,0.29,0.25,0.26,0.29,35875,66878505.0,5.98,-10.34
2012-04-20,隆基绿能,601012,0.29,0.3,0.29,0.29,0.29,21776,41416322.0,3.63,0.0
2012-04-19,隆基绿能,601012,0.29,0.3,0.28,0.29,0.3,24204,46124277.0,4.03,-3.33
2012-04-18,隆基绿能,601012,0.28,0.3,0.28,0.3,0.28,32794,62331897.0,5.47,7.14
2012-04-17,隆基绿能,601012,0.31,0.32,0.28,0.28,0.31,44861,85410868.0,7.48,-9.68
2012-04-16,隆基绿能,601012,0.33,0.33,0.31,0.31,0.33,40849,80011656.0,6.81,-6.06
2012-04-13,隆基绿能,601012,0.31,0.33,0.31,0.33,0.31,67896,132960266.0,11.32,6.45
2012-04-12,隆基绿能,601012,0.31,0.32,0.3,0.31,0.33,83715,162046467.0,13.95,-6.06
2012-04-11,隆基绿能,601012,0.32,0.35,0.31,0.33,,141973,281480528.0,23.66,-15.38
